average_semester_fee,student_amount,lecturer_amount,institution_name,faculty,edu_level,accreditation,body_type,province,campus_accreditation,klaster
3700000.0,7982.0,199.0,IKIP PGRI PONTIANAK,FAKULTAS ILMU PENDIDIKAN DAN PENGETAHUAN SOSIAL,S1,B,SWASTA,KALIMANTAN,B,2
3700000.0,7982.0,199.0,IKIP PGRI PONTIANAK,FAKULTAS MIPA DAN TEKNOLOGI,S1,B,SWASTA,KALIMANTAN,B,2
8000000.0,3106.0,114.0,INSTITUT BISNIS DAN INFORMATIKA KESATUAN,BISNIS,S1,UNGGUL,SWASTA,JAWA BARAT,B,2
8000000.0,3106.0,114.0,INSTITUT BISNIS DAN INFORMATIKA KESATUAN,BISNIS,S1,BAIK,SWASTA,JAWA BARAT,B,2
8000000.0,3106.0,114.0,INSTITUT BISNIS DAN INFORMATIKA KESATUAN,BISNIS,S1,BAIK SEKALI,SWASTA,JAWA BARAT,B,3
8000000.0,3106.0,114.0,INSTITUT BISNIS DAN INFORMATIKA KESATUAN,INFORMATIKA & PARIWISATA,S1,BAIK,SWASTA,JAWA BARAT,B,2
8000000.0,3106.0,114.0,INSTITUT BISNIS DAN INFORMATIKA KESATUAN,INFORMATIKA & PARIWISATA,S1,BAIK,SWASTA,JAWA BARAT,B,2
14500000.0,2784.0,102.0,INSTITUT BISNIS DAN INFORMATIKA KWIK KIAN GIE,SARJANA,S1,UNGGUL,SWASTA,D.K.I. JAKARTA,BAIK SEKALI,3
14500000.0,2784.0,102.0,INSTITUT BISNIS DAN INFORMATIKA KWIK KIAN GIE,SARJANA,S1,A,SWASTA,D.K.I. JAKARTA,BAIK SEKALI,3
14500000.0,2784.0,102.0,INSTITUT BISNIS DAN INFORMATIKA KWIK KIAN GIE,SARJANA,S1,B,SWASTA,D.K.I. JAKARTA,BAIK SEKALI,2
14500000.0,2784.0,102.0,INSTITUT BISNIS DAN INFORMATIKA KWIK KIAN GIE,SARJANA,S1,B,SWASTA,D.K.I. JAKARTA,BAIK SEKALI,2
14500000.0,2784.0,102.0,INSTITUT BISNIS DAN INFORMATIKA KWIK KIAN GIE,SARJANA,S1,A,SWASTA,D.K.I. JAKARTA,BAIK SEKALI,3
14500000.0,2784.0,102.0,INSTITUT BISNIS DAN INFORMATIKA KWIK KIAN GIE,SARJANA,S1,B,SWASTA,D.K.I. JAKARTA,BAIK SEKALI,2
7236250.0,2084.0,87.0,INSTITUT BISNIS NUSANTARA,FAKULTAS EKONOMI,S1,B,SWASTA,D.K.I. JAKARTA,BAIK,2
7236250.0,2084.0,87.0,INSTITUT BISNIS NUSANTARA,FAKULTAS KOMUNIKASI,S1,B,SWASTA,D.K.I. JAKARTA,BAIK,2
7236250.0,2084.0,87.0,INSTITUT BISNIS NUSANTARA,FAKULTAS EKONOMI,S1,B,SWASTA,D.K.I. JAKARTA,BAIK,2
7236250.0,2084.0,87.0,INSTITUT BISNIS NUSANTARA,FAKULTAS KOMPUTER,S1,C,SWASTA,D.K.I. JAKARTA,BAIK,2
12000000.0,4453.0,223.0,INSTITUT ILMU KESEHATAN BHAKTI WIYATA KEDIRI,TEKNOLOGI DAN MANAJEMEN KESEHATAN,S1,BAIK,SWASTA,JAWA TIMUR,UNGGUL,3
12000000.0,4453.0,223.0,INSTITUT ILMU KESEHATAN BHAKTI WIYATA KEDIRI,FARMASI,S1,BAIK SEKALI,SWASTA,JAWA TIMUR,UNGGUL,3
12000000.0,4453.0,223.0,INSTITUT ILMU KESEHATAN BHAKTI WIYATA KEDIRI,KESEHATAN,S1,BAIK,SWASTA,JAWA TIMUR,UNGGUL,3
12000000.0,4453.0,223.0,INSTITUT ILMU KESEHATAN BHAKTI WIYATA KEDIRI,KESEHATAN,S1,BAIK SEKALI,SWASTA,JAWA TIMUR,UNGGUL,3
12000000.0,4453.0,223.0,INSTITUT ILMU KESEHATAN BHAKTI WIYATA KEDIRI,KESEHATAN,S1,BAIK,SWASTA,JAWA TIMUR,UNGGUL,3
12000000.0,4453.0,223.0,INSTITUT ILMU KESEHATAN BHAKTI WIYATA KEDIRI,KEDOKTERAN GIGI,S1,BAIK SEKALI,SWASTA,JAWA TIMUR,UNGGUL,3
12000000.0,4453.0,223.0,INSTITUT ILMU KESEHATAN BHAKTI WIYATA KEDIRI,KESEHATAN,S1,BAIK SEKALI,SWASTA,JAWA TIMUR,UNGGUL,3
12000000.0,4453.0,223.0,INSTITUT ILMU KESEHATAN BHAKTI WIYATA KEDIRI,TEKNOLOGI DAN MANAJEMEN KESEHATAN,S1,UNGGUL,SWASTA,JAWA TIMUR,UNGGUL,3
12000000.0,4453.0,223.0,INSTITUT ILMU KESEHATAN BHAKTI WIYATA KEDIRI,KESEHATAN,S1,BAIK,SWASTA,JAWA TIMUR,UNGGUL,3
8000000.0,3798.0,3798.0,INSTITUT ILMU SOSIAL DAN ILMU POLITIK JAKARTA,FAKULTAS ILMU SOSIAL DAN ILMU POLITIK,S1,A,SWASTA,D.K.I. JAKARTA,BAIK,2
8000000.0,3798.0,3798.0,INSTITUT ILMU SOSIAL DAN ILMU POLITIK JAKARTA,FAKULTAS ILMU KOMUNIKASI,S1,B,SWASTA,D.K.I. JAKARTA,BAIK,2
8000000.0,3798.0,3798.0,INSTITUT ILMU SOSIAL DAN ILMU POLITIK JAKARTA,FAKULTAS ILMU SOSIAL DAN ILMU POLITIK,S1,B,SWASTA,D.K.I. JAKARTA,BAIK,2
8000000.0,3798.0,3798.0,INSTITUT ILMU SOSIAL DAN ILMU POLITIK JAKARTA,FAKULTAS ILMU SOSIAL DAN ILMU POLITIK,S1,B,SWASTA,D.K.I. JAKARTA,BAIK,2
5126000.0,5821.0,5821.0,INSTITUT INFORMATIKA DAN BISNIS DARMAJAYA,FAKULTAS BISNIS DAN EKONOMI,S1,B,SWASTA,LAMPUNG,BAIK SEKALI,2
5126000.0,5821.0,5821.0,INSTITUT INFORMATIKA DAN BISNIS DARMAJAYA,FAKULTAS ILMU KOMPUTER,S1,B,SWASTA,LAMPUNG,BAIK SEKALI,2
5126000.0,5821.0,5821.0,INSTITUT INFORMATIKA DAN BISNIS DARMAJAYA,FAKULTAS ILMU KOMPUTER,S1,B,SWASTA,LAMPUNG,BAIK SEKALI,2
5126000.0,5821.0,5821.0,INSTITUT INFORMATIKA DAN BISNIS DARMAJAYA,FAKULTAS BISNIS DAN EKONOMI,S1,B,SWASTA,LAMPUNG,BAIK SEKALI,2
5126000.0,5821.0,5821.0,INSTITUT INFORMATIKA DAN BISNIS DARMAJAYA,FAKULTAS ILMU KOMPUTER,S1,C,SWASTA,LAMPUNG,BAIK SEKALI,3
7500000.0,230.0,42.0,INSTITUT KESEHATAN INDONESIA,KESEHATAN LINGKUNGAN,S1,B,SWASTA,DKI JAKARTA,BAIK,2
7500000.0,230.0,42.0,INSTITUT KESEHATAN INDONESIA,PSIKOLOGI,S1,BAIK,SWASTA,DKI JAKARTA,BAIK,3
3500000.0,1548.0,43.0,INSTITUT PENDIDIKAN DAN BAHASA INVADA,SARJANA,S1,BAIK,SWASTA,JAWA BARAT,B,2
3500000.0,1548.0,43.0,INSTITUT PENDIDIKAN DAN BAHASA INVADA,SARJANA,S1,B,SWASTA,JAWA BARAT,B,2
3500000.0,1548.0,43.0,INSTITUT PENDIDIKAN DAN BAHASA INVADA,SARJANA,S1,B,SWASTA,JAWA BARAT,B,2
5178125.0,3374.0,111.0,INSTITUT PERTANIAN STIPER,PERTANIAN,S1,A,SWASTA,D.I. YOGYAKARTA,B,1
5178125.0,3374.0,111.0,INSTITUT PERTANIAN STIPER,PERTANIAN,S1,A,SWASTA,D.I. YOGYAKARTA,B,1
5178125.0,3374.0,111.0,INSTITUT PERTANIAN STIPER,KEHUTANAN,S1,B,SWASTA,D.I. YOGYAKARTA,B,2
5178125.0,3374.0,111.0,INSTITUT PERTANIAN STIPER,TEKNOLOGI PERTANIAN,S1,B,SWASTA,D.I. YOGYAKARTA,B,2
3850000.0,371.0,67.0,INSTITUT SAINS DAN TEKNOLOGI AL-KAMAL,FAKULTAS SAINS DAN TEKNOLOGI,S1,BAIK,SWASTA,D.K.I. JAKARTA,BAIK,2
3850000.0,371.0,67.0,INSTITUT SAINS DAN TEKNOLOGI AL-KAMAL,FAKULTAS SAINS DAN TEKNOLOGI,S1,BAIK,SWASTA,D.K.I. JAKARTA,BAIK,2
3850000.0,371.0,67.0,INSTITUT SAINS DAN TEKNOLOGI AL-KAMAL,FAKULTAS TEKNOLOGI INFORMASI DAN KOMUNIKASI VISUAL,S1,BAIK,SWASTA,D.K.I. JAKARTA,BAIK,2
3850000.0,371.0,67.0,INSTITUT SAINS DAN TEKNOLOGI AL-KAMAL,FAKULTAS SAINS DAN TEKNOLOGI,S1,BAIK SEKALI,SWASTA,D.K.I. JAKARTA,BAIK,3
3850000.0,371.0,67.0,INSTITUT SAINS DAN TEKNOLOGI AL-KAMAL,FAKULTAS SAINS DAN TEKNOLOGI,S1,BAIK,SWASTA,D.K.I. JAKARTA,BAIK,2
3850000.0,371.0,67.0,INSTITUT SAINS DAN TEKNOLOGI AL-KAMAL,FAKULTAS SAINS DAN TEKNOLOGI,S1,BAIK,SWASTA,D.K.I. JAKARTA,BAIK,2
3850000.0,371.0,67.0,INSTITUT SAINS DAN TEKNOLOGI AL-KAMAL,FAKULTAS TEKNOLOGI INFORMASI DAN KOMUNIKASI VISUAL,S1,BAIK,SWASTA,D.K.I. JAKARTA,BAIK,2
27750000.0,2994.0,120.0,INSTITUT SAINS DAN TEKNOLOGI NASIONAL,FAKULTAS TEKNIK SIPIL DAN PERENCANAAN,S1,B,SWASTA,D.K.I. JAKARTA,B,2
27750000.0,2994.0,120.0,INSTITUT SAINS DAN TEKNOLOGI NASIONAL,FAKULTAS TEKNOLOGI INDUSTRI,S1,B,SWASTA,D.K.I. JAKARTA,B,2
27750000.0,2994.0,120.0,INSTITUT SAINS DAN TEKNOLOGI NASIONAL,FAKULTAS FARMASI,S1,B,SWASTA,D.K.I. JAKARTA,B,2
27750000.0,2994.0,120.0,INSTITUT SAINS DAN TEKNOLOGI NASIONAL,FAKULTAS SAINS DAN TEKNOLOGI INFORMASI,S1,BAIK,SWASTA,D.K.I. JAKARTA,B,2
27750000.0,2994.0,120.0,INSTITUT SAINS DAN TEKNOLOGI NASIONAL,FAKULTAS SAINS DAN TEKNOLOGI INFORMASI,S1,C,SWASTA,D.K.I. JAKARTA,B,2
27750000.0,2994.0,120.0,INSTITUT SAINS DAN TEKNOLOGI NASIONAL,FAKULTAS SAINS DAN TEKNOLOGI INFORMASI,S1,BAIK,SWASTA,D.K.I. JAKARTA,B,2
27750000.0,2994.0,120.0,INSTITUT SAINS DAN TEKNOLOGI NASIONAL,FAKULTAS TEKNOLOGI INDUSTRI,S1,B,SWASTA,D.K.I. JAKARTA,B,2
27750000.0,2994.0,120.0,INSTITUT SAINS DAN TEKNOLOGI NASIONAL,FAKULTAS TEKNIK SIPIL DAN PERENCANAAN,S1,B,SWASTA,D.K.I. JAKARTA,B,2
27750000.0,2994.0,120.0,INSTITUT SAINS DAN TEKNOLOGI NASIONAL,FAKULTAS SAINS DAN TEKNOLOGI INFORMASI,S1,C,SWASTA,D.K.I. JAKARTA,B,2
14100000.0,1049.0,72.0,INSTITUT SAINS DAN TEKNOLOGI TERPADU SURABAYA,DESAIN,S1,BAIK,SWASTA,JAWA TIMUR,B,3
14100000.0,1049.0,72.0,INSTITUT SAINS DAN TEKNOLOGI TERPADU SURABAYA,DESAIN,S1,BAIK,SWASTA,JAWA TIMUR,B,3
14100000.0,1049.0,72.0,INSTITUT SAINS DAN TEKNOLOGI TERPADU SURABAYA,SAINS DAN TEKNOLOGI,S1,BAIK,SWASTA,JAWA TIMUR,B,3
14100000.0,1049.0,72.0,INSTITUT SAINS DAN TEKNOLOGI TERPADU SURABAYA,SAINS DAN TEKNOLOGI,S1,B,SWASTA,JAWA TIMUR,B,2
14100000.0,1049.0,72.0,INSTITUT SAINS DAN TEKNOLOGI TERPADU SURABAYA,SAINS DAN TEKNOLOGI,S1,UNGGUL,SWASTA,JAWA TIMUR,B,3
14100000.0,1049.0,72.0,INSTITUT SAINS DAN TEKNOLOGI TERPADU SURABAYA,SAINS DAN TEKNOLOGI,S1,BAIK SEKALI,SWASTA,JAWA TIMUR,B,3
7300000.0,7493.0,165.0,INSTITUT TEKNOLOGI ADHI TAMA SURABAYA,FAKULTAS TEKNIK SIPIL DAN PERENCANAAN,S1,B,SWASTA,JAWA TIMUR,BAIK SEKALI,3
7300000.0,7493.0,165.0,INSTITUT TEKNOLOGI ADHI TAMA SURABAYA,FAKULTAS TEKNIK SIPIL DAN PERENCANAAN,S1,C,SWASTA,JAWA TIMUR,BAIK SEKALI,3
7300000.0,7493.0,165.0,INSTITUT TEKNOLOGI ADHI TAMA SURABAYA,FAKULTAS TEKNIK ELEKTRO DAN TEKNIK INFORMATIKA,S1,B,SWASTA,JAWA TIMUR,BAIK SEKALI,3
7300000.0,7493.0,165.0,INSTITUT TEKNOLOGI ADHI TAMA SURABAYA,FAKULTAS TEKNOLOGI INDUSTRI,S1,C,SWASTA,JAWA TIMUR,BAIK SEKALI,3
7300000.0,7493.0,165.0,INSTITUT TEKNOLOGI ADHI TAMA SURABAYA,FAKULTAS TEKNIK ELEKTRO DAN TEKNIK INFORMATIKA,S1,C,SWASTA,JAWA TIMUR,BAIK SEKALI,3
7300000.0,7493.0,165.0,INSTITUT TEKNOLOGI ADHI TAMA SURABAYA,FAKULTAS TEKNOLOGI INDUSTRI,S1,B,SWASTA,JAWA TIMUR,BAIK SEKALI,3
7300000.0,7493.0,165.0,INSTITUT TEKNOLOGI ADHI TAMA SURABAYA,FAKULTAS TEKNIK SIPIL DAN PERENCANAAN,S1,B,SWASTA,JAWA TIMUR,BAIK SEKALI,3
7300000.0,7493.0,165.0,INSTITUT TEKNOLOGI ADHI TAMA SURABAYA,FAKULTAS TEKNOLOGI INDUSTRI,S1,B,SWASTA,JAWA TIMUR,BAIK SEKALI,3
7300000.0,7493.0,165.0,INSTITUT TEKNOLOGI ADHI TAMA SURABAYA,FAKULTAS TEKNOLOGI MINERAL DAN KELAUTAN,S1,C,SWASTA,JAWA TIMUR,BAIK SEKALI,3
7300000.0,7493.0,165.0,INSTITUT TEKNOLOGI ADHI TAMA SURABAYA,FAKULTAS TEKNIK SIPIL DAN PERENCANAAN,S1,B,SWASTA,JAWA TIMUR,BAIK SEKALI,3
7300000.0,7493.0,165.0,INSTITUT TEKNOLOGI ADHI TAMA SURABAYA,FAKULTAS TEKNIK ELEKTRO DAN TEKNIK INFORMATIKA,S1,C,SWASTA,JAWA TIMUR,BAIK SEKALI,3
6500000.0,636.0,91.0,INSTITUT TEKNOLOGI DAN SAINS BANDUNG,FAKULTAS TEKNIK DAN DESAIN,S1,C,SWASTA,JAWA BARAT,C,3
6500000.0,636.0,91.0,INSTITUT TEKNOLOGI DAN SAINS BANDUNG,FAKULTAS TEKNIK DAN DESAIN,S1,B,SWASTA,JAWA BARAT,C,2
6500000.0,636.0,91.0,INSTITUT TEKNOLOGI DAN SAINS BANDUNG,FAKULTAS TEKNIK DAN DESAIN,S1,C,SWASTA,JAWA BARAT,C,3
6500000.0,636.0,91.0,INSTITUT TEKNOLOGI DAN SAINS BANDUNG,FAKULTAS TEKNIK DAN DESAIN,S1,C,SWASTA,JAWA BARAT,C,3
4600000.0,1772.0,44.0,INSTITUT TEKNOLOGI DAN SAINS MANDALA,EKONOMI DAN BISNIS,S1,BAIK SEKALI,SWASTA,JAWA TIMUR,BAIK SEKALI,3
4600000.0,1772.0,44.0,INSTITUT TEKNOLOGI DAN SAINS MANDALA,EKONOMI DAN BISNIS,S1,BAIK SEKALI,SWASTA,JAWA TIMUR,BAIK SEKALI,3
4600000.0,1772.0,44.0,INSTITUT TEKNOLOGI DAN SAINS MANDALA,EKONOMI DAN BISNIS,S1,BAIK SEKALI,SWASTA,JAWA TIMUR,BAIK SEKALI,3
4600000.0,1772.0,44.0,INSTITUT TEKNOLOGI DAN SAINS MANDALA,"SAINS, TEKNOLOGI, DAN INDUSTRI",S1,BAIK,SWASTA,JAWA TIMUR,BAIK SEKALI,3
4600000.0,1772.0,44.0,INSTITUT TEKNOLOGI DAN SAINS MANDALA,"SAINS, TEKNOLOGI, DAN INDUSTRI",S1,BAIK,SWASTA,JAWA TIMUR,BAIK SEKALI,3
121700000.0,924.0,924.0,INSTITUT TEKNOLOGI HARAPAN BANGSA,TEKNIK INDUSTRI,S1,B,SWASTA,JAWA BARAT,BAIK SEKALI,4
121700000.0,924.0,924.0,INSTITUT TEKNOLOGI HARAPAN BANGSA,TEKNOLOGI INFORMASI,S1,B,SWASTA,JAWA BARAT,BAIK SEKALI,4
7000000.0,3590.0,99.0,INSTITUT TEKNOLOGI INDONESIA,FAKULTAS TEKNIK SIPIL DAN PERENCANAAN,S1,B,SWASTA,BANTEN,BAIK SEKALI,3
7000000.0,3590.0,99.0,INSTITUT TEKNOLOGI INDONESIA,FAKULTAS TEKNOLOGI INDUSTRI,S1,B,SWASTA,BANTEN,BAIK SEKALI,3
7000000.0,3590.0,99.0,INSTITUT TEKNOLOGI INDONESIA,FAKULTAS TEKNOLOGI INDUSTRI,S1,B,SWASTA,BANTEN,BAIK SEKALI,3
7000000.0,3590.0,99.0,INSTITUT TEKNOLOGI INDONESIA,FAKULTAS TEKNOLOGI INDUSTRI,S1,B,SWASTA,BANTEN,BAIK SEKALI,3
7000000.0,3590.0,99.0,INSTITUT TEKNOLOGI INDONESIA,FAKULTAS TEKNOLOGI INDUSTRI,S1,B,SWASTA,BANTEN,BAIK SEKALI,3
7000000.0,3590.0,99.0,INSTITUT TEKNOLOGI INDONESIA,FAKULTAS EKONOMI,S1,C,SWASTA,BANTEN,BAIK SEKALI,3
7000000.0,3590.0,99.0,INSTITUT TEKNOLOGI INDONESIA,FAKULTAS TEKNOLOGI INDUSTRI,S1,B,SWASTA,BANTEN,BAIK SEKALI,3
7000000.0,3590.0,99.0,INSTITUT TEKNOLOGI INDONESIA,FAKULTAS TEKNIK SIPIL DAN PERENCANAAN,S1,C,SWASTA,BANTEN,BAIK SEKALI,3
7000000.0,3590.0,99.0,INSTITUT TEKNOLOGI INDONESIA,FAKULTAS PERTANIAN,S1,B,SWASTA,BANTEN,BAIK SEKALI,3
7000000.0,3590.0,99.0,INSTITUT TEKNOLOGI INDONESIA,FAKULTAS TEKNIK SIPIL DAN PERENCANAAN,S1,B,SWASTA,BANTEN,BAIK SEKALI,3
12275000.0,5212.0,201.0,INSTITUT TEKNOLOGI NASIONAL MALANG,FAKULTAS TEKNIK SIPIL DAN PERENCANAAN,S1,B,SWASTA,JAWA TIMUR,B,2
12275000.0,5212.0,201.0,INSTITUT TEKNOLOGI NASIONAL MALANG,FAKULTAS TEKNOLOGI INDUSTRI,S1,BAIK SEKALI,SWASTA,JAWA TIMUR,B,3
12275000.0,5212.0,201.0,INSTITUT TEKNOLOGI NASIONAL MALANG,FAKULTAS TEKNOLOGI INDUSTRI,S1,B,SWASTA,JAWA TIMUR,B,2
12275000.0,5212.0,201.0,INSTITUT TEKNOLOGI NASIONAL MALANG,FAKULTAS TEKNIK SIPIL DAN PERENCANAAN,S1,B,SWASTA,JAWA TIMUR,B,2
12275000.0,5212.0,201.0,INSTITUT TEKNOLOGI NASIONAL MALANG,FAKULTAS TEKNOLOGI INDUSTRI,S1,B,SWASTA,JAWA TIMUR,B,2
12275000.0,5212.0,201.0,INSTITUT TEKNOLOGI NASIONAL MALANG,FAKULTAS TEKNOLOGI INDUSTRI,S1,C,SWASTA,JAWA TIMUR,B,3
12275000.0,5212.0,201.0,INSTITUT TEKNOLOGI NASIONAL MALANG,FAKULTAS TEKNOLOGI INDUSTRI,S1,B,SWASTA,JAWA TIMUR,B,2
12275000.0,5212.0,201.0,INSTITUT TEKNOLOGI NASIONAL MALANG,FAKULTAS TEKNIK SIPIL DAN PERENCANAAN,S1,B,SWASTA,JAWA TIMUR,B,2
12275000.0,5212.0,201.0,INSTITUT TEKNOLOGI NASIONAL MALANG,FAKULTAS TEKNOLOGI INDUSTRI,S1,B,SWASTA,JAWA TIMUR,B,2
12275000.0,5212.0,201.0,INSTITUT TEKNOLOGI NASIONAL MALANG,FAKULTAS TEKNIK SIPIL DAN PERENCANAAN,S1,B,SWASTA,JAWA TIMUR,B,2
12275000.0,5212.0,201.0,INSTITUT TEKNOLOGI NASIONAL MALANG,FAKULTAS TEKNIK SIPIL DAN PERENCANAAN,S1,B,SWASTA,JAWA TIMUR,B,2
7000000.0,2919.0,83.0,INSTITUT TEKNOLOGI PADANG,FAKULTAS TEKNIK,S1,BAIK SEKALI,SWASTA,SUMATERA BARAT,B,3
7000000.0,2919.0,83.0,INSTITUT TEKNOLOGI PADANG,FAKULTAS TEKNIK,S1,BAIK SEKALI,SWASTA,SUMATERA BARAT,B,3
7000000.0,2919.0,83.0,INSTITUT TEKNOLOGI PADANG,FAKULTAS TEKNIK,S1,B,SWASTA,SUMATERA BARAT,B,2
7000000.0,2919.0,83.0,INSTITUT TEKNOLOGI PADANG,FAKULTAS TEKNIK,S1,BAIK,SWASTA,SUMATERA BARAT,B,2
7000000.0,2919.0,83.0,INSTITUT TEKNOLOGI PADANG,FAKULTAS TEKNIK,S1,BAIK SEKALI,SWASTA,SUMATERA BARAT,B,3
7000000.0,2919.0,83.0,INSTITUT TEKNOLOGI PADANG,FAKULTAS TEKNIK,S1,BAIK SEKALI,SWASTA,SUMATERA BARAT,B,3
6300000.0,1339.0,60.0,INSTITUT TEKNOLOGI YOGYAKARTA,FAKULTAS TEKNIK INDUSTRI,S1,BAIK SEKALI,SWASTA,D.I. YOGYAKARTA,BAIK,3
6300000.0,1339.0,60.0,INSTITUT TEKNOLOGI YOGYAKARTA,FAKULTAS TEKNOLOGI SUMBER DAYA ALAM,S1,BAIK,SWASTA,D.I. YOGYAKARTA,BAIK,1
6300000.0,1339.0,60.0,INSTITUT TEKNOLOGI YOGYAKARTA,FAKULTAS TEKNIK LINGKUNGAN,S1,B,SWASTA,D.I. YOGYAKARTA,BAIK,2
6300000.0,1339.0,60.0,INSTITUT TEKNOLOGI YOGYAKARTA,FAKULTAS TEKNOLOGI SUMBER DAYA ALAM,S1,BAIK,SWASTA,D.I. YOGYAKARTA,BAIK,1
7500000.0,700.0,30.0,SEKOLAH TINGGI BAHASA ASING JIA,BAHASA ASING,S1,BAIK,SWASTA,JAWA BARAT,BAIK,3
7500000.0,700.0,30.0,SEKOLAH TINGGI BAHASA ASING JIA,BAHASA ASING,S1,BAIK,SWASTA,JAWA BARAT,BAIK,3
5475000.0,348.0,15.0,SEKOLAH TINGGI BAHASA ASING LIA YOGYAKARTA,SASTRA INGGRIS,S1,B,SWASTA,D.I. YOGYAKARTA,B,2
9450000.0,842.0,30.0,SEKOLAH TINGGI DESAIN INTERSTUDI,DESAIN,S1,BAIK,SWASTA,D.K.I. JAKARTA,B,2
9450000.0,842.0,30.0,SEKOLAH TINGGI DESAIN INTERSTUDI,DESAIN,S1,B,SWASTA,D.K.I. JAKARTA,B,2
10225000.0,384.0,31.0,SEKOLAH TINGGI FILSAFAT DRIYARKARA,FAKULTAS ILMU FILSAFAT,S1,UNGGUL,SWASTA,D.K.I. JAKARTA,UNGGUL,2
10225000.0,384.0,31.0,SEKOLAH TINGGI FILSAFAT DRIYARKARA,FAKULTAS ILMU FILSAFAT,S1,UNGGUL,SWASTA,D.K.I. JAKARTA,UNGGUL,2
13035000.0,260.0,19.0,SEKOLAH TINGGI FILSAFAT THEOLOGI JAKARTA,PROGRAM SARJANA,S1,A,SWASTA,D.K.I. JAKARTA,B,2
7500000.0,1611.0,39.0,SEKOLAH TINGGI HUKUM BANDUNG,HUKUM,S1,A,SWASTA,JAWA BARAT,A,1
10000000.0,267.0,25.0,SEKOLAH TINGGI ILMU EKONOMI CIREBON,SARJANA,S1,BAIK,SWASTA,JAWA BARAT,BAIK,3
10000000.0,267.0,25.0,SEKOLAH TINGGI ILMU EKONOMI CIREBON,SARJANA,S1,BAIK,SWASTA,JAWA BARAT,BAIK,3
5500000.0,3451.0,108.0,SEKOLAH TINGGI ILMU EKONOMI INDONESIA SURABAYA,ILMU EKONOMI,S1,UNGGUL,SWASTA,JAWA TIMUR,B,3
5500000.0,3451.0,108.0,SEKOLAH TINGGI ILMU EKONOMI INDONESIA SURABAYA,ILMU EKONOMI,S1,UNGGUL,SWASTA,JAWA TIMUR,B,3
4000000.0,1272.0,41.0,SEKOLAH TINGGI ILMU EKONOMI INSAN PEMBANGUNAN,MANAJEMEN,S1,B,SWASTA,JAWA BARAT,BAIK,2
5050000.0,8060.0,172.0,SEKOLAH TINGGI ILMU EKONOMI MAHARDHIKA,ILMU EKONOMI,S1,BAIK SEKALI,SWASTA,JAWA TIMUR,B,3
5050000.0,8060.0,172.0,SEKOLAH TINGGI ILMU EKONOMI MAHARDHIKA,ILMU EKONOMI,S1,BAIK SEKALI,SWASTA,JAWA TIMUR,B,3
5020000.0,897.0,15.0,SEKOLAH TINGGI ILMU EKONOMI MULIA PRATAMA,ILMU EKONOMI,S1,BAIK,SWASTA,JAWA BARAT,BAIK,3
5020000.0,897.0,15.0,SEKOLAH TINGGI ILMU EKONOMI MULIA PRATAMA,ILMU EKONOMI,S1,BAIK,SWASTA,JAWA BARAT,BAIK,3
2550000.0,959.0,23.0,SEKOLAH TINGGI ILMU EKONOMI SURAKARTA,ILMU EKONOMI,S1,BAIK SEKALI,SWASTA,JAWA TENGAH,B,3
2550000.0,959.0,23.0,SEKOLAH TINGGI ILMU EKONOMI SURAKARTA,ILMU EKONOMI,S1,BAIK SEKALI,SWASTA,JAWA TENGAH,B,3
2900000.0,2045.0,49.0,SEKOLAH TINGGI ILMU EKONOMI WIDYA GAMA,ILMU EKONOMI,S1,B,SWASTA,JAWA TIMUR,BAIK,3
3125000.0,1759.0,60.0,SEKOLAH TINGGI ILMU EKONOMI WIDYA WIWAHA,ILMU EKONOMI,S1,BAIK SEKALI,SWASTA,D.I. YOGYAKARTA,B,3
3125000.0,1759.0,60.0,SEKOLAH TINGGI ILMU EKONOMI WIDYA WIWAHA,ILMU EKONOMI,S1,BAIK SEKALI,SWASTA,D.I. YOGYAKARTA,B,3
7000000.0,2725.0,76.0,SEKOLAH TINGGI ILMU EKONOMI YKPN,AKUNTANSI,S1,A,SWASTA,D.I. YOGYAKARTA,UNGGUL,1
7000000.0,2725.0,76.0,SEKOLAH TINGGI ILMU EKONOMI YKPN,MANAJEMEN,S1,A,SWASTA,D.I. YOGYAKARTA,UNGGUL,1
10425000.0,246.0,12.0,SEKOLAH TINGGI ILMU KESEHATAN AHMAD DAHLAN CIREBON,SARJANA,S1,BAIK,SWASTA,JAWA BARAT,BAIK,3
4500000.0,175.0,29.0,SEKOLAH TINGGI ILMU KESEHATAN ARTHA BODHI ISWARA,SARJANA,S1,BAIK,SWASTA,JAWA TIMUR,B,3
7725000.0,598.0,31.0,SEKOLAH TINGGI ILMU KESEHATAN KEPANJEN,SARJANA,S1,BAIK,SWASTA,JAWA TIMUR,BAIK SEKALI,3
7725000.0,598.0,31.0,SEKOLAH TINGGI ILMU KESEHATAN KEPANJEN,SARJANA,S1,BAIK SEKALI,SWASTA,JAWA TIMUR,BAIK SEKALI,3
3375000.0,772.0,34.0,SEKOLAH TINGGI ILMU KESEHATAN MAHARANI,SARJANA,S1,BAIK SEKALI,SWASTA,JAWA TIMUR,B,3
5850000.0,866.0,50.0,SEKOLAH TINGGI ILMU KESEHATAN MAHARDIKA CIREBON,SARJANA,S1,BAIK SEKALI,SWASTA,JAWA BARAT,BAIK,3
5850000.0,866.0,50.0,SEKOLAH TINGGI ILMU KESEHATAN MAHARDIKA CIREBON,SARJANA,S1,BAIK SEKALI,SWASTA,JAWA BARAT,BAIK,3
11400000.0,1005.0,48.0,SEKOLAH TINGGI ILMU KESEHATAN PERTAMEDIKA,ILMU KESEHATAN,S1,B,SWASTA,D.K.I. JAKARTA,B,2
11400000.0,1005.0,48.0,SEKOLAH TINGGI ILMU KESEHATAN PERTAMEDIKA,ILMU KESEHATAN,S1,BAIK SEKALI,SWASTA,D.K.I. JAKARTA,B,2
9000000.0,533.0,28.0,SEKOLAH TINGGI ILMU KESEHATAN RS HUSADA,SARJANA,S1,BAIK SEKALI,SWASTA,D.K.I. JAKARTA,BAIK,3
9000000.0,533.0,28.0,SEKOLAH TINGGI ILMU KESEHATAN RS HUSADA,SARJANA,S1,BAIK,SWASTA,D.K.I. JAKARTA,BAIK,2
9000000.0,533.0,28.0,SEKOLAH TINGGI ILMU KESEHATAN RS HUSADA,SARJANA,S1,BAIK,SWASTA,D.K.I. JAKARTA,BAIK,2
16200000.0,525.0,37.0,SEKOLAH TINGGI ILMU KESEHATAN SINT CAROLUS,SARJANA,S1,BAIK SEKALI,SWASTA,D.K.I. JAKARTA,B,2
16200000.0,525.0,37.0,SEKOLAH TINGGI ILMU KESEHATAN SINT CAROLUS,SARJANA,S1,BAIK,SWASTA,D.K.I. JAKARTA,B,2
16200000.0,525.0,37.0,SEKOLAH TINGGI ILMU KESEHATAN SINT CAROLUS,SARJANA,S1,A,SWASTA,D.K.I. JAKARTA,B,2
5000000.0,170.0,20.0,SEKOLAH TINGGI ILMU KESEHATAN SISMADI,KEPERAWATAN,S1,BAIK,SWASTA,JAWA BARAT,BAIK,3
5500000.0,229.0,22.0,SEKOLAH TINGGI ILMU KESEHATAN WILLIAM BOOTH,SARJANA,S1,BAIK SEKALI,SWASTA,JAWA TIMUR,BAIK SEKALI,3
6000000.0,342.0,43.0,SEKOLAH TINGGI ILMU KOMPUTER POLTEK CIREBON,SARJANA,S1,B,SWASTA,JAWA BARAT,BAIK,2
6000000.0,342.0,43.0,SEKOLAH TINGGI ILMU KOMPUTER POLTEK CIREBON,SARJANA,S1,BAIK,SWASTA,JAWA BARAT,BAIK,3
1500000.0,493.0,41.0,SEKOLAH TINGGI ILMU MANAJEMEN BUDI BAKTI,SARJANA,S1,BAIK,SWASTA,JAWA BARAT,BAIK,3
8000000.0,523.0,28.0,SEKOLAH TINGGI MANAJEMEN ASURANSI TRISAKTI,MANAJEMEN ASURANSI,S1,BAIK,SWASTA,D.K.I. JAKARTA,BAIK SEKALI,3
8000000.0,523.0,28.0,SEKOLAH TINGGI MANAJEMEN ASURANSI TRISAKTI,MANAJEMEN ASURANSI,S1,BAIK SEKALI,SWASTA,D.K.I. JAKARTA,BAIK SEKALI,3
875000.0,801.0,80.0,SEKOLAH TINGGI MANAJEMEN INFORMATIKA DAN KOMPUTER JAKARTA STI&K,PROGRAM SARJANA,S1,BAIK SEKALI,SWASTA,D.K.I. JAKARTA,B,2
875000.0,801.0,80.0,SEKOLAH TINGGI MANAJEMEN INFORMATIKA DAN KOMPUTER JAKARTA STI&K,PROGRAM SARJANA,S1,BAIK SEKALI,SWASTA,D.K.I. JAKARTA,B,2
4500000.0,511.0,14.0,SEKOLAH TINGGI MANAJEMEN LABORA,MANAJEMEN,S1,BAIK,SWASTA,D.K.I. JAKARTA,B,2
10000000.0,395.0,35.0,SEKOLAH TINGGI PARIWISATA BOGOR,SARJANA,S1,BAIK,SWASTA,JAWA BARAT,BAIK SEKALI,3
2000000.0,4595.0,134.0,SEKOLAH TINGGI TEKNOLOGI NASIONAL,TEKNIK,S1,B,SWASTA,DI YOGYAKARTA,BAIK,2
2000000.0,4595.0,134.0,SEKOLAH TINGGI TEKNOLOGI NASIONAL,TEKNIK,S1,B,SWASTA,DI YOGYAKARTA,BAIK,2
2000000.0,4595.0,134.0,SEKOLAH TINGGI TEKNOLOGI NASIONAL,TEKNIK,S1,B,SWASTA,DI YOGYAKARTA,BAIK,2
2000000.0,4595.0,134.0,SEKOLAH TINGGI TEKNOLOGI NASIONAL,TEKNIK,S1,B,SWASTA,DI YOGYAKARTA,BAIK,2
2000000.0,4595.0,134.0,SEKOLAH TINGGI TEKNOLOGI NASIONAL,TEKNIK,S1,B,SWASTA,DI YOGYAKARTA,BAIK,2
2200000.0,18.0,12.0,SEKOLAH TINGGI TEKNOLOGI SAPTA TARUNA,TEKNOLOGI,S1,BAIK,SWASTA,DKI JAKARTA,BAIK,3
2200000.0,18.0,12.0,SEKOLAH TINGGI TEKNOLOGI SAPTA TARUNA,TEKNOLOGI,S1,BAIK,SWASTA,DKI JAKARTA,BAIK,3
2200000.0,18.0,12.0,SEKOLAH TINGGI TEKNOLOGI SAPTA TARUNA,TEKNOLOGI,S1,BAIK,SWASTA,DKI JAKARTA,BAIK,3
8000000.0,372.0,43.0,SEKOLAH TINGGI TEKNOLOGI TERPADU NURUL FIKRI,INFORMATIKA,S1,C,SWASTA,JAWA BARAT,C,3
8000000.0,372.0,43.0,SEKOLAH TINGGI TEKNOLOGI TERPADU NURUL FIKRI,SISTEM INFORMASI,S1,B,SWASTA,JAWA BARAT,C,2
4842500.0,1212.0,32.0,STIE JAKARTA INTERNATIONAL COLLEGE,SARJANA,S1,BAIK SEKALI,SWASTA,DKI JAKARTA,B,3
600000.0,684.0,63.0,STKIP BINA INSAN MANDIRI,SARJANA,S1,B,SWASTA,JAWA TIMUR,B,2
600000.0,684.0,63.0,STKIP BINA INSAN MANDIRI,SARJANA,S1,B,SWASTA,JAWA TIMUR,B,2
1600000.0,3070.0,105.0,STKIP SEBELAS APRIL,ILMU PENDIDIKAN,S1,B,SWASTA,JAWA BARAT,BAIK,2
37750000.0,1651.0,95.0,UNIVERSITAS 17 AGUSTUS 1945 CIREBON,FAKULTAS TEKNIK,S1,B,SWASTA,JAWA BARAT,BAIK SEKALI,3
37750000.0,1651.0,95.0,UNIVERSITAS 17 AGUSTUS 1945 CIREBON,FAKULTAS HUKUM,S1,B,SWASTA,JAWA BARAT,BAIK SEKALI,3
37750000.0,1651.0,95.0,UNIVERSITAS 17 AGUSTUS 1945 CIREBON,FAKULTAS KEGURUAN DAN ILMU PENDIDIKAN,S1,BAIK SEKALI,SWASTA,JAWA BARAT,BAIK SEKALI,3
37750000.0,1651.0,95.0,UNIVERSITAS 17 AGUSTUS 1945 CIREBON,FAKULTAS EKONOMI DAN BISNIS,S1,BAIK SEKALI,SWASTA,JAWA BARAT,BAIK SEKALI,3
37750000.0,1651.0,95.0,UNIVERSITAS 17 AGUSTUS 1945 CIREBON,FAKULTAS TEKNIK,S1,BAIK SEKALI,SWASTA,JAWA BARAT,BAIK SEKALI,3
37750000.0,1651.0,95.0,UNIVERSITAS 17 AGUSTUS 1945 CIREBON,FAKULTAS PERIKANAN DAN ILMU KELAUTAN,S1,B,SWASTA,JAWA BARAT,BAIK SEKALI,3
57490000.0,1914.0,1914.0,UNIVERSITAS 17 AGUSTUS 1945 JAKARTA,FAKULTAS EKONOMI BISNIS & ILMU SOSIAL,S1,BAIK SEKALI,SWASTA,D.K.I. JAKARTA,BAIK SEKALI,3
57490000.0,1914.0,1914.0,UNIVERSITAS 17 AGUSTUS 1945 JAKARTA,FAKULTAS EKONOMI BISNIS & ILMU SOSIAL,S1,B,SWASTA,D.K.I. JAKARTA,BAIK SEKALI,4
57490000.0,1914.0,1914.0,UNIVERSITAS 17 AGUSTUS 1945 JAKARTA,FAKULTAS EKONOMI BISNIS & ILMU SOSIAL,S1,B,SWASTA,D.K.I. JAKARTA,BAIK SEKALI,4
57490000.0,1914.0,1914.0,UNIVERSITAS 17 AGUSTUS 1945 JAKARTA,FAKULTAS EKONOMI BISNIS & ILMU SOSIAL,S1,BAIK SEKALI,SWASTA,D.K.I. JAKARTA,BAIK SEKALI,3
57490000.0,1914.0,1914.0,UNIVERSITAS 17 AGUSTUS 1945 JAKARTA,FAKULTAS TEKNIK DAN INFORMATIKA,S1,B,SWASTA,D.K.I. JAKARTA,BAIK SEKALI,4
57490000.0,1914.0,1914.0,UNIVERSITAS 17 AGUSTUS 1945 JAKARTA,FAKULTAS FARMASI,S1,B,SWASTA,D.K.I. JAKARTA,BAIK SEKALI,4
57490000.0,1914.0,1914.0,UNIVERSITAS 17 AGUSTUS 1945 JAKARTA,FAKULTAS EKONOMI BISNIS & ILMU SOSIAL,S1,B,SWASTA,D.K.I. JAKARTA,BAIK SEKALI,4
57490000.0,1914.0,1914.0,UNIVERSITAS 17 AGUSTUS 1945 JAKARTA,FAKULTAS HUKUM,S1,B,SWASTA,D.K.I. JAKARTA,BAIK SEKALI,4
57490000.0,1914.0,1914.0,UNIVERSITAS 17 AGUSTUS 1945 JAKARTA,FAKULTAS EKONOMI BISNIS & ILMU SOSIAL,S1,B,SWASTA,D.K.I. JAKARTA,BAIK SEKALI,4
57490000.0,1914.0,1914.0,UNIVERSITAS 17 AGUSTUS 1945 JAKARTA,FAKULTAS TEKNIK DAN INFORMATIKA,S1,BAIK SEKALI,SWASTA,D.K.I. JAKARTA,BAIK SEKALI,3
57490000.0,1914.0,1914.0,UNIVERSITAS 17 AGUSTUS 1945 JAKARTA,FAKULTAS EKONOMI BISNIS & ILMU SOSIAL,S1,B,SWASTA,D.K.I. JAKARTA,BAIK SEKALI,4
57490000.0,1914.0,1914.0,UNIVERSITAS 17 AGUSTUS 1945 JAKARTA,FAKULTAS TEKNIK DAN INFORMATIKA,S1,B,SWASTA,D.K.I. JAKARTA,BAIK SEKALI,4
57490000.0,1914.0,1914.0,UNIVERSITAS 17 AGUSTUS 1945 JAKARTA,FAKULTAS EKONOMI BISNIS & ILMU SOSIAL,S1,B,SWASTA,D.K.I. JAKARTA,BAIK SEKALI,4
57490000.0,1914.0,1914.0,UNIVERSITAS 17 AGUSTUS 1945 JAKARTA,FAKULTAS TEKNIK DAN INFORMATIKA,S1,B,SWASTA,D.K.I. JAKARTA,BAIK SEKALI,4
3500000.0,3483.0,88.0,UNIVERSITAS ABDURACHMAN SALEH,FAKULTAS PERTANIAN,S1,B,SWASTA,JAWA TIMUR,B,2
3500000.0,3483.0,88.0,UNIVERSITAS ABDURACHMAN SALEH,FAKULTAS KEGURUAN DAN PENDIDIKAN,S1,B,SWASTA,JAWA TIMUR,B,2
3500000.0,3483.0,88.0,UNIVERSITAS ABDURACHMAN SALEH,FAKULTAS HUKUM,S1,B,SWASTA,JAWA TIMUR,B,2
3500000.0,3483.0,88.0,UNIVERSITAS ABDURACHMAN SALEH,FAKULTAS EKONOMI,S1,B,SWASTA,JAWA TIMUR,B,2
3500000.0,3483.0,88.0,UNIVERSITAS ABDURACHMAN SALEH,FAKULTAS SASTRA,S1,B,SWASTA,JAWA TIMUR,B,2
13760000.0,1910.0,89.0,UNIVERSITAS ADVENT INDONESIA,FAKULTAS EKONOMI,S1,B,SWASTA,JAWA BARAT,B,2
13760000.0,1910.0,89.0,UNIVERSITAS ADVENT INDONESIA,FAKULTAS MATEMATIKA & ILMU PENGETAHUAN ALAM,S1,B,SWASTA,JAWA BARAT,B,2
13760000.0,1910.0,89.0,UNIVERSITAS ADVENT INDONESIA,FAKULTAS MATEMATIKA & ILMU PENGETAHUAN ALAM,S1,BAIK,SWASTA,JAWA BARAT,B,2
13760000.0,1910.0,89.0,UNIVERSITAS ADVENT INDONESIA,FAKULTAS FILSAFAT,S1,B,SWASTA,JAWA BARAT,B,2
13760000.0,1910.0,89.0,UNIVERSITAS ADVENT INDONESIA,FAKULTAS TEKNOLOGI INFORMASI,S1,B,SWASTA,JAWA BARAT,B,2
13760000.0,1910.0,89.0,UNIVERSITAS ADVENT INDONESIA,FAKULTAS ILMU KEPERAWATAN,S1,B,SWASTA,JAWA BARAT,B,2
13760000.0,1910.0,89.0,UNIVERSITAS ADVENT INDONESIA,FAKULTAS EKONOMI,S1,B,SWASTA,JAWA BARAT,B,2
13760000.0,1910.0,89.0,UNIVERSITAS ADVENT INDONESIA,FAKULTAS KEGURUAN DAN ILMU PENDIDIKAN,S1,B,SWASTA,JAWA BARAT,B,2
13760000.0,1910.0,89.0,UNIVERSITAS ADVENT INDONESIA,FAKULTAS EKONOMI,S1,C,SWASTA,JAWA BARAT,B,2
13760000.0,1910.0,89.0,UNIVERSITAS ADVENT INDONESIA,FAKULTAS TEKNOLOGI INFORMASI,S1,B,SWASTA,JAWA BARAT,B,2
14000000.0,965.0,61.0,UNIVERSITAS AGUNG PODOMORO,FAKULTAS EKONOMI DAN BISNIS,S1,C,SWASTA,DKI JAKARTA,BAIK SEKALI,3
14000000.0,965.0,61.0,UNIVERSITAS AGUNG PODOMORO,FAKULTAS TEKNIK,S1,C,SWASTA,DKI JAKARTA,BAIK SEKALI,3
14000000.0,965.0,61.0,UNIVERSITAS AGUNG PODOMORO,FAKULTAS TEKNIK,S1,BAIK SEKALI,SWASTA,DKI JAKARTA,BAIK SEKALI,3
14000000.0,965.0,61.0,UNIVERSITAS AGUNG PODOMORO,FAKULTAS HUKUM,S1,C,SWASTA,DKI JAKARTA,BAIK SEKALI,3
14000000.0,965.0,61.0,UNIVERSITAS AGUNG PODOMORO,FAKULTAS EKONOMI DAN BISNIS,S1,C,SWASTA,DKI JAKARTA,BAIK SEKALI,3
14000000.0,965.0,61.0,UNIVERSITAS AGUNG PODOMORO,FAKULTAS TEKNIK,S1,C,SWASTA,DKI JAKARTA,BAIK SEKALI,3
8000000.0,24507.0,742.0,UNIVERSITAS AHMAD DAHLAN,FAKULTAS EKONOMI & BISNIS,S1,B,SWASTA,DI YOGYAKARTA,A,1
8000000.0,24507.0,742.0,UNIVERSITAS AHMAD DAHLAN,FAKULTAS KEGURUAN DAN ILMU PENDIDIKAN,S1,A,SWASTA,DI YOGYAKARTA,A,1
8000000.0,24507.0,742.0,UNIVERSITAS AHMAD DAHLAN,FAKULTAS SAINS DAN TEKNOLOGI TERAPAN,S1,A,SWASTA,DI YOGYAKARTA,A,1
8000000.0,24507.0,742.0,UNIVERSITAS AHMAD DAHLAN,FAKULTAS EKONOMI & BISNIS,S1,B,SWASTA,DI YOGYAKARTA,A,1
8000000.0,24507.0,742.0,UNIVERSITAS AHMAD DAHLAN,FAKULTAS TEKNOLOGI INDUSTRI,S1,B,SWASTA,DI YOGYAKARTA,A,1
8000000.0,24507.0,742.0,UNIVERSITAS AHMAD DAHLAN,FAKULTAS FARMASI,S1,A,SWASTA,DI YOGYAKARTA,A,1
8000000.0,24507.0,742.0,UNIVERSITAS AHMAD DAHLAN,FAKULTAS KEGURUAN DAN ILMU PENDIDIKAN,S1,A,SWASTA,DI YOGYAKARTA,A,1
8000000.0,24507.0,742.0,UNIVERSITAS AHMAD DAHLAN,FAKULTAS KESEHATAN MASYARAKAT,S1,BAIK SEKALI,SWASTA,DI YOGYAKARTA,A,1
8000000.0,24507.0,742.0,UNIVERSITAS AHMAD DAHLAN,FAKULTAS KEGURUAN DAN ILMU PENDIDIKAN,S1,B,SWASTA,DI YOGYAKARTA,A,1
8000000.0,24507.0,742.0,UNIVERSITAS AHMAD DAHLAN,FAKULTAS KEGURUAN DAN ILMU PENDIDIKAN,S1,B,SWASTA,DI YOGYAKARTA,A,1
8000000.0,24507.0,742.0,UNIVERSITAS AHMAD DAHLAN,FAKULTAS HUKUM,S1,B,SWASTA,DI YOGYAKARTA,A,1
8000000.0,24507.0,742.0,UNIVERSITAS AHMAD DAHLAN,FAKULTAS SASTRA BUDAYA DAN KOMUNIKASI,S1,B,SWASTA,DI YOGYAKARTA,A,1
8000000.0,24507.0,742.0,UNIVERSITAS AHMAD DAHLAN,FAKULTAS TEKNOLOGI INDUSTRI,S1,A,SWASTA,DI YOGYAKARTA,A,1
8000000.0,24507.0,742.0,UNIVERSITAS AHMAD DAHLAN,KEDOKTERAN,S1,BAIK SEKALI,SWASTA,DI YOGYAKARTA,A,1
8000000.0,24507.0,742.0,UNIVERSITAS AHMAD DAHLAN,FAKULTAS KESEHATAN MASYARAKAT,S1,B,SWASTA,DI YOGYAKARTA,A,1
8000000.0,24507.0,742.0,UNIVERSITAS AHMAD DAHLAN,FAKULTAS TEKNOLOGI INDUSTRI,S1,B,SWASTA,DI YOGYAKARTA,A,1
8000000.0,24507.0,742.0,UNIVERSITAS AHMAD DAHLAN,FAKULTAS EKONOMI & BISNIS,S1,B,SWASTA,DI YOGYAKARTA,A,1
8000000.0,24507.0,742.0,UNIVERSITAS AHMAD DAHLAN,FAKULTAS KEGURUAN DAN ILMU PENDIDIKAN,S1,B,SWASTA,DI YOGYAKARTA,A,1
8000000.0,24507.0,742.0,UNIVERSITAS AHMAD DAHLAN,FAKULTAS KEGURUAN DAN ILMU PENDIDIKAN,S1,A,SWASTA,DI YOGYAKARTA,A,1
8000000.0,24507.0,742.0,UNIVERSITAS AHMAD DAHLAN,FAKULTAS PSIKOLOGI,S1,A,SWASTA,DI YOGYAKARTA,A,1
8000000.0,24507.0,742.0,UNIVERSITAS AHMAD DAHLAN,FAKULTAS SASTRA BUDAYA DAN KOMUNIKASI,S1,B,SWASTA,DI YOGYAKARTA,A,1
8000000.0,24507.0,742.0,UNIVERSITAS AHMAD DAHLAN,FAKULTAS SASTRA BUDAYA DAN KOMUNIKASI,S1,A,SWASTA,DI YOGYAKARTA,A,1
8000000.0,24507.0,742.0,UNIVERSITAS AHMAD DAHLAN,FAKULTAS SAINS DAN TEKNOLOGI TERAPAN,S1,B,SWASTA,DI YOGYAKARTA,A,1
8000000.0,24507.0,742.0,UNIVERSITAS AHMAD DAHLAN,FAKULTAS TEKNOLOGI INDUSTRI,S1,BAIK SEKALI,SWASTA,DI YOGYAKARTA,A,1
2109962.0,2776.0,68.0,UNIVERSITAS AL ASYARIAH MANDAR,FAKULTAS ILMU PERTANIAN,S1,BAIK,SWASTA,SULAWESI BARAT,BAIK SEKALI,3
2109962.0,2776.0,68.0,UNIVERSITAS AL ASYARIAH MANDAR,FAKULTAS ILMU PERTANIAN,S1,BAIK,SWASTA,SULAWESI BARAT,BAIK SEKALI,3
2109962.0,2776.0,68.0,UNIVERSITAS AL ASYARIAH MANDAR,FAKULTAS ILMU SOSIAL DAN PEMERINTAHAN,S1,BAIK,SWASTA,SULAWESI BARAT,BAIK SEKALI,3
2109962.0,2776.0,68.0,UNIVERSITAS AL ASYARIAH MANDAR,FAKULTAS ILMU KOMPUTER,S1,BAIK SEKALI,SWASTA,SULAWESI BARAT,BAIK SEKALI,3
2109962.0,2776.0,68.0,UNIVERSITAS AL ASYARIAH MANDAR,FAKULTAS KESEHATAN MASYARAKAT,S1,B,SWASTA,SULAWESI BARAT,BAIK SEKALI,3
2109962.0,2776.0,68.0,UNIVERSITAS AL ASYARIAH MANDAR,FAKULTAS KEGURUAN DAN ILMU PENDIDIKAN,S1,BAIK SEKALI,SWASTA,SULAWESI BARAT,BAIK SEKALI,3
2109962.0,2776.0,68.0,UNIVERSITAS AL ASYARIAH MANDAR,FAKULTAS ILMU SOSIAL DAN PEMERINTAHAN,S1,B,SWASTA,SULAWESI BARAT,BAIK SEKALI,3
2109962.0,2776.0,68.0,UNIVERSITAS AL ASYARIAH MANDAR,FAKULTAS ILMU PERTANIAN,S1,B,SWASTA,SULAWESI BARAT,BAIK SEKALI,3
2109962.0,2776.0,68.0,UNIVERSITAS AL ASYARIAH MANDAR,FAKULTAS ILMU KOMPUTER,S1,BAIK,SWASTA,SULAWESI BARAT,BAIK SEKALI,3
10000000.0,3133.0,124.0,UNIVERSITAS AL AZHAR INDONESIA,FAKUTAS EKONOMI DAN BISNIS,S1,B,SWASTA,DKI JAKARTA,B,2
10000000.0,3133.0,124.0,UNIVERSITAS AL AZHAR INDONESIA,FAKULTAS SAINS DAN TEKNOLOGI,S1,A,SWASTA,DKI JAKARTA,B,2
10000000.0,3133.0,124.0,UNIVERSITAS AL AZHAR INDONESIA,FAKULTAS SAINS DAN TEKNOLOGI,S1,B,SWASTA,DKI JAKARTA,B,2
10000000.0,3133.0,124.0,UNIVERSITAS AL AZHAR INDONESIA,FAKULTAS PSIKOLOGI DAN PENDIDIKAN,S1,C,SWASTA,DKI JAKARTA,B,2
10000000.0,3133.0,124.0,UNIVERSITAS AL AZHAR INDONESIA,FAKULTAS ILMU SOSIAL DAN POLITIK,S1,B,SWASTA,DKI JAKARTA,B,2
10000000.0,3133.0,124.0,UNIVERSITAS AL AZHAR INDONESIA,FAKULTAS HUKUM,S1,B,SWASTA,DKI JAKARTA,B,2
10000000.0,3133.0,124.0,UNIVERSITAS AL AZHAR INDONESIA,FAKULTAS ILMU SOSIAL DAN POLITIK,S1,A,SWASTA,DKI JAKARTA,B,2
10000000.0,3133.0,124.0,UNIVERSITAS AL AZHAR INDONESIA,FAKULTAS SAINS DAN TEKNOLOGI,S1,B,SWASTA,DKI JAKARTA,B,2
10000000.0,3133.0,124.0,UNIVERSITAS AL AZHAR INDONESIA,FAKULTAS SAINS DAN TEKNOLOGI,S1,B,SWASTA,DKI JAKARTA,B,2
5150000.0,889.0,304.0,UNIVERSITAS AMIKOM YOGYAKARTA,FAKULTAS EKONOMI DAN SOSIAL,S1,BAIK SEKALI,SWASTA,D.I. YOGYAKARTA,BAIK SEKALI,3
5150000.0,889.0,304.0,UNIVERSITAS AMIKOM YOGYAKARTA,FAKULTAS SAINS DAN TEKNOLOGI,S1,BAIK SEKALI,SWASTA,D.I. YOGYAKARTA,BAIK SEKALI,3
5150000.0,889.0,304.0,UNIVERSITAS AMIKOM YOGYAKARTA,FAKULTAS EKONOMI DAN SOSIAL,S1,BAIK SEKALI,SWASTA,D.I. YOGYAKARTA,BAIK SEKALI,3
5150000.0,889.0,304.0,UNIVERSITAS AMIKOM YOGYAKARTA,FAKULTAS SAINS DAN TEKNOLOGI,S1,BAIK SEKALI,SWASTA,D.I. YOGYAKARTA,BAIK SEKALI,3
5150000.0,889.0,304.0,UNIVERSITAS AMIKOM YOGYAKARTA,FAKULTAS EKONOMI DAN SOSIAL,S1,BAIK,SWASTA,D.I. YOGYAKARTA,BAIK SEKALI,3
5150000.0,889.0,304.0,UNIVERSITAS AMIKOM YOGYAKARTA,FAKULTAS EKONOMI DAN SOSIAL,S1,B,SWASTA,D.I. YOGYAKARTA,BAIK SEKALI,3
5150000.0,889.0,304.0,UNIVERSITAS AMIKOM YOGYAKARTA,FAKULTAS ILMU KOMPUTER,S1,BAIK SEKALI,SWASTA,D.I. YOGYAKARTA,BAIK SEKALI,3
5150000.0,889.0,304.0,UNIVERSITAS AMIKOM YOGYAKARTA,FAKULTAS ILMU KOMPUTER,S1,BAIK,SWASTA,D.I. YOGYAKARTA,BAIK SEKALI,3
5150000.0,889.0,304.0,UNIVERSITAS AMIKOM YOGYAKARTA,FAKULTAS EKONOMI DAN SOSIAL,S1,BAIK,SWASTA,D.I. YOGYAKARTA,BAIK SEKALI,3
5150000.0,889.0,304.0,UNIVERSITAS AMIKOM YOGYAKARTA,FAKULTAS SAINS DAN TEKNOLOGI,S1,BAIK,SWASTA,D.I. YOGYAKARTA,BAIK SEKALI,3
5150000.0,889.0,304.0,UNIVERSITAS AMIKOM YOGYAKARTA,FAKULTAS ILMU KOMPUTER,S1,UNGGUL,SWASTA,D.I. YOGYAKARTA,BAIK SEKALI,3
9000000.0,9381.0,9381.0,UNIVERSITAS ATMA JAYA YOGYAKARTA,FAKULTAS BISNIS DAN EKONOMIKA,S1,A,SWASTA,D.I. YOGYAKARTA,A,1
9000000.0,9381.0,9381.0,UNIVERSITAS ATMA JAYA YOGYAKARTA,FAKULTAS TEKNIK,S1,A,SWASTA,D.I. YOGYAKARTA,A,1
9000000.0,9381.0,9381.0,UNIVERSITAS ATMA JAYA YOGYAKARTA,FAKULTAS TEKNOBIOLOGI,S1,A,SWASTA,D.I. YOGYAKARTA,A,1
9000000.0,9381.0,9381.0,UNIVERSITAS ATMA JAYA YOGYAKARTA,FAKULTAS BISNIS DAN EKONOMIKA,S1,A,SWASTA,D.I. YOGYAKARTA,A,1
9000000.0,9381.0,9381.0,UNIVERSITAS ATMA JAYA YOGYAKARTA,FAKULTAS HUKUM,S1,A,SWASTA,D.I. YOGYAKARTA,A,1
9000000.0,9381.0,9381.0,UNIVERSITAS ATMA JAYA YOGYAKARTA,FAKULTAS ILMU SOSIAL DAN POLITIK,S1,A,SWASTA,D.I. YOGYAKARTA,A,1
9000000.0,9381.0,9381.0,UNIVERSITAS ATMA JAYA YOGYAKARTA,FAKULTAS TEKNOLOGI INDUSTRI,S1,A,SWASTA,D.I. YOGYAKARTA,A,1
9000000.0,9381.0,9381.0,UNIVERSITAS ATMA JAYA YOGYAKARTA,FAKULTAS TEKNOLOGI INDUSTRI,S1,A,SWASTA,D.I. YOGYAKARTA,A,1
9000000.0,9381.0,9381.0,UNIVERSITAS ATMA JAYA YOGYAKARTA,FAKULTAS BISNIS DAN EKONOMIKA,S1,A,SWASTA,D.I. YOGYAKARTA,A,1
9000000.0,9381.0,9381.0,UNIVERSITAS ATMA JAYA YOGYAKARTA,PROGRAM INTERNASIONAL,S1,B,SWASTA,D.I. YOGYAKARTA,A,1
9000000.0,9381.0,9381.0,UNIVERSITAS ATMA JAYA YOGYAKARTA,FAKULTAS TEKNOLOGI INDUSTRI,S1,UNGGUL,SWASTA,D.I. YOGYAKARTA,A,1
9000000.0,9381.0,9381.0,UNIVERSITAS ATMA JAYA YOGYAKARTA,FAKULTAS ILMU SOSIAL DAN POLITIK,S1,A,SWASTA,D.I. YOGYAKARTA,A,1
16375000.0,3300.0,400.0,UNIVERSITAS BAKRIE,FAKULTAS EKONOMI DAN ILMU SOSIAL,S1,A,SWASTA,D.K.I. JAKARTA,B,2
16375000.0,3300.0,400.0,UNIVERSITAS BAKRIE,FAKULTAS EKONOMI DAN ILMU SOSIAL,S1,A,SWASTA,D.K.I. JAKARTA,B,2
16375000.0,3300.0,400.0,UNIVERSITAS BAKRIE,FAKULTAS TEKNIK DAN ILMU KOMPUTER,S1,B,SWASTA,D.K.I. JAKARTA,B,2
16375000.0,3300.0,400.0,UNIVERSITAS BAKRIE,FAKULTAS TEKNIK DAN ILMU KOMPUTER,S1,B,SWASTA,D.K.I. JAKARTA,B,2
16375000.0,3300.0,400.0,UNIVERSITAS BAKRIE,FAKULTAS TEKNIK DAN ILMU KOMPUTER,S1,B,SWASTA,D.K.I. JAKARTA,B,2
16375000.0,3300.0,400.0,UNIVERSITAS BAKRIE,FAKULTAS EKONOMI DAN ILMU SOSIAL,S1,B,SWASTA,D.K.I. JAKARTA,B,2
16375000.0,3300.0,400.0,UNIVERSITAS BAKRIE,FAKULTAS EKONOMI DAN ILMU SOSIAL,S1,A,SWASTA,D.K.I. JAKARTA,B,2
16375000.0,3300.0,400.0,UNIVERSITAS BAKRIE,FAKULTAS TEKNIK DAN ILMU KOMPUTER,S1,UNGGUL,SWASTA,D.K.I. JAKARTA,B,2
16375000.0,3300.0,400.0,UNIVERSITAS BAKRIE,FAKULTAS TEKNIK DAN ILMU KOMPUTER,S1,B,SWASTA,D.K.I. JAKARTA,B,2
16375000.0,3300.0,400.0,UNIVERSITAS BAKRIE,FAKULTAS TEKNIK DAN ILMU KOMPUTER,S1,B,SWASTA,D.K.I. JAKARTA,B,2
3000000.0,2202.0,105.0,UNIVERSITAS BALE BANDUNG,FAKULTAS PERTANIAN,S1,BAIK SEKALI,SWASTA,JAWA BARAT,BAIK SEKALI,3
3000000.0,2202.0,105.0,UNIVERSITAS BALE BANDUNG,FAKULTAS EKONOMI,S1,BAIK,SWASTA,JAWA BARAT,BAIK SEKALI,3
3000000.0,2202.0,105.0,UNIVERSITAS BALE BANDUNG,FAKULTAS KEGURUAN DAN ILMU PENDIDIKAN,S1,B,SWASTA,JAWA BARAT,BAIK SEKALI,3
3000000.0,2202.0,105.0,UNIVERSITAS BALE BANDUNG,FAKULTAS TEKNOLOGI INFORMASI,S1,BAIK,SWASTA,JAWA BARAT,BAIK SEKALI,3
3000000.0,2202.0,105.0,UNIVERSITAS BALE BANDUNG,FAKULTAS ILMU KESEHATAN,S1,BAIK SEKALI,SWASTA,JAWA BARAT,BAIK SEKALI,3
3000000.0,2202.0,105.0,UNIVERSITAS BALE BANDUNG,FAKULTAS MATEMATIKA DAN ILMU PENGETAHUAN ALAM,S1,BAIK,SWASTA,JAWA BARAT,BAIK SEKALI,3
3000000.0,2202.0,105.0,UNIVERSITAS BALE BANDUNG,FAKULTAS ILMU SOSIAL DAN ILMU POLITIK,S1,BAIK,SWASTA,JAWA BARAT,BAIK SEKALI,3
3000000.0,2202.0,105.0,UNIVERSITAS BALE BANDUNG,FAKULTAS KEGURUAN DAN ILMU PENDIDIKAN,S1,BAIK SEKALI,SWASTA,JAWA BARAT,BAIK SEKALI,3
3000000.0,2202.0,105.0,UNIVERSITAS BALE BANDUNG,FAKULTAS TEKNOLOGI INFORMASI,S1,BAIK,SWASTA,JAWA BARAT,BAIK SEKALI,3
2900000.0,5979.0,183.0,UNIVERSITAS BANDAR LAMPUNG,FAKULTAS TEKNIK,S1,BAIK SEKALI,SWASTA,LAMPUNG,B,3
2900000.0,5979.0,183.0,UNIVERSITAS BANDAR LAMPUNG,FAKULTAS HUKUM,S1,A,SWASTA,LAMPUNG,B,2
2900000.0,5979.0,183.0,UNIVERSITAS BANDAR LAMPUNG,FAKULTAS ILMU SOSIAL DAN ILMU POLITIK,S1,B,SWASTA,LAMPUNG,B,2
2900000.0,5979.0,183.0,UNIVERSITAS BANDAR LAMPUNG,FAKULTAS ILMU KOMPUTER,S1,B,SWASTA,LAMPUNG,B,2
2900000.0,5979.0,183.0,UNIVERSITAS BANDAR LAMPUNG,FAKULTAS EKONOMI DAN BISNIS,S1,UNGGUL,SWASTA,LAMPUNG,B,2
2900000.0,5979.0,183.0,UNIVERSITAS BANDAR LAMPUNG,FAKULTAS TEKNIK,S1,UNGGUL,SWASTA,LAMPUNG,B,2
2900000.0,5979.0,183.0,UNIVERSITAS BANDAR LAMPUNG,FAKULTAS TEKNIK,S1,UNGGUL,SWASTA,LAMPUNG,B,2
2900000.0,5979.0,183.0,UNIVERSITAS BANDAR LAMPUNG,FAKULTAS ILMU KOMPUTER,S1,BAIK SEKALI,SWASTA,LAMPUNG,B,3
3950250.0,7254.0,7254.0,UNIVERSITAS BATANGHARI JAMBI,FAKULTAS PERTANIAN,S1,B,SWASTA,JAMBI,BAIK SEKALI,2
3950250.0,7254.0,7254.0,UNIVERSITAS BATANGHARI JAMBI,FAKULTAS PERTANIAN,S1,B,SWASTA,JAMBI,BAIK SEKALI,2
3950250.0,7254.0,7254.0,UNIVERSITAS BATANGHARI JAMBI,FAKULTAS EKONOMI,S1,B,SWASTA,JAMBI,BAIK SEKALI,2
3950250.0,7254.0,7254.0,UNIVERSITAS BATANGHARI JAMBI,FAKULTAS HUKUM,S1,B,SWASTA,JAMBI,BAIK SEKALI,2
3950250.0,7254.0,7254.0,UNIVERSITAS BATANGHARI JAMBI,FAKULTAS TEKNIK,S1,B,SWASTA,JAMBI,BAIK SEKALI,2
3950250.0,7254.0,7254.0,UNIVERSITAS BATANGHARI JAMBI,FAKULTAS EKONOMI,S1,B,SWASTA,JAMBI,BAIK SEKALI,2
3950250.0,7254.0,7254.0,UNIVERSITAS BATANGHARI JAMBI,FAKULTAS KEGURUAN DAN ILMU PENDIDIKAN,S1,BAIK SEKALI,SWASTA,JAMBI,BAIK SEKALI,3
3950250.0,7254.0,7254.0,UNIVERSITAS BATANGHARI JAMBI,FAKULTAS KEGURUAN DAN ILMU PENDIDIKAN,S1,B,SWASTA,JAMBI,BAIK SEKALI,2
3950250.0,7254.0,7254.0,UNIVERSITAS BATANGHARI JAMBI,FAKULTAS TEKNIK,S1,BAIK,SWASTA,JAMBI,BAIK SEKALI,3
11037500.0,7780.0,242.0,UNIVERSITAS BHAYANGKARA JAKARTA RAYA,FAKULTAS EKONOMI DAN BISNIS,S1,B,SWASTA,D.K.I. JAKARTA,B,2
11037500.0,7780.0,242.0,UNIVERSITAS BHAYANGKARA JAKARTA RAYA,FAKULTAS HUKUM,S1,B,SWASTA,D.K.I. JAKARTA,B,2
11037500.0,7780.0,242.0,UNIVERSITAS BHAYANGKARA JAKARTA RAYA,FAKULTAS ILMU KOMUNIKASI,S1,B,SWASTA,D.K.I. JAKARTA,B,2
11037500.0,7780.0,242.0,UNIVERSITAS BHAYANGKARA JAKARTA RAYA,FAKULTAS TEKNIK,S1,B,SWASTA,D.K.I. JAKARTA,B,2
11037500.0,7780.0,242.0,UNIVERSITAS BHAYANGKARA JAKARTA RAYA,FAKULTAS TEKNIK,S1,B,SWASTA,D.K.I. JAKARTA,B,2
11037500.0,7780.0,242.0,UNIVERSITAS BHAYANGKARA JAKARTA RAYA,FAKULTAS TEKNIK,S1,B,SWASTA,D.K.I. JAKARTA,B,2
11037500.0,7780.0,242.0,UNIVERSITAS BHAYANGKARA JAKARTA RAYA,FAKULTAS TEKNIK,S1,B,SWASTA,D.K.I. JAKARTA,B,2
11037500.0,7780.0,242.0,UNIVERSITAS BHAYANGKARA JAKARTA RAYA,FAKULTAS EKONOMI DAN BISNIS,S1,B,SWASTA,D.K.I. JAKARTA,B,2
11037500.0,7780.0,242.0,UNIVERSITAS BHAYANGKARA JAKARTA RAYA,FAKULTAS TEKNIK,S1,C,SWASTA,D.K.I. JAKARTA,B,2
11037500.0,7780.0,242.0,UNIVERSITAS BHAYANGKARA JAKARTA RAYA,FAKULTAS PSIKOLOGI,S1,B,SWASTA,D.K.I. JAKARTA,B,2
17751000.0,5775.0,173.0,UNIVERSITAS BHAYANGKARA SURABAYA,FAKULTAS EKONOMI,S1,B,SWASTA,JAWA TIMUR,B,2
17751000.0,5775.0,173.0,UNIVERSITAS BHAYANGKARA SURABAYA,FAKULTAS TEKNIK,S1,B,SWASTA,JAWA TIMUR,B,2
17751000.0,5775.0,173.0,UNIVERSITAS BHAYANGKARA SURABAYA,FAKULTAS HUKUM,S1,B,SWASTA,JAWA TIMUR,B,2
17751000.0,5775.0,173.0,UNIVERSITAS BHAYANGKARA SURABAYA,FAKULTAS ILMU SOSIAL DAN POLITIK,S1,A,SWASTA,JAWA TIMUR,B,2
17751000.0,5775.0,173.0,UNIVERSITAS BHAYANGKARA SURABAYA,FAKULTAS TEKNIK,S1,B,SWASTA,JAWA TIMUR,B,2
17751000.0,5775.0,173.0,UNIVERSITAS BHAYANGKARA SURABAYA,FAKULTAS EKONOMI,S1,B,SWASTA,JAWA TIMUR,B,2
17751000.0,5775.0,173.0,UNIVERSITAS BHAYANGKARA SURABAYA,FAKULTAS TEKNIK,S1,B,SWASTA,JAWA TIMUR,B,2
5750000.0,7229.0,232.0,UNIVERSITAS BINA DARMA,FAKULTAS EKONOMI,S1,B,SWASTA,SUMATERA SELATAN,B,2
5750000.0,7229.0,232.0,UNIVERSITAS BINA DARMA,FAKULTAS EKONOMI,S1,B,SWASTA,SUMATERA SELATAN,B,2
5750000.0,7229.0,232.0,UNIVERSITAS BINA DARMA,FAKULTAS ILMU KOMUNIKASI,S1,A,SWASTA,SUMATERA SELATAN,B,2
5750000.0,7229.0,232.0,UNIVERSITAS BINA DARMA,FAKULTAS TEKNIK,S1,C,SWASTA,SUMATERA SELATAN,B,2
5750000.0,7229.0,232.0,UNIVERSITAS BINA DARMA,FAKULTAS ILMU KOMPUTER,S1,B,SWASTA,SUMATERA SELATAN,B,2
5750000.0,7229.0,232.0,UNIVERSITAS BINA DARMA,FAKULTAS ILMU KOMPUTER,S1,B,SWASTA,SUMATERA SELATAN,B,2
5750000.0,7229.0,232.0,UNIVERSITAS BINA DARMA,FAKULTAS EKONOMI,S1,B,SWASTA,SUMATERA SELATAN,B,2
5750000.0,7229.0,232.0,UNIVERSITAS BINA DARMA,FAKULTAS ILMU KEGURUAN DAN ILMU PENDIDIKAN,S1,B,SWASTA,SUMATERA SELATAN,B,2
5750000.0,7229.0,232.0,UNIVERSITAS BINA DARMA,FAKULTAS PSIKOLOGI,S1,B,SWASTA,SUMATERA SELATAN,B,2
5750000.0,7229.0,232.0,UNIVERSITAS BINA DARMA,FAKULTAS BAHASA DAN SASTRA,S1,B,SWASTA,SUMATERA SELATAN,B,2
5750000.0,7229.0,232.0,UNIVERSITAS BINA DARMA,FAKULTAS TEKNIK,S1,B,SWASTA,SUMATERA SELATAN,B,2
5750000.0,7229.0,232.0,UNIVERSITAS BINA DARMA,FAKULTAS ILMU KOMPUTER,S1,A,SWASTA,SUMATERA SELATAN,B,2
47629750.0,45000.0,1600.0,UNIVERSITAS BINA NUSANTARA,SCHOOL OF ACCOUNTING,S1,B,SWASTA,D.K.I. JAKARTA,UNGGUL,4
47629750.0,45000.0,1600.0,UNIVERSITAS BINA NUSANTARA,FACULTY OF ENGINEERING,S1,A,SWASTA,D.K.I. JAKARTA,UNGGUL,4
47629750.0,45000.0,1600.0,UNIVERSITAS BINA NUSANTARA,FACULTY OF ENGINEERING,S1,BAIK,SWASTA,D.K.I. JAKARTA,UNGGUL,4
47629750.0,45000.0,1600.0,UNIVERSITAS BINA NUSANTARA,DOUBLE DEGREE PROGRAMS,S1,BAIK,SWASTA,D.K.I. JAKARTA,UNGGUL,4
47629750.0,45000.0,1600.0,UNIVERSITAS BINA NUSANTARA,SCHOOL OF DESIGN,S1,BAIK,SWASTA,D.K.I. JAKARTA,UNGGUL,4
47629750.0,45000.0,1600.0,UNIVERSITAS BINA NUSANTARA,SCHOOL OF DESIGN,S1,BAIK,SWASTA,D.K.I. JAKARTA,UNGGUL,4
47629750.0,45000.0,1600.0,UNIVERSITAS BINA NUSANTARA,SCHOOL OF DESIGN,S1,B,SWASTA,D.K.I. JAKARTA,UNGGUL,4
47629750.0,45000.0,1600.0,UNIVERSITAS BINA NUSANTARA,FACULTY OF HUMANITIES,S1,UNGGUL,SWASTA,D.K.I. JAKARTA,UNGGUL,4
47629750.0,45000.0,1600.0,UNIVERSITAS BINA NUSANTARA,FACULTY OF HUMANITIES,S1,UNGGUL,SWASTA,D.K.I. JAKARTA,UNGGUL,4
47629750.0,45000.0,1600.0,UNIVERSITAS BINA NUSANTARA,FACULTY OF DIGITAL COMMUNICATION AND HOTEL & TOURISM,S1,B,SWASTA,D.K.I. JAKARTA,UNGGUL,4
47629750.0,45000.0,1600.0,UNIVERSITAS BINA NUSANTARA,FACULTY OF HUMANITIES,S1,UNGGUL,SWASTA,D.K.I. JAKARTA,UNGGUL,4
47629750.0,45000.0,1600.0,UNIVERSITAS BINA NUSANTARA,FACULTY OF DIGITAL COMMUNICATION AND HOTEL & TOURISM,S1,A,SWASTA,D.K.I. JAKARTA,UNGGUL,4
47629750.0,45000.0,1600.0,UNIVERSITAS BINA NUSANTARA,FACULTY OF ENGINEERING,S1,B,SWASTA,D.K.I. JAKARTA,UNGGUL,4
47629750.0,45000.0,1600.0,UNIVERSITAS BINA NUSANTARA,SCHOOL OF COMPUTER SCIENCE,S1,BAIK SEKALI,SWASTA,D.K.I. JAKARTA,UNGGUL,4
47629750.0,45000.0,1600.0,UNIVERSITAS BINA NUSANTARA,BUSINESS SCHOOL,S1,UNGGUL,SWASTA,D.K.I. JAKARTA,UNGGUL,4
47629750.0,45000.0,1600.0,UNIVERSITAS BINA NUSANTARA,DOUBLE DEGREE PROGRAMS,S1,UNGGUL,SWASTA,D.K.I. JAKARTA,UNGGUL,4
47629750.0,45000.0,1600.0,UNIVERSITAS BINA NUSANTARA,FACULTY OF DIGITAL COMMUNICATION AND HOTEL & TOURISM,S1,B,SWASTA,D.K.I. JAKARTA,UNGGUL,4
47629750.0,45000.0,1600.0,UNIVERSITAS BINA NUSANTARA,FACULTY OF HUMANITIES,S1,UNGGUL,SWASTA,D.K.I. JAKARTA,UNGGUL,4
47629750.0,45000.0,1600.0,UNIVERSITAS BINA NUSANTARA,FACULTY OF HUMANITIES,S1,A,SWASTA,D.K.I. JAKARTA,UNGGUL,4
47629750.0,45000.0,1600.0,UNIVERSITAS BINA NUSANTARA,FACULTY OF HUMANITIES,S1,UNGGUL,SWASTA,D.K.I. JAKARTA,UNGGUL,4
47629750.0,45000.0,1600.0,UNIVERSITAS BINA NUSANTARA,FACULTY OF ENGINEERING,S1,UNGGUL,SWASTA,D.K.I. JAKARTA,UNGGUL,4
47629750.0,45000.0,1600.0,UNIVERSITAS BINA NUSANTARA,MASTER TRACK PROGRAMS,S1,UNGGUL,SWASTA,D.K.I. JAKARTA,UNGGUL,4
47629750.0,45000.0,1600.0,UNIVERSITAS BINA NUSANTARA,DOUBLE DEGREE PROGRAMS,S1,B,SWASTA,D.K.I. JAKARTA,UNGGUL,4
47629750.0,45000.0,1600.0,UNIVERSITAS BINA NUSANTARA,FACULTY OF ENGINEERING,S1,UNGGUL,SWASTA,D.K.I. JAKARTA,UNGGUL,4
11550000.0,1668.0,119.0,UNIVERSITAS BINAWAN,FAKULTAS SAINS DAN TEKNOLOGI,S1,TIDAK TERAKREDITASI,SWASTA,D.K.I. JAKARTA,C,2
11550000.0,1668.0,119.0,UNIVERSITAS BINAWAN,FAKULTAS SAINS DAN TEKNOLOGI,S1,BAIK SEKALI,SWASTA,D.K.I. JAKARTA,C,3
11550000.0,1668.0,119.0,UNIVERSITAS BINAWAN,FAKULTAS FISIOTERAPI,S1,B,SWASTA,D.K.I. JAKARTA,C,2
11550000.0,1668.0,119.0,UNIVERSITAS BINAWAN,FAKULTAS KESEHATAN MASYARAKAT,S1,B,SWASTA,D.K.I. JAKARTA,C,2
11550000.0,1668.0,119.0,UNIVERSITAS BINAWAN,FAKULTAS KEPERAWATAN DAN KEBIDANAN,S1,BAIK,SWASTA,D.K.I. JAKARTA,C,2
11550000.0,1668.0,119.0,UNIVERSITAS BINAWAN,FAKULTAS KEPERAWATAN DAN KEBIDANAN,S1,B,SWASTA,D.K.I. JAKARTA,C,2
11550000.0,1668.0,119.0,UNIVERSITAS BINAWAN,FAKULTAS SOSIAL DAN HUMANIORA,S1,BAIK,SWASTA,D.K.I. JAKARTA,C,2
11550000.0,1668.0,119.0,UNIVERSITAS BINAWAN,FAKULTAS KESEHATAN MASYARAKAT,S1,BAIK,SWASTA,D.K.I. JAKARTA,C,2
11550000.0,1668.0,119.0,UNIVERSITAS BINAWAN,FAKULTAS EKONOMI BISNIS,S1,C,SWASTA,D.K.I. JAKARTA,C,2
11550000.0,1668.0,119.0,UNIVERSITAS BINAWAN,FAKULTAS SOSIAL DAN HUMANIORA,S1,BAIK,SWASTA,D.K.I. JAKARTA,C,2
5195000.0,3443.0,172.0,UNIVERSITAS BUDDHI DHARMA,FAKULTAS BISNIS,S1,B,SWASTA,BANTEN,BAIK,2
5195000.0,3443.0,172.0,UNIVERSITAS BUDDHI DHARMA,FAKULTAS SOSIAL DAN HUMANIORA,S1,BAIK,SWASTA,BANTEN,BAIK,3
5195000.0,3443.0,172.0,UNIVERSITAS BUDDHI DHARMA,FAKULTAS SAINS DAN TEKNOLOGI,S1,BAIK,SWASTA,BANTEN,BAIK,3
5195000.0,3443.0,172.0,UNIVERSITAS BUDDHI DHARMA,FAKULTAS SAINS DAN TEKNOLOGI,S1,BAIK SEKALI,SWASTA,BANTEN,BAIK,3
5195000.0,3443.0,172.0,UNIVERSITAS BUDDHI DHARMA,FAKULTAS BISNIS,S1,BAIK SEKALI,SWASTA,BANTEN,BAIK,3
5195000.0,3443.0,172.0,UNIVERSITAS BUDDHI DHARMA,FAKULTAS SOSIAL DAN HUMANIORA,S1,B,SWASTA,BANTEN,BAIK,2
5195000.0,3443.0,172.0,UNIVERSITAS BUDDHI DHARMA,FAKULTAS SAINS DAN TEKNOLOGI,S1,BAIK,SWASTA,BANTEN,BAIK,3
11500000.0,10772.0,445.0,UNIVERSITAS BUDI LUHUR,FAKULTAS EKONOMI DAN BISNIS,S1,B,SWASTA,D.K.I. JAKARTA,B,2
11500000.0,10772.0,445.0,UNIVERSITAS BUDI LUHUR,FAKULTAS TEKNIK,S1,B,SWASTA,D.K.I. JAKARTA,B,2
11500000.0,10772.0,445.0,UNIVERSITAS BUDI LUHUR,FAKULTAS KOMUNIKASI DAN DESAIN KREATIF,S1,BAIK,SWASTA,D.K.I. JAKARTA,B,2
11500000.0,10772.0,445.0,UNIVERSITAS BUDI LUHUR,FAKULTAS TEKNIK,S1,B,SWASTA,D.K.I. JAKARTA,B,2
11500000.0,10772.0,445.0,UNIVERSITAS BUDI LUHUR,FAKULTAS ILMU SOSIAL DAN ILMU POLITIK,S1,B,SWASTA,D.K.I. JAKARTA,B,2
11500000.0,10772.0,445.0,UNIVERSITAS BUDI LUHUR,FAKULTAS KOMUNIKASI DAN DESAIN KREATIF,S1,B,SWASTA,D.K.I. JAKARTA,B,2
11500000.0,10772.0,445.0,UNIVERSITAS BUDI LUHUR,FAKULTAS TEKNOLOGI INFORMASI,S1,B,SWASTA,D.K.I. JAKARTA,B,2
11500000.0,10772.0,445.0,UNIVERSITAS BUDI LUHUR,FAKULTAS ILMU SOSIAL DAN ILMU POLITIK,S1,B,SWASTA,D.K.I. JAKARTA,B,2
11500000.0,10772.0,445.0,UNIVERSITAS BUDI LUHUR,FAKULTAS EKONOMI DAN BISNIS,S1,B,SWASTA,D.K.I. JAKARTA,B,2
11500000.0,10772.0,445.0,UNIVERSITAS BUDI LUHUR,FAKULTAS TEKNOLOGI INFORMASI,S1,B,SWASTA,D.K.I. JAKARTA,B,2
11500000.0,10772.0,445.0,UNIVERSITAS BUDI LUHUR,FAKULTAS TEKNOLOGI INFORMASI,S1,B,SWASTA,D.K.I. JAKARTA,B,2
11500000.0,10772.0,445.0,UNIVERSITAS BUDI LUHUR,FAKULTAS TEKNOLOGI INFORMASI,S1,B,SWASTA,D.K.I. JAKARTA,B,2
10250000.0,8441.0,316.0,UNIVERSITAS BUNDA MULIA,FAKULTAS ILMU SOSIAL DAN HUMANIORA,S1,UNGGUL,SWASTA,DKI JAKARTA,B,2
10250000.0,8441.0,316.0,UNIVERSITAS BUNDA MULIA,FAKULTAS TEKNOLOGI DAN DESAIN,S1,BAIK SEKALI,SWASTA,DKI JAKARTA,B,2
10250000.0,8441.0,316.0,UNIVERSITAS BUNDA MULIA,FAKULTAS TEKNOLOGI DAN DESAIN,S1,BAIK,SWASTA,DKI JAKARTA,B,2
10250000.0,8441.0,316.0,UNIVERSITAS BUNDA MULIA,FAKULTAS ILMU SOSIAL DAN HUMANIORA,S1,B,SWASTA,DKI JAKARTA,B,2
10250000.0,8441.0,316.0,UNIVERSITAS BUNDA MULIA,FAKULTAS TEKNOLOGI DAN DESAIN,S1,A,SWASTA,DKI JAKARTA,B,2
10250000.0,8441.0,316.0,UNIVERSITAS BUNDA MULIA,FAKULTAS TEKNOLOGI DAN DESAIN,S1,B,SWASTA,DKI JAKARTA,B,2
10250000.0,8441.0,316.0,UNIVERSITAS BUNDA MULIA,BUNDA MULIA LONG DISTANCE LEARNING,S1,B,SWASTA,DKI JAKARTA,B,2
10250000.0,8441.0,316.0,UNIVERSITAS BUNDA MULIA,FAKULTAS ILMU SOSIAL DAN HUMANIORA,S1,B,SWASTA,DKI JAKARTA,B,2
10250000.0,8441.0,316.0,UNIVERSITAS BUNDA MULIA,FAKULTAS ILMU SOSIAL DAN HUMANIORA,S1,A,SWASTA,DKI JAKARTA,B,2
10250000.0,8441.0,316.0,UNIVERSITAS BUNDA MULIA,FAKULTAS TEKNOLOGI DAN DESAIN,S1,B,SWASTA,DKI JAKARTA,B,2
8902000.0,8625.0,8625.0,UNIVERSITAS BUNG HATTA,FAKULTAS EKONOMI,S1,B,SWASTA,SUMATERA BARAT,B,2
8902000.0,8625.0,8625.0,UNIVERSITAS BUNG HATTA,FAKULTAS TEKNIK SIPIL DAN PERENCANAAN,S1,B,SWASTA,SUMATERA BARAT,B,2
8902000.0,8625.0,8625.0,UNIVERSITAS BUNG HATTA,FAKULTAS KEGURUAN DAN ILMU KEPENDIDIKAN,S1,B,SWASTA,SUMATERA BARAT,B,2
8902000.0,8625.0,8625.0,UNIVERSITAS BUNG HATTA,FAKULTAS PERIKANAN DAN ILMU KELAUTAN,S1,A,SWASTA,SUMATERA BARAT,B,2
8902000.0,8625.0,8625.0,UNIVERSITAS BUNG HATTA,FAKULTAS EKONOMI,S1,B,SWASTA,SUMATERA BARAT,B,2
8902000.0,8625.0,8625.0,UNIVERSITAS BUNG HATTA,FAKULTAS TEKNOLOGI INDUSTRI,S1,B,SWASTA,SUMATERA BARAT,B,2
8902000.0,8625.0,8625.0,UNIVERSITAS BUNG HATTA,FAKULTAS KEGURUAN DAN ILMU KEPENDIDIKAN,S1,B,SWASTA,SUMATERA BARAT,B,2
8902000.0,8625.0,8625.0,UNIVERSITAS BUNG HATTA,FAKULTAS HUKUM,S1,B,SWASTA,SUMATERA BARAT,B,2
8902000.0,8625.0,8625.0,UNIVERSITAS BUNG HATTA,FAKULTAS TEKNOLOGI INDUSTRI,S1,B,SWASTA,SUMATERA BARAT,B,2
8902000.0,8625.0,8625.0,UNIVERSITAS BUNG HATTA,FAKULTAS KEGURUAN DAN ILMU KEPENDIDIKAN,S1,B,SWASTA,SUMATERA BARAT,B,2
8902000.0,8625.0,8625.0,UNIVERSITAS BUNG HATTA,FAKULTAS TEKNOLOGI INDUSTRI,S1,B,SWASTA,SUMATERA BARAT,B,2
8902000.0,8625.0,8625.0,UNIVERSITAS BUNG HATTA,FAKULTAS EKONOMI,S1,B,SWASTA,SUMATERA BARAT,B,2
8902000.0,8625.0,8625.0,UNIVERSITAS BUNG HATTA,FAKULTAS KEGURUAN DAN ILMU KEPENDIDIKAN,S1,B,SWASTA,SUMATERA BARAT,B,2
8902000.0,8625.0,8625.0,UNIVERSITAS BUNG HATTA,FAKULTAS TEKNOLOGI INDUSTRI,S1,B,SWASTA,SUMATERA BARAT,B,2
8902000.0,8625.0,8625.0,UNIVERSITAS BUNG HATTA,FAKULTAS TEKNIK SIPIL DAN PERENCANAAN,S1,B,SWASTA,SUMATERA BARAT,B,2
8902000.0,8625.0,8625.0,UNIVERSITAS BUNG HATTA,FAKULTAS PERIKANAN DAN ILMU KELAUTAN,S1,A,SWASTA,SUMATERA BARAT,B,2
8902000.0,8625.0,8625.0,UNIVERSITAS BUNG HATTA,FAKULTAS ILMU BUDAYA,S1,B,SWASTA,SUMATERA BARAT,B,2
8902000.0,8625.0,8625.0,UNIVERSITAS BUNG HATTA,FAKULTAS ILMU BUDAYA,S1,B,SWASTA,SUMATERA BARAT,B,2
8902000.0,8625.0,8625.0,UNIVERSITAS BUNG HATTA,FAKULTAS TEKNIK SIPIL DAN PERENCANAAN,S1,A,SWASTA,SUMATERA BARAT,B,2
5000000.0,4449.0,125.0,UNIVERSITAS BUNG KARNO,FAKULTAS EKONOMI DAN BISNIS,S1,B,SWASTA,D.K.I. JAKARTA,B,2
5000000.0,4449.0,125.0,UNIVERSITAS BUNG KARNO,FAKULTAS TEKNIK,S1,B,SWASTA,D.K.I. JAKARTA,B,2
5000000.0,4449.0,125.0,UNIVERSITAS BUNG KARNO,FAKULTAS TEKNIK,S1,C,SWASTA,D.K.I. JAKARTA,B,2
5000000.0,4449.0,125.0,UNIVERSITAS BUNG KARNO,FAKULTAS HUKUM,S1,B,SWASTA,D.K.I. JAKARTA,B,2
5000000.0,4449.0,125.0,UNIVERSITAS BUNG KARNO,FAKULTAS ILMU SOSIAL DAN ILMU POLITIK,S1,C,SWASTA,D.K.I. JAKARTA,B,2
5000000.0,4449.0,125.0,UNIVERSITAS BUNG KARNO,FAKULTAS EKONOMI DAN BISNIS,S1,B,SWASTA,D.K.I. JAKARTA,B,2
5000000.0,4449.0,125.0,UNIVERSITAS BUNG KARNO,FAKULTAS TEKNIK,S1,B,SWASTA,D.K.I. JAKARTA,B,2
5000000.0,4449.0,125.0,UNIVERSITAS BUNG KARNO,FAKULTAS ILMU SOSIAL DAN ILMU POLITIK,S1,B,SWASTA,D.K.I. JAKARTA,B,2
5000000.0,4449.0,125.0,UNIVERSITAS BUNG KARNO,FAKULTAS TEKNIK,S1,B,SWASTA,D.K.I. JAKARTA,B,2
5000000.0,4449.0,125.0,UNIVERSITAS BUNG KARNO,FAKULTAS ILMU KOMPUTER,S1,B,SWASTA,D.K.I. JAKARTA,B,2
5000000.0,4449.0,125.0,UNIVERSITAS BUNG KARNO,FAKULTAS ILMU KOMPUTER,S1,B,SWASTA,D.K.I. JAKARTA,B,2
12000000.0,1500.0,100.0,UNIVERSITAS CENDEKIA ABDITAMA,FAKULTAS EKONOMI DAN BISNIS ISLAM,S1,BAIK,SWASTA,BANTEN,BAIK,3
12000000.0,1500.0,100.0,UNIVERSITAS CENDEKIA ABDITAMA,FAKULTAS EKONOMI DAN BISNIS ISLAM,S1,BAIK,SWASTA,BANTEN,BAIK,3
12000000.0,1500.0,100.0,UNIVERSITAS CENDEKIA ABDITAMA,FAKULTAS TEKNIK,S1,BAIK SEKALI,SWASTA,BANTEN,BAIK,3
12000000.0,1500.0,100.0,UNIVERSITAS CENDEKIA ABDITAMA,FAKULTAS TEKNIK,S1,BAIK SEKALI,SWASTA,BANTEN,BAIK,3
12000000.0,1500.0,100.0,UNIVERSITAS CENDEKIA ABDITAMA,FAKULTAS ILMU KEPERAWATAN,S1,BAIK,SWASTA,BANTEN,BAIK,3
3750000.0,1015.0,49.0,UNIVERSITAS COKROAMINOTO YOGYAKARTA,FAKULTAS EKONOMI,S1,BAIK,SWASTA,D.I. YOGYAKARTA,BAIK SEKALI,3
3750000.0,1015.0,49.0,UNIVERSITAS COKROAMINOTO YOGYAKARTA,FAKULTAS AGAMA ISLAM,S1,B,SWASTA,D.I. YOGYAKARTA,BAIK SEKALI,3
3750000.0,1015.0,49.0,UNIVERSITAS COKROAMINOTO YOGYAKARTA,FAKULTAS EKONOMI,S1,BAIK,SWASTA,D.I. YOGYAKARTA,BAIK SEKALI,3
3750000.0,1015.0,49.0,UNIVERSITAS COKROAMINOTO YOGYAKARTA,FAKULTAS KEGURUAN DAN ILMU PENDIDIKAN,S1,BAIK,SWASTA,D.I. YOGYAKARTA,BAIK SEKALI,3
3750000.0,1015.0,49.0,UNIVERSITAS COKROAMINOTO YOGYAKARTA,FAKULTAS TEKNIK,S1,BAIK SEKALI,SWASTA,D.I. YOGYAKARTA,BAIK SEKALI,3
6100000.0,6500.0,250.0,UNIVERSITAS DARMA PERSADA,FAKULTAS EKONOMI,S1,B,SWASTA,D.K.I. JAKARTA,B,2
6100000.0,6500.0,250.0,UNIVERSITAS DARMA PERSADA,FAKULTAS TEKNIK,S1,C,SWASTA,D.K.I. JAKARTA,B,2
6100000.0,6500.0,250.0,UNIVERSITAS DARMA PERSADA,FAKULTAS TEKNIK,S1,C,SWASTA,D.K.I. JAKARTA,B,2
6100000.0,6500.0,250.0,UNIVERSITAS DARMA PERSADA,FAKULTAS EKONOMI,S1,B,SWASTA,D.K.I. JAKARTA,B,2
6100000.0,6500.0,250.0,UNIVERSITAS DARMA PERSADA,FAKULTAS TEKNIK,S1,B,SWASTA,D.K.I. JAKARTA,B,2
6100000.0,6500.0,250.0,UNIVERSITAS DARMA PERSADA,FAKULTAS TEKNOLOGI KELAUTAN,S1,B,SWASTA,D.K.I. JAKARTA,B,2
6100000.0,6500.0,250.0,UNIVERSITAS DARMA PERSADA,FAKULTAS TEKNIK,S1,B,SWASTA,D.K.I. JAKARTA,B,2
6100000.0,6500.0,250.0,UNIVERSITAS DARMA PERSADA,FAKULTAS TEKNIK,S1,BAIK SEKALI,SWASTA,D.K.I. JAKARTA,B,2
6275000.0,1290.0,60.0,UNIVERSITAS DARUL ULUM ISLAMIC CENTRE SUDIRMAN,FAKULTAS KEGURUAN DAN ILMU PENDIDIKAN,S1,B,SWASTA,JAWA TENGAH,BAIK SEKALI,3
6275000.0,1290.0,60.0,UNIVERSITAS DARUL ULUM ISLAMIC CENTRE SUDIRMAN,FAKULTAS HUKUM,S1,BAIK,SWASTA,JAWA TENGAH,BAIK SEKALI,3
6275000.0,1290.0,60.0,UNIVERSITAS DARUL ULUM ISLAMIC CENTRE SUDIRMAN,FAKULTAS EKONOMI DAN BISNIS,S1,B,SWASTA,JAWA TENGAH,BAIK SEKALI,3
6275000.0,1290.0,60.0,UNIVERSITAS DARUL ULUM ISLAMIC CENTRE SUDIRMAN,FAKULTAS PETERNAKAN,S1,BAIK SEKALI,SWASTA,JAWA TENGAH,BAIK SEKALI,3
6275000.0,1290.0,60.0,UNIVERSITAS DARUL ULUM ISLAMIC CENTRE SUDIRMAN,FAKULTAS TEKNIK,S1,BAIK SEKALI,SWASTA,JAWA TENGAH,BAIK SEKALI,3
2000000.0,15672.0,381.0,UNIVERSITAS DIAN NUSWANTORO,FAKULTAS EKONOMI DAN BISNIS,S1,A,SWASTA,JAWA TENGAH,A,1
2000000.0,15672.0,381.0,UNIVERSITAS DIAN NUSWANTORO,FAKULTAS TEKNIK,S1,BAIK SEKALI,SWASTA,JAWA TENGAH,A,1
2000000.0,15672.0,381.0,UNIVERSITAS DIAN NUSWANTORO,FAKULTAS ILMU KOMPUTER,S1,A,SWASTA,JAWA TENGAH,A,1
2000000.0,15672.0,381.0,UNIVERSITAS DIAN NUSWANTORO,FAKULTAS TEKNIK,S1,B,SWASTA,JAWA TENGAH,A,1
2000000.0,15672.0,381.0,UNIVERSITAS DIAN NUSWANTORO,FAKULTAS TEKNIK,S1,B,SWASTA,JAWA TENGAH,A,1
2000000.0,15672.0,381.0,UNIVERSITAS DIAN NUSWANTORO,FAKULTAS ILMU KOMPUTER,S1,A,SWASTA,JAWA TENGAH,A,1
2000000.0,15672.0,381.0,UNIVERSITAS DIAN NUSWANTORO,FAKULTAS KESEHATAN,S1,UNGGUL,SWASTA,JAWA TENGAH,A,1
2000000.0,15672.0,381.0,UNIVERSITAS DIAN NUSWANTORO,FAKULTAS KESEHATAN,S1,B,SWASTA,JAWA TENGAH,A,1
2000000.0,15672.0,381.0,UNIVERSITAS DIAN NUSWANTORO,FAKULTAS EKONOMI DAN BISNIS,S1,A,SWASTA,JAWA TENGAH,A,1
2000000.0,15672.0,381.0,UNIVERSITAS DIAN NUSWANTORO,FAKULTAS KESEHATAN,S1,A,SWASTA,JAWA TENGAH,A,1
2000000.0,15672.0,381.0,UNIVERSITAS DIAN NUSWANTORO,FAKULTAS ILMU BUDAYA,S1,A,SWASTA,JAWA TENGAH,A,1
2000000.0,15672.0,381.0,UNIVERSITAS DIAN NUSWANTORO,FAKULTAS ILMU KOMPUTER,S1,A,SWASTA,JAWA TENGAH,A,1
11000000.0,1500.0,84.0,UNIVERSITAS DINAMIKA,FAKULTAS EKONOMI DAN BISNIS,S1,BAIK,SWASTA,JAWA TIMUR,BAIK SEKALI,3
11000000.0,1500.0,84.0,UNIVERSITAS DINAMIKA,FAKULTAS DESAIN DAN INDUSTRI KREATIF,S1,UNGGUL,SWASTA,JAWA TIMUR,BAIK SEKALI,3
11000000.0,1500.0,84.0,UNIVERSITAS DINAMIKA,FAKULTAS DESAIN DAN INDUSTRI KREATIF,S1,BAIK SEKALI,SWASTA,JAWA TIMUR,BAIK SEKALI,3
11000000.0,1500.0,84.0,UNIVERSITAS DINAMIKA,FAKULTAS TEKNOLOGI DAN INFORMATIKA,S1,B,SWASTA,JAWA TIMUR,BAIK SEKALI,3
11000000.0,1500.0,84.0,UNIVERSITAS DINAMIKA,FAKULTAS TEKNOLOGI DAN INFORMATIKA,S1,UNGGUL,SWASTA,JAWA TIMUR,BAIK SEKALI,3
9612500.0,3491.0,354.0,UNIVERSITAS DIRGANTARA MARSEKAL SURYADARMA,FAKULTAS EKONOMI,S1,BAIK SEKALI,SWASTA,D.K.I. JAKARTA,B,2
9612500.0,3491.0,354.0,UNIVERSITAS DIRGANTARA MARSEKAL SURYADARMA,FAKULTAS TEKNOLOGI INDUSTRI,S1,BAIK SEKALI,SWASTA,D.K.I. JAKARTA,B,2
9612500.0,3491.0,354.0,UNIVERSITAS DIRGANTARA MARSEKAL SURYADARMA,FAKULTAS HUKUM,S1,BAIK SEKALI,SWASTA,D.K.I. JAKARTA,B,2
9612500.0,3491.0,354.0,UNIVERSITAS DIRGANTARA MARSEKAL SURYADARMA,FAKULTAS TEKNOLOGI INDUSTRI,S1,BAIK SEKALI,SWASTA,D.K.I. JAKARTA,B,2
9612500.0,3491.0,354.0,UNIVERSITAS DIRGANTARA MARSEKAL SURYADARMA,FAKULTAS EKONOMI,S1,BAIK SEKALI,SWASTA,D.K.I. JAKARTA,B,2
9612500.0,3491.0,354.0,UNIVERSITAS DIRGANTARA MARSEKAL SURYADARMA,FAKULTAS TEKNOLOGI KEDIRGANTARAAN,S1,B,SWASTA,D.K.I. JAKARTA,B,2
9612500.0,3491.0,354.0,UNIVERSITAS DIRGANTARA MARSEKAL SURYADARMA,FAKULTAS TEKNOLOGI INDUSTRI,S1,BAIK SEKALI,SWASTA,D.K.I. JAKARTA,B,2
5400000.0,6507.0,241.0,UNIVERSITAS DJUANDA,"FAKULTAS ILMU SOSIAL, ILMU POLITIK DAN ILMU KOMPUTER",S1,UNGGUL,SWASTA,JAWA BARAT,B,2
5400000.0,6507.0,241.0,UNIVERSITAS DJUANDA,FAKULTAS PERTANIAN,S1,B,SWASTA,JAWA BARAT,B,2
5400000.0,6507.0,241.0,UNIVERSITAS DJUANDA,FAKULTAS PERTANIAN,S1,B,SWASTA,JAWA BARAT,B,2
5400000.0,6507.0,241.0,UNIVERSITAS DJUANDA,FAKULTAS EKONOMI,S1,B,SWASTA,JAWA BARAT,B,2
5400000.0,6507.0,241.0,UNIVERSITAS DJUANDA,FAKULTAS AGAMA ISLAM DAN PENDIDIKAN GURU,S1,B,SWASTA,JAWA BARAT,B,2
5400000.0,6507.0,241.0,UNIVERSITAS DJUANDA,FAKULTAS HUKUM,S1,B,SWASTA,JAWA BARAT,B,2
5400000.0,6507.0,241.0,UNIVERSITAS DJUANDA,"FAKULTAS ILMU SOSIAL, ILMU POLITIK DAN ILMU KOMPUTER",S1,B,SWASTA,JAWA BARAT,B,2
5400000.0,6507.0,241.0,UNIVERSITAS DJUANDA,"FAKULTAS ILMU SOSIAL, ILMU POLITIK DAN ILMU KOMPUTER",S1,BAIK,SWASTA,JAWA BARAT,B,2
5400000.0,6507.0,241.0,UNIVERSITAS DJUANDA,FAKULTAS EKONOMI,S1,B,SWASTA,JAWA BARAT,B,2
5400000.0,6507.0,241.0,UNIVERSITAS DJUANDA,FAKULTAS ILMU PANGAN HALAL,S1,B,SWASTA,JAWA BARAT,B,2
5400000.0,6507.0,241.0,UNIVERSITAS DJUANDA,FAKULTAS PERTANIAN,S1,A,SWASTA,JAWA BARAT,B,2
5400000.0,6507.0,241.0,UNIVERSITAS DJUANDA,FAKULTAS ILMU PANGAN HALAL,S1,B,SWASTA,JAWA BARAT,B,2
8760000.0,8481.0,238.0,UNIVERSITAS DR SOETOMO,ILMU ADMINISTRASI,S1,B,SWASTA,JAWA TIMUR,BAIK SEKALI,3
8760000.0,8481.0,238.0,UNIVERSITAS DR SOETOMO,EKONOMI DAN BISNIS,S1,BAIK SEKALI,SWASTA,JAWA TIMUR,BAIK SEKALI,3
8760000.0,8481.0,238.0,UNIVERSITAS DR SOETOMO,PERTANIAN,S1,BAIK SEKALI,SWASTA,JAWA TIMUR,BAIK SEKALI,3
8760000.0,8481.0,238.0,UNIVERSITAS DR SOETOMO,EKONOMI DAN BISNIS,S1,BAIK SEKALI,SWASTA,JAWA TIMUR,BAIK SEKALI,3
8760000.0,8481.0,238.0,UNIVERSITAS DR SOETOMO,TEKNIK,S1,BAIK,SWASTA,JAWA TIMUR,BAIK SEKALI,3
8760000.0,8481.0,238.0,UNIVERSITAS DR SOETOMO,HUKUM,S1,UNGGUL,SWASTA,JAWA TIMUR,BAIK SEKALI,3
8760000.0,8481.0,238.0,UNIVERSITAS DR SOETOMO,EKONOMI DAN BISNIS,S1,BAIK SEKALI,SWASTA,JAWA TIMUR,BAIK SEKALI,3
8760000.0,8481.0,238.0,UNIVERSITAS DR SOETOMO,PERTANIAN,S1,UNGGUL,SWASTA,JAWA TIMUR,BAIK SEKALI,3
8760000.0,8481.0,238.0,UNIVERSITAS DR SOETOMO,SASTRA,S1,B,SWASTA,JAWA TIMUR,BAIK SEKALI,3
8760000.0,8481.0,238.0,UNIVERSITAS DR SOETOMO,SASTRA,S1,B,SWASTA,JAWA TIMUR,BAIK SEKALI,3
8760000.0,8481.0,238.0,UNIVERSITAS DR SOETOMO,TEKNIK,S1,BAIK SEKALI,SWASTA,JAWA TIMUR,BAIK SEKALI,3
8760000.0,8481.0,238.0,UNIVERSITAS DR SOETOMO,PERTANIAN,S1,B,SWASTA,JAWA TIMUR,BAIK SEKALI,3
9350000.0,2306.0,87.0,UNIVERSITAS DR. SOEBANDI,EKONOMI DAN BISNIS,S1,BAIK,SWASTA,JAWA TIMUR,BAIK SEKALI,3
9350000.0,2306.0,87.0,UNIVERSITAS DR. SOEBANDI,ILMU KESEHATAN,S1,BAIK SEKALI,SWASTA,JAWA TIMUR,BAIK SEKALI,3
9350000.0,2306.0,87.0,UNIVERSITAS DR. SOEBANDI,ILMU KESEHATAN,S1,BAIK SEKALI,SWASTA,JAWA TIMUR,BAIK SEKALI,3
9350000.0,2306.0,87.0,UNIVERSITAS DR. SOEBANDI,ILMU KESEHATAN,S1,BAIK SEKALI,SWASTA,JAWA TIMUR,BAIK SEKALI,3
9350000.0,2306.0,87.0,UNIVERSITAS DR. SOEBANDI,EKONOMI DAN BISNIS,S1,BAIK,SWASTA,JAWA TIMUR,BAIK SEKALI,3
15512500.0,15749.0,592.0,UNIVERSITAS ESA UNGGUL,FAKULTAS EKONOMI DAN BISNIS,S1,A,SWASTA,D.K.I. JAKARTA,B,2
15512500.0,15749.0,592.0,UNIVERSITAS ESA UNGGUL,FAKULTAS ILMU-ILMU KESEHATAN,S1,B,SWASTA,D.K.I. JAKARTA,B,2
15512500.0,15749.0,592.0,UNIVERSITAS ESA UNGGUL,FAKULTAS EKONOMI DAN BISNIS,S1,A,SWASTA,D.K.I. JAKARTA,B,2
15512500.0,15749.0,592.0,UNIVERSITAS ESA UNGGUL,FAKULTAS DESAIN DAN INDUSTRI KREATIF,S1,B,SWASTA,D.K.I. JAKARTA,B,2
15512500.0,15749.0,592.0,UNIVERSITAS ESA UNGGUL,FAKULTAS DESAIN DAN INDUSTRI KREATIF,S1,B,SWASTA,D.K.I. JAKARTA,B,2
15512500.0,15749.0,592.0,UNIVERSITAS ESA UNGGUL,FAKULTAS DESAIN DAN INDUSTRI KREATIF,S1,A,SWASTA,D.K.I. JAKARTA,B,2
15512500.0,15749.0,592.0,UNIVERSITAS ESA UNGGUL,FAKULTAS ILMU-ILMU KESEHATAN,S1,C,SWASTA,D.K.I. JAKARTA,B,2
15512500.0,15749.0,592.0,UNIVERSITAS ESA UNGGUL,FAKULTAS FISIOTERAPI,S1,B,SWASTA,D.K.I. JAKARTA,B,2
15512500.0,15749.0,592.0,UNIVERSITAS ESA UNGGUL,FAKULTAS ILMU-ILMU KESEHATAN,S1,B,SWASTA,D.K.I. JAKARTA,B,2
15512500.0,15749.0,592.0,UNIVERSITAS ESA UNGGUL,FAKULTAS KEGURUAN DAN ILMU PENDIDIKAN,S1,B,SWASTA,D.K.I. JAKARTA,B,2
15512500.0,15749.0,592.0,UNIVERSITAS ESA UNGGUL,FAKULTAS HUKUM,S1,A,SWASTA,D.K.I. JAKARTA,B,2
15512500.0,15749.0,592.0,UNIVERSITAS ESA UNGGUL,FAKULTAS TEKNIK,S1,BAIK SEKALI,SWASTA,D.K.I. JAKARTA,B,2
15512500.0,15749.0,592.0,UNIVERSITAS ESA UNGGUL,FAKULTAS ILMU KOMPUTER,S1,A,SWASTA,D.K.I. JAKARTA,B,2
15512500.0,15749.0,592.0,UNIVERSITAS ESA UNGGUL,FAKULTAS ILMU KOMUNIKASI,S1,A,SWASTA,D.K.I. JAKARTA,B,2
15512500.0,15749.0,592.0,UNIVERSITAS ESA UNGGUL,FAKULTAS ILMU-ILMU KESEHATAN,S1,B,SWASTA,D.K.I. JAKARTA,B,2
15512500.0,15749.0,592.0,UNIVERSITAS ESA UNGGUL,FAKULTAS ILMU-ILMU KESEHATAN,S1,B,SWASTA,D.K.I. JAKARTA,B,2
15512500.0,15749.0,592.0,UNIVERSITAS ESA UNGGUL,FAKULTAS ILMU KOMUNIKASI,S1,A,SWASTA,D.K.I. JAKARTA,B,2
15512500.0,15749.0,592.0,UNIVERSITAS ESA UNGGUL,FAKULTAS TEKNIK,S1,B,SWASTA,D.K.I. JAKARTA,B,2
15512500.0,15749.0,592.0,UNIVERSITAS ESA UNGGUL,FAKULTAS PSIKOLOGI,S1,B,SWASTA,D.K.I. JAKARTA,B,2
15512500.0,15749.0,592.0,UNIVERSITAS ESA UNGGUL,FAKULTAS ILMU KOMPUTER,S1,B,SWASTA,D.K.I. JAKARTA,B,2
6000000.0,2255.0,118.0,UNIVERSITAS GAJAYANA,FAKULTAS EKONOMI & BISNIS,S1,UNGGUL,SWASTA,JAWA TIMUR,B,3
6000000.0,2255.0,118.0,UNIVERSITAS GAJAYANA,FAKULTAS EKONOMI & BISNIS,S1,BAIK,SWASTA,JAWA TIMUR,B,3
6000000.0,2255.0,118.0,UNIVERSITAS GAJAYANA,FAKULTAS TEKNIK & INFORMATIKA,S1,B,SWASTA,JAWA TIMUR,B,2
6000000.0,2255.0,118.0,UNIVERSITAS GAJAYANA,FAKULTAS ILMU SOSIAL & BUDAYA,S1,BAIK,SWASTA,JAWA TIMUR,B,3
6000000.0,2255.0,118.0,UNIVERSITAS GAJAYANA,FAKULTAS TEKNIK & INFORMATIKA,S1,BAIK,SWASTA,JAWA TIMUR,B,3
6000000.0,2255.0,118.0,UNIVERSITAS GAJAYANA,FAKULTAS EKONOMI & BISNIS,S1,BAIK SEKALI,SWASTA,JAWA TIMUR,B,3
6000000.0,2255.0,118.0,UNIVERSITAS GAJAYANA,FAKULTAS ILMU SOSIAL & BUDAYA,S1,BAIK SEKALI,SWASTA,JAWA TIMUR,B,3
6000000.0,2255.0,118.0,UNIVERSITAS GAJAYANA,FAKULTAS TEKNIK & INFORMATIKA,S1,BAIK SEKALI,SWASTA,JAWA TIMUR,B,3
2125000.0,6864.0,249.0,UNIVERSITAS GALUH CIAMIS,FAKULTAS ILMU SOSIAL DAN ILMU POLITIK,S1,B,SWASTA,JAWA BARAT,B,2
2125000.0,6864.0,249.0,UNIVERSITAS GALUH CIAMIS,FAKULTAS PERTANIAN,S1,B,SWASTA,JAWA BARAT,B,2
2125000.0,6864.0,249.0,UNIVERSITAS GALUH CIAMIS,FAKULTAS EKONOMI,S1,B,SWASTA,JAWA BARAT,B,2
2125000.0,6864.0,249.0,UNIVERSITAS GALUH CIAMIS,FAKULTAS ILMU KESEHATAN,S1,C,SWASTA,JAWA BARAT,B,2
2125000.0,6864.0,249.0,UNIVERSITAS GALUH CIAMIS,FAKULTAS EKONOMI,S1,B,SWASTA,JAWA BARAT,B,2
2125000.0,6864.0,249.0,UNIVERSITAS GALUH CIAMIS,FAKULTAS KEGURUAN DAN ILMU PENDIDIKAN,S1,C,SWASTA,JAWA BARAT,B,2
2125000.0,6864.0,249.0,UNIVERSITAS GALUH CIAMIS,FAKULTAS TEKNIK,S1,BAIK,SWASTA,JAWA BARAT,B,2
2125000.0,6864.0,249.0,UNIVERSITAS GALUH CIAMIS,FAKULTAS ILMU SOSIAL DAN ILMU POLITIK,S1,B,SWASTA,JAWA BARAT,B,2
2125000.0,6864.0,249.0,UNIVERSITAS GALUH CIAMIS,FAKULTAS TEKNIK,S1,B,SWASTA,JAWA BARAT,B,2
8050000.0,37611.0,37611.0,UNIVERSITAS GUNADARMA,FAKULTAS EKONOMI,S1,A,SWASTA,JAWA BARAT,A,0
8050000.0,37611.0,37611.0,UNIVERSITAS GUNADARMA,FAKULTAS TEKNIK SIPIL DAN PERENCANAAN,S1,A,SWASTA,JAWA BARAT,A,0
8050000.0,37611.0,37611.0,UNIVERSITAS GUNADARMA,FAKULTAS TEKNIK SIPIL DAN PERENCANAAN,S1,B,SWASTA,JAWA BARAT,A,0
8050000.0,37611.0,37611.0,UNIVERSITAS GUNADARMA,FAKULTAS TEKNOLOGI INDUSTRI,S1,A,SWASTA,JAWA BARAT,A,0
8050000.0,37611.0,37611.0,UNIVERSITAS GUNADARMA,FAKULTAS TEKNOLOGI INDUSTRI,S1,A,SWASTA,JAWA BARAT,A,0
8050000.0,37611.0,37611.0,UNIVERSITAS GUNADARMA,FAKULTAS TEKNOLOGI INDUSTRI,S1,A,SWASTA,JAWA BARAT,A,0
8050000.0,37611.0,37611.0,UNIVERSITAS GUNADARMA,FAKULTAS EKONOMI,S1,A,SWASTA,JAWA BARAT,A,0
8050000.0,37611.0,37611.0,UNIVERSITAS GUNADARMA,FAKULTAS TEKNOLOGI INDUSTRI,S1,A,SWASTA,JAWA BARAT,A,0
8050000.0,37611.0,37611.0,UNIVERSITAS GUNADARMA,FAKULTAS PSIKOLOGI,S1,A,SWASTA,JAWA BARAT,A,0
8050000.0,37611.0,37611.0,UNIVERSITAS GUNADARMA,FAKULTAS SASTRA,S1,A,SWASTA,JAWA BARAT,A,0
8050000.0,37611.0,37611.0,UNIVERSITAS GUNADARMA,FAKULTAS TEKNIK SIPIL DAN PERENCANAAN,S1,A,SWASTA,JAWA BARAT,A,0
8050000.0,37611.0,37611.0,UNIVERSITAS GUNADARMA,FAKULTAS ILMU KOMPUTER DAN TEKNOLOGI INFORMASI,S1,A,SWASTA,JAWA BARAT,A,0
2400000.0,1503.0,65.0,UNIVERSITAS GUNUNG RINJANI,FAKULTAS PERTANIAN,S1,BAIK,SWASTA,NUSA TENGGARA BARAT,BAIK,3
2400000.0,1503.0,65.0,UNIVERSITAS GUNUNG RINJANI,FAKULTAS KEGURUAN DAN ILMU PENDIDIKAN,S1,BAIK,SWASTA,NUSA TENGGARA BARAT,BAIK,3
2400000.0,1503.0,65.0,UNIVERSITAS GUNUNG RINJANI,FAKULTAS HUKUM,S1,BAIK,SWASTA,NUSA TENGGARA BARAT,BAIK,3
2400000.0,1503.0,65.0,UNIVERSITAS GUNUNG RINJANI,FAKULTAS PERIKANAN,S1,BAIK,SWASTA,NUSA TENGGARA BARAT,BAIK,3
73450000.0,5376.0,327.0,UNIVERSITAS HANG TUAH,FAKULTAS ILMU SOSIAL DAN ILMU POLITIK,S1,UNGGUL,SWASTA,JAWA TIMUR,B,4
73450000.0,5376.0,327.0,UNIVERSITAS HANG TUAH,FAKULTAS ILMU SOSIAL DAN ILMU POLITIK,S1,UNGGUL,SWASTA,JAWA TIMUR,B,4
73450000.0,5376.0,327.0,UNIVERSITAS HANG TUAH,FAKULTAS TEKNIK DAN ILMU KELAUTAN,S1,B,SWASTA,JAWA TIMUR,B,4
73450000.0,5376.0,327.0,UNIVERSITAS HANG TUAH,FAKULTAS KEDOKTERAN,S1,B,SWASTA,JAWA TIMUR,B,4
73450000.0,5376.0,327.0,UNIVERSITAS HANG TUAH,FAKULTAS HUKUM,S1,B,SWASTA,JAWA TIMUR,B,4
73450000.0,5376.0,327.0,UNIVERSITAS HANG TUAH,FAKULTAS KEDOKTERAN,S1,B,SWASTA,JAWA TIMUR,B,4
73450000.0,5376.0,327.0,UNIVERSITAS HANG TUAH,FAKULTAS KEDOKTERAN GIGI,S1,A,SWASTA,JAWA TIMUR,B,4
73450000.0,5376.0,327.0,UNIVERSITAS HANG TUAH,FAKULTAS TEKNIK DAN ILMU KELAUTAN,S1,B,SWASTA,JAWA TIMUR,B,4
73450000.0,5376.0,327.0,UNIVERSITAS HANG TUAH,FAKULTAS TEKNIK DAN ILMU KELAUTAN,S1,B,SWASTA,JAWA TIMUR,B,4
73450000.0,5376.0,327.0,UNIVERSITAS HANG TUAH,FAKULTAS PSIKOLOGI,S1,B,SWASTA,JAWA TIMUR,B,4
10655000.0,1842.0,108.0,UNIVERSITAS HAYAM WURUK PERBANAS,EKONOMI DAN BISNIS,S1,UNGGUL,SWASTA,JAWA TIMUR,A,3
10655000.0,1842.0,108.0,UNIVERSITAS HAYAM WURUK PERBANAS,EKONOMI DAN BISNIS,S1,UNGGUL,SWASTA,JAWA TIMUR,A,3
3500000.0,14690.0,363.0,UNIVERSITAS HKBP NOMMENSEN,FAKULTAS PERTANIAN,S1,B,SWASTA,SUMATERA UTARA,B,2
3500000.0,14690.0,363.0,UNIVERSITAS HKBP NOMMENSEN,FAKULTAS PERTANIAN,S1,B,SWASTA,SUMATERA UTARA,B,2
3500000.0,14690.0,363.0,UNIVERSITAS HKBP NOMMENSEN,FAKULTAS EKONOMI,S1,B,SWASTA,SUMATERA UTARA,B,2
3500000.0,14690.0,363.0,UNIVERSITAS HKBP NOMMENSEN,FAKULTAS EKONOMI,S1,B,SWASTA,SUMATERA UTARA,B,2
3500000.0,14690.0,363.0,UNIVERSITAS HKBP NOMMENSEN,FAKULTAS TEKNIK,S1,B,SWASTA,SUMATERA UTARA,B,2
3500000.0,14690.0,363.0,UNIVERSITAS HKBP NOMMENSEN,FAKULTAS HUKUM,S1,B,SWASTA,SUMATERA UTARA,B,2
3500000.0,14690.0,363.0,UNIVERSITAS HKBP NOMMENSEN,FAKULTAS KEDOKTERAN,S1,B,SWASTA,SUMATERA UTARA,B,2
3500000.0,14690.0,363.0,UNIVERSITAS HKBP NOMMENSEN,FAKULTAS EKONOMI,S1,B,SWASTA,SUMATERA UTARA,B,2
3500000.0,14690.0,363.0,UNIVERSITAS HKBP NOMMENSEN,FAKULTAS KEGURUAN DAN ILMU PENDIDIKAN,S1,B,SWASTA,SUMATERA UTARA,B,2
3500000.0,14690.0,363.0,UNIVERSITAS HKBP NOMMENSEN,FAKULTAS TEKNIK,S1,B,SWASTA,SUMATERA UTARA,B,2
3500000.0,14690.0,363.0,UNIVERSITAS HKBP NOMMENSEN,FAKULTAS PERTANIAN,S1,B,SWASTA,SUMATERA UTARA,B,2
3500000.0,14690.0,363.0,UNIVERSITAS HKBP NOMMENSEN,FAKULTAS PETERNAKAN,S1,B,SWASTA,SUMATERA UTARA,B,2
3500000.0,14690.0,363.0,UNIVERSITAS HKBP NOMMENSEN,FAKULTAS BAHASA DAN SENI,S1,B,SWASTA,SUMATERA UTARA,B,2
3500000.0,14690.0,363.0,UNIVERSITAS HKBP NOMMENSEN,FAKULTAS BAHASA DAN SENI,S1,B,SWASTA,SUMATERA UTARA,B,2
3500000.0,14690.0,363.0,UNIVERSITAS HKBP NOMMENSEN,FAKULTAS TEKNIK,S1,B,SWASTA,SUMATERA UTARA,B,2
6000000.0,2971.0,175.0,UNIVERSITAS INDONESIA MAJU,ILMU KESEHATAN,S1,BAIK,SWASTA,D.K.I. JAKARTA,BAIK,2
6000000.0,2971.0,175.0,UNIVERSITAS INDONESIA MAJU,EKONOMI DAN BISNIS,S1,BAIK,SWASTA,D.K.I. JAKARTA,BAIK,2
6000000.0,2971.0,175.0,UNIVERSITAS INDONESIA MAJU,ILMU KESEHATAN,S1,BAIK SEKALI,SWASTA,D.K.I. JAKARTA,BAIK,3
6000000.0,2971.0,175.0,UNIVERSITAS INDONESIA MAJU,ILMU KESEHATAN,S1,BAIK,SWASTA,D.K.I. JAKARTA,BAIK,2
6000000.0,2971.0,175.0,UNIVERSITAS INDONESIA MAJU,HUKUM,S1,BAIK,SWASTA,D.K.I. JAKARTA,BAIK,2
6000000.0,2971.0,175.0,UNIVERSITAS INDONESIA MAJU,ILMU KOMUNIKASI,S1,BAIK,SWASTA,D.K.I. JAKARTA,BAIK,2
6000000.0,2971.0,175.0,UNIVERSITAS INDONESIA MAJU,ILMU KESEHATAN,S1,BAIK SEKALI,SWASTA,D.K.I. JAKARTA,BAIK,3
6000000.0,2971.0,175.0,UNIVERSITAS INDONESIA MAJU,ILMU KESEHATAN,S1,UNGGUL,SWASTA,D.K.I. JAKARTA,BAIK,2
6000000.0,2971.0,175.0,UNIVERSITAS INDONESIA MAJU,EKONOMI DAN BISNIS,S1,BAIK,SWASTA,D.K.I. JAKARTA,BAIK,2
6000000.0,2971.0,175.0,UNIVERSITAS INDONESIA MAJU,PSIKOLOGI,S1,BAIK,SWASTA,D.K.I. JAKARTA,BAIK,2
10850000.0,7253.0,480.0,UNIVERSITAS INDONESIA TIMUR,FAKULTAS FARMASI,S1,BAIK,SWASTA,SULAWESI SELATAN,BAIK SEKALI,3
10850000.0,7253.0,480.0,UNIVERSITAS INDONESIA TIMUR,FAKULTAS HUKUM,S1,B,SWASTA,SULAWESI SELATAN,BAIK SEKALI,2
10850000.0,7253.0,480.0,UNIVERSITAS INDONESIA TIMUR,FAKULTAS ILMU SOSIAL DAN POLITIK,S1,B,SWASTA,SULAWESI SELATAN,BAIK SEKALI,2
10850000.0,7253.0,480.0,UNIVERSITAS INDONESIA TIMUR,FAKULTAS TEKNIK,S1,BAIK SEKALI,SWASTA,SULAWESI SELATAN,BAIK SEKALI,3
10850000.0,7253.0,480.0,UNIVERSITAS INDONESIA TIMUR,FAKULTAS PERTANIAN,S1,B,SWASTA,SULAWESI SELATAN,BAIK SEKALI,2
10850000.0,7253.0,480.0,UNIVERSITAS INDONESIA TIMUR,FAKULTAS KEPERAWATAN,S1,BAIK,SWASTA,SULAWESI SELATAN,BAIK SEKALI,3
10850000.0,7253.0,480.0,UNIVERSITAS INDONESIA TIMUR,FAKULTAS KESEHATAN MASYARAKAT,S1,BAIK SEKALI,SWASTA,SULAWESI SELATAN,BAIK SEKALI,3
10850000.0,7253.0,480.0,UNIVERSITAS INDONESIA TIMUR,FAKULTAS ILMU SOSIAL DAN POLITIK,S1,BAIK,SWASTA,SULAWESI SELATAN,BAIK SEKALI,3
10850000.0,7253.0,480.0,UNIVERSITAS INDONESIA TIMUR,FAKULTAS PSIKOLOGI,S1,B,SWASTA,SULAWESI SELATAN,BAIK SEKALI,2
4575000.0,35905.0,911.0,UNIVERSITAS INDRAPRASTA PGRI,FAKULTAS TEKNIK DAN ILMU KOMPUTER,S1,B,SWASTA,D.K.I. JAKARTA,B,2
4575000.0,35905.0,911.0,UNIVERSITAS INDRAPRASTA PGRI,FAKULTAS MATEMATIKA DAN IPA,S1,B,SWASTA,D.K.I. JAKARTA,B,2
4575000.0,35905.0,911.0,UNIVERSITAS INDRAPRASTA PGRI,FAKULTAS BAHASA DAN SENI,S1,A,SWASTA,D.K.I. JAKARTA,B,1
4575000.0,35905.0,911.0,UNIVERSITAS INDRAPRASTA PGRI,FAKULTAS ILMU PENDIDIKAN DAN PENGETAHUAN SOSIAL,S1,B,SWASTA,D.K.I. JAKARTA,B,2
4575000.0,35905.0,911.0,UNIVERSITAS INDRAPRASTA PGRI,FAKULTAS MATEMATIKA DAN IPA,S1,A,SWASTA,D.K.I. JAKARTA,B,1
4575000.0,35905.0,911.0,UNIVERSITAS INDRAPRASTA PGRI,FAKULTAS TEKNIK DAN ILMU KOMPUTER,S1,B,SWASTA,D.K.I. JAKARTA,B,2
4575000.0,35905.0,911.0,UNIVERSITAS INDRAPRASTA PGRI,FAKULTAS TEKNIK DAN ILMU KOMPUTER,S1,B,SWASTA,D.K.I. JAKARTA,B,2
4575000.0,35905.0,911.0,UNIVERSITAS INDRAPRASTA PGRI,FAKULTAS MATEMATIKA DAN IPA,S1,B,SWASTA,D.K.I. JAKARTA,B,2
7000000.0,2197.0,97.0,UNIVERSITAS INTERNASIONAL SEMEN INDONESIA,FAKULTAS EKONOMI DAN BISNIS,S1,B,SWASTA,JAWA TIMUR,BAIK SEKALI,3
7000000.0,2197.0,97.0,UNIVERSITAS INTERNASIONAL SEMEN INDONESIA,FAKULTAS TEKNOLOGI INFORMASI DAN KREATIF,S1,B,SWASTA,JAWA TIMUR,BAIK SEKALI,3
7000000.0,2197.0,97.0,UNIVERSITAS INTERNASIONAL SEMEN INDONESIA,FAKULTAS TEKNOLOGI INFORMASI DAN KREATIF,S1,C,SWASTA,JAWA TIMUR,BAIK SEKALI,3
7000000.0,2197.0,97.0,UNIVERSITAS INTERNASIONAL SEMEN INDONESIA,FAKULTAS TEKNOLOGI INDUSTRI DAN AGROINDUSTRI,S1,C,SWASTA,JAWA TIMUR,BAIK SEKALI,3
7000000.0,2197.0,97.0,UNIVERSITAS INTERNASIONAL SEMEN INDONESIA,FAKULTAS EKONOMI DAN BISNIS,S1,C,SWASTA,JAWA TIMUR,BAIK SEKALI,3
7000000.0,2197.0,97.0,UNIVERSITAS INTERNASIONAL SEMEN INDONESIA,FAKULTAS TEKNOLOGI INFORMASI DAN KREATIF,S1,C,SWASTA,JAWA TIMUR,BAIK SEKALI,3
6000000.0,7901.0,254.0,UNIVERSITAS ISLAM 45 BEKASI,FAKULTAS PERTANIAN,S1,B,SWASTA,JAWA BARAT,B,2
6000000.0,7901.0,254.0,UNIVERSITAS ISLAM 45 BEKASI,FAKULTAS EKONOMI,S1,B,SWASTA,JAWA BARAT,B,2
6000000.0,7901.0,254.0,UNIVERSITAS ISLAM 45 BEKASI,FAKULTAS TEKNIK,S1,B,SWASTA,JAWA BARAT,B,2
6000000.0,7901.0,254.0,UNIVERSITAS ISLAM 45 BEKASI,FAKULTAS KEGURUAN DAN ILMU PENDIDIKAN,S1,B,SWASTA,JAWA BARAT,B,2
6000000.0,7901.0,254.0,UNIVERSITAS ISLAM 45 BEKASI,FAKULTAS KEGURUAN DAN ILMU PENDIDIKAN,S1,B,SWASTA,JAWA BARAT,B,2
6000000.0,7901.0,254.0,UNIVERSITAS ISLAM 45 BEKASI,"FAKULTAS KOMUNIKASI, SASTRA, DAN BAHASA",S1,B,SWASTA,JAWA BARAT,B,2
6000000.0,7901.0,254.0,UNIVERSITAS ISLAM 45 BEKASI,FAKULTAS EKONOMI,S1,B,SWASTA,JAWA BARAT,B,2
6000000.0,7901.0,254.0,UNIVERSITAS ISLAM 45 BEKASI,FAKULTAS TEKNIK,S1,B,SWASTA,JAWA BARAT,B,2
6000000.0,7901.0,254.0,UNIVERSITAS ISLAM 45 BEKASI,FAKULTAS KEGURUAN DAN ILMU PENDIDIKAN,S1,B,SWASTA,JAWA BARAT,B,2
6000000.0,7901.0,254.0,UNIVERSITAS ISLAM 45 BEKASI,FAKULTAS ILMU SOSIAL DAN ILMU POLITIK,S1,B,SWASTA,JAWA BARAT,B,2
6000000.0,7901.0,254.0,UNIVERSITAS ISLAM 45 BEKASI,FAKULTAS ILMU SOSIAL DAN ILMU POLITIK,S1,B,SWASTA,JAWA BARAT,B,2
6000000.0,7901.0,254.0,UNIVERSITAS ISLAM 45 BEKASI,"FAKULTAS KOMUNIKASI, SASTRA, DAN BAHASA",S1,B,SWASTA,JAWA BARAT,B,2
6000000.0,7901.0,254.0,UNIVERSITAS ISLAM 45 BEKASI,FAKULTAS TEKNIK,S1,B,SWASTA,JAWA BARAT,B,2
46625000.0,10167.0,10167.0,UNIVERSITAS ISLAM BANDUNG,FAKULTAS EKONOMI & BISNIS,S1,A,SWASTA,JAWA BARAT,UNGGUL,1
46625000.0,10167.0,10167.0,UNIVERSITAS ISLAM BANDUNG,FAKULTAS MATEMATIKA & ILMU PENGETAHUAN ALAM,S1,B,SWASTA,JAWA BARAT,UNGGUL,4
46625000.0,10167.0,10167.0,UNIVERSITAS ISLAM BANDUNG,FAKULTAS HUKUM,S1,A,SWASTA,JAWA BARAT,UNGGUL,1
46625000.0,10167.0,10167.0,UNIVERSITAS ISLAM BANDUNG,FAKULTAS DAKWAH,S1,A,SWASTA,JAWA BARAT,UNGGUL,1
46625000.0,10167.0,10167.0,UNIVERSITAS ISLAM BANDUNG,FAKULTAS TEKNIK,S1,B,SWASTA,JAWA BARAT,UNGGUL,2
46625000.0,10167.0,10167.0,UNIVERSITAS ISLAM BANDUNG,FAKULTAS KEDOKTERAN,S1,B,SWASTA,JAWA BARAT,UNGGUL,4
46625000.0,10167.0,10167.0,UNIVERSITAS ISLAM BANDUNG,FAKULTAS EKONOMI & BISNIS,S1,A,SWASTA,JAWA BARAT,UNGGUL,1
46625000.0,10167.0,10167.0,UNIVERSITAS ISLAM BANDUNG,FAKULTAS MATEMATIKA & ILMU PENGETAHUAN ALAM,S1,B,SWASTA,JAWA BARAT,UNGGUL,4
46625000.0,10167.0,10167.0,UNIVERSITAS ISLAM BANDUNG,FAKULTAS TEKNIK,S1,A,SWASTA,JAWA BARAT,UNGGUL,1
46625000.0,10167.0,10167.0,UNIVERSITAS ISLAM BANDUNG,FAKULTAS TEKNIK,S1,B,SWASTA,JAWA BARAT,UNGGUL,2
46625000.0,10167.0,10167.0,UNIVERSITAS ISLAM BANDUNG,FAKULTAS PSIKOLOGI,S1,A,SWASTA,JAWA BARAT,UNGGUL,1
46625000.0,10167.0,10167.0,UNIVERSITAS ISLAM BANDUNG,FAKULTAS MATEMATIKA & ILMU PENGETAHUAN ALAM,S1,B,SWASTA,JAWA BARAT,UNGGUL,4
12500000.0,21264.0,717.0,UNIVERSITAS ISLAM INDONESIA,FAKULTAS BISNIS DAN EKONOMIKA,S1,A,SWASTA,D.I. YOGYAKARTA,A,1
12500000.0,21264.0,717.0,UNIVERSITAS ISLAM INDONESIA,FAKULTAS TEKNIK SIPIL DAN PERENCANAAN,S1,A,SWASTA,D.I. YOGYAKARTA,A,1
12500000.0,21264.0,717.0,UNIVERSITAS ISLAM INDONESIA,FAKULTAS BISNIS DAN EKONOMIKA,S1,A,SWASTA,D.I. YOGYAKARTA,A,1
12500000.0,21264.0,717.0,UNIVERSITAS ISLAM INDONESIA,FAKULTAS TEKNOLOGI INDUSTRI,S1,A,SWASTA,D.I. YOGYAKARTA,A,1
12500000.0,21264.0,717.0,UNIVERSITAS ISLAM INDONESIA,FAKULTAS MATEMATIKA DAN ILMU PENGETAHUAN ALAM,S1,B,SWASTA,D.I. YOGYAKARTA,A,1
12500000.0,21264.0,717.0,UNIVERSITAS ISLAM INDONESIA,FAKULTAS PSIKOLOGI DAN ILMU SOSIAL BUDAYA,S1,B,SWASTA,D.I. YOGYAKARTA,A,1
12500000.0,21264.0,717.0,UNIVERSITAS ISLAM INDONESIA,FAKULTAS ILMU AGAMA ISLAM,S1,A,SWASTA,D.I. YOGYAKARTA,A,1
12500000.0,21264.0,717.0,UNIVERSITAS ISLAM INDONESIA,FAKULTAS PSIKOLOGI DAN ILMU SOSIAL BUDAYA,S1,A,SWASTA,D.I. YOGYAKARTA,A,1
12500000.0,21264.0,717.0,UNIVERSITAS ISLAM INDONESIA,FAKULTAS TEKNOLOGI INDUSTRI,S1,A,SWASTA,D.I. YOGYAKARTA,A,1
12500000.0,21264.0,717.0,UNIVERSITAS ISLAM INDONESIA,FAKULTAS TEKNOLOGI INDUSTRI,S1,A,SWASTA,D.I. YOGYAKARTA,A,1
12500000.0,21264.0,717.0,UNIVERSITAS ISLAM INDONESIA,FAKULTAS KEDOKTERAN,S1,A,SWASTA,D.I. YOGYAKARTA,A,1
12500000.0,21264.0,717.0,UNIVERSITAS ISLAM INDONESIA,FAKULTAS TEKNOLOGI INDUSTRI,S1,A,SWASTA,D.I. YOGYAKARTA,A,1
12500000.0,21264.0,717.0,UNIVERSITAS ISLAM INDONESIA,FAKULTAS TEKNIK SIPIL DAN PERENCANAAN,S1,A,SWASTA,D.I. YOGYAKARTA,A,1
12500000.0,21264.0,717.0,UNIVERSITAS ISLAM INDONESIA,FAKULTAS BISNIS DAN EKONOMIKA,S1,A,SWASTA,D.I. YOGYAKARTA,A,1
12500000.0,21264.0,717.0,UNIVERSITAS ISLAM INDONESIA,FAKULTAS TEKNOLOGI INDUSTRI,S1,A,SWASTA,D.I. YOGYAKARTA,A,1
12500000.0,21264.0,717.0,UNIVERSITAS ISLAM INDONESIA,FAKULTAS PSIKOLOGI DAN ILMU SOSIAL BUDAYA,S1,A,SWASTA,D.I. YOGYAKARTA,A,1
12500000.0,21264.0,717.0,UNIVERSITAS ISLAM INDONESIA,FAKULTAS TEKNIK SIPIL DAN PERENCANAAN,S1,A,SWASTA,D.I. YOGYAKARTA,A,1
12500000.0,21264.0,717.0,UNIVERSITAS ISLAM INDONESIA,FAKULTAS MATEMATIKA DAN ILMU PENGETAHUAN ALAM,S1,B,SWASTA,D.I. YOGYAKARTA,A,1
6475000.0,2033.0,93.0,UNIVERSITAS ISLAM JAKARTA,FAKULTAS HUKUM,S1,B,SWASTA,D.K.I. JAKARTA,B,2
6475000.0,2033.0,93.0,UNIVERSITAS ISLAM JAKARTA,FAKULTAS TEKNIK,S1,C,SWASTA,D.K.I. JAKARTA,B,2
6475000.0,2033.0,93.0,UNIVERSITAS ISLAM JAKARTA,FAKULTAS EKONOMI,S1,B,SWASTA,D.K.I. JAKARTA,B,2
2850000.0,2929.0,108.0,UNIVERSITAS ISLAM JEMBER,FAKULTAS PERTANIAN,S1,B,SWASTA,JAWA TIMUR,BAIK,3
2850000.0,2929.0,108.0,UNIVERSITAS ISLAM JEMBER,FAKULTAS PERTANIAN,S1,B,SWASTA,JAWA TIMUR,BAIK,3
2850000.0,2929.0,108.0,UNIVERSITAS ISLAM JEMBER,FAKULTAS KEGURUAN DAN ILMU PENDIDIKAN,S1,B,SWASTA,JAWA TIMUR,BAIK,3
2850000.0,2929.0,108.0,UNIVERSITAS ISLAM JEMBER,FAKULTAS HUKUM,S1,B,SWASTA,JAWA TIMUR,BAIK,3
2850000.0,2929.0,108.0,UNIVERSITAS ISLAM JEMBER,FAKULTAS ILMU SOSIAL DAN ILMU POLITIK,S1,B,SWASTA,JAWA TIMUR,BAIK,3
2850000.0,2929.0,108.0,UNIVERSITAS ISLAM JEMBER,FAKULTAS KEGURUAN DAN ILMU PENDIDIKAN,S1,B,SWASTA,JAWA TIMUR,BAIK,3
3500000.0,8003.0,321.0,UNIVERSITAS ISLAM MAKASSAR,FAKULTAS SOSIAL DAN ILMU POLITIK,S1,BAIK SEKALI,SWASTA,SULAWESI SELATAN,B,2
3500000.0,8003.0,321.0,UNIVERSITAS ISLAM MAKASSAR,FAKULTAS SOSIAL DAN ILMU POLITIK,S1,BAIK SEKALI,SWASTA,SULAWESI SELATAN,B,2
3500000.0,8003.0,321.0,UNIVERSITAS ISLAM MAKASSAR,FAKULTAS PERTANIAN,S1,B,SWASTA,SULAWESI SELATAN,B,2
3500000.0,8003.0,321.0,UNIVERSITAS ISLAM MAKASSAR,FAKULTAS PERTANIAN,S1,B,SWASTA,SULAWESI SELATAN,B,2
3500000.0,8003.0,321.0,UNIVERSITAS ISLAM MAKASSAR,FAKULTAS TEKNIK,S1,BAIK,SWASTA,SULAWESI SELATAN,B,2
3500000.0,8003.0,321.0,UNIVERSITAS ISLAM MAKASSAR,FAKULTAS MATEMATIKA DAN IPA,S1,BAIK SEKALI,SWASTA,SULAWESI SELATAN,B,2
3500000.0,8003.0,321.0,UNIVERSITAS ISLAM MAKASSAR,FAKULTAS KEGURUAN DAN ILMU PENDIDIKAN,S1,UNGGUL,SWASTA,SULAWESI SELATAN,B,2
3500000.0,8003.0,321.0,UNIVERSITAS ISLAM MAKASSAR,FAKULTAS KEGURUAN DAN ILMU PENDIDIKAN,S1,B,SWASTA,SULAWESI SELATAN,B,2
3500000.0,8003.0,321.0,UNIVERSITAS ISLAM MAKASSAR,FAKULTAS HUKUM,S1,BAIK,SWASTA,SULAWESI SELATAN,B,2
3500000.0,8003.0,321.0,UNIVERSITAS ISLAM MAKASSAR,FAKULTAS SOSIAL DAN ILMU POLITIK,S1,B,SWASTA,SULAWESI SELATAN,B,2
3500000.0,8003.0,321.0,UNIVERSITAS ISLAM MAKASSAR,FAKULTAS SASTRA DAN HUMANIORA,S1,BAIK,SWASTA,SULAWESI SELATAN,B,2
3500000.0,8003.0,321.0,UNIVERSITAS ISLAM MAKASSAR,FAKULTAS TEKNIK,S1,BAIK SEKALI,SWASTA,SULAWESI SELATAN,B,2
3500000.0,8003.0,321.0,UNIVERSITAS ISLAM MAKASSAR,FAKULTAS TEKNIK,S1,B,SWASTA,SULAWESI SELATAN,B,2
3500000.0,8003.0,321.0,UNIVERSITAS ISLAM MAKASSAR,FAKULTAS PERTANIAN,S1,BAIK,SWASTA,SULAWESI SELATAN,B,2
3500000.0,8003.0,321.0,UNIVERSITAS ISLAM MAKASSAR,FAKULTAS ILMU KESEHATAN,S1,BAIK SEKALI,SWASTA,SULAWESI SELATAN,B,2
3500000.0,8003.0,321.0,UNIVERSITAS ISLAM MAKASSAR,FAKULTAS MATEMATIKA DAN IPA,S1,UNGGUL,SWASTA,SULAWESI SELATAN,B,2
3500000.0,8003.0,321.0,UNIVERSITAS ISLAM MAKASSAR,FAKULTAS TEKNIK,S1,BAIK SEKALI,SWASTA,SULAWESI SELATAN,B,2
3500000.0,8003.0,321.0,UNIVERSITAS ISLAM MAKASSAR,FAKULTAS SASTRA DAN HUMANIORA,S1,BAIK,SWASTA,SULAWESI SELATAN,B,2
3500000.0,8003.0,321.0,UNIVERSITAS ISLAM MAKASSAR,FAKULTAS TEKNIK,S1,BAIK,SWASTA,SULAWESI SELATAN,B,2
16775000.0,16363.0,447.0,UNIVERSITAS ISLAM MALANG,FAKULTAS ILMU ADMINISTRASI,S1,B,SWASTA,JAWA TIMUR,B,2
16775000.0,16363.0,447.0,UNIVERSITAS ISLAM MALANG,FAKULTAS PERTANIAN,S1,A,SWASTA,JAWA TIMUR,B,1
16775000.0,16363.0,447.0,UNIVERSITAS ISLAM MALANG,FAKULTAS EKONOMI DAN BISNIS,S1,A,SWASTA,JAWA TIMUR,B,1
16775000.0,16363.0,447.0,UNIVERSITAS ISLAM MALANG,FAKULTAS MATEMATIKA DAN ILMU PENGETAHUAN ALAM,S1,B,SWASTA,JAWA TIMUR,B,2
16775000.0,16363.0,447.0,UNIVERSITAS ISLAM MALANG,FAKULTAS TEKNIK,S1,C,SWASTA,JAWA TIMUR,B,2
16775000.0,16363.0,447.0,UNIVERSITAS ISLAM MALANG,FAKULTAS KEDOKTERAN,S1,BAIK SEKALI,SWASTA,JAWA TIMUR,B,3
16775000.0,16363.0,447.0,UNIVERSITAS ISLAM MALANG,FAKULTAS HUKUM,S1,A,SWASTA,JAWA TIMUR,B,1
16775000.0,16363.0,447.0,UNIVERSITAS ISLAM MALANG,FAKULTAS KEDOKTERAN,S1,B,SWASTA,JAWA TIMUR,B,2
16775000.0,16363.0,447.0,UNIVERSITAS ISLAM MALANG,FAKULTAS EKONOMI DAN BISNIS,S1,A,SWASTA,JAWA TIMUR,B,1
16775000.0,16363.0,447.0,UNIVERSITAS ISLAM MALANG,FAKULTAS KEGURUAN DAN ILMU PENDIDIKAN,S1,B,SWASTA,JAWA TIMUR,B,2
16775000.0,16363.0,447.0,UNIVERSITAS ISLAM MALANG,FAKULTAS TEKNIK,S1,B,SWASTA,JAWA TIMUR,B,2
16775000.0,16363.0,447.0,UNIVERSITAS ISLAM MALANG,FAKULTAS PETERNAKAN,S1,A,SWASTA,JAWA TIMUR,B,1
16775000.0,16363.0,447.0,UNIVERSITAS ISLAM MALANG,FAKULTAS TEKNIK,S1,B,SWASTA,JAWA TIMUR,B,2
12500000.0,5621.0,299.0,UNIVERSITAS ISLAM SUMATERA UTARA,FAKULTAS PERTANIAN,S1,UNGGUL,SWASTA,SUMATERA UTARA,B,2
12500000.0,5621.0,299.0,UNIVERSITAS ISLAM SUMATERA UTARA,FAKULTAS PERTANIAN,S1,UNGGUL,SWASTA,SUMATERA UTARA,B,2
12500000.0,5621.0,299.0,UNIVERSITAS ISLAM SUMATERA UTARA,FAKULTAS EKONOMI,S1,B,SWASTA,SUMATERA UTARA,B,2
12500000.0,5621.0,299.0,UNIVERSITAS ISLAM SUMATERA UTARA,FAKULTAS KEGURUAN DAN ILMU PENDIDIKAN,S1,B,SWASTA,SUMATERA UTARA,B,2
12500000.0,5621.0,299.0,UNIVERSITAS ISLAM SUMATERA UTARA,FAKULTAS TEKNIK,S1,C,SWASTA,SUMATERA UTARA,B,2
12500000.0,5621.0,299.0,UNIVERSITAS ISLAM SUMATERA UTARA,FAKULTAS KEGURUAN DAN ILMU PENDIDIKAN,S1,BAIK SEKALI,SWASTA,SUMATERA UTARA,B,3
12500000.0,5621.0,299.0,UNIVERSITAS ISLAM SUMATERA UTARA,FAKULTAS HUKUM,S1,BAIK SEKALI,SWASTA,SUMATERA UTARA,B,3
12500000.0,5621.0,299.0,UNIVERSITAS ISLAM SUMATERA UTARA,FAKULTAS ILMU SOSIAL DAN ILMU POLITIK,S1,BAIK SEKALI,SWASTA,SUMATERA UTARA,B,3
12500000.0,5621.0,299.0,UNIVERSITAS ISLAM SUMATERA UTARA,FAKULTAS TEKNIK,S1,B,SWASTA,SUMATERA UTARA,B,2
12500000.0,5621.0,299.0,UNIVERSITAS ISLAM SUMATERA UTARA,FAKULTAS TEKNIK,S1,C,SWASTA,SUMATERA UTARA,B,2
12500000.0,5621.0,299.0,UNIVERSITAS ISLAM SUMATERA UTARA,FAKULTAS KEDOKTERAN,S1,B,SWASTA,SUMATERA UTARA,B,2
12500000.0,5621.0,299.0,UNIVERSITAS ISLAM SUMATERA UTARA,FAKULTAS KEGURUAN DAN ILMU PENDIDIKAN,S1,BAIK SEKALI,SWASTA,SUMATERA UTARA,B,3
12500000.0,5621.0,299.0,UNIVERSITAS ISLAM SUMATERA UTARA,FAKULTAS EKONOMI,S1,B,SWASTA,SUMATERA UTARA,B,2
12500000.0,5621.0,299.0,UNIVERSITAS ISLAM SUMATERA UTARA,FAKULTAS KEGURUAN DAN ILMU PENDIDIKAN,S1,B,SWASTA,SUMATERA UTARA,B,2
12500000.0,5621.0,299.0,UNIVERSITAS ISLAM SUMATERA UTARA,FAKULTAS TEKNIK,S1,B,SWASTA,SUMATERA UTARA,B,2
12500000.0,5621.0,299.0,UNIVERSITAS ISLAM SUMATERA UTARA,FAKULTAS SASTRA,S1,B,SWASTA,SUMATERA UTARA,B,2
12500000.0,5621.0,299.0,UNIVERSITAS ISLAM SUMATERA UTARA,FAKULTAS KEGURUAN DAN ILMU PENDIDIKAN,S1,BAIK SEKALI,SWASTA,SUMATERA UTARA,B,3
12500000.0,5621.0,299.0,UNIVERSITAS ISLAM SUMATERA UTARA,FAKULTAS TEKNIK,S1,B,SWASTA,SUMATERA UTARA,B,2
7500000.0,4229.0,4229.0,UNIVERSITAS ISLAM SYEKH YUSUF,FAKULTAS EKONOMI,S1,B,SWASTA,BANTEN,B,2
7500000.0,4229.0,4229.0,UNIVERSITAS ISLAM SYEKH YUSUF,FAKULTAS KEGURUAN DAN ILMU PENDIDIKAN,S1,C,SWASTA,BANTEN,B,2
7500000.0,4229.0,4229.0,UNIVERSITAS ISLAM SYEKH YUSUF,FAKULTAS HUKUM,S1,B,SWASTA,BANTEN,B,2
7500000.0,4229.0,4229.0,UNIVERSITAS ISLAM SYEKH YUSUF,FAKULTAS ILMU SOSIAL DAN ILMU POLITIK,S1,B,SWASTA,BANTEN,B,2
7500000.0,4229.0,4229.0,UNIVERSITAS ISLAM SYEKH YUSUF,FAKULTAS TEKNIK,S1,C,SWASTA,BANTEN,B,2
7500000.0,4229.0,4229.0,UNIVERSITAS ISLAM SYEKH YUSUF,FAKULTAS TEKNIK,S1,C,SWASTA,BANTEN,B,2
7500000.0,4229.0,4229.0,UNIVERSITAS ISLAM SYEKH YUSUF,FAKULTAS TEKNIK,S1,BAIK,SWASTA,BANTEN,B,2
7500000.0,4229.0,4229.0,UNIVERSITAS ISLAM SYEKH YUSUF,FAKULTAS EKONOMI,S1,B,SWASTA,BANTEN,B,2
7500000.0,4229.0,4229.0,UNIVERSITAS ISLAM SYEKH YUSUF,FAKULTAS TEKNIK,S1,C,SWASTA,BANTEN,B,2
5000000.0,3431.0,238.0,UNIVERSITAS JABAL GHAFUR,FAKULTAS PERTANIAN,S1,B,SWASTA,ACEH,BAIK SEKALI,3
5000000.0,3431.0,238.0,UNIVERSITAS JABAL GHAFUR,FAKULTAS PERTANIAN,S1,BAIK,SWASTA,ACEH,BAIK SEKALI,3
5000000.0,3431.0,238.0,UNIVERSITAS JABAL GHAFUR,FAKULTAS KEGURUAN DAN ILMU PENDIDIKAN,S1,BAIK SEKALI,SWASTA,ACEH,BAIK SEKALI,3
5000000.0,3431.0,238.0,UNIVERSITAS JABAL GHAFUR,FAKULTAS KEGURUAN DAN ILMU PENDIDIKAN,S1,BAIK,SWASTA,ACEH,BAIK SEKALI,3
5000000.0,3431.0,238.0,UNIVERSITAS JABAL GHAFUR,FAKULTAS KEGURUAN DAN ILMU PENDIDIKAN,S1,BAIK SEKALI,SWASTA,ACEH,BAIK SEKALI,3
5000000.0,3431.0,238.0,UNIVERSITAS JABAL GHAFUR,FAKULTAS HUKUM,S1,B,SWASTA,ACEH,BAIK SEKALI,3
5000000.0,3431.0,238.0,UNIVERSITAS JABAL GHAFUR,FAKULTAS TEKNIK,S1,BAIK,SWASTA,ACEH,BAIK SEKALI,3
5000000.0,3431.0,238.0,UNIVERSITAS JABAL GHAFUR,FAKULTAS EKONOMI,S1,BAIK,SWASTA,ACEH,BAIK SEKALI,3
5000000.0,3431.0,238.0,UNIVERSITAS JABAL GHAFUR,FAKULTAS KEGURUAN DAN ILMU PENDIDIKAN,S1,BAIK SEKALI,SWASTA,ACEH,BAIK SEKALI,3
5000000.0,3431.0,238.0,UNIVERSITAS JABAL GHAFUR,FAKULTAS PERTANIAN,S1,B,SWASTA,ACEH,BAIK SEKALI,3
5000000.0,3431.0,238.0,UNIVERSITAS JABAL GHAFUR,FAKULTAS KEGURUAN DAN ILMU PENDIDIKAN,S1,BAIK SEKALI,SWASTA,ACEH,BAIK SEKALI,3
4850000.0,3620.0,121.0,UNIVERSITAS JANABADRA,FAKULTAS PERTANIAN,S1,A,SWASTA,D.I. YOGYAKARTA,B,1
4850000.0,3620.0,121.0,UNIVERSITAS JANABADRA,FAKULTAS EKONOMI,S1,B,SWASTA,D.I. YOGYAKARTA,B,2
4850000.0,3620.0,121.0,UNIVERSITAS JANABADRA,FAKULTAS HUKUM,S1,A,SWASTA,D.I. YOGYAKARTA,B,1
4850000.0,3620.0,121.0,UNIVERSITAS JANABADRA,FAKULTAS TEKNIK,S1,B,SWASTA,D.I. YOGYAKARTA,B,2
4850000.0,3620.0,121.0,UNIVERSITAS JANABADRA,FAKULTAS EKONOMI,S1,B,SWASTA,D.I. YOGYAKARTA,B,2
4850000.0,3620.0,121.0,UNIVERSITAS JANABADRA,FAKULTAS TEKNIK,S1,B,SWASTA,D.I. YOGYAKARTA,B,2
4850000.0,3620.0,121.0,UNIVERSITAS JANABADRA,FAKULTAS TEKNIK,S1,B,SWASTA,D.I. YOGYAKARTA,B,2
13375000.0,4407.0,192.0,UNIVERSITAS JAYABAYA,FAKULTAS EKONOMI DAN BISNIS,S1,B,SWASTA,D.K.I. JAKARTA,UNGGUL,2
13375000.0,4407.0,192.0,UNIVERSITAS JAYABAYA,FAKULTAS TEKNIK SIPIL DAN PERENCANAAN,S1,C,SWASTA,D.K.I. JAKARTA,UNGGUL,2
13375000.0,4407.0,192.0,UNIVERSITAS JAYABAYA,FAKULTAS TEKNOLOGI INDUSTRI,S1,B,SWASTA,D.K.I. JAKARTA,UNGGUL,2
13375000.0,4407.0,192.0,UNIVERSITAS JAYABAYA,FAKULTAS ILMU SOSIAL DAN POLITIK,S1,A,SWASTA,D.K.I. JAKARTA,UNGGUL,2
13375000.0,4407.0,192.0,UNIVERSITAS JAYABAYA,FAKULTAS HUKUM,S1,B,SWASTA,D.K.I. JAKARTA,UNGGUL,2
13375000.0,4407.0,192.0,UNIVERSITAS JAYABAYA,FAKULTAS ILMU KOMUNIKASI,S1,B,SWASTA,D.K.I. JAKARTA,UNGGUL,2
13375000.0,4407.0,192.0,UNIVERSITAS JAYABAYA,FAKULTAS TEKNOLOGI INDUSTRI,S1,B,SWASTA,D.K.I. JAKARTA,UNGGUL,2
13375000.0,4407.0,192.0,UNIVERSITAS JAYABAYA,FAKULTAS EKONOMI DAN BISNIS,S1,B,SWASTA,D.K.I. JAKARTA,UNGGUL,2
13375000.0,4407.0,192.0,UNIVERSITAS JAYABAYA,FAKULTAS TEKNOLOGI INDUSTRI,S1,B,SWASTA,D.K.I. JAKARTA,UNGGUL,2
13375000.0,4407.0,192.0,UNIVERSITAS JAYABAYA,FAKULTAS PSIKOLOGI,S1,B,SWASTA,D.K.I. JAKARTA,UNGGUL,2
13375000.0,4407.0,192.0,UNIVERSITAS JAYABAYA,FAKULTAS TEKNIK SIPIL DAN PERENCANAAN,S1,B,SWASTA,D.K.I. JAKARTA,UNGGUL,2
35625000.0,5906.0,278.0,UNIVERSITAS KADIRI,ILMU SOSIAL DAN ILMU POLITIK,S1,BAIK SEKALI,SWASTA,JAWA TIMUR,BAIK SEKALI,3
35625000.0,5906.0,278.0,UNIVERSITAS KADIRI,PERTANIAN,S1,BAIK SEKALI,SWASTA,JAWA TIMUR,BAIK SEKALI,3
35625000.0,5906.0,278.0,UNIVERSITAS KADIRI,PERTANIAN,S1,B,SWASTA,JAWA TIMUR,BAIK SEKALI,3
35625000.0,5906.0,278.0,UNIVERSITAS KADIRI,EKONOMI DAN BISNIS,S1,BAIK SEKALI,SWASTA,JAWA TIMUR,BAIK SEKALI,3
35625000.0,5906.0,278.0,UNIVERSITAS KADIRI,ILMU KESEHATAN,S1,BAIK SEKALI,SWASTA,JAWA TIMUR,BAIK SEKALI,3
35625000.0,5906.0,278.0,UNIVERSITAS KADIRI,HUKUM,S1,UNGGUL,SWASTA,JAWA TIMUR,BAIK SEKALI,3
35625000.0,5906.0,278.0,UNIVERSITAS KADIRI,TEKNIK,S1,BAIK SEKALI,SWASTA,JAWA TIMUR,BAIK SEKALI,3
35625000.0,5906.0,278.0,UNIVERSITAS KADIRI,ILMU KESEHATAN,S1,BAIK SEKALI,SWASTA,JAWA TIMUR,BAIK SEKALI,3
35625000.0,5906.0,278.0,UNIVERSITAS KADIRI,ILMU KESEHATAN,S1,BAIK SEKALI,SWASTA,JAWA TIMUR,BAIK SEKALI,3
35625000.0,5906.0,278.0,UNIVERSITAS KADIRI,EKONOMI DAN BISNIS,S1,BAIK SEKALI,SWASTA,JAWA TIMUR,BAIK SEKALI,3
35625000.0,5906.0,278.0,UNIVERSITAS KADIRI,TEKNIK,S1,BAIK,SWASTA,JAWA TIMUR,BAIK SEKALI,3
7387500.0,912.0,63.0,UNIVERSITAS KATOLIK DARMA CENDIKA,FAKULTAS EKONOMI,S1,B,SWASTA,JAWA TIMUR,B,2
7387500.0,912.0,63.0,UNIVERSITAS KATOLIK DARMA CENDIKA,FAKULTAS TEKNIK,S1,B,SWASTA,JAWA TIMUR,B,2
7387500.0,912.0,63.0,UNIVERSITAS KATOLIK DARMA CENDIKA,FAKULTAS HUKUM,S1,B,SWASTA,JAWA TIMUR,B,2
7387500.0,912.0,63.0,UNIVERSITAS KATOLIK DARMA CENDIKA,FAKULTAS TEKNIK,S1,C,SWASTA,JAWA TIMUR,B,3
7387500.0,912.0,63.0,UNIVERSITAS KATOLIK DARMA CENDIKA,FAKULTAS TEKNIK,S1,BAIK,SWASTA,JAWA TIMUR,B,3
7387500.0,912.0,63.0,UNIVERSITAS KATOLIK DARMA CENDIKA,FAKULTAS EKONOMI,S1,B,SWASTA,JAWA TIMUR,B,2
9635000.0,1597.0,115.0,UNIVERSITAS KATOLIK DE LA SALLE,FAKULTAS PERTANIAN,S1,B,SWASTA,SULAWESI UTARA,B,2
9635000.0,1597.0,115.0,UNIVERSITAS KATOLIK DE LA SALLE,FAKULTAS EKONOMI,S1,BAIK SEKALI,SWASTA,SULAWESI UTARA,B,3
9635000.0,1597.0,115.0,UNIVERSITAS KATOLIK DE LA SALLE,FAKULTAS TEKNIK,S1,BAIK SEKALI,SWASTA,SULAWESI UTARA,B,3
9635000.0,1597.0,115.0,UNIVERSITAS KATOLIK DE LA SALLE,FAKULTAS HUKUM,S1,B,SWASTA,SULAWESI UTARA,B,2
9635000.0,1597.0,115.0,UNIVERSITAS KATOLIK DE LA SALLE,FAKULTAS TEKNIK,S1,BAIK SEKALI,SWASTA,SULAWESI UTARA,B,3
9635000.0,1597.0,115.0,UNIVERSITAS KATOLIK DE LA SALLE,FAKULTAS TEKNIK,S1,BAIK SEKALI,SWASTA,SULAWESI UTARA,B,3
9635000.0,1597.0,115.0,UNIVERSITAS KATOLIK DE LA SALLE,FAKULTAS KEPERAWATAN,S1,BAIK SEKALI,SWASTA,SULAWESI UTARA,B,3
9635000.0,1597.0,115.0,UNIVERSITAS KATOLIK DE LA SALLE,FAKULTAS EKONOMI,S1,BAIK SEKALI,SWASTA,SULAWESI UTARA,B,3
9635000.0,1597.0,115.0,UNIVERSITAS KATOLIK DE LA SALLE,FAKULTAS TEKNIK,S1,BAIK,SWASTA,SULAWESI UTARA,B,2
24137500.0,6974.0,6974.0,UNIVERSITAS KATOLIK INDONESIA ATMA JAYA,FAKULTAS ILMU ADMINISTRASI BISNIS DAN ILMU KOMUNIKASI,S1,B,SWASTA,DKI JAKARTA,A,2
24137500.0,6974.0,6974.0,UNIVERSITAS KATOLIK INDONESIA ATMA JAYA,FAKULTAS EKONOMI DAN BISNIS,S1,A,SWASTA,DKI JAKARTA,A,1
24137500.0,6974.0,6974.0,UNIVERSITAS KATOLIK INDONESIA ATMA JAYA,FAKULTAS PENDIDIKAN DAN BAHASA,S1,B,SWASTA,DKI JAKARTA,A,2
24137500.0,6974.0,6974.0,UNIVERSITAS KATOLIK INDONESIA ATMA JAYA,FAKULTAS KEDOKTERAN DAN ILMU KESEHATAN,S1,A,SWASTA,DKI JAKARTA,A,1
24137500.0,6974.0,6974.0,UNIVERSITAS KATOLIK INDONESIA ATMA JAYA,FAKULTAS TEKNOBIOLOGI,S1,B,SWASTA,DKI JAKARTA,A,2
24137500.0,6974.0,6974.0,UNIVERSITAS KATOLIK INDONESIA ATMA JAYA,FAKULTAS EKONOMI DAN BISNIS,S1,A,SWASTA,DKI JAKARTA,A,1
24137500.0,6974.0,6974.0,UNIVERSITAS KATOLIK INDONESIA ATMA JAYA,FAKULTAS TEKNIK,S1,A,SWASTA,DKI JAKARTA,A,1
24137500.0,6974.0,6974.0,UNIVERSITAS KATOLIK INDONESIA ATMA JAYA,FAKULTAS KEDOKTERAN DAN ILMU KESEHATAN,S1,C,SWASTA,DKI JAKARTA,A,1
24137500.0,6974.0,6974.0,UNIVERSITAS KATOLIK INDONESIA ATMA JAYA,FAKULTAS PENDIDIKAN DAN BAHASA,S1,B,SWASTA,DKI JAKARTA,A,2
24137500.0,6974.0,6974.0,UNIVERSITAS KATOLIK INDONESIA ATMA JAYA,FAKULTAS HUKUM,S1,B,SWASTA,DKI JAKARTA,A,2
24137500.0,6974.0,6974.0,UNIVERSITAS KATOLIK INDONESIA ATMA JAYA,FAKULTAS ILMU ADMINISTRASI BISNIS DAN ILMU KOMUNIKASI,S1,A,SWASTA,DKI JAKARTA,A,1
24137500.0,6974.0,6974.0,UNIVERSITAS KATOLIK INDONESIA ATMA JAYA,FAKULTAS TEKNIK,S1,B,SWASTA,DKI JAKARTA,A,2
24137500.0,6974.0,6974.0,UNIVERSITAS KATOLIK INDONESIA ATMA JAYA,FAKULTAS KEDOKTERAN DAN ILMU KESEHATAN,S1,A,SWASTA,DKI JAKARTA,A,1
24137500.0,6974.0,6974.0,UNIVERSITAS KATOLIK INDONESIA ATMA JAYA,FAKULTAS EKONOMI DAN BISNIS,S1,A,SWASTA,DKI JAKARTA,A,1
24137500.0,6974.0,6974.0,UNIVERSITAS KATOLIK INDONESIA ATMA JAYA,FAKULTAS TEKNIK,S1,A,SWASTA,DKI JAKARTA,A,1
24137500.0,6974.0,6974.0,UNIVERSITAS KATOLIK INDONESIA ATMA JAYA,FAKULTAS ILMU ADMINISTRASI BISNIS DAN ILMU KOMUNIKASI,S1,BAIK SEKALI,SWASTA,DKI JAKARTA,A,3
24137500.0,6974.0,6974.0,UNIVERSITAS KATOLIK INDONESIA ATMA JAYA,FAKULTAS PSIKOLOGI,S1,A,SWASTA,DKI JAKARTA,A,1
24137500.0,6974.0,6974.0,UNIVERSITAS KATOLIK INDONESIA ATMA JAYA,FAKULTAS TEKNIK,S1,C,SWASTA,DKI JAKARTA,A,1
24137500.0,6974.0,6974.0,UNIVERSITAS KATOLIK INDONESIA ATMA JAYA,FAKULTAS TEKNOBIOLOGI,S1,B,SWASTA,DKI JAKARTA,A,2
24137500.0,6974.0,6974.0,UNIVERSITAS KATOLIK INDONESIA ATMA JAYA,FAKULTAS PENDIDIKAN DAN BAHASA,S1,B,SWASTA,DKI JAKARTA,A,2
7750000.0,5069.0,5069.0,UNIVERSITAS KATOLIK SOEGIJAPRANATA,EKONOMI DAN BISNIS,S1,A,SWASTA,JAWA TENGAH,A,1
7750000.0,5069.0,5069.0,UNIVERSITAS KATOLIK SOEGIJAPRANATA,ARSITEKTUR DAN DESAIN,S1,B,SWASTA,JAWA TENGAH,A,2
7750000.0,5069.0,5069.0,UNIVERSITAS KATOLIK SOEGIJAPRANATA,TEKNIK,S1,B,SWASTA,JAWA TENGAH,A,2
7750000.0,5069.0,5069.0,UNIVERSITAS KATOLIK SOEGIJAPRANATA,HUKUM DAN KOMUNIKASI,S1,A,SWASTA,JAWA TENGAH,A,1
7750000.0,5069.0,5069.0,UNIVERSITAS KATOLIK SOEGIJAPRANATA,HUKUM DAN KOMUNIKASI,S1,B,SWASTA,JAWA TENGAH,A,2
7750000.0,5069.0,5069.0,UNIVERSITAS KATOLIK SOEGIJAPRANATA,ILMU KOMPUTER,S1,B,SWASTA,JAWA TENGAH,A,2
7750000.0,5069.0,5069.0,UNIVERSITAS KATOLIK SOEGIJAPRANATA,KEDOKTERAN,S1,BAIK,SWASTA,JAWA TENGAH,A,1
7750000.0,5069.0,5069.0,UNIVERSITAS KATOLIK SOEGIJAPRANATA,EKONOMI DAN BISNIS,S1,BAIK SEKALI,SWASTA,JAWA TENGAH,A,3
7750000.0,5069.0,5069.0,UNIVERSITAS KATOLIK SOEGIJAPRANATA,EKONOMI DAN BISNIS,S1,B,SWASTA,JAWA TENGAH,A,2
7750000.0,5069.0,5069.0,UNIVERSITAS KATOLIK SOEGIJAPRANATA,PSIKOLOGI,S1,B,SWASTA,JAWA TENGAH,A,2
7750000.0,5069.0,5069.0,UNIVERSITAS KATOLIK SOEGIJAPRANATA,ILMU & TEKNOLOGI LINGKUNGAN,S1,BAIK,SWASTA,JAWA TENGAH,A,1
7750000.0,5069.0,5069.0,UNIVERSITAS KATOLIK SOEGIJAPRANATA,BAHASA DAN SENI,S1,B,SWASTA,JAWA TENGAH,A,2
7750000.0,5069.0,5069.0,UNIVERSITAS KATOLIK SOEGIJAPRANATA,TEKNIK,S1,B,SWASTA,JAWA TENGAH,A,2
7750000.0,5069.0,5069.0,UNIVERSITAS KATOLIK SOEGIJAPRANATA,ILMU KOMPUTER,S1,C,SWASTA,JAWA TENGAH,A,1
7750000.0,5069.0,5069.0,UNIVERSITAS KATOLIK SOEGIJAPRANATA,TEKNOLOGI PERTANIAN,S1,A,SWASTA,JAWA TENGAH,A,1
117235300.0,6012.0,419.0,UNIVERSITAS KATOLIK WIDYA MANDALA SURABAYA,FAKULTAS BISNIS,S1,A,SWASTA,JAWA TIMUR,A,4
117235300.0,6012.0,419.0,UNIVERSITAS KATOLIK WIDYA MANDALA SURABAYA,FAKULTAS KEGURUAN DAN ILMU PENDIDIKAN,S1,BAIK SEKALI,SWASTA,JAWA TIMUR,A,4
117235300.0,6012.0,419.0,UNIVERSITAS KATOLIK WIDYA MANDALA SURABAYA,FAKULTAS TEKNOLOGI PERTANIAN,S1,BAIK SEKALI,SWASTA,JAWA TIMUR,A,4
117235300.0,6012.0,419.0,UNIVERSITAS KATOLIK WIDYA MANDALA SURABAYA,FAKULTAS TEKNIK,S1,B,SWASTA,JAWA TIMUR,A,4
117235300.0,6012.0,419.0,UNIVERSITAS KATOLIK WIDYA MANDALA SURABAYA,FAKULTAS FARMASI,S1,A,SWASTA,JAWA TIMUR,A,4
117235300.0,6012.0,419.0,UNIVERSITAS KATOLIK WIDYA MANDALA SURABAYA,FAKULTAS ILMU FILSAFAT,S1,B,SWASTA,JAWA TIMUR,A,4
117235300.0,6012.0,419.0,UNIVERSITAS KATOLIK WIDYA MANDALA SURABAYA,FAKULTAS KEGURUAN DAN ILMU PENDIDIKAN,S1,B,SWASTA,JAWA TIMUR,A,4
117235300.0,6012.0,419.0,UNIVERSITAS KATOLIK WIDYA MANDALA SURABAYA,FAKULTAS KEGURUAN DAN ILMU PENDIDIKAN,S1,BAIK SEKALI,SWASTA,JAWA TIMUR,A,4
117235300.0,6012.0,419.0,UNIVERSITAS KATOLIK WIDYA MANDALA SURABAYA,FAKULTAS ILMU KOMUNIKASI,S1,B,SWASTA,JAWA TIMUR,A,4
117235300.0,6012.0,419.0,UNIVERSITAS KATOLIK WIDYA MANDALA SURABAYA,FAKULTAS TEKNIK,S1,B,SWASTA,JAWA TIMUR,A,4
117235300.0,6012.0,419.0,UNIVERSITAS KATOLIK WIDYA MANDALA SURABAYA,FAKULTAS KEDOKTERAN,S1,B,SWASTA,JAWA TIMUR,A,4
117235300.0,6012.0,419.0,UNIVERSITAS KATOLIK WIDYA MANDALA SURABAYA,FAKULTAS KEPERAWATAN,S1,B,SWASTA,JAWA TIMUR,A,4
117235300.0,6012.0,419.0,UNIVERSITAS KATOLIK WIDYA MANDALA SURABAYA,FAKULTAS KEWIRAUSAHAAN,S1,BAIK SEKALI,SWASTA,JAWA TIMUR,A,4
117235300.0,6012.0,419.0,UNIVERSITAS KATOLIK WIDYA MANDALA SURABAYA,FAKULTAS TEKNIK,S1,B,SWASTA,JAWA TIMUR,A,4
117235300.0,6012.0,419.0,UNIVERSITAS KATOLIK WIDYA MANDALA SURABAYA,FAKULTAS BISNIS,S1,A,SWASTA,JAWA TIMUR,A,4
117235300.0,6012.0,419.0,UNIVERSITAS KATOLIK WIDYA MANDALA SURABAYA,FAKULTAS KEGURUAN DAN ILMU PENDIDIKAN,S1,BAIK SEKALI,SWASTA,JAWA TIMUR,A,4
117235300.0,6012.0,419.0,UNIVERSITAS KATOLIK WIDYA MANDALA SURABAYA,FAKULTAS PSIKOLOGI,S1,B,SWASTA,JAWA TIMUR,A,4
117235300.0,6012.0,419.0,UNIVERSITAS KATOLIK WIDYA MANDALA SURABAYA,FAKULTAS TEKNOLOGI PERTANIAN,S1,A,SWASTA,JAWA TIMUR,A,4
20250000.0,7058.0,246.0,UNIVERSITAS KRISNADWIPAYANA,FAKULTAS ILMU ADMINISTRASI,S1,B,SWASTA,D.K.I. JAKARTA,B,2
20250000.0,7058.0,246.0,UNIVERSITAS KRISNADWIPAYANA,FAKULTAS ILMU ADMINISTRASI,S1,B,SWASTA,D.K.I. JAKARTA,B,2
20250000.0,7058.0,246.0,UNIVERSITAS KRISNADWIPAYANA,FAKULTAS EKONOMI,S1,B,SWASTA,D.K.I. JAKARTA,B,2
20250000.0,7058.0,246.0,UNIVERSITAS KRISNADWIPAYANA,FAKULTAS TEKNIK,S1,C,SWASTA,D.K.I. JAKARTA,B,2
20250000.0,7058.0,246.0,UNIVERSITAS KRISNADWIPAYANA,FAKULTAS TEKNIK,S1,C,SWASTA,D.K.I. JAKARTA,B,2
20250000.0,7058.0,246.0,UNIVERSITAS KRISNADWIPAYANA,FAKULTAS HUKUM,S1,A,SWASTA,D.K.I. JAKARTA,B,2
20250000.0,7058.0,246.0,UNIVERSITAS KRISNADWIPAYANA,FAKULTAS TEKNIK,S1,C,SWASTA,D.K.I. JAKARTA,B,2
20250000.0,7058.0,246.0,UNIVERSITAS KRISNADWIPAYANA,FAKULTAS TEKNIK,S1,B,SWASTA,D.K.I. JAKARTA,B,2
20250000.0,7058.0,246.0,UNIVERSITAS KRISNADWIPAYANA,FAKULTAS TEKNIK,S1,C,SWASTA,D.K.I. JAKARTA,B,2
20250000.0,7058.0,246.0,UNIVERSITAS KRISNADWIPAYANA,FAKULTAS TEKNIK,S1,B,SWASTA,D.K.I. JAKARTA,B,2
20250000.0,7058.0,246.0,UNIVERSITAS KRISNADWIPAYANA,FAKULTAS TEKNIK,S1,C,SWASTA,D.K.I. JAKARTA,B,2
20250000.0,7058.0,246.0,UNIVERSITAS KRISNADWIPAYANA,FAKULTAS TEKNIK,S1,BAIK,SWASTA,D.K.I. JAKARTA,B,2
2200000.0,5319.0,141.0,UNIVERSITAS KRISTEN ARTHA WACANA,FAKULTAS EKONOMI,S1,BAIK,SWASTA,NUSA TENGGARA TIMUR,B,2
2200000.0,5319.0,141.0,UNIVERSITAS KRISTEN ARTHA WACANA,FAKULTAS KEGURUAN DAN ILMU PENDIDIKAN,S1,BAIK SEKALI,SWASTA,NUSA TENGGARA TIMUR,B,3
2200000.0,5319.0,141.0,UNIVERSITAS KRISTEN ARTHA WACANA,FAKULTAS PERIKANAN DAN ILMU KELAUTAN,S1,B,SWASTA,NUSA TENGGARA TIMUR,B,2
2200000.0,5319.0,141.0,UNIVERSITAS KRISTEN ARTHA WACANA,FAKULTAS HUKUM,S1,B,SWASTA,NUSA TENGGARA TIMUR,B,2
2200000.0,5319.0,141.0,UNIVERSITAS KRISTEN ARTHA WACANA,FAKULTAS EKONOMI,S1,BAIK SEKALI,SWASTA,NUSA TENGGARA TIMUR,B,3
2200000.0,5319.0,141.0,UNIVERSITAS KRISTEN ARTHA WACANA,FAKULTAS TEOLOGI,S1,BAIK SEKALI,SWASTA,NUSA TENGGARA TIMUR,B,3
8000000.0,4420.0,153.0,UNIVERSITAS KRISTEN DUTA WACANA,BISNIS,S1,B,SWASTA,DI YOGYAKARTA,A,2
8000000.0,4420.0,153.0,UNIVERSITAS KRISTEN DUTA WACANA,ARSITEKTUR DAN DESAIN,S1,A,SWASTA,DI YOGYAKARTA,A,1
8000000.0,4420.0,153.0,UNIVERSITAS KRISTEN DUTA WACANA,BIOTEKNOLOGI,S1,A,SWASTA,DI YOGYAKARTA,A,1
8000000.0,4420.0,153.0,UNIVERSITAS KRISTEN DUTA WACANA,TEKNOLOGI INFORMASI,S1,B,SWASTA,DI YOGYAKARTA,A,2
8000000.0,4420.0,153.0,UNIVERSITAS KRISTEN DUTA WACANA,KEDOKTERAN,S1,B,SWASTA,DI YOGYAKARTA,A,2
8000000.0,4420.0,153.0,UNIVERSITAS KRISTEN DUTA WACANA,BISNIS,S1,B,SWASTA,DI YOGYAKARTA,A,2
8000000.0,4420.0,153.0,UNIVERSITAS KRISTEN DUTA WACANA,TEKNOLOGI INFORMASI,S1,B,SWASTA,DI YOGYAKARTA,A,2
8000000.0,4420.0,153.0,UNIVERSITAS KRISTEN DUTA WACANA,KEPENDIDIKAN DAN HUMANIORA,S1,BAIK,SWASTA,DI YOGYAKARTA,A,1
15000000.0,5761.0,360.0,UNIVERSITAS KRISTEN INDONESIA,FAKULTAS EKONOMI DAN BISNIS,S1,B,SWASTA,DKI JAKARTA,B,2
15000000.0,5761.0,360.0,UNIVERSITAS KRISTEN INDONESIA,FAKULTAS TEKNIK,S1,A,SWASTA,DKI JAKARTA,B,2
15000000.0,5761.0,360.0,UNIVERSITAS KRISTEN INDONESIA,FAKULTAS KEGURUAN DAN ILMU PENDIDIKAN,S1,B,SWASTA,DKI JAKARTA,B,2
15000000.0,5761.0,360.0,UNIVERSITAS KRISTEN INDONESIA,FAKULTAS KEGURUAN DAN ILMU PENDIDIKAN,S1,B,SWASTA,DKI JAKARTA,B,2
15000000.0,5761.0,360.0,UNIVERSITAS KRISTEN INDONESIA,FAKULTAS TEKNIK,S1,B,SWASTA,DKI JAKARTA,B,2
15000000.0,5761.0,360.0,UNIVERSITAS KRISTEN INDONESIA,FAKULTAS KEGURUAN DAN ILMU PENDIDIKAN,S1,C,SWASTA,DKI JAKARTA,B,2
15000000.0,5761.0,360.0,UNIVERSITAS KRISTEN INDONESIA,FAKULTAS ILMU SOSIAL DAN ILMU POLITIK,S1,A,SWASTA,DKI JAKARTA,B,2
15000000.0,5761.0,360.0,UNIVERSITAS KRISTEN INDONESIA,FAKULTAS HUKUM,S1,A,SWASTA,DKI JAKARTA,B,2
15000000.0,5761.0,360.0,UNIVERSITAS KRISTEN INDONESIA,FAKULTAS ILMU SOSIAL DAN ILMU POLITIK,S1,B,SWASTA,DKI JAKARTA,B,2
15000000.0,5761.0,360.0,UNIVERSITAS KRISTEN INDONESIA,FAKULTAS KEDOKTERAN,S1,B,SWASTA,DKI JAKARTA,B,2
15000000.0,5761.0,360.0,UNIVERSITAS KRISTEN INDONESIA,FAKULTAS KEGURUAN DAN ILMU PENDIDIKAN,S1,C,SWASTA,DKI JAKARTA,B,2
15000000.0,5761.0,360.0,UNIVERSITAS KRISTEN INDONESIA,FAKULTAS EKONOMI DAN BISNIS,S1,B,SWASTA,DKI JAKARTA,B,2
15000000.0,5761.0,360.0,UNIVERSITAS KRISTEN INDONESIA,FAKULTAS KEGURUAN DAN ILMU PENDIDIKAN,S1,B,SWASTA,DKI JAKARTA,B,2
15000000.0,5761.0,360.0,UNIVERSITAS KRISTEN INDONESIA,FAKULTAS TEKNIK,S1,B,SWASTA,DKI JAKARTA,B,2
15000000.0,5761.0,360.0,UNIVERSITAS KRISTEN INDONESIA,FAKULTAS ILMU SOSIAL DAN ILMU POLITIK,S1,C,SWASTA,DKI JAKARTA,B,2
15000000.0,5761.0,360.0,UNIVERSITAS KRISTEN INDONESIA,FAKULTAS SASTRA DAN BAHASA,S1,B,SWASTA,DKI JAKARTA,B,2
15000000.0,5761.0,360.0,UNIVERSITAS KRISTEN INDONESIA,FAKULTAS TEKNIK,S1,B,SWASTA,DKI JAKARTA,B,2
28000000.0,3000.0,300.0,UNIVERSITAS KRISTEN KRIDA WACANA,FAKULTAS EKONOMI DAN BISNIS,S1,A,SWASTA,D.K.I. JAKARTA,C,2
28000000.0,3000.0,300.0,UNIVERSITAS KRISTEN KRIDA WACANA,FAKULTAS TEKNIK DAN ILMU KOMPUTER,S1,B,SWASTA,D.K.I. JAKARTA,C,2
28000000.0,3000.0,300.0,UNIVERSITAS KRISTEN KRIDA WACANA,FAKULTAS TEKNIK DAN ILMU KOMPUTER,S1,B,SWASTA,D.K.I. JAKARTA,C,2
28000000.0,3000.0,300.0,UNIVERSITAS KRISTEN KRIDA WACANA,FAKULTAS TEKNIK DAN ILMU KOMPUTER,S1,B,SWASTA,D.K.I. JAKARTA,C,2
28000000.0,3000.0,300.0,UNIVERSITAS KRISTEN KRIDA WACANA,FAKULTAS KEDOKTERAN DAN ILMU KESEHATAN,S1,B,SWASTA,D.K.I. JAKARTA,C,2
28000000.0,3000.0,300.0,UNIVERSITAS KRISTEN KRIDA WACANA,FAKULTAS KEDOKTERAN DAN ILMU KESEHATAN,S1,BAIK,SWASTA,D.K.I. JAKARTA,C,2
28000000.0,3000.0,300.0,UNIVERSITAS KRISTEN KRIDA WACANA,FAKULTAS EKONOMI DAN BISNIS,S1,A,SWASTA,D.K.I. JAKARTA,C,2
28000000.0,3000.0,300.0,UNIVERSITAS KRISTEN KRIDA WACANA,FAKULTAS PSIKOLOGI,S1,A,SWASTA,D.K.I. JAKARTA,C,2
28000000.0,3000.0,300.0,UNIVERSITAS KRISTEN KRIDA WACANA,FAKULTAS ILMU SOSIAL DAN HUMANIORA,S1,B,SWASTA,D.K.I. JAKARTA,C,2
28000000.0,3000.0,300.0,UNIVERSITAS KRISTEN KRIDA WACANA,FAKULTAS TEKNIK DAN ILMU KOMPUTER,S1,B,SWASTA,D.K.I. JAKARTA,C,2
28000000.0,3000.0,300.0,UNIVERSITAS KRISTEN KRIDA WACANA,FAKULTAS TEKNIK DAN ILMU KOMPUTER,S1,B,SWASTA,D.K.I. JAKARTA,C,2
14000000.0,7260.0,348.0,UNIVERSITAS KRISTEN PETRA,SCHOOL OF BUSINESS AND MANAGEMENT,S1,A,SWASTA,JAWA TIMUR,A,1
14000000.0,7260.0,348.0,UNIVERSITAS KRISTEN PETRA,CIVIL ENGINEERING AND PLANNING,S1,A,SWASTA,JAWA TIMUR,A,1
14000000.0,7260.0,348.0,UNIVERSITAS KRISTEN PETRA,HUMANITIES AND CREATIVE INDUSTRIES,S1,A,SWASTA,JAWA TIMUR,A,1
14000000.0,7260.0,348.0,UNIVERSITAS KRISTEN PETRA,HUMANITIES AND CREATIVE INDUSTRIES,S1,A,SWASTA,JAWA TIMUR,A,1
14000000.0,7260.0,348.0,UNIVERSITAS KRISTEN PETRA,TEACHER EDUCATION,S1,BAIK,SWASTA,JAWA TIMUR,A,3
14000000.0,7260.0,348.0,UNIVERSITAS KRISTEN PETRA,TEACHER EDUCATION,S1,C,SWASTA,JAWA TIMUR,A,3
14000000.0,7260.0,348.0,UNIVERSITAS KRISTEN PETRA,HUMANITIES AND CREATIVE INDUSTRIES,S1,A,SWASTA,JAWA TIMUR,A,1
14000000.0,7260.0,348.0,UNIVERSITAS KRISTEN PETRA,INDUSTRIAL TECHNOLOGY,S1,A,SWASTA,JAWA TIMUR,A,1
14000000.0,7260.0,348.0,UNIVERSITAS KRISTEN PETRA,INDUSTRIAL TECHNOLOGY,S1,A,SWASTA,JAWA TIMUR,A,1
14000000.0,7260.0,348.0,UNIVERSITAS KRISTEN PETRA,HUMANITIES AND CREATIVE INDUSTRIES,S1,B,SWASTA,JAWA TIMUR,A,2
14000000.0,7260.0,348.0,UNIVERSITAS KRISTEN PETRA,CIVIL ENGINEERING AND PLANNING,S1,A,SWASTA,JAWA TIMUR,A,1
138425000.0,10706.0,461.0,UNIVERSITAS KRISTEN SATYA WACANA,FAKULTAS PERTANIAN DAN BISNIS,S1,B,SWASTA,JAWA TENGAH,A,4
138425000.0,10706.0,461.0,UNIVERSITAS KRISTEN SATYA WACANA,FAKULTAS PERTANIAN DAN BISNIS,S1,A,SWASTA,JAWA TENGAH,A,4
138425000.0,10706.0,461.0,UNIVERSITAS KRISTEN SATYA WACANA,FAKULTAS EKONOMIKA DAN BISNIS,S1,UNGGUL,SWASTA,JAWA TENGAH,A,4
138425000.0,10706.0,461.0,UNIVERSITAS KRISTEN SATYA WACANA,FAKULTAS BIOLOGI,S1,A,SWASTA,JAWA TENGAH,A,4
138425000.0,10706.0,461.0,UNIVERSITAS KRISTEN SATYA WACANA,FAKULTAS TEKNIK ELEKTRONIKA DAN KOMPUTER,S1,B,SWASTA,JAWA TENGAH,A,4
138425000.0,10706.0,461.0,UNIVERSITAS KRISTEN SATYA WACANA,FAKULTAS SAINS DAN MATEMATIKA,S1,B,SWASTA,JAWA TENGAH,A,4
138425000.0,10706.0,461.0,UNIVERSITAS KRISTEN SATYA WACANA,FAKULTAS KEDOKTERAN DAN ILMU KESEHATAN,S1,C,SWASTA,JAWA TENGAH,A,4
138425000.0,10706.0,461.0,UNIVERSITAS KRISTEN SATYA WACANA,FAKULTAS KEGURUAN DAN ILMU PENDIDIKAN,S1,B,SWASTA,JAWA TENGAH,A,4
138425000.0,10706.0,461.0,UNIVERSITAS KRISTEN SATYA WACANA,FAKULTAS ILMU SOSIAL DAN ILMU KOMUNIKASI,S1,B,SWASTA,JAWA TENGAH,A,4
138425000.0,10706.0,461.0,UNIVERSITAS KRISTEN SATYA WACANA,FAKULTAS HUKUM,S1,A,SWASTA,JAWA TENGAH,A,4
138425000.0,10706.0,461.0,UNIVERSITAS KRISTEN SATYA WACANA,FAKULTAS ILMU SOSIAL DAN ILMU KOMUNIKASI,S1,B,SWASTA,JAWA TENGAH,A,4
138425000.0,10706.0,461.0,UNIVERSITAS KRISTEN SATYA WACANA,FAKULTAS TEKNOLOGI INFORMASI,S1,B,SWASTA,JAWA TENGAH,A,4
138425000.0,10706.0,461.0,UNIVERSITAS KRISTEN SATYA WACANA,FAKULTAS TEKNOLOGI INFORMASI,S1,B,SWASTA,JAWA TENGAH,A,4
138425000.0,10706.0,461.0,UNIVERSITAS KRISTEN SATYA WACANA,FAKULTAS KEDOKTERAN DAN ILMU KESEHATAN,S1,B,SWASTA,JAWA TENGAH,A,4
138425000.0,10706.0,461.0,UNIVERSITAS KRISTEN SATYA WACANA,FAKULTAS SAINS DAN MATEMATIKA,S1,B,SWASTA,JAWA TENGAH,A,4
138425000.0,10706.0,461.0,UNIVERSITAS KRISTEN SATYA WACANA,FAKULTAS TEKNIK ELEKTRONIKA DAN KOMPUTER,S1,BAIK SEKALI,SWASTA,JAWA TENGAH,A,4
138425000.0,10706.0,461.0,UNIVERSITAS KRISTEN SATYA WACANA,FAKULTAS KEGURUAN DAN ILMU PENDIDIKAN,S1,B,SWASTA,JAWA TENGAH,A,4
138425000.0,10706.0,461.0,UNIVERSITAS KRISTEN SATYA WACANA,FAKULTAS PSIKOLOGI,S1,A,SWASTA,JAWA TENGAH,A,4
138425000.0,10706.0,461.0,UNIVERSITAS KRISTEN SATYA WACANA,FAKULTAS BAHASA DAN SENI,S1,BAIK SEKALI,SWASTA,JAWA TENGAH,A,4
138425000.0,10706.0,461.0,UNIVERSITAS KRISTEN SATYA WACANA,FAKULTAS BAHASA DAN SENI,S1,BAIK SEKALI,SWASTA,JAWA TENGAH,A,4
138425000.0,10706.0,461.0,UNIVERSITAS KRISTEN SATYA WACANA,FAKULTAS TEKNOLOGI INFORMASI,S1,A,SWASTA,JAWA TENGAH,A,4
138425000.0,10706.0,461.0,UNIVERSITAS KRISTEN SATYA WACANA,FAKULTAS ILMU SOSIAL DAN ILMU KOMUNIKASI,S1,A,SWASTA,JAWA TENGAH,A,4
138425000.0,10706.0,461.0,UNIVERSITAS KRISTEN SATYA WACANA,FAKULTAS KEDOKTERAN DAN ILMU KESEHATAN,S1,BAIK SEKALI,SWASTA,JAWA TENGAH,A,4
138425000.0,10706.0,461.0,UNIVERSITAS KRISTEN SATYA WACANA,FAKULTAS TEOLOGI,S1,A,SWASTA,JAWA TENGAH,A,4
5750000.0,7872.0,259.0,UNIVERSITAS LANGLANGBUANA,EKONOMI DAN BISNIS,S1,B,SWASTA,JAWA BARAT,B,2
5750000.0,7872.0,259.0,UNIVERSITAS LANGLANGBUANA,TEKNIK,S1,B,SWASTA,JAWA BARAT,B,2
5750000.0,7872.0,259.0,UNIVERSITAS LANGLANGBUANA,KEGURUAN DAN ILMU PENDIDIKAN,S1,B,SWASTA,JAWA BARAT,B,2
5750000.0,7872.0,259.0,UNIVERSITAS LANGLANGBUANA,TEKNIK,S1,B,SWASTA,JAWA BARAT,B,2
5750000.0,7872.0,259.0,UNIVERSITAS LANGLANGBUANA,KEGURUAN DAN ILMU PENDIDIKAN,S1,B,SWASTA,JAWA BARAT,B,2
5750000.0,7872.0,259.0,UNIVERSITAS LANGLANGBUANA,HUKUM,S1,B,SWASTA,JAWA BARAT,B,2
5750000.0,7872.0,259.0,UNIVERSITAS LANGLANGBUANA,ILMU SOSIAL DAN ILMU POLITIK,S1,B,SWASTA,JAWA BARAT,B,2
5750000.0,7872.0,259.0,UNIVERSITAS LANGLANGBUANA,TEKNIK,S1,B,SWASTA,JAWA BARAT,B,2
5750000.0,7872.0,259.0,UNIVERSITAS LANGLANGBUANA,TEKNIK,S1,B,SWASTA,JAWA BARAT,B,2
5750000.0,7872.0,259.0,UNIVERSITAS LANGLANGBUANA,ILMU SOSIAL DAN ILMU POLITIK,S1,B,SWASTA,JAWA BARAT,B,2
5750000.0,7872.0,259.0,UNIVERSITAS LANGLANGBUANA,EKONOMI DAN BISNIS,S1,B,SWASTA,JAWA BARAT,B,2
5750000.0,7872.0,259.0,UNIVERSITAS LANGLANGBUANA,KEGURUAN DAN ILMU PENDIDIKAN,S1,B,SWASTA,JAWA BARAT,B,2
5750000.0,7872.0,259.0,UNIVERSITAS LANGLANGBUANA,ILMU SOSIAL DAN ILMU POLITIK,S1,A,SWASTA,JAWA BARAT,B,2
5750000.0,7872.0,259.0,UNIVERSITAS LANGLANGBUANA,TEKNIK,S1,B,SWASTA,JAWA BARAT,B,2
10200000.0,1706.0,83.0,UNIVERSITAS MA CHUNG,FAKULTAS EKONOMI DAN BISNIS,S1,B,SWASTA,JAWA TIMUR,B,2
10200000.0,1706.0,83.0,UNIVERSITAS MA CHUNG,FAKULTAS SAINS DAN TEKNOLOGI,S1,B,SWASTA,JAWA TIMUR,B,2
10200000.0,1706.0,83.0,UNIVERSITAS MA CHUNG,FAKULTAS SAINS DAN TEKNOLOGI,S1,C,SWASTA,JAWA TIMUR,B,3
10200000.0,1706.0,83.0,UNIVERSITAS MA CHUNG,FAKULTAS SAINS DAN TEKNOLOGI,S1,B,SWASTA,JAWA TIMUR,B,2
10200000.0,1706.0,83.0,UNIVERSITAS MA CHUNG,FAKULTAS SAINS DAN TEKNOLOGI,S1,B,SWASTA,JAWA TIMUR,B,2
10200000.0,1706.0,83.0,UNIVERSITAS MA CHUNG,FAKULTAS EKONOMI DAN BISNIS,S1,B,SWASTA,JAWA TIMUR,B,2
10200000.0,1706.0,83.0,UNIVERSITAS MA CHUNG,FAKULTAS BAHASA DAN SENI,S1,A,SWASTA,JAWA TIMUR,B,3
10200000.0,1706.0,83.0,UNIVERSITAS MA CHUNG,FAKULTAS SAINS DAN TEKNOLOGI,S1,B,SWASTA,JAWA TIMUR,B,2
6672400.0,9118.0,312.0,UNIVERSITAS MAHASARASWATI DENPASAR,FAKULTAS PERTANIAN,S1,B,SWASTA,BALI,UNGGUL,2
6672400.0,9118.0,312.0,UNIVERSITAS MAHASARASWATI DENPASAR,FAKULTAS PERTANIAN,S1,B,SWASTA,BALI,UNGGUL,2
6672400.0,9118.0,312.0,UNIVERSITAS MAHASARASWATI DENPASAR,FAKULTAS EKONOMI,S1,B,SWASTA,BALI,UNGGUL,2
6672400.0,9118.0,312.0,UNIVERSITAS MAHASARASWATI DENPASAR,FAKULTAS KEGURUAN DAN ILMU PENDIDIKAN,S1,B,SWASTA,BALI,UNGGUL,2
6672400.0,9118.0,312.0,UNIVERSITAS MAHASARASWATI DENPASAR,FAKULTAS HUKUM,S1,B,SWASTA,BALI,UNGGUL,2
6672400.0,9118.0,312.0,UNIVERSITAS MAHASARASWATI DENPASAR,FAKULTAS KEDOKTERAN GIGI,S1,A,SWASTA,BALI,UNGGUL,1
6672400.0,9118.0,312.0,UNIVERSITAS MAHASARASWATI DENPASAR,FAKULTAS KEGURUAN DAN ILMU PENDIDIKAN,S1,B,SWASTA,BALI,UNGGUL,2
6672400.0,9118.0,312.0,UNIVERSITAS MAHASARASWATI DENPASAR,FAKULTAS TEKNIK,S1,B,SWASTA,BALI,UNGGUL,2
13500000.0,5556.0,301.0,UNIVERSITAS MALAHAYATI,FAKULTAS EKONOMI,S1,B,SWASTA,LAMPUNG,B,2
13500000.0,5556.0,301.0,UNIVERSITAS MALAHAYATI,FAKULTAS KEDOKTERAN,S1,BAIK SEKALI,SWASTA,LAMPUNG,B,3
13500000.0,5556.0,301.0,UNIVERSITAS MALAHAYATI,FAKULTAS HUKUM,S1,BAIK,SWASTA,LAMPUNG,B,2
13500000.0,5556.0,301.0,UNIVERSITAS MALAHAYATI,FAKULTAS TEKNIK,S1,C,SWASTA,LAMPUNG,B,2
13500000.0,5556.0,301.0,UNIVERSITAS MALAHAYATI,FAKULTAS KEDOKTERAN,S1,B,SWASTA,LAMPUNG,B,2
13500000.0,5556.0,301.0,UNIVERSITAS MALAHAYATI,FAKULTAS KEDOKTERAN,S1,B,SWASTA,LAMPUNG,B,2
13500000.0,5556.0,301.0,UNIVERSITAS MALAHAYATI,FAKULTAS KEDOKTERAN,S1,B,SWASTA,LAMPUNG,B,2
13500000.0,5556.0,301.0,UNIVERSITAS MALAHAYATI,FAKULTAS KESEHATAN MASYARAKAT,S1,B,SWASTA,LAMPUNG,B,2
13500000.0,5556.0,301.0,UNIVERSITAS MALAHAYATI,FAKULTAS TEKNIK,S1,B,SWASTA,LAMPUNG,B,2
13500000.0,5556.0,301.0,UNIVERSITAS MALAHAYATI,FAKULTAS EKONOMI,S1,C,SWASTA,LAMPUNG,B,2
13500000.0,5556.0,301.0,UNIVERSITAS MALAHAYATI,FAKULTAS TEKNIK,S1,C,SWASTA,LAMPUNG,B,2
13500000.0,5556.0,301.0,UNIVERSITAS MALAHAYATI,FAKULTAS KEDOKTERAN,S1,BAIK,SWASTA,LAMPUNG,B,2
13500000.0,5556.0,301.0,UNIVERSITAS MALAHAYATI,FAKULTAS TEKNIK,S1,C,SWASTA,LAMPUNG,B,2
8625000.0,9103.0,9103.0,UNIVERSITAS MEDAN AREA,FAKULTAS PERTANIAN,S1,A,SWASTA,SUMATERA UTARA,B,2
8625000.0,9103.0,9103.0,UNIVERSITAS MEDAN AREA,FAKULTAS PERTANIAN,S1,BAIK SEKALI,SWASTA,SUMATERA UTARA,B,2
8625000.0,9103.0,9103.0,UNIVERSITAS MEDAN AREA,FAKULTAS ILMU SOSIAL DAN ILMU POLITIK,S1,B,SWASTA,SUMATERA UTARA,B,2
8625000.0,9103.0,9103.0,UNIVERSITAS MEDAN AREA,FAKULTAS TEKNIK,S1,B,SWASTA,SUMATERA UTARA,B,2
8625000.0,9103.0,9103.0,UNIVERSITAS MEDAN AREA,FAKULTAS BIOLOGI,S1,B,SWASTA,SUMATERA UTARA,B,2
8625000.0,9103.0,9103.0,UNIVERSITAS MEDAN AREA,FAKULTAS PERTANIAN,S1,B,SWASTA,SUMATERA UTARA,B,2
8625000.0,9103.0,9103.0,UNIVERSITAS MEDAN AREA,FAKULTAS HUKUM,S1,B,SWASTA,SUMATERA UTARA,B,2
8625000.0,9103.0,9103.0,UNIVERSITAS MEDAN AREA,FAKULTAS ILMU SOSIAL DAN ILMU POLITIK,S1,B,SWASTA,SUMATERA UTARA,B,2
8625000.0,9103.0,9103.0,UNIVERSITAS MEDAN AREA,FAKULTAS TEKNIK,S1,B,SWASTA,SUMATERA UTARA,B,2
8625000.0,9103.0,9103.0,UNIVERSITAS MEDAN AREA,FAKULTAS TEKNIK,S1,C,SWASTA,SUMATERA UTARA,B,2
8625000.0,9103.0,9103.0,UNIVERSITAS MEDAN AREA,FAKULTAS ILMU SOSIAL DAN ILMU POLITIK,S1,A,SWASTA,SUMATERA UTARA,B,2
8625000.0,9103.0,9103.0,UNIVERSITAS MEDAN AREA,FAKULTAS TEKNIK,S1,B,SWASTA,SUMATERA UTARA,B,2
8625000.0,9103.0,9103.0,UNIVERSITAS MEDAN AREA,FAKULTAS ILMU SOSIAL DAN ILMU POLITIK,S1,B,SWASTA,SUMATERA UTARA,B,2
8625000.0,9103.0,9103.0,UNIVERSITAS MEDAN AREA,FAKULTAS PSIKOLOGI,S1,B,SWASTA,SUMATERA UTARA,B,2
8625000.0,9103.0,9103.0,UNIVERSITAS MEDAN AREA,FAKULTAS TEKNIK,S1,B,SWASTA,SUMATERA UTARA,B,2
5000000.0,22492.0,1080.0,UNIVERSITAS MERCU BUANA,FAKULTAS EKONOMI DAN BISNIS,S1,UNGGUL,SWASTA,D.K.I. JAKARTA,UNGGUL,2
5000000.0,22492.0,1080.0,UNIVERSITAS MERCU BUANA,FAKULTAS TEKNIK,S1,BAIK SEKALI,SWASTA,D.K.I. JAKARTA,UNGGUL,2
5000000.0,22492.0,1080.0,UNIVERSITAS MERCU BUANA,FAKULTAS DESAIN DAN SENI KREATIF,S1,BAIK SEKALI,SWASTA,D.K.I. JAKARTA,UNGGUL,2
5000000.0,22492.0,1080.0,UNIVERSITAS MERCU BUANA,FAKULTAS DESAIN DAN SENI KREATIF,S1,B,SWASTA,D.K.I. JAKARTA,UNGGUL,2
5000000.0,22492.0,1080.0,UNIVERSITAS MERCU BUANA,FAKULTAS DESAIN DAN SENI KREATIF,S1,B,SWASTA,D.K.I. JAKARTA,UNGGUL,2
5000000.0,22492.0,1080.0,UNIVERSITAS MERCU BUANA,FAKULTAS TEKNIK,S1,UNGGUL,SWASTA,D.K.I. JAKARTA,UNGGUL,2
5000000.0,22492.0,1080.0,UNIVERSITAS MERCU BUANA,FAKULTAS ILMU KOMUNIKASI,S1,A,SWASTA,D.K.I. JAKARTA,UNGGUL,1
5000000.0,22492.0,1080.0,UNIVERSITAS MERCU BUANA,FAKULTAS TEKNIK,S1,UNGGUL,SWASTA,D.K.I. JAKARTA,UNGGUL,2
5000000.0,22492.0,1080.0,UNIVERSITAS MERCU BUANA,FAKULTAS ILMU KOMPUTER,S1,UNGGUL,SWASTA,D.K.I. JAKARTA,UNGGUL,2
5000000.0,22492.0,1080.0,UNIVERSITAS MERCU BUANA,FAKULTAS EKONOMI DAN BISNIS,S1,UNGGUL,SWASTA,D.K.I. JAKARTA,UNGGUL,2
5000000.0,22492.0,1080.0,UNIVERSITAS MERCU BUANA,FAKULTAS TEKNIK,S1,UNGGUL,SWASTA,D.K.I. JAKARTA,UNGGUL,2
5000000.0,22492.0,1080.0,UNIVERSITAS MERCU BUANA,FAKULTAS PSIKOLOGI,S1,B,SWASTA,D.K.I. JAKARTA,UNGGUL,2
5000000.0,22492.0,1080.0,UNIVERSITAS MERCU BUANA,FAKULTAS TEKNIK,S1,UNGGUL,SWASTA,D.K.I. JAKARTA,UNGGUL,2
5000000.0,22492.0,1080.0,UNIVERSITAS MERCU BUANA,FAKULTAS ILMU KOMPUTER,S1,BAIK SEKALI,SWASTA,D.K.I. JAKARTA,UNGGUL,2
9500000.0,7861.0,172.0,UNIVERSITAS MERDEKA MALANG,FAKULTAS ILMU SOSIAL DAN ILMU POLITIK,S1,BAIK SEKALI,SWASTA,JAWA TIMUR,B,3
9500000.0,7861.0,172.0,UNIVERSITAS MERDEKA MALANG,FAKULTAS ILMU SOSIAL DAN ILMU POLITIK,S1,A,SWASTA,JAWA TIMUR,B,2
9500000.0,7861.0,172.0,UNIVERSITAS MERDEKA MALANG,FAKULTAS ILMU SOSIAL DAN ILMU POLITIK,S1,B,SWASTA,JAWA TIMUR,B,2
9500000.0,7861.0,172.0,UNIVERSITAS MERDEKA MALANG,FAKULTAS EKONOMI DAN BISNIS,S1,A,SWASTA,JAWA TIMUR,B,2
9500000.0,7861.0,172.0,UNIVERSITAS MERDEKA MALANG,FAKULTAS TEKNIK,S1,B,SWASTA,JAWA TIMUR,B,2
9500000.0,7861.0,172.0,UNIVERSITAS MERDEKA MALANG,FAKULTAS EKONOMI DAN BISNIS,S1,B,SWASTA,JAWA TIMUR,B,2
9500000.0,7861.0,172.0,UNIVERSITAS MERDEKA MALANG,FAKULTAS TEKNIK,S1,B,SWASTA,JAWA TIMUR,B,2
9500000.0,7861.0,172.0,UNIVERSITAS MERDEKA MALANG,FAKULTAS HUKUM,S1,A,SWASTA,JAWA TIMUR,B,2
9500000.0,7861.0,172.0,UNIVERSITAS MERDEKA MALANG,FAKULTAS ILMU SOSIAL DAN ILMU POLITIK,S1,B,SWASTA,JAWA TIMUR,B,2
9500000.0,7861.0,172.0,UNIVERSITAS MERDEKA MALANG,FAKULTAS TEKNIK,S1,B,SWASTA,JAWA TIMUR,B,2
9500000.0,7861.0,172.0,UNIVERSITAS MERDEKA MALANG,FAKULTAS EKONOMI DAN BISNIS,S1,A,SWASTA,JAWA TIMUR,B,2
9500000.0,7861.0,172.0,UNIVERSITAS MERDEKA MALANG,FAKULTAS EKONOMI DAN BISNIS,S1,B,SWASTA,JAWA TIMUR,B,2
9500000.0,7861.0,172.0,UNIVERSITAS MERDEKA MALANG,FAKULTAS TEKNIK,S1,B,SWASTA,JAWA TIMUR,B,2
9500000.0,7861.0,172.0,UNIVERSITAS MERDEKA MALANG,FAKULTAS PSIKOLOGI,S1,B,SWASTA,JAWA TIMUR,B,2
9500000.0,7861.0,172.0,UNIVERSITAS MERDEKA MALANG,FAKULTAS TEKNIK,S1,B,SWASTA,JAWA TIMUR,B,2
9500000.0,7861.0,172.0,UNIVERSITAS MERDEKA MALANG,FAKULTAS TEKNOLOGI INFORMASI,S1,B,SWASTA,JAWA TIMUR,B,2
25000000.0,4687.0,167.0,UNIVERSITAS METHODIST INDONESIA,FAKULTAS PERTANIAN,S1,B,SWASTA,SUMATERA UTARA,B,2
25000000.0,4687.0,167.0,UNIVERSITAS METHODIST INDONESIA,FAKULTAS PERTANIAN,S1,B,SWASTA,SUMATERA UTARA,B,2
25000000.0,4687.0,167.0,UNIVERSITAS METHODIST INDONESIA,FAKULTAS EKONOMI,S1,B,SWASTA,SUMATERA UTARA,B,2
25000000.0,4687.0,167.0,UNIVERSITAS METHODIST INDONESIA,FAKULTAS ILMU KOMPUTER,S1,B,SWASTA,SUMATERA UTARA,B,2
25000000.0,4687.0,167.0,UNIVERSITAS METHODIST INDONESIA,FAKULTAS KEDOKTERAN,S1,C,SWASTA,SUMATERA UTARA,B,2
25000000.0,4687.0,167.0,UNIVERSITAS METHODIST INDONESIA,FAKULTAS EKONOMI,S1,B,SWASTA,SUMATERA UTARA,B,2
25000000.0,4687.0,167.0,UNIVERSITAS METHODIST INDONESIA,FAKULTAS SASTRA,S1,B,SWASTA,SUMATERA UTARA,B,2
25000000.0,4687.0,167.0,UNIVERSITAS METHODIST INDONESIA,FAKULTAS ILMU KOMPUTER,S1,B,SWASTA,SUMATERA UTARA,B,2
5668500.0,2102.0,110.0,UNIVERSITAS MPU TANTULAR,FAKULTAS EKONOMI,S1,BAIK,SWASTA,D.K.I. JAKARTA,B,2
5668500.0,2102.0,110.0,UNIVERSITAS MPU TANTULAR,FAKULTAS TEKNIK,S1,B,SWASTA,D.K.I. JAKARTA,B,2
5668500.0,2102.0,110.0,UNIVERSITAS MPU TANTULAR,FAKULTAS TEKNIK,S1,C,SWASTA,D.K.I. JAKARTA,B,2
5668500.0,2102.0,110.0,UNIVERSITAS MPU TANTULAR,FAKULTAS HUKUM,S1,B,SWASTA,D.K.I. JAKARTA,B,2
5668500.0,2102.0,110.0,UNIVERSITAS MPU TANTULAR,FAKULTAS ILMU KOMUNIKASI,S1,C,SWASTA,D.K.I. JAKARTA,B,2
5668500.0,2102.0,110.0,UNIVERSITAS MPU TANTULAR,FAKULTAS TEKNIK,S1,BAIK,SWASTA,D.K.I. JAKARTA,B,2
5668500.0,2102.0,110.0,UNIVERSITAS MPU TANTULAR,FAKULTAS TEKNIK,S1,C,SWASTA,D.K.I. JAKARTA,B,2
5668500.0,2102.0,110.0,UNIVERSITAS MPU TANTULAR,FAKULTAS EKONOMI,S1,C,SWASTA,D.K.I. JAKARTA,B,2
5668500.0,2102.0,110.0,UNIVERSITAS MPU TANTULAR,FAKULTAS TEKNIK,S1,BAIK,SWASTA,D.K.I. JAKARTA,B,2
5668500.0,2102.0,110.0,UNIVERSITAS MPU TANTULAR,FAKULTAS TEKNIK,S1,C,SWASTA,D.K.I. JAKARTA,B,2
7752500.0,5808.0,168.0,UNIVERSITAS MUHAMMADIYAH ACEH,FAKULTAS EKONOMI,S1,BAIK SEKALI,SWASTA,ACEH,BAIK SEKALI,3
7752500.0,5808.0,168.0,UNIVERSITAS MUHAMMADIYAH ACEH,FAKULTAS TEKNIK,S1,BAIK,SWASTA,ACEH,BAIK SEKALI,3
7752500.0,5808.0,168.0,UNIVERSITAS MUHAMMADIYAH ACEH,FAKULTAS HUKUM,S1,B,SWASTA,ACEH,BAIK SEKALI,3
7752500.0,5808.0,168.0,UNIVERSITAS MUHAMMADIYAH ACEH,FAKULTAS KESEHATAN MASYARAKAT,S1,UNGGUL,SWASTA,ACEH,BAIK SEKALI,3
7752500.0,5808.0,168.0,UNIVERSITAS MUHAMMADIYAH ACEH,FAKULTAS EKONOMI,S1,BAIK SEKALI,SWASTA,ACEH,BAIK SEKALI,3
7752500.0,5808.0,168.0,UNIVERSITAS MUHAMMADIYAH ACEH,FAKULTAS PSIKOLOGI,S1,B,SWASTA,ACEH,BAIK SEKALI,3
7752500.0,5808.0,168.0,UNIVERSITAS MUHAMMADIYAH ACEH,FAKULTAS TEKNIK,S1,BAIK SEKALI,SWASTA,ACEH,BAIK SEKALI,3
3300000.0,8564.0,282.0,UNIVERSITAS MUHAMMADIYAH BENGKULU,FAKULTAS PERTANIAN,S1,B,SWASTA,BENGKULU,B,2
3300000.0,8564.0,282.0,UNIVERSITAS MUHAMMADIYAH BENGKULU,FAKULTAS PERTANIAN,S1,B,SWASTA,BENGKULU,B,2
3300000.0,8564.0,282.0,UNIVERSITAS MUHAMMADIYAH BENGKULU,FAKULTAS EKONOMI,S1,B,SWASTA,BENGKULU,B,2
3300000.0,8564.0,282.0,UNIVERSITAS MUHAMMADIYAH BENGKULU,FAKULTAS KEGURUAN DAN ILMU PENDIDIKAN,S1,B,SWASTA,BENGKULU,B,2
3300000.0,8564.0,282.0,UNIVERSITAS MUHAMMADIYAH BENGKULU,FAKULTAS KEGURUAN DAN ILMU PENDIDIKAN,S1,B,SWASTA,BENGKULU,B,2
3300000.0,8564.0,282.0,UNIVERSITAS MUHAMMADIYAH BENGKULU,FAKULTAS HUKUM,S1,B,SWASTA,BENGKULU,B,2
3300000.0,8564.0,282.0,UNIVERSITAS MUHAMMADIYAH BENGKULU,FAKULTAS AGAMA ISLAM,S1,B,SWASTA,BENGKULU,B,2
3300000.0,8564.0,282.0,UNIVERSITAS MUHAMMADIYAH BENGKULU,FAKULTAS TEKNIK,S1,C,SWASTA,BENGKULU,B,2
3300000.0,8564.0,282.0,UNIVERSITAS MUHAMMADIYAH BENGKULU,FAKULTAS ILMU KESEHATAN,S1,B,SWASTA,BENGKULU,B,2
3300000.0,8564.0,282.0,UNIVERSITAS MUHAMMADIYAH BENGKULU,FAKULTAS ILMU KESEHATAN,S1,B,SWASTA,BENGKULU,B,2
3300000.0,8564.0,282.0,UNIVERSITAS MUHAMMADIYAH BENGKULU,FAKULTAS EKONOMI,S1,B,SWASTA,BENGKULU,B,2
3300000.0,8564.0,282.0,UNIVERSITAS MUHAMMADIYAH BENGKULU,FAKULTAS KEGURUAN DAN ILMU PENDIDIKAN,S1,B,SWASTA,BENGKULU,B,2
3300000.0,8564.0,282.0,UNIVERSITAS MUHAMMADIYAH BENGKULU,FAKULTAS PERTANIAN,S1,B,SWASTA,BENGKULU,B,2
3300000.0,8564.0,282.0,UNIVERSITAS MUHAMMADIYAH BENGKULU,FAKULTAS TEKNIK,S1,C,SWASTA,BENGKULU,B,2
3300000.0,8564.0,282.0,UNIVERSITAS MUHAMMADIYAH BENGKULU,FAKULTAS ILMU SOSIAL POLITIK,S1,B,SWASTA,BENGKULU,B,2
3850000.0,5548.0,112.0,UNIVERSITAS MUHAMMADIYAH BUTON,FAKULTAS PERTANIAN,S1,B,SWASTA,SULAWESI TENGGARA,BAIK SEKALI,3
3850000.0,5548.0,112.0,UNIVERSITAS MUHAMMADIYAH BUTON,FAKULTAS EKONOMI,S1,C,SWASTA,SULAWESI TENGGARA,BAIK SEKALI,3
3850000.0,5548.0,112.0,UNIVERSITAS MUHAMMADIYAH BUTON,FAKULTAS KEGURUAN DAN ILMU PENDIDIKAN,S1,C,SWASTA,SULAWESI TENGGARA,BAIK SEKALI,3
3850000.0,5548.0,112.0,UNIVERSITAS MUHAMMADIYAH BUTON,FAKULTAS HUKUM,S1,B,SWASTA,SULAWESI TENGGARA,BAIK SEKALI,3
3850000.0,5548.0,112.0,UNIVERSITAS MUHAMMADIYAH BUTON,FAKULTAS ILMU SOSIAL DAN ILMU POLITIK,S1,B,SWASTA,SULAWESI TENGGARA,BAIK SEKALI,3
3850000.0,5548.0,112.0,UNIVERSITAS MUHAMMADIYAH BUTON,FAKULTAS TEKNIK,S1,C,SWASTA,SULAWESI TENGGARA,BAIK SEKALI,3
5500000.0,4224.0,154.0,UNIVERSITAS MUHAMMADIYAH GORONTALO,FAKULTAS ILMU-ILMU PERTANIAN,S1,B,SWASTA,GORONTALO,BAIK SEKALI,3
5500000.0,4224.0,154.0,UNIVERSITAS MUHAMMADIYAH GORONTALO,FAKULTAS SAINS DAN TEKNOLOGI,S1,BAIK SEKALI,SWASTA,GORONTALO,BAIK SEKALI,3
5500000.0,4224.0,154.0,UNIVERSITAS MUHAMMADIYAH GORONTALO,FAKULTAS ILMU KESEHATAN,S1,BAIK SEKALI,SWASTA,GORONTALO,BAIK SEKALI,3
5500000.0,4224.0,154.0,UNIVERSITAS MUHAMMADIYAH GORONTALO,FAKULTAS ILMU-ILMU PERTANIAN,S1,BAIK,SWASTA,GORONTALO,BAIK SEKALI,3
5500000.0,4224.0,154.0,UNIVERSITAS MUHAMMADIYAH GORONTALO,FAKULTAS ILMU BUDAYA,S1,B,SWASTA,GORONTALO,BAIK SEKALI,3
5500000.0,4224.0,154.0,UNIVERSITAS MUHAMMADIYAH GORONTALO,FAKULTAS ILMU BUDAYA,S1,B,SWASTA,GORONTALO,BAIK SEKALI,3
5500000.0,4224.0,154.0,UNIVERSITAS MUHAMMADIYAH GORONTALO,FAKULTAS SAINS DAN TEKNOLOGI,S1,BAIK SEKALI,SWASTA,GORONTALO,BAIK SEKALI,3
12255600.0,21890.0,495.0,UNIVERSITAS MUHAMMADIYAH JAKARTA,FAKULTAS ILMU SOSIAL DAN ILMU POLITIK,S1,B,SWASTA,D.K.I. JAKARTA,B,2
12255600.0,21890.0,495.0,UNIVERSITAS MUHAMMADIYAH JAKARTA,FAKULTAS PERTANIAN,S1,B,SWASTA,D.K.I. JAKARTA,B,2
12255600.0,21890.0,495.0,UNIVERSITAS MUHAMMADIYAH JAKARTA,FAKULTAS EKONOMI,S1,B,SWASTA,D.K.I. JAKARTA,B,2
12255600.0,21890.0,495.0,UNIVERSITAS MUHAMMADIYAH JAKARTA,FAKULTAS TEKNIK,S1,A,SWASTA,D.K.I. JAKARTA,B,2
12255600.0,21890.0,495.0,UNIVERSITAS MUHAMMADIYAH JAKARTA,FAKULTAS TEKNIK,S1,B,SWASTA,D.K.I. JAKARTA,B,2
12255600.0,21890.0,495.0,UNIVERSITAS MUHAMMADIYAH JAKARTA,FAKULTAS ILMU PENDIDIKAN,S1,UNGGUL,SWASTA,D.K.I. JAKARTA,B,2
12255600.0,21890.0,495.0,UNIVERSITAS MUHAMMADIYAH JAKARTA,FAKULTAS AGAMA ISLAM,S1,A,SWASTA,D.K.I. JAKARTA,B,2
12255600.0,21890.0,495.0,UNIVERSITAS MUHAMMADIYAH JAKARTA,FAKULTAS HUKUM,S1,A,SWASTA,D.K.I. JAKARTA,B,2
12255600.0,21890.0,495.0,UNIVERSITAS MUHAMMADIYAH JAKARTA,FAKULTAS AGAMA ISLAM,S1,B,SWASTA,D.K.I. JAKARTA,B,2
12255600.0,21890.0,495.0,UNIVERSITAS MUHAMMADIYAH JAKARTA,FAKULTAS TEKNIK,S1,B,SWASTA,D.K.I. JAKARTA,B,2
12255600.0,21890.0,495.0,UNIVERSITAS MUHAMMADIYAH JAKARTA,FAKULTAS TEKNIK,S1,B,SWASTA,D.K.I. JAKARTA,B,2
12255600.0,21890.0,495.0,UNIVERSITAS MUHAMMADIYAH JAKARTA,FAKULTAS ILMU KEPERAWATAN,S1,A,SWASTA,D.K.I. JAKARTA,B,2
12255600.0,21890.0,495.0,UNIVERSITAS MUHAMMADIYAH JAKARTA,FAKULTAS KEDOKTERAN DAN KESEHATAN,S1,B,SWASTA,D.K.I. JAKARTA,B,2
12255600.0,21890.0,495.0,UNIVERSITAS MUHAMMADIYAH JAKARTA,FAKULTAS ILMU SOSIAL DAN ILMU POLITIK,S1,A,SWASTA,D.K.I. JAKARTA,B,2
12255600.0,21890.0,495.0,UNIVERSITAS MUHAMMADIYAH JAKARTA,FAKULTAS TEKNIK,S1,B,SWASTA,D.K.I. JAKARTA,B,2
12255600.0,21890.0,495.0,UNIVERSITAS MUHAMMADIYAH JAKARTA,FAKULTAS EKONOMI,S1,B,SWASTA,D.K.I. JAKARTA,B,2
12255600.0,21890.0,495.0,UNIVERSITAS MUHAMMADIYAH JAKARTA,FAKULTAS ILMU PENDIDIKAN,S1,B,SWASTA,D.K.I. JAKARTA,B,2
12255600.0,21890.0,495.0,UNIVERSITAS MUHAMMADIYAH JAKARTA,FAKULTAS TEKNIK,S1,B,SWASTA,D.K.I. JAKARTA,B,2
12255600.0,21890.0,495.0,UNIVERSITAS MUHAMMADIYAH JAKARTA,FAKULTAS ILMU SOSIAL DAN ILMU POLITIK,S1,A,SWASTA,D.K.I. JAKARTA,B,2
12255600.0,21890.0,495.0,UNIVERSITAS MUHAMMADIYAH JAKARTA,FAKULTAS TEKNIK,S1,B,SWASTA,D.K.I. JAKARTA,B,2
12255600.0,21890.0,495.0,UNIVERSITAS MUHAMMADIYAH JAKARTA,FAKULTAS ILMU PENDIDIKAN,S1,C,SWASTA,D.K.I. JAKARTA,B,2
23430100.0,5299.0,5299.0,UNIVERSITAS MUHAMMADIYAH JEMBER,PERTANIAN,S1,B,SWASTA,JAWA TIMUR,B,2
23430100.0,5299.0,5299.0,UNIVERSITAS MUHAMMADIYAH JEMBER,PERTANIAN,S1,B,SWASTA,JAWA TIMUR,B,2
23430100.0,5299.0,5299.0,UNIVERSITAS MUHAMMADIYAH JEMBER,EKONOMI,S1,A,SWASTA,JAWA TIMUR,B,2
23430100.0,5299.0,5299.0,UNIVERSITAS MUHAMMADIYAH JEMBER,KEGURUAN DAN ILMU PENDIDIKAN,S1,B,SWASTA,JAWA TIMUR,B,2
23430100.0,5299.0,5299.0,UNIVERSITAS MUHAMMADIYAH JEMBER,TEKNIK,S1,B,SWASTA,JAWA TIMUR,B,2
23430100.0,5299.0,5299.0,UNIVERSITAS MUHAMMADIYAH JEMBER,KEGURUAN DAN ILMU PENDIDIKAN,S1,B,SWASTA,JAWA TIMUR,B,2
23430100.0,5299.0,5299.0,UNIVERSITAS MUHAMMADIYAH JEMBER,HUKUM,S1,B,SWASTA,JAWA TIMUR,B,2
23430100.0,5299.0,5299.0,UNIVERSITAS MUHAMMADIYAH JEMBER,ILMU SOSIAL DAN ILMU POLITIK,S1,A,SWASTA,JAWA TIMUR,B,2
23430100.0,5299.0,5299.0,UNIVERSITAS MUHAMMADIYAH JEMBER,TEKNIK,S1,B,SWASTA,JAWA TIMUR,B,2
23430100.0,5299.0,5299.0,UNIVERSITAS MUHAMMADIYAH JEMBER,ILMU KESEHATAN,S1,B,SWASTA,JAWA TIMUR,B,2
23430100.0,5299.0,5299.0,UNIVERSITAS MUHAMMADIYAH JEMBER,EKONOMI,S1,B,SWASTA,JAWA TIMUR,B,2
23430100.0,5299.0,5299.0,UNIVERSITAS MUHAMMADIYAH JEMBER,TEKNIK,S1,B,SWASTA,JAWA TIMUR,B,2
23430100.0,5299.0,5299.0,UNIVERSITAS MUHAMMADIYAH JEMBER,KEGURUAN DAN ILMU PENDIDIKAN,S1,B,SWASTA,JAWA TIMUR,B,2
23430100.0,5299.0,5299.0,UNIVERSITAS MUHAMMADIYAH JEMBER,TEKNIK,S1,BAIK SEKALI,SWASTA,JAWA TIMUR,B,3
23430100.0,5299.0,5299.0,UNIVERSITAS MUHAMMADIYAH JEMBER,KEGURUAN DAN ILMU PENDIDIKAN,S1,BAIK,SWASTA,JAWA TIMUR,B,2
23430100.0,5299.0,5299.0,UNIVERSITAS MUHAMMADIYAH JEMBER,ILMU SOSIAL DAN ILMU POLITIK,S1,B,SWASTA,JAWA TIMUR,B,2
23430100.0,5299.0,5299.0,UNIVERSITAS MUHAMMADIYAH JEMBER,PERTANIAN,S1,BAIK,SWASTA,JAWA TIMUR,B,2
23430100.0,5299.0,5299.0,UNIVERSITAS MUHAMMADIYAH JEMBER,PSIKOLOGI,S1,B,SWASTA,JAWA TIMUR,B,2
23430100.0,5299.0,5299.0,UNIVERSITAS MUHAMMADIYAH JEMBER,TEKNIK,S1,B,SWASTA,JAWA TIMUR,B,2
5992500.0,2000.0,120.0,UNIVERSITAS MUHAMMADIYAH KALIMANTAN TIMUR,FAKULTAS ILMU KESEHATAN DAN FARMASI,S1,BAIK SEKALI,SWASTA,KALIMANTAN TIMUR,BAIK SEKALI,3
5992500.0,2000.0,120.0,UNIVERSITAS MUHAMMADIYAH KALIMANTAN TIMUR,FAKULTAS ILMU-ILMU SOSIAL DAN HUMANIORA,S1,B,SWASTA,KALIMANTAN TIMUR,BAIK SEKALI,3
5992500.0,2000.0,120.0,UNIVERSITAS MUHAMMADIYAH KALIMANTAN TIMUR,FAKULTAS ILMU-ILMU SOSIAL DAN HUMANIORA,S1,B,SWASTA,KALIMANTAN TIMUR,BAIK SEKALI,3
5992500.0,2000.0,120.0,UNIVERSITAS MUHAMMADIYAH KALIMANTAN TIMUR,FAKULTAS SAINS DAN TEKNOLOGI,S1,BAIK SEKALI,SWASTA,KALIMANTAN TIMUR,BAIK SEKALI,3
5992500.0,2000.0,120.0,UNIVERSITAS MUHAMMADIYAH KALIMANTAN TIMUR,FAKULTAS ILMU KESEHATAN DAN FARMASI,S1,UNGGUL,SWASTA,KALIMANTAN TIMUR,BAIK SEKALI,3
5992500.0,2000.0,120.0,UNIVERSITAS MUHAMMADIYAH KALIMANTAN TIMUR,FAKULTAS ILMU KESEHATAN DAN FARMASI,S1,UNGGUL,SWASTA,KALIMANTAN TIMUR,BAIK SEKALI,3
5992500.0,2000.0,120.0,UNIVERSITAS MUHAMMADIYAH KALIMANTAN TIMUR,FAKULTAS ILMU-ILMU SOSIAL DAN HUMANIORA,S1,BAIK SEKALI,SWASTA,KALIMANTAN TIMUR,BAIK SEKALI,3
5992500.0,2000.0,120.0,UNIVERSITAS MUHAMMADIYAH KALIMANTAN TIMUR,FAKULTAS SAINS DAN TEKNOLOGI,S1,BAIK SEKALI,SWASTA,KALIMANTAN TIMUR,BAIK SEKALI,3
5992500.0,2000.0,120.0,UNIVERSITAS MUHAMMADIYAH KALIMANTAN TIMUR,FAKULTAS KEGURUAN DAN ILMU PENDIDIKAN,S1,B,SWASTA,KALIMANTAN TIMUR,BAIK SEKALI,3
5992500.0,2000.0,120.0,UNIVERSITAS MUHAMMADIYAH KALIMANTAN TIMUR,FAKULTAS ILMU-ILMU SOSIAL DAN HUMANIORA,S1,BAIK SEKALI,SWASTA,KALIMANTAN TIMUR,BAIK SEKALI,3
5992500.0,2000.0,120.0,UNIVERSITAS MUHAMMADIYAH KALIMANTAN TIMUR,FAKULTAS SAINS DAN TEKNOLOGI,S1,BAIK SEKALI,SWASTA,KALIMANTAN TIMUR,BAIK SEKALI,3
14790000.0,6270.0,176.0,UNIVERSITAS MUHAMMADIYAH MAGELANG,FAKULTAS EKONOMI DAN BISNIS,S1,B,SWASTA,JAWA TENGAH,B,2
14790000.0,6270.0,176.0,UNIVERSITAS MUHAMMADIYAH MAGELANG,FAKULTAS ILMU KESEHATAN,S1,C,SWASTA,JAWA TENGAH,B,2
14790000.0,6270.0,176.0,UNIVERSITAS MUHAMMADIYAH MAGELANG,FAKULTAS KEGURUAN DAN ILMU PENDIDIKAN,S1,A,SWASTA,JAWA TENGAH,B,2
14790000.0,6270.0,176.0,UNIVERSITAS MUHAMMADIYAH MAGELANG,FAKULTAS HUKUM,S1,A,SWASTA,JAWA TENGAH,B,2
14790000.0,6270.0,176.0,UNIVERSITAS MUHAMMADIYAH MAGELANG,FAKULTAS TEKNIK,S1,B,SWASTA,JAWA TENGAH,B,2
14790000.0,6270.0,176.0,UNIVERSITAS MUHAMMADIYAH MAGELANG,FAKULTAS TEKNIK,S1,B,SWASTA,JAWA TENGAH,B,2
14790000.0,6270.0,176.0,UNIVERSITAS MUHAMMADIYAH MAGELANG,FAKULTAS ILMU KESEHATAN,S1,B,SWASTA,JAWA TENGAH,B,2
14790000.0,6270.0,176.0,UNIVERSITAS MUHAMMADIYAH MAGELANG,FAKULTAS EKONOMI DAN BISNIS,S1,B,SWASTA,JAWA TENGAH,B,2
14790000.0,6270.0,176.0,UNIVERSITAS MUHAMMADIYAH MAGELANG,FAKULTAS PSIKOLOGI DAN HUMANIORA,S1,C,SWASTA,JAWA TENGAH,B,2
11300000.0,20658.0,20658.0,UNIVERSITAS MUHAMMADIYAH MAKASSAR,FAKULTAS PERTANIAN,S1,B,SWASTA,SULAWESI SELATAN,B,2
11300000.0,20658.0,20658.0,UNIVERSITAS MUHAMMADIYAH MAKASSAR,FAKULTAS PERTANIAN,S1,BAIK,SWASTA,SULAWESI SELATAN,B,2
11300000.0,20658.0,20658.0,UNIVERSITAS MUHAMMADIYAH MAKASSAR,FAKULTAS EKONOMI DAN BISNIS,S1,B,SWASTA,SULAWESI SELATAN,B,2
11300000.0,20658.0,20658.0,UNIVERSITAS MUHAMMADIYAH MAKASSAR,FAKULTAS TEKNIK,S1,UNGGUL,SWASTA,SULAWESI SELATAN,B,2
11300000.0,20658.0,20658.0,UNIVERSITAS MUHAMMADIYAH MAKASSAR,FAKULTAS PERTANIAN,S1,B,SWASTA,SULAWESI SELATAN,B,2
11300000.0,20658.0,20658.0,UNIVERSITAS MUHAMMADIYAH MAKASSAR,FAKULTAS KEGURUAN DAN ILMU PENDIDIKAN,S1,B,SWASTA,SULAWESI SELATAN,B,2
11300000.0,20658.0,20658.0,UNIVERSITAS MUHAMMADIYAH MAKASSAR,FAKULTAS TEKNIK,S1,B,SWASTA,SULAWESI SELATAN,B,2
11300000.0,20658.0,20658.0,UNIVERSITAS MUHAMMADIYAH MAKASSAR,FAKULTAS KEGURUAN DAN ILMU PENDIDIKAN,S1,B,SWASTA,SULAWESI SELATAN,B,2
11300000.0,20658.0,20658.0,UNIVERSITAS MUHAMMADIYAH MAKASSAR,FAKULTAS KEGURUAN DAN ILMU PENDIDIKAN,S1,B,SWASTA,SULAWESI SELATAN,B,2
11300000.0,20658.0,20658.0,UNIVERSITAS MUHAMMADIYAH MAKASSAR,FAKULTAS AGAMA ISLAM,S1,BAIK,SWASTA,SULAWESI SELATAN,B,2
11300000.0,20658.0,20658.0,UNIVERSITAS MUHAMMADIYAH MAKASSAR,FAKULTAS AGAMA ISLAM,S1,BAIK SEKALI,SWASTA,SULAWESI SELATAN,B,2
11300000.0,20658.0,20658.0,UNIVERSITAS MUHAMMADIYAH MAKASSAR,FAKULTAS KEDOKTERAN,S1,B,SWASTA,SULAWESI SELATAN,B,2
11300000.0,20658.0,20658.0,UNIVERSITAS MUHAMMADIYAH MAKASSAR,FAKULTAS PERTANIAN,S1,B,SWASTA,SULAWESI SELATAN,B,2
11300000.0,20658.0,20658.0,UNIVERSITAS MUHAMMADIYAH MAKASSAR,FAKULTAS EKONOMI DAN BISNIS,S1,B,SWASTA,SULAWESI SELATAN,B,2
11300000.0,20658.0,20658.0,UNIVERSITAS MUHAMMADIYAH MAKASSAR,FAKULTAS KEGURUAN DAN ILMU PENDIDIKAN,S1,B,SWASTA,SULAWESI SELATAN,B,2
11300000.0,20658.0,20658.0,UNIVERSITAS MUHAMMADIYAH MAKASSAR,FAKULTAS ILMU SOSIAL DAN ILMU POLITIK,S1,A,SWASTA,SULAWESI SELATAN,B,1
11300000.0,20658.0,20658.0,UNIVERSITAS MUHAMMADIYAH MAKASSAR,FAKULTAS TEKNIK,S1,B,SWASTA,SULAWESI SELATAN,B,2
11300000.0,20658.0,20658.0,UNIVERSITAS MUHAMMADIYAH MAKASSAR,FAKULTAS KEGURUAN DAN ILMU PENDIDIKAN,S1,B,SWASTA,SULAWESI SELATAN,B,2
10000000.0,34426.0,34426.0,UNIVERSITAS MUHAMMADIYAH MALANG,PERTANIAN DAN PETERNAKAN,S1,A,SWASTA,JAWA TIMUR,A,0
10000000.0,34426.0,34426.0,UNIVERSITAS MUHAMMADIYAH MALANG,PERTANIAN DAN PETERNAKAN,S1,UNGGUL,SWASTA,JAWA TIMUR,A,0
10000000.0,34426.0,34426.0,UNIVERSITAS MUHAMMADIYAH MALANG,EKONOMI DAN BISNIS,S1,A,SWASTA,JAWA TIMUR,A,0
10000000.0,34426.0,34426.0,UNIVERSITAS MUHAMMADIYAH MALANG,KEGURUAN DAN ILMU PENDIDIKAN,S1,A,SWASTA,JAWA TIMUR,A,0
10000000.0,34426.0,34426.0,UNIVERSITAS MUHAMMADIYAH MALANG,EKONOMI DAN BISNIS,S1,B,SWASTA,JAWA TIMUR,A,0
10000000.0,34426.0,34426.0,UNIVERSITAS MUHAMMADIYAH MALANG,TEKNIK,S1,B,SWASTA,JAWA TIMUR,A,0
10000000.0,34426.0,34426.0,UNIVERSITAS MUHAMMADIYAH MALANG,LLMU KESEHATAN,S1,B,SWASTA,JAWA TIMUR,A,0
10000000.0,34426.0,34426.0,UNIVERSITAS MUHAMMADIYAH MALANG,LLMU KESEHATAN,S1,C,SWASTA,JAWA TIMUR,A,0
10000000.0,34426.0,34426.0,UNIVERSITAS MUHAMMADIYAH MALANG,KEGURUAN DAN ILMU PENDIDIKAN,S1,A,SWASTA,JAWA TIMUR,A,0
10000000.0,34426.0,34426.0,UNIVERSITAS MUHAMMADIYAH MALANG,ILMU SOSIAL DAN ILMU POLITIK,S1,A,SWASTA,JAWA TIMUR,A,0
10000000.0,34426.0,34426.0,UNIVERSITAS MUHAMMADIYAH MALANG,HUKUM,S1,A,SWASTA,JAWA TIMUR,A,0
10000000.0,34426.0,34426.0,UNIVERSITAS MUHAMMADIYAH MALANG,ILMU SOSIAL DAN ILMU POLITIK,S1,A,SWASTA,JAWA TIMUR,A,0
10000000.0,34426.0,34426.0,UNIVERSITAS MUHAMMADIYAH MALANG,TEKNIK,S1,B,SWASTA,JAWA TIMUR,A,0
10000000.0,34426.0,34426.0,UNIVERSITAS MUHAMMADIYAH MALANG,TEKNIK,S1,B,SWASTA,JAWA TIMUR,A,0
10000000.0,34426.0,34426.0,UNIVERSITAS MUHAMMADIYAH MALANG,KEDOKTERAN,S1,B,SWASTA,JAWA TIMUR,A,0
10000000.0,34426.0,34426.0,UNIVERSITAS MUHAMMADIYAH MALANG,PERTANIAN DAN PETERNAKAN,S1,B,SWASTA,JAWA TIMUR,A,0
10000000.0,34426.0,34426.0,UNIVERSITAS MUHAMMADIYAH MALANG,LLMU KESEHATAN,S1,B,SWASTA,JAWA TIMUR,A,0
10000000.0,34426.0,34426.0,UNIVERSITAS MUHAMMADIYAH MALANG,ILMU SOSIAL DAN ILMU POLITIK,S1,A,SWASTA,JAWA TIMUR,A,0
10000000.0,34426.0,34426.0,UNIVERSITAS MUHAMMADIYAH MALANG,EKONOMI DAN BISNIS,S1,A,SWASTA,JAWA TIMUR,A,0
10000000.0,34426.0,34426.0,UNIVERSITAS MUHAMMADIYAH MALANG,KEGURUAN DAN ILMU PENDIDIKAN,S1,A,SWASTA,JAWA TIMUR,A,0
10000000.0,34426.0,34426.0,UNIVERSITAS MUHAMMADIYAH MALANG,TEKNIK,S1,A,SWASTA,JAWA TIMUR,A,0
10000000.0,34426.0,34426.0,UNIVERSITAS MUHAMMADIYAH MALANG,KEGURUAN DAN ILMU PENDIDIKAN,S1,B,SWASTA,JAWA TIMUR,A,0
10000000.0,34426.0,34426.0,UNIVERSITAS MUHAMMADIYAH MALANG,ILMU SOSIAL DAN ILMU POLITIK,S1,A,SWASTA,JAWA TIMUR,A,0
10000000.0,34426.0,34426.0,UNIVERSITAS MUHAMMADIYAH MALANG,PERTANIAN DAN PETERNAKAN,S1,A,SWASTA,JAWA TIMUR,A,0
10000000.0,34426.0,34426.0,UNIVERSITAS MUHAMMADIYAH MALANG,PSIKOLOGI,S1,A,SWASTA,JAWA TIMUR,A,0
10000000.0,34426.0,34426.0,UNIVERSITAS MUHAMMADIYAH MALANG,TEKNIK,S1,B,SWASTA,JAWA TIMUR,A,0
10000000.0,34426.0,34426.0,UNIVERSITAS MUHAMMADIYAH MALANG,ILMU SOSIAL DAN ILMU POLITIK,S1,A,SWASTA,JAWA TIMUR,A,0
10000000.0,34426.0,34426.0,UNIVERSITAS MUHAMMADIYAH MALANG,PERTANIAN DAN PETERNAKAN,S1,A,SWASTA,JAWA TIMUR,A,0
4000000.0,7352.0,255.0,UNIVERSITAS MUHAMMADIYAH MATARAM,FAKULTAS ILMU KESEHATAN,S1,C,SWASTA,NUSA TENGGARA BARAT,B,2
4000000.0,7352.0,255.0,UNIVERSITAS MUHAMMADIYAH MATARAM,FAKULTAS KEGURUAN DAN ILMU PENDIDIKAN,S1,B,SWASTA,NUSA TENGGARA BARAT,B,2
4000000.0,7352.0,255.0,UNIVERSITAS MUHAMMADIYAH MATARAM,FAKULTAS KEGURUAN DAN ILMU PENDIDIKAN,S1,B,SWASTA,NUSA TENGGARA BARAT,B,2
4000000.0,7352.0,255.0,UNIVERSITAS MUHAMMADIYAH MATARAM,FAKULTAS KEGURUAN DAN ILMU PENDIDIKAN,S1,BAIK SEKALI,SWASTA,NUSA TENGGARA BARAT,B,2
4000000.0,7352.0,255.0,UNIVERSITAS MUHAMMADIYAH MATARAM,FAKULTAS HUKUM,S1,B,SWASTA,NUSA TENGGARA BARAT,B,2
4000000.0,7352.0,255.0,UNIVERSITAS MUHAMMADIYAH MATARAM,FAKULTAS ILMU SOSIAL DAN ILMU POLITIK,S1,B,SWASTA,NUSA TENGGARA BARAT,B,2
4000000.0,7352.0,255.0,UNIVERSITAS MUHAMMADIYAH MATARAM,FAKULTAS ILMU KESEHATAN,S1,C,SWASTA,NUSA TENGGARA BARAT,B,2
4000000.0,7352.0,255.0,UNIVERSITAS MUHAMMADIYAH MATARAM,FAKULTAS ILMU SOSIAL DAN ILMU POLITIK,S1,B,SWASTA,NUSA TENGGARA BARAT,B,2
4000000.0,7352.0,255.0,UNIVERSITAS MUHAMMADIYAH MATARAM,FAKULTAS TEKNIK,S1,B,SWASTA,NUSA TENGGARA BARAT,B,2
4000000.0,7352.0,255.0,UNIVERSITAS MUHAMMADIYAH MATARAM,FAKULTAS TEKNIK,S1,C,SWASTA,NUSA TENGGARA BARAT,B,2
4000000.0,7352.0,255.0,UNIVERSITAS MUHAMMADIYAH MATARAM,FAKULTAS PERTANIAN,S1,B,SWASTA,NUSA TENGGARA BARAT,B,2
4000000.0,7352.0,255.0,UNIVERSITAS MUHAMMADIYAH MATARAM,FAKULTAS KEGURUAN DAN ILMU PENDIDIKAN,S1,C,SWASTA,NUSA TENGGARA BARAT,B,2
4000000.0,7352.0,255.0,UNIVERSITAS MUHAMMADIYAH MATARAM,FAKULTAS TEKNIK,S1,B,SWASTA,NUSA TENGGARA BARAT,B,2
24057500.0,4461.0,196.0,UNIVERSITAS MUHAMMADIYAH METRO,FAKULTAS EKONOMI,S1,C,SWASTA,LAMPUNG,BAIK SEKALI,3
24057500.0,4461.0,196.0,UNIVERSITAS MUHAMMADIYAH METRO,FAKULTAS KEGURUAN DAN ILMU PENDIDIKAN,S1,C,SWASTA,LAMPUNG,BAIK SEKALI,3
24057500.0,4461.0,196.0,UNIVERSITAS MUHAMMADIYAH METRO,FAKULTAS KEGURUAN DAN ILMU PENDIDIKAN,S1,C,SWASTA,LAMPUNG,BAIK SEKALI,3
24057500.0,4461.0,196.0,UNIVERSITAS MUHAMMADIYAH METRO,FAKULTAS KEGURUAN DAN ILMU PENDIDIKAN,S1,C,SWASTA,LAMPUNG,BAIK SEKALI,3
24057500.0,4461.0,196.0,UNIVERSITAS MUHAMMADIYAH METRO,FAKULTAS HUKUM,S1,C,SWASTA,LAMPUNG,BAIK SEKALI,3
24057500.0,4461.0,196.0,UNIVERSITAS MUHAMMADIYAH METRO,FAKULTAS EKONOMI,S1,C,SWASTA,LAMPUNG,BAIK SEKALI,3
24057500.0,4461.0,196.0,UNIVERSITAS MUHAMMADIYAH METRO,FAKULTAS KEGURUAN DAN ILMU PENDIDIKAN,S1,C,SWASTA,LAMPUNG,BAIK SEKALI,3
24057500.0,4461.0,196.0,UNIVERSITAS MUHAMMADIYAH METRO,FAKULTAS TEKNIK,S1,C,SWASTA,LAMPUNG,BAIK SEKALI,3
24057500.0,4461.0,196.0,UNIVERSITAS MUHAMMADIYAH METRO,FAKULTAS KEGURUAN DAN ILMU PENDIDIKAN,S1,C,SWASTA,LAMPUNG,BAIK SEKALI,3
24057500.0,4461.0,196.0,UNIVERSITAS MUHAMMADIYAH METRO,FAKULTAS TEKNIK,S1,C,SWASTA,LAMPUNG,BAIK SEKALI,3
5600000.0,2540.0,182.0,UNIVERSITAS MUHAMMADIYAH PONOROGO,FAKULTAS EKONOMI,S1,UNGGUL,SWASTA,JAWA TIMUR,UNGGUL,3
5600000.0,2540.0,182.0,UNIVERSITAS MUHAMMADIYAH PONOROGO,FAKULTAS TEKNIK,S1,BAIK SEKALI,SWASTA,JAWA TIMUR,UNGGUL,3
5600000.0,2540.0,182.0,UNIVERSITAS MUHAMMADIYAH PONOROGO,FAKULTAS HUKUM,S1,BAIK SEKALI,SWASTA,JAWA TIMUR,UNGGUL,3
5600000.0,2540.0,182.0,UNIVERSITAS MUHAMMADIYAH PONOROGO,FAKULTAS TEKNIK,S1,B,SWASTA,JAWA TIMUR,UNGGUL,3
5600000.0,2540.0,182.0,UNIVERSITAS MUHAMMADIYAH PONOROGO,FAKULTAS ILMU KESEHATAN,S1,BAIK SEKALI,SWASTA,JAWA TIMUR,UNGGUL,3
5600000.0,2540.0,182.0,UNIVERSITAS MUHAMMADIYAH PONOROGO,FAKULTAS EKONOMI,S1,UNGGUL,SWASTA,JAWA TIMUR,UNGGUL,3
5600000.0,2540.0,182.0,UNIVERSITAS MUHAMMADIYAH PONOROGO,FAKULTAS KEGURUAN DAN ILMU PENDIDIKAN,S1,B,SWASTA,JAWA TIMUR,UNGGUL,3
5600000.0,2540.0,182.0,UNIVERSITAS MUHAMMADIYAH PONOROGO,FAKULTAS TEKNIK,S1,UNGGUL,SWASTA,JAWA TIMUR,UNGGUL,3
4000000.0,4394.0,115.0,UNIVERSITAS MUHAMMADIYAH PONTIANAK,FAKULTAS PERIKANAN DAN ILMU KELAUTAN,S1,B,SWASTA,KALIMANTAN BARAT,B,2
4000000.0,4394.0,115.0,UNIVERSITAS MUHAMMADIYAH PONTIANAK,FAKULTAS TEKNIK,S1,BAIK,SWASTA,KALIMANTAN BARAT,B,2
4000000.0,4394.0,115.0,UNIVERSITAS MUHAMMADIYAH PONTIANAK,FAKULTAS ILMU KESEHATAN,S1,BAIK SEKALI,SWASTA,KALIMANTAN BARAT,B,3
4000000.0,4394.0,115.0,UNIVERSITAS MUHAMMADIYAH PONTIANAK,FAKULTAS EKONOMI,S1,BAIK,SWASTA,KALIMANTAN BARAT,B,2
4000000.0,4394.0,115.0,UNIVERSITAS MUHAMMADIYAH PONTIANAK,FAKULTAS TEKNIK,S1,BAIK SEKALI,SWASTA,KALIMANTAN BARAT,B,3
37900000.0,21566.0,656.0,UNIVERSITAS MUHAMMADIYAH PROF DR HAMKA,FAKULTAS EKONOMI DAN BISNIS,S1,UNGGUL,SWASTA,D.K.I. JAKARTA,UNGGUL,4
37900000.0,21566.0,656.0,UNIVERSITAS MUHAMMADIYAH PROF DR HAMKA,FAKULTAS KEGURUAN DAN ILMU PENDIDIKAN,S1,B,SWASTA,D.K.I. JAKARTA,UNGGUL,4
37900000.0,21566.0,656.0,UNIVERSITAS MUHAMMADIYAH PROF DR HAMKA,FAKULTAS ILMU SOSIAL DAN ILMU POLITIK,S1,UNGGUL,SWASTA,D.K.I. JAKARTA,UNGGUL,4
37900000.0,21566.0,656.0,UNIVERSITAS MUHAMMADIYAH PROF DR HAMKA,FAKULTAS TEKNOLOGI INDUSTRI DAN INFORMATIKA,S1,BAIK SEKALI,SWASTA,D.K.I. JAKARTA,UNGGUL,4
37900000.0,21566.0,656.0,UNIVERSITAS MUHAMMADIYAH PROF DR HAMKA,FAKULTAS EKONOMI DAN BISNIS,S1,UNGGUL,SWASTA,D.K.I. JAKARTA,UNGGUL,4
37900000.0,21566.0,656.0,UNIVERSITAS MUHAMMADIYAH PROF DR HAMKA,FAKULTAS PSIKOLOGI,S1,UNGGUL,SWASTA,D.K.I. JAKARTA,UNGGUL,4
37900000.0,21566.0,656.0,UNIVERSITAS MUHAMMADIYAH PROF DR HAMKA,FAKULTAS KEGURUAN DAN ILMU PENDIDIKAN,S1,UNGGUL,SWASTA,D.K.I. JAKARTA,UNGGUL,4
12600000.0,12315.0,359.0,UNIVERSITAS MUHAMMADIYAH SEMARANG,FAKULTAS EKONOMI,S1,UNGGUL,SWASTA,JAWA TENGAH,UNGGUL,1
12600000.0,12315.0,359.0,UNIVERSITAS MUHAMMADIYAH SEMARANG,FAKULTAS TEKNIK,S1,BAIK SEKALI,SWASTA,JAWA TENGAH,UNGGUL,3
12600000.0,12315.0,359.0,UNIVERSITAS MUHAMMADIYAH SEMARANG,FAKULTAS ILMU KEPERAWATAN DAN KESEHATAN,S1,UNGGUL,SWASTA,JAWA TENGAH,UNGGUL,1
12600000.0,12315.0,359.0,UNIVERSITAS MUHAMMADIYAH SEMARANG,FAKULTAS ILMU KEPERAWATAN DAN KESEHATAN,S1,UNGGUL,SWASTA,JAWA TENGAH,UNGGUL,1
12600000.0,12315.0,359.0,UNIVERSITAS MUHAMMADIYAH SEMARANG,FAKULTAS KEDOKTERAN UMUM,S1,UNGGUL,SWASTA,JAWA TENGAH,UNGGUL,1
12600000.0,12315.0,359.0,UNIVERSITAS MUHAMMADIYAH SEMARANG,FAKULTAS KEDOKTERAN GIGI,S1,BAIK SEKALI,SWASTA,JAWA TENGAH,UNGGUL,3
12600000.0,12315.0,359.0,UNIVERSITAS MUHAMMADIYAH SEMARANG,FAKULTAS ILMU KEPERAWATAN DAN KESEHATAN,S1,UNGGUL,SWASTA,JAWA TENGAH,UNGGUL,1
12600000.0,12315.0,359.0,UNIVERSITAS MUHAMMADIYAH SEMARANG,FAKULTAS KESEHATAN MASYARAKAT,S1,UNGGUL,SWASTA,JAWA TENGAH,UNGGUL,1
12600000.0,12315.0,359.0,UNIVERSITAS MUHAMMADIYAH SEMARANG,FAKULTAS MATEMATIKA DAN ILMU PENGETAHUAN,S1,UNGGUL,SWASTA,JAWA TENGAH,UNGGUL,1
12600000.0,12315.0,359.0,UNIVERSITAS MUHAMMADIYAH SEMARANG,FAKULTAS EKONOMI,S1,UNGGUL,SWASTA,JAWA TENGAH,UNGGUL,1
12600000.0,12315.0,359.0,UNIVERSITAS MUHAMMADIYAH SEMARANG,FAKULTAS MATEMATIKA DAN ILMU PENGETAHUAN,S1,UNGGUL,SWASTA,JAWA TENGAH,UNGGUL,1
12600000.0,12315.0,359.0,UNIVERSITAS MUHAMMADIYAH SEMARANG,FAKULTAS TEKNIK,S1,BAIK SEKALI,SWASTA,JAWA TENGAH,UNGGUL,3
12600000.0,12315.0,359.0,UNIVERSITAS MUHAMMADIYAH SEMARANG,FAKULTAS BAHASA DAN BUDAYA ASING,S1,UNGGUL,SWASTA,JAWA TENGAH,UNGGUL,1
12600000.0,12315.0,359.0,UNIVERSITAS MUHAMMADIYAH SEMARANG,FAKULTAS MATEMATIKA DAN ILMU PENGETAHUAN,S1,UNGGUL,SWASTA,JAWA TENGAH,UNGGUL,1
12600000.0,12315.0,359.0,UNIVERSITAS MUHAMMADIYAH SEMARANG,FAKULTAS ILMU KEPERAWATAN DAN KESEHATAN,S1,UNGGUL,SWASTA,JAWA TENGAH,UNGGUL,1
6000000.0,21831.0,521.0,UNIVERSITAS MUHAMMADIYAH SUMATERA UTARA,FAKULTAS PERTANIAN,S1,B,SWASTA,SUMATERA UTARA,B,2
6000000.0,21831.0,521.0,UNIVERSITAS MUHAMMADIYAH SUMATERA UTARA,FAKULTAS PERTANIAN,S1,B,SWASTA,SUMATERA UTARA,B,2
6000000.0,21831.0,521.0,UNIVERSITAS MUHAMMADIYAH SUMATERA UTARA,FAKULTAS KEGURUAN DAN ILMU PENDIDIKAN,S1,A,SWASTA,SUMATERA UTARA,B,1
6000000.0,21831.0,521.0,UNIVERSITAS MUHAMMADIYAH SUMATERA UTARA,FAKULTAS TEKNIK,S1,B,SWASTA,SUMATERA UTARA,B,2
6000000.0,21831.0,521.0,UNIVERSITAS MUHAMMADIYAH SUMATERA UTARA,FAKULTAS HUKUM,S1,A,SWASTA,SUMATERA UTARA,B,1
6000000.0,21831.0,521.0,UNIVERSITAS MUHAMMADIYAH SUMATERA UTARA,FAKULTAS ILMU SOSIAL DAN ILMU POLITIK,S1,A,SWASTA,SUMATERA UTARA,B,1
6000000.0,21831.0,521.0,UNIVERSITAS MUHAMMADIYAH SUMATERA UTARA,FAKULTAS ILMU SOSIAL DAN ILMU POLITIK,S1,A,SWASTA,SUMATERA UTARA,B,1
6000000.0,21831.0,521.0,UNIVERSITAS MUHAMMADIYAH SUMATERA UTARA,FAKULTAS AGAMA ISLAM,S1,A,SWASTA,SUMATERA UTARA,B,1
6000000.0,21831.0,521.0,UNIVERSITAS MUHAMMADIYAH SUMATERA UTARA,FAKULTAS KEGURUAN DAN ILMU PENDIDIKAN,S1,B,SWASTA,SUMATERA UTARA,B,2
6000000.0,21831.0,521.0,UNIVERSITAS MUHAMMADIYAH SUMATERA UTARA,FAKULTAS TEKNIK,S1,B,SWASTA,SUMATERA UTARA,B,2
6000000.0,21831.0,521.0,UNIVERSITAS MUHAMMADIYAH SUMATERA UTARA,FAKULTAS PERTANIAN,S1,B,SWASTA,SUMATERA UTARA,B,2
6000000.0,21831.0,521.0,UNIVERSITAS MUHAMMADIYAH SUMATERA UTARA,FAKULTAS TEKNIK,S1,B,SWASTA,SUMATERA UTARA,B,2
71100000.0,7074.0,355.0,UNIVERSITAS MUHAMMADIYAH SURABAYA,FAKULTAS EKONOMI DAN BISNIS,S1,B,SWASTA,JAWA TIMUR,UNGGUL,4
71100000.0,7074.0,355.0,UNIVERSITAS MUHAMMADIYAH SURABAYA,FAKULTAS TEKNIK,S1,BAIK SEKALI,SWASTA,JAWA TIMUR,UNGGUL,4
71100000.0,7074.0,355.0,UNIVERSITAS MUHAMMADIYAH SURABAYA,FAKULTAS KEGURUAN DAN ILMU PENDIDIKAN,S1,UNGGUL,SWASTA,JAWA TIMUR,UNGGUL,4
71100000.0,7074.0,355.0,UNIVERSITAS MUHAMMADIYAH SURABAYA,FAKULTAS KEGURUAN DAN ILMU PENDIDIKAN,S1,BAIK,SWASTA,JAWA TIMUR,UNGGUL,4
71100000.0,7074.0,355.0,UNIVERSITAS MUHAMMADIYAH SURABAYA,FAKULTAS TEKNIK,S1,BAIK SEKALI,SWASTA,JAWA TIMUR,UNGGUL,4
71100000.0,7074.0,355.0,UNIVERSITAS MUHAMMADIYAH SURABAYA,FAKULTAS ILMU KESEHATAN,S1,BAIK SEKALI,SWASTA,JAWA TIMUR,UNGGUL,4
71100000.0,7074.0,355.0,UNIVERSITAS MUHAMMADIYAH SURABAYA,FAKULTAS ILMU KESEHATAN,S1,BAIK SEKALI,SWASTA,JAWA TIMUR,UNGGUL,4
71100000.0,7074.0,355.0,UNIVERSITAS MUHAMMADIYAH SURABAYA,FAKULTAS KEGURUAN DAN ILMU PENDIDIKAN,S1,UNGGUL,SWASTA,JAWA TIMUR,UNGGUL,4
71100000.0,7074.0,355.0,UNIVERSITAS MUHAMMADIYAH SURABAYA,FAKULTAS KEGURUAN DAN ILMU PENDIDIKAN,S1,UNGGUL,SWASTA,JAWA TIMUR,UNGGUL,4
71100000.0,7074.0,355.0,UNIVERSITAS MUHAMMADIYAH SURABAYA,FAKULTAS HUKUM,S1,UNGGUL,SWASTA,JAWA TIMUR,UNGGUL,4
71100000.0,7074.0,355.0,UNIVERSITAS MUHAMMADIYAH SURABAYA,FAKULTAS TEKNIK,S1,BAIK SEKALI,SWASTA,JAWA TIMUR,UNGGUL,4
71100000.0,7074.0,355.0,UNIVERSITAS MUHAMMADIYAH SURABAYA,FAKULTAS TEKNIK,S1,BAIK SEKALI,SWASTA,JAWA TIMUR,UNGGUL,4
71100000.0,7074.0,355.0,UNIVERSITAS MUHAMMADIYAH SURABAYA,FAKULTAS ILMU KESEHATAN,S1,BAIK,SWASTA,JAWA TIMUR,UNGGUL,4
71100000.0,7074.0,355.0,UNIVERSITAS MUHAMMADIYAH SURABAYA,FAKULTAS KEDOKTERAN,S1,UNGGUL,SWASTA,JAWA TIMUR,UNGGUL,4
71100000.0,7074.0,355.0,UNIVERSITAS MUHAMMADIYAH SURABAYA,FAKULTAS ILMU KESEHATAN,S1,UNGGUL,SWASTA,JAWA TIMUR,UNGGUL,4
71100000.0,7074.0,355.0,UNIVERSITAS MUHAMMADIYAH SURABAYA,FAKULTAS EKONOMI DAN BISNIS,S1,UNGGUL,SWASTA,JAWA TIMUR,UNGGUL,4
71100000.0,7074.0,355.0,UNIVERSITAS MUHAMMADIYAH SURABAYA,FAKULTAS KEGURUAN DAN ILMU PENDIDIKAN,S1,UNGGUL,SWASTA,JAWA TIMUR,UNGGUL,4
71100000.0,7074.0,355.0,UNIVERSITAS MUHAMMADIYAH SURABAYA,FAKULTAS TEKNIK,S1,BAIK SEKALI,SWASTA,JAWA TIMUR,UNGGUL,4
71100000.0,7074.0,355.0,UNIVERSITAS MUHAMMADIYAH SURABAYA,FAKULTAS TEKNIK,S1,BAIK SEKALI,SWASTA,JAWA TIMUR,UNGGUL,4
71100000.0,7074.0,355.0,UNIVERSITAS MUHAMMADIYAH SURABAYA,FAKULTAS PSIKOLOGI,S1,BAIK SEKALI,SWASTA,JAWA TIMUR,UNGGUL,4
71100000.0,7074.0,355.0,UNIVERSITAS MUHAMMADIYAH SURABAYA,FAKULTAS TEKNIK,S1,BAIK SEKALI,SWASTA,JAWA TIMUR,UNGGUL,4
36050000.0,22758.0,22758.0,UNIVERSITAS MUHAMMADIYAH SURAKARTA,FAKULTAS EKONOMI DAN BISNIS,S1,A,SWASTA,JAWA TENGAH,A,0
36050000.0,22758.0,22758.0,UNIVERSITAS MUHAMMADIYAH SURAKARTA,FAKULTAS TEKNIK,S1,A,SWASTA,JAWA TENGAH,A,0
36050000.0,22758.0,22758.0,UNIVERSITAS MUHAMMADIYAH SURAKARTA,FAKULTAS TEKNIK,S1,B,SWASTA,JAWA TENGAH,A,0
36050000.0,22758.0,22758.0,UNIVERSITAS MUHAMMADIYAH SURAKARTA,FAKULTAS GEOGRAFI,S1,A,SWASTA,JAWA TENGAH,A,0
36050000.0,22758.0,22758.0,UNIVERSITAS MUHAMMADIYAH SURAKARTA,FAKULTAS KEGURUAN DAN ILMU PENDIDIKAN,S1,A,SWASTA,JAWA TENGAH,A,0
36050000.0,22758.0,22758.0,UNIVERSITAS MUHAMMADIYAH SURAKARTA,FAKULTAS KOMUNIKASI DAN INFORMATIKA,S1,B,SWASTA,JAWA TENGAH,A,0
36050000.0,22758.0,22758.0,UNIVERSITAS MUHAMMADIYAH SURAKARTA,FAKULTAS TEKNIK,S1,A,SWASTA,JAWA TENGAH,A,0
36050000.0,22758.0,22758.0,UNIVERSITAS MUHAMMADIYAH SURAKARTA,FAKULTAS KOMUNIKASI DAN INFORMATIKA,S1,B,SWASTA,JAWA TENGAH,A,0
36050000.0,22758.0,22758.0,UNIVERSITAS MUHAMMADIYAH SURAKARTA,FAKULTAS KEDOKTERAN,S1,B,SWASTA,JAWA TENGAH,A,0
36050000.0,22758.0,22758.0,UNIVERSITAS MUHAMMADIYAH SURAKARTA,FAKULTAS KEDOKTERAN GIGI,S1,B,SWASTA,JAWA TENGAH,A,0
36050000.0,22758.0,22758.0,UNIVERSITAS MUHAMMADIYAH SURAKARTA,FAKULTAS ILMU KESEHATAN,S1,B,SWASTA,JAWA TENGAH,A,0
36050000.0,22758.0,22758.0,UNIVERSITAS MUHAMMADIYAH SURAKARTA,FAKULTAS TEKNIK,S1,B,SWASTA,JAWA TENGAH,A,0
36050000.0,22758.0,22758.0,UNIVERSITAS MUHAMMADIYAH SURAKARTA,FAKULTAS EKONOMI DAN BISNIS,S1,A,SWASTA,JAWA TENGAH,A,0
36050000.0,22758.0,22758.0,UNIVERSITAS MUHAMMADIYAH SURAKARTA,FAKULTAS KEGURUAN DAN ILMU PENDIDIKAN,S1,A,SWASTA,JAWA TENGAH,A,0
36050000.0,22758.0,22758.0,UNIVERSITAS MUHAMMADIYAH SURAKARTA,FAKULTAS TEKNIK,S1,B,SWASTA,JAWA TENGAH,A,0
36050000.0,22758.0,22758.0,UNIVERSITAS MUHAMMADIYAH SURAKARTA,FAKULTAS KEGURUAN DAN ILMU PENDIDIKAN,S1,UNGGUL,SWASTA,JAWA TENGAH,A,0
36050000.0,22758.0,22758.0,UNIVERSITAS MUHAMMADIYAH SURAKARTA,FAKULTAS PSIKOLOGI,S1,A,SWASTA,JAWA TENGAH,A,0
36050000.0,22758.0,22758.0,UNIVERSITAS MUHAMMADIYAH SURAKARTA,FAKULTAS TEKNIK,S1,B,SWASTA,JAWA TENGAH,A,0
8725000.0,1322.0,95.0,UNIVERSITAS MUHAMMADIYAH TASIKMALAYA,FAKULTAS TEKNIK,S1,BAIK SEKALI,SWASTA,JAWA BARAT,BAIK,3
8725000.0,1322.0,95.0,UNIVERSITAS MUHAMMADIYAH TASIKMALAYA,FAKULTAS KEGURUAN DAN ILMU PENDIDIKAN,S1,UNGGUL,SWASTA,JAWA BARAT,BAIK,3
8725000.0,1322.0,95.0,UNIVERSITAS MUHAMMADIYAH TASIKMALAYA,FAKULTAS ILMU KESEHATAN,S1,BAIK,SWASTA,JAWA BARAT,BAIK,3
8725000.0,1322.0,95.0,UNIVERSITAS MUHAMMADIYAH TASIKMALAYA,FAKULTAS ILMU KESEHATAN,S1,BAIK SEKALI,SWASTA,JAWA BARAT,BAIK,3
8725000.0,1322.0,95.0,UNIVERSITAS MUHAMMADIYAH TASIKMALAYA,FAKULTAS TEKNIK,S1,BAIK SEKALI,SWASTA,JAWA BARAT,BAIK,3
8725000.0,1322.0,95.0,UNIVERSITAS MUHAMMADIYAH TASIKMALAYA,FAKULTAS TEKNIK,S1,BAIK SEKALI,SWASTA,JAWA BARAT,BAIK,3
8725000.0,1322.0,95.0,UNIVERSITAS MUHAMMADIYAH TASIKMALAYA,FAKULTAS TEKNIK,S1,BAIK SEKALI,SWASTA,JAWA BARAT,BAIK,3
8725000.0,1322.0,95.0,UNIVERSITAS MUHAMMADIYAH TASIKMALAYA,FAKULTAS KEGURUAN DAN ILMU PENDIDIKAN,S1,BAIK SEKALI,SWASTA,JAWA BARAT,BAIK,3
13500000.0,23710.0,620.0,UNIVERSITAS MUHAMMADIYAH YOGYAKARTA,FAKULTAS PERTANIAN,S1,A,SWASTA,D.I. YOGYAKARTA,A,1
13500000.0,23710.0,620.0,UNIVERSITAS MUHAMMADIYAH YOGYAKARTA,FAKULTAS EKONOMI DAN BISNIS,S1,A,SWASTA,D.I. YOGYAKARTA,A,1
13500000.0,23710.0,620.0,UNIVERSITAS MUHAMMADIYAH YOGYAKARTA,FAKULTAS EKONOMI DAN BISNIS,S1,UNGGUL,SWASTA,D.I. YOGYAKARTA,A,1
13500000.0,23710.0,620.0,UNIVERSITAS MUHAMMADIYAH YOGYAKARTA,FAKULTAS TEKNIK,S1,B,SWASTA,D.I. YOGYAKARTA,A,1
13500000.0,23710.0,620.0,UNIVERSITAS MUHAMMADIYAH YOGYAKARTA,FAKULTAS ILMU SOSIAL DAN ILMU POLITIK,S1,A,SWASTA,D.I. YOGYAKARTA,A,1
13500000.0,23710.0,620.0,UNIVERSITAS MUHAMMADIYAH YOGYAKARTA,FAKULTAS ILMU SOSIAL DAN ILMU POLITIK,S1,A,SWASTA,D.I. YOGYAKARTA,A,1
13500000.0,23710.0,620.0,UNIVERSITAS MUHAMMADIYAH YOGYAKARTA,FAKULTAS KEDOKTERAN DAN ILMU KESEHATAN,S1,B,SWASTA,D.I. YOGYAKARTA,A,1
13500000.0,23710.0,620.0,UNIVERSITAS MUHAMMADIYAH YOGYAKARTA,FAKULTAS KEDOKTERAN DAN ILMU KESEHATAN,S1,A,SWASTA,D.I. YOGYAKARTA,A,1
13500000.0,23710.0,620.0,UNIVERSITAS MUHAMMADIYAH YOGYAKARTA,FAKULTAS KEDOKTERAN DAN ILMU KESEHATAN,S1,B,SWASTA,D.I. YOGYAKARTA,A,1
13500000.0,23710.0,620.0,UNIVERSITAS MUHAMMADIYAH YOGYAKARTA,FAKULTAS EKONOMI DAN BISNIS,S1,A,SWASTA,D.I. YOGYAKARTA,A,1
13500000.0,23710.0,620.0,UNIVERSITAS MUHAMMADIYAH YOGYAKARTA,FAKULTAS TEKNIK,S1,B,SWASTA,D.I. YOGYAKARTA,A,1
13500000.0,23710.0,620.0,UNIVERSITAS MUHAMMADIYAH YOGYAKARTA,FAKULTAS TEKNIK,S1,A,SWASTA,D.I. YOGYAKARTA,A,1
13500000.0,6.0,215.0,UNIVERSITAS MULTIMEDIA NUSANTARA,FAKULTAS BISNIS,S1,A,SWASTA,BANTEN,A,1
13500000.0,6.0,215.0,UNIVERSITAS MULTIMEDIA NUSANTARA,FAKULTAS SENI DAN DESAIN,S1,B,SWASTA,BANTEN,A,2
13500000.0,6.0,215.0,UNIVERSITAS MULTIMEDIA NUSANTARA,FAKULTAS TEKNOLOGI INFORMASI DAN KOMUNIKASI,S1,B,SWASTA,BANTEN,A,2
13500000.0,6.0,215.0,UNIVERSITAS MULTIMEDIA NUSANTARA,FAKULTAS SENI DAN DESAIN,S1,B,SWASTA,BANTEN,A,2
13500000.0,6.0,215.0,UNIVERSITAS MULTIMEDIA NUSANTARA,FAKULTAS TEKNOLOGI INFORMASI DAN KOMUNIKASI,S1,B,SWASTA,BANTEN,A,2
13500000.0,6.0,215.0,UNIVERSITAS MULTIMEDIA NUSANTARA,FAKULTAS ILMU KOMUNIKASI,S1,A,SWASTA,BANTEN,A,1
13500000.0,6.0,215.0,UNIVERSITAS MULTIMEDIA NUSANTARA,FAKULTAS TEKNOLOGI INFORMASI DAN KOMUNIKASI,S1,B,SWASTA,BANTEN,A,2
13500000.0,6.0,215.0,UNIVERSITAS MULTIMEDIA NUSANTARA,FAKULTAS ILMU KOMUNIKASI,S1,B,SWASTA,BANTEN,A,2
13500000.0,6.0,215.0,UNIVERSITAS MULTIMEDIA NUSANTARA,FAKULTAS TEKNOLOGI INFORMASI DAN KOMUNIKASI,S1,B,SWASTA,BANTEN,A,2
13500000.0,6.0,215.0,UNIVERSITAS MULTIMEDIA NUSANTARA,FAKULTAS BISNIS,S1,A,SWASTA,BANTEN,A,1
13500000.0,6.0,215.0,UNIVERSITAS MULTIMEDIA NUSANTARA,FAKULTAS TEKNOLOGI INFORMASI DAN KOMUNIKASI,S1,B,SWASTA,BANTEN,A,2
3000000.0,21450.0,798.0,UNIVERSITAS MUSLIM INDONESIA,FAKULTAS PERTANIAN,S1,UNGGUL,SWASTA,SULAWESI SELATAN,UNGGUL,1
3000000.0,21450.0,798.0,UNIVERSITAS MUSLIM INDONESIA,FAKULTAS EKONOMI,S1,UNGGUL,SWASTA,SULAWESI SELATAN,UNGGUL,1
3000000.0,21450.0,798.0,UNIVERSITAS MUSLIM INDONESIA,FAKULTAS TEKNIK,S1,BAIK,SWASTA,SULAWESI SELATAN,UNGGUL,1
3000000.0,21450.0,798.0,UNIVERSITAS MUSLIM INDONESIA,FAKULTAS PERIKANAN DAN KELAUTAN,S1,BAIK SEKALI,SWASTA,SULAWESI SELATAN,UNGGUL,3
3000000.0,21450.0,798.0,UNIVERSITAS MUSLIM INDONESIA,FAKULTAS TEKNIK,S1,B,SWASTA,SULAWESI SELATAN,UNGGUL,2
3000000.0,21450.0,798.0,UNIVERSITAS MUSLIM INDONESIA,FAKULTAS FARMASI,S1,BAIK SEKALI,SWASTA,SULAWESI SELATAN,UNGGUL,3
3000000.0,21450.0,798.0,UNIVERSITAS MUSLIM INDONESIA,FAKULTAS HUKUM,S1,UNGGUL,SWASTA,SULAWESI SELATAN,UNGGUL,1
3000000.0,21450.0,798.0,UNIVERSITAS MUSLIM INDONESIA,FAKULTAS AGAMA ISLAM,S1,BAIK SEKALI,SWASTA,SULAWESI SELATAN,UNGGUL,3
3000000.0,21450.0,798.0,UNIVERSITAS MUSLIM INDONESIA,FAKULTAS TEKNOLOGI INDUSTRI,S1,UNGGUL,SWASTA,SULAWESI SELATAN,UNGGUL,1
3000000.0,21450.0,798.0,UNIVERSITAS MUSLIM INDONESIA,FAKULTAS ILMU KOMPUTER,S1,B,SWASTA,SULAWESI SELATAN,UNGGUL,2
3000000.0,21450.0,798.0,UNIVERSITAS MUSLIM INDONESIA,FAKULTAS KEDOKTERAN,S1,UNGGUL,SWASTA,SULAWESI SELATAN,UNGGUL,1
3000000.0,21450.0,798.0,UNIVERSITAS MUSLIM INDONESIA,FAKULTAS KEDOKTERAN GIGI,S1,UNGGUL,SWASTA,SULAWESI SELATAN,UNGGUL,1
3000000.0,21450.0,798.0,UNIVERSITAS MUSLIM INDONESIA,FAKULTAS PERIKANAN DAN KELAUTAN,S1,UNGGUL,SWASTA,SULAWESI SELATAN,UNGGUL,1
3000000.0,21450.0,798.0,UNIVERSITAS MUSLIM INDONESIA,FAKULTAS KEDOKTERAN,S1,BAIK SEKALI,SWASTA,SULAWESI SELATAN,UNGGUL,3
3000000.0,21450.0,798.0,UNIVERSITAS MUSLIM INDONESIA,FAKULTAS KESEHATAN MASYARAKAT,S1,UNGGUL,SWASTA,SULAWESI SELATAN,UNGGUL,1
3000000.0,21450.0,798.0,UNIVERSITAS MUSLIM INDONESIA,FAKULTAS TEKNOLOGI INDUSTRI,S1,UNGGUL,SWASTA,SULAWESI SELATAN,UNGGUL,1
3000000.0,21450.0,798.0,UNIVERSITAS MUSLIM INDONESIA,FAKULTAS EKONOMI,S1,UNGGUL,SWASTA,SULAWESI SELATAN,UNGGUL,1
3000000.0,21450.0,798.0,UNIVERSITAS MUSLIM INDONESIA,FAKULTAS TEKNIK,S1,UNGGUL,SWASTA,SULAWESI SELATAN,UNGGUL,1
3000000.0,21450.0,798.0,UNIVERSITAS MUSLIM INDONESIA,FAKULTAS PERIKANAN DAN KELAUTAN,S1,UNGGUL,SWASTA,SULAWESI SELATAN,UNGGUL,1
3000000.0,21450.0,798.0,UNIVERSITAS MUSLIM INDONESIA,FAKULTAS TEKNOLOGI INDUSTRI,S1,B,SWASTA,SULAWESI SELATAN,UNGGUL,2
3000000.0,21450.0,798.0,UNIVERSITAS MUSLIM INDONESIA,FAKULTAS SASTRA,S1,B,SWASTA,SULAWESI SELATAN,UNGGUL,2
3000000.0,21450.0,798.0,UNIVERSITAS MUSLIM INDONESIA,FAKULTAS SASTRA,S1,B,SWASTA,SULAWESI SELATAN,UNGGUL,2
3000000.0,21450.0,798.0,UNIVERSITAS MUSLIM INDONESIA,FAKULTAS SASTRA,S1,A,SWASTA,SULAWESI SELATAN,UNGGUL,1
3000000.0,21450.0,798.0,UNIVERSITAS MUSLIM INDONESIA,FAKULTAS TEKNIK,S1,BAIK SEKALI,SWASTA,SULAWESI SELATAN,UNGGUL,3
3000000.0,21450.0,798.0,UNIVERSITAS MUSLIM INDONESIA,FAKULTAS ILMU KOMPUTER,S1,BAIK,SWASTA,SULAWESI SELATAN,UNGGUL,1
12750500.0,12229.0,410.0,UNIVERSITAS NASIONAL,FAKULTAS ILMU SOSIAL ILMU POLITIK,S1,A,SWASTA,D.K.I. JAKARTA,A,1
12750500.0,12229.0,410.0,UNIVERSITAS NASIONAL,FAKULTAS PERTANIAN,S1,B,SWASTA,D.K.I. JAKARTA,A,2
12750500.0,12229.0,410.0,UNIVERSITAS NASIONAL,FAKULTAS EKONOMI DAN BISNIS,S1,B,SWASTA,D.K.I. JAKARTA,A,2
12750500.0,12229.0,410.0,UNIVERSITAS NASIONAL,FAKULTAS BIOLOGI,S1,B,SWASTA,D.K.I. JAKARTA,A,2
12750500.0,12229.0,410.0,UNIVERSITAS NASIONAL,FAKULTAS TEKNIK DAN SAINS,S1,B,SWASTA,D.K.I. JAKARTA,A,2
12750500.0,12229.0,410.0,UNIVERSITAS NASIONAL,FAKULTAS TEKNIK DAN SAINS,S1,B,SWASTA,D.K.I. JAKARTA,A,2
12750500.0,12229.0,410.0,UNIVERSITAS NASIONAL,FAKULTAS ILMU SOSIAL ILMU POLITIK,S1,B,SWASTA,D.K.I. JAKARTA,A,2
12750500.0,12229.0,410.0,UNIVERSITAS NASIONAL,FAKULTAS HUKUM,S1,B,SWASTA,D.K.I. JAKARTA,A,2
12750500.0,12229.0,410.0,UNIVERSITAS NASIONAL,FAKULTAS ILMU SOSIAL ILMU POLITIK,S1,A,SWASTA,D.K.I. JAKARTA,A,1
12750500.0,12229.0,410.0,UNIVERSITAS NASIONAL,FAKULTAS TEKNOLOGI KOMUNIKASI DAN INFORMATIKA,S1,B,SWASTA,D.K.I. JAKARTA,A,2
12750500.0,12229.0,410.0,UNIVERSITAS NASIONAL,FAKULTAS ILMU KESEHATAN,S1,BAIK SEKALI,SWASTA,D.K.I. JAKARTA,A,1
12750500.0,12229.0,410.0,UNIVERSITAS NASIONAL,FAKULTAS ILMU KESEHATAN,S1,B,SWASTA,D.K.I. JAKARTA,A,2
12750500.0,12229.0,410.0,UNIVERSITAS NASIONAL,FAKULTAS EKONOMI DAN BISNIS,S1,B,SWASTA,D.K.I. JAKARTA,A,2
12750500.0,12229.0,410.0,UNIVERSITAS NASIONAL,FAKULTAS TEKNIK DAN SAINS,S1,B,SWASTA,D.K.I. JAKARTA,A,2
12750500.0,12229.0,410.0,UNIVERSITAS NASIONAL,FAKULTAS EKONOMI DAN BISNIS,S1,B,SWASTA,D.K.I. JAKARTA,A,2
12750500.0,12229.0,410.0,UNIVERSITAS NASIONAL,FAKULTAS ILMU SOSIAL ILMU POLITIK,S1,A,SWASTA,D.K.I. JAKARTA,A,1
12750500.0,12229.0,410.0,UNIVERSITAS NASIONAL,FAKULTAS BAHASA DAN SASTRA,S1,B,SWASTA,D.K.I. JAKARTA,A,2
12750500.0,12229.0,410.0,UNIVERSITAS NASIONAL,FAKULTAS BAHASA DAN SASTRA,S1,B,SWASTA,D.K.I. JAKARTA,A,2
12750500.0,12229.0,410.0,UNIVERSITAS NASIONAL,FAKULTAS TEKNOLOGI KOMUNIKASI DAN INFORMATIKA,S1,B,SWASTA,D.K.I. JAKARTA,A,2
12750500.0,12229.0,410.0,UNIVERSITAS NASIONAL,FAKULTAS ILMU SOSIAL ILMU POLITIK,S1,A,SWASTA,D.K.I. JAKARTA,A,1
3450000.0,2389.0,88.0,UNIVERSITAS NGURAH RAI,FAKULTAS TEKNIK,S1,BAIK SEKALI,SWASTA,BALI,BAIK SEKALI,3
3450000.0,2389.0,88.0,UNIVERSITAS NGURAH RAI,FAKULTAS HUKUM,S1,UNGGUL,SWASTA,BALI,BAIK SEKALI,3
3450000.0,2389.0,88.0,UNIVERSITAS NGURAH RAI,FAKULTAS EKONOMI,S1,BAIK SEKALI,SWASTA,BALI,BAIK SEKALI,3
3450000.0,2389.0,88.0,UNIVERSITAS NGURAH RAI,FAKULTAS TEKNIK,S1,UNGGUL,SWASTA,BALI,BAIK SEKALI,3
11500000.0,3514.0,267.0,UNIVERSITAS NUSA MANDIRI,FAKULTAS EKONOMI DAN BISNIS,S1,BAIK,SWASTA,D.K.I. JAKARTA,B,2
11500000.0,3514.0,267.0,UNIVERSITAS NUSA MANDIRI,FAKULTAS TEKNOLOGI INFORMASI,S1,UNGGUL,SWASTA,D.K.I. JAKARTA,B,2
11500000.0,3514.0,267.0,UNIVERSITAS NUSA MANDIRI,FAKULTAS EKONOMI DAN BISNIS,S1,BAIK,SWASTA,D.K.I. JAKARTA,B,2
11500000.0,3514.0,267.0,UNIVERSITAS NUSA MANDIRI,FAKULTAS TEKNOLOGI INFORMASI,S1,UNGGUL,SWASTA,D.K.I. JAKARTA,B,2
3900000.0,8384.0,243.0,UNIVERSITAS NUSANTARA PGRI KEDIRI,FAKULTAS EKONOMI DAN BISNIS,S1,BAIK SEKALI,SWASTA,JAWA TIMUR,BAIK SEKALI,3
3900000.0,8384.0,243.0,UNIVERSITAS NUSANTARA PGRI KEDIRI,FAKULTAS KEGURUAN DAN ILMU PENDIDIKAN,S1,BAIK SEKALI,SWASTA,JAWA TIMUR,BAIK SEKALI,3
3900000.0,8384.0,243.0,UNIVERSITAS NUSANTARA PGRI KEDIRI,FAKULTAS ILMU KESEHATAN DAN SAINS,S1,B,SWASTA,JAWA TIMUR,BAIK SEKALI,3
3900000.0,8384.0,243.0,UNIVERSITAS NUSANTARA PGRI KEDIRI,FAKULTAS KEGURUAN DAN ILMU PENDIDIKAN,S1,BAIK SEKALI,SWASTA,JAWA TIMUR,BAIK SEKALI,3
3900000.0,8384.0,243.0,UNIVERSITAS NUSANTARA PGRI KEDIRI,FAKULTAS KEGURUAN DAN ILMU PENDIDIKAN,S1,UNGGUL,SWASTA,JAWA TIMUR,BAIK SEKALI,3
3900000.0,8384.0,243.0,UNIVERSITAS NUSANTARA PGRI KEDIRI,FAKULTAS KEGURUAN DAN ILMU PENDIDIKAN,S1,B,SWASTA,JAWA TIMUR,BAIK SEKALI,3
3900000.0,8384.0,243.0,UNIVERSITAS NUSANTARA PGRI KEDIRI,FAKULTAS TEKNIK,S1,BAIK SEKALI,SWASTA,JAWA TIMUR,BAIK SEKALI,3
3900000.0,8384.0,243.0,UNIVERSITAS NUSANTARA PGRI KEDIRI,FAKULTAS ILMU KESEHATAN DAN SAINS,S1,BAIK SEKALI,SWASTA,JAWA TIMUR,BAIK SEKALI,3
3900000.0,8384.0,243.0,UNIVERSITAS NUSANTARA PGRI KEDIRI,FAKULTAS EKONOMI DAN BISNIS,S1,BAIK SEKALI,SWASTA,JAWA TIMUR,BAIK SEKALI,3
3900000.0,8384.0,243.0,UNIVERSITAS NUSANTARA PGRI KEDIRI,FAKULTAS ILMU KESEHATAN DAN SAINS,S1,BAIK SEKALI,SWASTA,JAWA TIMUR,BAIK SEKALI,3
3900000.0,8384.0,243.0,UNIVERSITAS NUSANTARA PGRI KEDIRI,FAKULTAS TEKNIK,S1,BAIK SEKALI,SWASTA,JAWA TIMUR,BAIK SEKALI,3
3900000.0,8384.0,243.0,UNIVERSITAS NUSANTARA PGRI KEDIRI,FAKULTAS KEGURUAN DAN ILMU PENDIDIKAN,S1,BAIK SEKALI,SWASTA,JAWA TIMUR,BAIK SEKALI,3
3900000.0,8384.0,243.0,UNIVERSITAS NUSANTARA PGRI KEDIRI,FAKULTAS ILMU KESEHATAN DAN SAINS,S1,BAIK,SWASTA,JAWA TIMUR,BAIK SEKALI,3
3900000.0,8384.0,243.0,UNIVERSITAS NUSANTARA PGRI KEDIRI,FAKULTAS KEGURUAN DAN ILMU PENDIDIKAN,S1,BAIK SEKALI,SWASTA,JAWA TIMUR,BAIK SEKALI,3
3900000.0,8384.0,243.0,UNIVERSITAS NUSANTARA PGRI KEDIRI,FAKULTAS TEKNIK,S1,BAIK SEKALI,SWASTA,JAWA TIMUR,BAIK SEKALI,3
3650000.0,63475.0,63475.0,UNIVERSITAS PAMULANG,FAKULTAS EKONOMI DAN BISNIS,S1,B,SWASTA,BANTEN,C,0
3650000.0,63475.0,63475.0,UNIVERSITAS PAMULANG,FAKULTAS KEGURUAN DAN ILMU PENDIDIKAN,S1,C,SWASTA,BANTEN,C,0
3650000.0,63475.0,63475.0,UNIVERSITAS PAMULANG,FAKULTAS TEKNIK,S1,C,SWASTA,BANTEN,C,0
3650000.0,63475.0,63475.0,UNIVERSITAS PAMULANG,FAKULTAS HUKUM,S1,B,SWASTA,BANTEN,C,0
3650000.0,63475.0,63475.0,UNIVERSITAS PAMULANG,FAKULTAS TEKNIK,S1,C,SWASTA,BANTEN,C,0
3650000.0,63475.0,63475.0,UNIVERSITAS PAMULANG,FAKULTAS TEKNIK,S1,C,SWASTA,BANTEN,C,0
3650000.0,63475.0,63475.0,UNIVERSITAS PAMULANG,FAKULTAS TEKNIK,S1,C,SWASTA,BANTEN,C,0
3650000.0,63475.0,63475.0,UNIVERSITAS PAMULANG,FAKULTAS EKONOMI DAN BISNIS,S1,B,SWASTA,BANTEN,C,0
3650000.0,63475.0,63475.0,UNIVERSITAS PAMULANG,FAKULTAS MATEMATIKA DAN IPA,S1,C,SWASTA,BANTEN,C,0
3650000.0,63475.0,63475.0,UNIVERSITAS PAMULANG,FAKULTAS TEKNIK,S1,C,SWASTA,BANTEN,C,0
3650000.0,63475.0,63475.0,UNIVERSITAS PAMULANG,FAKULTAS KEGURUAN DAN ILMU PENDIDIKAN,S1,BAIK SEKALI,SWASTA,BANTEN,C,0
3650000.0,63475.0,63475.0,UNIVERSITAS PAMULANG,FAKULTAS SASTRA,S1,B,SWASTA,BANTEN,C,0
3650000.0,63475.0,63475.0,UNIVERSITAS PAMULANG,FAKULTAS SASTRA,S1,C,SWASTA,BANTEN,C,0
3650000.0,63475.0,63475.0,UNIVERSITAS PAMULANG,FAKULTAS EKONOMI DAN BISNIS,S1,B,SWASTA,BANTEN,C,0
24125000.0,14385.0,14385.0,UNIVERSITAS PASUNDAN,FAKULTAS EKONOMI DAN BISNIS,S1,A,SWASTA,JAWA BARAT,A,1
24125000.0,14385.0,14385.0,UNIVERSITAS PASUNDAN,FAKULTAS KEGURUAN DAN ILMU PENDIDIKAN,S1,A,SWASTA,JAWA BARAT,A,1
24125000.0,14385.0,14385.0,UNIVERSITAS PASUNDAN,FAKULTAS KEGURUAN DAN ILMU PENDIDIKAN,S1,A,SWASTA,JAWA BARAT,A,1
24125000.0,14385.0,14385.0,UNIVERSITAS PASUNDAN,FAKULTAS EKONOMI DAN BISNIS,S1,A,SWASTA,JAWA BARAT,A,1
24125000.0,14385.0,14385.0,UNIVERSITAS PASUNDAN,FAKULTAS KEGURUAN DAN ILMU PENDIDIKAN,S1,C,SWASTA,JAWA BARAT,A,1
24125000.0,14385.0,14385.0,UNIVERSITAS PASUNDAN,FAKULTAS ILMU SOSIAL DAN ILMU POLITIK,S1,A,SWASTA,JAWA BARAT,A,1
24125000.0,14385.0,14385.0,UNIVERSITAS PASUNDAN,FAKULTAS HUKUM,S1,A,SWASTA,JAWA BARAT,A,1
24125000.0,14385.0,14385.0,UNIVERSITAS PASUNDAN,FAKULTAS ILMU SOSIAL DAN ILMU POLITIK,S1,A,SWASTA,JAWA BARAT,A,1
24125000.0,14385.0,14385.0,UNIVERSITAS PASUNDAN,FAKULTAS TEKNIK,S1,A,SWASTA,JAWA BARAT,A,1
24125000.0,14385.0,14385.0,UNIVERSITAS PASUNDAN,FAKULTAS TEKNIK,S1,B,SWASTA,JAWA BARAT,A,1
24125000.0,14385.0,14385.0,UNIVERSITAS PASUNDAN,FAKULTAS ILMU SOSIAL DAN ILMU POLITIK,S1,A,SWASTA,JAWA BARAT,A,1
24125000.0,14385.0,14385.0,UNIVERSITAS PASUNDAN,FAKULTAS TEKNIK,S1,B,SWASTA,JAWA BARAT,A,1
24125000.0,14385.0,14385.0,UNIVERSITAS PASUNDAN,FAKULTAS EKONOMI DAN BISNIS,S1,A,SWASTA,JAWA BARAT,A,1
24125000.0,14385.0,14385.0,UNIVERSITAS PASUNDAN,FAKULTAS KEGURUAN DAN ILMU PENDIDIKAN,S1,B,SWASTA,JAWA BARAT,A,1
24125000.0,14385.0,14385.0,UNIVERSITAS PASUNDAN,FAKULTAS TEKNIK,S1,A,SWASTA,JAWA BARAT,A,1
24125000.0,14385.0,14385.0,UNIVERSITAS PASUNDAN,FAKULTAS TEKNIK,S1,B,SWASTA,JAWA BARAT,A,1
24125000.0,14385.0,14385.0,UNIVERSITAS PASUNDAN,FAKULTAS ILMU SENI DAN SASTRA,S1,B,SWASTA,JAWA BARAT,A,1
24125000.0,14385.0,14385.0,UNIVERSITAS PASUNDAN,FAKULTAS ILMU SENI DAN SASTRA,S1,B,SWASTA,JAWA BARAT,A,1
24125000.0,14385.0,14385.0,UNIVERSITAS PASUNDAN,FAKULTAS TEKNIK,S1,A,SWASTA,JAWA BARAT,A,1
10000000.0,6100.0,158.0,UNIVERSITAS PEKALONGAN,FAKULTAS PERTANIAN,S1,B,SWASTA,JAWA TENGAH,UNGGUL,2
10000000.0,6100.0,158.0,UNIVERSITAS PEKALONGAN,FAKULTAS EKONOMI,S1,C,SWASTA,JAWA TENGAH,UNGGUL,2
10000000.0,6100.0,158.0,UNIVERSITAS PEKALONGAN,FAKULTAS PERIKANAN,S1,B,SWASTA,JAWA TENGAH,UNGGUL,2
10000000.0,6100.0,158.0,UNIVERSITAS PEKALONGAN,FAKULTAS HUKUM,S1,B,SWASTA,JAWA TENGAH,UNGGUL,2
10000000.0,6100.0,158.0,UNIVERSITAS PEKALONGAN,FAKULTAS ILMU KESEHATAN,S1,C,SWASTA,JAWA TENGAH,UNGGUL,2
10000000.0,6100.0,158.0,UNIVERSITAS PEKALONGAN,FAKULTAS ILMU KESEHATAN,S1,C,SWASTA,JAWA TENGAH,UNGGUL,2
10000000.0,6100.0,158.0,UNIVERSITAS PEKALONGAN,FAKULTAS EKONOMI,S1,B,SWASTA,JAWA TENGAH,UNGGUL,2
10000000.0,6100.0,158.0,UNIVERSITAS PEKALONGAN,FAKULTAS KEGURUAN DAN ILMU PENDIDIKAN,S1,C,SWASTA,JAWA TENGAH,UNGGUL,2
7500000.0,14508.0,288.0,UNIVERSITAS PEMBANGUNAN PANCA BUDI,FAKULTAS PERTANIAN,S1,B,SWASTA,SUMATERA UTARA,B,2
7500000.0,14508.0,288.0,UNIVERSITAS PEMBANGUNAN PANCA BUDI,FAKULTAS EKONOMI DAN BISNIS,S1,A,SWASTA,SUMATERA UTARA,B,1
7500000.0,14508.0,288.0,UNIVERSITAS PEMBANGUNAN PANCA BUDI,FAKULTAS TEKNIK,S1,B,SWASTA,SUMATERA UTARA,B,2
7500000.0,14508.0,288.0,UNIVERSITAS PEMBANGUNAN PANCA BUDI,FAKULTAS EKONOMI DAN BISNIS,S1,A,SWASTA,SUMATERA UTARA,B,1
7500000.0,14508.0,288.0,UNIVERSITAS PEMBANGUNAN PANCA BUDI,FAKULTAS TEKNIK,S1,B,SWASTA,SUMATERA UTARA,B,2
7500000.0,14508.0,288.0,UNIVERSITAS PEMBANGUNAN PANCA BUDI,FAKULTAS FILSAFAT,S1,B,SWASTA,SUMATERA UTARA,B,2
7500000.0,14508.0,288.0,UNIVERSITAS PEMBANGUNAN PANCA BUDI,FAKULTAS HUKUM,S1,B,SWASTA,SUMATERA UTARA,B,2
7500000.0,14508.0,288.0,UNIVERSITAS PEMBANGUNAN PANCA BUDI,FAKULTAS ILMU KOMPUTER,S1,B,SWASTA,SUMATERA UTARA,B,2
7500000.0,14508.0,288.0,UNIVERSITAS PEMBANGUNAN PANCA BUDI,FAKULTAS EKONOMI DAN BISNIS,S1,C,SWASTA,SUMATERA UTARA,B,2
7500000.0,14508.0,288.0,UNIVERSITAS PEMBANGUNAN PANCA BUDI,FAKULTAS EKONOMI DAN BISNIS,S1,B,SWASTA,SUMATERA UTARA,B,2
7500000.0,14508.0,288.0,UNIVERSITAS PEMBANGUNAN PANCA BUDI,FAKULTAS PERTANIAN,S1,B,SWASTA,SUMATERA UTARA,B,2
11125000.0,5449.0,224.0,UNIVERSITAS PERSADA INDONESIA YAI,EKONOMI DAN BISNIS,S1,A,SWASTA,D.K.I. JAKARTA,BAIK SEKALI,3
11125000.0,5449.0,224.0,UNIVERSITAS PERSADA INDONESIA YAI,TEKNIK,S1,BAIK SEKALI,SWASTA,D.K.I. JAKARTA,BAIK SEKALI,3
11125000.0,5449.0,224.0,UNIVERSITAS PERSADA INDONESIA YAI,EKONOMI DAN BISNIS,S1,A,SWASTA,D.K.I. JAKARTA,BAIK SEKALI,3
11125000.0,5449.0,224.0,UNIVERSITAS PERSADA INDONESIA YAI,ILMU KOMUNIKASI,S1,A,SWASTA,D.K.I. JAKARTA,BAIK SEKALI,3
11125000.0,5449.0,224.0,UNIVERSITAS PERSADA INDONESIA YAI,ILMU KOMUNIKASI,S1,A,SWASTA,D.K.I. JAKARTA,BAIK SEKALI,3
11125000.0,5449.0,224.0,UNIVERSITAS PERSADA INDONESIA YAI,TEKNIK,S1,B,SWASTA,D.K.I. JAKARTA,BAIK SEKALI,2
11125000.0,5449.0,224.0,UNIVERSITAS PERSADA INDONESIA YAI,TEKNIK,S1,B,SWASTA,D.K.I. JAKARTA,BAIK SEKALI,2
11125000.0,5449.0,224.0,UNIVERSITAS PERSADA INDONESIA YAI,EKONOMI DAN BISNIS,S1,A,SWASTA,D.K.I. JAKARTA,BAIK SEKALI,3
11125000.0,5449.0,224.0,UNIVERSITAS PERSADA INDONESIA YAI,PSIKOLOGI,S1,A,SWASTA,D.K.I. JAKARTA,BAIK SEKALI,3
11125000.0,5449.0,224.0,UNIVERSITAS PERSADA INDONESIA YAI,TEKNIK,S1,B,SWASTA,D.K.I. JAKARTA,BAIK SEKALI,2
11125000.0,5449.0,224.0,UNIVERSITAS PERSADA INDONESIA YAI,TEKNIK,S1,BAIK,SWASTA,D.K.I. JAKARTA,BAIK SEKALI,3
63000000.0,1198.0,1198.0,UNIVERSITAS PERTAMINA,FAKULTAS EKONOMI DAN BISNIS,S1,UNGGUL,SWASTA,D.K.I. JAKARTA,BAIK,4
63000000.0,1198.0,1198.0,UNIVERSITAS PERTAMINA,FAKULTAS TEKNOLOGI INDUSTRI,S1,BAIK SEKALI,SWASTA,D.K.I. JAKARTA,BAIK,4
63000000.0,1198.0,1198.0,UNIVERSITAS PERTAMINA,FAKULTAS TEKNOLOGI EKSPLORASI DAN PRODUKSI,S1,UNGGUL,SWASTA,D.K.I. JAKARTA,BAIK,4
63000000.0,1198.0,1198.0,UNIVERSITAS PERTAMINA,FAKULTAS TEKNOLOGI EKSPLORASI DAN PRODUKSI,S1,BAIK SEKALI,SWASTA,D.K.I. JAKARTA,BAIK,4
63000000.0,1198.0,1198.0,UNIVERSITAS PERTAMINA,FAKULTAS KOMUNIKASI DAN DIPLOMASI,S1,BAIK SEKALI,SWASTA,D.K.I. JAKARTA,BAIK,4
63000000.0,1198.0,1198.0,UNIVERSITAS PERTAMINA,FAKULTAS KOMUNIKASI DAN DIPLOMASI,S1,UNGGUL,SWASTA,D.K.I. JAKARTA,BAIK,4
63000000.0,1198.0,1198.0,UNIVERSITAS PERTAMINA,FAKULTAS SAINS DAN KOMPUTER,S1,BAIK SEKALI,SWASTA,D.K.I. JAKARTA,BAIK,4
63000000.0,1198.0,1198.0,UNIVERSITAS PERTAMINA,FAKULTAS SAINS DAN KOMPUTER,S1,BAIK SEKALI,SWASTA,D.K.I. JAKARTA,BAIK,4
63000000.0,1198.0,1198.0,UNIVERSITAS PERTAMINA,FAKULTAS PERENCANAAN INFRASTRUKTUR,S1,BAIK SEKALI,SWASTA,D.K.I. JAKARTA,BAIK,4
63000000.0,1198.0,1198.0,UNIVERSITAS PERTAMINA,FAKULTAS EKONOMI DAN BISNIS,S1,UNGGUL,SWASTA,D.K.I. JAKARTA,BAIK,4
63000000.0,1198.0,1198.0,UNIVERSITAS PERTAMINA,FAKULTAS TEKNOLOGI INDUSTRI,S1,BAIK SEKALI,SWASTA,D.K.I. JAKARTA,BAIK,4
63000000.0,1198.0,1198.0,UNIVERSITAS PERTAMINA,FAKULTAS TEKNOLOGI EKSPLORASI DAN PRODUKSI,S1,BAIK SEKALI,SWASTA,D.K.I. JAKARTA,BAIK,4
63000000.0,1198.0,1198.0,UNIVERSITAS PERTAMINA,FAKULTAS PERENCANAAN INFRASTRUKTUR,S1,BAIK SEKALI,SWASTA,D.K.I. JAKARTA,BAIK,4
4500000.0,1500.0,80.0,UNIVERSITAS PRAMITA INDONESIA,FAKULTAS SAINS DAN TEKNOLOGI,S1,BAIK,SWASTA,BANTEN,BAIK,3
4500000.0,1500.0,80.0,UNIVERSITAS PRAMITA INDONESIA,FAKULTAS ILMU SOSIAL DAN ILMU POLITIK,S1,B,SWASTA,BANTEN,BAIK,2
4500000.0,1500.0,80.0,UNIVERSITAS PRAMITA INDONESIA,FAKULTAS EKONOMI DAN BISNIS,S1,BAIK SEKALI,SWASTA,BANTEN,BAIK,3
4500000.0,1500.0,80.0,UNIVERSITAS PRAMITA INDONESIA,FAKULTAS SAINS DAN TEKNOLOGI,S1,BAIK,SWASTA,BANTEN,BAIK,3
4500000.0,1500.0,80.0,UNIVERSITAS PRAMITA INDONESIA,FAKULTAS ILMU SOSIAL DAN ILMU POLITIK,S1,B,SWASTA,BANTEN,BAIK,2
25500000.0,4704.0,185.0,UNIVERSITAS PRASETIYA MULYA,SCHOOL OF BUSINESS AND ECONOMICS,S1,B,SWASTA,D.K.I. JAKARTA,BAIK SEKALI,2
25500000.0,4704.0,185.0,UNIVERSITAS PRASETIYA MULYA,SCHOOL OF APPLIED STEM,S1,C,SWASTA,D.K.I. JAKARTA,BAIK SEKALI,3
25500000.0,4704.0,185.0,UNIVERSITAS PRASETIYA MULYA,SCHOOL OF BUSINESS AND ECONOMICS,S1,C,SWASTA,D.K.I. JAKARTA,BAIK SEKALI,3
25500000.0,4704.0,185.0,UNIVERSITAS PRASETIYA MULYA,SCHOOL OF APPLIED STEM,S1,BAIK SEKALI,SWASTA,D.K.I. JAKARTA,BAIK SEKALI,3
25500000.0,4704.0,185.0,UNIVERSITAS PRASETIYA MULYA,SCHOOL OF BUSINESS AND ECONOMICS,S1,C,SWASTA,D.K.I. JAKARTA,BAIK SEKALI,3
25500000.0,4704.0,185.0,UNIVERSITAS PRASETIYA MULYA,SCHOOL OF APPLIED STEM,S1,C,SWASTA,D.K.I. JAKARTA,BAIK SEKALI,3
25500000.0,4704.0,185.0,UNIVERSITAS PRASETIYA MULYA,SCHOOL OF APPLIED STEM,S1,C,SWASTA,D.K.I. JAKARTA,BAIK SEKALI,3
25500000.0,4704.0,185.0,UNIVERSITAS PRASETIYA MULYA,SCHOOL OF APPLIED STEM,S1,C,SWASTA,D.K.I. JAKARTA,BAIK SEKALI,3
15000000.0,11963.0,347.0,UNIVERSITAS PRIMA INDONESIA,FAKULTAS AGROTEKNOLOGI,S1,B,SWASTA,SUMATERA UTARA,B,2
15000000.0,11963.0,347.0,UNIVERSITAS PRIMA INDONESIA,FAKULTAS EKONOMI,S1,B,SWASTA,SUMATERA UTARA,B,2
15000000.0,11963.0,347.0,UNIVERSITAS PRIMA INDONESIA,FAKULTAS TEKNOLOGI DAN ILMU KOMPUTER,S1,C,SWASTA,SUMATERA UTARA,B,2
15000000.0,11963.0,347.0,UNIVERSITAS PRIMA INDONESIA,FAKULTAS HUKUM,S1,B,SWASTA,SUMATERA UTARA,B,2
15000000.0,11963.0,347.0,UNIVERSITAS PRIMA INDONESIA,FAKULTAS TEKNOLOGI DAN ILMU KOMPUTER,S1,C,SWASTA,SUMATERA UTARA,B,2
15000000.0,11963.0,347.0,UNIVERSITAS PRIMA INDONESIA,FAKULTAS TEKNOLOGI DAN ILMU KOMPUTER,S1,C,SWASTA,SUMATERA UTARA,B,2
15000000.0,11963.0,347.0,UNIVERSITAS PRIMA INDONESIA,FAKULTAS KEPERAWATAN DAN KEBIDANAN,S1,B,SWASTA,SUMATERA UTARA,B,2
15000000.0,11963.0,347.0,UNIVERSITAS PRIMA INDONESIA,FAKULTAS KEDOKTERAN,S1,B,SWASTA,SUMATERA UTARA,B,2
15000000.0,11963.0,347.0,UNIVERSITAS PRIMA INDONESIA,FAKULTAS KEDOKTERAN GIGI,S1,B,SWASTA,SUMATERA UTARA,B,2
15000000.0,11963.0,347.0,UNIVERSITAS PRIMA INDONESIA,FAKULTAS KEPERAWATAN DAN KEBIDANAN,S1,B,SWASTA,SUMATERA UTARA,B,2
15000000.0,11963.0,347.0,UNIVERSITAS PRIMA INDONESIA,FAKULTAS KESEHATAN MASYARAKAT,S1,B,SWASTA,SUMATERA UTARA,B,2
15000000.0,11963.0,347.0,UNIVERSITAS PRIMA INDONESIA,FAKULTAS EKONOMI,S1,B,SWASTA,SUMATERA UTARA,B,2
15000000.0,11963.0,347.0,UNIVERSITAS PRIMA INDONESIA,FAKULTAS PSIKOLOGI,S1,C,SWASTA,SUMATERA UTARA,B,2
15000000.0,11963.0,347.0,UNIVERSITAS PRIMA INDONESIA,FAKULTAS TEKNOLOGI DAN ILMU KOMPUTER,S1,C,SWASTA,SUMATERA UTARA,B,2
2000000.0,1293.0,77.0,UNIVERSITAS PROKLAMASI 45,FAKULTAS HUKUM,S1,B,SWASTA,DAERAH ISTIMEWA YOGYAKARTA,B,2
2000000.0,1293.0,77.0,UNIVERSITAS PROKLAMASI 45,FAKULTAS TEKNIK,S1,BAIK SEKALI,SWASTA,DAERAH ISTIMEWA YOGYAKARTA,B,3
2000000.0,1293.0,77.0,UNIVERSITAS PROKLAMASI 45,FAKULTAS EKONOMI,S1,BAIK SEKALI,SWASTA,DAERAH ISTIMEWA YOGYAKARTA,B,3
2000000.0,1293.0,77.0,UNIVERSITAS PROKLAMASI 45,FAKULTAS TEKNIK,S1,BAIK,SWASTA,DAERAH ISTIMEWA YOGYAKARTA,B,2
2000000.0,1293.0,77.0,UNIVERSITAS PROKLAMASI 45,FAKULTAS TEKNIK,S1,BAIK,SWASTA,DAERAH ISTIMEWA YOGYAKARTA,B,2
2000000.0,1293.0,77.0,UNIVERSITAS PROKLAMASI 45,FAKULTAS PSIKOLOGI,S1,B,SWASTA,DAERAH ISTIMEWA YOGYAKARTA,B,2
3475000.0,9962.0,9962.0,UNIVERSITAS PUTRA INDONESIA YPTK PADANG,FAKULTAS EKONOMI,S1,B,SWASTA,SUMATERA BARAT,B,2
3475000.0,9962.0,9962.0,UNIVERSITAS PUTRA INDONESIA YPTK PADANG,FAKULTAS TEKNIK,S1,C,SWASTA,SUMATERA BARAT,B,2
3475000.0,9962.0,9962.0,UNIVERSITAS PUTRA INDONESIA YPTK PADANG,FAKULTAS KEGURUAN ILMU PENDIDIKAN,S1,C,SWASTA,SUMATERA BARAT,B,2
3475000.0,9962.0,9962.0,UNIVERSITAS PUTRA INDONESIA YPTK PADANG,FAKULTAS EKONOMI,S1,B,SWASTA,SUMATERA BARAT,B,2
3475000.0,9962.0,9962.0,UNIVERSITAS PUTRA INDONESIA YPTK PADANG,FAKULTAS PSIKOLOGI,S1,BAIK,SWASTA,SUMATERA BARAT,B,2
3475000.0,9962.0,9962.0,UNIVERSITAS PUTRA INDONESIA YPTK PADANG,FAKULTAS TEKNIK,S1,C,SWASTA,SUMATERA BARAT,B,2
3475000.0,9962.0,9962.0,UNIVERSITAS PUTRA INDONESIA YPTK PADANG,FAKULTAS ILMU KOMPUTER,S1,B,SWASTA,SUMATERA BARAT,B,2
6187935.0,2499.0,484.0,UNIVERSITAS RAHARJA,FAKULTAS SAINS DAN TEKNOLOGI,S1,BAIK,SWASTA,BANTEN,TERAKREDITASI,3
6187935.0,2499.0,484.0,UNIVERSITAS RAHARJA,FAKULTAS EKONOMI DAN BISNIS,S1,BAIK SEKALI,SWASTA,BANTEN,TERAKREDITASI,3
6187935.0,2499.0,484.0,UNIVERSITAS RAHARJA,FAKULTAS SAINS DAN TEKNOLOGI,S1,B,SWASTA,BANTEN,TERAKREDITASI,2
6187935.0,2499.0,484.0,UNIVERSITAS RAHARJA,FAKULTAS EKONOMI DAN BISNIS,S1,BAIK,SWASTA,BANTEN,TERAKREDITASI,3
6187935.0,2499.0,484.0,UNIVERSITAS RAHARJA,FAKULTAS EKONOMI DAN BISNIS,S1,BAIK SEKALI,SWASTA,BANTEN,TERAKREDITASI,3
6187935.0,2499.0,484.0,UNIVERSITAS RAHARJA,FAKULTAS SAINS DAN TEKNOLOGI,S1,BAIK SEKALI,SWASTA,BANTEN,TERAKREDITASI,3
6187935.0,2499.0,484.0,UNIVERSITAS RAHARJA,FAKULTAS SAINS DAN TEKNOLOGI,S1,BAIK SEKALI,SWASTA,BANTEN,TERAKREDITASI,3
6187935.0,2499.0,484.0,UNIVERSITAS RAHARJA,FAKULTAS SAINS DAN TEKNOLOGI,S1,UNGGUL,SWASTA,BANTEN,TERAKREDITASI,3
6187935.0,2499.0,484.0,UNIVERSITAS RAHARJA,FAKULTAS SAINS DAN TEKNOLOGI,S1,BAIK,SWASTA,BANTEN,TERAKREDITASI,3
4800000.0,2449.0,125.0,UNIVERSITAS RESPATI INDONESIA,FAKULTAS MANAJEMEN DAN BISNIS,S1,BAIK SEKALI,SWASTA,D.K.I. JAKARTA,B,2
4800000.0,2449.0,125.0,UNIVERSITAS RESPATI INDONESIA,FAKULTAS PERTANIAN,S1,BAIK SEKALI,SWASTA,D.K.I. JAKARTA,B,2
4800000.0,2449.0,125.0,UNIVERSITAS RESPATI INDONESIA,FAKULTAS ILMU KESEHATAN,S1,BAIK SEKALI,SWASTA,D.K.I. JAKARTA,B,2
4800000.0,2449.0,125.0,UNIVERSITAS RESPATI INDONESIA,FAKULTAS ILMU KESEHATAN,S1,UNGGUL,SWASTA,D.K.I. JAKARTA,B,2
4800000.0,2449.0,125.0,UNIVERSITAS RESPATI INDONESIA,FAKULTAS ILMU KESEHATAN,S1,UNGGUL,SWASTA,D.K.I. JAKARTA,B,2
4800000.0,2449.0,125.0,UNIVERSITAS RESPATI INDONESIA,FAKULTAS TEKNOLOGI INFORMASI,S1,BAIK SEKALI,SWASTA,D.K.I. JAKARTA,B,2
4800000.0,2449.0,125.0,UNIVERSITAS RESPATI INDONESIA,FAKULTAS MANAJEMEN DAN BISNIS,S1,BAIK SEKALI,SWASTA,D.K.I. JAKARTA,B,2
4800000.0,2449.0,125.0,UNIVERSITAS RESPATI INDONESIA,FAKULTAS TEKNOLOGI INFORMASI,S1,BAIK,SWASTA,D.K.I. JAKARTA,B,2
7725000.0,4148.0,127.0,UNIVERSITAS SAHID,FAKULTAS EKONOMI DAN BISNIS,S1,BAIK SEKALI,SWASTA,D.K.I. JAKARTA,UNGGUL,3
7725000.0,4148.0,127.0,UNIVERSITAS SAHID,FAKULTAS TEKNOLOGI PANGAN & KESEHATAN,S1,UNGGUL,SWASTA,D.K.I. JAKARTA,UNGGUL,2
7725000.0,4148.0,127.0,UNIVERSITAS SAHID,FAKULTAS HUKUM,S1,BAIK SEKALI,SWASTA,D.K.I. JAKARTA,UNGGUL,3
7725000.0,4148.0,127.0,UNIVERSITAS SAHID,FAKULTAS ILMU KOMUNIKASI,S1,BAIK SEKALI,SWASTA,D.K.I. JAKARTA,UNGGUL,3
7725000.0,4148.0,127.0,UNIVERSITAS SAHID,FAKULTAS TEKNIK,S1,BAIK SEKALI,SWASTA,D.K.I. JAKARTA,UNGGUL,3
7725000.0,4148.0,127.0,UNIVERSITAS SAHID,FAKULTAS TEKNIK,S1,BAIK SEKALI,SWASTA,D.K.I. JAKARTA,UNGGUL,3
7725000.0,4148.0,127.0,UNIVERSITAS SAHID,FAKULTAS EKONOMI DAN BISNIS,S1,BAIK SEKALI,SWASTA,D.K.I. JAKARTA,UNGGUL,3
7725000.0,4148.0,127.0,UNIVERSITAS SAHID,FAKULTAS TEKNOLOGI PANGAN & KESEHATAN,S1,BAIK SEKALI,SWASTA,D.K.I. JAKARTA,UNGGUL,3
9462500.0,11856.0,346.0,UNIVERSITAS SANATA DHARMA,FAKULTAS EKONOMI,S1,B,SWASTA,D.I. YOGYAKARTA,A,1
9462500.0,11856.0,346.0,UNIVERSITAS SANATA DHARMA,FAKULTAS KEGURUAN DAN ILMU PENDIDIKAN,S1,A,SWASTA,D.I. YOGYAKARTA,A,1
9462500.0,11856.0,346.0,UNIVERSITAS SANATA DHARMA,FAKULTAS EKONOMI,S1,A,SWASTA,D.I. YOGYAKARTA,A,1
9462500.0,11856.0,346.0,UNIVERSITAS SANATA DHARMA,FAKULTAS SAINS DAN TEKNOLOGI,S1,B,SWASTA,D.I. YOGYAKARTA,A,1
9462500.0,11856.0,346.0,UNIVERSITAS SANATA DHARMA,FAKULTAS FARMASI,S1,A,SWASTA,D.I. YOGYAKARTA,A,1
9462500.0,11856.0,346.0,UNIVERSITAS SANATA DHARMA,FAKULTAS KEGURUAN DAN ILMU PENDIDIKAN,S1,A,SWASTA,D.I. YOGYAKARTA,A,1
9462500.0,11856.0,346.0,UNIVERSITAS SANATA DHARMA,FAKULTAS KEGURUAN DAN ILMU PENDIDIKAN,S1,A,SWASTA,D.I. YOGYAKARTA,A,1
9462500.0,11856.0,346.0,UNIVERSITAS SANATA DHARMA,FAKULTAS SAINS DAN TEKNOLOGI,S1,B,SWASTA,D.I. YOGYAKARTA,A,1
9462500.0,11856.0,346.0,UNIVERSITAS SANATA DHARMA,FAKULTAS KEGURUAN DAN ILMU PENDIDIKAN,S1,BAIK SEKALI,SWASTA,D.I. YOGYAKARTA,A,1
9462500.0,11856.0,346.0,UNIVERSITAS SANATA DHARMA,FAKULTAS EKONOMI,S1,B,SWASTA,D.I. YOGYAKARTA,A,1
9462500.0,11856.0,346.0,UNIVERSITAS SANATA DHARMA,FAKULTAS KEGURUAN DAN ILMU PENDIDIKAN,S1,A,SWASTA,D.I. YOGYAKARTA,A,1
9462500.0,11856.0,346.0,UNIVERSITAS SANATA DHARMA,FAKULTAS SAINS DAN TEKNOLOGI,S1,B,SWASTA,D.I. YOGYAKARTA,A,1
9462500.0,11856.0,346.0,UNIVERSITAS SANATA DHARMA,FAKULTAS PSIKOLOGI,S1,A,SWASTA,D.I. YOGYAKARTA,A,1
9462500.0,11856.0,346.0,UNIVERSITAS SANATA DHARMA,FAKULTAS SASTRA,S1,A,SWASTA,D.I. YOGYAKARTA,A,1
9462500.0,11856.0,346.0,UNIVERSITAS SANATA DHARMA,FAKULTAS SASTRA,S1,A,SWASTA,D.I. YOGYAKARTA,A,1
9462500.0,11856.0,346.0,UNIVERSITAS SANATA DHARMA,FAKULTAS KEGURUAN DAN ILMU PENDIDIKAN,S1,B,SWASTA,D.I. YOGYAKARTA,A,1
9462500.0,11856.0,346.0,UNIVERSITAS SANATA DHARMA,FAKULTAS TEOLOGI,S1,A,SWASTA,D.I. YOGYAKARTA,A,1
7215001.0,11009.0,320.0,UNIVERSITAS SARJANAWIYATA TAMANSISWA,FAKULTAS PERTANIAN,S1,B,SWASTA,D.I. YOGYAKARTA,B,2
7215001.0,11009.0,320.0,UNIVERSITAS SARJANAWIYATA TAMANSISWA,FAKULTAS PERTANIAN,S1,B,SWASTA,D.I. YOGYAKARTA,B,2
7215001.0,11009.0,320.0,UNIVERSITAS SARJANAWIYATA TAMANSISWA,FAKULTAS EKONOMI,S1,A,SWASTA,D.I. YOGYAKARTA,B,1
7215001.0,11009.0,320.0,UNIVERSITAS SARJANAWIYATA TAMANSISWA,FAKULTAS KEGURUAN DAN ILMU PENDIDIKAN,S1,B,SWASTA,D.I. YOGYAKARTA,B,2
7215001.0,11009.0,320.0,UNIVERSITAS SARJANAWIYATA TAMANSISWA,FAKULTAS KEGURUAN DAN ILMU PENDIDIKAN,S1,A,SWASTA,D.I. YOGYAKARTA,B,1
7215001.0,11009.0,320.0,UNIVERSITAS SARJANAWIYATA TAMANSISWA,FAKULTAS KEGURUAN DAN ILMU PENDIDIKAN,S1,A,SWASTA,D.I. YOGYAKARTA,B,1
7215001.0,11009.0,320.0,UNIVERSITAS SARJANAWIYATA TAMANSISWA,FAKULTAS TEKNIK,S1,B,SWASTA,D.I. YOGYAKARTA,B,2
7215001.0,11009.0,320.0,UNIVERSITAS SARJANAWIYATA TAMANSISWA,FAKULTAS TEKNIK,S1,BAIK,SWASTA,D.I. YOGYAKARTA,B,2
7215001.0,11009.0,320.0,UNIVERSITAS SARJANAWIYATA TAMANSISWA,FAKULTAS EKONOMI,S1,A,SWASTA,D.I. YOGYAKARTA,B,1
7215001.0,11009.0,320.0,UNIVERSITAS SARJANAWIYATA TAMANSISWA,FAKULTAS KEGURUAN DAN ILMU PENDIDIKAN,S1,B,SWASTA,D.I. YOGYAKARTA,B,2
7215001.0,11009.0,320.0,UNIVERSITAS SARJANAWIYATA TAMANSISWA,FAKULTAS KEGURUAN DAN ILMU PENDIDIKAN,S1,B,SWASTA,D.I. YOGYAKARTA,B,2
7215001.0,11009.0,320.0,UNIVERSITAS SARJANAWIYATA TAMANSISWA,FAKULTAS PSIKOLOGI,S1,B,SWASTA,D.I. YOGYAKARTA,B,2
7215001.0,11009.0,320.0,UNIVERSITAS SARJANAWIYATA TAMANSISWA,FAKULTAS TEKNIK,S1,B,SWASTA,D.I. YOGYAKARTA,B,2
10800000.0,4593.0,143.0,UNIVERSITAS SATYAGAMA,FAKULTAS PERTANIAN,S1,B,SWASTA,D.K.I. JAKARTA,BAIK,2
10800000.0,4593.0,143.0,UNIVERSITAS SATYAGAMA,FAKULTAS PERTANIAN,S1,C,SWASTA,D.K.I. JAKARTA,BAIK,2
10800000.0,4593.0,143.0,UNIVERSITAS SATYAGAMA,FAKULTAS EKONOMI,S1,C,SWASTA,D.K.I. JAKARTA,BAIK,2
10800000.0,4593.0,143.0,UNIVERSITAS SATYAGAMA,FAKULTAS TEKNIK SIPIL DAN PERENCANAAN,S1,C,SWASTA,D.K.I. JAKARTA,BAIK,2
10800000.0,4593.0,143.0,UNIVERSITAS SATYAGAMA,FAKULTAS TEKNOLOGI INDUSTRI,S1,BAIK,SWASTA,D.K.I. JAKARTA,BAIK,2
10800000.0,4593.0,143.0,UNIVERSITAS SATYAGAMA,FAKULTAS ILMU SOSIAL DAN ILMU POLITIK,S1,B,SWASTA,D.K.I. JAKARTA,BAIK,2
10800000.0,4593.0,143.0,UNIVERSITAS SATYAGAMA,FAKULTAS HUKUM,S1,C,SWASTA,D.K.I. JAKARTA,BAIK,2
10800000.0,4593.0,143.0,UNIVERSITAS SATYAGAMA,FAKULTAS TEKNOLOGI INDUSTRI,S1,C,SWASTA,D.K.I. JAKARTA,BAIK,2
10800000.0,4593.0,143.0,UNIVERSITAS SATYAGAMA,FAKULTAS TEKNOLOGI INDUSTRI,S1,C,SWASTA,D.K.I. JAKARTA,BAIK,2
10800000.0,4593.0,143.0,UNIVERSITAS SATYAGAMA,FAKULTAS EKONOMI,S1,C,SWASTA,D.K.I. JAKARTA,BAIK,2
10800000.0,4593.0,143.0,UNIVERSITAS SATYAGAMA,FAKULTAS ILMU SOSIAL DAN ILMU POLITIK,S1,C,SWASTA,D.K.I. JAKARTA,BAIK,2
10800000.0,4593.0,143.0,UNIVERSITAS SATYAGAMA,FAKULTAS TEKNIK SIPIL DAN PERENCANAAN,S1,C,SWASTA,D.K.I. JAKARTA,BAIK,2
4870000.0,19497.0,406.0,UNIVERSITAS SEMARANG,FAKULTAS EKONOMI,S1,B,SWASTA,JAWA TENGAH,B,2
4870000.0,19497.0,406.0,UNIVERSITAS SEMARANG,FAKULTAS TEKNIK,S1,C,SWASTA,JAWA TENGAH,B,2
4870000.0,19497.0,406.0,UNIVERSITAS SEMARANG,FAKULTAS HUKUM,S1,B,SWASTA,JAWA TENGAH,B,2
4870000.0,19497.0,406.0,UNIVERSITAS SEMARANG,FAKULTAS TEKNOLOGI INFORMASI DAN KOMUNIKASI,S1,C,SWASTA,JAWA TENGAH,B,2
4870000.0,19497.0,406.0,UNIVERSITAS SEMARANG,FAKULTAS TEKNOLOGI INFORMASI DAN KOMUNIKASI,S1,B,SWASTA,JAWA TENGAH,B,2
4870000.0,19497.0,406.0,UNIVERSITAS SEMARANG,FAKULTAS EKONOMI,S1,B,SWASTA,JAWA TENGAH,B,2
4870000.0,19497.0,406.0,UNIVERSITAS SEMARANG,FAKULTAS TEKNOLOGI INFORMASI DAN KOMUNIKASI,S1,BAIK,SWASTA,JAWA TENGAH,B,2
4870000.0,19497.0,406.0,UNIVERSITAS SEMARANG,FAKULTAS TEKNIK,S1,BAIK,SWASTA,JAWA TENGAH,B,2
4870000.0,19497.0,406.0,UNIVERSITAS SEMARANG,FAKULTAS TEKNOLOGI PERTANIAN,S1,BAIK SEKALI,SWASTA,JAWA TENGAH,B,2
4870000.0,19497.0,406.0,UNIVERSITAS SEMARANG,FAKULTAS PSIKOLOGI,S1,C,SWASTA,JAWA TENGAH,B,2
4870000.0,19497.0,406.0,UNIVERSITAS SEMARANG,FAKULTAS TEKNIK,S1,B,SWASTA,JAWA TENGAH,B,2
4870000.0,19497.0,406.0,UNIVERSITAS SEMARANG,FAKULTAS TEKNOLOGI INFORMASI DAN KOMUNIKASI,S1,B,SWASTA,JAWA TENGAH,B,2
3150000.0,5232.0,303.0,UNIVERSITAS SERAMBI MEKKAH,FAKULTAS EKONOMI,S1,C,SWASTA,ACEH,BAIK,3
3150000.0,5232.0,303.0,UNIVERSITAS SERAMBI MEKKAH,FAKULTAS KEGURUAN DAN ILMU PENDIDIKAN,S1,C,SWASTA,ACEH,BAIK,3
3150000.0,5232.0,303.0,UNIVERSITAS SERAMBI MEKKAH,FAKULTAS KEGURUAN DAN ILMU PENDIDIKAN,S1,B,SWASTA,ACEH,BAIK,2
3150000.0,5232.0,303.0,UNIVERSITAS SERAMBI MEKKAH,FAKULTAS KEGURUAN DAN ILMU PENDIDIKAN,S1,BAIK,SWASTA,ACEH,BAIK,3
3150000.0,5232.0,303.0,UNIVERSITAS SERAMBI MEKKAH,FAKULTAS KEGURUAN DAN ILMU PENDIDIKAN,S1,B,SWASTA,ACEH,BAIK,2
3150000.0,5232.0,303.0,UNIVERSITAS SERAMBI MEKKAH,FAKULTAS TEKNIK,S1,BAIK,SWASTA,ACEH,BAIK,3
3150000.0,5232.0,303.0,UNIVERSITAS SERAMBI MEKKAH,FAKULTAS KESEHATAN MASYARAKAT,S1,B,SWASTA,ACEH,BAIK,2
3150000.0,5232.0,303.0,UNIVERSITAS SERAMBI MEKKAH,FAKULTAS TEKNIK,S1,B,SWASTA,ACEH,BAIK,2
3150000.0,5232.0,303.0,UNIVERSITAS SERAMBI MEKKAH,FAKULTAS TEKNIK,S1,BAIK SEKALI,SWASTA,ACEH,BAIK,3
3150000.0,5232.0,303.0,UNIVERSITAS SERAMBI MEKKAH,FAKULTAS EKONOMI,S1,C,SWASTA,ACEH,BAIK,3
3150000.0,5232.0,303.0,UNIVERSITAS SERAMBI MEKKAH,FAKULTAS KEGURUAN DAN ILMU PENDIDIKAN,S1,BAIK SEKALI,SWASTA,ACEH,BAIK,3
3150000.0,5232.0,303.0,UNIVERSITAS SERAMBI MEKKAH,FAKULTAS TEKNOLOGI PERTANIAN,S1,BAIK,SWASTA,ACEH,BAIK,3
3150000.0,5232.0,303.0,UNIVERSITAS SERAMBI MEKKAH,FAKULTAS KEGURUAN DAN ILMU PENDIDIKAN,S1,BAIK SEKALI,SWASTA,ACEH,BAIK,3
3150000.0,5232.0,303.0,UNIVERSITAS SERAMBI MEKKAH,FAKULTAS TEKNOLOGI PERTANIAN,S1,BAIK,SWASTA,ACEH,BAIK,3
5262250.0,8468.0,159.0,UNIVERSITAS SERANG RAYA,FAKULTAS EKONOMI,S1,B,SWASTA,BANTEN,B,2
5262250.0,8468.0,159.0,UNIVERSITAS SERANG RAYA,FAKULTAS HUKUM,S1,BAIK,SWASTA,BANTEN,B,2
5262250.0,8468.0,159.0,UNIVERSITAS SERANG RAYA,FAKULTAS ILMU SOSIAL DAN POLITIK,S1,B,SWASTA,BANTEN,B,2
5262250.0,8468.0,159.0,UNIVERSITAS SERANG RAYA,FAKULTAS TEKNIK,S1,C,SWASTA,BANTEN,B,2
5262250.0,8468.0,159.0,UNIVERSITAS SERANG RAYA,FAKULTAS TEKNOLOGI INFORMASI,S1,C,SWASTA,BANTEN,B,2
5262250.0,8468.0,159.0,UNIVERSITAS SERANG RAYA,FAKULTAS EKONOMI,S1,C,SWASTA,BANTEN,B,2
5262250.0,8468.0,159.0,UNIVERSITAS SERANG RAYA,FAKULTAS PENDIDIKAN,S1,BAIK,SWASTA,BANTEN,B,2
5262250.0,8468.0,159.0,UNIVERSITAS SERANG RAYA,FAKULTAS TEKNIK,S1,C,SWASTA,BANTEN,B,2
5262250.0,8468.0,159.0,UNIVERSITAS SERANG RAYA,FAKULTAS TEKNOLOGI INFORMASI,S1,C,SWASTA,BANTEN,B,2
15137500.0,4757.0,157.0,UNIVERSITAS SIMALUNGUN,FAKULTAS PERTANIAN,S1,B,SWASTA,SUMATERA UTARA,B,2
15137500.0,4757.0,157.0,UNIVERSITAS SIMALUNGUN,FAKULTAS PERTANIAN,S1,B,SWASTA,SUMATERA UTARA,B,2
15137500.0,4757.0,157.0,UNIVERSITAS SIMALUNGUN,FAKULTAS KEGURUAN DAN ILMU PENDIDIKAN,S1,BAIK SEKALI,SWASTA,SUMATERA UTARA,B,3
15137500.0,4757.0,157.0,UNIVERSITAS SIMALUNGUN,FAKULTAS HUKUM,S1,B,SWASTA,SUMATERA UTARA,B,2
15137500.0,4757.0,157.0,UNIVERSITAS SIMALUNGUN,FAKULTAS PERTANIAN,S1,B,SWASTA,SUMATERA UTARA,B,2
15137500.0,4757.0,157.0,UNIVERSITAS SIMALUNGUN,FAKULTAS EKONOMI,S1,C,SWASTA,SUMATERA UTARA,B,2
15137500.0,4757.0,157.0,UNIVERSITAS SIMALUNGUN,FAKULTAS KEGURUAN DAN ILMU PENDIDIKAN,S1,BAIK SEKALI,SWASTA,SUMATERA UTARA,B,3
15137500.0,4757.0,157.0,UNIVERSITAS SIMALUNGUN,FAKULTAS TEKNIK,S1,BAIK,SWASTA,SUMATERA UTARA,B,2
2700000.0,3602.0,105.0,UNIVERSITAS SJAKHYAKIRTI,FAKULTAS PERTANIAN,S1,B,SWASTA,SUMATERA SELATAN,B,2
2700000.0,3602.0,105.0,UNIVERSITAS SJAKHYAKIRTI,FAKULTAS PERTANIAN,S1,B,SWASTA,SUMATERA SELATAN,B,2
2700000.0,3602.0,105.0,UNIVERSITAS SJAKHYAKIRTI,FAKULTAS EKONOMI,S1,BAIK,SWASTA,SUMATERA SELATAN,B,2
2700000.0,3602.0,105.0,UNIVERSITAS SJAKHYAKIRTI,FAKULTAS HUKUM,S1,B,SWASTA,SUMATERA SELATAN,B,2
2700000.0,3602.0,105.0,UNIVERSITAS SJAKHYAKIRTI,FAKULTAS EKONOMI,S1,BAIK,SWASTA,SUMATERA SELATAN,B,2
3000000.0,3719.0,89.0,UNIVERSITAS SUBANG,FAKULTAS ILMU ADMINISTRASI,S1,B,SWASTA,JAWA BARAT,BAIK SEKALI,3
3000000.0,3719.0,89.0,UNIVERSITAS SUBANG,FAKULTAS ILMU ADMINISTRASI,S1,B,SWASTA,JAWA BARAT,BAIK SEKALI,3
3000000.0,3719.0,89.0,UNIVERSITAS SUBANG,FAKULTAS AGROBISNIS DAN REKAYASA PERTANIAN,S1,BAIK,SWASTA,JAWA BARAT,BAIK SEKALI,3
3000000.0,3719.0,89.0,UNIVERSITAS SUBANG,FAKULTAS AGROBISNIS DAN REKAYASA PERTANIAN,S1,BAIK,SWASTA,JAWA BARAT,BAIK SEKALI,3
3000000.0,3719.0,89.0,UNIVERSITAS SUBANG,FAKULTAS TEKNIK,S1,BAIK,SWASTA,JAWA BARAT,BAIK SEKALI,3
3000000.0,3719.0,89.0,UNIVERSITAS SUBANG,FAKULTAS TEKNIK,S1,BAIK,SWASTA,JAWA BARAT,BAIK SEKALI,3
3000000.0,3719.0,89.0,UNIVERSITAS SUBANG,FAKULTAS HUKUM,S1,BAIK,SWASTA,JAWA BARAT,BAIK SEKALI,3
3000000.0,3719.0,89.0,UNIVERSITAS SUBANG,FAKULTAS ILMU KOMUNIKASI,S1,B,SWASTA,JAWA BARAT,BAIK SEKALI,3
3000000.0,3719.0,89.0,UNIVERSITAS SUBANG,FAKULTAS KEGURUAN DAN ILMU PENDIDIKAN,S1,BAIK,SWASTA,JAWA BARAT,BAIK SEKALI,3
3000000.0,3719.0,89.0,UNIVERSITAS SUBANG,FAKULTAS TEKNIK,S1,BAIK,SWASTA,JAWA BARAT,BAIK SEKALI,3
3000000.0,3719.0,89.0,UNIVERSITAS SUBANG,FAKULTAS TEKNIK,S1,BAIK,SWASTA,JAWA BARAT,BAIK SEKALI,3
3000000.0,3719.0,89.0,UNIVERSITAS SUBANG,FAKULTAS ILMU KOMPUTER,S1,BAIK SEKALI,SWASTA,JAWA BARAT,BAIK SEKALI,3
19425125.0,9662.0,418.0,UNIVERSITAS SURABAYA,FAKULTAS BISNIS DAN EKONOMI,S1,A,SWASTA,JAWA TIMUR,A,1
19425125.0,9662.0,418.0,UNIVERSITAS SURABAYA,FAKULTAS TEKNOBIOLOGI,S1,B,SWASTA,JAWA TIMUR,A,2
19425125.0,9662.0,418.0,UNIVERSITAS SURABAYA,FAKULTAS BISNIS DAN EKONOMI,S1,A,SWASTA,JAWA TIMUR,A,1
19425125.0,9662.0,418.0,UNIVERSITAS SURABAYA,FAKULTAS TEKNIK,S1,A,SWASTA,JAWA TIMUR,A,1
19425125.0,9662.0,418.0,UNIVERSITAS SURABAYA,FAKULTAS FARMASI,S1,A,SWASTA,JAWA TIMUR,A,1
19425125.0,9662.0,418.0,UNIVERSITAS SURABAYA,FAKULTAS HUKUM,S1,A,SWASTA,JAWA TIMUR,A,1
19425125.0,9662.0,418.0,UNIVERSITAS SURABAYA,FAKULTAS TEKNIK,S1,A,SWASTA,JAWA TIMUR,A,1
19425125.0,9662.0,418.0,UNIVERSITAS SURABAYA,FAKULTAS TEKNIK,S1,A,SWASTA,JAWA TIMUR,A,1
19425125.0,9662.0,418.0,UNIVERSITAS SURABAYA,FAKULTAS KEDOKTERAN,S1,BAIK SEKALI,SWASTA,JAWA TIMUR,A,3
19425125.0,9662.0,418.0,UNIVERSITAS SURABAYA,FAKULTAS BISNIS DAN EKONOMI,S1,A,SWASTA,JAWA TIMUR,A,1
19425125.0,9662.0,418.0,UNIVERSITAS SURABAYA,FAKULTAS TEKNIK,S1,A,SWASTA,JAWA TIMUR,A,1
19425125.0,9662.0,418.0,UNIVERSITAS SURABAYA,FAKULTAS BISNIS DAN EKONOMI,S1,A,SWASTA,JAWA TIMUR,A,1
19425125.0,9662.0,418.0,UNIVERSITAS SURABAYA,FAKULTAS TEKNIK,S1,A,SWASTA,JAWA TIMUR,A,1
19425125.0,9662.0,418.0,UNIVERSITAS SURABAYA,FAKULTAS TEKNIK,S1,A,SWASTA,JAWA TIMUR,A,1
19425125.0,9662.0,418.0,UNIVERSITAS SURABAYA,FAKULTAS PSIKOLOGI,S1,A,SWASTA,JAWA TIMUR,A,1
19425125.0,9662.0,418.0,UNIVERSITAS SURABAYA,FAKULTAS TEKNIK,S1,A,SWASTA,JAWA TIMUR,A,1
4695000.0,5243.0,193.0,UNIVERSITAS SURAKARTA,FAKULTAS ILMU SOSIAL DAN ILMU POLITIK,S1,BAIK SEKALI,SWASTA,JAWA TENGAH,BAIK,3
4695000.0,5243.0,193.0,UNIVERSITAS SURAKARTA,FAKULTAS EKONOMI,S1,BAIK SEKALI,SWASTA,JAWA TENGAH,BAIK,3
4695000.0,5243.0,193.0,UNIVERSITAS SURAKARTA,FAKULTAS TEKNIK SIPIL DAN PERENCANAAN,S1,B,SWASTA,JAWA TENGAH,BAIK,2
4695000.0,5243.0,193.0,UNIVERSITAS SURAKARTA,FAKULTAS TEKNIK ELEKTRO DAN INFORMATIKA,S1,BAIK,SWASTA,JAWA TENGAH,BAIK,3
4695000.0,5243.0,193.0,UNIVERSITAS SURAKARTA,FAKULTAS HUKUM,S1,B,SWASTA,JAWA TENGAH,BAIK,2
4695000.0,5243.0,193.0,UNIVERSITAS SURAKARTA,FAKULTAS ILMU SOSIAL DAN ILMU POLITIK,S1,B,SWASTA,JAWA TENGAH,BAIK,2
4695000.0,5243.0,193.0,UNIVERSITAS SURAKARTA,FAKULTAS TEKNIK ELEKTRO DAN INFORMATIKA,S1,BAIK SEKALI,SWASTA,JAWA TENGAH,BAIK,3
4695000.0,5243.0,193.0,UNIVERSITAS SURAKARTA,FAKULTAS EKONOMI,S1,BAIK SEKALI,SWASTA,JAWA TENGAH,BAIK,3
4695000.0,5243.0,193.0,UNIVERSITAS SURAKARTA,FAKULTAS TEKNOLOGI INDUSTRI,S1,BAIK,SWASTA,JAWA TENGAH,BAIK,3
4695000.0,5243.0,193.0,UNIVERSITAS SURAKARTA,FAKULTAS BAHASA DAN SASTRA,S1,B,SWASTA,JAWA TENGAH,BAIK,2
4695000.0,5243.0,193.0,UNIVERSITAS SURAKARTA,FAKULTAS TEKNIK SIPIL DAN PERENCANAAN,S1,BAIK SEKALI,SWASTA,JAWA TENGAH,BAIK,3
18300000.0,1581.0,60.0,UNIVERSITAS SURYA,FAKULTAS ILMU HAYATI,S1,BAIK,SWASTA,BANTEN,BAIK,3
18300000.0,1581.0,60.0,UNIVERSITAS SURYA,FAKULTAS SOSIAL DAN EKONOMI,S1,B,SWASTA,BANTEN,BAIK,2
18300000.0,1581.0,60.0,UNIVERSITAS SURYA,FAKULTAS ILMU HAYATI,S1,BAIK,SWASTA,BANTEN,BAIK,3
12000000.0,242.0,28.0,UNIVERSITAS TANRI ABENG,FAKULTAS MANAJEMEN,S1,BAIK,SWASTA,D.K.I. JAKARTA,BAIK SEKALI,3
12000000.0,242.0,28.0,UNIVERSITAS TANRI ABENG,FAKULTAS TEKNIK DAN TEKNOLOGI,S1,BAIK,SWASTA,D.K.I. JAKARTA,BAIK SEKALI,3
12000000.0,242.0,28.0,UNIVERSITAS TANRI ABENG,FAKULTAS MANAJEMEN,S1,BAIK,SWASTA,D.K.I. JAKARTA,BAIK SEKALI,3
12000000.0,242.0,28.0,UNIVERSITAS TANRI ABENG,FAKULTAS TEKNIK DAN TEKNOLOGI,S1,BAIK,SWASTA,D.K.I. JAKARTA,BAIK SEKALI,3
12000000.0,242.0,28.0,UNIVERSITAS TANRI ABENG,FAKULTAS MANAJEMEN,S1,BAIK SEKALI,SWASTA,D.K.I. JAKARTA,BAIK SEKALI,3
12000000.0,242.0,28.0,UNIVERSITAS TANRI ABENG,FAKULTAS TEKNIK DAN TEKNOLOGI,S1,BAIK SEKALI,SWASTA,D.K.I. JAKARTA,BAIK SEKALI,3
12000000.0,242.0,28.0,UNIVERSITAS TANRI ABENG,FAKULTAS TEKNIK DAN TEKNOLOGI,S1,BAIK SEKALI,SWASTA,D.K.I. JAKARTA,BAIK SEKALI,3
12000000.0,242.0,28.0,UNIVERSITAS TANRI ABENG,FAKULTAS TEKNIK DAN TEKNOLOGI,S1,BAIK SEKALI,SWASTA,D.K.I. JAKARTA,BAIK SEKALI,3
13000000.0,32729.0,973.0,UNIVERSITAS TELKOM,FAKULTAS KOMUNIKASI DAN BISNIS,S1,UNGGUL,SWASTA,JAWA BARAT,UNGGUL,1
13000000.0,32729.0,973.0,UNIVERSITAS TELKOM,FAKULTAS EKONOMI DAN BISNIS,S1,UNGGUL,SWASTA,JAWA BARAT,UNGGUL,1
13000000.0,32729.0,973.0,UNIVERSITAS TELKOM,FAKULTAS TEKNIK ELEKTRO,S1,BAIK,SWASTA,JAWA BARAT,UNGGUL,1
13000000.0,32729.0,973.0,UNIVERSITAS TELKOM,FAKULTAS INDUSTRI KREATIF,S1,A,SWASTA,JAWA BARAT,UNGGUL,1
13000000.0,32729.0,973.0,UNIVERSITAS TELKOM,FAKULTAS INDUSTRI KREATIF,S1,UNGGUL,SWASTA,JAWA BARAT,UNGGUL,1
13000000.0,32729.0,973.0,UNIVERSITAS TELKOM,FAKULTAS TEKNIK ELEKTRO,S1,UNGGUL,SWASTA,JAWA BARAT,UNGGUL,1
13000000.0,32729.0,973.0,UNIVERSITAS TELKOM,FAKULTAS KOMUNIKASI DAN BISNIS,S1,UNGGUL,SWASTA,JAWA BARAT,UNGGUL,1
13000000.0,32729.0,973.0,UNIVERSITAS TELKOM,FAKULTAS TEKNIK ELEKTRO,S1,UNGGUL,SWASTA,JAWA BARAT,UNGGUL,1
13000000.0,32729.0,973.0,UNIVERSITAS TELKOM,FAKULTAS REKAYASA INDUSTRI,S1,BAIK,SWASTA,JAWA BARAT,UNGGUL,1
13000000.0,32729.0,973.0,UNIVERSITAS TELKOM,FAKULTAS INFORMATIKA,S1,UNGGUL,SWASTA,JAWA BARAT,UNGGUL,1
13000000.0,32729.0,973.0,UNIVERSITAS TELKOM,FAKULTAS TEKNIK ELEKTRO,S1,UNGGUL,SWASTA,JAWA BARAT,UNGGUL,1
13000000.0,32729.0,973.0,UNIVERSITAS TELKOM,FAKULTAS REKAYASA INDUSTRI,S1,BAIK,SWASTA,JAWA BARAT,UNGGUL,1
13000000.0,32729.0,973.0,UNIVERSITAS TELKOM,FAKULTAS INDUSTRI KREATIF,S1,UNGGUL,SWASTA,JAWA BARAT,UNGGUL,1
13000000.0,32729.0,973.0,UNIVERSITAS TELKOM,FAKULTAS INFORMATIKA,S1,BAIK SEKALI,SWASTA,JAWA BARAT,UNGGUL,1
13000000.0,32729.0,973.0,UNIVERSITAS TELKOM,FAKULTAS INDUSTRI KREATIF,S1,UNGGUL,SWASTA,JAWA BARAT,UNGGUL,1
13000000.0,32729.0,973.0,UNIVERSITAS TELKOM,FAKULTAS ILMU TERAPAN,S1,UNGGUL,SWASTA,JAWA BARAT,UNGGUL,1
13000000.0,32729.0,973.0,UNIVERSITAS TELKOM,FAKULTAS INFORMATIKA,S1,BAIK SEKALI,SWASTA,JAWA BARAT,UNGGUL,1
6375000.0,3011.0,92.0,UNIVERSITAS TRILOGI,"FAKULTAS SAINS, TEKNOLOGI, DAN DESAIN",S1,C,SWASTA,D.K.I. JAKARTA,B,2
6375000.0,3011.0,92.0,UNIVERSITAS TRILOGI,"FAKULTAS EKONOMI, BISNIS, DAN HUMANIORA",S1,B,SWASTA,D.K.I. JAKARTA,B,2
6375000.0,3011.0,92.0,UNIVERSITAS TRILOGI,"FAKULTAS SAINS, TEKNOLOGI, DAN DESAIN",S1,B,SWASTA,D.K.I. JAKARTA,B,2
6375000.0,3011.0,92.0,UNIVERSITAS TRILOGI,"FAKULTAS EKONOMI, BISNIS, DAN HUMANIORA",S1,BAIK SEKALI,SWASTA,D.K.I. JAKARTA,B,2
6375000.0,3011.0,92.0,UNIVERSITAS TRILOGI,"FAKULTAS EKONOMI, BISNIS, DAN HUMANIORA",S1,BAIK SEKALI,SWASTA,D.K.I. JAKARTA,B,2
6375000.0,3011.0,92.0,UNIVERSITAS TRILOGI,"FAKULTAS EKONOMI, BISNIS, DAN HUMANIORA",S1,UNGGUL,SWASTA,D.K.I. JAKARTA,B,2
6375000.0,3011.0,92.0,UNIVERSITAS TRILOGI,"FAKULTAS SAINS, TEKNOLOGI, DAN DESAIN",S1,C,SWASTA,D.K.I. JAKARTA,B,2
6375000.0,3011.0,92.0,UNIVERSITAS TRILOGI,"FAKULTAS EKONOMI, BISNIS, DAN HUMANIORA",S1,B,SWASTA,D.K.I. JAKARTA,B,2
6375000.0,3011.0,92.0,UNIVERSITAS TRILOGI,"FAKULTAS SAINS, TEKNOLOGI, DAN DESAIN",S1,C,SWASTA,D.K.I. JAKARTA,B,2
6375000.0,3011.0,92.0,UNIVERSITAS TRILOGI,"FAKULTAS SAINS, TEKNOLOGI, DAN DESAIN",S1,C,SWASTA,D.K.I. JAKARTA,B,2
5550000.0,8110.0,8110.0,UNIVERSITAS WIDYATAMA,FAKULTAS EKONOMI,S1,A,SWASTA,JAWA BARAT,B,2
5550000.0,8110.0,8110.0,UNIVERSITAS WIDYATAMA,FAKULTAS TEKNIK,S1,B,SWASTA,JAWA BARAT,B,2
5550000.0,8110.0,8110.0,UNIVERSITAS WIDYATAMA,FAKULTAS TEKNIK,S1,B,SWASTA,JAWA BARAT,B,2
5550000.0,8110.0,8110.0,UNIVERSITAS WIDYATAMA,FAKULTAS EKONOMI,S1,B,SWASTA,JAWA BARAT,B,2
5550000.0,8110.0,8110.0,UNIVERSITAS WIDYATAMA,FAKULTAS BAHASA,S1,B,SWASTA,JAWA BARAT,B,2
5550000.0,8110.0,8110.0,UNIVERSITAS WIDYATAMA,FAKULTAS TEKNIK,S1,B,SWASTA,JAWA BARAT,B,2
19200000.0,7615.0,366.0,UNIVERSITAS WIJAYA KUSUMA SURABAYA,FAKULTAS EKONOMI DAN BISNIS,S1,B,SWASTA,JAWA TIMUR,B,2
19200000.0,7615.0,366.0,UNIVERSITAS WIJAYA KUSUMA SURABAYA,FAKULTAS BAHASA DAN SAINS,S1,B,SWASTA,JAWA TIMUR,B,2
19200000.0,7615.0,366.0,UNIVERSITAS WIJAYA KUSUMA SURABAYA,FAKULTAS BAHASA DAN SAINS,S1,B,SWASTA,JAWA TIMUR,B,2
19200000.0,7615.0,366.0,UNIVERSITAS WIJAYA KUSUMA SURABAYA,FAKULTAS HUKUM,S1,A,SWASTA,JAWA TIMUR,B,2
19200000.0,7615.0,366.0,UNIVERSITAS WIJAYA KUSUMA SURABAYA,FAKULTAS ILMU SOSIAL DAN ILMU POLITIK,S1,B,SWASTA,JAWA TIMUR,B,2
19200000.0,7615.0,366.0,UNIVERSITAS WIJAYA KUSUMA SURABAYA,FAKULTAS TEKNIK,S1,B,SWASTA,JAWA TIMUR,B,2
19200000.0,7615.0,366.0,UNIVERSITAS WIJAYA KUSUMA SURABAYA,FAKULTAS KEDOKTERAN,S1,B,SWASTA,JAWA TIMUR,B,2
19200000.0,7615.0,366.0,UNIVERSITAS WIJAYA KUSUMA SURABAYA,FAKULTAS KEDOKTERAN HEWAN,S1,C,SWASTA,JAWA TIMUR,B,2
19200000.0,7615.0,366.0,UNIVERSITAS WIJAYA KUSUMA SURABAYA,FAKULTAS ILMU SOSIAL DAN ILMU POLITIK,S1,B,SWASTA,JAWA TIMUR,B,2
19200000.0,7615.0,366.0,UNIVERSITAS WIJAYA KUSUMA SURABAYA,FAKULTAS PERTANIAN,S1,B,SWASTA,JAWA TIMUR,B,2
19200000.0,7615.0,366.0,UNIVERSITAS WIJAYA KUSUMA SURABAYA,FAKULTAS BAHASA DAN SAINS,S1,B,SWASTA,JAWA TIMUR,B,2
19200000.0,7615.0,366.0,UNIVERSITAS WIJAYA KUSUMA SURABAYA,FAKULTAS TEKNIK,S1,B,SWASTA,JAWA TIMUR,B,2
19200000.0,7615.0,366.0,UNIVERSITAS WIJAYA KUSUMA SURABAYA,FAKULTAS ILMU SOSIAL DAN ILMU POLITIK,S1,A,SWASTA,JAWA TIMUR,B,2
19200000.0,7615.0,366.0,UNIVERSITAS WIJAYA KUSUMA SURABAYA,FAKULTAS TEKNIK,S1,C,SWASTA,JAWA TIMUR,B,2
19200000.0,7615.0,366.0,UNIVERSITAS WIJAYA KUSUMA SURABAYA,FAKULTAS ILMU SOSIAL DAN ILMU POLITIK,S1,B,SWASTA,JAWA TIMUR,B,2
5800050.0,3351.0,216.0,UNIVERSITAS WIJAYA PUTRA,FAKULTAS ILMU SOSIAL DAN ILMU POLITIK,S1,A,SWASTA,JAWA TIMUR,BAIK SEKALI,3
5800050.0,3351.0,216.0,UNIVERSITAS WIJAYA PUTRA,FAKULTAS PERTANIAN,S1,B,SWASTA,JAWA TIMUR,BAIK SEKALI,3
5800050.0,3351.0,216.0,UNIVERSITAS WIJAYA PUTRA,FAKULTAS EKONOMI DAN BISNIS,S1,BAIK SEKALI,SWASTA,JAWA TIMUR,BAIK SEKALI,3
5800050.0,3351.0,216.0,UNIVERSITAS WIJAYA PUTRA,FAKULTAS EKONOMI DAN BISNIS,S1,BAIK SEKALI,SWASTA,JAWA TIMUR,BAIK SEKALI,3
5800050.0,3351.0,216.0,UNIVERSITAS WIJAYA PUTRA,FAKULTAS HUKUM,S1,B,SWASTA,JAWA TIMUR,BAIK SEKALI,3
5800050.0,3351.0,216.0,UNIVERSITAS WIJAYA PUTRA,FAKULTAS TEKNIK,S1,BAIK SEKALI,SWASTA,JAWA TIMUR,BAIK SEKALI,3
5800050.0,3351.0,216.0,UNIVERSITAS WIJAYA PUTRA,FAKULTAS TEKNIK,S1,BAIK,SWASTA,JAWA TIMUR,BAIK SEKALI,3
5800050.0,3351.0,216.0,UNIVERSITAS WIJAYA PUTRA,FAKULTAS EKONOMI DAN BISNIS,S1,B,SWASTA,JAWA TIMUR,BAIK SEKALI,3
5800050.0,3351.0,216.0,UNIVERSITAS WIJAYA PUTRA,FAKULTAS TEKNIK,S1,BAIK SEKALI,SWASTA,JAWA TIMUR,BAIK SEKALI,3
5800050.0,3351.0,216.0,UNIVERSITAS WIJAYA PUTRA,FAKULTAS PSIKOLOGI,S1,BAIK,SWASTA,JAWA TIMUR,BAIK SEKALI,3
5800050.0,3351.0,216.0,UNIVERSITAS WIJAYA PUTRA,FAKULTAS BAHASA DAN SASTRA,S1,B,SWASTA,JAWA TIMUR,BAIK SEKALI,3
131125000.0,5000.0,278.0,UNIVERSITAS YARSI,FAKULTAS EKONOMI DAN BISNIS,S1,B,SWASTA,D.K.I. JAKARTA,B,4
131125000.0,5000.0,278.0,UNIVERSITAS YARSI,FAKULTAS HUKUM,S1,B,SWASTA,D.K.I. JAKARTA,B,4
131125000.0,5000.0,278.0,UNIVERSITAS YARSI,FAKULTAS TEKNOLOGI INFORMASI,S1,A,SWASTA,D.K.I. JAKARTA,B,4
131125000.0,5000.0,278.0,UNIVERSITAS YARSI,FAKULTAS TEKNOLOGI INFORMASI,S1,B,SWASTA,D.K.I. JAKARTA,B,4
131125000.0,5000.0,278.0,UNIVERSITAS YARSI,FAKULTAS KEDOKTERAN,S1,A,SWASTA,D.K.I. JAKARTA,B,4
131125000.0,5000.0,278.0,UNIVERSITAS YARSI,FAKULTAS KEDOKTERAN GIGI,S1,B,SWASTA,D.K.I. JAKARTA,B,4
131125000.0,5000.0,278.0,UNIVERSITAS YARSI,FAKULTAS EKONOMI DAN BISNIS,S1,B,SWASTA,D.K.I. JAKARTA,B,4
131125000.0,5000.0,278.0,UNIVERSITAS YARSI,FAKULTAS PSIKOLOGI,S1,B,SWASTA,D.K.I. JAKARTA,B,4
5500000.0,1200.0,75.0,UNIVERSITAS YATSI MADANI,SAINS DAN TEKNOLOGI,S1,BAIK,SWASTA,BANTEN,BAIK SEKALI,3
5500000.0,1200.0,75.0,UNIVERSITAS YATSI MADANI,KESEHATAN,S1,BAIK,SWASTA,BANTEN,BAIK SEKALI,3
5500000.0,1200.0,75.0,UNIVERSITAS YATSI MADANI,KESEHATAN,S1,BAIK SEKALI,SWASTA,BANTEN,BAIK SEKALI,3
5500000.0,1200.0,75.0,UNIVERSITAS YATSI MADANI,EKONOMI DAN BISNIS,S1,BAIK,SWASTA,BANTEN,BAIK SEKALI,3
5500000.0,1200.0,75.0,UNIVERSITAS YATSI MADANI,SAINS DAN TEKNOLOGI,S1,BAIK,SWASTA,BANTEN,BAIK SEKALI,3
