institution_name,province,average_yearly_fee,campus_accreditation,segment_name
IKIP PGRI BOJONEGORO,JAWA TIMUR,14180000.0,BAIK,Loc_5-Type_2
IKIP PGRI BOJONEGORO,JAWA TIMUR,14180000.0,BAIK,Loc_5-Type_2
IKIP PGRI PONTIANAK,KALIMANTAN,7400000.0,B,Loc_0-Type_2
IKIP PGRI PONTIANAK,KALIMANTAN,7400000.0,B,Loc_0-Type_2
IKIP PGRI PONTIANAK,KALIMANTAN,7400000.0,B,Loc_0-Type_2
IKIP PGRI PONTIANAK,KALIMANTAN,7400000.0,B,Loc_0-Type_2
IKIP PGRI PONTIANAK,KALIMANTAN,7400000.0,B,Loc_0-Type_2
IKIP PGRI PONTIANAK,KALIMANTAN,7400000.0,B,Loc_0-Type_2
IKIP PGRI PONTIANAK,KALIMANTAN,7400000.0,B,Loc_0-Type_2
IKIP PGRI PONTIANAK,KALIMANTAN,7400000.0,B,Loc_0-Type_2
IKIP PGRI PONTIANAK,KALIMANTAN,7400000.0,B,Loc_0-Type_2
IKIP PGRI PONTIANAK,KALIMANTAN,7400000.0,B,Loc_0-Type_2
INSTITUT ADMINISTRASI DAN KESEHATAN SETIH SETIO MUARA BUNGO,JAMBI,12285000.0,B,Loc_0-Type_2
INSTITUT ADMINISTRASI DAN KESEHATAN SETIH SETIO MUARA BUNGO,JAMBI,12285000.0,B,Loc_0-Type_2
INSTITUT ADMINISTRASI DAN KESEHATAN SETIH SETIO MUARA BUNGO,JAMBI,12285000.0,B,Loc_0-Type_2
INSTITUT BAKTI NUSANTARA,LAMPUNG,6520000.0,BAIK,Loc_1-Type_0
INSTITUT BAKTI NUSANTARA,LAMPUNG,6520000.0,BAIK,Loc_1-Type_0
INSTITUT BAKTI NUSANTARA,LAMPUNG,6520000.0,BAIK,Loc_1-Type_0
INSTITUT BATARI TOJA BONE,SULAWESI SELATAN,2630000.0,TERAKREDITASI,Loc_3-Type_0
INSTITUT BATARI TOJA BONE,SULAWESI SELATAN,2630000.0,TERAKREDITASI,Loc_3-Type_0
INSTITUT BIO SCIENTIA INTERNASIONAL INDONESIA,D.K.I. JAKARTA,51500000.0,BAIK SEKALI,Loc_4-Type_2
INSTITUT BIO SCIENTIA INTERNASIONAL INDONESIA,D.K.I. JAKARTA,51500000.0,BAIK SEKALI,Loc_4-Type_2
INSTITUT BIO SCIENTIA INTERNASIONAL INDONESIA,D.K.I. JAKARTA,51500000.0,BAIK SEKALI,Loc_4-Type_2
INSTITUT BIO SCIENTIA INTERNASIONAL INDONESIA,D.K.I. JAKARTA,51500000.0,BAIK SEKALI,Loc_4-Type_2
INSTITUT BIO SCIENTIA INTERNASIONAL INDONESIA,D.K.I. JAKARTA,51500000.0,BAIK SEKALI,Loc_4-Type_2
INSTITUT BIO SCIENTIA INTERNASIONAL INDONESIA,D.K.I. JAKARTA,51500000.0,BAIK SEKALI,Loc_4-Type_2
INSTITUT BIO SCIENTIA INTERNASIONAL INDONESIA,D.K.I. JAKARTA,51500000.0,BAIK SEKALI,Loc_4-Type_2
INSTITUT BISNIS DAN EKONOMI INDONESIA,KALIMANTAN BARAT,6143000.0,BAIK,Loc_6-Type_2
INSTITUT BISNIS DAN EKONOMI INDONESIA,KALIMANTAN BARAT,6143000.0,BAIK,Loc_6-Type_2
INSTITUT BISNIS DAN INFORMATIKA KESATUAN,JAWA BARAT,16000000.0,B,Loc_8-Type_0
INSTITUT BISNIS DAN INFORMATIKA KESATUAN,JAWA BARAT,16000000.0,B,Loc_8-Type_0
INSTITUT BISNIS DAN INFORMATIKA KESATUAN,JAWA BARAT,16000000.0,B,Loc_8-Type_0
INSTITUT BISNIS DAN INFORMATIKA KESATUAN,JAWA BARAT,16000000.0,B,Loc_8-Type_0
INSTITUT BISNIS DAN INFORMATIKA KESATUAN,JAWA BARAT,16000000.0,B,Loc_8-Type_0
INSTITUT BISNIS DAN INFORMATIKA KESATUAN,JAWA BARAT,16000000.0,B,Loc_8-Type_0
INSTITUT BISNIS DAN INFORMATIKA KESATUAN,JAWA BARAT,16000000.0,B,Loc_8-Type_0
INSTITUT BISNIS DAN INFORMATIKA KWIK KIAN GIE,D.K.I. JAKARTA,29000000.0,BAIK SEKALI,Loc_4-Type_1
INSTITUT BISNIS DAN INFORMATIKA KWIK KIAN GIE,D.K.I. JAKARTA,29000000.0,BAIK SEKALI,Loc_4-Type_1
INSTITUT BISNIS DAN INFORMATIKA KWIK KIAN GIE,D.K.I. JAKARTA,29000000.0,BAIK SEKALI,Loc_4-Type_1
INSTITUT BISNIS DAN INFORMATIKA KWIK KIAN GIE,D.K.I. JAKARTA,29000000.0,BAIK SEKALI,Loc_4-Type_1
INSTITUT BISNIS DAN INFORMATIKA KWIK KIAN GIE,D.K.I. JAKARTA,29000000.0,BAIK SEKALI,Loc_4-Type_1
INSTITUT BISNIS DAN INFORMATIKA KWIK KIAN GIE,D.K.I. JAKARTA,29000000.0,BAIK SEKALI,Loc_4-Type_1
INSTITUT BISNIS DAN INFORMATIKA KWIK KIAN GIE,D.K.I. JAKARTA,29000000.0,BAIK SEKALI,Loc_4-Type_1
INSTITUT BISNIS DAN KEUANGAN NITRO,SULAWESI SELATAN,57900000.0,B,Loc_3-Type_2
INSTITUT BISNIS DAN KEUANGAN NITRO,SULAWESI SELATAN,57900000.0,B,Loc_3-Type_2
INSTITUT BISNIS DAN KEUANGAN NITRO,SULAWESI SELATAN,57900000.0,B,Loc_3-Type_2
INSTITUT BISNIS DAN KEUANGAN NITRO,SULAWESI SELATAN,57900000.0,B,Loc_3-Type_2
INSTITUT BISNIS DAN KEUANGAN NITRO,SULAWESI SELATAN,57900000.0,B,Loc_3-Type_2
INSTITUT BISNIS DAN KOMPUTER INDONESIA,SUMATERA UTARA,9500000.0,BAIK,Loc_0-Type_0
INSTITUT BISNIS DAN KOMPUTER INDONESIA,SUMATERA UTARA,9500000.0,BAIK,Loc_0-Type_0
INSTITUT BISNIS DAN MULTIMEDIA ASMI JAKARTA,D.K.I. JAKARTA,12630000.0,BAIK,Loc_4-Type_0
INSTITUT BISNIS DAN MULTIMEDIA ASMI JAKARTA,D.K.I. JAKARTA,12630000.0,BAIK,Loc_4-Type_0
INSTITUT BISNIS DAN MULTIMEDIA ASMI JAKARTA,D.K.I. JAKARTA,12630000.0,BAIK,Loc_4-Type_0
INSTITUT BISNIS DAN MULTIMEDIA ASMI JAKARTA,D.K.I. JAKARTA,12630000.0,BAIK,Loc_4-Type_0
INSTITUT BISNIS INFORMASI TEKNOLOGI DAN BISNIS,SUMATERA UTARA,21000000.0,BAIK,Loc_0-Type_0
INSTITUT BISNIS INFORMASI TEKNOLOGI DAN BISNIS,SUMATERA UTARA,21000000.0,BAIK,Loc_0-Type_0
INSTITUT BISNIS INFORMASI TEKNOLOGI DAN BISNIS,SUMATERA UTARA,21000000.0,BAIK,Loc_0-Type_0
INSTITUT BISNIS INFORMASI TEKNOLOGI DAN BISNIS,SUMATERA UTARA,21000000.0,BAIK,Loc_0-Type_0
INSTITUT BISNIS INFORMASI TEKNOLOGI DAN BISNIS,SUMATERA UTARA,21000000.0,BAIK,Loc_0-Type_0
INSTITUT BISNIS MUHAMMADIYAH BEKASI,JAWA BARAT,5000000.0,BAIK,Loc_8-Type_2
INSTITUT BISNIS MUHAMMADIYAH BEKASI,JAWA BARAT,5000000.0,BAIK,Loc_8-Type_2
INSTITUT BISNIS MUHAMMADIYAH BEKASI,JAWA BARAT,5000000.0,BAIK,Loc_8-Type_2
INSTITUT BISNIS MUHAMMADIYAH BEKASI,JAWA BARAT,5000000.0,BAIK,Loc_8-Type_2
INSTITUT BISNIS NUSANTARA,D.K.I. JAKARTA,14472500.0,BAIK,Loc_4-Type_0
INSTITUT BISNIS NUSANTARA,D.K.I. JAKARTA,14472500.0,BAIK,Loc_4-Type_0
INSTITUT BISNIS NUSANTARA,D.K.I. JAKARTA,14472500.0,BAIK,Loc_4-Type_0
INSTITUT BISNIS NUSANTARA,D.K.I. JAKARTA,14472500.0,BAIK,Loc_4-Type_0
INSTITUT BISNIS NUSANTARA,D.K.I. JAKARTA,14472500.0,BAIK,Loc_4-Type_0
INSTITUT BISNIS NUSANTARA,D.K.I. JAKARTA,14472500.0,BAIK,Loc_4-Type_0
INSTITUT BUDI UTOMO NASIONAL,JAWA BARAT,6810000.0,BAIK,Loc_8-Type_2
INSTITUT BUDI UTOMO NASIONAL,JAWA BARAT,6810000.0,BAIK,Loc_8-Type_2
INSTITUT CITRA INTERNASIONAL,BANGKA BELITUNG,20350000.0,BAIK,Loc_0-Type_0
INSTITUT CITRA INTERNASIONAL,BANGKA BELITUNG,20350000.0,BAIK,Loc_0-Type_0
INSTITUT CITRA INTERNASIONAL,BANGKA BELITUNG,20350000.0,BAIK,Loc_0-Type_0
INSTITUT COKROAMINOTO PINRANG,SULAWESI SELATAN,26400000.0,BAIK,Loc_3-Type_0
INSTITUT COKROAMINOTO PINRANG,SULAWESI SELATAN,26400000.0,BAIK,Loc_3-Type_0
INSTITUT COKROAMINOTO PINRANG,SULAWESI SELATAN,26400000.0,BAIK,Loc_3-Type_0
INSTITUT COKROAMINOTO PINRANG,SULAWESI SELATAN,26400000.0,BAIK,Loc_3-Type_0
INSTITUT COKROAMINOTO PINRANG,SULAWESI SELATAN,26400000.0,BAIK,Loc_3-Type_0
INSTITUT DESAIN DAN BISNIS BALI,BALI,12750000.0,BAIK,Loc_0-Type_0
INSTITUT DESAIN DAN BISNIS BALI,BALI,12750000.0,BAIK,Loc_0-Type_0
INSTITUT DESAIN DAN BISNIS BALI,BALI,12750000.0,BAIK,Loc_0-Type_0
INSTITUT DESAIN DAN BISNIS BALI,BALI,12750000.0,BAIK,Loc_0-Type_0
INSTITUT DESAIN DAN BISNIS BALI,BALI,12750000.0,BAIK,Loc_0-Type_0
INSTITUT DIGITAL EKONOMI LPKIA,JAWA BARAT,13600000.0,BAIK,Loc_8-Type_2
INSTITUT DIGITAL EKONOMI LPKIA,JAWA BARAT,13600000.0,BAIK,Loc_8-Type_2
INSTITUT DIGITAL EKONOMI LPKIA,JAWA BARAT,13600000.0,BAIK,Loc_8-Type_2
INSTITUT DIGITAL EKONOMI LPKIA,JAWA BARAT,13600000.0,BAIK,Loc_8-Type_2
INSTITUT FILSAFAT DAN TEKNOLOGI KREATIF LEDALERO,NUSA TENGGARA TIMUR,6150000.0,B,Loc_0-Type_2
INSTITUT FILSAFAT DAN TEKNOLOGI KREATIF LEDALERO,NUSA TENGGARA TIMUR,6150000.0,B,Loc_0-Type_2
INSTITUT FILSAFAT DAN TEKNOLOGI KREATIF LEDALERO,NUSA TENGGARA TIMUR,6150000.0,B,Loc_0-Type_2
INSTITUT FILSAFAT DAN TEKNOLOGI KREATIF LEDALERO,NUSA TENGGARA TIMUR,6150000.0,B,Loc_0-Type_2
INSTITUT ILMU KESEHATAN BHAKTI WIYATA KEDIRI,JAWA TIMUR,24000000.0,UNGGUL,Loc_5-Type_1
INSTITUT ILMU KESEHATAN BHAKTI WIYATA KEDIRI,JAWA TIMUR,24000000.0,UNGGUL,Loc_5-Type_1
INSTITUT ILMU KESEHATAN BHAKTI WIYATA KEDIRI,JAWA TIMUR,24000000.0,UNGGUL,Loc_5-Type_1
INSTITUT ILMU KESEHATAN BHAKTI WIYATA KEDIRI,JAWA TIMUR,24000000.0,UNGGUL,Loc_5-Type_1
INSTITUT ILMU KESEHATAN BHAKTI WIYATA KEDIRI,JAWA TIMUR,24000000.0,UNGGUL,Loc_5-Type_1
INSTITUT ILMU KESEHATAN BHAKTI WIYATA KEDIRI,JAWA TIMUR,24000000.0,UNGGUL,Loc_5-Type_1
INSTITUT ILMU KESEHATAN BHAKTI WIYATA KEDIRI,JAWA TIMUR,24000000.0,UNGGUL,Loc_5-Type_1
INSTITUT ILMU KESEHATAN BHAKTI WIYATA KEDIRI,JAWA TIMUR,24000000.0,UNGGUL,Loc_5-Type_1
INSTITUT ILMU KESEHATAN BHAKTI WIYATA KEDIRI,JAWA TIMUR,24000000.0,UNGGUL,Loc_5-Type_1
INSTITUT ILMU KESEHATAN BHAKTI WIYATA KEDIRI,JAWA TIMUR,24000000.0,UNGGUL,Loc_5-Type_1
INSTITUT ILMU KESEHATAN BHAKTI WIYATA KEDIRI,JAWA TIMUR,24000000.0,UNGGUL,Loc_5-Type_1
INSTITUT ILMU KESEHATAN BHAKTI WIYATA KEDIRI,JAWA TIMUR,24000000.0,UNGGUL,Loc_5-Type_1
INSTITUT ILMU KESEHATAN BHAKTI WIYATA KEDIRI,JAWA TIMUR,24000000.0,UNGGUL,Loc_5-Type_1
INSTITUT ILMU SOSIAL DAN BISNIS ANDI SAPADA,SULAWESI SELATAN,8000000.0,B,Loc_3-Type_0
INSTITUT ILMU SOSIAL DAN BISNIS ANDI SAPADA,SULAWESI SELATAN,8000000.0,B,Loc_3-Type_0
INSTITUT ILMU SOSIAL DAN BISNIS ANDI SAPADA,SULAWESI SELATAN,8000000.0,B,Loc_3-Type_0
INSTITUT ILMU SOSIAL DAN BISNIS ANDI SAPADA,SULAWESI SELATAN,8000000.0,B,Loc_3-Type_0
INSTITUT ILMU SOSIAL DAN ILMU POLITIK JAKARTA,D.K.I. JAKARTA,16000000.0,BAIK,Loc_4-Type_0
INSTITUT ILMU SOSIAL DAN ILMU POLITIK JAKARTA,D.K.I. JAKARTA,16000000.0,BAIK,Loc_4-Type_0
INSTITUT ILMU SOSIAL DAN ILMU POLITIK JAKARTA,D.K.I. JAKARTA,16000000.0,BAIK,Loc_4-Type_0
INSTITUT ILMU SOSIAL DAN ILMU POLITIK JAKARTA,D.K.I. JAKARTA,16000000.0,BAIK,Loc_4-Type_0
INSTITUT ILMU SOSIAL DAN ILMU POLITIK JAKARTA,D.K.I. JAKARTA,16000000.0,BAIK,Loc_4-Type_0
INSTITUT ILMU SOSIAL DAN ILMU POLITIK JAKARTA,D.K.I. JAKARTA,16000000.0,BAIK,Loc_4-Type_0
INSTITUT ILMU SOSIAL DAN ILMU POLITIK JAKARTA,D.K.I. JAKARTA,16000000.0,BAIK,Loc_4-Type_0
INSTITUT ILMU SOSIAL DAN MANAJEMEN STIAMI,D.K.I. JAKARTA,10831250.0,BAIK SEKALI,Loc_4-Type_0
INSTITUT ILMU SOSIAL DAN MANAJEMEN STIAMI,D.K.I. JAKARTA,10831250.0,BAIK SEKALI,Loc_4-Type_0
INSTITUT ILMU SOSIAL DAN MANAJEMEN STIAMI,D.K.I. JAKARTA,10831250.0,BAIK SEKALI,Loc_4-Type_0
INSTITUT ILMU SOSIAL DAN MANAJEMEN STIAMI,D.K.I. JAKARTA,10831250.0,BAIK SEKALI,Loc_4-Type_0
INSTITUT ILMU SOSIAL DAN MANAJEMEN STIAMI,D.K.I. JAKARTA,10831250.0,BAIK SEKALI,Loc_4-Type_0
INSTITUT INFORMATIKA DAN BISNIS DARMAJAYA,LAMPUNG,10252000.0,BAIK SEKALI,Loc_1-Type_0
INSTITUT INFORMATIKA DAN BISNIS DARMAJAYA,LAMPUNG,10252000.0,BAIK SEKALI,Loc_1-Type_0
INSTITUT INFORMATIKA DAN BISNIS DARMAJAYA,LAMPUNG,10252000.0,BAIK SEKALI,Loc_1-Type_0
INSTITUT INFORMATIKA DAN BISNIS DARMAJAYA,LAMPUNG,10252000.0,BAIK SEKALI,Loc_1-Type_0
INSTITUT INFORMATIKA DAN BISNIS DARMAJAYA,LAMPUNG,10252000.0,BAIK SEKALI,Loc_1-Type_0
INSTITUT INFORMATIKA DAN BISNIS DARMAJAYA,LAMPUNG,10252000.0,BAIK SEKALI,Loc_1-Type_0
INSTITUT INFORMATIKA DAN BISNIS DARMAJAYA,LAMPUNG,10252000.0,BAIK SEKALI,Loc_1-Type_0
INSTITUT INFORMATIKA DAN BISNIS DARMAJAYA,LAMPUNG,10252000.0,BAIK SEKALI,Loc_1-Type_0
INSTITUT INFORMATIKA DAN BISNIS DARMAJAYA,LAMPUNG,10252000.0,BAIK SEKALI,Loc_1-Type_0
INSTITUT INFORMATIKA DAN BISNIS DARMAJAYA,LAMPUNG,10252000.0,BAIK SEKALI,Loc_1-Type_0
INSTITUT INFORMATIKA DAN BISNIS DARMAJAYA,LAMPUNG,10252000.0,BAIK SEKALI,Loc_1-Type_0
INSTITUT INFORMATIKA DAN BISNIS DARMAJAYA,LAMPUNG,10252000.0,BAIK SEKALI,Loc_1-Type_0
INSTITUT INFORMATIKA DAN BISNIS DARMAJAYA,LAMPUNG,10252000.0,BAIK SEKALI,Loc_1-Type_0
INSTITUT INFORMATIKA DAN BISNIS DARMAJAYA,LAMPUNG,10252000.0,BAIK SEKALI,Loc_1-Type_0
INSTITUT INFORMATIKA INDONESIA SURABAYA,JAWA TIMUR,24000000.0,BAIK,Loc_5-Type_2
INSTITUT INFORMATIKA INDONESIA SURABAYA,JAWA TIMUR,24000000.0,BAIK,Loc_5-Type_2
INSTITUT INFORMATIKA INDONESIA SURABAYA,JAWA TIMUR,24000000.0,BAIK,Loc_5-Type_2
INSTITUT INFORMATIKA INDONESIA SURABAYA,JAWA TIMUR,24000000.0,BAIK,Loc_5-Type_2
INSTITUT INFORMATIKA INDONESIA SURABAYA,JAWA TIMUR,24000000.0,BAIK,Loc_5-Type_2
INSTITUT IPMI,D.K.I. JAKARTA,65000000.0,BAIK SEKALI,Loc_4-Type_2
INSTITUT IPMI,D.K.I. JAKARTA,65000000.0,BAIK SEKALI,Loc_4-Type_2
INSTITUT IPMI,D.K.I. JAKARTA,65000000.0,BAIK SEKALI,Loc_4-Type_2
INSTITUT KARYA MULIA BANGSA,JAWA TENGAH,12100000.0,BAIK,Loc_7-Type_0
INSTITUT KARYA MULIA BANGSA,JAWA TENGAH,12100000.0,BAIK,Loc_7-Type_0
INSTITUT KARYA MULIA BANGSA,JAWA TENGAH,12100000.0,BAIK,Loc_7-Type_0
INSTITUT KARYA MULIA BANGSA,JAWA TENGAH,12100000.0,BAIK,Loc_7-Type_0
INSTITUT KARYA MULIA BANGSA,JAWA TENGAH,12100000.0,BAIK,Loc_7-Type_0
INSTITUT KARYA MULIA BANGSA,JAWA TENGAH,12100000.0,BAIK,Loc_7-Type_0
INSTITUT KEGURUAN DAN ILMU PENDIDIKAN SILIWANGI,JAWA BARAT,13800000.0,BAIK SEKALI,Loc_8-Type_1
INSTITUT KEGURUAN DAN ILMU PENDIDIKAN SILIWANGI,JAWA BARAT,13800000.0,BAIK SEKALI,Loc_8-Type_1
INSTITUT KEGURUAN DAN ILMU PENDIDIKAN SILIWANGI,JAWA BARAT,13800000.0,BAIK SEKALI,Loc_8-Type_1
INSTITUT KEGURUAN DAN ILMU PENDIDIKAN SILIWANGI,JAWA BARAT,13800000.0,BAIK SEKALI,Loc_8-Type_1
INSTITUT KEGURUAN DAN ILMU PENDIDIKAN SILIWANGI,JAWA BARAT,13800000.0,BAIK SEKALI,Loc_8-Type_1
INSTITUT KESEHATAN DAN BISNIS ANNISA,JAWA BARAT,13255000.0,BAIK,Loc_8-Type_2
INSTITUT KESEHATAN DAN BISNIS ANNISA,JAWA BARAT,13255000.0,BAIK,Loc_8-Type_2
INSTITUT KESEHATAN DAN BISNIS ANNISA,JAWA BARAT,13255000.0,BAIK,Loc_8-Type_2
INSTITUT KESEHATAN DAN BISNIS ST. FATIMAH MAMUJU,SULAWESI BARAT,5000000.0,BAIK,Loc_0-Type_0
INSTITUT KESEHATAN DAN BISNIS ST. FATIMAH MAMUJU,SULAWESI BARAT,5000000.0,BAIK,Loc_0-Type_0
INSTITUT KESEHATAN DAN BISNIS ST. FATIMAH MAMUJU,SULAWESI BARAT,5000000.0,BAIK,Loc_0-Type_0
INSTITUT KESEHATAN DAN BISNIS ST. FATIMAH MAMUJU,SULAWESI BARAT,5000000.0,BAIK,Loc_0-Type_0
INSTITUT KESEHATAN DAN BISNIS SURABAYA,JAWA TIMUR,11600000.0,BAIK,Loc_5-Type_2
INSTITUT KESEHATAN DAN BISNIS SURABAYA,JAWA TIMUR,11600000.0,BAIK,Loc_5-Type_2
INSTITUT KESEHATAN DAN BISNIS SURABAYA,JAWA TIMUR,11600000.0,BAIK,Loc_5-Type_2
INSTITUT KESEHATAN DAN BISNIS SURABAYA,JAWA TIMUR,11600000.0,BAIK,Loc_5-Type_2
INSTITUT KESEHATAN DAN TEKNOLOGI BUTON RAYA,SULAWESI TENGGARA,26400000.0,TERAKREDITASI,Loc_0-Type_2
INSTITUT KESEHATAN DAN TEKNOLOGI BUTON RAYA,SULAWESI TENGGARA,26400000.0,TERAKREDITASI,Loc_0-Type_2
INSTITUT KESEHATAN DAN TEKNOLOGI BUTON RAYA,SULAWESI TENGGARA,26400000.0,TERAKREDITASI,Loc_0-Type_2
INSTITUT KESEHATAN DAN TEKNOLOGI GRAHA MEDIKA,SULAWESI UTARA,4000000.0,BAIK,Loc_0-Type_0
INSTITUT KESEHATAN DAN TEKNOLOGI GRAHA MEDIKA,SULAWESI UTARA,4000000.0,BAIK,Loc_0-Type_0
INSTITUT KESEHATAN DAN TEKNOLOGI GRAHA MEDIKA,SULAWESI UTARA,4000000.0,BAIK,Loc_0-Type_0
INSTITUT KESEHATAN DAN TEKNOLOGI GRAHA MEDIKA,SULAWESI UTARA,4000000.0,BAIK,Loc_0-Type_0
INSTITUT KESEHATAN DAN TEKNOLOGI GRAHA MEDIKA,SULAWESI UTARA,4000000.0,BAIK,Loc_0-Type_0
INSTITUT KESEHATAN DAN TEKNOLOGI GRAHA MEDIKA,SULAWESI UTARA,4000000.0,BAIK,Loc_0-Type_0
INSTITUT KESEHATAN DAN TEKNOLOGI PONDOK KARYA PEMBANGUNAN,D.K.I. JAKARTA,25200000.0,BAIK,Loc_4-Type_0
INSTITUT KESEHATAN DAN TEKNOLOGI PONDOK KARYA PEMBANGUNAN,D.K.I. JAKARTA,25200000.0,BAIK,Loc_4-Type_0
INSTITUT KESEHATAN DELI HUSADA DELI TUA,SUMATERA UTARA,33500000.0,UNGGUL,Loc_0-Type_2
INSTITUT KESEHATAN DELI HUSADA DELI TUA,SUMATERA UTARA,33500000.0,UNGGUL,Loc_0-Type_2
INSTITUT KESEHATAN DELI HUSADA DELI TUA,SUMATERA UTARA,33500000.0,UNGGUL,Loc_0-Type_2
INSTITUT KESEHATAN DELI HUSADA DELI TUA,SUMATERA UTARA,33500000.0,UNGGUL,Loc_0-Type_2
INSTITUT KESEHATAN DELI HUSADA DELI TUA,SUMATERA UTARA,33500000.0,UNGGUL,Loc_0-Type_2
INSTITUT KESEHATAN DELI HUSADA DELI TUA,SUMATERA UTARA,33500000.0,UNGGUL,Loc_0-Type_2
INSTITUT KESEHATAN HELVETIA,SUMATERA UTARA,42400000.0,B,Loc_0-Type_2
INSTITUT KESEHATAN HELVETIA,SUMATERA UTARA,42400000.0,B,Loc_0-Type_2
INSTITUT KESEHATAN HELVETIA,SUMATERA UTARA,42400000.0,B,Loc_0-Type_2
INSTITUT KESEHATAN HELVETIA,SUMATERA UTARA,42400000.0,B,Loc_0-Type_2
INSTITUT KESEHATAN HELVETIA,SUMATERA UTARA,42400000.0,B,Loc_0-Type_2
INSTITUT KESEHATAN HELVETIA,SUMATERA UTARA,42400000.0,B,Loc_0-Type_2
INSTITUT KESEHATAN HELVETIA,SUMATERA UTARA,42400000.0,B,Loc_0-Type_2
INSTITUT KESEHATAN HELVETIA,SUMATERA UTARA,42400000.0,B,Loc_0-Type_2
INSTITUT KESEHATAN HELVETIA,SUMATERA UTARA,42400000.0,B,Loc_0-Type_2
INSTITUT KESEHATAN HELVETIA,SUMATERA UTARA,42400000.0,B,Loc_0-Type_2
INSTITUT KESEHATAN IMMANUEL,JAWA BARAT,18500000.0,BAIK SEKALI,Loc_8-Type_1
INSTITUT KESEHATAN IMMANUEL,JAWA BARAT,18500000.0,BAIK SEKALI,Loc_8-Type_1
INSTITUT KESEHATAN IMMANUEL,JAWA BARAT,18500000.0,BAIK SEKALI,Loc_8-Type_1
INSTITUT KESEHATAN INDONESIA,DKI JAKARTA,15000000.0,BAIK,Loc_0-Type_0
INSTITUT KESEHATAN INDONESIA,DKI JAKARTA,15000000.0,BAIK,Loc_0-Type_0
INSTITUT KESEHATAN INDONESIA,DKI JAKARTA,15000000.0,BAIK,Loc_0-Type_0
INSTITUT KESEHATAN INDONESIA,DKI JAKARTA,15000000.0,BAIK,Loc_0-Type_0
INSTITUT KESEHATAN INDONESIA,DKI JAKARTA,15000000.0,BAIK,Loc_0-Type_0
INSTITUT KESEHATAN INDONESIA,DKI JAKARTA,15000000.0,BAIK,Loc_0-Type_0
INSTITUT KESEHATAN INDONESIA,DKI JAKARTA,15000000.0,BAIK,Loc_0-Type_0
INSTITUT KESEHATAN MEDISTRA LUBUK PAKAM,SUMATERA UTARA,62000000.0,UNGGUL,Loc_0-Type_2
INSTITUT KESEHATAN MEDISTRA LUBUK PAKAM,SUMATERA UTARA,62000000.0,UNGGUL,Loc_0-Type_2
INSTITUT KESEHATAN MEDISTRA LUBUK PAKAM,SUMATERA UTARA,62000000.0,UNGGUL,Loc_0-Type_2
INSTITUT KESEHATAN MEDISTRA LUBUK PAKAM,SUMATERA UTARA,62000000.0,UNGGUL,Loc_0-Type_2
INSTITUT KESEHATAN MEDISTRA LUBUK PAKAM,SUMATERA UTARA,62000000.0,UNGGUL,Loc_0-Type_2
INSTITUT KESEHATAN MEDISTRA LUBUK PAKAM,SUMATERA UTARA,62000000.0,UNGGUL,Loc_0-Type_2
INSTITUT KESEHATAN RAJAWALI,JAWA BARAT,28236000.0,BAIK,Loc_8-Type_2
INSTITUT KESEHATAN RAJAWALI,JAWA BARAT,28236000.0,BAIK,Loc_8-Type_2
INSTITUT KESEHATAN RAJAWALI,JAWA BARAT,28236000.0,BAIK,Loc_8-Type_2
INSTITUT KESEHATAN RAJAWALI,JAWA BARAT,28236000.0,BAIK,Loc_8-Type_2
INSTITUT KESEHATAN SUMATERA UTARA,SUMATERA UTARA,12200000.0,BAIK,Loc_0-Type_0
INSTITUT KESEHATAN SUMATERA UTARA,SUMATERA UTARA,12200000.0,BAIK,Loc_0-Type_0
INSTITUT KESEHATAN SUMATERA UTARA,SUMATERA UTARA,12200000.0,BAIK,Loc_0-Type_0
INSTITUT KESEHATAN SUMATERA UTARA,SUMATERA UTARA,12200000.0,BAIK,Loc_0-Type_0
INSTITUT KESEHATAN YARSI MATARAM,NUSA TENGGARA BARAT,19904000.0,BAIK,Loc_0-Type_0
INSTITUT KESEHATAN YARSI MATARAM,NUSA TENGGARA BARAT,19904000.0,BAIK,Loc_0-Type_0
INSTITUT KESEHATAN YARSI MATARAM,NUSA TENGGARA BARAT,19904000.0,BAIK,Loc_0-Type_0
INSTITUT MEDIA DIGITAL EMTEK,D.K.I. JAKARTA,18730000.0,BAIK,Loc_4-Type_0
INSTITUT MEKONGGA,SULAWESI TENGGARA,2777000.0,BAIK,Loc_0-Type_0
INSTITUT MEKONGGA,SULAWESI TENGGARA,2777000.0,BAIK,Loc_0-Type_0
INSTITUT MODERN ARSITEKTUR DAN TEKNOLOGI,SUMATERA UTARA,14000000.0,BAIK,Loc_0-Type_0
INSTITUT MODERN ARSITEKTUR DAN TEKNOLOGI,SUMATERA UTARA,14000000.0,BAIK,Loc_0-Type_0
INSTITUT MODERN ARSITEKTUR DAN TEKNOLOGI,SUMATERA UTARA,14000000.0,BAIK,Loc_0-Type_0
INSTITUT MODERN ARSITEKTUR DAN TEKNOLOGI,SUMATERA UTARA,14000000.0,BAIK,Loc_0-Type_0
INSTITUT MODERN ARSITEKTUR DAN TEKNOLOGI,SUMATERA UTARA,14000000.0,BAIK,Loc_0-Type_0
INSTITUT NASIONAL FLORES,NUSA TENGGARA TIMUR,7830000.0,BAIK,Loc_0-Type_0
INSTITUT NASIONAL FLORES,NUSA TENGGARA TIMUR,7830000.0,BAIK,Loc_0-Type_0
INSTITUT NASIONAL FLORES,NUSA TENGGARA TIMUR,7830000.0,BAIK,Loc_0-Type_0
INSTITUT PAHLAWAN 12,BANGKA BELITUNG,12900000.0,BAIK,Loc_0-Type_0
INSTITUT PAHLAWAN 12,BANGKA BELITUNG,12900000.0,BAIK,Loc_0-Type_0
INSTITUT PAHLAWAN 12,BANGKA BELITUNG,12900000.0,BAIK,Loc_0-Type_0
INSTITUT PARIWISATA DAN BISNIS INTERNASIONAL,BALI,39000000.0,UNGGUL,Loc_0-Type_2
INSTITUT PARIWISATA DAN BISNIS INTERNASIONAL,BALI,39000000.0,UNGGUL,Loc_0-Type_2
INSTITUT PARIWISATA DAN BISNIS INTERNASIONAL,BALI,39000000.0,UNGGUL,Loc_0-Type_2
INSTITUT PARIWISATA TRISAKTI,D.K.I. JAKARTA,64250000.0,UNGGUL,Loc_4-Type_2
INSTITUT PARIWISATA TRISAKTI,D.K.I. JAKARTA,64250000.0,UNGGUL,Loc_4-Type_2
INSTITUT PARIWISATA TRISAKTI,D.K.I. JAKARTA,64250000.0,UNGGUL,Loc_4-Type_2
INSTITUT PENDIDIKAN DAN BAHASA INVADA,JAWA BARAT,7000000.0,B,Loc_8-Type_0
INSTITUT PENDIDIKAN DAN BAHASA INVADA,JAWA BARAT,7000000.0,B,Loc_8-Type_0
INSTITUT PENDIDIKAN DAN BAHASA INVADA,JAWA BARAT,7000000.0,B,Loc_8-Type_0
INSTITUT PENDIDIKAN DAN BAHASA INVADA,JAWA BARAT,7000000.0,B,Loc_8-Type_0
INSTITUT PENDIDIKAN DAN BAHASA INVADA,JAWA BARAT,7000000.0,B,Loc_8-Type_0
INSTITUT PENDIDIKAN INDONESIA GARUT,JAWA BARAT,8110000.0,BAIK SEKALI,Loc_8-Type_1
INSTITUT PENDIDIKAN INDONESIA GARUT,JAWA BARAT,8110000.0,BAIK SEKALI,Loc_8-Type_1
INSTITUT PENDIDIKAN INDONESIA GARUT,JAWA BARAT,8110000.0,BAIK SEKALI,Loc_8-Type_1
INSTITUT PENDIDIKAN INDONESIA GARUT,JAWA BARAT,8110000.0,BAIK SEKALI,Loc_8-Type_1
INSTITUT PENDIDIKAN INDONESIA GARUT,JAWA BARAT,8110000.0,BAIK SEKALI,Loc_8-Type_1
INSTITUT PENDIDIKAN INDONESIA GARUT,JAWA BARAT,8110000.0,BAIK SEKALI,Loc_8-Type_1
INSTITUT PENDIDIKAN INDONESIA GARUT,JAWA BARAT,8110000.0,BAIK SEKALI,Loc_8-Type_1
INSTITUT PENDIDIKAN INDONESIA GARUT,JAWA BARAT,8110000.0,BAIK SEKALI,Loc_8-Type_1
INSTITUT PENDIDIKAN NUSANTARA GLOBAL,NUSA TENGGARA BARAT,26400000.0,BAIK,Loc_0-Type_0
INSTITUT PENDIDIKAN NUSANTARA GLOBAL,NUSA TENGGARA BARAT,26400000.0,BAIK,Loc_0-Type_0
INSTITUT PENDIDIKAN NUSANTARA GLOBAL,NUSA TENGGARA BARAT,26400000.0,BAIK,Loc_0-Type_0
INSTITUT PENDIDIKAN NUSANTARA GLOBAL,NUSA TENGGARA BARAT,26400000.0,BAIK,Loc_0-Type_0
INSTITUT PENDIDIKAN SOE,NUSA TENGGARA TIMUR,9075000.0,BAIK,Loc_0-Type_0
INSTITUT PENDIDIKAN SOE,NUSA TENGGARA TIMUR,9075000.0,BAIK,Loc_0-Type_0
INSTITUT PENDIDIKAN SOE,NUSA TENGGARA TIMUR,9075000.0,BAIK,Loc_0-Type_0
INSTITUT PENDIDIKAN SOE,NUSA TENGGARA TIMUR,9075000.0,BAIK,Loc_0-Type_0
INSTITUT PENDIDIKAN TAPANULI SELATAN,SUMATERA UTARA,5373000.0,B,Loc_0-Type_2
INSTITUT PENDIDIKAN TAPANULI SELATAN,SUMATERA UTARA,5373000.0,B,Loc_0-Type_2
INSTITUT PENDIDIKAN TAPANULI SELATAN,SUMATERA UTARA,5373000.0,B,Loc_0-Type_2
INSTITUT PENDIDIKAN TAPANULI SELATAN,SUMATERA UTARA,5373000.0,B,Loc_0-Type_2
INSTITUT PENDIDIKAN TAPANULI SELATAN,SUMATERA UTARA,5373000.0,B,Loc_0-Type_2
INSTITUT PENDIDIKAN TAPANULI SELATAN,SUMATERA UTARA,5373000.0,B,Loc_0-Type_2
INSTITUT PENDIDIKAN TAPANULI SELATAN,SUMATERA UTARA,5373000.0,B,Loc_0-Type_2
INSTITUT PENDIDIKAN TAPANULI SELATAN,SUMATERA UTARA,5373000.0,B,Loc_0-Type_2
INSTITUT PERTANIAN MALANG,JAWA TIMUR,6000000.0,BAIK,Loc_5-Type_2
INSTITUT PERTANIAN MALANG,JAWA TIMUR,6000000.0,BAIK,Loc_5-Type_2
INSTITUT PERTANIAN MALANG,JAWA TIMUR,6000000.0,BAIK,Loc_5-Type_2
INSTITUT PERTANIAN STIPER,D.I. YOGYAKARTA,10356250.0,B,Loc_0-Type_2
INSTITUT PERTANIAN STIPER,D.I. YOGYAKARTA,10356250.0,B,Loc_0-Type_2
INSTITUT PERTANIAN STIPER,D.I. YOGYAKARTA,10356250.0,B,Loc_0-Type_2
INSTITUT PERTANIAN STIPER,D.I. YOGYAKARTA,10356250.0,B,Loc_0-Type_2
INSTITUT PRIMA BANGSA,JAWA BARAT,7500000.0,B,Loc_8-Type_0
INSTITUT PRIMA BANGSA,JAWA BARAT,7500000.0,B,Loc_8-Type_0
INSTITUT PRIMA BANGSA,JAWA BARAT,7500000.0,B,Loc_8-Type_0
INSTITUT PRIMA BANGSA,JAWA BARAT,7500000.0,B,Loc_8-Type_0
INSTITUT RAHMANIYAH SEKAYU,SUMATERA SELATAN,5000000.0,BAIK,Loc_0-Type_0
INSTITUT RAHMANIYAH SEKAYU,SUMATERA SELATAN,5000000.0,BAIK,Loc_0-Type_0
INSTITUT RAHMANIYAH SEKAYU,SUMATERA SELATAN,5000000.0,BAIK,Loc_0-Type_0
INSTITUT SAINS DAN BISNIS ATMA LUHUR,BANGKA BELITUNG,6400000.0,B,Loc_0-Type_2
INSTITUT SAINS DAN BISNIS ATMA LUHUR,BANGKA BELITUNG,6400000.0,B,Loc_0-Type_2
INSTITUT SAINS DAN BISNIS ATMA LUHUR,BANGKA BELITUNG,6400000.0,B,Loc_0-Type_2
INSTITUT SAINS DAN BISNIS INTERNASIONAL SINGKAWANG,KALIMANTAN BARAT,7190000.0,BAIK SEKALI,Loc_6-Type_2
INSTITUT SAINS DAN BISNIS INTERNASIONAL SINGKAWANG,KALIMANTAN BARAT,7190000.0,BAIK SEKALI,Loc_6-Type_2
INSTITUT SAINS DAN BISNIS INTERNASIONAL SINGKAWANG,KALIMANTAN BARAT,7190000.0,BAIK SEKALI,Loc_6-Type_2
INSTITUT SAINS DAN BISNIS INTERNASIONAL SINGKAWANG,KALIMANTAN BARAT,7190000.0,BAIK SEKALI,Loc_6-Type_2
INSTITUT SAINS DAN BISNIS INTERNASIONAL SINGKAWANG,KALIMANTAN BARAT,7190000.0,BAIK SEKALI,Loc_6-Type_2
INSTITUT SAINS DAN KEPENDIDIKAN KIE RAHA MALUKU UTARA,MALUKU UTARA,4150000.0,BAIK,Loc_0-Type_0
INSTITUT SAINS DAN KEPENDIDIKAN KIE RAHA MALUKU UTARA,MALUKU UTARA,4150000.0,BAIK,Loc_0-Type_0
INSTITUT SAINS DAN KEPENDIDIKAN KIE RAHA MALUKU UTARA,MALUKU UTARA,4150000.0,BAIK,Loc_0-Type_0
INSTITUT SAINS DAN TEKNOLOGI AL-KAMAL,D.K.I. JAKARTA,7700000.0,BAIK,Loc_4-Type_0
INSTITUT SAINS DAN TEKNOLOGI AL-KAMAL,D.K.I. JAKARTA,7700000.0,BAIK,Loc_4-Type_0
INSTITUT SAINS DAN TEKNOLOGI AL-KAMAL,D.K.I. JAKARTA,7700000.0,BAIK,Loc_4-Type_0
INSTITUT SAINS DAN TEKNOLOGI AL-KAMAL,D.K.I. JAKARTA,7700000.0,BAIK,Loc_4-Type_0
INSTITUT SAINS DAN TEKNOLOGI AL-KAMAL,D.K.I. JAKARTA,7700000.0,BAIK,Loc_4-Type_0
INSTITUT SAINS DAN TEKNOLOGI AL-KAMAL,D.K.I. JAKARTA,7700000.0,BAIK,Loc_4-Type_0
INSTITUT SAINS DAN TEKNOLOGI AL-KAMAL,D.K.I. JAKARTA,7700000.0,BAIK,Loc_4-Type_0
INSTITUT SAINS DAN TEKNOLOGI AL-KAMAL,D.K.I. JAKARTA,7700000.0,BAIK,Loc_4-Type_0
INSTITUT SAINS DAN TEKNOLOGI AL-KAMAL,D.K.I. JAKARTA,7700000.0,BAIK,Loc_4-Type_0
INSTITUT SAINS DAN TEKNOLOGI AL-KAMAL,D.K.I. JAKARTA,7700000.0,BAIK,Loc_4-Type_0
INSTITUT SAINS DAN TEKNOLOGI ESA TRINITA,SULAWESI UTARA,5000000.0,BAIK,Loc_0-Type_0
INSTITUT SAINS DAN TEKNOLOGI ESA TRINITA,SULAWESI UTARA,5000000.0,BAIK,Loc_0-Type_0
INSTITUT SAINS DAN TEKNOLOGI ESA TRINITA,SULAWESI UTARA,5000000.0,BAIK,Loc_0-Type_0
INSTITUT SAINS DAN TEKNOLOGI NASIONAL,D.K.I. JAKARTA,55500000.0,B,Loc_4-Type_1
INSTITUT SAINS DAN TEKNOLOGI NASIONAL,D.K.I. JAKARTA,55500000.0,B,Loc_4-Type_1
INSTITUT SAINS DAN TEKNOLOGI NASIONAL,D.K.I. JAKARTA,55500000.0,B,Loc_4-Type_1
INSTITUT SAINS DAN TEKNOLOGI NASIONAL,D.K.I. JAKARTA,55500000.0,B,Loc_4-Type_1
INSTITUT SAINS DAN TEKNOLOGI NASIONAL,D.K.I. JAKARTA,55500000.0,B,Loc_4-Type_1
INSTITUT SAINS DAN TEKNOLOGI NASIONAL,D.K.I. JAKARTA,55500000.0,B,Loc_4-Type_1
INSTITUT SAINS DAN TEKNOLOGI NASIONAL,D.K.I. JAKARTA,55500000.0,B,Loc_4-Type_1
INSTITUT SAINS DAN TEKNOLOGI NASIONAL,D.K.I. JAKARTA,55500000.0,B,Loc_4-Type_1
INSTITUT SAINS DAN TEKNOLOGI NASIONAL,D.K.I. JAKARTA,55500000.0,B,Loc_4-Type_1
INSTITUT SAINS DAN TEKNOLOGI NASIONAL,D.K.I. JAKARTA,55500000.0,B,Loc_4-Type_1
INSTITUT SAINS DAN TEKNOLOGI TD PARDEDE,SUMATERA UTARA,9750000.0,BAIK,Loc_0-Type_0
INSTITUT SAINS DAN TEKNOLOGI TD PARDEDE,SUMATERA UTARA,9750000.0,BAIK,Loc_0-Type_0
INSTITUT SAINS DAN TEKNOLOGI TD PARDEDE,SUMATERA UTARA,9750000.0,BAIK,Loc_0-Type_0
INSTITUT SAINS DAN TEKNOLOGI TD PARDEDE,SUMATERA UTARA,9750000.0,BAIK,Loc_0-Type_0
INSTITUT SAINS DAN TEKNOLOGI TD PARDEDE,SUMATERA UTARA,9750000.0,BAIK,Loc_0-Type_0
INSTITUT SAINS DAN TEKNOLOGI TD PARDEDE,SUMATERA UTARA,9750000.0,BAIK,Loc_0-Type_0
INSTITUT SAINS DAN TEKNOLOGI TD PARDEDE,SUMATERA UTARA,9750000.0,BAIK,Loc_0-Type_0
INSTITUT SAINS DAN TEKNOLOGI TD PARDEDE,SUMATERA UTARA,9750000.0,BAIK,Loc_0-Type_0
INSTITUT SAINS DAN TEKNOLOGI TD PARDEDE,SUMATERA UTARA,9750000.0,BAIK,Loc_0-Type_0
INSTITUT SAINS DAN TEKNOLOGI TERPADU SURABAYA,JAWA TIMUR,28200000.0,B,Loc_5-Type_0
INSTITUT SAINS DAN TEKNOLOGI TERPADU SURABAYA,JAWA TIMUR,28200000.0,B,Loc_5-Type_0
INSTITUT SAINS DAN TEKNOLOGI TERPADU SURABAYA,JAWA TIMUR,28200000.0,B,Loc_5-Type_0
INSTITUT SAINS DAN TEKNOLOGI TERPADU SURABAYA,JAWA TIMUR,28200000.0,B,Loc_5-Type_0
INSTITUT SAINS DAN TEKNOLOGI TERPADU SURABAYA,JAWA TIMUR,28200000.0,B,Loc_5-Type_0
INSTITUT SAINS DAN TEKNOLOGI TERPADU SURABAYA,JAWA TIMUR,28200000.0,B,Loc_5-Type_0
INSTITUT SAINS TEKNOLOGI DAN KESEHATAN 'AISYIYAH KENDARI,SULAWESI TENGGARA,12500000.0,BAIK,Loc_0-Type_0
INSTITUT SAINS TEKNOLOGI DAN KESEHATAN 'AISYIYAH KENDARI,SULAWESI TENGGARA,12500000.0,BAIK,Loc_0-Type_0
INSTITUT SAINS TEKNOLOGI DAN KESEHATAN 'AISYIYAH KENDARI,SULAWESI TENGGARA,12500000.0,BAIK,Loc_0-Type_0
INSTITUT SAINS TEKNOLOGI DAN KESEHATAN INSAN CENDEKIA HUSADA BOJONEGORO,JAWA TIMUR,7800000.0,BAIK SEKALI,Loc_5-Type_1
INSTITUT SAINS TEKNOLOGI DAN KESEHATAN INSAN CENDEKIA HUSADA BOJONEGORO,JAWA TIMUR,7800000.0,BAIK SEKALI,Loc_5-Type_1
INSTITUT SAINS TEKNOLOGI DAN KESEHATAN INSAN CENDEKIA HUSADA BOJONEGORO,JAWA TIMUR,7800000.0,BAIK SEKALI,Loc_5-Type_1
INSTITUT SHANTI BHUANA,KALIMANTAN BARAT,13625000.0,BAIK SEKALI,Loc_6-Type_1
INSTITUT SHANTI BHUANA,KALIMANTAN BARAT,13625000.0,BAIK SEKALI,Loc_6-Type_1
INSTITUT SHANTI BHUANA,KALIMANTAN BARAT,13625000.0,BAIK SEKALI,Loc_6-Type_1
INSTITUT SHANTI BHUANA,KALIMANTAN BARAT,13625000.0,BAIK SEKALI,Loc_6-Type_1
INSTITUT TEKNOLOGI ADHI TAMA SURABAYA,JAWA TIMUR,14600000.0,BAIK SEKALI,Loc_5-Type_1
INSTITUT TEKNOLOGI ADHI TAMA SURABAYA,JAWA TIMUR,14600000.0,BAIK SEKALI,Loc_5-Type_1
INSTITUT TEKNOLOGI ADHI TAMA SURABAYA,JAWA TIMUR,14600000.0,BAIK SEKALI,Loc_5-Type_1
INSTITUT TEKNOLOGI ADHI TAMA SURABAYA,JAWA TIMUR,14600000.0,BAIK SEKALI,Loc_5-Type_1
INSTITUT TEKNOLOGI ADHI TAMA SURABAYA,JAWA TIMUR,14600000.0,BAIK SEKALI,Loc_5-Type_1
INSTITUT TEKNOLOGI ADHI TAMA SURABAYA,JAWA TIMUR,14600000.0,BAIK SEKALI,Loc_5-Type_1
INSTITUT TEKNOLOGI ADHI TAMA SURABAYA,JAWA TIMUR,14600000.0,BAIK SEKALI,Loc_5-Type_1
INSTITUT TEKNOLOGI ADHI TAMA SURABAYA,JAWA TIMUR,14600000.0,BAIK SEKALI,Loc_5-Type_1
INSTITUT TEKNOLOGI ADHI TAMA SURABAYA,JAWA TIMUR,14600000.0,BAIK SEKALI,Loc_5-Type_1
INSTITUT TEKNOLOGI ADHI TAMA SURABAYA,JAWA TIMUR,14600000.0,BAIK SEKALI,Loc_5-Type_1
INSTITUT TEKNOLOGI ADHI TAMA SURABAYA,JAWA TIMUR,14600000.0,BAIK SEKALI,Loc_5-Type_1
INSTITUT TEKNOLOGI ADHI TAMA SURABAYA,JAWA TIMUR,14600000.0,BAIK SEKALI,Loc_5-Type_1
INSTITUT TEKNOLOGI ADHI TAMA SURABAYA,JAWA TIMUR,14600000.0,BAIK SEKALI,Loc_5-Type_1
INSTITUT TEKNOLOGI ADHI TAMA SURABAYA,JAWA TIMUR,14600000.0,BAIK SEKALI,Loc_5-Type_1
INSTITUT TEKNOLOGI AL-MUHAJIRIN,JAWA BARAT,7000000.0,BAIK,Loc_8-Type_2
INSTITUT TEKNOLOGI AL-MUHAJIRIN,JAWA BARAT,7000000.0,BAIK,Loc_8-Type_2
INSTITUT TEKNOLOGI AL-MUHAJIRIN,JAWA BARAT,7000000.0,BAIK,Loc_8-Type_2
INSTITUT TEKNOLOGI ALBERTH FOENAY,NUSA TENGGARA TIMUR,6000000.0,BAIK,Loc_0-Type_0
INSTITUT TEKNOLOGI ALBERTH FOENAY,NUSA TENGGARA TIMUR,6000000.0,BAIK,Loc_0-Type_0
INSTITUT TEKNOLOGI ALBERTH FOENAY,NUSA TENGGARA TIMUR,6000000.0,BAIK,Loc_0-Type_0
INSTITUT TEKNOLOGI BISNIS AAS INDONESIA,JAWA TENGAH,11500000.0,BAIK,Loc_7-Type_0
INSTITUT TEKNOLOGI BISNIS AAS INDONESIA,JAWA TENGAH,11500000.0,BAIK,Loc_7-Type_0
INSTITUT TEKNOLOGI BISNIS AAS INDONESIA,JAWA TENGAH,11500000.0,BAIK,Loc_7-Type_0
INSTITUT TEKNOLOGI BISNIS AAS INDONESIA,JAWA TENGAH,11500000.0,BAIK,Loc_7-Type_0
INSTITUT TEKNOLOGI BISNIS DAN ADMINISTRASI AL GAZALI BARRU,SULAWESI SELATAN,4225000.0,BAIK,Loc_3-Type_0
INSTITUT TEKNOLOGI BISNIS DAN ADMINISTRASI AL GAZALI BARRU,SULAWESI SELATAN,4225000.0,BAIK,Loc_3-Type_0
INSTITUT TEKNOLOGI BISNIS DAN ADMINISTRASI AL GAZALI BARRU,SULAWESI SELATAN,4225000.0,BAIK,Loc_3-Type_0
INSTITUT TEKNOLOGI BISNIS DAN BAHASA DIAN CIPTA CENDIKIA,LAMPUNG,8400000.0,BAIK,Loc_1-Type_0
INSTITUT TEKNOLOGI BISNIS DAN BAHASA DIAN CIPTA CENDIKIA,LAMPUNG,8400000.0,BAIK,Loc_1-Type_0
INSTITUT TEKNOLOGI BISNIS DAN BAHASA DIAN CIPTA CENDIKIA,LAMPUNG,8400000.0,BAIK,Loc_1-Type_0
INSTITUT TEKNOLOGI BISNIS DAN KESEHATAN BHAKTI PUTRA BANGSA INDONESIA,JAWA TENGAH,6400000.0,BAIK,Loc_7-Type_0
INSTITUT TEKNOLOGI BISNIS DAN KESEHATAN BHAKTI PUTRA BANGSA INDONESIA,JAWA TENGAH,6400000.0,BAIK,Loc_7-Type_0
INSTITUT TEKNOLOGI BISNIS DAN KESEHATAN MUHAMMADIYAH MUNA BARAT,SULAWESI TENGGARA,4800000.0,BAIK,Loc_0-Type_0
INSTITUT TEKNOLOGI BISNIS DAN KESEHATAN MUHAMMADIYAH MUNA BARAT,SULAWESI TENGGARA,4800000.0,BAIK,Loc_0-Type_0
INSTITUT TEKNOLOGI BISNIS DAN KESEHATAN MUHAMMADIYAH MUNA BARAT,SULAWESI TENGGARA,4800000.0,BAIK,Loc_0-Type_0
INSTITUT TEKNOLOGI DAN BISNIS ADIAS,JAWA TENGAH,5050000.0,BAIK,Loc_7-Type_0
INSTITUT TEKNOLOGI DAN BISNIS ADIAS,JAWA TENGAH,5050000.0,BAIK,Loc_7-Type_0
INSTITUT TEKNOLOGI DAN BISNIS ADIAS,JAWA TENGAH,5050000.0,BAIK,Loc_7-Type_0
INSTITUT TEKNOLOGI DAN BISNIS AHMAD DAHLAN,D.K.I. JAKARTA,14000000.0,B,Loc_4-Type_1
INSTITUT TEKNOLOGI DAN BISNIS AHMAD DAHLAN,D.K.I. JAKARTA,14000000.0,B,Loc_4-Type_1
INSTITUT TEKNOLOGI DAN BISNIS AHMAD DAHLAN,D.K.I. JAKARTA,14000000.0,B,Loc_4-Type_1
INSTITUT TEKNOLOGI DAN BISNIS AHMAD DAHLAN,D.K.I. JAKARTA,14000000.0,B,Loc_4-Type_1
INSTITUT TEKNOLOGI DAN BISNIS AHMAD DAHLAN,D.K.I. JAKARTA,14000000.0,B,Loc_4-Type_1
INSTITUT TEKNOLOGI DAN BISNIS AHMAD DAHLAN,D.K.I. JAKARTA,14000000.0,B,Loc_4-Type_1
INSTITUT TEKNOLOGI DAN BISNIS ARUNGPALAKKA,SULAWESI SELATAN,5400000.0,TIDAK TERAKREDITASI,Loc_3-Type_0
INSTITUT TEKNOLOGI DAN BISNIS ASIA MALANG,JAWA TIMUR,7600000.0,BAIK,Loc_5-Type_2
INSTITUT TEKNOLOGI DAN BISNIS ASIA MALANG,JAWA TIMUR,7600000.0,BAIK,Loc_5-Type_2
INSTITUT TEKNOLOGI DAN BISNIS ASIA MALANG,JAWA TIMUR,7600000.0,BAIK,Loc_5-Type_2
INSTITUT TEKNOLOGI DAN BISNIS ASIA MALANG,JAWA TIMUR,7600000.0,BAIK,Loc_5-Type_2
INSTITUT TEKNOLOGI DAN BISNIS ASIA MALANG,JAWA TIMUR,7600000.0,BAIK,Loc_5-Type_2
INSTITUT TEKNOLOGI DAN BISNIS BANTEN,BANTEN,4800000.0,BAIK,Loc_0-Type_0
INSTITUT TEKNOLOGI DAN BISNIS BANTEN,BANTEN,4800000.0,BAIK,Loc_0-Type_0
INSTITUT TEKNOLOGI DAN BISNIS BANTEN,BANTEN,4800000.0,BAIK,Loc_0-Type_0
INSTITUT TEKNOLOGI DAN BISNIS BINA ADINATA,SULAWESI SELATAN,3177500.0,BAIK,Loc_3-Type_0
INSTITUT TEKNOLOGI DAN BISNIS BINA ADINATA,SULAWESI SELATAN,3177500.0,BAIK,Loc_3-Type_0
INSTITUT TEKNOLOGI DAN BISNIS BINA ADINATA,SULAWESI SELATAN,3177500.0,BAIK,Loc_3-Type_0
INSTITUT TEKNOLOGI DAN BISNIS BINA SARANA GLOBAL,BANTEN,14000000.0,B,Loc_0-Type_2
INSTITUT TEKNOLOGI DAN BISNIS BINA SARANA GLOBAL,BANTEN,14000000.0,B,Loc_0-Type_2
INSTITUT TEKNOLOGI DAN BISNIS BINA SARANA GLOBAL,BANTEN,14000000.0,B,Loc_0-Type_2
INSTITUT TEKNOLOGI DAN BISNIS BINA SARANA GLOBAL,BANTEN,14000000.0,B,Loc_0-Type_2
INSTITUT TEKNOLOGI DAN BISNIS BINA SARANA GLOBAL,BANTEN,14000000.0,B,Loc_0-Type_2
INSTITUT TEKNOLOGI DAN BISNIS BINA SRIWIJAYA PALEMBANG,SUMATERA SELATAN,4800000.0,BAIK,Loc_0-Type_0
INSTITUT TEKNOLOGI DAN BISNIS BINA SRIWIJAYA PALEMBANG,SUMATERA SELATAN,4800000.0,BAIK,Loc_0-Type_0
INSTITUT TEKNOLOGI DAN BISNIS BINA SRIWIJAYA PALEMBANG,SUMATERA SELATAN,4800000.0,BAIK,Loc_0-Type_0
INSTITUT TEKNOLOGI DAN BISNIS CARNEGIE,SUMATERA UTARA,6000000.0,BAIK,Loc_0-Type_0
INSTITUT TEKNOLOGI DAN BISNIS CARNEGIE,SUMATERA UTARA,6000000.0,BAIK,Loc_0-Type_0
INSTITUT TEKNOLOGI DAN BISNIS CARNEGIE,SUMATERA UTARA,6000000.0,BAIK,Loc_0-Type_0
INSTITUT TEKNOLOGI DAN BISNIS DEWANTARA,JAWA BARAT,9510000.0,BAIK,Loc_8-Type_2
INSTITUT TEKNOLOGI DAN BISNIS DEWANTARA,JAWA BARAT,9510000.0,BAIK,Loc_8-Type_2
INSTITUT TEKNOLOGI DAN BISNIS DINIYYAH LAMPUNG,LAMPUNG,6707500.0,BAIK,Loc_1-Type_0
INSTITUT TEKNOLOGI DAN BISNIS DINIYYAH LAMPUNG,LAMPUNG,6707500.0,BAIK,Loc_1-Type_0
INSTITUT TEKNOLOGI DAN BISNIS DINIYYAH LAMPUNG,LAMPUNG,6707500.0,BAIK,Loc_1-Type_0
INSTITUT TEKNOLOGI DAN BISNIS HAJI AGUS SALIM BUKITTINGGI,SUMATERA BARAT,10500000.0,BAIK,Loc_0-Type_0
INSTITUT TEKNOLOGI DAN BISNIS HAJI AGUS SALIM BUKITTINGGI,SUMATERA BARAT,10500000.0,BAIK,Loc_0-Type_0
INSTITUT TEKNOLOGI DAN BISNIS HAJI AGUS SALIM BUKITTINGGI,SUMATERA BARAT,10500000.0,BAIK,Loc_0-Type_0
INSTITUT TEKNOLOGI DAN BISNIS KALBIS,DKI JAKARTA,20500000.0,C,Loc_0-Type_1
INSTITUT TEKNOLOGI DAN BISNIS KALBIS,DKI JAKARTA,20500000.0,C,Loc_0-Type_1
INSTITUT TEKNOLOGI DAN BISNIS KALBIS,DKI JAKARTA,20500000.0,C,Loc_0-Type_1
INSTITUT TEKNOLOGI DAN BISNIS KALBIS,DKI JAKARTA,20500000.0,C,Loc_0-Type_1
INSTITUT TEKNOLOGI DAN BISNIS KALBIS,DKI JAKARTA,20500000.0,C,Loc_0-Type_1
INSTITUT TEKNOLOGI DAN BISNIS KALBIS,DKI JAKARTA,20500000.0,C,Loc_0-Type_1
INSTITUT TEKNOLOGI DAN BISNIS KALBIS,DKI JAKARTA,20500000.0,C,Loc_0-Type_1
INSTITUT TEKNOLOGI DAN BISNIS KALBIS,DKI JAKARTA,20500000.0,C,Loc_0-Type_1
INSTITUT TEKNOLOGI DAN BISNIS KALBIS,DKI JAKARTA,20500000.0,C,Loc_0-Type_1
INSTITUT TEKNOLOGI DAN BISNIS KALLA,SULAWESI SELATAN,20004000.0,BAIK,Loc_3-Type_0
INSTITUT TEKNOLOGI DAN BISNIS KALLA,SULAWESI SELATAN,20004000.0,BAIK,Loc_3-Type_0
INSTITUT TEKNOLOGI DAN BISNIS KALLA,SULAWESI SELATAN,20004000.0,BAIK,Loc_3-Type_0
INSTITUT TEKNOLOGI DAN BISNIS KALLA,SULAWESI SELATAN,20004000.0,BAIK,Loc_3-Type_0
INSTITUT TEKNOLOGI DAN BISNIS KARYA PEMBANGUNAN PAPUA,PAPUA,800000.0,BAIK,Loc_9-Type_2
INSTITUT TEKNOLOGI DAN BISNIS KARYA PEMBANGUNAN PAPUA,PAPUA,800000.0,BAIK,Loc_9-Type_2
INSTITUT TEKNOLOGI DAN BISNIS KARYA PEMBANGUNAN PAPUA,PAPUA,800000.0,BAIK,Loc_9-Type_2
INSTITUT TEKNOLOGI DAN BISNIS KRISTEN BUKIT PENGHARAPAN,JAWA TENGAH,7500000.0,BAIK,Loc_7-Type_0
INSTITUT TEKNOLOGI DAN BISNIS KRISTEN BUKIT PENGHARAPAN,JAWA TENGAH,7500000.0,BAIK,Loc_7-Type_0
INSTITUT TEKNOLOGI DAN BISNIS KRISTEN BUKIT PENGHARAPAN,JAWA TENGAH,7500000.0,BAIK,Loc_7-Type_0
INSTITUT TEKNOLOGI DAN BISNIS MUHAMMADIYAH GROBOGAN,JAWA TENGAH,4750000.0,BAIK,Loc_7-Type_0
INSTITUT TEKNOLOGI DAN BISNIS MUHAMMADIYAH GROBOGAN,JAWA TENGAH,4750000.0,BAIK,Loc_7-Type_0
INSTITUT TEKNOLOGI DAN BISNIS MUHAMMADIYAH GROBOGAN,JAWA TENGAH,4750000.0,BAIK,Loc_7-Type_0
INSTITUT TEKNOLOGI DAN BISNIS MUHAMMADIYAH GROBOGAN,JAWA TENGAH,4750000.0,BAIK,Loc_7-Type_0
INSTITUT TEKNOLOGI DAN BISNIS MUHAMMADIYAH POLEWALI MANDAR,SULAWESI BARAT,4800000.0,BAIK,Loc_0-Type_0
INSTITUT TEKNOLOGI DAN BISNIS MUHAMMADIYAH POLEWALI MANDAR,SULAWESI BARAT,4800000.0,BAIK,Loc_0-Type_0
INSTITUT TEKNOLOGI DAN BISNIS MUHAMMADIYAH POLEWALI MANDAR,SULAWESI BARAT,4800000.0,BAIK,Loc_0-Type_0
INSTITUT TEKNOLOGI DAN BISNIS MUHAMMADIYAH POLEWALI MANDAR,SULAWESI BARAT,4800000.0,BAIK,Loc_0-Type_0
INSTITUT TEKNOLOGI DAN BISNIS MUHAMMADIYAH WAKATOBI,SULAWESI TENGGARA,2189999.0,BAIK,Loc_0-Type_0
INSTITUT TEKNOLOGI DAN BISNIS MUHAMMADIYAH WAKATOBI,SULAWESI TENGGARA,2189999.0,BAIK,Loc_0-Type_0
INSTITUT TEKNOLOGI DAN BISNIS MUHAMMADIYAH WAKATOBI,SULAWESI TENGGARA,2189999.0,BAIK,Loc_0-Type_0
INSTITUT TEKNOLOGI DAN BISNIS NOBEL INDONESIA,SULAWESI SELATAN,9300000.0,BAIK SEKALI,Loc_3-Type_2
INSTITUT TEKNOLOGI DAN BISNIS NOBEL INDONESIA,SULAWESI SELATAN,9300000.0,BAIK SEKALI,Loc_3-Type_2
INSTITUT TEKNOLOGI DAN BISNIS NOBEL INDONESIA,SULAWESI SELATAN,9300000.0,BAIK SEKALI,Loc_3-Type_2
INSTITUT TEKNOLOGI DAN BISNIS NOBEL INDONESIA,SULAWESI SELATAN,9300000.0,BAIK SEKALI,Loc_3-Type_2
INSTITUT TEKNOLOGI DAN BISNIS NOBEL INDONESIA,SULAWESI SELATAN,9300000.0,BAIK SEKALI,Loc_3-Type_2
INSTITUT TEKNOLOGI DAN BISNIS NOBEL INDONESIA,SULAWESI SELATAN,9300000.0,BAIK SEKALI,Loc_3-Type_2
INSTITUT TEKNOLOGI DAN BISNIS NOBEL INDONESIA,SULAWESI SELATAN,9300000.0,BAIK SEKALI,Loc_3-Type_2
INSTITUT TEKNOLOGI DAN BISNIS NUSANTARA,LAMPUNG,5000000.0,BAIK,Loc_1-Type_0
INSTITUT TEKNOLOGI DAN BISNIS NUSANTARA,LAMPUNG,5000000.0,BAIK,Loc_1-Type_0
INSTITUT TEKNOLOGI DAN BISNIS NUSANTARA,LAMPUNG,5000000.0,BAIK,Loc_1-Type_0
INSTITUT TEKNOLOGI DAN BISNIS PGRI DEWANTARA JOMBANG,JAWA TIMUR,6800000.0,BAIK SEKALI,Loc_5-Type_1
INSTITUT TEKNOLOGI DAN BISNIS PGRI DEWANTARA JOMBANG,JAWA TIMUR,6800000.0,BAIK SEKALI,Loc_5-Type_1
INSTITUT TEKNOLOGI DAN BISNIS PGRI DEWANTARA JOMBANG,JAWA TIMUR,6800000.0,BAIK SEKALI,Loc_5-Type_1
INSTITUT TEKNOLOGI DAN BISNIS PGRI DEWANTARA JOMBANG,JAWA TIMUR,6800000.0,BAIK SEKALI,Loc_5-Type_1
INSTITUT TEKNOLOGI DAN BISNIS RIYADLUL ULUM,JAWA BARAT,12232000.0,BAIK,Loc_8-Type_2
INSTITUT TEKNOLOGI DAN BISNIS RIYADLUL ULUM,JAWA BARAT,12232000.0,BAIK,Loc_8-Type_2
INSTITUT TEKNOLOGI DAN BISNIS SABDA SETIA,KALIMANTAN BARAT,5750000.0,BAIK,Loc_6-Type_2
INSTITUT TEKNOLOGI DAN BISNIS SABDA SETIA,KALIMANTAN BARAT,5750000.0,BAIK,Loc_6-Type_2
INSTITUT TEKNOLOGI DAN BISNIS SABDA SETIA,KALIMANTAN BARAT,5750000.0,BAIK,Loc_6-Type_2
INSTITUT TEKNOLOGI DAN BISNIS STIKOM BALI,BALI,13900000.0,B,Loc_0-Type_2
INSTITUT TEKNOLOGI DAN BISNIS STIKOM BALI,BALI,13900000.0,B,Loc_0-Type_2
INSTITUT TEKNOLOGI DAN BISNIS STIKOM BALI,BALI,13900000.0,B,Loc_0-Type_2
INSTITUT TEKNOLOGI DAN BISNIS STIKOM BALI,BALI,13900000.0,B,Loc_0-Type_2
INSTITUT TEKNOLOGI DAN BISNIS SWADHARMA,D.K.I. JAKARTA,15160000.0,BAIK,Loc_4-Type_0
INSTITUT TEKNOLOGI DAN BISNIS SWADHARMA,D.K.I. JAKARTA,15160000.0,BAIK,Loc_4-Type_0
INSTITUT TEKNOLOGI DAN BISNIS SWADHARMA,D.K.I. JAKARTA,15160000.0,BAIK,Loc_4-Type_0
INSTITUT TEKNOLOGI DAN BISNIS SWADHARMA,D.K.I. JAKARTA,15160000.0,BAIK,Loc_4-Type_0
INSTITUT TEKNOLOGI DAN BISNIS SWADHARMA,D.K.I. JAKARTA,15160000.0,BAIK,Loc_4-Type_0
INSTITUT TEKNOLOGI DAN BISNIS TUBAN,JAWA TIMUR,5000000.0,BAIK,Loc_5-Type_2
INSTITUT TEKNOLOGI DAN BISNIS TUBAN,JAWA TIMUR,5000000.0,BAIK,Loc_5-Type_2
INSTITUT TEKNOLOGI DAN BISNIS TUBAN,JAWA TIMUR,5000000.0,BAIK,Loc_5-Type_2
INSTITUT TEKNOLOGI DAN BISNIS TUBAN,JAWA TIMUR,5000000.0,BAIK,Loc_5-Type_2
INSTITUT TEKNOLOGI DAN BISNIS TUBAN,JAWA TIMUR,5000000.0,BAIK,Loc_5-Type_2
INSTITUT TEKNOLOGI DAN BISNIS WIDYA GAMA LUMAJANG,JAWA TIMUR,6250000.0,BAIK,Loc_5-Type_2
INSTITUT TEKNOLOGI DAN BISNIS WIDYA GAMA LUMAJANG,JAWA TIMUR,6250000.0,BAIK,Loc_5-Type_2
INSTITUT TEKNOLOGI DAN BISNIS WIDYA GAMA LUMAJANG,JAWA TIMUR,6250000.0,BAIK,Loc_5-Type_2
INSTITUT TEKNOLOGI DAN BISNIS YADIKA PASURUAN,JAWA TIMUR,6265000.0,BAIK,Loc_5-Type_2
INSTITUT TEKNOLOGI DAN BISNIS YADIKA PASURUAN,JAWA TIMUR,6265000.0,BAIK,Loc_5-Type_2
INSTITUT TEKNOLOGI DAN BISNIS YADIKA PASURUAN,JAWA TIMUR,6265000.0,BAIK,Loc_5-Type_2
INSTITUT TEKNOLOGI DAN BISNIS YADIKA PASURUAN,JAWA TIMUR,6265000.0,BAIK,Loc_5-Type_2
INSTITUT TEKNOLOGI DAN ILMU SOSIAL KHATULISTIWA,SUMATERA BARAT,7500000.0,B,Loc_0-Type_2
INSTITUT TEKNOLOGI DAN ILMU SOSIAL KHATULISTIWA,SUMATERA BARAT,7500000.0,B,Loc_0-Type_2
INSTITUT TEKNOLOGI DAN ILMU SOSIAL KHATULISTIWA,SUMATERA BARAT,7500000.0,B,Loc_0-Type_2
INSTITUT TEKNOLOGI DAN KESEHATAN ASPIRASI,NUSA TENGGARA BARAT,1500000.0,BAIK,Loc_0-Type_0
INSTITUT TEKNOLOGI DAN KESEHATAN ASPIRASI,NUSA TENGGARA BARAT,1500000.0,BAIK,Loc_0-Type_0
INSTITUT TEKNOLOGI DAN KESEHATAN ASPIRASI,NUSA TENGGARA BARAT,1500000.0,BAIK,Loc_0-Type_0
INSTITUT TEKNOLOGI DAN KESEHATAN ASPIRASI,NUSA TENGGARA BARAT,1500000.0,BAIK,Loc_0-Type_0
INSTITUT TEKNOLOGI DAN KESEHATAN BALI,BALI,22400000.0,UNGGUL,Loc_0-Type_1
INSTITUT TEKNOLOGI DAN KESEHATAN BALI,BALI,22400000.0,UNGGUL,Loc_0-Type_1
INSTITUT TEKNOLOGI DAN KESEHATAN BALI,BALI,22400000.0,UNGGUL,Loc_0-Type_1
INSTITUT TEKNOLOGI DAN KESEHATAN BALI,BALI,22400000.0,UNGGUL,Loc_0-Type_1
INSTITUT TEKNOLOGI DAN KESEHATAN BALI,BALI,22400000.0,UNGGUL,Loc_0-Type_1
INSTITUT TEKNOLOGI DAN KESEHATAN BINTANG PERSADA,BALI,8900000.0,BAIK,Loc_0-Type_0
INSTITUT TEKNOLOGI DAN KESEHATAN BINTANG PERSADA,BALI,8900000.0,BAIK,Loc_0-Type_0
INSTITUT TEKNOLOGI DAN KESEHATAN BINTANG PERSADA,BALI,8900000.0,BAIK,Loc_0-Type_0
INSTITUT TEKNOLOGI DAN KESEHATAN BINTANG PERSADA,BALI,8900000.0,BAIK,Loc_0-Type_0
INSTITUT TEKNOLOGI DAN KESEHATAN MAHARDIKA,JAWA BARAT,8600000.0,BAIK SEKALI,Loc_8-Type_1
INSTITUT TEKNOLOGI DAN KESEHATAN MAHARDIKA,JAWA BARAT,8600000.0,BAIK SEKALI,Loc_8-Type_1
INSTITUT TEKNOLOGI DAN KESEHATAN MAHARDIKA,JAWA BARAT,8600000.0,BAIK SEKALI,Loc_8-Type_1
INSTITUT TEKNOLOGI DAN KESEHATAN MUHAMMADIYAH KALIMANTAN BARAT,KALIMANTAN BARAT,21249000.0,B,Loc_6-Type_1
INSTITUT TEKNOLOGI DAN KESEHATAN MUHAMMADIYAH KALIMANTAN BARAT,KALIMANTAN BARAT,21249000.0,B,Loc_6-Type_1
INSTITUT TEKNOLOGI DAN KESEHATAN MUHAMMADIYAH KALIMANTAN BARAT,KALIMANTAN BARAT,21249000.0,B,Loc_6-Type_1
INSTITUT TEKNOLOGI DAN KESEHATAN PERMATA ILMU MAROS,SULAWESI SELATAN,4400000.0,BAIK,Loc_3-Type_0
INSTITUT TEKNOLOGI DAN KESEHATAN PERMATA ILMU MAROS,SULAWESI SELATAN,4400000.0,BAIK,Loc_3-Type_0
INSTITUT TEKNOLOGI DAN KESEHATAN PERMATA ILMU MAROS,SULAWESI SELATAN,4400000.0,BAIK,Loc_3-Type_0
INSTITUT TEKNOLOGI DAN KESEHATAN SUMATERA UTARA,SUMATERA UTARA,6500000.0,BAIK,Loc_0-Type_0
INSTITUT TEKNOLOGI DAN KESEHATAN SUMATERA UTARA,SUMATERA UTARA,6500000.0,BAIK,Loc_0-Type_0
INSTITUT TEKNOLOGI DAN KESEHATAN SUMATERA UTARA,SUMATERA UTARA,6500000.0,BAIK,Loc_0-Type_0
INSTITUT TEKNOLOGI DAN KESEHATAN TRI TUNAS NASIONAL,SULAWESI SELATAN,6500000.0,BAIK,Loc_3-Type_0
INSTITUT TEKNOLOGI DAN KESEHATAN TRI TUNAS NASIONAL,SULAWESI SELATAN,6500000.0,BAIK,Loc_3-Type_0
INSTITUT TEKNOLOGI DAN PENDIDIKAN MARKANDEYA BALI,BALI,4432000.0,BAIK,Loc_0-Type_0
INSTITUT TEKNOLOGI DAN PENDIDIKAN MARKANDEYA BALI,BALI,4432000.0,BAIK,Loc_0-Type_0
INSTITUT TEKNOLOGI DAN PENDIDIKAN MARKANDEYA BALI,BALI,4432000.0,BAIK,Loc_0-Type_0
INSTITUT TEKNOLOGI DAN PENDIDIKAN MARKANDEYA BALI,BALI,4432000.0,BAIK,Loc_0-Type_0
INSTITUT TEKNOLOGI DAN SAINS BANDUNG,JAWA BARAT,13000000.0,C,Loc_8-Type_2
INSTITUT TEKNOLOGI DAN SAINS BANDUNG,JAWA BARAT,13000000.0,C,Loc_8-Type_2
INSTITUT TEKNOLOGI DAN SAINS BANDUNG,JAWA BARAT,13000000.0,C,Loc_8-Type_2
INSTITUT TEKNOLOGI DAN SAINS BANDUNG,JAWA BARAT,13000000.0,C,Loc_8-Type_2
INSTITUT TEKNOLOGI DAN SAINS BANDUNG,JAWA BARAT,13000000.0,C,Loc_8-Type_2
INSTITUT TEKNOLOGI DAN SAINS BANDUNG,JAWA BARAT,13000000.0,C,Loc_8-Type_2
INSTITUT TEKNOLOGI DAN SAINS BANDUNG,JAWA BARAT,13000000.0,C,Loc_8-Type_2
INSTITUT TEKNOLOGI DAN SAINS BANDUNG,JAWA BARAT,13000000.0,C,Loc_8-Type_2
INSTITUT TEKNOLOGI DAN SAINS BANDUNG,JAWA BARAT,13000000.0,C,Loc_8-Type_2
INSTITUT TEKNOLOGI DAN SAINS BANDUNG,JAWA BARAT,13000000.0,C,Loc_8-Type_2
INSTITUT TEKNOLOGI DAN SAINS BANDUNG,JAWA BARAT,13000000.0,C,Loc_8-Type_2
INSTITUT TEKNOLOGI DAN SAINS MANDALA,JAWA TIMUR,9200000.0,BAIK SEKALI,Loc_5-Type_1
INSTITUT TEKNOLOGI DAN SAINS MANDALA,JAWA TIMUR,9200000.0,BAIK SEKALI,Loc_5-Type_1
INSTITUT TEKNOLOGI DAN SAINS MANDALA,JAWA TIMUR,9200000.0,BAIK SEKALI,Loc_5-Type_1
INSTITUT TEKNOLOGI DAN SAINS MANDALA,JAWA TIMUR,9200000.0,BAIK SEKALI,Loc_5-Type_1
INSTITUT TEKNOLOGI DAN SAINS MANDALA,JAWA TIMUR,9200000.0,BAIK SEKALI,Loc_5-Type_1
INSTITUT TEKNOLOGI DAN SAINS NAHDLATUL ULAMA JAMBI,JAMBI,4800000.0,BAIK,Loc_0-Type_0
INSTITUT TEKNOLOGI DAN SAINS NAHDLATUL ULAMA JAMBI,JAMBI,4800000.0,BAIK,Loc_0-Type_0
INSTITUT TEKNOLOGI DAN SAINS NAHDLATUL ULAMA JAMBI,JAMBI,4800000.0,BAIK,Loc_0-Type_0
INSTITUT TEKNOLOGI DAN SAINS NAHDLATUL ULAMA KALIMANTAN,KALIMANTAN TENGAH,5000000.0,BAIK,Loc_0-Type_0
INSTITUT TEKNOLOGI DAN SAINS NAHDLATUL ULAMA KALIMANTAN,KALIMANTAN TENGAH,5000000.0,BAIK,Loc_0-Type_0
INSTITUT TEKNOLOGI DAN SAINS NAHDLATUL ULAMA KALIMANTAN,KALIMANTAN TENGAH,5000000.0,BAIK,Loc_0-Type_0
INSTITUT TEKNOLOGI DAN SAINS NAHDLATUL ULAMA LAMPUNG,LAMPUNG,4800000.0,BAIK,Loc_1-Type_0
INSTITUT TEKNOLOGI DAN SAINS NAHDLATUL ULAMA LAMPUNG,LAMPUNG,4800000.0,BAIK,Loc_1-Type_0
INSTITUT TEKNOLOGI DAN SAINS NAHDLATUL ULAMA LAMPUNG,LAMPUNG,4800000.0,BAIK,Loc_1-Type_0
INSTITUT TEKNOLOGI DAN SAINS NAHDLATUL ULAMA LAMPUNG,LAMPUNG,4800000.0,BAIK,Loc_1-Type_0
INSTITUT TEKNOLOGI DAN SAINS NAHDLATUL ULAMA SRIWIJAYA SUMATERA SELATAN,SUMATERA SELATAN,5000000.0,BAIK,Loc_0-Type_0
INSTITUT TEKNOLOGI DAN SAINS NAHDLATUL ULAMA SRIWIJAYA SUMATERA SELATAN,SUMATERA SELATAN,5000000.0,BAIK,Loc_0-Type_0
INSTITUT TEKNOLOGI DAN SAINS NAHDLATUL ULAMA SRIWIJAYA SUMATERA SELATAN,SUMATERA SELATAN,5000000.0,BAIK,Loc_0-Type_0
INSTITUT TEKNOLOGI DAN SAINS PADANG LAWAS UTARA,SUMATERA UTARA,22000000.0,BAIK,Loc_0-Type_0
INSTITUT TEKNOLOGI DAN SAINS PADANG LAWAS UTARA,SUMATERA UTARA,22000000.0,BAIK,Loc_0-Type_0
INSTITUT TEKNOLOGI DAN SAINS PADANG LAWAS UTARA,SUMATERA UTARA,22000000.0,BAIK,Loc_0-Type_0
INSTITUT TEKNOLOGI DAN SAINS PADANG LAWAS UTARA,SUMATERA UTARA,22000000.0,BAIK,Loc_0-Type_0
INSTITUT TEKNOLOGI DEL,SUMATERA UTARA,7650000.0,BAIK SEKALI,Loc_0-Type_1
INSTITUT TEKNOLOGI DEL,SUMATERA UTARA,7650000.0,BAIK SEKALI,Loc_0-Type_1
INSTITUT TEKNOLOGI DEL,SUMATERA UTARA,7650000.0,BAIK SEKALI,Loc_0-Type_1
INSTITUT TEKNOLOGI DEL,SUMATERA UTARA,7650000.0,BAIK SEKALI,Loc_0-Type_1
INSTITUT TEKNOLOGI DEL,SUMATERA UTARA,7650000.0,BAIK SEKALI,Loc_0-Type_1
INSTITUT TEKNOLOGI DIRGANTARA ADISUTJIPTO,D.I. YOGYAKARTA,29500000.0,BAIK SEKALI,Loc_0-Type_1
INSTITUT TEKNOLOGI DIRGANTARA ADISUTJIPTO,D.I. YOGYAKARTA,29500000.0,BAIK SEKALI,Loc_0-Type_1
INSTITUT TEKNOLOGI DIRGANTARA ADISUTJIPTO,D.I. YOGYAKARTA,29500000.0,BAIK SEKALI,Loc_0-Type_1
INSTITUT TEKNOLOGI DIRGANTARA ADISUTJIPTO,D.I. YOGYAKARTA,29500000.0,BAIK SEKALI,Loc_0-Type_1
INSTITUT TEKNOLOGI DIRGANTARA ADISUTJIPTO,D.I. YOGYAKARTA,29500000.0,BAIK SEKALI,Loc_0-Type_1
INSTITUT TEKNOLOGI GARUT,JAWA BARAT,8960000.0,BAIK SEKALI,Loc_8-Type_1
INSTITUT TEKNOLOGI GARUT,JAWA BARAT,8960000.0,BAIK SEKALI,Loc_8-Type_1
INSTITUT TEKNOLOGI GARUT,JAWA BARAT,8960000.0,BAIK SEKALI,Loc_8-Type_1
INSTITUT TEKNOLOGI GARUT,JAWA BARAT,8960000.0,BAIK SEKALI,Loc_8-Type_1
INSTITUT TEKNOLOGI GARUT,JAWA BARAT,8960000.0,BAIK SEKALI,Loc_8-Type_1
INSTITUT TEKNOLOGI HARAPAN BANGSA,JAWA BARAT,243400000.0,BAIK SEKALI,Loc_8-Type_0
INSTITUT TEKNOLOGI HARAPAN BANGSA,JAWA BARAT,243400000.0,BAIK SEKALI,Loc_8-Type_0
INSTITUT TEKNOLOGI HARAPAN BANGSA,JAWA BARAT,243400000.0,BAIK SEKALI,Loc_8-Type_0
INSTITUT TEKNOLOGI HARAPAN BANGSA,JAWA BARAT,243400000.0,BAIK SEKALI,Loc_8-Type_0
INSTITUT TEKNOLOGI HARAPAN BANGSA,JAWA BARAT,243400000.0,BAIK SEKALI,Loc_8-Type_0
INSTITUT TEKNOLOGI HARAPAN BANGSA,JAWA BARAT,243400000.0,BAIK SEKALI,Loc_8-Type_0
INSTITUT TEKNOLOGI HARAPAN BANGSA,JAWA BARAT,243400000.0,BAIK SEKALI,Loc_8-Type_0
INSTITUT TEKNOLOGI HARAPAN BANGSA,JAWA BARAT,243400000.0,BAIK SEKALI,Loc_8-Type_0
INSTITUT TEKNOLOGI HARAPAN BANGSA,JAWA BARAT,243400000.0,BAIK SEKALI,Loc_8-Type_0
INSTITUT TEKNOLOGI HARAPAN BANGSA,JAWA BARAT,243400000.0,BAIK SEKALI,Loc_8-Type_0
INSTITUT TEKNOLOGI HARAPAN BANGSA,JAWA BARAT,243400000.0,BAIK SEKALI,Loc_8-Type_0
INSTITUT TEKNOLOGI HARAPAN BANGSA,JAWA BARAT,243400000.0,BAIK SEKALI,Loc_8-Type_0
INSTITUT TEKNOLOGI HARAPAN BANGSA,JAWA BARAT,243400000.0,BAIK SEKALI,Loc_8-Type_0
INSTITUT TEKNOLOGI HARAPAN BANGSA,JAWA BARAT,243400000.0,BAIK SEKALI,Loc_8-Type_0
INSTITUT TEKNOLOGI INDONESIA,BANTEN,14000000.0,BAIK SEKALI,Loc_0-Type_1
INSTITUT TEKNOLOGI INDONESIA,BANTEN,14000000.0,BAIK SEKALI,Loc_0-Type_1
INSTITUT TEKNOLOGI INDONESIA,BANTEN,14000000.0,BAIK SEKALI,Loc_0-Type_1
INSTITUT TEKNOLOGI INDONESIA,BANTEN,14000000.0,BAIK SEKALI,Loc_0-Type_1
INSTITUT TEKNOLOGI INDONESIA,BANTEN,14000000.0,BAIK SEKALI,Loc_0-Type_1
INSTITUT TEKNOLOGI INDONESIA,BANTEN,14000000.0,BAIK SEKALI,Loc_0-Type_1
INSTITUT TEKNOLOGI INDONESIA,BANTEN,14000000.0,BAIK SEKALI,Loc_0-Type_1
INSTITUT TEKNOLOGI INDONESIA,BANTEN,14000000.0,BAIK SEKALI,Loc_0-Type_1
INSTITUT TEKNOLOGI INDONESIA,BANTEN,14000000.0,BAIK SEKALI,Loc_0-Type_1
INSTITUT TEKNOLOGI INDONESIA,BANTEN,14000000.0,BAIK SEKALI,Loc_0-Type_1
INSTITUT TEKNOLOGI INDONESIA,BANTEN,14000000.0,BAIK SEKALI,Loc_0-Type_1
INSTITUT TEKNOLOGI INDONESIA,BANTEN,14000000.0,BAIK SEKALI,Loc_0-Type_1
INSTITUT TEKNOLOGI INSAN CENDEKIA MANDIRI,JAWA TIMUR,31050000.0,BAIK,Loc_5-Type_2
INSTITUT TEKNOLOGI INSAN CENDEKIA MANDIRI,JAWA TIMUR,31050000.0,BAIK,Loc_5-Type_2
INSTITUT TEKNOLOGI INSAN CENDEKIA MANDIRI,JAWA TIMUR,31050000.0,BAIK,Loc_5-Type_2
INSTITUT TEKNOLOGI KELAUTAN BUTON,SULAWESI TENGGARA,2000000.0,BAIK,Loc_0-Type_0
INSTITUT TEKNOLOGI KELAUTAN BUTON,SULAWESI TENGGARA,2000000.0,BAIK,Loc_0-Type_0
INSTITUT TEKNOLOGI KELING KUMANG,KALIMANTAN BARAT,5900000.0,BAIK,Loc_6-Type_2
INSTITUT TEKNOLOGI KELING KUMANG,KALIMANTAN BARAT,5900000.0,BAIK,Loc_6-Type_2
INSTITUT TEKNOLOGI KELING KUMANG,KALIMANTAN BARAT,5900000.0,BAIK,Loc_6-Type_2
INSTITUT TEKNOLOGI KESEHATAN CENDEKIA UTAMA KUDUS,JAWA TENGAH,89700000.0,BAIK SEKALI,Loc_7-Type_2
INSTITUT TEKNOLOGI KESEHATAN CENDEKIA UTAMA KUDUS,JAWA TENGAH,89700000.0,BAIK SEKALI,Loc_7-Type_2
INSTITUT TEKNOLOGI KESEHATAN CENDEKIA UTAMA KUDUS,JAWA TENGAH,89700000.0,BAIK SEKALI,Loc_7-Type_2
INSTITUT TEKNOLOGI KESEHATAN DAN SAINS MUHAMMADIYAH SIDRAP,SULAWESI SELATAN,14500000.0,BAIK SEKALI,Loc_3-Type_2
INSTITUT TEKNOLOGI KESEHATAN DAN SAINS MUHAMMADIYAH SIDRAP,SULAWESI SELATAN,14500000.0,BAIK SEKALI,Loc_3-Type_2
INSTITUT TEKNOLOGI KESEHATAN DAN SAINS MUHAMMADIYAH SIDRAP,SULAWESI SELATAN,14500000.0,BAIK SEKALI,Loc_3-Type_2
INSTITUT TEKNOLOGI KESEHATAN DAN SAINS MUHAMMADIYAH SIDRAP,SULAWESI SELATAN,14500000.0,BAIK SEKALI,Loc_3-Type_2
INSTITUT TEKNOLOGI KESEHATAN DAN SAINS WIYATA HUSADA SAMARINDA,KALIMANTAN TIMUR,7000000.0,BAIK SEKALI,Loc_0-Type_1
INSTITUT TEKNOLOGI KESEHATAN DAN SAINS WIYATA HUSADA SAMARINDA,KALIMANTAN TIMUR,7000000.0,BAIK SEKALI,Loc_0-Type_1
INSTITUT TEKNOLOGI KESEHATAN DAN SAINS WIYATA HUSADA SAMARINDA,KALIMANTAN TIMUR,7000000.0,BAIK SEKALI,Loc_0-Type_1
INSTITUT TEKNOLOGI KESEHATAN DAN SAINS WIYATA HUSADA SAMARINDA,KALIMANTAN TIMUR,7000000.0,BAIK SEKALI,Loc_0-Type_1
INSTITUT TEKNOLOGI KESEHATAN MALANG WIDYA CIPTA HUSADA,JAWA TIMUR,8900000.0,BAIK,Loc_5-Type_2
INSTITUT TEKNOLOGI KESEHATAN MALANG WIDYA CIPTA HUSADA,JAWA TIMUR,8900000.0,BAIK,Loc_5-Type_2
INSTITUT TEKNOLOGI KESEHATAN MALANG WIDYA CIPTA HUSADA,JAWA TIMUR,8900000.0,BAIK,Loc_5-Type_2
INSTITUT TEKNOLOGI LOMBOK,NUSA TENGGARA BARAT,7840000.0,BAIK,Loc_0-Type_0
INSTITUT TEKNOLOGI LOMBOK,NUSA TENGGARA BARAT,7840000.0,BAIK,Loc_0-Type_0
INSTITUT TEKNOLOGI LOMBOK,NUSA TENGGARA BARAT,7840000.0,BAIK,Loc_0-Type_0
INSTITUT TEKNOLOGI MINAESA,SULAWESI UTARA,10000000.0,BAIK,Loc_0-Type_0
INSTITUT TEKNOLOGI MINAESA,SULAWESI UTARA,10000000.0,BAIK,Loc_0-Type_0
INSTITUT TEKNOLOGI MINAESA,SULAWESI UTARA,10000000.0,BAIK,Loc_0-Type_0
INSTITUT TEKNOLOGI MINAESA,SULAWESI UTARA,10000000.0,BAIK,Loc_0-Type_0
INSTITUT TEKNOLOGI MOJOSARI,JAWA TIMUR,2640000.0,BAIK,Loc_5-Type_2
INSTITUT TEKNOLOGI MOJOSARI,JAWA TIMUR,2640000.0,BAIK,Loc_5-Type_2
INSTITUT TEKNOLOGI MOJOSARI,JAWA TIMUR,2640000.0,BAIK,Loc_5-Type_2
INSTITUT TEKNOLOGI MUHAMMADIYAH SUMATERA,SUMATERA SELATAN,2640000.0,BAIK,Loc_0-Type_0
INSTITUT TEKNOLOGI MUHAMMADIYAH SUMATERA,SUMATERA SELATAN,2640000.0,BAIK,Loc_0-Type_0
INSTITUT TEKNOLOGI MUHAMMADIYAH SUMATERA,SUMATERA SELATAN,2640000.0,BAIK,Loc_0-Type_0
INSTITUT TEKNOLOGI NASIONAL BANDUNG,JAWA BARAT,48335000.0,UNGGUL,Loc_8-Type_0
INSTITUT TEKNOLOGI NASIONAL BANDUNG,JAWA BARAT,48335000.0,UNGGUL,Loc_8-Type_0
INSTITUT TEKNOLOGI NASIONAL BANDUNG,JAWA BARAT,48335000.0,UNGGUL,Loc_8-Type_0
INSTITUT TEKNOLOGI NASIONAL BANDUNG,JAWA BARAT,48335000.0,UNGGUL,Loc_8-Type_0
INSTITUT TEKNOLOGI NASIONAL BANDUNG,JAWA BARAT,48335000.0,UNGGUL,Loc_8-Type_0
INSTITUT TEKNOLOGI NASIONAL BANDUNG,JAWA BARAT,48335000.0,UNGGUL,Loc_8-Type_0
INSTITUT TEKNOLOGI NASIONAL BANDUNG,JAWA BARAT,48335000.0,UNGGUL,Loc_8-Type_0
INSTITUT TEKNOLOGI NASIONAL BANDUNG,JAWA BARAT,48335000.0,UNGGUL,Loc_8-Type_0
INSTITUT TEKNOLOGI NASIONAL BANDUNG,JAWA BARAT,48335000.0,UNGGUL,Loc_8-Type_0
INSTITUT TEKNOLOGI NASIONAL BANDUNG,JAWA BARAT,48335000.0,UNGGUL,Loc_8-Type_0
INSTITUT TEKNOLOGI NASIONAL BANDUNG,JAWA BARAT,48335000.0,UNGGUL,Loc_8-Type_0
INSTITUT TEKNOLOGI NASIONAL BANDUNG,JAWA BARAT,48335000.0,UNGGUL,Loc_8-Type_0
INSTITUT TEKNOLOGI NASIONAL BANDUNG,JAWA BARAT,48335000.0,UNGGUL,Loc_8-Type_0
INSTITUT TEKNOLOGI NASIONAL BANDUNG,JAWA BARAT,48335000.0,UNGGUL,Loc_8-Type_0
INSTITUT TEKNOLOGI NASIONAL MALANG,JAWA TIMUR,24550000.0,B,Loc_5-Type_0
INSTITUT TEKNOLOGI NASIONAL MALANG,JAWA TIMUR,24550000.0,B,Loc_5-Type_0
INSTITUT TEKNOLOGI NASIONAL MALANG,JAWA TIMUR,24550000.0,B,Loc_5-Type_0
INSTITUT TEKNOLOGI NASIONAL MALANG,JAWA TIMUR,24550000.0,B,Loc_5-Type_0
INSTITUT TEKNOLOGI NASIONAL MALANG,JAWA TIMUR,24550000.0,B,Loc_5-Type_0
INSTITUT TEKNOLOGI NASIONAL MALANG,JAWA TIMUR,24550000.0,B,Loc_5-Type_0
INSTITUT TEKNOLOGI NASIONAL MALANG,JAWA TIMUR,24550000.0,B,Loc_5-Type_0
INSTITUT TEKNOLOGI NASIONAL MALANG,JAWA TIMUR,24550000.0,B,Loc_5-Type_0
INSTITUT TEKNOLOGI NASIONAL MALANG,JAWA TIMUR,24550000.0,B,Loc_5-Type_0
INSTITUT TEKNOLOGI NASIONAL MALANG,JAWA TIMUR,24550000.0,B,Loc_5-Type_0
INSTITUT TEKNOLOGI NASIONAL MALANG,JAWA TIMUR,24550000.0,B,Loc_5-Type_0
INSTITUT TEKNOLOGI NASIONAL MALANG,JAWA TIMUR,24550000.0,B,Loc_5-Type_0
INSTITUT TEKNOLOGI NASIONAL YOGYAKARTA,D.I. YOGYAKARTA,18225000.0,B,Loc_0-Type_2
INSTITUT TEKNOLOGI NASIONAL YOGYAKARTA,D.I. YOGYAKARTA,18225000.0,B,Loc_0-Type_2
INSTITUT TEKNOLOGI NASIONAL YOGYAKARTA,D.I. YOGYAKARTA,18225000.0,B,Loc_0-Type_2
INSTITUT TEKNOLOGI NASIONAL YOGYAKARTA,D.I. YOGYAKARTA,18225000.0,B,Loc_0-Type_2
INSTITUT TEKNOLOGI NASIONAL YOGYAKARTA,D.I. YOGYAKARTA,18225000.0,B,Loc_0-Type_2
INSTITUT TEKNOLOGI NASIONAL YOGYAKARTA,D.I. YOGYAKARTA,18225000.0,B,Loc_0-Type_2
INSTITUT TEKNOLOGI PADANG,SUMATERA BARAT,14000000.0,B,Loc_0-Type_2
INSTITUT TEKNOLOGI PADANG,SUMATERA BARAT,14000000.0,B,Loc_0-Type_2
INSTITUT TEKNOLOGI PADANG,SUMATERA BARAT,14000000.0,B,Loc_0-Type_2
INSTITUT TEKNOLOGI PADANG,SUMATERA BARAT,14000000.0,B,Loc_0-Type_2
INSTITUT TEKNOLOGI PADANG,SUMATERA BARAT,14000000.0,B,Loc_0-Type_2
INSTITUT TEKNOLOGI PADANG,SUMATERA BARAT,14000000.0,B,Loc_0-Type_2
INSTITUT TEKNOLOGI PAGAR ALAM,SUMATERA SELATAN,6500000.0,BAIK,Loc_0-Type_0
INSTITUT TEKNOLOGI PAGAR ALAM,SUMATERA SELATAN,6500000.0,BAIK,Loc_0-Type_0
INSTITUT TEKNOLOGI PAGAR ALAM,SUMATERA SELATAN,6500000.0,BAIK,Loc_0-Type_0
INSTITUT TEKNOLOGI PAGAR ALAM,SUMATERA SELATAN,6500000.0,BAIK,Loc_0-Type_0
INSTITUT TEKNOLOGI PERTANIAN,SULAWESI SELATAN,3000000.0,BAIK,Loc_3-Type_0
INSTITUT TEKNOLOGI PERTANIAN,SULAWESI SELATAN,3000000.0,BAIK,Loc_3-Type_0
INSTITUT TEKNOLOGI PERTANIAN,SULAWESI SELATAN,3000000.0,BAIK,Loc_3-Type_0
INSTITUT TEKNOLOGI PERTANIAN,SULAWESI SELATAN,3000000.0,BAIK,Loc_3-Type_0
INSTITUT TEKNOLOGI PERUSAHAAN LISTRIK NEGARA,D.K.I. JAKARTA,21500000.0,B,Loc_4-Type_1
INSTITUT TEKNOLOGI PERUSAHAAN LISTRIK NEGARA,D.K.I. JAKARTA,21500000.0,B,Loc_4-Type_1
INSTITUT TEKNOLOGI PERUSAHAAN LISTRIK NEGARA,D.K.I. JAKARTA,21500000.0,B,Loc_4-Type_1
INSTITUT TEKNOLOGI PERUSAHAAN LISTRIK NEGARA,D.K.I. JAKARTA,21500000.0,B,Loc_4-Type_1
INSTITUT TEKNOLOGI PERUSAHAAN LISTRIK NEGARA,D.K.I. JAKARTA,21500000.0,B,Loc_4-Type_1
INSTITUT TEKNOLOGI PERUSAHAAN LISTRIK NEGARA,D.K.I. JAKARTA,21500000.0,B,Loc_4-Type_1
INSTITUT TEKNOLOGI PERUSAHAAN LISTRIK NEGARA,D.K.I. JAKARTA,21500000.0,B,Loc_4-Type_1
INSTITUT TEKNOLOGI PERUSAHAAN LISTRIK NEGARA,D.K.I. JAKARTA,21500000.0,B,Loc_4-Type_1
INSTITUT TEKNOLOGI PERUSAHAAN LISTRIK NEGARA,D.K.I. JAKARTA,21500000.0,B,Loc_4-Type_1
INSTITUT TEKNOLOGI PERUSAHAAN LISTRIK NEGARA,D.K.I. JAKARTA,21500000.0,B,Loc_4-Type_1
INSTITUT TEKNOLOGI PERUSAHAAN LISTRIK NEGARA,D.K.I. JAKARTA,21500000.0,B,Loc_4-Type_1
INSTITUT TEKNOLOGI SAINS BANDUNG,JAWA BARAT,9050000.0,BAIK,Loc_8-Type_2
INSTITUT TEKNOLOGI SAINS BANDUNG,JAWA BARAT,9050000.0,BAIK,Loc_8-Type_2
INSTITUT TEKNOLOGI SAINS BANDUNG,JAWA BARAT,9050000.0,BAIK,Loc_8-Type_2
INSTITUT TEKNOLOGI SAINS BANDUNG,JAWA BARAT,9050000.0,BAIK,Loc_8-Type_2
INSTITUT TEKNOLOGI SAINS BANDUNG,JAWA BARAT,9050000.0,BAIK,Loc_8-Type_2
INSTITUT TEKNOLOGI SAINS BANDUNG,JAWA BARAT,9050000.0,BAIK,Loc_8-Type_2
INSTITUT TEKNOLOGI SAINS BANDUNG,JAWA BARAT,9050000.0,BAIK,Loc_8-Type_2
INSTITUT TEKNOLOGI SAINS BANDUNG,JAWA BARAT,9050000.0,BAIK,Loc_8-Type_2
INSTITUT TEKNOLOGI SAINS DAN BISNIS MUHAMMADIYAH SELAYAR,SULAWESI SELATAN,3300000.0,BAIK,Loc_3-Type_0
INSTITUT TEKNOLOGI SAINS DAN BISNIS MUHAMMADIYAH SELAYAR,SULAWESI SELATAN,3300000.0,BAIK,Loc_3-Type_0
INSTITUT TEKNOLOGI SAINS DAN BISNIS MUHAMMADIYAH SELAYAR,SULAWESI SELATAN,3300000.0,BAIK,Loc_3-Type_0
INSTITUT TEKNOLOGI SAINS DAN BISNIS MUHAMMADIYAH SELAYAR,SULAWESI SELATAN,3300000.0,BAIK,Loc_3-Type_0
INSTITUT TEKNOLOGI SAINS DAN KESEHATAN INSAN CENDEKIA MEDIKA JOMBANG,JAWA TIMUR,9600000.0,TERAKREDITASI,Loc_5-Type_2
INSTITUT TEKNOLOGI SAINS DAN KESEHATAN INSAN CENDEKIA MEDIKA JOMBANG,JAWA TIMUR,9600000.0,TERAKREDITASI,Loc_5-Type_2
INSTITUT TEKNOLOGI SAWIT INDONESIA,SUMATERA UTARA,28250000.0,BAIK,Loc_0-Type_0
INSTITUT TEKNOLOGI SAWIT INDONESIA,SUMATERA UTARA,28250000.0,BAIK,Loc_0-Type_0
INSTITUT TEKNOLOGI SAWIT INDONESIA,SUMATERA UTARA,28250000.0,BAIK,Loc_0-Type_0
INSTITUT TEKNOLOGI SAWIT INDONESIA,SUMATERA UTARA,28250000.0,BAIK,Loc_0-Type_0
INSTITUT TEKNOLOGI SOSIAL DAN KESEHATAN MUHAMMADIYAH SELONG,NUSA TENGGARA BARAT,3400000.0,BAIK,Loc_0-Type_0
INSTITUT TEKNOLOGI SOSIAL DAN KESEHATAN MUHAMMADIYAH SELONG,NUSA TENGGARA BARAT,3400000.0,BAIK,Loc_0-Type_0
INSTITUT TEKNOLOGI SOSIAL DAN KESEHATAN MUHAMMADIYAH SELONG,NUSA TENGGARA BARAT,3400000.0,BAIK,Loc_0-Type_0
INSTITUT TEKNOLOGI SOSIAL DAN KESEHATAN MUHAMMADIYAH SELONG,NUSA TENGGARA BARAT,3400000.0,BAIK,Loc_0-Type_0
INSTITUT TEKNOLOGI SOSIAL DAN KESEHATAN MUHAMMADIYAH SELONG,NUSA TENGGARA BARAT,3400000.0,BAIK,Loc_0-Type_0
INSTITUT TEKNOLOGI SOSIAL DAN KESEHATAN MUHAMMADIYAH SELONG,NUSA TENGGARA BARAT,3400000.0,BAIK,Loc_0-Type_0
INSTITUT TEKNOLOGI STATISTIKA DAN BISNIS MUHAMMADIYAH SEMARANG,JAWA TENGAH,7350000.0,BAIK SEKALI,Loc_7-Type_2
INSTITUT TEKNOLOGI STATISTIKA DAN BISNIS MUHAMMADIYAH SEMARANG,JAWA TENGAH,7350000.0,BAIK SEKALI,Loc_7-Type_2
INSTITUT TEKNOLOGI STATISTIKA DAN BISNIS MUHAMMADIYAH SEMARANG,JAWA TENGAH,7350000.0,BAIK SEKALI,Loc_7-Type_2
INSTITUT TEKNOLOGI YOGYAKARTA,D.I. YOGYAKARTA,12600000.0,BAIK,Loc_0-Type_0
INSTITUT TEKNOLOGI YOGYAKARTA,D.I. YOGYAKARTA,12600000.0,BAIK,Loc_0-Type_0
INSTITUT TEKNOLOGI YOGYAKARTA,D.I. YOGYAKARTA,12600000.0,BAIK,Loc_0-Type_0
INSTITUT TEKNOLOGI YOGYAKARTA,D.I. YOGYAKARTA,12600000.0,BAIK,Loc_0-Type_0
INSTITUT TEKNOLOGI YOGYAKARTA,D.I. YOGYAKARTA,12600000.0,BAIK,Loc_0-Type_0
INSTITUT TRANSPORTASI  DAN LOGISTIK TRISAKTI,D.K.I. JAKARTA,48675030.0,BAIK SEKALI,Loc_4-Type_2
INSTITUT TRANSPORTASI  DAN LOGISTIK TRISAKTI,D.K.I. JAKARTA,48675030.0,BAIK SEKALI,Loc_4-Type_2
INSTITUT TRANSPORTASI  DAN LOGISTIK TRISAKTI,D.K.I. JAKARTA,48675030.0,BAIK SEKALI,Loc_4-Type_2
INSTITUT TRANSPORTASI  DAN LOGISTIK TRISAKTI,D.K.I. JAKARTA,48675030.0,BAIK SEKALI,Loc_4-Type_2
INSTITUT TURATEA INDONESIA,SULAWESI SELATAN,3250000.0,BAIK SEKALI,Loc_3-Type_2
INSTITUT TURATEA INDONESIA,SULAWESI SELATAN,3250000.0,BAIK SEKALI,Loc_3-Type_2
INSTITUT TURATEA INDONESIA,SULAWESI SELATAN,3250000.0,BAIK SEKALI,Loc_3-Type_2
INSTITUT TURATEA INDONESIA,SULAWESI SELATAN,3250000.0,BAIK SEKALI,Loc_3-Type_2
LONDON SCHOOL OF PUBLIC RELATIONS,DKI JAKARTA,52500000.0,A,Loc_0-Type_2
LONDON SCHOOL OF PUBLIC RELATIONS,DKI JAKARTA,52500000.0,A,Loc_0-Type_2
LONDON SCHOOL OF PUBLIC RELATIONS,DKI JAKARTA,52500000.0,A,Loc_0-Type_2
LONDON SCHOOL OF PUBLIC RELATIONS,DKI JAKARTA,52500000.0,A,Loc_0-Type_2
PPM SCHOOL OF MANAGEMENT,DKI JAKARTA,23500000.0,A,Loc_0-Type_1
PPM SCHOOL OF MANAGEMENT,DKI JAKARTA,23500000.0,A,Loc_0-Type_1
PPM SCHOOL OF MANAGEMENT,DKI JAKARTA,23500000.0,A,Loc_0-Type_1
PRESIDENT UNIVERSITY,JAWA BARAT,36000000.0,A,Loc_8-Type_0
PRESIDENT UNIVERSITY,JAWA BARAT,36000000.0,A,Loc_8-Type_0
PRESIDENT UNIVERSITY,JAWA BARAT,36000000.0,A,Loc_8-Type_0
PRESIDENT UNIVERSITY,JAWA BARAT,36000000.0,A,Loc_8-Type_0
PRESIDENT UNIVERSITY,JAWA BARAT,36000000.0,A,Loc_8-Type_0
PRESIDENT UNIVERSITY,JAWA BARAT,36000000.0,A,Loc_8-Type_0
PRESIDENT UNIVERSITY,JAWA BARAT,36000000.0,A,Loc_8-Type_0
PRESIDENT UNIVERSITY,JAWA BARAT,36000000.0,A,Loc_8-Type_0
PRESIDENT UNIVERSITY,JAWA BARAT,36000000.0,A,Loc_8-Type_0
PRESIDENT UNIVERSITY,JAWA BARAT,36000000.0,A,Loc_8-Type_0
PRESIDENT UNIVERSITY,JAWA BARAT,36000000.0,A,Loc_8-Type_0
PRESIDENT UNIVERSITY,JAWA BARAT,36000000.0,A,Loc_8-Type_0
PRESIDENT UNIVERSITY,JAWA BARAT,36000000.0,A,Loc_8-Type_0
SAE INDONESIA,DKI JAKARTA,50000000.0,B,Loc_0-Type_2
SAE INDONESIA,DKI JAKARTA,50000000.0,B,Loc_0-Type_2
SAE INDONESIA,DKI JAKARTA,50000000.0,B,Loc_0-Type_2
SEKOLAH TINGGI ARSITEKTUR YKPN YOGYAKARTA,D.I. YOGYAKARTA,10500000.0,BAIK,Loc_0-Type_0
SEKOLAH TINGGI BAHASA ASING CIPTO HADI PRANOTO,JAWA BARAT,7850000.0,BAIK,Loc_8-Type_2
SEKOLAH TINGGI BAHASA ASING IEC JAKARTA,D.K.I. JAKARTA,7800000.0,BAIK,Loc_4-Type_0
SEKOLAH TINGGI BAHASA ASING JIA,JAWA BARAT,15000000.0,BAIK,Loc_8-Type_2
SEKOLAH TINGGI BAHASA ASING JIA,JAWA BARAT,15000000.0,BAIK,Loc_8-Type_2
SEKOLAH TINGGI BAHASA ASING LIA YOGYAKARTA,D.I. YOGYAKARTA,10950000.0,B,Loc_0-Type_2
SEKOLAH TINGGI BAHASA ASING PONTIANAK,KALIMANTAN BARAT,4800000.0,BAIK,Loc_6-Type_2
SEKOLAH TINGGI BAHASA ASING PRAYOGA,SUMATERA BARAT,5150000.0,BAIK,Loc_0-Type_0
SEKOLAH TINGGI BAHASA ASING TECHNOCRAT,BANTEN,6500000.0,BAIK,Loc_0-Type_0
SEKOLAH TINGGI BAHASA ASING YAPARI,JAWA BARAT,8750000.0,BAIK,Loc_8-Type_2
SEKOLAH TINGGI BAHASA ASING YAPARI,JAWA BARAT,8750000.0,BAIK,Loc_8-Type_2
SEKOLAH TINGGI BISNIS DAN MANAJEMEN DUA SAUDARA,SULAWESI UTARA,16750000.0,BAIK,Loc_0-Type_0
SEKOLAH TINGGI BISNIS DAN MANAJEMEN DUA SAUDARA,SULAWESI UTARA,16750000.0,BAIK,Loc_0-Type_0
SEKOLAH TINGGI BISNIS RUNATA,BALI,4900000.0,BAIK,Loc_0-Type_0
SEKOLAH TINGGI BISNIS RUNATA,BALI,4900000.0,BAIK,Loc_0-Type_0
SEKOLAH TINGGI DESAIN INDONESIA BANDUNG,JAWA BARAT,20827000.0,BAIK,Loc_8-Type_2
SEKOLAH TINGGI DESAIN INDONESIA BANDUNG,JAWA BARAT,20827000.0,BAIK,Loc_8-Type_2
SEKOLAH TINGGI DESAIN INTERSTUDI,D.K.I. JAKARTA,18900000.0,B,Loc_4-Type_1
SEKOLAH TINGGI DESAIN INTERSTUDI,D.K.I. JAKARTA,18900000.0,B,Loc_4-Type_1
SEKOLAH TINGGI DESAIN INTERSTUDI,D.K.I. JAKARTA,18900000.0,B,Loc_4-Type_1
SEKOLAH TINGGI DESAIN INTERSTUDI,D.K.I. JAKARTA,18900000.0,B,Loc_4-Type_1
SEKOLAH TINGGI DESAIN INTERSTUDI,D.K.I. JAKARTA,18900000.0,B,Loc_4-Type_1
SEKOLAH TINGGI DESAIN INTERSTUDI,D.K.I. JAKARTA,18900000.0,B,Loc_4-Type_1
SEKOLAH TINGGI DESAIN LASALLE,D.K.I. JAKARTA,19979220.0,BAIK,Loc_4-Type_0
SEKOLAH TINGGI FARMASI INDONESIA,JAWA BARAT,84000000.0,B,Loc_8-Type_0
SEKOLAH TINGGI FARMASI MAHAGANESHA,BALI,16000000.0,BAIK,Loc_0-Type_0
SEKOLAH TINGGI FILSAFAT DRIYARKARA,D.K.I. JAKARTA,20450000.0,UNGGUL,Loc_4-Type_2
SEKOLAH TINGGI FILSAFAT DRIYARKARA,D.K.I. JAKARTA,20450000.0,UNGGUL,Loc_4-Type_2
SEKOLAH TINGGI FILSAFAT SEMINARI PINELENG,SULAWESI UTARA,3870000.0,B,Loc_0-Type_2
SEKOLAH TINGGI FILSAFAT SEMINARI PINELENG,SULAWESI UTARA,3870000.0,B,Loc_0-Type_2
SEKOLAH TINGGI FILSAFAT TEOLOGI FAJAR TIMUR,PAPUA,9000000.0,BAIK,Loc_9-Type_2
SEKOLAH TINGGI FILSAFAT THEOLOGI JAKARTA,D.K.I. JAKARTA,39250000.0,B,Loc_4-Type_1
SEKOLAH TINGGI HUKUM BANDUNG,JAWA BARAT,15000000.0,A,Loc_8-Type_2
SEKOLAH TINGGI HUKUM GALUNGGUNG,JAWA BARAT,1500000.0,B,Loc_8-Type_0
SEKOLAH TINGGI HUKUM GARUT,JAWA BARAT,8500000.0,BAIK,Loc_8-Type_2
SEKOLAH TINGGI ILMU ADMINISTRASI AAN,D.I. YOGYAKARTA,17005000.0,BAIK SEKALI,Loc_0-Type_1
SEKOLAH TINGGI ILMU ADMINISTRASI ADABIAH,SUMATERA BARAT,5250000.0,BAIK,Loc_0-Type_0
SEKOLAH TINGGI ILMU ADMINISTRASI ADABIAH,SUMATERA BARAT,5250000.0,BAIK,Loc_0-Type_0
SEKOLAH TINGGI ILMU ADMINISTRASI AMUNTAI,KALIMANTAN SELATAN,5730000.0,BAIK SEKALI,Loc_0-Type_1
SEKOLAH TINGGI ILMU ADMINISTRASI BAYUANGGA,JAWA TIMUR,4800000.0,BAIK,Loc_5-Type_2
SEKOLAH TINGGI ILMU ADMINISTRASI CIMAHI,JAWA BARAT,27000002.0,BAIK,Loc_8-Type_2
SEKOLAH TINGGI ILMU ADMINISTRASI CIMAHI,JAWA BARAT,27000002.0,BAIK,Loc_8-Type_2
SEKOLAH TINGGI ILMU ADMINISTRASI DARUL RACHMAN TUAL,MALUKU,3000000.0,BAIK,Loc_0-Type_0
SEKOLAH TINGGI ILMU ADMINISTRASI DARUL RACHMAN TUAL,MALUKU,3000000.0,BAIK,Loc_0-Type_0
SEKOLAH TINGGI ILMU ADMINISTRASI ISKANDAR THANI,ACEH,5000000.0,BAIK,Loc_0-Type_0
SEKOLAH TINGGI ILMU ADMINISTRASI LANGGUR,MALUKU,4200000.0,BAIK,Loc_0-Type_0
SEKOLAH TINGGI ILMU ADMINISTRASI LANGGUR,MALUKU,4200000.0,BAIK,Loc_0-Type_0
SEKOLAH TINGGI ILMU ADMINISTRASI MADANI,JAWA TENGAH,3692500.0,BAIK,Loc_7-Type_0
SEKOLAH TINGGI ILMU ADMINISTRASI MADANI,JAWA TENGAH,3692500.0,BAIK,Loc_7-Type_0
SEKOLAH TINGGI ILMU ADMINISTRASI MALANG,JAWA TIMUR,7500000.0,BAIK,Loc_5-Type_2
SEKOLAH TINGGI ILMU ADMINISTRASI MALANG,JAWA TIMUR,7500000.0,BAIK,Loc_5-Type_2
SEKOLAH TINGGI ILMU ADMINISTRASI MATARAM,NUSA TENGGARA BARAT,26400000.0,BAIK,Loc_0-Type_0
SEKOLAH TINGGI ILMU ADMINISTRASI MATARAM,NUSA TENGGARA BARAT,26400000.0,BAIK,Loc_0-Type_0
SEKOLAH TINGGI ILMU ADMINISTRASI MAULANA YUSUF BANTEN,BANTEN,1200000.0,BAIK,Loc_0-Type_0
SEKOLAH TINGGI ILMU ADMINISTRASI MENARA SISWA,JAWA BARAT,4100000.0,B,Loc_8-Type_0
SEKOLAH TINGGI ILMU ADMINISTRASI PELITA NUSANTARA,ACEH,5000000.0,BAIK,Loc_0-Type_0
SEKOLAH TINGGI ILMU ADMINISTRASI PEMBANGUNAN,JAWA TIMUR,6400000.0,BAIK SEKALI,Loc_5-Type_1
SEKOLAH TINGGI ILMU ADMINISTRASI PEMBANGUNAN,JAWA TIMUR,6400000.0,BAIK SEKALI,Loc_5-Type_1
SEKOLAH TINGGI ILMU ADMINISTRASI SATYA NEGARA,SUMATERA SELATAN,6400000.0,BAIK SEKALI,Loc_0-Type_1
SEKOLAH TINGGI ILMU ADMINISTRASI TABALONG,KALIMANTAN SELATAN,6962500.0,BAIK,Loc_0-Type_0
SEKOLAH TINGGI ILMU ADMINISTRASI TABALONG,KALIMANTAN SELATAN,6962500.0,BAIK,Loc_0-Type_0
SEKOLAH TINGGI ILMU ADMINISTRASI TRINITAS,MALUKU,4400000.0,BAIK,Loc_0-Type_0
SEKOLAH TINGGI ILMU ADMINISTRASI TRINITAS,MALUKU,4400000.0,BAIK,Loc_0-Type_0
SEKOLAH TINGGI ILMU BAHASA DAN SASTRA SATYA WIDYA,JAWA TIMUR,12000000.0,BAIK,Loc_5-Type_2
SEKOLAH TINGGI ILMU BISNIS KUMALA NUSA,D.I. YOGYAKARTA,7340000.0,BAIK,Loc_0-Type_0
SEKOLAH TINGGI ILMU EKONOMI AL-ANWAR,JAWA TIMUR,5000000.0,BAIK,Loc_5-Type_2
SEKOLAH TINGGI ILMU EKONOMI AL-ANWAR,JAWA TIMUR,5000000.0,BAIK,Loc_5-Type_2
SEKOLAH TINGGI ILMU EKONOMI AL-MADANI,LAMPUNG,4800000.0,BAIK,Loc_1-Type_0
SEKOLAH TINGGI ILMU EKONOMI AL-MADANI,LAMPUNG,4800000.0,BAIK,Loc_1-Type_0
SEKOLAH TINGGI ILMU EKONOMI AMA,JAWA TENGAH,5000000.0,BAIK,Loc_7-Type_0
SEKOLAH TINGGI ILMU EKONOMI AMA,JAWA TENGAH,5000000.0,BAIK,Loc_7-Type_0
SEKOLAH TINGGI ILMU EKONOMI AMKOP MAKASSAR,SULAWESI SELATAN,4500000.0,BAIK SEKALI,Loc_3-Type_2
SEKOLAH TINGGI ILMU EKONOMI AMKOP MAKASSAR,SULAWESI SELATAN,4500000.0,BAIK SEKALI,Loc_3-Type_2
SEKOLAH TINGGI ILMU EKONOMI AMKOP MAKASSAR,SULAWESI SELATAN,4500000.0,BAIK SEKALI,Loc_3-Type_2
SEKOLAH TINGGI ILMU EKONOMI AMKOP MAKASSAR,SULAWESI SELATAN,4500000.0,BAIK SEKALI,Loc_3-Type_2
SEKOLAH TINGGI ILMU EKONOMI AMM,NUSA TENGGARA BARAT,4700000.0,BAIK,Loc_0-Type_0
SEKOLAH TINGGI ILMU EKONOMI AMM,NUSA TENGGARA BARAT,4700000.0,BAIK,Loc_0-Type_0
SEKOLAH TINGGI ILMU EKONOMI ANINDYAGUNA,JAWA TENGAH,4800000.0,BAIK,Loc_7-Type_0
SEKOLAH TINGGI ILMU EKONOMI APRIN,SUMATERA SELATAN,45500000.0,B,Loc_0-Type_2
SEKOLAH TINGGI ILMU EKONOMI ARTHA BODHI ISWARA,JAWA TIMUR,7750000.0,BAIK,Loc_5-Type_2
SEKOLAH TINGGI ILMU EKONOMI BALIKPAPAN,KALIMANTAN TIMUR,8925000.0,BAIK SEKALI,Loc_0-Type_1
SEKOLAH TINGGI ILMU EKONOMI BALIKPAPAN,KALIMANTAN TIMUR,8925000.0,BAIK SEKALI,Loc_0-Type_1
SEKOLAH TINGGI ILMU EKONOMI BHAKTI PEMBANGUNAN,D.K.I. JAKARTA,9870000.0,B,Loc_4-Type_1
SEKOLAH TINGGI ILMU EKONOMI BHAKTI PEMBANGUNAN,D.K.I. JAKARTA,9870000.0,B,Loc_4-Type_1
SEKOLAH TINGGI ILMU EKONOMI BII BEKASI,JAWA BARAT,6710000.0,BAIK,Loc_8-Type_2
SEKOLAH TINGGI ILMU EKONOMI BII BEKASI,JAWA BARAT,6710000.0,BAIK,Loc_8-Type_2
SEKOLAH TINGGI ILMU EKONOMI BIMA,NUSA TENGGARA BARAT,2350000.0,BAIK,Loc_0-Type_0
SEKOLAH TINGGI ILMU EKONOMI BINA KARYA,SUMATERA UTARA,5500000.0,B,Loc_0-Type_2
SEKOLAH TINGGI ILMU EKONOMI BINA KARYA,SUMATERA UTARA,5500000.0,B,Loc_0-Type_2
SEKOLAH TINGGI ILMU EKONOMI BISMA LEPISI,JAWA BARAT,6000000.0,BAIK,Loc_8-Type_2
SEKOLAH TINGGI ILMU EKONOMI BISMA LEPISI,JAWA BARAT,6000000.0,BAIK,Loc_8-Type_2
SEKOLAH TINGGI ILMU EKONOMI BISNIS INDONESIA,D.K.I. JAKARTA,6000000.0,BAIK,Loc_4-Type_0
SEKOLAH TINGGI ILMU EKONOMI BISNIS INDONESIA,D.K.I. JAKARTA,6000000.0,BAIK,Loc_4-Type_0
SEKOLAH TINGGI ILMU EKONOMI BOEDI OETOMO,KALIMANTAN BARAT,6087000.0,BAIK,Loc_6-Type_2
SEKOLAH TINGGI ILMU EKONOMI BPKP,D.K.I. JAKARTA,3498000.0,BAIK,Loc_4-Type_0
SEKOLAH TINGGI ILMU EKONOMI BUDI PERTIWI,JAWA BARAT,5500000.0,BAIK,Loc_8-Type_2
SEKOLAH TINGGI ILMU EKONOMI BUKIT ZAITUN SORONG,PAPUA BARAT,3800000.0,BAIK,Loc_2-Type_1
SEKOLAH TINGGI ILMU EKONOMI BUKIT ZAITUN SORONG,PAPUA BARAT,3800000.0,BAIK,Loc_2-Type_1
SEKOLAH TINGGI ILMU EKONOMI BUKIT ZAITUN SORONG,PAPUA BARAT,3800000.0,BAIK,Loc_2-Type_1
SEKOLAH TINGGI ILMU EKONOMI BULUNGAN TARAKAN,KALIMANTAN UTARA,8000000.0,BAIK,Loc_0-Type_0
SEKOLAH TINGGI ILMU EKONOMI BULUNGAN TARAKAN,KALIMANTAN UTARA,8000000.0,BAIK,Loc_0-Type_0
SEKOLAH TINGGI ILMU EKONOMI CENDEKIA BOJONEGORO,JAWA TIMUR,7800000.0,BAIK,Loc_5-Type_2
SEKOLAH TINGGI ILMU EKONOMI CENDEKIA BOJONEGORO,JAWA TIMUR,7800000.0,BAIK,Loc_5-Type_2
SEKOLAH TINGGI ILMU EKONOMI CENDEKIA KARYA UTAMA,JAWA TENGAH,5900000.0,B,Loc_7-Type_0
SEKOLAH TINGGI ILMU EKONOMI CENDEKIA KARYA UTAMA,JAWA TENGAH,5900000.0,B,Loc_7-Type_0
SEKOLAH TINGGI ILMU EKONOMI CIREBON,JAWA BARAT,20000000.0,BAIK,Loc_8-Type_2
SEKOLAH TINGGI ILMU EKONOMI CIREBON,JAWA BARAT,20000000.0,BAIK,Loc_8-Type_2
SEKOLAH TINGGI ILMU EKONOMI DAHANI DAHANAI BUNTOK,KALIMANTAN TENGAH,13750000.0,BAIK,Loc_0-Type_0
SEKOLAH TINGGI ILMU EKONOMI DARUL FALAH,JAWA TIMUR,900000.0,BAIK,Loc_5-Type_2
SEKOLAH TINGGI ILMU EKONOMI DARUL FALAH,JAWA TIMUR,900000.0,BAIK,Loc_5-Type_2
SEKOLAH TINGGI ILMU EKONOMI DHARMA AGUNG INDONESIA,JAWA BARAT,9920000.0,BAIK,Loc_8-Type_2
SEKOLAH TINGGI ILMU EKONOMI DHARMA AGUNG INDONESIA,JAWA BARAT,9920000.0,BAIK,Loc_8-Type_2
SEKOLAH TINGGI ILMU EKONOMI DHARMA BUMI PUTRA,D.K.I. JAKARTA,7075000.0,BAIK,Loc_4-Type_0
SEKOLAH TINGGI ILMU EKONOMI DHARMA BUMI PUTRA,D.K.I. JAKARTA,7075000.0,BAIK,Loc_4-Type_0
SEKOLAH TINGGI ILMU EKONOMI DHARMA NASIONAL JEMBER,JAWA TIMUR,4800000.0,BAIK,Loc_5-Type_2
SEKOLAH TINGGI ILMU EKONOMI DHARMA PUTRA SEMARANG,JAWA TENGAH,35500000.0,BAIK,Loc_7-Type_0
SEKOLAH TINGGI ILMU EKONOMI DWI SAKTI BATURAJA,SUMATERA SELATAN,26800000.0,BAIK,Loc_0-Type_0
SEKOLAH TINGGI ILMU EKONOMI DWIMULYA,BANTEN,11600000.0,BAIK,Loc_0-Type_0
SEKOLAH TINGGI ILMU EKONOMI DWIMULYA,BANTEN,11600000.0,BAIK,Loc_0-Type_0
SEKOLAH TINGGI ILMU EKONOMI EBEN HAEZER MANADO,SULAWESI UTARA,5600000.0,BAIK,Loc_0-Type_0
SEKOLAH TINGGI ILMU EKONOMI EBEN HAEZER MANADO,SULAWESI UTARA,5600000.0,BAIK,Loc_0-Type_0
SEKOLAH TINGGI ILMU EKONOMI EKA PRASETYA,SUMATERA UTARA,6250000.0,BAIK SEKALI,Loc_0-Type_1
SEKOLAH TINGGI ILMU EKONOMI EKA PRASETYA,SUMATERA UTARA,6250000.0,BAIK SEKALI,Loc_0-Type_1
SEKOLAH TINGGI ILMU EKONOMI EKADHARMA INDONESIA,JAWA BARAT,5400000.0,BAIK,Loc_8-Type_2
SEKOLAH TINGGI ILMU EKONOMI EKADHARMA INDONESIA,JAWA BARAT,5400000.0,BAIK,Loc_8-Type_2
SEKOLAH TINGGI ILMU EKONOMI EKUITAS,JAWA BARAT,27454200.0,B,Loc_8-Type_0
SEKOLAH TINGGI ILMU EKONOMI EKUITAS,JAWA BARAT,27454200.0,B,Loc_8-Type_0
SEKOLAH TINGGI ILMU EKONOMI EL HAKIM,SUMATERA BARAT,2640000.0,BAIK,Loc_0-Type_0
SEKOLAH TINGGI ILMU EKONOMI ENAM ENAM KENDARI,SULAWESI TENGGARA,9000000.0,BAIK SEKALI,Loc_0-Type_1
SEKOLAH TINGGI ILMU EKONOMI GEMPOL,JAWA TIMUR,9600000.0,BAIK,Loc_5-Type_2
SEKOLAH TINGGI ILMU EKONOMI GEMPOL,JAWA TIMUR,9600000.0,BAIK,Loc_5-Type_2
SEKOLAH TINGGI ILMU EKONOMI GENTIARAS,LAMPUNG,9450000.0,BAIK SEKALI,Loc_1-Type_0
SEKOLAH TINGGI ILMU EKONOMI GENTIARAS,LAMPUNG,9450000.0,BAIK SEKALI,Loc_1-Type_0
SEKOLAH TINGGI ILMU EKONOMI GICI,JAWA BARAT,5950000.0,BAIK,Loc_8-Type_2
SEKOLAH TINGGI ILMU EKONOMI GICI,JAWA BARAT,5950000.0,BAIK,Loc_8-Type_2
SEKOLAH TINGGI ILMU EKONOMI HARAPAN BANGSA,JAWA BARAT,22640000.0,BAIK SEKALI,Loc_8-Type_1
SEKOLAH TINGGI ILMU EKONOMI HARAPAN BANGSA,JAWA BARAT,22640000.0,BAIK SEKALI,Loc_8-Type_1
SEKOLAH TINGGI ILMU EKONOMI HIDAYATULLAH DEPOK,JAWA BARAT,6400000.0,BAIK,Loc_8-Type_2
SEKOLAH TINGGI ILMU EKONOMI HIDAYATULLAH DEPOK,JAWA BARAT,6400000.0,BAIK,Loc_8-Type_2
SEKOLAH TINGGI ILMU EKONOMI IBMT,JAWA TIMUR,5750000.0,BAIK,Loc_5-Type_2
SEKOLAH TINGGI ILMU EKONOMI IEU,JAWA TIMUR,2400000.0,BAIK,Loc_5-Type_2
SEKOLAH TINGGI ILMU EKONOMI IGI,D.K.I. JAKARTA,4450000.0,BAIK,Loc_4-Type_0
SEKOLAH TINGGI ILMU EKONOMI IGI,D.K.I. JAKARTA,4450000.0,BAIK,Loc_4-Type_0
SEKOLAH TINGGI ILMU EKONOMI INDOCAKTI,JAWA TIMUR,4650000.0,BAIK,Loc_5-Type_2
SEKOLAH TINGGI ILMU EKONOMI INDONESIA JAKARTA,D.K.I. JAKARTA,16162500.0,BAIK SEKALI,Loc_4-Type_0
SEKOLAH TINGGI ILMU EKONOMI INDONESIA JAKARTA,D.K.I. JAKARTA,16162500.0,BAIK SEKALI,Loc_4-Type_0
SEKOLAH TINGGI ILMU EKONOMI INDONESIA MAKASSAR,SULAWESI SELATAN,5000000.0,BAIK,Loc_3-Type_0
SEKOLAH TINGGI ILMU EKONOMI INDONESIA MAKASSAR,SULAWESI SELATAN,5000000.0,BAIK,Loc_3-Type_0
SEKOLAH TINGGI ILMU EKONOMI INDONESIA PONTIANAK,KALIMANTAN BARAT,8000000.0,BAIK,Loc_6-Type_2
SEKOLAH TINGGI ILMU EKONOMI INDONESIA SURABAYA,JAWA TIMUR,11000000.0,B,Loc_5-Type_0
SEKOLAH TINGGI ILMU EKONOMI INDONESIA SURABAYA,JAWA TIMUR,11000000.0,B,Loc_5-Type_0
SEKOLAH TINGGI ILMU EKONOMI INDONESIA SURABAYA,JAWA TIMUR,11000000.0,B,Loc_5-Type_0
SEKOLAH TINGGI ILMU EKONOMI INSAN PEMBANGUNAN,JAWA BARAT,8000000.0,BAIK,Loc_8-Type_2
SEKOLAH TINGGI ILMU EKONOMI ISTI EKATANA UPAWEDA,D.I. YOGYAKARTA,5600000.0,BAIK,Loc_0-Type_0
SEKOLAH TINGGI ILMU EKONOMI JAMBATAN BULAN,PAPUA,14630000.0,BAIK,Loc_9-Type_2
SEKOLAH TINGGI ILMU EKONOMI JAMBATAN BULAN,PAPUA,14630000.0,BAIK,Loc_9-Type_2
SEKOLAH TINGGI ILMU EKONOMI JAMBATAN BULAN,PAPUA,14630000.0,BAIK,Loc_9-Type_2
SEKOLAH TINGGI ILMU EKONOMI JAYA NEGARA TAMANSISWA,JAWA TIMUR,5050000.0,BAIK,Loc_5-Type_2
SEKOLAH TINGGI ILMU EKONOMI JAYA NEGARA TAMANSISWA,JAWA TIMUR,5050000.0,BAIK,Loc_5-Type_2
SEKOLAH TINGGI ILMU EKONOMI JAYAKUSUMA,D.K.I. JAKARTA,5350000.0,BAIK,Loc_4-Type_0
SEKOLAH TINGGI ILMU EKONOMI KALPATARU,JAWA BARAT,8400000.0,BAIK,Loc_8-Type_2
SEKOLAH TINGGI ILMU EKONOMI KALPATARU,JAWA BARAT,8400000.0,BAIK,Loc_8-Type_2
SEKOLAH TINGGI ILMU EKONOMI KARYA,NUSA TENGGARA TIMUR,6800000.0,BAIK,Loc_0-Type_0
SEKOLAH TINGGI ILMU EKONOMI KARYA,NUSA TENGGARA TIMUR,6800000.0,BAIK,Loc_0-Type_0
SEKOLAH TINGGI ILMU EKONOMI KASIH BANGSA,D.K.I. JAKARTA,7300000.0,BAIK,Loc_4-Type_0
SEKOLAH TINGGI ILMU EKONOMI KASIH BANGSA,D.K.I. JAKARTA,7300000.0,BAIK,Loc_4-Type_0
SEKOLAH TINGGI ILMU EKONOMI KBP,SUMATERA BARAT,10000000.0,B,Loc_0-Type_2
SEKOLAH TINGGI ILMU EKONOMI KBP,SUMATERA BARAT,10000000.0,B,Loc_0-Type_2
SEKOLAH TINGGI ILMU EKONOMI KERTANEGARA,JAWA TIMUR,4800000.0,BAIK,Loc_5-Type_2
SEKOLAH TINGGI ILMU EKONOMI KESUMANEGARA,JAWA TIMUR,5250000.0,BAIK,Loc_5-Type_2
SEKOLAH TINGGI ILMU EKONOMI KESUMANEGARA,JAWA TIMUR,5250000.0,BAIK,Loc_5-Type_2
SEKOLAH TINGGI ILMU EKONOMI KOPERASI MALANG,JAWA TIMUR,6400000.0,BAIK,Loc_5-Type_2
SEKOLAH TINGGI ILMU EKONOMI KRAKATAU,LAMPUNG,4350000.0,BAIK,Loc_1-Type_0
SEKOLAH TINGGI ILMU EKONOMI KRAKATAU,LAMPUNG,4350000.0,BAIK,Loc_1-Type_0
SEKOLAH TINGGI ILMU EKONOMI KUALA KAPUAS,KALIMANTAN TENGAH,3900000.0,TIDAK TERAKREDITASI,Loc_0-Type_0
SEKOLAH TINGGI ILMU EKONOMI KUSUMA NEGARA,D.K.I. JAKARTA,45000000.0,BAIK,Loc_4-Type_0
SEKOLAH TINGGI ILMU EKONOMI LATIFAH MUBAROKIYAH,JAWA BARAT,16500000.0,BAIK,Loc_8-Type_2
SEKOLAH TINGGI ILMU EKONOMI MAHARDHIKA,JAWA TIMUR,10100000.0,B,Loc_5-Type_0
SEKOLAH TINGGI ILMU EKONOMI MAHARDHIKA,JAWA TIMUR,10100000.0,B,Loc_5-Type_0
SEKOLAH TINGGI ILMU EKONOMI MAHARDHIKA,JAWA TIMUR,10100000.0,B,Loc_5-Type_0
SEKOLAH TINGGI ILMU EKONOMI MAHARDHIKA,JAWA TIMUR,10100000.0,B,Loc_5-Type_0
SEKOLAH TINGGI ILMU EKONOMI MAKASSAR BONGAYA,SULAWESI SELATAN,13100000.0,BAIK SEKALI,Loc_3-Type_2
SEKOLAH TINGGI ILMU EKONOMI MAKASSAR BONGAYA,SULAWESI SELATAN,13100000.0,BAIK SEKALI,Loc_3-Type_2
SEKOLAH TINGGI ILMU EKONOMI MALANGKUCECWARA,JAWA TIMUR,9000000.0,BAIK SEKALI,Loc_5-Type_1
SEKOLAH TINGGI ILMU EKONOMI MALANGKUCECWARA,JAWA TIMUR,9000000.0,BAIK SEKALI,Loc_5-Type_1
SEKOLAH TINGGI ILMU EKONOMI MANAJEMEN BISNIS INDONESIA,JAWA BARAT,8100000.0,BAIK,Loc_8-Type_2
SEKOLAH TINGGI ILMU EKONOMI MANAJEMEN BISNIS INDONESIA,JAWA BARAT,8100000.0,BAIK,Loc_8-Type_2
SEKOLAH TINGGI ILMU EKONOMI MARS,SUMATERA UTARA,6000000.0,BAIK,Loc_0-Type_0
SEKOLAH TINGGI ILMU EKONOMI MARS,SUMATERA UTARA,6000000.0,BAIK,Loc_0-Type_0
SEKOLAH TINGGI ILMU EKONOMI MIFTAHUL HUDA,JAWA BARAT,5900000.0,BAIK,Loc_8-Type_2
SEKOLAH TINGGI ILMU EKONOMI MIFTAHUL HUDA,JAWA BARAT,5900000.0,BAIK,Loc_8-Type_2
SEKOLAH TINGGI ILMU EKONOMI MUHAMMADIYAH CILACAP,JAWA TENGAH,7500000.0,BAIK,Loc_7-Type_0
SEKOLAH TINGGI ILMU EKONOMI MUHAMMADIYAH CILACAP,JAWA TENGAH,7500000.0,BAIK,Loc_7-Type_0
SEKOLAH TINGGI ILMU EKONOMI MULIA DARMA PRATAMA,SUMATERA SELATAN,6100000.0,BAIK,Loc_0-Type_0
SEKOLAH TINGGI ILMU EKONOMI MULIA DARMA PRATAMA,SUMATERA SELATAN,6100000.0,BAIK,Loc_0-Type_0
SEKOLAH TINGGI ILMU EKONOMI MULIA PRATAMA,JAWA BARAT,10040000.0,BAIK,Loc_8-Type_2
SEKOLAH TINGGI ILMU EKONOMI MULIA PRATAMA,JAWA BARAT,10040000.0,BAIK,Loc_8-Type_2
SEKOLAH TINGGI ILMU EKONOMI MULIA SINGKAWANG,KALIMANTAN BARAT,4250006.0,BAIK,Loc_6-Type_2
SEKOLAH TINGGI ILMU EKONOMI NASIONAL,NUSA TENGGARA BARAT,4800000.0,BAIK,Loc_0-Type_0
SEKOLAH TINGGI ILMU EKONOMI NASIONAL BANJARMASIN,KALIMANTAN SELATAN,5980000.0,BAIK,Loc_0-Type_0
SEKOLAH TINGGI ILMU EKONOMI NASIONAL BANJARMASIN,KALIMANTAN SELATAN,5980000.0,BAIK,Loc_0-Type_0
SEKOLAH TINGGI ILMU EKONOMI NASIONAL SAMARINDA,KALIMANTAN TIMUR,4500000.0,BAIK,Loc_0-Type_0
SEKOLAH TINGGI ILMU EKONOMI NU TRATE,JAWA TIMUR,7775000.0,BAIK,Loc_5-Type_2
SEKOLAH TINGGI ILMU EKONOMI NUSANTARA MAKASSAR,SULAWESI SELATAN,4800000.0,BAIK,Loc_3-Type_0
SEKOLAH TINGGI ILMU EKONOMI NUSANTARA MAKASSAR,SULAWESI SELATAN,4800000.0,BAIK,Loc_3-Type_0
SEKOLAH TINGGI ILMU EKONOMI NUSANTARA SANGATTA,KALIMANTAN TIMUR,6400000.0,BAIK,Loc_0-Type_0
SEKOLAH TINGGI ILMU EKONOMI NUSANTARA SANGATTA,KALIMANTAN TIMUR,6400000.0,BAIK,Loc_0-Type_0
SEKOLAH TINGGI ILMU EKONOMI OEMATHONIS,NUSA TENGGARA TIMUR,6350000.0,BAIK,Loc_0-Type_0
SEKOLAH TINGGI ILMU EKONOMI OTTOW & GEISSLER SERUI,PAPUA,5000000.0,BAIK,Loc_9-Type_2
SEKOLAH TINGGI ILMU EKONOMI OTTOW & GEISSLER SERUI,PAPUA,5000000.0,BAIK,Loc_9-Type_2
SEKOLAH TINGGI ILMU EKONOMI PALANGKA RAYA,KALIMANTAN TENGAH,5750000.0,BAIK,Loc_0-Type_0
SEKOLAH TINGGI ILMU EKONOMI PALANGKA RAYA,KALIMANTAN TENGAH,5750000.0,BAIK,Loc_0-Type_0
SEKOLAH TINGGI ILMU EKONOMI PANCASETIA,KALIMANTAN SELATAN,11457143.0,BAIK SEKALI,Loc_0-Type_1
SEKOLAH TINGGI ILMU EKONOMI PANCASETIA,KALIMANTAN SELATAN,11457143.0,BAIK SEKALI,Loc_0-Type_1
SEKOLAH TINGGI ILMU EKONOMI PARIPURNA,JAWA BARAT,4500000.0,BAIK,Loc_8-Type_2
SEKOLAH TINGGI ILMU EKONOMI PARIWISATA,SULAWESI UTARA,7000000.0,BAIK,Loc_0-Type_0
SEKOLAH TINGGI ILMU EKONOMI PARIWISATA INDONESIA,JAWA TENGAH,14500000.0,B,Loc_7-Type_0
SEKOLAH TINGGI ILMU EKONOMI PARIWISATA INDONESIA,JAWA TENGAH,14500000.0,B,Loc_7-Type_0
SEKOLAH TINGGI ILMU EKONOMI PARIWISATA YAPARI,JAWA BARAT,9300000.0,BAIK,Loc_8-Type_2
SEKOLAH TINGGI ILMU EKONOMI PARIWISATA YAPARI,JAWA BARAT,9300000.0,BAIK,Loc_8-Type_2
SEKOLAH TINGGI ILMU EKONOMI PASUNDAN,JAWA BARAT,3000000.0,BAIK SEKALI,Loc_8-Type_1
SEKOLAH TINGGI ILMU EKONOMI PASUNDAN,JAWA BARAT,3000000.0,BAIK SEKALI,Loc_8-Type_1
SEKOLAH TINGGI ILMU EKONOMI PELITA BUANA,SULAWESI SELATAN,242400055.0,BAIK,Loc_3-Type_1
SEKOLAH TINGGI ILMU EKONOMI PELITA BUANA,SULAWESI SELATAN,242400055.0,BAIK,Loc_3-Type_1
SEKOLAH TINGGI ILMU EKONOMI PELITA HARAPAN NABIRE,PAPUA,6640000.0,BAIK,Loc_9-Type_2
SEKOLAH TINGGI ILMU EKONOMI PELITA NUSANTARA,JAWA TENGAH,4000000.0,B,Loc_7-Type_0
SEKOLAH TINGGI ILMU EKONOMI PELITA NUSANTARA,JAWA TENGAH,4000000.0,B,Loc_7-Type_0
SEKOLAH TINGGI ILMU EKONOMI PEMNAS INDONESIA,JAWA TIMUR,7500000.0,BAIK,Loc_5-Type_2
SEKOLAH TINGGI ILMU EKONOMI PEMUDA,JAWA TIMUR,6000000.0,BAIK,Loc_5-Type_2
SEKOLAH TINGGI ILMU EKONOMI PERBANKAN INDONESIA,SUMATERA BARAT,8200000.0,BAIK,Loc_0-Type_0
SEKOLAH TINGGI ILMU EKONOMI PERBANKAN INDONESIA,SUMATERA BARAT,8200000.0,BAIK,Loc_0-Type_0
SEKOLAH TINGGI ILMU EKONOMI PERDAGANGAN,SUMATERA BARAT,11082500.0,BAIK,Loc_0-Type_0
SEKOLAH TINGGI ILMU EKONOMI PIONER MANADO,SULAWESI UTARA,5000000.0,BAIK,Loc_0-Type_0
SEKOLAH TINGGI ILMU EKONOMI PIONER MANADO,SULAWESI UTARA,5000000.0,BAIK,Loc_0-Type_0
SEKOLAH TINGGI ILMU EKONOMI PORT NUMBAY JAYAPURA,PAPUA,13030000.0,BAIK,Loc_9-Type_2
SEKOLAH TINGGI ILMU EKONOMI PORT NUMBAY JAYAPURA,PAPUA,13030000.0,BAIK,Loc_9-Type_2
SEKOLAH TINGGI ILMU EKONOMI PPI,BANTEN,4950000.0,B,Loc_0-Type_2
SEKOLAH TINGGI ILMU EKONOMI PPI,BANTEN,4950000.0,B,Loc_0-Type_2
SEKOLAH TINGGI ILMU EKONOMI PROFESSIONAL MANAJEMEN COLLEGE INDONESIA,SUMATERA UTARA,10800000.0,B,Loc_0-Type_2
SEKOLAH TINGGI ILMU EKONOMI PUTRA TIMOR,NUSA TENGGARA TIMUR,4800000.0,BAIK,Loc_0-Type_0
SEKOLAH TINGGI ILMU EKONOMI RAGAM TUNAS,LAMPUNG,6750000.0,BAIK,Loc_1-Type_0
SEKOLAH TINGGI ILMU EKONOMI RAGAM TUNAS,LAMPUNG,6750000.0,BAIK,Loc_1-Type_0
SEKOLAH TINGGI ILMU EKONOMI RAJAWALI,JAWA TENGAH,2700000.0,BAIK,Loc_7-Type_0
SEKOLAH TINGGI ILMU EKONOMI RAJAWALI,JAWA TENGAH,2700000.0,BAIK,Loc_7-Type_0
SEKOLAH TINGGI ILMU EKONOMI SAKTI ALAM KERINCI,JAMBI,12000000.0,B,Loc_0-Type_2
SEKOLAH TINGGI ILMU EKONOMI SAKTI ALAM KERINCI,JAMBI,12000000.0,B,Loc_0-Type_2
SEKOLAH TINGGI ILMU EKONOMI SAKTI ALAM KERINCI,JAMBI,12000000.0,B,Loc_0-Type_2
SEKOLAH TINGGI ILMU EKONOMI SAMARINDA,KALIMANTAN TIMUR,4950000.0,BAIK,Loc_0-Type_0
SEKOLAH TINGGI ILMU EKONOMI SAMPIT,KALIMANTAN TENGAH,11325000.0,BAIK,Loc_0-Type_0
SEKOLAH TINGGI ILMU EKONOMI SAMPIT,KALIMANTAN TENGAH,11325000.0,BAIK,Loc_0-Type_0
SEKOLAH TINGGI ILMU EKONOMI SATRIA,JAWA TENGAH,6000000.0,BAIK,Loc_7-Type_0
SEKOLAH TINGGI ILMU EKONOMI SATYA DHARMA,BALI,7000000.0,BAIK,Loc_0-Type_0
SEKOLAH TINGGI ILMU EKONOMI SBI,D.I. YOGYAKARTA,4565000.0,B,Loc_0-Type_2
SEKOLAH TINGGI ILMU EKONOMI SBI,D.I. YOGYAKARTA,4565000.0,B,Loc_0-Type_2
SEKOLAH TINGGI ILMU EKONOMI SEMARANG,JAWA TENGAH,15050000.0,BAIK SEKALI,Loc_7-Type_2
SEKOLAH TINGGI ILMU EKONOMI SEMARANG,JAWA TENGAH,15050000.0,BAIK SEKALI,Loc_7-Type_2
SEKOLAH TINGGI ILMU EKONOMI STAN IM,JAWA BARAT,42400000.0,BAIK,Loc_8-Type_2
SEKOLAH TINGGI ILMU EKONOMI STAN IM,JAWA BARAT,42400000.0,BAIK,Loc_8-Type_2
SEKOLAH TINGGI ILMU EKONOMI STUDI EKONOMI MODERN,JAWA TENGAH,32610000.0,BAIK,Loc_7-Type_0
SEKOLAH TINGGI ILMU EKONOMI STUDI EKONOMI MODERN,JAWA TENGAH,32610000.0,BAIK,Loc_7-Type_0
SEKOLAH TINGGI ILMU EKONOMI SULTAN AGUNG,SUMATERA UTARA,8000000.0,BAIK,Loc_0-Type_0
SEKOLAH TINGGI ILMU EKONOMI SULTAN AGUNG,SUMATERA UTARA,8000000.0,BAIK,Loc_0-Type_0
SEKOLAH TINGGI ILMU EKONOMI SURAKARTA,JAWA TENGAH,5100000.0,B,Loc_7-Type_0
SEKOLAH TINGGI ILMU EKONOMI SURAKARTA,JAWA TENGAH,5100000.0,B,Loc_7-Type_0
SEKOLAH TINGGI ILMU EKONOMI SUTAATMADJA,JAWA BARAT,10325000.0,BAIK SEKALI,Loc_8-Type_1
SEKOLAH TINGGI ILMU EKONOMI SUTAATMADJA,JAWA BARAT,10325000.0,BAIK SEKALI,Loc_8-Type_1
SEKOLAH TINGGI ILMU EKONOMI SWASTA MANDIRI,JAWA TENGAH,4800000.0,BAIK,Loc_7-Type_0
SEKOLAH TINGGI ILMU EKONOMI TOTALWIN,JAWA TENGAH,9100000.0,BAIK,Loc_7-Type_0
SEKOLAH TINGGI ILMU EKONOMI TOTALWIN,JAWA TENGAH,9100000.0,BAIK,Loc_7-Type_0
SEKOLAH TINGGI ILMU EKONOMI TRI BHAKTI,JAWA BARAT,6400000.0,BAIK SEKALI,Loc_8-Type_1
SEKOLAH TINGGI ILMU EKONOMI TRI BHAKTI,JAWA BARAT,6400000.0,BAIK SEKALI,Loc_8-Type_1
SEKOLAH TINGGI ILMU EKONOMI TRI DHARMA NUSANTARA,SULAWESI SELATAN,4000000.0,BAIK,Loc_3-Type_0
SEKOLAH TINGGI ILMU EKONOMI TRI DHARMA NUSANTARA,SULAWESI SELATAN,4000000.0,BAIK,Loc_3-Type_0
SEKOLAH TINGGI ILMU EKONOMI TRI DHARMA WIDYA,D.K.I. JAKARTA,7800000.0,BAIK,Loc_4-Type_0
SEKOLAH TINGGI ILMU EKONOMI TRI DHARMA WIDYA,D.K.I. JAKARTA,7800000.0,BAIK,Loc_4-Type_0
SEKOLAH TINGGI ILMU EKONOMI TRIANANDRA,D.K.I. JAKARTA,4700000.0,BAIK,Loc_4-Type_0
SEKOLAH TINGGI ILMU EKONOMI TRIANANDRA,D.K.I. JAKARTA,4700000.0,BAIK,Loc_4-Type_0
SEKOLAH TINGGI ILMU EKONOMI TRISAKTI,D.K.I. JAKARTA,19780000.0,UNGGUL,Loc_4-Type_2
SEKOLAH TINGGI ILMU EKONOMI TRISAKTI,D.K.I. JAKARTA,19780000.0,UNGGUL,Loc_4-Type_2
SEKOLAH TINGGI ILMU EKONOMI TRISNA NEGARA,SUMATERA SELATAN,17500000.0,BAIK,Loc_0-Type_0
SEKOLAH TINGGI ILMU EKONOMI WIDYA DARMA KOTAMOBAGU,SULAWESI UTARA,4800000.0,BAIK,Loc_0-Type_0
SEKOLAH TINGGI ILMU EKONOMI WIDYA DARMA KOTAMOBAGU,SULAWESI UTARA,4800000.0,BAIK,Loc_0-Type_0
SEKOLAH TINGGI ILMU EKONOMI WIDYA GAMA,JAWA TIMUR,5800000.0,BAIK,Loc_5-Type_2
SEKOLAH TINGGI ILMU EKONOMI WIDYA GAMA,JAWA TIMUR,5800000.0,BAIK,Loc_5-Type_2
SEKOLAH TINGGI ILMU EKONOMI WIDYA MANGGALA,JAWA TENGAH,3200000.0,BAIK SEKALI,Loc_7-Type_2
SEKOLAH TINGGI ILMU EKONOMI WIDYA MANGGALA,JAWA TENGAH,3200000.0,BAIK SEKALI,Loc_7-Type_2
SEKOLAH TINGGI ILMU EKONOMI WIDYA MANGGALA,JAWA TENGAH,3200000.0,BAIK SEKALI,Loc_7-Type_2
SEKOLAH TINGGI ILMU EKONOMI WIDYA MANGGALIA,JAWA TENGAH,6270000.0,BAIK,Loc_7-Type_0
SEKOLAH TINGGI ILMU EKONOMI WIDYA PERSADA,D.K.I. JAKARTA,5000000.0,BAIK,Loc_4-Type_0
SEKOLAH TINGGI ILMU EKONOMI WIDYA PERSADA,D.K.I. JAKARTA,5000000.0,BAIK,Loc_4-Type_0
SEKOLAH TINGGI ILMU EKONOMI WIDYA WIWAHA,D.I. YOGYAKARTA,6250000.0,B,Loc_0-Type_2
SEKOLAH TINGGI ILMU EKONOMI WIDYA WIWAHA,D.I. YOGYAKARTA,6250000.0,B,Loc_0-Type_2
SEKOLAH TINGGI ILMU EKONOMI WIDYA WIWAHA,D.I. YOGYAKARTA,6250000.0,B,Loc_0-Type_2
SEKOLAH TINGGI ILMU EKONOMI WIJAYA MULYA,JAWA TENGAH,6270000.0,BAIK,Loc_7-Type_0
SEKOLAH TINGGI ILMU EKONOMI WIJAYA MULYA,JAWA TENGAH,6270000.0,BAIK,Loc_7-Type_0
SEKOLAH TINGGI ILMU EKONOMI WIYATAMANDALA,D.K.I. JAKARTA,10050000.0,BAIK,Loc_4-Type_0
SEKOLAH TINGGI ILMU EKONOMI WIYATAMANDALA,D.K.I. JAKARTA,10050000.0,BAIK,Loc_4-Type_0
SEKOLAH TINGGI ILMU EKONOMI YAI,D.K.I. JAKARTA,12100000.0,BAIK,Loc_4-Type_0
SEKOLAH TINGGI ILMU EKONOMI YAI,D.K.I. JAKARTA,12100000.0,BAIK,Loc_4-Type_0
SEKOLAH TINGGI ILMU EKONOMI YAPI BONE,SULAWESI SELATAN,4800000.0,BAIK,Loc_3-Type_0
SEKOLAH TINGGI ILMU EKONOMI YAPI BONE,SULAWESI SELATAN,4800000.0,BAIK,Loc_3-Type_0
SEKOLAH TINGGI ILMU EKONOMI YAPMAN MAJENE,SULAWESI BARAT,3500000.0,BAIK,Loc_0-Type_0
SEKOLAH TINGGI ILMU EKONOMI YASA ANGGANA,JAWA BARAT,10600000.0,BAIK,Loc_8-Type_2
SEKOLAH TINGGI ILMU EKONOMI YASMI,JAWA BARAT,4800000.0,BAIK,Loc_8-Type_2
SEKOLAH TINGGI ILMU EKONOMI YKP,D.I. YOGYAKARTA,9990000.0,B,Loc_0-Type_2
SEKOLAH TINGGI ILMU EKONOMI YKP,D.I. YOGYAKARTA,9990000.0,B,Loc_0-Type_2
SEKOLAH TINGGI ILMU EKONOMI YKPN,D.I. YOGYAKARTA,14000000.0,UNGGUL,Loc_0-Type_1
SEKOLAH TINGGI ILMU EKONOMI YKPN,D.I. YOGYAKARTA,14000000.0,UNGGUL,Loc_0-Type_1
SEKOLAH TINGGI ILMU EKONOMI YKPN,D.I. YOGYAKARTA,14000000.0,UNGGUL,Loc_0-Type_1
SEKOLAH TINGGI ILMU EKONOMI YPHB,ACEH,5000000.0,BAIK,Loc_0-Type_0
SEKOLAH TINGGI ILMU EKONOMI YPUP MAKASSAR,SULAWESI SELATAN,6300000.0,BAIK,Loc_3-Type_0
SEKOLAH TINGGI ILMU EKONOMI YPUP MAKASSAR,SULAWESI SELATAN,6300000.0,BAIK,Loc_3-Type_0
SEKOLAH TINGGI ILMU FARMASI BHAKTI PERTIWI,SUMATERA SELATAN,12550000.0,BAIK SEKALI,Loc_0-Type_1
SEKOLAH TINGGI ILMU FARMASI NUSAPUTERA,JAWA TENGAH,10600000.0,BAIK,Loc_7-Type_0
SEKOLAH TINGGI ILMU FARMASI PADANG,SUMATERA BARAT,16100000.0,BAIK SEKALI,Loc_0-Type_1
SEKOLAH TINGGI ILMU HUKUM ADHYAKSA,D.K.I. JAKARTA,12000000.0,BAIK SEKALI,Loc_4-Type_0
SEKOLAH TINGGI ILMU HUKUM AL-BANNA,ACEH,5000000.0,BAIK,Loc_0-Type_0
SEKOLAH TINGGI ILMU HUKUM AWANG LONG,KALIMANTAN TIMUR,6000000.0,BAIK SEKALI,Loc_0-Type_1
SEKOLAH TINGGI ILMU HUKUM BIAK-PAPUA,PAPUA,6200000.0,BAIK SEKALI,Loc_9-Type_0
SEKOLAH TINGGI ILMU HUKUM CENDANA WANGI,NUSA TENGGARA TIMUR,4700000.0,BAIK,Loc_0-Type_0
SEKOLAH TINGGI ILMU HUKUM DAN POLITIK PELOPOR BANGSA,JAWA BARAT,9600000.0,BAIK,Loc_8-Type_2
SEKOLAH TINGGI ILMU HUKUM DAN POLITIK PELOPOR BANGSA,JAWA BARAT,9600000.0,BAIK,Loc_8-Type_2
SEKOLAH TINGGI ILMU HUKUM GRAHA KIRANA,SUMATERA UTARA,2000000.0,BAIK,Loc_0-Type_0
SEKOLAH TINGGI ILMU HUKUM GUNUNG JATI,BANTEN,251500000.0,BAIK,Loc_0-Type_2
SEKOLAH TINGGI ILMU HUKUM HABARING HURUNG SAMPIT,KALIMANTAN TENGAH,6750000.0,BAIK SEKALI,Loc_0-Type_1
SEKOLAH TINGGI ILMU HUKUM IBLAM,D.K.I. JAKARTA,7625000.0,BAIK SEKALI,Loc_4-Type_0
SEKOLAH TINGGI ILMU HUKUM JENDERAL SUDIRMAN,JAWA TIMUR,7000000.0,BAIK SEKALI,Loc_5-Type_1
SEKOLAH TINGGI ILMU HUKUM MANOKWARI,PAPUA BARAT,7000000.0,BAIK SEKALI,Loc_2-Type_1
SEKOLAH TINGGI ILMU HUKUM MIMIKA,PAPUA,7000000.0,BAIK,Loc_9-Type_2
SEKOLAH TINGGI ILMU HUKUM PROFESOR GAYUS LUMBUUN,D.K.I. JAKARTA,7000000.0,BAIK SEKALI,Loc_4-Type_0
SEKOLAH TINGGI ILMU HUKUM SOELTHAN M TSJAFIOEDDIN,KALIMANTAN BARAT,7500000.0,BAIK,Loc_6-Type_2
SEKOLAH TINGGI ILMU HUKUM SUNAN GIRI,JAWA TIMUR,6000000.0,BAIK,Loc_5-Type_2
SEKOLAH TINGGI ILMU HUKUM TAMBUN BUNGAI,KALIMANTAN TENGAH,6300000.0,BAIK,Loc_0-Type_0
SEKOLAH TINGGI ILMU HUKUM ZAINUL HASAN,JAWA TIMUR,4800000.0,BAIK,Loc_5-Type_2
SEKOLAH TINGGI ILMU KEHUTANAN PANTE KULU,ACEH,4800000.0,BAIK,Loc_0-Type_0
SEKOLAH TINGGI ILMU KEPERAWATAN PPNI JAWA BARAT,JAWA BARAT,15000000.0,TERAKREDITASI,Loc_8-Type_2
SEKOLAH TINGGI ILMU KESEHATAN ABDI NUSANTARA,D.K.I. JAKARTA,26400000.0,BAIK,Loc_4-Type_0
SEKOLAH TINGGI ILMU KESEHATAN ABDI PERSADA BANJARMASIN,KALIMANTAN SELATAN,12900000.0,BAIK,Loc_0-Type_0
SEKOLAH TINGGI ILMU KESEHATAN ABDURAHMAN PALEMBANG,SUMATERA SELATAN,21350000.0,BAIK,Loc_0-Type_0
SEKOLAH TINGGI ILMU KESEHATAN ABDURAHMAN PALEMBANG,SUMATERA SELATAN,21350000.0,BAIK,Loc_0-Type_0
SEKOLAH TINGGI ILMU KESEHATAN AHMAD DAHLAN CIREBON,JAWA BARAT,20850000.0,BAIK,Loc_8-Type_2
SEKOLAH TINGGI ILMU KESEHATAN AL-SU'AIBAH,SUMATERA SELATAN,11650000.0,BAIK,Loc_0-Type_0
SEKOLAH TINGGI ILMU KESEHATAN AL-SU'AIBAH,SUMATERA SELATAN,11650000.0,BAIK,Loc_0-Type_0
SEKOLAH TINGGI ILMU KESEHATAN AN NUR HUSADA LAMPUNG UTARA,LAMPUNG,6900000.0,BAIK,Loc_1-Type_0
SEKOLAH TINGGI ILMU KESEHATAN AR-RUM,JAWA TENGAH,7000000.0,BAIK,Loc_7-Type_0
SEKOLAH TINGGI ILMU KESEHATAN ARJUNA,SUMATERA UTARA,4500000.0,BAIK,Loc_0-Type_0
SEKOLAH TINGGI ILMU KESEHATAN ARTA KABANJAHE,SUMATERA UTARA,8000000.0,BAIK,Loc_0-Type_0
SEKOLAH TINGGI ILMU KESEHATAN ARTA KABANJAHE,SUMATERA UTARA,8000000.0,BAIK,Loc_0-Type_0
SEKOLAH TINGGI ILMU KESEHATAN ARTHA BODHI ISWARA,JAWA TIMUR,9000000.0,B,Loc_5-Type_0
SEKOLAH TINGGI ILMU KESEHATAN BALA KESELAMATAN PALU,SULAWESI TENGAH,5900000.0,BAIK,Loc_0-Type_0
SEKOLAH TINGGI ILMU KESEHATAN BANTEN,BANTEN,10800000.0,BAIK,Loc_0-Type_0
SEKOLAH TINGGI ILMU KESEHATAN BANTEN,BANTEN,10800000.0,BAIK,Loc_0-Type_0
SEKOLAH TINGGI ILMU KESEHATAN BANTUL,D.I. YOGYAKARTA,8800000.0,BAIK,Loc_0-Type_0
SEKOLAH TINGGI ILMU KESEHATAN BARAMULI,SULAWESI SELATAN,8000000.0,BAIK,Loc_3-Type_0
SEKOLAH TINGGI ILMU KESEHATAN BARAMULI,SULAWESI SELATAN,8000000.0,BAIK,Loc_3-Type_0
SEKOLAH TINGGI ILMU KESEHATAN BETHESDA TOMOHON,SULAWESI UTARA,9350000.0,BAIK,Loc_0-Type_0
SEKOLAH TINGGI ILMU KESEHATAN BETHESDA TOMOHON,SULAWESI UTARA,9350000.0,BAIK,Loc_0-Type_0
SEKOLAH TINGGI ILMU KESEHATAN BETHESDA YAKKUM,D.I. YOGYAKARTA,17995000.0,B,Loc_0-Type_2
SEKOLAH TINGGI ILMU KESEHATAN BETHESDA YAKKUM,D.I. YOGYAKARTA,17995000.0,B,Loc_0-Type_2
SEKOLAH TINGGI ILMU KESEHATAN BETHESDA YAKKUM,D.I. YOGYAKARTA,17995000.0,B,Loc_0-Type_2
SEKOLAH TINGGI ILMU KESEHATAN BETHESDA YAKKUM,D.I. YOGYAKARTA,17995000.0,B,Loc_0-Type_2
SEKOLAH TINGGI ILMU KESEHATAN BHAKTI HUSADA CIKARANG,JAWA BARAT,18000000.0,BAIK,Loc_8-Type_2
SEKOLAH TINGGI ILMU KESEHATAN BHAKTI HUSADA CIKARANG,JAWA BARAT,18000000.0,BAIK,Loc_8-Type_2
SEKOLAH TINGGI ILMU KESEHATAN BINA HUSADA,SUMATERA SELATAN,18365000.0,BAIK SEKALI,Loc_0-Type_1
SEKOLAH TINGGI ILMU KESEHATAN BINA HUSADA,SUMATERA SELATAN,18365000.0,BAIK SEKALI,Loc_0-Type_1
SEKOLAH TINGGI ILMU KESEHATAN BINALITA SUDAMA,SUMATERA UTARA,16000000.0,BAIK,Loc_0-Type_0
SEKOLAH TINGGI ILMU KESEHATAN BOGOR HUSADA,JAWA BARAT,20000000.0,BAIK,Loc_8-Type_2
SEKOLAH TINGGI ILMU KESEHATAN BOGOR HUSADA,JAWA BARAT,20000000.0,BAIK,Loc_8-Type_2
SEKOLAH TINGGI ILMU KESEHATAN BUDI KEMULIAAN,D.K.I. JAKARTA,85850000.0,BAIK,Loc_4-Type_0
SEKOLAH TINGGI ILMU KESEHATAN CIANJUR,JAWA BARAT,15000000.0,BAIK,Loc_8-Type_2
SEKOLAH TINGGI ILMU KESEHATAN COLUMBIA ASIA,SUMATERA UTARA,6973500.0,BAIK,Loc_0-Type_0
SEKOLAH TINGGI ILMU KESEHATAN COLUMBIA ASIA,SUMATERA UTARA,6973500.0,BAIK,Loc_0-Type_0
SEKOLAH TINGGI ILMU KESEHATAN DARMO,SUMATERA UTARA,7000000.0,BAIK,Loc_0-Type_0
SEKOLAH TINGGI ILMU KESEHATAN DATU KAMANRE,SULAWESI SELATAN,3600000.0,BAIK,Loc_3-Type_0
SEKOLAH TINGGI ILMU KESEHATAN DATU KAMANRE,SULAWESI SELATAN,3600000.0,BAIK,Loc_3-Type_0
SEKOLAH TINGGI ILMU KESEHATAN FATIMA PAREPARE,SULAWESI SELATAN,8400000.0,BAIK,Loc_3-Type_0
SEKOLAH TINGGI ILMU KESEHATAN FATMAWATI,D.K.I. JAKARTA,18950000.0,BAIK,Loc_4-Type_0
SEKOLAH TINGGI ILMU KESEHATAN FLORA,SUMATERA UTARA,6000000.0,BAIK,Loc_0-Type_0
SEKOLAH TINGGI ILMU KESEHATAN FLORA,SUMATERA UTARA,6000000.0,BAIK,Loc_0-Type_0
SEKOLAH TINGGI ILMU KESEHATAN GRIYA HUSADA SURABAYA,JAWA TIMUR,6900000.0,BAIK,Loc_5-Type_2
SEKOLAH TINGGI ILMU KESEHATAN GUNUNG MARIA TOMOHON,SULAWESI UTARA,6200000.0,BAIK,Loc_0-Type_0
SEKOLAH TINGGI ILMU KESEHATAN GUNUNG SARI,SULAWESI SELATAN,6400000.0,BAIK,Loc_3-Type_0
SEKOLAH TINGGI ILMU KESEHATAN GUNUNG SARI,SULAWESI SELATAN,6400000.0,BAIK,Loc_3-Type_0
SEKOLAH TINGGI ILMU KESEHATAN HAKLI,JAWA TENGAH,9600000.0,BAIK,Loc_7-Type_0
SEKOLAH TINGGI ILMU KESEHATAN HANG TUAH SURABAYA,JAWA TIMUR,15050000.0,BAIK,Loc_5-Type_2
SEKOLAH TINGGI ILMU KESEHATAN HANG TUAH SURABAYA,JAWA TIMUR,15050000.0,BAIK,Loc_5-Type_2
SEKOLAH TINGGI ILMU KESEHATAN HARAPAN BANGSA,JAWA TIMUR,11000000.0,BAIK,Loc_5-Type_2
SEKOLAH TINGGI ILMU KESEHATAN HARAPAN IBU JAMBI,JAMBI,14950000.0,BAIK SEKALI,Loc_0-Type_1
SEKOLAH TINGGI ILMU KESEHATAN HARAPAN IBU JAMBI,JAMBI,14950000.0,BAIK SEKALI,Loc_0-Type_1
SEKOLAH TINGGI ILMU KESEHATAN HARAPAN IBU JAMBI,JAMBI,14950000.0,BAIK SEKALI,Loc_0-Type_1
SEKOLAH TINGGI ILMU KESEHATAN HESTI WIRA SRIWIJAYA,SUMATERA SELATAN,25100000.0,BAIK SEKALI,Loc_0-Type_1
SEKOLAH TINGGI ILMU KESEHATAN HOLISTIK,JAWA BARAT,16000000.0,BAIK,Loc_8-Type_2
SEKOLAH TINGGI ILMU KESEHATAN IKIFA,D.K.I. JAKARTA,27600000.0,BAIK,Loc_4-Type_0
SEKOLAH TINGGI ILMU KESEHATAN INDAH MEDAN,SUMATERA UTARA,8100000.0,BAIK,Loc_0-Type_0
SEKOLAH TINGGI ILMU KESEHATAN INDRAMAYU,JAWA BARAT,17675000.0,BAIK,Loc_8-Type_2
SEKOLAH TINGGI ILMU KESEHATAN INDRAMAYU,JAWA BARAT,17675000.0,BAIK,Loc_8-Type_2
SEKOLAH TINGGI ILMU KESEHATAN INDRAMAYU,JAWA BARAT,17675000.0,BAIK,Loc_8-Type_2
SEKOLAH TINGGI ILMU KESEHATAN INTAN MARTAPURA,KALIMANTAN SELATAN,6400000.0,BAIK,Loc_0-Type_0
SEKOLAH TINGGI ILMU KESEHATAN INTAN MARTAPURA,KALIMANTAN SELATAN,6400000.0,BAIK,Loc_0-Type_0
SEKOLAH TINGGI ILMU KESEHATAN ISFI BANJARMASIN,KALIMANTAN SELATAN,13850000.0,BAIK,Loc_0-Type_0
SEKOLAH TINGGI ILMU KESEHATAN JABAL GHAFUR,ACEH,5900000.0,BAIK,Loc_0-Type_0
SEKOLAH TINGGI ILMU KESEHATAN KAMUS ARUNIKA,SULAWESI SELATAN,2900000.0,BAIK,Loc_3-Type_0
SEKOLAH TINGGI ILMU KESEHATAN KARYA KESEHATAN,SULAWESI TENGGARA,5500000.0,BAIK,Loc_0-Type_0
SEKOLAH TINGGI ILMU KESEHATAN KARYA KESEHATAN,SULAWESI TENGGARA,5500000.0,BAIK,Loc_0-Type_0
SEKOLAH TINGGI ILMU KESEHATAN KELUARGA BUNDA JAMBI,JAMBI,14000000.0,BAIK,Loc_0-Type_0
SEKOLAH TINGGI ILMU KESEHATAN KELUARGA BUNDA JAMBI,JAMBI,14000000.0,BAIK,Loc_0-Type_0
SEKOLAH TINGGI ILMU KESEHATAN KENDAL,JAWA TENGAH,21042000.0,BAIK,Loc_7-Type_0
SEKOLAH TINGGI ILMU KESEHATAN KENDAL,JAWA TENGAH,21042000.0,BAIK,Loc_7-Type_0
SEKOLAH TINGGI ILMU KESEHATAN KENDAL,JAWA TENGAH,21042000.0,BAIK,Loc_7-Type_0
SEKOLAH TINGGI ILMU KESEHATAN KEPANJEN,JAWA TIMUR,15450000.0,BAIK SEKALI,Loc_5-Type_1
SEKOLAH TINGGI ILMU KESEHATAN KEPANJEN,JAWA TIMUR,15450000.0,BAIK SEKALI,Loc_5-Type_1
SEKOLAH TINGGI ILMU KESEHATAN KESDAM IV / DIPONEGORO,JAWA TENGAH,15000000.0,BAIK,Loc_7-Type_0
SEKOLAH TINGGI ILMU KESEHATAN KESDAM IX/UDAYANA,BALI,13300000.0,BAIK,Loc_0-Type_0
SEKOLAH TINGGI ILMU KESEHATAN KESDAM IX/UDAYANA,BALI,13300000.0,BAIK,Loc_0-Type_0
SEKOLAH TINGGI ILMU KESEHATAN KESEHATAN BARU,SUMATERA UTARA,5700000.0,BAIK,Loc_0-Type_0
SEKOLAH TINGGI ILMU KESEHATAN MAHARANI,JAWA TIMUR,6750000.0,B,Loc_5-Type_0
SEKOLAH TINGGI ILMU KESEHATAN MAHARDIKA CIREBON,JAWA BARAT,11700000.0,BAIK,Loc_8-Type_2
SEKOLAH TINGGI ILMU KESEHATAN MAHARDIKA CIREBON,JAWA BARAT,11700000.0,BAIK,Loc_8-Type_2
SEKOLAH TINGGI ILMU KESEHATAN MAJAPAHIT,JAWA TIMUR,24900000.0,B,Loc_5-Type_0
SEKOLAH TINGGI ILMU KESEHATAN MAJAPAHIT,JAWA TIMUR,24900000.0,B,Loc_5-Type_0
SEKOLAH TINGGI ILMU KESEHATAN MAJAPAHIT,JAWA TIMUR,24900000.0,B,Loc_5-Type_0
SEKOLAH TINGGI ILMU KESEHATAN MAKARIWO HALMAHERA,MALUKU UTARA,41500000.0,BAIK,Loc_0-Type_0
SEKOLAH TINGGI ILMU KESEHATAN MAKASSAR,SULAWESI SELATAN,10900000.0,BAIK SEKALI,Loc_3-Type_2
SEKOLAH TINGGI ILMU KESEHATAN MAKASSAR,SULAWESI SELATAN,10900000.0,BAIK SEKALI,Loc_3-Type_2
SEKOLAH TINGGI ILMU KESEHATAN MAKASSAR,SULAWESI SELATAN,10900000.0,BAIK SEKALI,Loc_3-Type_2
SEKOLAH TINGGI ILMU KESEHATAN MATARAM,NUSA TENGGARA BARAT,13500000.0,BAIK SEKALI,Loc_0-Type_1
SEKOLAH TINGGI ILMU KESEHATAN MATARAM,NUSA TENGGARA BARAT,13500000.0,BAIK SEKALI,Loc_0-Type_1
SEKOLAH TINGGI ILMU KESEHATAN MAYAPADA,D.K.I. JAKARTA,14300000.0,BAIK,Loc_4-Type_0
SEKOLAH TINGGI ILMU KESEHATAN MEDISTRA INDONESIA,JAWA BARAT,28500000.0,UNGGUL,Loc_8-Type_0
SEKOLAH TINGGI ILMU KESEHATAN MEDISTRA INDONESIA,JAWA BARAT,28500000.0,UNGGUL,Loc_8-Type_0
SEKOLAH TINGGI ILMU KESEHATAN MEDISTRA INDONESIA,JAWA BARAT,28500000.0,UNGGUL,Loc_8-Type_0
SEKOLAH TINGGI ILMU KESEHATAN MERANGIN,JAMBI,11400000.0,BAIK,Loc_0-Type_0
SEKOLAH TINGGI ILMU KESEHATAN MERANGIN,JAMBI,11400000.0,BAIK,Loc_0-Type_0
SEKOLAH TINGGI ILMU KESEHATAN MITRA ADIGUNA,SUMATERA SELATAN,6750000.0,BAIK,Loc_0-Type_0
SEKOLAH TINGGI ILMU KESEHATAN MITRA HUSADA MEDAN,SUMATERA UTARA,11750000.0,UNGGUL,Loc_0-Type_0
SEKOLAH TINGGI ILMU KESEHATAN MITRA KELUARGA,JAWA BARAT,17640000.0,TERAKREDITASI,Loc_8-Type_1
SEKOLAH TINGGI ILMU KESEHATAN MITRA KELUARGA,JAWA BARAT,17640000.0,TERAKREDITASI,Loc_8-Type_1
SEKOLAH TINGGI ILMU KESEHATAN MITRA KELUARGA,JAWA BARAT,17640000.0,TERAKREDITASI,Loc_8-Type_1
SEKOLAH TINGGI ILMU KESEHATAN MITRA SEJATI,SUMATERA UTARA,24600000.0,BAIK,Loc_0-Type_0
SEKOLAH TINGGI ILMU KESEHATAN MUHAMMADIYAH WONOSOBO,JAWA TENGAH,6900000.0,BAIK SEKALI,Loc_7-Type_2
SEKOLAH TINGGI ILMU KESEHATAN MUTIARA MAHAKAM SAMARINDA,KALIMANTAN TIMUR,13500000.0,BAIK,Loc_0-Type_0
SEKOLAH TINGGI ILMU KESEHATAN MUTIARA MAHAKAM SAMARINDA,KALIMANTAN TIMUR,13500000.0,BAIK,Loc_0-Type_0
SEKOLAH TINGGI ILMU KESEHATAN NANI HASANUDDIN,SULAWESI SELATAN,14375000.0,B,Loc_3-Type_2
SEKOLAH TINGGI ILMU KESEHATAN NANI HASANUDDIN,SULAWESI SELATAN,14375000.0,B,Loc_3-Type_2
SEKOLAH TINGGI ILMU KESEHATAN NASIONAL,JAWA TENGAH,13970000.0,BAIK,Loc_7-Type_0
SEKOLAH TINGGI ILMU KESEHATAN NOTOKUSUMO YOGYAKARTA,D.I. YOGYAKARTA,7950000.0,BAIK SEKALI,Loc_0-Type_1
SEKOLAH TINGGI ILMU KESEHATAN NOTOKUSUMO YOGYAKARTA,D.I. YOGYAKARTA,7950000.0,BAIK SEKALI,Loc_0-Type_1
SEKOLAH TINGGI ILMU KESEHATAN NUSANTARA,NUSA TENGGARA TIMUR,8000000.0,B,Loc_0-Type_2
SEKOLAH TINGGI ILMU KESEHATAN NUSANTARA,NUSA TENGGARA TIMUR,8000000.0,B,Loc_0-Type_2
SEKOLAH TINGGI ILMU KESEHATAN PANCA BHAKTI,LAMPUNG,9000000.0,BAIK,Loc_1-Type_0
SEKOLAH TINGGI ILMU KESEHATAN PANCA BHAKTI,LAMPUNG,9000000.0,BAIK,Loc_1-Type_0
SEKOLAH TINGGI ILMU KESEHATAN PANRITA HUSADA BULUKUMBA,SULAWESI SELATAN,5750000.0,BAIK,Loc_3-Type_0
SEKOLAH TINGGI ILMU KESEHATAN PANRITA HUSADA BULUKUMBA,SULAWESI SELATAN,5750000.0,BAIK,Loc_3-Type_0
SEKOLAH TINGGI ILMU KESEHATAN PANRITA HUSADA BULUKUMBA,SULAWESI SELATAN,5750000.0,BAIK,Loc_3-Type_0
SEKOLAH TINGGI ILMU KESEHATAN PANTI KOSALA,JAWA TENGAH,12700000.0,BAIK SEKALI,Loc_7-Type_2
SEKOLAH TINGGI ILMU KESEHATAN PANTI KOSALA,JAWA TENGAH,12700000.0,BAIK SEKALI,Loc_7-Type_2
SEKOLAH TINGGI ILMU KESEHATAN PANTI RAPIH YOGYAKARTA,D.I. YOGYAKARTA,19370000.0,BAIK SEKALI,Loc_0-Type_1
SEKOLAH TINGGI ILMU KESEHATAN PANTI RAPIH YOGYAKARTA,D.I. YOGYAKARTA,19370000.0,BAIK SEKALI,Loc_0-Type_1
SEKOLAH TINGGI ILMU KESEHATAN PAPUA,PAPUA BARAT,29900000.0,BAIK,Loc_2-Type_0
SEKOLAH TINGGI ILMU KESEHATAN PAPUA,PAPUA BARAT,29900000.0,BAIK,Loc_2-Type_0
SEKOLAH TINGGI ILMU KESEHATAN PASAR REBO,D.K.I. JAKARTA,29000000.0,BAIK,Loc_4-Type_0
SEKOLAH TINGGI ILMU KESEHATAN PATRIOT BANGSA LAMPUNG,LAMPUNG,11000000.0,BAIK,Loc_1-Type_0
SEKOLAH TINGGI ILMU KESEHATAN PELITA ILMU DEPOK,JAWA BARAT,15300000.0,BAIK,Loc_8-Type_2
SEKOLAH TINGGI ILMU KESEHATAN PELITA ILMU DEPOK,JAWA BARAT,15300000.0,BAIK,Loc_8-Type_2
SEKOLAH TINGGI ILMU KESEHATAN PEMKAB PURWOREJO,JAWA TENGAH,12350000.0,BAIK SEKALI,Loc_7-Type_2
SEKOLAH TINGGI ILMU KESEHATAN PERTAMEDIKA,D.K.I. JAKARTA,22800000.0,B,Loc_4-Type_1
SEKOLAH TINGGI ILMU KESEHATAN PERTAMEDIKA,D.K.I. JAKARTA,22800000.0,B,Loc_4-Type_1
SEKOLAH TINGGI ILMU KESEHATAN RAJEKWESI BOJONEGORO,JAWA TIMUR,10000000.0,TERAKREDITASI,Loc_5-Type_2
SEKOLAH TINGGI ILMU KESEHATAN RAJEKWESI BOJONEGORO,JAWA TIMUR,10000000.0,TERAKREDITASI,Loc_5-Type_2
SEKOLAH TINGGI ILMU KESEHATAN RAJEKWESI BOJONEGORO,JAWA TIMUR,10000000.0,TERAKREDITASI,Loc_5-Type_2
SEKOLAH TINGGI ILMU KESEHATAN RS BAPTIS KEDIRI,JAWA TIMUR,6500000.0,B,Loc_5-Type_0
SEKOLAH TINGGI ILMU KESEHATAN RS DUSTIRA,JAWA BARAT,16500000.0,BAIK,Loc_8-Type_2
SEKOLAH TINGGI ILMU KESEHATAN RS DUSTIRA,JAWA BARAT,16500000.0,BAIK,Loc_8-Type_2
SEKOLAH TINGGI ILMU KESEHATAN RS HUSADA,D.K.I. JAKARTA,18000000.0,BAIK,Loc_4-Type_0
SEKOLAH TINGGI ILMU KESEHATAN RS HUSADA,D.K.I. JAKARTA,18000000.0,BAIK,Loc_4-Type_0
SEKOLAH TINGGI ILMU KESEHATAN RS HUSADA,D.K.I. JAKARTA,18000000.0,BAIK,Loc_4-Type_0
SEKOLAH TINGGI ILMU KESEHATAN RS PROF. DR. J.A. LATUMETEN,MALUKU,16000000.0,BAIK,Loc_0-Type_0
SEKOLAH TINGGI ILMU KESEHATAN RSPAD GATOT SOEBROTO,D.K.I. JAKARTA,40600000.0,BAIK,Loc_4-Type_0
SEKOLAH TINGGI ILMU KESEHATAN RSPAD GATOT SOEBROTO,D.K.I. JAKARTA,40600000.0,BAIK,Loc_4-Type_0
SEKOLAH TINGGI ILMU KESEHATAN SALSABILA SERANG,BANTEN,19600000.0,BAIK,Loc_0-Type_0
SEKOLAH TINGGI ILMU KESEHATAN SALSABILA SERANG,BANTEN,19600000.0,BAIK,Loc_0-Type_0
SEKOLAH TINGGI ILMU KESEHATAN SAMARINDA,KALIMANTAN TIMUR,14000000.0,BAIK,Loc_0-Type_0
SEKOLAH TINGGI ILMU KESEHATAN SAMARINDA,KALIMANTAN TIMUR,14000000.0,BAIK,Loc_0-Type_0
SEKOLAH TINGGI ILMU KESEHATAN SAMBAS,KALIMANTAN BARAT,14400000.0,BAIK,Loc_6-Type_2
SEKOLAH TINGGI ILMU KESEHATAN SAPTA BAKTI,BENGKULU,14000000.0,BAIK,Loc_0-Type_0
SEKOLAH TINGGI ILMU KESEHATAN SAPTA BAKTI,BENGKULU,14000000.0,BAIK,Loc_0-Type_0
SEKOLAH TINGGI ILMU KESEHATAN SEHAT MEDAN,SUMATERA UTARA,7000000.0,BAIK,Loc_0-Type_0
SEKOLAH TINGGI ILMU KESEHATAN SEHATI,SUMATERA UTARA,10050000.0,BAIK,Loc_0-Type_0
SEKOLAH TINGGI ILMU KESEHATAN SENTRAL,SUMATERA UTARA,6000000.0,BAIK,Loc_0-Type_0
SEKOLAH TINGGI ILMU KESEHATAN SENTRAL,SUMATERA UTARA,6000000.0,BAIK,Loc_0-Type_0
SEKOLAH TINGGI ILMU KESEHATAN SERULINGMAS,JAWA TENGAH,34070000.0,BAIK SEKALI,Loc_7-Type_2
SEKOLAH TINGGI ILMU KESEHATAN SIHAT BEURATA BANDA ACEH,ACEH,6000000.0,BAIK,Loc_0-Type_0
SEKOLAH TINGGI ILMU KESEHATAN SINT CAROLUS,D.K.I. JAKARTA,32400000.0,B,Loc_4-Type_1
SEKOLAH TINGGI ILMU KESEHATAN SINT CAROLUS,D.K.I. JAKARTA,32400000.0,B,Loc_4-Type_1
SEKOLAH TINGGI ILMU KESEHATAN SINT CAROLUS,D.K.I. JAKARTA,32400000.0,B,Loc_4-Type_1
SEKOLAH TINGGI ILMU KESEHATAN SISMADI,JAWA BARAT,10000000.0,BAIK,Loc_8-Type_2
SEKOLAH TINGGI ILMU KESEHATAN SISMADI,JAWA BARAT,10000000.0,BAIK,Loc_8-Type_2
SEKOLAH TINGGI ILMU KESEHATAN SITI KHADIJAH,SUMATERA SELATAN,24025000.0,BAIK,Loc_0-Type_0
SEKOLAH TINGGI ILMU KESEHATAN SITI KHADIJAH,SUMATERA SELATAN,24025000.0,BAIK,Loc_0-Type_0
SEKOLAH TINGGI ILMU KESEHATAN SITI KHADIJAH,SUMATERA SELATAN,24025000.0,BAIK,Loc_0-Type_0
SEKOLAH TINGGI ILMU KESEHATAN SUKABUMI,JAWA BARAT,13560000.0,B,Loc_8-Type_0
SEKOLAH TINGGI ILMU KESEHATAN SUKABUMI,JAWA BARAT,13560000.0,B,Loc_8-Type_0
SEKOLAH TINGGI ILMU KESEHATAN SUKABUMI,JAWA BARAT,13560000.0,B,Loc_8-Type_0
SEKOLAH TINGGI ILMU KESEHATAN SUMBER WARAS,D.K.I. JAKARTA,22460000.0,BAIK,Loc_4-Type_0
SEKOLAH TINGGI ILMU KESEHATAN SUMBER WARAS,D.K.I. JAKARTA,22460000.0,BAIK,Loc_4-Type_0
SEKOLAH TINGGI ILMU KESEHATAN SUMBER WARAS,D.K.I. JAKARTA,22460000.0,BAIK,Loc_4-Type_0
SEKOLAH TINGGI ILMU KESEHATAN TUJUH BELAS,JAWA TENGAH,10050000.0,BAIK,Loc_7-Type_0
SEKOLAH TINGGI ILMU KESEHATAN TUJUH BELAS,JAWA TENGAH,10050000.0,BAIK,Loc_7-Type_0
SEKOLAH TINGGI ILMU KESEHATAN WIDYA DHARMA HUSADA TANGERANG,BANTEN,13500000.0,BAIK SEKALI,Loc_0-Type_1
SEKOLAH TINGGI ILMU KESEHATAN WIDYA DHARMA HUSADA TANGERANG,BANTEN,13500000.0,BAIK SEKALI,Loc_0-Type_1
SEKOLAH TINGGI ILMU KESEHATAN WIDYA DHARMA HUSADA TANGERANG,BANTEN,13500000.0,BAIK SEKALI,Loc_0-Type_1
SEKOLAH TINGGI ILMU KESEHATAN WILLIAM BOOTH,JAWA TIMUR,11000000.0,BAIK SEKALI,Loc_5-Type_1
SEKOLAH TINGGI ILMU KOMPUTER 22 JANUARI KENDARI,SULAWESI TENGGARA,5000000.0,BAIK,Loc_0-Type_0
SEKOLAH TINGGI ILMU KOMPUTER 22 JANUARI KENDARI,SULAWESI TENGGARA,5000000.0,BAIK,Loc_0-Type_0
SEKOLAH TINGGI ILMU KOMPUTER PGRI BANYUWANGI,JAWA TIMUR,8000000.0,BAIK,Loc_5-Type_2
SEKOLAH TINGGI ILMU KOMPUTER POLTEK CIREBON,JAWA BARAT,12000000.0,BAIK,Loc_8-Type_2
SEKOLAH TINGGI ILMU KOMPUTER POLTEK CIREBON,JAWA BARAT,12000000.0,BAIK,Loc_8-Type_2
SEKOLAH TINGGI ILMU KOMPUTER YOS SUDARSO,JAWA TENGAH,11965000.0,BAIK,Loc_7-Type_0
SEKOLAH TINGGI ILMU KOMPUTER YOS SUDARSO,JAWA TENGAH,11965000.0,BAIK,Loc_7-Type_0
SEKOLAH TINGGI ILMU KOMPUTER YOS SUDARSO,JAWA TENGAH,11965000.0,BAIK,Loc_7-Type_0
SEKOLAH TINGGI ILMU KOMUNIKASI,JAWA TIMUR,6750000.0,BAIK,Loc_5-Type_2
SEKOLAH TINGGI ILMU KOMUNIKASI,JAWA TIMUR,6750000.0,BAIK,Loc_5-Type_2
SEKOLAH TINGGI ILMU KOMUNIKASI,JAWA TIMUR,6750000.0,BAIK,Loc_5-Type_2
SEKOLAH TINGGI ILMU KOMUNIKASI ALMAMATER WARTAWAN SURABAYA,JAWA TIMUR,8950000.0,BAIK SEKALI,Loc_5-Type_1
SEKOLAH TINGGI ILMU KOMUNIKASI ALMAMATER WARTAWAN SURABAYA,JAWA TIMUR,8950000.0,BAIK SEKALI,Loc_5-Type_1
SEKOLAH TINGGI ILMU KOMUNIKASI INTER STUDI,D.K.I. JAKARTA,18900000.0,BAIK,Loc_4-Type_0
SEKOLAH TINGGI ILMU KOMUNIKASI PEMBANGUNAN,SUMATERA UTARA,7000000.0,BAIK,Loc_0-Type_0
SEKOLAH TINGGI ILMU KOMUNIKASI PROFESI INDONESIA,D.K.I. JAKARTA,8000000.0,BAIK,Loc_4-Type_0
SEKOLAH TINGGI ILMU KOMUNIKASI PROFESI INDONESIA,D.K.I. JAKARTA,8000000.0,BAIK,Loc_4-Type_0
SEKOLAH TINGGI ILMU MANAJEMEN BUDI BAKTI,JAWA BARAT,3000000.0,BAIK,Loc_8-Type_2
SEKOLAH TINGGI ILMU MANAJEMEN INDONESIA HANDAYANI,BALI,8000000.0,BAIK,Loc_0-Type_0
SEKOLAH TINGGI ILMU MANAJEMEN INDONESIA MEULABOH,ACEH,4800000.0,BAIK,Loc_0-Type_0
SEKOLAH TINGGI ILMU MANAJEMEN SUKMA,SUMATERA UTARA,8000000.0,B,Loc_0-Type_2
SEKOLAH TINGGI ILMU MANAJEMEN SUKMA,SUMATERA UTARA,8000000.0,B,Loc_0-Type_2
SEKOLAH TINGGI ILMU MANAJEMEN YKPN YOGYAKARTA,D.I. YOGYAKARTA,8300000.0,BAIK SEKALI,Loc_0-Type_1
SEKOLAH TINGGI ILMU MARITIM INDONESIA TERNATE,MALUKU UTARA,4900000.0,BAIK,Loc_0-Type_0
SEKOLAH TINGGI ILMU MARITIM MEGA BUANA,SULAWESI BARAT,3600000.0,BAIK,Loc_0-Type_0
SEKOLAH TINGGI ILMU PEMERINTAHAN ABDI NEGARA,D.K.I. JAKARTA,5350000.0,BAIK,Loc_4-Type_0
SEKOLAH TINGGI ILMU PEMERINTAHAN ABDI NEGARA,D.K.I. JAKARTA,5350000.0,BAIK,Loc_4-Type_0
SEKOLAH TINGGI ILMU PERTANIAN AMUNTAI,KALIMANTAN SELATAN,3650000.0,BAIK,Loc_0-Type_0
SEKOLAH TINGGI ILMU PERTANIAN AMUNTAI,KALIMANTAN SELATAN,3650000.0,BAIK,Loc_0-Type_0
SEKOLAH TINGGI ILMU PERTANIAN BELITANG,SUMATERA SELATAN,5000000.0,BAIK,Loc_0-Type_0
SEKOLAH TINGGI ILMU PERTANIAN BERAU,KALIMANTAN TIMUR,6267000.0,BAIK,Loc_0-Type_0
SEKOLAH TINGGI ILMU PERTANIAN BERAU,KALIMANTAN TIMUR,6267000.0,BAIK,Loc_0-Type_0
SEKOLAH TINGGI ILMU PERTANIAN FARMING,JAWA TENGAH,9500000.0,BAIK,Loc_7-Type_0
SEKOLAH TINGGI ILMU PERTANIAN MUJAHIDIN TOLI-TOLI,SULAWESI TENGAH,5600000.0,BAIK,Loc_0-Type_0
SEKOLAH TINGGI ILMU PERTANIAN MUJAHIDIN TOLI-TOLI,SULAWESI TENGAH,5600000.0,BAIK,Loc_0-Type_0
SEKOLAH TINGGI ILMU PERTANIAN MUJAHIDIN TOLI-TOLI,SULAWESI TENGAH,5600000.0,BAIK,Loc_0-Type_0
SEKOLAH TINGGI ILMU PERTANIAN PETRA BALIEM WAMENA,PAPUA,4000000.0,BAIK,Loc_9-Type_2
SEKOLAH TINGGI ILMU PERTANIAN PETRA BALIEM WAMENA,PAPUA,4000000.0,BAIK,Loc_9-Type_2
SEKOLAH TINGGI ILMU PERTANIAN SRIWIGAMA,SUMATERA SELATAN,5600000.0,BAIK,Loc_0-Type_0
SEKOLAH TINGGI ILMU PERTANIAN SRIWIGAMA,SUMATERA SELATAN,5600000.0,BAIK,Loc_0-Type_0
SEKOLAH TINGGI ILMU PERTANIAN YAPI BONE,SULAWESI SELATAN,3900000.0,BAIK,Loc_3-Type_0
SEKOLAH TINGGI ILMU PERTANIAN YAPI BONE,SULAWESI SELATAN,3900000.0,BAIK,Loc_3-Type_0
SEKOLAH TINGGI ILMU PERTANIAN YAPI BONE,SULAWESI SELATAN,3900000.0,BAIK,Loc_3-Type_0
SEKOLAH TINGGI ILMU PERTANIAN YASHAFA,ACEH,5000000.0,BAIK,Loc_0-Type_0
SEKOLAH TINGGI ILMU PERTANIAN YASHAFA,ACEH,5000000.0,BAIK,Loc_0-Type_0
SEKOLAH TINGGI ILMU SOSIAL DAN ILMU POLITIK WIRA BHAKTI,BALI,8400000.0,BAIK,Loc_0-Type_0
SEKOLAH TINGGI ILMU SOSIAL DAN ILMU POLITIK WIRA BHAKTI,BALI,8400000.0,BAIK,Loc_0-Type_0
SEKOLAH TINGGI ILMU SOSIAL TEMINABUAN,PAPUA BARAT,3000000.0,TIDAK TERAKREDITASI,Loc_2-Type_2
SEKOLAH TINGGI KEGURUAN DAN ILMU PENDIDIKAN ABDUL MUJIB LAEWANG DAMPAL SELATAN,SULAWESI TENGAH,4800000.0,BAIK,Loc_0-Type_0
SEKOLAH TINGGI KEGURUAN DAN ILMU PENDIDIKAN ABDUL MUJIB LAEWANG DAMPAL SELATAN,SULAWESI TENGAH,4800000.0,BAIK,Loc_0-Type_0
SEKOLAH TINGGI KEGURUAN DAN ILMU PENDIDIKAN ABDUL MUJIB LAEWANG DAMPAL SELATAN,SULAWESI TENGAH,4800000.0,BAIK,Loc_0-Type_0
SEKOLAH TINGGI KEGURUAN DAN ILMU PENDIDIKAN AL MAKSUM,SUMATERA UTARA,5000000.0,BAIK,Loc_0-Type_0
SEKOLAH TINGGI KEGURUAN DAN ILMU PENDIDIKAN AL MAKSUM,SUMATERA UTARA,5000000.0,BAIK,Loc_0-Type_0
SEKOLAH TINGGI KEGURUAN DAN ILMU PENDIDIKAN AL MAKSUM,SUMATERA UTARA,5000000.0,BAIK,Loc_0-Type_0
SEKOLAH TINGGI KEGURUAN DAN ILMU PENDIDIKAN AL-AMIN INDRAMAYU,JAWA BARAT,4500000.0,BAIK,Loc_8-Type_2
SEKOLAH TINGGI KEGURUAN DAN ILMU PENDIDIKAN AL-AMIN INDRAMAYU,JAWA BARAT,4500000.0,BAIK,Loc_8-Type_2
SEKOLAH TINGGI KEGURUAN DAN ILMU PENDIDIKAN AL-AMIN INDRAMAYU,JAWA BARAT,4500000.0,BAIK,Loc_8-Type_2
SEKOLAH TINGGI KEGURUAN DAN ILMU PENDIDIKAN AN-NUR NANGGROE ACEH DARUSSALAM,ACEH,3150000.0,BAIK,Loc_0-Type_0
SEKOLAH TINGGI KEGURUAN DAN ILMU PENDIDIKAN BINA HARAPAN CELEBES,SULAWESI SELATAN,6000000.0,BAIK,Loc_3-Type_0
SEKOLAH TINGGI KEGURUAN DAN ILMU PENDIDIKAN CITRA BAKTI,NUSA TENGGARA TIMUR,6320000.0,BAIK,Loc_0-Type_0
SEKOLAH TINGGI KEGURUAN DAN ILMU PENDIDIKAN CITRA BAKTI,NUSA TENGGARA TIMUR,6320000.0,BAIK,Loc_0-Type_0
SEKOLAH TINGGI KEGURUAN DAN ILMU PENDIDIKAN CITRA BAKTI,NUSA TENGGARA TIMUR,6320000.0,BAIK,Loc_0-Type_0
SEKOLAH TINGGI KEGURUAN DAN ILMU PENDIDIKAN CITRA BAKTI,NUSA TENGGARA TIMUR,6320000.0,BAIK,Loc_0-Type_0
SEKOLAH TINGGI KEGURUAN DAN ILMU PENDIDIKAN CITRA BAKTI,NUSA TENGGARA TIMUR,6320000.0,BAIK,Loc_0-Type_0
SEKOLAH TINGGI KEGURUAN DAN ILMU PENDIDIKAN CITRA BAKTI,NUSA TENGGARA TIMUR,6320000.0,BAIK,Loc_0-Type_0
SEKOLAH TINGGI KEGURUAN DAN ILMU PENDIDIKAN MELAWI,KALIMANTAN BARAT,6600000.0,BAIK,Loc_6-Type_2
SEKOLAH TINGGI KEGURUAN DAN ILMU PENDIDIKAN MELAWI,KALIMANTAN BARAT,6600000.0,BAIK,Loc_6-Type_2
SEKOLAH TINGGI KEGURUAN DAN ILMU PENDIDIKAN MELAWI,KALIMANTAN BARAT,6600000.0,BAIK,Loc_6-Type_2
SEKOLAH TINGGI KEGURUAN DAN ILMU PENDIDIKAN MELAWI,KALIMANTAN BARAT,6600000.0,BAIK,Loc_6-Type_2
SEKOLAH TINGGI KEGURUAN DAN ILMU PENDIDIKAN MELAWI,KALIMANTAN BARAT,6600000.0,BAIK,Loc_6-Type_2
SEKOLAH TINGGI KEGURUAN DAN ILMU PENDIDIKAN MUHAMMADIYAH OKU TIMUR,SUMATERA SELATAN,6000000.0,BAIK,Loc_0-Type_0
SEKOLAH TINGGI KEGURUAN DAN ILMU PENDIDIKAN MUHAMMADIYAH OKU TIMUR,SUMATERA SELATAN,6000000.0,BAIK,Loc_0-Type_0
SEKOLAH TINGGI KEGURUAN DAN ILMU PENDIDIKAN MUHAMMADIYAH OKU TIMUR,SUMATERA SELATAN,6000000.0,BAIK,Loc_0-Type_0
SEKOLAH TINGGI KEGURUAN DAN ILMU PENDIDIKAN NABIRE,PAPUA,6000000.0,BAIK,Loc_9-Type_2
SEKOLAH TINGGI KEGURUAN DAN ILMU PENDIDIKAN NUUWAR,PAPUA BARAT,1650000.0,BAIK,Loc_2-Type_1
SEKOLAH TINGGI KEGURUAN DAN ILMU PENDIDIKAN NUUWAR,PAPUA BARAT,1650000.0,BAIK,Loc_2-Type_1
SEKOLAH TINGGI KEGURUAN DAN ILMU PENDIDIKAN PADANG LAWAS,SUMATERA UTARA,4800000.0,BAIK,Loc_0-Type_0
SEKOLAH TINGGI KEGURUAN DAN ILMU PENDIDIKAN PADANG LAWAS,SUMATERA UTARA,4800000.0,BAIK,Loc_0-Type_0
SEKOLAH TINGGI KEGURUAN DAN ILMU PENDIDIKAN PASUNDAN,JAWA BARAT,25150000.0,B,Loc_8-Type_0
SEKOLAH TINGGI KEGURUAN DAN ILMU PENDIDIKAN PASUNDAN,JAWA BARAT,25150000.0,B,Loc_8-Type_0
SEKOLAH TINGGI KEGURUAN DAN ILMU PENDIDIKAN PERSADA EVAV TUAL,MALUKU,1826000.0,BAIK,Loc_0-Type_0
SEKOLAH TINGGI KEGURUAN DAN ILMU PENDIDIKAN PGRI PAPUA,PAPUA,19250000.0,BAIK,Loc_9-Type_2
SEKOLAH TINGGI KEGURUAN DAN ILMU PENDIDIKAN PGRI PAPUA,PAPUA,19250000.0,BAIK,Loc_9-Type_2
SEKOLAH TINGGI KEGURUAN DAN ILMU PENDIDIKAN ROSALIA LAMPUNG,LAMPUNG,8000000.0,BAIK,Loc_1-Type_0
SEKOLAH TINGGI KEGURUAN DAN ILMU PENDIDIKAN ROSALIA LAMPUNG,LAMPUNG,8000000.0,BAIK,Loc_1-Type_0
SEKOLAH TINGGI KEGURUAN DAN ILMU PENDIDIKAN ROSALIA LAMPUNG,LAMPUNG,8000000.0,BAIK,Loc_1-Type_0
SEKOLAH TINGGI KEGURUAN DAN ILMU PENDIDIKAN ROSALIA LAMPUNG,LAMPUNG,8000000.0,BAIK,Loc_1-Type_0
SEKOLAH TINGGI KEGURUAN DAN ILMU PENDIDIKAN SERAM RAYA,MALUKU,5000000.0,BAIK,Loc_0-Type_0
SEKOLAH TINGGI KEGURUAN DAN ILMU PENDIDIKAN SERAM RAYA,MALUKU,5000000.0,BAIK,Loc_0-Type_0
SEKOLAH TINGGI KEGURUAN DAN ILMU PENDIDIKAN SERAM RAYA,MALUKU,5000000.0,BAIK,Loc_0-Type_0
SEKOLAH TINGGI KEGURUAN DAN ILMU PENDIDIKAN SURYA KASIH,NUSA TENGGARA TIMUR,4800000.0,BAIK,Loc_0-Type_0
SEKOLAH TINGGI KEGURUAN DAN ILMU PENDIDIKAN TANJUNGPURA,KALIMANTAN BARAT,3500000.0,BAIK,Loc_6-Type_2
SEKOLAH TINGGI KEGURUAN DAN ILMU PENDIDIKAN TANJUNGPURA,KALIMANTAN BARAT,3500000.0,BAIK,Loc_6-Type_2
SEKOLAH TINGGI KESEHATAN AL-FATAH BENGKULU,BENGKULU,18000000.0,BAIK,Loc_0-Type_0
SEKOLAH TINGGI KESENIAN WILWATIKTA,JAWA TIMUR,3950000.0,BAIK SEKALI,Loc_5-Type_1
SEKOLAH TINGGI KESENIAN WILWATIKTA,JAWA TIMUR,3950000.0,BAIK SEKALI,Loc_5-Type_1
SEKOLAH TINGGI KESENIAN WILWATIKTA,JAWA TIMUR,3950000.0,BAIK SEKALI,Loc_5-Type_1
SEKOLAH TINGGI MANAJEMEN ASURANSI TRISAKTI,D.K.I. JAKARTA,16000000.0,BAIK SEKALI,Loc_4-Type_0
SEKOLAH TINGGI MANAJEMEN ASURANSI TRISAKTI,D.K.I. JAKARTA,16000000.0,BAIK SEKALI,Loc_4-Type_0
SEKOLAH TINGGI MANAJEMEN IMMI,DKI JAKARTA,1900000.0,BAIK SEKALI,Loc_0-Type_1
SEKOLAH TINGGI MANAJEMEN INFORMATIKA DAN KOMPUTER AL-FATH,JAWA BARAT,24240000.0,BAIK,Loc_8-Type_2
SEKOLAH TINGGI MANAJEMEN INFORMATIKA DAN KOMPUTER AMIKA SOPPENG,SULAWESI SELATAN,3200000.0,BAIK,Loc_3-Type_0
SEKOLAH TINGGI MANAJEMEN INFORMATIKA DAN KOMPUTER AMIKOM SURAKARTA,JAWA TENGAH,5160000.0,BAIK,Loc_7-Type_0
SEKOLAH TINGGI MANAJEMEN INFORMATIKA DAN KOMPUTER AMIKOM SURAKARTA,JAWA TENGAH,5160000.0,BAIK,Loc_7-Type_0
SEKOLAH TINGGI MANAJEMEN INFORMATIKA DAN KOMPUTER JAKARTA STI&K,D.K.I. JAKARTA,1750000.0,B,Loc_4-Type_1
SEKOLAH TINGGI MANAJEMEN INFORMATIKA DAN KOMPUTER JAKARTA STI&K,D.K.I. JAKARTA,1750000.0,B,Loc_4-Type_1
SEKOLAH TINGGI MANAJEMEN INFORMATIKA DAN KOMPUTER KALIREJO LAMPUNG,LAMPUNG,6000000.0,BAIK,Loc_1-Type_0
SEKOLAH TINGGI MANAJEMEN INFORMATIKA DAN KOMPUTER KALIREJO LAMPUNG,LAMPUNG,6000000.0,BAIK,Loc_1-Type_0
SEKOLAH TINGGI MANAJEMEN INFORMATIKA DAN KOMPUTER MULIA DARMA,SUMATERA UTARA,6150000.0,BAIK,Loc_0-Type_0
SEKOLAH TINGGI MANAJEMEN INFORMATIKA DAN KOMPUTER MULIA DARMA,SUMATERA UTARA,6150000.0,BAIK,Loc_0-Type_0
SEKOLAH TINGGI MANAJEMEN INFORMATIKA DAN KOMPUTER PESAT NABIRE,PAPUA,7550000.0,BAIK,Loc_9-Type_2
SEKOLAH TINGGI MANAJEMEN INFORMATIKA DAN KOMPUTER PGRI ARUNGBINANG KEBUMEN,JAWA TENGAH,5700000.0,BAIK,Loc_7-Type_0
SEKOLAH TINGGI MANAJEMEN INFORMATIKA KOMPUTER UYELINDO KUPANG,NUSA TENGGARA TIMUR,5250000.0,B,Loc_0-Type_2
SEKOLAH TINGGI MANAJEMEN INFORMATIKA KOMPUTER UYELINDO KUPANG,NUSA TENGGARA TIMUR,5250000.0,B,Loc_0-Type_2
SEKOLAH TINGGI MANAJEMEN LABORA,D.K.I. JAKARTA,9000000.0,B,Loc_4-Type_1
SEKOLAH TINGGI MANAJEMEN PARIWISATA DAN LOGISTIK LENTERA MONDIAL,D.K.I. JAKARTA,12000000.0,BAIK,Loc_4-Type_0
SEKOLAH TINGGI MANAJEMEN PARIWISATA DAN LOGISTIK LENTERA MONDIAL,D.K.I. JAKARTA,12000000.0,BAIK,Loc_4-Type_0
SEKOLAH TINGGI MANAJEMEN PPM,D.K.I. JAKARTA,32250000.0,UNGGUL,Loc_4-Type_2
SEKOLAH TINGGI MANAJEMEN PPM,D.K.I. JAKARTA,32250000.0,UNGGUL,Loc_4-Type_2
SEKOLAH TINGGI MANAJEMEN RISIKO DAN ASURANSI,D.K.I. JAKARTA,15000000.0,C,Loc_4-Type_0
SEKOLAH TINGGI MANAJEMEN TRANSPORTASI MALAHAYATI,D.K.I. JAKARTA,6400000.0,BAIK,Loc_4-Type_0
SEKOLAH TINGGI MARITIM YOGYAKARTA,D.I. YOGYAKARTA,6250000.0,TERAKREDITASI,Loc_0-Type_0
SEKOLAH TINGGI MARITIM YOGYAKARTA,D.I. YOGYAKARTA,6250000.0,TERAKREDITASI,Loc_0-Type_0
SEKOLAH TINGGI MEDIA KOMUNIKASI TRISAKTI,D.K.I. JAKARTA,14300000.0,BAIK,Loc_4-Type_0
SEKOLAH TINGGI PARIWISATA  SOROMANDI BIMA,NUSA TENGGARA BARAT,3500082.0,BAIK,Loc_0-Type_0
SEKOLAH TINGGI PARIWISATA AMBARRUKMO YOGYAKARTA,D.I. YOGYAKARTA,14450000.0,B,Loc_0-Type_2
SEKOLAH TINGGI PARIWISATA AMBARRUKMO YOGYAKARTA,D.I. YOGYAKARTA,14450000.0,B,Loc_0-Type_2
SEKOLAH TINGGI PARIWISATA ARS INTERNASIONAL,JAWA BARAT,7450000.0,BAIK,Loc_8-Type_2
SEKOLAH TINGGI PARIWISATA BOGOR,JAWA BARAT,20000000.0,BAIK SEKALI,Loc_8-Type_1
SEKOLAH TINGGI PARIWISATA MATARAM,NUSA TENGGARA BARAT,10225000.0,BAIK SEKALI,Loc_0-Type_1
SEKOLAH TINGGI PEMBANGUNAN MASYARAKAT DESA APMD,D.I. YOGYAKARTA,9150000.0,B,Loc_0-Type_2
SEKOLAH TINGGI PEMBANGUNAN MASYARAKAT DESA APMD,D.I. YOGYAKARTA,9150000.0,B,Loc_0-Type_2
SEKOLAH TINGGI PEMBANGUNAN MASYARAKAT DESA APMD,D.I. YOGYAKARTA,9150000.0,B,Loc_0-Type_2
SEKOLAH TINGGI PEMBANGUNAN MASYARAKAT SANTA URSULA,NUSA TENGGARA TIMUR,7100000.0,BAIK,Loc_0-Type_0
SEKOLAH TINGGI PERIKANAN DAN KELAUTAN PALU,SULAWESI TENGAH,2300000.0,BAIK,Loc_0-Type_0
SEKOLAH TINGGI PERIKANAN SIBOLGA,SUMATERA UTARA,3500000.0,BAIK,Loc_0-Type_0
SEKOLAH TINGGI PERTANIAN KEWIRAUSAHAAN BANAU,MALUKU UTARA,10000000.0,BAIK SEKALI,Loc_0-Type_1
SEKOLAH TINGGI PERTANIAN KEWIRAUSAHAAN BANAU,MALUKU UTARA,10000000.0,BAIK SEKALI,Loc_0-Type_1
SEKOLAH TINGGI PERTANIAN KUTAI TIMUR,KALIMANTAN TIMUR,9416250.0,BAIK,Loc_0-Type_0
SEKOLAH TINGGI PERTANIAN KUTAI TIMUR,KALIMANTAN TIMUR,9416250.0,BAIK,Loc_0-Type_0
SEKOLAH TINGGI PERTANIAN KUTAI TIMUR,KALIMANTAN TIMUR,9416250.0,BAIK,Loc_0-Type_0
SEKOLAH TINGGI PERTANIAN KUTAI TIMUR,KALIMANTAN TIMUR,9416250.0,BAIK,Loc_0-Type_0
SEKOLAH TINGGI PERTANIAN KUTAI TIMUR,KALIMANTAN TIMUR,9416250.0,BAIK,Loc_0-Type_0
SEKOLAH TINGGI SENI RUPA DAN DESAIN VISI INDONESIA,D.I. YOGYAKARTA,6050000.0,B,Loc_0-Type_2
SEKOLAH TINGGI TEKNIK ATLAS NUSANTARA,MALUKU UTARA,4000000.0,BAIK,Loc_0-Type_0
SEKOLAH TINGGI TEKNIK BARAMULI,SULAWESI SELATAN,4450000.0,BAIK,Loc_3-Type_0
SEKOLAH TINGGI TEKNIK ISKANDAR THANI,ACEH,32400000.0,BAIK,Loc_0-Type_0
SEKOLAH TINGGI TEKNIK ISKANDAR THANI,ACEH,32400000.0,BAIK,Loc_0-Type_0
SEKOLAH TINGGI TEKNIK LINGKUNGAN MATARAM,NUSA TENGGARA BARAT,7800000.0,BAIK,Loc_0-Type_0
SEKOLAH TINGGI TEKNIK PATI,JAWA TENGAH,5200000.0,BAIK,Loc_7-Type_0
SEKOLAH TINGGI TEKNIK PATI,JAWA TENGAH,5200000.0,BAIK,Loc_7-Type_0
SEKOLAH TINGGI TEKNIK WIWOROTOMO,JAWA TENGAH,7315000.0,BAIK,Loc_7-Type_0
SEKOLAH TINGGI TEKNIK WIWOROTOMO,JAWA TENGAH,7315000.0,BAIK,Loc_7-Type_0
SEKOLAH TINGGI TEKNIK WIWOROTOMO,JAWA TENGAH,7315000.0,BAIK,Loc_7-Type_0
SEKOLAH TINGGI TEKNOLOGI BONTANG,KALIMANTAN TIMUR,8850000.0,BAIK,Loc_0-Type_0
SEKOLAH TINGGI TEKNOLOGI BONTANG,KALIMANTAN TIMUR,8850000.0,BAIK,Loc_0-Type_0
SEKOLAH TINGGI TEKNOLOGI BONTANG,KALIMANTAN TIMUR,8850000.0,BAIK,Loc_0-Type_0
SEKOLAH TINGGI TEKNOLOGI BONTANG,KALIMANTAN TIMUR,8850000.0,BAIK,Loc_0-Type_0
SEKOLAH TINGGI TEKNOLOGI CAHAYA SURYA,JAWA TIMUR,3300000.0,BAIK,Loc_5-Type_2
SEKOLAH TINGGI TEKNOLOGI CIPASUNG,JAWA BARAT,2250000.0,BAIK,Loc_8-Type_2
SEKOLAH TINGGI TEKNOLOGI CIPASUNG,JAWA BARAT,2250000.0,BAIK,Loc_8-Type_2
SEKOLAH TINGGI TEKNOLOGI CIREBON,JAWA BARAT,12350000.0,BAIK,Loc_8-Type_2
SEKOLAH TINGGI TEKNOLOGI CIREBON,JAWA BARAT,12350000.0,BAIK,Loc_8-Type_2
SEKOLAH TINGGI TEKNOLOGI DUTA BANGSA,JAWA BARAT,12645000.0,BAIK,Loc_8-Type_2
SEKOLAH TINGGI TEKNOLOGI DUTA BANGSA,JAWA BARAT,12645000.0,BAIK,Loc_8-Type_2
SEKOLAH TINGGI TEKNOLOGI DUTA BANGSA,JAWA BARAT,12645000.0,BAIK,Loc_8-Type_2
SEKOLAH TINGGI TEKNOLOGI GEMPOL,JAWA TIMUR,9100000.0,BAIK,Loc_5-Type_2
SEKOLAH TINGGI TEKNOLOGI IMMANUEL,SUMATERA UTARA,6000000.0,BAIK,Loc_0-Type_0
SEKOLAH TINGGI TEKNOLOGI INDONESIA,JAWA BARAT,2000000.0,BAIK,Loc_8-Type_2
SEKOLAH TINGGI TEKNOLOGI INDONESIA,JAWA BARAT,2000000.0,BAIK,Loc_8-Type_2
SEKOLAH TINGGI TEKNOLOGI INDONESIA,JAWA BARAT,2000000.0,BAIK,Loc_8-Type_2
SEKOLAH TINGGI TEKNOLOGI INDUSTRI BONTANG,KALIMANTAN TIMUR,2400132.0,BAIK,Loc_0-Type_0
SEKOLAH TINGGI TEKNOLOGI INDUSTRI BONTANG,KALIMANTAN TIMUR,2400132.0,BAIK,Loc_0-Type_0
SEKOLAH TINGGI TEKNOLOGI INDUSTRI DAN FARMASI BOGOR,JAWA BARAT,6000000.0,BAIK,Loc_8-Type_2
SEKOLAH TINGGI TEKNOLOGI INFORMATIKA SONY SUGEMA,JAWA BARAT,5000000.0,BAIK,Loc_8-Type_2
SEKOLAH TINGGI TEKNOLOGI MIGAS,KALIMANTAN TIMUR,7550000.0,B,Loc_0-Type_2
SEKOLAH TINGGI TEKNOLOGI MIGAS,KALIMANTAN TIMUR,7550000.0,B,Loc_0-Type_2
SEKOLAH TINGGI TEKNOLOGI MIGAS,KALIMANTAN TIMUR,7550000.0,B,Loc_0-Type_2
SEKOLAH TINGGI TEKNOLOGI NASIONAL,DI YOGYAKARTA,4000000.0,BAIK,Loc_0-Type_0
SEKOLAH TINGGI TEKNOLOGI NASIONAL,DI YOGYAKARTA,4000000.0,BAIK,Loc_0-Type_0
SEKOLAH TINGGI TEKNOLOGI NASIONAL,DI YOGYAKARTA,4000000.0,BAIK,Loc_0-Type_0
SEKOLAH TINGGI TEKNOLOGI NASIONAL,DI YOGYAKARTA,4000000.0,BAIK,Loc_0-Type_0
SEKOLAH TINGGI TEKNOLOGI NASIONAL,DI YOGYAKARTA,4000000.0,BAIK,Loc_0-Type_0
SEKOLAH TINGGI TEKNOLOGI NASIONAL,DI YOGYAKARTA,4000000.0,BAIK,Loc_0-Type_0
SEKOLAH TINGGI TEKNOLOGI NUSANTARA INDONESIA,SULAWESI SELATAN,4800000.0,BAIK,Loc_3-Type_0
SEKOLAH TINGGI TEKNOLOGI NUSANTARA INDONESIA,SULAWESI SELATAN,4800000.0,BAIK,Loc_3-Type_0
SEKOLAH TINGGI TEKNOLOGI PEKERJAAN UMUM,D.K.I. JAKARTA,15225000.0,BAIK,Loc_4-Type_0
SEKOLAH TINGGI TEKNOLOGI PEKERJAAN UMUM,D.K.I. JAKARTA,15225000.0,BAIK,Loc_4-Type_0
SEKOLAH TINGGI TEKNOLOGI PEKERJAAN UMUM,D.K.I. JAKARTA,15225000.0,BAIK,Loc_4-Type_0
SEKOLAH TINGGI TEKNOLOGI POMOSDA,JAWA TIMUR,4800000.0,BAIK,Loc_5-Type_2
SEKOLAH TINGGI TEKNOLOGI POMOSDA,JAWA TIMUR,4800000.0,BAIK,Loc_5-Type_2
SEKOLAH TINGGI TEKNOLOGI PRATAMA ADI,JAWA BARAT,5400000.0,BAIK,Loc_8-Type_2
SEKOLAH TINGGI TEKNOLOGI PRATAMA ADI,JAWA BARAT,5400000.0,BAIK,Loc_8-Type_2
SEKOLAH TINGGI TEKNOLOGI RONGGOLAWE,JAWA TENGAH,48360000.0,BAIK,Loc_7-Type_0
SEKOLAH TINGGI TEKNOLOGI RONGGOLAWE,JAWA TENGAH,48360000.0,BAIK,Loc_7-Type_0
SEKOLAH TINGGI TEKNOLOGI RONGGOLAWE,JAWA TENGAH,48360000.0,BAIK,Loc_7-Type_0
SEKOLAH TINGGI TEKNOLOGI RONGGOLAWE,JAWA TENGAH,48360000.0,BAIK,Loc_7-Type_0
SEKOLAH TINGGI TEKNOLOGI SAPTA TARUNA,DKI JAKARTA,4400000.0,BAIK,Loc_0-Type_0
SEKOLAH TINGGI TEKNOLOGI SAPTA TARUNA,DKI JAKARTA,4400000.0,BAIK,Loc_0-Type_0
SEKOLAH TINGGI TEKNOLOGI SAPTA TARUNA,DKI JAKARTA,4400000.0,BAIK,Loc_0-Type_0
SEKOLAH TINGGI TEKNOLOGI STIKMA INTERNASIONAL,JAWA TIMUR,5900000.0,BAIK,Loc_5-Type_2
SEKOLAH TINGGI TEKNOLOGI TERPADU NURUL FIKRI,JAWA BARAT,16000000.0,C,Loc_8-Type_2
SEKOLAH TINGGI TEKNOLOGI TERPADU NURUL FIKRI,JAWA BARAT,16000000.0,C,Loc_8-Type_2
SEKOLAH TINGGI TEKNOLOGI TERPADU NURUL FIKRI,JAWA BARAT,16000000.0,C,Loc_8-Type_2
SEKOLAH TINGGI TEKNOLOGI TEXMACO,JAWA BARAT,4800000.0,BAIK,Loc_8-Type_2
SEKOLAH TINGGI TEKNOLOGI TEXMACO,JAWA BARAT,4800000.0,BAIK,Loc_8-Type_2
SEKOLAH TINGGI TEKNOLOGI TEXMACO,JAWA BARAT,4800000.0,BAIK,Loc_8-Type_2
SEKOLAH TINGGI TEKNOLOGI WASTUKANCANA,JAWA BARAT,6250000.0,BAIK,Loc_8-Type_2
SEKOLAH TINGGI TEKNOLOGI WASTUKANCANA,JAWA BARAT,6250000.0,BAIK,Loc_8-Type_2
SEKOLAH TINGGI TEKNOLOGI WASTUKANCANA,JAWA BARAT,6250000.0,BAIK,Loc_8-Type_2
STFT GKI IZAAK SAMUEL KIJNE JAYAPURA,PAPUA,29350000.0,BAIK,Loc_9-Type_1
STIA ABDUL AZIS KATALOKA,MALUKU,5568750.0,BAIK,Loc_0-Type_0
STIA ABDUL AZIS KATALOKA,MALUKU,5568750.0,BAIK,Loc_0-Type_0
STIA BINA NUSANTARA MANDIRI PARIAMAN,SUMATERA BARAT,4400000.0,BAIK,Loc_0-Type_0
STIA DAN MANAJEMEN KEPELABUHAN BARUNAWATI,JAWA TIMUR,10200000.0,BAIK SEKALI,Loc_5-Type_1
STIE BAKTI BANGSA,JAWA TIMUR,2600000.0,BAIK,Loc_5-Type_2
STIE IBMI MEDAN,SUMATERA UTARA,4400000.0,BAIK,Loc_0-Type_0
STIE IBMI MEDAN,SUMATERA UTARA,4400000.0,BAIK,Loc_0-Type_0
STIE INDONESIA BANKING SCHOOL,D.K.I. JAKARTA,24300000.0,B,Loc_4-Type_1
STIE INDONESIA BANKING SCHOOL,D.K.I. JAKARTA,24300000.0,B,Loc_4-Type_1
STIE JAKARTA INTERNATIONAL COLLEGE,DKI JAKARTA,9685000.0,B,Loc_0-Type_2
STIE JAKARTA INTERNATIONAL COLLEGE,DKI JAKARTA,9685000.0,B,Loc_0-Type_2
STIE MADANI BALIKPAPAN,KALIMANTAN TIMUR,5800000.0,BAIK,Loc_0-Type_0
STIE MADANI BALIKPAPAN,KALIMANTAN TIMUR,5800000.0,BAIK,Loc_0-Type_0
STIE OTTOW & GEISSLER FAK-FAK,PAPUA BARAT,4000000.0,BAIK,Loc_2-Type_1
STIE OTTOW & GEISSLER FAK-FAK,PAPUA BARAT,4000000.0,BAIK,Loc_2-Type_1
STIE PASIM SUKABUMI,JAWA BARAT,4800000.0,BAIK,Loc_8-Type_2
STIE PASIM SUKABUMI,JAWA BARAT,4800000.0,BAIK,Loc_8-Type_2
STIE UNISADHUGUNA,D.K.I. JAKARTA,12600000.0,BAIK,Loc_4-Type_0
STIE UNISADHUGUNA,D.K.I. JAKARTA,12600000.0,BAIK,Loc_4-Type_0
STIE WIDYASWARA INDONESIA,SUMATERA BARAT,4600000.0,BAIK,Loc_0-Type_0
STIE WIDYASWARA INDONESIA,SUMATERA BARAT,4600000.0,BAIK,Loc_0-Type_0
STIE YA BANGKO,JAMBI,4800000.0,BAIK,Loc_0-Type_0
STIE YA BANGKO,JAMBI,4800000.0,BAIK,Loc_0-Type_0
STIEB PERDANA MANDIRI,JAWA BARAT,8638000.0,BAIK,Loc_8-Type_2
STIEB PERDANA MANDIRI,JAWA BARAT,8638000.0,BAIK,Loc_8-Type_2
STIH LITIGASI,D.K.I. JAKARTA,9750000.0,BAIK,Loc_4-Type_0
STIH PUTRI MAHARAJA,SUMATERA BARAT,7250000.0,BAIK,Loc_0-Type_0
STIKES ADI HUSADA,JAWA TIMUR,13200000.0,BAIK SEKALI,Loc_5-Type_1
STIKES DHARMA LANDBOUW,SUMATERA BARAT,13000000.0,B,Loc_0-Type_2
STIKES KUSUMA BANGSA,NUSA TENGGARA BARAT,14300000.0,BAIK,Loc_0-Type_0
STIKES LAKIPADADA,SULAWESI SELATAN,4500000.0,BAIK,Loc_3-Type_0
STIKES MAMBA UL ULUM SURAKARTA,JAWA TENGAH,15250000.0,B,Loc_7-Type_0
STIKES MUHAMMADIYAH CIREBON,JAWA BARAT,23600000.0,BAIK,Loc_8-Type_2
STIKES MUHAMMADIYAH CIREBON,JAWA BARAT,23600000.0,BAIK,Loc_8-Type_2
STIKS TAMALANREA MAKASSAR,SULAWESI SELATAN,5000000.0,BAIK,Loc_3-Type_0
STIMI BANJARMASIN,KALIMANTAN SELATAN,8000000.0,BAIK SEKALI,Loc_0-Type_1
STIMI SAMARINDA,KALIMANTAN TIMUR,4500000.0,BAIK,Loc_0-Type_0
STIPER SANTO THOMAS AQUINAS JAYAPURA,PAPUA,7460000.0,BAIK,Loc_9-Type_2
STIPER SANTO THOMAS AQUINAS JAYAPURA,PAPUA,7460000.0,BAIK,Loc_9-Type_2
STIPER SANTO THOMAS AQUINAS JAYAPURA,PAPUA,7460000.0,BAIK,Loc_9-Type_2
STIPER SANTO THOMAS AQUINAS JAYAPURA,PAPUA,7460000.0,BAIK,Loc_9-Type_2
STISIP BINA GENERASI POLEWALI,SULAWESI BARAT,4800000.0,BAIK,Loc_0-Type_0
STISIP BINA GENERASI POLEWALI,SULAWESI BARAT,4800000.0,BAIK,Loc_0-Type_0
STISIP GUNA NUSANTARA,JAWA BARAT,6000000.0,BAIK,Loc_8-Type_2
STISIP IMAM BONJOL,SUMATERA BARAT,4000000.0,BAIK,Loc_0-Type_0
STISIP IMAM BONJOL,SUMATERA BARAT,4000000.0,BAIK,Loc_0-Type_0
STISIP MARGARANA,BALI,7350000.0,BAIK,Loc_0-Type_0
STISIP MERDEKA MANADO,SULAWESI UTARA,5000000.0,BAIK,Loc_0-Type_0
STISIP SAMUDERA INDONESIA SELATAN,JAWA BARAT,4800000.0,BAIK,Loc_8-Type_2
STISIP SYAMSUL ULUM,JAWA BARAT,5000000.0,BAIK,Loc_8-Type_2
STISIP TASIKMALAYA,JAWA BARAT,9460000.0,BAIK,Loc_8-Type_2
STISIP WIDYAPURI MANDIRI,JAWA BARAT,8000000.0,BAIK,Loc_8-Type_2
STISIP WIDYAPURI MANDIRI,JAWA BARAT,8000000.0,BAIK,Loc_8-Type_2
STISIPOL YALEKA MARO,PAPUA,3650000.0,BAIK,Loc_9-Type_2
STISIPOL YALEKA MARO,PAPUA,3650000.0,BAIK,Loc_9-Type_2
STITEK DHARMA YADI MAKASSAR,SULAWESI SELATAN,3600000.0,BAIK,Loc_3-Type_0
STITEK DHARMA YADI MAKASSAR,SULAWESI SELATAN,3600000.0,BAIK,Loc_3-Type_0
STITEK DHARMA YADI MAKASSAR,SULAWESI SELATAN,3600000.0,BAIK,Loc_3-Type_0
STITEK DHARMA YADI MAKASSAR,SULAWESI SELATAN,3600000.0,BAIK,Loc_3-Type_0
STKIP AGAMA HINDU AMLAPURA,BALI,6290000.0,BAIK,Loc_0-Type_0
STKIP AHLUSSUNNAH,SUMATERA BARAT,6400000.0,BAIK,Loc_0-Type_0
STKIP AHLUSSUNNAH,SUMATERA BARAT,6400000.0,BAIK,Loc_0-Type_0
STKIP AHLUSSUNNAH,SUMATERA BARAT,6400000.0,BAIK,Loc_0-Type_0
STKIP AL AMIN DOMPU,NUSA TENGGARA BARAT,3600000.0,BAIK,Loc_0-Type_0
STKIP AL AMIN DOMPU,NUSA TENGGARA BARAT,3600000.0,BAIK,Loc_0-Type_0
STKIP AL AMIN DOMPU,NUSA TENGGARA BARAT,3600000.0,BAIK,Loc_0-Type_0
STKIP AL HIKMAH SURABAYA,JAWA TIMUR,8000000.0,BAIK,Loc_5-Type_2
STKIP AL HIKMAH SURABAYA,JAWA TIMUR,8000000.0,BAIK,Loc_5-Type_2
STKIP AL HIKMAH SURABAYA,JAWA TIMUR,8000000.0,BAIK,Loc_5-Type_2
STKIP ARRAHMANIYAH,JAWA BARAT,8000000.0,BAIK,Loc_8-Type_2
STKIP BABUNNAJAH PANDEGLANG,BANTEN,4800000.0,BAIK,Loc_0-Type_0
STKIP BABUNNAJAH PANDEGLANG,BANTEN,4800000.0,BAIK,Loc_0-Type_0
STKIP BINA INSAN MANDIRI,JAWA TIMUR,1200000.0,B,Loc_5-Type_0
STKIP BINA INSAN MANDIRI,JAWA TIMUR,1200000.0,B,Loc_5-Type_0
STKIP BINA INSAN MANDIRI,JAWA TIMUR,1200000.0,B,Loc_5-Type_0
STKIP BUDIDAYA,SUMATERA UTARA,6860000.0,BAIK,Loc_0-Type_0
STKIP HAMZAR,NUSA TENGGARA BARAT,6250000.0,BAIK,Loc_0-Type_0
STKIP HARAPAN BIMA,NUSA TENGGARA BARAT,2800000.0,BAIK,Loc_0-Type_0
STKIP HARAPAN BIMA,NUSA TENGGARA BARAT,2800000.0,BAIK,Loc_0-Type_0
STKIP HARAPAN BIMA,NUSA TENGGARA BARAT,2800000.0,BAIK,Loc_0-Type_0
STKIP HARAPAN BIMA,NUSA TENGGARA BARAT,2800000.0,BAIK,Loc_0-Type_0
STKIP HERMON TIMIKA,PAPUA,5160000.0,BAIK,Loc_9-Type_2
STKIP HERMON TIMIKA,PAPUA,5160000.0,BAIK,Loc_9-Type_2
STKIP HUNIMUA,MALUKU,4000000.0,BAIK,Loc_0-Type_0
STKIP HUNIMUA,MALUKU,4000000.0,BAIK,Loc_0-Type_0
STKIP HUNIMUA,MALUKU,4000000.0,BAIK,Loc_0-Type_0
STKIP HUNIMUA,MALUKU,4000000.0,BAIK,Loc_0-Type_0
STKIP ISLAM SABILAL MUHTADIN BANJARMASIN,KALIMANTAN SELATAN,5000000.0,BAIK,Loc_0-Type_0
STKIP ISLAM SABILAL MUHTADIN BANJARMASIN,KALIMANTAN SELATAN,5000000.0,BAIK,Loc_0-Type_0
STKIP KRISTEN WAMENA,PAPUA,11500000.0,BAIK,Loc_9-Type_2
STKIP MODERN NGAWI,JAWA TIMUR,3150000.0,BAIK,Loc_5-Type_2
STKIP MODERN NGAWI,JAWA TIMUR,3150000.0,BAIK,Loc_5-Type_2
STKIP MODERN NGAWI,JAWA TIMUR,3150000.0,BAIK,Loc_5-Type_2
STKIP MODERN NGAWI,JAWA TIMUR,3150000.0,BAIK,Loc_5-Type_2
STKIP MODERN NGAWI,JAWA TIMUR,3150000.0,BAIK,Loc_5-Type_2
STKIP MUHAMMADIYAH BLORA,JAWA TENGAH,5700000.0,BAIK,Loc_7-Type_0
STKIP MUTIARA BANTEN,BANTEN,8000000.0,BAIK,Loc_0-Type_0
STKIP MUTIARA BANTEN,BANTEN,8000000.0,BAIK,Loc_0-Type_0
STKIP NAHDLATUL ULAMA KABUPATEN TEGAL,JAWA TENGAH,4800000.0,BAIK,Loc_7-Type_0
STKIP NAHDLATUL ULAMA KABUPATEN TEGAL,JAWA TENGAH,4800000.0,BAIK,Loc_7-Type_0
STKIP NUSA TIMOR,NUSA TENGGARA TIMUR,3500000.0,BAIK,Loc_0-Type_0
STKIP PANGERAN ANTASARI,SUMATERA UTARA,3700000.0,BAIK,Loc_0-Type_0
STKIP PANGERAN ANTASARI,SUMATERA UTARA,3700000.0,BAIK,Loc_0-Type_0
STKIP PANGERAN ANTASARI,SUMATERA UTARA,3700000.0,BAIK,Loc_0-Type_0
STKIP PELITA NUSANTARA BUTON,SULAWESI TENGGARA,5100000.0,BAIK,Loc_0-Type_0
STKIP PELITA NUSANTARA BUTON,SULAWESI TENGGARA,5100000.0,BAIK,Loc_0-Type_0
STKIP PGRI PONOROGO,JAWA TIMUR,8770000.0,BAIK SEKALI,Loc_5-Type_1
STKIP PGRI SAMPANG,JAWA TIMUR,6215000.0,BAIK,Loc_5-Type_2
STKIP PGRI SIDOARJO,JAWA TIMUR,7400000.0,B,Loc_5-Type_0
STKIP SEBELAS APRIL,JAWA BARAT,3200000.0,BAIK,Loc_8-Type_2
STKIP SEBELAS APRIL,JAWA BARAT,3200000.0,BAIK,Loc_8-Type_2
STKIP SEBELAS APRIL,JAWA BARAT,3200000.0,BAIK,Loc_8-Type_2
STKIP SEBELAS APRIL,JAWA BARAT,3200000.0,BAIK,Loc_8-Type_2
STKIP SEBELAS APRIL,JAWA BARAT,3200000.0,BAIK,Loc_8-Type_2
STKIP SINAR CENDEKIA,BANTEN,4800000.0,BAIK,Loc_0-Type_0
STKIP SINAR CENDEKIA,BANTEN,4800000.0,BAIK,Loc_0-Type_0
STKIP SINAR PANCASILA,NUSA TENGGARA TIMUR,24000024.0,BAIK,Loc_0-Type_0
STKIP SINAR PANCASILA,NUSA TENGGARA TIMUR,24000024.0,BAIK,Loc_0-Type_0
STKIP SINAR PANCASILA,NUSA TENGGARA TIMUR,24000024.0,BAIK,Loc_0-Type_0
STKIP TAMAN SISWA BIMA,NUSA TENGGARA BARAT,13900000.0,BAIK,Loc_0-Type_0
STKIP TAMAN SISWA BIMA,NUSA TENGGARA BARAT,13900000.0,BAIK,Loc_0-Type_0
STKIP TAMAN SISWA BIMA,NUSA TENGGARA BARAT,13900000.0,BAIK,Loc_0-Type_0
STKIP TAMAN SISWA BIMA,NUSA TENGGARA BARAT,13900000.0,BAIK,Loc_0-Type_0
STKIP VETERAN SIDRAP,SULAWESI SELATAN,7100000.0,BAIK,Loc_3-Type_0
STKIP WIDYA YUWANA,JAWA TIMUR,10000000.0,B,Loc_5-Type_0
STKIP WIDYASWARA INDONESIA,SUMATERA BARAT,2700000.0,BAIK,Loc_0-Type_0
STKIP WIDYASWARA INDONESIA,SUMATERA BARAT,2700000.0,BAIK,Loc_0-Type_0
STMIK ADHI GUNA,SULAWESI TENGAH,7512000.0,BAIK,Loc_0-Type_0
STMIK ADHI GUNA,SULAWESI TENGAH,7512000.0,BAIK,Loc_0-Type_0
STMIK AKI PATI,JAWA TENGAH,3500000.0,BAIK,Loc_7-Type_0
STMIK AKI PATI,JAWA TENGAH,3500000.0,BAIK,Loc_7-Type_0
STMIK AMIK BANDUNG,JAWA BARAT,12000000.0,BAIK SEKALI,Loc_8-Type_1
STMIK AMIK BANDUNG,JAWA BARAT,12000000.0,BAIK SEKALI,Loc_8-Type_1
STMIK ANTAR BANGSA,BANTEN,5100000.0,BAIK,Loc_0-Type_0
STMIK ANTAR BANGSA,BANTEN,5100000.0,BAIK,Loc_0-Type_0
STMIK BANDUNG,JAWA BARAT,50250000.0,BAIK,Loc_8-Type_2
STMIK BANDUNG,JAWA BARAT,50250000.0,BAIK,Loc_8-Type_2
STMIK BANJARBARU,KALIMANTAN SELATAN,7875000.0,BAIK,Loc_0-Type_0
STMIK BANJARBARU,KALIMANTAN SELATAN,7875000.0,BAIK,Loc_0-Type_0
STMIK BINA MULIA,SULAWESI TENGAH,5750000.0,BAIK,Loc_0-Type_0
STMIK BINA MULIA,SULAWESI TENGAH,5750000.0,BAIK,Loc_0-Type_0
STMIK BINA PATRIA,JAWA TENGAH,5000000.0,BAIK,Loc_7-Type_0
STMIK BINA PATRIA,JAWA TENGAH,5000000.0,BAIK,Loc_7-Type_0
STMIK BORNEO INTERNASIONAL,KALIMANTAN TIMUR,6400000.0,BAIK,Loc_0-Type_0
STMIK CATUR SAKTI KENDARI,SULAWESI TENGGARA,4300000.0,BAIK,Loc_0-Type_0
STMIK CATUR SAKTI KENDARI,SULAWESI TENGGARA,4300000.0,BAIK,Loc_0-Type_0
STMIK CITRA MANDIRI PADANGSIDIMPUAN,SUMATERA UTARA,4800000.0,BAIK,Loc_0-Type_0
STMIK CITRA MANDIRI PADANGSIDIMPUAN,SUMATERA UTARA,4800000.0,BAIK,Loc_0-Type_0
STMIK DCI,JAWA BARAT,8000000.0,BAIK,Loc_8-Type_2
STMIK IKMI CIREBON,JAWA BARAT,6000000.0,BAIK,Loc_8-Type_2
STMIK IKMI CIREBON,JAWA BARAT,6000000.0,BAIK,Loc_8-Type_2
STMIK IKMI CIREBON,JAWA BARAT,6000000.0,BAIK,Loc_8-Type_2
STMIK IM,JAWA BARAT,8000000.0,TIDAK TERAKREDITASI,Loc_8-Type_2
STMIK IM,JAWA BARAT,8000000.0,TIDAK TERAKREDITASI,Loc_8-Type_2
STMIK INDONESIA BANDA ACEH,ACEH,4800000.0,BAIK,Loc_0-Type_0
STMIK INDONESIA BANDA ACEH,ACEH,4800000.0,BAIK,Loc_0-Type_0
STMIK INDONESIA BANJARMASIN,KALIMANTAN SELATAN,4668000.0,BAIK,Loc_0-Type_0
STMIK INDONESIA BANJARMASIN,KALIMANTAN SELATAN,4668000.0,BAIK,Loc_0-Type_0
STMIK KAPUTAMA,SUMATERA UTARA,5700000.0,B,Loc_0-Type_2
STMIK KAPUTAMA,SUMATERA UTARA,5700000.0,B,Loc_0-Type_2
STMIK KHARISMA MAKASSAR,SULAWESI SELATAN,8500000.0,BAIK,Loc_3-Type_0
STMIK KHARISMA MAKASSAR,SULAWESI SELATAN,8500000.0,BAIK,Loc_3-Type_0
STMIK KHARISMA MAKASSAR,SULAWESI SELATAN,8500000.0,BAIK,Loc_3-Type_0
STMIK KREATINDO MANOKWARI,PAPUA BARAT,3500000.0,BAIK,Loc_2-Type_1
STMIK KREATINDO MANOKWARI,PAPUA BARAT,3500000.0,BAIK,Loc_2-Type_1
STMIK KREATINDO MANOKWARI,PAPUA BARAT,3500000.0,BAIK,Loc_2-Type_1
STMIK KRISTEN NEUMANN INDONESIA,SUMATERA UTARA,6000000.0,BAIK,Loc_0-Type_0
STMIK KRISTEN NEUMANN INDONESIA,SUMATERA UTARA,6000000.0,BAIK,Loc_0-Type_0
STMIK KUWERA,D.K.I. JAKARTA,12775000.0,BAIK,Loc_4-Type_0
STMIK LOMBOK,NUSA TENGGARA BARAT,7200000.0,BAIK,Loc_0-Type_0
STMIK LOMBOK,NUSA TENGGARA BARAT,7200000.0,BAIK,Loc_0-Type_0
STMIK MARDIRA INDONESIA,JAWA BARAT,7600000.0,BAIK,Loc_8-Type_2
STMIK MASA DEPAN,BANTEN,4300000.0,BAIK,Loc_0-Type_0
STMIK MASA DEPAN,BANTEN,4300000.0,BAIK,Loc_0-Type_0
STMIK MERCUSUAR,JAWA BARAT,4800000.0,BAIK,Loc_8-Type_2
STMIK MERCUSUAR,JAWA BARAT,4800000.0,BAIK,Loc_8-Type_2
STMIK METHODIST BINJAI,SUMATERA UTARA,5000000.0,BAIK,Loc_0-Type_0
STMIK METHODIST BINJAI,SUMATERA UTARA,5000000.0,BAIK,Loc_0-Type_0
STMIK MULTICOM BOLAAN MONGONDOW,SULAWESI UTARA,8000000.0,BAIK,Loc_0-Type_0
STMIK MULTICOM BOLAAN MONGONDOW,SULAWESI UTARA,8000000.0,BAIK,Loc_0-Type_0
STMIK PALANGKA RAYA,KALIMANTAN TENGAH,6400000.0,BAIK,Loc_0-Type_0
STMIK PALANGKA RAYA,KALIMANTAN TENGAH,6400000.0,BAIK,Loc_0-Type_0
STMIK PAMITRAN,JAWA BARAT,8400000.0,BAIK,Loc_8-Type_2
STMIK PAMITRAN,JAWA BARAT,8400000.0,BAIK,Loc_8-Type_2
STMIK PAMITRAN,JAWA BARAT,8400000.0,BAIK,Loc_8-Type_2
STMIK PAMITRAN,JAWA BARAT,8400000.0,BAIK,Loc_8-Type_2
STMIK PELITA NUSANTARA,SUMATERA UTARA,6875000.0,BAIK SEKALI,Loc_0-Type_1
STMIK PGRI TANGERANG,BANTEN,4800000.0,BAIK,Loc_0-Type_0
STMIK PGRI TANGERANG,BANTEN,4800000.0,BAIK,Loc_0-Type_0
STMIK PONTIANAK,KALIMANTAN BARAT,8000000.0,BAIK,Loc_6-Type_2
STMIK PPKIA PRADNYA PARAMITA,JAWA TIMUR,5750000.0,B,Loc_5-Type_0
STMIK PPKIA PRADNYA PARAMITA,JAWA TIMUR,5750000.0,B,Loc_5-Type_0
STMIK PRANATA INDONESIA,JAWA BARAT,7994000.0,BAIK,Loc_8-Type_2
STMIK PRANATA INDONESIA,JAWA BARAT,7994000.0,BAIK,Loc_8-Type_2
STMIK PROFESIONAL MAKASSAR,SULAWESI SELATAN,6200000.0,BAIK,Loc_3-Type_0
STMIK PROFESIONAL MAKASSAR,SULAWESI SELATAN,6200000.0,BAIK,Loc_3-Type_0
STMIK SAMARINDA,KALIMANTAN TIMUR,9100000.0,BAIK,Loc_0-Type_0
STMIK SURYA INTAN,LAMPUNG,4800000.0,BAIK,Loc_1-Type_0
STMIK SURYA INTAN,LAMPUNG,4800000.0,BAIK,Loc_1-Type_0
STMIK SYAIKH ZAINUDDIN NAHDLATUL WATHAN,NUSA TENGGARA BARAT,4800000.0,BAIK,Loc_0-Type_0
STMIK SYAIKH ZAINUDDIN NAHDLATUL WATHAN,NUSA TENGGARA BARAT,4800000.0,BAIK,Loc_0-Type_0
STMIK TIDORE MANDIRI,MALUKU UTARA,4800000.0,BAIK,Loc_0-Type_0
STMIK TRIGUNA DHARMA,SUMATERA UTARA,7136000.0,B,Loc_0-Type_2
STMIK TRIGUNA DHARMA,SUMATERA UTARA,7136000.0,B,Loc_0-Type_2
STMIK TRIGUNA DHARMA,SUMATERA UTARA,7136000.0,B,Loc_0-Type_2
STMIK TRIGUNA DHARMA,SUMATERA UTARA,7136000.0,B,Loc_0-Type_2
STMIK WIDYA CIPTA DHARMA,KALIMANTAN TIMUR,6500000.0,B,Loc_0-Type_2
STMIK WIDYA CIPTA DHARMA,KALIMANTAN TIMUR,6500000.0,B,Loc_0-Type_2
STMIK WIDYA CIPTA DHARMA,KALIMANTAN TIMUR,6500000.0,B,Loc_0-Type_2
STMIK WIDYA UTAMA,JAWA TENGAH,2600000.0,BAIK,Loc_7-Type_0
STMIK WIDYA UTAMA,JAWA TENGAH,2600000.0,BAIK,Loc_7-Type_0
STT MINYAK DAN GAS CILACAP,JAWA TENGAH,11300000.0,BAIK,Loc_7-Type_0
TRISAKTI SCHOOL OF MANAGEMENT,DKI JAKARTA,26500000.0,A,Loc_0-Type_2
TRISAKTI SCHOOL OF MANAGEMENT,DKI JAKARTA,26500000.0,A,Loc_0-Type_2
UNIVERSITAS  HARAPAN BANGSA,JAWA TENGAH,25620000.0,BAIK SEKALI,Loc_7-Type_2
UNIVERSITAS  HARAPAN BANGSA,JAWA TENGAH,25620000.0,BAIK SEKALI,Loc_7-Type_2
UNIVERSITAS  HARAPAN BANGSA,JAWA TENGAH,25620000.0,BAIK SEKALI,Loc_7-Type_2
UNIVERSITAS  HARAPAN BANGSA,JAWA TENGAH,25620000.0,BAIK SEKALI,Loc_7-Type_2
UNIVERSITAS  HARAPAN BANGSA,JAWA TENGAH,25620000.0,BAIK SEKALI,Loc_7-Type_2
UNIVERSITAS  HARAPAN BANGSA,JAWA TENGAH,25620000.0,BAIK SEKALI,Loc_7-Type_2
UNIVERSITAS  HARAPAN BANGSA,JAWA TENGAH,25620000.0,BAIK SEKALI,Loc_7-Type_2
UNIVERSITAS  HARAPAN BANGSA,JAWA TENGAH,25620000.0,BAIK SEKALI,Loc_7-Type_2
UNIVERSITAS 17 AGUSTUS 1945 BANYUWANGI,JAWA TIMUR,7100000.0,BAIK SEKALI,Loc_5-Type_1
UNIVERSITAS 17 AGUSTUS 1945 BANYUWANGI,JAWA TIMUR,7100000.0,BAIK SEKALI,Loc_5-Type_1
UNIVERSITAS 17 AGUSTUS 1945 BANYUWANGI,JAWA TIMUR,7100000.0,BAIK SEKALI,Loc_5-Type_1
UNIVERSITAS 17 AGUSTUS 1945 BANYUWANGI,JAWA TIMUR,7100000.0,BAIK SEKALI,Loc_5-Type_1
UNIVERSITAS 17 AGUSTUS 1945 BANYUWANGI,JAWA TIMUR,7100000.0,BAIK SEKALI,Loc_5-Type_1
UNIVERSITAS 17 AGUSTUS 1945 BANYUWANGI,JAWA TIMUR,7100000.0,BAIK SEKALI,Loc_5-Type_1
UNIVERSITAS 17 AGUSTUS 1945 BANYUWANGI,JAWA TIMUR,7100000.0,BAIK SEKALI,Loc_5-Type_1
UNIVERSITAS 17 AGUSTUS 1945 BANYUWANGI,JAWA TIMUR,7100000.0,BAIK SEKALI,Loc_5-Type_1
UNIVERSITAS 17 AGUSTUS 1945 BANYUWANGI,JAWA TIMUR,7100000.0,BAIK SEKALI,Loc_5-Type_1
UNIVERSITAS 17 AGUSTUS 1945 BANYUWANGI,JAWA TIMUR,7100000.0,BAIK SEKALI,Loc_5-Type_1
UNIVERSITAS 17 AGUSTUS 1945 CIREBON,JAWA BARAT,75500000.0,BAIK SEKALI,Loc_8-Type_1
UNIVERSITAS 17 AGUSTUS 1945 CIREBON,JAWA BARAT,75500000.0,BAIK SEKALI,Loc_8-Type_1
UNIVERSITAS 17 AGUSTUS 1945 CIREBON,JAWA BARAT,75500000.0,BAIK SEKALI,Loc_8-Type_1
UNIVERSITAS 17 AGUSTUS 1945 CIREBON,JAWA BARAT,75500000.0,BAIK SEKALI,Loc_8-Type_1
UNIVERSITAS 17 AGUSTUS 1945 CIREBON,JAWA BARAT,75500000.0,BAIK SEKALI,Loc_8-Type_1
UNIVERSITAS 17 AGUSTUS 1945 CIREBON,JAWA BARAT,75500000.0,BAIK SEKALI,Loc_8-Type_1
UNIVERSITAS 17 AGUSTUS 1945 CIREBON,JAWA BARAT,75500000.0,BAIK SEKALI,Loc_8-Type_1
UNIVERSITAS 17 AGUSTUS 1945 CIREBON,JAWA BARAT,75500000.0,BAIK SEKALI,Loc_8-Type_1
UNIVERSITAS 17 AGUSTUS 1945 CIREBON,JAWA BARAT,75500000.0,BAIK SEKALI,Loc_8-Type_1
UNIVERSITAS 17 AGUSTUS 1945 CIREBON,JAWA BARAT,75500000.0,BAIK SEKALI,Loc_8-Type_1
UNIVERSITAS 17 AGUSTUS 1945 CIREBON,JAWA BARAT,75500000.0,BAIK SEKALI,Loc_8-Type_1
UNIVERSITAS 17 AGUSTUS 1945 CIREBON,JAWA BARAT,75500000.0,BAIK SEKALI,Loc_8-Type_1
UNIVERSITAS 17 AGUSTUS 1945 JAKARTA,D.K.I. JAKARTA,114980000.0,BAIK SEKALI,Loc_4-Type_2
UNIVERSITAS 17 AGUSTUS 1945 JAKARTA,D.K.I. JAKARTA,114980000.0,BAIK SEKALI,Loc_4-Type_2
UNIVERSITAS 17 AGUSTUS 1945 JAKARTA,D.K.I. JAKARTA,114980000.0,BAIK SEKALI,Loc_4-Type_2
UNIVERSITAS 17 AGUSTUS 1945 JAKARTA,D.K.I. JAKARTA,114980000.0,BAIK SEKALI,Loc_4-Type_2
UNIVERSITAS 17 AGUSTUS 1945 JAKARTA,D.K.I. JAKARTA,114980000.0,BAIK SEKALI,Loc_4-Type_2
UNIVERSITAS 17 AGUSTUS 1945 JAKARTA,D.K.I. JAKARTA,114980000.0,BAIK SEKALI,Loc_4-Type_2
UNIVERSITAS 17 AGUSTUS 1945 JAKARTA,D.K.I. JAKARTA,114980000.0,BAIK SEKALI,Loc_4-Type_2
UNIVERSITAS 17 AGUSTUS 1945 JAKARTA,D.K.I. JAKARTA,114980000.0,BAIK SEKALI,Loc_4-Type_2
UNIVERSITAS 17 AGUSTUS 1945 JAKARTA,D.K.I. JAKARTA,114980000.0,BAIK SEKALI,Loc_4-Type_2
UNIVERSITAS 17 AGUSTUS 1945 JAKARTA,D.K.I. JAKARTA,114980000.0,BAIK SEKALI,Loc_4-Type_2
UNIVERSITAS 17 AGUSTUS 1945 JAKARTA,D.K.I. JAKARTA,114980000.0,BAIK SEKALI,Loc_4-Type_2
UNIVERSITAS 17 AGUSTUS 1945 JAKARTA,D.K.I. JAKARTA,114980000.0,BAIK SEKALI,Loc_4-Type_2
UNIVERSITAS 17 AGUSTUS 1945 JAKARTA,D.K.I. JAKARTA,114980000.0,BAIK SEKALI,Loc_4-Type_2
UNIVERSITAS 17 AGUSTUS 1945 JAKARTA,D.K.I. JAKARTA,114980000.0,BAIK SEKALI,Loc_4-Type_2
UNIVERSITAS 17 AGUSTUS 1945 JAKARTA,D.K.I. JAKARTA,114980000.0,BAIK SEKALI,Loc_4-Type_2
UNIVERSITAS 17 AGUSTUS 1945 JAKARTA,D.K.I. JAKARTA,114980000.0,BAIK SEKALI,Loc_4-Type_2
UNIVERSITAS 17 AGUSTUS 1945 JAKARTA,D.K.I. JAKARTA,114980000.0,BAIK SEKALI,Loc_4-Type_2
UNIVERSITAS 17 AGUSTUS 1945 SAMARINDA,KALIMANTAN TIMUR,12501870.0,BAIK SEKALI,Loc_0-Type_1
UNIVERSITAS 17 AGUSTUS 1945 SAMARINDA,KALIMANTAN TIMUR,12501870.0,BAIK SEKALI,Loc_0-Type_1
UNIVERSITAS 17 AGUSTUS 1945 SAMARINDA,KALIMANTAN TIMUR,12501870.0,BAIK SEKALI,Loc_0-Type_1
UNIVERSITAS 17 AGUSTUS 1945 SAMARINDA,KALIMANTAN TIMUR,12501870.0,BAIK SEKALI,Loc_0-Type_1
UNIVERSITAS 17 AGUSTUS 1945 SAMARINDA,KALIMANTAN TIMUR,12501870.0,BAIK SEKALI,Loc_0-Type_1
UNIVERSITAS 17 AGUSTUS 1945 SAMARINDA,KALIMANTAN TIMUR,12501870.0,BAIK SEKALI,Loc_0-Type_1
UNIVERSITAS 17 AGUSTUS 1945 SAMARINDA,KALIMANTAN TIMUR,12501870.0,BAIK SEKALI,Loc_0-Type_1
UNIVERSITAS 17 AGUSTUS 1945 SAMARINDA,KALIMANTAN TIMUR,12501870.0,BAIK SEKALI,Loc_0-Type_1
UNIVERSITAS 17 AGUSTUS 1945 SAMARINDA,KALIMANTAN TIMUR,12501870.0,BAIK SEKALI,Loc_0-Type_1
UNIVERSITAS 17 AGUSTUS 1945 SAMARINDA,KALIMANTAN TIMUR,12501870.0,BAIK SEKALI,Loc_0-Type_1
UNIVERSITAS 17 AGUSTUS 1945 SAMARINDA,KALIMANTAN TIMUR,12501870.0,BAIK SEKALI,Loc_0-Type_1
UNIVERSITAS 17 AGUSTUS 1945 SEMARANG,JAWA TENGAH,11250000.0,BAIK SEKALI,Loc_7-Type_2
UNIVERSITAS 17 AGUSTUS 1945 SEMARANG,JAWA TENGAH,11250000.0,BAIK SEKALI,Loc_7-Type_2
UNIVERSITAS 17 AGUSTUS 1945 SEMARANG,JAWA TENGAH,11250000.0,BAIK SEKALI,Loc_7-Type_2
UNIVERSITAS 17 AGUSTUS 1945 SEMARANG,JAWA TENGAH,11250000.0,BAIK SEKALI,Loc_7-Type_2
UNIVERSITAS 17 AGUSTUS 1945 SEMARANG,JAWA TENGAH,11250000.0,BAIK SEKALI,Loc_7-Type_2
UNIVERSITAS 17 AGUSTUS 1945 SEMARANG,JAWA TENGAH,11250000.0,BAIK SEKALI,Loc_7-Type_2
UNIVERSITAS 17 AGUSTUS 1945 SEMARANG,JAWA TENGAH,11250000.0,BAIK SEKALI,Loc_7-Type_2
UNIVERSITAS 17 AGUSTUS 1945 SEMARANG,JAWA TENGAH,11250000.0,BAIK SEKALI,Loc_7-Type_2
UNIVERSITAS 17 AGUSTUS 1945 SEMARANG,JAWA TENGAH,11250000.0,BAIK SEKALI,Loc_7-Type_2
UNIVERSITAS 17 AGUSTUS 1945 SEMARANG,JAWA TENGAH,11250000.0,BAIK SEKALI,Loc_7-Type_2
UNIVERSITAS 17 AGUSTUS 1945 SEMARANG,JAWA TENGAH,11250000.0,BAIK SEKALI,Loc_7-Type_2
UNIVERSITAS 17 AGUSTUS 1945 SEMARANG,JAWA TENGAH,11250000.0,BAIK SEKALI,Loc_7-Type_2
UNIVERSITAS 17 AGUSTUS 1945 SEMARANG,JAWA TENGAH,11250000.0,BAIK SEKALI,Loc_7-Type_2
UNIVERSITAS 17 AGUSTUS 1945 SURABAYA,JAWA TIMUR,53150000.0,A,Loc_5-Type_0
UNIVERSITAS 17 AGUSTUS 1945 SURABAYA,JAWA TIMUR,53150000.0,A,Loc_5-Type_0
UNIVERSITAS 17 AGUSTUS 1945 SURABAYA,JAWA TIMUR,53150000.0,A,Loc_5-Type_0
UNIVERSITAS 17 AGUSTUS 1945 SURABAYA,JAWA TIMUR,53150000.0,A,Loc_5-Type_0
UNIVERSITAS 17 AGUSTUS 1945 SURABAYA,JAWA TIMUR,53150000.0,A,Loc_5-Type_0
UNIVERSITAS 17 AGUSTUS 1945 SURABAYA,JAWA TIMUR,53150000.0,A,Loc_5-Type_0
UNIVERSITAS 17 AGUSTUS 1945 SURABAYA,JAWA TIMUR,53150000.0,A,Loc_5-Type_0
UNIVERSITAS 17 AGUSTUS 1945 SURABAYA,JAWA TIMUR,53150000.0,A,Loc_5-Type_0
UNIVERSITAS 17 AGUSTUS 1945 SURABAYA,JAWA TIMUR,53150000.0,A,Loc_5-Type_0
UNIVERSITAS 17 AGUSTUS 1945 SURABAYA,JAWA TIMUR,53150000.0,A,Loc_5-Type_0
UNIVERSITAS 17 AGUSTUS 1945 SURABAYA,JAWA TIMUR,53150000.0,A,Loc_5-Type_0
UNIVERSITAS 17 AGUSTUS 1945 SURABAYA,JAWA TIMUR,53150000.0,A,Loc_5-Type_0
UNIVERSITAS 17 AGUSTUS 1945 SURABAYA,JAWA TIMUR,53150000.0,A,Loc_5-Type_0
UNIVERSITAS 17 AGUSTUS 1945 SURABAYA,JAWA TIMUR,53150000.0,A,Loc_5-Type_0
UNIVERSITAS 17 AGUSTUS 1945 SURABAYA,JAWA TIMUR,53150000.0,A,Loc_5-Type_0
UNIVERSITAS 17 AGUSTUS 1945 SURABAYA,JAWA TIMUR,53150000.0,A,Loc_5-Type_0
UNIVERSITAS 17 AGUSTUS 1945 SURABAYA,JAWA TIMUR,53150000.0,A,Loc_5-Type_0
UNIVERSITAS 17 AGUSTUS 1945 SURABAYA,JAWA TIMUR,53150000.0,A,Loc_5-Type_0
UNIVERSITAS 45 MATARAM,NUSA TENGGARA BARAT,4200000.0,BAIK,Loc_0-Type_0
UNIVERSITAS 45 MATARAM,NUSA TENGGARA BARAT,4200000.0,BAIK,Loc_0-Type_0
UNIVERSITAS 45 MATARAM,NUSA TENGGARA BARAT,4200000.0,BAIK,Loc_0-Type_0
UNIVERSITAS 45 MATARAM,NUSA TENGGARA BARAT,4200000.0,BAIK,Loc_0-Type_0
UNIVERSITAS 45 MATARAM,NUSA TENGGARA BARAT,4200000.0,BAIK,Loc_0-Type_0
UNIVERSITAS 45 MATARAM,NUSA TENGGARA BARAT,4200000.0,BAIK,Loc_0-Type_0
UNIVERSITAS 45 SURABAYA,JAWA TIMUR,9450000.0,BAIK,Loc_5-Type_2
UNIVERSITAS 45 SURABAYA,JAWA TIMUR,9450000.0,BAIK,Loc_5-Type_2
UNIVERSITAS 45 SURABAYA,JAWA TIMUR,9450000.0,BAIK,Loc_5-Type_2
UNIVERSITAS 45 SURABAYA,JAWA TIMUR,9450000.0,BAIK,Loc_5-Type_2
UNIVERSITAS 45 SURABAYA,JAWA TIMUR,9450000.0,BAIK,Loc_5-Type_2
UNIVERSITAS 45 SURABAYA,JAWA TIMUR,9450000.0,BAIK,Loc_5-Type_2
UNIVERSITAS 45 SURABAYA,JAWA TIMUR,9450000.0,BAIK,Loc_5-Type_2
UNIVERSITAS ABDUL AZIS LAMADJIDO,SULAWESI TENGAH,4000000.0,BAIK,Loc_0-Type_0
UNIVERSITAS ABDUL AZIS LAMADJIDO,SULAWESI TENGAH,4000000.0,BAIK,Loc_0-Type_0
UNIVERSITAS ABDUL AZIS LAMADJIDO,SULAWESI TENGAH,4000000.0,BAIK,Loc_0-Type_0
UNIVERSITAS ABDUL AZIS LAMADJIDO,SULAWESI TENGAH,4000000.0,BAIK,Loc_0-Type_0
UNIVERSITAS ABDUL AZIS LAMADJIDO,SULAWESI TENGAH,4000000.0,BAIK,Loc_0-Type_0
UNIVERSITAS ABDUL AZIS LAMADJIDO,SULAWESI TENGAH,4000000.0,BAIK,Loc_0-Type_0
UNIVERSITAS ABDUL AZIS LAMADJIDO,SULAWESI TENGAH,4000000.0,BAIK,Loc_0-Type_0
UNIVERSITAS ABDUL AZIS LAMADJIDO,SULAWESI TENGAH,4000000.0,BAIK,Loc_0-Type_0
UNIVERSITAS ABDURACHMAN SALEH,JAWA TIMUR,7000000.0,B,Loc_5-Type_0
UNIVERSITAS ABDURACHMAN SALEH,JAWA TIMUR,7000000.0,B,Loc_5-Type_0
UNIVERSITAS ABDURACHMAN SALEH,JAWA TIMUR,7000000.0,B,Loc_5-Type_0
UNIVERSITAS ABDURACHMAN SALEH,JAWA TIMUR,7000000.0,B,Loc_5-Type_0
UNIVERSITAS ABDURACHMAN SALEH,JAWA TIMUR,7000000.0,B,Loc_5-Type_0
UNIVERSITAS ABDURACHMAN SALEH,JAWA TIMUR,7000000.0,B,Loc_5-Type_0
UNIVERSITAS ABDURACHMAN SALEH,JAWA TIMUR,7000000.0,B,Loc_5-Type_0
UNIVERSITAS ABDURACHMAN SALEH SITUBONDO,JAWA TIMUR,7500000.0,B,Loc_5-Type_0
UNIVERSITAS ABDURACHMAN SALEH SITUBONDO,JAWA TIMUR,7500000.0,B,Loc_5-Type_0
UNIVERSITAS ABDURACHMAN SALEH SITUBONDO,JAWA TIMUR,7500000.0,B,Loc_5-Type_0
UNIVERSITAS ABDURACHMAN SALEH SITUBONDO,JAWA TIMUR,7500000.0,B,Loc_5-Type_0
UNIVERSITAS ABDURACHMAN SALEH SITUBONDO,JAWA TIMUR,7500000.0,B,Loc_5-Type_0
UNIVERSITAS ABDURACHMAN SALEH SITUBONDO,JAWA TIMUR,7500000.0,B,Loc_5-Type_0
UNIVERSITAS ABDURACHMAN SALEH SITUBONDO,JAWA TIMUR,7500000.0,B,Loc_5-Type_0
UNIVERSITAS ABDURACHMAN SALEH SITUBONDO,JAWA TIMUR,7500000.0,B,Loc_5-Type_0
UNIVERSITAS ABDURACHMAN SALEH SITUBONDO,JAWA TIMUR,7500000.0,B,Loc_5-Type_0
UNIVERSITAS ABDURACHMAN SALEH SITUBONDO,JAWA TIMUR,7500000.0,B,Loc_5-Type_0
UNIVERSITAS ACHMAD YANI BANJARMASIN,KALIMANTAN SELATAN,4400000.0,B,Loc_0-Type_2
UNIVERSITAS ACHMAD YANI BANJARMASIN,KALIMANTAN SELATAN,4400000.0,B,Loc_0-Type_2
UNIVERSITAS ACHMAD YANI BANJARMASIN,KALIMANTAN SELATAN,4400000.0,B,Loc_0-Type_2
UNIVERSITAS ACHMAD YANI BANJARMASIN,KALIMANTAN SELATAN,4400000.0,B,Loc_0-Type_2
UNIVERSITAS ACHMAD YANI BANJARMASIN,KALIMANTAN SELATAN,4400000.0,B,Loc_0-Type_2
UNIVERSITAS ACHMAD YANI BANJARMASIN,KALIMANTAN SELATAN,4400000.0,B,Loc_0-Type_2
UNIVERSITAS ACHMAD YANI BANJARMASIN,KALIMANTAN SELATAN,4400000.0,B,Loc_0-Type_2
UNIVERSITAS ACHMAD YANI BANJARMASIN,KALIMANTAN SELATAN,4400000.0,B,Loc_0-Type_2
UNIVERSITAS ACHMAD YANI BANJARMASIN,KALIMANTAN SELATAN,4400000.0,B,Loc_0-Type_2
UNIVERSITAS ADHIRAJASA RESWARA SANJAYA,JAWA BARAT,9000000.0,B,Loc_8-Type_0
UNIVERSITAS ADHIRAJASA RESWARA SANJAYA,JAWA BARAT,9000000.0,B,Loc_8-Type_0
UNIVERSITAS ADHIRAJASA RESWARA SANJAYA,JAWA BARAT,9000000.0,B,Loc_8-Type_0
UNIVERSITAS ADHIRAJASA RESWARA SANJAYA,JAWA BARAT,9000000.0,B,Loc_8-Type_0
UNIVERSITAS ADHIRAJASA RESWARA SANJAYA,JAWA BARAT,9000000.0,B,Loc_8-Type_0
UNIVERSITAS ADHIRAJASA RESWARA SANJAYA,JAWA BARAT,9000000.0,B,Loc_8-Type_0
UNIVERSITAS ADHIRAJASA RESWARA SANJAYA,JAWA BARAT,9000000.0,B,Loc_8-Type_0
UNIVERSITAS ADVENT INDONESIA,JAWA BARAT,27520000.0,B,Loc_8-Type_0
UNIVERSITAS ADVENT INDONESIA,JAWA BARAT,27520000.0,B,Loc_8-Type_0
UNIVERSITAS ADVENT INDONESIA,JAWA BARAT,27520000.0,B,Loc_8-Type_0
UNIVERSITAS ADVENT INDONESIA,JAWA BARAT,27520000.0,B,Loc_8-Type_0
UNIVERSITAS ADVENT INDONESIA,JAWA BARAT,27520000.0,B,Loc_8-Type_0
UNIVERSITAS ADVENT INDONESIA,JAWA BARAT,27520000.0,B,Loc_8-Type_0
UNIVERSITAS ADVENT INDONESIA,JAWA BARAT,27520000.0,B,Loc_8-Type_0
UNIVERSITAS ADVENT INDONESIA,JAWA BARAT,27520000.0,B,Loc_8-Type_0
UNIVERSITAS ADVENT INDONESIA,JAWA BARAT,27520000.0,B,Loc_8-Type_0
UNIVERSITAS ADVENT INDONESIA,JAWA BARAT,27520000.0,B,Loc_8-Type_0
UNIVERSITAS ADVENT INDONESIA,JAWA BARAT,27520000.0,B,Loc_8-Type_0
UNIVERSITAS ADVENT SURYA NUSANTARA,SUMATERA UTARA,14100000.0,BAIK,Loc_0-Type_0
UNIVERSITAS ADVENT SURYA NUSANTARA,SUMATERA UTARA,14100000.0,BAIK,Loc_0-Type_0
UNIVERSITAS ADZKIA,SUMATERA BARAT,8300000.0,B,Loc_0-Type_2
UNIVERSITAS ADZKIA,SUMATERA BARAT,8300000.0,B,Loc_0-Type_2
UNIVERSITAS ADZKIA,SUMATERA BARAT,8300000.0,B,Loc_0-Type_2
UNIVERSITAS ADZKIA,SUMATERA BARAT,8300000.0,B,Loc_0-Type_2
UNIVERSITAS ADZKIA,SUMATERA BARAT,8300000.0,B,Loc_0-Type_2
UNIVERSITAS ADZKIA,SUMATERA BARAT,8300000.0,B,Loc_0-Type_2
UNIVERSITAS ADZKIA,SUMATERA BARAT,8300000.0,B,Loc_0-Type_2
UNIVERSITAS ADZKIA,SUMATERA BARAT,8300000.0,B,Loc_0-Type_2
UNIVERSITAS ADZKIA,SUMATERA BARAT,8300000.0,B,Loc_0-Type_2
UNIVERSITAS ADZKIA,SUMATERA BARAT,8300000.0,B,Loc_0-Type_2
UNIVERSITAS AGUNG PODOMORO,DKI JAKARTA,28000000.0,BAIK SEKALI,Loc_0-Type_1
UNIVERSITAS AGUNG PODOMORO,DKI JAKARTA,28000000.0,BAIK SEKALI,Loc_0-Type_1
UNIVERSITAS AGUNG PODOMORO,DKI JAKARTA,28000000.0,BAIK SEKALI,Loc_0-Type_1
UNIVERSITAS AGUNG PODOMORO,DKI JAKARTA,28000000.0,BAIK SEKALI,Loc_0-Type_1
UNIVERSITAS AGUNG PODOMORO,DKI JAKARTA,28000000.0,BAIK SEKALI,Loc_0-Type_1
UNIVERSITAS AGUNG PODOMORO,DKI JAKARTA,28000000.0,BAIK SEKALI,Loc_0-Type_1
UNIVERSITAS AGUNG PODOMORO,DKI JAKARTA,28000000.0,BAIK SEKALI,Loc_0-Type_1
UNIVERSITAS AGUNG PODOMORO,DKI JAKARTA,28000000.0,BAIK SEKALI,Loc_0-Type_1
UNIVERSITAS AHMAD DAHLAN,DI YOGYAKARTA,16000000.0,A,Loc_0-Type_1
UNIVERSITAS AHMAD DAHLAN,DI YOGYAKARTA,16000000.0,A,Loc_0-Type_1
UNIVERSITAS AHMAD DAHLAN,DI YOGYAKARTA,16000000.0,A,Loc_0-Type_1
UNIVERSITAS AHMAD DAHLAN,DI YOGYAKARTA,16000000.0,A,Loc_0-Type_1
UNIVERSITAS AHMAD DAHLAN,DI YOGYAKARTA,16000000.0,A,Loc_0-Type_1
UNIVERSITAS AHMAD DAHLAN,DI YOGYAKARTA,16000000.0,A,Loc_0-Type_1
UNIVERSITAS AHMAD DAHLAN,DI YOGYAKARTA,16000000.0,A,Loc_0-Type_1
UNIVERSITAS AHMAD DAHLAN,DI YOGYAKARTA,16000000.0,A,Loc_0-Type_1
UNIVERSITAS AHMAD DAHLAN,DI YOGYAKARTA,16000000.0,A,Loc_0-Type_1
UNIVERSITAS AHMAD DAHLAN,DI YOGYAKARTA,16000000.0,A,Loc_0-Type_1
UNIVERSITAS AHMAD DAHLAN,DI YOGYAKARTA,16000000.0,A,Loc_0-Type_1
UNIVERSITAS AHMAD DAHLAN,DI YOGYAKARTA,16000000.0,A,Loc_0-Type_1
UNIVERSITAS AHMAD DAHLAN,DI YOGYAKARTA,16000000.0,A,Loc_0-Type_1
UNIVERSITAS AHMAD DAHLAN,DI YOGYAKARTA,16000000.0,A,Loc_0-Type_1
UNIVERSITAS AHMAD DAHLAN,DI YOGYAKARTA,16000000.0,A,Loc_0-Type_1
UNIVERSITAS AHMAD DAHLAN,DI YOGYAKARTA,16000000.0,A,Loc_0-Type_1
UNIVERSITAS AHMAD DAHLAN,DI YOGYAKARTA,16000000.0,A,Loc_0-Type_1
UNIVERSITAS AHMAD DAHLAN,DI YOGYAKARTA,16000000.0,A,Loc_0-Type_1
UNIVERSITAS AHMAD DAHLAN,DI YOGYAKARTA,16000000.0,A,Loc_0-Type_1
UNIVERSITAS AHMAD DAHLAN,DI YOGYAKARTA,16000000.0,A,Loc_0-Type_1
UNIVERSITAS AHMAD DAHLAN,DI YOGYAKARTA,16000000.0,A,Loc_0-Type_1
UNIVERSITAS AHMAD DAHLAN,DI YOGYAKARTA,16000000.0,A,Loc_0-Type_1
UNIVERSITAS AHMAD DAHLAN,DI YOGYAKARTA,16000000.0,A,Loc_0-Type_1
UNIVERSITAS AHMAD DAHLAN,DI YOGYAKARTA,16000000.0,A,Loc_0-Type_1
UNIVERSITAS AHMAD DAHLAN,DI YOGYAKARTA,16000000.0,A,Loc_0-Type_1
UNIVERSITAS AHMAD DAHLAN,DI YOGYAKARTA,16000000.0,A,Loc_0-Type_1
UNIVERSITAS AHMAD DAHLAN,DI YOGYAKARTA,16000000.0,A,Loc_0-Type_1
UNIVERSITAS AISYAH PRINGSEWU,LAMPUNG,26550000.0,BAIK SEKALI,Loc_1-Type_2
UNIVERSITAS AISYAH PRINGSEWU,LAMPUNG,26550000.0,BAIK SEKALI,Loc_1-Type_2
UNIVERSITAS AISYAH PRINGSEWU,LAMPUNG,26550000.0,BAIK SEKALI,Loc_1-Type_2
UNIVERSITAS AISYAH PRINGSEWU,LAMPUNG,26550000.0,BAIK SEKALI,Loc_1-Type_2
UNIVERSITAS AISYAH PRINGSEWU,LAMPUNG,26550000.0,BAIK SEKALI,Loc_1-Type_2
UNIVERSITAS AISYAH PRINGSEWU,LAMPUNG,26550000.0,BAIK SEKALI,Loc_1-Type_2
UNIVERSITAS AISYAH PRINGSEWU,LAMPUNG,26550000.0,BAIK SEKALI,Loc_1-Type_2
UNIVERSITAS AISYAH PRINGSEWU,LAMPUNG,26550000.0,BAIK SEKALI,Loc_1-Type_2
UNIVERSITAS AISYAH PRINGSEWU,LAMPUNG,26550000.0,BAIK SEKALI,Loc_1-Type_2
UNIVERSITAS AISYAH PRINGSEWU,LAMPUNG,26550000.0,BAIK SEKALI,Loc_1-Type_2
UNIVERSITAS AISYAH PRINGSEWU,LAMPUNG,26550000.0,BAIK SEKALI,Loc_1-Type_2
UNIVERSITAS AISYIYAH PALEMBANG,SUMATERA SELATAN,45650000.0,BAIK,Loc_0-Type_0
UNIVERSITAS AISYIYAH PALEMBANG,SUMATERA SELATAN,45650000.0,BAIK,Loc_0-Type_0
UNIVERSITAS AISYIYAH PALEMBANG,SUMATERA SELATAN,45650000.0,BAIK,Loc_0-Type_0
UNIVERSITAS AISYIYAH PALEMBANG,SUMATERA SELATAN,45650000.0,BAIK,Loc_0-Type_0
UNIVERSITAS AISYIYAH PALEMBANG,SUMATERA SELATAN,45650000.0,BAIK,Loc_0-Type_0
UNIVERSITAS AISYIYAH PALEMBANG,SUMATERA SELATAN,45650000.0,BAIK,Loc_0-Type_0
UNIVERSITAS AISYIYAH YOGYAKARTA,D.I. YOGYAKARTA,5000000.0,UNGGUL,Loc_0-Type_0
UNIVERSITAS AISYIYAH YOGYAKARTA,D.I. YOGYAKARTA,5000000.0,UNGGUL,Loc_0-Type_0
UNIVERSITAS AISYIYAH YOGYAKARTA,D.I. YOGYAKARTA,5000000.0,UNGGUL,Loc_0-Type_0
UNIVERSITAS AISYIYAH YOGYAKARTA,D.I. YOGYAKARTA,5000000.0,UNGGUL,Loc_0-Type_0
UNIVERSITAS AISYIYAH YOGYAKARTA,D.I. YOGYAKARTA,5000000.0,UNGGUL,Loc_0-Type_0
UNIVERSITAS AISYIYAH YOGYAKARTA,D.I. YOGYAKARTA,5000000.0,UNGGUL,Loc_0-Type_0
UNIVERSITAS AISYIYAH YOGYAKARTA,D.I. YOGYAKARTA,5000000.0,UNGGUL,Loc_0-Type_0
UNIVERSITAS AISYIYAH YOGYAKARTA,D.I. YOGYAKARTA,5000000.0,UNGGUL,Loc_0-Type_0
UNIVERSITAS AISYIYAH YOGYAKARTA,D.I. YOGYAKARTA,5000000.0,UNGGUL,Loc_0-Type_0
UNIVERSITAS AISYIYAH YOGYAKARTA,D.I. YOGYAKARTA,5000000.0,UNGGUL,Loc_0-Type_0
UNIVERSITAS AKI,JAWA TENGAH,15925000.0,BAIK SEKALI,Loc_7-Type_2
UNIVERSITAS AKI,JAWA TENGAH,15925000.0,BAIK SEKALI,Loc_7-Type_2
UNIVERSITAS AKI,JAWA TENGAH,15925000.0,BAIK SEKALI,Loc_7-Type_2
UNIVERSITAS AKI,JAWA TENGAH,15925000.0,BAIK SEKALI,Loc_7-Type_2
UNIVERSITAS AKI,JAWA TENGAH,15925000.0,BAIK SEKALI,Loc_7-Type_2
UNIVERSITAS AKI,JAWA TENGAH,15925000.0,BAIK SEKALI,Loc_7-Type_2
UNIVERSITAS AKI,JAWA TENGAH,15925000.0,BAIK SEKALI,Loc_7-Type_2
UNIVERSITAS AKPRIND INDONESIA,D.I. YOGYAKARTA,10630000.0,BAIK SEKALI,Loc_0-Type_1
UNIVERSITAS AKPRIND INDONESIA,D.I. YOGYAKARTA,10630000.0,BAIK SEKALI,Loc_0-Type_1
UNIVERSITAS AKPRIND INDONESIA,D.I. YOGYAKARTA,10630000.0,BAIK SEKALI,Loc_0-Type_1
UNIVERSITAS AKPRIND INDONESIA,D.I. YOGYAKARTA,10630000.0,BAIK SEKALI,Loc_0-Type_1
UNIVERSITAS AKPRIND INDONESIA,D.I. YOGYAKARTA,10630000.0,BAIK SEKALI,Loc_0-Type_1
UNIVERSITAS AKPRIND INDONESIA,D.I. YOGYAKARTA,10630000.0,BAIK SEKALI,Loc_0-Type_1
UNIVERSITAS AKPRIND INDONESIA,D.I. YOGYAKARTA,10630000.0,BAIK SEKALI,Loc_0-Type_1
UNIVERSITAS AKPRIND INDONESIA,D.I. YOGYAKARTA,10630000.0,BAIK SEKALI,Loc_0-Type_1
UNIVERSITAS AKPRIND INDONESIA,D.I. YOGYAKARTA,10630000.0,BAIK SEKALI,Loc_0-Type_1
UNIVERSITAS AKPRIND INDONESIA,D.I. YOGYAKARTA,10630000.0,BAIK SEKALI,Loc_0-Type_1
UNIVERSITAS AKPRIND INDONESIA,D.I. YOGYAKARTA,10630000.0,BAIK SEKALI,Loc_0-Type_1
UNIVERSITAS AL ASYARIAH MANDAR,SULAWESI BARAT,4219925.0,BAIK SEKALI,Loc_0-Type_1
UNIVERSITAS AL ASYARIAH MANDAR,SULAWESI BARAT,4219925.0,BAIK SEKALI,Loc_0-Type_1
UNIVERSITAS AL ASYARIAH MANDAR,SULAWESI BARAT,4219925.0,BAIK SEKALI,Loc_0-Type_1
UNIVERSITAS AL ASYARIAH MANDAR,SULAWESI BARAT,4219925.0,BAIK SEKALI,Loc_0-Type_1
UNIVERSITAS AL ASYARIAH MANDAR,SULAWESI BARAT,4219925.0,BAIK SEKALI,Loc_0-Type_1
UNIVERSITAS AL ASYARIAH MANDAR,SULAWESI BARAT,4219925.0,BAIK SEKALI,Loc_0-Type_1
UNIVERSITAS AL ASYARIAH MANDAR,SULAWESI BARAT,4219925.0,BAIK SEKALI,Loc_0-Type_1
UNIVERSITAS AL ASYARIAH MANDAR,SULAWESI BARAT,4219925.0,BAIK SEKALI,Loc_0-Type_1
UNIVERSITAS AL ASYARIAH MANDAR,SULAWESI BARAT,4219925.0,BAIK SEKALI,Loc_0-Type_1
UNIVERSITAS AL ASYARIAH MANDAR,SULAWESI BARAT,4219925.0,BAIK SEKALI,Loc_0-Type_1
UNIVERSITAS AL ASYARIAH MANDAR,SULAWESI BARAT,4219925.0,BAIK SEKALI,Loc_0-Type_1
UNIVERSITAS AL ASYARIAH MANDAR,SULAWESI BARAT,4219925.0,BAIK SEKALI,Loc_0-Type_1
UNIVERSITAS AL AZHAR INDONESIA,DKI JAKARTA,20000000.0,B,Loc_0-Type_2
UNIVERSITAS AL AZHAR INDONESIA,DKI JAKARTA,20000000.0,B,Loc_0-Type_2
UNIVERSITAS AL AZHAR INDONESIA,DKI JAKARTA,20000000.0,B,Loc_0-Type_2
UNIVERSITAS AL AZHAR INDONESIA,DKI JAKARTA,20000000.0,B,Loc_0-Type_2
UNIVERSITAS AL AZHAR INDONESIA,DKI JAKARTA,20000000.0,B,Loc_0-Type_2
UNIVERSITAS AL AZHAR INDONESIA,DKI JAKARTA,20000000.0,B,Loc_0-Type_2
UNIVERSITAS AL AZHAR INDONESIA,DKI JAKARTA,20000000.0,B,Loc_0-Type_2
UNIVERSITAS AL AZHAR INDONESIA,DKI JAKARTA,20000000.0,B,Loc_0-Type_2
UNIVERSITAS AL AZHAR INDONESIA,DKI JAKARTA,20000000.0,B,Loc_0-Type_2
UNIVERSITAS AL AZHAR INDONESIA,DKI JAKARTA,20000000.0,B,Loc_0-Type_2
UNIVERSITAS AL AZHAR INDONESIA,DKI JAKARTA,20000000.0,B,Loc_0-Type_2
UNIVERSITAS AL AZHAR INDONESIA,DKI JAKARTA,20000000.0,B,Loc_0-Type_2
UNIVERSITAS AL AZHAR INDONESIA,DKI JAKARTA,20000000.0,B,Loc_0-Type_2
UNIVERSITAS AL AZHAR INDONESIA,DKI JAKARTA,20000000.0,B,Loc_0-Type_2
UNIVERSITAS AL AZHAR INDONESIA,DKI JAKARTA,20000000.0,B,Loc_0-Type_2
UNIVERSITAS AL AZHAR INDONESIA,DKI JAKARTA,20000000.0,B,Loc_0-Type_2
UNIVERSITAS AL AZHAR INDONESIA,DKI JAKARTA,20000000.0,B,Loc_0-Type_2
UNIVERSITAS AL HIKMAH JEPARA,JAWA TENGAH,5245000.0,BAIK,Loc_7-Type_0
UNIVERSITAS AL HIKMAH JEPARA,JAWA TENGAH,5245000.0,BAIK,Loc_7-Type_0
UNIVERSITAS AL HIKMAH JEPARA,JAWA TENGAH,5245000.0,BAIK,Loc_7-Type_0
UNIVERSITAS AL HIKMAH JEPARA,JAWA TENGAH,5245000.0,BAIK,Loc_7-Type_0
UNIVERSITAS AL HIKMAH JEPARA,JAWA TENGAH,5245000.0,BAIK,Loc_7-Type_0
UNIVERSITAS AL MUSLIM,ACEH,2200000.0,B,Loc_0-Type_2
UNIVERSITAS AL MUSLIM,ACEH,2200000.0,B,Loc_0-Type_2
UNIVERSITAS AL MUSLIM,ACEH,2200000.0,B,Loc_0-Type_2
UNIVERSITAS AL MUSLIM,ACEH,2200000.0,B,Loc_0-Type_2
UNIVERSITAS AL MUSLIM,ACEH,2200000.0,B,Loc_0-Type_2
UNIVERSITAS AL MUSLIM,ACEH,2200000.0,B,Loc_0-Type_2
UNIVERSITAS AL MUSLIM,ACEH,2200000.0,B,Loc_0-Type_2
UNIVERSITAS AL MUSLIM,ACEH,2200000.0,B,Loc_0-Type_2
UNIVERSITAS AL MUSLIM,ACEH,2200000.0,B,Loc_0-Type_2
UNIVERSITAS AL MUSLIM,ACEH,2200000.0,B,Loc_0-Type_2
UNIVERSITAS AL MUSLIM,ACEH,2200000.0,B,Loc_0-Type_2
UNIVERSITAS AL MUSLIM,ACEH,2200000.0,B,Loc_0-Type_2
UNIVERSITAS AL MUSLIM,ACEH,2200000.0,B,Loc_0-Type_2
UNIVERSITAS AL MUSLIM,ACEH,2200000.0,B,Loc_0-Type_2
UNIVERSITAS AL MUSLIM,ACEH,2200000.0,B,Loc_0-Type_2
UNIVERSITAS AL MUSLIM,ACEH,2200000.0,B,Loc_0-Type_2
UNIVERSITAS AL MUSLIM,ACEH,2200000.0,B,Loc_0-Type_2
UNIVERSITAS AL MUSLIM,ACEH,2200000.0,B,Loc_0-Type_2
UNIVERSITAS AL MUSLIM,ACEH,2200000.0,B,Loc_0-Type_2
UNIVERSITAS AL MUSLIM,ACEH,2200000.0,B,Loc_0-Type_2
UNIVERSITAS AL MUSLIM,ACEH,2200000.0,B,Loc_0-Type_2
UNIVERSITAS AL MUSLIM,ACEH,2200000.0,B,Loc_0-Type_2
UNIVERSITAS AL WASHLIYAH,SUMATERA UTARA,19500000.0,BAIK,Loc_0-Type_0
UNIVERSITAS AL WASHLIYAH,SUMATERA UTARA,19500000.0,BAIK,Loc_0-Type_0
UNIVERSITAS AL WASHLIYAH,SUMATERA UTARA,19500000.0,BAIK,Loc_0-Type_0
UNIVERSITAS AL WASHLIYAH,SUMATERA UTARA,19500000.0,BAIK,Loc_0-Type_0
UNIVERSITAS AL-AZHAR,SUMATERA UTARA,7500000.0,BAIK,Loc_0-Type_0
UNIVERSITAS AL-AZHAR,SUMATERA UTARA,7500000.0,BAIK,Loc_0-Type_0
UNIVERSITAS AL-AZHAR,SUMATERA UTARA,7500000.0,BAIK,Loc_0-Type_0
UNIVERSITAS AL-AZHAR,SUMATERA UTARA,7500000.0,BAIK,Loc_0-Type_0
UNIVERSITAS AL-AZHAR,SUMATERA UTARA,7500000.0,BAIK,Loc_0-Type_0
UNIVERSITAS AL-AZHAR,SUMATERA UTARA,7500000.0,BAIK,Loc_0-Type_0
UNIVERSITAS AL-AZHAR,SUMATERA UTARA,7500000.0,BAIK,Loc_0-Type_0
UNIVERSITAS AL-AZHAR,SUMATERA UTARA,7500000.0,BAIK,Loc_0-Type_0
UNIVERSITAS AL-AZHAR INDONESIA,D.K.I. JAKARTA,19230000.0,UNGGUL,Loc_4-Type_2
UNIVERSITAS AL-AZHAR INDONESIA,D.K.I. JAKARTA,19230000.0,UNGGUL,Loc_4-Type_2
UNIVERSITAS AL-AZHAR INDONESIA,D.K.I. JAKARTA,19230000.0,UNGGUL,Loc_4-Type_2
UNIVERSITAS AL-AZHAR INDONESIA,D.K.I. JAKARTA,19230000.0,UNGGUL,Loc_4-Type_2
UNIVERSITAS AL-AZHAR INDONESIA,D.K.I. JAKARTA,19230000.0,UNGGUL,Loc_4-Type_2
UNIVERSITAS AL-AZHAR INDONESIA,D.K.I. JAKARTA,19230000.0,UNGGUL,Loc_4-Type_2
UNIVERSITAS AL-AZHAR INDONESIA,D.K.I. JAKARTA,19230000.0,UNGGUL,Loc_4-Type_2
UNIVERSITAS AL-AZHAR INDONESIA,D.K.I. JAKARTA,19230000.0,UNGGUL,Loc_4-Type_2
UNIVERSITAS AL-AZHAR INDONESIA,D.K.I. JAKARTA,19230000.0,UNGGUL,Loc_4-Type_2
UNIVERSITAS AL-AZHAR INDONESIA,D.K.I. JAKARTA,19230000.0,UNGGUL,Loc_4-Type_2
UNIVERSITAS AL-AZHAR INDONESIA,D.K.I. JAKARTA,19230000.0,UNGGUL,Loc_4-Type_2
UNIVERSITAS AL-AZHAR INDONESIA,D.K.I. JAKARTA,19230000.0,UNGGUL,Loc_4-Type_2
UNIVERSITAS AL-GHIFARI,JAWA BARAT,10690000.0,BAIK,Loc_8-Type_2
UNIVERSITAS AL-GHIFARI,JAWA BARAT,10690000.0,BAIK,Loc_8-Type_2
UNIVERSITAS AL-GHIFARI,JAWA BARAT,10690000.0,BAIK,Loc_8-Type_2
UNIVERSITAS AL-GHIFARI,JAWA BARAT,10690000.0,BAIK,Loc_8-Type_2
UNIVERSITAS AL-GHIFARI,JAWA BARAT,10690000.0,BAIK,Loc_8-Type_2
UNIVERSITAS AL-GHIFARI,JAWA BARAT,10690000.0,BAIK,Loc_8-Type_2
UNIVERSITAS AL-GHIFARI,JAWA BARAT,10690000.0,BAIK,Loc_8-Type_2
UNIVERSITAS AL-GHIFARI,JAWA BARAT,10690000.0,BAIK,Loc_8-Type_2
UNIVERSITAS AL-GHIFARI,JAWA BARAT,10690000.0,BAIK,Loc_8-Type_2
UNIVERSITAS AL-IRSYAD CILACAP,JAWA TENGAH,85250000.0,BAIK,Loc_7-Type_0
UNIVERSITAS AL-IRSYAD CILACAP,JAWA TENGAH,85250000.0,BAIK,Loc_7-Type_0
UNIVERSITAS AL-IRSYAD CILACAP,JAWA TENGAH,85250000.0,BAIK,Loc_7-Type_0
UNIVERSITAS AL-IRSYAD CILACAP,JAWA TENGAH,85250000.0,BAIK,Loc_7-Type_0
UNIVERSITAS AL-IRSYAD CILACAP,JAWA TENGAH,85250000.0,BAIK,Loc_7-Type_0
UNIVERSITAS AL-IRSYAD CILACAP,JAWA TENGAH,85250000.0,BAIK,Loc_7-Type_0
UNIVERSITAS AL-KHAIRIYAH,BANTEN,5235000.0,BAIK,Loc_0-Type_0
UNIVERSITAS AL-KHAIRIYAH,BANTEN,5235000.0,BAIK,Loc_0-Type_0
UNIVERSITAS AL-KHAIRIYAH,BANTEN,5235000.0,BAIK,Loc_0-Type_0
UNIVERSITAS AL-KHAIRIYAH,BANTEN,5235000.0,BAIK,Loc_0-Type_0
UNIVERSITAS AL-KHAIRIYAH,BANTEN,5235000.0,BAIK,Loc_0-Type_0
UNIVERSITAS AL-KHAIRIYAH,BANTEN,5235000.0,BAIK,Loc_0-Type_0
UNIVERSITAS ALIFAH PADANG,SUMATERA BARAT,15000000.0,BAIK SEKALI,Loc_0-Type_1
UNIVERSITAS ALIFAH PADANG,SUMATERA BARAT,15000000.0,BAIK SEKALI,Loc_0-Type_1
UNIVERSITAS ALIFAH PADANG,SUMATERA BARAT,15000000.0,BAIK SEKALI,Loc_0-Type_1
UNIVERSITAS ALIFAH PADANG,SUMATERA BARAT,15000000.0,BAIK SEKALI,Loc_0-Type_1
UNIVERSITAS ALIFAH PADANG,SUMATERA BARAT,15000000.0,BAIK SEKALI,Loc_0-Type_1
UNIVERSITAS ALIFAH PADANG,SUMATERA BARAT,15000000.0,BAIK SEKALI,Loc_0-Type_1
UNIVERSITAS ALIFAH PADANG,SUMATERA BARAT,15000000.0,BAIK SEKALI,Loc_0-Type_1
UNIVERSITAS ALKHAIRAAT,SULAWESI TENGAH,16700000.0,BAIK,Loc_0-Type_0
UNIVERSITAS ALKHAIRAAT,SULAWESI TENGAH,16700000.0,BAIK,Loc_0-Type_0
UNIVERSITAS ALKHAIRAAT,SULAWESI TENGAH,16700000.0,BAIK,Loc_0-Type_0
UNIVERSITAS ALKHAIRAAT,SULAWESI TENGAH,16700000.0,BAIK,Loc_0-Type_0
UNIVERSITAS ALKHAIRAAT,SULAWESI TENGAH,16700000.0,BAIK,Loc_0-Type_0
UNIVERSITAS ALKHAIRAAT,SULAWESI TENGAH,16700000.0,BAIK,Loc_0-Type_0
UNIVERSITAS ALKHAIRAAT,SULAWESI TENGAH,16700000.0,BAIK,Loc_0-Type_0
UNIVERSITAS ALKHAIRAAT,SULAWESI TENGAH,16700000.0,BAIK,Loc_0-Type_0
UNIVERSITAS ALKHAIRAAT,SULAWESI TENGAH,16700000.0,BAIK,Loc_0-Type_0
UNIVERSITAS ALMA ATA,DI YOGYAKARTA,8000000.0,B,Loc_0-Type_2
UNIVERSITAS ALMA ATA,DI YOGYAKARTA,8000000.0,B,Loc_0-Type_2
UNIVERSITAS ALMARISAH MADANI,SULAWESI SELATAN,10000000.0,BAIK SEKALI,Loc_3-Type_2
UNIVERSITAS ALMARISAH MADANI,SULAWESI SELATAN,10000000.0,BAIK SEKALI,Loc_3-Type_2
UNIVERSITAS ALMARISAH MADANI,SULAWESI SELATAN,10000000.0,BAIK SEKALI,Loc_3-Type_2
UNIVERSITAS ALMARISAH MADANI,SULAWESI SELATAN,10000000.0,BAIK SEKALI,Loc_3-Type_2
UNIVERSITAS ALMARISAH MADANI,SULAWESI SELATAN,10000000.0,BAIK SEKALI,Loc_3-Type_2
UNIVERSITAS ALMARISAH MADANI,SULAWESI SELATAN,10000000.0,BAIK SEKALI,Loc_3-Type_2
UNIVERSITAS ALMARISAH MADANI,SULAWESI SELATAN,10000000.0,BAIK SEKALI,Loc_3-Type_2
UNIVERSITAS ALWASHLIYAH,SUMATERA UTARA,4250000.0,BAIK SEKALI,Loc_0-Type_1
UNIVERSITAS ALWASHLIYAH,SUMATERA UTARA,4250000.0,BAIK SEKALI,Loc_0-Type_1
UNIVERSITAS ALWASHLIYAH,SUMATERA UTARA,4250000.0,BAIK SEKALI,Loc_0-Type_1
UNIVERSITAS ALWASHLIYAH,SUMATERA UTARA,4250000.0,BAIK SEKALI,Loc_0-Type_1
UNIVERSITAS ALWASHLIYAH,SUMATERA UTARA,4250000.0,BAIK SEKALI,Loc_0-Type_1
UNIVERSITAS ALWASHLIYAH,SUMATERA UTARA,4250000.0,BAIK SEKALI,Loc_0-Type_1
UNIVERSITAS ALWASHLIYAH,SUMATERA UTARA,4250000.0,BAIK SEKALI,Loc_0-Type_1
UNIVERSITAS ALWASHLIYAH,SUMATERA UTARA,4250000.0,BAIK SEKALI,Loc_0-Type_1
UNIVERSITAS ALWASHLIYAH,SUMATERA UTARA,4250000.0,BAIK SEKALI,Loc_0-Type_1
UNIVERSITAS ALWASHLIYAH,SUMATERA UTARA,4250000.0,BAIK SEKALI,Loc_0-Type_1
UNIVERSITAS AMAL ILMIAH YAPIS WAMENA,PAPUA,34250000.0,BAIK,Loc_9-Type_1
UNIVERSITAS AMAL ILMIAH YAPIS WAMENA,PAPUA,34250000.0,BAIK,Loc_9-Type_1
UNIVERSITAS AMAL ILMIAH YAPIS WAMENA,PAPUA,34250000.0,BAIK,Loc_9-Type_1
UNIVERSITAS AMAL ILMIAH YAPIS WAMENA,PAPUA,34250000.0,BAIK,Loc_9-Type_1
UNIVERSITAS AMAL ILMIAH YAPIS WAMENA,PAPUA,34250000.0,BAIK,Loc_9-Type_1
UNIVERSITAS AMAL ILMIAH YAPIS WAMENA,PAPUA,34250000.0,BAIK,Loc_9-Type_1
UNIVERSITAS AMAL ILMIAH YAPIS WAMENA,PAPUA,34250000.0,BAIK,Loc_9-Type_1
UNIVERSITAS AMIKOM YOGYAKARTA,D.I. YOGYAKARTA,10300000.0,BAIK SEKALI,Loc_0-Type_1
UNIVERSITAS AMIKOM YOGYAKARTA,D.I. YOGYAKARTA,10300000.0,BAIK SEKALI,Loc_0-Type_1
UNIVERSITAS AMIKOM YOGYAKARTA,D.I. YOGYAKARTA,10300000.0,BAIK SEKALI,Loc_0-Type_1
UNIVERSITAS AMIKOM YOGYAKARTA,D.I. YOGYAKARTA,10300000.0,BAIK SEKALI,Loc_0-Type_1
UNIVERSITAS AMIKOM YOGYAKARTA,D.I. YOGYAKARTA,10300000.0,BAIK SEKALI,Loc_0-Type_1
UNIVERSITAS AMIKOM YOGYAKARTA,D.I. YOGYAKARTA,10300000.0,BAIK SEKALI,Loc_0-Type_1
UNIVERSITAS AMIKOM YOGYAKARTA,D.I. YOGYAKARTA,10300000.0,BAIK SEKALI,Loc_0-Type_1
UNIVERSITAS AMIKOM YOGYAKARTA,D.I. YOGYAKARTA,10300000.0,BAIK SEKALI,Loc_0-Type_1
UNIVERSITAS AMIKOM YOGYAKARTA,D.I. YOGYAKARTA,10300000.0,BAIK SEKALI,Loc_0-Type_1
UNIVERSITAS AMIKOM YOGYAKARTA,D.I. YOGYAKARTA,10300000.0,BAIK SEKALI,Loc_0-Type_1
UNIVERSITAS AMIKOM YOGYAKARTA,D.I. YOGYAKARTA,10300000.0,BAIK SEKALI,Loc_0-Type_1
UNIVERSITAS AMIKOM YOGYAKARTA,D.I. YOGYAKARTA,10300000.0,BAIK SEKALI,Loc_0-Type_1
UNIVERSITAS AMIKOM YOGYAKARTA,D.I. YOGYAKARTA,10300000.0,BAIK SEKALI,Loc_0-Type_1
UNIVERSITAS AMIR HAMZAH,SUMATERA UTARA,12350000.0,BAIK,Loc_0-Type_0
UNIVERSITAS AMIR HAMZAH,SUMATERA UTARA,12350000.0,BAIK,Loc_0-Type_0
UNIVERSITAS AMIR HAMZAH,SUMATERA UTARA,12350000.0,BAIK,Loc_0-Type_0
UNIVERSITAS AMIR HAMZAH,SUMATERA UTARA,12350000.0,BAIK,Loc_0-Type_0
UNIVERSITAS AMIR HAMZAH,SUMATERA UTARA,12350000.0,BAIK,Loc_0-Type_0
UNIVERSITAS AMIR HAMZAH,SUMATERA UTARA,12350000.0,BAIK,Loc_0-Type_0
UNIVERSITAS AN NASHER,JAWA BARAT,12750000.0,BAIK,Loc_8-Type_2
UNIVERSITAS AN NASHER,JAWA BARAT,12750000.0,BAIK,Loc_8-Type_2
UNIVERSITAS AN NASHER,JAWA BARAT,12750000.0,BAIK,Loc_8-Type_2
UNIVERSITAS AN NASHER,JAWA BARAT,12750000.0,BAIK,Loc_8-Type_2
UNIVERSITAS AN NASHER,JAWA BARAT,12750000.0,BAIK,Loc_8-Type_2
UNIVERSITAS AN NUUR,JAWA TENGAH,12250000.0,BAIK,Loc_7-Type_0
UNIVERSITAS AN NUUR,JAWA TENGAH,12250000.0,BAIK,Loc_7-Type_0
UNIVERSITAS AN NUUR,JAWA TENGAH,12250000.0,BAIK,Loc_7-Type_0
UNIVERSITAS AN NUUR,JAWA TENGAH,12250000.0,BAIK,Loc_7-Type_0
UNIVERSITAS AN NUUR,JAWA TENGAH,12250000.0,BAIK,Loc_7-Type_0
UNIVERSITAS ANNUQAYAH,JAWA TIMUR,7450000.0,BAIK,Loc_5-Type_2
UNIVERSITAS ANNUQAYAH,JAWA TIMUR,7450000.0,BAIK,Loc_5-Type_2
UNIVERSITAS ANNUQAYAH,JAWA TIMUR,7450000.0,BAIK,Loc_5-Type_2
UNIVERSITAS ANNUQAYAH,JAWA TIMUR,7450000.0,BAIK,Loc_5-Type_2
UNIVERSITAS ANNUQAYAH,JAWA TIMUR,7450000.0,BAIK,Loc_5-Type_2
UNIVERSITAS ANNUQAYAH,JAWA TIMUR,7450000.0,BAIK,Loc_5-Type_2
UNIVERSITAS ANNUQAYAH,JAWA TIMUR,7450000.0,BAIK,Loc_5-Type_2
UNIVERSITAS ANNUQAYAH,JAWA TIMUR,7450000.0,BAIK,Loc_5-Type_2
UNIVERSITAS ANTAKUSUMA,KALIMANTAN TENGAH,4000000.0,BAIK,Loc_0-Type_0
UNIVERSITAS ANTAKUSUMA,KALIMANTAN TENGAH,4000000.0,BAIK,Loc_0-Type_0
UNIVERSITAS ANTAKUSUMA,KALIMANTAN TENGAH,4000000.0,BAIK,Loc_0-Type_0
UNIVERSITAS ANTAKUSUMA,KALIMANTAN TENGAH,4000000.0,BAIK,Loc_0-Type_0
UNIVERSITAS ANTAKUSUMA,KALIMANTAN TENGAH,4000000.0,BAIK,Loc_0-Type_0
UNIVERSITAS ANTAKUSUMA,KALIMANTAN TENGAH,4000000.0,BAIK,Loc_0-Type_0
UNIVERSITAS ANTAKUSUMA,KALIMANTAN TENGAH,4000000.0,BAIK,Loc_0-Type_0
UNIVERSITAS ANTAKUSUMA,KALIMANTAN TENGAH,4000000.0,BAIK,Loc_0-Type_0
UNIVERSITAS ANTAKUSUMA,KALIMANTAN TENGAH,4000000.0,BAIK,Loc_0-Type_0
UNIVERSITAS ANWAR MEDIKA,JAWA TIMUR,22111250.0,BAIK,Loc_5-Type_2
UNIVERSITAS ANWAR MEDIKA,JAWA TIMUR,22111250.0,BAIK,Loc_5-Type_2
UNIVERSITAS ANWAR MEDIKA,JAWA TIMUR,22111250.0,BAIK,Loc_5-Type_2
UNIVERSITAS ANWAR MEDIKA,JAWA TIMUR,22111250.0,BAIK,Loc_5-Type_2
UNIVERSITAS ANWAR MEDIKA,JAWA TIMUR,22111250.0,BAIK,Loc_5-Type_2
UNIVERSITAS ARY GINANJAR,D.K.I. JAKARTA,38200000.0,BAIK,Loc_4-Type_0
UNIVERSITAS ARY GINANJAR,D.K.I. JAKARTA,38200000.0,BAIK,Loc_4-Type_0
UNIVERSITAS ARY GINANJAR,D.K.I. JAKARTA,38200000.0,BAIK,Loc_4-Type_0
UNIVERSITAS ARY GINANJAR,D.K.I. JAKARTA,38200000.0,BAIK,Loc_4-Type_0
UNIVERSITAS ARY GINANJAR,D.K.I. JAKARTA,38200000.0,BAIK,Loc_4-Type_0
UNIVERSITAS ARY GINANJAR,D.K.I. JAKARTA,38200000.0,BAIK,Loc_4-Type_0
UNIVERSITAS ARY GINANJAR,D.K.I. JAKARTA,38200000.0,BAIK,Loc_4-Type_0
UNIVERSITAS ARYASATYA DEO MURI,NUSA TENGGARA TIMUR,5000000.0,BAIK,Loc_0-Type_0
UNIVERSITAS ARYASATYA DEO MURI,NUSA TENGGARA TIMUR,5000000.0,BAIK,Loc_0-Type_0
UNIVERSITAS ARYASATYA DEO MURI,NUSA TENGGARA TIMUR,5000000.0,BAIK,Loc_0-Type_0
UNIVERSITAS ARYASATYA DEO MURI,NUSA TENGGARA TIMUR,5000000.0,BAIK,Loc_0-Type_0
UNIVERSITAS ARYASATYA DEO MURI,NUSA TENGGARA TIMUR,5000000.0,BAIK,Loc_0-Type_0
UNIVERSITAS ARYASATYA DEO MURI,NUSA TENGGARA TIMUR,5000000.0,BAIK,Loc_0-Type_0
UNIVERSITAS ARYASATYA DEO MURI,NUSA TENGGARA TIMUR,5000000.0,BAIK,Loc_0-Type_0
UNIVERSITAS ASA INDONESIA,D.K.I. JAKARTA,10650000.0,BAIK SEKALI,Loc_4-Type_0
UNIVERSITAS ASA INDONESIA,D.K.I. JAKARTA,10650000.0,BAIK SEKALI,Loc_4-Type_0
UNIVERSITAS ASA INDONESIA,D.K.I. JAKARTA,10650000.0,BAIK SEKALI,Loc_4-Type_0
UNIVERSITAS ASA INDONESIA,D.K.I. JAKARTA,10650000.0,BAIK SEKALI,Loc_4-Type_0
UNIVERSITAS ASA INDONESIA,D.K.I. JAKARTA,10650000.0,BAIK SEKALI,Loc_4-Type_0
UNIVERSITAS ASAHAN,SUMATERA UTARA,5000000.0,B,Loc_0-Type_2
UNIVERSITAS ASAHAN,SUMATERA UTARA,5000000.0,B,Loc_0-Type_2
UNIVERSITAS ASAHAN,SUMATERA UTARA,5000000.0,B,Loc_0-Type_2
UNIVERSITAS ASAHAN,SUMATERA UTARA,5000000.0,B,Loc_0-Type_2
UNIVERSITAS ASAHAN,SUMATERA UTARA,5000000.0,B,Loc_0-Type_2
UNIVERSITAS ASAHAN,SUMATERA UTARA,5000000.0,B,Loc_0-Type_2
UNIVERSITAS ASAHAN,SUMATERA UTARA,5000000.0,B,Loc_0-Type_2
UNIVERSITAS ASAHAN,SUMATERA UTARA,5000000.0,B,Loc_0-Type_2
UNIVERSITAS ASAHAN,SUMATERA UTARA,5000000.0,B,Loc_0-Type_2
UNIVERSITAS ATMA JAYA MAKASSAR,SULAWESI SELATAN,11200000.0,C,Loc_3-Type_0
UNIVERSITAS ATMA JAYA MAKASSAR,SULAWESI SELATAN,11200000.0,C,Loc_3-Type_0
UNIVERSITAS ATMA JAYA MAKASSAR,SULAWESI SELATAN,11200000.0,C,Loc_3-Type_0
UNIVERSITAS ATMA JAYA MAKASSAR,SULAWESI SELATAN,11200000.0,C,Loc_3-Type_0
UNIVERSITAS ATMA JAYA MAKASSAR,SULAWESI SELATAN,11200000.0,C,Loc_3-Type_0
UNIVERSITAS ATMA JAYA MAKASSAR,SULAWESI SELATAN,11200000.0,C,Loc_3-Type_0
UNIVERSITAS ATMA JAYA MAKASSAR,SULAWESI SELATAN,11200000.0,C,Loc_3-Type_0
UNIVERSITAS ATMA JAYA MAKASSAR,SULAWESI SELATAN,11200000.0,C,Loc_3-Type_0
UNIVERSITAS ATMA JAYA MAKASSAR,SULAWESI SELATAN,11200000.0,C,Loc_3-Type_0
UNIVERSITAS ATMA JAYA YOGYAKARTA,D.I. YOGYAKARTA,18000000.0,A,Loc_0-Type_1
UNIVERSITAS ATMA JAYA YOGYAKARTA,D.I. YOGYAKARTA,18000000.0,A,Loc_0-Type_1
UNIVERSITAS ATMA JAYA YOGYAKARTA,D.I. YOGYAKARTA,18000000.0,A,Loc_0-Type_1
UNIVERSITAS ATMA JAYA YOGYAKARTA,D.I. YOGYAKARTA,18000000.0,A,Loc_0-Type_1
UNIVERSITAS ATMA JAYA YOGYAKARTA,D.I. YOGYAKARTA,18000000.0,A,Loc_0-Type_1
UNIVERSITAS ATMA JAYA YOGYAKARTA,D.I. YOGYAKARTA,18000000.0,A,Loc_0-Type_1
UNIVERSITAS ATMA JAYA YOGYAKARTA,D.I. YOGYAKARTA,18000000.0,A,Loc_0-Type_1
UNIVERSITAS ATMA JAYA YOGYAKARTA,D.I. YOGYAKARTA,18000000.0,A,Loc_0-Type_1
UNIVERSITAS ATMA JAYA YOGYAKARTA,D.I. YOGYAKARTA,18000000.0,A,Loc_0-Type_1
UNIVERSITAS ATMA JAYA YOGYAKARTA,D.I. YOGYAKARTA,18000000.0,A,Loc_0-Type_1
UNIVERSITAS ATMA JAYA YOGYAKARTA,D.I. YOGYAKARTA,18000000.0,A,Loc_0-Type_1
UNIVERSITAS ATMA JAYA YOGYAKARTA,D.I. YOGYAKARTA,18000000.0,A,Loc_0-Type_1
UNIVERSITAS ATMA JAYA YOGYAKARTA,D.I. YOGYAKARTA,18000000.0,A,Loc_0-Type_1
UNIVERSITAS ATMA JAYA YOGYAKARTA,D.I. YOGYAKARTA,18000000.0,A,Loc_0-Type_1
UNIVERSITAS ATMA JAYA YOGYAKARTA,D.I. YOGYAKARTA,18000000.0,A,Loc_0-Type_1
UNIVERSITAS AUDI INDONESIA,SUMATERA UTARA,10600000.0,BAIK,Loc_0-Type_0
UNIVERSITAS AUDI INDONESIA,SUMATERA UTARA,10600000.0,BAIK,Loc_0-Type_0
UNIVERSITAS AUDI INDONESIA,SUMATERA UTARA,10600000.0,BAIK,Loc_0-Type_0
UNIVERSITAS AUDI INDONESIA,SUMATERA UTARA,10600000.0,BAIK,Loc_0-Type_0
UNIVERSITAS AUDI INDONESIA,SUMATERA UTARA,10600000.0,BAIK,Loc_0-Type_0
UNIVERSITAS AUDI INDONESIA,SUMATERA UTARA,10600000.0,BAIK,Loc_0-Type_0
UNIVERSITAS AUDI INDONESIA,SUMATERA UTARA,10600000.0,BAIK,Loc_0-Type_0
UNIVERSITAS AUDI INDONESIA,SUMATERA UTARA,10600000.0,BAIK,Loc_0-Type_0
UNIVERSITAS AUDI INDONESIA,SUMATERA UTARA,10600000.0,BAIK,Loc_0-Type_0
UNIVERSITAS AUDI INDONESIA,SUMATERA UTARA,10600000.0,BAIK,Loc_0-Type_0
UNIVERSITAS AUFA ROYHAN,SUMATERA UTARA,4500000.0,B,Loc_0-Type_2
UNIVERSITAS AUFA ROYHAN,SUMATERA UTARA,4500000.0,B,Loc_0-Type_2
UNIVERSITAS AUFA ROYHAN,SUMATERA UTARA,4500000.0,B,Loc_0-Type_2
UNIVERSITAS AUFA ROYHAN,SUMATERA UTARA,4500000.0,B,Loc_0-Type_2
UNIVERSITAS AUFA ROYHAN,SUMATERA UTARA,4500000.0,B,Loc_0-Type_2
UNIVERSITAS BAITURRAHMAH,SUMATERA BARAT,36300000.0,A,Loc_0-Type_2
UNIVERSITAS BAITURRAHMAH,SUMATERA BARAT,36300000.0,A,Loc_0-Type_2
UNIVERSITAS BAITURRAHMAH,SUMATERA BARAT,36300000.0,A,Loc_0-Type_2
UNIVERSITAS BAITURRAHMAH,SUMATERA BARAT,36300000.0,A,Loc_0-Type_2
UNIVERSITAS BAITURRAHMAH,SUMATERA BARAT,36300000.0,A,Loc_0-Type_2
UNIVERSITAS BAITURRAHMAH,SUMATERA BARAT,36300000.0,A,Loc_0-Type_2
UNIVERSITAS BAITURRAHMAH,SUMATERA BARAT,36300000.0,A,Loc_0-Type_2
UNIVERSITAS BAITURRAHMAH,SUMATERA BARAT,36300000.0,A,Loc_0-Type_2
UNIVERSITAS BAITURRAHMAH,SUMATERA BARAT,36300000.0,A,Loc_0-Type_2
UNIVERSITAS BAKRIE,D.K.I. JAKARTA,32750000.0,B,Loc_4-Type_1
UNIVERSITAS BAKRIE,D.K.I. JAKARTA,32750000.0,B,Loc_4-Type_1
UNIVERSITAS BAKRIE,D.K.I. JAKARTA,32750000.0,B,Loc_4-Type_1
UNIVERSITAS BAKRIE,D.K.I. JAKARTA,32750000.0,B,Loc_4-Type_1
UNIVERSITAS BAKRIE,D.K.I. JAKARTA,32750000.0,B,Loc_4-Type_1
UNIVERSITAS BAKRIE,D.K.I. JAKARTA,32750000.0,B,Loc_4-Type_1
UNIVERSITAS BAKRIE,D.K.I. JAKARTA,32750000.0,B,Loc_4-Type_1
UNIVERSITAS BAKRIE,D.K.I. JAKARTA,32750000.0,B,Loc_4-Type_1
UNIVERSITAS BAKRIE,D.K.I. JAKARTA,32750000.0,B,Loc_4-Type_1
UNIVERSITAS BAKRIE,D.K.I. JAKARTA,32750000.0,B,Loc_4-Type_1
UNIVERSITAS BAKRIE,D.K.I. JAKARTA,32750000.0,B,Loc_4-Type_1
UNIVERSITAS BAKTI INDONESIA,JAWA TIMUR,5600000.0,BAIK,Loc_5-Type_2
UNIVERSITAS BAKTI INDONESIA,JAWA TIMUR,5600000.0,BAIK,Loc_5-Type_2
UNIVERSITAS BAKTI INDONESIA,JAWA TIMUR,5600000.0,BAIK,Loc_5-Type_2
UNIVERSITAS BAKTI INDONESIA,JAWA TIMUR,5600000.0,BAIK,Loc_5-Type_2
UNIVERSITAS BAKTI INDONESIA,JAWA TIMUR,5600000.0,BAIK,Loc_5-Type_2
UNIVERSITAS BAKTI INDONESIA,JAWA TIMUR,5600000.0,BAIK,Loc_5-Type_2
UNIVERSITAS BAKTI INDONESIA,JAWA TIMUR,5600000.0,BAIK,Loc_5-Type_2
UNIVERSITAS BAKTI INDONESIA,JAWA TIMUR,5600000.0,BAIK,Loc_5-Type_2
UNIVERSITAS BAKTI INDONESIA,JAWA TIMUR,5600000.0,BAIK,Loc_5-Type_2
UNIVERSITAS BAKTI INDONESIA,JAWA TIMUR,5600000.0,BAIK,Loc_5-Type_2
UNIVERSITAS BAKTI INDONESIA,JAWA TIMUR,5600000.0,BAIK,Loc_5-Type_2
UNIVERSITAS BAKTI INDONESIA,JAWA TIMUR,5600000.0,BAIK,Loc_5-Type_2
UNIVERSITAS BAKTI INDONESIA,JAWA TIMUR,5600000.0,BAIK,Loc_5-Type_2
UNIVERSITAS BAKTI INDONESIA,JAWA TIMUR,5600000.0,BAIK,Loc_5-Type_2
UNIVERSITAS BAKTI INDONESIA,JAWA TIMUR,5600000.0,BAIK,Loc_5-Type_2
UNIVERSITAS BAKTI TUNAS HUSADA,JAWA BARAT,900000.0,TERAKREDITASI,Loc_8-Type_2
UNIVERSITAS BAKTI TUNAS HUSADA,JAWA BARAT,900000.0,TERAKREDITASI,Loc_8-Type_2
UNIVERSITAS BAKTI TUNAS HUSADA,JAWA BARAT,900000.0,TERAKREDITASI,Loc_8-Type_2
UNIVERSITAS BAKTI TUNAS HUSADA,JAWA BARAT,900000.0,TERAKREDITASI,Loc_8-Type_2
UNIVERSITAS BAKTI TUNAS HUSADA,JAWA BARAT,900000.0,TERAKREDITASI,Loc_8-Type_2
UNIVERSITAS BAKTI TUNAS HUSADA,JAWA BARAT,900000.0,TERAKREDITASI,Loc_8-Type_2
UNIVERSITAS BALE BANDUNG,JAWA BARAT,6000000.0,BAIK SEKALI,Loc_8-Type_1
UNIVERSITAS BALE BANDUNG,JAWA BARAT,6000000.0,BAIK SEKALI,Loc_8-Type_1
UNIVERSITAS BALE BANDUNG,JAWA BARAT,6000000.0,BAIK SEKALI,Loc_8-Type_1
UNIVERSITAS BALE BANDUNG,JAWA BARAT,6000000.0,BAIK SEKALI,Loc_8-Type_1
UNIVERSITAS BALE BANDUNG,JAWA BARAT,6000000.0,BAIK SEKALI,Loc_8-Type_1
UNIVERSITAS BALE BANDUNG,JAWA BARAT,6000000.0,BAIK SEKALI,Loc_8-Type_1
UNIVERSITAS BALE BANDUNG,JAWA BARAT,6000000.0,BAIK SEKALI,Loc_8-Type_1
UNIVERSITAS BALE BANDUNG,JAWA BARAT,6000000.0,BAIK SEKALI,Loc_8-Type_1
UNIVERSITAS BALE BANDUNG,JAWA BARAT,6000000.0,BAIK SEKALI,Loc_8-Type_1
UNIVERSITAS BALE BANDUNG,JAWA BARAT,6000000.0,BAIK SEKALI,Loc_8-Type_1
UNIVERSITAS BALI DWIPA,BALI,12350000.0,BAIK,Loc_0-Type_0
UNIVERSITAS BALI DWIPA,BALI,12350000.0,BAIK,Loc_0-Type_0
UNIVERSITAS BALI DWIPA,BALI,12350000.0,BAIK,Loc_0-Type_0
UNIVERSITAS BALI DWIPA,BALI,12350000.0,BAIK,Loc_0-Type_0
UNIVERSITAS BALI DWIPA,BALI,12350000.0,BAIK,Loc_0-Type_0
UNIVERSITAS BALI DWIPA,BALI,12350000.0,BAIK,Loc_0-Type_0
UNIVERSITAS BALI DWIPA,BALI,12350000.0,BAIK,Loc_0-Type_0
UNIVERSITAS BALI DWIPA,BALI,12350000.0,BAIK,Loc_0-Type_0
UNIVERSITAS BALI DWIPA,BALI,12350000.0,BAIK,Loc_0-Type_0
UNIVERSITAS BALIKPAPAN,KALIMANTAN TIMUR,9900000.0,B,Loc_0-Type_2
UNIVERSITAS BALIKPAPAN,KALIMANTAN TIMUR,9900000.0,B,Loc_0-Type_2
UNIVERSITAS BALIKPAPAN,KALIMANTAN TIMUR,9900000.0,B,Loc_0-Type_2
UNIVERSITAS BALIKPAPAN,KALIMANTAN TIMUR,9900000.0,B,Loc_0-Type_2
UNIVERSITAS BALIKPAPAN,KALIMANTAN TIMUR,9900000.0,B,Loc_0-Type_2
UNIVERSITAS BALIKPAPAN,KALIMANTAN TIMUR,9900000.0,B,Loc_0-Type_2
UNIVERSITAS BALIKPAPAN,KALIMANTAN TIMUR,9900000.0,B,Loc_0-Type_2
UNIVERSITAS BALIKPAPAN,KALIMANTAN TIMUR,9900000.0,B,Loc_0-Type_2
UNIVERSITAS BALIKPAPAN,KALIMANTAN TIMUR,9900000.0,B,Loc_0-Type_2
UNIVERSITAS BALIKPAPAN,KALIMANTAN TIMUR,9900000.0,B,Loc_0-Type_2
UNIVERSITAS BALIKPAPAN,KALIMANTAN TIMUR,9900000.0,B,Loc_0-Type_2
UNIVERSITAS BALIKPAPAN,KALIMANTAN TIMUR,9900000.0,B,Loc_0-Type_2
UNIVERSITAS BALIKPAPAN,KALIMANTAN TIMUR,9900000.0,B,Loc_0-Type_2
UNIVERSITAS BANDAR LAMPUNG,LAMPUNG,5800000.0,B,Loc_1-Type_1
UNIVERSITAS BANDAR LAMPUNG,LAMPUNG,5800000.0,B,Loc_1-Type_1
UNIVERSITAS BANDAR LAMPUNG,LAMPUNG,5800000.0,B,Loc_1-Type_1
UNIVERSITAS BANDAR LAMPUNG,LAMPUNG,5800000.0,B,Loc_1-Type_1
UNIVERSITAS BANDAR LAMPUNG,LAMPUNG,5800000.0,B,Loc_1-Type_1
UNIVERSITAS BANDAR LAMPUNG,LAMPUNG,5800000.0,B,Loc_1-Type_1
UNIVERSITAS BANDAR LAMPUNG,LAMPUNG,5800000.0,B,Loc_1-Type_1
UNIVERSITAS BANDAR LAMPUNG,LAMPUNG,5800000.0,B,Loc_1-Type_1
UNIVERSITAS BANDAR LAMPUNG,LAMPUNG,5800000.0,B,Loc_1-Type_1
UNIVERSITAS BANDAR LAMPUNG,LAMPUNG,5800000.0,B,Loc_1-Type_1
UNIVERSITAS BANDAR LAMPUNG,LAMPUNG,5800000.0,B,Loc_1-Type_1
UNIVERSITAS BANDAR LAMPUNG,LAMPUNG,5800000.0,B,Loc_1-Type_1
UNIVERSITAS BANI SALEH,JAWA BARAT,25450000.0,BAIK SEKALI,Loc_8-Type_1
UNIVERSITAS BANI SALEH,JAWA BARAT,25450000.0,BAIK SEKALI,Loc_8-Type_1
UNIVERSITAS BANI SALEH,JAWA BARAT,25450000.0,BAIK SEKALI,Loc_8-Type_1
UNIVERSITAS BANI SALEH,JAWA BARAT,25450000.0,BAIK SEKALI,Loc_8-Type_1
UNIVERSITAS BANI SALEH,JAWA BARAT,25450000.0,BAIK SEKALI,Loc_8-Type_1
UNIVERSITAS BANI SALEH,JAWA BARAT,25450000.0,BAIK SEKALI,Loc_8-Type_1
UNIVERSITAS BANTEN,BANTEN,2900000.0,BAIK,Loc_0-Type_0
UNIVERSITAS BANTEN,BANTEN,2900000.0,BAIK,Loc_0-Type_0
UNIVERSITAS BANTEN JAYA,BANTEN,6800000.0,BAIK,Loc_0-Type_0
UNIVERSITAS BANTEN JAYA,BANTEN,6800000.0,BAIK,Loc_0-Type_0
UNIVERSITAS BANTEN JAYA,BANTEN,6800000.0,BAIK,Loc_0-Type_0
UNIVERSITAS BANTEN JAYA,BANTEN,6800000.0,BAIK,Loc_0-Type_0
UNIVERSITAS BANTEN JAYA,BANTEN,6800000.0,BAIK,Loc_0-Type_0
UNIVERSITAS BANTEN JAYA,BANTEN,6800000.0,BAIK,Loc_0-Type_0
UNIVERSITAS BANTEN JAYA,BANTEN,6800000.0,BAIK,Loc_0-Type_0
UNIVERSITAS BANTEN JAYA,BANTEN,6800000.0,BAIK,Loc_0-Type_0
UNIVERSITAS BANTEN JAYA,BANTEN,6800000.0,BAIK,Loc_0-Type_0
UNIVERSITAS BANTEN JAYA,BANTEN,6800000.0,BAIK,Loc_0-Type_0
UNIVERSITAS BATANGHARI JAMBI,JAMBI,7900500.0,BAIK SEKALI,Loc_0-Type_1
UNIVERSITAS BATANGHARI JAMBI,JAMBI,7900500.0,BAIK SEKALI,Loc_0-Type_1
UNIVERSITAS BATANGHARI JAMBI,JAMBI,7900500.0,BAIK SEKALI,Loc_0-Type_1
UNIVERSITAS BATANGHARI JAMBI,JAMBI,7900500.0,BAIK SEKALI,Loc_0-Type_1
UNIVERSITAS BATANGHARI JAMBI,JAMBI,7900500.0,BAIK SEKALI,Loc_0-Type_1
UNIVERSITAS BATANGHARI JAMBI,JAMBI,7900500.0,BAIK SEKALI,Loc_0-Type_1
UNIVERSITAS BATANGHARI JAMBI,JAMBI,7900500.0,BAIK SEKALI,Loc_0-Type_1
UNIVERSITAS BATANGHARI JAMBI,JAMBI,7900500.0,BAIK SEKALI,Loc_0-Type_1
UNIVERSITAS BATANGHARI JAMBI,JAMBI,7900500.0,BAIK SEKALI,Loc_0-Type_1
UNIVERSITAS BATANGHARI JAMBI,JAMBI,7900500.0,BAIK SEKALI,Loc_0-Type_1
UNIVERSITAS BATANGHARI JAMBI,JAMBI,7900500.0,BAIK SEKALI,Loc_0-Type_1
UNIVERSITAS BATANGHARI JAMBI,JAMBI,7900500.0,BAIK SEKALI,Loc_0-Type_1
UNIVERSITAS BATANGHARI JAMBI,JAMBI,7900500.0,BAIK SEKALI,Loc_0-Type_1
UNIVERSITAS BATTUTA,SUMATERA UTARA,9000000.0,BAIK SEKALI,Loc_0-Type_1
UNIVERSITAS BATTUTA,SUMATERA UTARA,9000000.0,BAIK SEKALI,Loc_0-Type_1
UNIVERSITAS BATTUTA,SUMATERA UTARA,9000000.0,BAIK SEKALI,Loc_0-Type_1
UNIVERSITAS BATTUTA,SUMATERA UTARA,9000000.0,BAIK SEKALI,Loc_0-Type_1
UNIVERSITAS BATTUTA,SUMATERA UTARA,9000000.0,BAIK SEKALI,Loc_0-Type_1
UNIVERSITAS BATTUTA,SUMATERA UTARA,9000000.0,BAIK SEKALI,Loc_0-Type_1
UNIVERSITAS BATTUTA,SUMATERA UTARA,9000000.0,BAIK SEKALI,Loc_0-Type_1
UNIVERSITAS BATTUTA,SUMATERA UTARA,9000000.0,BAIK SEKALI,Loc_0-Type_1
UNIVERSITAS BATTUTA,SUMATERA UTARA,9000000.0,BAIK SEKALI,Loc_0-Type_1
UNIVERSITAS BATURAJA,SUMATERA SELATAN,4800000.0,BAIK SEKALI,Loc_0-Type_1
UNIVERSITAS BATURAJA,SUMATERA SELATAN,4800000.0,BAIK SEKALI,Loc_0-Type_1
UNIVERSITAS BATURAJA,SUMATERA SELATAN,4800000.0,BAIK SEKALI,Loc_0-Type_1
UNIVERSITAS BATURAJA,SUMATERA SELATAN,4800000.0,BAIK SEKALI,Loc_0-Type_1
UNIVERSITAS BATURAJA,SUMATERA SELATAN,4800000.0,BAIK SEKALI,Loc_0-Type_1
UNIVERSITAS BATURAJA,SUMATERA SELATAN,4800000.0,BAIK SEKALI,Loc_0-Type_1
UNIVERSITAS BATURAJA,SUMATERA SELATAN,4800000.0,BAIK SEKALI,Loc_0-Type_1
UNIVERSITAS BATURAJA,SUMATERA SELATAN,4800000.0,BAIK SEKALI,Loc_0-Type_1
UNIVERSITAS BATURAJA,SUMATERA SELATAN,4800000.0,BAIK SEKALI,Loc_0-Type_1
UNIVERSITAS BATURAJA,SUMATERA SELATAN,4800000.0,BAIK SEKALI,Loc_0-Type_1
UNIVERSITAS BATURAJA,SUMATERA SELATAN,4800000.0,BAIK SEKALI,Loc_0-Type_1
UNIVERSITAS BATURAJA,SUMATERA SELATAN,4800000.0,BAIK SEKALI,Loc_0-Type_1
UNIVERSITAS BATURAJA,SUMATERA SELATAN,4800000.0,BAIK SEKALI,Loc_0-Type_1
UNIVERSITAS BATURAJA,SUMATERA SELATAN,4800000.0,BAIK SEKALI,Loc_0-Type_1
UNIVERSITAS BHAKTI ASIH TANGERANG,BANTEN,18000000.0,BAIK,Loc_0-Type_0
UNIVERSITAS BHAKTI ASIH TANGERANG,BANTEN,18000000.0,BAIK,Loc_0-Type_0
UNIVERSITAS BHAKTI ASIH TANGERANG,BANTEN,18000000.0,BAIK,Loc_0-Type_0
UNIVERSITAS BHAKTI ASIH TANGERANG,BANTEN,18000000.0,BAIK,Loc_0-Type_0
UNIVERSITAS BHAKTI ASIH TANGERANG,BANTEN,18000000.0,BAIK,Loc_0-Type_0
UNIVERSITAS BHAKTI HUSADA INDONESIA,JAWA BARAT,22350000.0,B,Loc_8-Type_0
UNIVERSITAS BHAKTI HUSADA INDONESIA,JAWA BARAT,22350000.0,B,Loc_8-Type_0
UNIVERSITAS BHAKTI HUSADA INDONESIA,JAWA BARAT,22350000.0,B,Loc_8-Type_0
UNIVERSITAS BHAKTI HUSADA INDONESIA,JAWA BARAT,22350000.0,B,Loc_8-Type_0
UNIVERSITAS BHAKTI HUSADA INDONESIA,JAWA BARAT,22350000.0,B,Loc_8-Type_0
UNIVERSITAS BHAKTI KENCANA,JAWA BARAT,23600000.0,BAIK,Loc_8-Type_2
UNIVERSITAS BHAKTI KENCANA,JAWA BARAT,23600000.0,BAIK,Loc_8-Type_2
UNIVERSITAS BHAKTI KENCANA,JAWA BARAT,23600000.0,BAIK,Loc_8-Type_2
UNIVERSITAS BHAKTI KENCANA,JAWA BARAT,23600000.0,BAIK,Loc_8-Type_2
UNIVERSITAS BHAKTI KENCANA,JAWA BARAT,23600000.0,BAIK,Loc_8-Type_2
UNIVERSITAS BHAKTI KENCANA,JAWA BARAT,23600000.0,BAIK,Loc_8-Type_2
UNIVERSITAS BHAKTI PERTIWI INDONESIA,D.K.I. JAKARTA,28000000.0,BAIK,Loc_4-Type_0
UNIVERSITAS BHAKTI PERTIWI INDONESIA,D.K.I. JAKARTA,28000000.0,BAIK,Loc_4-Type_0
UNIVERSITAS BHAKTI PERTIWI INDONESIA,D.K.I. JAKARTA,28000000.0,BAIK,Loc_4-Type_0
UNIVERSITAS BHAKTI PERTIWI INDONESIA,D.K.I. JAKARTA,28000000.0,BAIK,Loc_4-Type_0
UNIVERSITAS BHAKTI PERTIWI INDONESIA,D.K.I. JAKARTA,28000000.0,BAIK,Loc_4-Type_0
UNIVERSITAS BHAMADA SLAWI,JAWA TENGAH,15510000.0,BAIK SEKALI,Loc_7-Type_2
UNIVERSITAS BHAMADA SLAWI,JAWA TENGAH,15510000.0,BAIK SEKALI,Loc_7-Type_2
UNIVERSITAS BHAMADA SLAWI,JAWA TENGAH,15510000.0,BAIK SEKALI,Loc_7-Type_2
UNIVERSITAS BHAMADA SLAWI,JAWA TENGAH,15510000.0,BAIK SEKALI,Loc_7-Type_2
UNIVERSITAS BHAMADA SLAWI,JAWA TENGAH,15510000.0,BAIK SEKALI,Loc_7-Type_2
UNIVERSITAS BHAYANGKARA JAKARTA RAYA,D.K.I. JAKARTA,22075000.0,B,Loc_4-Type_1
UNIVERSITAS BHAYANGKARA JAKARTA RAYA,D.K.I. JAKARTA,22075000.0,B,Loc_4-Type_1
UNIVERSITAS BHAYANGKARA JAKARTA RAYA,D.K.I. JAKARTA,22075000.0,B,Loc_4-Type_1
UNIVERSITAS BHAYANGKARA JAKARTA RAYA,D.K.I. JAKARTA,22075000.0,B,Loc_4-Type_1
UNIVERSITAS BHAYANGKARA JAKARTA RAYA,D.K.I. JAKARTA,22075000.0,B,Loc_4-Type_1
UNIVERSITAS BHAYANGKARA JAKARTA RAYA,D.K.I. JAKARTA,22075000.0,B,Loc_4-Type_1
UNIVERSITAS BHAYANGKARA JAKARTA RAYA,D.K.I. JAKARTA,22075000.0,B,Loc_4-Type_1
UNIVERSITAS BHAYANGKARA JAKARTA RAYA,D.K.I. JAKARTA,22075000.0,B,Loc_4-Type_1
UNIVERSITAS BHAYANGKARA JAKARTA RAYA,D.K.I. JAKARTA,22075000.0,B,Loc_4-Type_1
UNIVERSITAS BHAYANGKARA JAKARTA RAYA,D.K.I. JAKARTA,22075000.0,B,Loc_4-Type_1
UNIVERSITAS BHAYANGKARA JAKARTA RAYA,D.K.I. JAKARTA,22075000.0,B,Loc_4-Type_1
UNIVERSITAS BHAYANGKARA JAKARTA RAYA,D.K.I. JAKARTA,22075000.0,B,Loc_4-Type_1
UNIVERSITAS BHAYANGKARA SURABAYA,JAWA TIMUR,35502000.0,B,Loc_5-Type_0
UNIVERSITAS BHAYANGKARA SURABAYA,JAWA TIMUR,35502000.0,B,Loc_5-Type_0
UNIVERSITAS BHAYANGKARA SURABAYA,JAWA TIMUR,35502000.0,B,Loc_5-Type_0
UNIVERSITAS BHAYANGKARA SURABAYA,JAWA TIMUR,35502000.0,B,Loc_5-Type_0
UNIVERSITAS BHAYANGKARA SURABAYA,JAWA TIMUR,35502000.0,B,Loc_5-Type_0
UNIVERSITAS BHAYANGKARA SURABAYA,JAWA TIMUR,35502000.0,B,Loc_5-Type_0
UNIVERSITAS BHAYANGKARA SURABAYA,JAWA TIMUR,35502000.0,B,Loc_5-Type_0
UNIVERSITAS BHAYANGKARA SURABAYA,JAWA TIMUR,35502000.0,B,Loc_5-Type_0
UNIVERSITAS BHAYANGKARA SURABAYA,JAWA TIMUR,35502000.0,B,Loc_5-Type_0
UNIVERSITAS BHAYANGKARA SURABAYA,JAWA TIMUR,35502000.0,B,Loc_5-Type_0
UNIVERSITAS BHAYANGKARA SURABAYA,JAWA TIMUR,35502000.0,B,Loc_5-Type_0
UNIVERSITAS BHAYANGKARA SURABAYA,JAWA TIMUR,35502000.0,B,Loc_5-Type_0
UNIVERSITAS BHINNEKA NUSANTARA,JAWA TIMUR,23100000.0,BAIK SEKALI,Loc_5-Type_1
UNIVERSITAS BHINNEKA NUSANTARA,JAWA TIMUR,23100000.0,BAIK SEKALI,Loc_5-Type_1
UNIVERSITAS BHINNEKA NUSANTARA,JAWA TIMUR,23100000.0,BAIK SEKALI,Loc_5-Type_1
UNIVERSITAS BHINNEKA NUSANTARA,JAWA TIMUR,23100000.0,BAIK SEKALI,Loc_5-Type_1
UNIVERSITAS BHINNEKA NUSANTARA,JAWA TIMUR,23100000.0,BAIK SEKALI,Loc_5-Type_1
UNIVERSITAS BHINNEKA PGRI,JAWA TIMUR,6175000.0,B,Loc_5-Type_0
UNIVERSITAS BHINNEKA PGRI,JAWA TIMUR,6175000.0,B,Loc_5-Type_0
UNIVERSITAS BHINNEKA PGRI,JAWA TIMUR,6175000.0,B,Loc_5-Type_0
UNIVERSITAS BHINNEKA PGRI,JAWA TIMUR,6175000.0,B,Loc_5-Type_0
UNIVERSITAS BHINNEKA PGRI,JAWA TIMUR,6175000.0,B,Loc_5-Type_0
UNIVERSITAS BHINNEKA PGRI,JAWA TIMUR,6175000.0,B,Loc_5-Type_0
UNIVERSITAS BHINNEKA PGRI,JAWA TIMUR,6175000.0,B,Loc_5-Type_0
UNIVERSITAS BHINNEKA PGRI,JAWA TIMUR,6175000.0,B,Loc_5-Type_0
UNIVERSITAS BILLFATH,JAWA TIMUR,7000000.0,BAIK,Loc_5-Type_2
UNIVERSITAS BILLFATH,JAWA TIMUR,7000000.0,BAIK,Loc_5-Type_2
UNIVERSITAS BILLFATH,JAWA TIMUR,7000000.0,BAIK,Loc_5-Type_2
UNIVERSITAS BILLFATH,JAWA TIMUR,7000000.0,BAIK,Loc_5-Type_2
UNIVERSITAS BILLFATH,JAWA TIMUR,7000000.0,BAIK,Loc_5-Type_2
UNIVERSITAS BILLFATH,JAWA TIMUR,7000000.0,BAIK,Loc_5-Type_2
UNIVERSITAS BILLFATH,JAWA TIMUR,7000000.0,BAIK,Loc_5-Type_2
UNIVERSITAS BINA BANGSA,BANTEN,7700077.0,BAIK,Loc_0-Type_0
UNIVERSITAS BINA BANGSA,BANTEN,7700077.0,BAIK,Loc_0-Type_0
UNIVERSITAS BINA BANGSA,BANTEN,7700077.0,BAIK,Loc_0-Type_0
UNIVERSITAS BINA BANGSA,BANTEN,7700077.0,BAIK,Loc_0-Type_0
UNIVERSITAS BINA BANGSA,BANTEN,7700077.0,BAIK,Loc_0-Type_0
UNIVERSITAS BINA BANGSA,BANTEN,7700077.0,BAIK,Loc_0-Type_0
UNIVERSITAS BINA BANGSA,BANTEN,7700077.0,BAIK,Loc_0-Type_0
UNIVERSITAS BINA BANGSA,BANTEN,7700077.0,BAIK,Loc_0-Type_0
UNIVERSITAS BINA BANGSA,BANTEN,7700077.0,BAIK,Loc_0-Type_0
UNIVERSITAS BINA BANGSA,BANTEN,7700077.0,BAIK,Loc_0-Type_0
UNIVERSITAS BINA BANGSA,BANTEN,7700077.0,BAIK,Loc_0-Type_0
UNIVERSITAS BINA BANGSA,BANTEN,7700077.0,BAIK,Loc_0-Type_0
UNIVERSITAS BINA BANGSA,BANTEN,7700077.0,BAIK,Loc_0-Type_0
UNIVERSITAS BINA BANGSA,BANTEN,7700077.0,BAIK,Loc_0-Type_0
UNIVERSITAS BINA BANGSA,BANTEN,7700077.0,BAIK,Loc_0-Type_0
UNIVERSITAS BINA BANGSA,BANTEN,7700077.0,BAIK,Loc_0-Type_0
UNIVERSITAS BINA BANGSA,BANTEN,7700077.0,BAIK,Loc_0-Type_0
UNIVERSITAS BINA BANGSA,BANTEN,7700077.0,BAIK,Loc_0-Type_0
UNIVERSITAS BINA BANGSA,BANTEN,7700077.0,BAIK,Loc_0-Type_0
UNIVERSITAS BINA BANGSA,BANTEN,7700077.0,BAIK,Loc_0-Type_0
UNIVERSITAS BINA BANGSA,BANTEN,7700077.0,BAIK,Loc_0-Type_0
UNIVERSITAS BINA BANGSA,BANTEN,7700077.0,BAIK,Loc_0-Type_0
UNIVERSITAS BINA BANGSA,BANTEN,7700077.0,BAIK,Loc_0-Type_0
UNIVERSITAS BINA BANGSA,BANTEN,7700077.0,BAIK,Loc_0-Type_0
UNIVERSITAS BINA BANGSA,BANTEN,7700077.0,BAIK,Loc_0-Type_0
UNIVERSITAS BINA BANGSA GETSEMPENA,ACEH,9300000.0,TERAKREDITASI,Loc_0-Type_0
UNIVERSITAS BINA BANGSA GETSEMPENA,ACEH,9300000.0,TERAKREDITASI,Loc_0-Type_0
UNIVERSITAS BINA BANGSA GETSEMPENA,ACEH,9300000.0,TERAKREDITASI,Loc_0-Type_0
UNIVERSITAS BINA BANGSA GETSEMPENA,ACEH,9300000.0,TERAKREDITASI,Loc_0-Type_0
UNIVERSITAS BINA BANGSA GETSEMPENA,ACEH,9300000.0,TERAKREDITASI,Loc_0-Type_0
UNIVERSITAS BINA BANGSA GETSEMPENA,ACEH,9300000.0,TERAKREDITASI,Loc_0-Type_0
UNIVERSITAS BINA BANGSA GETSEMPENA,ACEH,9300000.0,TERAKREDITASI,Loc_0-Type_0
UNIVERSITAS BINA BANGSA GETSEMPENA,ACEH,9300000.0,TERAKREDITASI,Loc_0-Type_0
UNIVERSITAS BINA BANGSA GETSEMPENA,ACEH,9300000.0,TERAKREDITASI,Loc_0-Type_0
UNIVERSITAS BINA DARMA,SUMATERA SELATAN,11500000.0,B,Loc_0-Type_2
UNIVERSITAS BINA DARMA,SUMATERA SELATAN,11500000.0,B,Loc_0-Type_2
UNIVERSITAS BINA DARMA,SUMATERA SELATAN,11500000.0,B,Loc_0-Type_2
UNIVERSITAS BINA DARMA,SUMATERA SELATAN,11500000.0,B,Loc_0-Type_2
UNIVERSITAS BINA DARMA,SUMATERA SELATAN,11500000.0,B,Loc_0-Type_2
UNIVERSITAS BINA DARMA,SUMATERA SELATAN,11500000.0,B,Loc_0-Type_2
UNIVERSITAS BINA DARMA,SUMATERA SELATAN,11500000.0,B,Loc_0-Type_2
UNIVERSITAS BINA DARMA,SUMATERA SELATAN,11500000.0,B,Loc_0-Type_2
UNIVERSITAS BINA DARMA,SUMATERA SELATAN,11500000.0,B,Loc_0-Type_2
UNIVERSITAS BINA DARMA,SUMATERA SELATAN,11500000.0,B,Loc_0-Type_2
UNIVERSITAS BINA DARMA,SUMATERA SELATAN,11500000.0,B,Loc_0-Type_2
UNIVERSITAS BINA DARMA,SUMATERA SELATAN,11500000.0,B,Loc_0-Type_2
UNIVERSITAS BINA DARMA,SUMATERA SELATAN,11500000.0,B,Loc_0-Type_2
UNIVERSITAS BINA DARMA,SUMATERA SELATAN,11500000.0,B,Loc_0-Type_2
UNIVERSITAS BINA DARMA,SUMATERA SELATAN,11500000.0,B,Loc_0-Type_2
UNIVERSITAS BINA DARMA,SUMATERA SELATAN,11500000.0,B,Loc_0-Type_2
UNIVERSITAS BINA INSAN,SUMATERA SELATAN,4620000.0,BAIK,Loc_0-Type_0
UNIVERSITAS BINA INSAN,SUMATERA SELATAN,4620000.0,BAIK,Loc_0-Type_0
UNIVERSITAS BINA INSAN,SUMATERA SELATAN,4620000.0,BAIK,Loc_0-Type_0
UNIVERSITAS BINA INSAN,SUMATERA SELATAN,4620000.0,BAIK,Loc_0-Type_0
UNIVERSITAS BINA INSAN,SUMATERA SELATAN,4620000.0,BAIK,Loc_0-Type_0
UNIVERSITAS BINA INSAN,SUMATERA SELATAN,4620000.0,BAIK,Loc_0-Type_0
UNIVERSITAS BINA INSAN,SUMATERA SELATAN,4620000.0,BAIK,Loc_0-Type_0
UNIVERSITAS BINA INSAN,SUMATERA SELATAN,4620000.0,BAIK,Loc_0-Type_0
UNIVERSITAS BINA INSANI,JAWA BARAT,6250000.0,B,Loc_8-Type_0
UNIVERSITAS BINA INSANI,JAWA BARAT,6250000.0,B,Loc_8-Type_0
UNIVERSITAS BINA INSANI,JAWA BARAT,6250000.0,B,Loc_8-Type_0
UNIVERSITAS BINA INSANI,JAWA BARAT,6250000.0,B,Loc_8-Type_0
UNIVERSITAS BINA INSANI,JAWA BARAT,6250000.0,B,Loc_8-Type_0
UNIVERSITAS BINA INSANI,JAWA BARAT,6250000.0,B,Loc_8-Type_0
UNIVERSITAS BINA INSANI,JAWA BARAT,6250000.0,B,Loc_8-Type_0
UNIVERSITAS BINA NUSANTARA,D.K.I. JAKARTA,95259501.0,UNGGUL,Loc_4-Type_2
UNIVERSITAS BINA NUSANTARA,D.K.I. JAKARTA,95259501.0,UNGGUL,Loc_4-Type_2
UNIVERSITAS BINA NUSANTARA,D.K.I. JAKARTA,95259501.0,UNGGUL,Loc_4-Type_2
UNIVERSITAS BINA NUSANTARA,D.K.I. JAKARTA,95259501.0,UNGGUL,Loc_4-Type_2
UNIVERSITAS BINA NUSANTARA,D.K.I. JAKARTA,95259501.0,UNGGUL,Loc_4-Type_2
UNIVERSITAS BINA NUSANTARA,D.K.I. JAKARTA,95259501.0,UNGGUL,Loc_4-Type_2
UNIVERSITAS BINA NUSANTARA,D.K.I. JAKARTA,95259501.0,UNGGUL,Loc_4-Type_2
UNIVERSITAS BINA NUSANTARA,D.K.I. JAKARTA,95259501.0,UNGGUL,Loc_4-Type_2
UNIVERSITAS BINA NUSANTARA,D.K.I. JAKARTA,95259501.0,UNGGUL,Loc_4-Type_2
UNIVERSITAS BINA NUSANTARA,D.K.I. JAKARTA,95259501.0,UNGGUL,Loc_4-Type_2
UNIVERSITAS BINA NUSANTARA,D.K.I. JAKARTA,95259501.0,UNGGUL,Loc_4-Type_2
UNIVERSITAS BINA NUSANTARA,D.K.I. JAKARTA,95259501.0,UNGGUL,Loc_4-Type_2
UNIVERSITAS BINA NUSANTARA,D.K.I. JAKARTA,95259501.0,UNGGUL,Loc_4-Type_2
UNIVERSITAS BINA NUSANTARA,D.K.I. JAKARTA,95259501.0,UNGGUL,Loc_4-Type_2
UNIVERSITAS BINA NUSANTARA,D.K.I. JAKARTA,95259501.0,UNGGUL,Loc_4-Type_2
UNIVERSITAS BINA NUSANTARA,D.K.I. JAKARTA,95259501.0,UNGGUL,Loc_4-Type_2
UNIVERSITAS BINA NUSANTARA,D.K.I. JAKARTA,95259501.0,UNGGUL,Loc_4-Type_2
UNIVERSITAS BINA NUSANTARA,D.K.I. JAKARTA,95259501.0,UNGGUL,Loc_4-Type_2
UNIVERSITAS BINA NUSANTARA,D.K.I. JAKARTA,95259501.0,UNGGUL,Loc_4-Type_2
UNIVERSITAS BINA NUSANTARA,D.K.I. JAKARTA,95259501.0,UNGGUL,Loc_4-Type_2
UNIVERSITAS BINA NUSANTARA,D.K.I. JAKARTA,95259501.0,UNGGUL,Loc_4-Type_2
UNIVERSITAS BINA NUSANTARA,D.K.I. JAKARTA,95259501.0,UNGGUL,Loc_4-Type_2
UNIVERSITAS BINA NUSANTARA,D.K.I. JAKARTA,95259501.0,UNGGUL,Loc_4-Type_2
UNIVERSITAS BINA NUSANTARA,D.K.I. JAKARTA,95259501.0,UNGGUL,Loc_4-Type_2
UNIVERSITAS BINA NUSANTARA,D.K.I. JAKARTA,95259501.0,UNGGUL,Loc_4-Type_2
UNIVERSITAS BINA NUSANTARA,D.K.I. JAKARTA,95259501.0,UNGGUL,Loc_4-Type_2
UNIVERSITAS BINA NUSANTARA,D.K.I. JAKARTA,95259501.0,UNGGUL,Loc_4-Type_2
UNIVERSITAS BINA NUSANTARA,D.K.I. JAKARTA,95259501.0,UNGGUL,Loc_4-Type_2
UNIVERSITAS BINA NUSANTARA,D.K.I. JAKARTA,95259501.0,UNGGUL,Loc_4-Type_2
UNIVERSITAS BINA NUSANTARA,D.K.I. JAKARTA,95259501.0,UNGGUL,Loc_4-Type_2
UNIVERSITAS BINA NUSANTARA,D.K.I. JAKARTA,95259501.0,UNGGUL,Loc_4-Type_2
UNIVERSITAS BINA NUSANTARA,D.K.I. JAKARTA,95259501.0,UNGGUL,Loc_4-Type_2
UNIVERSITAS BINA NUSANTARA,D.K.I. JAKARTA,95259501.0,UNGGUL,Loc_4-Type_2
UNIVERSITAS BINA NUSANTARA,D.K.I. JAKARTA,95259501.0,UNGGUL,Loc_4-Type_2
UNIVERSITAS BINA NUSANTARA,D.K.I. JAKARTA,95259501.0,UNGGUL,Loc_4-Type_2
UNIVERSITAS BINA NUSANTARA,D.K.I. JAKARTA,95259501.0,UNGGUL,Loc_4-Type_2
UNIVERSITAS BINA NUSANTARA,D.K.I. JAKARTA,95259501.0,UNGGUL,Loc_4-Type_2
UNIVERSITAS BINA NUSANTARA,D.K.I. JAKARTA,95259501.0,UNGGUL,Loc_4-Type_2
UNIVERSITAS BINA NUSANTARA,D.K.I. JAKARTA,95259501.0,UNGGUL,Loc_4-Type_2
UNIVERSITAS BINA NUSANTARA,D.K.I. JAKARTA,95259501.0,UNGGUL,Loc_4-Type_2
UNIVERSITAS BINA SARANA INFORMATIKA,D.K.I. JAKARTA,5760000.0,UNGGUL,Loc_4-Type_2
UNIVERSITAS BINA SARANA INFORMATIKA,D.K.I. JAKARTA,5760000.0,UNGGUL,Loc_4-Type_2
UNIVERSITAS BINA SARANA INFORMATIKA,D.K.I. JAKARTA,5760000.0,UNGGUL,Loc_4-Type_2
UNIVERSITAS BINA SARANA INFORMATIKA,D.K.I. JAKARTA,5760000.0,UNGGUL,Loc_4-Type_2
UNIVERSITAS BINA SARANA INFORMATIKA,D.K.I. JAKARTA,5760000.0,UNGGUL,Loc_4-Type_2
UNIVERSITAS BINA SARANA INFORMATIKA,D.K.I. JAKARTA,5760000.0,UNGGUL,Loc_4-Type_2
UNIVERSITAS BINA SARANA INFORMATIKA,D.K.I. JAKARTA,5760000.0,UNGGUL,Loc_4-Type_2
UNIVERSITAS BINA SARANA INFORMATIKA,D.K.I. JAKARTA,5760000.0,UNGGUL,Loc_4-Type_2
UNIVERSITAS BINA SARANA INFORMATIKA,D.K.I. JAKARTA,5760000.0,UNGGUL,Loc_4-Type_2
UNIVERSITAS BINA SARANA INFORMATIKA,D.K.I. JAKARTA,5760000.0,UNGGUL,Loc_4-Type_2
UNIVERSITAS BINA SARANA INFORMATIKA,D.K.I. JAKARTA,5760000.0,UNGGUL,Loc_4-Type_2
UNIVERSITAS BINA SARANA INFORMATIKA,D.K.I. JAKARTA,5760000.0,UNGGUL,Loc_4-Type_2
UNIVERSITAS BINA SEHAT PPNI MOJOKERTO,JAWA TIMUR,17000000.0,BAIK,Loc_5-Type_2
UNIVERSITAS BINA SEHAT PPNI MOJOKERTO,JAWA TIMUR,17000000.0,BAIK,Loc_5-Type_2
UNIVERSITAS BINA SEHAT PPNI MOJOKERTO,JAWA TIMUR,17000000.0,BAIK,Loc_5-Type_2
UNIVERSITAS BINA TARUNA GORONTALO,GORONTALO,32050000.0,BAIK,Loc_0-Type_0
UNIVERSITAS BINA TARUNA GORONTALO,GORONTALO,32050000.0,BAIK,Loc_0-Type_0
UNIVERSITAS BINA TARUNA GORONTALO,GORONTALO,32050000.0,BAIK,Loc_0-Type_0
UNIVERSITAS BINA TARUNA GORONTALO,GORONTALO,32050000.0,BAIK,Loc_0-Type_0
UNIVERSITAS BINA TARUNA GORONTALO,GORONTALO,32050000.0,BAIK,Loc_0-Type_0
UNIVERSITAS BINA TARUNA GORONTALO,GORONTALO,32050000.0,BAIK,Loc_0-Type_0
UNIVERSITAS BINANIAGA INDONESIA,JAWA BARAT,6275000.0,BAIK,Loc_8-Type_2
UNIVERSITAS BINANIAGA INDONESIA,JAWA BARAT,6275000.0,BAIK,Loc_8-Type_2
UNIVERSITAS BINANIAGA INDONESIA,JAWA BARAT,6275000.0,BAIK,Loc_8-Type_2
UNIVERSITAS BINANIAGA INDONESIA,JAWA BARAT,6275000.0,BAIK,Loc_8-Type_2
UNIVERSITAS BINANIAGA INDONESIA,JAWA BARAT,6275000.0,BAIK,Loc_8-Type_2
UNIVERSITAS BINAWAN,D.K.I. JAKARTA,23100000.0,C,Loc_4-Type_1
UNIVERSITAS BINAWAN,D.K.I. JAKARTA,23100000.0,C,Loc_4-Type_1
UNIVERSITAS BINAWAN,D.K.I. JAKARTA,23100000.0,C,Loc_4-Type_1
UNIVERSITAS BINAWAN,D.K.I. JAKARTA,23100000.0,C,Loc_4-Type_1
UNIVERSITAS BINAWAN,D.K.I. JAKARTA,23100000.0,C,Loc_4-Type_1
UNIVERSITAS BINAWAN,D.K.I. JAKARTA,23100000.0,C,Loc_4-Type_1
UNIVERSITAS BINAWAN,D.K.I. JAKARTA,23100000.0,C,Loc_4-Type_1
UNIVERSITAS BINAWAN,D.K.I. JAKARTA,23100000.0,C,Loc_4-Type_1
UNIVERSITAS BINAWAN,D.K.I. JAKARTA,23100000.0,C,Loc_4-Type_1
UNIVERSITAS BINAWAN,D.K.I. JAKARTA,23100000.0,C,Loc_4-Type_1
UNIVERSITAS BINAWAN,D.K.I. JAKARTA,23100000.0,C,Loc_4-Type_1
UNIVERSITAS BINAWAN,D.K.I. JAKARTA,23100000.0,C,Loc_4-Type_1
UNIVERSITAS BINAWAN,D.K.I. JAKARTA,23100000.0,C,Loc_4-Type_1
UNIVERSITAS BINAWAN,D.K.I. JAKARTA,23100000.0,C,Loc_4-Type_1
UNIVERSITAS BOJONEGORO,JAWA TIMUR,8000000.0,BAIK,Loc_5-Type_2
UNIVERSITAS BOJONEGORO,JAWA TIMUR,8000000.0,BAIK,Loc_5-Type_2
UNIVERSITAS BOJONEGORO,JAWA TIMUR,8000000.0,BAIK,Loc_5-Type_2
UNIVERSITAS BOJONEGORO,JAWA TIMUR,8000000.0,BAIK,Loc_5-Type_2
UNIVERSITAS BOJONEGORO,JAWA TIMUR,8000000.0,BAIK,Loc_5-Type_2
UNIVERSITAS BOJONEGORO,JAWA TIMUR,8000000.0,BAIK,Loc_5-Type_2
UNIVERSITAS BOJONEGORO,JAWA TIMUR,8000000.0,BAIK,Loc_5-Type_2
UNIVERSITAS BOJONEGORO,JAWA TIMUR,8000000.0,BAIK,Loc_5-Type_2
UNIVERSITAS BOJONEGORO,JAWA TIMUR,8000000.0,BAIK,Loc_5-Type_2
UNIVERSITAS BONDOWOSO,JAWA TIMUR,4500000.0,BAIK,Loc_5-Type_2
UNIVERSITAS BONDOWOSO,JAWA TIMUR,4500000.0,BAIK,Loc_5-Type_2
UNIVERSITAS BONDOWOSO,JAWA TIMUR,4500000.0,BAIK,Loc_5-Type_2
UNIVERSITAS BONDOWOSO,JAWA TIMUR,4500000.0,BAIK,Loc_5-Type_2
UNIVERSITAS BONDOWOSO,JAWA TIMUR,4500000.0,BAIK,Loc_5-Type_2
UNIVERSITAS BONDOWOSO,JAWA TIMUR,4500000.0,BAIK,Loc_5-Type_2
UNIVERSITAS BORNEO LESTARI,KALIMANTAN SELATAN,25100000.0,BAIK,Loc_0-Type_0
UNIVERSITAS BORNEO LESTARI,KALIMANTAN SELATAN,25100000.0,BAIK,Loc_0-Type_0
UNIVERSITAS BORNEO LESTARI,KALIMANTAN SELATAN,25100000.0,BAIK,Loc_0-Type_0
UNIVERSITAS BORNEO LESTARI,KALIMANTAN SELATAN,25100000.0,BAIK,Loc_0-Type_0
UNIVERSITAS BORNEO LESTARI,KALIMANTAN SELATAN,25100000.0,BAIK,Loc_0-Type_0
UNIVERSITAS BORNEO LESTARI,KALIMANTAN SELATAN,25100000.0,BAIK,Loc_0-Type_0
UNIVERSITAS BORNEO LESTARI,KALIMANTAN SELATAN,25100000.0,BAIK,Loc_0-Type_0
UNIVERSITAS BOROBUDUR,D.K.I. JAKARTA,30600000.0,C,Loc_4-Type_1
UNIVERSITAS BOROBUDUR,D.K.I. JAKARTA,30600000.0,C,Loc_4-Type_1
UNIVERSITAS BOROBUDUR,D.K.I. JAKARTA,30600000.0,C,Loc_4-Type_1
UNIVERSITAS BOROBUDUR,D.K.I. JAKARTA,30600000.0,C,Loc_4-Type_1
UNIVERSITAS BOROBUDUR,D.K.I. JAKARTA,30600000.0,C,Loc_4-Type_1
UNIVERSITAS BOROBUDUR,D.K.I. JAKARTA,30600000.0,C,Loc_4-Type_1
UNIVERSITAS BOROBUDUR,D.K.I. JAKARTA,30600000.0,C,Loc_4-Type_1
UNIVERSITAS BOROBUDUR,D.K.I. JAKARTA,30600000.0,C,Loc_4-Type_1
UNIVERSITAS BOROBUDUR,D.K.I. JAKARTA,30600000.0,C,Loc_4-Type_1
UNIVERSITAS BOROBUDUR,D.K.I. JAKARTA,30600000.0,C,Loc_4-Type_1
UNIVERSITAS BOROBUDUR,D.K.I. JAKARTA,30600000.0,C,Loc_4-Type_1
UNIVERSITAS BOROBUDUR,D.K.I. JAKARTA,30600000.0,C,Loc_4-Type_1
UNIVERSITAS BOROBUDUR,D.K.I. JAKARTA,30600000.0,C,Loc_4-Type_1
UNIVERSITAS BOSOWA,SULAWESI SELATAN,168250000.0,BAIK SEKALI,Loc_3-Type_1
UNIVERSITAS BOSOWA,SULAWESI SELATAN,168250000.0,BAIK SEKALI,Loc_3-Type_1
UNIVERSITAS BOSOWA,SULAWESI SELATAN,168250000.0,BAIK SEKALI,Loc_3-Type_1
UNIVERSITAS BOSOWA,SULAWESI SELATAN,168250000.0,BAIK SEKALI,Loc_3-Type_1
UNIVERSITAS BOSOWA,SULAWESI SELATAN,168250000.0,BAIK SEKALI,Loc_3-Type_1
UNIVERSITAS BOSOWA,SULAWESI SELATAN,168250000.0,BAIK SEKALI,Loc_3-Type_1
UNIVERSITAS BOSOWA,SULAWESI SELATAN,168250000.0,BAIK SEKALI,Loc_3-Type_1
UNIVERSITAS BOSOWA,SULAWESI SELATAN,168250000.0,BAIK SEKALI,Loc_3-Type_1
UNIVERSITAS BOSOWA,SULAWESI SELATAN,168250000.0,BAIK SEKALI,Loc_3-Type_1
UNIVERSITAS BOSOWA,SULAWESI SELATAN,168250000.0,BAIK SEKALI,Loc_3-Type_1
UNIVERSITAS BOSOWA,SULAWESI SELATAN,168250000.0,BAIK SEKALI,Loc_3-Type_1
UNIVERSITAS BOSOWA,SULAWESI SELATAN,168250000.0,BAIK SEKALI,Loc_3-Type_1
UNIVERSITAS BOSOWA,SULAWESI SELATAN,168250000.0,BAIK SEKALI,Loc_3-Type_1
UNIVERSITAS BOSOWA,SULAWESI SELATAN,168250000.0,BAIK SEKALI,Loc_3-Type_1
UNIVERSITAS BOSOWA,SULAWESI SELATAN,168250000.0,BAIK SEKALI,Loc_3-Type_1
UNIVERSITAS BOSOWA,SULAWESI SELATAN,168250000.0,BAIK SEKALI,Loc_3-Type_1
UNIVERSITAS BOSOWA,SULAWESI SELATAN,168250000.0,BAIK SEKALI,Loc_3-Type_1
UNIVERSITAS BOSOWA,SULAWESI SELATAN,168250000.0,BAIK SEKALI,Loc_3-Type_1
UNIVERSITAS BOSOWA,SULAWESI SELATAN,168250000.0,BAIK SEKALI,Loc_3-Type_1
UNIVERSITAS BOSOWA,SULAWESI SELATAN,168250000.0,BAIK SEKALI,Loc_3-Type_1
UNIVERSITAS BOSOWA,SULAWESI SELATAN,168250000.0,BAIK SEKALI,Loc_3-Type_1
UNIVERSITAS BOSOWA,SULAWESI SELATAN,168250000.0,BAIK SEKALI,Loc_3-Type_1
UNIVERSITAS BOSOWA,SULAWESI SELATAN,168250000.0,BAIK SEKALI,Loc_3-Type_1
UNIVERSITAS BOSOWA,SULAWESI SELATAN,168250000.0,BAIK SEKALI,Loc_3-Type_1
UNIVERSITAS BOSOWA,SULAWESI SELATAN,168250000.0,BAIK SEKALI,Loc_3-Type_1
UNIVERSITAS BOSOWA,SULAWESI SELATAN,168250000.0,BAIK SEKALI,Loc_3-Type_1
UNIVERSITAS BOSOWA,SULAWESI SELATAN,168250000.0,BAIK SEKALI,Loc_3-Type_1
UNIVERSITAS BOYOLALI,JAWA TENGAH,7450000.0,B,Loc_7-Type_0
UNIVERSITAS BOYOLALI,JAWA TENGAH,7450000.0,B,Loc_7-Type_0
UNIVERSITAS BOYOLALI,JAWA TENGAH,7450000.0,B,Loc_7-Type_0
UNIVERSITAS BOYOLALI,JAWA TENGAH,7450000.0,B,Loc_7-Type_0
UNIVERSITAS BOYOLALI,JAWA TENGAH,7450000.0,B,Loc_7-Type_0
UNIVERSITAS BOYOLALI,JAWA TENGAH,7450000.0,B,Loc_7-Type_0
UNIVERSITAS BOYOLALI,JAWA TENGAH,7450000.0,B,Loc_7-Type_0
UNIVERSITAS BPD,JAWA TENGAH,8080000.0,BAIK SEKALI,Loc_7-Type_2
UNIVERSITAS BPD,JAWA TENGAH,8080000.0,BAIK SEKALI,Loc_7-Type_2
UNIVERSITAS BPD,JAWA TENGAH,8080000.0,BAIK SEKALI,Loc_7-Type_2
UNIVERSITAS BPD,JAWA TENGAH,8080000.0,BAIK SEKALI,Loc_7-Type_2
UNIVERSITAS BPD,JAWA TENGAH,8080000.0,BAIK SEKALI,Loc_7-Type_2
UNIVERSITAS BSI BANDUNG,JAWA BARAT,4150000.0,B,Loc_8-Type_0
UNIVERSITAS BSI BANDUNG,JAWA BARAT,4150000.0,B,Loc_8-Type_0
UNIVERSITAS BSI BANDUNG,JAWA BARAT,4150000.0,B,Loc_8-Type_0
UNIVERSITAS BSI BANDUNG,JAWA BARAT,4150000.0,B,Loc_8-Type_0
UNIVERSITAS BSI BANDUNG,JAWA BARAT,4150000.0,B,Loc_8-Type_0
UNIVERSITAS BSI BANDUNG,JAWA BARAT,4150000.0,B,Loc_8-Type_0
UNIVERSITAS BSI BANDUNG,JAWA BARAT,4150000.0,B,Loc_8-Type_0
UNIVERSITAS BSI BANDUNG,JAWA BARAT,4150000.0,B,Loc_8-Type_0
UNIVERSITAS BSI BANDUNG,JAWA BARAT,4150000.0,B,Loc_8-Type_0
UNIVERSITAS BSI BANDUNG,JAWA BARAT,4150000.0,B,Loc_8-Type_0
UNIVERSITAS BSI BANDUNG,JAWA BARAT,4150000.0,B,Loc_8-Type_0
UNIVERSITAS BSI BANDUNG,JAWA BARAT,4150000.0,B,Loc_8-Type_0
UNIVERSITAS BSI BANDUNG,JAWA BARAT,4150000.0,B,Loc_8-Type_0
UNIVERSITAS BSI BANDUNG,JAWA BARAT,4150000.0,B,Loc_8-Type_0
UNIVERSITAS BSI BANDUNG,JAWA BARAT,4150000.0,B,Loc_8-Type_0
UNIVERSITAS BSI BANDUNG,JAWA BARAT,4150000.0,B,Loc_8-Type_0
UNIVERSITAS BUDDHI DHARMA,BANTEN,10390000.0,BAIK,Loc_0-Type_0
UNIVERSITAS BUDDHI DHARMA,BANTEN,10390000.0,BAIK,Loc_0-Type_0
UNIVERSITAS BUDDHI DHARMA,BANTEN,10390000.0,BAIK,Loc_0-Type_0
UNIVERSITAS BUDDHI DHARMA,BANTEN,10390000.0,BAIK,Loc_0-Type_0
UNIVERSITAS BUDDHI DHARMA,BANTEN,10390000.0,BAIK,Loc_0-Type_0
UNIVERSITAS BUDDHI DHARMA,BANTEN,10390000.0,BAIK,Loc_0-Type_0
UNIVERSITAS BUDDHI DHARMA,BANTEN,10390000.0,BAIK,Loc_0-Type_0
UNIVERSITAS BUDDHI DHARMA,BANTEN,10390000.0,BAIK,Loc_0-Type_0
UNIVERSITAS BUDDHI DHARMA,BANTEN,10390000.0,BAIK,Loc_0-Type_0
UNIVERSITAS BUDDHI DHARMA,BANTEN,10390000.0,BAIK,Loc_0-Type_0
UNIVERSITAS BUDDHI DHARMA,BANTEN,10390000.0,BAIK,Loc_0-Type_0
UNIVERSITAS BUDI DARMA,SUMATERA UTARA,32500000.0,BAIK,Loc_0-Type_0
UNIVERSITAS BUDI DARMA,SUMATERA UTARA,32500000.0,BAIK,Loc_0-Type_0
UNIVERSITAS BUDI DARMA,SUMATERA UTARA,32500000.0,BAIK,Loc_0-Type_0
UNIVERSITAS BUDI DARMA,SUMATERA UTARA,32500000.0,BAIK,Loc_0-Type_0
UNIVERSITAS BUDI LUHUR,D.K.I. JAKARTA,23000000.0,B,Loc_4-Type_1
UNIVERSITAS BUDI LUHUR,D.K.I. JAKARTA,23000000.0,B,Loc_4-Type_1
UNIVERSITAS BUDI LUHUR,D.K.I. JAKARTA,23000000.0,B,Loc_4-Type_1
UNIVERSITAS BUDI LUHUR,D.K.I. JAKARTA,23000000.0,B,Loc_4-Type_1
UNIVERSITAS BUDI LUHUR,D.K.I. JAKARTA,23000000.0,B,Loc_4-Type_1
UNIVERSITAS BUDI LUHUR,D.K.I. JAKARTA,23000000.0,B,Loc_4-Type_1
UNIVERSITAS BUDI LUHUR,D.K.I. JAKARTA,23000000.0,B,Loc_4-Type_1
UNIVERSITAS BUDI LUHUR,D.K.I. JAKARTA,23000000.0,B,Loc_4-Type_1
UNIVERSITAS BUDI LUHUR,D.K.I. JAKARTA,23000000.0,B,Loc_4-Type_1
UNIVERSITAS BUDI LUHUR,D.K.I. JAKARTA,23000000.0,B,Loc_4-Type_1
UNIVERSITAS BUDI LUHUR,D.K.I. JAKARTA,23000000.0,B,Loc_4-Type_1
UNIVERSITAS BUDI LUHUR,D.K.I. JAKARTA,23000000.0,B,Loc_4-Type_1
UNIVERSITAS BUDI LUHUR,D.K.I. JAKARTA,23000000.0,B,Loc_4-Type_1
UNIVERSITAS BUDI LUHUR,D.K.I. JAKARTA,23000000.0,B,Loc_4-Type_1
UNIVERSITAS BUDI LUHUR,D.K.I. JAKARTA,23000000.0,B,Loc_4-Type_1
UNIVERSITAS BUMI HIJRAH TIDORE,MALUKU UTARA,2700000.0,BAIK,Loc_0-Type_0
UNIVERSITAS BUMI HIJRAH TIDORE,MALUKU UTARA,2700000.0,BAIK,Loc_0-Type_0
UNIVERSITAS BUMI HIJRAH TIDORE,MALUKU UTARA,2700000.0,BAIK,Loc_0-Type_0
UNIVERSITAS BUMI HIJRAH TIDORE,MALUKU UTARA,2700000.0,BAIK,Loc_0-Type_0
UNIVERSITAS BUMI HIJRAH TIDORE,MALUKU UTARA,2700000.0,BAIK,Loc_0-Type_0
UNIVERSITAS BUMI HIJRAH TIDORE,MALUKU UTARA,2700000.0,BAIK,Loc_0-Type_0
UNIVERSITAS BUMI HIJRAH TIDORE,MALUKU UTARA,2700000.0,BAIK,Loc_0-Type_0
UNIVERSITAS BUMI HIJRAH TIDORE,MALUKU UTARA,2700000.0,BAIK,Loc_0-Type_0
UNIVERSITAS BUMI HIJRAH TIDORE,MALUKU UTARA,2700000.0,BAIK,Loc_0-Type_0
UNIVERSITAS BUMI HIJRAH TIDORE,MALUKU UTARA,2700000.0,BAIK,Loc_0-Type_0
UNIVERSITAS BUMI PERSADA,ACEH,5600000.0,BAIK,Loc_0-Type_0
UNIVERSITAS BUMI PERSADA,ACEH,5600000.0,BAIK,Loc_0-Type_0
UNIVERSITAS BUMI PERSADA,ACEH,5600000.0,BAIK,Loc_0-Type_0
UNIVERSITAS BUMI PERSADA,ACEH,5600000.0,BAIK,Loc_0-Type_0
UNIVERSITAS BUMI PERSADA,ACEH,5600000.0,BAIK,Loc_0-Type_0
UNIVERSITAS BUMIGORA,NUSA TENGGARA BARAT,6160000.0,BAIK SEKALI,Loc_0-Type_1
UNIVERSITAS BUMIGORA,NUSA TENGGARA BARAT,6160000.0,BAIK SEKALI,Loc_0-Type_1
UNIVERSITAS BUMIGORA,NUSA TENGGARA BARAT,6160000.0,BAIK SEKALI,Loc_0-Type_1
UNIVERSITAS BUMIGORA,NUSA TENGGARA BARAT,6160000.0,BAIK SEKALI,Loc_0-Type_1
UNIVERSITAS BUMIGORA,NUSA TENGGARA BARAT,6160000.0,BAIK SEKALI,Loc_0-Type_1
UNIVERSITAS BUMIGORA,NUSA TENGGARA BARAT,6160000.0,BAIK SEKALI,Loc_0-Type_1
UNIVERSITAS BUMIGORA,NUSA TENGGARA BARAT,6160000.0,BAIK SEKALI,Loc_0-Type_1
UNIVERSITAS BUMIGORA,NUSA TENGGARA BARAT,6160000.0,BAIK SEKALI,Loc_0-Type_1
UNIVERSITAS BUMIGORA,NUSA TENGGARA BARAT,6160000.0,BAIK SEKALI,Loc_0-Type_1
UNIVERSITAS BUMIGORA,NUSA TENGGARA BARAT,6160000.0,BAIK SEKALI,Loc_0-Type_1
UNIVERSITAS BUMIGORA,NUSA TENGGARA BARAT,6160000.0,BAIK SEKALI,Loc_0-Type_1
UNIVERSITAS BUMIGORA,NUSA TENGGARA BARAT,6160000.0,BAIK SEKALI,Loc_0-Type_1
UNIVERSITAS BUMIGORA,NUSA TENGGARA BARAT,6160000.0,BAIK SEKALI,Loc_0-Type_1
UNIVERSITAS BUMIGORA,NUSA TENGGARA BARAT,6160000.0,BAIK SEKALI,Loc_0-Type_1
UNIVERSITAS BUMIGORA,NUSA TENGGARA BARAT,6160000.0,BAIK SEKALI,Loc_0-Type_1
UNIVERSITAS BUMIGORA,NUSA TENGGARA BARAT,6160000.0,BAIK SEKALI,Loc_0-Type_1
UNIVERSITAS BUNDA MULIA,DKI JAKARTA,20500000.0,B,Loc_0-Type_2
UNIVERSITAS BUNDA MULIA,DKI JAKARTA,20500000.0,B,Loc_0-Type_2
UNIVERSITAS BUNDA MULIA,DKI JAKARTA,20500000.0,B,Loc_0-Type_2
UNIVERSITAS BUNDA MULIA,DKI JAKARTA,20500000.0,B,Loc_0-Type_2
UNIVERSITAS BUNDA MULIA,DKI JAKARTA,20500000.0,B,Loc_0-Type_2
UNIVERSITAS BUNDA MULIA,DKI JAKARTA,20500000.0,B,Loc_0-Type_2
UNIVERSITAS BUNDA MULIA,DKI JAKARTA,20500000.0,B,Loc_0-Type_2
UNIVERSITAS BUNDA MULIA,DKI JAKARTA,20500000.0,B,Loc_0-Type_2
UNIVERSITAS BUNDA MULIA,DKI JAKARTA,20500000.0,B,Loc_0-Type_2
UNIVERSITAS BUNDA MULIA,DKI JAKARTA,20500000.0,B,Loc_0-Type_2
UNIVERSITAS BUNDA MULIA,DKI JAKARTA,20500000.0,B,Loc_0-Type_2
UNIVERSITAS BUNDA MULIA,DKI JAKARTA,20500000.0,B,Loc_0-Type_2
UNIVERSITAS BUNDA MULIA,DKI JAKARTA,20500000.0,B,Loc_0-Type_2
UNIVERSITAS BUNDA MULIA,DKI JAKARTA,20500000.0,B,Loc_0-Type_2
UNIVERSITAS BUNDA MULIA,DKI JAKARTA,20500000.0,B,Loc_0-Type_2
UNIVERSITAS BUNDA MULIA,DKI JAKARTA,20500000.0,B,Loc_0-Type_2
UNIVERSITAS BUNDA MULIA,DKI JAKARTA,20500000.0,B,Loc_0-Type_2
UNIVERSITAS BUNG HATTA,SUMATERA BARAT,17804000.0,B,Loc_0-Type_2
UNIVERSITAS BUNG HATTA,SUMATERA BARAT,17804000.0,B,Loc_0-Type_2
UNIVERSITAS BUNG HATTA,SUMATERA BARAT,17804000.0,B,Loc_0-Type_2
UNIVERSITAS BUNG HATTA,SUMATERA BARAT,17804000.0,B,Loc_0-Type_2
UNIVERSITAS BUNG HATTA,SUMATERA BARAT,17804000.0,B,Loc_0-Type_2
UNIVERSITAS BUNG HATTA,SUMATERA BARAT,17804000.0,B,Loc_0-Type_2
UNIVERSITAS BUNG HATTA,SUMATERA BARAT,17804000.0,B,Loc_0-Type_2
UNIVERSITAS BUNG HATTA,SUMATERA BARAT,17804000.0,B,Loc_0-Type_2
UNIVERSITAS BUNG HATTA,SUMATERA BARAT,17804000.0,B,Loc_0-Type_2
UNIVERSITAS BUNG HATTA,SUMATERA BARAT,17804000.0,B,Loc_0-Type_2
UNIVERSITAS BUNG HATTA,SUMATERA BARAT,17804000.0,B,Loc_0-Type_2
UNIVERSITAS BUNG HATTA,SUMATERA BARAT,17804000.0,B,Loc_0-Type_2
UNIVERSITAS BUNG HATTA,SUMATERA BARAT,17804000.0,B,Loc_0-Type_2
UNIVERSITAS BUNG HATTA,SUMATERA BARAT,17804000.0,B,Loc_0-Type_2
UNIVERSITAS BUNG HATTA,SUMATERA BARAT,17804000.0,B,Loc_0-Type_2
UNIVERSITAS BUNG HATTA,SUMATERA BARAT,17804000.0,B,Loc_0-Type_2
UNIVERSITAS BUNG HATTA,SUMATERA BARAT,17804000.0,B,Loc_0-Type_2
UNIVERSITAS BUNG HATTA,SUMATERA BARAT,17804000.0,B,Loc_0-Type_2
UNIVERSITAS BUNG HATTA,SUMATERA BARAT,17804000.0,B,Loc_0-Type_2
UNIVERSITAS BUNG HATTA,SUMATERA BARAT,17804000.0,B,Loc_0-Type_2
UNIVERSITAS BUNG HATTA,SUMATERA BARAT,17804000.0,B,Loc_0-Type_2
UNIVERSITAS BUNG HATTA,SUMATERA BARAT,17804000.0,B,Loc_0-Type_2
UNIVERSITAS BUNG HATTA,SUMATERA BARAT,17804000.0,B,Loc_0-Type_2
UNIVERSITAS BUNG HATTA,SUMATERA BARAT,17804000.0,B,Loc_0-Type_2
UNIVERSITAS BUNG HATTA,SUMATERA BARAT,17804000.0,B,Loc_0-Type_2
UNIVERSITAS BUNG HATTA,SUMATERA BARAT,17804000.0,B,Loc_0-Type_2
UNIVERSITAS BUNG HATTA,SUMATERA BARAT,17804000.0,B,Loc_0-Type_2
UNIVERSITAS BUNG KARNO,D.K.I. JAKARTA,10000000.0,B,Loc_4-Type_1
UNIVERSITAS BUNG KARNO,D.K.I. JAKARTA,10000000.0,B,Loc_4-Type_1
UNIVERSITAS BUNG KARNO,D.K.I. JAKARTA,10000000.0,B,Loc_4-Type_1
UNIVERSITAS BUNG KARNO,D.K.I. JAKARTA,10000000.0,B,Loc_4-Type_1
UNIVERSITAS BUNG KARNO,D.K.I. JAKARTA,10000000.0,B,Loc_4-Type_1
UNIVERSITAS BUNG KARNO,D.K.I. JAKARTA,10000000.0,B,Loc_4-Type_1
UNIVERSITAS BUNG KARNO,D.K.I. JAKARTA,10000000.0,B,Loc_4-Type_1
UNIVERSITAS BUNG KARNO,D.K.I. JAKARTA,10000000.0,B,Loc_4-Type_1
UNIVERSITAS BUNG KARNO,D.K.I. JAKARTA,10000000.0,B,Loc_4-Type_1
UNIVERSITAS BUNG KARNO,D.K.I. JAKARTA,10000000.0,B,Loc_4-Type_1
UNIVERSITAS BUNG KARNO,D.K.I. JAKARTA,10000000.0,B,Loc_4-Type_1
UNIVERSITAS CAHAYA BANGSA,KALIMANTAN SELATAN,6400000.0,BAIK,Loc_0-Type_0
UNIVERSITAS CAHAYA BANGSA,KALIMANTAN SELATAN,6400000.0,BAIK,Loc_0-Type_0
UNIVERSITAS CAHAYA BANGSA,KALIMANTAN SELATAN,6400000.0,BAIK,Loc_0-Type_0
UNIVERSITAS CAHAYA BANGSA,KALIMANTAN SELATAN,6400000.0,BAIK,Loc_0-Type_0
UNIVERSITAS CAHAYA BANGSA,KALIMANTAN SELATAN,6400000.0,BAIK,Loc_0-Type_0
UNIVERSITAS CARITAS INDONESIA,PAPUA BARAT,8000000.0,BAIK,Loc_2-Type_1
UNIVERSITAS CARITAS INDONESIA,PAPUA BARAT,8000000.0,BAIK,Loc_2-Type_1
UNIVERSITAS CARITAS INDONESIA,PAPUA BARAT,8000000.0,BAIK,Loc_2-Type_1
UNIVERSITAS CARITAS INDONESIA,PAPUA BARAT,8000000.0,BAIK,Loc_2-Type_1
UNIVERSITAS CARITAS INDONESIA,PAPUA BARAT,8000000.0,BAIK,Loc_2-Type_1
UNIVERSITAS CATUR INSAN CENDEKIA,JAWA BARAT,8820000.0,BAIK,Loc_8-Type_2
UNIVERSITAS CATUR INSAN CENDEKIA,JAWA BARAT,8820000.0,BAIK,Loc_8-Type_2
UNIVERSITAS CATUR INSAN CENDEKIA,JAWA BARAT,8820000.0,BAIK,Loc_8-Type_2
UNIVERSITAS CATUR INSAN CENDEKIA,JAWA BARAT,8820000.0,BAIK,Loc_8-Type_2
UNIVERSITAS CATUR INSAN CENDEKIA,JAWA BARAT,8820000.0,BAIK,Loc_8-Type_2
UNIVERSITAS CATUR INSAN CENDEKIA,JAWA BARAT,8820000.0,BAIK,Loc_8-Type_2
UNIVERSITAS CATUR INSAN CENDEKIA,JAWA BARAT,8820000.0,BAIK,Loc_8-Type_2
UNIVERSITAS CENDEKIA ABDITAMA,BANTEN,24000000.0,BAIK,Loc_0-Type_0
UNIVERSITAS CENDEKIA ABDITAMA,BANTEN,24000000.0,BAIK,Loc_0-Type_0
UNIVERSITAS CENDEKIA ABDITAMA,BANTEN,24000000.0,BAIK,Loc_0-Type_0
UNIVERSITAS CENDEKIA ABDITAMA,BANTEN,24000000.0,BAIK,Loc_0-Type_0
UNIVERSITAS CENDEKIA ABDITAMA,BANTEN,24000000.0,BAIK,Loc_0-Type_0
UNIVERSITAS CENDEKIA MITRA INDONESIA,D.I. YOGYAKARTA,6950000.0,BAIK,Loc_0-Type_0
UNIVERSITAS CENDEKIA MITRA INDONESIA,D.I. YOGYAKARTA,6950000.0,BAIK,Loc_0-Type_0
UNIVERSITAS CENDEKIA MITRA INDONESIA,D.I. YOGYAKARTA,6950000.0,BAIK,Loc_0-Type_0
UNIVERSITAS CIPASUNG TASIKMALAYA,JAWA BARAT,4340000.0,BAIK,Loc_8-Type_2
UNIVERSITAS CIPASUNG TASIKMALAYA,JAWA BARAT,4340000.0,BAIK,Loc_8-Type_2
UNIVERSITAS CIPASUNG TASIKMALAYA,JAWA BARAT,4340000.0,BAIK,Loc_8-Type_2
UNIVERSITAS CIPASUNG TASIKMALAYA,JAWA BARAT,4340000.0,BAIK,Loc_8-Type_2
UNIVERSITAS CIPASUNG TASIKMALAYA,JAWA BARAT,4340000.0,BAIK,Loc_8-Type_2
UNIVERSITAS CIPASUNG TASIKMALAYA,JAWA BARAT,4340000.0,BAIK,Loc_8-Type_2
UNIVERSITAS CIPASUNG TASIKMALAYA,JAWA BARAT,4340000.0,BAIK,Loc_8-Type_2
UNIVERSITAS CIPASUNG TASIKMALAYA,JAWA BARAT,4340000.0,BAIK,Loc_8-Type_2
UNIVERSITAS CIPTA MANDIRI,ACEH,3800000.0,BAIK,Loc_0-Type_0
UNIVERSITAS CIPTA MANDIRI,ACEH,3800000.0,BAIK,Loc_0-Type_0
UNIVERSITAS CIPTA MANDIRI,ACEH,3800000.0,BAIK,Loc_0-Type_0
UNIVERSITAS CIPTA MANDIRI,ACEH,3800000.0,BAIK,Loc_0-Type_0
UNIVERSITAS CIPTA MANDIRI,ACEH,3800000.0,BAIK,Loc_0-Type_0
UNIVERSITAS CIPTA MANDIRI,ACEH,3800000.0,BAIK,Loc_0-Type_0
UNIVERSITAS CIPUTRA,JAWA TIMUR,27200000.0,A,Loc_5-Type_1
UNIVERSITAS CIPUTRA,JAWA TIMUR,27200000.0,A,Loc_5-Type_1
UNIVERSITAS CIPUTRA,JAWA TIMUR,27200000.0,A,Loc_5-Type_1
UNIVERSITAS CIPUTRA,JAWA TIMUR,27200000.0,A,Loc_5-Type_1
UNIVERSITAS CIPUTRA,JAWA TIMUR,27200000.0,A,Loc_5-Type_1
UNIVERSITAS CIPUTRA,JAWA TIMUR,27200000.0,A,Loc_5-Type_1
UNIVERSITAS CIPUTRA SURABAYA,JAWA TIMUR,59000000.0,UNGGUL,Loc_5-Type_0
UNIVERSITAS CIPUTRA SURABAYA,JAWA TIMUR,59000000.0,UNGGUL,Loc_5-Type_0
UNIVERSITAS CIPUTRA SURABAYA,JAWA TIMUR,59000000.0,UNGGUL,Loc_5-Type_0
UNIVERSITAS CIPUTRA SURABAYA,JAWA TIMUR,59000000.0,UNGGUL,Loc_5-Type_0
UNIVERSITAS CIPUTRA SURABAYA,JAWA TIMUR,59000000.0,UNGGUL,Loc_5-Type_0
UNIVERSITAS CIPUTRA SURABAYA,JAWA TIMUR,59000000.0,UNGGUL,Loc_5-Type_0
UNIVERSITAS CIPUTRA SURABAYA,JAWA TIMUR,59000000.0,UNGGUL,Loc_5-Type_0
UNIVERSITAS CIPUTRA SURABAYA,JAWA TIMUR,59000000.0,UNGGUL,Loc_5-Type_0
UNIVERSITAS CIPUTRA SURABAYA,JAWA TIMUR,59000000.0,UNGGUL,Loc_5-Type_0
UNIVERSITAS CIPUTRA SURABAYA,JAWA TIMUR,59000000.0,UNGGUL,Loc_5-Type_0
UNIVERSITAS CIPUTRA SURABAYA,JAWA TIMUR,59000000.0,UNGGUL,Loc_5-Type_0
UNIVERSITAS CIPUTRA SURABAYA,JAWA TIMUR,59000000.0,UNGGUL,Loc_5-Type_0
UNIVERSITAS CIPUTRA SURABAYA,JAWA TIMUR,59000000.0,UNGGUL,Loc_5-Type_0
UNIVERSITAS CITRA BANGSA,NUSA TENGGARA TIMUR,11600000.0,BAIK SEKALI,Loc_0-Type_1
UNIVERSITAS CITRA BANGSA,NUSA TENGGARA TIMUR,11600000.0,BAIK SEKALI,Loc_0-Type_1
UNIVERSITAS CITRA BANGSA,NUSA TENGGARA TIMUR,11600000.0,BAIK SEKALI,Loc_0-Type_1
UNIVERSITAS CITRA BANGSA,NUSA TENGGARA TIMUR,11600000.0,BAIK SEKALI,Loc_0-Type_1
UNIVERSITAS CITRA BANGSA,NUSA TENGGARA TIMUR,11600000.0,BAIK SEKALI,Loc_0-Type_1
UNIVERSITAS CITRA BANGSA,NUSA TENGGARA TIMUR,11600000.0,BAIK SEKALI,Loc_0-Type_1
UNIVERSITAS CITRA BANGSA,NUSA TENGGARA TIMUR,11600000.0,BAIK SEKALI,Loc_0-Type_1
UNIVERSITAS CITRA BANGSA,NUSA TENGGARA TIMUR,11600000.0,BAIK SEKALI,Loc_0-Type_1
UNIVERSITAS CITRA BANGSA,NUSA TENGGARA TIMUR,11600000.0,BAIK SEKALI,Loc_0-Type_1
UNIVERSITAS COKROAMINOTO MAKASSAR,SULAWESI SELATAN,6000000.0,BAIK SEKALI,Loc_3-Type_2
UNIVERSITAS COKROAMINOTO MAKASSAR,SULAWESI SELATAN,6000000.0,BAIK SEKALI,Loc_3-Type_2
UNIVERSITAS COKROAMINOTO MAKASSAR,SULAWESI SELATAN,6000000.0,BAIK SEKALI,Loc_3-Type_2
UNIVERSITAS COKROAMINOTO MAKASSAR,SULAWESI SELATAN,6000000.0,BAIK SEKALI,Loc_3-Type_2
UNIVERSITAS COKROAMINOTO MAKASSAR,SULAWESI SELATAN,6000000.0,BAIK SEKALI,Loc_3-Type_2
UNIVERSITAS COKROAMINOTO MAKASSAR,SULAWESI SELATAN,6000000.0,BAIK SEKALI,Loc_3-Type_2
UNIVERSITAS COKROAMINOTO MAKASSAR,SULAWESI SELATAN,6000000.0,BAIK SEKALI,Loc_3-Type_2
UNIVERSITAS COKROAMINOTO PALOPO,SULAWESI SELATAN,7750000.0,B,Loc_3-Type_0
UNIVERSITAS COKROAMINOTO PALOPO,SULAWESI SELATAN,7750000.0,B,Loc_3-Type_0
UNIVERSITAS COKROAMINOTO PALOPO,SULAWESI SELATAN,7750000.0,B,Loc_3-Type_0
UNIVERSITAS COKROAMINOTO PALOPO,SULAWESI SELATAN,7750000.0,B,Loc_3-Type_0
UNIVERSITAS COKROAMINOTO PALOPO,SULAWESI SELATAN,7750000.0,B,Loc_3-Type_0
UNIVERSITAS COKROAMINOTO PALOPO,SULAWESI SELATAN,7750000.0,B,Loc_3-Type_0
UNIVERSITAS COKROAMINOTO PALOPO,SULAWESI SELATAN,7750000.0,B,Loc_3-Type_0
UNIVERSITAS COKROAMINOTO PALOPO,SULAWESI SELATAN,7750000.0,B,Loc_3-Type_0
UNIVERSITAS COKROAMINOTO PALOPO,SULAWESI SELATAN,7750000.0,B,Loc_3-Type_0
UNIVERSITAS COKROAMINOTO YOGYAKARTA,D.I. YOGYAKARTA,7500000.0,BAIK SEKALI,Loc_0-Type_1
UNIVERSITAS COKROAMINOTO YOGYAKARTA,D.I. YOGYAKARTA,7500000.0,BAIK SEKALI,Loc_0-Type_1
UNIVERSITAS COKROAMINOTO YOGYAKARTA,D.I. YOGYAKARTA,7500000.0,BAIK SEKALI,Loc_0-Type_1
UNIVERSITAS COKROAMINOTO YOGYAKARTA,D.I. YOGYAKARTA,7500000.0,BAIK SEKALI,Loc_0-Type_1
UNIVERSITAS COKROAMINOTO YOGYAKARTA,D.I. YOGYAKARTA,7500000.0,BAIK SEKALI,Loc_0-Type_1
UNIVERSITAS COKROAMINOTO YOGYAKARTA,D.I. YOGYAKARTA,7500000.0,BAIK SEKALI,Loc_0-Type_1
UNIVERSITAS COKROAMINOTO YOGYAKARTA,D.I. YOGYAKARTA,7500000.0,BAIK SEKALI,Loc_0-Type_1
UNIVERSITAS CORDOVA,NUSA TENGGARA BARAT,9724000.0,BAIK,Loc_0-Type_0
UNIVERSITAS CORDOVA,NUSA TENGGARA BARAT,9724000.0,BAIK,Loc_0-Type_0
UNIVERSITAS CORDOVA,NUSA TENGGARA BARAT,9724000.0,BAIK,Loc_0-Type_0
UNIVERSITAS CORDOVA,NUSA TENGGARA BARAT,9724000.0,BAIK,Loc_0-Type_0
UNIVERSITAS CORDOVA,NUSA TENGGARA BARAT,9724000.0,BAIK,Loc_0-Type_0
UNIVERSITAS CORDOVA,NUSA TENGGARA BARAT,9724000.0,BAIK,Loc_0-Type_0
UNIVERSITAS CORDOVA,NUSA TENGGARA BARAT,9724000.0,BAIK,Loc_0-Type_0
UNIVERSITAS CORDOVA,NUSA TENGGARA BARAT,9724000.0,BAIK,Loc_0-Type_0
UNIVERSITAS CORDOVA,NUSA TENGGARA BARAT,9724000.0,BAIK,Loc_0-Type_0
UNIVERSITAS DARMA AGUNG,SUMATERA UTARA,21200000.0,BAIK,Loc_0-Type_0
UNIVERSITAS DARMA AGUNG,SUMATERA UTARA,21200000.0,BAIK,Loc_0-Type_0
UNIVERSITAS DARMA AGUNG,SUMATERA UTARA,21200000.0,BAIK,Loc_0-Type_0
UNIVERSITAS DARMA AGUNG,SUMATERA UTARA,21200000.0,BAIK,Loc_0-Type_0
UNIVERSITAS DARMA AGUNG,SUMATERA UTARA,21200000.0,BAIK,Loc_0-Type_0
UNIVERSITAS DARMA AGUNG,SUMATERA UTARA,21200000.0,BAIK,Loc_0-Type_0
UNIVERSITAS DARMA AGUNG,SUMATERA UTARA,21200000.0,BAIK,Loc_0-Type_0
UNIVERSITAS DARMA AGUNG,SUMATERA UTARA,21200000.0,BAIK,Loc_0-Type_0
UNIVERSITAS DARMA AGUNG,SUMATERA UTARA,21200000.0,BAIK,Loc_0-Type_0
UNIVERSITAS DARMA AGUNG,SUMATERA UTARA,21200000.0,BAIK,Loc_0-Type_0
UNIVERSITAS DARMA AGUNG,SUMATERA UTARA,21200000.0,BAIK,Loc_0-Type_0
UNIVERSITAS DARMA AGUNG,SUMATERA UTARA,21200000.0,BAIK,Loc_0-Type_0
UNIVERSITAS DARMA AGUNG,SUMATERA UTARA,21200000.0,BAIK,Loc_0-Type_0
UNIVERSITAS DARMA AGUNG,SUMATERA UTARA,21200000.0,BAIK,Loc_0-Type_0
UNIVERSITAS DARMA PERSADA,D.K.I. JAKARTA,12200000.0,B,Loc_4-Type_1
UNIVERSITAS DARMA PERSADA,D.K.I. JAKARTA,12200000.0,B,Loc_4-Type_1
UNIVERSITAS DARMA PERSADA,D.K.I. JAKARTA,12200000.0,B,Loc_4-Type_1
UNIVERSITAS DARMA PERSADA,D.K.I. JAKARTA,12200000.0,B,Loc_4-Type_1
UNIVERSITAS DARMA PERSADA,D.K.I. JAKARTA,12200000.0,B,Loc_4-Type_1
UNIVERSITAS DARMA PERSADA,D.K.I. JAKARTA,12200000.0,B,Loc_4-Type_1
UNIVERSITAS DARMA PERSADA,D.K.I. JAKARTA,12200000.0,B,Loc_4-Type_1
UNIVERSITAS DARMA PERSADA,D.K.I. JAKARTA,12200000.0,B,Loc_4-Type_1
UNIVERSITAS DARMA PERSADA,D.K.I. JAKARTA,12200000.0,B,Loc_4-Type_1
UNIVERSITAS DARMA PERSADA,D.K.I. JAKARTA,12200000.0,B,Loc_4-Type_1
UNIVERSITAS DARMA PERSADA,D.K.I. JAKARTA,12200000.0,B,Loc_4-Type_1
UNIVERSITAS DARMA PERSADA,D.K.I. JAKARTA,12200000.0,B,Loc_4-Type_1
UNIVERSITAS DARMA PERSADA,D.K.I. JAKARTA,12200000.0,B,Loc_4-Type_1
UNIVERSITAS DARUL  ULUM,JAWA TIMUR,4250000.0,B,Loc_5-Type_0
UNIVERSITAS DARUL  ULUM,JAWA TIMUR,4250000.0,B,Loc_5-Type_0
UNIVERSITAS DARUL  ULUM,JAWA TIMUR,4250000.0,B,Loc_5-Type_0
UNIVERSITAS DARUL  ULUM,JAWA TIMUR,4250000.0,B,Loc_5-Type_0
UNIVERSITAS DARUL  ULUM,JAWA TIMUR,4250000.0,B,Loc_5-Type_0
UNIVERSITAS DARUL  ULUM,JAWA TIMUR,4250000.0,B,Loc_5-Type_0
UNIVERSITAS DARUL  ULUM,JAWA TIMUR,4250000.0,B,Loc_5-Type_0
UNIVERSITAS DARUL  ULUM,JAWA TIMUR,4250000.0,B,Loc_5-Type_0
UNIVERSITAS DARUL MA`ARIF,JAWA BARAT,5000000.0,BAIK,Loc_8-Type_2
UNIVERSITAS DARUL ULUM ISLAMIC CENTRE SUDIRMAN,JAWA TENGAH,12550000.0,BAIK SEKALI,Loc_7-Type_2
UNIVERSITAS DARUL ULUM ISLAMIC CENTRE SUDIRMAN,JAWA TENGAH,12550000.0,BAIK SEKALI,Loc_7-Type_2
UNIVERSITAS DARUL ULUM ISLAMIC CENTRE SUDIRMAN,JAWA TENGAH,12550000.0,BAIK SEKALI,Loc_7-Type_2
UNIVERSITAS DARUL ULUM ISLAMIC CENTRE SUDIRMAN,JAWA TENGAH,12550000.0,BAIK SEKALI,Loc_7-Type_2
UNIVERSITAS DARUL ULUM ISLAMIC CENTRE SUDIRMAN,JAWA TENGAH,12550000.0,BAIK SEKALI,Loc_7-Type_2
UNIVERSITAS DARUL ULUM ISLAMIC CENTRE SUDIRMAN,JAWA TENGAH,12550000.0,BAIK SEKALI,Loc_7-Type_2
UNIVERSITAS DARUL ULUM ISLAMIC CENTRE SUDIRMAN,JAWA TENGAH,12550000.0,BAIK SEKALI,Loc_7-Type_2
UNIVERSITAS DARUNNAJAH,D.K.I. JAKARTA,4800000.0,BAIK,Loc_4-Type_0
UNIVERSITAS DARUNNAJAH,D.K.I. JAKARTA,4800000.0,BAIK,Loc_4-Type_0
UNIVERSITAS DARUNNAJAH,D.K.I. JAKARTA,4800000.0,BAIK,Loc_4-Type_0
UNIVERSITAS DARUNNAJAH,D.K.I. JAKARTA,4800000.0,BAIK,Loc_4-Type_0
UNIVERSITAS DARUNNAJAH,D.K.I. JAKARTA,4800000.0,BAIK,Loc_4-Type_0
UNIVERSITAS DARUSSALAM AMBON,MALUKU,6000000.0,BAIK SEKALI,Loc_0-Type_1
UNIVERSITAS DARUSSALAM AMBON,MALUKU,6000000.0,BAIK SEKALI,Loc_0-Type_1
UNIVERSITAS DARUSSALAM AMBON,MALUKU,6000000.0,BAIK SEKALI,Loc_0-Type_1
UNIVERSITAS DARUSSALAM AMBON,MALUKU,6000000.0,BAIK SEKALI,Loc_0-Type_1
UNIVERSITAS DARUSSALAM AMBON,MALUKU,6000000.0,BAIK SEKALI,Loc_0-Type_1
UNIVERSITAS DARUSSALAM AMBON,MALUKU,6000000.0,BAIK SEKALI,Loc_0-Type_1
UNIVERSITAS DARUSSALAM AMBON,MALUKU,6000000.0,BAIK SEKALI,Loc_0-Type_1
UNIVERSITAS DARUSSALAM AMBON,MALUKU,6000000.0,BAIK SEKALI,Loc_0-Type_1
UNIVERSITAS DARUSSALAM AMBON,MALUKU,6000000.0,BAIK SEKALI,Loc_0-Type_1
UNIVERSITAS DARUSSALAM AMBON,MALUKU,6000000.0,BAIK SEKALI,Loc_0-Type_1
UNIVERSITAS DARUSSALAM AMBON,MALUKU,6000000.0,BAIK SEKALI,Loc_0-Type_1
UNIVERSITAS DARUSSALAM GONTOR,JAWA TIMUR,20500000.0,UNGGUL,Loc_5-Type_1
UNIVERSITAS DARUSSALAM GONTOR,JAWA TIMUR,20500000.0,UNGGUL,Loc_5-Type_1
UNIVERSITAS DARUSSALAM GONTOR,JAWA TIMUR,20500000.0,UNGGUL,Loc_5-Type_1
UNIVERSITAS DARUSSALAM GONTOR,JAWA TIMUR,20500000.0,UNGGUL,Loc_5-Type_1
UNIVERSITAS DARUSSALAM GONTOR,JAWA TIMUR,20500000.0,UNGGUL,Loc_5-Type_1
UNIVERSITAS DARUSSALAM GONTOR,JAWA TIMUR,20500000.0,UNGGUL,Loc_5-Type_1
UNIVERSITAS DARUSSALAM GONTOR,JAWA TIMUR,20500000.0,UNGGUL,Loc_5-Type_1
UNIVERSITAS DARUSSALAM GONTOR,JAWA TIMUR,20500000.0,UNGGUL,Loc_5-Type_1
UNIVERSITAS DARUSSALAM GONTOR,JAWA TIMUR,20500000.0,UNGGUL,Loc_5-Type_1
UNIVERSITAS DARWAN ALI,KALIMANTAN TENGAH,14895000.0,BAIK,Loc_0-Type_0
UNIVERSITAS DARWAN ALI,KALIMANTAN TENGAH,14895000.0,BAIK,Loc_0-Type_0
UNIVERSITAS DARWAN ALI,KALIMANTAN TENGAH,14895000.0,BAIK,Loc_0-Type_0
UNIVERSITAS DARWAN ALI,KALIMANTAN TENGAH,14895000.0,BAIK,Loc_0-Type_0
UNIVERSITAS DAYANU IKHSANUDDIN,SULAWESI TENGGARA,18700000.0,BAIK SEKALI,Loc_0-Type_1
UNIVERSITAS DAYANU IKHSANUDDIN,SULAWESI TENGGARA,18700000.0,BAIK SEKALI,Loc_0-Type_1
UNIVERSITAS DAYANU IKHSANUDDIN,SULAWESI TENGGARA,18700000.0,BAIK SEKALI,Loc_0-Type_1
UNIVERSITAS DAYANU IKHSANUDDIN,SULAWESI TENGGARA,18700000.0,BAIK SEKALI,Loc_0-Type_1
UNIVERSITAS DAYANU IKHSANUDDIN,SULAWESI TENGGARA,18700000.0,BAIK SEKALI,Loc_0-Type_1
UNIVERSITAS DAYANU IKHSANUDDIN,SULAWESI TENGGARA,18700000.0,BAIK SEKALI,Loc_0-Type_1
UNIVERSITAS DAYANU IKHSANUDDIN,SULAWESI TENGGARA,18700000.0,BAIK SEKALI,Loc_0-Type_1
UNIVERSITAS DAYANU IKHSANUDDIN,SULAWESI TENGGARA,18700000.0,BAIK SEKALI,Loc_0-Type_1
UNIVERSITAS DAYANU IKHSANUDDIN,SULAWESI TENGGARA,18700000.0,BAIK SEKALI,Loc_0-Type_1
UNIVERSITAS DAYANU IKHSANUDDIN,SULAWESI TENGGARA,18700000.0,BAIK SEKALI,Loc_0-Type_1
UNIVERSITAS DAYANU IKHSANUDDIN,SULAWESI TENGGARA,18700000.0,BAIK SEKALI,Loc_0-Type_1
UNIVERSITAS DAYANU IKHSANUDDIN,SULAWESI TENGGARA,18700000.0,BAIK SEKALI,Loc_0-Type_1
UNIVERSITAS DAYANU IKHSANUDDIN,SULAWESI TENGGARA,18700000.0,BAIK SEKALI,Loc_0-Type_1
UNIVERSITAS DAYANU IKHSANUDDIN,SULAWESI TENGGARA,18700000.0,BAIK SEKALI,Loc_0-Type_1
UNIVERSITAS DAYANU IKHSANUDDIN,SULAWESI TENGGARA,18700000.0,BAIK SEKALI,Loc_0-Type_1
UNIVERSITAS DAYANU IKHSANUDDIN,SULAWESI TENGGARA,18700000.0,BAIK SEKALI,Loc_0-Type_1
UNIVERSITAS DAYANU IKHSANUDDIN,SULAWESI TENGGARA,18700000.0,BAIK SEKALI,Loc_0-Type_1
UNIVERSITAS DEHASEN BENGKULU,BENGKULU,16995000.0,BAIK SEKALI,Loc_0-Type_1
UNIVERSITAS DEHASEN BENGKULU,BENGKULU,16995000.0,BAIK SEKALI,Loc_0-Type_1
UNIVERSITAS DEHASEN BENGKULU,BENGKULU,16995000.0,BAIK SEKALI,Loc_0-Type_1
UNIVERSITAS DEHASEN BENGKULU,BENGKULU,16995000.0,BAIK SEKALI,Loc_0-Type_1
UNIVERSITAS DEHASEN BENGKULU,BENGKULU,16995000.0,BAIK SEKALI,Loc_0-Type_1
UNIVERSITAS DEHASEN BENGKULU,BENGKULU,16995000.0,BAIK SEKALI,Loc_0-Type_1
UNIVERSITAS DEHASEN BENGKULU,BENGKULU,16995000.0,BAIK SEKALI,Loc_0-Type_1
UNIVERSITAS DEHASEN BENGKULU,BENGKULU,16995000.0,BAIK SEKALI,Loc_0-Type_1
UNIVERSITAS DEHASEN BENGKULU,BENGKULU,16995000.0,BAIK SEKALI,Loc_0-Type_1
UNIVERSITAS DEHASEN BENGKULU,BENGKULU,16995000.0,BAIK SEKALI,Loc_0-Type_1
UNIVERSITAS DEHASEN BENGKULU,BENGKULU,16995000.0,BAIK SEKALI,Loc_0-Type_1
UNIVERSITAS DEHASEN BENGKULU,BENGKULU,16995000.0,BAIK SEKALI,Loc_0-Type_1
UNIVERSITAS DEHASEN BENGKULU,BENGKULU,16995000.0,BAIK SEKALI,Loc_0-Type_1
UNIVERSITAS DEHASEN BENGKULU,BENGKULU,16995000.0,BAIK SEKALI,Loc_0-Type_1
UNIVERSITAS DEHASEN BENGKULU,BENGKULU,16995000.0,BAIK SEKALI,Loc_0-Type_1
UNIVERSITAS DEHASEN BENGKULU,BENGKULU,16995000.0,BAIK SEKALI,Loc_0-Type_1
UNIVERSITAS DEHASEN BENGKULU,BENGKULU,16995000.0,BAIK SEKALI,Loc_0-Type_1
UNIVERSITAS DEHASEN BENGKULU,BENGKULU,16995000.0,BAIK SEKALI,Loc_0-Type_1
UNIVERSITAS DELI SUMATERA,SUMATERA UTARA,5500000.0,BAIK,Loc_0-Type_0
UNIVERSITAS DELI SUMATERA,SUMATERA UTARA,5500000.0,BAIK,Loc_0-Type_0
UNIVERSITAS DELI SUMATERA,SUMATERA UTARA,5500000.0,BAIK,Loc_0-Type_0
UNIVERSITAS DELI SUMATERA,SUMATERA UTARA,5500000.0,BAIK,Loc_0-Type_0
UNIVERSITAS DELI SUMATERA,SUMATERA UTARA,5500000.0,BAIK,Loc_0-Type_0
UNIVERSITAS DELI SUMATERA,SUMATERA UTARA,5500000.0,BAIK,Loc_0-Type_0
UNIVERSITAS DEZTRON INDONESIA,SUMATERA UTARA,5600000.0,BAIK,Loc_0-Type_0
UNIVERSITAS DEZTRON INDONESIA,SUMATERA UTARA,5600000.0,BAIK,Loc_0-Type_0
UNIVERSITAS DEZTRON INDONESIA,SUMATERA UTARA,5600000.0,BAIK,Loc_0-Type_0
UNIVERSITAS DEZTRON INDONESIA,SUMATERA UTARA,5600000.0,BAIK,Loc_0-Type_0
UNIVERSITAS DEZTRON INDONESIA,SUMATERA UTARA,5600000.0,BAIK,Loc_0-Type_0
UNIVERSITAS DEZTRON INDONESIA,SUMATERA UTARA,5600000.0,BAIK,Loc_0-Type_0
UNIVERSITAS DEZTRON INDONESIA,SUMATERA UTARA,5600000.0,BAIK,Loc_0-Type_0
UNIVERSITAS DEZTRON INDONESIA,SUMATERA UTARA,5600000.0,BAIK,Loc_0-Type_0
UNIVERSITAS DHARMA ANDALAS,SUMATERA BARAT,8300000.0,BAIK SEKALI,Loc_0-Type_1
UNIVERSITAS DHARMA ANDALAS,SUMATERA BARAT,8300000.0,BAIK SEKALI,Loc_0-Type_1
UNIVERSITAS DHARMA ANDALAS,SUMATERA BARAT,8300000.0,BAIK SEKALI,Loc_0-Type_1
UNIVERSITAS DHARMA ANDALAS,SUMATERA BARAT,8300000.0,BAIK SEKALI,Loc_0-Type_1
UNIVERSITAS DHARMA ANDALAS,SUMATERA BARAT,8300000.0,BAIK SEKALI,Loc_0-Type_1
UNIVERSITAS DHARMA ANDALAS,SUMATERA BARAT,8300000.0,BAIK SEKALI,Loc_0-Type_1
UNIVERSITAS DHARMA ANDALAS,SUMATERA BARAT,8300000.0,BAIK SEKALI,Loc_0-Type_1
UNIVERSITAS DHARMA ANDALAS,SUMATERA BARAT,8300000.0,BAIK SEKALI,Loc_0-Type_1
UNIVERSITAS DHARMA ANDALAS,SUMATERA BARAT,8300000.0,BAIK SEKALI,Loc_0-Type_1
UNIVERSITAS DHARMA ANDALAS,SUMATERA BARAT,8300000.0,BAIK SEKALI,Loc_0-Type_1
UNIVERSITAS DHARMA ANDALAS,SUMATERA BARAT,8300000.0,BAIK SEKALI,Loc_0-Type_1
UNIVERSITAS DHARMA ANDALAS,SUMATERA BARAT,8300000.0,BAIK SEKALI,Loc_0-Type_1
UNIVERSITAS DHARMA ANDALAS,SUMATERA BARAT,8300000.0,BAIK SEKALI,Loc_0-Type_1
UNIVERSITAS DHARMA AUB SURAKARTA,JAWA TENGAH,6900000.0,BAIK SEKALI,Loc_7-Type_2
UNIVERSITAS DHARMA AUB SURAKARTA,JAWA TENGAH,6900000.0,BAIK SEKALI,Loc_7-Type_2
UNIVERSITAS DHARMA AUB SURAKARTA,JAWA TENGAH,6900000.0,BAIK SEKALI,Loc_7-Type_2
UNIVERSITAS DHARMA AUB SURAKARTA,JAWA TENGAH,6900000.0,BAIK SEKALI,Loc_7-Type_2
UNIVERSITAS DHARMA AUB SURAKARTA,JAWA TENGAH,6900000.0,BAIK SEKALI,Loc_7-Type_2
UNIVERSITAS DHARMA WACANA,LAMPUNG,7500000.0,B,Loc_1-Type_1
UNIVERSITAS DHARMA WACANA,LAMPUNG,7500000.0,B,Loc_1-Type_1
UNIVERSITAS DHARMA WACANA,LAMPUNG,7500000.0,B,Loc_1-Type_1
UNIVERSITAS DHARMA WACANA,LAMPUNG,7500000.0,B,Loc_1-Type_1
UNIVERSITAS DHARMA WACANA,LAMPUNG,7500000.0,B,Loc_1-Type_1
UNIVERSITAS DHARMA WACANA,LAMPUNG,7500000.0,B,Loc_1-Type_1
UNIVERSITAS DHARMAS INDONESIA,SUMATERA BARAT,10297500.0,BAIK,Loc_0-Type_0
UNIVERSITAS DHARMAS INDONESIA,SUMATERA BARAT,10297500.0,BAIK,Loc_0-Type_0
UNIVERSITAS DHARMAS INDONESIA,SUMATERA BARAT,10297500.0,BAIK,Loc_0-Type_0
UNIVERSITAS DHARMAS INDONESIA,SUMATERA BARAT,10297500.0,BAIK,Loc_0-Type_0
UNIVERSITAS DHARMAS INDONESIA,SUMATERA BARAT,10297500.0,BAIK,Loc_0-Type_0
UNIVERSITAS DHARMAS INDONESIA,SUMATERA BARAT,10297500.0,BAIK,Loc_0-Type_0
UNIVERSITAS DHARMAS INDONESIA,SUMATERA BARAT,10297500.0,BAIK,Loc_0-Type_0
UNIVERSITAS DHARMAS INDONESIA,SUMATERA BARAT,10297500.0,BAIK,Loc_0-Type_0
UNIVERSITAS DHYANA PURA,BALI,13500000.0,B,Loc_0-Type_2
UNIVERSITAS DHYANA PURA,BALI,13500000.0,B,Loc_0-Type_2
UNIVERSITAS DHYANA PURA,BALI,13500000.0,B,Loc_0-Type_2
UNIVERSITAS DHYANA PURA,BALI,13500000.0,B,Loc_0-Type_2
UNIVERSITAS DHYANA PURA,BALI,13500000.0,B,Loc_0-Type_2
UNIVERSITAS DHYANA PURA,BALI,13500000.0,B,Loc_0-Type_2
UNIVERSITAS DHYANA PURA,BALI,13500000.0,B,Loc_0-Type_2
UNIVERSITAS DHYANA PURA,BALI,13500000.0,B,Loc_0-Type_2
UNIVERSITAS DHYANA PURA,BALI,13500000.0,B,Loc_0-Type_2
UNIVERSITAS DHYANA PURA,BALI,13500000.0,B,Loc_0-Type_2
UNIVERSITAS DHYANA PURA,BALI,13500000.0,B,Loc_0-Type_2
UNIVERSITAS DHYANA PURA,BALI,13500000.0,B,Loc_0-Type_2
UNIVERSITAS DHYANA PURA,BALI,13500000.0,B,Loc_0-Type_2
UNIVERSITAS DHYANA PURA,BALI,13500000.0,B,Loc_0-Type_2
UNIVERSITAS DHYANA PURA,BALI,13500000.0,B,Loc_0-Type_2
UNIVERSITAS DIAN NUSANTARA,D.K.I. JAKARTA,9400000.0,BAIK SEKALI,Loc_4-Type_0
UNIVERSITAS DIAN NUSANTARA,D.K.I. JAKARTA,9400000.0,BAIK SEKALI,Loc_4-Type_0
UNIVERSITAS DIAN NUSANTARA,D.K.I. JAKARTA,9400000.0,BAIK SEKALI,Loc_4-Type_0
UNIVERSITAS DIAN NUSANTARA,D.K.I. JAKARTA,9400000.0,BAIK SEKALI,Loc_4-Type_0
UNIVERSITAS DIAN NUSANTARA,D.K.I. JAKARTA,9400000.0,BAIK SEKALI,Loc_4-Type_0
UNIVERSITAS DIAN NUSANTARA,D.K.I. JAKARTA,9400000.0,BAIK SEKALI,Loc_4-Type_0
UNIVERSITAS DIAN NUSANTARA,D.K.I. JAKARTA,9400000.0,BAIK SEKALI,Loc_4-Type_0
UNIVERSITAS DIAN NUSANTARA,D.K.I. JAKARTA,9400000.0,BAIK SEKALI,Loc_4-Type_0
UNIVERSITAS DIAN NUSWANTORO,JAWA TENGAH,4000000.0,A,Loc_7-Type_0
UNIVERSITAS DIAN NUSWANTORO,JAWA TENGAH,4000000.0,A,Loc_7-Type_0
UNIVERSITAS DIAN NUSWANTORO,JAWA TENGAH,4000000.0,A,Loc_7-Type_0
UNIVERSITAS DIAN NUSWANTORO,JAWA TENGAH,4000000.0,A,Loc_7-Type_0
UNIVERSITAS DIAN NUSWANTORO,JAWA TENGAH,4000000.0,A,Loc_7-Type_0
UNIVERSITAS DIAN NUSWANTORO,JAWA TENGAH,4000000.0,A,Loc_7-Type_0
UNIVERSITAS DIAN NUSWANTORO,JAWA TENGAH,4000000.0,A,Loc_7-Type_0
UNIVERSITAS DIAN NUSWANTORO,JAWA TENGAH,4000000.0,A,Loc_7-Type_0
UNIVERSITAS DIAN NUSWANTORO,JAWA TENGAH,4000000.0,A,Loc_7-Type_0
UNIVERSITAS DIAN NUSWANTORO,JAWA TENGAH,4000000.0,A,Loc_7-Type_0
UNIVERSITAS DIAN NUSWANTORO,JAWA TENGAH,4000000.0,A,Loc_7-Type_0
UNIVERSITAS DIAN NUSWANTORO,JAWA TENGAH,4000000.0,A,Loc_7-Type_0
UNIVERSITAS DIAN NUSWANTORO,JAWA TENGAH,4000000.0,A,Loc_7-Type_0
UNIVERSITAS DIAN NUSWANTORO,JAWA TENGAH,4000000.0,A,Loc_7-Type_0
UNIVERSITAS DIAN NUSWANTORO,JAWA TENGAH,4000000.0,A,Loc_7-Type_0
UNIVERSITAS DIAN NUSWANTORO,JAWA TENGAH,4000000.0,A,Loc_7-Type_0
UNIVERSITAS DIAN NUSWANTORO,JAWA TENGAH,4000000.0,A,Loc_7-Type_0
UNIVERSITAS DIAN NUSWANTORO,JAWA TENGAH,4000000.0,A,Loc_7-Type_0
UNIVERSITAS DIAN NUSWANTORO,JAWA TENGAH,4000000.0,A,Loc_7-Type_0
UNIVERSITAS DINAMIKA,JAWA TIMUR,22000000.0,BAIK SEKALI,Loc_5-Type_1
UNIVERSITAS DINAMIKA,JAWA TIMUR,22000000.0,BAIK SEKALI,Loc_5-Type_1
UNIVERSITAS DINAMIKA,JAWA TIMUR,22000000.0,BAIK SEKALI,Loc_5-Type_1
UNIVERSITAS DINAMIKA,JAWA TIMUR,22000000.0,BAIK SEKALI,Loc_5-Type_1
UNIVERSITAS DINAMIKA,JAWA TIMUR,22000000.0,BAIK SEKALI,Loc_5-Type_1
UNIVERSITAS DINAMIKA,JAWA TIMUR,22000000.0,BAIK SEKALI,Loc_5-Type_1
UNIVERSITAS DINAMIKA,JAWA TIMUR,22000000.0,BAIK SEKALI,Loc_5-Type_1
UNIVERSITAS DINAMIKA,JAWA TIMUR,22000000.0,BAIK SEKALI,Loc_5-Type_1
UNIVERSITAS DINAMIKA,JAWA TIMUR,22000000.0,BAIK SEKALI,Loc_5-Type_1
UNIVERSITAS DIPA MAKASSAR,SULAWESI SELATAN,13250000.0,B,Loc_3-Type_2
UNIVERSITAS DIPA MAKASSAR,SULAWESI SELATAN,13250000.0,B,Loc_3-Type_2
UNIVERSITAS DIPA MAKASSAR,SULAWESI SELATAN,13250000.0,B,Loc_3-Type_2
UNIVERSITAS DIPA MAKASSAR,SULAWESI SELATAN,13250000.0,B,Loc_3-Type_2
UNIVERSITAS DIPA MAKASSAR,SULAWESI SELATAN,13250000.0,B,Loc_3-Type_2
UNIVERSITAS DIRGANTARA MARSEKAL SURYADARMA,D.K.I. JAKARTA,19225001.0,B,Loc_4-Type_1
UNIVERSITAS DIRGANTARA MARSEKAL SURYADARMA,D.K.I. JAKARTA,19225001.0,B,Loc_4-Type_1
UNIVERSITAS DIRGANTARA MARSEKAL SURYADARMA,D.K.I. JAKARTA,19225001.0,B,Loc_4-Type_1
UNIVERSITAS DIRGANTARA MARSEKAL SURYADARMA,D.K.I. JAKARTA,19225001.0,B,Loc_4-Type_1
UNIVERSITAS DIRGANTARA MARSEKAL SURYADARMA,D.K.I. JAKARTA,19225001.0,B,Loc_4-Type_1
UNIVERSITAS DIRGANTARA MARSEKAL SURYADARMA,D.K.I. JAKARTA,19225001.0,B,Loc_4-Type_1
UNIVERSITAS DIRGANTARA MARSEKAL SURYADARMA,D.K.I. JAKARTA,19225001.0,B,Loc_4-Type_1
UNIVERSITAS DIRGANTARA MARSEKAL SURYADARMA,D.K.I. JAKARTA,19225001.0,B,Loc_4-Type_1
UNIVERSITAS DIRGANTARA MARSEKAL SURYADARMA,D.K.I. JAKARTA,19225001.0,B,Loc_4-Type_1
UNIVERSITAS DJUANDA,JAWA BARAT,10800000.0,B,Loc_8-Type_0
UNIVERSITAS DJUANDA,JAWA BARAT,10800000.0,B,Loc_8-Type_0
UNIVERSITAS DJUANDA,JAWA BARAT,10800000.0,B,Loc_8-Type_0
UNIVERSITAS DJUANDA,JAWA BARAT,10800000.0,B,Loc_8-Type_0
UNIVERSITAS DJUANDA,JAWA BARAT,10800000.0,B,Loc_8-Type_0
UNIVERSITAS DJUANDA,JAWA BARAT,10800000.0,B,Loc_8-Type_0
UNIVERSITAS DJUANDA,JAWA BARAT,10800000.0,B,Loc_8-Type_0
UNIVERSITAS DJUANDA,JAWA BARAT,10800000.0,B,Loc_8-Type_0
UNIVERSITAS DJUANDA,JAWA BARAT,10800000.0,B,Loc_8-Type_0
UNIVERSITAS DJUANDA,JAWA BARAT,10800000.0,B,Loc_8-Type_0
UNIVERSITAS DJUANDA,JAWA BARAT,10800000.0,B,Loc_8-Type_0
UNIVERSITAS DJUANDA,JAWA BARAT,10800000.0,B,Loc_8-Type_0
UNIVERSITAS DJUANDA,JAWA BARAT,10800000.0,B,Loc_8-Type_0
UNIVERSITAS DJUANDA,JAWA BARAT,10800000.0,B,Loc_8-Type_0
UNIVERSITAS DJUANDA,JAWA BARAT,10800000.0,B,Loc_8-Type_0
UNIVERSITAS DJUANDA,JAWA BARAT,10800000.0,B,Loc_8-Type_0
UNIVERSITAS DOKTOR HUSNI INGRATUBUN PAPUA,PAPUA,6000000.0,B,Loc_9-Type_0
UNIVERSITAS DOKTOR HUSNI INGRATUBUN PAPUA,PAPUA,6000000.0,B,Loc_9-Type_0
UNIVERSITAS DOKTOR HUSNI INGRATUBUN PAPUA,PAPUA,6000000.0,B,Loc_9-Type_0
UNIVERSITAS DOKTOR HUSNI INGRATUBUN PAPUA,PAPUA,6000000.0,B,Loc_9-Type_0
UNIVERSITAS DOKTOR HUSNI INGRATUBUN PAPUA,PAPUA,6000000.0,B,Loc_9-Type_0
UNIVERSITAS DOKTOR HUSNI INGRATUBUN PAPUA,PAPUA,6000000.0,B,Loc_9-Type_0
UNIVERSITAS DOKTOR HUSNI INGRATUBUN TUAL,MALUKU,6400000.0,BAIK,Loc_0-Type_0
UNIVERSITAS DOKTOR HUSNI INGRATUBUN TUAL,MALUKU,6400000.0,BAIK,Loc_0-Type_0
UNIVERSITAS DOKTOR HUSNI INGRATUBUN TUAL,MALUKU,6400000.0,BAIK,Loc_0-Type_0
UNIVERSITAS DOKTOR HUSNI INGRATUBUN TUAL,MALUKU,6400000.0,BAIK,Loc_0-Type_0
UNIVERSITAS DOKTOR HUSNI INGRATUBUN TUAL,MALUKU,6400000.0,BAIK,Loc_0-Type_0
UNIVERSITAS DOKTOR HUSNI INGRATUBUN TUAL,MALUKU,6400000.0,BAIK,Loc_0-Type_0
UNIVERSITAS DOKTOR HUSNI INGRATUBUN TUAL,MALUKU,6400000.0,BAIK,Loc_0-Type_0
UNIVERSITAS DOKTOR HUSNI INGRATUBUN TUAL,MALUKU,6400000.0,BAIK,Loc_0-Type_0
UNIVERSITAS DOKTOR NUGROHO MAGETAN,JAWA TIMUR,27500000.0,BAIK,Loc_5-Type_2
UNIVERSITAS DOKTOR NUGROHO MAGETAN,JAWA TIMUR,27500000.0,BAIK,Loc_5-Type_2
UNIVERSITAS DOKTOR NUGROHO MAGETAN,JAWA TIMUR,27500000.0,BAIK,Loc_5-Type_2
UNIVERSITAS DOKTOR NUGROHO MAGETAN,JAWA TIMUR,27500000.0,BAIK,Loc_5-Type_2
UNIVERSITAS DOKTOR NUGROHO MAGETAN,JAWA TIMUR,27500000.0,BAIK,Loc_5-Type_2
UNIVERSITAS DOKTOR NUGROHO MAGETAN,JAWA TIMUR,27500000.0,BAIK,Loc_5-Type_2
UNIVERSITAS DOKTOR NUGROHO MAGETAN,JAWA TIMUR,27500000.0,BAIK,Loc_5-Type_2
UNIVERSITAS DOKTOR NUGROHO MAGETAN,JAWA TIMUR,27500000.0,BAIK,Loc_5-Type_2
UNIVERSITAS DOKTOR NUGROHO MAGETAN,JAWA TIMUR,27500000.0,BAIK,Loc_5-Type_2
UNIVERSITAS DR SOETOMO,JAWA TIMUR,17520000.0,BAIK SEKALI,Loc_5-Type_1
UNIVERSITAS DR SOETOMO,JAWA TIMUR,17520000.0,BAIK SEKALI,Loc_5-Type_1
UNIVERSITAS DR SOETOMO,JAWA TIMUR,17520000.0,BAIK SEKALI,Loc_5-Type_1
UNIVERSITAS DR SOETOMO,JAWA TIMUR,17520000.0,BAIK SEKALI,Loc_5-Type_1
UNIVERSITAS DR SOETOMO,JAWA TIMUR,17520000.0,BAIK SEKALI,Loc_5-Type_1
UNIVERSITAS DR SOETOMO,JAWA TIMUR,17520000.0,BAIK SEKALI,Loc_5-Type_1
UNIVERSITAS DR SOETOMO,JAWA TIMUR,17520000.0,BAIK SEKALI,Loc_5-Type_1
UNIVERSITAS DR SOETOMO,JAWA TIMUR,17520000.0,BAIK SEKALI,Loc_5-Type_1
UNIVERSITAS DR SOETOMO,JAWA TIMUR,17520000.0,BAIK SEKALI,Loc_5-Type_1
UNIVERSITAS DR SOETOMO,JAWA TIMUR,17520000.0,BAIK SEKALI,Loc_5-Type_1
UNIVERSITAS DR SOETOMO,JAWA TIMUR,17520000.0,BAIK SEKALI,Loc_5-Type_1
UNIVERSITAS DR SOETOMO,JAWA TIMUR,17520000.0,BAIK SEKALI,Loc_5-Type_1
UNIVERSITAS DR SOETOMO,JAWA TIMUR,17520000.0,BAIK SEKALI,Loc_5-Type_1
UNIVERSITAS DR SOETOMO,JAWA TIMUR,17520000.0,BAIK SEKALI,Loc_5-Type_1
UNIVERSITAS DR SOETOMO,JAWA TIMUR,17520000.0,BAIK SEKALI,Loc_5-Type_1
UNIVERSITAS DR SOETOMO,JAWA TIMUR,17520000.0,BAIK SEKALI,Loc_5-Type_1
UNIVERSITAS DR SOETOMO,JAWA TIMUR,17520000.0,BAIK SEKALI,Loc_5-Type_1
UNIVERSITAS DR SOETOMO,JAWA TIMUR,17520000.0,BAIK SEKALI,Loc_5-Type_1
UNIVERSITAS DR SOETOMO,JAWA TIMUR,17520000.0,BAIK SEKALI,Loc_5-Type_1
UNIVERSITAS DR SOETOMO,JAWA TIMUR,17520000.0,BAIK SEKALI,Loc_5-Type_1
UNIVERSITAS DR. DJAR WATTIHELUW,MALUKU,4400000.0,BAIK,Loc_0-Type_0
UNIVERSITAS DR. DJAR WATTIHELUW,MALUKU,4400000.0,BAIK,Loc_0-Type_0
UNIVERSITAS DR. DJAR WATTIHELUW,MALUKU,4400000.0,BAIK,Loc_0-Type_0
UNIVERSITAS DR. DJAR WATTIHELUW,MALUKU,4400000.0,BAIK,Loc_0-Type_0
UNIVERSITAS DR. DJAR WATTIHELUW,MALUKU,4400000.0,BAIK,Loc_0-Type_0
UNIVERSITAS DR. SOEBANDI,JAWA TIMUR,18700000.0,BAIK SEKALI,Loc_5-Type_1
UNIVERSITAS DR. SOEBANDI,JAWA TIMUR,18700000.0,BAIK SEKALI,Loc_5-Type_1
UNIVERSITAS DR. SOEBANDI,JAWA TIMUR,18700000.0,BAIK SEKALI,Loc_5-Type_1
UNIVERSITAS DR. SOEBANDI,JAWA TIMUR,18700000.0,BAIK SEKALI,Loc_5-Type_1
UNIVERSITAS DR. SOEBANDI,JAWA TIMUR,18700000.0,BAIK SEKALI,Loc_5-Type_1
UNIVERSITAS DR. SOEBANDI,JAWA TIMUR,18700000.0,BAIK SEKALI,Loc_5-Type_1
UNIVERSITAS DR. SOETOMO,JAWA TIMUR,5100000.0,B,Loc_5-Type_0
UNIVERSITAS DR. SOETOMO,JAWA TIMUR,5100000.0,B,Loc_5-Type_0
UNIVERSITAS DR. SOETOMO,JAWA TIMUR,5100000.0,B,Loc_5-Type_0
UNIVERSITAS DR. SOETOMO,JAWA TIMUR,5100000.0,B,Loc_5-Type_0
UNIVERSITAS DR. SOETOMO,JAWA TIMUR,5100000.0,B,Loc_5-Type_0
UNIVERSITAS DR. SOETOMO,JAWA TIMUR,5100000.0,B,Loc_5-Type_0
UNIVERSITAS DR. SOETOMO,JAWA TIMUR,5100000.0,B,Loc_5-Type_0
UNIVERSITAS DR. SOETOMO,JAWA TIMUR,5100000.0,B,Loc_5-Type_0
UNIVERSITAS DR. SOETOMO,JAWA TIMUR,5100000.0,B,Loc_5-Type_0
UNIVERSITAS DR. SOETOMO,JAWA TIMUR,5100000.0,B,Loc_5-Type_0
UNIVERSITAS DR. SOETOMO,JAWA TIMUR,5100000.0,B,Loc_5-Type_0
UNIVERSITAS DR. SOETOMO,JAWA TIMUR,5100000.0,B,Loc_5-Type_0
UNIVERSITAS DR. SOETOMO,JAWA TIMUR,5100000.0,B,Loc_5-Type_0
UNIVERSITAS DR. SOETOMO,JAWA TIMUR,5100000.0,B,Loc_5-Type_0
UNIVERSITAS DR. SOETOMO,JAWA TIMUR,5100000.0,B,Loc_5-Type_0
UNIVERSITAS DUMOGA KOTAMOBAGU,SULAWESI UTARA,5250000.0,BAIK,Loc_0-Type_0
UNIVERSITAS DUMOGA KOTAMOBAGU,SULAWESI UTARA,5250000.0,BAIK,Loc_0-Type_0
UNIVERSITAS DUMOGA KOTAMOBAGU,SULAWESI UTARA,5250000.0,BAIK,Loc_0-Type_0
UNIVERSITAS DUMOGA KOTAMOBAGU,SULAWESI UTARA,5250000.0,BAIK,Loc_0-Type_0
UNIVERSITAS DUMOGA KOTAMOBAGU,SULAWESI UTARA,5250000.0,BAIK,Loc_0-Type_0
UNIVERSITAS DUMOGA KOTAMOBAGU,SULAWESI UTARA,5250000.0,BAIK,Loc_0-Type_0
UNIVERSITAS DUMOGA KOTAMOBAGU,SULAWESI UTARA,5250000.0,BAIK,Loc_0-Type_0
UNIVERSITAS DUMOGA KOTAMOBAGU,SULAWESI UTARA,5250000.0,BAIK,Loc_0-Type_0
UNIVERSITAS DUTA BANGSA SURAKARTA,JAWA TENGAH,12100000.0,UNGGUL,Loc_7-Type_0
UNIVERSITAS DUTA BANGSA SURAKARTA,JAWA TENGAH,12100000.0,UNGGUL,Loc_7-Type_0
UNIVERSITAS DUTA BANGSA SURAKARTA,JAWA TENGAH,12100000.0,UNGGUL,Loc_7-Type_0
UNIVERSITAS DUTA BANGSA SURAKARTA,JAWA TENGAH,12100000.0,UNGGUL,Loc_7-Type_0
UNIVERSITAS DUTA BANGSA SURAKARTA,JAWA TENGAH,12100000.0,UNGGUL,Loc_7-Type_0
UNIVERSITAS DUTA BANGSA SURAKARTA,JAWA TENGAH,12100000.0,UNGGUL,Loc_7-Type_0
UNIVERSITAS DUTA BANGSA SURAKARTA,JAWA TENGAH,12100000.0,UNGGUL,Loc_7-Type_0
UNIVERSITAS DUTA BANGSA SURAKARTA,JAWA TENGAH,12100000.0,UNGGUL,Loc_7-Type_0
UNIVERSITAS DUTA BANGSA SURAKARTA,JAWA TENGAH,12100000.0,UNGGUL,Loc_7-Type_0
UNIVERSITAS DUTA BANGSA SURAKARTA,JAWA TENGAH,12100000.0,UNGGUL,Loc_7-Type_0
UNIVERSITAS DUTA BANGSA SURAKARTA,JAWA TENGAH,12100000.0,UNGGUL,Loc_7-Type_0
UNIVERSITAS DUTA BANGSA SURAKARTA,JAWA TENGAH,12100000.0,UNGGUL,Loc_7-Type_0
UNIVERSITAS DWIJENDRA,BALI,11000000.0,B,Loc_0-Type_2
UNIVERSITAS DWIJENDRA,BALI,11000000.0,B,Loc_0-Type_2
UNIVERSITAS DWIJENDRA,BALI,11000000.0,B,Loc_0-Type_2
UNIVERSITAS DWIJENDRA,BALI,11000000.0,B,Loc_0-Type_2
UNIVERSITAS DWIJENDRA,BALI,11000000.0,B,Loc_0-Type_2
UNIVERSITAS DWIJENDRA,BALI,11000000.0,B,Loc_0-Type_2
UNIVERSITAS DWIJENDRA,BALI,11000000.0,B,Loc_0-Type_2
UNIVERSITAS EKASAKTI,SUMATERA BARAT,5750000.0,B,Loc_0-Type_2
UNIVERSITAS EKASAKTI,SUMATERA BARAT,5750000.0,B,Loc_0-Type_2
UNIVERSITAS EKASAKTI,SUMATERA BARAT,5750000.0,B,Loc_0-Type_2
UNIVERSITAS EKASAKTI,SUMATERA BARAT,5750000.0,B,Loc_0-Type_2
UNIVERSITAS EKASAKTI,SUMATERA BARAT,5750000.0,B,Loc_0-Type_2
UNIVERSITAS EKASAKTI,SUMATERA BARAT,5750000.0,B,Loc_0-Type_2
UNIVERSITAS EKASAKTI,SUMATERA BARAT,5750000.0,B,Loc_0-Type_2
UNIVERSITAS EKASAKTI,SUMATERA BARAT,5750000.0,B,Loc_0-Type_2
UNIVERSITAS EKASAKTI,SUMATERA BARAT,5750000.0,B,Loc_0-Type_2
UNIVERSITAS EKASAKTI,SUMATERA BARAT,5750000.0,B,Loc_0-Type_2
UNIVERSITAS EKASAKTI,SUMATERA BARAT,5750000.0,B,Loc_0-Type_2
UNIVERSITAS EKASAKTI,SUMATERA BARAT,5750000.0,B,Loc_0-Type_2
UNIVERSITAS EKASAKTI,SUMATERA BARAT,5750000.0,B,Loc_0-Type_2
UNIVERSITAS EKASAKTI,SUMATERA BARAT,5750000.0,B,Loc_0-Type_2
UNIVERSITAS EKASAKTI,SUMATERA BARAT,5750000.0,B,Loc_0-Type_2
UNIVERSITAS EKASAKTI,SUMATERA BARAT,5750000.0,B,Loc_0-Type_2
UNIVERSITAS EKASAKTI,SUMATERA BARAT,5750000.0,B,Loc_0-Type_2
UNIVERSITAS EKASAKTI,SUMATERA BARAT,5750000.0,B,Loc_0-Type_2
UNIVERSITAS ESA UNGGUL,D.K.I. JAKARTA,31025000.0,B,Loc_4-Type_1
UNIVERSITAS ESA UNGGUL,D.K.I. JAKARTA,31025000.0,B,Loc_4-Type_1
UNIVERSITAS ESA UNGGUL,D.K.I. JAKARTA,31025000.0,B,Loc_4-Type_1
UNIVERSITAS ESA UNGGUL,D.K.I. JAKARTA,31025000.0,B,Loc_4-Type_1
UNIVERSITAS ESA UNGGUL,D.K.I. JAKARTA,31025000.0,B,Loc_4-Type_1
UNIVERSITAS ESA UNGGUL,D.K.I. JAKARTA,31025000.0,B,Loc_4-Type_1
UNIVERSITAS ESA UNGGUL,D.K.I. JAKARTA,31025000.0,B,Loc_4-Type_1
UNIVERSITAS ESA UNGGUL,D.K.I. JAKARTA,31025000.0,B,Loc_4-Type_1
UNIVERSITAS ESA UNGGUL,D.K.I. JAKARTA,31025000.0,B,Loc_4-Type_1
UNIVERSITAS ESA UNGGUL,D.K.I. JAKARTA,31025000.0,B,Loc_4-Type_1
UNIVERSITAS ESA UNGGUL,D.K.I. JAKARTA,31025000.0,B,Loc_4-Type_1
UNIVERSITAS ESA UNGGUL,D.K.I. JAKARTA,31025000.0,B,Loc_4-Type_1
UNIVERSITAS ESA UNGGUL,D.K.I. JAKARTA,31025000.0,B,Loc_4-Type_1
UNIVERSITAS ESA UNGGUL,D.K.I. JAKARTA,31025000.0,B,Loc_4-Type_1
UNIVERSITAS ESA UNGGUL,D.K.I. JAKARTA,31025000.0,B,Loc_4-Type_1
UNIVERSITAS ESA UNGGUL,D.K.I. JAKARTA,31025000.0,B,Loc_4-Type_1
UNIVERSITAS ESA UNGGUL,D.K.I. JAKARTA,31025000.0,B,Loc_4-Type_1
UNIVERSITAS ESA UNGGUL,D.K.I. JAKARTA,31025000.0,B,Loc_4-Type_1
UNIVERSITAS ESA UNGGUL,D.K.I. JAKARTA,31025000.0,B,Loc_4-Type_1
UNIVERSITAS ESA UNGGUL,D.K.I. JAKARTA,31025000.0,B,Loc_4-Type_1
UNIVERSITAS ESA UNGGUL,D.K.I. JAKARTA,31025000.0,B,Loc_4-Type_1
UNIVERSITAS ESA UNGGUL,D.K.I. JAKARTA,31025000.0,B,Loc_4-Type_1
UNIVERSITAS ESA UNGGUL,D.K.I. JAKARTA,31025000.0,B,Loc_4-Type_1
UNIVERSITAS ESA UNGGUL,D.K.I. JAKARTA,31025000.0,B,Loc_4-Type_1
UNIVERSITAS ESA UNGGUL,D.K.I. JAKARTA,31025000.0,B,Loc_4-Type_1
UNIVERSITAS ESA UNGGUL,D.K.I. JAKARTA,31025000.0,B,Loc_4-Type_1
UNIVERSITAS ESA UNGGUL,D.K.I. JAKARTA,31025000.0,B,Loc_4-Type_1
UNIVERSITAS ESA UNGGUL,D.K.I. JAKARTA,31025000.0,B,Loc_4-Type_1
UNIVERSITAS FAJAR,SULAWESI SELATAN,7500000.0,B,Loc_3-Type_0
UNIVERSITAS FAJAR,SULAWESI SELATAN,7500000.0,B,Loc_3-Type_0
UNIVERSITAS FAJAR,SULAWESI SELATAN,7500000.0,B,Loc_3-Type_0
UNIVERSITAS FAJAR,SULAWESI SELATAN,7500000.0,B,Loc_3-Type_0
UNIVERSITAS FAJAR,SULAWESI SELATAN,7500000.0,B,Loc_3-Type_0
UNIVERSITAS FAJAR,SULAWESI SELATAN,7500000.0,B,Loc_3-Type_0
UNIVERSITAS FAJAR,SULAWESI SELATAN,7500000.0,B,Loc_3-Type_0
UNIVERSITAS FAJAR,SULAWESI SELATAN,7500000.0,B,Loc_3-Type_0
UNIVERSITAS FAJAR,SULAWESI SELATAN,7500000.0,B,Loc_3-Type_0
UNIVERSITAS FAJAR,SULAWESI SELATAN,7500000.0,B,Loc_3-Type_0
UNIVERSITAS FALETEHAN,BANTEN,19200000.0,BAIK,Loc_0-Type_0
UNIVERSITAS FALETEHAN,BANTEN,19200000.0,BAIK,Loc_0-Type_0
UNIVERSITAS FALETEHAN,BANTEN,19200000.0,BAIK,Loc_0-Type_0
UNIVERSITAS FALETEHAN,BANTEN,19200000.0,BAIK,Loc_0-Type_0
UNIVERSITAS FALETEHAN,BANTEN,19200000.0,BAIK,Loc_0-Type_0
UNIVERSITAS FALETEHAN,BANTEN,19200000.0,BAIK,Loc_0-Type_0
UNIVERSITAS FALETEHAN,BANTEN,19200000.0,BAIK,Loc_0-Type_0
UNIVERSITAS FALETEHAN,BANTEN,19200000.0,BAIK,Loc_0-Type_0
UNIVERSITAS FALETEHAN,BANTEN,19200000.0,BAIK,Loc_0-Type_0
UNIVERSITAS FAMIKA,SULAWESI SELATAN,4400000.0,BAIK,Loc_3-Type_0
UNIVERSITAS FAMIKA,SULAWESI SELATAN,4400000.0,BAIK,Loc_3-Type_0
UNIVERSITAS FAMIKA,SULAWESI SELATAN,4400000.0,BAIK,Loc_3-Type_0
UNIVERSITAS FAMIKA,SULAWESI SELATAN,4400000.0,BAIK,Loc_3-Type_0
UNIVERSITAS FLORES,NUSA TENGGARA TIMUR,9305000.0,B,Loc_0-Type_2
UNIVERSITAS FLORES,NUSA TENGGARA TIMUR,9305000.0,B,Loc_0-Type_2
UNIVERSITAS FLORES,NUSA TENGGARA TIMUR,9305000.0,B,Loc_0-Type_2
UNIVERSITAS FLORES,NUSA TENGGARA TIMUR,9305000.0,B,Loc_0-Type_2
UNIVERSITAS FLORES,NUSA TENGGARA TIMUR,9305000.0,B,Loc_0-Type_2
UNIVERSITAS FLORES,NUSA TENGGARA TIMUR,9305000.0,B,Loc_0-Type_2
UNIVERSITAS FLORES,NUSA TENGGARA TIMUR,9305000.0,B,Loc_0-Type_2
UNIVERSITAS FLORES,NUSA TENGGARA TIMUR,9305000.0,B,Loc_0-Type_2
UNIVERSITAS FLORES,NUSA TENGGARA TIMUR,9305000.0,B,Loc_0-Type_2
UNIVERSITAS FLORES,NUSA TENGGARA TIMUR,9305000.0,B,Loc_0-Type_2
UNIVERSITAS FLORES,NUSA TENGGARA TIMUR,9305000.0,B,Loc_0-Type_2
UNIVERSITAS FLORES,NUSA TENGGARA TIMUR,9305000.0,B,Loc_0-Type_2
UNIVERSITAS FLORES,NUSA TENGGARA TIMUR,9305000.0,B,Loc_0-Type_2
UNIVERSITAS FLORES,NUSA TENGGARA TIMUR,9305000.0,B,Loc_0-Type_2
UNIVERSITAS FLORES,NUSA TENGGARA TIMUR,9305000.0,B,Loc_0-Type_2
UNIVERSITAS FLORES,NUSA TENGGARA TIMUR,9305000.0,B,Loc_0-Type_2
UNIVERSITAS FORT DE KOCK,SUMATERA BARAT,19500000.0,BAIK SEKALI,Loc_0-Type_1
UNIVERSITAS FORT DE KOCK,SUMATERA BARAT,19500000.0,BAIK SEKALI,Loc_0-Type_1
UNIVERSITAS FORT DE KOCK,SUMATERA BARAT,19500000.0,BAIK SEKALI,Loc_0-Type_1
UNIVERSITAS FORT DE KOCK,SUMATERA BARAT,19500000.0,BAIK SEKALI,Loc_0-Type_1
UNIVERSITAS FORT DE KOCK,SUMATERA BARAT,19500000.0,BAIK SEKALI,Loc_0-Type_1
UNIVERSITAS FORT DE KOCK,SUMATERA BARAT,19500000.0,BAIK SEKALI,Loc_0-Type_1
UNIVERSITAS FORT DE KOCK,SUMATERA BARAT,19500000.0,BAIK SEKALI,Loc_0-Type_1
UNIVERSITAS FORT DE KOCK,SUMATERA BARAT,19500000.0,BAIK SEKALI,Loc_0-Type_1
UNIVERSITAS FORT DE KOCK,SUMATERA BARAT,19500000.0,BAIK SEKALI,Loc_0-Type_1
UNIVERSITAS FORT DE KOCK,SUMATERA BARAT,19500000.0,BAIK SEKALI,Loc_0-Type_1
UNIVERSITAS GAJAH PUTIH,ACEH,5900000.0,BAIK,Loc_0-Type_0
UNIVERSITAS GAJAH PUTIH,ACEH,5900000.0,BAIK,Loc_0-Type_0
UNIVERSITAS GAJAH PUTIH,ACEH,5900000.0,BAIK,Loc_0-Type_0
UNIVERSITAS GAJAH PUTIH,ACEH,5900000.0,BAIK,Loc_0-Type_0
UNIVERSITAS GAJAH PUTIH,ACEH,5900000.0,BAIK,Loc_0-Type_0
UNIVERSITAS GAJAH PUTIH,ACEH,5900000.0,BAIK,Loc_0-Type_0
UNIVERSITAS GAJAH PUTIH,ACEH,5900000.0,BAIK,Loc_0-Type_0
UNIVERSITAS GAJAH PUTIH,ACEH,5900000.0,BAIK,Loc_0-Type_0
UNIVERSITAS GAJAH PUTIH,ACEH,5900000.0,BAIK,Loc_0-Type_0
UNIVERSITAS GAJAYANA,JAWA TIMUR,12000000.0,B,Loc_5-Type_0
UNIVERSITAS GAJAYANA,JAWA TIMUR,12000000.0,B,Loc_5-Type_0
UNIVERSITAS GAJAYANA,JAWA TIMUR,12000000.0,B,Loc_5-Type_0
UNIVERSITAS GAJAYANA,JAWA TIMUR,12000000.0,B,Loc_5-Type_0
UNIVERSITAS GAJAYANA,JAWA TIMUR,12000000.0,B,Loc_5-Type_0
UNIVERSITAS GAJAYANA,JAWA TIMUR,12000000.0,B,Loc_5-Type_0
UNIVERSITAS GAJAYANA,JAWA TIMUR,12000000.0,B,Loc_5-Type_0
UNIVERSITAS GAJAYANA,JAWA TIMUR,12000000.0,B,Loc_5-Type_0
UNIVERSITAS GAJAYANA,JAWA TIMUR,12000000.0,B,Loc_5-Type_0
UNIVERSITAS GAJAYANA,JAWA TIMUR,12000000.0,B,Loc_5-Type_0
UNIVERSITAS GAJAYANA MALANG,JAWA TIMUR,8500000.0,B,Loc_5-Type_0
UNIVERSITAS GAJAYANA MALANG,JAWA TIMUR,8500000.0,B,Loc_5-Type_0
UNIVERSITAS GAJAYANA MALANG,JAWA TIMUR,8500000.0,B,Loc_5-Type_0
UNIVERSITAS GAJAYANA MALANG,JAWA TIMUR,8500000.0,B,Loc_5-Type_0
UNIVERSITAS GAJAYANA MALANG,JAWA TIMUR,8500000.0,B,Loc_5-Type_0
UNIVERSITAS GAJAYANA MALANG,JAWA TIMUR,8500000.0,B,Loc_5-Type_0
UNIVERSITAS GAJAYANA MALANG,JAWA TIMUR,8500000.0,B,Loc_5-Type_0
UNIVERSITAS GAJAYANA MALANG,JAWA TIMUR,8500000.0,B,Loc_5-Type_0
UNIVERSITAS GALUH,JAWA BARAT,12000000.0,BAIK SEKALI,Loc_8-Type_1
UNIVERSITAS GALUH,JAWA BARAT,12000000.0,BAIK SEKALI,Loc_8-Type_1
UNIVERSITAS GALUH,JAWA BARAT,12000000.0,BAIK SEKALI,Loc_8-Type_1
UNIVERSITAS GALUH,JAWA BARAT,12000000.0,BAIK SEKALI,Loc_8-Type_1
UNIVERSITAS GALUH,JAWA BARAT,12000000.0,BAIK SEKALI,Loc_8-Type_1
UNIVERSITAS GALUH,JAWA BARAT,12000000.0,BAIK SEKALI,Loc_8-Type_1
UNIVERSITAS GALUH,JAWA BARAT,12000000.0,BAIK SEKALI,Loc_8-Type_1
UNIVERSITAS GALUH,JAWA BARAT,12000000.0,BAIK SEKALI,Loc_8-Type_1
UNIVERSITAS GALUH,JAWA BARAT,12000000.0,BAIK SEKALI,Loc_8-Type_1
UNIVERSITAS GALUH,JAWA BARAT,12000000.0,BAIK SEKALI,Loc_8-Type_1
UNIVERSITAS GALUH CIAMIS,JAWA BARAT,4250000.0,B,Loc_8-Type_0
UNIVERSITAS GALUH CIAMIS,JAWA BARAT,4250000.0,B,Loc_8-Type_0
UNIVERSITAS GALUH CIAMIS,JAWA BARAT,4250000.0,B,Loc_8-Type_0
UNIVERSITAS GALUH CIAMIS,JAWA BARAT,4250000.0,B,Loc_8-Type_0
UNIVERSITAS GALUH CIAMIS,JAWA BARAT,4250000.0,B,Loc_8-Type_0
UNIVERSITAS GALUH CIAMIS,JAWA BARAT,4250000.0,B,Loc_8-Type_0
UNIVERSITAS GALUH CIAMIS,JAWA BARAT,4250000.0,B,Loc_8-Type_0
UNIVERSITAS GALUH CIAMIS,JAWA BARAT,4250000.0,B,Loc_8-Type_0
UNIVERSITAS GALUH CIAMIS,JAWA BARAT,4250000.0,B,Loc_8-Type_0
UNIVERSITAS GALUH CIAMIS,JAWA BARAT,4250000.0,B,Loc_8-Type_0
UNIVERSITAS GALUH CIAMIS,JAWA BARAT,4250000.0,B,Loc_8-Type_0
UNIVERSITAS GALUH CIAMIS,JAWA BARAT,4250000.0,B,Loc_8-Type_0
UNIVERSITAS GALUH CIAMIS,JAWA BARAT,4250000.0,B,Loc_8-Type_0
UNIVERSITAS GALUH CIAMIS,JAWA BARAT,4250000.0,B,Loc_8-Type_0
UNIVERSITAS GALUH CIAMIS,JAWA BARAT,4250000.0,B,Loc_8-Type_0
UNIVERSITAS GALUH CIAMIS,JAWA BARAT,4250000.0,B,Loc_8-Type_0
UNIVERSITAS GALUH CIAMIS,JAWA BARAT,4250000.0,B,Loc_8-Type_0
UNIVERSITAS GALUH CIAMIS,JAWA BARAT,4250000.0,B,Loc_8-Type_0
UNIVERSITAS GLOBAL JAKARTA,JAWA BARAT,22801250.0,BAIK,Loc_8-Type_2
UNIVERSITAS GLOBAL JAKARTA,JAWA BARAT,22801250.0,BAIK,Loc_8-Type_2
UNIVERSITAS GLOBAL JAKARTA,JAWA BARAT,22801250.0,BAIK,Loc_8-Type_2
UNIVERSITAS GLOBAL JAKARTA,JAWA BARAT,22801250.0,BAIK,Loc_8-Type_2
UNIVERSITAS GLOBAL JAKARTA,JAWA BARAT,22801250.0,BAIK,Loc_8-Type_2
UNIVERSITAS GLOBAL JAKARTA,JAWA BARAT,22801250.0,BAIK,Loc_8-Type_2
UNIVERSITAS GLOBAL JAKARTA,JAWA BARAT,22801250.0,BAIK,Loc_8-Type_2
UNIVERSITAS GLOBAL JAKARTA,JAWA BARAT,22801250.0,BAIK,Loc_8-Type_2
UNIVERSITAS GORONTALO,GORONTALO,13500000.0,B,Loc_0-Type_2
UNIVERSITAS GORONTALO,GORONTALO,13500000.0,B,Loc_0-Type_2
UNIVERSITAS GORONTALO,GORONTALO,13500000.0,B,Loc_0-Type_2
UNIVERSITAS GORONTALO,GORONTALO,13500000.0,B,Loc_0-Type_2
UNIVERSITAS GORONTALO,GORONTALO,13500000.0,B,Loc_0-Type_2
UNIVERSITAS GORONTALO,GORONTALO,13500000.0,B,Loc_0-Type_2
UNIVERSITAS GORONTALO,GORONTALO,13500000.0,B,Loc_0-Type_2
UNIVERSITAS GORONTALO,GORONTALO,13500000.0,B,Loc_0-Type_2
UNIVERSITAS GORONTALO,GORONTALO,13500000.0,B,Loc_0-Type_2
UNIVERSITAS GORONTALO,GORONTALO,13500000.0,B,Loc_0-Type_2
UNIVERSITAS GORONTALO,GORONTALO,13500000.0,B,Loc_0-Type_2
UNIVERSITAS GORONTALO,GORONTALO,13500000.0,B,Loc_0-Type_2
UNIVERSITAS GORONTALO,GORONTALO,13500000.0,B,Loc_0-Type_2
UNIVERSITAS GORONTALO,GORONTALO,13500000.0,B,Loc_0-Type_2
UNIVERSITAS GRAHA KARYA MUARA BULIAN,JAMBI,5300000.0,BAIK,Loc_0-Type_0
UNIVERSITAS GRAHA KARYA MUARA BULIAN,JAMBI,5300000.0,BAIK,Loc_0-Type_0
UNIVERSITAS GRAHA KARYA MUARA BULIAN,JAMBI,5300000.0,BAIK,Loc_0-Type_0
UNIVERSITAS GRAHA KARYA MUARA BULIAN,JAMBI,5300000.0,BAIK,Loc_0-Type_0
UNIVERSITAS GRAHA KARYA MUARA BULIAN,JAMBI,5300000.0,BAIK,Loc_0-Type_0
UNIVERSITAS GRAHA KARYA MUARA BULIAN,JAMBI,5300000.0,BAIK,Loc_0-Type_0
UNIVERSITAS GRAHA KARYA MUARA BULIAN,JAMBI,5300000.0,BAIK,Loc_0-Type_0
UNIVERSITAS GRAHA NUSANTARA,SUMATERA UTARA,2400000.0,B,Loc_0-Type_2
UNIVERSITAS GRAHA NUSANTARA,SUMATERA UTARA,2400000.0,B,Loc_0-Type_2
UNIVERSITAS GRAHA NUSANTARA,SUMATERA UTARA,2400000.0,B,Loc_0-Type_2
UNIVERSITAS GRAHA NUSANTARA,SUMATERA UTARA,2400000.0,B,Loc_0-Type_2
UNIVERSITAS GRAHA NUSANTARA,SUMATERA UTARA,2400000.0,B,Loc_0-Type_2
UNIVERSITAS GRAHA NUSANTARA,SUMATERA UTARA,2400000.0,B,Loc_0-Type_2
UNIVERSITAS GRAHA NUSANTARA,SUMATERA UTARA,2400000.0,B,Loc_0-Type_2
UNIVERSITAS GRAHA NUSANTARA,SUMATERA UTARA,2400000.0,B,Loc_0-Type_2
UNIVERSITAS GRAHA NUSANTARA,SUMATERA UTARA,2400000.0,B,Loc_0-Type_2
UNIVERSITAS GRAHA NUSANTARA,SUMATERA UTARA,2400000.0,B,Loc_0-Type_2
UNIVERSITAS GRAHA NUSANTARA,SUMATERA UTARA,2400000.0,B,Loc_0-Type_2
UNIVERSITAS GRAHA NUSANTARA,SUMATERA UTARA,2400000.0,B,Loc_0-Type_2
UNIVERSITAS GRAHA NUSANTARA,SUMATERA UTARA,2400000.0,B,Loc_0-Type_2
UNIVERSITAS GRAHA NUSANTARA,SUMATERA UTARA,2400000.0,B,Loc_0-Type_2
UNIVERSITAS GRESIK,JAWA TIMUR,17000000.0,BAIK SEKALI,Loc_5-Type_1
UNIVERSITAS GRESIK,JAWA TIMUR,17000000.0,BAIK SEKALI,Loc_5-Type_1
UNIVERSITAS GRESIK,JAWA TIMUR,17000000.0,BAIK SEKALI,Loc_5-Type_1
UNIVERSITAS GRESIK,JAWA TIMUR,17000000.0,BAIK SEKALI,Loc_5-Type_1
UNIVERSITAS GRESIK,JAWA TIMUR,17000000.0,BAIK SEKALI,Loc_5-Type_1
UNIVERSITAS GRESIK,JAWA TIMUR,17000000.0,BAIK SEKALI,Loc_5-Type_1
UNIVERSITAS GRESIK,JAWA TIMUR,17000000.0,BAIK SEKALI,Loc_5-Type_1
UNIVERSITAS GRESIK,JAWA TIMUR,17000000.0,BAIK SEKALI,Loc_5-Type_1
UNIVERSITAS GRESIK,JAWA TIMUR,17000000.0,BAIK SEKALI,Loc_5-Type_1
UNIVERSITAS GUNADARMA,JAWA BARAT,16100000.0,A,Loc_8-Type_2
UNIVERSITAS GUNADARMA,JAWA BARAT,16100000.0,A,Loc_8-Type_2
UNIVERSITAS GUNADARMA,JAWA BARAT,16100000.0,A,Loc_8-Type_2
UNIVERSITAS GUNADARMA,JAWA BARAT,16100000.0,A,Loc_8-Type_2
UNIVERSITAS GUNADARMA,JAWA BARAT,16100000.0,A,Loc_8-Type_2
UNIVERSITAS GUNADARMA,JAWA BARAT,16100000.0,A,Loc_8-Type_2
UNIVERSITAS GUNADARMA,JAWA BARAT,16100000.0,A,Loc_8-Type_2
UNIVERSITAS GUNADARMA,JAWA BARAT,16100000.0,A,Loc_8-Type_2
UNIVERSITAS GUNADARMA,JAWA BARAT,16100000.0,A,Loc_8-Type_2
UNIVERSITAS GUNADARMA,JAWA BARAT,16100000.0,A,Loc_8-Type_2
UNIVERSITAS GUNADARMA,JAWA BARAT,16100000.0,A,Loc_8-Type_2
UNIVERSITAS GUNADARMA,JAWA BARAT,16100000.0,A,Loc_8-Type_2
UNIVERSITAS GUNADARMA,JAWA BARAT,16100000.0,A,Loc_8-Type_2
UNIVERSITAS GUNADARMA,JAWA BARAT,16100000.0,A,Loc_8-Type_2
UNIVERSITAS GUNADARMA,JAWA BARAT,16100000.0,A,Loc_8-Type_2
UNIVERSITAS GUNADARMA,JAWA BARAT,16100000.0,A,Loc_8-Type_2
UNIVERSITAS GUNADARMA,JAWA BARAT,16100000.0,A,Loc_8-Type_2
UNIVERSITAS GUNADARMA,JAWA BARAT,16100000.0,A,Loc_8-Type_2
UNIVERSITAS GUNADARMA,JAWA BARAT,16100000.0,A,Loc_8-Type_2
UNIVERSITAS GUNADARMA,JAWA BARAT,16100000.0,A,Loc_8-Type_2
UNIVERSITAS GUNADARMA,JAWA BARAT,16100000.0,A,Loc_8-Type_2
UNIVERSITAS GUNADARMA,JAWA BARAT,16100000.0,A,Loc_8-Type_2
UNIVERSITAS GUNUNG KIDUL,D.I. YOGYAKARTA,5200000.0,BAIK,Loc_0-Type_0
UNIVERSITAS GUNUNG KIDUL,D.I. YOGYAKARTA,5200000.0,BAIK,Loc_0-Type_0
UNIVERSITAS GUNUNG KIDUL,D.I. YOGYAKARTA,5200000.0,BAIK,Loc_0-Type_0
UNIVERSITAS GUNUNG KIDUL,D.I. YOGYAKARTA,5200000.0,BAIK,Loc_0-Type_0
UNIVERSITAS GUNUNG KIDUL,D.I. YOGYAKARTA,5200000.0,BAIK,Loc_0-Type_0
UNIVERSITAS GUNUNG RINJANI,NUSA TENGGARA BARAT,4800000.0,BAIK,Loc_0-Type_0
UNIVERSITAS GUNUNG RINJANI,NUSA TENGGARA BARAT,4800000.0,BAIK,Loc_0-Type_0
UNIVERSITAS GUNUNG RINJANI,NUSA TENGGARA BARAT,4800000.0,BAIK,Loc_0-Type_0
UNIVERSITAS GUNUNG RINJANI,NUSA TENGGARA BARAT,4800000.0,BAIK,Loc_0-Type_0
UNIVERSITAS GUNUNG RINJANI,NUSA TENGGARA BARAT,4800000.0,BAIK,Loc_0-Type_0
UNIVERSITAS GUNUNG RINJANI,NUSA TENGGARA BARAT,4800000.0,BAIK,Loc_0-Type_0
UNIVERSITAS HAFSHAWATY ZAINUL HASAN,JAWA TIMUR,12900000.0,BAIK,Loc_5-Type_2
UNIVERSITAS HAFSHAWATY ZAINUL HASAN,JAWA TIMUR,12900000.0,BAIK,Loc_5-Type_2
UNIVERSITAS HAFSHAWATY ZAINUL HASAN,JAWA TIMUR,12900000.0,BAIK,Loc_5-Type_2
UNIVERSITAS HAFSHAWATY ZAINUL HASAN,JAWA TIMUR,12900000.0,BAIK,Loc_5-Type_2
UNIVERSITAS HAFSHAWATY ZAINUL HASAN,JAWA TIMUR,12900000.0,BAIK,Loc_5-Type_2
UNIVERSITAS HAJI SUMATERA UTARA,SUMATERA UTARA,6100000.0,BAIK SEKALI,Loc_0-Type_1
UNIVERSITAS HAJI SUMATERA UTARA,SUMATERA UTARA,6100000.0,BAIK SEKALI,Loc_0-Type_1
UNIVERSITAS HAJI SUMATERA UTARA,SUMATERA UTARA,6100000.0,BAIK SEKALI,Loc_0-Type_1
UNIVERSITAS HAJI SUMATERA UTARA,SUMATERA UTARA,6100000.0,BAIK SEKALI,Loc_0-Type_1
UNIVERSITAS HAJI SUMATERA UTARA,SUMATERA UTARA,6100000.0,BAIK SEKALI,Loc_0-Type_1
UNIVERSITAS HAJI SUMATERA UTARA,SUMATERA UTARA,6100000.0,BAIK SEKALI,Loc_0-Type_1
UNIVERSITAS HAJI SUMATERA UTARA,SUMATERA UTARA,6100000.0,BAIK SEKALI,Loc_0-Type_1
UNIVERSITAS HALIM SANUSI,JAWA BARAT,9516000.0,BAIK,Loc_8-Type_2
UNIVERSITAS HALIM SANUSI,JAWA BARAT,9516000.0,BAIK,Loc_8-Type_2
UNIVERSITAS HALIM SANUSI,JAWA BARAT,9516000.0,BAIK,Loc_8-Type_2
UNIVERSITAS HALIM SANUSI,JAWA BARAT,9516000.0,BAIK,Loc_8-Type_2
UNIVERSITAS HALIM SANUSI,JAWA BARAT,9516000.0,BAIK,Loc_8-Type_2
UNIVERSITAS HALIM SANUSI,JAWA BARAT,9516000.0,BAIK,Loc_8-Type_2
UNIVERSITAS HALIM SANUSI,JAWA BARAT,9516000.0,BAIK,Loc_8-Type_2
UNIVERSITAS HALIM SANUSI,JAWA BARAT,9516000.0,BAIK,Loc_8-Type_2
UNIVERSITAS HALMAHERA,MALUKU UTARA,15260000.0,BAIK SEKALI,Loc_0-Type_1
UNIVERSITAS HALMAHERA,MALUKU UTARA,15260000.0,BAIK SEKALI,Loc_0-Type_1
UNIVERSITAS HALMAHERA,MALUKU UTARA,15260000.0,BAIK SEKALI,Loc_0-Type_1
UNIVERSITAS HALMAHERA,MALUKU UTARA,15260000.0,BAIK SEKALI,Loc_0-Type_1
UNIVERSITAS HALMAHERA,MALUKU UTARA,15260000.0,BAIK SEKALI,Loc_0-Type_1
UNIVERSITAS HALMAHERA,MALUKU UTARA,15260000.0,BAIK SEKALI,Loc_0-Type_1
UNIVERSITAS HALMAHERA,MALUKU UTARA,15260000.0,BAIK SEKALI,Loc_0-Type_1
UNIVERSITAS HALMAHERA,MALUKU UTARA,15260000.0,BAIK SEKALI,Loc_0-Type_1
UNIVERSITAS HALMAHERA,MALUKU UTARA,15260000.0,BAIK SEKALI,Loc_0-Type_1
UNIVERSITAS HALMAHERA,MALUKU UTARA,15260000.0,BAIK SEKALI,Loc_0-Type_1
UNIVERSITAS HALMAHERA,MALUKU UTARA,15260000.0,BAIK SEKALI,Loc_0-Type_1
UNIVERSITAS HALMAHERA,MALUKU UTARA,15260000.0,BAIK SEKALI,Loc_0-Type_1
UNIVERSITAS HALMAHERA,MALUKU UTARA,15260000.0,BAIK SEKALI,Loc_0-Type_1
UNIVERSITAS HAMZANWADI,NUSA TENGGARA BARAT,46850000.0,B,Loc_0-Type_2
UNIVERSITAS HAMZANWADI,NUSA TENGGARA BARAT,46850000.0,B,Loc_0-Type_2
UNIVERSITAS HAMZANWADI,NUSA TENGGARA BARAT,46850000.0,B,Loc_0-Type_2
UNIVERSITAS HAMZANWADI,NUSA TENGGARA BARAT,46850000.0,B,Loc_0-Type_2
UNIVERSITAS HAMZANWADI,NUSA TENGGARA BARAT,46850000.0,B,Loc_0-Type_2
UNIVERSITAS HAMZANWADI,NUSA TENGGARA BARAT,46850000.0,B,Loc_0-Type_2
UNIVERSITAS HAMZANWADI,NUSA TENGGARA BARAT,46850000.0,B,Loc_0-Type_2
UNIVERSITAS HAMZANWADI,NUSA TENGGARA BARAT,46850000.0,B,Loc_0-Type_2
UNIVERSITAS HAMZANWADI,NUSA TENGGARA BARAT,46850000.0,B,Loc_0-Type_2
UNIVERSITAS HAMZANWADI,NUSA TENGGARA BARAT,46850000.0,B,Loc_0-Type_2
UNIVERSITAS HAMZANWADI,NUSA TENGGARA BARAT,46850000.0,B,Loc_0-Type_2
UNIVERSITAS HAMZANWADI,NUSA TENGGARA BARAT,46850000.0,B,Loc_0-Type_2
UNIVERSITAS HAMZANWADI,NUSA TENGGARA BARAT,46850000.0,B,Loc_0-Type_2
UNIVERSITAS HAMZANWADI,NUSA TENGGARA BARAT,46850000.0,B,Loc_0-Type_2
UNIVERSITAS HAMZANWADI,NUSA TENGGARA BARAT,46850000.0,B,Loc_0-Type_2
UNIVERSITAS HAMZANWADI,NUSA TENGGARA BARAT,46850000.0,B,Loc_0-Type_2
UNIVERSITAS HAMZANWADI,NUSA TENGGARA BARAT,46850000.0,B,Loc_0-Type_2
UNIVERSITAS HAMZANWADI,NUSA TENGGARA BARAT,46850000.0,B,Loc_0-Type_2
UNIVERSITAS HAMZANWADI,NUSA TENGGARA BARAT,46850000.0,B,Loc_0-Type_2
UNIVERSITAS HAMZANWADI,NUSA TENGGARA BARAT,46850000.0,B,Loc_0-Type_2
UNIVERSITAS HAMZANWADI,NUSA TENGGARA BARAT,46850000.0,B,Loc_0-Type_2
UNIVERSITAS HANDAYANI MAKASSAR,SULAWESI SELATAN,8700000.0,BAIK,Loc_3-Type_0
UNIVERSITAS HANDAYANI MAKASSAR,SULAWESI SELATAN,8700000.0,BAIK,Loc_3-Type_0
UNIVERSITAS HANDAYANI MAKASSAR,SULAWESI SELATAN,8700000.0,BAIK,Loc_3-Type_0
UNIVERSITAS HANDAYANI MAKASSAR,SULAWESI SELATAN,8700000.0,BAIK,Loc_3-Type_0
UNIVERSITAS HANDAYANI MAKASSAR,SULAWESI SELATAN,8700000.0,BAIK,Loc_3-Type_0
UNIVERSITAS HANG TUAH,JAWA TIMUR,146900000.0,B,Loc_5-Type_0
UNIVERSITAS HANG TUAH,JAWA TIMUR,146900000.0,B,Loc_5-Type_0
UNIVERSITAS HANG TUAH,JAWA TIMUR,146900000.0,B,Loc_5-Type_0
UNIVERSITAS HANG TUAH,JAWA TIMUR,146900000.0,B,Loc_5-Type_0
UNIVERSITAS HANG TUAH,JAWA TIMUR,146900000.0,B,Loc_5-Type_0
UNIVERSITAS HANG TUAH,JAWA TIMUR,146900000.0,B,Loc_5-Type_0
UNIVERSITAS HANG TUAH,JAWA TIMUR,146900000.0,B,Loc_5-Type_0
UNIVERSITAS HANG TUAH,JAWA TIMUR,146900000.0,B,Loc_5-Type_0
UNIVERSITAS HANG TUAH,JAWA TIMUR,146900000.0,B,Loc_5-Type_0
UNIVERSITAS HANG TUAH,JAWA TIMUR,146900000.0,B,Loc_5-Type_0
UNIVERSITAS HANG TUAH,JAWA TIMUR,146900000.0,B,Loc_5-Type_0
UNIVERSITAS HANG TUAH,JAWA TIMUR,146900000.0,B,Loc_5-Type_0
UNIVERSITAS HANG TUAH,JAWA TIMUR,146900000.0,B,Loc_5-Type_0
UNIVERSITAS HARAPAN MEDAN,SUMATERA UTARA,7000000.0,BAIK,Loc_0-Type_0
UNIVERSITAS HARAPAN MEDAN,SUMATERA UTARA,7000000.0,BAIK,Loc_0-Type_0
UNIVERSITAS HARAPAN MEDAN,SUMATERA UTARA,7000000.0,BAIK,Loc_0-Type_0
UNIVERSITAS HARAPAN MEDAN,SUMATERA UTARA,7000000.0,BAIK,Loc_0-Type_0
UNIVERSITAS HARAPAN MEDAN,SUMATERA UTARA,7000000.0,BAIK,Loc_0-Type_0
UNIVERSITAS HARAPAN MEDAN,SUMATERA UTARA,7000000.0,BAIK,Loc_0-Type_0
UNIVERSITAS HARAPAN MEDAN,SUMATERA UTARA,7000000.0,BAIK,Loc_0-Type_0
UNIVERSITAS HARAPAN MEDAN,SUMATERA UTARA,7000000.0,BAIK,Loc_0-Type_0
UNIVERSITAS HARAPAN MEDAN,SUMATERA UTARA,7000000.0,BAIK,Loc_0-Type_0
UNIVERSITAS HARAPAN MEDAN,SUMATERA UTARA,7000000.0,BAIK,Loc_0-Type_0
UNIVERSITAS HASYIM ASY'ARI TEBUIRENG JOMBANG,JAWA TIMUR,29750000.0,BAIK SEKALI,Loc_5-Type_1
UNIVERSITAS HASYIM ASY'ARI TEBUIRENG JOMBANG,JAWA TIMUR,29750000.0,BAIK SEKALI,Loc_5-Type_1
UNIVERSITAS HASYIM ASY'ARI TEBUIRENG JOMBANG,JAWA TIMUR,29750000.0,BAIK SEKALI,Loc_5-Type_1
UNIVERSITAS HASYIM ASY'ARI TEBUIRENG JOMBANG,JAWA TIMUR,29750000.0,BAIK SEKALI,Loc_5-Type_1
UNIVERSITAS HASYIM ASY'ARI TEBUIRENG JOMBANG,JAWA TIMUR,29750000.0,BAIK SEKALI,Loc_5-Type_1
UNIVERSITAS HASYIM ASY'ARI TEBUIRENG JOMBANG,JAWA TIMUR,29750000.0,BAIK SEKALI,Loc_5-Type_1
UNIVERSITAS HASYIM ASY'ARI TEBUIRENG JOMBANG,JAWA TIMUR,29750000.0,BAIK SEKALI,Loc_5-Type_1
UNIVERSITAS HASYIM ASY'ARI TEBUIRENG JOMBANG,JAWA TIMUR,29750000.0,BAIK SEKALI,Loc_5-Type_1
UNIVERSITAS HASYIM ASY'ARI TEBUIRENG JOMBANG,JAWA TIMUR,29750000.0,BAIK SEKALI,Loc_5-Type_1
UNIVERSITAS HASYIM ASY'ARI TEBUIRENG JOMBANG,JAWA TIMUR,29750000.0,BAIK SEKALI,Loc_5-Type_1
UNIVERSITAS HASYIM ASY'ARI TEBUIRENG JOMBANG,JAWA TIMUR,29750000.0,BAIK SEKALI,Loc_5-Type_1
UNIVERSITAS HASYIM ASY'ARI TEBUIRENG JOMBANG,JAWA TIMUR,29750000.0,BAIK SEKALI,Loc_5-Type_1
UNIVERSITAS HASYIM ASY'ARI TEBUIRENG JOMBANG,JAWA TIMUR,29750000.0,BAIK SEKALI,Loc_5-Type_1
UNIVERSITAS HAYAM WURUK PERBANAS,JAWA TIMUR,21310000.0,A,Loc_5-Type_1
UNIVERSITAS HAYAM WURUK PERBANAS,JAWA TIMUR,21310000.0,A,Loc_5-Type_1
UNIVERSITAS HAYAM WURUK PERBANAS,JAWA TIMUR,21310000.0,A,Loc_5-Type_1
UNIVERSITAS HAYAM WURUK PERBANAS,JAWA TIMUR,21310000.0,A,Loc_5-Type_1
UNIVERSITAS HAYAM WURUK PERBANAS,JAWA TIMUR,21310000.0,A,Loc_5-Type_1
UNIVERSITAS HAYAM WURUK PERBANAS,JAWA TIMUR,21310000.0,A,Loc_5-Type_1
UNIVERSITAS HAYAM WURUK PERBANAS,JAWA TIMUR,21310000.0,A,Loc_5-Type_1
UNIVERSITAS HINDU INDONESIA,BALI,142175000.0,B,Loc_0-Type_2
UNIVERSITAS HINDU INDONESIA,BALI,142175000.0,B,Loc_0-Type_2
UNIVERSITAS HINDU INDONESIA,BALI,142175000.0,B,Loc_0-Type_2
UNIVERSITAS HINDU INDONESIA,BALI,142175000.0,B,Loc_0-Type_2
UNIVERSITAS HINDU INDONESIA,BALI,142175000.0,B,Loc_0-Type_2
UNIVERSITAS HINDU INDONESIA,BALI,142175000.0,B,Loc_0-Type_2
UNIVERSITAS HKBP NOMMENSEN,SUMATERA UTARA,7000000.0,B,Loc_0-Type_2
UNIVERSITAS HKBP NOMMENSEN,SUMATERA UTARA,7000000.0,B,Loc_0-Type_2
UNIVERSITAS HKBP NOMMENSEN,SUMATERA UTARA,7000000.0,B,Loc_0-Type_2
UNIVERSITAS HKBP NOMMENSEN,SUMATERA UTARA,7000000.0,B,Loc_0-Type_2
UNIVERSITAS HKBP NOMMENSEN,SUMATERA UTARA,7000000.0,B,Loc_0-Type_2
UNIVERSITAS HKBP NOMMENSEN,SUMATERA UTARA,7000000.0,B,Loc_0-Type_2
UNIVERSITAS HKBP NOMMENSEN,SUMATERA UTARA,7000000.0,B,Loc_0-Type_2
UNIVERSITAS HKBP NOMMENSEN,SUMATERA UTARA,7000000.0,B,Loc_0-Type_2
UNIVERSITAS HKBP NOMMENSEN,SUMATERA UTARA,7000000.0,B,Loc_0-Type_2
UNIVERSITAS HKBP NOMMENSEN,SUMATERA UTARA,7000000.0,B,Loc_0-Type_2
UNIVERSITAS HKBP NOMMENSEN,SUMATERA UTARA,7000000.0,B,Loc_0-Type_2
UNIVERSITAS HKBP NOMMENSEN,SUMATERA UTARA,7000000.0,B,Loc_0-Type_2
UNIVERSITAS HKBP NOMMENSEN,SUMATERA UTARA,7000000.0,B,Loc_0-Type_2
UNIVERSITAS HKBP NOMMENSEN,SUMATERA UTARA,7000000.0,B,Loc_0-Type_2
UNIVERSITAS HKBP NOMMENSEN,SUMATERA UTARA,7000000.0,B,Loc_0-Type_2
UNIVERSITAS HKBP NOMMENSEN,SUMATERA UTARA,7000000.0,B,Loc_0-Type_2
UNIVERSITAS HKBP NOMMENSEN,SUMATERA UTARA,7000000.0,B,Loc_0-Type_2
UNIVERSITAS HKBP NOMMENSEN,SUMATERA UTARA,7000000.0,B,Loc_0-Type_2
UNIVERSITAS HKBP NOMMENSEN,SUMATERA UTARA,7000000.0,B,Loc_0-Type_2
UNIVERSITAS HKBP NOMMENSEN,SUMATERA UTARA,7000000.0,B,Loc_0-Type_2
UNIVERSITAS HKBP NOMMENSEN,SUMATERA UTARA,7000000.0,B,Loc_0-Type_2
UNIVERSITAS HKBP NOMMENSEN,SUMATERA UTARA,7000000.0,B,Loc_0-Type_2
UNIVERSITAS HKBP NOMMENSEN,SUMATERA UTARA,7000000.0,B,Loc_0-Type_2
UNIVERSITAS HKBP NOMMENSEN,SUMATERA UTARA,7000000.0,B,Loc_0-Type_2
UNIVERSITAS HKBP NOMMENSEN,SUMATERA UTARA,7000000.0,B,Loc_0-Type_2
UNIVERSITAS HKBP NOMMENSEN,SUMATERA UTARA,7000000.0,B,Loc_0-Type_2
UNIVERSITAS HKBP NOMMENSEN,SUMATERA UTARA,7000000.0,B,Loc_0-Type_2
UNIVERSITAS HKBP NOMMENSEN,SUMATERA UTARA,7000000.0,B,Loc_0-Type_2
UNIVERSITAS HKBP NOMMENSEN,SUMATERA UTARA,7000000.0,B,Loc_0-Type_2
UNIVERSITAS HKBP NOMMENSEN,SUMATERA UTARA,7000000.0,B,Loc_0-Type_2
UNIVERSITAS HKBP NOMMENSEN PEMATANGSIANTAR,SUMATERA UTARA,7800000.0,BAIK SEKALI,Loc_0-Type_1
UNIVERSITAS HKBP NOMMENSEN PEMATANGSIANTAR,SUMATERA UTARA,7800000.0,BAIK SEKALI,Loc_0-Type_1
UNIVERSITAS HKBP NOMMENSEN PEMATANGSIANTAR,SUMATERA UTARA,7800000.0,BAIK SEKALI,Loc_0-Type_1
UNIVERSITAS HKBP NOMMENSEN PEMATANGSIANTAR,SUMATERA UTARA,7800000.0,BAIK SEKALI,Loc_0-Type_1
UNIVERSITAS HKBP NOMMENSEN PEMATANGSIANTAR,SUMATERA UTARA,7800000.0,BAIK SEKALI,Loc_0-Type_1
UNIVERSITAS HKBP NOMMENSEN PEMATANGSIANTAR,SUMATERA UTARA,7800000.0,BAIK SEKALI,Loc_0-Type_1
UNIVERSITAS HKBP NOMMENSEN PEMATANGSIANTAR,SUMATERA UTARA,7800000.0,BAIK SEKALI,Loc_0-Type_1
UNIVERSITAS HKBP NOMMENSEN PEMATANGSIANTAR,SUMATERA UTARA,7800000.0,BAIK SEKALI,Loc_0-Type_1
UNIVERSITAS HKBP NOMMENSEN PEMATANGSIANTAR,SUMATERA UTARA,7800000.0,BAIK SEKALI,Loc_0-Type_1
UNIVERSITAS HKBP NOMMENSEN PEMATANGSIANTAR,SUMATERA UTARA,7800000.0,BAIK SEKALI,Loc_0-Type_1
UNIVERSITAS HORIZON INDONESIA,JAWA BARAT,21196000.0,BAIK,Loc_8-Type_2
UNIVERSITAS HORIZON INDONESIA,JAWA BARAT,21196000.0,BAIK,Loc_8-Type_2
UNIVERSITAS HORIZON INDONESIA,JAWA BARAT,21196000.0,BAIK,Loc_8-Type_2
UNIVERSITAS HORIZON INDONESIA,JAWA BARAT,21196000.0,BAIK,Loc_8-Type_2
UNIVERSITAS HORIZON INDONESIA,JAWA BARAT,21196000.0,BAIK,Loc_8-Type_2
UNIVERSITAS HORIZON INDONESIA,JAWA BARAT,21196000.0,BAIK,Loc_8-Type_2
UNIVERSITAS HORIZON INDONESIA,JAWA BARAT,21196000.0,BAIK,Loc_8-Type_2
UNIVERSITAS HORIZON INDONESIA,JAWA BARAT,21196000.0,BAIK,Loc_8-Type_2
UNIVERSITAS IBA,SUMATERA SELATAN,9181250.0,BAIK,Loc_0-Type_0
UNIVERSITAS IBA,SUMATERA SELATAN,9181250.0,BAIK,Loc_0-Type_0
UNIVERSITAS IBA,SUMATERA SELATAN,9181250.0,BAIK,Loc_0-Type_0
UNIVERSITAS IBA,SUMATERA SELATAN,9181250.0,BAIK,Loc_0-Type_0
UNIVERSITAS IBA,SUMATERA SELATAN,9181250.0,BAIK,Loc_0-Type_0
UNIVERSITAS IBA,SUMATERA SELATAN,9181250.0,BAIK,Loc_0-Type_0
UNIVERSITAS IBBI,SUMATERA UTARA,8925000.0,BAIK SEKALI,Loc_0-Type_1
UNIVERSITAS IBBI,SUMATERA UTARA,8925000.0,BAIK SEKALI,Loc_0-Type_1
UNIVERSITAS IBBI,SUMATERA UTARA,8925000.0,BAIK SEKALI,Loc_0-Type_1
UNIVERSITAS IBNU CHALDUN,D.K.I. JAKARTA,12600000.0,BAIK,Loc_4-Type_0
UNIVERSITAS IBNU CHALDUN,D.K.I. JAKARTA,12600000.0,BAIK,Loc_4-Type_0
UNIVERSITAS IBNU CHALDUN,D.K.I. JAKARTA,12600000.0,BAIK,Loc_4-Type_0
UNIVERSITAS IBNU CHALDUN,D.K.I. JAKARTA,12600000.0,BAIK,Loc_4-Type_0
UNIVERSITAS IBNU CHALDUN,D.K.I. JAKARTA,12600000.0,BAIK,Loc_4-Type_0
UNIVERSITAS IBNU CHALDUN,D.K.I. JAKARTA,12600000.0,BAIK,Loc_4-Type_0
UNIVERSITAS IBRAHIMY,JAWA TIMUR,21600000.0,B,Loc_5-Type_0
UNIVERSITAS IBRAHIMY,JAWA TIMUR,21600000.0,B,Loc_5-Type_0
UNIVERSITAS IBRAHIMY,JAWA TIMUR,21600000.0,B,Loc_5-Type_0
UNIVERSITAS IBRAHIMY,JAWA TIMUR,21600000.0,B,Loc_5-Type_0
UNIVERSITAS IBRAHIMY,JAWA TIMUR,21600000.0,B,Loc_5-Type_0
UNIVERSITAS IBRAHIMY,JAWA TIMUR,21600000.0,B,Loc_5-Type_0
UNIVERSITAS IBRAHIMY,JAWA TIMUR,21600000.0,B,Loc_5-Type_0
UNIVERSITAS IBRAHIMY,JAWA TIMUR,21600000.0,B,Loc_5-Type_0
UNIVERSITAS IBRAHIMY,JAWA TIMUR,21600000.0,B,Loc_5-Type_0
UNIVERSITAS IBRAHIMY,JAWA TIMUR,21600000.0,B,Loc_5-Type_0
UNIVERSITAS ICHSAN GORONTALO,GORONTALO,7250000.0,B,Loc_0-Type_2
UNIVERSITAS ICHSAN GORONTALO,GORONTALO,7250000.0,B,Loc_0-Type_2
UNIVERSITAS ICHSAN GORONTALO,GORONTALO,7250000.0,B,Loc_0-Type_2
UNIVERSITAS ICHSAN GORONTALO,GORONTALO,7250000.0,B,Loc_0-Type_2
UNIVERSITAS ICHSAN GORONTALO,GORONTALO,7250000.0,B,Loc_0-Type_2
UNIVERSITAS ICHSAN GORONTALO,GORONTALO,7250000.0,B,Loc_0-Type_2
UNIVERSITAS ICHSAN GORONTALO,GORONTALO,7250000.0,B,Loc_0-Type_2
UNIVERSITAS ICHSAN GORONTALO,GORONTALO,7250000.0,B,Loc_0-Type_2
UNIVERSITAS ICHSAN GORONTALO,GORONTALO,7250000.0,B,Loc_0-Type_2
UNIVERSITAS ICHSAN GORONTALO,GORONTALO,7250000.0,B,Loc_0-Type_2
UNIVERSITAS ICHSAN GORONTALO,GORONTALO,7250000.0,B,Loc_0-Type_2
UNIVERSITAS ICHSAN GORONTALO,GORONTALO,7250000.0,B,Loc_0-Type_2
UNIVERSITAS ICHSAN GORONTALO,GORONTALO,7250000.0,B,Loc_0-Type_2
UNIVERSITAS ICHSAN SATYA,BANTEN,6515000.0,BAIK,Loc_0-Type_0
UNIVERSITAS ICHSAN SATYA,BANTEN,6515000.0,BAIK,Loc_0-Type_0
UNIVERSITAS ICHSAN SATYA,BANTEN,6515000.0,BAIK,Loc_0-Type_0
UNIVERSITAS ICHSAN SIDENRENG RAPPANG,SULAWESI SELATAN,8000000.0,BAIK,Loc_3-Type_0
UNIVERSITAS ICHSAN SIDENRENG RAPPANG,SULAWESI SELATAN,8000000.0,BAIK,Loc_3-Type_0
UNIVERSITAS ICHSAN SIDENRENG RAPPANG,SULAWESI SELATAN,8000000.0,BAIK,Loc_3-Type_0
UNIVERSITAS ICHSAN SIDENRENG RAPPANG,SULAWESI SELATAN,8000000.0,BAIK,Loc_3-Type_0
UNIVERSITAS ICHSAN SIDENRENG RAPPANG,SULAWESI SELATAN,8000000.0,BAIK,Loc_3-Type_0
UNIVERSITAS ICHSAN SIDENRENG RAPPANG,SULAWESI SELATAN,8000000.0,BAIK,Loc_3-Type_0
UNIVERSITAS ICHSAN SIDENRENG RAPPANG,SULAWESI SELATAN,8000000.0,BAIK,Loc_3-Type_0
UNIVERSITAS ICHSAN SIDENRENG RAPPANG,SULAWESI SELATAN,8000000.0,BAIK,Loc_3-Type_0
UNIVERSITAS ICHSAN SIDENRENG RAPPANG,SULAWESI SELATAN,8000000.0,BAIK,Loc_3-Type_0
UNIVERSITAS IMELDA MEDAN,SUMATERA UTARA,14500000.0,BAIK SEKALI,Loc_0-Type_1
UNIVERSITAS IMELDA MEDAN,SUMATERA UTARA,14500000.0,BAIK SEKALI,Loc_0-Type_1
UNIVERSITAS IMELDA MEDAN,SUMATERA UTARA,14500000.0,BAIK SEKALI,Loc_0-Type_1
UNIVERSITAS IMELDA MEDAN,SUMATERA UTARA,14500000.0,BAIK SEKALI,Loc_0-Type_1
UNIVERSITAS INDO GLOBAL MANDIRI,SUMATERA SELATAN,55000000.0,TERAKREDITASI,Loc_0-Type_2
UNIVERSITAS INDO GLOBAL MANDIRI,SUMATERA SELATAN,55000000.0,TERAKREDITASI,Loc_0-Type_2
UNIVERSITAS INDO GLOBAL MANDIRI,SUMATERA SELATAN,55000000.0,TERAKREDITASI,Loc_0-Type_2
UNIVERSITAS INDO GLOBAL MANDIRI,SUMATERA SELATAN,55000000.0,TERAKREDITASI,Loc_0-Type_2
UNIVERSITAS INDO GLOBAL MANDIRI,SUMATERA SELATAN,55000000.0,TERAKREDITASI,Loc_0-Type_2
UNIVERSITAS INDO GLOBAL MANDIRI,SUMATERA SELATAN,55000000.0,TERAKREDITASI,Loc_0-Type_2
UNIVERSITAS INDO GLOBAL MANDIRI,SUMATERA SELATAN,55000000.0,TERAKREDITASI,Loc_0-Type_2
UNIVERSITAS INDO GLOBAL MANDIRI,SUMATERA SELATAN,55000000.0,TERAKREDITASI,Loc_0-Type_2
UNIVERSITAS INDO GLOBAL MANDIRI,SUMATERA SELATAN,55000000.0,TERAKREDITASI,Loc_0-Type_2
UNIVERSITAS INDO GLOBAL MANDIRI,SUMATERA SELATAN,55000000.0,TERAKREDITASI,Loc_0-Type_2
UNIVERSITAS INDO GLOBAL MANDIRI,SUMATERA SELATAN,55000000.0,TERAKREDITASI,Loc_0-Type_2
UNIVERSITAS INDO GLOBAL MANDIRI,SUMATERA SELATAN,55000000.0,TERAKREDITASI,Loc_0-Type_2
UNIVERSITAS INDO GLOBAL MANDIRI,SUMATERA SELATAN,55000000.0,TERAKREDITASI,Loc_0-Type_2
UNIVERSITAS INDO GLOBAL MANDIRI,SUMATERA SELATAN,55000000.0,TERAKREDITASI,Loc_0-Type_2
UNIVERSITAS INDONESIA MAJU,D.K.I. JAKARTA,12000000.0,BAIK,Loc_4-Type_0
UNIVERSITAS INDONESIA MAJU,D.K.I. JAKARTA,12000000.0,BAIK,Loc_4-Type_0
UNIVERSITAS INDONESIA MAJU,D.K.I. JAKARTA,12000000.0,BAIK,Loc_4-Type_0
UNIVERSITAS INDONESIA MAJU,D.K.I. JAKARTA,12000000.0,BAIK,Loc_4-Type_0
UNIVERSITAS INDONESIA MAJU,D.K.I. JAKARTA,12000000.0,BAIK,Loc_4-Type_0
UNIVERSITAS INDONESIA MAJU,D.K.I. JAKARTA,12000000.0,BAIK,Loc_4-Type_0
UNIVERSITAS INDONESIA MAJU,D.K.I. JAKARTA,12000000.0,BAIK,Loc_4-Type_0
UNIVERSITAS INDONESIA MAJU,D.K.I. JAKARTA,12000000.0,BAIK,Loc_4-Type_0
UNIVERSITAS INDONESIA MAJU,D.K.I. JAKARTA,12000000.0,BAIK,Loc_4-Type_0
UNIVERSITAS INDONESIA MAJU,D.K.I. JAKARTA,12000000.0,BAIK,Loc_4-Type_0
UNIVERSITAS INDONESIA MANDIRI,LAMPUNG,4800000.0,BAIK,Loc_1-Type_0
UNIVERSITAS INDONESIA MANDIRI,LAMPUNG,4800000.0,BAIK,Loc_1-Type_0
UNIVERSITAS INDONESIA MANDIRI,LAMPUNG,4800000.0,BAIK,Loc_1-Type_0
UNIVERSITAS INDONESIA MANDIRI,LAMPUNG,4800000.0,BAIK,Loc_1-Type_0
UNIVERSITAS INDONESIA MANDIRI,LAMPUNG,4800000.0,BAIK,Loc_1-Type_0
UNIVERSITAS INDONESIA MANDIRI,LAMPUNG,4800000.0,BAIK,Loc_1-Type_0
UNIVERSITAS INDONESIA MEMBANGUN,JAWA BARAT,11200000.0,B,Loc_8-Type_0
UNIVERSITAS INDONESIA MEMBANGUN,JAWA BARAT,11200000.0,B,Loc_8-Type_0
UNIVERSITAS INDONESIA MEMBANGUN,JAWA BARAT,11200000.0,B,Loc_8-Type_0
UNIVERSITAS INDONESIA MEMBANGUN,JAWA BARAT,11200000.0,B,Loc_8-Type_0
UNIVERSITAS INDONESIA MEMBANGUN,JAWA BARAT,11200000.0,B,Loc_8-Type_0
UNIVERSITAS INDONESIA MEMBANGUN,JAWA BARAT,11200000.0,B,Loc_8-Type_0
UNIVERSITAS INDONESIA TIMUR,SULAWESI SELATAN,21700000.0,BAIK SEKALI,Loc_3-Type_2
UNIVERSITAS INDONESIA TIMUR,SULAWESI SELATAN,21700000.0,BAIK SEKALI,Loc_3-Type_2
UNIVERSITAS INDONESIA TIMUR,SULAWESI SELATAN,21700000.0,BAIK SEKALI,Loc_3-Type_2
UNIVERSITAS INDONESIA TIMUR,SULAWESI SELATAN,21700000.0,BAIK SEKALI,Loc_3-Type_2
UNIVERSITAS INDONESIA TIMUR,SULAWESI SELATAN,21700000.0,BAIK SEKALI,Loc_3-Type_2
UNIVERSITAS INDONESIA TIMUR,SULAWESI SELATAN,21700000.0,BAIK SEKALI,Loc_3-Type_2
UNIVERSITAS INDONESIA TIMUR,SULAWESI SELATAN,21700000.0,BAIK SEKALI,Loc_3-Type_2
UNIVERSITAS INDONESIA TIMUR,SULAWESI SELATAN,21700000.0,BAIK SEKALI,Loc_3-Type_2
UNIVERSITAS INDONESIA TIMUR,SULAWESI SELATAN,21700000.0,BAIK SEKALI,Loc_3-Type_2
UNIVERSITAS INDONESIA TIMUR,SULAWESI SELATAN,21700000.0,BAIK SEKALI,Loc_3-Type_2
UNIVERSITAS INDONESIA TIMUR,SULAWESI SELATAN,21700000.0,BAIK SEKALI,Loc_3-Type_2
UNIVERSITAS INDONESIA TIMUR,SULAWESI SELATAN,21700000.0,BAIK SEKALI,Loc_3-Type_2
UNIVERSITAS INDONESIA TIMUR,SULAWESI SELATAN,21700000.0,BAIK SEKALI,Loc_3-Type_2
UNIVERSITAS INDONESIA TIMUR,SULAWESI SELATAN,21700000.0,BAIK SEKALI,Loc_3-Type_2
UNIVERSITAS INDONESIA TIMUR,SULAWESI SELATAN,21700000.0,BAIK SEKALI,Loc_3-Type_2
UNIVERSITAS INDONESIA TIMUR,SULAWESI SELATAN,21700000.0,BAIK SEKALI,Loc_3-Type_2
UNIVERSITAS INDRAPRASTA PGRI,D.K.I. JAKARTA,9150000.0,B,Loc_4-Type_1
UNIVERSITAS INDRAPRASTA PGRI,D.K.I. JAKARTA,9150000.0,B,Loc_4-Type_1
UNIVERSITAS INDRAPRASTA PGRI,D.K.I. JAKARTA,9150000.0,B,Loc_4-Type_1
UNIVERSITAS INDRAPRASTA PGRI,D.K.I. JAKARTA,9150000.0,B,Loc_4-Type_1
UNIVERSITAS INDRAPRASTA PGRI,D.K.I. JAKARTA,9150000.0,B,Loc_4-Type_1
UNIVERSITAS INDRAPRASTA PGRI,D.K.I. JAKARTA,9150000.0,B,Loc_4-Type_1
UNIVERSITAS INDRAPRASTA PGRI,D.K.I. JAKARTA,9150000.0,B,Loc_4-Type_1
UNIVERSITAS INDRAPRASTA PGRI,D.K.I. JAKARTA,9150000.0,B,Loc_4-Type_1
UNIVERSITAS INDRAPRASTA PGRI,D.K.I. JAKARTA,9150000.0,B,Loc_4-Type_1
UNIVERSITAS INDRAPRASTA PGRI,D.K.I. JAKARTA,9150000.0,B,Loc_4-Type_1
UNIVERSITAS INDRAPRASTA PGRI,D.K.I. JAKARTA,9150000.0,B,Loc_4-Type_1
UNIVERSITAS INDRAPRASTA PGRI,D.K.I. JAKARTA,9150000.0,B,Loc_4-Type_1
UNIVERSITAS INDRAPRASTA PGRI,D.K.I. JAKARTA,9150000.0,B,Loc_4-Type_1
UNIVERSITAS INDRAPRASTA PGRI,D.K.I. JAKARTA,9150000.0,B,Loc_4-Type_1
UNIVERSITAS INDRAPRASTA PGRI,D.K.I. JAKARTA,9150000.0,B,Loc_4-Type_1
UNIVERSITAS INDRAPRASTA PGRI,D.K.I. JAKARTA,9150000.0,B,Loc_4-Type_1
UNIVERSITAS INFORMATIKA DAN BISNIS INDONESIA,JAWA BARAT,9700000.0,BAIK SEKALI,Loc_8-Type_1
UNIVERSITAS INFORMATIKA DAN BISNIS INDONESIA,JAWA BARAT,9700000.0,BAIK SEKALI,Loc_8-Type_1
UNIVERSITAS INFORMATIKA DAN BISNIS INDONESIA,JAWA BARAT,9700000.0,BAIK SEKALI,Loc_8-Type_1
UNIVERSITAS INFORMATIKA DAN BISNIS INDONESIA,JAWA BARAT,9700000.0,BAIK SEKALI,Loc_8-Type_1
UNIVERSITAS INFORMATIKA DAN BISNIS INDONESIA,JAWA BARAT,9700000.0,BAIK SEKALI,Loc_8-Type_1
UNIVERSITAS INFORMATIKA DAN BISNIS INDONESIA,JAWA BARAT,9700000.0,BAIK SEKALI,Loc_8-Type_1
UNIVERSITAS INFORMATIKA DAN BISNIS INDONESIA,JAWA BARAT,9700000.0,BAIK SEKALI,Loc_8-Type_1
UNIVERSITAS INSAN CENDEKIA MANDIRI,JAWA BARAT,3700000.0,BAIK,Loc_8-Type_2
UNIVERSITAS INSAN CENDEKIA MANDIRI,JAWA BARAT,3700000.0,BAIK,Loc_8-Type_2
UNIVERSITAS INSAN CENDEKIA MANDIRI,JAWA BARAT,3700000.0,BAIK,Loc_8-Type_2
UNIVERSITAS INSAN CENDEKIA MANDIRI,JAWA BARAT,3700000.0,BAIK,Loc_8-Type_2
UNIVERSITAS INSAN CENDEKIA MANDIRI,JAWA BARAT,3700000.0,BAIK,Loc_8-Type_2
UNIVERSITAS INSAN CENDEKIA MANDIRI,JAWA BARAT,3700000.0,BAIK,Loc_8-Type_2
UNIVERSITAS INSAN CENDEKIA MANDIRI,JAWA BARAT,3700000.0,BAIK,Loc_8-Type_2
UNIVERSITAS INSAN CENDEKIA MANDIRI,JAWA BARAT,3700000.0,BAIK,Loc_8-Type_2
UNIVERSITAS INSAN PEMBANGUNAN INDONESIA,BANTEN,12255000.0,BAIK,Loc_0-Type_0
UNIVERSITAS INSAN PEMBANGUNAN INDONESIA,BANTEN,12255000.0,BAIK,Loc_0-Type_0
UNIVERSITAS INSAN PEMBANGUNAN INDONESIA,BANTEN,12255000.0,BAIK,Loc_0-Type_0
UNIVERSITAS INSAN PEMBANGUNAN INDONESIA,BANTEN,12255000.0,BAIK,Loc_0-Type_0
UNIVERSITAS INSAN PEMBANGUNAN INDONESIA,BANTEN,12255000.0,BAIK,Loc_0-Type_0
UNIVERSITAS INTERNASIONAL JAKARTA,JAWA BARAT,25000000.0,BAIK,Loc_8-Type_2
UNIVERSITAS INTERNASIONAL JAKARTA,JAWA BARAT,25000000.0,BAIK,Loc_8-Type_2
UNIVERSITAS INTERNASIONAL JAKARTA,JAWA BARAT,25000000.0,BAIK,Loc_8-Type_2
UNIVERSITAS INTERNASIONAL JAKARTA,JAWA BARAT,25000000.0,BAIK,Loc_8-Type_2
UNIVERSITAS INTERNASIONAL JAKARTA,JAWA BARAT,25000000.0,BAIK,Loc_8-Type_2
UNIVERSITAS INTERNASIONAL JAKARTA,JAWA BARAT,25000000.0,BAIK,Loc_8-Type_2
UNIVERSITAS INTERNASIONAL PAPUA,PAPUA,8400000.0,BAIK,Loc_9-Type_2
UNIVERSITAS INTERNASIONAL PAPUA,PAPUA,8400000.0,BAIK,Loc_9-Type_2
UNIVERSITAS INTERNASIONAL SEMEN INDONESIA,JAWA TIMUR,14000000.0,BAIK SEKALI,Loc_5-Type_1
UNIVERSITAS INTERNASIONAL SEMEN INDONESIA,JAWA TIMUR,14000000.0,BAIK SEKALI,Loc_5-Type_1
UNIVERSITAS INTERNASIONAL SEMEN INDONESIA,JAWA TIMUR,14000000.0,BAIK SEKALI,Loc_5-Type_1
UNIVERSITAS INTERNASIONAL SEMEN INDONESIA,JAWA TIMUR,14000000.0,BAIK SEKALI,Loc_5-Type_1
UNIVERSITAS INTERNASIONAL SEMEN INDONESIA,JAWA TIMUR,14000000.0,BAIK SEKALI,Loc_5-Type_1
UNIVERSITAS INTERNASIONAL SEMEN INDONESIA,JAWA TIMUR,14000000.0,BAIK SEKALI,Loc_5-Type_1
UNIVERSITAS INTERNASIONAL SEMEN INDONESIA,JAWA TIMUR,14000000.0,BAIK SEKALI,Loc_5-Type_1
UNIVERSITAS INTERNASIONAL SEMEN INDONESIA,JAWA TIMUR,14000000.0,BAIK SEKALI,Loc_5-Type_1
UNIVERSITAS INTERNASIONAL SEMEN INDONESIA,JAWA TIMUR,14000000.0,BAIK SEKALI,Loc_5-Type_1
UNIVERSITAS INTERNASIONAL SEMEN INDONESIA,JAWA TIMUR,14000000.0,BAIK SEKALI,Loc_5-Type_1
UNIVERSITAS INTERNASIONAL SEMEN INDONESIA,JAWA TIMUR,14000000.0,BAIK SEKALI,Loc_5-Type_1
UNIVERSITAS IPWIJA,JAWA BARAT,32200000.0,B,Loc_8-Type_0
UNIVERSITAS IPWIJA,JAWA BARAT,32200000.0,B,Loc_8-Type_0
UNIVERSITAS IPWIJA,JAWA BARAT,32200000.0,B,Loc_8-Type_0
UNIVERSITAS IPWIJA,JAWA BARAT,32200000.0,B,Loc_8-Type_0
UNIVERSITAS IPWIJA,JAWA BARAT,32200000.0,B,Loc_8-Type_0
UNIVERSITAS IQRA BURU,MALUKU,4650000.0,BAIK,Loc_0-Type_0
UNIVERSITAS IQRA BURU,MALUKU,4650000.0,BAIK,Loc_0-Type_0
UNIVERSITAS IQRA BURU,MALUKU,4650000.0,BAIK,Loc_0-Type_0
UNIVERSITAS IQRA BURU,MALUKU,4650000.0,BAIK,Loc_0-Type_0
UNIVERSITAS IQRA BURU,MALUKU,4650000.0,BAIK,Loc_0-Type_0
UNIVERSITAS IQRA BURU,MALUKU,4650000.0,BAIK,Loc_0-Type_0
UNIVERSITAS IQRA BURU,MALUKU,4650000.0,BAIK,Loc_0-Type_0
UNIVERSITAS IQRA BURU,MALUKU,4650000.0,BAIK,Loc_0-Type_0
UNIVERSITAS IQRA BURU,MALUKU,4650000.0,BAIK,Loc_0-Type_0
UNIVERSITAS IQRA BURU,MALUKU,4650000.0,BAIK,Loc_0-Type_0
UNIVERSITAS IQRA BURU,MALUKU,4650000.0,BAIK,Loc_0-Type_0
UNIVERSITAS IQRA BURU,MALUKU,4650000.0,BAIK,Loc_0-Type_0
UNIVERSITAS IQRA BURU,MALUKU,4650000.0,BAIK,Loc_0-Type_0
UNIVERSITAS ISKANDAR MUDA,ACEH,6000000.0,BAIK,Loc_0-Type_0
UNIVERSITAS ISKANDAR MUDA,ACEH,6000000.0,BAIK,Loc_0-Type_0
UNIVERSITAS ISKANDAR MUDA,ACEH,6000000.0,BAIK,Loc_0-Type_0
UNIVERSITAS ISKANDAR MUDA,ACEH,6000000.0,BAIK,Loc_0-Type_0
UNIVERSITAS ISKANDAR MUDA,ACEH,6000000.0,BAIK,Loc_0-Type_0
UNIVERSITAS ISKANDAR MUDA,ACEH,6000000.0,BAIK,Loc_0-Type_0
UNIVERSITAS ISKANDAR MUDA,ACEH,6000000.0,BAIK,Loc_0-Type_0
UNIVERSITAS ISKANDAR MUDA,ACEH,6000000.0,BAIK,Loc_0-Type_0
UNIVERSITAS ISKANDAR MUDA,ACEH,6000000.0,BAIK,Loc_0-Type_0
UNIVERSITAS ISLAM 45,JAWA BARAT,14527000.0,B,Loc_8-Type_0
UNIVERSITAS ISLAM 45,JAWA BARAT,14527000.0,B,Loc_8-Type_0
UNIVERSITAS ISLAM 45,JAWA BARAT,14527000.0,B,Loc_8-Type_0
UNIVERSITAS ISLAM 45,JAWA BARAT,14527000.0,B,Loc_8-Type_0
UNIVERSITAS ISLAM 45,JAWA BARAT,14527000.0,B,Loc_8-Type_0
UNIVERSITAS ISLAM 45,JAWA BARAT,14527000.0,B,Loc_8-Type_0
UNIVERSITAS ISLAM 45,JAWA BARAT,14527000.0,B,Loc_8-Type_0
UNIVERSITAS ISLAM 45,JAWA BARAT,14527000.0,B,Loc_8-Type_0
UNIVERSITAS ISLAM 45,JAWA BARAT,14527000.0,B,Loc_8-Type_0
UNIVERSITAS ISLAM 45,JAWA BARAT,14527000.0,B,Loc_8-Type_0
UNIVERSITAS ISLAM 45,JAWA BARAT,14527000.0,B,Loc_8-Type_0
UNIVERSITAS ISLAM 45,JAWA BARAT,14527000.0,B,Loc_8-Type_0
UNIVERSITAS ISLAM 45,JAWA BARAT,14527000.0,B,Loc_8-Type_0
UNIVERSITAS ISLAM 45,JAWA BARAT,14527000.0,B,Loc_8-Type_0
UNIVERSITAS ISLAM 45,JAWA BARAT,14527000.0,B,Loc_8-Type_0
UNIVERSITAS ISLAM 45 BEKASI,JAWA BARAT,12000000.0,B,Loc_8-Type_0
UNIVERSITAS ISLAM 45 BEKASI,JAWA BARAT,12000000.0,B,Loc_8-Type_0
UNIVERSITAS ISLAM 45 BEKASI,JAWA BARAT,12000000.0,B,Loc_8-Type_0
UNIVERSITAS ISLAM 45 BEKASI,JAWA BARAT,12000000.0,B,Loc_8-Type_0
UNIVERSITAS ISLAM 45 BEKASI,JAWA BARAT,12000000.0,B,Loc_8-Type_0
UNIVERSITAS ISLAM 45 BEKASI,JAWA BARAT,12000000.0,B,Loc_8-Type_0
UNIVERSITAS ISLAM 45 BEKASI,JAWA BARAT,12000000.0,B,Loc_8-Type_0
UNIVERSITAS ISLAM 45 BEKASI,JAWA BARAT,12000000.0,B,Loc_8-Type_0
UNIVERSITAS ISLAM 45 BEKASI,JAWA BARAT,12000000.0,B,Loc_8-Type_0
UNIVERSITAS ISLAM 45 BEKASI,JAWA BARAT,12000000.0,B,Loc_8-Type_0
UNIVERSITAS ISLAM 45 BEKASI,JAWA BARAT,12000000.0,B,Loc_8-Type_0
UNIVERSITAS ISLAM 45 BEKASI,JAWA BARAT,12000000.0,B,Loc_8-Type_0
UNIVERSITAS ISLAM 45 BEKASI,JAWA BARAT,12000000.0,B,Loc_8-Type_0
UNIVERSITAS ISLAM 45 BEKASI,JAWA BARAT,12000000.0,B,Loc_8-Type_0
UNIVERSITAS ISLAM 45 BEKASI,JAWA BARAT,12000000.0,B,Loc_8-Type_0
UNIVERSITAS ISLAM 45 BEKASI,JAWA BARAT,12000000.0,B,Loc_8-Type_0
UNIVERSITAS ISLAM 45 BEKASI,JAWA BARAT,12000000.0,B,Loc_8-Type_0
UNIVERSITAS ISLAM 45 BEKASI,JAWA BARAT,12000000.0,B,Loc_8-Type_0
UNIVERSITAS ISLAM AL-AZHAR,NUSA TENGGARA BARAT,115100000.0,BAIK SEKALI,Loc_0-Type_1
UNIVERSITAS ISLAM AL-AZHAR,NUSA TENGGARA BARAT,115100000.0,BAIK SEKALI,Loc_0-Type_1
UNIVERSITAS ISLAM AL-AZHAR,NUSA TENGGARA BARAT,115100000.0,BAIK SEKALI,Loc_0-Type_1
UNIVERSITAS ISLAM AL-AZHAR,NUSA TENGGARA BARAT,115100000.0,BAIK SEKALI,Loc_0-Type_1
UNIVERSITAS ISLAM AL-AZHAR,NUSA TENGGARA BARAT,115100000.0,BAIK SEKALI,Loc_0-Type_1
UNIVERSITAS ISLAM AL-AZHAR,NUSA TENGGARA BARAT,115100000.0,BAIK SEKALI,Loc_0-Type_1
UNIVERSITAS ISLAM AL-AZHAR,NUSA TENGGARA BARAT,115100000.0,BAIK SEKALI,Loc_0-Type_1
UNIVERSITAS ISLAM AL-AZHAR,NUSA TENGGARA BARAT,115100000.0,BAIK SEKALI,Loc_0-Type_1
UNIVERSITAS ISLAM AL-IHYA KUNINGAN,JAWA BARAT,26118000.0,BAIK,Loc_8-Type_2
UNIVERSITAS ISLAM AL-IHYA KUNINGAN,JAWA BARAT,26118000.0,BAIK,Loc_8-Type_2
UNIVERSITAS ISLAM AL-IHYA KUNINGAN,JAWA BARAT,26118000.0,BAIK,Loc_8-Type_2
UNIVERSITAS ISLAM AL-IHYA KUNINGAN,JAWA BARAT,26118000.0,BAIK,Loc_8-Type_2
UNIVERSITAS ISLAM AL-IHYA KUNINGAN,JAWA BARAT,26118000.0,BAIK,Loc_8-Type_2
UNIVERSITAS ISLAM AL-IHYA KUNINGAN,JAWA BARAT,26118000.0,BAIK,Loc_8-Type_2
UNIVERSITAS ISLAM AL-IHYA KUNINGAN,JAWA BARAT,26118000.0,BAIK,Loc_8-Type_2
UNIVERSITAS ISLAM AL-IHYA KUNINGAN,JAWA BARAT,26118000.0,BAIK,Loc_8-Type_2
UNIVERSITAS ISLAM AS,DKI JAKARTA,5850000.0,C,Loc_0-Type_0
UNIVERSITAS ISLAM AS,DKI JAKARTA,5850000.0,C,Loc_0-Type_0
UNIVERSITAS ISLAM AS,DKI JAKARTA,5850000.0,C,Loc_0-Type_0
UNIVERSITAS ISLAM AS,DKI JAKARTA,5850000.0,C,Loc_0-Type_0
UNIVERSITAS ISLAM AS,DKI JAKARTA,5850000.0,C,Loc_0-Type_0
UNIVERSITAS ISLAM AS,DKI JAKARTA,5850000.0,C,Loc_0-Type_0
UNIVERSITAS ISLAM AS,DKI JAKARTA,5850000.0,C,Loc_0-Type_0
UNIVERSITAS ISLAM AS,DKI JAKARTA,5850000.0,C,Loc_0-Type_0
UNIVERSITAS ISLAM AS,DKI JAKARTA,5850000.0,C,Loc_0-Type_0
UNIVERSITAS ISLAM AS,DKI JAKARTA,5850000.0,C,Loc_0-Type_0
UNIVERSITAS ISLAM AS-SYAFIIYAH,JAWA BARAT,8812500.0,BAIK SEKALI,Loc_8-Type_1
UNIVERSITAS ISLAM AS-SYAFIIYAH,JAWA BARAT,8812500.0,BAIK SEKALI,Loc_8-Type_1
UNIVERSITAS ISLAM AS-SYAFIIYAH,JAWA BARAT,8812500.0,BAIK SEKALI,Loc_8-Type_1
UNIVERSITAS ISLAM AS-SYAFIIYAH,JAWA BARAT,8812500.0,BAIK SEKALI,Loc_8-Type_1
UNIVERSITAS ISLAM AS-SYAFIIYAH,JAWA BARAT,8812500.0,BAIK SEKALI,Loc_8-Type_1
UNIVERSITAS ISLAM AS-SYAFIIYAH,JAWA BARAT,8812500.0,BAIK SEKALI,Loc_8-Type_1
UNIVERSITAS ISLAM AS-SYAFIIYAH,JAWA BARAT,8812500.0,BAIK SEKALI,Loc_8-Type_1
UNIVERSITAS ISLAM BALITAR,JAWA TIMUR,15375000.0,B,Loc_5-Type_0
UNIVERSITAS ISLAM BALITAR,JAWA TIMUR,15375000.0,B,Loc_5-Type_0
UNIVERSITAS ISLAM BALITAR,JAWA TIMUR,15375000.0,B,Loc_5-Type_0
UNIVERSITAS ISLAM BALITAR,JAWA TIMUR,15375000.0,B,Loc_5-Type_0
UNIVERSITAS ISLAM BALITAR,JAWA TIMUR,15375000.0,B,Loc_5-Type_0
UNIVERSITAS ISLAM BALITAR,JAWA TIMUR,15375000.0,B,Loc_5-Type_0
UNIVERSITAS ISLAM BALITAR,JAWA TIMUR,15375000.0,B,Loc_5-Type_0
UNIVERSITAS ISLAM BALITAR,JAWA TIMUR,15375000.0,B,Loc_5-Type_0
UNIVERSITAS ISLAM BALITAR,JAWA TIMUR,15375000.0,B,Loc_5-Type_0
UNIVERSITAS ISLAM BALITAR,JAWA TIMUR,15375000.0,B,Loc_5-Type_0
UNIVERSITAS ISLAM BALITAR,JAWA TIMUR,15375000.0,B,Loc_5-Type_0
UNIVERSITAS ISLAM BALITAR,JAWA TIMUR,15375000.0,B,Loc_5-Type_0
UNIVERSITAS ISLAM BALITAR,JAWA TIMUR,15375000.0,B,Loc_5-Type_0
UNIVERSITAS ISLAM BALITAR,JAWA TIMUR,15375000.0,B,Loc_5-Type_0
UNIVERSITAS ISLAM BALITAR,JAWA TIMUR,15375000.0,B,Loc_5-Type_0
UNIVERSITAS ISLAM BALITAR,JAWA TIMUR,15375000.0,B,Loc_5-Type_0
UNIVERSITAS ISLAM BALITAR,JAWA TIMUR,15375000.0,B,Loc_5-Type_0
UNIVERSITAS ISLAM BALITAR,JAWA TIMUR,15375000.0,B,Loc_5-Type_0
UNIVERSITAS ISLAM BALITAR,JAWA TIMUR,15375000.0,B,Loc_5-Type_0
UNIVERSITAS ISLAM BALITAR,JAWA TIMUR,15375000.0,B,Loc_5-Type_0
UNIVERSITAS ISLAM BANDUNG,JAWA BARAT,93250000.0,UNGGUL,Loc_8-Type_0
UNIVERSITAS ISLAM BANDUNG,JAWA BARAT,93250000.0,UNGGUL,Loc_8-Type_0
UNIVERSITAS ISLAM BANDUNG,JAWA BARAT,93250000.0,UNGGUL,Loc_8-Type_0
UNIVERSITAS ISLAM BANDUNG,JAWA BARAT,93250000.0,UNGGUL,Loc_8-Type_0
UNIVERSITAS ISLAM BANDUNG,JAWA BARAT,93250000.0,UNGGUL,Loc_8-Type_0
UNIVERSITAS ISLAM BANDUNG,JAWA BARAT,93250000.0,UNGGUL,Loc_8-Type_0
UNIVERSITAS ISLAM BANDUNG,JAWA BARAT,93250000.0,UNGGUL,Loc_8-Type_0
UNIVERSITAS ISLAM BANDUNG,JAWA BARAT,93250000.0,UNGGUL,Loc_8-Type_0
UNIVERSITAS ISLAM BANDUNG,JAWA BARAT,93250000.0,UNGGUL,Loc_8-Type_0
UNIVERSITAS ISLAM BANDUNG,JAWA BARAT,93250000.0,UNGGUL,Loc_8-Type_0
UNIVERSITAS ISLAM BANDUNG,JAWA BARAT,93250000.0,UNGGUL,Loc_8-Type_0
UNIVERSITAS ISLAM BANDUNG,JAWA BARAT,93250000.0,UNGGUL,Loc_8-Type_0
UNIVERSITAS ISLAM BANDUNG,JAWA BARAT,93250000.0,UNGGUL,Loc_8-Type_0
UNIVERSITAS ISLAM BANDUNG,JAWA BARAT,93250000.0,UNGGUL,Loc_8-Type_0
UNIVERSITAS ISLAM BANDUNG,JAWA BARAT,93250000.0,UNGGUL,Loc_8-Type_0
UNIVERSITAS ISLAM BANDUNG,JAWA BARAT,93250000.0,UNGGUL,Loc_8-Type_0
UNIVERSITAS ISLAM BANDUNG,JAWA BARAT,93250000.0,UNGGUL,Loc_8-Type_0
UNIVERSITAS ISLAM BATIK,JAWA TENGAH,5550000.0,B,Loc_7-Type_0
UNIVERSITAS ISLAM BATIK,JAWA TENGAH,5550000.0,B,Loc_7-Type_0
UNIVERSITAS ISLAM BATIK,JAWA TENGAH,5550000.0,B,Loc_7-Type_0
UNIVERSITAS ISLAM BATIK,JAWA TENGAH,5550000.0,B,Loc_7-Type_0
UNIVERSITAS ISLAM BATIK,JAWA TENGAH,5550000.0,B,Loc_7-Type_0
UNIVERSITAS ISLAM BATIK,JAWA TENGAH,5550000.0,B,Loc_7-Type_0
UNIVERSITAS ISLAM BATIK,JAWA TENGAH,5550000.0,B,Loc_7-Type_0
UNIVERSITAS ISLAM BATIK,JAWA TENGAH,5550000.0,B,Loc_7-Type_0
UNIVERSITAS ISLAM BATIK,JAWA TENGAH,5550000.0,B,Loc_7-Type_0
UNIVERSITAS ISLAM INDONESIA,D.I. YOGYAKARTA,25000000.0,A,Loc_0-Type_2
UNIVERSITAS ISLAM INDONESIA,D.I. YOGYAKARTA,25000000.0,A,Loc_0-Type_2
UNIVERSITAS ISLAM INDONESIA,D.I. YOGYAKARTA,25000000.0,A,Loc_0-Type_2
UNIVERSITAS ISLAM INDONESIA,D.I. YOGYAKARTA,25000000.0,A,Loc_0-Type_2
UNIVERSITAS ISLAM INDONESIA,D.I. YOGYAKARTA,25000000.0,A,Loc_0-Type_2
UNIVERSITAS ISLAM INDONESIA,D.I. YOGYAKARTA,25000000.0,A,Loc_0-Type_2
UNIVERSITAS ISLAM INDONESIA,D.I. YOGYAKARTA,25000000.0,A,Loc_0-Type_2
UNIVERSITAS ISLAM INDONESIA,D.I. YOGYAKARTA,25000000.0,A,Loc_0-Type_2
UNIVERSITAS ISLAM INDONESIA,D.I. YOGYAKARTA,25000000.0,A,Loc_0-Type_2
UNIVERSITAS ISLAM INDONESIA,D.I. YOGYAKARTA,25000000.0,A,Loc_0-Type_2
UNIVERSITAS ISLAM INDONESIA,D.I. YOGYAKARTA,25000000.0,A,Loc_0-Type_2
UNIVERSITAS ISLAM INDONESIA,D.I. YOGYAKARTA,25000000.0,A,Loc_0-Type_2
UNIVERSITAS ISLAM INDONESIA,D.I. YOGYAKARTA,25000000.0,A,Loc_0-Type_2
UNIVERSITAS ISLAM INDONESIA,D.I. YOGYAKARTA,25000000.0,A,Loc_0-Type_2
UNIVERSITAS ISLAM INDONESIA,D.I. YOGYAKARTA,25000000.0,A,Loc_0-Type_2
UNIVERSITAS ISLAM INDONESIA,D.I. YOGYAKARTA,25000000.0,A,Loc_0-Type_2
UNIVERSITAS ISLAM INDONESIA,D.I. YOGYAKARTA,25000000.0,A,Loc_0-Type_2
UNIVERSITAS ISLAM INDONESIA,D.I. YOGYAKARTA,25000000.0,A,Loc_0-Type_2
UNIVERSITAS ISLAM INDONESIA,D.I. YOGYAKARTA,25000000.0,A,Loc_0-Type_2
UNIVERSITAS ISLAM INDONESIA,D.I. YOGYAKARTA,25000000.0,A,Loc_0-Type_2
UNIVERSITAS ISLAM INDONESIA,D.I. YOGYAKARTA,25000000.0,A,Loc_0-Type_2
UNIVERSITAS ISLAM JAKARTA,D.K.I. JAKARTA,12950000.0,B,Loc_4-Type_1
UNIVERSITAS ISLAM JAKARTA,D.K.I. JAKARTA,12950000.0,B,Loc_4-Type_1
UNIVERSITAS ISLAM JAKARTA,D.K.I. JAKARTA,12950000.0,B,Loc_4-Type_1
UNIVERSITAS ISLAM JAKARTA,D.K.I. JAKARTA,12950000.0,B,Loc_4-Type_1
UNIVERSITAS ISLAM JAKARTA,D.K.I. JAKARTA,12950000.0,B,Loc_4-Type_1
UNIVERSITAS ISLAM JEMBER,JAWA TIMUR,5700000.0,BAIK,Loc_5-Type_2
UNIVERSITAS ISLAM JEMBER,JAWA TIMUR,5700000.0,BAIK,Loc_5-Type_2
UNIVERSITAS ISLAM JEMBER,JAWA TIMUR,5700000.0,BAIK,Loc_5-Type_2
UNIVERSITAS ISLAM JEMBER,JAWA TIMUR,5700000.0,BAIK,Loc_5-Type_2
UNIVERSITAS ISLAM JEMBER,JAWA TIMUR,5700000.0,BAIK,Loc_5-Type_2
UNIVERSITAS ISLAM JEMBER,JAWA TIMUR,5700000.0,BAIK,Loc_5-Type_2
UNIVERSITAS ISLAM JEMBER,JAWA TIMUR,5700000.0,BAIK,Loc_5-Type_2
UNIVERSITAS ISLAM JEMBER,JAWA TIMUR,5700000.0,BAIK,Loc_5-Type_2
UNIVERSITAS ISLAM JEMBER,JAWA TIMUR,5700000.0,BAIK,Loc_5-Type_2
UNIVERSITAS ISLAM JEMBER,JAWA TIMUR,5700000.0,BAIK,Loc_5-Type_2
UNIVERSITAS ISLAM JEMBER,JAWA TIMUR,5700000.0,BAIK,Loc_5-Type_2
UNIVERSITAS ISLAM JEMBER,JAWA TIMUR,5700000.0,BAIK,Loc_5-Type_2
UNIVERSITAS ISLAM KADIRI,JAWA TIMUR,6387500.0,B,Loc_5-Type_0
UNIVERSITAS ISLAM KADIRI,JAWA TIMUR,6387500.0,B,Loc_5-Type_0
UNIVERSITAS ISLAM KADIRI,JAWA TIMUR,6387500.0,B,Loc_5-Type_0
UNIVERSITAS ISLAM KADIRI,JAWA TIMUR,6387500.0,B,Loc_5-Type_0
UNIVERSITAS ISLAM KADIRI,JAWA TIMUR,6387500.0,B,Loc_5-Type_0
UNIVERSITAS ISLAM KADIRI,JAWA TIMUR,6387500.0,B,Loc_5-Type_0
UNIVERSITAS ISLAM KADIRI,JAWA TIMUR,6387500.0,B,Loc_5-Type_0
UNIVERSITAS ISLAM KADIRI,JAWA TIMUR,6387500.0,B,Loc_5-Type_0
UNIVERSITAS ISLAM KADIRI,JAWA TIMUR,6387500.0,B,Loc_5-Type_0
UNIVERSITAS ISLAM KADIRI,JAWA TIMUR,6387500.0,B,Loc_5-Type_0
UNIVERSITAS ISLAM KALIMANTAN MUHAMMAD ARSYAD AL BANJARI BANJARMASIN,KALIMANTAN SELATAN,8095000.0,BAIK SEKALI,Loc_0-Type_1
UNIVERSITAS ISLAM KALIMANTAN MUHAMMAD ARSYAD AL BANJARI BANJARMASIN,KALIMANTAN SELATAN,8095000.0,BAIK SEKALI,Loc_0-Type_1
UNIVERSITAS ISLAM KALIMANTAN MUHAMMAD ARSYAD AL BANJARI BANJARMASIN,KALIMANTAN SELATAN,8095000.0,BAIK SEKALI,Loc_0-Type_1
UNIVERSITAS ISLAM KALIMANTAN MUHAMMAD ARSYAD AL BANJARI BANJARMASIN,KALIMANTAN SELATAN,8095000.0,BAIK SEKALI,Loc_0-Type_1
UNIVERSITAS ISLAM KALIMANTAN MUHAMMAD ARSYAD AL BANJARI BANJARMASIN,KALIMANTAN SELATAN,8095000.0,BAIK SEKALI,Loc_0-Type_1
UNIVERSITAS ISLAM KALIMANTAN MUHAMMAD ARSYAD AL BANJARI BANJARMASIN,KALIMANTAN SELATAN,8095000.0,BAIK SEKALI,Loc_0-Type_1
UNIVERSITAS ISLAM KALIMANTAN MUHAMMAD ARSYAD AL BANJARI BANJARMASIN,KALIMANTAN SELATAN,8095000.0,BAIK SEKALI,Loc_0-Type_1
UNIVERSITAS ISLAM KALIMANTAN MUHAMMAD ARSYAD AL BANJARI BANJARMASIN,KALIMANTAN SELATAN,8095000.0,BAIK SEKALI,Loc_0-Type_1
UNIVERSITAS ISLAM KALIMANTAN MUHAMMAD ARSYAD AL BANJARI BANJARMASIN,KALIMANTAN SELATAN,8095000.0,BAIK SEKALI,Loc_0-Type_1
UNIVERSITAS ISLAM KALIMANTAN MUHAMMAD ARSYAD AL BANJARI BANJARMASIN,KALIMANTAN SELATAN,8095000.0,BAIK SEKALI,Loc_0-Type_1
UNIVERSITAS ISLAM KALIMANTAN MUHAMMAD ARSYAD AL BANJARI BANJARMASIN,KALIMANTAN SELATAN,8095000.0,BAIK SEKALI,Loc_0-Type_1
UNIVERSITAS ISLAM KALIMANTAN MUHAMMAD ARSYAD AL BANJARI BANJARMASIN,KALIMANTAN SELATAN,8095000.0,BAIK SEKALI,Loc_0-Type_1
UNIVERSITAS ISLAM KALIMANTAN MUHAMMAD ARSYAD AL BANJARI BANJARMASIN,KALIMANTAN SELATAN,8095000.0,BAIK SEKALI,Loc_0-Type_1
UNIVERSITAS ISLAM KALIMANTAN MUHAMMAD ARSYAD AL BANJARI BANJARMASIN,KALIMANTAN SELATAN,8095000.0,BAIK SEKALI,Loc_0-Type_1
UNIVERSITAS ISLAM KALIMANTAN MUHAMMAD ARSYAD AL BANJARI BANJARMASIN,KALIMANTAN SELATAN,8095000.0,BAIK SEKALI,Loc_0-Type_1
UNIVERSITAS ISLAM KALIMANTAN MUHAMMAD ARSYAD AL BANJARI BANJARMASIN,KALIMANTAN SELATAN,8095000.0,BAIK SEKALI,Loc_0-Type_1
UNIVERSITAS ISLAM KEBANGSAAN INDONESIA,ACEH,6400000.0,BAIK,Loc_0-Type_0
UNIVERSITAS ISLAM KEBANGSAAN INDONESIA,ACEH,6400000.0,BAIK,Loc_0-Type_0
UNIVERSITAS ISLAM KEBANGSAAN INDONESIA,ACEH,6400000.0,BAIK,Loc_0-Type_0
UNIVERSITAS ISLAM KEBANGSAAN INDONESIA,ACEH,6400000.0,BAIK,Loc_0-Type_0
UNIVERSITAS ISLAM KEBANGSAAN INDONESIA,ACEH,6400000.0,BAIK,Loc_0-Type_0
UNIVERSITAS ISLAM KEBANGSAAN INDONESIA,ACEH,6400000.0,BAIK,Loc_0-Type_0
UNIVERSITAS ISLAM KEBANGSAAN INDONESIA,ACEH,6400000.0,BAIK,Loc_0-Type_0
UNIVERSITAS ISLAM KEBANGSAAN INDONESIA,ACEH,6400000.0,BAIK,Loc_0-Type_0
UNIVERSITAS ISLAM KEBANGSAAN INDONESIA,ACEH,6400000.0,BAIK,Loc_0-Type_0
UNIVERSITAS ISLAM LABUHAN BATU,SUMATERA UTARA,4800000.0,BAIK,Loc_0-Type_0
UNIVERSITAS ISLAM LABUHAN BATU,SUMATERA UTARA,4800000.0,BAIK,Loc_0-Type_0
UNIVERSITAS ISLAM LABUHAN BATU,SUMATERA UTARA,4800000.0,BAIK,Loc_0-Type_0
UNIVERSITAS ISLAM LABUHAN BATU,SUMATERA UTARA,4800000.0,BAIK,Loc_0-Type_0
UNIVERSITAS ISLAM LABUHAN BATU,SUMATERA UTARA,4800000.0,BAIK,Loc_0-Type_0
UNIVERSITAS ISLAM LABUHAN BATU,SUMATERA UTARA,4800000.0,BAIK,Loc_0-Type_0
UNIVERSITAS ISLAM LABUHAN BATU,SUMATERA UTARA,4800000.0,BAIK,Loc_0-Type_0
UNIVERSITAS ISLAM LABUHAN BATU,SUMATERA UTARA,4800000.0,BAIK,Loc_0-Type_0
UNIVERSITAS ISLAM LAMONGAN,JAWA TIMUR,7500000.0,BAIK SEKALI,Loc_5-Type_1
UNIVERSITAS ISLAM LAMONGAN,JAWA TIMUR,7500000.0,BAIK SEKALI,Loc_5-Type_1
UNIVERSITAS ISLAM LAMONGAN,JAWA TIMUR,7500000.0,BAIK SEKALI,Loc_5-Type_1
UNIVERSITAS ISLAM LAMONGAN,JAWA TIMUR,7500000.0,BAIK SEKALI,Loc_5-Type_1
UNIVERSITAS ISLAM LAMONGAN,JAWA TIMUR,7500000.0,BAIK SEKALI,Loc_5-Type_1
UNIVERSITAS ISLAM LAMONGAN,JAWA TIMUR,7500000.0,BAIK SEKALI,Loc_5-Type_1
UNIVERSITAS ISLAM LAMONGAN,JAWA TIMUR,7500000.0,BAIK SEKALI,Loc_5-Type_1
UNIVERSITAS ISLAM LAMONGAN,JAWA TIMUR,7500000.0,BAIK SEKALI,Loc_5-Type_1
UNIVERSITAS ISLAM LAMONGAN,JAWA TIMUR,7500000.0,BAIK SEKALI,Loc_5-Type_1
UNIVERSITAS ISLAM LAMONGAN,JAWA TIMUR,7500000.0,BAIK SEKALI,Loc_5-Type_1
UNIVERSITAS ISLAM LAMONGAN,JAWA TIMUR,7500000.0,BAIK SEKALI,Loc_5-Type_1
UNIVERSITAS ISLAM LAMONGAN,JAWA TIMUR,7500000.0,BAIK SEKALI,Loc_5-Type_1
UNIVERSITAS ISLAM LAMONGAN,JAWA TIMUR,7500000.0,BAIK SEKALI,Loc_5-Type_1
UNIVERSITAS ISLAM LAMONGAN,JAWA TIMUR,7500000.0,BAIK SEKALI,Loc_5-Type_1
UNIVERSITAS ISLAM MADURA,JAWA TIMUR,9435000.0,BAIK,Loc_5-Type_2
UNIVERSITAS ISLAM MADURA,JAWA TIMUR,9435000.0,BAIK,Loc_5-Type_2
UNIVERSITAS ISLAM MADURA,JAWA TIMUR,9435000.0,BAIK,Loc_5-Type_2
UNIVERSITAS ISLAM MADURA,JAWA TIMUR,9435000.0,BAIK,Loc_5-Type_2
UNIVERSITAS ISLAM MADURA,JAWA TIMUR,9435000.0,BAIK,Loc_5-Type_2
UNIVERSITAS ISLAM MADURA,JAWA TIMUR,9435000.0,BAIK,Loc_5-Type_2
UNIVERSITAS ISLAM MADURA,JAWA TIMUR,9435000.0,BAIK,Loc_5-Type_2
UNIVERSITAS ISLAM MADURA,JAWA TIMUR,9435000.0,BAIK,Loc_5-Type_2
UNIVERSITAS ISLAM MADURA,JAWA TIMUR,9435000.0,BAIK,Loc_5-Type_2
UNIVERSITAS ISLAM MADURA,JAWA TIMUR,9435000.0,BAIK,Loc_5-Type_2
UNIVERSITAS ISLAM MADURA,JAWA TIMUR,9435000.0,BAIK,Loc_5-Type_2
UNIVERSITAS ISLAM MAKASSAR,SULAWESI SELATAN,7000000.0,B,Loc_3-Type_0
UNIVERSITAS ISLAM MAKASSAR,SULAWESI SELATAN,7000000.0,B,Loc_3-Type_0
UNIVERSITAS ISLAM MAKASSAR,SULAWESI SELATAN,7000000.0,B,Loc_3-Type_0
UNIVERSITAS ISLAM MAKASSAR,SULAWESI SELATAN,7000000.0,B,Loc_3-Type_0
UNIVERSITAS ISLAM MAKASSAR,SULAWESI SELATAN,7000000.0,B,Loc_3-Type_0
UNIVERSITAS ISLAM MAKASSAR,SULAWESI SELATAN,7000000.0,B,Loc_3-Type_0
UNIVERSITAS ISLAM MAKASSAR,SULAWESI SELATAN,7000000.0,B,Loc_3-Type_0
UNIVERSITAS ISLAM MAKASSAR,SULAWESI SELATAN,7000000.0,B,Loc_3-Type_0
UNIVERSITAS ISLAM MAKASSAR,SULAWESI SELATAN,7000000.0,B,Loc_3-Type_0
UNIVERSITAS ISLAM MAKASSAR,SULAWESI SELATAN,7000000.0,B,Loc_3-Type_0
UNIVERSITAS ISLAM MAKASSAR,SULAWESI SELATAN,7000000.0,B,Loc_3-Type_0
UNIVERSITAS ISLAM MAKASSAR,SULAWESI SELATAN,7000000.0,B,Loc_3-Type_0
UNIVERSITAS ISLAM MAKASSAR,SULAWESI SELATAN,7000000.0,B,Loc_3-Type_0
UNIVERSITAS ISLAM MAKASSAR,SULAWESI SELATAN,7000000.0,B,Loc_3-Type_0
UNIVERSITAS ISLAM MAKASSAR,SULAWESI SELATAN,7000000.0,B,Loc_3-Type_0
UNIVERSITAS ISLAM MAKASSAR,SULAWESI SELATAN,7000000.0,B,Loc_3-Type_0
UNIVERSITAS ISLAM MAKASSAR,SULAWESI SELATAN,7000000.0,B,Loc_3-Type_0
UNIVERSITAS ISLAM MAKASSAR,SULAWESI SELATAN,7000000.0,B,Loc_3-Type_0
UNIVERSITAS ISLAM MAKASSAR,SULAWESI SELATAN,7000000.0,B,Loc_3-Type_0
UNIVERSITAS ISLAM MAKASSAR,SULAWESI SELATAN,7000000.0,B,Loc_3-Type_0
UNIVERSITAS ISLAM MAKASSAR,SULAWESI SELATAN,7000000.0,B,Loc_3-Type_0
UNIVERSITAS ISLAM MALANG,JAWA TIMUR,33550000.0,B,Loc_5-Type_0
UNIVERSITAS ISLAM MALANG,JAWA TIMUR,33550000.0,B,Loc_5-Type_0
UNIVERSITAS ISLAM MALANG,JAWA TIMUR,33550000.0,B,Loc_5-Type_0
UNIVERSITAS ISLAM MALANG,JAWA TIMUR,33550000.0,B,Loc_5-Type_0
UNIVERSITAS ISLAM MALANG,JAWA TIMUR,33550000.0,B,Loc_5-Type_0
UNIVERSITAS ISLAM MALANG,JAWA TIMUR,33550000.0,B,Loc_5-Type_0
UNIVERSITAS ISLAM MALANG,JAWA TIMUR,33550000.0,B,Loc_5-Type_0
UNIVERSITAS ISLAM MALANG,JAWA TIMUR,33550000.0,B,Loc_5-Type_0
UNIVERSITAS ISLAM MALANG,JAWA TIMUR,33550000.0,B,Loc_5-Type_0
UNIVERSITAS ISLAM MALANG,JAWA TIMUR,33550000.0,B,Loc_5-Type_0
UNIVERSITAS ISLAM MALANG,JAWA TIMUR,33550000.0,B,Loc_5-Type_0
UNIVERSITAS ISLAM MALANG,JAWA TIMUR,33550000.0,B,Loc_5-Type_0
UNIVERSITAS ISLAM MALANG,JAWA TIMUR,33550000.0,B,Loc_5-Type_0
UNIVERSITAS ISLAM MALANG,JAWA TIMUR,33550000.0,B,Loc_5-Type_0
UNIVERSITAS ISLAM MALANG,JAWA TIMUR,33550000.0,B,Loc_5-Type_0
UNIVERSITAS ISLAM MALANG,JAWA TIMUR,33550000.0,B,Loc_5-Type_0
UNIVERSITAS ISLAM MALANG,JAWA TIMUR,33550000.0,B,Loc_5-Type_0
UNIVERSITAS ISLAM MALANG,JAWA TIMUR,33550000.0,B,Loc_5-Type_0
UNIVERSITAS ISLAM MALANG,JAWA TIMUR,33550000.0,B,Loc_5-Type_0
UNIVERSITAS ISLAM MALANG,JAWA TIMUR,33550000.0,B,Loc_5-Type_0
UNIVERSITAS ISLAM MULIA YOGYAKARTA,D.I. YOGYAKARTA,6500000.0,BAIK,Loc_0-Type_0
UNIVERSITAS ISLAM MULIA YOGYAKARTA,D.I. YOGYAKARTA,6500000.0,BAIK,Loc_0-Type_0
UNIVERSITAS ISLAM MULIA YOGYAKARTA,D.I. YOGYAKARTA,6500000.0,BAIK,Loc_0-Type_0
UNIVERSITAS ISLAM MULIA YOGYAKARTA,D.I. YOGYAKARTA,6500000.0,BAIK,Loc_0-Type_0
UNIVERSITAS ISLAM MULIA YOGYAKARTA,D.I. YOGYAKARTA,6500000.0,BAIK,Loc_0-Type_0
UNIVERSITAS ISLAM MULIA YOGYAKARTA,D.I. YOGYAKARTA,6500000.0,BAIK,Loc_0-Type_0
UNIVERSITAS ISLAM NAHDLATUL ULAMA JEPARA,JAWA TENGAH,9886000.0,BAIK SEKALI,Loc_7-Type_2
UNIVERSITAS ISLAM NAHDLATUL ULAMA JEPARA,JAWA TENGAH,9886000.0,BAIK SEKALI,Loc_7-Type_2
UNIVERSITAS ISLAM NAHDLATUL ULAMA JEPARA,JAWA TENGAH,9886000.0,BAIK SEKALI,Loc_7-Type_2
UNIVERSITAS ISLAM NAHDLATUL ULAMA JEPARA,JAWA TENGAH,9886000.0,BAIK SEKALI,Loc_7-Type_2
UNIVERSITAS ISLAM NAHDLATUL ULAMA JEPARA,JAWA TENGAH,9886000.0,BAIK SEKALI,Loc_7-Type_2
UNIVERSITAS ISLAM NAHDLATUL ULAMA JEPARA,JAWA TENGAH,9886000.0,BAIK SEKALI,Loc_7-Type_2
UNIVERSITAS ISLAM NAHDLATUL ULAMA JEPARA,JAWA TENGAH,9886000.0,BAIK SEKALI,Loc_7-Type_2
UNIVERSITAS ISLAM NAHDLATUL ULAMA JEPARA,JAWA TENGAH,9886000.0,BAIK SEKALI,Loc_7-Type_2
UNIVERSITAS ISLAM NAHDLATUL ULAMA JEPARA,JAWA TENGAH,9886000.0,BAIK SEKALI,Loc_7-Type_2
UNIVERSITAS ISLAM NAHDLATUL ULAMA JEPARA,JAWA TENGAH,9886000.0,BAIK SEKALI,Loc_7-Type_2
UNIVERSITAS ISLAM NAHDLATUL ULAMA JEPARA,JAWA TENGAH,9886000.0,BAIK SEKALI,Loc_7-Type_2
UNIVERSITAS ISLAM NAHDLATUL ULAMA JEPARA,JAWA TENGAH,9886000.0,BAIK SEKALI,Loc_7-Type_2
UNIVERSITAS ISLAM NUSANTARA,JAWA BARAT,67040000.0,BAIK SEKALI,Loc_8-Type_1
UNIVERSITAS ISLAM NUSANTARA,JAWA BARAT,67040000.0,BAIK SEKALI,Loc_8-Type_1
UNIVERSITAS ISLAM NUSANTARA,JAWA BARAT,67040000.0,BAIK SEKALI,Loc_8-Type_1
UNIVERSITAS ISLAM NUSANTARA,JAWA BARAT,67040000.0,BAIK SEKALI,Loc_8-Type_1
UNIVERSITAS ISLAM NUSANTARA,JAWA BARAT,67040000.0,BAIK SEKALI,Loc_8-Type_1
UNIVERSITAS ISLAM NUSANTARA,JAWA BARAT,67040000.0,BAIK SEKALI,Loc_8-Type_1
UNIVERSITAS ISLAM NUSANTARA,JAWA BARAT,67040000.0,BAIK SEKALI,Loc_8-Type_1
UNIVERSITAS ISLAM NUSANTARA,JAWA BARAT,67040000.0,BAIK SEKALI,Loc_8-Type_1
UNIVERSITAS ISLAM NUSANTARA,JAWA BARAT,67040000.0,BAIK SEKALI,Loc_8-Type_1
UNIVERSITAS ISLAM NUSANTARA,JAWA BARAT,67040000.0,BAIK SEKALI,Loc_8-Type_1
UNIVERSITAS ISLAM NUSANTARA,JAWA BARAT,67040000.0,BAIK SEKALI,Loc_8-Type_1
UNIVERSITAS ISLAM NUSANTARA,JAWA BARAT,67040000.0,BAIK SEKALI,Loc_8-Type_1
UNIVERSITAS ISLAM NUSANTARA,JAWA BARAT,67040000.0,BAIK SEKALI,Loc_8-Type_1
UNIVERSITAS ISLAM NUSANTARA,JAWA BARAT,67040000.0,BAIK SEKALI,Loc_8-Type_1
UNIVERSITAS ISLAM RADEN RAHMAT,JAWA TIMUR,6000000.0,BAIK,Loc_5-Type_2
UNIVERSITAS ISLAM RADEN RAHMAT,JAWA TIMUR,6000000.0,BAIK,Loc_5-Type_2
UNIVERSITAS ISLAM RADEN RAHMAT,JAWA TIMUR,6000000.0,BAIK,Loc_5-Type_2
UNIVERSITAS ISLAM RADEN RAHMAT,JAWA TIMUR,6000000.0,BAIK,Loc_5-Type_2
UNIVERSITAS ISLAM RADEN RAHMAT,JAWA TIMUR,6000000.0,BAIK,Loc_5-Type_2
UNIVERSITAS ISLAM RADEN RAHMAT,JAWA TIMUR,6000000.0,BAIK,Loc_5-Type_2
UNIVERSITAS ISLAM RADEN RAHMAT,JAWA TIMUR,6000000.0,BAIK,Loc_5-Type_2
UNIVERSITAS ISLAM RADEN RAHMAT,JAWA TIMUR,6000000.0,BAIK,Loc_5-Type_2
UNIVERSITAS ISLAM RADEN RAHMAT,JAWA TIMUR,6000000.0,BAIK,Loc_5-Type_2
UNIVERSITAS ISLAM RADEN RAHMAT,JAWA TIMUR,6000000.0,BAIK,Loc_5-Type_2
UNIVERSITAS ISLAM SULTAN AGUNG,JAWA TENGAH,201750001.0,B,Loc_7-Type_1
UNIVERSITAS ISLAM SULTAN AGUNG,JAWA TENGAH,201750001.0,B,Loc_7-Type_1
UNIVERSITAS ISLAM SULTAN AGUNG,JAWA TENGAH,201750001.0,B,Loc_7-Type_1
UNIVERSITAS ISLAM SULTAN AGUNG,JAWA TENGAH,201750001.0,B,Loc_7-Type_1
UNIVERSITAS ISLAM SULTAN AGUNG,JAWA TENGAH,201750001.0,B,Loc_7-Type_1
UNIVERSITAS ISLAM SULTAN AGUNG,JAWA TENGAH,201750001.0,B,Loc_7-Type_1
UNIVERSITAS ISLAM SULTAN AGUNG,JAWA TENGAH,201750001.0,B,Loc_7-Type_1
UNIVERSITAS ISLAM SULTAN AGUNG,JAWA TENGAH,201750001.0,B,Loc_7-Type_1
UNIVERSITAS ISLAM SULTAN AGUNG,JAWA TENGAH,201750001.0,B,Loc_7-Type_1
UNIVERSITAS ISLAM SULTAN AGUNG,JAWA TENGAH,201750001.0,B,Loc_7-Type_1
UNIVERSITAS ISLAM SULTAN AGUNG,JAWA TENGAH,201750001.0,B,Loc_7-Type_1
UNIVERSITAS ISLAM SULTAN AGUNG,JAWA TENGAH,201750001.0,B,Loc_7-Type_1
UNIVERSITAS ISLAM SULTAN AGUNG,JAWA TENGAH,201750001.0,B,Loc_7-Type_1
UNIVERSITAS ISLAM SULTAN AGUNG,JAWA TENGAH,201750001.0,B,Loc_7-Type_1
UNIVERSITAS ISLAM SULTAN AGUNG,JAWA TENGAH,201750001.0,B,Loc_7-Type_1
UNIVERSITAS ISLAM SULTAN AGUNG,JAWA TENGAH,201750001.0,B,Loc_7-Type_1
UNIVERSITAS ISLAM SULTAN AGUNG,JAWA TENGAH,201750001.0,B,Loc_7-Type_1
UNIVERSITAS ISLAM SULTAN AGUNG,JAWA TENGAH,201750001.0,B,Loc_7-Type_1
UNIVERSITAS ISLAM SUMATERA BARAT,SUMATERA BARAT,5000000.0,BAIK,Loc_0-Type_0
UNIVERSITAS ISLAM SUMATERA BARAT,SUMATERA BARAT,5000000.0,BAIK,Loc_0-Type_0
UNIVERSITAS ISLAM SUMATERA BARAT,SUMATERA BARAT,5000000.0,BAIK,Loc_0-Type_0
UNIVERSITAS ISLAM SUMATERA BARAT,SUMATERA BARAT,5000000.0,BAIK,Loc_0-Type_0
UNIVERSITAS ISLAM SUMATERA UTARA,SUMATERA UTARA,25000001.0,B,Loc_0-Type_2
UNIVERSITAS ISLAM SUMATERA UTARA,SUMATERA UTARA,25000001.0,B,Loc_0-Type_2
UNIVERSITAS ISLAM SUMATERA UTARA,SUMATERA UTARA,25000001.0,B,Loc_0-Type_2
UNIVERSITAS ISLAM SUMATERA UTARA,SUMATERA UTARA,25000001.0,B,Loc_0-Type_2
UNIVERSITAS ISLAM SUMATERA UTARA,SUMATERA UTARA,25000001.0,B,Loc_0-Type_2
UNIVERSITAS ISLAM SUMATERA UTARA,SUMATERA UTARA,25000001.0,B,Loc_0-Type_2
UNIVERSITAS ISLAM SUMATERA UTARA,SUMATERA UTARA,25000001.0,B,Loc_0-Type_2
UNIVERSITAS ISLAM SUMATERA UTARA,SUMATERA UTARA,25000001.0,B,Loc_0-Type_2
UNIVERSITAS ISLAM SUMATERA UTARA,SUMATERA UTARA,25000001.0,B,Loc_0-Type_2
UNIVERSITAS ISLAM SUMATERA UTARA,SUMATERA UTARA,25000001.0,B,Loc_0-Type_2
UNIVERSITAS ISLAM SUMATERA UTARA,SUMATERA UTARA,25000001.0,B,Loc_0-Type_2
UNIVERSITAS ISLAM SUMATERA UTARA,SUMATERA UTARA,25000001.0,B,Loc_0-Type_2
UNIVERSITAS ISLAM SUMATERA UTARA,SUMATERA UTARA,25000001.0,B,Loc_0-Type_2
UNIVERSITAS ISLAM SUMATERA UTARA,SUMATERA UTARA,25000001.0,B,Loc_0-Type_2
UNIVERSITAS ISLAM SUMATERA UTARA,SUMATERA UTARA,25000001.0,B,Loc_0-Type_2
UNIVERSITAS ISLAM SUMATERA UTARA,SUMATERA UTARA,25000001.0,B,Loc_0-Type_2
UNIVERSITAS ISLAM SUMATERA UTARA,SUMATERA UTARA,25000001.0,B,Loc_0-Type_2
UNIVERSITAS ISLAM SUMATERA UTARA,SUMATERA UTARA,25000001.0,B,Loc_0-Type_2
UNIVERSITAS ISLAM SUMATERA UTARA,SUMATERA UTARA,25000001.0,B,Loc_0-Type_2
UNIVERSITAS ISLAM SUMATERA UTARA,SUMATERA UTARA,25000001.0,B,Loc_0-Type_2
UNIVERSITAS ISLAM SUMATERA UTARA,SUMATERA UTARA,25000001.0,B,Loc_0-Type_2
UNIVERSITAS ISLAM SUMATERA UTARA,SUMATERA UTARA,25000001.0,B,Loc_0-Type_2
UNIVERSITAS ISLAM SUMATERA UTARA,SUMATERA UTARA,25000001.0,B,Loc_0-Type_2
UNIVERSITAS ISLAM SUMATERA UTARA,SUMATERA UTARA,25000001.0,B,Loc_0-Type_2
UNIVERSITAS ISLAM SUMATERA UTARA,SUMATERA UTARA,25000001.0,B,Loc_0-Type_2
UNIVERSITAS ISLAM SUMATERA UTARA,SUMATERA UTARA,25000001.0,B,Loc_0-Type_2
UNIVERSITAS ISLAM SUMATERA UTARA,SUMATERA UTARA,25000001.0,B,Loc_0-Type_2
UNIVERSITAS ISLAM SYEKH YUSUF,BANTEN,15000000.0,B,Loc_0-Type_2
UNIVERSITAS ISLAM SYEKH YUSUF,BANTEN,15000000.0,B,Loc_0-Type_2
UNIVERSITAS ISLAM SYEKH YUSUF,BANTEN,15000000.0,B,Loc_0-Type_2
UNIVERSITAS ISLAM SYEKH YUSUF,BANTEN,15000000.0,B,Loc_0-Type_2
UNIVERSITAS ISLAM SYEKH YUSUF,BANTEN,15000000.0,B,Loc_0-Type_2
UNIVERSITAS ISLAM SYEKH YUSUF,BANTEN,15000000.0,B,Loc_0-Type_2
UNIVERSITAS ISLAM SYEKH YUSUF,BANTEN,15000000.0,B,Loc_0-Type_2
UNIVERSITAS ISLAM SYEKH YUSUF,BANTEN,15000000.0,B,Loc_0-Type_2
UNIVERSITAS ISLAM SYEKH YUSUF,BANTEN,15000000.0,B,Loc_0-Type_2
UNIVERSITAS ISLAM SYEKH YUSUF,BANTEN,15000000.0,B,Loc_0-Type_2
UNIVERSITAS ISLAM SYEKH YUSUF,BANTEN,15000000.0,B,Loc_0-Type_2
UNIVERSITAS ISLAM SYEKH YUSUF,BANTEN,15000000.0,B,Loc_0-Type_2
UNIVERSITAS IVET,JAWA TENGAH,8800000.0,B,Loc_7-Type_0
UNIVERSITAS IVET,JAWA TENGAH,8800000.0,B,Loc_7-Type_0
UNIVERSITAS IVET,JAWA TENGAH,8800000.0,B,Loc_7-Type_0
UNIVERSITAS IVET,JAWA TENGAH,8800000.0,B,Loc_7-Type_0
UNIVERSITAS IVET,JAWA TENGAH,8800000.0,B,Loc_7-Type_0
UNIVERSITAS IVET,JAWA TENGAH,8800000.0,B,Loc_7-Type_0
UNIVERSITAS IVET,JAWA TENGAH,8800000.0,B,Loc_7-Type_0
UNIVERSITAS IVET,JAWA TENGAH,8800000.0,B,Loc_7-Type_0
UNIVERSITAS IVET,JAWA TENGAH,8800000.0,B,Loc_7-Type_0
UNIVERSITAS IVET,JAWA TENGAH,8800000.0,B,Loc_7-Type_0
UNIVERSITAS IVET,JAWA TENGAH,8800000.0,B,Loc_7-Type_0
UNIVERSITAS IVET,JAWA TENGAH,8800000.0,B,Loc_7-Type_0
UNIVERSITAS IVET,JAWA TENGAH,8800000.0,B,Loc_7-Type_0
UNIVERSITAS IVET,JAWA TENGAH,8800000.0,B,Loc_7-Type_0
UNIVERSITAS JABAL GHAFUR,ACEH,10000000.0,BAIK SEKALI,Loc_0-Type_1
UNIVERSITAS JABAL GHAFUR,ACEH,10000000.0,BAIK SEKALI,Loc_0-Type_1
UNIVERSITAS JABAL GHAFUR,ACEH,10000000.0,BAIK SEKALI,Loc_0-Type_1
UNIVERSITAS JABAL GHAFUR,ACEH,10000000.0,BAIK SEKALI,Loc_0-Type_1
UNIVERSITAS JABAL GHAFUR,ACEH,10000000.0,BAIK SEKALI,Loc_0-Type_1
UNIVERSITAS JABAL GHAFUR,ACEH,10000000.0,BAIK SEKALI,Loc_0-Type_1
UNIVERSITAS JABAL GHAFUR,ACEH,10000000.0,BAIK SEKALI,Loc_0-Type_1
UNIVERSITAS JABAL GHAFUR,ACEH,10000000.0,BAIK SEKALI,Loc_0-Type_1
UNIVERSITAS JABAL GHAFUR,ACEH,10000000.0,BAIK SEKALI,Loc_0-Type_1
UNIVERSITAS JABAL GHAFUR,ACEH,10000000.0,BAIK SEKALI,Loc_0-Type_1
UNIVERSITAS JABAL GHAFUR,ACEH,10000000.0,BAIK SEKALI,Loc_0-Type_1
UNIVERSITAS JABAL GHAFUR,ACEH,10000000.0,BAIK SEKALI,Loc_0-Type_1
UNIVERSITAS JABAL GHAFUR,ACEH,10000000.0,BAIK SEKALI,Loc_0-Type_1
UNIVERSITAS JABAL GHAFUR,ACEH,10000000.0,BAIK SEKALI,Loc_0-Type_1
UNIVERSITAS JABAL GHAFUR,ACEH,10000000.0,BAIK SEKALI,Loc_0-Type_1
UNIVERSITAS JABAL GHAFUR,ACEH,10000000.0,BAIK SEKALI,Loc_0-Type_1
UNIVERSITAS JABAL GHAFUR,ACEH,10000000.0,BAIK SEKALI,Loc_0-Type_1
UNIVERSITAS JABAL GHAFUR,ACEH,10000000.0,BAIK SEKALI,Loc_0-Type_1
UNIVERSITAS JABAL GHAFUR,ACEH,10000000.0,BAIK SEKALI,Loc_0-Type_1
UNIVERSITAS JANABADRA,D.I. YOGYAKARTA,9700000.0,B,Loc_0-Type_2
UNIVERSITAS JANABADRA,D.I. YOGYAKARTA,9700000.0,B,Loc_0-Type_2
UNIVERSITAS JANABADRA,D.I. YOGYAKARTA,9700000.0,B,Loc_0-Type_2
UNIVERSITAS JANABADRA,D.I. YOGYAKARTA,9700000.0,B,Loc_0-Type_2
UNIVERSITAS JANABADRA,D.I. YOGYAKARTA,9700000.0,B,Loc_0-Type_2
UNIVERSITAS JANABADRA,D.I. YOGYAKARTA,9700000.0,B,Loc_0-Type_2
UNIVERSITAS JANABADRA,D.I. YOGYAKARTA,9700000.0,B,Loc_0-Type_2
UNIVERSITAS JANABADRA,D.I. YOGYAKARTA,9700000.0,B,Loc_0-Type_2
UNIVERSITAS JANABADRA,D.I. YOGYAKARTA,9700000.0,B,Loc_0-Type_2
UNIVERSITAS JAYABAYA,D.K.I. JAKARTA,26750000.0,UNGGUL,Loc_4-Type_2
UNIVERSITAS JAYABAYA,D.K.I. JAKARTA,26750000.0,UNGGUL,Loc_4-Type_2
UNIVERSITAS JAYABAYA,D.K.I. JAKARTA,26750000.0,UNGGUL,Loc_4-Type_2
UNIVERSITAS JAYABAYA,D.K.I. JAKARTA,26750000.0,UNGGUL,Loc_4-Type_2
UNIVERSITAS JAYABAYA,D.K.I. JAKARTA,26750000.0,UNGGUL,Loc_4-Type_2
UNIVERSITAS JAYABAYA,D.K.I. JAKARTA,26750000.0,UNGGUL,Loc_4-Type_2
UNIVERSITAS JAYABAYA,D.K.I. JAKARTA,26750000.0,UNGGUL,Loc_4-Type_2
UNIVERSITAS JAYABAYA,D.K.I. JAKARTA,26750000.0,UNGGUL,Loc_4-Type_2
UNIVERSITAS JAYABAYA,D.K.I. JAKARTA,26750000.0,UNGGUL,Loc_4-Type_2
UNIVERSITAS JAYABAYA,D.K.I. JAKARTA,26750000.0,UNGGUL,Loc_4-Type_2
UNIVERSITAS JAYABAYA,D.K.I. JAKARTA,26750000.0,UNGGUL,Loc_4-Type_2
UNIVERSITAS JAYABAYA,D.K.I. JAKARTA,26750000.0,UNGGUL,Loc_4-Type_2
UNIVERSITAS JAYABAYA,D.K.I. JAKARTA,26750000.0,UNGGUL,Loc_4-Type_2
UNIVERSITAS JAYABAYA,D.K.I. JAKARTA,26750000.0,UNGGUL,Loc_4-Type_2
UNIVERSITAS JENDERAL ACHMAD YANI,JAWA BARAT,21504000.0,B,Loc_8-Type_0
UNIVERSITAS JENDERAL ACHMAD YANI,JAWA BARAT,21504000.0,B,Loc_8-Type_0
UNIVERSITAS JENDERAL ACHMAD YANI,JAWA BARAT,21504000.0,B,Loc_8-Type_0
UNIVERSITAS JENDERAL ACHMAD YANI,JAWA BARAT,21504000.0,B,Loc_8-Type_0
UNIVERSITAS JENDERAL ACHMAD YANI,JAWA BARAT,21504000.0,B,Loc_8-Type_0
UNIVERSITAS JENDERAL ACHMAD YANI,JAWA BARAT,21504000.0,B,Loc_8-Type_0
UNIVERSITAS JENDERAL ACHMAD YANI,JAWA BARAT,21504000.0,B,Loc_8-Type_0
UNIVERSITAS JENDERAL ACHMAD YANI,JAWA BARAT,21504000.0,B,Loc_8-Type_0
UNIVERSITAS JENDERAL ACHMAD YANI,JAWA BARAT,21504000.0,B,Loc_8-Type_0
UNIVERSITAS JENDERAL ACHMAD YANI,JAWA BARAT,21504000.0,B,Loc_8-Type_0
UNIVERSITAS JENDERAL ACHMAD YANI,JAWA BARAT,21504000.0,B,Loc_8-Type_0
UNIVERSITAS JENDERAL ACHMAD YANI,JAWA BARAT,21504000.0,B,Loc_8-Type_0
UNIVERSITAS JENDERAL ACHMAD YANI,JAWA BARAT,21504000.0,B,Loc_8-Type_0
UNIVERSITAS JENDERAL ACHMAD YANI,JAWA BARAT,21504000.0,B,Loc_8-Type_0
UNIVERSITAS JENDERAL ACHMAD YANI,JAWA BARAT,21504000.0,B,Loc_8-Type_0
UNIVERSITAS JENDERAL ACHMAD YANI,JAWA BARAT,21504000.0,B,Loc_8-Type_0
UNIVERSITAS JENDERAL ACHMAD YANI,JAWA BARAT,21504000.0,B,Loc_8-Type_0
UNIVERSITAS JENDERAL ACHMAD YANI,JAWA BARAT,21504000.0,B,Loc_8-Type_0
UNIVERSITAS JENDERAL ACHMAD YANI,JAWA BARAT,21504000.0,B,Loc_8-Type_0
UNIVERSITAS JENDERAL ACHMAD YANI,JAWA BARAT,21504000.0,B,Loc_8-Type_0
UNIVERSITAS JENDERAL ACHMAD YANI,JAWA BARAT,21504000.0,B,Loc_8-Type_0
UNIVERSITAS JENDERAL ACHMAD YANI,JAWA BARAT,21504000.0,B,Loc_8-Type_0
UNIVERSITAS JENDERAL ACHMAD YANI YOGYAKARTA,D.I. YOGYAKARTA,19000000.0,BAIK SEKALI,Loc_0-Type_1
UNIVERSITAS JENDERAL ACHMAD YANI YOGYAKARTA,D.I. YOGYAKARTA,19000000.0,BAIK SEKALI,Loc_0-Type_1
UNIVERSITAS JENDERAL ACHMAD YANI YOGYAKARTA,D.I. YOGYAKARTA,19000000.0,BAIK SEKALI,Loc_0-Type_1
UNIVERSITAS JENDERAL ACHMAD YANI YOGYAKARTA,D.I. YOGYAKARTA,19000000.0,BAIK SEKALI,Loc_0-Type_1
UNIVERSITAS JENDERAL ACHMAD YANI YOGYAKARTA,D.I. YOGYAKARTA,19000000.0,BAIK SEKALI,Loc_0-Type_1
UNIVERSITAS JENDERAL ACHMAD YANI YOGYAKARTA,D.I. YOGYAKARTA,19000000.0,BAIK SEKALI,Loc_0-Type_1
UNIVERSITAS JENDERAL ACHMAD YANI YOGYAKARTA,D.I. YOGYAKARTA,19000000.0,BAIK SEKALI,Loc_0-Type_1
UNIVERSITAS JENDERAL ACHMAD YANI YOGYAKARTA,D.I. YOGYAKARTA,19000000.0,BAIK SEKALI,Loc_0-Type_1
UNIVERSITAS JENDERAL ACHMAD YANI YOGYAKARTA,D.I. YOGYAKARTA,19000000.0,BAIK SEKALI,Loc_0-Type_1
UNIVERSITAS JENDERAL ACHMAD YANI YOGYAKARTA,D.I. YOGYAKARTA,19000000.0,BAIK SEKALI,Loc_0-Type_1
UNIVERSITAS JENDERAL ACHMAD YANI YOGYAKARTA,D.I. YOGYAKARTA,19000000.0,BAIK SEKALI,Loc_0-Type_1
UNIVERSITAS KADER BANGSA,SUMATERA SELATAN,10700000.0,BAIK SEKALI,Loc_0-Type_1
UNIVERSITAS KADER BANGSA,SUMATERA SELATAN,10700000.0,BAIK SEKALI,Loc_0-Type_1
UNIVERSITAS KADER BANGSA,SUMATERA SELATAN,10700000.0,BAIK SEKALI,Loc_0-Type_1
UNIVERSITAS KADER BANGSA,SUMATERA SELATAN,10700000.0,BAIK SEKALI,Loc_0-Type_1
UNIVERSITAS KADER BANGSA,SUMATERA SELATAN,10700000.0,BAIK SEKALI,Loc_0-Type_1
UNIVERSITAS KADER BANGSA,SUMATERA SELATAN,10700000.0,BAIK SEKALI,Loc_0-Type_1
UNIVERSITAS KADER BANGSA,SUMATERA SELATAN,10700000.0,BAIK SEKALI,Loc_0-Type_1
UNIVERSITAS KADIRI,JAWA TIMUR,71250000.0,BAIK SEKALI,Loc_5-Type_1
UNIVERSITAS KADIRI,JAWA TIMUR,71250000.0,BAIK SEKALI,Loc_5-Type_1
UNIVERSITAS KADIRI,JAWA TIMUR,71250000.0,BAIK SEKALI,Loc_5-Type_1
UNIVERSITAS KADIRI,JAWA TIMUR,71250000.0,BAIK SEKALI,Loc_5-Type_1
UNIVERSITAS KADIRI,JAWA TIMUR,71250000.0,BAIK SEKALI,Loc_5-Type_1
UNIVERSITAS KADIRI,JAWA TIMUR,71250000.0,BAIK SEKALI,Loc_5-Type_1
UNIVERSITAS KADIRI,JAWA TIMUR,71250000.0,BAIK SEKALI,Loc_5-Type_1
UNIVERSITAS KADIRI,JAWA TIMUR,71250000.0,BAIK SEKALI,Loc_5-Type_1
UNIVERSITAS KADIRI,JAWA TIMUR,71250000.0,BAIK SEKALI,Loc_5-Type_1
UNIVERSITAS KADIRI,JAWA TIMUR,71250000.0,BAIK SEKALI,Loc_5-Type_1
UNIVERSITAS KADIRI,JAWA TIMUR,71250000.0,BAIK SEKALI,Loc_5-Type_1
UNIVERSITAS KADIRI,JAWA TIMUR,71250000.0,BAIK SEKALI,Loc_5-Type_1
UNIVERSITAS KADIRI,JAWA TIMUR,71250000.0,BAIK SEKALI,Loc_5-Type_1
UNIVERSITAS KADIRI,JAWA TIMUR,71250000.0,BAIK SEKALI,Loc_5-Type_1
UNIVERSITAS KADIRI,JAWA TIMUR,71250000.0,BAIK SEKALI,Loc_5-Type_1
UNIVERSITAS KADIRI,JAWA TIMUR,71250000.0,BAIK SEKALI,Loc_5-Type_1
UNIVERSITAS KAHURIPAN KEDIRI,JAWA TIMUR,6950000.0,BAIK,Loc_5-Type_2
UNIVERSITAS KAHURIPAN KEDIRI,JAWA TIMUR,6950000.0,BAIK,Loc_5-Type_2
UNIVERSITAS KAHURIPAN KEDIRI,JAWA TIMUR,6950000.0,BAIK,Loc_5-Type_2
UNIVERSITAS KAHURIPAN KEDIRI,JAWA TIMUR,6950000.0,BAIK,Loc_5-Type_2
UNIVERSITAS KAHURIPAN KEDIRI,JAWA TIMUR,6950000.0,BAIK,Loc_5-Type_2
UNIVERSITAS KAHURIPAN KEDIRI,JAWA TIMUR,6950000.0,BAIK,Loc_5-Type_2
UNIVERSITAS KAHURIPAN KEDIRI,JAWA TIMUR,6950000.0,BAIK,Loc_5-Type_2
UNIVERSITAS KAHURIPAN KEDIRI,JAWA TIMUR,6950000.0,BAIK,Loc_5-Type_2
UNIVERSITAS KAHURIPAN KEDIRI,JAWA TIMUR,6950000.0,BAIK,Loc_5-Type_2
UNIVERSITAS KAHURIPAN KEDIRI,JAWA TIMUR,6950000.0,BAIK,Loc_5-Type_2
UNIVERSITAS KALBIS,D.K.I. JAKARTA,78860000.0,BAIK SEKALI,Loc_4-Type_2
UNIVERSITAS KALBIS,D.K.I. JAKARTA,78860000.0,BAIK SEKALI,Loc_4-Type_2
UNIVERSITAS KALBIS,D.K.I. JAKARTA,78860000.0,BAIK SEKALI,Loc_4-Type_2
UNIVERSITAS KALBIS,D.K.I. JAKARTA,78860000.0,BAIK SEKALI,Loc_4-Type_2
UNIVERSITAS KALBIS,D.K.I. JAKARTA,78860000.0,BAIK SEKALI,Loc_4-Type_2
UNIVERSITAS KALBIS,D.K.I. JAKARTA,78860000.0,BAIK SEKALI,Loc_4-Type_2
UNIVERSITAS KALBIS,D.K.I. JAKARTA,78860000.0,BAIK SEKALI,Loc_4-Type_2
UNIVERSITAS KALBIS,D.K.I. JAKARTA,78860000.0,BAIK SEKALI,Loc_4-Type_2
UNIVERSITAS KALTARA,KALIMANTAN UTARA,8400000.0,BAIK SEKALI,Loc_0-Type_1
UNIVERSITAS KALTARA,KALIMANTAN UTARA,8400000.0,BAIK SEKALI,Loc_0-Type_1
UNIVERSITAS KALTARA,KALIMANTAN UTARA,8400000.0,BAIK SEKALI,Loc_0-Type_1
UNIVERSITAS KALTARA,KALIMANTAN UTARA,8400000.0,BAIK SEKALI,Loc_0-Type_1
UNIVERSITAS KALTARA,KALIMANTAN UTARA,8400000.0,BAIK SEKALI,Loc_0-Type_1
UNIVERSITAS KALTARA,KALIMANTAN UTARA,8400000.0,BAIK SEKALI,Loc_0-Type_1
UNIVERSITAS KALTARA,KALIMANTAN UTARA,8400000.0,BAIK SEKALI,Loc_0-Type_1
UNIVERSITAS KALTARA,KALIMANTAN UTARA,8400000.0,BAIK SEKALI,Loc_0-Type_1
UNIVERSITAS KARYA HUSADA SEMARANG,JAWA TENGAH,14000000.0,BAIK,Loc_7-Type_0
UNIVERSITAS KARYA HUSADA SEMARANG,JAWA TENGAH,14000000.0,BAIK,Loc_7-Type_0
UNIVERSITAS KARYA HUSADA SEMARANG,JAWA TENGAH,14000000.0,BAIK,Loc_7-Type_0
UNIVERSITAS KARYA HUSADA SEMARANG,JAWA TENGAH,14000000.0,BAIK,Loc_7-Type_0
UNIVERSITAS KARYA HUSADA SEMARANG,JAWA TENGAH,14000000.0,BAIK,Loc_7-Type_0
UNIVERSITAS KARYA HUSADA SEMARANG,JAWA TENGAH,14000000.0,BAIK,Loc_7-Type_0
UNIVERSITAS KARYA PERSADA MUNA,SULAWESI TENGGARA,4800000.0,BAIK,Loc_0-Type_0
UNIVERSITAS KARYA PERSADA MUNA,SULAWESI TENGGARA,4800000.0,BAIK,Loc_0-Type_0
UNIVERSITAS KARYA PERSADA MUNA,SULAWESI TENGGARA,4800000.0,BAIK,Loc_0-Type_0
UNIVERSITAS KARYA PERSADA MUNA,SULAWESI TENGGARA,4800000.0,BAIK,Loc_0-Type_0
UNIVERSITAS KARYA PERSADA MUNA,SULAWESI TENGGARA,4800000.0,BAIK,Loc_0-Type_0
UNIVERSITAS KARYADARMA KUPANG,NUSA TENGGARA TIMUR,33660000.0,BAIK,Loc_0-Type_0
UNIVERSITAS KARYADARMA KUPANG,NUSA TENGGARA TIMUR,33660000.0,BAIK,Loc_0-Type_0
UNIVERSITAS KARYADARMA KUPANG,NUSA TENGGARA TIMUR,33660000.0,BAIK,Loc_0-Type_0
UNIVERSITAS KARYADARMA KUPANG,NUSA TENGGARA TIMUR,33660000.0,BAIK,Loc_0-Type_0
UNIVERSITAS KARYADARMA KUPANG,NUSA TENGGARA TIMUR,33660000.0,BAIK,Loc_0-Type_0
UNIVERSITAS KATOLIK DARMA CENDIKA,JAWA TIMUR,14775000.0,B,Loc_5-Type_0
UNIVERSITAS KATOLIK DARMA CENDIKA,JAWA TIMUR,14775000.0,B,Loc_5-Type_0
UNIVERSITAS KATOLIK DARMA CENDIKA,JAWA TIMUR,14775000.0,B,Loc_5-Type_0
UNIVERSITAS KATOLIK DARMA CENDIKA,JAWA TIMUR,14775000.0,B,Loc_5-Type_0
UNIVERSITAS KATOLIK DARMA CENDIKA,JAWA TIMUR,14775000.0,B,Loc_5-Type_0
UNIVERSITAS KATOLIK DARMA CENDIKA,JAWA TIMUR,14775000.0,B,Loc_5-Type_0
UNIVERSITAS KATOLIK DARMA CENDIKA,JAWA TIMUR,14775000.0,B,Loc_5-Type_0
UNIVERSITAS KATOLIK DE LA SALLE,SULAWESI UTARA,19270000.0,B,Loc_0-Type_2
UNIVERSITAS KATOLIK DE LA SALLE,SULAWESI UTARA,19270000.0,B,Loc_0-Type_2
UNIVERSITAS KATOLIK DE LA SALLE,SULAWESI UTARA,19270000.0,B,Loc_0-Type_2
UNIVERSITAS KATOLIK DE LA SALLE,SULAWESI UTARA,19270000.0,B,Loc_0-Type_2
UNIVERSITAS KATOLIK DE LA SALLE,SULAWESI UTARA,19270000.0,B,Loc_0-Type_2
UNIVERSITAS KATOLIK DE LA SALLE,SULAWESI UTARA,19270000.0,B,Loc_0-Type_2
UNIVERSITAS KATOLIK DE LA SALLE,SULAWESI UTARA,19270000.0,B,Loc_0-Type_2
UNIVERSITAS KATOLIK DE LA SALLE,SULAWESI UTARA,19270000.0,B,Loc_0-Type_2
UNIVERSITAS KATOLIK DE LA SALLE,SULAWESI UTARA,19270000.0,B,Loc_0-Type_2
UNIVERSITAS KATOLIK DE LA SALLE,SULAWESI UTARA,19270000.0,B,Loc_0-Type_2
UNIVERSITAS KATOLIK DE LA SALLE,SULAWESI UTARA,19270000.0,B,Loc_0-Type_2
UNIVERSITAS KATOLIK DE LA SALLE,SULAWESI UTARA,19270000.0,B,Loc_0-Type_2
UNIVERSITAS KATOLIK DE LA SALLE,SULAWESI UTARA,19270000.0,B,Loc_0-Type_2
UNIVERSITAS KATOLIK INDONESIA ATMA JAYA,DKI JAKARTA,289650000.0,A,Loc_0-Type_2
UNIVERSITAS KATOLIK INDONESIA ATMA JAYA,DKI JAKARTA,289650000.0,A,Loc_0-Type_2
UNIVERSITAS KATOLIK INDONESIA ATMA JAYA,DKI JAKARTA,289650000.0,A,Loc_0-Type_2
UNIVERSITAS KATOLIK INDONESIA ATMA JAYA,DKI JAKARTA,289650000.0,A,Loc_0-Type_2
UNIVERSITAS KATOLIK INDONESIA ATMA JAYA,DKI JAKARTA,289650000.0,A,Loc_0-Type_2
UNIVERSITAS KATOLIK INDONESIA ATMA JAYA,DKI JAKARTA,289650000.0,A,Loc_0-Type_2
UNIVERSITAS KATOLIK INDONESIA ATMA JAYA,DKI JAKARTA,289650000.0,A,Loc_0-Type_2
UNIVERSITAS KATOLIK INDONESIA ATMA JAYA,DKI JAKARTA,289650000.0,A,Loc_0-Type_2
UNIVERSITAS KATOLIK INDONESIA ATMA JAYA,DKI JAKARTA,289650000.0,A,Loc_0-Type_2
UNIVERSITAS KATOLIK INDONESIA ATMA JAYA,DKI JAKARTA,289650000.0,A,Loc_0-Type_2
UNIVERSITAS KATOLIK INDONESIA ATMA JAYA,DKI JAKARTA,289650000.0,A,Loc_0-Type_2
UNIVERSITAS KATOLIK INDONESIA ATMA JAYA,DKI JAKARTA,289650000.0,A,Loc_0-Type_2
UNIVERSITAS KATOLIK INDONESIA ATMA JAYA,DKI JAKARTA,289650000.0,A,Loc_0-Type_2
UNIVERSITAS KATOLIK INDONESIA ATMA JAYA,DKI JAKARTA,289650000.0,A,Loc_0-Type_2
UNIVERSITAS KATOLIK INDONESIA ATMA JAYA,DKI JAKARTA,289650000.0,A,Loc_0-Type_2
UNIVERSITAS KATOLIK INDONESIA ATMA JAYA,DKI JAKARTA,289650000.0,A,Loc_0-Type_2
UNIVERSITAS KATOLIK INDONESIA ATMA JAYA,DKI JAKARTA,289650000.0,A,Loc_0-Type_2
UNIVERSITAS KATOLIK INDONESIA ATMA JAYA,DKI JAKARTA,289650000.0,A,Loc_0-Type_2
UNIVERSITAS KATOLIK INDONESIA ATMA JAYA,DKI JAKARTA,289650000.0,A,Loc_0-Type_2
UNIVERSITAS KATOLIK INDONESIA ATMA JAYA,DKI JAKARTA,289650000.0,A,Loc_0-Type_2
UNIVERSITAS KATOLIK INDONESIA ATMA JAYA,DKI JAKARTA,289650000.0,A,Loc_0-Type_2
UNIVERSITAS KATOLIK INDONESIA ATMA JAYA,DKI JAKARTA,289650000.0,A,Loc_0-Type_2
UNIVERSITAS KATOLIK INDONESIA SANTU PAULUS RUTENG,NUSA TENGGARA TIMUR,5800000.0,B,Loc_0-Type_2
UNIVERSITAS KATOLIK INDONESIA SANTU PAULUS RUTENG,NUSA TENGGARA TIMUR,5800000.0,B,Loc_0-Type_2
UNIVERSITAS KATOLIK INDONESIA SANTU PAULUS RUTENG,NUSA TENGGARA TIMUR,5800000.0,B,Loc_0-Type_2
UNIVERSITAS KATOLIK INDONESIA SANTU PAULUS RUTENG,NUSA TENGGARA TIMUR,5800000.0,B,Loc_0-Type_2
UNIVERSITAS KATOLIK INDONESIA SANTU PAULUS RUTENG,NUSA TENGGARA TIMUR,5800000.0,B,Loc_0-Type_2
UNIVERSITAS KATOLIK INDONESIA SANTU PAULUS RUTENG,NUSA TENGGARA TIMUR,5800000.0,B,Loc_0-Type_2
UNIVERSITAS KATOLIK INDONESIA SANTU PAULUS RUTENG,NUSA TENGGARA TIMUR,5800000.0,B,Loc_0-Type_2
UNIVERSITAS KATOLIK INDONESIA SANTU PAULUS RUTENG,NUSA TENGGARA TIMUR,5800000.0,B,Loc_0-Type_2
UNIVERSITAS KATOLIK INDONESIA SANTU PAULUS RUTENG,NUSA TENGGARA TIMUR,5800000.0,B,Loc_0-Type_2
UNIVERSITAS KATOLIK INDONESIA SANTU PAULUS RUTENG,NUSA TENGGARA TIMUR,5800000.0,B,Loc_0-Type_2
UNIVERSITAS KATOLIK MUSI CHARITAS,SUMATERA SELATAN,18000000.0,B,Loc_0-Type_2
UNIVERSITAS KATOLIK MUSI CHARITAS,SUMATERA SELATAN,18000000.0,B,Loc_0-Type_2
UNIVERSITAS KATOLIK MUSI CHARITAS,SUMATERA SELATAN,18000000.0,B,Loc_0-Type_2
UNIVERSITAS KATOLIK MUSI CHARITAS,SUMATERA SELATAN,18000000.0,B,Loc_0-Type_2
UNIVERSITAS KATOLIK MUSI CHARITAS,SUMATERA SELATAN,18000000.0,B,Loc_0-Type_2
UNIVERSITAS KATOLIK MUSI CHARITAS,SUMATERA SELATAN,18000000.0,B,Loc_0-Type_2
UNIVERSITAS KATOLIK MUSI CHARITAS,SUMATERA SELATAN,18000000.0,B,Loc_0-Type_2
UNIVERSITAS KATOLIK MUSI CHARITAS,SUMATERA SELATAN,18000000.0,B,Loc_0-Type_2
UNIVERSITAS KATOLIK MUSI CHARITAS,SUMATERA SELATAN,18000000.0,B,Loc_0-Type_2
UNIVERSITAS KATOLIK MUSI CHARITAS,SUMATERA SELATAN,18000000.0,B,Loc_0-Type_2
UNIVERSITAS KATOLIK PARAHYANGAN,JAWA BARAT,66400000.0,A,Loc_8-Type_0
UNIVERSITAS KATOLIK PARAHYANGAN,JAWA BARAT,66400000.0,A,Loc_8-Type_0
UNIVERSITAS KATOLIK PARAHYANGAN,JAWA BARAT,66400000.0,A,Loc_8-Type_0
UNIVERSITAS KATOLIK SANTO AGUSTINUS HIPPO,KALIMANTAN BARAT,20420000.0,BAIK,Loc_6-Type_1
UNIVERSITAS KATOLIK SANTO AGUSTINUS HIPPO,KALIMANTAN BARAT,20420000.0,BAIK,Loc_6-Type_1
UNIVERSITAS KATOLIK SANTO AGUSTINUS HIPPO,KALIMANTAN BARAT,20420000.0,BAIK,Loc_6-Type_1
UNIVERSITAS KATOLIK SANTO AGUSTINUS HIPPO,KALIMANTAN BARAT,20420000.0,BAIK,Loc_6-Type_1
UNIVERSITAS KATOLIK SANTO AGUSTINUS HIPPO,KALIMANTAN BARAT,20420000.0,BAIK,Loc_6-Type_1
UNIVERSITAS KATOLIK SANTO THOMAS,SUMATERA UTARA,40335000.0,B,Loc_0-Type_2
UNIVERSITAS KATOLIK SANTO THOMAS,SUMATERA UTARA,40335000.0,B,Loc_0-Type_2
UNIVERSITAS KATOLIK SANTO THOMAS,SUMATERA UTARA,40335000.0,B,Loc_0-Type_2
UNIVERSITAS KATOLIK SANTO THOMAS,SUMATERA UTARA,40335000.0,B,Loc_0-Type_2
UNIVERSITAS KATOLIK SANTO THOMAS,SUMATERA UTARA,40335000.0,B,Loc_0-Type_2
UNIVERSITAS KATOLIK SANTO THOMAS,SUMATERA UTARA,40335000.0,B,Loc_0-Type_2
UNIVERSITAS KATOLIK SANTO THOMAS,SUMATERA UTARA,40335000.0,B,Loc_0-Type_2
UNIVERSITAS KATOLIK SANTO THOMAS,SUMATERA UTARA,40335000.0,B,Loc_0-Type_2
UNIVERSITAS KATOLIK SANTO THOMAS,SUMATERA UTARA,40335000.0,B,Loc_0-Type_2
UNIVERSITAS KATOLIK SANTO THOMAS,SUMATERA UTARA,40335000.0,B,Loc_0-Type_2
UNIVERSITAS KATOLIK SANTO THOMAS,SUMATERA UTARA,40335000.0,B,Loc_0-Type_2
UNIVERSITAS KATOLIK SANTO THOMAS,SUMATERA UTARA,40335000.0,B,Loc_0-Type_2
UNIVERSITAS KATOLIK SANTO THOMAS,SUMATERA UTARA,40335000.0,B,Loc_0-Type_2
UNIVERSITAS KATOLIK SANTO THOMAS,SUMATERA UTARA,40335000.0,B,Loc_0-Type_2
UNIVERSITAS KATOLIK SANTO THOMAS,SUMATERA UTARA,40335000.0,B,Loc_0-Type_2
UNIVERSITAS KATOLIK SANTO THOMAS,SUMATERA UTARA,40335000.0,B,Loc_0-Type_2
UNIVERSITAS KATOLIK SOEGIJAPRANATA,JAWA TENGAH,15500000.0,A,Loc_7-Type_0
UNIVERSITAS KATOLIK SOEGIJAPRANATA,JAWA TENGAH,15500000.0,A,Loc_7-Type_0
UNIVERSITAS KATOLIK SOEGIJAPRANATA,JAWA TENGAH,15500000.0,A,Loc_7-Type_0
UNIVERSITAS KATOLIK SOEGIJAPRANATA,JAWA TENGAH,15500000.0,A,Loc_7-Type_0
UNIVERSITAS KATOLIK SOEGIJAPRANATA,JAWA TENGAH,15500000.0,A,Loc_7-Type_0
UNIVERSITAS KATOLIK SOEGIJAPRANATA,JAWA TENGAH,15500000.0,A,Loc_7-Type_0
UNIVERSITAS KATOLIK SOEGIJAPRANATA,JAWA TENGAH,15500000.0,A,Loc_7-Type_0
UNIVERSITAS KATOLIK SOEGIJAPRANATA,JAWA TENGAH,15500000.0,A,Loc_7-Type_0
UNIVERSITAS KATOLIK SOEGIJAPRANATA,JAWA TENGAH,15500000.0,A,Loc_7-Type_0
UNIVERSITAS KATOLIK SOEGIJAPRANATA,JAWA TENGAH,15500000.0,A,Loc_7-Type_0
UNIVERSITAS KATOLIK SOEGIJAPRANATA,JAWA TENGAH,15500000.0,A,Loc_7-Type_0
UNIVERSITAS KATOLIK SOEGIJAPRANATA,JAWA TENGAH,15500000.0,A,Loc_7-Type_0
UNIVERSITAS KATOLIK SOEGIJAPRANATA,JAWA TENGAH,15500000.0,A,Loc_7-Type_0
UNIVERSITAS KATOLIK SOEGIJAPRANATA,JAWA TENGAH,15500000.0,A,Loc_7-Type_0
UNIVERSITAS KATOLIK SOEGIJAPRANATA,JAWA TENGAH,15500000.0,A,Loc_7-Type_0
UNIVERSITAS KATOLIK SOEGIJAPRANATA,JAWA TENGAH,15500000.0,A,Loc_7-Type_0
UNIVERSITAS KATOLIK SOEGIJAPRANATA,JAWA TENGAH,15500000.0,A,Loc_7-Type_0
UNIVERSITAS KATOLIK SOEGIJAPRANATA,JAWA TENGAH,15500000.0,A,Loc_7-Type_0
UNIVERSITAS KATOLIK WEETEBULA,NUSA TENGGARA TIMUR,5370000.0,BAIK SEKALI,Loc_0-Type_1
UNIVERSITAS KATOLIK WEETEBULA,NUSA TENGGARA TIMUR,5370000.0,BAIK SEKALI,Loc_0-Type_1
UNIVERSITAS KATOLIK WEETEBULA,NUSA TENGGARA TIMUR,5370000.0,BAIK SEKALI,Loc_0-Type_1
UNIVERSITAS KATOLIK WEETEBULA,NUSA TENGGARA TIMUR,5370000.0,BAIK SEKALI,Loc_0-Type_1
UNIVERSITAS KATOLIK WEETEBULA,NUSA TENGGARA TIMUR,5370000.0,BAIK SEKALI,Loc_0-Type_1
UNIVERSITAS KATOLIK WEETEBULA,NUSA TENGGARA TIMUR,5370000.0,BAIK SEKALI,Loc_0-Type_1
UNIVERSITAS KATOLIK WEETEBULA,NUSA TENGGARA TIMUR,5370000.0,BAIK SEKALI,Loc_0-Type_1
UNIVERSITAS KATOLIK WEETEBULA,NUSA TENGGARA TIMUR,5370000.0,BAIK SEKALI,Loc_0-Type_1
UNIVERSITAS KATOLIK WIDYA KARYA,JAWA TIMUR,9250000.0,BAIK,Loc_5-Type_2
UNIVERSITAS KATOLIK WIDYA KARYA,JAWA TIMUR,9250000.0,BAIK,Loc_5-Type_2
UNIVERSITAS KATOLIK WIDYA KARYA,JAWA TIMUR,9250000.0,BAIK,Loc_5-Type_2
UNIVERSITAS KATOLIK WIDYA KARYA,JAWA TIMUR,9250000.0,BAIK,Loc_5-Type_2
UNIVERSITAS KATOLIK WIDYA KARYA,JAWA TIMUR,9250000.0,BAIK,Loc_5-Type_2
UNIVERSITAS KATOLIK WIDYA KARYA,JAWA TIMUR,9250000.0,BAIK,Loc_5-Type_2
UNIVERSITAS KATOLIK WIDYA KARYA,JAWA TIMUR,9250000.0,BAIK,Loc_5-Type_2
UNIVERSITAS KATOLIK WIDYA KARYA,JAWA TIMUR,9250000.0,BAIK,Loc_5-Type_2
UNIVERSITAS KATOLIK WIDYA MANDALA SURABAYA,JAWA TIMUR,234470600.0,A,Loc_5-Type_0
UNIVERSITAS KATOLIK WIDYA MANDALA SURABAYA,JAWA TIMUR,234470600.0,A,Loc_5-Type_0
UNIVERSITAS KATOLIK WIDYA MANDALA SURABAYA,JAWA TIMUR,234470600.0,A,Loc_5-Type_0
UNIVERSITAS KATOLIK WIDYA MANDALA SURABAYA,JAWA TIMUR,234470600.0,A,Loc_5-Type_0
UNIVERSITAS KATOLIK WIDYA MANDALA SURABAYA,JAWA TIMUR,234470600.0,A,Loc_5-Type_0
UNIVERSITAS KATOLIK WIDYA MANDALA SURABAYA,JAWA TIMUR,234470600.0,A,Loc_5-Type_0
UNIVERSITAS KATOLIK WIDYA MANDALA SURABAYA,JAWA TIMUR,234470600.0,A,Loc_5-Type_0
UNIVERSITAS KATOLIK WIDYA MANDALA SURABAYA,JAWA TIMUR,234470600.0,A,Loc_5-Type_0
UNIVERSITAS KATOLIK WIDYA MANDALA SURABAYA,JAWA TIMUR,234470600.0,A,Loc_5-Type_0
UNIVERSITAS KATOLIK WIDYA MANDALA SURABAYA,JAWA TIMUR,234470600.0,A,Loc_5-Type_0
UNIVERSITAS KATOLIK WIDYA MANDALA SURABAYA,JAWA TIMUR,234470600.0,A,Loc_5-Type_0
UNIVERSITAS KATOLIK WIDYA MANDALA SURABAYA,JAWA TIMUR,234470600.0,A,Loc_5-Type_0
UNIVERSITAS KATOLIK WIDYA MANDALA SURABAYA,JAWA TIMUR,234470600.0,A,Loc_5-Type_0
UNIVERSITAS KATOLIK WIDYA MANDALA SURABAYA,JAWA TIMUR,234470600.0,A,Loc_5-Type_0
UNIVERSITAS KATOLIK WIDYA MANDALA SURABAYA,JAWA TIMUR,234470600.0,A,Loc_5-Type_0
UNIVERSITAS KATOLIK WIDYA MANDALA SURABAYA,JAWA TIMUR,234470600.0,A,Loc_5-Type_0
UNIVERSITAS KATOLIK WIDYA MANDALA SURABAYA,JAWA TIMUR,234470600.0,A,Loc_5-Type_0
UNIVERSITAS KATOLIK WIDYA MANDALA SURABAYA,JAWA TIMUR,234470600.0,A,Loc_5-Type_0
UNIVERSITAS KATOLIK WIDYA MANDALA SURABAYA,JAWA TIMUR,234470600.0,A,Loc_5-Type_0
UNIVERSITAS KATOLIK WIDYA MANDALA SURABAYA,JAWA TIMUR,234470600.0,A,Loc_5-Type_0
UNIVERSITAS KATOLIK WIDYA MANDALA SURABAYA,JAWA TIMUR,234470600.0,A,Loc_5-Type_0
UNIVERSITAS KATOLIK WIDYA MANDIRA KUPANG,NUSA TENGGARA TIMUR,7725000.0,B,Loc_0-Type_2
UNIVERSITAS KATOLIK WIDYA MANDIRA KUPANG,NUSA TENGGARA TIMUR,7725000.0,B,Loc_0-Type_2
UNIVERSITAS KATOLIK WIDYA MANDIRA KUPANG,NUSA TENGGARA TIMUR,7725000.0,B,Loc_0-Type_2
UNIVERSITAS KATOLIK WIDYA MANDIRA KUPANG,NUSA TENGGARA TIMUR,7725000.0,B,Loc_0-Type_2
UNIVERSITAS KATOLIK WIDYA MANDIRA KUPANG,NUSA TENGGARA TIMUR,7725000.0,B,Loc_0-Type_2
UNIVERSITAS KATOLIK WIDYA MANDIRA KUPANG,NUSA TENGGARA TIMUR,7725000.0,B,Loc_0-Type_2
UNIVERSITAS KATOLIK WIDYA MANDIRA KUPANG,NUSA TENGGARA TIMUR,7725000.0,B,Loc_0-Type_2
UNIVERSITAS KATOLIK WIDYA MANDIRA KUPANG,NUSA TENGGARA TIMUR,7725000.0,B,Loc_0-Type_2
UNIVERSITAS KATOLIK WIDYA MANDIRA KUPANG,NUSA TENGGARA TIMUR,7725000.0,B,Loc_0-Type_2
UNIVERSITAS KATOLIK WIDYA MANDIRA KUPANG,NUSA TENGGARA TIMUR,7725000.0,B,Loc_0-Type_2
UNIVERSITAS KATOLIK WIDYA MANDIRA KUPANG,NUSA TENGGARA TIMUR,7725000.0,B,Loc_0-Type_2
UNIVERSITAS KATOLIK WIDYA MANDIRA KUPANG,NUSA TENGGARA TIMUR,7725000.0,B,Loc_0-Type_2
UNIVERSITAS KATOLIK WIDYA MANDIRA KUPANG,NUSA TENGGARA TIMUR,7725000.0,B,Loc_0-Type_2
UNIVERSITAS KATOLIK WIDYA MANDIRA KUPANG,NUSA TENGGARA TIMUR,7725000.0,B,Loc_0-Type_2
UNIVERSITAS KATOLIK WIDYA MANDIRA KUPANG,NUSA TENGGARA TIMUR,7725000.0,B,Loc_0-Type_2
UNIVERSITAS KATOLIK WIDYA MANDIRA KUPANG,NUSA TENGGARA TIMUR,7725000.0,B,Loc_0-Type_2
UNIVERSITAS KATOLIK WIDYA MANDIRA KUPANG,NUSA TENGGARA TIMUR,7725000.0,B,Loc_0-Type_2
UNIVERSITAS KATOLIK WIDYA MANDIRA KUPANG,NUSA TENGGARA TIMUR,7725000.0,B,Loc_0-Type_2
UNIVERSITAS KATOLIK WIDYA MANDIRA KUPANG,NUSA TENGGARA TIMUR,7725000.0,B,Loc_0-Type_2
UNIVERSITAS KATOLIK WIDYA MANDIRA KUPANG,NUSA TENGGARA TIMUR,7725000.0,B,Loc_0-Type_2
UNIVERSITAS KEBANGSAAN REPUBLIK INDONESIA,JAWA BARAT,66200003.0,BAIK SEKALI,Loc_8-Type_1
UNIVERSITAS KEBANGSAAN REPUBLIK INDONESIA,JAWA BARAT,66200003.0,BAIK SEKALI,Loc_8-Type_1
UNIVERSITAS KEBANGSAAN REPUBLIK INDONESIA,JAWA BARAT,66200003.0,BAIK SEKALI,Loc_8-Type_1
UNIVERSITAS KEBANGSAAN REPUBLIK INDONESIA,JAWA BARAT,66200003.0,BAIK SEKALI,Loc_8-Type_1
UNIVERSITAS KEBANGSAAN REPUBLIK INDONESIA,JAWA BARAT,66200003.0,BAIK SEKALI,Loc_8-Type_1
UNIVERSITAS KEBANGSAAN REPUBLIK INDONESIA,JAWA BARAT,66200003.0,BAIK SEKALI,Loc_8-Type_1
UNIVERSITAS KEBANGSAAN REPUBLIK INDONESIA,JAWA BARAT,66200003.0,BAIK SEKALI,Loc_8-Type_1
UNIVERSITAS KEBANGSAAN REPUBLIK INDONESIA,JAWA BARAT,66200003.0,BAIK SEKALI,Loc_8-Type_1
UNIVERSITAS KEBANGSAAN REPUBLIK INDONESIA,JAWA BARAT,66200003.0,BAIK SEKALI,Loc_8-Type_1
UNIVERSITAS KEBANGSAAN REPUBLIK INDONESIA,JAWA BARAT,66200003.0,BAIK SEKALI,Loc_8-Type_1
UNIVERSITAS KEBANGSAAN REPUBLIK INDONESIA,JAWA BARAT,66200003.0,BAIK SEKALI,Loc_8-Type_1
UNIVERSITAS KEBANGSAAN REPUBLIK INDONESIA,JAWA BARAT,66200003.0,BAIK SEKALI,Loc_8-Type_1
UNIVERSITAS KEBANGSAAN REPUBLIK INDONESIA,JAWA BARAT,66200003.0,BAIK SEKALI,Loc_8-Type_1
UNIVERSITAS KEBANGSAAN REPUBLIK INDONESIA,JAWA BARAT,66200003.0,BAIK SEKALI,Loc_8-Type_1
UNIVERSITAS KEPANJEN,JAWA TIMUR,13800000.0,B,Loc_5-Type_0
UNIVERSITAS KEPANJEN,JAWA TIMUR,13800000.0,B,Loc_5-Type_0
UNIVERSITAS KEPANJEN,JAWA TIMUR,13800000.0,B,Loc_5-Type_0
UNIVERSITAS KEPANJEN,JAWA TIMUR,13800000.0,B,Loc_5-Type_0
UNIVERSITAS KEPANJEN,JAWA TIMUR,13800000.0,B,Loc_5-Type_0
UNIVERSITAS KH. A. WAHAB HASBULLAH,JAWA TIMUR,7400000.0,BAIK SEKALI,Loc_5-Type_1
UNIVERSITAS KH. A. WAHAB HASBULLAH,JAWA TIMUR,7400000.0,BAIK SEKALI,Loc_5-Type_1
UNIVERSITAS KH. A. WAHAB HASBULLAH,JAWA TIMUR,7400000.0,BAIK SEKALI,Loc_5-Type_1
UNIVERSITAS KH. A. WAHAB HASBULLAH,JAWA TIMUR,7400000.0,BAIK SEKALI,Loc_5-Type_1
UNIVERSITAS KH. A. WAHAB HASBULLAH,JAWA TIMUR,7400000.0,BAIK SEKALI,Loc_5-Type_1
UNIVERSITAS KH. A. WAHAB HASBULLAH,JAWA TIMUR,7400000.0,BAIK SEKALI,Loc_5-Type_1
UNIVERSITAS KH. A. WAHAB HASBULLAH,JAWA TIMUR,7400000.0,BAIK SEKALI,Loc_5-Type_1
UNIVERSITAS KH. A. WAHAB HASBULLAH,JAWA TIMUR,7400000.0,BAIK SEKALI,Loc_5-Type_1
UNIVERSITAS KH. A. WAHAB HASBULLAH,JAWA TIMUR,7400000.0,BAIK SEKALI,Loc_5-Type_1
UNIVERSITAS KH. BAHAUDIN MUDHARY MADURA,JAWA TIMUR,8800000.0,BAIK,Loc_5-Type_2
UNIVERSITAS KH. BAHAUDIN MUDHARY MADURA,JAWA TIMUR,8800000.0,BAIK,Loc_5-Type_2
UNIVERSITAS KH. BAHAUDIN MUDHARY MADURA,JAWA TIMUR,8800000.0,BAIK,Loc_5-Type_2
UNIVERSITAS KH. BAHAUDIN MUDHARY MADURA,JAWA TIMUR,8800000.0,BAIK,Loc_5-Type_2
UNIVERSITAS KH. BAHAUDIN MUDHARY MADURA,JAWA TIMUR,8800000.0,BAIK,Loc_5-Type_2
UNIVERSITAS KH. BAHAUDIN MUDHARY MADURA,JAWA TIMUR,8800000.0,BAIK,Loc_5-Type_2
UNIVERSITAS KH. BAHAUDIN MUDHARY MADURA,JAWA TIMUR,8800000.0,BAIK,Loc_5-Type_2
UNIVERSITAS KLABAT,SULAWESI UTARA,18125000.0,B,Loc_0-Type_2
UNIVERSITAS KLABAT,SULAWESI UTARA,18125000.0,B,Loc_0-Type_2
UNIVERSITAS KLABAT,SULAWESI UTARA,18125000.0,B,Loc_0-Type_2
UNIVERSITAS KLABAT,SULAWESI UTARA,18125000.0,B,Loc_0-Type_2
UNIVERSITAS KLABAT,SULAWESI UTARA,18125000.0,B,Loc_0-Type_2
UNIVERSITAS KLABAT,SULAWESI UTARA,18125000.0,B,Loc_0-Type_2
UNIVERSITAS KLABAT,SULAWESI UTARA,18125000.0,B,Loc_0-Type_2
UNIVERSITAS KLABAT,SULAWESI UTARA,18125000.0,B,Loc_0-Type_2
UNIVERSITAS KLABAT,SULAWESI UTARA,18125000.0,B,Loc_0-Type_2
UNIVERSITAS KLABAT,SULAWESI UTARA,18125000.0,B,Loc_0-Type_2
UNIVERSITAS KLABAT,SULAWESI UTARA,18125000.0,B,Loc_0-Type_2
UNIVERSITAS KOMPUTER INDONESIA,JAWA BARAT,24950000.0,B,Loc_8-Type_0
UNIVERSITAS KOMPUTER INDONESIA,JAWA BARAT,24950000.0,B,Loc_8-Type_0
UNIVERSITAS KOMPUTER INDONESIA,JAWA BARAT,24950000.0,B,Loc_8-Type_0
UNIVERSITAS KOMPUTER INDONESIA,JAWA BARAT,24950000.0,B,Loc_8-Type_0
UNIVERSITAS KOMPUTER INDONESIA,JAWA BARAT,24950000.0,B,Loc_8-Type_0
UNIVERSITAS KOMPUTER INDONESIA,JAWA BARAT,24950000.0,B,Loc_8-Type_0
UNIVERSITAS KOMPUTER INDONESIA,JAWA BARAT,24950000.0,B,Loc_8-Type_0
UNIVERSITAS KOMPUTER INDONESIA,JAWA BARAT,24950000.0,B,Loc_8-Type_0
UNIVERSITAS KOMPUTER INDONESIA,JAWA BARAT,24950000.0,B,Loc_8-Type_0
UNIVERSITAS KOMPUTER INDONESIA,JAWA BARAT,24950000.0,B,Loc_8-Type_0
UNIVERSITAS KOMPUTER INDONESIA,JAWA BARAT,24950000.0,B,Loc_8-Type_0
UNIVERSITAS KOMPUTER INDONESIA,JAWA BARAT,24950000.0,B,Loc_8-Type_0
UNIVERSITAS KOMPUTER INDONESIA,JAWA BARAT,24950000.0,B,Loc_8-Type_0
UNIVERSITAS KOMPUTER INDONESIA,JAWA BARAT,24950000.0,B,Loc_8-Type_0
UNIVERSITAS KOMPUTER INDONESIA,JAWA BARAT,24950000.0,B,Loc_8-Type_0
UNIVERSITAS KOMPUTER INDONESIA,JAWA BARAT,24950000.0,B,Loc_8-Type_0
UNIVERSITAS KOMPUTER INDONESIA,JAWA BARAT,24950000.0,B,Loc_8-Type_0
UNIVERSITAS KOMPUTER INDONESIA,JAWA BARAT,24950000.0,B,Loc_8-Type_0
UNIVERSITAS KOMPUTER INDONESIA,JAWA BARAT,24950000.0,B,Loc_8-Type_0
UNIVERSITAS KOMPUTER INDONESIA,JAWA BARAT,24950000.0,B,Loc_8-Type_0
UNIVERSITAS KOMPUTER INDONESIA,JAWA BARAT,24950000.0,B,Loc_8-Type_0
UNIVERSITAS KOMPUTER INDONESIA,JAWA BARAT,24950000.0,B,Loc_8-Type_0
UNIVERSITAS KOMPUTER INDONESIA,JAWA BARAT,24950000.0,B,Loc_8-Type_0
UNIVERSITAS KOPERASI INDONESIA,JAWA BARAT,57050000.0,BAIK SEKALI,Loc_8-Type_1
UNIVERSITAS KOPERASI INDONESIA,JAWA BARAT,57050000.0,BAIK SEKALI,Loc_8-Type_1
UNIVERSITAS KOPERASI INDONESIA,JAWA BARAT,57050000.0,BAIK SEKALI,Loc_8-Type_1
UNIVERSITAS KOPERASI INDONESIA,JAWA BARAT,57050000.0,BAIK SEKALI,Loc_8-Type_1
UNIVERSITAS KOPERASI INDONESIA,JAWA BARAT,57050000.0,BAIK SEKALI,Loc_8-Type_1
UNIVERSITAS KRISNADWIPAYANA,D.K.I. JAKARTA,40500000.0,B,Loc_4-Type_1
UNIVERSITAS KRISNADWIPAYANA,D.K.I. JAKARTA,40500000.0,B,Loc_4-Type_1
UNIVERSITAS KRISNADWIPAYANA,D.K.I. JAKARTA,40500000.0,B,Loc_4-Type_1
UNIVERSITAS KRISNADWIPAYANA,D.K.I. JAKARTA,40500000.0,B,Loc_4-Type_1
UNIVERSITAS KRISNADWIPAYANA,D.K.I. JAKARTA,40500000.0,B,Loc_4-Type_1
UNIVERSITAS KRISNADWIPAYANA,D.K.I. JAKARTA,40500000.0,B,Loc_4-Type_1
UNIVERSITAS KRISNADWIPAYANA,D.K.I. JAKARTA,40500000.0,B,Loc_4-Type_1
UNIVERSITAS KRISNADWIPAYANA,D.K.I. JAKARTA,40500000.0,B,Loc_4-Type_1
UNIVERSITAS KRISNADWIPAYANA,D.K.I. JAKARTA,40500000.0,B,Loc_4-Type_1
UNIVERSITAS KRISNADWIPAYANA,D.K.I. JAKARTA,40500000.0,B,Loc_4-Type_1
UNIVERSITAS KRISNADWIPAYANA,D.K.I. JAKARTA,40500000.0,B,Loc_4-Type_1
UNIVERSITAS KRISNADWIPAYANA,D.K.I. JAKARTA,40500000.0,B,Loc_4-Type_1
UNIVERSITAS KRISNADWIPAYANA,D.K.I. JAKARTA,40500000.0,B,Loc_4-Type_1
UNIVERSITAS KRISNADWIPAYANA,D.K.I. JAKARTA,40500000.0,B,Loc_4-Type_1
UNIVERSITAS KRISNADWIPAYANA,D.K.I. JAKARTA,40500000.0,B,Loc_4-Type_1
UNIVERSITAS KRISNADWIPAYANA,D.K.I. JAKARTA,40500000.0,B,Loc_4-Type_1
UNIVERSITAS KRISTEN ARTHA WACANA,NUSA TENGGARA TIMUR,4400000.0,B,Loc_0-Type_2
UNIVERSITAS KRISTEN ARTHA WACANA,NUSA TENGGARA TIMUR,4400000.0,B,Loc_0-Type_2
UNIVERSITAS KRISTEN ARTHA WACANA,NUSA TENGGARA TIMUR,4400000.0,B,Loc_0-Type_2
UNIVERSITAS KRISTEN ARTHA WACANA,NUSA TENGGARA TIMUR,4400000.0,B,Loc_0-Type_2
UNIVERSITAS KRISTEN ARTHA WACANA,NUSA TENGGARA TIMUR,4400000.0,B,Loc_0-Type_2
UNIVERSITAS KRISTEN ARTHA WACANA,NUSA TENGGARA TIMUR,4400000.0,B,Loc_0-Type_2
UNIVERSITAS KRISTEN ARTHA WACANA,NUSA TENGGARA TIMUR,4400000.0,B,Loc_0-Type_2
UNIVERSITAS KRISTEN ARTHA WACANA,NUSA TENGGARA TIMUR,4400000.0,B,Loc_0-Type_2
UNIVERSITAS KRISTEN ARTHA WACANA,NUSA TENGGARA TIMUR,4400000.0,B,Loc_0-Type_2
UNIVERSITAS KRISTEN ARTHA WACANA,NUSA TENGGARA TIMUR,4400000.0,B,Loc_0-Type_2
UNIVERSITAS KRISTEN ARTHA WACANA,NUSA TENGGARA TIMUR,4400000.0,B,Loc_0-Type_2
UNIVERSITAS KRISTEN ARTHA WACANA,NUSA TENGGARA TIMUR,4400000.0,B,Loc_0-Type_2
UNIVERSITAS KRISTEN ARTHA WACANA,NUSA TENGGARA TIMUR,4400000.0,B,Loc_0-Type_2
UNIVERSITAS KRISTEN DUTA WACANA,DI YOGYAKARTA,16000000.0,A,Loc_0-Type_1
UNIVERSITAS KRISTEN DUTA WACANA,DI YOGYAKARTA,16000000.0,A,Loc_0-Type_1
UNIVERSITAS KRISTEN DUTA WACANA,DI YOGYAKARTA,16000000.0,A,Loc_0-Type_1
UNIVERSITAS KRISTEN DUTA WACANA,DI YOGYAKARTA,16000000.0,A,Loc_0-Type_1
UNIVERSITAS KRISTEN DUTA WACANA,DI YOGYAKARTA,16000000.0,A,Loc_0-Type_1
UNIVERSITAS KRISTEN DUTA WACANA,DI YOGYAKARTA,16000000.0,A,Loc_0-Type_1
UNIVERSITAS KRISTEN DUTA WACANA,DI YOGYAKARTA,16000000.0,A,Loc_0-Type_1
UNIVERSITAS KRISTEN DUTA WACANA,DI YOGYAKARTA,16000000.0,A,Loc_0-Type_1
UNIVERSITAS KRISTEN DUTA WACANA,DI YOGYAKARTA,16000000.0,A,Loc_0-Type_1
UNIVERSITAS KRISTEN DUTA WACANA,DI YOGYAKARTA,16000000.0,A,Loc_0-Type_1
UNIVERSITAS KRISTEN IMMANUEL,D.I. YOGYAKARTA,13575923.0,B,Loc_0-Type_2
UNIVERSITAS KRISTEN IMMANUEL,D.I. YOGYAKARTA,13575923.0,B,Loc_0-Type_2
UNIVERSITAS KRISTEN IMMANUEL,D.I. YOGYAKARTA,13575923.0,B,Loc_0-Type_2
UNIVERSITAS KRISTEN IMMANUEL,D.I. YOGYAKARTA,13575923.0,B,Loc_0-Type_2
UNIVERSITAS KRISTEN IMMANUEL,D.I. YOGYAKARTA,13575923.0,B,Loc_0-Type_2
UNIVERSITAS KRISTEN INDONESIA,DKI JAKARTA,30000000.0,B,Loc_0-Type_2
UNIVERSITAS KRISTEN INDONESIA,DKI JAKARTA,30000000.0,B,Loc_0-Type_2
UNIVERSITAS KRISTEN INDONESIA,DKI JAKARTA,30000000.0,B,Loc_0-Type_2
UNIVERSITAS KRISTEN INDONESIA,DKI JAKARTA,30000000.0,B,Loc_0-Type_2
UNIVERSITAS KRISTEN INDONESIA,DKI JAKARTA,30000000.0,B,Loc_0-Type_2
UNIVERSITAS KRISTEN INDONESIA,DKI JAKARTA,30000000.0,B,Loc_0-Type_2
UNIVERSITAS KRISTEN INDONESIA,DKI JAKARTA,30000000.0,B,Loc_0-Type_2
UNIVERSITAS KRISTEN INDONESIA,DKI JAKARTA,30000000.0,B,Loc_0-Type_2
UNIVERSITAS KRISTEN INDONESIA,DKI JAKARTA,30000000.0,B,Loc_0-Type_2
UNIVERSITAS KRISTEN INDONESIA,DKI JAKARTA,30000000.0,B,Loc_0-Type_2
UNIVERSITAS KRISTEN INDONESIA,DKI JAKARTA,30000000.0,B,Loc_0-Type_2
UNIVERSITAS KRISTEN INDONESIA,DKI JAKARTA,30000000.0,B,Loc_0-Type_2
UNIVERSITAS KRISTEN INDONESIA,DKI JAKARTA,30000000.0,B,Loc_0-Type_2
UNIVERSITAS KRISTEN INDONESIA,DKI JAKARTA,30000000.0,B,Loc_0-Type_2
UNIVERSITAS KRISTEN INDONESIA,DKI JAKARTA,30000000.0,B,Loc_0-Type_2
UNIVERSITAS KRISTEN INDONESIA,DKI JAKARTA,30000000.0,B,Loc_0-Type_2
UNIVERSITAS KRISTEN INDONESIA,DKI JAKARTA,30000000.0,B,Loc_0-Type_2
UNIVERSITAS KRISTEN INDONESIA,DKI JAKARTA,30000000.0,B,Loc_0-Type_2
UNIVERSITAS KRISTEN INDONESIA,DKI JAKARTA,30000000.0,B,Loc_0-Type_2
UNIVERSITAS KRISTEN INDONESIA,DKI JAKARTA,30000000.0,B,Loc_0-Type_2
UNIVERSITAS KRISTEN INDONESIA,DKI JAKARTA,30000000.0,B,Loc_0-Type_2
UNIVERSITAS KRISTEN INDONESIA,DKI JAKARTA,30000000.0,B,Loc_0-Type_2
UNIVERSITAS KRISTEN INDONESIA PAULUS,SULAWESI SELATAN,13400000.0,B,Loc_3-Type_2
UNIVERSITAS KRISTEN INDONESIA PAULUS,SULAWESI SELATAN,13400000.0,B,Loc_3-Type_2
UNIVERSITAS KRISTEN INDONESIA PAULUS,SULAWESI SELATAN,13400000.0,B,Loc_3-Type_2
UNIVERSITAS KRISTEN INDONESIA PAULUS,SULAWESI SELATAN,13400000.0,B,Loc_3-Type_2
UNIVERSITAS KRISTEN INDONESIA PAULUS,SULAWESI SELATAN,13400000.0,B,Loc_3-Type_2
UNIVERSITAS KRISTEN INDONESIA PAULUS,SULAWESI SELATAN,13400000.0,B,Loc_3-Type_2
UNIVERSITAS KRISTEN INDONESIA PAULUS,SULAWESI SELATAN,13400000.0,B,Loc_3-Type_2
UNIVERSITAS KRISTEN INDONESIA PAULUS,SULAWESI SELATAN,13400000.0,B,Loc_3-Type_2
UNIVERSITAS KRISTEN INDONESIA PAULUS,SULAWESI SELATAN,13400000.0,B,Loc_3-Type_2
UNIVERSITAS KRISTEN INDONESIA PAULUS,SULAWESI SELATAN,13400000.0,B,Loc_3-Type_2
UNIVERSITAS KRISTEN INDONESIA PAULUS,SULAWESI SELATAN,13400000.0,B,Loc_3-Type_2
UNIVERSITAS KRISTEN INDONESIA TOMOHON,SULAWESI UTARA,52160000.0,BAIK,Loc_0-Type_0
UNIVERSITAS KRISTEN INDONESIA TOMOHON,SULAWESI UTARA,52160000.0,BAIK,Loc_0-Type_0
UNIVERSITAS KRISTEN INDONESIA TOMOHON,SULAWESI UTARA,52160000.0,BAIK,Loc_0-Type_0
UNIVERSITAS KRISTEN INDONESIA TOMOHON,SULAWESI UTARA,52160000.0,BAIK,Loc_0-Type_0
UNIVERSITAS KRISTEN INDONESIA TOMOHON,SULAWESI UTARA,52160000.0,BAIK,Loc_0-Type_0
UNIVERSITAS KRISTEN INDONESIA TOMOHON,SULAWESI UTARA,52160000.0,BAIK,Loc_0-Type_0
UNIVERSITAS KRISTEN INDONESIA TOMOHON,SULAWESI UTARA,52160000.0,BAIK,Loc_0-Type_0
UNIVERSITAS KRISTEN INDONESIA TOMOHON,SULAWESI UTARA,52160000.0,BAIK,Loc_0-Type_0
UNIVERSITAS KRISTEN INDONESIA TOMOHON,SULAWESI UTARA,52160000.0,BAIK,Loc_0-Type_0
UNIVERSITAS KRISTEN INDONESIA TOMOHON,SULAWESI UTARA,52160000.0,BAIK,Loc_0-Type_0
UNIVERSITAS KRISTEN INDONESIA TORAJA,SULAWESI SELATAN,6000000.0,BAIK,Loc_3-Type_0
UNIVERSITAS KRISTEN INDONESIA TORAJA,SULAWESI SELATAN,6000000.0,BAIK,Loc_3-Type_0
UNIVERSITAS KRISTEN INDONESIA TORAJA,SULAWESI SELATAN,6000000.0,BAIK,Loc_3-Type_0
UNIVERSITAS KRISTEN INDONESIA TORAJA,SULAWESI SELATAN,6000000.0,BAIK,Loc_3-Type_0
UNIVERSITAS KRISTEN INDONESIA TORAJA,SULAWESI SELATAN,6000000.0,BAIK,Loc_3-Type_0
UNIVERSITAS KRISTEN INDONESIA TORAJA,SULAWESI SELATAN,6000000.0,BAIK,Loc_3-Type_0
UNIVERSITAS KRISTEN INDONESIA TORAJA,SULAWESI SELATAN,6000000.0,BAIK,Loc_3-Type_0
UNIVERSITAS KRISTEN INDONESIA TORAJA,SULAWESI SELATAN,6000000.0,BAIK,Loc_3-Type_0
UNIVERSITAS KRISTEN INDONESIA TORAJA,SULAWESI SELATAN,6000000.0,BAIK,Loc_3-Type_0
UNIVERSITAS KRISTEN INDONESIA TORAJA,SULAWESI SELATAN,6000000.0,BAIK,Loc_3-Type_0
UNIVERSITAS KRISTEN INDONESIA TORAJA,SULAWESI SELATAN,6000000.0,BAIK,Loc_3-Type_0
UNIVERSITAS KRISTEN INDONESIA TORAJA,SULAWESI SELATAN,6000000.0,BAIK,Loc_3-Type_0
UNIVERSITAS KRISTEN KRIDA WACANA,D.K.I. JAKARTA,56000000.0,C,Loc_4-Type_2
UNIVERSITAS KRISTEN KRIDA WACANA,D.K.I. JAKARTA,56000000.0,C,Loc_4-Type_2
UNIVERSITAS KRISTEN KRIDA WACANA,D.K.I. JAKARTA,56000000.0,C,Loc_4-Type_2
UNIVERSITAS KRISTEN KRIDA WACANA,D.K.I. JAKARTA,56000000.0,C,Loc_4-Type_2
UNIVERSITAS KRISTEN KRIDA WACANA,D.K.I. JAKARTA,56000000.0,C,Loc_4-Type_2
UNIVERSITAS KRISTEN KRIDA WACANA,D.K.I. JAKARTA,56000000.0,C,Loc_4-Type_2
UNIVERSITAS KRISTEN KRIDA WACANA,D.K.I. JAKARTA,56000000.0,C,Loc_4-Type_2
UNIVERSITAS KRISTEN KRIDA WACANA,D.K.I. JAKARTA,56000000.0,C,Loc_4-Type_2
UNIVERSITAS KRISTEN KRIDA WACANA,D.K.I. JAKARTA,56000000.0,C,Loc_4-Type_2
UNIVERSITAS KRISTEN KRIDA WACANA,D.K.I. JAKARTA,56000000.0,C,Loc_4-Type_2
UNIVERSITAS KRISTEN KRIDA WACANA,D.K.I. JAKARTA,56000000.0,C,Loc_4-Type_2
UNIVERSITAS KRISTEN MARANATHA,JAWA BARAT,52352500.0,B,Loc_8-Type_0
UNIVERSITAS KRISTEN MARANATHA,JAWA BARAT,52352500.0,B,Loc_8-Type_0
UNIVERSITAS KRISTEN MARANATHA,JAWA BARAT,52352500.0,B,Loc_8-Type_0
UNIVERSITAS KRISTEN MARANATHA,JAWA BARAT,52352500.0,B,Loc_8-Type_0
UNIVERSITAS KRISTEN MARANATHA,JAWA BARAT,52352500.0,B,Loc_8-Type_0
UNIVERSITAS KRISTEN MARANATHA,JAWA BARAT,52352500.0,B,Loc_8-Type_0
UNIVERSITAS KRISTEN MARANATHA,JAWA BARAT,52352500.0,B,Loc_8-Type_0
UNIVERSITAS KRISTEN MARANATHA,JAWA BARAT,52352500.0,B,Loc_8-Type_0
UNIVERSITAS KRISTEN MARANATHA,JAWA BARAT,52352500.0,B,Loc_8-Type_0
UNIVERSITAS KRISTEN MARANATHA,JAWA BARAT,52352500.0,B,Loc_8-Type_0
UNIVERSITAS KRISTEN MARANATHA,JAWA BARAT,52352500.0,B,Loc_8-Type_0
UNIVERSITAS KRISTEN MARANATHA,JAWA BARAT,52352500.0,B,Loc_8-Type_0
UNIVERSITAS KRISTEN MARANATHA,JAWA BARAT,52352500.0,B,Loc_8-Type_0
UNIVERSITAS KRISTEN MARANATHA,JAWA BARAT,52352500.0,B,Loc_8-Type_0
UNIVERSITAS KRISTEN MARANATHA,JAWA BARAT,52352500.0,B,Loc_8-Type_0
UNIVERSITAS KRISTEN MARANATHA,JAWA BARAT,52352500.0,B,Loc_8-Type_0
UNIVERSITAS KRISTEN MARANATHA,JAWA BARAT,52352500.0,B,Loc_8-Type_0
UNIVERSITAS KRISTEN MARANATHA,JAWA BARAT,52352500.0,B,Loc_8-Type_0
UNIVERSITAS KRISTEN MARANATHA,JAWA BARAT,52352500.0,B,Loc_8-Type_0
UNIVERSITAS KRISTEN PALANGKA RAYA,KALIMANTAN TENGAH,13350001.0,BAIK,Loc_0-Type_0
UNIVERSITAS KRISTEN PALANGKA RAYA,KALIMANTAN TENGAH,13350001.0,BAIK,Loc_0-Type_0
UNIVERSITAS KRISTEN PAPUA,PAPUA BARAT,5625000.0,BAIK,Loc_2-Type_1
UNIVERSITAS KRISTEN PAPUA,PAPUA BARAT,5625000.0,BAIK,Loc_2-Type_1
UNIVERSITAS KRISTEN PAPUA,PAPUA BARAT,5625000.0,BAIK,Loc_2-Type_1
UNIVERSITAS KRISTEN PAPUA,PAPUA BARAT,5625000.0,BAIK,Loc_2-Type_1
UNIVERSITAS KRISTEN PAPUA,PAPUA BARAT,5625000.0,BAIK,Loc_2-Type_1
UNIVERSITAS KRISTEN PETRA,JAWA TIMUR,28000000.0,A,Loc_5-Type_1
UNIVERSITAS KRISTEN PETRA,JAWA TIMUR,28000000.0,A,Loc_5-Type_1
UNIVERSITAS KRISTEN PETRA,JAWA TIMUR,28000000.0,A,Loc_5-Type_1
UNIVERSITAS KRISTEN PETRA,JAWA TIMUR,28000000.0,A,Loc_5-Type_1
UNIVERSITAS KRISTEN PETRA,JAWA TIMUR,28000000.0,A,Loc_5-Type_1
UNIVERSITAS KRISTEN PETRA,JAWA TIMUR,28000000.0,A,Loc_5-Type_1
UNIVERSITAS KRISTEN PETRA,JAWA TIMUR,28000000.0,A,Loc_5-Type_1
UNIVERSITAS KRISTEN PETRA,JAWA TIMUR,28000000.0,A,Loc_5-Type_1
UNIVERSITAS KRISTEN PETRA,JAWA TIMUR,28000000.0,A,Loc_5-Type_1
UNIVERSITAS KRISTEN PETRA,JAWA TIMUR,28000000.0,A,Loc_5-Type_1
UNIVERSITAS KRISTEN PETRA,JAWA TIMUR,28000000.0,A,Loc_5-Type_1
UNIVERSITAS KRISTEN PETRA,JAWA TIMUR,28000000.0,A,Loc_5-Type_1
UNIVERSITAS KRISTEN PETRA,JAWA TIMUR,28000000.0,A,Loc_5-Type_1
UNIVERSITAS KRISTEN PETRA,JAWA TIMUR,28000000.0,A,Loc_5-Type_1
UNIVERSITAS KRISTEN PETRA,JAWA TIMUR,28000000.0,A,Loc_5-Type_1
UNIVERSITAS KRISTEN PETRA,JAWA TIMUR,28000000.0,A,Loc_5-Type_1
UNIVERSITAS KRISTEN PETRA,JAWA TIMUR,28000000.0,A,Loc_5-Type_1
UNIVERSITAS KRISTEN PETRA,JAWA TIMUR,28000000.0,A,Loc_5-Type_1
UNIVERSITAS KRISTEN PETRA,JAWA TIMUR,28000000.0,A,Loc_5-Type_1
UNIVERSITAS KRISTEN PETRA,JAWA TIMUR,28000000.0,A,Loc_5-Type_1
UNIVERSITAS KRISTEN PETRA,JAWA TIMUR,28000000.0,A,Loc_5-Type_1
UNIVERSITAS KRISTEN PETRA,JAWA TIMUR,28000000.0,A,Loc_5-Type_1
UNIVERSITAS KRISTEN PETRA,JAWA TIMUR,28000000.0,A,Loc_5-Type_1
UNIVERSITAS KRISTEN PETRA,JAWA TIMUR,28000000.0,A,Loc_5-Type_1
UNIVERSITAS KRISTEN PETRA,JAWA TIMUR,28000000.0,A,Loc_5-Type_1
UNIVERSITAS KRISTEN PETRA,JAWA TIMUR,28000000.0,A,Loc_5-Type_1
UNIVERSITAS KRISTEN PETRA,JAWA TIMUR,28000000.0,A,Loc_5-Type_1
UNIVERSITAS KRISTEN PETRA,JAWA TIMUR,28000000.0,A,Loc_5-Type_1
UNIVERSITAS KRISTEN PETRA,JAWA TIMUR,28000000.0,A,Loc_5-Type_1
UNIVERSITAS KRISTEN PETRA,JAWA TIMUR,28000000.0,A,Loc_5-Type_1
UNIVERSITAS KRISTEN PETRA,JAWA TIMUR,28000000.0,A,Loc_5-Type_1
UNIVERSITAS KRISTEN SATYA WACANA,JAWA TENGAH,276850001.0,A,Loc_7-Type_1
UNIVERSITAS KRISTEN SATYA WACANA,JAWA TENGAH,276850001.0,A,Loc_7-Type_1
UNIVERSITAS KRISTEN SATYA WACANA,JAWA TENGAH,276850001.0,A,Loc_7-Type_1
UNIVERSITAS KRISTEN SATYA WACANA,JAWA TENGAH,276850001.0,A,Loc_7-Type_1
UNIVERSITAS KRISTEN SATYA WACANA,JAWA TENGAH,276850001.0,A,Loc_7-Type_1
UNIVERSITAS KRISTEN SATYA WACANA,JAWA TENGAH,276850001.0,A,Loc_7-Type_1
UNIVERSITAS KRISTEN SATYA WACANA,JAWA TENGAH,276850001.0,A,Loc_7-Type_1
UNIVERSITAS KRISTEN SATYA WACANA,JAWA TENGAH,276850001.0,A,Loc_7-Type_1
UNIVERSITAS KRISTEN SATYA WACANA,JAWA TENGAH,276850001.0,A,Loc_7-Type_1
UNIVERSITAS KRISTEN SATYA WACANA,JAWA TENGAH,276850001.0,A,Loc_7-Type_1
UNIVERSITAS KRISTEN SATYA WACANA,JAWA TENGAH,276850001.0,A,Loc_7-Type_1
UNIVERSITAS KRISTEN SATYA WACANA,JAWA TENGAH,276850001.0,A,Loc_7-Type_1
UNIVERSITAS KRISTEN SATYA WACANA,JAWA TENGAH,276850001.0,A,Loc_7-Type_1
UNIVERSITAS KRISTEN SATYA WACANA,JAWA TENGAH,276850001.0,A,Loc_7-Type_1
UNIVERSITAS KRISTEN SATYA WACANA,JAWA TENGAH,276850001.0,A,Loc_7-Type_1
UNIVERSITAS KRISTEN SATYA WACANA,JAWA TENGAH,276850001.0,A,Loc_7-Type_1
UNIVERSITAS KRISTEN SATYA WACANA,JAWA TENGAH,276850001.0,A,Loc_7-Type_1
UNIVERSITAS KRISTEN SATYA WACANA,JAWA TENGAH,276850001.0,A,Loc_7-Type_1
UNIVERSITAS KRISTEN SATYA WACANA,JAWA TENGAH,276850001.0,A,Loc_7-Type_1
UNIVERSITAS KRISTEN SATYA WACANA,JAWA TENGAH,276850001.0,A,Loc_7-Type_1
UNIVERSITAS KRISTEN SATYA WACANA,JAWA TENGAH,276850001.0,A,Loc_7-Type_1
UNIVERSITAS KRISTEN SATYA WACANA,JAWA TENGAH,276850001.0,A,Loc_7-Type_1
UNIVERSITAS KRISTEN SATYA WACANA,JAWA TENGAH,276850001.0,A,Loc_7-Type_1
UNIVERSITAS KRISTEN SATYA WACANA,JAWA TENGAH,276850001.0,A,Loc_7-Type_1
UNIVERSITAS KRISTEN SATYA WACANA,JAWA TENGAH,276850001.0,A,Loc_7-Type_1
UNIVERSITAS KRISTEN SATYA WACANA,JAWA TENGAH,276850001.0,A,Loc_7-Type_1
UNIVERSITAS KRISTEN SATYA WACANA,JAWA TENGAH,276850001.0,A,Loc_7-Type_1
UNIVERSITAS KRISTEN SATYA WACANA,JAWA TENGAH,276850001.0,A,Loc_7-Type_1
UNIVERSITAS KRISTEN SATYA WACANA,JAWA TENGAH,276850001.0,A,Loc_7-Type_1
UNIVERSITAS KRISTEN SATYA WACANA,JAWA TENGAH,276850001.0,A,Loc_7-Type_1
UNIVERSITAS KRISTEN SATYA WACANA,JAWA TENGAH,276850001.0,A,Loc_7-Type_1
UNIVERSITAS KRISTEN SATYA WACANA,JAWA TENGAH,276850001.0,A,Loc_7-Type_1
UNIVERSITAS KRISTEN SATYA WACANA,JAWA TENGAH,276850001.0,A,Loc_7-Type_1
UNIVERSITAS KRISTEN SATYA WACANA,JAWA TENGAH,276850001.0,A,Loc_7-Type_1
UNIVERSITAS KRISTEN SATYA WACANA,JAWA TENGAH,276850001.0,A,Loc_7-Type_1
UNIVERSITAS KRISTEN SATYA WACANA,JAWA TENGAH,276850001.0,A,Loc_7-Type_1
UNIVERSITAS KRISTEN SATYA WACANA,JAWA TENGAH,276850001.0,A,Loc_7-Type_1
UNIVERSITAS KRISTEN SATYA WACANA,JAWA TENGAH,276850001.0,A,Loc_7-Type_1
UNIVERSITAS KRISTEN SATYA WACANA,JAWA TENGAH,276850001.0,A,Loc_7-Type_1
UNIVERSITAS KRISTEN SATYA WACANA,JAWA TENGAH,276850001.0,A,Loc_7-Type_1
UNIVERSITAS KRISTEN TEKNOLOGI SOLO,JAWA TENGAH,6535000.0,BAIK,Loc_7-Type_0
UNIVERSITAS KRISTEN TEKNOLOGI SOLO,JAWA TENGAH,6535000.0,BAIK,Loc_7-Type_0
UNIVERSITAS KRISTEN TEKNOLOGI SOLO,JAWA TENGAH,6535000.0,BAIK,Loc_7-Type_0
UNIVERSITAS KRISTEN TEKNOLOGI SOLO,JAWA TENGAH,6535000.0,BAIK,Loc_7-Type_0
UNIVERSITAS KRISTEN TENTENA,SULAWESI TENGAH,4800000.0,BAIK,Loc_0-Type_0
UNIVERSITAS KRISTEN TENTENA,SULAWESI TENGAH,4800000.0,BAIK,Loc_0-Type_0
UNIVERSITAS KRISTEN TENTENA,SULAWESI TENGAH,4800000.0,BAIK,Loc_0-Type_0
UNIVERSITAS KRISTEN TENTENA,SULAWESI TENGAH,4800000.0,BAIK,Loc_0-Type_0
UNIVERSITAS KRISTEN TENTENA,SULAWESI TENGAH,4800000.0,BAIK,Loc_0-Type_0
UNIVERSITAS KRISTEN TENTENA,SULAWESI TENGAH,4800000.0,BAIK,Loc_0-Type_0
UNIVERSITAS KRISTEN TENTENA,SULAWESI TENGAH,4800000.0,BAIK,Loc_0-Type_0
UNIVERSITAS KRISTEN WIRA WACANA SUMBA,NUSA TENGGARA TIMUR,19330000.0,BAIK,Loc_0-Type_0
UNIVERSITAS KRISTEN WIRA WACANA SUMBA,NUSA TENGGARA TIMUR,19330000.0,BAIK,Loc_0-Type_0
UNIVERSITAS KRISTEN WIRA WACANA SUMBA,NUSA TENGGARA TIMUR,19330000.0,BAIK,Loc_0-Type_0
UNIVERSITAS KRISTEN WIRA WACANA SUMBA,NUSA TENGGARA TIMUR,19330000.0,BAIK,Loc_0-Type_0
UNIVERSITAS KRISTEN WIRA WACANA SUMBA,NUSA TENGGARA TIMUR,19330000.0,BAIK,Loc_0-Type_0
UNIVERSITAS KRISTEN WIRA WACANA SUMBA,NUSA TENGGARA TIMUR,19330000.0,BAIK,Loc_0-Type_0
UNIVERSITAS KRISTEN WIRA WACANA SUMBA,NUSA TENGGARA TIMUR,19330000.0,BAIK,Loc_0-Type_0
UNIVERSITAS KRISTEN WIRA WACANA SUMBA,NUSA TENGGARA TIMUR,19330000.0,BAIK,Loc_0-Type_0
UNIVERSITAS KRISTEN WIRA WACANA SUMBA,NUSA TENGGARA TIMUR,19330000.0,BAIK,Loc_0-Type_0
UNIVERSITAS KRISTEN WIRA WACANA SUMBA,NUSA TENGGARA TIMUR,19330000.0,BAIK,Loc_0-Type_0
UNIVERSITAS KRISTEN WIRA WACANA SUMBA,NUSA TENGGARA TIMUR,19330000.0,BAIK,Loc_0-Type_0
UNIVERSITAS KUNINGAN,JAWA BARAT,12150000.0,B,Loc_8-Type_0
UNIVERSITAS KUNINGAN,JAWA BARAT,12150000.0,B,Loc_8-Type_0
UNIVERSITAS KUNINGAN,JAWA BARAT,12150000.0,B,Loc_8-Type_0
UNIVERSITAS KUNINGAN,JAWA BARAT,12150000.0,B,Loc_8-Type_0
UNIVERSITAS KUNINGAN,JAWA BARAT,12150000.0,B,Loc_8-Type_0
UNIVERSITAS KUNINGAN,JAWA BARAT,12150000.0,B,Loc_8-Type_0
UNIVERSITAS KUNINGAN,JAWA BARAT,12150000.0,B,Loc_8-Type_0
UNIVERSITAS KUNINGAN,JAWA BARAT,12150000.0,B,Loc_8-Type_0
UNIVERSITAS KUNINGAN,JAWA BARAT,12150000.0,B,Loc_8-Type_0
UNIVERSITAS KUNINGAN,JAWA BARAT,12150000.0,B,Loc_8-Type_0
UNIVERSITAS KUNINGAN,JAWA BARAT,12150000.0,B,Loc_8-Type_0
UNIVERSITAS KUNINGAN,JAWA BARAT,12150000.0,B,Loc_8-Type_0
UNIVERSITAS KUNINGAN,JAWA BARAT,12150000.0,B,Loc_8-Type_0
UNIVERSITAS KUNINGAN,JAWA BARAT,12150000.0,B,Loc_8-Type_0
UNIVERSITAS KUSUMA HUSADA SURAKARTA,JAWA TENGAH,7550000.0,BAIK,Loc_7-Type_0
UNIVERSITAS KUSUMA HUSADA SURAKARTA,JAWA TENGAH,7550000.0,BAIK,Loc_7-Type_0
UNIVERSITAS KUSUMA HUSADA SURAKARTA,JAWA TENGAH,7550000.0,BAIK,Loc_7-Type_0
UNIVERSITAS KUSUMA HUSADA SURAKARTA,JAWA TENGAH,7550000.0,BAIK,Loc_7-Type_0
UNIVERSITAS KUSUMA HUSADA SURAKARTA,JAWA TENGAH,7550000.0,BAIK,Loc_7-Type_0
UNIVERSITAS KUSUMA HUSADA SURAKARTA,JAWA TENGAH,7550000.0,BAIK,Loc_7-Type_0
UNIVERSITAS KUTAI KARTANEGARA TENGGARONG,KALIMANTAN TIMUR,8355000.0,BAIK SEKALI,Loc_0-Type_1
UNIVERSITAS KUTAI KARTANEGARA TENGGARONG,KALIMANTAN TIMUR,8355000.0,BAIK SEKALI,Loc_0-Type_1
UNIVERSITAS KUTAI KARTANEGARA TENGGARONG,KALIMANTAN TIMUR,8355000.0,BAIK SEKALI,Loc_0-Type_1
UNIVERSITAS KUTAI KARTANEGARA TENGGARONG,KALIMANTAN TIMUR,8355000.0,BAIK SEKALI,Loc_0-Type_1
UNIVERSITAS KUTAI KARTANEGARA TENGGARONG,KALIMANTAN TIMUR,8355000.0,BAIK SEKALI,Loc_0-Type_1
UNIVERSITAS KUTAI KARTANEGARA TENGGARONG,KALIMANTAN TIMUR,8355000.0,BAIK SEKALI,Loc_0-Type_1
UNIVERSITAS KUTAI KARTANEGARA TENGGARONG,KALIMANTAN TIMUR,8355000.0,BAIK SEKALI,Loc_0-Type_1
UNIVERSITAS KUTAI KARTANEGARA TENGGARONG,KALIMANTAN TIMUR,8355000.0,BAIK SEKALI,Loc_0-Type_1
UNIVERSITAS LA TANSA MASHIRO,BANTEN,3900000.0,BAIK,Loc_0-Type_0
UNIVERSITAS LA TANSA MASHIRO,BANTEN,3900000.0,BAIK,Loc_0-Type_0
UNIVERSITAS LA TANSA MASHIRO,BANTEN,3900000.0,BAIK,Loc_0-Type_0
UNIVERSITAS LA TANSA MASHIRO,BANTEN,3900000.0,BAIK,Loc_0-Type_0
UNIVERSITAS LA TANSA MASHIRO,BANTEN,3900000.0,BAIK,Loc_0-Type_0
UNIVERSITAS LA TANSA MASHIRO,BANTEN,3900000.0,BAIK,Loc_0-Type_0
UNIVERSITAS LA TANSA MASHIRO,BANTEN,3900000.0,BAIK,Loc_0-Type_0
UNIVERSITAS LABUHANBATU,SUMATERA UTARA,13500000.0,B,Loc_0-Type_2
UNIVERSITAS LABUHANBATU,SUMATERA UTARA,13500000.0,B,Loc_0-Type_2
UNIVERSITAS LABUHANBATU,SUMATERA UTARA,13500000.0,B,Loc_0-Type_2
UNIVERSITAS LABUHANBATU,SUMATERA UTARA,13500000.0,B,Loc_0-Type_2
UNIVERSITAS LABUHANBATU,SUMATERA UTARA,13500000.0,B,Loc_0-Type_2
UNIVERSITAS LABUHANBATU,SUMATERA UTARA,13500000.0,B,Loc_0-Type_2
UNIVERSITAS LABUHANBATU,SUMATERA UTARA,13500000.0,B,Loc_0-Type_2
UNIVERSITAS LABUHANBATU,SUMATERA UTARA,13500000.0,B,Loc_0-Type_2
UNIVERSITAS LABUHANBATU,SUMATERA UTARA,13500000.0,B,Loc_0-Type_2
UNIVERSITAS LAMAPPAPOLEONRO,SULAWESI SELATAN,7500000.0,B,Loc_3-Type_0
UNIVERSITAS LAMAPPAPOLEONRO,SULAWESI SELATAN,7500000.0,B,Loc_3-Type_0
UNIVERSITAS LAMAPPAPOLEONRO,SULAWESI SELATAN,7500000.0,B,Loc_3-Type_0
UNIVERSITAS LAMAPPAPOLEONRO,SULAWESI SELATAN,7500000.0,B,Loc_3-Type_0
UNIVERSITAS LAMAPPAPOLEONRO,SULAWESI SELATAN,7500000.0,B,Loc_3-Type_0
UNIVERSITAS LANGLANG BUANA,JAWA BARAT,7000000.0,BAIK SEKALI,Loc_8-Type_1
UNIVERSITAS LANGLANG BUANA,JAWA BARAT,7000000.0,BAIK SEKALI,Loc_8-Type_1
UNIVERSITAS LANGLANG BUANA,JAWA BARAT,7000000.0,BAIK SEKALI,Loc_8-Type_1
UNIVERSITAS LANGLANG BUANA,JAWA BARAT,7000000.0,BAIK SEKALI,Loc_8-Type_1
UNIVERSITAS LANGLANG BUANA,JAWA BARAT,7000000.0,BAIK SEKALI,Loc_8-Type_1
UNIVERSITAS LANGLANG BUANA,JAWA BARAT,7000000.0,BAIK SEKALI,Loc_8-Type_1
UNIVERSITAS LANGLANG BUANA,JAWA BARAT,7000000.0,BAIK SEKALI,Loc_8-Type_1
UNIVERSITAS LANGLANG BUANA,JAWA BARAT,7000000.0,BAIK SEKALI,Loc_8-Type_1
UNIVERSITAS LANGLANG BUANA,JAWA BARAT,7000000.0,BAIK SEKALI,Loc_8-Type_1
UNIVERSITAS LANGLANG BUANA,JAWA BARAT,7000000.0,BAIK SEKALI,Loc_8-Type_1
UNIVERSITAS LANGLANG BUANA,JAWA BARAT,7000000.0,BAIK SEKALI,Loc_8-Type_1
UNIVERSITAS LANGLANG BUANA,JAWA BARAT,7000000.0,BAIK SEKALI,Loc_8-Type_1
UNIVERSITAS LANGLANG BUANA,JAWA BARAT,7000000.0,BAIK SEKALI,Loc_8-Type_1
UNIVERSITAS LANGLANG BUANA,JAWA BARAT,7000000.0,BAIK SEKALI,Loc_8-Type_1
UNIVERSITAS LANGLANGBUANA,JAWA BARAT,11500000.0,B,Loc_8-Type_0
UNIVERSITAS LANGLANGBUANA,JAWA BARAT,11500000.0,B,Loc_8-Type_0
UNIVERSITAS LANGLANGBUANA,JAWA BARAT,11500000.0,B,Loc_8-Type_0
UNIVERSITAS LANGLANGBUANA,JAWA BARAT,11500000.0,B,Loc_8-Type_0
UNIVERSITAS LANGLANGBUANA,JAWA BARAT,11500000.0,B,Loc_8-Type_0
UNIVERSITAS LANGLANGBUANA,JAWA BARAT,11500000.0,B,Loc_8-Type_0
UNIVERSITAS LANGLANGBUANA,JAWA BARAT,11500000.0,B,Loc_8-Type_0
UNIVERSITAS LANGLANGBUANA,JAWA BARAT,11500000.0,B,Loc_8-Type_0
UNIVERSITAS LANGLANGBUANA,JAWA BARAT,11500000.0,B,Loc_8-Type_0
UNIVERSITAS LANGLANGBUANA,JAWA BARAT,11500000.0,B,Loc_8-Type_0
UNIVERSITAS LANGLANGBUANA,JAWA BARAT,11500000.0,B,Loc_8-Type_0
UNIVERSITAS LANGLANGBUANA,JAWA BARAT,11500000.0,B,Loc_8-Type_0
UNIVERSITAS LANGLANGBUANA,JAWA BARAT,11500000.0,B,Loc_8-Type_0
UNIVERSITAS LANGLANGBUANA,JAWA BARAT,11500000.0,B,Loc_8-Type_0
UNIVERSITAS LELEMUKU SAUMLAKI,MALUKU,2640000.0,BAIK,Loc_0-Type_0
UNIVERSITAS LELEMUKU SAUMLAKI,MALUKU,2640000.0,BAIK,Loc_0-Type_0
UNIVERSITAS LELEMUKU SAUMLAKI,MALUKU,2640000.0,BAIK,Loc_0-Type_0
UNIVERSITAS LELEMUKU SAUMLAKI,MALUKU,2640000.0,BAIK,Loc_0-Type_0
UNIVERSITAS LELEMUKU SAUMLAKI,MALUKU,2640000.0,BAIK,Loc_0-Type_0
UNIVERSITAS LELEMUKU SAUMLAKI,MALUKU,2640000.0,BAIK,Loc_0-Type_0
UNIVERSITAS LELEMUKU SAUMLAKI,MALUKU,2640000.0,BAIK,Loc_0-Type_0
UNIVERSITAS LELEMUKU SAUMLAKI,MALUKU,2640000.0,BAIK,Loc_0-Type_0
UNIVERSITAS LELEMUKU SAUMLAKI,MALUKU,2640000.0,BAIK,Loc_0-Type_0
UNIVERSITAS LIA,D.K.I. JAKARTA,12400000.0,BAIK,Loc_4-Type_0
UNIVERSITAS LIA,D.K.I. JAKARTA,12400000.0,BAIK,Loc_4-Type_0
UNIVERSITAS LIA,D.K.I. JAKARTA,12400000.0,BAIK,Loc_4-Type_0
UNIVERSITAS LIA,D.K.I. JAKARTA,12400000.0,BAIK,Loc_4-Type_0
UNIVERSITAS LINTAS INTERNASIONAL INDONESIA,BANTEN,61000000.0,BAIK SEKALI,Loc_0-Type_1
UNIVERSITAS LINTAS INTERNASIONAL INDONESIA,BANTEN,61000000.0,BAIK SEKALI,Loc_0-Type_1
UNIVERSITAS LINTAS INTERNASIONAL INDONESIA,BANTEN,61000000.0,BAIK SEKALI,Loc_0-Type_1
UNIVERSITAS LINTAS INTERNASIONAL INDONESIA,BANTEN,61000000.0,BAIK SEKALI,Loc_0-Type_1
UNIVERSITAS LINTAS INTERNASIONAL INDONESIA,BANTEN,61000000.0,BAIK SEKALI,Loc_0-Type_1
UNIVERSITAS LINTAS INTERNASIONAL INDONESIA,BANTEN,61000000.0,BAIK SEKALI,Loc_0-Type_1
UNIVERSITAS LINTAS INTERNASIONAL INDONESIA,BANTEN,61000000.0,BAIK SEKALI,Loc_0-Type_1
UNIVERSITAS LINTAS INTERNASIONAL INDONESIA,BANTEN,61000000.0,BAIK SEKALI,Loc_0-Type_1
UNIVERSITAS LINTAS INTERNASIONAL INDONESIA,BANTEN,61000000.0,BAIK SEKALI,Loc_0-Type_1
UNIVERSITAS LINTAS INTERNASIONAL INDONESIA,BANTEN,61000000.0,BAIK SEKALI,Loc_0-Type_1
UNIVERSITAS LOGISTIK DAN BISNIS INTERNASIONAL,JAWA BARAT,53900000.0,B,Loc_8-Type_0
UNIVERSITAS LOGISTIK DAN BISNIS INTERNASIONAL,JAWA BARAT,53900000.0,B,Loc_8-Type_0
UNIVERSITAS LOGISTIK DAN BISNIS INTERNASIONAL,JAWA BARAT,53900000.0,B,Loc_8-Type_0
UNIVERSITAS LOGISTIK DAN BISNIS INTERNASIONAL,JAWA BARAT,53900000.0,B,Loc_8-Type_0
UNIVERSITAS LOGISTIK DAN BISNIS INTERNASIONAL,JAWA BARAT,53900000.0,B,Loc_8-Type_0
UNIVERSITAS LUMAJANG,JAWA TIMUR,3900000.0,BAIK,Loc_5-Type_2
UNIVERSITAS LUMAJANG,JAWA TIMUR,3900000.0,BAIK,Loc_5-Type_2
UNIVERSITAS LUMAJANG,JAWA TIMUR,3900000.0,BAIK,Loc_5-Type_2
UNIVERSITAS MA CHUNG,JAWA TIMUR,20400000.0,B,Loc_5-Type_0
UNIVERSITAS MA CHUNG,JAWA TIMUR,20400000.0,B,Loc_5-Type_0
UNIVERSITAS MA CHUNG,JAWA TIMUR,20400000.0,B,Loc_5-Type_0
UNIVERSITAS MA CHUNG,JAWA TIMUR,20400000.0,B,Loc_5-Type_0
UNIVERSITAS MA CHUNG,JAWA TIMUR,20400000.0,B,Loc_5-Type_0
UNIVERSITAS MA CHUNG,JAWA TIMUR,20400000.0,B,Loc_5-Type_0
UNIVERSITAS MA CHUNG,JAWA TIMUR,20400000.0,B,Loc_5-Type_0
UNIVERSITAS MA CHUNG,JAWA TIMUR,20400000.0,B,Loc_5-Type_0
UNIVERSITAS MA CHUNG,JAWA TIMUR,20400000.0,B,Loc_5-Type_0
UNIVERSITAS MA'ARIF NAHDLATUL ULAMA KEBUMEN,JAWA TENGAH,4800000.0,BAIK,Loc_7-Type_0
UNIVERSITAS MA'ARIF NAHDLATUL ULAMA KEBUMEN,JAWA TENGAH,4800000.0,BAIK,Loc_7-Type_0
UNIVERSITAS MA'ARIF NAHDLATUL ULAMA KEBUMEN,JAWA TENGAH,4800000.0,BAIK,Loc_7-Type_0
UNIVERSITAS MA'ARIF NAHDLATUL ULAMA KEBUMEN,JAWA TENGAH,4800000.0,BAIK,Loc_7-Type_0
UNIVERSITAS MA'ARIF NAHDLATUL ULAMA KEBUMEN,JAWA TENGAH,4800000.0,BAIK,Loc_7-Type_0
UNIVERSITAS MA'ARIF NAHDLATUL ULAMA KEBUMEN,JAWA TENGAH,4800000.0,BAIK,Loc_7-Type_0
UNIVERSITAS MA'ARIF NAHDLATUL ULAMA KEBUMEN,JAWA TENGAH,4800000.0,BAIK,Loc_7-Type_0
UNIVERSITAS MA'SOEM,JAWA BARAT,5000000.0,BAIK,Loc_8-Type_2
UNIVERSITAS MA'SOEM,JAWA BARAT,5000000.0,BAIK,Loc_8-Type_2
UNIVERSITAS MA'SOEM,JAWA BARAT,5000000.0,BAIK,Loc_8-Type_2
UNIVERSITAS MA'SOEM,JAWA BARAT,5000000.0,BAIK,Loc_8-Type_2
UNIVERSITAS MA'SOEM,JAWA BARAT,5000000.0,BAIK,Loc_8-Type_2
UNIVERSITAS MA'SOEM,JAWA BARAT,5000000.0,BAIK,Loc_8-Type_2
UNIVERSITAS MAARIF HASYIM LATIF,JAWA TIMUR,19710000.0,BAIK SEKALI,Loc_5-Type_1
UNIVERSITAS MAARIF HASYIM LATIF,JAWA TIMUR,19710000.0,BAIK SEKALI,Loc_5-Type_1
UNIVERSITAS MAARIF HASYIM LATIF,JAWA TIMUR,19710000.0,BAIK SEKALI,Loc_5-Type_1
UNIVERSITAS MAARIF HASYIM LATIF,JAWA TIMUR,19710000.0,BAIK SEKALI,Loc_5-Type_1
UNIVERSITAS MAARIF HASYIM LATIF,JAWA TIMUR,19710000.0,BAIK SEKALI,Loc_5-Type_1
UNIVERSITAS MAARIF HASYIM LATIF,JAWA TIMUR,19710000.0,BAIK SEKALI,Loc_5-Type_1
UNIVERSITAS MAARIF HASYIM LATIF,JAWA TIMUR,19710000.0,BAIK SEKALI,Loc_5-Type_1
UNIVERSITAS MAARIF HASYIM LATIF,JAWA TIMUR,19710000.0,BAIK SEKALI,Loc_5-Type_1
UNIVERSITAS MAARIF HASYIM LATIF,JAWA TIMUR,19710000.0,BAIK SEKALI,Loc_5-Type_1
UNIVERSITAS MAARIF HASYIM LATIF,JAWA TIMUR,19710000.0,BAIK SEKALI,Loc_5-Type_1
UNIVERSITAS MADURA,JAWA TIMUR,10000000.0,B,Loc_5-Type_0
UNIVERSITAS MADURA,JAWA TIMUR,10000000.0,B,Loc_5-Type_0
UNIVERSITAS MADURA,JAWA TIMUR,10000000.0,B,Loc_5-Type_0
UNIVERSITAS MADURA,JAWA TIMUR,10000000.0,B,Loc_5-Type_0
UNIVERSITAS MADURA,JAWA TIMUR,10000000.0,B,Loc_5-Type_0
UNIVERSITAS MADURA,JAWA TIMUR,10000000.0,B,Loc_5-Type_0
UNIVERSITAS MADURA,JAWA TIMUR,10000000.0,B,Loc_5-Type_0
UNIVERSITAS MADURA,JAWA TIMUR,10000000.0,B,Loc_5-Type_0
UNIVERSITAS MADURA,JAWA TIMUR,10000000.0,B,Loc_5-Type_0
UNIVERSITAS MADURA,JAWA TIMUR,10000000.0,B,Loc_5-Type_0
UNIVERSITAS MADURA,JAWA TIMUR,10000000.0,B,Loc_5-Type_0
UNIVERSITAS MAHAKARYA ASIA,D.I. YOGYAKARTA,2990000.0,BAIK,Loc_0-Type_0
UNIVERSITAS MAHAKARYA ASIA,D.I. YOGYAKARTA,2990000.0,BAIK,Loc_0-Type_0
UNIVERSITAS MAHAKARYA ASIA,D.I. YOGYAKARTA,2990000.0,BAIK,Loc_0-Type_0
UNIVERSITAS MAHAKARYA ASIA,D.I. YOGYAKARTA,2990000.0,BAIK,Loc_0-Type_0
UNIVERSITAS MAHAKARYA ASIA,D.I. YOGYAKARTA,2990000.0,BAIK,Loc_0-Type_0
UNIVERSITAS MAHAKARYA ASIA,D.I. YOGYAKARTA,2990000.0,BAIK,Loc_0-Type_0
UNIVERSITAS MAHAKARYA ASIA,D.I. YOGYAKARTA,2990000.0,BAIK,Loc_0-Type_0
UNIVERSITAS MAHAKARYA ASIA,D.I. YOGYAKARTA,2990000.0,BAIK,Loc_0-Type_0
UNIVERSITAS MAHAPUTRA MUHAMMAD YAMIN,SUMATERA BARAT,24850000.0,BAIK SEKALI,Loc_0-Type_1
UNIVERSITAS MAHAPUTRA MUHAMMAD YAMIN,SUMATERA BARAT,24850000.0,BAIK SEKALI,Loc_0-Type_1
UNIVERSITAS MAHAPUTRA MUHAMMAD YAMIN,SUMATERA BARAT,24850000.0,BAIK SEKALI,Loc_0-Type_1
UNIVERSITAS MAHAPUTRA MUHAMMAD YAMIN,SUMATERA BARAT,24850000.0,BAIK SEKALI,Loc_0-Type_1
UNIVERSITAS MAHAPUTRA MUHAMMAD YAMIN,SUMATERA BARAT,24850000.0,BAIK SEKALI,Loc_0-Type_1
UNIVERSITAS MAHAPUTRA MUHAMMAD YAMIN,SUMATERA BARAT,24850000.0,BAIK SEKALI,Loc_0-Type_1
UNIVERSITAS MAHAPUTRA MUHAMMAD YAMIN,SUMATERA BARAT,24850000.0,BAIK SEKALI,Loc_0-Type_1
UNIVERSITAS MAHAPUTRA MUHAMMAD YAMIN,SUMATERA BARAT,24850000.0,BAIK SEKALI,Loc_0-Type_1
UNIVERSITAS MAHAPUTRA MUHAMMAD YAMIN,SUMATERA BARAT,24850000.0,BAIK SEKALI,Loc_0-Type_1
UNIVERSITAS MAHASARASWATI DENPASAR,BALI,13344800.0,UNGGUL,Loc_0-Type_1
UNIVERSITAS MAHASARASWATI DENPASAR,BALI,13344800.0,UNGGUL,Loc_0-Type_1
UNIVERSITAS MAHASARASWATI DENPASAR,BALI,13344800.0,UNGGUL,Loc_0-Type_1
UNIVERSITAS MAHASARASWATI DENPASAR,BALI,13344800.0,UNGGUL,Loc_0-Type_1
UNIVERSITAS MAHASARASWATI DENPASAR,BALI,13344800.0,UNGGUL,Loc_0-Type_1
UNIVERSITAS MAHASARASWATI DENPASAR,BALI,13344800.0,UNGGUL,Loc_0-Type_1
UNIVERSITAS MAHASARASWATI DENPASAR,BALI,13344800.0,UNGGUL,Loc_0-Type_1
UNIVERSITAS MAHASARASWATI DENPASAR,BALI,13344800.0,UNGGUL,Loc_0-Type_1
UNIVERSITAS MAHASARASWATI DENPASAR,BALI,13344800.0,UNGGUL,Loc_0-Type_1
UNIVERSITAS MAHASARASWATI DENPASAR,BALI,13344800.0,UNGGUL,Loc_0-Type_1
UNIVERSITAS MAHASARASWATI DENPASAR,BALI,13344800.0,UNGGUL,Loc_0-Type_1
UNIVERSITAS MAHASARASWATI DENPASAR,BALI,13344800.0,UNGGUL,Loc_0-Type_1
UNIVERSITAS MAHASARASWATI DENPASAR,BALI,13344800.0,UNGGUL,Loc_0-Type_1
UNIVERSITAS MAHASARASWATI DENPASAR,BALI,13344800.0,UNGGUL,Loc_0-Type_1
UNIVERSITAS MAHASARASWATI DENPASAR,BALI,13344800.0,UNGGUL,Loc_0-Type_1
UNIVERSITAS MAHASARASWATI DENPASAR,BALI,13344800.0,UNGGUL,Loc_0-Type_1
UNIVERSITAS MAHASARASWATI DENPASAR,BALI,13344800.0,UNGGUL,Loc_0-Type_1
UNIVERSITAS MAHENDRADATTA,BALI,7250000.0,BAIK SEKALI,Loc_0-Type_1
UNIVERSITAS MAHENDRADATTA,BALI,7250000.0,BAIK SEKALI,Loc_0-Type_1
UNIVERSITAS MAHENDRADATTA,BALI,7250000.0,BAIK SEKALI,Loc_0-Type_1
UNIVERSITAS MAHENDRADATTA,BALI,7250000.0,BAIK SEKALI,Loc_0-Type_1
UNIVERSITAS MAHENDRADATTA,BALI,7250000.0,BAIK SEKALI,Loc_0-Type_1
UNIVERSITAS MAHKOTA TRICOM UNGGUL,SUMATERA UTARA,5300000.0,TERAKREDITASI,Loc_0-Type_0
UNIVERSITAS MAHKOTA TRICOM UNGGUL,SUMATERA UTARA,5300000.0,TERAKREDITASI,Loc_0-Type_0
UNIVERSITAS MAHKOTA TRICOM UNGGUL,SUMATERA UTARA,5300000.0,TERAKREDITASI,Loc_0-Type_0
UNIVERSITAS MAHKOTA TRICOM UNGGUL,SUMATERA UTARA,5300000.0,TERAKREDITASI,Loc_0-Type_0
UNIVERSITAS MAHKOTA TRICOM UNGGUL,SUMATERA UTARA,5300000.0,TERAKREDITASI,Loc_0-Type_0
UNIVERSITAS MAJALENGKA,JAWA BARAT,6025000.0,B,Loc_8-Type_0
UNIVERSITAS MAJALENGKA,JAWA BARAT,6025000.0,B,Loc_8-Type_0
UNIVERSITAS MAJALENGKA,JAWA BARAT,6025000.0,B,Loc_8-Type_0
UNIVERSITAS MAJALENGKA,JAWA BARAT,6025000.0,B,Loc_8-Type_0
UNIVERSITAS MAJALENGKA,JAWA BARAT,6025000.0,B,Loc_8-Type_0
UNIVERSITAS MAJALENGKA,JAWA BARAT,6025000.0,B,Loc_8-Type_0
UNIVERSITAS MAJALENGKA,JAWA BARAT,6025000.0,B,Loc_8-Type_0
UNIVERSITAS MAJALENGKA,JAWA BARAT,6025000.0,B,Loc_8-Type_0
UNIVERSITAS MAJALENGKA,JAWA BARAT,6025000.0,B,Loc_8-Type_0
UNIVERSITAS MAJALENGKA,JAWA BARAT,6025000.0,B,Loc_8-Type_0
UNIVERSITAS MAJALENGKA,JAWA BARAT,6025000.0,B,Loc_8-Type_0
UNIVERSITAS MAJALENGKA,JAWA BARAT,6025000.0,B,Loc_8-Type_0
UNIVERSITAS MAJALENGKA,JAWA BARAT,6025000.0,B,Loc_8-Type_0
UNIVERSITAS MAJALENGKA,JAWA BARAT,6025000.0,B,Loc_8-Type_0
UNIVERSITAS MAJALENGKA,JAWA BARAT,6025000.0,B,Loc_8-Type_0
UNIVERSITAS MAJALENGKA,JAWA BARAT,6025000.0,B,Loc_8-Type_0
UNIVERSITAS MAJALENGKA,JAWA BARAT,6025000.0,B,Loc_8-Type_0
UNIVERSITAS MAJALENGKA,JAWA BARAT,6025000.0,B,Loc_8-Type_0
UNIVERSITAS MALAHAYATI,LAMPUNG,27000000.0,B,Loc_1-Type_1
UNIVERSITAS MALAHAYATI,LAMPUNG,27000000.0,B,Loc_1-Type_1
UNIVERSITAS MALAHAYATI,LAMPUNG,27000000.0,B,Loc_1-Type_1
UNIVERSITAS MALAHAYATI,LAMPUNG,27000000.0,B,Loc_1-Type_1
UNIVERSITAS MALAHAYATI,LAMPUNG,27000000.0,B,Loc_1-Type_1
UNIVERSITAS MALAHAYATI,LAMPUNG,27000000.0,B,Loc_1-Type_1
UNIVERSITAS MALAHAYATI,LAMPUNG,27000000.0,B,Loc_1-Type_1
UNIVERSITAS MALAHAYATI,LAMPUNG,27000000.0,B,Loc_1-Type_1
UNIVERSITAS MALAHAYATI,LAMPUNG,27000000.0,B,Loc_1-Type_1
UNIVERSITAS MALAHAYATI,LAMPUNG,27000000.0,B,Loc_1-Type_1
UNIVERSITAS MALAHAYATI,LAMPUNG,27000000.0,B,Loc_1-Type_1
UNIVERSITAS MALAHAYATI,LAMPUNG,27000000.0,B,Loc_1-Type_1
UNIVERSITAS MALAHAYATI,LAMPUNG,27000000.0,B,Loc_1-Type_1
UNIVERSITAS MANDIRI,JAWA BARAT,5000000.0,BAIK,Loc_8-Type_2
UNIVERSITAS MANDIRI,JAWA BARAT,5000000.0,BAIK,Loc_8-Type_2
UNIVERSITAS MANDIRI,JAWA BARAT,5000000.0,BAIK,Loc_8-Type_2
UNIVERSITAS MANDIRI,JAWA BARAT,5000000.0,BAIK,Loc_8-Type_2
UNIVERSITAS MANDIRI,JAWA BARAT,5000000.0,BAIK,Loc_8-Type_2
UNIVERSITAS MANDIRI,JAWA BARAT,5000000.0,BAIK,Loc_8-Type_2
UNIVERSITAS MANDIRI,JAWA BARAT,5000000.0,BAIK,Loc_8-Type_2
UNIVERSITAS MANDIRI,JAWA BARAT,5000000.0,BAIK,Loc_8-Type_2
UNIVERSITAS MANDIRI,JAWA BARAT,5000000.0,BAIK,Loc_8-Type_2
UNIVERSITAS MANDIRI BINA PRESTASI,SUMATERA UTARA,6400000.0,BAIK,Loc_0-Type_0
UNIVERSITAS MANDIRI BINA PRESTASI,SUMATERA UTARA,6400000.0,BAIK,Loc_0-Type_0
UNIVERSITAS MANDIRI BINA PRESTASI,SUMATERA UTARA,6400000.0,BAIK,Loc_0-Type_0
UNIVERSITAS MANDIRI BINA PRESTASI,SUMATERA UTARA,6400000.0,BAIK,Loc_0-Type_0
UNIVERSITAS MANDIRI BINA PRESTASI,SUMATERA UTARA,6400000.0,BAIK,Loc_0-Type_0
UNIVERSITAS MANGKU WIYATA,BANTEN,7350000.0,TIDAK TERAKREDITASI,Loc_0-Type_0
UNIVERSITAS MANGKU WIYATA,BANTEN,7350000.0,TIDAK TERAKREDITASI,Loc_0-Type_0
UNIVERSITAS MARITIM AMNI,JAWA TENGAH,15100000.0,BAIK SEKALI,Loc_7-Type_2
UNIVERSITAS MARITIM AMNI,JAWA TENGAH,15100000.0,BAIK SEKALI,Loc_7-Type_2
UNIVERSITAS MARITIM AMNI,JAWA TENGAH,15100000.0,BAIK SEKALI,Loc_7-Type_2
UNIVERSITAS MARITIM AMNI,JAWA TENGAH,15100000.0,BAIK SEKALI,Loc_7-Type_2
UNIVERSITAS MARITIM AMNI,JAWA TENGAH,15100000.0,BAIK SEKALI,Loc_7-Type_2
UNIVERSITAS MATANA,BANTEN,22985000.0,BAIK,Loc_0-Type_0
UNIVERSITAS MATANA,BANTEN,22985000.0,BAIK,Loc_0-Type_0
UNIVERSITAS MATANA,BANTEN,22985000.0,BAIK,Loc_0-Type_0
UNIVERSITAS MATANA,BANTEN,22985000.0,BAIK,Loc_0-Type_0
UNIVERSITAS MATANA,BANTEN,22985000.0,BAIK,Loc_0-Type_0
UNIVERSITAS MATANA,BANTEN,22985000.0,BAIK,Loc_0-Type_0
UNIVERSITAS MATANA,BANTEN,22985000.0,BAIK,Loc_0-Type_0
UNIVERSITAS MATANA,BANTEN,22985000.0,BAIK,Loc_0-Type_0
UNIVERSITAS MATANA,BANTEN,22985000.0,BAIK,Loc_0-Type_0
UNIVERSITAS MATANA,BANTEN,22985000.0,BAIK,Loc_0-Type_0
UNIVERSITAS MATANA,BANTEN,22985000.0,BAIK,Loc_0-Type_0
UNIVERSITAS MATHLA UL ANWAR,BANTEN,4800000.0,BAIK SEKALI,Loc_0-Type_1
UNIVERSITAS MATHLA UL ANWAR,BANTEN,4800000.0,BAIK SEKALI,Loc_0-Type_1
UNIVERSITAS MATHLA UL ANWAR,BANTEN,4800000.0,BAIK SEKALI,Loc_0-Type_1
UNIVERSITAS MATHLA UL ANWAR,BANTEN,4800000.0,BAIK SEKALI,Loc_0-Type_1
UNIVERSITAS MATHLA UL ANWAR,BANTEN,4800000.0,BAIK SEKALI,Loc_0-Type_1
UNIVERSITAS MATHLA UL ANWAR,BANTEN,4800000.0,BAIK SEKALI,Loc_0-Type_1
UNIVERSITAS MATHLA UL ANWAR,BANTEN,4800000.0,BAIK SEKALI,Loc_0-Type_1
UNIVERSITAS MATHLA UL ANWAR,BANTEN,4800000.0,BAIK SEKALI,Loc_0-Type_1
UNIVERSITAS MAYASARI BAKTI,JAWA BARAT,6575000.0,BAIK,Loc_8-Type_2
UNIVERSITAS MAYASARI BAKTI,JAWA BARAT,6575000.0,BAIK,Loc_8-Type_2
UNIVERSITAS MAYASARI BAKTI,JAWA BARAT,6575000.0,BAIK,Loc_8-Type_2
UNIVERSITAS MAYASARI BAKTI,JAWA BARAT,6575000.0,BAIK,Loc_8-Type_2
UNIVERSITAS MAYASARI BAKTI,JAWA BARAT,6575000.0,BAIK,Loc_8-Type_2
UNIVERSITAS MAYJEN SUNGKONO,JAWA TIMUR,6600000.0,BAIK SEKALI,Loc_5-Type_1
UNIVERSITAS MAYJEN SUNGKONO,JAWA TIMUR,6600000.0,BAIK SEKALI,Loc_5-Type_1
UNIVERSITAS MAYJEN SUNGKONO,JAWA TIMUR,6600000.0,BAIK SEKALI,Loc_5-Type_1
UNIVERSITAS MAYJEN SUNGKONO,JAWA TIMUR,6600000.0,BAIK SEKALI,Loc_5-Type_1
UNIVERSITAS MEDAN AREA,SUMATERA UTARA,17250000.0,B,Loc_0-Type_2
UNIVERSITAS MEDAN AREA,SUMATERA UTARA,17250000.0,B,Loc_0-Type_2
UNIVERSITAS MEDAN AREA,SUMATERA UTARA,17250000.0,B,Loc_0-Type_2
UNIVERSITAS MEDAN AREA,SUMATERA UTARA,17250000.0,B,Loc_0-Type_2
UNIVERSITAS MEDAN AREA,SUMATERA UTARA,17250000.0,B,Loc_0-Type_2
UNIVERSITAS MEDAN AREA,SUMATERA UTARA,17250000.0,B,Loc_0-Type_2
UNIVERSITAS MEDAN AREA,SUMATERA UTARA,17250000.0,B,Loc_0-Type_2
UNIVERSITAS MEDAN AREA,SUMATERA UTARA,17250000.0,B,Loc_0-Type_2
UNIVERSITAS MEDAN AREA,SUMATERA UTARA,17250000.0,B,Loc_0-Type_2
UNIVERSITAS MEDAN AREA,SUMATERA UTARA,17250000.0,B,Loc_0-Type_2
UNIVERSITAS MEDAN AREA,SUMATERA UTARA,17250000.0,B,Loc_0-Type_2
UNIVERSITAS MEDAN AREA,SUMATERA UTARA,17250000.0,B,Loc_0-Type_2
UNIVERSITAS MEDAN AREA,SUMATERA UTARA,17250000.0,B,Loc_0-Type_2
UNIVERSITAS MEDAN AREA,SUMATERA UTARA,17250000.0,B,Loc_0-Type_2
UNIVERSITAS MEDAN AREA,SUMATERA UTARA,17250000.0,B,Loc_0-Type_2
UNIVERSITAS MEDAN AREA,SUMATERA UTARA,17250000.0,B,Loc_0-Type_2
UNIVERSITAS MEDAN AREA,SUMATERA UTARA,17250000.0,B,Loc_0-Type_2
UNIVERSITAS MEDAN AREA,SUMATERA UTARA,17250000.0,B,Loc_0-Type_2
UNIVERSITAS MEDAN AREA,SUMATERA UTARA,17250000.0,B,Loc_0-Type_2
UNIVERSITAS MEDIA NUSANTARA CITRA,D.K.I. JAKARTA,18650000.0,BAIK SEKALI,Loc_4-Type_0
UNIVERSITAS MEDIA NUSANTARA CITRA,D.K.I. JAKARTA,18650000.0,BAIK SEKALI,Loc_4-Type_0
UNIVERSITAS MEDIA NUSANTARA CITRA,D.K.I. JAKARTA,18650000.0,BAIK SEKALI,Loc_4-Type_0
UNIVERSITAS MEDIA NUSANTARA CITRA,D.K.I. JAKARTA,18650000.0,BAIK SEKALI,Loc_4-Type_0
UNIVERSITAS MEDIA NUSANTARA CITRA,D.K.I. JAKARTA,18650000.0,BAIK SEKALI,Loc_4-Type_0
UNIVERSITAS MEDIA NUSANTARA CITRA,D.K.I. JAKARTA,18650000.0,BAIK SEKALI,Loc_4-Type_0
UNIVERSITAS MEDIA NUSANTARA CITRA,D.K.I. JAKARTA,18650000.0,BAIK SEKALI,Loc_4-Type_0
UNIVERSITAS MEDIKA SUHERMAN,JAWA BARAT,20293750.0,BAIK SEKALI,Loc_8-Type_1
UNIVERSITAS MEDIKA SUHERMAN,JAWA BARAT,20293750.0,BAIK SEKALI,Loc_8-Type_1
UNIVERSITAS MEDIKA SUHERMAN,JAWA BARAT,20293750.0,BAIK SEKALI,Loc_8-Type_1
UNIVERSITAS MEDIKA SUHERMAN,JAWA BARAT,20293750.0,BAIK SEKALI,Loc_8-Type_1
UNIVERSITAS MEDIKA SUHERMAN,JAWA BARAT,20293750.0,BAIK SEKALI,Loc_8-Type_1
UNIVERSITAS MEDIKA SUHERMAN,JAWA BARAT,20293750.0,BAIK SEKALI,Loc_8-Type_1
UNIVERSITAS MEDIKA SUHERMAN,JAWA BARAT,20293750.0,BAIK SEKALI,Loc_8-Type_1
UNIVERSITAS MEDIKA SUHERMAN,JAWA BARAT,20293750.0,BAIK SEKALI,Loc_8-Type_1
UNIVERSITAS MEDIKA SUHERMAN,JAWA BARAT,20293750.0,BAIK SEKALI,Loc_8-Type_1
UNIVERSITAS MEGA BUANA PALOPO,SULAWESI SELATAN,8000000.0,BAIK SEKALI,Loc_3-Type_2
UNIVERSITAS MEGA BUANA PALOPO,SULAWESI SELATAN,8000000.0,BAIK SEKALI,Loc_3-Type_2
UNIVERSITAS MEGA BUANA PALOPO,SULAWESI SELATAN,8000000.0,BAIK SEKALI,Loc_3-Type_2
UNIVERSITAS MEGA BUANA PALOPO,SULAWESI SELATAN,8000000.0,BAIK SEKALI,Loc_3-Type_2
UNIVERSITAS MEGA BUANA PALOPO,SULAWESI SELATAN,8000000.0,BAIK SEKALI,Loc_3-Type_2
UNIVERSITAS MEGA BUANA PALOPO,SULAWESI SELATAN,8000000.0,BAIK SEKALI,Loc_3-Type_2
UNIVERSITAS MEGA BUANA PALOPO,SULAWESI SELATAN,8000000.0,BAIK SEKALI,Loc_3-Type_2
UNIVERSITAS MEGA BUANA PALOPO,SULAWESI SELATAN,8000000.0,BAIK SEKALI,Loc_3-Type_2
UNIVERSITAS MEGA BUANA PALOPO,SULAWESI SELATAN,8000000.0,BAIK SEKALI,Loc_3-Type_2
UNIVERSITAS MEGA BUANA PALOPO,SULAWESI SELATAN,8000000.0,BAIK SEKALI,Loc_3-Type_2
UNIVERSITAS MEGAREZKY,SULAWESI SELATAN,33600000.0,BAIK SEKALI,Loc_3-Type_2
UNIVERSITAS MEGAREZKY,SULAWESI SELATAN,33600000.0,BAIK SEKALI,Loc_3-Type_2
UNIVERSITAS MEGAREZKY,SULAWESI SELATAN,33600000.0,BAIK SEKALI,Loc_3-Type_2
UNIVERSITAS MEGAREZKY,SULAWESI SELATAN,33600000.0,BAIK SEKALI,Loc_3-Type_2
UNIVERSITAS MEGAREZKY,SULAWESI SELATAN,33600000.0,BAIK SEKALI,Loc_3-Type_2
UNIVERSITAS MEGAREZKY,SULAWESI SELATAN,33600000.0,BAIK SEKALI,Loc_3-Type_2
UNIVERSITAS MEGAREZKY,SULAWESI SELATAN,33600000.0,BAIK SEKALI,Loc_3-Type_2
UNIVERSITAS MEGAREZKY,SULAWESI SELATAN,33600000.0,BAIK SEKALI,Loc_3-Type_2
UNIVERSITAS MEGAREZKY,SULAWESI SELATAN,33600000.0,BAIK SEKALI,Loc_3-Type_2
UNIVERSITAS MEGAREZKY,SULAWESI SELATAN,33600000.0,BAIK SEKALI,Loc_3-Type_2
UNIVERSITAS MEGAREZKY,SULAWESI SELATAN,33600000.0,BAIK SEKALI,Loc_3-Type_2
UNIVERSITAS MEGAREZKY,SULAWESI SELATAN,33600000.0,BAIK SEKALI,Loc_3-Type_2
UNIVERSITAS MEGAREZKY,SULAWESI SELATAN,33600000.0,BAIK SEKALI,Loc_3-Type_2
UNIVERSITAS MEGAREZKY,SULAWESI SELATAN,33600000.0,BAIK SEKALI,Loc_3-Type_2
UNIVERSITAS MEGAREZKY,SULAWESI SELATAN,33600000.0,BAIK SEKALI,Loc_3-Type_2
UNIVERSITAS MEGAREZKY,SULAWESI SELATAN,33600000.0,BAIK SEKALI,Loc_3-Type_2
UNIVERSITAS MERANGIN,JAMBI,5020000.0,BAIK SEKALI,Loc_0-Type_1
UNIVERSITAS MERANGIN,JAMBI,5020000.0,BAIK SEKALI,Loc_0-Type_1
UNIVERSITAS MERANGIN,JAMBI,5020000.0,BAIK SEKALI,Loc_0-Type_1
UNIVERSITAS MERANGIN,JAMBI,5020000.0,BAIK SEKALI,Loc_0-Type_1
UNIVERSITAS MERANGIN,JAMBI,5020000.0,BAIK SEKALI,Loc_0-Type_1
UNIVERSITAS MERANGIN,JAMBI,5020000.0,BAIK SEKALI,Loc_0-Type_1
UNIVERSITAS MERANGIN,JAMBI,5020000.0,BAIK SEKALI,Loc_0-Type_1
UNIVERSITAS MERANGIN,JAMBI,5020000.0,BAIK SEKALI,Loc_0-Type_1
UNIVERSITAS MERANGIN,JAMBI,5020000.0,BAIK SEKALI,Loc_0-Type_1
UNIVERSITAS MERCU BUANA,D.K.I. JAKARTA,10000000.0,UNGGUL,Loc_4-Type_2
UNIVERSITAS MERCU BUANA,D.K.I. JAKARTA,10000000.0,UNGGUL,Loc_4-Type_2
UNIVERSITAS MERCU BUANA,D.K.I. JAKARTA,10000000.0,UNGGUL,Loc_4-Type_2
UNIVERSITAS MERCU BUANA,D.K.I. JAKARTA,10000000.0,UNGGUL,Loc_4-Type_2
UNIVERSITAS MERCU BUANA,D.K.I. JAKARTA,10000000.0,UNGGUL,Loc_4-Type_2
UNIVERSITAS MERCU BUANA,D.K.I. JAKARTA,10000000.0,UNGGUL,Loc_4-Type_2
UNIVERSITAS MERCU BUANA,D.K.I. JAKARTA,10000000.0,UNGGUL,Loc_4-Type_2
UNIVERSITAS MERCU BUANA,D.K.I. JAKARTA,10000000.0,UNGGUL,Loc_4-Type_2
UNIVERSITAS MERCU BUANA,D.K.I. JAKARTA,10000000.0,UNGGUL,Loc_4-Type_2
UNIVERSITAS MERCU BUANA,D.K.I. JAKARTA,10000000.0,UNGGUL,Loc_4-Type_2
UNIVERSITAS MERCU BUANA,D.K.I. JAKARTA,10000000.0,UNGGUL,Loc_4-Type_2
UNIVERSITAS MERCU BUANA,D.K.I. JAKARTA,10000000.0,UNGGUL,Loc_4-Type_2
UNIVERSITAS MERCU BUANA,D.K.I. JAKARTA,10000000.0,UNGGUL,Loc_4-Type_2
UNIVERSITAS MERCU BUANA,D.K.I. JAKARTA,10000000.0,UNGGUL,Loc_4-Type_2
UNIVERSITAS MERCU BUANA,D.K.I. JAKARTA,10000000.0,UNGGUL,Loc_4-Type_2
UNIVERSITAS MERCU BUANA,D.K.I. JAKARTA,10000000.0,UNGGUL,Loc_4-Type_2
UNIVERSITAS MERCU BUANA,D.K.I. JAKARTA,10000000.0,UNGGUL,Loc_4-Type_2
UNIVERSITAS MERCU BUANA YOGYAKARTA,D.I. YOGYAKARTA,33065000.0,A,Loc_0-Type_2
UNIVERSITAS MERCU BUANA YOGYAKARTA,D.I. YOGYAKARTA,33065000.0,A,Loc_0-Type_2
UNIVERSITAS MERCU BUANA YOGYAKARTA,D.I. YOGYAKARTA,33065000.0,A,Loc_0-Type_2
UNIVERSITAS MERCU BUANA YOGYAKARTA,D.I. YOGYAKARTA,33065000.0,A,Loc_0-Type_2
UNIVERSITAS MERCU BUANA YOGYAKARTA,D.I. YOGYAKARTA,33065000.0,A,Loc_0-Type_2
UNIVERSITAS MERCU BUANA YOGYAKARTA,D.I. YOGYAKARTA,33065000.0,A,Loc_0-Type_2
UNIVERSITAS MERCU BUANA YOGYAKARTA,D.I. YOGYAKARTA,33065000.0,A,Loc_0-Type_2
UNIVERSITAS MERCU BUANA YOGYAKARTA,D.I. YOGYAKARTA,33065000.0,A,Loc_0-Type_2
UNIVERSITAS MERCU BUANA YOGYAKARTA,D.I. YOGYAKARTA,33065000.0,A,Loc_0-Type_2
UNIVERSITAS MERCU BUANA YOGYAKARTA,D.I. YOGYAKARTA,33065000.0,A,Loc_0-Type_2
UNIVERSITAS MERCU BUANA YOGYAKARTA,D.I. YOGYAKARTA,33065000.0,A,Loc_0-Type_2
UNIVERSITAS MERCU BUANA YOGYAKARTA,D.I. YOGYAKARTA,33065000.0,A,Loc_0-Type_2
UNIVERSITAS MERCUBAKTIJAYA,SUMATERA BARAT,12622500.0,B,Loc_0-Type_2
UNIVERSITAS MERCUBAKTIJAYA,SUMATERA BARAT,12622500.0,B,Loc_0-Type_2
UNIVERSITAS MERCUBAKTIJAYA,SUMATERA BARAT,12622500.0,B,Loc_0-Type_2
UNIVERSITAS MERDEKA MADIUN,JAWA TIMUR,6500000.0,B,Loc_5-Type_0
UNIVERSITAS MERDEKA MADIUN,JAWA TIMUR,6500000.0,B,Loc_5-Type_0
UNIVERSITAS MERDEKA MADIUN,JAWA TIMUR,6500000.0,B,Loc_5-Type_0
UNIVERSITAS MERDEKA MADIUN,JAWA TIMUR,6500000.0,B,Loc_5-Type_0
UNIVERSITAS MERDEKA MADIUN,JAWA TIMUR,6500000.0,B,Loc_5-Type_0
UNIVERSITAS MERDEKA MADIUN,JAWA TIMUR,6500000.0,B,Loc_5-Type_0
UNIVERSITAS MERDEKA MADIUN,JAWA TIMUR,6500000.0,B,Loc_5-Type_0
UNIVERSITAS MERDEKA MADIUN,JAWA TIMUR,6500000.0,B,Loc_5-Type_0
UNIVERSITAS MERDEKA MALANG,JAWA TIMUR,19000001.0,B,Loc_5-Type_0
UNIVERSITAS MERDEKA MALANG,JAWA TIMUR,19000001.0,B,Loc_5-Type_0
UNIVERSITAS MERDEKA MALANG,JAWA TIMUR,19000001.0,B,Loc_5-Type_0
UNIVERSITAS MERDEKA MALANG,JAWA TIMUR,19000001.0,B,Loc_5-Type_0
UNIVERSITAS MERDEKA MALANG,JAWA TIMUR,19000001.0,B,Loc_5-Type_0
UNIVERSITAS MERDEKA MALANG,JAWA TIMUR,19000001.0,B,Loc_5-Type_0
UNIVERSITAS MERDEKA MALANG,JAWA TIMUR,19000001.0,B,Loc_5-Type_0
UNIVERSITAS MERDEKA MALANG,JAWA TIMUR,19000001.0,B,Loc_5-Type_0
UNIVERSITAS MERDEKA MALANG,JAWA TIMUR,19000001.0,B,Loc_5-Type_0
UNIVERSITAS MERDEKA MALANG,JAWA TIMUR,19000001.0,B,Loc_5-Type_0
UNIVERSITAS MERDEKA MALANG,JAWA TIMUR,19000001.0,B,Loc_5-Type_0
UNIVERSITAS MERDEKA MALANG,JAWA TIMUR,19000001.0,B,Loc_5-Type_0
UNIVERSITAS MERDEKA MALANG,JAWA TIMUR,19000001.0,B,Loc_5-Type_0
UNIVERSITAS MERDEKA MALANG,JAWA TIMUR,19000001.0,B,Loc_5-Type_0
UNIVERSITAS MERDEKA MALANG,JAWA TIMUR,19000001.0,B,Loc_5-Type_0
UNIVERSITAS MERDEKA MALANG,JAWA TIMUR,19000001.0,B,Loc_5-Type_0
UNIVERSITAS MERDEKA MALANG,JAWA TIMUR,19000001.0,B,Loc_5-Type_0
UNIVERSITAS MERDEKA MALANG,JAWA TIMUR,19000001.0,B,Loc_5-Type_0
UNIVERSITAS MERDEKA MALANG,JAWA TIMUR,19000001.0,B,Loc_5-Type_0
UNIVERSITAS MERDEKA MALANG,JAWA TIMUR,19000001.0,B,Loc_5-Type_0
UNIVERSITAS MERDEKA MALANG,JAWA TIMUR,19000001.0,B,Loc_5-Type_0
UNIVERSITAS MERDEKA MALANG,JAWA TIMUR,19000001.0,B,Loc_5-Type_0
UNIVERSITAS MERDEKA PASURUAN,JAWA TIMUR,8370000.0,BAIK,Loc_5-Type_2
UNIVERSITAS MERDEKA PASURUAN,JAWA TIMUR,8370000.0,BAIK,Loc_5-Type_2
UNIVERSITAS MERDEKA PASURUAN,JAWA TIMUR,8370000.0,BAIK,Loc_5-Type_2
UNIVERSITAS MERDEKA PASURUAN,JAWA TIMUR,8370000.0,BAIK,Loc_5-Type_2
UNIVERSITAS MERDEKA PASURUAN,JAWA TIMUR,8370000.0,BAIK,Loc_5-Type_2
UNIVERSITAS METAMEDIA,SUMATERA BARAT,7500000.0,B,Loc_0-Type_2
UNIVERSITAS METAMEDIA,SUMATERA BARAT,7500000.0,B,Loc_0-Type_2
UNIVERSITAS METAMEDIA,SUMATERA BARAT,7500000.0,B,Loc_0-Type_2
UNIVERSITAS METAMEDIA,SUMATERA BARAT,7500000.0,B,Loc_0-Type_2
UNIVERSITAS METAMEDIA,SUMATERA BARAT,7500000.0,B,Loc_0-Type_2
UNIVERSITAS METAMEDIA,SUMATERA BARAT,7500000.0,B,Loc_0-Type_2
UNIVERSITAS METHODIST INDONESIA,SUMATERA UTARA,50000000.0,B,Loc_0-Type_2
UNIVERSITAS METHODIST INDONESIA,SUMATERA UTARA,50000000.0,B,Loc_0-Type_2
UNIVERSITAS METHODIST INDONESIA,SUMATERA UTARA,50000000.0,B,Loc_0-Type_2
UNIVERSITAS METHODIST INDONESIA,SUMATERA UTARA,50000000.0,B,Loc_0-Type_2
UNIVERSITAS METHODIST INDONESIA,SUMATERA UTARA,50000000.0,B,Loc_0-Type_2
UNIVERSITAS METHODIST INDONESIA,SUMATERA UTARA,50000000.0,B,Loc_0-Type_2
UNIVERSITAS METHODIST INDONESIA,SUMATERA UTARA,50000000.0,B,Loc_0-Type_2
UNIVERSITAS METHODIST INDONESIA,SUMATERA UTARA,50000000.0,B,Loc_0-Type_2
UNIVERSITAS METHODIST INDONESIA,SUMATERA UTARA,50000000.0,B,Loc_0-Type_2
UNIVERSITAS METHODIST INDONESIA,SUMATERA UTARA,50000000.0,B,Loc_0-Type_2
UNIVERSITAS MIKROSKIL,SUMATERA UTARA,12500000.0,B,Loc_0-Type_2
UNIVERSITAS MIKROSKIL,SUMATERA UTARA,12500000.0,B,Loc_0-Type_2
UNIVERSITAS MIKROSKIL,SUMATERA UTARA,12500000.0,B,Loc_0-Type_2
UNIVERSITAS MIKROSKIL,SUMATERA UTARA,12500000.0,B,Loc_0-Type_2
UNIVERSITAS MIKROSKIL,SUMATERA UTARA,12500000.0,B,Loc_0-Type_2
UNIVERSITAS MITRA BANGSA,D.K.I. JAKARTA,11600000.0,BAIK SEKALI,Loc_4-Type_0
UNIVERSITAS MITRA BANGSA,D.K.I. JAKARTA,11600000.0,BAIK SEKALI,Loc_4-Type_0
UNIVERSITAS MITRA BANGSA,D.K.I. JAKARTA,11600000.0,BAIK SEKALI,Loc_4-Type_0
UNIVERSITAS MITRA BANGSA,D.K.I. JAKARTA,11600000.0,BAIK SEKALI,Loc_4-Type_0
UNIVERSITAS MITRA BANGSA,D.K.I. JAKARTA,11600000.0,BAIK SEKALI,Loc_4-Type_0
UNIVERSITAS MITRA INDONESIA,LAMPUNG,9180000.0,BAIK SEKALI,Loc_1-Type_0
UNIVERSITAS MITRA INDONESIA,LAMPUNG,9180000.0,BAIK SEKALI,Loc_1-Type_0
UNIVERSITAS MITRA INDONESIA,LAMPUNG,9180000.0,BAIK SEKALI,Loc_1-Type_0
UNIVERSITAS MITRA INDONESIA,LAMPUNG,9180000.0,BAIK SEKALI,Loc_1-Type_0
UNIVERSITAS MITRA INDONESIA,LAMPUNG,9180000.0,BAIK SEKALI,Loc_1-Type_0
UNIVERSITAS MITRA INDONESIA,LAMPUNG,9180000.0,BAIK SEKALI,Loc_1-Type_0
UNIVERSITAS MITRA INDONESIA,LAMPUNG,9180000.0,BAIK SEKALI,Loc_1-Type_0
UNIVERSITAS MITRA INDONESIA,LAMPUNG,9180000.0,BAIK SEKALI,Loc_1-Type_0
UNIVERSITAS MITRA INDONESIA,LAMPUNG,9180000.0,BAIK SEKALI,Loc_1-Type_0
UNIVERSITAS MITRA INDONESIA,LAMPUNG,9180000.0,BAIK SEKALI,Loc_1-Type_0
UNIVERSITAS MOCHAMMAD SROEDJI,JAWA TIMUR,10000000.0,BAIK,Loc_5-Type_2
UNIVERSITAS MOCHAMMAD SROEDJI,JAWA TIMUR,10000000.0,BAIK,Loc_5-Type_2
UNIVERSITAS MOCHAMMAD SROEDJI,JAWA TIMUR,10000000.0,BAIK,Loc_5-Type_2
UNIVERSITAS MOCHAMMAD SROEDJI,JAWA TIMUR,10000000.0,BAIK,Loc_5-Type_2
UNIVERSITAS MOCHAMMAD SROEDJI,JAWA TIMUR,10000000.0,BAIK,Loc_5-Type_2
UNIVERSITAS MOHAMMAD NATSIR BUKITTINGGI,SUMATERA BARAT,12160000.0,BAIK SEKALI,Loc_0-Type_1
UNIVERSITAS MOHAMMAD NATSIR BUKITTINGGI,SUMATERA BARAT,12160000.0,BAIK SEKALI,Loc_0-Type_1
UNIVERSITAS MOHAMMAD NATSIR BUKITTINGGI,SUMATERA BARAT,12160000.0,BAIK SEKALI,Loc_0-Type_1
UNIVERSITAS MOHAMMAD NATSIR BUKITTINGGI,SUMATERA BARAT,12160000.0,BAIK SEKALI,Loc_0-Type_1
UNIVERSITAS MOHAMMAD NATSIR BUKITTINGGI,SUMATERA BARAT,12160000.0,BAIK SEKALI,Loc_0-Type_1
UNIVERSITAS MOHAMMAD NATSIR BUKITTINGGI,SUMATERA BARAT,12160000.0,BAIK SEKALI,Loc_0-Type_1
UNIVERSITAS MOHAMMAD NATSIR BUKITTINGGI,SUMATERA BARAT,12160000.0,BAIK SEKALI,Loc_0-Type_1
UNIVERSITAS MOHAMMAD NATSIR BUKITTINGGI,SUMATERA BARAT,12160000.0,BAIK SEKALI,Loc_0-Type_1
UNIVERSITAS MPU TANTULAR,D.K.I. JAKARTA,11337000.0,B,Loc_4-Type_1
UNIVERSITAS MPU TANTULAR,D.K.I. JAKARTA,11337000.0,B,Loc_4-Type_1
UNIVERSITAS MPU TANTULAR,D.K.I. JAKARTA,11337000.0,B,Loc_4-Type_1
UNIVERSITAS MPU TANTULAR,D.K.I. JAKARTA,11337000.0,B,Loc_4-Type_1
UNIVERSITAS MPU TANTULAR,D.K.I. JAKARTA,11337000.0,B,Loc_4-Type_1
UNIVERSITAS MPU TANTULAR,D.K.I. JAKARTA,11337000.0,B,Loc_4-Type_1
UNIVERSITAS MPU TANTULAR,D.K.I. JAKARTA,11337000.0,B,Loc_4-Type_1
UNIVERSITAS MPU TANTULAR,D.K.I. JAKARTA,11337000.0,B,Loc_4-Type_1
UNIVERSITAS MPU TANTULAR,D.K.I. JAKARTA,11337000.0,B,Loc_4-Type_1
UNIVERSITAS MPU TANTULAR,D.K.I. JAKARTA,11337000.0,B,Loc_4-Type_1
UNIVERSITAS MPU TANTULAR,D.K.I. JAKARTA,11337000.0,B,Loc_4-Type_1
UNIVERSITAS MUHADI SETIABUDI,JAWA TENGAH,7351000.0,BAIK SEKALI,Loc_7-Type_2
UNIVERSITAS MUHADI SETIABUDI,JAWA TENGAH,7351000.0,BAIK SEKALI,Loc_7-Type_2
UNIVERSITAS MUHADI SETIABUDI,JAWA TENGAH,7351000.0,BAIK SEKALI,Loc_7-Type_2
UNIVERSITAS MUHADI SETIABUDI,JAWA TENGAH,7351000.0,BAIK SEKALI,Loc_7-Type_2
UNIVERSITAS MUHADI SETIABUDI,JAWA TENGAH,7351000.0,BAIK SEKALI,Loc_7-Type_2
UNIVERSITAS MUHADI SETIABUDI,JAWA TENGAH,7351000.0,BAIK SEKALI,Loc_7-Type_2
UNIVERSITAS MUHADI SETIABUDI,JAWA TENGAH,7351000.0,BAIK SEKALI,Loc_7-Type_2
UNIVERSITAS MUHAMMADIYAH ACEH,ACEH,15505000.0,BAIK SEKALI,Loc_0-Type_1
UNIVERSITAS MUHAMMADIYAH ACEH,ACEH,15505000.0,BAIK SEKALI,Loc_0-Type_1
UNIVERSITAS MUHAMMADIYAH ACEH,ACEH,15505000.0,BAIK SEKALI,Loc_0-Type_1
UNIVERSITAS MUHAMMADIYAH ACEH,ACEH,15505000.0,BAIK SEKALI,Loc_0-Type_1
UNIVERSITAS MUHAMMADIYAH ACEH,ACEH,15505000.0,BAIK SEKALI,Loc_0-Type_1
UNIVERSITAS MUHAMMADIYAH ACEH,ACEH,15505000.0,BAIK SEKALI,Loc_0-Type_1
UNIVERSITAS MUHAMMADIYAH ACEH,ACEH,15505000.0,BAIK SEKALI,Loc_0-Type_1
UNIVERSITAS MUHAMMADIYAH ACEH,ACEH,15505000.0,BAIK SEKALI,Loc_0-Type_1
UNIVERSITAS MUHAMMADIYAH ACEH,ACEH,15505000.0,BAIK SEKALI,Loc_0-Type_1
UNIVERSITAS MUHAMMADIYAH ACEH,ACEH,15505000.0,BAIK SEKALI,Loc_0-Type_1
UNIVERSITAS MUHAMMADIYAH ACEH,ACEH,15505000.0,BAIK SEKALI,Loc_0-Type_1
UNIVERSITAS MUHAMMADIYAH ACEH,ACEH,15505000.0,BAIK SEKALI,Loc_0-Type_1
UNIVERSITAS MUHAMMADIYAH ACEH,ACEH,15505000.0,BAIK SEKALI,Loc_0-Type_1
UNIVERSITAS MUHAMMADIYAH AHMAD DAHLAN CIREBON,JAWA BARAT,19450000.0,BAIK SEKALI,Loc_8-Type_1
UNIVERSITAS MUHAMMADIYAH AHMAD DAHLAN CIREBON,JAWA BARAT,19450000.0,BAIK SEKALI,Loc_8-Type_1
UNIVERSITAS MUHAMMADIYAH AHMAD DAHLAN CIREBON,JAWA BARAT,19450000.0,BAIK SEKALI,Loc_8-Type_1
UNIVERSITAS MUHAMMADIYAH AHMAD DAHLAN CIREBON,JAWA BARAT,19450000.0,BAIK SEKALI,Loc_8-Type_1
UNIVERSITAS MUHAMMADIYAH AHMAD DAHLAN CIREBON,JAWA BARAT,19450000.0,BAIK SEKALI,Loc_8-Type_1
UNIVERSITAS MUHAMMADIYAH ASAHAN,SUMATERA UTARA,4000000.0,BAIK,Loc_0-Type_0
UNIVERSITAS MUHAMMADIYAH ASAHAN,SUMATERA UTARA,4000000.0,BAIK,Loc_0-Type_0
UNIVERSITAS MUHAMMADIYAH ASAHAN,SUMATERA UTARA,4000000.0,BAIK,Loc_0-Type_0
UNIVERSITAS MUHAMMADIYAH ASAHAN,SUMATERA UTARA,4000000.0,BAIK,Loc_0-Type_0
UNIVERSITAS MUHAMMADIYAH ASAHAN,SUMATERA UTARA,4000000.0,BAIK,Loc_0-Type_0
UNIVERSITAS MUHAMMADIYAH ASAHAN,SUMATERA UTARA,4000000.0,BAIK,Loc_0-Type_0
UNIVERSITAS MUHAMMADIYAH BANGKA BELITUNG,BANGKA BELITUNG,4480000.0,BAIK SEKALI,Loc_0-Type_1
UNIVERSITAS MUHAMMADIYAH BANGKA BELITUNG,BANGKA BELITUNG,4480000.0,BAIK SEKALI,Loc_0-Type_1
UNIVERSITAS MUHAMMADIYAH BANGKA BELITUNG,BANGKA BELITUNG,4480000.0,BAIK SEKALI,Loc_0-Type_1
UNIVERSITAS MUHAMMADIYAH BANGKA BELITUNG,BANGKA BELITUNG,4480000.0,BAIK SEKALI,Loc_0-Type_1
UNIVERSITAS MUHAMMADIYAH BANGKA BELITUNG,BANGKA BELITUNG,4480000.0,BAIK SEKALI,Loc_0-Type_1
UNIVERSITAS MUHAMMADIYAH BANGKA BELITUNG,BANGKA BELITUNG,4480000.0,BAIK SEKALI,Loc_0-Type_1
UNIVERSITAS MUHAMMADIYAH BANGKA BELITUNG,BANGKA BELITUNG,4480000.0,BAIK SEKALI,Loc_0-Type_1
UNIVERSITAS MUHAMMADIYAH BANGKA BELITUNG,BANGKA BELITUNG,4480000.0,BAIK SEKALI,Loc_0-Type_1
UNIVERSITAS MUHAMMADIYAH BANGKA BELITUNG,BANGKA BELITUNG,4480000.0,BAIK SEKALI,Loc_0-Type_1
UNIVERSITAS MUHAMMADIYAH BANJARMASIN,KALIMANTAN SELATAN,30355000.0,BAIK SEKALI,Loc_0-Type_1
UNIVERSITAS MUHAMMADIYAH BANJARMASIN,KALIMANTAN SELATAN,30355000.0,BAIK SEKALI,Loc_0-Type_1
UNIVERSITAS MUHAMMADIYAH BANJARMASIN,KALIMANTAN SELATAN,30355000.0,BAIK SEKALI,Loc_0-Type_1
UNIVERSITAS MUHAMMADIYAH BANJARMASIN,KALIMANTAN SELATAN,30355000.0,BAIK SEKALI,Loc_0-Type_1
UNIVERSITAS MUHAMMADIYAH BANJARMASIN,KALIMANTAN SELATAN,30355000.0,BAIK SEKALI,Loc_0-Type_1
UNIVERSITAS MUHAMMADIYAH BANJARMASIN,KALIMANTAN SELATAN,30355000.0,BAIK SEKALI,Loc_0-Type_1
UNIVERSITAS MUHAMMADIYAH BANJARMASIN,KALIMANTAN SELATAN,30355000.0,BAIK SEKALI,Loc_0-Type_1
UNIVERSITAS MUHAMMADIYAH BANJARMASIN,KALIMANTAN SELATAN,30355000.0,BAIK SEKALI,Loc_0-Type_1
UNIVERSITAS MUHAMMADIYAH BANJARMASIN,KALIMANTAN SELATAN,30355000.0,BAIK SEKALI,Loc_0-Type_1
UNIVERSITAS MUHAMMADIYAH BANTEN,BANTEN,6000000.0,BAIK,Loc_0-Type_0
UNIVERSITAS MUHAMMADIYAH BANTEN,BANTEN,6000000.0,BAIK,Loc_0-Type_0
UNIVERSITAS MUHAMMADIYAH BANTEN,BANTEN,6000000.0,BAIK,Loc_0-Type_0
UNIVERSITAS MUHAMMADIYAH BENGKULU,BENGKULU,6600000.0,B,Loc_0-Type_2
UNIVERSITAS MUHAMMADIYAH BENGKULU,BENGKULU,6600000.0,B,Loc_0-Type_2
UNIVERSITAS MUHAMMADIYAH BENGKULU,BENGKULU,6600000.0,B,Loc_0-Type_2
UNIVERSITAS MUHAMMADIYAH BENGKULU,BENGKULU,6600000.0,B,Loc_0-Type_2
UNIVERSITAS MUHAMMADIYAH BENGKULU,BENGKULU,6600000.0,B,Loc_0-Type_2
UNIVERSITAS MUHAMMADIYAH BENGKULU,BENGKULU,6600000.0,B,Loc_0-Type_2
UNIVERSITAS MUHAMMADIYAH BENGKULU,BENGKULU,6600000.0,B,Loc_0-Type_2
UNIVERSITAS MUHAMMADIYAH BENGKULU,BENGKULU,6600000.0,B,Loc_0-Type_2
UNIVERSITAS MUHAMMADIYAH BENGKULU,BENGKULU,6600000.0,B,Loc_0-Type_2
UNIVERSITAS MUHAMMADIYAH BENGKULU,BENGKULU,6600000.0,B,Loc_0-Type_2
UNIVERSITAS MUHAMMADIYAH BENGKULU,BENGKULU,6600000.0,B,Loc_0-Type_2
UNIVERSITAS MUHAMMADIYAH BENGKULU,BENGKULU,6600000.0,B,Loc_0-Type_2
UNIVERSITAS MUHAMMADIYAH BENGKULU,BENGKULU,6600000.0,B,Loc_0-Type_2
UNIVERSITAS MUHAMMADIYAH BENGKULU,BENGKULU,6600000.0,B,Loc_0-Type_2
UNIVERSITAS MUHAMMADIYAH BENGKULU,BENGKULU,6600000.0,B,Loc_0-Type_2
UNIVERSITAS MUHAMMADIYAH BENGKULU,BENGKULU,6600000.0,B,Loc_0-Type_2
UNIVERSITAS MUHAMMADIYAH BENGKULU,BENGKULU,6600000.0,B,Loc_0-Type_2
UNIVERSITAS MUHAMMADIYAH BENGKULU,BENGKULU,6600000.0,B,Loc_0-Type_2
UNIVERSITAS MUHAMMADIYAH BENGKULU,BENGKULU,6600000.0,B,Loc_0-Type_2
UNIVERSITAS MUHAMMADIYAH BENGKULU,BENGKULU,6600000.0,B,Loc_0-Type_2
UNIVERSITAS MUHAMMADIYAH BENGKULU,BENGKULU,6600000.0,B,Loc_0-Type_2
UNIVERSITAS MUHAMMADIYAH BERAU,KALIMANTAN TIMUR,5000000.0,BAIK SEKALI,Loc_0-Type_1
UNIVERSITAS MUHAMMADIYAH BERAU,KALIMANTAN TIMUR,5000000.0,BAIK SEKALI,Loc_0-Type_1
UNIVERSITAS MUHAMMADIYAH BERAU,KALIMANTAN TIMUR,5000000.0,BAIK SEKALI,Loc_0-Type_1
UNIVERSITAS MUHAMMADIYAH BERAU,KALIMANTAN TIMUR,5000000.0,BAIK SEKALI,Loc_0-Type_1
UNIVERSITAS MUHAMMADIYAH BERAU,KALIMANTAN TIMUR,5000000.0,BAIK SEKALI,Loc_0-Type_1
UNIVERSITAS MUHAMMADIYAH BERAU,KALIMANTAN TIMUR,5000000.0,BAIK SEKALI,Loc_0-Type_1
UNIVERSITAS MUHAMMADIYAH BERAU,KALIMANTAN TIMUR,5000000.0,BAIK SEKALI,Loc_0-Type_1
UNIVERSITAS MUHAMMADIYAH BERAU,KALIMANTAN TIMUR,5000000.0,BAIK SEKALI,Loc_0-Type_1
UNIVERSITAS MUHAMMADIYAH BIMA,NUSA TENGGARA BARAT,1800000.0,BAIK,Loc_0-Type_0
UNIVERSITAS MUHAMMADIYAH BIMA,NUSA TENGGARA BARAT,1800000.0,BAIK,Loc_0-Type_0
UNIVERSITAS MUHAMMADIYAH BIMA,NUSA TENGGARA BARAT,1800000.0,BAIK,Loc_0-Type_0
UNIVERSITAS MUHAMMADIYAH BIMA,NUSA TENGGARA BARAT,1800000.0,BAIK,Loc_0-Type_0
UNIVERSITAS MUHAMMADIYAH BIMA,NUSA TENGGARA BARAT,1800000.0,BAIK,Loc_0-Type_0
UNIVERSITAS MUHAMMADIYAH BOGOR RAYA,JAWA BARAT,6900000.0,BAIK SEKALI,Loc_8-Type_1
UNIVERSITAS MUHAMMADIYAH BOGOR RAYA,JAWA BARAT,6900000.0,BAIK SEKALI,Loc_8-Type_1
UNIVERSITAS MUHAMMADIYAH BOGOR RAYA,JAWA BARAT,6900000.0,BAIK SEKALI,Loc_8-Type_1
UNIVERSITAS MUHAMMADIYAH BOGOR RAYA,JAWA BARAT,6900000.0,BAIK SEKALI,Loc_8-Type_1
UNIVERSITAS MUHAMMADIYAH BOGOR RAYA,JAWA BARAT,6900000.0,BAIK SEKALI,Loc_8-Type_1
UNIVERSITAS MUHAMMADIYAH BOGOR RAYA,JAWA BARAT,6900000.0,BAIK SEKALI,Loc_8-Type_1
UNIVERSITAS MUHAMMADIYAH BONE,SULAWESI SELATAN,5500000.0,BAIK SEKALI,Loc_3-Type_2
UNIVERSITAS MUHAMMADIYAH BONE,SULAWESI SELATAN,5500000.0,BAIK SEKALI,Loc_3-Type_2
UNIVERSITAS MUHAMMADIYAH BONE,SULAWESI SELATAN,5500000.0,BAIK SEKALI,Loc_3-Type_2
UNIVERSITAS MUHAMMADIYAH BONE,SULAWESI SELATAN,5500000.0,BAIK SEKALI,Loc_3-Type_2
UNIVERSITAS MUHAMMADIYAH BONE,SULAWESI SELATAN,5500000.0,BAIK SEKALI,Loc_3-Type_2
UNIVERSITAS MUHAMMADIYAH BONE,SULAWESI SELATAN,5500000.0,BAIK SEKALI,Loc_3-Type_2
UNIVERSITAS MUHAMMADIYAH BONE,SULAWESI SELATAN,5500000.0,BAIK SEKALI,Loc_3-Type_2
UNIVERSITAS MUHAMMADIYAH BONE,SULAWESI SELATAN,5500000.0,BAIK SEKALI,Loc_3-Type_2
UNIVERSITAS MUHAMMADIYAH BONE,SULAWESI SELATAN,5500000.0,BAIK SEKALI,Loc_3-Type_2
UNIVERSITAS MUHAMMADIYAH BREBES,JAWA TENGAH,6200000.0,BAIK,Loc_7-Type_0
UNIVERSITAS MUHAMMADIYAH BREBES,JAWA TENGAH,6200000.0,BAIK,Loc_7-Type_0
UNIVERSITAS MUHAMMADIYAH BREBES,JAWA TENGAH,6200000.0,BAIK,Loc_7-Type_0
UNIVERSITAS MUHAMMADIYAH BREBES,JAWA TENGAH,6200000.0,BAIK,Loc_7-Type_0
UNIVERSITAS MUHAMMADIYAH BREBES,JAWA TENGAH,6200000.0,BAIK,Loc_7-Type_0
UNIVERSITAS MUHAMMADIYAH BREBES,JAWA TENGAH,6200000.0,BAIK,Loc_7-Type_0
UNIVERSITAS MUHAMMADIYAH BULUKUMBA,SULAWESI SELATAN,40805000.0,BAIK,Loc_3-Type_0
UNIVERSITAS MUHAMMADIYAH BULUKUMBA,SULAWESI SELATAN,40805000.0,BAIK,Loc_3-Type_0
UNIVERSITAS MUHAMMADIYAH BULUKUMBA,SULAWESI SELATAN,40805000.0,BAIK,Loc_3-Type_0
UNIVERSITAS MUHAMMADIYAH BULUKUMBA,SULAWESI SELATAN,40805000.0,BAIK,Loc_3-Type_0
UNIVERSITAS MUHAMMADIYAH BULUKUMBA,SULAWESI SELATAN,40805000.0,BAIK,Loc_3-Type_0
UNIVERSITAS MUHAMMADIYAH BUTON,SULAWESI TENGGARA,7700000.0,BAIK SEKALI,Loc_0-Type_1
UNIVERSITAS MUHAMMADIYAH BUTON,SULAWESI TENGGARA,7700000.0,BAIK SEKALI,Loc_0-Type_1
UNIVERSITAS MUHAMMADIYAH BUTON,SULAWESI TENGGARA,7700000.0,BAIK SEKALI,Loc_0-Type_1
UNIVERSITAS MUHAMMADIYAH BUTON,SULAWESI TENGGARA,7700000.0,BAIK SEKALI,Loc_0-Type_1
UNIVERSITAS MUHAMMADIYAH BUTON,SULAWESI TENGGARA,7700000.0,BAIK SEKALI,Loc_0-Type_1
UNIVERSITAS MUHAMMADIYAH BUTON,SULAWESI TENGGARA,7700000.0,BAIK SEKALI,Loc_0-Type_1
UNIVERSITAS MUHAMMADIYAH BUTON,SULAWESI TENGGARA,7700000.0,BAIK SEKALI,Loc_0-Type_1
UNIVERSITAS MUHAMMADIYAH BUTON,SULAWESI TENGGARA,7700000.0,BAIK SEKALI,Loc_0-Type_1
UNIVERSITAS MUHAMMADIYAH BUTON,SULAWESI TENGGARA,7700000.0,BAIK SEKALI,Loc_0-Type_1
UNIVERSITAS MUHAMMADIYAH BUTON,SULAWESI TENGGARA,7700000.0,BAIK SEKALI,Loc_0-Type_1
UNIVERSITAS MUHAMMADIYAH BUTON,SULAWESI TENGGARA,7700000.0,BAIK SEKALI,Loc_0-Type_1
UNIVERSITAS MUHAMMADIYAH BUTON,SULAWESI TENGGARA,7700000.0,BAIK SEKALI,Loc_0-Type_1
UNIVERSITAS MUHAMMADIYAH BUTON,SULAWESI TENGGARA,7700000.0,BAIK SEKALI,Loc_0-Type_1
UNIVERSITAS MUHAMMADIYAH BUTON,SULAWESI TENGGARA,7700000.0,BAIK SEKALI,Loc_0-Type_1
UNIVERSITAS MUHAMMADIYAH CILEUNGSI,JAWA BARAT,10500000.0,BAIK,Loc_8-Type_2
UNIVERSITAS MUHAMMADIYAH CILEUNGSI,JAWA BARAT,10500000.0,BAIK,Loc_8-Type_2
UNIVERSITAS MUHAMMADIYAH CILEUNGSI,JAWA BARAT,10500000.0,BAIK,Loc_8-Type_2
UNIVERSITAS MUHAMMADIYAH CILEUNGSI,JAWA BARAT,10500000.0,BAIK,Loc_8-Type_2
UNIVERSITAS MUHAMMADIYAH CILEUNGSI,JAWA BARAT,10500000.0,BAIK,Loc_8-Type_2
UNIVERSITAS MUHAMMADIYAH CILEUNGSI,JAWA BARAT,10500000.0,BAIK,Loc_8-Type_2
UNIVERSITAS MUHAMMADIYAH CILEUNGSI,JAWA BARAT,10500000.0,BAIK,Loc_8-Type_2
UNIVERSITAS MUHAMMADIYAH CIREBON,JAWA BARAT,8850000.0,B,Loc_8-Type_0
UNIVERSITAS MUHAMMADIYAH CIREBON,JAWA BARAT,8850000.0,B,Loc_8-Type_0
UNIVERSITAS MUHAMMADIYAH CIREBON,JAWA BARAT,8850000.0,B,Loc_8-Type_0
UNIVERSITAS MUHAMMADIYAH CIREBON,JAWA BARAT,8850000.0,B,Loc_8-Type_0
UNIVERSITAS MUHAMMADIYAH CIREBON,JAWA BARAT,8850000.0,B,Loc_8-Type_0
UNIVERSITAS MUHAMMADIYAH CIREBON,JAWA BARAT,8850000.0,B,Loc_8-Type_0
UNIVERSITAS MUHAMMADIYAH CIREBON,JAWA BARAT,8850000.0,B,Loc_8-Type_0
UNIVERSITAS MUHAMMADIYAH CIREBON,JAWA BARAT,8850000.0,B,Loc_8-Type_0
UNIVERSITAS MUHAMMADIYAH CIREBON,JAWA BARAT,8850000.0,B,Loc_8-Type_0
UNIVERSITAS MUHAMMADIYAH CIREBON,JAWA BARAT,8850000.0,B,Loc_8-Type_0
UNIVERSITAS MUHAMMADIYAH CIREBON,JAWA BARAT,8850000.0,B,Loc_8-Type_0
UNIVERSITAS MUHAMMADIYAH CIREBON,JAWA BARAT,8850000.0,B,Loc_8-Type_0
UNIVERSITAS MUHAMMADIYAH CIREBON,JAWA BARAT,8850000.0,B,Loc_8-Type_0
UNIVERSITAS MUHAMMADIYAH CIREBON,JAWA BARAT,8850000.0,B,Loc_8-Type_0
UNIVERSITAS MUHAMMADIYAH CIREBON,JAWA BARAT,8850000.0,B,Loc_8-Type_0
UNIVERSITAS MUHAMMADIYAH CIREBON,JAWA BARAT,8850000.0,B,Loc_8-Type_0
UNIVERSITAS MUHAMMADIYAH ENREKANG,SULAWESI SELATAN,6400000.0,BAIK SEKALI,Loc_3-Type_2
UNIVERSITAS MUHAMMADIYAH ENREKANG,SULAWESI SELATAN,6400000.0,BAIK SEKALI,Loc_3-Type_2
UNIVERSITAS MUHAMMADIYAH ENREKANG,SULAWESI SELATAN,6400000.0,BAIK SEKALI,Loc_3-Type_2
UNIVERSITAS MUHAMMADIYAH ENREKANG,SULAWESI SELATAN,6400000.0,BAIK SEKALI,Loc_3-Type_2
UNIVERSITAS MUHAMMADIYAH ENREKANG,SULAWESI SELATAN,6400000.0,BAIK SEKALI,Loc_3-Type_2
UNIVERSITAS MUHAMMADIYAH ENREKANG,SULAWESI SELATAN,6400000.0,BAIK SEKALI,Loc_3-Type_2
UNIVERSITAS MUHAMMADIYAH ENREKANG,SULAWESI SELATAN,6400000.0,BAIK SEKALI,Loc_3-Type_2
UNIVERSITAS MUHAMMADIYAH ENREKANG,SULAWESI SELATAN,6400000.0,BAIK SEKALI,Loc_3-Type_2
UNIVERSITAS MUHAMMADIYAH ENREKANG,SULAWESI SELATAN,6400000.0,BAIK SEKALI,Loc_3-Type_2
UNIVERSITAS MUHAMMADIYAH ENREKANG,SULAWESI SELATAN,6400000.0,BAIK SEKALI,Loc_3-Type_2
UNIVERSITAS MUHAMMADIYAH GOMBONG,JAWA TENGAH,23750000.0,BAIK SEKALI,Loc_7-Type_2
UNIVERSITAS MUHAMMADIYAH GOMBONG,JAWA TENGAH,23750000.0,BAIK SEKALI,Loc_7-Type_2
UNIVERSITAS MUHAMMADIYAH GOMBONG,JAWA TENGAH,23750000.0,BAIK SEKALI,Loc_7-Type_2
UNIVERSITAS MUHAMMADIYAH GOMBONG,JAWA TENGAH,23750000.0,BAIK SEKALI,Loc_7-Type_2
UNIVERSITAS MUHAMMADIYAH GOMBONG,JAWA TENGAH,23750000.0,BAIK SEKALI,Loc_7-Type_2
UNIVERSITAS MUHAMMADIYAH GOMBONG,JAWA TENGAH,23750000.0,BAIK SEKALI,Loc_7-Type_2
UNIVERSITAS MUHAMMADIYAH GOMBONG,JAWA TENGAH,23750000.0,BAIK SEKALI,Loc_7-Type_2
UNIVERSITAS MUHAMMADIYAH GOMBONG,JAWA TENGAH,23750000.0,BAIK SEKALI,Loc_7-Type_2
UNIVERSITAS MUHAMMADIYAH GORONTALO,GORONTALO,11000000.0,BAIK SEKALI,Loc_0-Type_1
UNIVERSITAS MUHAMMADIYAH GORONTALO,GORONTALO,11000000.0,BAIK SEKALI,Loc_0-Type_1
UNIVERSITAS MUHAMMADIYAH GORONTALO,GORONTALO,11000000.0,BAIK SEKALI,Loc_0-Type_1
UNIVERSITAS MUHAMMADIYAH GORONTALO,GORONTALO,11000000.0,BAIK SEKALI,Loc_0-Type_1
UNIVERSITAS MUHAMMADIYAH GORONTALO,GORONTALO,11000000.0,BAIK SEKALI,Loc_0-Type_1
UNIVERSITAS MUHAMMADIYAH GORONTALO,GORONTALO,11000000.0,BAIK SEKALI,Loc_0-Type_1
UNIVERSITAS MUHAMMADIYAH GORONTALO,GORONTALO,11000000.0,BAIK SEKALI,Loc_0-Type_1
UNIVERSITAS MUHAMMADIYAH GORONTALO,GORONTALO,11000000.0,BAIK SEKALI,Loc_0-Type_1
UNIVERSITAS MUHAMMADIYAH GORONTALO,GORONTALO,11000000.0,BAIK SEKALI,Loc_0-Type_1
UNIVERSITAS MUHAMMADIYAH GORONTALO,GORONTALO,11000000.0,BAIK SEKALI,Loc_0-Type_1
UNIVERSITAS MUHAMMADIYAH GORONTALO,GORONTALO,11000000.0,BAIK SEKALI,Loc_0-Type_1
UNIVERSITAS MUHAMMADIYAH GORONTALO,GORONTALO,11000000.0,BAIK SEKALI,Loc_0-Type_1
UNIVERSITAS MUHAMMADIYAH GORONTALO,GORONTALO,11000000.0,BAIK SEKALI,Loc_0-Type_1
UNIVERSITAS MUHAMMADIYAH GORONTALO,GORONTALO,11000000.0,BAIK SEKALI,Loc_0-Type_1
UNIVERSITAS MUHAMMADIYAH GORONTALO,GORONTALO,11000000.0,BAIK SEKALI,Loc_0-Type_1
UNIVERSITAS MUHAMMADIYAH GORONTALO,GORONTALO,11000000.0,BAIK SEKALI,Loc_0-Type_1
UNIVERSITAS MUHAMMADIYAH GORONTALO,GORONTALO,11000000.0,BAIK SEKALI,Loc_0-Type_1
UNIVERSITAS MUHAMMADIYAH GORONTALO,GORONTALO,11000000.0,BAIK SEKALI,Loc_0-Type_1
UNIVERSITAS MUHAMMADIYAH GORONTALO,GORONTALO,11000000.0,BAIK SEKALI,Loc_0-Type_1
UNIVERSITAS MUHAMMADIYAH GORONTALO,GORONTALO,11000000.0,BAIK SEKALI,Loc_0-Type_1
UNIVERSITAS MUHAMMADIYAH GORONTALO,GORONTALO,11000000.0,BAIK SEKALI,Loc_0-Type_1
UNIVERSITAS MUHAMMADIYAH GORONTALO,GORONTALO,11000000.0,BAIK SEKALI,Loc_0-Type_1
UNIVERSITAS MUHAMMADIYAH GORONTALO,GORONTALO,11000000.0,BAIK SEKALI,Loc_0-Type_1
UNIVERSITAS MUHAMMADIYAH GORONTALO,GORONTALO,11000000.0,BAIK SEKALI,Loc_0-Type_1
UNIVERSITAS MUHAMMADIYAH GORONTALO,GORONTALO,11000000.0,BAIK SEKALI,Loc_0-Type_1
UNIVERSITAS MUHAMMADIYAH GORONTALO,GORONTALO,11000000.0,BAIK SEKALI,Loc_0-Type_1
UNIVERSITAS MUHAMMADIYAH GRESIK,JAWA TIMUR,11150000.0,BAIK SEKALI,Loc_5-Type_1
UNIVERSITAS MUHAMMADIYAH GRESIK,JAWA TIMUR,11150000.0,BAIK SEKALI,Loc_5-Type_1
UNIVERSITAS MUHAMMADIYAH GRESIK,JAWA TIMUR,11150000.0,BAIK SEKALI,Loc_5-Type_1
UNIVERSITAS MUHAMMADIYAH GRESIK,JAWA TIMUR,11150000.0,BAIK SEKALI,Loc_5-Type_1
UNIVERSITAS MUHAMMADIYAH GRESIK,JAWA TIMUR,11150000.0,BAIK SEKALI,Loc_5-Type_1
UNIVERSITAS MUHAMMADIYAH GRESIK,JAWA TIMUR,11150000.0,BAIK SEKALI,Loc_5-Type_1
UNIVERSITAS MUHAMMADIYAH GRESIK,JAWA TIMUR,11150000.0,BAIK SEKALI,Loc_5-Type_1
UNIVERSITAS MUHAMMADIYAH GRESIK,JAWA TIMUR,11150000.0,BAIK SEKALI,Loc_5-Type_1
UNIVERSITAS MUHAMMADIYAH GRESIK,JAWA TIMUR,11150000.0,BAIK SEKALI,Loc_5-Type_1
UNIVERSITAS MUHAMMADIYAH GRESIK,JAWA TIMUR,11150000.0,BAIK SEKALI,Loc_5-Type_1
UNIVERSITAS MUHAMMADIYAH GRESIK,JAWA TIMUR,11150000.0,BAIK SEKALI,Loc_5-Type_1
UNIVERSITAS MUHAMMADIYAH GRESIK,JAWA TIMUR,11150000.0,BAIK SEKALI,Loc_5-Type_1
UNIVERSITAS MUHAMMADIYAH GRESIK,JAWA TIMUR,11150000.0,BAIK SEKALI,Loc_5-Type_1
UNIVERSITAS MUHAMMADIYAH GRESIK,JAWA TIMUR,11150000.0,BAIK SEKALI,Loc_5-Type_1
UNIVERSITAS MUHAMMADIYAH GRESIK,JAWA TIMUR,11150000.0,BAIK SEKALI,Loc_5-Type_1
UNIVERSITAS MUHAMMADIYAH GRESIK,JAWA TIMUR,11150000.0,BAIK SEKALI,Loc_5-Type_1
UNIVERSITAS MUHAMMADIYAH GRESIK,JAWA TIMUR,11150000.0,BAIK SEKALI,Loc_5-Type_1
UNIVERSITAS MUHAMMADIYAH GRESIK,JAWA TIMUR,11150000.0,BAIK SEKALI,Loc_5-Type_1
UNIVERSITAS MUHAMMADIYAH GRESIK,JAWA TIMUR,11150000.0,BAIK SEKALI,Loc_5-Type_1
UNIVERSITAS MUHAMMADIYAH GRESIK,JAWA TIMUR,11150000.0,BAIK SEKALI,Loc_5-Type_1
UNIVERSITAS MUHAMMADIYAH GRESIK,JAWA TIMUR,11150000.0,BAIK SEKALI,Loc_5-Type_1
UNIVERSITAS MUHAMMADIYAH GRESIK,JAWA TIMUR,11150000.0,BAIK SEKALI,Loc_5-Type_1
UNIVERSITAS MUHAMMADIYAH GRESIK,JAWA TIMUR,11150000.0,BAIK SEKALI,Loc_5-Type_1
UNIVERSITAS MUHAMMADIYAH JAKARTA,D.K.I. JAKARTA,24511201.0,B,Loc_4-Type_1
UNIVERSITAS MUHAMMADIYAH JAKARTA,D.K.I. JAKARTA,24511201.0,B,Loc_4-Type_1
UNIVERSITAS MUHAMMADIYAH JAKARTA,D.K.I. JAKARTA,24511201.0,B,Loc_4-Type_1
UNIVERSITAS MUHAMMADIYAH JAKARTA,D.K.I. JAKARTA,24511201.0,B,Loc_4-Type_1
UNIVERSITAS MUHAMMADIYAH JAKARTA,D.K.I. JAKARTA,24511201.0,B,Loc_4-Type_1
UNIVERSITAS MUHAMMADIYAH JAKARTA,D.K.I. JAKARTA,24511201.0,B,Loc_4-Type_1
UNIVERSITAS MUHAMMADIYAH JAKARTA,D.K.I. JAKARTA,24511201.0,B,Loc_4-Type_1
UNIVERSITAS MUHAMMADIYAH JAKARTA,D.K.I. JAKARTA,24511201.0,B,Loc_4-Type_1
UNIVERSITAS MUHAMMADIYAH JAKARTA,D.K.I. JAKARTA,24511201.0,B,Loc_4-Type_1
UNIVERSITAS MUHAMMADIYAH JAKARTA,D.K.I. JAKARTA,24511201.0,B,Loc_4-Type_1
UNIVERSITAS MUHAMMADIYAH JAKARTA,D.K.I. JAKARTA,24511201.0,B,Loc_4-Type_1
UNIVERSITAS MUHAMMADIYAH JAKARTA,D.K.I. JAKARTA,24511201.0,B,Loc_4-Type_1
UNIVERSITAS MUHAMMADIYAH JAKARTA,D.K.I. JAKARTA,24511201.0,B,Loc_4-Type_1
UNIVERSITAS MUHAMMADIYAH JAKARTA,D.K.I. JAKARTA,24511201.0,B,Loc_4-Type_1
UNIVERSITAS MUHAMMADIYAH JAKARTA,D.K.I. JAKARTA,24511201.0,B,Loc_4-Type_1
UNIVERSITAS MUHAMMADIYAH JAKARTA,D.K.I. JAKARTA,24511201.0,B,Loc_4-Type_1
UNIVERSITAS MUHAMMADIYAH JAKARTA,D.K.I. JAKARTA,24511201.0,B,Loc_4-Type_1
UNIVERSITAS MUHAMMADIYAH JAKARTA,D.K.I. JAKARTA,24511201.0,B,Loc_4-Type_1
UNIVERSITAS MUHAMMADIYAH JAKARTA,D.K.I. JAKARTA,24511201.0,B,Loc_4-Type_1
UNIVERSITAS MUHAMMADIYAH JAKARTA,D.K.I. JAKARTA,24511201.0,B,Loc_4-Type_1
UNIVERSITAS MUHAMMADIYAH JAKARTA,D.K.I. JAKARTA,24511201.0,B,Loc_4-Type_1
UNIVERSITAS MUHAMMADIYAH JAKARTA,D.K.I. JAKARTA,24511201.0,B,Loc_4-Type_1
UNIVERSITAS MUHAMMADIYAH JAKARTA,D.K.I. JAKARTA,24511201.0,B,Loc_4-Type_1
UNIVERSITAS MUHAMMADIYAH JAKARTA,D.K.I. JAKARTA,24511201.0,B,Loc_4-Type_1
UNIVERSITAS MUHAMMADIYAH JAKARTA,D.K.I. JAKARTA,24511201.0,B,Loc_4-Type_1
UNIVERSITAS MUHAMMADIYAH JAKARTA,D.K.I. JAKARTA,24511201.0,B,Loc_4-Type_1
UNIVERSITAS MUHAMMADIYAH JAKARTA,D.K.I. JAKARTA,24511201.0,B,Loc_4-Type_1
UNIVERSITAS MUHAMMADIYAH JAKARTA,D.K.I. JAKARTA,24511201.0,B,Loc_4-Type_1
UNIVERSITAS MUHAMMADIYAH JAKARTA,D.K.I. JAKARTA,24511201.0,B,Loc_4-Type_1
UNIVERSITAS MUHAMMADIYAH JAKARTA,D.K.I. JAKARTA,24511201.0,B,Loc_4-Type_1
UNIVERSITAS MUHAMMADIYAH JAKARTA,D.K.I. JAKARTA,24511201.0,B,Loc_4-Type_1
UNIVERSITAS MUHAMMADIYAH JAKARTA,D.K.I. JAKARTA,24511201.0,B,Loc_4-Type_1
UNIVERSITAS MUHAMMADIYAH JAKARTA,D.K.I. JAKARTA,24511201.0,B,Loc_4-Type_1
UNIVERSITAS MUHAMMADIYAH JAMBI,JAMBI,6110000.0,BAIK SEKALI,Loc_0-Type_1
UNIVERSITAS MUHAMMADIYAH JAMBI,JAMBI,6110000.0,BAIK SEKALI,Loc_0-Type_1
UNIVERSITAS MUHAMMADIYAH JAMBI,JAMBI,6110000.0,BAIK SEKALI,Loc_0-Type_1
UNIVERSITAS MUHAMMADIYAH JAMBI,JAMBI,6110000.0,BAIK SEKALI,Loc_0-Type_1
UNIVERSITAS MUHAMMADIYAH JAMBI,JAMBI,6110000.0,BAIK SEKALI,Loc_0-Type_1
UNIVERSITAS MUHAMMADIYAH JAMBI,JAMBI,6110000.0,BAIK SEKALI,Loc_0-Type_1
UNIVERSITAS MUHAMMADIYAH JEMBER,JAWA TIMUR,46860200.0,B,Loc_5-Type_0
UNIVERSITAS MUHAMMADIYAH JEMBER,JAWA TIMUR,46860200.0,B,Loc_5-Type_0
UNIVERSITAS MUHAMMADIYAH JEMBER,JAWA TIMUR,46860200.0,B,Loc_5-Type_0
UNIVERSITAS MUHAMMADIYAH JEMBER,JAWA TIMUR,46860200.0,B,Loc_5-Type_0
UNIVERSITAS MUHAMMADIYAH JEMBER,JAWA TIMUR,46860200.0,B,Loc_5-Type_0
UNIVERSITAS MUHAMMADIYAH JEMBER,JAWA TIMUR,46860200.0,B,Loc_5-Type_0
UNIVERSITAS MUHAMMADIYAH JEMBER,JAWA TIMUR,46860200.0,B,Loc_5-Type_0
UNIVERSITAS MUHAMMADIYAH JEMBER,JAWA TIMUR,46860200.0,B,Loc_5-Type_0
UNIVERSITAS MUHAMMADIYAH JEMBER,JAWA TIMUR,46860200.0,B,Loc_5-Type_0
UNIVERSITAS MUHAMMADIYAH JEMBER,JAWA TIMUR,46860200.0,B,Loc_5-Type_0
UNIVERSITAS MUHAMMADIYAH JEMBER,JAWA TIMUR,46860200.0,B,Loc_5-Type_0
UNIVERSITAS MUHAMMADIYAH JEMBER,JAWA TIMUR,46860200.0,B,Loc_5-Type_0
UNIVERSITAS MUHAMMADIYAH JEMBER,JAWA TIMUR,46860200.0,B,Loc_5-Type_0
UNIVERSITAS MUHAMMADIYAH JEMBER,JAWA TIMUR,46860200.0,B,Loc_5-Type_0
UNIVERSITAS MUHAMMADIYAH JEMBER,JAWA TIMUR,46860200.0,B,Loc_5-Type_0
UNIVERSITAS MUHAMMADIYAH JEMBER,JAWA TIMUR,46860200.0,B,Loc_5-Type_0
UNIVERSITAS MUHAMMADIYAH JEMBER,JAWA TIMUR,46860200.0,B,Loc_5-Type_0
UNIVERSITAS MUHAMMADIYAH JEMBER,JAWA TIMUR,46860200.0,B,Loc_5-Type_0
UNIVERSITAS MUHAMMADIYAH JEMBER,JAWA TIMUR,46860200.0,B,Loc_5-Type_0
UNIVERSITAS MUHAMMADIYAH JEMBER,JAWA TIMUR,46860200.0,B,Loc_5-Type_0
UNIVERSITAS MUHAMMADIYAH JEMBER,JAWA TIMUR,46860200.0,B,Loc_5-Type_0
UNIVERSITAS MUHAMMADIYAH JEMBER,JAWA TIMUR,46860200.0,B,Loc_5-Type_0
UNIVERSITAS MUHAMMADIYAH JEMBER,JAWA TIMUR,46860200.0,B,Loc_5-Type_0
UNIVERSITAS MUHAMMADIYAH JEMBER,JAWA TIMUR,46860200.0,B,Loc_5-Type_0
UNIVERSITAS MUHAMMADIYAH JEMBER,JAWA TIMUR,46860200.0,B,Loc_5-Type_0
UNIVERSITAS MUHAMMADIYAH JEMBER,JAWA TIMUR,46860200.0,B,Loc_5-Type_0
UNIVERSITAS MUHAMMADIYAH JEMBER,JAWA TIMUR,46860200.0,B,Loc_5-Type_0
UNIVERSITAS MUHAMMADIYAH KALIMANTAN TIMUR,KALIMANTAN TIMUR,11985000.0,BAIK SEKALI,Loc_0-Type_1
UNIVERSITAS MUHAMMADIYAH KALIMANTAN TIMUR,KALIMANTAN TIMUR,11985000.0,BAIK SEKALI,Loc_0-Type_1
UNIVERSITAS MUHAMMADIYAH KALIMANTAN TIMUR,KALIMANTAN TIMUR,11985000.0,BAIK SEKALI,Loc_0-Type_1
UNIVERSITAS MUHAMMADIYAH KALIMANTAN TIMUR,KALIMANTAN TIMUR,11985000.0,BAIK SEKALI,Loc_0-Type_1
UNIVERSITAS MUHAMMADIYAH KALIMANTAN TIMUR,KALIMANTAN TIMUR,11985000.0,BAIK SEKALI,Loc_0-Type_1
UNIVERSITAS MUHAMMADIYAH KALIMANTAN TIMUR,KALIMANTAN TIMUR,11985000.0,BAIK SEKALI,Loc_0-Type_1
UNIVERSITAS MUHAMMADIYAH KALIMANTAN TIMUR,KALIMANTAN TIMUR,11985000.0,BAIK SEKALI,Loc_0-Type_1
UNIVERSITAS MUHAMMADIYAH KALIMANTAN TIMUR,KALIMANTAN TIMUR,11985000.0,BAIK SEKALI,Loc_0-Type_1
UNIVERSITAS MUHAMMADIYAH KALIMANTAN TIMUR,KALIMANTAN TIMUR,11985000.0,BAIK SEKALI,Loc_0-Type_1
UNIVERSITAS MUHAMMADIYAH KALIMANTAN TIMUR,KALIMANTAN TIMUR,11985000.0,BAIK SEKALI,Loc_0-Type_1
UNIVERSITAS MUHAMMADIYAH KALIMANTAN TIMUR,KALIMANTAN TIMUR,11985000.0,BAIK SEKALI,Loc_0-Type_1
UNIVERSITAS MUHAMMADIYAH KALIMANTAN TIMUR,KALIMANTAN TIMUR,11985000.0,BAIK SEKALI,Loc_0-Type_1
UNIVERSITAS MUHAMMADIYAH KALIMANTAN TIMUR,KALIMANTAN TIMUR,11985000.0,BAIK SEKALI,Loc_0-Type_1
UNIVERSITAS MUHAMMADIYAH KALIMANTAN TIMUR,KALIMANTAN TIMUR,11985000.0,BAIK SEKALI,Loc_0-Type_1
UNIVERSITAS MUHAMMADIYAH KALIMANTAN TIMUR,KALIMANTAN TIMUR,11985000.0,BAIK SEKALI,Loc_0-Type_1
UNIVERSITAS MUHAMMADIYAH KALIMANTAN TIMUR,KALIMANTAN TIMUR,11985000.0,BAIK SEKALI,Loc_0-Type_1
UNIVERSITAS MUHAMMADIYAH KALIMANTAN TIMUR,KALIMANTAN TIMUR,11985000.0,BAIK SEKALI,Loc_0-Type_1
UNIVERSITAS MUHAMMADIYAH KALIMANTAN TIMUR,KALIMANTAN TIMUR,11985000.0,BAIK SEKALI,Loc_0-Type_1
UNIVERSITAS MUHAMMADIYAH KENDAL BATANG,JAWA TENGAH,6795000.0,BAIK,Loc_7-Type_0
UNIVERSITAS MUHAMMADIYAH KENDAL BATANG,JAWA TENGAH,6795000.0,BAIK,Loc_7-Type_0
UNIVERSITAS MUHAMMADIYAH KENDAL BATANG,JAWA TENGAH,6795000.0,BAIK,Loc_7-Type_0
UNIVERSITAS MUHAMMADIYAH KENDAL BATANG,JAWA TENGAH,6795000.0,BAIK,Loc_7-Type_0
UNIVERSITAS MUHAMMADIYAH KENDAL BATANG,JAWA TENGAH,6795000.0,BAIK,Loc_7-Type_0
UNIVERSITAS MUHAMMADIYAH KENDAL BATANG,JAWA TENGAH,6795000.0,BAIK,Loc_7-Type_0
UNIVERSITAS MUHAMMADIYAH KENDAL BATANG,JAWA TENGAH,6795000.0,BAIK,Loc_7-Type_0
UNIVERSITAS MUHAMMADIYAH KENDARI,SULAWESI TENGGARA,40250000.0,BAIK SEKALI,Loc_0-Type_1
UNIVERSITAS MUHAMMADIYAH KENDARI,SULAWESI TENGGARA,40250000.0,BAIK SEKALI,Loc_0-Type_1
UNIVERSITAS MUHAMMADIYAH KENDARI,SULAWESI TENGGARA,40250000.0,BAIK SEKALI,Loc_0-Type_1
UNIVERSITAS MUHAMMADIYAH KENDARI,SULAWESI TENGGARA,40250000.0,BAIK SEKALI,Loc_0-Type_1
UNIVERSITAS MUHAMMADIYAH KENDARI,SULAWESI TENGGARA,40250000.0,BAIK SEKALI,Loc_0-Type_1
UNIVERSITAS MUHAMMADIYAH KENDARI,SULAWESI TENGGARA,40250000.0,BAIK SEKALI,Loc_0-Type_1
UNIVERSITAS MUHAMMADIYAH KENDARI,SULAWESI TENGGARA,40250000.0,BAIK SEKALI,Loc_0-Type_1
UNIVERSITAS MUHAMMADIYAH KENDARI,SULAWESI TENGGARA,40250000.0,BAIK SEKALI,Loc_0-Type_1
UNIVERSITAS MUHAMMADIYAH KENDARI,SULAWESI TENGGARA,40250000.0,BAIK SEKALI,Loc_0-Type_1
UNIVERSITAS MUHAMMADIYAH KENDARI,SULAWESI TENGGARA,40250000.0,BAIK SEKALI,Loc_0-Type_1
UNIVERSITAS MUHAMMADIYAH KENDARI,SULAWESI TENGGARA,40250000.0,BAIK SEKALI,Loc_0-Type_1
UNIVERSITAS MUHAMMADIYAH KENDARI,SULAWESI TENGGARA,40250000.0,BAIK SEKALI,Loc_0-Type_1
UNIVERSITAS MUHAMMADIYAH KENDARI,SULAWESI TENGGARA,40250000.0,BAIK SEKALI,Loc_0-Type_1
UNIVERSITAS MUHAMMADIYAH KENDARI,SULAWESI TENGGARA,40250000.0,BAIK SEKALI,Loc_0-Type_1
UNIVERSITAS MUHAMMADIYAH KENDARI,SULAWESI TENGGARA,40250000.0,BAIK SEKALI,Loc_0-Type_1
UNIVERSITAS MUHAMMADIYAH KENDARI,SULAWESI TENGGARA,40250000.0,BAIK SEKALI,Loc_0-Type_1
UNIVERSITAS MUHAMMADIYAH KLATEN,JAWA TENGAH,4550000.0,BAIK SEKALI,Loc_7-Type_2
UNIVERSITAS MUHAMMADIYAH KLATEN,JAWA TENGAH,4550000.0,BAIK SEKALI,Loc_7-Type_2
UNIVERSITAS MUHAMMADIYAH KLATEN,JAWA TENGAH,4550000.0,BAIK SEKALI,Loc_7-Type_2
UNIVERSITAS MUHAMMADIYAH KLATEN,JAWA TENGAH,4550000.0,BAIK SEKALI,Loc_7-Type_2
UNIVERSITAS MUHAMMADIYAH KLATEN,JAWA TENGAH,4550000.0,BAIK SEKALI,Loc_7-Type_2
UNIVERSITAS MUHAMMADIYAH KOTABUMI,LAMPUNG,11950000.0,B,Loc_1-Type_1
UNIVERSITAS MUHAMMADIYAH KOTABUMI,LAMPUNG,11950000.0,B,Loc_1-Type_1
UNIVERSITAS MUHAMMADIYAH KOTABUMI,LAMPUNG,11950000.0,B,Loc_1-Type_1
UNIVERSITAS MUHAMMADIYAH KOTABUMI,LAMPUNG,11950000.0,B,Loc_1-Type_1
UNIVERSITAS MUHAMMADIYAH KOTABUMI,LAMPUNG,11950000.0,B,Loc_1-Type_1
UNIVERSITAS MUHAMMADIYAH KOTABUMI,LAMPUNG,11950000.0,B,Loc_1-Type_1
UNIVERSITAS MUHAMMADIYAH KOTABUMI,LAMPUNG,11950000.0,B,Loc_1-Type_1
UNIVERSITAS MUHAMMADIYAH KOTABUMI,LAMPUNG,11950000.0,B,Loc_1-Type_1
UNIVERSITAS MUHAMMADIYAH KOTABUMI,LAMPUNG,11950000.0,B,Loc_1-Type_1
UNIVERSITAS MUHAMMADIYAH KOTABUMI,LAMPUNG,11950000.0,B,Loc_1-Type_1
UNIVERSITAS MUHAMMADIYAH KUDUS,JAWA TENGAH,8500000.0,BAIK SEKALI,Loc_7-Type_2
UNIVERSITAS MUHAMMADIYAH KUDUS,JAWA TENGAH,8500000.0,BAIK SEKALI,Loc_7-Type_2
UNIVERSITAS MUHAMMADIYAH KUDUS,JAWA TENGAH,8500000.0,BAIK SEKALI,Loc_7-Type_2
UNIVERSITAS MUHAMMADIYAH KUDUS,JAWA TENGAH,8500000.0,BAIK SEKALI,Loc_7-Type_2
UNIVERSITAS MUHAMMADIYAH KUDUS,JAWA TENGAH,8500000.0,BAIK SEKALI,Loc_7-Type_2
UNIVERSITAS MUHAMMADIYAH KUDUS,JAWA TENGAH,8500000.0,BAIK SEKALI,Loc_7-Type_2
UNIVERSITAS MUHAMMADIYAH KUDUS,JAWA TENGAH,8500000.0,BAIK SEKALI,Loc_7-Type_2
UNIVERSITAS MUHAMMADIYAH KUDUS,JAWA TENGAH,8500000.0,BAIK SEKALI,Loc_7-Type_2
UNIVERSITAS MUHAMMADIYAH KUDUS,JAWA TENGAH,8500000.0,BAIK SEKALI,Loc_7-Type_2
UNIVERSITAS MUHAMMADIYAH KUDUS,JAWA TENGAH,8500000.0,BAIK SEKALI,Loc_7-Type_2
UNIVERSITAS MUHAMMADIYAH KUDUS,JAWA TENGAH,8500000.0,BAIK SEKALI,Loc_7-Type_2
UNIVERSITAS MUHAMMADIYAH KUDUS,JAWA TENGAH,8500000.0,BAIK SEKALI,Loc_7-Type_2
UNIVERSITAS MUHAMMADIYAH KUDUS,JAWA TENGAH,8500000.0,BAIK SEKALI,Loc_7-Type_2
UNIVERSITAS MUHAMMADIYAH KUPANG,NUSA TENGGARA TIMUR,22700000.0,B,Loc_0-Type_2
UNIVERSITAS MUHAMMADIYAH KUPANG,NUSA TENGGARA TIMUR,22700000.0,B,Loc_0-Type_2
UNIVERSITAS MUHAMMADIYAH KUPANG,NUSA TENGGARA TIMUR,22700000.0,B,Loc_0-Type_2
UNIVERSITAS MUHAMMADIYAH KUPANG,NUSA TENGGARA TIMUR,22700000.0,B,Loc_0-Type_2
UNIVERSITAS MUHAMMADIYAH KUPANG,NUSA TENGGARA TIMUR,22700000.0,B,Loc_0-Type_2
UNIVERSITAS MUHAMMADIYAH KUPANG,NUSA TENGGARA TIMUR,22700000.0,B,Loc_0-Type_2
UNIVERSITAS MUHAMMADIYAH KUPANG,NUSA TENGGARA TIMUR,22700000.0,B,Loc_0-Type_2
UNIVERSITAS MUHAMMADIYAH KUPANG,NUSA TENGGARA TIMUR,22700000.0,B,Loc_0-Type_2
UNIVERSITAS MUHAMMADIYAH KUPANG,NUSA TENGGARA TIMUR,22700000.0,B,Loc_0-Type_2
UNIVERSITAS MUHAMMADIYAH KUPANG,NUSA TENGGARA TIMUR,22700000.0,B,Loc_0-Type_2
UNIVERSITAS MUHAMMADIYAH KUPANG,NUSA TENGGARA TIMUR,22700000.0,B,Loc_0-Type_2
UNIVERSITAS MUHAMMADIYAH LAMPUNG,LAMPUNG,9450000.0,B,Loc_1-Type_1
UNIVERSITAS MUHAMMADIYAH LAMPUNG,LAMPUNG,9450000.0,B,Loc_1-Type_1
UNIVERSITAS MUHAMMADIYAH LAMPUNG,LAMPUNG,9450000.0,B,Loc_1-Type_1
UNIVERSITAS MUHAMMADIYAH LAMPUNG,LAMPUNG,9450000.0,B,Loc_1-Type_1
UNIVERSITAS MUHAMMADIYAH LAMPUNG,LAMPUNG,9450000.0,B,Loc_1-Type_1
UNIVERSITAS MUHAMMADIYAH LAMPUNG,LAMPUNG,9450000.0,B,Loc_1-Type_1
UNIVERSITAS MUHAMMADIYAH LAMPUNG,LAMPUNG,9450000.0,B,Loc_1-Type_1
UNIVERSITAS MUHAMMADIYAH LAMPUNG,LAMPUNG,9450000.0,B,Loc_1-Type_1
UNIVERSITAS MUHAMMADIYAH MADIUN,JAWA TIMUR,6950000.0,BAIK SEKALI,Loc_5-Type_1
UNIVERSITAS MUHAMMADIYAH MADIUN,JAWA TIMUR,6950000.0,BAIK SEKALI,Loc_5-Type_1
UNIVERSITAS MUHAMMADIYAH MADIUN,JAWA TIMUR,6950000.0,BAIK SEKALI,Loc_5-Type_1
UNIVERSITAS MUHAMMADIYAH MADIUN,JAWA TIMUR,6950000.0,BAIK SEKALI,Loc_5-Type_1
UNIVERSITAS MUHAMMADIYAH MADIUN,JAWA TIMUR,6950000.0,BAIK SEKALI,Loc_5-Type_1
UNIVERSITAS MUHAMMADIYAH MADIUN,JAWA TIMUR,6950000.0,BAIK SEKALI,Loc_5-Type_1
UNIVERSITAS MUHAMMADIYAH MADIUN,JAWA TIMUR,6950000.0,BAIK SEKALI,Loc_5-Type_1
UNIVERSITAS MUHAMMADIYAH MAGELANG,JAWA TENGAH,29580000.0,B,Loc_7-Type_2
UNIVERSITAS MUHAMMADIYAH MAGELANG,JAWA TENGAH,29580000.0,B,Loc_7-Type_2
UNIVERSITAS MUHAMMADIYAH MAGELANG,JAWA TENGAH,29580000.0,B,Loc_7-Type_2
UNIVERSITAS MUHAMMADIYAH MAGELANG,JAWA TENGAH,29580000.0,B,Loc_7-Type_2
UNIVERSITAS MUHAMMADIYAH MAGELANG,JAWA TENGAH,29580000.0,B,Loc_7-Type_2
UNIVERSITAS MUHAMMADIYAH MAGELANG,JAWA TENGAH,29580000.0,B,Loc_7-Type_2
UNIVERSITAS MUHAMMADIYAH MAGELANG,JAWA TENGAH,29580000.0,B,Loc_7-Type_2
UNIVERSITAS MUHAMMADIYAH MAGELANG,JAWA TENGAH,29580000.0,B,Loc_7-Type_2
UNIVERSITAS MUHAMMADIYAH MAGELANG,JAWA TENGAH,29580000.0,B,Loc_7-Type_2
UNIVERSITAS MUHAMMADIYAH MAGELANG,JAWA TENGAH,29580000.0,B,Loc_7-Type_2
UNIVERSITAS MUHAMMADIYAH MAGELANG,JAWA TENGAH,29580000.0,B,Loc_7-Type_2
UNIVERSITAS MUHAMMADIYAH MAGELANG,JAWA TENGAH,29580000.0,B,Loc_7-Type_2
UNIVERSITAS MUHAMMADIYAH MAGELANG,JAWA TENGAH,29580000.0,B,Loc_7-Type_2
UNIVERSITAS MUHAMMADIYAH MAGELANG,JAWA TENGAH,29580000.0,B,Loc_7-Type_2
UNIVERSITAS MUHAMMADIYAH MAGELANG,JAWA TENGAH,29580000.0,B,Loc_7-Type_2
UNIVERSITAS MUHAMMADIYAH MAGELANG,JAWA TENGAH,29580000.0,B,Loc_7-Type_2
UNIVERSITAS MUHAMMADIYAH MAHAKARYA ACEH,ACEH,6600000.0,BAIK SEKALI,Loc_0-Type_1
UNIVERSITAS MUHAMMADIYAH MAHAKARYA ACEH,ACEH,6600000.0,BAIK SEKALI,Loc_0-Type_1
UNIVERSITAS MUHAMMADIYAH MAHAKARYA ACEH,ACEH,6600000.0,BAIK SEKALI,Loc_0-Type_1
UNIVERSITAS MUHAMMADIYAH MAHAKARYA ACEH,ACEH,6600000.0,BAIK SEKALI,Loc_0-Type_1
UNIVERSITAS MUHAMMADIYAH MAHAKARYA ACEH,ACEH,6600000.0,BAIK SEKALI,Loc_0-Type_1
UNIVERSITAS MUHAMMADIYAH MAHAKARYA ACEH,ACEH,6600000.0,BAIK SEKALI,Loc_0-Type_1
UNIVERSITAS MUHAMMADIYAH MAHAKARYA ACEH,ACEH,6600000.0,BAIK SEKALI,Loc_0-Type_1
UNIVERSITAS MUHAMMADIYAH MAHAKARYA ACEH,ACEH,6600000.0,BAIK SEKALI,Loc_0-Type_1
UNIVERSITAS MUHAMMADIYAH MAHAKARYA ACEH,ACEH,6600000.0,BAIK SEKALI,Loc_0-Type_1
UNIVERSITAS MUHAMMADIYAH MAHAKARYA ACEH,ACEH,6600000.0,BAIK SEKALI,Loc_0-Type_1
UNIVERSITAS MUHAMMADIYAH MAKASSAR,SULAWESI SELATAN,22600000.0,B,Loc_3-Type_2
UNIVERSITAS MUHAMMADIYAH MAKASSAR,SULAWESI SELATAN,22600000.0,B,Loc_3-Type_2
UNIVERSITAS MUHAMMADIYAH MAKASSAR,SULAWESI SELATAN,22600000.0,B,Loc_3-Type_2
UNIVERSITAS MUHAMMADIYAH MAKASSAR,SULAWESI SELATAN,22600000.0,B,Loc_3-Type_2
UNIVERSITAS MUHAMMADIYAH MAKASSAR,SULAWESI SELATAN,22600000.0,B,Loc_3-Type_2
UNIVERSITAS MUHAMMADIYAH MAKASSAR,SULAWESI SELATAN,22600000.0,B,Loc_3-Type_2
UNIVERSITAS MUHAMMADIYAH MAKASSAR,SULAWESI SELATAN,22600000.0,B,Loc_3-Type_2
UNIVERSITAS MUHAMMADIYAH MAKASSAR,SULAWESI SELATAN,22600000.0,B,Loc_3-Type_2
UNIVERSITAS MUHAMMADIYAH MAKASSAR,SULAWESI SELATAN,22600000.0,B,Loc_3-Type_2
UNIVERSITAS MUHAMMADIYAH MAKASSAR,SULAWESI SELATAN,22600000.0,B,Loc_3-Type_2
UNIVERSITAS MUHAMMADIYAH MAKASSAR,SULAWESI SELATAN,22600000.0,B,Loc_3-Type_2
UNIVERSITAS MUHAMMADIYAH MAKASSAR,SULAWESI SELATAN,22600000.0,B,Loc_3-Type_2
UNIVERSITAS MUHAMMADIYAH MAKASSAR,SULAWESI SELATAN,22600000.0,B,Loc_3-Type_2
UNIVERSITAS MUHAMMADIYAH MAKASSAR,SULAWESI SELATAN,22600000.0,B,Loc_3-Type_2
UNIVERSITAS MUHAMMADIYAH MAKASSAR,SULAWESI SELATAN,22600000.0,B,Loc_3-Type_2
UNIVERSITAS MUHAMMADIYAH MAKASSAR,SULAWESI SELATAN,22600000.0,B,Loc_3-Type_2
UNIVERSITAS MUHAMMADIYAH MAKASSAR,SULAWESI SELATAN,22600000.0,B,Loc_3-Type_2
UNIVERSITAS MUHAMMADIYAH MAKASSAR,SULAWESI SELATAN,22600000.0,B,Loc_3-Type_2
UNIVERSITAS MUHAMMADIYAH MAKASSAR,SULAWESI SELATAN,22600000.0,B,Loc_3-Type_2
UNIVERSITAS MUHAMMADIYAH MAKASSAR,SULAWESI SELATAN,22600000.0,B,Loc_3-Type_2
UNIVERSITAS MUHAMMADIYAH MAKASSAR,SULAWESI SELATAN,22600000.0,B,Loc_3-Type_2
UNIVERSITAS MUHAMMADIYAH MAKASSAR,SULAWESI SELATAN,22600000.0,B,Loc_3-Type_2
UNIVERSITAS MUHAMMADIYAH MAKASSAR,SULAWESI SELATAN,22600000.0,B,Loc_3-Type_2
UNIVERSITAS MUHAMMADIYAH MAKASSAR,SULAWESI SELATAN,22600000.0,B,Loc_3-Type_2
UNIVERSITAS MUHAMMADIYAH MAKASSAR,SULAWESI SELATAN,22600000.0,B,Loc_3-Type_2
UNIVERSITAS MUHAMMADIYAH MAKASSAR,SULAWESI SELATAN,22600000.0,B,Loc_3-Type_2
UNIVERSITAS MUHAMMADIYAH MAKASSAR,SULAWESI SELATAN,22600000.0,B,Loc_3-Type_2
UNIVERSITAS MUHAMMADIYAH MAKASSAR,SULAWESI SELATAN,22600000.0,B,Loc_3-Type_2
UNIVERSITAS MUHAMMADIYAH MAKASSAR,SULAWESI SELATAN,22600000.0,B,Loc_3-Type_2
UNIVERSITAS MUHAMMADIYAH MAKASSAR,SULAWESI SELATAN,22600000.0,B,Loc_3-Type_2
UNIVERSITAS MUHAMMADIYAH MAKASSAR,SULAWESI SELATAN,22600000.0,B,Loc_3-Type_2
UNIVERSITAS MUHAMMADIYAH MAKASSAR,SULAWESI SELATAN,22600000.0,B,Loc_3-Type_2
UNIVERSITAS MUHAMMADIYAH MAKASSAR,SULAWESI SELATAN,22600000.0,B,Loc_3-Type_2
UNIVERSITAS MUHAMMADIYAH MAKASSAR,SULAWESI SELATAN,22600000.0,B,Loc_3-Type_2
UNIVERSITAS MUHAMMADIYAH MAKASSAR,SULAWESI SELATAN,22600000.0,B,Loc_3-Type_2
UNIVERSITAS MUHAMMADIYAH MALANG,JAWA TIMUR,20000000.0,A,Loc_5-Type_1
UNIVERSITAS MUHAMMADIYAH MALANG,JAWA TIMUR,20000000.0,A,Loc_5-Type_1
UNIVERSITAS MUHAMMADIYAH MALANG,JAWA TIMUR,20000000.0,A,Loc_5-Type_1
UNIVERSITAS MUHAMMADIYAH MALANG,JAWA TIMUR,20000000.0,A,Loc_5-Type_1
UNIVERSITAS MUHAMMADIYAH MALANG,JAWA TIMUR,20000000.0,A,Loc_5-Type_1
UNIVERSITAS MUHAMMADIYAH MALANG,JAWA TIMUR,20000000.0,A,Loc_5-Type_1
UNIVERSITAS MUHAMMADIYAH MALANG,JAWA TIMUR,20000000.0,A,Loc_5-Type_1
UNIVERSITAS MUHAMMADIYAH MALANG,JAWA TIMUR,20000000.0,A,Loc_5-Type_1
UNIVERSITAS MUHAMMADIYAH MALANG,JAWA TIMUR,20000000.0,A,Loc_5-Type_1
UNIVERSITAS MUHAMMADIYAH MALANG,JAWA TIMUR,20000000.0,A,Loc_5-Type_1
UNIVERSITAS MUHAMMADIYAH MALANG,JAWA TIMUR,20000000.0,A,Loc_5-Type_1
UNIVERSITAS MUHAMMADIYAH MALANG,JAWA TIMUR,20000000.0,A,Loc_5-Type_1
UNIVERSITAS MUHAMMADIYAH MALANG,JAWA TIMUR,20000000.0,A,Loc_5-Type_1
UNIVERSITAS MUHAMMADIYAH MALANG,JAWA TIMUR,20000000.0,A,Loc_5-Type_1
UNIVERSITAS MUHAMMADIYAH MALANG,JAWA TIMUR,20000000.0,A,Loc_5-Type_1
UNIVERSITAS MUHAMMADIYAH MALANG,JAWA TIMUR,20000000.0,A,Loc_5-Type_1
UNIVERSITAS MUHAMMADIYAH MALANG,JAWA TIMUR,20000000.0,A,Loc_5-Type_1
UNIVERSITAS MUHAMMADIYAH MALANG,JAWA TIMUR,20000000.0,A,Loc_5-Type_1
UNIVERSITAS MUHAMMADIYAH MALANG,JAWA TIMUR,20000000.0,A,Loc_5-Type_1
UNIVERSITAS MUHAMMADIYAH MALANG,JAWA TIMUR,20000000.0,A,Loc_5-Type_1
UNIVERSITAS MUHAMMADIYAH MALANG,JAWA TIMUR,20000000.0,A,Loc_5-Type_1
UNIVERSITAS MUHAMMADIYAH MALANG,JAWA TIMUR,20000000.0,A,Loc_5-Type_1
UNIVERSITAS MUHAMMADIYAH MALANG,JAWA TIMUR,20000000.0,A,Loc_5-Type_1
UNIVERSITAS MUHAMMADIYAH MALANG,JAWA TIMUR,20000000.0,A,Loc_5-Type_1
UNIVERSITAS MUHAMMADIYAH MALANG,JAWA TIMUR,20000000.0,A,Loc_5-Type_1
UNIVERSITAS MUHAMMADIYAH MALANG,JAWA TIMUR,20000000.0,A,Loc_5-Type_1
UNIVERSITAS MUHAMMADIYAH MALANG,JAWA TIMUR,20000000.0,A,Loc_5-Type_1
UNIVERSITAS MUHAMMADIYAH MALANG,JAWA TIMUR,20000000.0,A,Loc_5-Type_1
UNIVERSITAS MUHAMMADIYAH MALANG,JAWA TIMUR,20000000.0,A,Loc_5-Type_1
UNIVERSITAS MUHAMMADIYAH MALANG,JAWA TIMUR,20000000.0,A,Loc_5-Type_1
UNIVERSITAS MUHAMMADIYAH MALANG,JAWA TIMUR,20000000.0,A,Loc_5-Type_1
UNIVERSITAS MUHAMMADIYAH MALANG,JAWA TIMUR,20000000.0,A,Loc_5-Type_1
UNIVERSITAS MUHAMMADIYAH MALUKU,MALUKU,4250000.0,BAIK,Loc_0-Type_0
UNIVERSITAS MUHAMMADIYAH MALUKU,MALUKU,4250000.0,BAIK,Loc_0-Type_0
UNIVERSITAS MUHAMMADIYAH MALUKU,MALUKU,4250000.0,BAIK,Loc_0-Type_0
UNIVERSITAS MUHAMMADIYAH MALUKU,MALUKU,4250000.0,BAIK,Loc_0-Type_0
UNIVERSITAS MUHAMMADIYAH MALUKU,MALUKU,4250000.0,BAIK,Loc_0-Type_0
UNIVERSITAS MUHAMMADIYAH MALUKU UTARA,MALUKU UTARA,7886750.0,BAIK SEKALI,Loc_0-Type_1
UNIVERSITAS MUHAMMADIYAH MALUKU UTARA,MALUKU UTARA,7886750.0,BAIK SEKALI,Loc_0-Type_1
UNIVERSITAS MUHAMMADIYAH MALUKU UTARA,MALUKU UTARA,7886750.0,BAIK SEKALI,Loc_0-Type_1
UNIVERSITAS MUHAMMADIYAH MALUKU UTARA,MALUKU UTARA,7886750.0,BAIK SEKALI,Loc_0-Type_1
UNIVERSITAS MUHAMMADIYAH MALUKU UTARA,MALUKU UTARA,7886750.0,BAIK SEKALI,Loc_0-Type_1
UNIVERSITAS MUHAMMADIYAH MALUKU UTARA,MALUKU UTARA,7886750.0,BAIK SEKALI,Loc_0-Type_1
UNIVERSITAS MUHAMMADIYAH MALUKU UTARA,MALUKU UTARA,7886750.0,BAIK SEKALI,Loc_0-Type_1
UNIVERSITAS MUHAMMADIYAH MALUKU UTARA,MALUKU UTARA,7886750.0,BAIK SEKALI,Loc_0-Type_1
UNIVERSITAS MUHAMMADIYAH MALUKU UTARA,MALUKU UTARA,7886750.0,BAIK SEKALI,Loc_0-Type_1
UNIVERSITAS MUHAMMADIYAH MALUKU UTARA,MALUKU UTARA,7886750.0,BAIK SEKALI,Loc_0-Type_1
UNIVERSITAS MUHAMMADIYAH MALUKU UTARA,MALUKU UTARA,7886750.0,BAIK SEKALI,Loc_0-Type_1
UNIVERSITAS MUHAMMADIYAH MALUKU UTARA,MALUKU UTARA,7886750.0,BAIK SEKALI,Loc_0-Type_1
UNIVERSITAS MUHAMMADIYAH MALUKU UTARA,MALUKU UTARA,7886750.0,BAIK SEKALI,Loc_0-Type_1
UNIVERSITAS MUHAMMADIYAH MALUKU UTARA,MALUKU UTARA,7886750.0,BAIK SEKALI,Loc_0-Type_1
UNIVERSITAS MUHAMMADIYAH MALUKU UTARA,MALUKU UTARA,7886750.0,BAIK SEKALI,Loc_0-Type_1
UNIVERSITAS MUHAMMADIYAH MALUKU UTARA,MALUKU UTARA,7886750.0,BAIK SEKALI,Loc_0-Type_1
UNIVERSITAS MUHAMMADIYAH MAMUJU,SULAWESI BARAT,7000000.0,BAIK,Loc_0-Type_0
UNIVERSITAS MUHAMMADIYAH MAMUJU,SULAWESI BARAT,7000000.0,BAIK,Loc_0-Type_0
UNIVERSITAS MUHAMMADIYAH MAMUJU,SULAWESI BARAT,7000000.0,BAIK,Loc_0-Type_0
UNIVERSITAS MUHAMMADIYAH MAMUJU,SULAWESI BARAT,7000000.0,BAIK,Loc_0-Type_0
UNIVERSITAS MUHAMMADIYAH MAMUJU,SULAWESI BARAT,7000000.0,BAIK,Loc_0-Type_0
UNIVERSITAS MUHAMMADIYAH MAMUJU,SULAWESI BARAT,7000000.0,BAIK,Loc_0-Type_0
UNIVERSITAS MUHAMMADIYAH MANADO,SULAWESI UTARA,17850000.0,BAIK,Loc_0-Type_0
UNIVERSITAS MUHAMMADIYAH MANADO,SULAWESI UTARA,17850000.0,BAIK,Loc_0-Type_0
UNIVERSITAS MUHAMMADIYAH MANADO,SULAWESI UTARA,17850000.0,BAIK,Loc_0-Type_0
UNIVERSITAS MUHAMMADIYAH MATARAM,NUSA TENGGARA BARAT,8000000.0,B,Loc_0-Type_2
UNIVERSITAS MUHAMMADIYAH MATARAM,NUSA TENGGARA BARAT,8000000.0,B,Loc_0-Type_2
UNIVERSITAS MUHAMMADIYAH MATARAM,NUSA TENGGARA BARAT,8000000.0,B,Loc_0-Type_2
UNIVERSITAS MUHAMMADIYAH MATARAM,NUSA TENGGARA BARAT,8000000.0,B,Loc_0-Type_2
UNIVERSITAS MUHAMMADIYAH MATARAM,NUSA TENGGARA BARAT,8000000.0,B,Loc_0-Type_2
UNIVERSITAS MUHAMMADIYAH MATARAM,NUSA TENGGARA BARAT,8000000.0,B,Loc_0-Type_2
UNIVERSITAS MUHAMMADIYAH MATARAM,NUSA TENGGARA BARAT,8000000.0,B,Loc_0-Type_2
UNIVERSITAS MUHAMMADIYAH MATARAM,NUSA TENGGARA BARAT,8000000.0,B,Loc_0-Type_2
UNIVERSITAS MUHAMMADIYAH MATARAM,NUSA TENGGARA BARAT,8000000.0,B,Loc_0-Type_2
UNIVERSITAS MUHAMMADIYAH MATARAM,NUSA TENGGARA BARAT,8000000.0,B,Loc_0-Type_2
UNIVERSITAS MUHAMMADIYAH MATARAM,NUSA TENGGARA BARAT,8000000.0,B,Loc_0-Type_2
UNIVERSITAS MUHAMMADIYAH MATARAM,NUSA TENGGARA BARAT,8000000.0,B,Loc_0-Type_2
UNIVERSITAS MUHAMMADIYAH MATARAM,NUSA TENGGARA BARAT,8000000.0,B,Loc_0-Type_2
UNIVERSITAS MUHAMMADIYAH MATARAM,NUSA TENGGARA BARAT,8000000.0,B,Loc_0-Type_2
UNIVERSITAS MUHAMMADIYAH MATARAM,NUSA TENGGARA BARAT,8000000.0,B,Loc_0-Type_2
UNIVERSITAS MUHAMMADIYAH MATARAM,NUSA TENGGARA BARAT,8000000.0,B,Loc_0-Type_2
UNIVERSITAS MUHAMMADIYAH MATARAM,NUSA TENGGARA BARAT,8000000.0,B,Loc_0-Type_2
UNIVERSITAS MUHAMMADIYAH MATARAM,NUSA TENGGARA BARAT,8000000.0,B,Loc_0-Type_2
UNIVERSITAS MUHAMMADIYAH MATARAM,NUSA TENGGARA BARAT,8000000.0,B,Loc_0-Type_2
UNIVERSITAS MUHAMMADIYAH MATARAM,NUSA TENGGARA BARAT,8000000.0,B,Loc_0-Type_2
UNIVERSITAS MUHAMMADIYAH MATARAM,NUSA TENGGARA BARAT,8000000.0,B,Loc_0-Type_2
UNIVERSITAS MUHAMMADIYAH MATARAM,NUSA TENGGARA BARAT,8000000.0,B,Loc_0-Type_2
UNIVERSITAS MUHAMMADIYAH MATARAM,NUSA TENGGARA BARAT,8000000.0,B,Loc_0-Type_2
UNIVERSITAS MUHAMMADIYAH MATARAM,NUSA TENGGARA BARAT,8000000.0,B,Loc_0-Type_2
UNIVERSITAS MUHAMMADIYAH MATARAM,NUSA TENGGARA BARAT,8000000.0,B,Loc_0-Type_2
UNIVERSITAS MUHAMMADIYAH MATARAM,NUSA TENGGARA BARAT,8000000.0,B,Loc_0-Type_2
UNIVERSITAS MUHAMMADIYAH MAUMERE,NUSA TENGGARA TIMUR,5610000.0,BAIK,Loc_0-Type_0
UNIVERSITAS MUHAMMADIYAH MAUMERE,NUSA TENGGARA TIMUR,5610000.0,BAIK,Loc_0-Type_0
UNIVERSITAS MUHAMMADIYAH MAUMERE,NUSA TENGGARA TIMUR,5610000.0,BAIK,Loc_0-Type_0
UNIVERSITAS MUHAMMADIYAH MAUMERE,NUSA TENGGARA TIMUR,5610000.0,BAIK,Loc_0-Type_0
UNIVERSITAS MUHAMMADIYAH MAUMERE,NUSA TENGGARA TIMUR,5610000.0,BAIK,Loc_0-Type_0
UNIVERSITAS MUHAMMADIYAH MAUMERE,NUSA TENGGARA TIMUR,5610000.0,BAIK,Loc_0-Type_0
UNIVERSITAS MUHAMMADIYAH MAUMERE,NUSA TENGGARA TIMUR,5610000.0,BAIK,Loc_0-Type_0
UNIVERSITAS MUHAMMADIYAH MAUMERE,NUSA TENGGARA TIMUR,5610000.0,BAIK,Loc_0-Type_0
UNIVERSITAS MUHAMMADIYAH METRO,LAMPUNG,48115001.0,BAIK SEKALI,Loc_1-Type_2
UNIVERSITAS MUHAMMADIYAH METRO,LAMPUNG,48115001.0,BAIK SEKALI,Loc_1-Type_2
UNIVERSITAS MUHAMMADIYAH METRO,LAMPUNG,48115001.0,BAIK SEKALI,Loc_1-Type_2
UNIVERSITAS MUHAMMADIYAH METRO,LAMPUNG,48115001.0,BAIK SEKALI,Loc_1-Type_2
UNIVERSITAS MUHAMMADIYAH METRO,LAMPUNG,48115001.0,BAIK SEKALI,Loc_1-Type_2
UNIVERSITAS MUHAMMADIYAH METRO,LAMPUNG,48115001.0,BAIK SEKALI,Loc_1-Type_2
UNIVERSITAS MUHAMMADIYAH METRO,LAMPUNG,48115001.0,BAIK SEKALI,Loc_1-Type_2
UNIVERSITAS MUHAMMADIYAH METRO,LAMPUNG,48115001.0,BAIK SEKALI,Loc_1-Type_2
UNIVERSITAS MUHAMMADIYAH METRO,LAMPUNG,48115001.0,BAIK SEKALI,Loc_1-Type_2
UNIVERSITAS MUHAMMADIYAH METRO,LAMPUNG,48115001.0,BAIK SEKALI,Loc_1-Type_2
UNIVERSITAS MUHAMMADIYAH METRO,LAMPUNG,48115001.0,BAIK SEKALI,Loc_1-Type_2
UNIVERSITAS MUHAMMADIYAH METRO,LAMPUNG,48115001.0,BAIK SEKALI,Loc_1-Type_2
UNIVERSITAS MUHAMMADIYAH METRO,LAMPUNG,48115001.0,BAIK SEKALI,Loc_1-Type_2
UNIVERSITAS MUHAMMADIYAH METRO,LAMPUNG,48115001.0,BAIK SEKALI,Loc_1-Type_2
UNIVERSITAS MUHAMMADIYAH METRO,LAMPUNG,48115001.0,BAIK SEKALI,Loc_1-Type_2
UNIVERSITAS MUHAMMADIYAH METRO,LAMPUNG,48115001.0,BAIK SEKALI,Loc_1-Type_2
UNIVERSITAS MUHAMMADIYAH METRO,LAMPUNG,48115001.0,BAIK SEKALI,Loc_1-Type_2
UNIVERSITAS MUHAMMADIYAH METRO,LAMPUNG,48115001.0,BAIK SEKALI,Loc_1-Type_2
UNIVERSITAS MUHAMMADIYAH METRO,LAMPUNG,48115001.0,BAIK SEKALI,Loc_1-Type_2
UNIVERSITAS MUHAMMADIYAH METRO,LAMPUNG,48115001.0,BAIK SEKALI,Loc_1-Type_2
UNIVERSITAS MUHAMMADIYAH METRO,LAMPUNG,48115001.0,BAIK SEKALI,Loc_1-Type_2
UNIVERSITAS MUHAMMADIYAH METRO,LAMPUNG,48115001.0,BAIK SEKALI,Loc_1-Type_2
UNIVERSITAS MUHAMMADIYAH METRO,LAMPUNG,48115001.0,BAIK SEKALI,Loc_1-Type_2
UNIVERSITAS MUHAMMADIYAH MUARA BUNGO,JAMBI,9150000.0,BAIK SEKALI,Loc_0-Type_1
UNIVERSITAS MUHAMMADIYAH MUARA BUNGO,JAMBI,9150000.0,BAIK SEKALI,Loc_0-Type_1
UNIVERSITAS MUHAMMADIYAH MUARA BUNGO,JAMBI,9150000.0,BAIK SEKALI,Loc_0-Type_1
UNIVERSITAS MUHAMMADIYAH MUARA BUNGO,JAMBI,9150000.0,BAIK SEKALI,Loc_0-Type_1
UNIVERSITAS MUHAMMADIYAH MUARA BUNGO,JAMBI,9150000.0,BAIK SEKALI,Loc_0-Type_1
UNIVERSITAS MUHAMMADIYAH MUARA BUNGO,JAMBI,9150000.0,BAIK SEKALI,Loc_0-Type_1
UNIVERSITAS MUHAMMADIYAH PALANGKA RAYA,KALIMANTAN TENGAH,20743000.0,BAIK SEKALI,Loc_0-Type_1
UNIVERSITAS MUHAMMADIYAH PALANGKA RAYA,KALIMANTAN TENGAH,20743000.0,BAIK SEKALI,Loc_0-Type_1
UNIVERSITAS MUHAMMADIYAH PALANGKA RAYA,KALIMANTAN TENGAH,20743000.0,BAIK SEKALI,Loc_0-Type_1
UNIVERSITAS MUHAMMADIYAH PALANGKA RAYA,KALIMANTAN TENGAH,20743000.0,BAIK SEKALI,Loc_0-Type_1
UNIVERSITAS MUHAMMADIYAH PALANGKA RAYA,KALIMANTAN TENGAH,20743000.0,BAIK SEKALI,Loc_0-Type_1
UNIVERSITAS MUHAMMADIYAH PALANGKA RAYA,KALIMANTAN TENGAH,20743000.0,BAIK SEKALI,Loc_0-Type_1
UNIVERSITAS MUHAMMADIYAH PALANGKA RAYA,KALIMANTAN TENGAH,20743000.0,BAIK SEKALI,Loc_0-Type_1
UNIVERSITAS MUHAMMADIYAH PALANGKA RAYA,KALIMANTAN TENGAH,20743000.0,BAIK SEKALI,Loc_0-Type_1
UNIVERSITAS MUHAMMADIYAH PALANGKA RAYA,KALIMANTAN TENGAH,20743000.0,BAIK SEKALI,Loc_0-Type_1
UNIVERSITAS MUHAMMADIYAH PALANGKA RAYA,KALIMANTAN TENGAH,20743000.0,BAIK SEKALI,Loc_0-Type_1
UNIVERSITAS MUHAMMADIYAH PALANGKA RAYA,KALIMANTAN TENGAH,20743000.0,BAIK SEKALI,Loc_0-Type_1
UNIVERSITAS MUHAMMADIYAH PALANGKA RAYA,KALIMANTAN TENGAH,20743000.0,BAIK SEKALI,Loc_0-Type_1
UNIVERSITAS MUHAMMADIYAH PALANGKA RAYA,KALIMANTAN TENGAH,20743000.0,BAIK SEKALI,Loc_0-Type_1
UNIVERSITAS MUHAMMADIYAH PALANGKA RAYA,KALIMANTAN TENGAH,20743000.0,BAIK SEKALI,Loc_0-Type_1
UNIVERSITAS MUHAMMADIYAH PALANGKA RAYA,KALIMANTAN TENGAH,20743000.0,BAIK SEKALI,Loc_0-Type_1
UNIVERSITAS MUHAMMADIYAH PALANGKA RAYA,KALIMANTAN TENGAH,20743000.0,BAIK SEKALI,Loc_0-Type_1
UNIVERSITAS MUHAMMADIYAH PALANGKA RAYA,KALIMANTAN TENGAH,20743000.0,BAIK SEKALI,Loc_0-Type_1
UNIVERSITAS MUHAMMADIYAH PALANGKA RAYA,KALIMANTAN TENGAH,20743000.0,BAIK SEKALI,Loc_0-Type_1
UNIVERSITAS MUHAMMADIYAH PALEMBANG,SUMATERA SELATAN,38610000.0,UNGGUL,Loc_0-Type_2
UNIVERSITAS MUHAMMADIYAH PALEMBANG,SUMATERA SELATAN,38610000.0,UNGGUL,Loc_0-Type_2
UNIVERSITAS MUHAMMADIYAH PALEMBANG,SUMATERA SELATAN,38610000.0,UNGGUL,Loc_0-Type_2
UNIVERSITAS MUHAMMADIYAH PALEMBANG,SUMATERA SELATAN,38610000.0,UNGGUL,Loc_0-Type_2
UNIVERSITAS MUHAMMADIYAH PALEMBANG,SUMATERA SELATAN,38610000.0,UNGGUL,Loc_0-Type_2
UNIVERSITAS MUHAMMADIYAH PALEMBANG,SUMATERA SELATAN,38610000.0,UNGGUL,Loc_0-Type_2
UNIVERSITAS MUHAMMADIYAH PALEMBANG,SUMATERA SELATAN,38610000.0,UNGGUL,Loc_0-Type_2
UNIVERSITAS MUHAMMADIYAH PALEMBANG,SUMATERA SELATAN,38610000.0,UNGGUL,Loc_0-Type_2
UNIVERSITAS MUHAMMADIYAH PALEMBANG,SUMATERA SELATAN,38610000.0,UNGGUL,Loc_0-Type_2
UNIVERSITAS MUHAMMADIYAH PALEMBANG,SUMATERA SELATAN,38610000.0,UNGGUL,Loc_0-Type_2
UNIVERSITAS MUHAMMADIYAH PALEMBANG,SUMATERA SELATAN,38610000.0,UNGGUL,Loc_0-Type_2
UNIVERSITAS MUHAMMADIYAH PALEMBANG,SUMATERA SELATAN,38610000.0,UNGGUL,Loc_0-Type_2
UNIVERSITAS MUHAMMADIYAH PALEMBANG,SUMATERA SELATAN,38610000.0,UNGGUL,Loc_0-Type_2
UNIVERSITAS MUHAMMADIYAH PALEMBANG,SUMATERA SELATAN,38610000.0,UNGGUL,Loc_0-Type_2
UNIVERSITAS MUHAMMADIYAH PALEMBANG,SUMATERA SELATAN,38610000.0,UNGGUL,Loc_0-Type_2
UNIVERSITAS MUHAMMADIYAH PALEMBANG,SUMATERA SELATAN,38610000.0,UNGGUL,Loc_0-Type_2
UNIVERSITAS MUHAMMADIYAH PALEMBANG,SUMATERA SELATAN,38610000.0,UNGGUL,Loc_0-Type_2
UNIVERSITAS MUHAMMADIYAH PALEMBANG,SUMATERA SELATAN,38610000.0,UNGGUL,Loc_0-Type_2
UNIVERSITAS MUHAMMADIYAH PALEMBANG,SUMATERA SELATAN,38610000.0,UNGGUL,Loc_0-Type_2
UNIVERSITAS MUHAMMADIYAH PALEMBANG,SUMATERA SELATAN,38610000.0,UNGGUL,Loc_0-Type_2
UNIVERSITAS MUHAMMADIYAH PALEMBANG,SUMATERA SELATAN,38610000.0,UNGGUL,Loc_0-Type_2
UNIVERSITAS MUHAMMADIYAH PALOPO,SULAWESI SELATAN,15600000.0,BAIK SEKALI,Loc_3-Type_2
UNIVERSITAS MUHAMMADIYAH PALOPO,SULAWESI SELATAN,15600000.0,BAIK SEKALI,Loc_3-Type_2
UNIVERSITAS MUHAMMADIYAH PALOPO,SULAWESI SELATAN,15600000.0,BAIK SEKALI,Loc_3-Type_2
UNIVERSITAS MUHAMMADIYAH PALOPO,SULAWESI SELATAN,15600000.0,BAIK SEKALI,Loc_3-Type_2
UNIVERSITAS MUHAMMADIYAH PALOPO,SULAWESI SELATAN,15600000.0,BAIK SEKALI,Loc_3-Type_2
UNIVERSITAS MUHAMMADIYAH PALOPO,SULAWESI SELATAN,15600000.0,BAIK SEKALI,Loc_3-Type_2
UNIVERSITAS MUHAMMADIYAH PALOPO,SULAWESI SELATAN,15600000.0,BAIK SEKALI,Loc_3-Type_2
UNIVERSITAS MUHAMMADIYAH PALOPO,SULAWESI SELATAN,15600000.0,BAIK SEKALI,Loc_3-Type_2
UNIVERSITAS MUHAMMADIYAH PALOPO,SULAWESI SELATAN,15600000.0,BAIK SEKALI,Loc_3-Type_2
UNIVERSITAS MUHAMMADIYAH PALOPO,SULAWESI SELATAN,15600000.0,BAIK SEKALI,Loc_3-Type_2
UNIVERSITAS MUHAMMADIYAH PALOPO,SULAWESI SELATAN,15600000.0,BAIK SEKALI,Loc_3-Type_2
UNIVERSITAS MUHAMMADIYAH PALOPO,SULAWESI SELATAN,15600000.0,BAIK SEKALI,Loc_3-Type_2
UNIVERSITAS MUHAMMADIYAH PALOPO,SULAWESI SELATAN,15600000.0,BAIK SEKALI,Loc_3-Type_2
UNIVERSITAS MUHAMMADIYAH PALOPO,SULAWESI SELATAN,15600000.0,BAIK SEKALI,Loc_3-Type_2
UNIVERSITAS MUHAMMADIYAH PALOPO,SULAWESI SELATAN,15600000.0,BAIK SEKALI,Loc_3-Type_2
UNIVERSITAS MUHAMMADIYAH PALOPO,SULAWESI SELATAN,15600000.0,BAIK SEKALI,Loc_3-Type_2
UNIVERSITAS MUHAMMADIYAH PALU,SULAWESI TENGAH,36000019.0,BAIK SEKALI,Loc_0-Type_1
UNIVERSITAS MUHAMMADIYAH PALU,SULAWESI TENGAH,36000019.0,BAIK SEKALI,Loc_0-Type_1
UNIVERSITAS MUHAMMADIYAH PALU,SULAWESI TENGAH,36000019.0,BAIK SEKALI,Loc_0-Type_1
UNIVERSITAS MUHAMMADIYAH PALU,SULAWESI TENGAH,36000019.0,BAIK SEKALI,Loc_0-Type_1
UNIVERSITAS MUHAMMADIYAH PALU,SULAWESI TENGAH,36000019.0,BAIK SEKALI,Loc_0-Type_1
UNIVERSITAS MUHAMMADIYAH PALU,SULAWESI TENGAH,36000019.0,BAIK SEKALI,Loc_0-Type_1
UNIVERSITAS MUHAMMADIYAH PALU,SULAWESI TENGAH,36000019.0,BAIK SEKALI,Loc_0-Type_1
UNIVERSITAS MUHAMMADIYAH PALU,SULAWESI TENGAH,36000019.0,BAIK SEKALI,Loc_0-Type_1
UNIVERSITAS MUHAMMADIYAH PALU,SULAWESI TENGAH,36000019.0,BAIK SEKALI,Loc_0-Type_1
UNIVERSITAS MUHAMMADIYAH PALU,SULAWESI TENGAH,36000019.0,BAIK SEKALI,Loc_0-Type_1
UNIVERSITAS MUHAMMADIYAH PALU,SULAWESI TENGAH,36000019.0,BAIK SEKALI,Loc_0-Type_1
UNIVERSITAS MUHAMMADIYAH PALU,SULAWESI TENGAH,36000019.0,BAIK SEKALI,Loc_0-Type_1
UNIVERSITAS MUHAMMADIYAH PAPUA,PAPUA,9750000.0,BAIK,Loc_9-Type_2
UNIVERSITAS MUHAMMADIYAH PAPUA,PAPUA,9750000.0,BAIK,Loc_9-Type_2
UNIVERSITAS MUHAMMADIYAH PAPUA,PAPUA,9750000.0,BAIK,Loc_9-Type_2
UNIVERSITAS MUHAMMADIYAH PAPUA,PAPUA,9750000.0,BAIK,Loc_9-Type_2
UNIVERSITAS MUHAMMADIYAH PAPUA,PAPUA,9750000.0,BAIK,Loc_9-Type_2
UNIVERSITAS MUHAMMADIYAH PAPUA,PAPUA,9750000.0,BAIK,Loc_9-Type_2
UNIVERSITAS MUHAMMADIYAH PARE-PARE,SULAWESI SELATAN,4600000.0,BAIK SEKALI,Loc_3-Type_2
UNIVERSITAS MUHAMMADIYAH PARE-PARE,SULAWESI SELATAN,4600000.0,BAIK SEKALI,Loc_3-Type_2
UNIVERSITAS MUHAMMADIYAH PARE-PARE,SULAWESI SELATAN,4600000.0,BAIK SEKALI,Loc_3-Type_2
UNIVERSITAS MUHAMMADIYAH PARE-PARE,SULAWESI SELATAN,4600000.0,BAIK SEKALI,Loc_3-Type_2
UNIVERSITAS MUHAMMADIYAH PARE-PARE,SULAWESI SELATAN,4600000.0,BAIK SEKALI,Loc_3-Type_2
UNIVERSITAS MUHAMMADIYAH PARE-PARE,SULAWESI SELATAN,4600000.0,BAIK SEKALI,Loc_3-Type_2
UNIVERSITAS MUHAMMADIYAH PARE-PARE,SULAWESI SELATAN,4600000.0,BAIK SEKALI,Loc_3-Type_2
UNIVERSITAS MUHAMMADIYAH PARE-PARE,SULAWESI SELATAN,4600000.0,BAIK SEKALI,Loc_3-Type_2
UNIVERSITAS MUHAMMADIYAH PARE-PARE,SULAWESI SELATAN,4600000.0,BAIK SEKALI,Loc_3-Type_2
UNIVERSITAS MUHAMMADIYAH PARE-PARE,SULAWESI SELATAN,4600000.0,BAIK SEKALI,Loc_3-Type_2
UNIVERSITAS MUHAMMADIYAH PARE-PARE,SULAWESI SELATAN,4600000.0,BAIK SEKALI,Loc_3-Type_2
UNIVERSITAS MUHAMMADIYAH PARE-PARE,SULAWESI SELATAN,4600000.0,BAIK SEKALI,Loc_3-Type_2
UNIVERSITAS MUHAMMADIYAH PARE-PARE,SULAWESI SELATAN,4600000.0,BAIK SEKALI,Loc_3-Type_2
UNIVERSITAS MUHAMMADIYAH PARE-PARE,SULAWESI SELATAN,4600000.0,BAIK SEKALI,Loc_3-Type_2
UNIVERSITAS MUHAMMADIYAH PEKAJANGAN PEKALONGAN,JAWA TENGAH,19050000.0,BAIK SEKALI,Loc_7-Type_2
UNIVERSITAS MUHAMMADIYAH PEKAJANGAN PEKALONGAN,JAWA TENGAH,19050000.0,BAIK SEKALI,Loc_7-Type_2
UNIVERSITAS MUHAMMADIYAH PEKAJANGAN PEKALONGAN,JAWA TENGAH,19050000.0,BAIK SEKALI,Loc_7-Type_2
UNIVERSITAS MUHAMMADIYAH PEKAJANGAN PEKALONGAN,JAWA TENGAH,19050000.0,BAIK SEKALI,Loc_7-Type_2
UNIVERSITAS MUHAMMADIYAH PEKAJANGAN PEKALONGAN,JAWA TENGAH,19050000.0,BAIK SEKALI,Loc_7-Type_2
UNIVERSITAS MUHAMMADIYAH PEKAJANGAN PEKALONGAN,JAWA TENGAH,19050000.0,BAIK SEKALI,Loc_7-Type_2
UNIVERSITAS MUHAMMADIYAH PEKAJANGAN PEKALONGAN,JAWA TENGAH,19050000.0,BAIK SEKALI,Loc_7-Type_2
UNIVERSITAS MUHAMMADIYAH PEKAJANGAN PEKALONGAN,JAWA TENGAH,19050000.0,BAIK SEKALI,Loc_7-Type_2
UNIVERSITAS MUHAMMADIYAH PEKAJANGAN PEKALONGAN,JAWA TENGAH,19050000.0,BAIK SEKALI,Loc_7-Type_2
UNIVERSITAS MUHAMMADIYAH PONOROGO,JAWA TIMUR,11200000.0,UNGGUL,Loc_5-Type_2
UNIVERSITAS MUHAMMADIYAH PONOROGO,JAWA TIMUR,11200000.0,UNGGUL,Loc_5-Type_2
UNIVERSITAS MUHAMMADIYAH PONOROGO,JAWA TIMUR,11200000.0,UNGGUL,Loc_5-Type_2
UNIVERSITAS MUHAMMADIYAH PONOROGO,JAWA TIMUR,11200000.0,UNGGUL,Loc_5-Type_2
UNIVERSITAS MUHAMMADIYAH PONOROGO,JAWA TIMUR,11200000.0,UNGGUL,Loc_5-Type_2
UNIVERSITAS MUHAMMADIYAH PONOROGO,JAWA TIMUR,11200000.0,UNGGUL,Loc_5-Type_2
UNIVERSITAS MUHAMMADIYAH PONOROGO,JAWA TIMUR,11200000.0,UNGGUL,Loc_5-Type_2
UNIVERSITAS MUHAMMADIYAH PONOROGO,JAWA TIMUR,11200000.0,UNGGUL,Loc_5-Type_2
UNIVERSITAS MUHAMMADIYAH PONOROGO,JAWA TIMUR,11200000.0,UNGGUL,Loc_5-Type_2
UNIVERSITAS MUHAMMADIYAH PONOROGO,JAWA TIMUR,11200000.0,UNGGUL,Loc_5-Type_2
UNIVERSITAS MUHAMMADIYAH PONOROGO,JAWA TIMUR,11200000.0,UNGGUL,Loc_5-Type_2
UNIVERSITAS MUHAMMADIYAH PONOROGO,JAWA TIMUR,11200000.0,UNGGUL,Loc_5-Type_2
UNIVERSITAS MUHAMMADIYAH PONOROGO,JAWA TIMUR,11200000.0,UNGGUL,Loc_5-Type_2
UNIVERSITAS MUHAMMADIYAH PONOROGO,JAWA TIMUR,11200000.0,UNGGUL,Loc_5-Type_2
UNIVERSITAS MUHAMMADIYAH PONOROGO,JAWA TIMUR,11200000.0,UNGGUL,Loc_5-Type_2
UNIVERSITAS MUHAMMADIYAH PONOROGO,JAWA TIMUR,11200000.0,UNGGUL,Loc_5-Type_2
UNIVERSITAS MUHAMMADIYAH PONOROGO,JAWA TIMUR,11200000.0,UNGGUL,Loc_5-Type_2
UNIVERSITAS MUHAMMADIYAH PONTIANAK,KALIMANTAN BARAT,8000000.0,B,Loc_6-Type_0
UNIVERSITAS MUHAMMADIYAH PONTIANAK,KALIMANTAN BARAT,8000000.0,B,Loc_6-Type_0
UNIVERSITAS MUHAMMADIYAH PONTIANAK,KALIMANTAN BARAT,8000000.0,B,Loc_6-Type_0
UNIVERSITAS MUHAMMADIYAH PONTIANAK,KALIMANTAN BARAT,8000000.0,B,Loc_6-Type_0
UNIVERSITAS MUHAMMADIYAH PONTIANAK,KALIMANTAN BARAT,8000000.0,B,Loc_6-Type_0
UNIVERSITAS MUHAMMADIYAH PONTIANAK,KALIMANTAN BARAT,8000000.0,B,Loc_6-Type_0
UNIVERSITAS MUHAMMADIYAH PONTIANAK,KALIMANTAN BARAT,8000000.0,B,Loc_6-Type_0
UNIVERSITAS MUHAMMADIYAH PONTIANAK,KALIMANTAN BARAT,8000000.0,B,Loc_6-Type_0
UNIVERSITAS MUHAMMADIYAH PONTIANAK,KALIMANTAN BARAT,8000000.0,B,Loc_6-Type_0
UNIVERSITAS MUHAMMADIYAH PONTIANAK,KALIMANTAN BARAT,8000000.0,B,Loc_6-Type_0
UNIVERSITAS MUHAMMADIYAH PONTIANAK,KALIMANTAN BARAT,8000000.0,B,Loc_6-Type_0
UNIVERSITAS MUHAMMADIYAH PONTIANAK,KALIMANTAN BARAT,8000000.0,B,Loc_6-Type_0
UNIVERSITAS MUHAMMADIYAH PONTIANAK,KALIMANTAN BARAT,8000000.0,B,Loc_6-Type_0
UNIVERSITAS MUHAMMADIYAH PRINGSEWU LAMPUNG,LAMPUNG,16485000.0,BAIK SEKALI,Loc_1-Type_1
UNIVERSITAS MUHAMMADIYAH PRINGSEWU LAMPUNG,LAMPUNG,16485000.0,BAIK SEKALI,Loc_1-Type_1
UNIVERSITAS MUHAMMADIYAH PRINGSEWU LAMPUNG,LAMPUNG,16485000.0,BAIK SEKALI,Loc_1-Type_1
UNIVERSITAS MUHAMMADIYAH PRINGSEWU LAMPUNG,LAMPUNG,16485000.0,BAIK SEKALI,Loc_1-Type_1
UNIVERSITAS MUHAMMADIYAH PRINGSEWU LAMPUNG,LAMPUNG,16485000.0,BAIK SEKALI,Loc_1-Type_1
UNIVERSITAS MUHAMMADIYAH PRINGSEWU LAMPUNG,LAMPUNG,16485000.0,BAIK SEKALI,Loc_1-Type_1
UNIVERSITAS MUHAMMADIYAH PRINGSEWU LAMPUNG,LAMPUNG,16485000.0,BAIK SEKALI,Loc_1-Type_1
UNIVERSITAS MUHAMMADIYAH PROF DR HAMKA,D.K.I. JAKARTA,75800000.0,UNGGUL,Loc_4-Type_2
UNIVERSITAS MUHAMMADIYAH PROF DR HAMKA,D.K.I. JAKARTA,75800000.0,UNGGUL,Loc_4-Type_2
UNIVERSITAS MUHAMMADIYAH PROF DR HAMKA,D.K.I. JAKARTA,75800000.0,UNGGUL,Loc_4-Type_2
UNIVERSITAS MUHAMMADIYAH PROF DR HAMKA,D.K.I. JAKARTA,75800000.0,UNGGUL,Loc_4-Type_2
UNIVERSITAS MUHAMMADIYAH PROF DR HAMKA,D.K.I. JAKARTA,75800000.0,UNGGUL,Loc_4-Type_2
UNIVERSITAS MUHAMMADIYAH PROF DR HAMKA,D.K.I. JAKARTA,75800000.0,UNGGUL,Loc_4-Type_2
UNIVERSITAS MUHAMMADIYAH PROF DR HAMKA,D.K.I. JAKARTA,75800000.0,UNGGUL,Loc_4-Type_2
UNIVERSITAS MUHAMMADIYAH PROF DR HAMKA,D.K.I. JAKARTA,75800000.0,UNGGUL,Loc_4-Type_2
UNIVERSITAS MUHAMMADIYAH PROF DR HAMKA,D.K.I. JAKARTA,75800000.0,UNGGUL,Loc_4-Type_2
UNIVERSITAS MUHAMMADIYAH PROF DR HAMKA,D.K.I. JAKARTA,75800000.0,UNGGUL,Loc_4-Type_2
UNIVERSITAS MUHAMMADIYAH PROF DR HAMKA,D.K.I. JAKARTA,75800000.0,UNGGUL,Loc_4-Type_2
UNIVERSITAS MUHAMMADIYAH PROF DR HAMKA,D.K.I. JAKARTA,75800000.0,UNGGUL,Loc_4-Type_2
UNIVERSITAS MUHAMMADIYAH PROF DR HAMKA,D.K.I. JAKARTA,75800000.0,UNGGUL,Loc_4-Type_2
UNIVERSITAS MUHAMMADIYAH PROF DR HAMKA,D.K.I. JAKARTA,75800000.0,UNGGUL,Loc_4-Type_2
UNIVERSITAS MUHAMMADIYAH PROF DR HAMKA,D.K.I. JAKARTA,75800000.0,UNGGUL,Loc_4-Type_2
UNIVERSITAS MUHAMMADIYAH PROF DR HAMKA,D.K.I. JAKARTA,75800000.0,UNGGUL,Loc_4-Type_2
UNIVERSITAS MUHAMMADIYAH PROF DR HAMKA,D.K.I. JAKARTA,75800000.0,UNGGUL,Loc_4-Type_2
UNIVERSITAS MUHAMMADIYAH PROF DR HAMKA,D.K.I. JAKARTA,75800000.0,UNGGUL,Loc_4-Type_2
UNIVERSITAS MUHAMMADIYAH PROF DR HAMKA,D.K.I. JAKARTA,75800000.0,UNGGUL,Loc_4-Type_2
UNIVERSITAS MUHAMMADIYAH PROF DR HAMKA,D.K.I. JAKARTA,75800000.0,UNGGUL,Loc_4-Type_2
UNIVERSITAS MUHAMMADIYAH PROF DR HAMKA,D.K.I. JAKARTA,75800000.0,UNGGUL,Loc_4-Type_2
UNIVERSITAS MUHAMMADIYAH PROF DR HAMKA,D.K.I. JAKARTA,75800000.0,UNGGUL,Loc_4-Type_2
UNIVERSITAS MUHAMMADIYAH PROF DR HAMKA,D.K.I. JAKARTA,75800000.0,UNGGUL,Loc_4-Type_2
UNIVERSITAS MUHAMMADIYAH PROF DR HAMKA,D.K.I. JAKARTA,75800000.0,UNGGUL,Loc_4-Type_2
UNIVERSITAS MUHAMMADIYAH PURWOKERTO,JAWA TENGAH,91025000.0,B,Loc_7-Type_2
UNIVERSITAS MUHAMMADIYAH PURWOKERTO,JAWA TENGAH,91025000.0,B,Loc_7-Type_2
UNIVERSITAS MUHAMMADIYAH PURWOKERTO,JAWA TENGAH,91025000.0,B,Loc_7-Type_2
UNIVERSITAS MUHAMMADIYAH PURWOKERTO,JAWA TENGAH,91025000.0,B,Loc_7-Type_2
UNIVERSITAS MUHAMMADIYAH PURWOKERTO,JAWA TENGAH,91025000.0,B,Loc_7-Type_2
UNIVERSITAS MUHAMMADIYAH PURWOKERTO,JAWA TENGAH,91025000.0,B,Loc_7-Type_2
UNIVERSITAS MUHAMMADIYAH PURWOKERTO,JAWA TENGAH,91025000.0,B,Loc_7-Type_2
UNIVERSITAS MUHAMMADIYAH PURWOKERTO,JAWA TENGAH,91025000.0,B,Loc_7-Type_2
UNIVERSITAS MUHAMMADIYAH PURWOKERTO,JAWA TENGAH,91025000.0,B,Loc_7-Type_2
UNIVERSITAS MUHAMMADIYAH PURWOKERTO,JAWA TENGAH,91025000.0,B,Loc_7-Type_2
UNIVERSITAS MUHAMMADIYAH PURWOKERTO,JAWA TENGAH,91025000.0,B,Loc_7-Type_2
UNIVERSITAS MUHAMMADIYAH PURWOKERTO,JAWA TENGAH,91025000.0,B,Loc_7-Type_2
UNIVERSITAS MUHAMMADIYAH PURWOKERTO,JAWA TENGAH,91025000.0,B,Loc_7-Type_2
UNIVERSITAS MUHAMMADIYAH PURWOKERTO,JAWA TENGAH,91025000.0,B,Loc_7-Type_2
UNIVERSITAS MUHAMMADIYAH PURWOKERTO,JAWA TENGAH,91025000.0,B,Loc_7-Type_2
UNIVERSITAS MUHAMMADIYAH PURWOKERTO,JAWA TENGAH,91025000.0,B,Loc_7-Type_2
UNIVERSITAS MUHAMMADIYAH PURWOKERTO,JAWA TENGAH,91025000.0,B,Loc_7-Type_2
UNIVERSITAS MUHAMMADIYAH PURWOKERTO,JAWA TENGAH,91025000.0,B,Loc_7-Type_2
UNIVERSITAS MUHAMMADIYAH PURWOKERTO,JAWA TENGAH,91025000.0,B,Loc_7-Type_2
UNIVERSITAS MUHAMMADIYAH PURWOKERTO,JAWA TENGAH,91025000.0,B,Loc_7-Type_2
UNIVERSITAS MUHAMMADIYAH PURWOKERTO,JAWA TENGAH,91025000.0,B,Loc_7-Type_2
UNIVERSITAS MUHAMMADIYAH PURWOKERTO,JAWA TENGAH,91025000.0,B,Loc_7-Type_2
UNIVERSITAS MUHAMMADIYAH PURWOKERTO,JAWA TENGAH,91025000.0,B,Loc_7-Type_2
UNIVERSITAS MUHAMMADIYAH PURWOKERTO,JAWA TENGAH,91025000.0,B,Loc_7-Type_2
UNIVERSITAS MUHAMMADIYAH PURWOKERTO,JAWA TENGAH,91025000.0,B,Loc_7-Type_2
UNIVERSITAS MUHAMMADIYAH PURWOKERTO,JAWA TENGAH,91025000.0,B,Loc_7-Type_2
UNIVERSITAS MUHAMMADIYAH PURWOKERTO,JAWA TENGAH,91025000.0,B,Loc_7-Type_2
UNIVERSITAS MUHAMMADIYAH PURWOREJO,JAWA TENGAH,5000000.0,B,Loc_7-Type_0
UNIVERSITAS MUHAMMADIYAH PURWOREJO,JAWA TENGAH,5000000.0,B,Loc_7-Type_0
UNIVERSITAS MUHAMMADIYAH PURWOREJO,JAWA TENGAH,5000000.0,B,Loc_7-Type_0
UNIVERSITAS MUHAMMADIYAH PURWOREJO,JAWA TENGAH,5000000.0,B,Loc_7-Type_0
UNIVERSITAS MUHAMMADIYAH PURWOREJO,JAWA TENGAH,5000000.0,B,Loc_7-Type_0
UNIVERSITAS MUHAMMADIYAH PURWOREJO,JAWA TENGAH,5000000.0,B,Loc_7-Type_0
UNIVERSITAS MUHAMMADIYAH PURWOREJO,JAWA TENGAH,5000000.0,B,Loc_7-Type_0
UNIVERSITAS MUHAMMADIYAH PURWOREJO,JAWA TENGAH,5000000.0,B,Loc_7-Type_0
UNIVERSITAS MUHAMMADIYAH PURWOREJO,JAWA TENGAH,5000000.0,B,Loc_7-Type_0
UNIVERSITAS MUHAMMADIYAH PURWOREJO,JAWA TENGAH,5000000.0,B,Loc_7-Type_0
UNIVERSITAS MUHAMMADIYAH PURWOREJO,JAWA TENGAH,5000000.0,B,Loc_7-Type_0
UNIVERSITAS MUHAMMADIYAH PURWOREJO,JAWA TENGAH,5000000.0,B,Loc_7-Type_0
UNIVERSITAS MUHAMMADIYAH SAMPIT,KALIMANTAN TENGAH,6500000.0,BAIK SEKALI,Loc_0-Type_1
UNIVERSITAS MUHAMMADIYAH SAMPIT,KALIMANTAN TENGAH,6500000.0,BAIK SEKALI,Loc_0-Type_1
UNIVERSITAS MUHAMMADIYAH SAMPIT,KALIMANTAN TENGAH,6500000.0,BAIK SEKALI,Loc_0-Type_1
UNIVERSITAS MUHAMMADIYAH SAMPIT,KALIMANTAN TENGAH,6500000.0,BAIK SEKALI,Loc_0-Type_1
UNIVERSITAS MUHAMMADIYAH SAMPIT,KALIMANTAN TENGAH,6500000.0,BAIK SEKALI,Loc_0-Type_1
UNIVERSITAS MUHAMMADIYAH SEMARANG,JAWA TENGAH,25200000.0,UNGGUL,Loc_7-Type_2
UNIVERSITAS MUHAMMADIYAH SEMARANG,JAWA TENGAH,25200000.0,UNGGUL,Loc_7-Type_2
UNIVERSITAS MUHAMMADIYAH SEMARANG,JAWA TENGAH,25200000.0,UNGGUL,Loc_7-Type_2
UNIVERSITAS MUHAMMADIYAH SEMARANG,JAWA TENGAH,25200000.0,UNGGUL,Loc_7-Type_2
UNIVERSITAS MUHAMMADIYAH SEMARANG,JAWA TENGAH,25200000.0,UNGGUL,Loc_7-Type_2
UNIVERSITAS MUHAMMADIYAH SEMARANG,JAWA TENGAH,25200000.0,UNGGUL,Loc_7-Type_2
UNIVERSITAS MUHAMMADIYAH SEMARANG,JAWA TENGAH,25200000.0,UNGGUL,Loc_7-Type_2
UNIVERSITAS MUHAMMADIYAH SEMARANG,JAWA TENGAH,25200000.0,UNGGUL,Loc_7-Type_2
UNIVERSITAS MUHAMMADIYAH SEMARANG,JAWA TENGAH,25200000.0,UNGGUL,Loc_7-Type_2
UNIVERSITAS MUHAMMADIYAH SEMARANG,JAWA TENGAH,25200000.0,UNGGUL,Loc_7-Type_2
UNIVERSITAS MUHAMMADIYAH SEMARANG,JAWA TENGAH,25200000.0,UNGGUL,Loc_7-Type_2
UNIVERSITAS MUHAMMADIYAH SEMARANG,JAWA TENGAH,25200000.0,UNGGUL,Loc_7-Type_2
UNIVERSITAS MUHAMMADIYAH SEMARANG,JAWA TENGAH,25200000.0,UNGGUL,Loc_7-Type_2
UNIVERSITAS MUHAMMADIYAH SEMARANG,JAWA TENGAH,25200000.0,UNGGUL,Loc_7-Type_2
UNIVERSITAS MUHAMMADIYAH SEMARANG,JAWA TENGAH,25200000.0,UNGGUL,Loc_7-Type_2
UNIVERSITAS MUHAMMADIYAH SEMARANG,JAWA TENGAH,25200000.0,UNGGUL,Loc_7-Type_2
UNIVERSITAS MUHAMMADIYAH SEMARANG,JAWA TENGAH,25200000.0,UNGGUL,Loc_7-Type_2
UNIVERSITAS MUHAMMADIYAH SEMARANG,JAWA TENGAH,25200000.0,UNGGUL,Loc_7-Type_2
UNIVERSITAS MUHAMMADIYAH SEMARANG,JAWA TENGAH,25200000.0,UNGGUL,Loc_7-Type_2
UNIVERSITAS MUHAMMADIYAH SEMARANG,JAWA TENGAH,25200000.0,UNGGUL,Loc_7-Type_2
UNIVERSITAS MUHAMMADIYAH SEMARANG,JAWA TENGAH,25200000.0,UNGGUL,Loc_7-Type_2
UNIVERSITAS MUHAMMADIYAH SEMARANG,JAWA TENGAH,25200000.0,UNGGUL,Loc_7-Type_2
UNIVERSITAS MUHAMMADIYAH SEMARANG,JAWA TENGAH,25200000.0,UNGGUL,Loc_7-Type_2
UNIVERSITAS MUHAMMADIYAH SIDENRENG RAPPANG,SULAWESI SELATAN,18300000.0,BAIK SEKALI,Loc_3-Type_2
UNIVERSITAS MUHAMMADIYAH SIDENRENG RAPPANG,SULAWESI SELATAN,18300000.0,BAIK SEKALI,Loc_3-Type_2
UNIVERSITAS MUHAMMADIYAH SIDENRENG RAPPANG,SULAWESI SELATAN,18300000.0,BAIK SEKALI,Loc_3-Type_2
UNIVERSITAS MUHAMMADIYAH SIDENRENG RAPPANG,SULAWESI SELATAN,18300000.0,BAIK SEKALI,Loc_3-Type_2
UNIVERSITAS MUHAMMADIYAH SIDENRENG RAPPANG,SULAWESI SELATAN,18300000.0,BAIK SEKALI,Loc_3-Type_2
UNIVERSITAS MUHAMMADIYAH SIDENRENG RAPPANG,SULAWESI SELATAN,18300000.0,BAIK SEKALI,Loc_3-Type_2
UNIVERSITAS MUHAMMADIYAH SIDENRENG RAPPANG,SULAWESI SELATAN,18300000.0,BAIK SEKALI,Loc_3-Type_2
UNIVERSITAS MUHAMMADIYAH SIDENRENG RAPPANG,SULAWESI SELATAN,18300000.0,BAIK SEKALI,Loc_3-Type_2
UNIVERSITAS MUHAMMADIYAH SIDENRENG RAPPANG,SULAWESI SELATAN,18300000.0,BAIK SEKALI,Loc_3-Type_2
UNIVERSITAS MUHAMMADIYAH SIDENRENG RAPPANG,SULAWESI SELATAN,18300000.0,BAIK SEKALI,Loc_3-Type_2
UNIVERSITAS MUHAMMADIYAH SIDENRENG RAPPANG,SULAWESI SELATAN,18300000.0,BAIK SEKALI,Loc_3-Type_2
UNIVERSITAS MUHAMMADIYAH SIDENRENG RAPPANG,SULAWESI SELATAN,18300000.0,BAIK SEKALI,Loc_3-Type_2
UNIVERSITAS MUHAMMADIYAH SIDOARJO,JAWA TIMUR,48525000.0,B,Loc_5-Type_0
UNIVERSITAS MUHAMMADIYAH SIDOARJO,JAWA TIMUR,48525000.0,B,Loc_5-Type_0
UNIVERSITAS MUHAMMADIYAH SIDOARJO,JAWA TIMUR,48525000.0,B,Loc_5-Type_0
UNIVERSITAS MUHAMMADIYAH SIDOARJO,JAWA TIMUR,48525000.0,B,Loc_5-Type_0
UNIVERSITAS MUHAMMADIYAH SIDOARJO,JAWA TIMUR,48525000.0,B,Loc_5-Type_0
UNIVERSITAS MUHAMMADIYAH SIDOARJO,JAWA TIMUR,48525000.0,B,Loc_5-Type_0
UNIVERSITAS MUHAMMADIYAH SIDOARJO,JAWA TIMUR,48525000.0,B,Loc_5-Type_0
UNIVERSITAS MUHAMMADIYAH SIDOARJO,JAWA TIMUR,48525000.0,B,Loc_5-Type_0
UNIVERSITAS MUHAMMADIYAH SIDOARJO,JAWA TIMUR,48525000.0,B,Loc_5-Type_0
UNIVERSITAS MUHAMMADIYAH SIDOARJO,JAWA TIMUR,48525000.0,B,Loc_5-Type_0
UNIVERSITAS MUHAMMADIYAH SIDOARJO,JAWA TIMUR,48525000.0,B,Loc_5-Type_0
UNIVERSITAS MUHAMMADIYAH SIDOARJO,JAWA TIMUR,48525000.0,B,Loc_5-Type_0
UNIVERSITAS MUHAMMADIYAH SIDOARJO,JAWA TIMUR,48525000.0,B,Loc_5-Type_0
UNIVERSITAS MUHAMMADIYAH SIDOARJO,JAWA TIMUR,48525000.0,B,Loc_5-Type_0
UNIVERSITAS MUHAMMADIYAH SIDOARJO,JAWA TIMUR,48525000.0,B,Loc_5-Type_0
UNIVERSITAS MUHAMMADIYAH SIDOARJO,JAWA TIMUR,48525000.0,B,Loc_5-Type_0
UNIVERSITAS MUHAMMADIYAH SIDOARJO,JAWA TIMUR,48525000.0,B,Loc_5-Type_0
UNIVERSITAS MUHAMMADIYAH SIDOARJO,JAWA TIMUR,48525000.0,B,Loc_5-Type_0
UNIVERSITAS MUHAMMADIYAH SIDOARJO,JAWA TIMUR,48525000.0,B,Loc_5-Type_0
UNIVERSITAS MUHAMMADIYAH SIDOARJO,JAWA TIMUR,48525000.0,B,Loc_5-Type_0
UNIVERSITAS MUHAMMADIYAH SIDOARJO,JAWA TIMUR,48525000.0,B,Loc_5-Type_0
UNIVERSITAS MUHAMMADIYAH SIDOARJO,JAWA TIMUR,48525000.0,B,Loc_5-Type_0
UNIVERSITAS MUHAMMADIYAH SIDOARJO,JAWA TIMUR,48525000.0,B,Loc_5-Type_0
UNIVERSITAS MUHAMMADIYAH SIDOARJO,JAWA TIMUR,48525000.0,B,Loc_5-Type_0
UNIVERSITAS MUHAMMADIYAH SINJAI,SULAWESI SELATAN,5400000.0,BAIK SEKALI,Loc_3-Type_2
UNIVERSITAS MUHAMMADIYAH SINJAI,SULAWESI SELATAN,5400000.0,BAIK SEKALI,Loc_3-Type_2
UNIVERSITAS MUHAMMADIYAH SINJAI,SULAWESI SELATAN,5400000.0,BAIK SEKALI,Loc_3-Type_2
UNIVERSITAS MUHAMMADIYAH SINJAI,SULAWESI SELATAN,5400000.0,BAIK SEKALI,Loc_3-Type_2
UNIVERSITAS MUHAMMADIYAH SINJAI,SULAWESI SELATAN,5400000.0,BAIK SEKALI,Loc_3-Type_2
UNIVERSITAS MUHAMMADIYAH SINJAI,SULAWESI SELATAN,5400000.0,BAIK SEKALI,Loc_3-Type_2
UNIVERSITAS MUHAMMADIYAH SINJAI,SULAWESI SELATAN,5400000.0,BAIK SEKALI,Loc_3-Type_2
UNIVERSITAS MUHAMMADIYAH SINJAI,SULAWESI SELATAN,5400000.0,BAIK SEKALI,Loc_3-Type_2
UNIVERSITAS MUHAMMADIYAH SINJAI,SULAWESI SELATAN,5400000.0,BAIK SEKALI,Loc_3-Type_2
UNIVERSITAS MUHAMMADIYAH SINJAI,SULAWESI SELATAN,5400000.0,BAIK SEKALI,Loc_3-Type_2
UNIVERSITAS MUHAMMADIYAH SORONG,PAPUA BARAT,18700000.0,BAIK SEKALI,Loc_2-Type_0
UNIVERSITAS MUHAMMADIYAH SORONG,PAPUA BARAT,18700000.0,BAIK SEKALI,Loc_2-Type_0
UNIVERSITAS MUHAMMADIYAH SORONG,PAPUA BARAT,18700000.0,BAIK SEKALI,Loc_2-Type_0
UNIVERSITAS MUHAMMADIYAH SORONG,PAPUA BARAT,18700000.0,BAIK SEKALI,Loc_2-Type_0
UNIVERSITAS MUHAMMADIYAH SORONG,PAPUA BARAT,18700000.0,BAIK SEKALI,Loc_2-Type_0
UNIVERSITAS MUHAMMADIYAH SORONG,PAPUA BARAT,18700000.0,BAIK SEKALI,Loc_2-Type_0
UNIVERSITAS MUHAMMADIYAH SORONG,PAPUA BARAT,18700000.0,BAIK SEKALI,Loc_2-Type_0
UNIVERSITAS MUHAMMADIYAH SORONG,PAPUA BARAT,18700000.0,BAIK SEKALI,Loc_2-Type_0
UNIVERSITAS MUHAMMADIYAH SORONG,PAPUA BARAT,18700000.0,BAIK SEKALI,Loc_2-Type_0
UNIVERSITAS MUHAMMADIYAH SORONG,PAPUA BARAT,18700000.0,BAIK SEKALI,Loc_2-Type_0
UNIVERSITAS MUHAMMADIYAH SORONG,PAPUA BARAT,18700000.0,BAIK SEKALI,Loc_2-Type_0
UNIVERSITAS MUHAMMADIYAH SORONG,PAPUA BARAT,18700000.0,BAIK SEKALI,Loc_2-Type_0
UNIVERSITAS MUHAMMADIYAH SORONG,PAPUA BARAT,18700000.0,BAIK SEKALI,Loc_2-Type_0
UNIVERSITAS MUHAMMADIYAH SORONG,PAPUA BARAT,18700000.0,BAIK SEKALI,Loc_2-Type_0
UNIVERSITAS MUHAMMADIYAH SORONG,PAPUA BARAT,18700000.0,BAIK SEKALI,Loc_2-Type_0
UNIVERSITAS MUHAMMADIYAH SORONG,PAPUA BARAT,18700000.0,BAIK SEKALI,Loc_2-Type_0
UNIVERSITAS MUHAMMADIYAH SORONG,PAPUA BARAT,18700000.0,BAIK SEKALI,Loc_2-Type_0
UNIVERSITAS MUHAMMADIYAH SORONG,PAPUA BARAT,18700000.0,BAIK SEKALI,Loc_2-Type_0
UNIVERSITAS MUHAMMADIYAH SUKABUMI,JAWA BARAT,10836000.0,BAIK SEKALI,Loc_8-Type_1
UNIVERSITAS MUHAMMADIYAH SUKABUMI,JAWA BARAT,10836000.0,BAIK SEKALI,Loc_8-Type_1
UNIVERSITAS MUHAMMADIYAH SUKABUMI,JAWA BARAT,10836000.0,BAIK SEKALI,Loc_8-Type_1
UNIVERSITAS MUHAMMADIYAH SUKABUMI,JAWA BARAT,10836000.0,BAIK SEKALI,Loc_8-Type_1
UNIVERSITAS MUHAMMADIYAH SUKABUMI,JAWA BARAT,10836000.0,BAIK SEKALI,Loc_8-Type_1
UNIVERSITAS MUHAMMADIYAH SUKABUMI,JAWA BARAT,10836000.0,BAIK SEKALI,Loc_8-Type_1
UNIVERSITAS MUHAMMADIYAH SUKABUMI,JAWA BARAT,10836000.0,BAIK SEKALI,Loc_8-Type_1
UNIVERSITAS MUHAMMADIYAH SUKABUMI,JAWA BARAT,10836000.0,BAIK SEKALI,Loc_8-Type_1
UNIVERSITAS MUHAMMADIYAH SUKABUMI,JAWA BARAT,10836000.0,BAIK SEKALI,Loc_8-Type_1
UNIVERSITAS MUHAMMADIYAH SUKABUMI,JAWA BARAT,10836000.0,BAIK SEKALI,Loc_8-Type_1
UNIVERSITAS MUHAMMADIYAH SUKABUMI,JAWA BARAT,10836000.0,BAIK SEKALI,Loc_8-Type_1
UNIVERSITAS MUHAMMADIYAH SUKABUMI,JAWA BARAT,10836000.0,BAIK SEKALI,Loc_8-Type_1
UNIVERSITAS MUHAMMADIYAH SUKABUMI,JAWA BARAT,10836000.0,BAIK SEKALI,Loc_8-Type_1
UNIVERSITAS MUHAMMADIYAH SUKABUMI,JAWA BARAT,10836000.0,BAIK SEKALI,Loc_8-Type_1
UNIVERSITAS MUHAMMADIYAH SUKABUMI,JAWA BARAT,10836000.0,BAIK SEKALI,Loc_8-Type_1
UNIVERSITAS MUHAMMADIYAH SUKABUMI,JAWA BARAT,10836000.0,BAIK SEKALI,Loc_8-Type_1
UNIVERSITAS MUHAMMADIYAH SUKABUMI,JAWA BARAT,10836000.0,BAIK SEKALI,Loc_8-Type_1
UNIVERSITAS MUHAMMADIYAH SUKABUMI,JAWA BARAT,10836000.0,BAIK SEKALI,Loc_8-Type_1
UNIVERSITAS MUHAMMADIYAH SUMATERA BARAT,SUMATERA BARAT,13287500.0,BAIK SEKALI,Loc_0-Type_1
UNIVERSITAS MUHAMMADIYAH SUMATERA BARAT,SUMATERA BARAT,13287500.0,BAIK SEKALI,Loc_0-Type_1
UNIVERSITAS MUHAMMADIYAH SUMATERA BARAT,SUMATERA BARAT,13287500.0,BAIK SEKALI,Loc_0-Type_1
UNIVERSITAS MUHAMMADIYAH SUMATERA BARAT,SUMATERA BARAT,13287500.0,BAIK SEKALI,Loc_0-Type_1
UNIVERSITAS MUHAMMADIYAH SUMATERA BARAT,SUMATERA BARAT,13287500.0,BAIK SEKALI,Loc_0-Type_1
UNIVERSITAS MUHAMMADIYAH SUMATERA BARAT,SUMATERA BARAT,13287500.0,BAIK SEKALI,Loc_0-Type_1
UNIVERSITAS MUHAMMADIYAH SUMATERA BARAT,SUMATERA BARAT,13287500.0,BAIK SEKALI,Loc_0-Type_1
UNIVERSITAS MUHAMMADIYAH SUMATERA BARAT,SUMATERA BARAT,13287500.0,BAIK SEKALI,Loc_0-Type_1
UNIVERSITAS MUHAMMADIYAH SUMATERA BARAT,SUMATERA BARAT,13287500.0,BAIK SEKALI,Loc_0-Type_1
UNIVERSITAS MUHAMMADIYAH SUMATERA BARAT,SUMATERA BARAT,13287500.0,BAIK SEKALI,Loc_0-Type_1
UNIVERSITAS MUHAMMADIYAH SUMATERA BARAT,SUMATERA BARAT,13287500.0,BAIK SEKALI,Loc_0-Type_1
UNIVERSITAS MUHAMMADIYAH SUMATERA BARAT,SUMATERA BARAT,13287500.0,BAIK SEKALI,Loc_0-Type_1
UNIVERSITAS MUHAMMADIYAH SUMATERA BARAT,SUMATERA BARAT,13287500.0,BAIK SEKALI,Loc_0-Type_1
UNIVERSITAS MUHAMMADIYAH SUMATERA UTARA,SUMATERA UTARA,12000000.0,B,Loc_0-Type_2
UNIVERSITAS MUHAMMADIYAH SUMATERA UTARA,SUMATERA UTARA,12000000.0,B,Loc_0-Type_2
UNIVERSITAS MUHAMMADIYAH SUMATERA UTARA,SUMATERA UTARA,12000000.0,B,Loc_0-Type_2
UNIVERSITAS MUHAMMADIYAH SUMATERA UTARA,SUMATERA UTARA,12000000.0,B,Loc_0-Type_2
UNIVERSITAS MUHAMMADIYAH SUMATERA UTARA,SUMATERA UTARA,12000000.0,B,Loc_0-Type_2
UNIVERSITAS MUHAMMADIYAH SUMATERA UTARA,SUMATERA UTARA,12000000.0,B,Loc_0-Type_2
UNIVERSITAS MUHAMMADIYAH SUMATERA UTARA,SUMATERA UTARA,12000000.0,B,Loc_0-Type_2
UNIVERSITAS MUHAMMADIYAH SUMATERA UTARA,SUMATERA UTARA,12000000.0,B,Loc_0-Type_2
UNIVERSITAS MUHAMMADIYAH SUMATERA UTARA,SUMATERA UTARA,12000000.0,B,Loc_0-Type_2
UNIVERSITAS MUHAMMADIYAH SUMATERA UTARA,SUMATERA UTARA,12000000.0,B,Loc_0-Type_2
UNIVERSITAS MUHAMMADIYAH SUMATERA UTARA,SUMATERA UTARA,12000000.0,B,Loc_0-Type_2
UNIVERSITAS MUHAMMADIYAH SUMATERA UTARA,SUMATERA UTARA,12000000.0,B,Loc_0-Type_2
UNIVERSITAS MUHAMMADIYAH SUMATERA UTARA,SUMATERA UTARA,12000000.0,B,Loc_0-Type_2
UNIVERSITAS MUHAMMADIYAH SUMATERA UTARA,SUMATERA UTARA,12000000.0,B,Loc_0-Type_2
UNIVERSITAS MUHAMMADIYAH SUMATERA UTARA,SUMATERA UTARA,12000000.0,B,Loc_0-Type_2
UNIVERSITAS MUHAMMADIYAH SUMATERA UTARA,SUMATERA UTARA,12000000.0,B,Loc_0-Type_2
UNIVERSITAS MUHAMMADIYAH SUMATERA UTARA,SUMATERA UTARA,12000000.0,B,Loc_0-Type_2
UNIVERSITAS MUHAMMADIYAH SUMATERA UTARA,SUMATERA UTARA,12000000.0,B,Loc_0-Type_2
UNIVERSITAS MUHAMMADIYAH SUMATERA UTARA,SUMATERA UTARA,12000000.0,B,Loc_0-Type_2
UNIVERSITAS MUHAMMADIYAH SUMATERA UTARA,SUMATERA UTARA,12000000.0,B,Loc_0-Type_2
UNIVERSITAS MUHAMMADIYAH SUMATERA UTARA,SUMATERA UTARA,12000000.0,B,Loc_0-Type_2
UNIVERSITAS MUHAMMADIYAH SUMATERA UTARA,SUMATERA UTARA,12000000.0,B,Loc_0-Type_2
UNIVERSITAS MUHAMMADIYAH SUMATERA UTARA,SUMATERA UTARA,12000000.0,B,Loc_0-Type_2
UNIVERSITAS MUHAMMADIYAH SUMATERA UTARA,SUMATERA UTARA,12000000.0,B,Loc_0-Type_2
UNIVERSITAS MUHAMMADIYAH SUMATERA UTARA,SUMATERA UTARA,12000000.0,B,Loc_0-Type_2
UNIVERSITAS MUHAMMADIYAH SUMATERA UTARA,SUMATERA UTARA,12000000.0,B,Loc_0-Type_2
UNIVERSITAS MUHAMMADIYAH SUMATERA UTARA,SUMATERA UTARA,12000000.0,B,Loc_0-Type_2
UNIVERSITAS MUHAMMADIYAH SUMATERA UTARA,SUMATERA UTARA,12000000.0,B,Loc_0-Type_2
UNIVERSITAS MUHAMMADIYAH SUMATERA UTARA,SUMATERA UTARA,12000000.0,B,Loc_0-Type_2
UNIVERSITAS MUHAMMADIYAH SURABAYA,JAWA TIMUR,142200000.0,UNGGUL,Loc_5-Type_0
UNIVERSITAS MUHAMMADIYAH SURABAYA,JAWA TIMUR,142200000.0,UNGGUL,Loc_5-Type_0
UNIVERSITAS MUHAMMADIYAH SURABAYA,JAWA TIMUR,142200000.0,UNGGUL,Loc_5-Type_0
UNIVERSITAS MUHAMMADIYAH SURABAYA,JAWA TIMUR,142200000.0,UNGGUL,Loc_5-Type_0
UNIVERSITAS MUHAMMADIYAH SURABAYA,JAWA TIMUR,142200000.0,UNGGUL,Loc_5-Type_0
UNIVERSITAS MUHAMMADIYAH SURABAYA,JAWA TIMUR,142200000.0,UNGGUL,Loc_5-Type_0
UNIVERSITAS MUHAMMADIYAH SURABAYA,JAWA TIMUR,142200000.0,UNGGUL,Loc_5-Type_0
UNIVERSITAS MUHAMMADIYAH SURABAYA,JAWA TIMUR,142200000.0,UNGGUL,Loc_5-Type_0
UNIVERSITAS MUHAMMADIYAH SURABAYA,JAWA TIMUR,142200000.0,UNGGUL,Loc_5-Type_0
UNIVERSITAS MUHAMMADIYAH SURABAYA,JAWA TIMUR,142200000.0,UNGGUL,Loc_5-Type_0
UNIVERSITAS MUHAMMADIYAH SURABAYA,JAWA TIMUR,142200000.0,UNGGUL,Loc_5-Type_0
UNIVERSITAS MUHAMMADIYAH SURABAYA,JAWA TIMUR,142200000.0,UNGGUL,Loc_5-Type_0
UNIVERSITAS MUHAMMADIYAH SURABAYA,JAWA TIMUR,142200000.0,UNGGUL,Loc_5-Type_0
UNIVERSITAS MUHAMMADIYAH SURABAYA,JAWA TIMUR,142200000.0,UNGGUL,Loc_5-Type_0
UNIVERSITAS MUHAMMADIYAH SURABAYA,JAWA TIMUR,142200000.0,UNGGUL,Loc_5-Type_0
UNIVERSITAS MUHAMMADIYAH SURABAYA,JAWA TIMUR,142200000.0,UNGGUL,Loc_5-Type_0
UNIVERSITAS MUHAMMADIYAH SURABAYA,JAWA TIMUR,142200000.0,UNGGUL,Loc_5-Type_0
UNIVERSITAS MUHAMMADIYAH SURABAYA,JAWA TIMUR,142200000.0,UNGGUL,Loc_5-Type_0
UNIVERSITAS MUHAMMADIYAH SURABAYA,JAWA TIMUR,142200000.0,UNGGUL,Loc_5-Type_0
UNIVERSITAS MUHAMMADIYAH SURABAYA,JAWA TIMUR,142200000.0,UNGGUL,Loc_5-Type_0
UNIVERSITAS MUHAMMADIYAH SURABAYA,JAWA TIMUR,142200000.0,UNGGUL,Loc_5-Type_0
UNIVERSITAS MUHAMMADIYAH SURABAYA,JAWA TIMUR,142200000.0,UNGGUL,Loc_5-Type_0
UNIVERSITAS MUHAMMADIYAH SURABAYA,JAWA TIMUR,142200000.0,UNGGUL,Loc_5-Type_0
UNIVERSITAS MUHAMMADIYAH SURAKARTA,JAWA TENGAH,72100000.0,A,Loc_7-Type_2
UNIVERSITAS MUHAMMADIYAH SURAKARTA,JAWA TENGAH,72100000.0,A,Loc_7-Type_2
UNIVERSITAS MUHAMMADIYAH SURAKARTA,JAWA TENGAH,72100000.0,A,Loc_7-Type_2
UNIVERSITAS MUHAMMADIYAH SURAKARTA,JAWA TENGAH,72100000.0,A,Loc_7-Type_2
UNIVERSITAS MUHAMMADIYAH SURAKARTA,JAWA TENGAH,72100000.0,A,Loc_7-Type_2
UNIVERSITAS MUHAMMADIYAH SURAKARTA,JAWA TENGAH,72100000.0,A,Loc_7-Type_2
UNIVERSITAS MUHAMMADIYAH SURAKARTA,JAWA TENGAH,72100000.0,A,Loc_7-Type_2
UNIVERSITAS MUHAMMADIYAH SURAKARTA,JAWA TENGAH,72100000.0,A,Loc_7-Type_2
UNIVERSITAS MUHAMMADIYAH SURAKARTA,JAWA TENGAH,72100000.0,A,Loc_7-Type_2
UNIVERSITAS MUHAMMADIYAH SURAKARTA,JAWA TENGAH,72100000.0,A,Loc_7-Type_2
UNIVERSITAS MUHAMMADIYAH SURAKARTA,JAWA TENGAH,72100000.0,A,Loc_7-Type_2
UNIVERSITAS MUHAMMADIYAH SURAKARTA,JAWA TENGAH,72100000.0,A,Loc_7-Type_2
UNIVERSITAS MUHAMMADIYAH SURAKARTA,JAWA TENGAH,72100000.0,A,Loc_7-Type_2
UNIVERSITAS MUHAMMADIYAH SURAKARTA,JAWA TENGAH,72100000.0,A,Loc_7-Type_2
UNIVERSITAS MUHAMMADIYAH SURAKARTA,JAWA TENGAH,72100000.0,A,Loc_7-Type_2
UNIVERSITAS MUHAMMADIYAH SURAKARTA,JAWA TENGAH,72100000.0,A,Loc_7-Type_2
UNIVERSITAS MUHAMMADIYAH SURAKARTA,JAWA TENGAH,72100000.0,A,Loc_7-Type_2
UNIVERSITAS MUHAMMADIYAH SURAKARTA,JAWA TENGAH,72100000.0,A,Loc_7-Type_2
UNIVERSITAS MUHAMMADIYAH SURAKARTA,JAWA TENGAH,72100000.0,A,Loc_7-Type_2
UNIVERSITAS MUHAMMADIYAH SURAKARTA,JAWA TENGAH,72100000.0,A,Loc_7-Type_2
UNIVERSITAS MUHAMMADIYAH SURAKARTA,JAWA TENGAH,72100000.0,A,Loc_7-Type_2
UNIVERSITAS MUHAMMADIYAH SURAKARTA,JAWA TENGAH,72100000.0,A,Loc_7-Type_2
UNIVERSITAS MUHAMMADIYAH SURAKARTA,JAWA TENGAH,72100000.0,A,Loc_7-Type_2
UNIVERSITAS MUHAMMADIYAH SURAKARTA,JAWA TENGAH,72100000.0,A,Loc_7-Type_2
UNIVERSITAS MUHAMMADIYAH SURAKARTA,JAWA TENGAH,72100000.0,A,Loc_7-Type_2
UNIVERSITAS MUHAMMADIYAH SURAKARTA,JAWA TENGAH,72100000.0,A,Loc_7-Type_2
UNIVERSITAS MUHAMMADIYAH SURAKARTA,JAWA TENGAH,72100000.0,A,Loc_7-Type_2
UNIVERSITAS MUHAMMADIYAH SURAKARTA,JAWA TENGAH,72100000.0,A,Loc_7-Type_2
UNIVERSITAS MUHAMMADIYAH SURAKARTA,JAWA TENGAH,72100000.0,A,Loc_7-Type_2
UNIVERSITAS MUHAMMADIYAH SURAKARTA,JAWA TENGAH,72100000.0,A,Loc_7-Type_2
UNIVERSITAS MUHAMMADIYAH SURAKARTA,JAWA TENGAH,72100000.0,A,Loc_7-Type_2
UNIVERSITAS MUHAMMADIYAH SURAKARTA,JAWA TENGAH,72100000.0,A,Loc_7-Type_2
UNIVERSITAS MUHAMMADIYAH SURAKARTA,JAWA TENGAH,72100000.0,A,Loc_7-Type_2
UNIVERSITAS MUHAMMADIYAH TANGERANG,BANTEN,68250000.0,B,Loc_0-Type_2
UNIVERSITAS MUHAMMADIYAH TANGERANG,BANTEN,68250000.0,B,Loc_0-Type_2
UNIVERSITAS MUHAMMADIYAH TANGERANG,BANTEN,68250000.0,B,Loc_0-Type_2
UNIVERSITAS MUHAMMADIYAH TANGERANG,BANTEN,68250000.0,B,Loc_0-Type_2
UNIVERSITAS MUHAMMADIYAH TANGERANG,BANTEN,68250000.0,B,Loc_0-Type_2
UNIVERSITAS MUHAMMADIYAH TANGERANG,BANTEN,68250000.0,B,Loc_0-Type_2
UNIVERSITAS MUHAMMADIYAH TANGERANG,BANTEN,68250000.0,B,Loc_0-Type_2
UNIVERSITAS MUHAMMADIYAH TANGERANG,BANTEN,68250000.0,B,Loc_0-Type_2
UNIVERSITAS MUHAMMADIYAH TANGERANG,BANTEN,68250000.0,B,Loc_0-Type_2
UNIVERSITAS MUHAMMADIYAH TANGERANG,BANTEN,68250000.0,B,Loc_0-Type_2
UNIVERSITAS MUHAMMADIYAH TANGERANG,BANTEN,68250000.0,B,Loc_0-Type_2
UNIVERSITAS MUHAMMADIYAH TANGERANG,BANTEN,68250000.0,B,Loc_0-Type_2
UNIVERSITAS MUHAMMADIYAH TANGERANG,BANTEN,68250000.0,B,Loc_0-Type_2
UNIVERSITAS MUHAMMADIYAH TANGERANG,BANTEN,68250000.0,B,Loc_0-Type_2
UNIVERSITAS MUHAMMADIYAH TANGERANG,BANTEN,68250000.0,B,Loc_0-Type_2
UNIVERSITAS MUHAMMADIYAH TANGERANG,BANTEN,68250000.0,B,Loc_0-Type_2
UNIVERSITAS MUHAMMADIYAH TANGERANG,BANTEN,68250000.0,B,Loc_0-Type_2
UNIVERSITAS MUHAMMADIYAH TANGERANG,BANTEN,68250000.0,B,Loc_0-Type_2
UNIVERSITAS MUHAMMADIYAH TANGERANG,BANTEN,68250000.0,B,Loc_0-Type_2
UNIVERSITAS MUHAMMADIYAH TAPANULI SELATAN,SUMATERA UTARA,6166000.0,B,Loc_0-Type_2
UNIVERSITAS MUHAMMADIYAH TAPANULI SELATAN,SUMATERA UTARA,6166000.0,B,Loc_0-Type_2
UNIVERSITAS MUHAMMADIYAH TAPANULI SELATAN,SUMATERA UTARA,6166000.0,B,Loc_0-Type_2
UNIVERSITAS MUHAMMADIYAH TAPANULI SELATAN,SUMATERA UTARA,6166000.0,B,Loc_0-Type_2
UNIVERSITAS MUHAMMADIYAH TAPANULI SELATAN,SUMATERA UTARA,6166000.0,B,Loc_0-Type_2
UNIVERSITAS MUHAMMADIYAH TAPANULI SELATAN,SUMATERA UTARA,6166000.0,B,Loc_0-Type_2
UNIVERSITAS MUHAMMADIYAH TAPANULI SELATAN,SUMATERA UTARA,6166000.0,B,Loc_0-Type_2
UNIVERSITAS MUHAMMADIYAH TAPANULI SELATAN,SUMATERA UTARA,6166000.0,B,Loc_0-Type_2
UNIVERSITAS MUHAMMADIYAH TAPANULI SELATAN,SUMATERA UTARA,6166000.0,B,Loc_0-Type_2
UNIVERSITAS MUHAMMADIYAH TAPANULI SELATAN,SUMATERA UTARA,6166000.0,B,Loc_0-Type_2
UNIVERSITAS MUHAMMADIYAH TAPANULI SELATAN,SUMATERA UTARA,6166000.0,B,Loc_0-Type_2
UNIVERSITAS MUHAMMADIYAH TAPANULI SELATAN,SUMATERA UTARA,6166000.0,B,Loc_0-Type_2
UNIVERSITAS MUHAMMADIYAH TAPANULI SELATAN,SUMATERA UTARA,6166000.0,B,Loc_0-Type_2
UNIVERSITAS MUHAMMADIYAH TASIKMALAYA,JAWA BARAT,17450000.0,BAIK,Loc_8-Type_2
UNIVERSITAS MUHAMMADIYAH TASIKMALAYA,JAWA BARAT,17450000.0,BAIK,Loc_8-Type_2
UNIVERSITAS MUHAMMADIYAH TASIKMALAYA,JAWA BARAT,17450000.0,BAIK,Loc_8-Type_2
UNIVERSITAS MUHAMMADIYAH TASIKMALAYA,JAWA BARAT,17450000.0,BAIK,Loc_8-Type_2
UNIVERSITAS MUHAMMADIYAH TASIKMALAYA,JAWA BARAT,17450000.0,BAIK,Loc_8-Type_2
UNIVERSITAS MUHAMMADIYAH TASIKMALAYA,JAWA BARAT,17450000.0,BAIK,Loc_8-Type_2
UNIVERSITAS MUHAMMADIYAH TASIKMALAYA,JAWA BARAT,17450000.0,BAIK,Loc_8-Type_2
UNIVERSITAS MUHAMMADIYAH TASIKMALAYA,JAWA BARAT,17450000.0,BAIK,Loc_8-Type_2
UNIVERSITAS MUHAMMADIYAH TASIKMALAYA,JAWA BARAT,17450000.0,BAIK,Loc_8-Type_2
UNIVERSITAS MUHAMMADIYAH TASIKMALAYA,JAWA BARAT,17450000.0,BAIK,Loc_8-Type_2
UNIVERSITAS MUHAMMADIYAH TASIKMALAYA,JAWA BARAT,17450000.0,BAIK,Loc_8-Type_2
UNIVERSITAS MUHAMMADIYAH TASIKMALAYA,JAWA BARAT,17450000.0,BAIK,Loc_8-Type_2
UNIVERSITAS MUHAMMADIYAH TASIKMALAYA,JAWA BARAT,17450000.0,BAIK,Loc_8-Type_2
UNIVERSITAS MUHAMMADIYAH TASIKMALAYA,JAWA BARAT,17450000.0,BAIK,Loc_8-Type_2
UNIVERSITAS MUHAMMADIYAH TASIKMALAYA,JAWA BARAT,17450000.0,BAIK,Loc_8-Type_2
UNIVERSITAS MUHAMMADIYAH TEGAL,JAWA TENGAH,9800000.0,BAIK,Loc_7-Type_0
UNIVERSITAS MUHAMMADIYAH TEGAL,JAWA TENGAH,9800000.0,BAIK,Loc_7-Type_0
UNIVERSITAS MUHAMMADIYAH TEGAL,JAWA TENGAH,9800000.0,BAIK,Loc_7-Type_0
UNIVERSITAS MUHAMMADIYAH TEGAL,JAWA TENGAH,9800000.0,BAIK,Loc_7-Type_0
UNIVERSITAS MUHAMMADIYAH TEGAL,JAWA TENGAH,9800000.0,BAIK,Loc_7-Type_0
UNIVERSITAS MUHAMMADIYAH TEGAL,JAWA TENGAH,9800000.0,BAIK,Loc_7-Type_0
UNIVERSITAS MUHAMMADIYAH YOGYAKARTA,D.I. YOGYAKARTA,27000000.0,A,Loc_0-Type_2
UNIVERSITAS MUHAMMADIYAH YOGYAKARTA,D.I. YOGYAKARTA,27000000.0,A,Loc_0-Type_2
UNIVERSITAS MUHAMMADIYAH YOGYAKARTA,D.I. YOGYAKARTA,27000000.0,A,Loc_0-Type_2
UNIVERSITAS MUHAMMADIYAH YOGYAKARTA,D.I. YOGYAKARTA,27000000.0,A,Loc_0-Type_2
UNIVERSITAS MUHAMMADIYAH YOGYAKARTA,D.I. YOGYAKARTA,27000000.0,A,Loc_0-Type_2
UNIVERSITAS MUHAMMADIYAH YOGYAKARTA,D.I. YOGYAKARTA,27000000.0,A,Loc_0-Type_2
UNIVERSITAS MUHAMMADIYAH YOGYAKARTA,D.I. YOGYAKARTA,27000000.0,A,Loc_0-Type_2
UNIVERSITAS MUHAMMADIYAH YOGYAKARTA,D.I. YOGYAKARTA,27000000.0,A,Loc_0-Type_2
UNIVERSITAS MUHAMMADIYAH YOGYAKARTA,D.I. YOGYAKARTA,27000000.0,A,Loc_0-Type_2
UNIVERSITAS MUHAMMADIYAH YOGYAKARTA,D.I. YOGYAKARTA,27000000.0,A,Loc_0-Type_2
UNIVERSITAS MUHAMMADIYAH YOGYAKARTA,D.I. YOGYAKARTA,27000000.0,A,Loc_0-Type_2
UNIVERSITAS MUHAMMADIYAH YOGYAKARTA,D.I. YOGYAKARTA,27000000.0,A,Loc_0-Type_2
UNIVERSITAS MUHAMMADIYAH YOGYAKARTA,D.I. YOGYAKARTA,27000000.0,A,Loc_0-Type_2
UNIVERSITAS MUHAMMADIYAH YOGYAKARTA,D.I. YOGYAKARTA,27000000.0,A,Loc_0-Type_2
UNIVERSITAS MUHAMMADIYAH YOGYAKARTA,D.I. YOGYAKARTA,27000000.0,A,Loc_0-Type_2
UNIVERSITAS MUHAMMADIYAH YOGYAKARTA,D.I. YOGYAKARTA,27000000.0,A,Loc_0-Type_2
UNIVERSITAS MUHAMMADIYAH YOGYAKARTA,D.I. YOGYAKARTA,27000000.0,A,Loc_0-Type_2
UNIVERSITAS MUHAMMADIYAH YOGYAKARTA,D.I. YOGYAKARTA,27000000.0,A,Loc_0-Type_2
UNIVERSITAS MUHAMMADIYAH YOGYAKARTA,D.I. YOGYAKARTA,27000000.0,A,Loc_0-Type_2
UNIVERSITAS MUHAMMADIYAH YOGYAKARTA,D.I. YOGYAKARTA,27000000.0,A,Loc_0-Type_2
UNIVERSITAS MUHAMMADIYAH YOGYAKARTA,D.I. YOGYAKARTA,27000000.0,A,Loc_0-Type_2
UNIVERSITAS MULIA,KALIMANTAN TIMUR,5900000.0,BAIK,Loc_0-Type_0
UNIVERSITAS MULIA,KALIMANTAN TIMUR,5900000.0,BAIK,Loc_0-Type_0
UNIVERSITAS MULIA,KALIMANTAN TIMUR,5900000.0,BAIK,Loc_0-Type_0
UNIVERSITAS MULIA,KALIMANTAN TIMUR,5900000.0,BAIK,Loc_0-Type_0
UNIVERSITAS MULIA,KALIMANTAN TIMUR,5900000.0,BAIK,Loc_0-Type_0
UNIVERSITAS MULIA,KALIMANTAN TIMUR,5900000.0,BAIK,Loc_0-Type_0
UNIVERSITAS MULIA,KALIMANTAN TIMUR,5900000.0,BAIK,Loc_0-Type_0
UNIVERSITAS MULIA,KALIMANTAN TIMUR,5900000.0,BAIK,Loc_0-Type_0
UNIVERSITAS MULIA,KALIMANTAN TIMUR,5900000.0,BAIK,Loc_0-Type_0
UNIVERSITAS MULIA,KALIMANTAN TIMUR,5900000.0,BAIK,Loc_0-Type_0
UNIVERSITAS MULIA,KALIMANTAN TIMUR,5900000.0,BAIK,Loc_0-Type_0
UNIVERSITAS MULIA,KALIMANTAN TIMUR,5900000.0,BAIK,Loc_0-Type_0
UNIVERSITAS MULTI DATA PALEMBANG,SUMATERA SELATAN,16500000.0,BAIK SEKALI,Loc_0-Type_1
UNIVERSITAS MULTI DATA PALEMBANG,SUMATERA SELATAN,16500000.0,BAIK SEKALI,Loc_0-Type_1
UNIVERSITAS MULTI DATA PALEMBANG,SUMATERA SELATAN,16500000.0,BAIK SEKALI,Loc_0-Type_1
UNIVERSITAS MULTI DATA PALEMBANG,SUMATERA SELATAN,16500000.0,BAIK SEKALI,Loc_0-Type_1
UNIVERSITAS MULTI DATA PALEMBANG,SUMATERA SELATAN,16500000.0,BAIK SEKALI,Loc_0-Type_1
UNIVERSITAS MULTIMEDIA NUSANTARA,BANTEN,27000000.0,A,Loc_0-Type_2
UNIVERSITAS MULTIMEDIA NUSANTARA,BANTEN,27000000.0,A,Loc_0-Type_2
UNIVERSITAS MULTIMEDIA NUSANTARA,BANTEN,27000000.0,A,Loc_0-Type_2
UNIVERSITAS MULTIMEDIA NUSANTARA,BANTEN,27000000.0,A,Loc_0-Type_2
UNIVERSITAS MULTIMEDIA NUSANTARA,BANTEN,27000000.0,A,Loc_0-Type_2
UNIVERSITAS MULTIMEDIA NUSANTARA,BANTEN,27000000.0,A,Loc_0-Type_2
UNIVERSITAS MULTIMEDIA NUSANTARA,BANTEN,27000000.0,A,Loc_0-Type_2
UNIVERSITAS MULTIMEDIA NUSANTARA,BANTEN,27000000.0,A,Loc_0-Type_2
UNIVERSITAS MULTIMEDIA NUSANTARA,BANTEN,27000000.0,A,Loc_0-Type_2
UNIVERSITAS MULTIMEDIA NUSANTARA,BANTEN,27000000.0,A,Loc_0-Type_2
UNIVERSITAS MULTIMEDIA NUSANTARA,BANTEN,27000000.0,A,Loc_0-Type_2
UNIVERSITAS MULTIMEDIA NUSANTARA,BANTEN,27000000.0,A,Loc_0-Type_2
UNIVERSITAS MULTIMEDIA NUSANTARA,BANTEN,27000000.0,A,Loc_0-Type_2
UNIVERSITAS MULTIMEDIA NUSANTARA,BANTEN,27000000.0,A,Loc_0-Type_2
UNIVERSITAS MULTIMEDIA NUSANTARA,BANTEN,27000000.0,A,Loc_0-Type_2
UNIVERSITAS MULTIMEDIA NUSANTARA JAKARTA,D.K.I. JAKARTA,32325000.0,UNGGUL,Loc_4-Type_2
UNIVERSITAS MULTIMEDIA NUSANTARA JAKARTA,D.K.I. JAKARTA,32325000.0,UNGGUL,Loc_4-Type_2
UNIVERSITAS MULTIMEDIA NUSANTARA JAKARTA,D.K.I. JAKARTA,32325000.0,UNGGUL,Loc_4-Type_2
UNIVERSITAS MULTIMEDIA NUSANTARA JAKARTA,D.K.I. JAKARTA,32325000.0,UNGGUL,Loc_4-Type_2
UNIVERSITAS MULTIMEDIA NUSANTARA JAKARTA,D.K.I. JAKARTA,32325000.0,UNGGUL,Loc_4-Type_2
UNIVERSITAS MULTIMEDIA NUSANTARA JAKARTA,D.K.I. JAKARTA,32325000.0,UNGGUL,Loc_4-Type_2
UNIVERSITAS MULTIMEDIA NUSANTARA JAKARTA,D.K.I. JAKARTA,32325000.0,UNGGUL,Loc_4-Type_2
UNIVERSITAS MURIA KUDUS,JAWA TENGAH,9200000.0,B,Loc_7-Type_0
UNIVERSITAS MURIA KUDUS,JAWA TENGAH,9200000.0,B,Loc_7-Type_0
UNIVERSITAS MURNI TEGUH,SUMATERA UTARA,6890000.0,BAIK SEKALI,Loc_0-Type_1
UNIVERSITAS MURNI TEGUH,SUMATERA UTARA,6890000.0,BAIK SEKALI,Loc_0-Type_1
UNIVERSITAS MURNI TEGUH,SUMATERA UTARA,6890000.0,BAIK SEKALI,Loc_0-Type_1
UNIVERSITAS MURNI TEGUH,SUMATERA UTARA,6890000.0,BAIK SEKALI,Loc_0-Type_1
UNIVERSITAS MURNI TEGUH,SUMATERA UTARA,6890000.0,BAIK SEKALI,Loc_0-Type_1
UNIVERSITAS MURNI TEGUH,SUMATERA UTARA,6890000.0,BAIK SEKALI,Loc_0-Type_1
UNIVERSITAS MUSI RAWAS,SUMATERA SELATAN,7500000.0,BAIK,Loc_0-Type_0
UNIVERSITAS MUSI RAWAS,SUMATERA SELATAN,7500000.0,BAIK,Loc_0-Type_0
UNIVERSITAS MUSI RAWAS,SUMATERA SELATAN,7500000.0,BAIK,Loc_0-Type_0
UNIVERSITAS MUSI RAWAS,SUMATERA SELATAN,7500000.0,BAIK,Loc_0-Type_0
UNIVERSITAS MUSI RAWAS,SUMATERA SELATAN,7500000.0,BAIK,Loc_0-Type_0
UNIVERSITAS MUSI RAWAS,SUMATERA SELATAN,7500000.0,BAIK,Loc_0-Type_0
UNIVERSITAS MUSI RAWAS,SUMATERA SELATAN,7500000.0,BAIK,Loc_0-Type_0
UNIVERSITAS MUSI RAWAS,SUMATERA SELATAN,7500000.0,BAIK,Loc_0-Type_0
UNIVERSITAS MUSI RAWAS,SUMATERA SELATAN,7500000.0,BAIK,Loc_0-Type_0
UNIVERSITAS MUSI RAWAS,SUMATERA SELATAN,7500000.0,BAIK,Loc_0-Type_0
UNIVERSITAS MUSI RAWAS,SUMATERA SELATAN,7500000.0,BAIK,Loc_0-Type_0
UNIVERSITAS MUSLIM BUTON,SULAWESI TENGGARA,5000000.0,BAIK,Loc_0-Type_0
UNIVERSITAS MUSLIM BUTON,SULAWESI TENGGARA,5000000.0,BAIK,Loc_0-Type_0
UNIVERSITAS MUSLIM BUTON,SULAWESI TENGGARA,5000000.0,BAIK,Loc_0-Type_0
UNIVERSITAS MUSLIM BUTON,SULAWESI TENGGARA,5000000.0,BAIK,Loc_0-Type_0
UNIVERSITAS MUSLIM BUTON,SULAWESI TENGGARA,5000000.0,BAIK,Loc_0-Type_0
UNIVERSITAS MUSLIM BUTON,SULAWESI TENGGARA,5000000.0,BAIK,Loc_0-Type_0
UNIVERSITAS MUSLIM BUTON,SULAWESI TENGGARA,5000000.0,BAIK,Loc_0-Type_0
UNIVERSITAS MUSLIM INDONESIA,SULAWESI SELATAN,6000000.0,UNGGUL,Loc_3-Type_0
UNIVERSITAS MUSLIM INDONESIA,SULAWESI SELATAN,6000000.0,UNGGUL,Loc_3-Type_0
UNIVERSITAS MUSLIM INDONESIA,SULAWESI SELATAN,6000000.0,UNGGUL,Loc_3-Type_0
UNIVERSITAS MUSLIM INDONESIA,SULAWESI SELATAN,6000000.0,UNGGUL,Loc_3-Type_0
UNIVERSITAS MUSLIM INDONESIA,SULAWESI SELATAN,6000000.0,UNGGUL,Loc_3-Type_0
UNIVERSITAS MUSLIM INDONESIA,SULAWESI SELATAN,6000000.0,UNGGUL,Loc_3-Type_0
UNIVERSITAS MUSLIM INDONESIA,SULAWESI SELATAN,6000000.0,UNGGUL,Loc_3-Type_0
UNIVERSITAS MUSLIM INDONESIA,SULAWESI SELATAN,6000000.0,UNGGUL,Loc_3-Type_0
UNIVERSITAS MUSLIM INDONESIA,SULAWESI SELATAN,6000000.0,UNGGUL,Loc_3-Type_0
UNIVERSITAS MUSLIM INDONESIA,SULAWESI SELATAN,6000000.0,UNGGUL,Loc_3-Type_0
UNIVERSITAS MUSLIM INDONESIA,SULAWESI SELATAN,6000000.0,UNGGUL,Loc_3-Type_0
UNIVERSITAS MUSLIM INDONESIA,SULAWESI SELATAN,6000000.0,UNGGUL,Loc_3-Type_0
UNIVERSITAS MUSLIM INDONESIA,SULAWESI SELATAN,6000000.0,UNGGUL,Loc_3-Type_0
UNIVERSITAS MUSLIM INDONESIA,SULAWESI SELATAN,6000000.0,UNGGUL,Loc_3-Type_0
UNIVERSITAS MUSLIM INDONESIA,SULAWESI SELATAN,6000000.0,UNGGUL,Loc_3-Type_0
UNIVERSITAS MUSLIM INDONESIA,SULAWESI SELATAN,6000000.0,UNGGUL,Loc_3-Type_0
UNIVERSITAS MUSLIM INDONESIA,SULAWESI SELATAN,6000000.0,UNGGUL,Loc_3-Type_0
UNIVERSITAS MUSLIM INDONESIA,SULAWESI SELATAN,6000000.0,UNGGUL,Loc_3-Type_0
UNIVERSITAS MUSLIM INDONESIA,SULAWESI SELATAN,6000000.0,UNGGUL,Loc_3-Type_0
UNIVERSITAS MUSLIM INDONESIA,SULAWESI SELATAN,6000000.0,UNGGUL,Loc_3-Type_0
UNIVERSITAS MUSLIM INDONESIA,SULAWESI SELATAN,6000000.0,UNGGUL,Loc_3-Type_0
UNIVERSITAS MUSLIM INDONESIA,SULAWESI SELATAN,6000000.0,UNGGUL,Loc_3-Type_0
UNIVERSITAS MUSLIM INDONESIA,SULAWESI SELATAN,6000000.0,UNGGUL,Loc_3-Type_0
UNIVERSITAS MUSLIM INDONESIA,SULAWESI SELATAN,6000000.0,UNGGUL,Loc_3-Type_0
UNIVERSITAS MUSLIM INDONESIA,SULAWESI SELATAN,6000000.0,UNGGUL,Loc_3-Type_0
UNIVERSITAS MUSLIM INDONESIA,SULAWESI SELATAN,6000000.0,UNGGUL,Loc_3-Type_0
UNIVERSITAS MUSLIM INDONESIA,SULAWESI SELATAN,6000000.0,UNGGUL,Loc_3-Type_0
UNIVERSITAS MUSLIM INDONESIA,SULAWESI SELATAN,6000000.0,UNGGUL,Loc_3-Type_0
UNIVERSITAS MUSLIM INDONESIA,SULAWESI SELATAN,6000000.0,UNGGUL,Loc_3-Type_0
UNIVERSITAS MUSLIM INDONESIA,SULAWESI SELATAN,6000000.0,UNGGUL,Loc_3-Type_0
UNIVERSITAS MUSLIM INDONESIA,SULAWESI SELATAN,6000000.0,UNGGUL,Loc_3-Type_0
UNIVERSITAS MUSLIM INDONESIA MAKASSAR,SULAWESI SELATAN,7950000.0,A,Loc_3-Type_0
UNIVERSITAS MUSLIM INDONESIA MAKASSAR,SULAWESI SELATAN,7950000.0,A,Loc_3-Type_0
UNIVERSITAS MUSLIM INDONESIA MAKASSAR,SULAWESI SELATAN,7950000.0,A,Loc_3-Type_0
UNIVERSITAS MUSLIM INDONESIA MAKASSAR,SULAWESI SELATAN,7950000.0,A,Loc_3-Type_0
UNIVERSITAS MUSLIM INDONESIA MAKASSAR,SULAWESI SELATAN,7950000.0,A,Loc_3-Type_0
UNIVERSITAS MUSLIM INDONESIA MAKASSAR,SULAWESI SELATAN,7950000.0,A,Loc_3-Type_0
UNIVERSITAS MUSLIM INDONESIA MAKASSAR,SULAWESI SELATAN,7950000.0,A,Loc_3-Type_0
UNIVERSITAS MUSLIM INDONESIA MAKASSAR,SULAWESI SELATAN,7950000.0,A,Loc_3-Type_0
UNIVERSITAS MUSLIM INDONESIA MAKASSAR,SULAWESI SELATAN,7950000.0,A,Loc_3-Type_0
UNIVERSITAS MUSLIM INDONESIA MAKASSAR,SULAWESI SELATAN,7950000.0,A,Loc_3-Type_0
UNIVERSITAS MUSLIM INDONESIA MAKASSAR,SULAWESI SELATAN,7950000.0,A,Loc_3-Type_0
UNIVERSITAS MUSLIM INDONESIA MAKASSAR,SULAWESI SELATAN,7950000.0,A,Loc_3-Type_0
UNIVERSITAS MUSLIM INDONESIA MAKASSAR,SULAWESI SELATAN,7950000.0,A,Loc_3-Type_0
UNIVERSITAS MUSLIM INDONESIA MAKASSAR,SULAWESI SELATAN,7950000.0,A,Loc_3-Type_0
UNIVERSITAS MUSLIM INDONESIA MAKASSAR,SULAWESI SELATAN,7950000.0,A,Loc_3-Type_0
UNIVERSITAS MUSLIM INDONESIA MAKASSAR,SULAWESI SELATAN,7950000.0,A,Loc_3-Type_0
UNIVERSITAS MUSLIM INDONESIA MAKASSAR,SULAWESI SELATAN,7950000.0,A,Loc_3-Type_0
UNIVERSITAS MUSLIM INDONESIA MAKASSAR,SULAWESI SELATAN,7950000.0,A,Loc_3-Type_0
UNIVERSITAS MUSLIM INDONESIA MAKASSAR,SULAWESI SELATAN,7950000.0,A,Loc_3-Type_0
UNIVERSITAS MUSLIM INDONESIA MAKASSAR,SULAWESI SELATAN,7950000.0,A,Loc_3-Type_0
UNIVERSITAS MUSLIM INDONESIA MAKASSAR,SULAWESI SELATAN,7950000.0,A,Loc_3-Type_0
UNIVERSITAS MUSLIM INDONESIA MAKASSAR,SULAWESI SELATAN,7950000.0,A,Loc_3-Type_0
UNIVERSITAS MUSLIM INDONESIA MAKASSAR,SULAWESI SELATAN,7950000.0,A,Loc_3-Type_0
UNIVERSITAS MUSLIM INDONESIA MAKASSAR,SULAWESI SELATAN,7950000.0,A,Loc_3-Type_0
UNIVERSITAS MUSLIM INDONESIA MAKASSAR,SULAWESI SELATAN,7950000.0,A,Loc_3-Type_0
UNIVERSITAS MUSLIM INDONESIA MAKASSAR,SULAWESI SELATAN,7950000.0,A,Loc_3-Type_0
UNIVERSITAS MUSLIM MAROS,SULAWESI SELATAN,6000000.0,BAIK SEKALI,Loc_3-Type_2
UNIVERSITAS MUSLIM MAROS,SULAWESI SELATAN,6000000.0,BAIK SEKALI,Loc_3-Type_2
UNIVERSITAS MUSLIM MAROS,SULAWESI SELATAN,6000000.0,BAIK SEKALI,Loc_3-Type_2
UNIVERSITAS MUSLIM MAROS,SULAWESI SELATAN,6000000.0,BAIK SEKALI,Loc_3-Type_2
UNIVERSITAS MUSLIM MAROS,SULAWESI SELATAN,6000000.0,BAIK SEKALI,Loc_3-Type_2
UNIVERSITAS MUSLIM MAROS,SULAWESI SELATAN,6000000.0,BAIK SEKALI,Loc_3-Type_2
UNIVERSITAS MUSLIM MAROS,SULAWESI SELATAN,6000000.0,BAIK SEKALI,Loc_3-Type_2
UNIVERSITAS MUSLIM MAROS,SULAWESI SELATAN,6000000.0,BAIK SEKALI,Loc_3-Type_2
UNIVERSITAS MUSLIM NUSANTARA AL,SUMATERA UTARA,8000000.0,B,Loc_0-Type_2
UNIVERSITAS MUSLIM NUSANTARA AL,SUMATERA UTARA,8000000.0,B,Loc_0-Type_2
UNIVERSITAS MUSLIM NUSANTARA AL,SUMATERA UTARA,8000000.0,B,Loc_0-Type_2
UNIVERSITAS MUSLIM NUSANTARA AL,SUMATERA UTARA,8000000.0,B,Loc_0-Type_2
UNIVERSITAS MUSLIM NUSANTARA AL,SUMATERA UTARA,8000000.0,B,Loc_0-Type_2
UNIVERSITAS MUSLIM NUSANTARA AL,SUMATERA UTARA,8000000.0,B,Loc_0-Type_2
UNIVERSITAS MUSLIM NUSANTARA AL,SUMATERA UTARA,8000000.0,B,Loc_0-Type_2
UNIVERSITAS MUSLIM NUSANTARA AL,SUMATERA UTARA,8000000.0,B,Loc_0-Type_2
UNIVERSITAS MUSLIM NUSANTARA AL,SUMATERA UTARA,8000000.0,B,Loc_0-Type_2
UNIVERSITAS MUSLIM NUSANTARA AL,SUMATERA UTARA,8000000.0,B,Loc_0-Type_2
UNIVERSITAS MUSLIM NUSANTARA AL,SUMATERA UTARA,8000000.0,B,Loc_0-Type_2
UNIVERSITAS MUSLIM NUSANTARA AL,SUMATERA UTARA,8000000.0,B,Loc_0-Type_2
UNIVERSITAS MUSLIM NUSANTARA AL,SUMATERA UTARA,8000000.0,B,Loc_0-Type_2
UNIVERSITAS MUSLIM NUSANTARA AL-WASHLIYAH,SUMATERA UTARA,16575000.0,UNGGUL,Loc_0-Type_1
UNIVERSITAS MUSLIM NUSANTARA AL-WASHLIYAH,SUMATERA UTARA,16575000.0,UNGGUL,Loc_0-Type_1
UNIVERSITAS MUSLIM NUSANTARA AL-WASHLIYAH,SUMATERA UTARA,16575000.0,UNGGUL,Loc_0-Type_1
UNIVERSITAS MUSLIM NUSANTARA AL-WASHLIYAH,SUMATERA UTARA,16575000.0,UNGGUL,Loc_0-Type_1
UNIVERSITAS MUSLIM NUSANTARA AL-WASHLIYAH,SUMATERA UTARA,16575000.0,UNGGUL,Loc_0-Type_1
UNIVERSITAS MUSLIM NUSANTARA AL-WASHLIYAH,SUMATERA UTARA,16575000.0,UNGGUL,Loc_0-Type_1
UNIVERSITAS MUSLIM NUSANTARA AL-WASHLIYAH,SUMATERA UTARA,16575000.0,UNGGUL,Loc_0-Type_1
UNIVERSITAS MUSLIM NUSANTARA AL-WASHLIYAH,SUMATERA UTARA,16575000.0,UNGGUL,Loc_0-Type_1
UNIVERSITAS MUSLIM NUSANTARA AL-WASHLIYAH,SUMATERA UTARA,16575000.0,UNGGUL,Loc_0-Type_1
UNIVERSITAS MUSLIM NUSANTARA AL-WASHLIYAH,SUMATERA UTARA,16575000.0,UNGGUL,Loc_0-Type_1
UNIVERSITAS MUSLIM NUSANTARA AL-WASHLIYAH,SUMATERA UTARA,16575000.0,UNGGUL,Loc_0-Type_1
UNIVERSITAS MUSLIM NUSANTARA AL-WASHLIYAH,SUMATERA UTARA,16575000.0,UNGGUL,Loc_0-Type_1
UNIVERSITAS MUSLIM NUSANTARA AL-WASHLIYAH,SUMATERA UTARA,16575000.0,UNGGUL,Loc_0-Type_1
UNIVERSITAS NAHDLATUL ULAMA AL GHAZALI CILACAP,JAWA TENGAH,6630000.0,BAIK SEKALI,Loc_7-Type_2
UNIVERSITAS NAHDLATUL ULAMA AL GHAZALI CILACAP,JAWA TENGAH,6630000.0,BAIK SEKALI,Loc_7-Type_2
UNIVERSITAS NAHDLATUL ULAMA AL GHAZALI CILACAP,JAWA TENGAH,6630000.0,BAIK SEKALI,Loc_7-Type_2
UNIVERSITAS NAHDLATUL ULAMA AL GHAZALI CILACAP,JAWA TENGAH,6630000.0,BAIK SEKALI,Loc_7-Type_2
UNIVERSITAS NAHDLATUL ULAMA AL GHAZALI CILACAP,JAWA TENGAH,6630000.0,BAIK SEKALI,Loc_7-Type_2
UNIVERSITAS NAHDLATUL ULAMA AL GHAZALI CILACAP,JAWA TENGAH,6630000.0,BAIK SEKALI,Loc_7-Type_2
UNIVERSITAS NAHDLATUL ULAMA AL GHAZALI CILACAP,JAWA TENGAH,6630000.0,BAIK SEKALI,Loc_7-Type_2
UNIVERSITAS NAHDLATUL ULAMA AL GHAZALI CILACAP,JAWA TENGAH,6630000.0,BAIK SEKALI,Loc_7-Type_2
UNIVERSITAS NAHDLATUL ULAMA AL GHAZALI CILACAP,JAWA TENGAH,6630000.0,BAIK SEKALI,Loc_7-Type_2
UNIVERSITAS NAHDLATUL ULAMA AL GHAZALI CILACAP,JAWA TENGAH,6630000.0,BAIK SEKALI,Loc_7-Type_2
UNIVERSITAS NAHDLATUL ULAMA BLITAR,JAWA TIMUR,3750000.0,BAIK SEKALI,Loc_5-Type_1
UNIVERSITAS NAHDLATUL ULAMA BLITAR,JAWA TIMUR,3750000.0,BAIK SEKALI,Loc_5-Type_1
UNIVERSITAS NAHDLATUL ULAMA BLITAR,JAWA TIMUR,3750000.0,BAIK SEKALI,Loc_5-Type_1
UNIVERSITAS NAHDLATUL ULAMA BLITAR,JAWA TIMUR,3750000.0,BAIK SEKALI,Loc_5-Type_1
UNIVERSITAS NAHDLATUL ULAMA BLITAR,JAWA TIMUR,3750000.0,BAIK SEKALI,Loc_5-Type_1
UNIVERSITAS NAHDLATUL ULAMA BLITAR,JAWA TIMUR,3750000.0,BAIK SEKALI,Loc_5-Type_1
UNIVERSITAS NAHDLATUL ULAMA BLITAR,JAWA TIMUR,3750000.0,BAIK SEKALI,Loc_5-Type_1
UNIVERSITAS NAHDLATUL ULAMA BLITAR,JAWA TIMUR,3750000.0,BAIK SEKALI,Loc_5-Type_1
UNIVERSITAS NAHDLATUL ULAMA CIREBON,JAWA BARAT,4000146.0,BAIK,Loc_8-Type_2
UNIVERSITAS NAHDLATUL ULAMA CIREBON,JAWA BARAT,4000146.0,BAIK,Loc_8-Type_2
UNIVERSITAS NAHDLATUL ULAMA CIREBON,JAWA BARAT,4000146.0,BAIK,Loc_8-Type_2
UNIVERSITAS NAHDLATUL ULAMA CIREBON,JAWA BARAT,4000146.0,BAIK,Loc_8-Type_2
UNIVERSITAS NAHDLATUL ULAMA CIREBON,JAWA BARAT,4000146.0,BAIK,Loc_8-Type_2
UNIVERSITAS NAHDLATUL ULAMA CIREBON,JAWA BARAT,4000146.0,BAIK,Loc_8-Type_2
UNIVERSITAS NAHDLATUL ULAMA CIREBON,JAWA BARAT,4000146.0,BAIK,Loc_8-Type_2
UNIVERSITAS NAHDLATUL ULAMA CIREBON,JAWA BARAT,4000146.0,BAIK,Loc_8-Type_2
UNIVERSITAS NAHDLATUL ULAMA CIREBON,JAWA BARAT,4000146.0,BAIK,Loc_8-Type_2
UNIVERSITAS NAHDLATUL ULAMA CIREBON,JAWA BARAT,4000146.0,BAIK,Loc_8-Type_2
UNIVERSITAS NAHDLATUL ULAMA INDONESIA,D.K.I. JAKARTA,31100000.0,BAIK SEKALI,Loc_4-Type_1
UNIVERSITAS NAHDLATUL ULAMA INDONESIA,D.K.I. JAKARTA,31100000.0,BAIK SEKALI,Loc_4-Type_1
UNIVERSITAS NAHDLATUL ULAMA INDONESIA,D.K.I. JAKARTA,31100000.0,BAIK SEKALI,Loc_4-Type_1
UNIVERSITAS NAHDLATUL ULAMA INDONESIA,D.K.I. JAKARTA,31100000.0,BAIK SEKALI,Loc_4-Type_1
UNIVERSITAS NAHDLATUL ULAMA INDONESIA,D.K.I. JAKARTA,31100000.0,BAIK SEKALI,Loc_4-Type_1
UNIVERSITAS NAHDLATUL ULAMA INDONESIA,D.K.I. JAKARTA,31100000.0,BAIK SEKALI,Loc_4-Type_1
UNIVERSITAS NAHDLATUL ULAMA INDONESIA,D.K.I. JAKARTA,31100000.0,BAIK SEKALI,Loc_4-Type_1
UNIVERSITAS NAHDLATUL ULAMA INDONESIA,D.K.I. JAKARTA,31100000.0,BAIK SEKALI,Loc_4-Type_1
UNIVERSITAS NAHDLATUL ULAMA KALIMANTAN BARAT,KALIMANTAN BARAT,25500000.0,BAIK SEKALI,Loc_6-Type_1
UNIVERSITAS NAHDLATUL ULAMA KALIMANTAN BARAT,KALIMANTAN BARAT,25500000.0,BAIK SEKALI,Loc_6-Type_1
UNIVERSITAS NAHDLATUL ULAMA KALIMANTAN BARAT,KALIMANTAN BARAT,25500000.0,BAIK SEKALI,Loc_6-Type_1
UNIVERSITAS NAHDLATUL ULAMA KALIMANTAN BARAT,KALIMANTAN BARAT,25500000.0,BAIK SEKALI,Loc_6-Type_1
UNIVERSITAS NAHDLATUL ULAMA KALIMANTAN BARAT,KALIMANTAN BARAT,25500000.0,BAIK SEKALI,Loc_6-Type_1
UNIVERSITAS NAHDLATUL ULAMA KALIMANTAN BARAT,KALIMANTAN BARAT,25500000.0,BAIK SEKALI,Loc_6-Type_1
UNIVERSITAS NAHDLATUL ULAMA KALIMANTAN BARAT,KALIMANTAN BARAT,25500000.0,BAIK SEKALI,Loc_6-Type_1
UNIVERSITAS NAHDLATUL ULAMA KALIMANTAN BARAT,KALIMANTAN BARAT,25500000.0,BAIK SEKALI,Loc_6-Type_1
UNIVERSITAS NAHDLATUL ULAMA KALIMANTAN BARAT,KALIMANTAN BARAT,25500000.0,BAIK SEKALI,Loc_6-Type_1
UNIVERSITAS NAHDLATUL ULAMA KALIMANTAN SELATAN,KALIMANTAN SELATAN,7750000.0,BAIK,Loc_0-Type_0
UNIVERSITAS NAHDLATUL ULAMA KALIMANTAN SELATAN,KALIMANTAN SELATAN,7750000.0,BAIK,Loc_0-Type_0
UNIVERSITAS NAHDLATUL ULAMA KALIMANTAN SELATAN,KALIMANTAN SELATAN,7750000.0,BAIK,Loc_0-Type_0
UNIVERSITAS NAHDLATUL ULAMA KALIMANTAN SELATAN,KALIMANTAN SELATAN,7750000.0,BAIK,Loc_0-Type_0
UNIVERSITAS NAHDLATUL ULAMA KALIMANTAN SELATAN,KALIMANTAN SELATAN,7750000.0,BAIK,Loc_0-Type_0
UNIVERSITAS NAHDLATUL ULAMA KALIMANTAN SELATAN,KALIMANTAN SELATAN,7750000.0,BAIK,Loc_0-Type_0
UNIVERSITAS NAHDLATUL ULAMA KALIMANTAN SELATAN,KALIMANTAN SELATAN,7750000.0,BAIK,Loc_0-Type_0
UNIVERSITAS NAHDLATUL ULAMA KALIMANTAN SELATAN,KALIMANTAN SELATAN,7750000.0,BAIK,Loc_0-Type_0
UNIVERSITAS NAHDLATUL ULAMA KALIMANTAN SELATAN,KALIMANTAN SELATAN,7750000.0,BAIK,Loc_0-Type_0
UNIVERSITAS NAHDLATUL ULAMA KALIMANTAN TIMUR,KALIMANTAN TIMUR,8480000.0,BAIK,Loc_0-Type_0
UNIVERSITAS NAHDLATUL ULAMA KALIMANTAN TIMUR,KALIMANTAN TIMUR,8480000.0,BAIK,Loc_0-Type_0
UNIVERSITAS NAHDLATUL ULAMA KALIMANTAN TIMUR,KALIMANTAN TIMUR,8480000.0,BAIK,Loc_0-Type_0
UNIVERSITAS NAHDLATUL ULAMA KALIMANTAN TIMUR,KALIMANTAN TIMUR,8480000.0,BAIK,Loc_0-Type_0
UNIVERSITAS NAHDLATUL ULAMA KALIMANTAN TIMUR,KALIMANTAN TIMUR,8480000.0,BAIK,Loc_0-Type_0
UNIVERSITAS NAHDLATUL ULAMA KALIMANTAN TIMUR,KALIMANTAN TIMUR,8480000.0,BAIK,Loc_0-Type_0
UNIVERSITAS NAHDLATUL ULAMA KALIMANTAN TIMUR,KALIMANTAN TIMUR,8480000.0,BAIK,Loc_0-Type_0
UNIVERSITAS NAHDLATUL ULAMA KALIMANTAN TIMUR,KALIMANTAN TIMUR,8480000.0,BAIK,Loc_0-Type_0
UNIVERSITAS NAHDLATUL ULAMA KALIMANTAN TIMUR,KALIMANTAN TIMUR,8480000.0,BAIK,Loc_0-Type_0
UNIVERSITAS NAHDLATUL ULAMA KALIMANTAN TIMUR,KALIMANTAN TIMUR,8480000.0,BAIK,Loc_0-Type_0
UNIVERSITAS NAHDLATUL ULAMA LAMPUNG,LAMPUNG,6600000.0,BAIK,Loc_1-Type_0
UNIVERSITAS NAHDLATUL ULAMA LAMPUNG,LAMPUNG,6600000.0,BAIK,Loc_1-Type_0
UNIVERSITAS NAHDLATUL ULAMA LAMPUNG,LAMPUNG,6600000.0,BAIK,Loc_1-Type_0
UNIVERSITAS NAHDLATUL ULAMA LAMPUNG,LAMPUNG,6600000.0,BAIK,Loc_1-Type_0
UNIVERSITAS NAHDLATUL ULAMA LAMPUNG,LAMPUNG,6600000.0,BAIK,Loc_1-Type_0
UNIVERSITAS NAHDLATUL ULAMA LAMPUNG,LAMPUNG,6600000.0,BAIK,Loc_1-Type_0
UNIVERSITAS NAHDLATUL ULAMA LAMPUNG,LAMPUNG,6600000.0,BAIK,Loc_1-Type_0
UNIVERSITAS NAHDLATUL ULAMA LAMPUNG,LAMPUNG,6600000.0,BAIK,Loc_1-Type_0
UNIVERSITAS NAHDLATUL ULAMA LAMPUNG,LAMPUNG,6600000.0,BAIK,Loc_1-Type_0
UNIVERSITAS NAHDLATUL ULAMA LAMPUNG,LAMPUNG,6600000.0,BAIK,Loc_1-Type_0
UNIVERSITAS NAHDLATUL ULAMA LAMPUNG,LAMPUNG,6600000.0,BAIK,Loc_1-Type_0
UNIVERSITAS NAHDLATUL ULAMA LAMPUNG,LAMPUNG,6600000.0,BAIK,Loc_1-Type_0
UNIVERSITAS NAHDLATUL ULAMA MALUKU UTARA,MALUKU UTARA,6600000.0,BAIK,Loc_0-Type_0
UNIVERSITAS NAHDLATUL ULAMA MALUKU UTARA,MALUKU UTARA,6600000.0,BAIK,Loc_0-Type_0
UNIVERSITAS NAHDLATUL ULAMA MALUKU UTARA,MALUKU UTARA,6600000.0,BAIK,Loc_0-Type_0
UNIVERSITAS NAHDLATUL ULAMA NUSA TENGGARA BARAT,NUSA TENGGARA BARAT,8200000.0,BAIK SEKALI,Loc_0-Type_1
UNIVERSITAS NAHDLATUL ULAMA NUSA TENGGARA BARAT,NUSA TENGGARA BARAT,8200000.0,BAIK SEKALI,Loc_0-Type_1
UNIVERSITAS NAHDLATUL ULAMA NUSA TENGGARA BARAT,NUSA TENGGARA BARAT,8200000.0,BAIK SEKALI,Loc_0-Type_1
UNIVERSITAS NAHDLATUL ULAMA NUSA TENGGARA BARAT,NUSA TENGGARA BARAT,8200000.0,BAIK SEKALI,Loc_0-Type_1
UNIVERSITAS NAHDLATUL ULAMA NUSA TENGGARA BARAT,NUSA TENGGARA BARAT,8200000.0,BAIK SEKALI,Loc_0-Type_1
UNIVERSITAS NAHDLATUL ULAMA NUSA TENGGARA BARAT,NUSA TENGGARA BARAT,8200000.0,BAIK SEKALI,Loc_0-Type_1
UNIVERSITAS NAHDLATUL ULAMA NUSA TENGGARA BARAT,NUSA TENGGARA BARAT,8200000.0,BAIK SEKALI,Loc_0-Type_1
UNIVERSITAS NAHDLATUL ULAMA NUSA TENGGARA BARAT,NUSA TENGGARA BARAT,8200000.0,BAIK SEKALI,Loc_0-Type_1
UNIVERSITAS NAHDLATUL ULAMA PASURUAN,JAWA TIMUR,8750000.0,BAIK,Loc_5-Type_2
UNIVERSITAS NAHDLATUL ULAMA PASURUAN,JAWA TIMUR,8750000.0,BAIK,Loc_5-Type_2
UNIVERSITAS NAHDLATUL ULAMA PASURUAN,JAWA TIMUR,8750000.0,BAIK,Loc_5-Type_2
UNIVERSITAS NAHDLATUL ULAMA PASURUAN,JAWA TIMUR,8750000.0,BAIK,Loc_5-Type_2
UNIVERSITAS NAHDLATUL ULAMA PASURUAN,JAWA TIMUR,8750000.0,BAIK,Loc_5-Type_2
UNIVERSITAS NAHDLATUL ULAMA PASURUAN,JAWA TIMUR,8750000.0,BAIK,Loc_5-Type_2
UNIVERSITAS NAHDLATUL ULAMA PASURUAN,JAWA TIMUR,8750000.0,BAIK,Loc_5-Type_2
UNIVERSITAS NAHDLATUL ULAMA PURWOKERTO,JAWA TENGAH,6500000.0,BAIK,Loc_7-Type_0
UNIVERSITAS NAHDLATUL ULAMA PURWOKERTO,JAWA TENGAH,6500000.0,BAIK,Loc_7-Type_0
UNIVERSITAS NAHDLATUL ULAMA PURWOKERTO,JAWA TENGAH,6500000.0,BAIK,Loc_7-Type_0
UNIVERSITAS NAHDLATUL ULAMA PURWOKERTO,JAWA TENGAH,6500000.0,BAIK,Loc_7-Type_0
UNIVERSITAS NAHDLATUL ULAMA PURWOKERTO,JAWA TENGAH,6500000.0,BAIK,Loc_7-Type_0
UNIVERSITAS NAHDLATUL ULAMA PURWOKERTO,JAWA TENGAH,6500000.0,BAIK,Loc_7-Type_0
UNIVERSITAS NAHDLATUL ULAMA PURWOKERTO,JAWA TENGAH,6500000.0,BAIK,Loc_7-Type_0
UNIVERSITAS NAHDLATUL ULAMA PURWOKERTO,JAWA TENGAH,6500000.0,BAIK,Loc_7-Type_0
UNIVERSITAS NAHDLATUL ULAMA PURWOKERTO,JAWA TENGAH,6500000.0,BAIK,Loc_7-Type_0
UNIVERSITAS NAHDLATUL ULAMA PURWOKERTO,JAWA TENGAH,6500000.0,BAIK,Loc_7-Type_0
UNIVERSITAS NAHDLATUL ULAMA SIDOARJO,JAWA TIMUR,6000000.0,BAIK SEKALI,Loc_5-Type_1
UNIVERSITAS NAHDLATUL ULAMA SIDOARJO,JAWA TIMUR,6000000.0,BAIK SEKALI,Loc_5-Type_1
UNIVERSITAS NAHDLATUL ULAMA SIDOARJO,JAWA TIMUR,6000000.0,BAIK SEKALI,Loc_5-Type_1
UNIVERSITAS NAHDLATUL ULAMA SIDOARJO,JAWA TIMUR,6000000.0,BAIK SEKALI,Loc_5-Type_1
UNIVERSITAS NAHDLATUL ULAMA SIDOARJO,JAWA TIMUR,6000000.0,BAIK SEKALI,Loc_5-Type_1
UNIVERSITAS NAHDLATUL ULAMA SIDOARJO,JAWA TIMUR,6000000.0,BAIK SEKALI,Loc_5-Type_1
UNIVERSITAS NAHDLATUL ULAMA SIDOARJO,JAWA TIMUR,6000000.0,BAIK SEKALI,Loc_5-Type_1
UNIVERSITAS NAHDLATUL ULAMA SIDOARJO,JAWA TIMUR,6000000.0,BAIK SEKALI,Loc_5-Type_1
UNIVERSITAS NAHDLATUL ULAMA SIDOARJO,JAWA TIMUR,6000000.0,BAIK SEKALI,Loc_5-Type_1
UNIVERSITAS NAHDLATUL ULAMA SUMATERA BARAT,SUMATERA BARAT,4800000.0,BAIK,Loc_0-Type_0
UNIVERSITAS NAHDLATUL ULAMA SUMATERA BARAT,SUMATERA BARAT,4800000.0,BAIK,Loc_0-Type_0
UNIVERSITAS NAHDLATUL ULAMA SUMATERA BARAT,SUMATERA BARAT,4800000.0,BAIK,Loc_0-Type_0
UNIVERSITAS NAHDLATUL ULAMA SUMATERA BARAT,SUMATERA BARAT,4800000.0,BAIK,Loc_0-Type_0
UNIVERSITAS NAHDLATUL ULAMA SUMATERA BARAT,SUMATERA BARAT,4800000.0,BAIK,Loc_0-Type_0
UNIVERSITAS NAHDLATUL ULAMA SUMATERA BARAT,SUMATERA BARAT,4800000.0,BAIK,Loc_0-Type_0
UNIVERSITAS NAHDLATUL ULAMA SUMATERA BARAT,SUMATERA BARAT,4800000.0,BAIK,Loc_0-Type_0
UNIVERSITAS NAHDLATUL ULAMA SUMATERA UTARA,SUMATERA UTARA,4800000.0,BAIK,Loc_0-Type_0
UNIVERSITAS NAHDLATUL ULAMA SUMATERA UTARA,SUMATERA UTARA,4800000.0,BAIK,Loc_0-Type_0
UNIVERSITAS NAHDLATUL ULAMA SUMATERA UTARA,SUMATERA UTARA,4800000.0,BAIK,Loc_0-Type_0
UNIVERSITAS NAHDLATUL ULAMA SUMATERA UTARA,SUMATERA UTARA,4800000.0,BAIK,Loc_0-Type_0
UNIVERSITAS NAHDLATUL ULAMA SUMATERA UTARA,SUMATERA UTARA,4800000.0,BAIK,Loc_0-Type_0
UNIVERSITAS NAHDLATUL ULAMA SUMATERA UTARA,SUMATERA UTARA,4800000.0,BAIK,Loc_0-Type_0
UNIVERSITAS NAHDLATUL ULAMA SUMATERA UTARA,SUMATERA UTARA,4800000.0,BAIK,Loc_0-Type_0
UNIVERSITAS NAHDLATUL ULAMA SUMATERA UTARA,SUMATERA UTARA,4800000.0,BAIK,Loc_0-Type_0
UNIVERSITAS NAHDLATUL ULAMA SUNAN GIRI,JAWA TIMUR,8300000.0,BAIK SEKALI,Loc_5-Type_1
UNIVERSITAS NAHDLATUL ULAMA SUNAN GIRI,JAWA TIMUR,8300000.0,BAIK SEKALI,Loc_5-Type_1
UNIVERSITAS NAHDLATUL ULAMA SUNAN GIRI,JAWA TIMUR,8300000.0,BAIK SEKALI,Loc_5-Type_1
UNIVERSITAS NAHDLATUL ULAMA SUNAN GIRI,JAWA TIMUR,8300000.0,BAIK SEKALI,Loc_5-Type_1
UNIVERSITAS NAHDLATUL ULAMA SUNAN GIRI,JAWA TIMUR,8300000.0,BAIK SEKALI,Loc_5-Type_1
UNIVERSITAS NAHDLATUL ULAMA SUNAN GIRI,JAWA TIMUR,8300000.0,BAIK SEKALI,Loc_5-Type_1
UNIVERSITAS NAHDLATUL ULAMA SUNAN GIRI,JAWA TIMUR,8300000.0,BAIK SEKALI,Loc_5-Type_1
UNIVERSITAS NAHDLATUL ULAMA SUNAN GIRI,JAWA TIMUR,8300000.0,BAIK SEKALI,Loc_5-Type_1
UNIVERSITAS NAHDLATUL ULAMA SUNAN GIRI,JAWA TIMUR,8300000.0,BAIK SEKALI,Loc_5-Type_1
UNIVERSITAS NAHDLATUL ULAMA SURABAYA,JAWA TIMUR,47476000.0,UNGGUL,Loc_5-Type_0
UNIVERSITAS NAHDLATUL ULAMA SURABAYA,JAWA TIMUR,47476000.0,UNGGUL,Loc_5-Type_0
UNIVERSITAS NAHDLATUL ULAMA SURABAYA,JAWA TIMUR,47476000.0,UNGGUL,Loc_5-Type_0
UNIVERSITAS NAHDLATUL ULAMA SURABAYA,JAWA TIMUR,47476000.0,UNGGUL,Loc_5-Type_0
UNIVERSITAS NAHDLATUL ULAMA SURABAYA,JAWA TIMUR,47476000.0,UNGGUL,Loc_5-Type_0
UNIVERSITAS NAHDLATUL ULAMA SURABAYA,JAWA TIMUR,47476000.0,UNGGUL,Loc_5-Type_0
UNIVERSITAS NAHDLATUL ULAMA SURABAYA,JAWA TIMUR,47476000.0,UNGGUL,Loc_5-Type_0
UNIVERSITAS NAHDLATUL ULAMA SURABAYA,JAWA TIMUR,47476000.0,UNGGUL,Loc_5-Type_0
UNIVERSITAS NAHDLATUL ULAMA SURABAYA,JAWA TIMUR,47476000.0,UNGGUL,Loc_5-Type_0
UNIVERSITAS NAHDLATUL ULAMA SURABAYA,JAWA TIMUR,47476000.0,UNGGUL,Loc_5-Type_0
UNIVERSITAS NAHDLATUL ULAMA SURABAYA,JAWA TIMUR,47476000.0,UNGGUL,Loc_5-Type_0
UNIVERSITAS NAHDLATUL ULAMA SURAKARTA,JAWA TENGAH,6820000.0,BAIK SEKALI,Loc_7-Type_2
UNIVERSITAS NAHDLATUL ULAMA SURAKARTA,JAWA TENGAH,6820000.0,BAIK SEKALI,Loc_7-Type_2
UNIVERSITAS NAHDLATUL ULAMA SURAKARTA,JAWA TENGAH,6820000.0,BAIK SEKALI,Loc_7-Type_2
UNIVERSITAS NAHDLATUL ULAMA SURAKARTA,JAWA TENGAH,6820000.0,BAIK SEKALI,Loc_7-Type_2
UNIVERSITAS NAHDLATUL ULAMA YOGYAKARTA,D.I. YOGYAKARTA,12000000.0,BAIK,Loc_0-Type_0
UNIVERSITAS NAHDLATUL ULAMA YOGYAKARTA,D.I. YOGYAKARTA,12000000.0,BAIK,Loc_0-Type_0
UNIVERSITAS NAHDLATUL ULAMA YOGYAKARTA,D.I. YOGYAKARTA,12000000.0,BAIK,Loc_0-Type_0
UNIVERSITAS NAHDLATUL ULAMA YOGYAKARTA,D.I. YOGYAKARTA,12000000.0,BAIK,Loc_0-Type_0
UNIVERSITAS NAHDLATUL ULAMA YOGYAKARTA,D.I. YOGYAKARTA,12000000.0,BAIK,Loc_0-Type_0
UNIVERSITAS NAHDLATUL ULAMA YOGYAKARTA,D.I. YOGYAKARTA,12000000.0,BAIK,Loc_0-Type_0
UNIVERSITAS NAHDLATUL ULAMA YOGYAKARTA,D.I. YOGYAKARTA,12000000.0,BAIK,Loc_0-Type_0
UNIVERSITAS NAHDLATUL ULAMA YOGYAKARTA,D.I. YOGYAKARTA,12000000.0,BAIK,Loc_0-Type_0
UNIVERSITAS NAHDLATUL ULAMA YOGYAKARTA,D.I. YOGYAKARTA,12000000.0,BAIK,Loc_0-Type_0
UNIVERSITAS NAHDLATUL WATHAN MATARAM,NUSA TENGGARA BARAT,8000000.0,BAIK SEKALI,Loc_0-Type_1
UNIVERSITAS NAHDLATUL WATHAN MATARAM,NUSA TENGGARA BARAT,8000000.0,BAIK SEKALI,Loc_0-Type_1
UNIVERSITAS NAHDLATUL WATHAN MATARAM,NUSA TENGGARA BARAT,8000000.0,BAIK SEKALI,Loc_0-Type_1
UNIVERSITAS NAHDLATUL WATHAN MATARAM,NUSA TENGGARA BARAT,8000000.0,BAIK SEKALI,Loc_0-Type_1
UNIVERSITAS NAHDLATUL WATHAN MATARAM,NUSA TENGGARA BARAT,8000000.0,BAIK SEKALI,Loc_0-Type_1
UNIVERSITAS NAHDLATUL WATHAN MATARAM,NUSA TENGGARA BARAT,8000000.0,BAIK SEKALI,Loc_0-Type_1
UNIVERSITAS NAHDLATUL WATHAN MATARAM,NUSA TENGGARA BARAT,8000000.0,BAIK SEKALI,Loc_0-Type_1
UNIVERSITAS NAHDLATUL WATHAN MATARAM,NUSA TENGGARA BARAT,8000000.0,BAIK SEKALI,Loc_0-Type_1
UNIVERSITAS NAHDLATUL WATHAN MATARAM,NUSA TENGGARA BARAT,8000000.0,BAIK SEKALI,Loc_0-Type_1
UNIVERSITAS NAHDLATUL WATHAN MATARAM,NUSA TENGGARA BARAT,8000000.0,BAIK SEKALI,Loc_0-Type_1
UNIVERSITAS NAHDLATUL WATHAN MATARAM,NUSA TENGGARA BARAT,8000000.0,BAIK SEKALI,Loc_0-Type_1
UNIVERSITAS NAHDLATUL WATHAN MATARAM,NUSA TENGGARA BARAT,8000000.0,BAIK SEKALI,Loc_0-Type_1
UNIVERSITAS NAHDLATUL WATHAN MATARAM,NUSA TENGGARA BARAT,8000000.0,BAIK SEKALI,Loc_0-Type_1
UNIVERSITAS NANI BILI NUSANTARA,PAPUA BARAT,4000000.0,BAIK,Loc_2-Type_1
UNIVERSITAS NANI BILI NUSANTARA,PAPUA BARAT,4000000.0,BAIK,Loc_2-Type_1
UNIVERSITAS NANI BILI NUSANTARA,PAPUA BARAT,4000000.0,BAIK,Loc_2-Type_1
UNIVERSITAS NANI BILI NUSANTARA,PAPUA BARAT,4000000.0,BAIK,Loc_2-Type_1
UNIVERSITAS NANI BILI NUSANTARA,PAPUA BARAT,4000000.0,BAIK,Loc_2-Type_1
UNIVERSITAS NANI BILI NUSANTARA,PAPUA BARAT,4000000.0,BAIK,Loc_2-Type_1
UNIVERSITAS NANI BILI NUSANTARA,PAPUA BARAT,4000000.0,BAIK,Loc_2-Type_1
UNIVERSITAS NANI BILI NUSANTARA,PAPUA BARAT,4000000.0,BAIK,Loc_2-Type_1
UNIVERSITAS NANI BILI NUSANTARA,PAPUA BARAT,4000000.0,BAIK,Loc_2-Type_1
UNIVERSITAS NANI BILI NUSANTARA,PAPUA BARAT,4000000.0,BAIK,Loc_2-Type_1
UNIVERSITAS NAROTAMA,JAWA TIMUR,14100000.0,B,Loc_5-Type_0
UNIVERSITAS NAROTAMA,JAWA TIMUR,14100000.0,B,Loc_5-Type_0
UNIVERSITAS NAROTAMA,JAWA TIMUR,14100000.0,B,Loc_5-Type_0
UNIVERSITAS NAROTAMA,JAWA TIMUR,14100000.0,B,Loc_5-Type_0
UNIVERSITAS NAROTAMA,JAWA TIMUR,14100000.0,B,Loc_5-Type_0
UNIVERSITAS NAROTAMA,JAWA TIMUR,14100000.0,B,Loc_5-Type_0
UNIVERSITAS NAROTAMA,JAWA TIMUR,14100000.0,B,Loc_5-Type_0
UNIVERSITAS NAROTAMA,JAWA TIMUR,14100000.0,B,Loc_5-Type_0
UNIVERSITAS NAROTAMA,JAWA TIMUR,14100000.0,B,Loc_5-Type_0
UNIVERSITAS NASIONAL,D.K.I. JAKARTA,25501000.0,A,Loc_4-Type_1
UNIVERSITAS NASIONAL,D.K.I. JAKARTA,25501000.0,A,Loc_4-Type_1
UNIVERSITAS NASIONAL,D.K.I. JAKARTA,25501000.0,A,Loc_4-Type_1
UNIVERSITAS NASIONAL,D.K.I. JAKARTA,25501000.0,A,Loc_4-Type_1
UNIVERSITAS NASIONAL,D.K.I. JAKARTA,25501000.0,A,Loc_4-Type_1
UNIVERSITAS NASIONAL,D.K.I. JAKARTA,25501000.0,A,Loc_4-Type_1
UNIVERSITAS NASIONAL,D.K.I. JAKARTA,25501000.0,A,Loc_4-Type_1
UNIVERSITAS NASIONAL,D.K.I. JAKARTA,25501000.0,A,Loc_4-Type_1
UNIVERSITAS NASIONAL,D.K.I. JAKARTA,25501000.0,A,Loc_4-Type_1
UNIVERSITAS NASIONAL,D.K.I. JAKARTA,25501000.0,A,Loc_4-Type_1
UNIVERSITAS NASIONAL,D.K.I. JAKARTA,25501000.0,A,Loc_4-Type_1
UNIVERSITAS NASIONAL,D.K.I. JAKARTA,25501000.0,A,Loc_4-Type_1
UNIVERSITAS NASIONAL,D.K.I. JAKARTA,25501000.0,A,Loc_4-Type_1
UNIVERSITAS NASIONAL,D.K.I. JAKARTA,25501000.0,A,Loc_4-Type_1
UNIVERSITAS NASIONAL,D.K.I. JAKARTA,25501000.0,A,Loc_4-Type_1
UNIVERSITAS NASIONAL,D.K.I. JAKARTA,25501000.0,A,Loc_4-Type_1
UNIVERSITAS NASIONAL,D.K.I. JAKARTA,25501000.0,A,Loc_4-Type_1
UNIVERSITAS NASIONAL,D.K.I. JAKARTA,25501000.0,A,Loc_4-Type_1
UNIVERSITAS NASIONAL,D.K.I. JAKARTA,25501000.0,A,Loc_4-Type_1
UNIVERSITAS NASIONAL,D.K.I. JAKARTA,25501000.0,A,Loc_4-Type_1
UNIVERSITAS NASIONAL,D.K.I. JAKARTA,25501000.0,A,Loc_4-Type_1
UNIVERSITAS NASIONAL,D.K.I. JAKARTA,25501000.0,A,Loc_4-Type_1
UNIVERSITAS NASIONAL,D.K.I. JAKARTA,25501000.0,A,Loc_4-Type_1
UNIVERSITAS NASIONAL,D.K.I. JAKARTA,25501000.0,A,Loc_4-Type_1
UNIVERSITAS NASIONAL,D.K.I. JAKARTA,25501000.0,A,Loc_4-Type_1
UNIVERSITAS NASIONAL,D.K.I. JAKARTA,25501000.0,A,Loc_4-Type_1
UNIVERSITAS NASIONAL KARANGTURI SEMARANG,JAWA TENGAH,9200000.0,BAIK,Loc_7-Type_0
UNIVERSITAS NASIONAL KARANGTURI SEMARANG,JAWA TENGAH,9200000.0,BAIK,Loc_7-Type_0
UNIVERSITAS NASIONAL KARANGTURI SEMARANG,JAWA TENGAH,9200000.0,BAIK,Loc_7-Type_0
UNIVERSITAS NASIONAL KARANGTURI SEMARANG,JAWA TENGAH,9200000.0,BAIK,Loc_7-Type_0
UNIVERSITAS NASIONAL KARANGTURI SEMARANG,JAWA TENGAH,9200000.0,BAIK,Loc_7-Type_0
UNIVERSITAS NASIONAL KARANGTURI SEMARANG,JAWA TENGAH,9200000.0,BAIK,Loc_7-Type_0
UNIVERSITAS NASIONAL PASIM,JAWA BARAT,3600000.0,BAIK,Loc_8-Type_2
UNIVERSITAS NASIONAL PASIM,JAWA BARAT,3600000.0,BAIK,Loc_8-Type_2
UNIVERSITAS NASIONAL PASIM,JAWA BARAT,3600000.0,BAIK,Loc_8-Type_2
UNIVERSITAS NASIONAL PASIM,JAWA BARAT,3600000.0,BAIK,Loc_8-Type_2
UNIVERSITAS NASIONAL PASIM,JAWA BARAT,3600000.0,BAIK,Loc_8-Type_2
UNIVERSITAS NAZHATUT THULLAB AL-MUAFA SAMPANG,JAWA TIMUR,15200000.0,BAIK,Loc_5-Type_2
UNIVERSITAS NAZHATUT THULLAB AL-MUAFA SAMPANG,JAWA TIMUR,15200000.0,BAIK,Loc_5-Type_2
UNIVERSITAS NAZHATUT THULLAB AL-MUAFA SAMPANG,JAWA TIMUR,15200000.0,BAIK,Loc_5-Type_2
UNIVERSITAS NAZHATUT THULLAB AL-MUAFA SAMPANG,JAWA TIMUR,15200000.0,BAIK,Loc_5-Type_2
UNIVERSITAS NGGUSUWARU,NUSA TENGGARA BARAT,6400000.0,BAIK,Loc_0-Type_0
UNIVERSITAS NGGUSUWARU,NUSA TENGGARA BARAT,6400000.0,BAIK,Loc_0-Type_0
UNIVERSITAS NGGUSUWARU,NUSA TENGGARA BARAT,6400000.0,BAIK,Loc_0-Type_0
UNIVERSITAS NGGUSUWARU,NUSA TENGGARA BARAT,6400000.0,BAIK,Loc_0-Type_0
UNIVERSITAS NGGUSUWARU,NUSA TENGGARA BARAT,6400000.0,BAIK,Loc_0-Type_0
UNIVERSITAS NGGUSUWARU,NUSA TENGGARA BARAT,6400000.0,BAIK,Loc_0-Type_0
UNIVERSITAS NGGUSUWARU,NUSA TENGGARA BARAT,6400000.0,BAIK,Loc_0-Type_0
UNIVERSITAS NGGUSUWARU,NUSA TENGGARA BARAT,6400000.0,BAIK,Loc_0-Type_0
UNIVERSITAS NGGUSUWARU,NUSA TENGGARA BARAT,6400000.0,BAIK,Loc_0-Type_0
UNIVERSITAS NGGUSUWARU,NUSA TENGGARA BARAT,6400000.0,BAIK,Loc_0-Type_0
UNIVERSITAS NGGUSUWARU,NUSA TENGGARA BARAT,6400000.0,BAIK,Loc_0-Type_0
UNIVERSITAS NGGUSUWARU,NUSA TENGGARA BARAT,6400000.0,BAIK,Loc_0-Type_0
UNIVERSITAS NGUDI WALUYO,JAWA TENGAH,31600000.0,BAIK SEKALI,Loc_7-Type_2
UNIVERSITAS NGUDI WALUYO,JAWA TENGAH,31600000.0,BAIK SEKALI,Loc_7-Type_2
UNIVERSITAS NGUDI WALUYO,JAWA TENGAH,31600000.0,BAIK SEKALI,Loc_7-Type_2
UNIVERSITAS NGUDI WALUYO,JAWA TENGAH,31600000.0,BAIK SEKALI,Loc_7-Type_2
UNIVERSITAS NGUDI WALUYO,JAWA TENGAH,31600000.0,BAIK SEKALI,Loc_7-Type_2
UNIVERSITAS NGUDI WALUYO,JAWA TENGAH,31600000.0,BAIK SEKALI,Loc_7-Type_2
UNIVERSITAS NGUDI WALUYO,JAWA TENGAH,31600000.0,BAIK SEKALI,Loc_7-Type_2
UNIVERSITAS NGUDI WALUYO,JAWA TENGAH,31600000.0,BAIK SEKALI,Loc_7-Type_2
UNIVERSITAS NGUDI WALUYO,JAWA TENGAH,31600000.0,BAIK SEKALI,Loc_7-Type_2
UNIVERSITAS NGUDI WALUYO,JAWA TENGAH,31600000.0,BAIK SEKALI,Loc_7-Type_2
UNIVERSITAS NGUDI WALUYO,JAWA TENGAH,31600000.0,BAIK SEKALI,Loc_7-Type_2
UNIVERSITAS NGUDI WALUYO,JAWA TENGAH,31600000.0,BAIK SEKALI,Loc_7-Type_2
UNIVERSITAS NGUDI WALUYO,JAWA TENGAH,31600000.0,BAIK SEKALI,Loc_7-Type_2
UNIVERSITAS NGURAH RAI,BALI,6900000.0,BAIK SEKALI,Loc_0-Type_1
UNIVERSITAS NGURAH RAI,BALI,6900000.0,BAIK SEKALI,Loc_0-Type_1
UNIVERSITAS NGURAH RAI,BALI,6900000.0,BAIK SEKALI,Loc_0-Type_1
UNIVERSITAS NGURAH RAI,BALI,6900000.0,BAIK SEKALI,Loc_0-Type_1
UNIVERSITAS NGURAH RAI,BALI,6900000.0,BAIK SEKALI,Loc_0-Type_1
UNIVERSITAS NGURAH RAI,BALI,6900000.0,BAIK SEKALI,Loc_0-Type_1
UNIVERSITAS NGURAH RAI,BALI,6900000.0,BAIK SEKALI,Loc_0-Type_1
UNIVERSITAS NIAS,SUMATERA UTARA,4500000.0,BAIK,Loc_0-Type_0
UNIVERSITAS NIAS,SUMATERA UTARA,4500000.0,BAIK,Loc_0-Type_0
UNIVERSITAS NIAS,SUMATERA UTARA,4500000.0,BAIK,Loc_0-Type_0
UNIVERSITAS NIAS,SUMATERA UTARA,4500000.0,BAIK,Loc_0-Type_0
UNIVERSITAS NIAS,SUMATERA UTARA,4500000.0,BAIK,Loc_0-Type_0
UNIVERSITAS NIAS,SUMATERA UTARA,4500000.0,BAIK,Loc_0-Type_0
UNIVERSITAS NIAS,SUMATERA UTARA,4500000.0,BAIK,Loc_0-Type_0
UNIVERSITAS NIAS,SUMATERA UTARA,4500000.0,BAIK,Loc_0-Type_0
UNIVERSITAS NIAS,SUMATERA UTARA,4500000.0,BAIK,Loc_0-Type_0
UNIVERSITAS NIAS,SUMATERA UTARA,4500000.0,BAIK,Loc_0-Type_0
UNIVERSITAS NIAS,SUMATERA UTARA,4500000.0,BAIK,Loc_0-Type_0
UNIVERSITAS NIAS RAYA,SUMATERA UTARA,2150000.0,BAIK SEKALI,Loc_0-Type_1
UNIVERSITAS NIAS RAYA,SUMATERA UTARA,2150000.0,BAIK SEKALI,Loc_0-Type_1
UNIVERSITAS NIAS RAYA,SUMATERA UTARA,2150000.0,BAIK SEKALI,Loc_0-Type_1
UNIVERSITAS NIAS RAYA,SUMATERA UTARA,2150000.0,BAIK SEKALI,Loc_0-Type_1
UNIVERSITAS NIAS RAYA,SUMATERA UTARA,2150000.0,BAIK SEKALI,Loc_0-Type_1
UNIVERSITAS NIAS RAYA,SUMATERA UTARA,2150000.0,BAIK SEKALI,Loc_0-Type_1
UNIVERSITAS NIAS RAYA,SUMATERA UTARA,2150000.0,BAIK SEKALI,Loc_0-Type_1
UNIVERSITAS NIAS RAYA,SUMATERA UTARA,2150000.0,BAIK SEKALI,Loc_0-Type_1
UNIVERSITAS NIAS RAYA,SUMATERA UTARA,2150000.0,BAIK SEKALI,Loc_0-Type_1
UNIVERSITAS NOOR HUDA MUSTOFA,JAWA TIMUR,12400000.0,B,Loc_5-Type_0
UNIVERSITAS NOOR HUDA MUSTOFA,JAWA TIMUR,12400000.0,B,Loc_5-Type_0
UNIVERSITAS NOOR HUDA MUSTOFA,JAWA TIMUR,12400000.0,B,Loc_5-Type_0
UNIVERSITAS NOOR HUDA MUSTOFA,JAWA TIMUR,12400000.0,B,Loc_5-Type_0
UNIVERSITAS NOOR HUDA MUSTOFA,JAWA TIMUR,12400000.0,B,Loc_5-Type_0
UNIVERSITAS NOOR HUDA MUSTOFA,JAWA TIMUR,12400000.0,B,Loc_5-Type_0
UNIVERSITAS NUKU,MALUKU UTARA,2250000.0,BAIK,Loc_0-Type_0
UNIVERSITAS NUKU,MALUKU UTARA,2250000.0,BAIK,Loc_0-Type_0
UNIVERSITAS NUKU,MALUKU UTARA,2250000.0,BAIK,Loc_0-Type_0
UNIVERSITAS NUKU,MALUKU UTARA,2250000.0,BAIK,Loc_0-Type_0
UNIVERSITAS NUKU,MALUKU UTARA,2250000.0,BAIK,Loc_0-Type_0
UNIVERSITAS NUKU,MALUKU UTARA,2250000.0,BAIK,Loc_0-Type_0
UNIVERSITAS NUKU,MALUKU UTARA,2250000.0,BAIK,Loc_0-Type_0
UNIVERSITAS NUKU,MALUKU UTARA,2250000.0,BAIK,Loc_0-Type_0
UNIVERSITAS NUKU,MALUKU UTARA,2250000.0,BAIK,Loc_0-Type_0
UNIVERSITAS NURDIN HAMZAH,JAMBI,10000000.0,BAIK,Loc_0-Type_0
UNIVERSITAS NURDIN HAMZAH,JAMBI,10000000.0,BAIK,Loc_0-Type_0
UNIVERSITAS NURDIN HAMZAH,JAMBI,10000000.0,BAIK,Loc_0-Type_0
UNIVERSITAS NURDIN HAMZAH,JAMBI,10000000.0,BAIK,Loc_0-Type_0
UNIVERSITAS NURDIN HAMZAH,JAMBI,10000000.0,BAIK,Loc_0-Type_0
UNIVERSITAS NURUL HASANAH KUTACANE,ACEH,4400000.0,BAIK,Loc_0-Type_0
UNIVERSITAS NURUL HASANAH KUTACANE,ACEH,4400000.0,BAIK,Loc_0-Type_0
UNIVERSITAS NURUL HASANAH KUTACANE,ACEH,4400000.0,BAIK,Loc_0-Type_0
UNIVERSITAS NURUL HASANAH KUTACANE,ACEH,4400000.0,BAIK,Loc_0-Type_0
UNIVERSITAS NURUL HASANAH KUTACANE,ACEH,4400000.0,BAIK,Loc_0-Type_0
UNIVERSITAS NURUL HASANAH KUTACANE,ACEH,4400000.0,BAIK,Loc_0-Type_0
UNIVERSITAS NURUL HUDA,SUMATERA SELATAN,7120000.0,BAIK,Loc_0-Type_0
UNIVERSITAS NURUL HUDA,SUMATERA SELATAN,7120000.0,BAIK,Loc_0-Type_0
UNIVERSITAS NURUL HUDA,SUMATERA SELATAN,7120000.0,BAIK,Loc_0-Type_0
UNIVERSITAS NURUL HUDA,SUMATERA SELATAN,7120000.0,BAIK,Loc_0-Type_0
UNIVERSITAS NURUL HUDA,SUMATERA SELATAN,7120000.0,BAIK,Loc_0-Type_0
UNIVERSITAS NURUL HUDA,SUMATERA SELATAN,7120000.0,BAIK,Loc_0-Type_0
UNIVERSITAS NURUL JADID,JAWA TIMUR,14100000.0,BAIK SEKALI,Loc_5-Type_1
UNIVERSITAS NURUL JADID,JAWA TIMUR,14100000.0,BAIK SEKALI,Loc_5-Type_1
UNIVERSITAS NURUL JADID,JAWA TIMUR,14100000.0,BAIK SEKALI,Loc_5-Type_1
UNIVERSITAS NURUL JADID,JAWA TIMUR,14100000.0,BAIK SEKALI,Loc_5-Type_1
UNIVERSITAS NURUL JADID,JAWA TIMUR,14100000.0,BAIK SEKALI,Loc_5-Type_1
UNIVERSITAS NURUL JADID,JAWA TIMUR,14100000.0,BAIK SEKALI,Loc_5-Type_1
UNIVERSITAS NURUL JADID,JAWA TIMUR,14100000.0,BAIK SEKALI,Loc_5-Type_1
UNIVERSITAS NURUL JADID,JAWA TIMUR,14100000.0,BAIK SEKALI,Loc_5-Type_1
UNIVERSITAS NURUL JADID,JAWA TIMUR,14100000.0,BAIK SEKALI,Loc_5-Type_1
UNIVERSITAS NUSA BANGSA,JAWA BARAT,7550000.0,BAIK,Loc_8-Type_2
UNIVERSITAS NUSA BANGSA,JAWA BARAT,7550000.0,BAIK,Loc_8-Type_2
UNIVERSITAS NUSA BANGSA,JAWA BARAT,7550000.0,BAIK,Loc_8-Type_2
UNIVERSITAS NUSA BANGSA,JAWA BARAT,7550000.0,BAIK,Loc_8-Type_2
UNIVERSITAS NUSA BANGSA,JAWA BARAT,7550000.0,BAIK,Loc_8-Type_2
UNIVERSITAS NUSA BANGSA,JAWA BARAT,7550000.0,BAIK,Loc_8-Type_2
UNIVERSITAS NUSA BANGSA,JAWA BARAT,7550000.0,BAIK,Loc_8-Type_2
UNIVERSITAS NUSA MANDIRI,D.K.I. JAKARTA,23000000.0,B,Loc_4-Type_1
UNIVERSITAS NUSA MANDIRI,D.K.I. JAKARTA,23000000.0,B,Loc_4-Type_1
UNIVERSITAS NUSA MANDIRI,D.K.I. JAKARTA,23000000.0,B,Loc_4-Type_1
UNIVERSITAS NUSA MANDIRI,D.K.I. JAKARTA,23000000.0,B,Loc_4-Type_1
UNIVERSITAS NUSA MANDIRI,D.K.I. JAKARTA,23000000.0,B,Loc_4-Type_1
UNIVERSITAS NUSA MANDIRI,D.K.I. JAKARTA,23000000.0,B,Loc_4-Type_1
UNIVERSITAS NUSA MANDIRI,D.K.I. JAKARTA,23000000.0,B,Loc_4-Type_1
UNIVERSITAS NUSA MEGARKENCANA,D.I. YOGYAKARTA,36200000.0,B,Loc_0-Type_2
UNIVERSITAS NUSA MEGARKENCANA,D.I. YOGYAKARTA,36200000.0,B,Loc_0-Type_2
UNIVERSITAS NUSA MEGARKENCANA,D.I. YOGYAKARTA,36200000.0,B,Loc_0-Type_2
UNIVERSITAS NUSA MEGARKENCANA,D.I. YOGYAKARTA,36200000.0,B,Loc_0-Type_2
UNIVERSITAS NUSA MEGARKENCANA,D.I. YOGYAKARTA,36200000.0,B,Loc_0-Type_2
UNIVERSITAS NUSA NIPA,NUSA TENGGARA TIMUR,6220000.0,BAIK SEKALI,Loc_0-Type_1
UNIVERSITAS NUSA NIPA,NUSA TENGGARA TIMUR,6220000.0,BAIK SEKALI,Loc_0-Type_1
UNIVERSITAS NUSA NIPA,NUSA TENGGARA TIMUR,6220000.0,BAIK SEKALI,Loc_0-Type_1
UNIVERSITAS NUSA NIPA,NUSA TENGGARA TIMUR,6220000.0,BAIK SEKALI,Loc_0-Type_1
UNIVERSITAS NUSA NIPA,NUSA TENGGARA TIMUR,6220000.0,BAIK SEKALI,Loc_0-Type_1
UNIVERSITAS NUSA NIPA,NUSA TENGGARA TIMUR,6220000.0,BAIK SEKALI,Loc_0-Type_1
UNIVERSITAS NUSA NIPA,NUSA TENGGARA TIMUR,6220000.0,BAIK SEKALI,Loc_0-Type_1
UNIVERSITAS NUSA NIPA,NUSA TENGGARA TIMUR,6220000.0,BAIK SEKALI,Loc_0-Type_1
UNIVERSITAS NUSA NIPA,NUSA TENGGARA TIMUR,6220000.0,BAIK SEKALI,Loc_0-Type_1
UNIVERSITAS NUSA NIPA,NUSA TENGGARA TIMUR,6220000.0,BAIK SEKALI,Loc_0-Type_1
UNIVERSITAS NUSA NIPA,NUSA TENGGARA TIMUR,6220000.0,BAIK SEKALI,Loc_0-Type_1
UNIVERSITAS NUSA NIPA,NUSA TENGGARA TIMUR,6220000.0,BAIK SEKALI,Loc_0-Type_1
UNIVERSITAS NUSA NIPA,NUSA TENGGARA TIMUR,6220000.0,BAIK SEKALI,Loc_0-Type_1
UNIVERSITAS NUSA NIPA,NUSA TENGGARA TIMUR,6220000.0,BAIK SEKALI,Loc_0-Type_1
UNIVERSITAS NUSA NIPA,NUSA TENGGARA TIMUR,6220000.0,BAIK SEKALI,Loc_0-Type_1
UNIVERSITAS NUSA NIPA,NUSA TENGGARA TIMUR,6220000.0,BAIK SEKALI,Loc_0-Type_1
UNIVERSITAS NUSA NIPA,NUSA TENGGARA TIMUR,6220000.0,BAIK SEKALI,Loc_0-Type_1
UNIVERSITAS NUSA NIPA,NUSA TENGGARA TIMUR,6220000.0,BAIK SEKALI,Loc_0-Type_1
UNIVERSITAS NUSA NIPA,NUSA TENGGARA TIMUR,6220000.0,BAIK SEKALI,Loc_0-Type_1
UNIVERSITAS NUSA NIPA,NUSA TENGGARA TIMUR,6220000.0,BAIK SEKALI,Loc_0-Type_1
UNIVERSITAS NUSA PUTRA,JAWA BARAT,7600000.0,UNGGUL,Loc_8-Type_2
UNIVERSITAS NUSA PUTRA,JAWA BARAT,7600000.0,UNGGUL,Loc_8-Type_2
UNIVERSITAS NUSA PUTRA,JAWA BARAT,7600000.0,UNGGUL,Loc_8-Type_2
UNIVERSITAS NUSA PUTRA,JAWA BARAT,7600000.0,UNGGUL,Loc_8-Type_2
UNIVERSITAS NUSA PUTRA,JAWA BARAT,7600000.0,UNGGUL,Loc_8-Type_2
UNIVERSITAS NUSA PUTRA,JAWA BARAT,7600000.0,UNGGUL,Loc_8-Type_2
UNIVERSITAS NUSA PUTRA,JAWA BARAT,7600000.0,UNGGUL,Loc_8-Type_2
UNIVERSITAS NUSA PUTRA,JAWA BARAT,7600000.0,UNGGUL,Loc_8-Type_2
UNIVERSITAS NUSA PUTRA,JAWA BARAT,7600000.0,UNGGUL,Loc_8-Type_2
UNIVERSITAS NUSA PUTRA,JAWA BARAT,7600000.0,UNGGUL,Loc_8-Type_2
UNIVERSITAS NUSANTARA MANADO,SULAWESI UTARA,5835000.0,BAIK,Loc_0-Type_0
UNIVERSITAS NUSANTARA MANADO,SULAWESI UTARA,5835000.0,BAIK,Loc_0-Type_0
UNIVERSITAS NUSANTARA MANADO,SULAWESI UTARA,5835000.0,BAIK,Loc_0-Type_0
UNIVERSITAS NUSANTARA MANADO,SULAWESI UTARA,5835000.0,BAIK,Loc_0-Type_0
UNIVERSITAS NUSANTARA MANADO,SULAWESI UTARA,5835000.0,BAIK,Loc_0-Type_0
UNIVERSITAS NUSANTARA MANADO,SULAWESI UTARA,5835000.0,BAIK,Loc_0-Type_0
UNIVERSITAS NUSANTARA PGRI KEDIRI,JAWA TIMUR,7800000.0,BAIK SEKALI,Loc_5-Type_1
UNIVERSITAS NUSANTARA PGRI KEDIRI,JAWA TIMUR,7800000.0,BAIK SEKALI,Loc_5-Type_1
UNIVERSITAS NUSANTARA PGRI KEDIRI,JAWA TIMUR,7800000.0,BAIK SEKALI,Loc_5-Type_1
UNIVERSITAS NUSANTARA PGRI KEDIRI,JAWA TIMUR,7800000.0,BAIK SEKALI,Loc_5-Type_1
UNIVERSITAS NUSANTARA PGRI KEDIRI,JAWA TIMUR,7800000.0,BAIK SEKALI,Loc_5-Type_1
UNIVERSITAS NUSANTARA PGRI KEDIRI,JAWA TIMUR,7800000.0,BAIK SEKALI,Loc_5-Type_1
UNIVERSITAS NUSANTARA PGRI KEDIRI,JAWA TIMUR,7800000.0,BAIK SEKALI,Loc_5-Type_1
UNIVERSITAS NUSANTARA PGRI KEDIRI,JAWA TIMUR,7800000.0,BAIK SEKALI,Loc_5-Type_1
UNIVERSITAS NUSANTARA PGRI KEDIRI,JAWA TIMUR,7800000.0,BAIK SEKALI,Loc_5-Type_1
UNIVERSITAS NUSANTARA PGRI KEDIRI,JAWA TIMUR,7800000.0,BAIK SEKALI,Loc_5-Type_1
UNIVERSITAS NUSANTARA PGRI KEDIRI,JAWA TIMUR,7800000.0,BAIK SEKALI,Loc_5-Type_1
UNIVERSITAS NUSANTARA PGRI KEDIRI,JAWA TIMUR,7800000.0,BAIK SEKALI,Loc_5-Type_1
UNIVERSITAS NUSANTARA PGRI KEDIRI,JAWA TIMUR,7800000.0,BAIK SEKALI,Loc_5-Type_1
UNIVERSITAS NUSANTARA PGRI KEDIRI,JAWA TIMUR,7800000.0,BAIK SEKALI,Loc_5-Type_1
UNIVERSITAS NUSANTARA PGRI KEDIRI,JAWA TIMUR,7800000.0,BAIK SEKALI,Loc_5-Type_1
UNIVERSITAS NUSANTARA PGRI KEDIRI,JAWA TIMUR,7800000.0,BAIK SEKALI,Loc_5-Type_1
UNIVERSITAS NUSANTARA PGRI KEDIRI,JAWA TIMUR,7800000.0,BAIK SEKALI,Loc_5-Type_1
UNIVERSITAS NUSANTARA PGRI KEDIRI,JAWA TIMUR,7800000.0,BAIK SEKALI,Loc_5-Type_1
UNIVERSITAS OSO,KALIMANTAN BARAT,6400000.0,BAIK,Loc_6-Type_2
UNIVERSITAS OSO,KALIMANTAN BARAT,6400000.0,BAIK,Loc_6-Type_2
UNIVERSITAS OSO,KALIMANTAN BARAT,6400000.0,BAIK,Loc_6-Type_2
UNIVERSITAS OSO,KALIMANTAN BARAT,6400000.0,BAIK,Loc_6-Type_2
UNIVERSITAS OSO,KALIMANTAN BARAT,6400000.0,BAIK,Loc_6-Type_2
UNIVERSITAS OTTOW GEISSLER,PAPUA,12000000.0,BAIK,Loc_9-Type_2
UNIVERSITAS OTTOW GEISSLER,PAPUA,12000000.0,BAIK,Loc_9-Type_2
UNIVERSITAS OTTOW GEISSLER,PAPUA,12000000.0,BAIK,Loc_9-Type_2
UNIVERSITAS OTTOW GEISSLER,PAPUA,12000000.0,BAIK,Loc_9-Type_2
UNIVERSITAS OTTOW GEISSLER,PAPUA,12000000.0,BAIK,Loc_9-Type_2
UNIVERSITAS OTTOW GEISSLER,PAPUA,12000000.0,BAIK,Loc_9-Type_2
UNIVERSITAS OTTOW GEISSLER,PAPUA,12000000.0,BAIK,Loc_9-Type_2
UNIVERSITAS OTTOW GEISSLER,PAPUA,12000000.0,BAIK,Loc_9-Type_2
UNIVERSITAS OTTOW GEISSLER,PAPUA,12000000.0,BAIK,Loc_9-Type_2
UNIVERSITAS OTTOW GEISSLER,PAPUA,12000000.0,BAIK,Loc_9-Type_2
UNIVERSITAS PAKUAN,JAWA BARAT,35000006.0,B,Loc_8-Type_0
UNIVERSITAS PAKUAN,JAWA BARAT,35000006.0,B,Loc_8-Type_0
UNIVERSITAS PAKUAN,JAWA BARAT,35000006.0,B,Loc_8-Type_0
UNIVERSITAS PAKUAN,JAWA BARAT,35000006.0,B,Loc_8-Type_0
UNIVERSITAS PAKUAN,JAWA BARAT,35000006.0,B,Loc_8-Type_0
UNIVERSITAS PAKUAN,JAWA BARAT,35000006.0,B,Loc_8-Type_0
UNIVERSITAS PAKUAN,JAWA BARAT,35000006.0,B,Loc_8-Type_0
UNIVERSITAS PAKUAN,JAWA BARAT,35000006.0,B,Loc_8-Type_0
UNIVERSITAS PAKUAN,JAWA BARAT,35000006.0,B,Loc_8-Type_0
UNIVERSITAS PAKUAN,JAWA BARAT,35000006.0,B,Loc_8-Type_0
UNIVERSITAS PAKUAN,JAWA BARAT,35000006.0,B,Loc_8-Type_0
UNIVERSITAS PAKUAN,JAWA BARAT,35000006.0,B,Loc_8-Type_0
UNIVERSITAS PAKUAN,JAWA BARAT,35000006.0,B,Loc_8-Type_0
UNIVERSITAS PAKUAN,JAWA BARAT,35000006.0,B,Loc_8-Type_0
UNIVERSITAS PAKUAN,JAWA BARAT,35000006.0,B,Loc_8-Type_0
UNIVERSITAS PAKUAN,JAWA BARAT,35000006.0,B,Loc_8-Type_0
UNIVERSITAS PAKUAN,JAWA BARAT,35000006.0,B,Loc_8-Type_0
UNIVERSITAS PAKUAN,JAWA BARAT,35000006.0,B,Loc_8-Type_0
UNIVERSITAS PAKUAN,JAWA BARAT,35000006.0,B,Loc_8-Type_0
UNIVERSITAS PAKUAN,JAWA BARAT,35000006.0,B,Loc_8-Type_0
UNIVERSITAS PAKUAN,JAWA BARAT,35000006.0,B,Loc_8-Type_0
UNIVERSITAS PALEMBANG,SUMATERA SELATAN,2500000.0,BAIK SEKALI,Loc_0-Type_1
UNIVERSITAS PALEMBANG,SUMATERA SELATAN,2500000.0,BAIK SEKALI,Loc_0-Type_1
UNIVERSITAS PALEMBANG,SUMATERA SELATAN,2500000.0,BAIK SEKALI,Loc_0-Type_1
UNIVERSITAS PALEMBANG,SUMATERA SELATAN,2500000.0,BAIK SEKALI,Loc_0-Type_1
UNIVERSITAS PALEMBANG,SUMATERA SELATAN,2500000.0,BAIK SEKALI,Loc_0-Type_1
UNIVERSITAS PAMULANG,BANTEN,7300000.0,C,Loc_0-Type_0
UNIVERSITAS PAMULANG,BANTEN,7300000.0,C,Loc_0-Type_0
UNIVERSITAS PAMULANG,BANTEN,7300000.0,C,Loc_0-Type_0
UNIVERSITAS PAMULANG,BANTEN,7300000.0,C,Loc_0-Type_0
UNIVERSITAS PAMULANG,BANTEN,7300000.0,C,Loc_0-Type_0
UNIVERSITAS PAMULANG,BANTEN,7300000.0,C,Loc_0-Type_0
UNIVERSITAS PAMULANG,BANTEN,7300000.0,C,Loc_0-Type_0
UNIVERSITAS PAMULANG,BANTEN,7300000.0,C,Loc_0-Type_0
UNIVERSITAS PAMULANG,BANTEN,7300000.0,C,Loc_0-Type_0
UNIVERSITAS PAMULANG,BANTEN,7300000.0,C,Loc_0-Type_0
UNIVERSITAS PAMULANG,BANTEN,7300000.0,C,Loc_0-Type_0
UNIVERSITAS PAMULANG,BANTEN,7300000.0,C,Loc_0-Type_0
UNIVERSITAS PAMULANG,BANTEN,7300000.0,C,Loc_0-Type_0
UNIVERSITAS PAMULANG,BANTEN,7300000.0,C,Loc_0-Type_0
UNIVERSITAS PAMULANG,BANTEN,7300000.0,C,Loc_0-Type_0
UNIVERSITAS PAMULANG,BANTEN,7300000.0,C,Loc_0-Type_0
UNIVERSITAS PAMULANG,BANTEN,7300000.0,C,Loc_0-Type_0
UNIVERSITAS PAMULANG,BANTEN,7300000.0,C,Loc_0-Type_0
UNIVERSITAS PAMULANG,BANTEN,7300000.0,C,Loc_0-Type_0
UNIVERSITAS PAMULANG,BANTEN,7300000.0,C,Loc_0-Type_0
UNIVERSITAS PAMULANG,BANTEN,7300000.0,C,Loc_0-Type_0
UNIVERSITAS PAMULANG,BANTEN,7300000.0,C,Loc_0-Type_0
UNIVERSITAS PAMULANG,BANTEN,7300000.0,C,Loc_0-Type_0
UNIVERSITAS PANCA BHAKTI,KALIMANTAN BARAT,9590000.0,TERAKREDITASI,Loc_6-Type_0
UNIVERSITAS PANCA BHAKTI,KALIMANTAN BARAT,9590000.0,TERAKREDITASI,Loc_6-Type_0
UNIVERSITAS PANCA BHAKTI,KALIMANTAN BARAT,9590000.0,TERAKREDITASI,Loc_6-Type_0
UNIVERSITAS PANCA BHAKTI,KALIMANTAN BARAT,9590000.0,TERAKREDITASI,Loc_6-Type_0
UNIVERSITAS PANCA BHAKTI,KALIMANTAN BARAT,9590000.0,TERAKREDITASI,Loc_6-Type_0
UNIVERSITAS PANCA BHAKTI,KALIMANTAN BARAT,9590000.0,TERAKREDITASI,Loc_6-Type_0
UNIVERSITAS PANCA BHAKTI,KALIMANTAN BARAT,9590000.0,TERAKREDITASI,Loc_6-Type_0
UNIVERSITAS PANCA BHAKTI,KALIMANTAN BARAT,9590000.0,TERAKREDITASI,Loc_6-Type_0
UNIVERSITAS PANCA BHAKTI,KALIMANTAN BARAT,9590000.0,TERAKREDITASI,Loc_6-Type_0
UNIVERSITAS PANCA MARGA,JAWA TIMUR,5550000.0,BAIK,Loc_5-Type_2
UNIVERSITAS PANCA MARGA,JAWA TIMUR,5550000.0,BAIK,Loc_5-Type_2
UNIVERSITAS PANCA MARGA,JAWA TIMUR,5550000.0,BAIK,Loc_5-Type_2
UNIVERSITAS PANCA MARGA,JAWA TIMUR,5550000.0,BAIK,Loc_5-Type_2
UNIVERSITAS PANCA MARGA,JAWA TIMUR,5550000.0,BAIK,Loc_5-Type_2
UNIVERSITAS PANCA MARGA,JAWA TIMUR,5550000.0,BAIK,Loc_5-Type_2
UNIVERSITAS PANCA MARGA,JAWA TIMUR,5550000.0,BAIK,Loc_5-Type_2
UNIVERSITAS PANCA MARGA,JAWA TIMUR,5550000.0,BAIK,Loc_5-Type_2
UNIVERSITAS PANCA MARGA,JAWA TIMUR,5550000.0,BAIK,Loc_5-Type_2
UNIVERSITAS PANCA MARGA,JAWA TIMUR,5550000.0,BAIK,Loc_5-Type_2
UNIVERSITAS PANCA MARGA,JAWA TIMUR,5550000.0,BAIK,Loc_5-Type_2
UNIVERSITAS PANCA MARGA,JAWA TIMUR,5550000.0,BAIK,Loc_5-Type_2
UNIVERSITAS PANCA MARGA,JAWA TIMUR,5550000.0,BAIK,Loc_5-Type_2
UNIVERSITAS PANCA MARGA,JAWA TIMUR,5550000.0,BAIK,Loc_5-Type_2
UNIVERSITAS PANCA MARGA,JAWA TIMUR,5550000.0,BAIK,Loc_5-Type_2
UNIVERSITAS PANCA SAKTI BEKASI,JAWA BARAT,20200000.0,BAIK SEKALI,Loc_8-Type_1
UNIVERSITAS PANCA SAKTI BEKASI,JAWA BARAT,20200000.0,BAIK SEKALI,Loc_8-Type_1
UNIVERSITAS PANCA SAKTI BEKASI,JAWA BARAT,20200000.0,BAIK SEKALI,Loc_8-Type_1
UNIVERSITAS PANCA SAKTI BEKASI,JAWA BARAT,20200000.0,BAIK SEKALI,Loc_8-Type_1
UNIVERSITAS PANCA SAKTI BEKASI,JAWA BARAT,20200000.0,BAIK SEKALI,Loc_8-Type_1
UNIVERSITAS PANCA SAKTI BEKASI,JAWA BARAT,20200000.0,BAIK SEKALI,Loc_8-Type_1
UNIVERSITAS PANCASAKTI,SULAWESI SELATAN,6350000.0,BAIK,Loc_3-Type_0
UNIVERSITAS PANCASAKTI,SULAWESI SELATAN,6350000.0,BAIK,Loc_3-Type_0
UNIVERSITAS PANCASAKTI,SULAWESI SELATAN,6350000.0,BAIK,Loc_3-Type_0
UNIVERSITAS PANCASAKTI,SULAWESI SELATAN,6350000.0,BAIK,Loc_3-Type_0
UNIVERSITAS PANCASAKTI,SULAWESI SELATAN,6350000.0,BAIK,Loc_3-Type_0
UNIVERSITAS PANCASAKTI TEGAL,JAWA TENGAH,5300000.0,UNGGUL,Loc_7-Type_0
UNIVERSITAS PANCASAKTI TEGAL,JAWA TENGAH,5300000.0,UNGGUL,Loc_7-Type_0
UNIVERSITAS PANCASAKTI TEGAL,JAWA TENGAH,5300000.0,UNGGUL,Loc_7-Type_0
UNIVERSITAS PANCASAKTI TEGAL,JAWA TENGAH,5300000.0,UNGGUL,Loc_7-Type_0
UNIVERSITAS PANCASAKTI TEGAL,JAWA TENGAH,5300000.0,UNGGUL,Loc_7-Type_0
UNIVERSITAS PANCASAKTI TEGAL,JAWA TENGAH,5300000.0,UNGGUL,Loc_7-Type_0
UNIVERSITAS PANCASAKTI TEGAL,JAWA TENGAH,5300000.0,UNGGUL,Loc_7-Type_0
UNIVERSITAS PANCASAKTI TEGAL,JAWA TENGAH,5300000.0,UNGGUL,Loc_7-Type_0
UNIVERSITAS PANCASAKTI TEGAL,JAWA TENGAH,5300000.0,UNGGUL,Loc_7-Type_0
UNIVERSITAS PANCASAKTI TEGAL,JAWA TENGAH,5300000.0,UNGGUL,Loc_7-Type_0
UNIVERSITAS PANCASAKTI TEGAL,JAWA TENGAH,5300000.0,UNGGUL,Loc_7-Type_0
UNIVERSITAS PANCASAKTI TEGAL,JAWA TENGAH,5300000.0,UNGGUL,Loc_7-Type_0
UNIVERSITAS PANCASAKTI TEGAL,JAWA TENGAH,5300000.0,UNGGUL,Loc_7-Type_0
UNIVERSITAS PANCASAKTI TEGAL,JAWA TENGAH,5300000.0,UNGGUL,Loc_7-Type_0
UNIVERSITAS PANCASAKTI TEGAL,JAWA TENGAH,5300000.0,UNGGUL,Loc_7-Type_0
UNIVERSITAS PANCASAKTI TEGAL,JAWA TENGAH,5300000.0,UNGGUL,Loc_7-Type_0
UNIVERSITAS PANCASAKTI TEGAL,JAWA TENGAH,5300000.0,UNGGUL,Loc_7-Type_0
UNIVERSITAS PANCASAKTI TEGAL,JAWA TENGAH,5300000.0,UNGGUL,Loc_7-Type_0
UNIVERSITAS PANDANARAN,JAWA TENGAH,7600000.0,B,Loc_7-Type_0
UNIVERSITAS PANDANARAN,JAWA TENGAH,7600000.0,B,Loc_7-Type_0
UNIVERSITAS PANDANARAN,JAWA TENGAH,7600000.0,B,Loc_7-Type_0
UNIVERSITAS PANDANARAN,JAWA TENGAH,7600000.0,B,Loc_7-Type_0
UNIVERSITAS PANDANARAN,JAWA TENGAH,7600000.0,B,Loc_7-Type_0
UNIVERSITAS PANJI SAKTI SINGARAJA,BALI,3855000.0,BAIK,Loc_0-Type_0
UNIVERSITAS PANJI SAKTI SINGARAJA,BALI,3855000.0,BAIK,Loc_0-Type_0
UNIVERSITAS PANJI SAKTI SINGARAJA,BALI,3855000.0,BAIK,Loc_0-Type_0
UNIVERSITAS PANJI SAKTI SINGARAJA,BALI,3855000.0,BAIK,Loc_0-Type_0
UNIVERSITAS PANJI SAKTI SINGARAJA,BALI,3855000.0,BAIK,Loc_0-Type_0
UNIVERSITAS PANJI SAKTI SINGARAJA,BALI,3855000.0,BAIK,Loc_0-Type_0
UNIVERSITAS PARAMADINA,D.K.I. JAKARTA,34550000.0,B,Loc_4-Type_1
UNIVERSITAS PARAMADINA,D.K.I. JAKARTA,34550000.0,B,Loc_4-Type_1
UNIVERSITAS PARAMADINA,D.K.I. JAKARTA,34550000.0,B,Loc_4-Type_1
UNIVERSITAS PARAMADINA,D.K.I. JAKARTA,34550000.0,B,Loc_4-Type_1
UNIVERSITAS PARAMADINA,D.K.I. JAKARTA,34550000.0,B,Loc_4-Type_1
UNIVERSITAS PARAMADINA,D.K.I. JAKARTA,34550000.0,B,Loc_4-Type_1
UNIVERSITAS PARAMADINA,D.K.I. JAKARTA,34550000.0,B,Loc_4-Type_1
UNIVERSITAS PARNA RAYA,SULAWESI UTARA,4540000.0,BAIK,Loc_0-Type_0
UNIVERSITAS PARNA RAYA,SULAWESI UTARA,4540000.0,BAIK,Loc_0-Type_0
UNIVERSITAS PARNA RAYA,SULAWESI UTARA,4540000.0,BAIK,Loc_0-Type_0
UNIVERSITAS PARNA RAYA,SULAWESI UTARA,4540000.0,BAIK,Loc_0-Type_0
UNIVERSITAS PARNA RAYA,SULAWESI UTARA,4540000.0,BAIK,Loc_0-Type_0
UNIVERSITAS PASIFIK MOROTAI,MALUKU UTARA,6000000.0,BAIK,Loc_0-Type_0
UNIVERSITAS PASIFIK MOROTAI,MALUKU UTARA,6000000.0,BAIK,Loc_0-Type_0
UNIVERSITAS PASIFIK MOROTAI,MALUKU UTARA,6000000.0,BAIK,Loc_0-Type_0
UNIVERSITAS PASIFIK MOROTAI,MALUKU UTARA,6000000.0,BAIK,Loc_0-Type_0
UNIVERSITAS PASIFIK MOROTAI,MALUKU UTARA,6000000.0,BAIK,Loc_0-Type_0
UNIVERSITAS PASIFIK MOROTAI,MALUKU UTARA,6000000.0,BAIK,Loc_0-Type_0
UNIVERSITAS PASIFIK MOROTAI,MALUKU UTARA,6000000.0,BAIK,Loc_0-Type_0
UNIVERSITAS PASIFIK MOROTAI,MALUKU UTARA,6000000.0,BAIK,Loc_0-Type_0
UNIVERSITAS PASIFIK MOROTAI,MALUKU UTARA,6000000.0,BAIK,Loc_0-Type_0
UNIVERSITAS PASIFIK MOROTAI,MALUKU UTARA,6000000.0,BAIK,Loc_0-Type_0
UNIVERSITAS PASUNDAN,JAWA BARAT,48250000.0,A,Loc_8-Type_0
UNIVERSITAS PASUNDAN,JAWA BARAT,48250000.0,A,Loc_8-Type_0
UNIVERSITAS PASUNDAN,JAWA BARAT,48250000.0,A,Loc_8-Type_0
UNIVERSITAS PASUNDAN,JAWA BARAT,48250000.0,A,Loc_8-Type_0
UNIVERSITAS PASUNDAN,JAWA BARAT,48250000.0,A,Loc_8-Type_0
UNIVERSITAS PASUNDAN,JAWA BARAT,48250000.0,A,Loc_8-Type_0
UNIVERSITAS PASUNDAN,JAWA BARAT,48250000.0,A,Loc_8-Type_0
UNIVERSITAS PASUNDAN,JAWA BARAT,48250000.0,A,Loc_8-Type_0
UNIVERSITAS PASUNDAN,JAWA BARAT,48250000.0,A,Loc_8-Type_0
UNIVERSITAS PASUNDAN,JAWA BARAT,48250000.0,A,Loc_8-Type_0
UNIVERSITAS PASUNDAN,JAWA BARAT,48250000.0,A,Loc_8-Type_0
UNIVERSITAS PASUNDAN,JAWA BARAT,48250000.0,A,Loc_8-Type_0
UNIVERSITAS PASUNDAN,JAWA BARAT,48250000.0,A,Loc_8-Type_0
UNIVERSITAS PASUNDAN,JAWA BARAT,48250000.0,A,Loc_8-Type_0
UNIVERSITAS PASUNDAN,JAWA BARAT,48250000.0,A,Loc_8-Type_0
UNIVERSITAS PASUNDAN,JAWA BARAT,48250000.0,A,Loc_8-Type_0
UNIVERSITAS PASUNDAN,JAWA BARAT,48250000.0,A,Loc_8-Type_0
UNIVERSITAS PASUNDAN,JAWA BARAT,48250000.0,A,Loc_8-Type_0
UNIVERSITAS PASUNDAN,JAWA BARAT,48250000.0,A,Loc_8-Type_0
UNIVERSITAS PASUNDAN,JAWA BARAT,48250000.0,A,Loc_8-Type_0
UNIVERSITAS PASUNDAN,JAWA BARAT,48250000.0,A,Loc_8-Type_0
UNIVERSITAS PASUNDAN,JAWA BARAT,48250000.0,A,Loc_8-Type_0
UNIVERSITAS PASUNDAN,JAWA BARAT,48250000.0,A,Loc_8-Type_0
UNIVERSITAS PASUNDAN,JAWA BARAT,48250000.0,A,Loc_8-Type_0
UNIVERSITAS PASUNDAN,JAWA BARAT,48250000.0,A,Loc_8-Type_0
UNIVERSITAS PASUNDAN,JAWA BARAT,48250000.0,A,Loc_8-Type_0
UNIVERSITAS PASUNDAN,JAWA BARAT,48250000.0,A,Loc_8-Type_0
UNIVERSITAS PASUNDAN,JAWA BARAT,48250000.0,A,Loc_8-Type_0
UNIVERSITAS PASUNDAN,JAWA BARAT,48250000.0,A,Loc_8-Type_0
UNIVERSITAS PASUNDAN,JAWA BARAT,48250000.0,A,Loc_8-Type_0
UNIVERSITAS PAT PETULAI,BENGKULU,6350000.0,BAIK,Loc_0-Type_0
UNIVERSITAS PAT PETULAI,BENGKULU,6350000.0,BAIK,Loc_0-Type_0
UNIVERSITAS PAT PETULAI,BENGKULU,6350000.0,BAIK,Loc_0-Type_0
UNIVERSITAS PAT PETULAI,BENGKULU,6350000.0,BAIK,Loc_0-Type_0
UNIVERSITAS PATOMPO,SULAWESI SELATAN,4200000.0,BAIK,Loc_3-Type_0
UNIVERSITAS PATOMPO,SULAWESI SELATAN,4200000.0,BAIK,Loc_3-Type_0
UNIVERSITAS PATOMPO,SULAWESI SELATAN,4200000.0,BAIK,Loc_3-Type_0
UNIVERSITAS PATOMPO,SULAWESI SELATAN,4200000.0,BAIK,Loc_3-Type_0
UNIVERSITAS PATOMPO,SULAWESI SELATAN,4200000.0,BAIK,Loc_3-Type_0
UNIVERSITAS PATOMPO,SULAWESI SELATAN,4200000.0,BAIK,Loc_3-Type_0
UNIVERSITAS PATOMPO,SULAWESI SELATAN,4200000.0,BAIK,Loc_3-Type_0
UNIVERSITAS PAWYATAN DAHA,JAWA TIMUR,6275000.0,BAIK,Loc_5-Type_2
UNIVERSITAS PAWYATAN DAHA,JAWA TIMUR,6275000.0,BAIK,Loc_5-Type_2
UNIVERSITAS PAWYATAN DAHA,JAWA TIMUR,6275000.0,BAIK,Loc_5-Type_2
UNIVERSITAS PAWYATAN DAHA,JAWA TIMUR,6275000.0,BAIK,Loc_5-Type_2
UNIVERSITAS PAWYATAN DAHA,JAWA TIMUR,6275000.0,BAIK,Loc_5-Type_2
UNIVERSITAS PAWYATAN DAHA,JAWA TIMUR,6275000.0,BAIK,Loc_5-Type_2
UNIVERSITAS PAWYATAN DAHA,JAWA TIMUR,6275000.0,BAIK,Loc_5-Type_2
UNIVERSITAS PAWYATAN DAHA,JAWA TIMUR,6275000.0,BAIK,Loc_5-Type_2
UNIVERSITAS PEJUANG REPUBLIK INDONESIA,SULAWESI SELATAN,6250000.0,BAIK,Loc_3-Type_0
UNIVERSITAS PEJUANG REPUBLIK INDONESIA,SULAWESI SELATAN,6250000.0,BAIK,Loc_3-Type_0
UNIVERSITAS PEJUANG REPUBLIK INDONESIA,SULAWESI SELATAN,6250000.0,BAIK,Loc_3-Type_0
UNIVERSITAS PEJUANG REPUBLIK INDONESIA,SULAWESI SELATAN,6250000.0,BAIK,Loc_3-Type_0
UNIVERSITAS PEJUANG REPUBLIK INDONESIA,SULAWESI SELATAN,6250000.0,BAIK,Loc_3-Type_0
UNIVERSITAS PEJUANG REPUBLIK INDONESIA,SULAWESI SELATAN,6250000.0,BAIK,Loc_3-Type_0
UNIVERSITAS PEJUANG REPUBLIK INDONESIA,SULAWESI SELATAN,6250000.0,BAIK,Loc_3-Type_0
UNIVERSITAS PEJUANG REPUBLIK INDONESIA,SULAWESI SELATAN,6250000.0,BAIK,Loc_3-Type_0
UNIVERSITAS PEJUANG REPUBLIK INDONESIA,SULAWESI SELATAN,6250000.0,BAIK,Loc_3-Type_0
UNIVERSITAS PEJUANG REPUBLIK INDONESIA,SULAWESI SELATAN,6250000.0,BAIK,Loc_3-Type_0
UNIVERSITAS PEJUANG REPUBLIK INDONESIA,SULAWESI SELATAN,6250000.0,BAIK,Loc_3-Type_0
UNIVERSITAS PEJUANG REPUBLIK INDONESIA,SULAWESI SELATAN,6250000.0,BAIK,Loc_3-Type_0
UNIVERSITAS PEJUANG REPUBLIK INDONESIA,SULAWESI SELATAN,6250000.0,BAIK,Loc_3-Type_0
UNIVERSITAS PEJUANG REPUBLIK INDONESIA,SULAWESI SELATAN,6250000.0,BAIK,Loc_3-Type_0
UNIVERSITAS PEJUANG REPUBLIK INDONESIA,SULAWESI SELATAN,6250000.0,BAIK,Loc_3-Type_0
UNIVERSITAS PEKALONGAN,JAWA TENGAH,20000000.0,UNGGUL,Loc_7-Type_2
UNIVERSITAS PEKALONGAN,JAWA TENGAH,20000000.0,UNGGUL,Loc_7-Type_2
UNIVERSITAS PEKALONGAN,JAWA TENGAH,20000000.0,UNGGUL,Loc_7-Type_2
UNIVERSITAS PEKALONGAN,JAWA TENGAH,20000000.0,UNGGUL,Loc_7-Type_2
UNIVERSITAS PEKALONGAN,JAWA TENGAH,20000000.0,UNGGUL,Loc_7-Type_2
UNIVERSITAS PEKALONGAN,JAWA TENGAH,20000000.0,UNGGUL,Loc_7-Type_2
UNIVERSITAS PEKALONGAN,JAWA TENGAH,20000000.0,UNGGUL,Loc_7-Type_2
UNIVERSITAS PEKALONGAN,JAWA TENGAH,20000000.0,UNGGUL,Loc_7-Type_2
UNIVERSITAS PEKALONGAN,JAWA TENGAH,20000000.0,UNGGUL,Loc_7-Type_2
UNIVERSITAS PEKALONGAN,JAWA TENGAH,20000000.0,UNGGUL,Loc_7-Type_2
UNIVERSITAS PEKALONGAN,JAWA TENGAH,20000000.0,UNGGUL,Loc_7-Type_2
UNIVERSITAS PEKALONGAN,JAWA TENGAH,20000000.0,UNGGUL,Loc_7-Type_2
UNIVERSITAS PEKALONGAN,JAWA TENGAH,20000000.0,UNGGUL,Loc_7-Type_2
UNIVERSITAS PELITA BANGSA,JAWA BARAT,5800000.0,BAIK,Loc_8-Type_2
UNIVERSITAS PELITA BANGSA,JAWA BARAT,5800000.0,BAIK,Loc_8-Type_2
UNIVERSITAS PELITA BANGSA,JAWA BARAT,5800000.0,BAIK,Loc_8-Type_2
UNIVERSITAS PELITA BANGSA,JAWA BARAT,5800000.0,BAIK,Loc_8-Type_2
UNIVERSITAS PELITA BANGSA,JAWA BARAT,5800000.0,BAIK,Loc_8-Type_2
UNIVERSITAS PELITA BANGSA,JAWA BARAT,5800000.0,BAIK,Loc_8-Type_2
UNIVERSITAS PELITA BANGSA,JAWA BARAT,5800000.0,BAIK,Loc_8-Type_2
UNIVERSITAS PELITA BANGSA,JAWA BARAT,5800000.0,BAIK,Loc_8-Type_2
UNIVERSITAS PELITA BANGSA,JAWA BARAT,5800000.0,BAIK,Loc_8-Type_2
UNIVERSITAS PELITA BANGSA,JAWA BARAT,5800000.0,BAIK,Loc_8-Type_2
UNIVERSITAS PELITA BANGSA,JAWA BARAT,5800000.0,BAIK,Loc_8-Type_2
UNIVERSITAS PELITA BANGSA,JAWA BARAT,5800000.0,BAIK,Loc_8-Type_2
UNIVERSITAS PELITA HARAPAN,BANTEN,61000000.0,B,Loc_0-Type_2
UNIVERSITAS PELITA HARAPAN,BANTEN,61000000.0,B,Loc_0-Type_2
UNIVERSITAS PELITA HARAPAN,BANTEN,61000000.0,B,Loc_0-Type_2
UNIVERSITAS PELITA HARAPAN,BANTEN,61000000.0,B,Loc_0-Type_2
UNIVERSITAS PELITA HARAPAN,BANTEN,61000000.0,B,Loc_0-Type_2
UNIVERSITAS PELITA HARAPAN,BANTEN,61000000.0,B,Loc_0-Type_2
UNIVERSITAS PELITA HARAPAN,BANTEN,61000000.0,B,Loc_0-Type_2
UNIVERSITAS PELITA HARAPAN,BANTEN,61000000.0,B,Loc_0-Type_2
UNIVERSITAS PELITA HARAPAN,BANTEN,61000000.0,B,Loc_0-Type_2
UNIVERSITAS PELITA HARAPAN,BANTEN,61000000.0,B,Loc_0-Type_2
UNIVERSITAS PELITA HARAPAN,BANTEN,61000000.0,B,Loc_0-Type_2
UNIVERSITAS PELITA HARAPAN,BANTEN,61000000.0,B,Loc_0-Type_2
UNIVERSITAS PELITA HARAPAN,BANTEN,61000000.0,B,Loc_0-Type_2
UNIVERSITAS PELITA HARAPAN,BANTEN,61000000.0,B,Loc_0-Type_2
UNIVERSITAS PELITA HARAPAN,BANTEN,61000000.0,B,Loc_0-Type_2
UNIVERSITAS PELITA HARAPAN,BANTEN,61000000.0,B,Loc_0-Type_2
UNIVERSITAS PELITA HARAPAN,BANTEN,61000000.0,B,Loc_0-Type_2
UNIVERSITAS PELITA HARAPAN,BANTEN,61000000.0,B,Loc_0-Type_2
UNIVERSITAS PELITA HARAPAN,BANTEN,61000000.0,B,Loc_0-Type_2
UNIVERSITAS PELITA HARAPAN,BANTEN,61000000.0,B,Loc_0-Type_2
UNIVERSITAS PELITA HARAPAN,BANTEN,61000000.0,B,Loc_0-Type_2
UNIVERSITAS PELITA HARAPAN,BANTEN,61000000.0,B,Loc_0-Type_2
UNIVERSITAS PELITA HARAPAN,BANTEN,61000000.0,B,Loc_0-Type_2
UNIVERSITAS PELITA HARAPAN,BANTEN,61000000.0,B,Loc_0-Type_2
UNIVERSITAS PELITA HARAPAN,BANTEN,61000000.0,B,Loc_0-Type_2
UNIVERSITAS PELITA HARAPAN,BANTEN,61000000.0,B,Loc_0-Type_2
UNIVERSITAS PELITA HARAPAN,BANTEN,61000000.0,B,Loc_0-Type_2
UNIVERSITAS PELITA HARAPAN,BANTEN,61000000.0,B,Loc_0-Type_2
UNIVERSITAS PELITA HARAPAN,BANTEN,61000000.0,B,Loc_0-Type_2
UNIVERSITAS PELITA HARAPAN SURABAYA,JAWA TIMUR,19750000.0,C,Loc_5-Type_1
UNIVERSITAS PELITA HARAPAN SURABAYA,JAWA TIMUR,19750000.0,C,Loc_5-Type_1
UNIVERSITAS PELITA HARAPAN SURABAYA,JAWA TIMUR,19750000.0,C,Loc_5-Type_1
UNIVERSITAS PELITA HARAPAN SURABAYA,JAWA TIMUR,19750000.0,C,Loc_5-Type_1
UNIVERSITAS PELITA HARAPAN SURABAYA,JAWA TIMUR,19750000.0,C,Loc_5-Type_1
UNIVERSITAS PELITA HARAPAN SURABAYA,JAWA TIMUR,19750000.0,C,Loc_5-Type_1
UNIVERSITAS PEMBANGUNAN JAYA,BANTEN,14960000.0,BAIK SEKALI,Loc_0-Type_1
UNIVERSITAS PEMBANGUNAN JAYA,BANTEN,14960000.0,BAIK SEKALI,Loc_0-Type_1
UNIVERSITAS PEMBANGUNAN JAYA,BANTEN,14960000.0,BAIK SEKALI,Loc_0-Type_1
UNIVERSITAS PEMBANGUNAN JAYA,BANTEN,14960000.0,BAIK SEKALI,Loc_0-Type_1
UNIVERSITAS PEMBANGUNAN JAYA,BANTEN,14960000.0,BAIK SEKALI,Loc_0-Type_1
UNIVERSITAS PEMBANGUNAN JAYA,BANTEN,14960000.0,BAIK SEKALI,Loc_0-Type_1
UNIVERSITAS PEMBANGUNAN JAYA,BANTEN,14960000.0,BAIK SEKALI,Loc_0-Type_1
UNIVERSITAS PEMBANGUNAN JAYA,BANTEN,14960000.0,BAIK SEKALI,Loc_0-Type_1
UNIVERSITAS PEMBANGUNAN JAYA,BANTEN,14960000.0,BAIK SEKALI,Loc_0-Type_1
UNIVERSITAS PEMBANGUNAN JAYA,BANTEN,14960000.0,BAIK SEKALI,Loc_0-Type_1
UNIVERSITAS PEMBANGUNAN JAYA TANGERANG,BANTEN,7500000.0,B,Loc_0-Type_2
UNIVERSITAS PEMBANGUNAN JAYA TANGERANG,BANTEN,7500000.0,B,Loc_0-Type_2
UNIVERSITAS PEMBANGUNAN JAYA TANGERANG,BANTEN,7500000.0,B,Loc_0-Type_2
UNIVERSITAS PEMBANGUNAN JAYA TANGERANG,BANTEN,7500000.0,B,Loc_0-Type_2
UNIVERSITAS PEMBANGUNAN JAYA TANGERANG,BANTEN,7500000.0,B,Loc_0-Type_2
UNIVERSITAS PEMBANGUNAN JAYA TANGERANG,BANTEN,7500000.0,B,Loc_0-Type_2
UNIVERSITAS PEMBANGUNAN JAYA TANGERANG,BANTEN,7500000.0,B,Loc_0-Type_2
UNIVERSITAS PEMBANGUNAN JAYA TANGERANG,BANTEN,7500000.0,B,Loc_0-Type_2
UNIVERSITAS PEMBANGUNAN JAYA TANGERANG,BANTEN,7500000.0,B,Loc_0-Type_2
UNIVERSITAS PEMBANGUNAN JAYA TANGERANG,BANTEN,7500000.0,B,Loc_0-Type_2
UNIVERSITAS PEMBANGUNAN PANCA BUDI,SUMATERA UTARA,15000000.0,B,Loc_0-Type_2
UNIVERSITAS PEMBANGUNAN PANCA BUDI,SUMATERA UTARA,15000000.0,B,Loc_0-Type_2
UNIVERSITAS PEMBANGUNAN PANCA BUDI,SUMATERA UTARA,15000000.0,B,Loc_0-Type_2
UNIVERSITAS PEMBANGUNAN PANCA BUDI,SUMATERA UTARA,15000000.0,B,Loc_0-Type_2
UNIVERSITAS PEMBANGUNAN PANCA BUDI,SUMATERA UTARA,15000000.0,B,Loc_0-Type_2
UNIVERSITAS PEMBANGUNAN PANCA BUDI,SUMATERA UTARA,15000000.0,B,Loc_0-Type_2
UNIVERSITAS PEMBANGUNAN PANCA BUDI,SUMATERA UTARA,15000000.0,B,Loc_0-Type_2
UNIVERSITAS PEMBANGUNAN PANCA BUDI,SUMATERA UTARA,15000000.0,B,Loc_0-Type_2
UNIVERSITAS PEMBANGUNAN PANCA BUDI,SUMATERA UTARA,15000000.0,B,Loc_0-Type_2
UNIVERSITAS PEMBANGUNAN PANCA BUDI,SUMATERA UTARA,15000000.0,B,Loc_0-Type_2
UNIVERSITAS PEMBANGUNAN PANCA BUDI,SUMATERA UTARA,15000000.0,B,Loc_0-Type_2
UNIVERSITAS PEMBANGUNAN PANCA BUDI,SUMATERA UTARA,15000000.0,B,Loc_0-Type_2
UNIVERSITAS PEMBANGUNAN PANCA BUDI,SUMATERA UTARA,15000000.0,B,Loc_0-Type_2
UNIVERSITAS PEMBANGUNAN PANCA BUDI,SUMATERA UTARA,15000000.0,B,Loc_0-Type_2
UNIVERSITAS PEMBANGUNAN PANCA BUDI,SUMATERA UTARA,15000000.0,B,Loc_0-Type_2
UNIVERSITAS PEMBANGUNAN PANCA BUDI,SUMATERA UTARA,15000000.0,B,Loc_0-Type_2
UNIVERSITAS PEMBANGUNAN PANCA BUDI,SUMATERA UTARA,15000000.0,B,Loc_0-Type_2
UNIVERSITAS PEMBANGUNAN PANCA BUDI,SUMATERA UTARA,15000000.0,B,Loc_0-Type_2
UNIVERSITAS PEMBINAAN MASYARAKAT INDONESIA,SUMATERA UTARA,6560000.0,BAIK,Loc_0-Type_0
UNIVERSITAS PEMBINAAN MASYARAKAT INDONESIA,SUMATERA UTARA,6560000.0,BAIK,Loc_0-Type_0
UNIVERSITAS PEMBINAAN MASYARAKAT INDONESIA,SUMATERA UTARA,6560000.0,BAIK,Loc_0-Type_0
UNIVERSITAS PEMBINAAN MASYARAKAT INDONESIA,SUMATERA UTARA,6560000.0,BAIK,Loc_0-Type_0
UNIVERSITAS PEMBINAAN MASYARAKAT INDONESIA,SUMATERA UTARA,6560000.0,BAIK,Loc_0-Type_0
UNIVERSITAS PEMBINAAN MASYARAKAT INDONESIA,SUMATERA UTARA,6560000.0,BAIK,Loc_0-Type_0
UNIVERSITAS PEMBINAAN MASYARAKAT INDONESIA,SUMATERA UTARA,6560000.0,BAIK,Loc_0-Type_0
UNIVERSITAS PEMBINAAN MASYARAKAT INDONESIA,SUMATERA UTARA,6560000.0,BAIK,Loc_0-Type_0
UNIVERSITAS PEMBINAAN MASYARAKAT INDONESIA,SUMATERA UTARA,6560000.0,BAIK,Loc_0-Type_0
UNIVERSITAS PENDIDIKAN MANDALIKA,NUSA TENGGARA BARAT,7050000.0,BAIK SEKALI,Loc_0-Type_1
UNIVERSITAS PENDIDIKAN MANDALIKA,NUSA TENGGARA BARAT,7050000.0,BAIK SEKALI,Loc_0-Type_1
UNIVERSITAS PENDIDIKAN MANDALIKA,NUSA TENGGARA BARAT,7050000.0,BAIK SEKALI,Loc_0-Type_1
UNIVERSITAS PENDIDIKAN MANDALIKA,NUSA TENGGARA BARAT,7050000.0,BAIK SEKALI,Loc_0-Type_1
UNIVERSITAS PENDIDIKAN MANDALIKA,NUSA TENGGARA BARAT,7050000.0,BAIK SEKALI,Loc_0-Type_1
UNIVERSITAS PENDIDIKAN MANDALIKA,NUSA TENGGARA BARAT,7050000.0,BAIK SEKALI,Loc_0-Type_1
UNIVERSITAS PENDIDIKAN MANDALIKA,NUSA TENGGARA BARAT,7050000.0,BAIK SEKALI,Loc_0-Type_1
UNIVERSITAS PENDIDIKAN MANDALIKA,NUSA TENGGARA BARAT,7050000.0,BAIK SEKALI,Loc_0-Type_1
UNIVERSITAS PENDIDIKAN MANDALIKA,NUSA TENGGARA BARAT,7050000.0,BAIK SEKALI,Loc_0-Type_1
UNIVERSITAS PENDIDIKAN MANDALIKA,NUSA TENGGARA BARAT,7050000.0,BAIK SEKALI,Loc_0-Type_1
UNIVERSITAS PENDIDIKAN MANDALIKA,NUSA TENGGARA BARAT,7050000.0,BAIK SEKALI,Loc_0-Type_1
UNIVERSITAS PENDIDIKAN MANDALIKA,NUSA TENGGARA BARAT,7050000.0,BAIK SEKALI,Loc_0-Type_1
UNIVERSITAS PENDIDIKAN MANDALIKA,NUSA TENGGARA BARAT,7050000.0,BAIK SEKALI,Loc_0-Type_1
UNIVERSITAS PENDIDIKAN MANDALIKA,NUSA TENGGARA BARAT,7050000.0,BAIK SEKALI,Loc_0-Type_1
UNIVERSITAS PENDIDIKAN MANDALIKA,NUSA TENGGARA BARAT,7050000.0,BAIK SEKALI,Loc_0-Type_1
UNIVERSITAS PENDIDIKAN MANDALIKA,NUSA TENGGARA BARAT,7050000.0,BAIK SEKALI,Loc_0-Type_1
UNIVERSITAS PENDIDIKAN MUHAMMADIYAH SORONG,PAPUA BARAT,4000000.0,B,Loc_2-Type_2
UNIVERSITAS PENDIDIKAN MUHAMMADIYAH SORONG,PAPUA BARAT,4000000.0,B,Loc_2-Type_2
UNIVERSITAS PENDIDIKAN MUHAMMADIYAH SORONG,PAPUA BARAT,4000000.0,B,Loc_2-Type_2
UNIVERSITAS PENDIDIKAN MUHAMMADIYAH SORONG,PAPUA BARAT,4000000.0,B,Loc_2-Type_2
UNIVERSITAS PENDIDIKAN MUHAMMADIYAH SORONG,PAPUA BARAT,4000000.0,B,Loc_2-Type_2
UNIVERSITAS PENDIDIKAN MUHAMMADIYAH SORONG,PAPUA BARAT,4000000.0,B,Loc_2-Type_2
UNIVERSITAS PENDIDIKAN MUHAMMADIYAH SORONG,PAPUA BARAT,4000000.0,B,Loc_2-Type_2
UNIVERSITAS PENDIDIKAN MUHAMMADIYAH SORONG,PAPUA BARAT,4000000.0,B,Loc_2-Type_2
UNIVERSITAS PENDIDIKAN MUHAMMADIYAH SORONG,PAPUA BARAT,4000000.0,B,Loc_2-Type_2
UNIVERSITAS PENDIDIKAN MUHAMMADIYAH SORONG,PAPUA BARAT,4000000.0,B,Loc_2-Type_2
UNIVERSITAS PENDIDIKAN MUHAMMADIYAH SORONG,PAPUA BARAT,4000000.0,B,Loc_2-Type_2
UNIVERSITAS PENDIDIKAN MUHAMMADIYAH SORONG,PAPUA BARAT,4000000.0,B,Loc_2-Type_2
UNIVERSITAS PENDIDIKAN MUHAMMADIYAH SORONG,PAPUA BARAT,4000000.0,B,Loc_2-Type_2
UNIVERSITAS PENDIDIKAN MUHAMMADIYAH SORONG,PAPUA BARAT,4000000.0,B,Loc_2-Type_2
UNIVERSITAS PENDIDIKAN MUHAMMADIYAH SORONG,PAPUA BARAT,4000000.0,B,Loc_2-Type_2
UNIVERSITAS PENDIDIKAN MUHAMMADIYAH SORONG,PAPUA BARAT,4000000.0,B,Loc_2-Type_2
UNIVERSITAS PENDIDIKAN MUHAMMADIYAH SORONG,PAPUA BARAT,4000000.0,B,Loc_2-Type_2
UNIVERSITAS PENDIDIKAN MUHAMMADIYAH SORONG,PAPUA BARAT,4000000.0,B,Loc_2-Type_2
UNIVERSITAS PENDIDIKAN MUHAMMADIYAH SORONG,PAPUA BARAT,4000000.0,B,Loc_2-Type_2
UNIVERSITAS PENDIDIKAN MUHAMMADIYAH SORONG,PAPUA BARAT,4000000.0,B,Loc_2-Type_2
UNIVERSITAS PENDIDIKAN MUHAMMADIYAH SORONG,PAPUA BARAT,4000000.0,B,Loc_2-Type_2
UNIVERSITAS PENDIDIKAN MUHAMMADIYAH SORONG,PAPUA BARAT,4000000.0,B,Loc_2-Type_2
UNIVERSITAS PENDIDIKAN NASIONAL,BALI,29000000.0,UNGGUL,Loc_0-Type_2
UNIVERSITAS PENDIDIKAN NASIONAL,BALI,29000000.0,UNGGUL,Loc_0-Type_2
UNIVERSITAS PENDIDIKAN NASIONAL,BALI,29000000.0,UNGGUL,Loc_0-Type_2
UNIVERSITAS PENDIDIKAN NASIONAL,BALI,29000000.0,UNGGUL,Loc_0-Type_2
UNIVERSITAS PENDIDIKAN NASIONAL,BALI,29000000.0,UNGGUL,Loc_0-Type_2
UNIVERSITAS PENDIDIKAN NASIONAL,BALI,29000000.0,UNGGUL,Loc_0-Type_2
UNIVERSITAS PENDIDIKAN NASIONAL,BALI,29000000.0,UNGGUL,Loc_0-Type_2
UNIVERSITAS PENDIDIKAN NASIONAL,BALI,29000000.0,UNGGUL,Loc_0-Type_2
UNIVERSITAS PENDIDIKAN NASIONAL,BALI,29000000.0,UNGGUL,Loc_0-Type_2
UNIVERSITAS PENDIDIKAN NASIONAL,BALI,29000000.0,UNGGUL,Loc_0-Type_2
UNIVERSITAS PENDIDIKAN NASIONAL,BALI,29000000.0,UNGGUL,Loc_0-Type_2
UNIVERSITAS PEPABRI MAKASSAR,SULAWESI SELATAN,6000000.0,BAIK,Loc_3-Type_0
UNIVERSITAS PEPABRI MAKASSAR,SULAWESI SELATAN,6000000.0,BAIK,Loc_3-Type_0
UNIVERSITAS PEPABRI MAKASSAR,SULAWESI SELATAN,6000000.0,BAIK,Loc_3-Type_0
UNIVERSITAS PEPABRI MAKASSAR,SULAWESI SELATAN,6000000.0,BAIK,Loc_3-Type_0
UNIVERSITAS PEPABRI MAKASSAR,SULAWESI SELATAN,6000000.0,BAIK,Loc_3-Type_0
UNIVERSITAS PERADABAN,JAWA TENGAH,3800000.0,BAIK,Loc_7-Type_0
UNIVERSITAS PERADABAN,JAWA TENGAH,3800000.0,BAIK,Loc_7-Type_0
UNIVERSITAS PERADABAN,JAWA TENGAH,3800000.0,BAIK,Loc_7-Type_0
UNIVERSITAS PERADABAN,JAWA TENGAH,3800000.0,BAIK,Loc_7-Type_0
UNIVERSITAS PERADABAN,JAWA TENGAH,3800000.0,BAIK,Loc_7-Type_0
UNIVERSITAS PERADABAN,JAWA TENGAH,3800000.0,BAIK,Loc_7-Type_0
UNIVERSITAS PERADABAN,JAWA TENGAH,3800000.0,BAIK,Loc_7-Type_0
UNIVERSITAS PERADABAN,JAWA TENGAH,3800000.0,BAIK,Loc_7-Type_0
UNIVERSITAS PERADABAN,JAWA TENGAH,3800000.0,BAIK,Loc_7-Type_0
UNIVERSITAS PERADABAN,JAWA TENGAH,3800000.0,BAIK,Loc_7-Type_0
UNIVERSITAS PERADABAN,JAWA TENGAH,3800000.0,BAIK,Loc_7-Type_0
UNIVERSITAS PERINTIS INDONESIA,SUMATERA BARAT,33500000.0,B,Loc_0-Type_2
UNIVERSITAS PERINTIS INDONESIA,SUMATERA BARAT,33500000.0,B,Loc_0-Type_2
UNIVERSITAS PERINTIS INDONESIA,SUMATERA BARAT,33500000.0,B,Loc_0-Type_2
UNIVERSITAS PERINTIS INDONESIA,SUMATERA BARAT,33500000.0,B,Loc_0-Type_2
UNIVERSITAS PERINTIS INDONESIA,SUMATERA BARAT,33500000.0,B,Loc_0-Type_2
UNIVERSITAS PERJUANGAN TASIKMALAYA,JAWA BARAT,7000000.0,BAIK,Loc_8-Type_2
UNIVERSITAS PERJUANGAN TASIKMALAYA,JAWA BARAT,7000000.0,BAIK,Loc_8-Type_2
UNIVERSITAS PERJUANGAN TASIKMALAYA,JAWA BARAT,7000000.0,BAIK,Loc_8-Type_2
UNIVERSITAS PERJUANGAN TASIKMALAYA,JAWA BARAT,7000000.0,BAIK,Loc_8-Type_2
UNIVERSITAS PERJUANGAN TASIKMALAYA,JAWA BARAT,7000000.0,BAIK,Loc_8-Type_2
UNIVERSITAS PERJUANGAN TASIKMALAYA,JAWA BARAT,7000000.0,BAIK,Loc_8-Type_2
UNIVERSITAS PERJUANGAN TASIKMALAYA,JAWA BARAT,7000000.0,BAIK,Loc_8-Type_2
UNIVERSITAS PERJUANGAN TASIKMALAYA,JAWA BARAT,7000000.0,BAIK,Loc_8-Type_2
UNIVERSITAS PERJUANGAN TASIKMALAYA,JAWA BARAT,7000000.0,BAIK,Loc_8-Type_2
UNIVERSITAS PERSADA INDONESIA YAI,D.K.I. JAKARTA,22250000.0,BAIK SEKALI,Loc_4-Type_1
UNIVERSITAS PERSADA INDONESIA YAI,D.K.I. JAKARTA,22250000.0,BAIK SEKALI,Loc_4-Type_1
UNIVERSITAS PERSADA INDONESIA YAI,D.K.I. JAKARTA,22250000.0,BAIK SEKALI,Loc_4-Type_1
UNIVERSITAS PERSADA INDONESIA YAI,D.K.I. JAKARTA,22250000.0,BAIK SEKALI,Loc_4-Type_1
UNIVERSITAS PERSADA INDONESIA YAI,D.K.I. JAKARTA,22250000.0,BAIK SEKALI,Loc_4-Type_1
UNIVERSITAS PERSADA INDONESIA YAI,D.K.I. JAKARTA,22250000.0,BAIK SEKALI,Loc_4-Type_1
UNIVERSITAS PERSADA INDONESIA YAI,D.K.I. JAKARTA,22250000.0,BAIK SEKALI,Loc_4-Type_1
UNIVERSITAS PERSADA INDONESIA YAI,D.K.I. JAKARTA,22250000.0,BAIK SEKALI,Loc_4-Type_1
UNIVERSITAS PERSADA INDONESIA YAI,D.K.I. JAKARTA,22250000.0,BAIK SEKALI,Loc_4-Type_1
UNIVERSITAS PERSADA INDONESIA YAI,D.K.I. JAKARTA,22250000.0,BAIK SEKALI,Loc_4-Type_1
UNIVERSITAS PERSADA INDONESIA YAI,D.K.I. JAKARTA,22250000.0,BAIK SEKALI,Loc_4-Type_1
UNIVERSITAS PERSADA INDONESIA YAI,D.K.I. JAKARTA,22250000.0,BAIK SEKALI,Loc_4-Type_1
UNIVERSITAS PERSATUAN GURU 1945 NTT,NUSA TENGGARA TIMUR,3002112.0,BAIK,Loc_0-Type_0
UNIVERSITAS PERSATUAN GURU 1945 NTT,NUSA TENGGARA TIMUR,3002112.0,BAIK,Loc_0-Type_0
UNIVERSITAS PERSATUAN GURU 1945 NTT,NUSA TENGGARA TIMUR,3002112.0,BAIK,Loc_0-Type_0
UNIVERSITAS PERSATUAN GURU 1945 NTT,NUSA TENGGARA TIMUR,3002112.0,BAIK,Loc_0-Type_0
UNIVERSITAS PERSATUAN GURU 1945 NTT,NUSA TENGGARA TIMUR,3002112.0,BAIK,Loc_0-Type_0
UNIVERSITAS PERSATUAN GURU 1945 NTT,NUSA TENGGARA TIMUR,3002112.0,BAIK,Loc_0-Type_0
UNIVERSITAS PERSATUAN GURU 1945 NTT,NUSA TENGGARA TIMUR,3002112.0,BAIK,Loc_0-Type_0
UNIVERSITAS PERSATUAN GURU 1945 NTT,NUSA TENGGARA TIMUR,3002112.0,BAIK,Loc_0-Type_0
UNIVERSITAS PERSATUAN GURU 1945 NTT,NUSA TENGGARA TIMUR,3002112.0,BAIK,Loc_0-Type_0
UNIVERSITAS PERSATUAN ISLAM,JAWA BARAT,7500000.0,BAIK SEKALI,Loc_8-Type_1
UNIVERSITAS PERSATUAN ISLAM,JAWA BARAT,7500000.0,BAIK SEKALI,Loc_8-Type_1
UNIVERSITAS PERSATUAN ISLAM,JAWA BARAT,7500000.0,BAIK SEKALI,Loc_8-Type_1
UNIVERSITAS PERSATUAN ISLAM,JAWA BARAT,7500000.0,BAIK SEKALI,Loc_8-Type_1
UNIVERSITAS PERSATUAN ISLAM,JAWA BARAT,7500000.0,BAIK SEKALI,Loc_8-Type_1
UNIVERSITAS PERSATUAN ISLAM,JAWA BARAT,7500000.0,BAIK SEKALI,Loc_8-Type_1
UNIVERSITAS PERTAMINA,D.K.I. JAKARTA,126000000.0,BAIK,Loc_4-Type_2
UNIVERSITAS PERTAMINA,D.K.I. JAKARTA,126000000.0,BAIK,Loc_4-Type_2
UNIVERSITAS PERTAMINA,D.K.I. JAKARTA,126000000.0,BAIK,Loc_4-Type_2
UNIVERSITAS PERTAMINA,D.K.I. JAKARTA,126000000.0,BAIK,Loc_4-Type_2
UNIVERSITAS PERTAMINA,D.K.I. JAKARTA,126000000.0,BAIK,Loc_4-Type_2
UNIVERSITAS PERTAMINA,D.K.I. JAKARTA,126000000.0,BAIK,Loc_4-Type_2
UNIVERSITAS PERTAMINA,D.K.I. JAKARTA,126000000.0,BAIK,Loc_4-Type_2
UNIVERSITAS PERTAMINA,D.K.I. JAKARTA,126000000.0,BAIK,Loc_4-Type_2
UNIVERSITAS PERTAMINA,D.K.I. JAKARTA,126000000.0,BAIK,Loc_4-Type_2
UNIVERSITAS PERTAMINA,D.K.I. JAKARTA,126000000.0,BAIK,Loc_4-Type_2
UNIVERSITAS PERTAMINA,D.K.I. JAKARTA,126000000.0,BAIK,Loc_4-Type_2
UNIVERSITAS PERTAMINA,D.K.I. JAKARTA,126000000.0,BAIK,Loc_4-Type_2
UNIVERSITAS PERTAMINA,D.K.I. JAKARTA,126000000.0,BAIK,Loc_4-Type_2
UNIVERSITAS PERTAMINA,D.K.I. JAKARTA,126000000.0,BAIK,Loc_4-Type_2
UNIVERSITAS PERTAMINA,D.K.I. JAKARTA,126000000.0,BAIK,Loc_4-Type_2
UNIVERSITAS PERTIBA,BANGKA BELITUNG,18000000.0,BAIK SEKALI,Loc_0-Type_1
UNIVERSITAS PERTIBA,BANGKA BELITUNG,18000000.0,BAIK SEKALI,Loc_0-Type_1
UNIVERSITAS PERTIBA,BANGKA BELITUNG,18000000.0,BAIK SEKALI,Loc_0-Type_1
UNIVERSITAS PERTIBA,BANGKA BELITUNG,18000000.0,BAIK SEKALI,Loc_0-Type_1
UNIVERSITAS PERTIBA,BANGKA BELITUNG,18000000.0,BAIK SEKALI,Loc_0-Type_1
UNIVERSITAS PERTIWI,JAWA BARAT,10600000.0,BAIK,Loc_8-Type_2
UNIVERSITAS PERTIWI,JAWA BARAT,10600000.0,BAIK,Loc_8-Type_2
UNIVERSITAS PERTIWI,JAWA BARAT,10600000.0,BAIK,Loc_8-Type_2
UNIVERSITAS PERTIWI,JAWA BARAT,10600000.0,BAIK,Loc_8-Type_2
UNIVERSITAS PERTIWI,JAWA BARAT,10600000.0,BAIK,Loc_8-Type_2
UNIVERSITAS PERTIWI,JAWA BARAT,10600000.0,BAIK,Loc_8-Type_2
UNIVERSITAS PERWIRA PURBALINGGA,JAWA TENGAH,4800000.0,BAIK,Loc_7-Type_0
UNIVERSITAS PERWIRA PURBALINGGA,JAWA TENGAH,4800000.0,BAIK,Loc_7-Type_0
UNIVERSITAS PERWIRA PURBALINGGA,JAWA TENGAH,4800000.0,BAIK,Loc_7-Type_0
UNIVERSITAS PERWIRA PURBALINGGA,JAWA TENGAH,4800000.0,BAIK,Loc_7-Type_0
UNIVERSITAS PERWIRA PURBALINGGA,JAWA TENGAH,4800000.0,BAIK,Loc_7-Type_0
UNIVERSITAS PESANTREN TINGGI DARUL  ULUM,JAWA TIMUR,12525000.0,BAIK SEKALI,Loc_5-Type_1
UNIVERSITAS PESANTREN TINGGI DARUL  ULUM,JAWA TIMUR,12525000.0,BAIK SEKALI,Loc_5-Type_1
UNIVERSITAS PESANTREN TINGGI DARUL  ULUM,JAWA TIMUR,12525000.0,BAIK SEKALI,Loc_5-Type_1
UNIVERSITAS PESANTREN TINGGI DARUL  ULUM,JAWA TIMUR,12525000.0,BAIK SEKALI,Loc_5-Type_1
UNIVERSITAS PESANTREN TINGGI DARUL  ULUM,JAWA TIMUR,12525000.0,BAIK SEKALI,Loc_5-Type_1
UNIVERSITAS PGRI ADI BUANA,JAWA TIMUR,14450000.0,BAIK SEKALI,Loc_5-Type_1
UNIVERSITAS PGRI ADI BUANA,JAWA TIMUR,14450000.0,BAIK SEKALI,Loc_5-Type_1
UNIVERSITAS PGRI ADI BUANA,JAWA TIMUR,14450000.0,BAIK SEKALI,Loc_5-Type_1
UNIVERSITAS PGRI ADI BUANA,JAWA TIMUR,14450000.0,BAIK SEKALI,Loc_5-Type_1
UNIVERSITAS PGRI ADI BUANA,JAWA TIMUR,14450000.0,BAIK SEKALI,Loc_5-Type_1
UNIVERSITAS PGRI ADI BUANA,JAWA TIMUR,14450000.0,BAIK SEKALI,Loc_5-Type_1
UNIVERSITAS PGRI ADI BUANA,JAWA TIMUR,14450000.0,BAIK SEKALI,Loc_5-Type_1
UNIVERSITAS PGRI ADI BUANA,JAWA TIMUR,14450000.0,BAIK SEKALI,Loc_5-Type_1
UNIVERSITAS PGRI ADI BUANA,JAWA TIMUR,14450000.0,BAIK SEKALI,Loc_5-Type_1
UNIVERSITAS PGRI ADI BUANA,JAWA TIMUR,14450000.0,BAIK SEKALI,Loc_5-Type_1
UNIVERSITAS PGRI ADI BUANA,JAWA TIMUR,14450000.0,BAIK SEKALI,Loc_5-Type_1
UNIVERSITAS PGRI ADI BUANA,JAWA TIMUR,14450000.0,BAIK SEKALI,Loc_5-Type_1
UNIVERSITAS PGRI ADI BUANA,JAWA TIMUR,14450000.0,BAIK SEKALI,Loc_5-Type_1
UNIVERSITAS PGRI ADI BUANA,JAWA TIMUR,14450000.0,BAIK SEKALI,Loc_5-Type_1
UNIVERSITAS PGRI ADI BUANA,JAWA TIMUR,14450000.0,BAIK SEKALI,Loc_5-Type_1
UNIVERSITAS PGRI ARGOPURO JEMBER,JAWA TIMUR,10000000.0,BAIK SEKALI,Loc_5-Type_1
UNIVERSITAS PGRI ARGOPURO JEMBER,JAWA TIMUR,10000000.0,BAIK SEKALI,Loc_5-Type_1
UNIVERSITAS PGRI ARGOPURO JEMBER,JAWA TIMUR,10000000.0,BAIK SEKALI,Loc_5-Type_1
UNIVERSITAS PGRI ARGOPURO JEMBER,JAWA TIMUR,10000000.0,BAIK SEKALI,Loc_5-Type_1
UNIVERSITAS PGRI ARGOPURO JEMBER,JAWA TIMUR,10000000.0,BAIK SEKALI,Loc_5-Type_1
UNIVERSITAS PGRI ARGOPURO JEMBER,JAWA TIMUR,10000000.0,BAIK SEKALI,Loc_5-Type_1
UNIVERSITAS PGRI ARGOPURO JEMBER,JAWA TIMUR,10000000.0,BAIK SEKALI,Loc_5-Type_1
UNIVERSITAS PGRI ARGOPURO JEMBER,JAWA TIMUR,10000000.0,BAIK SEKALI,Loc_5-Type_1
UNIVERSITAS PGRI ARGOPURO JEMBER,JAWA TIMUR,10000000.0,BAIK SEKALI,Loc_5-Type_1
UNIVERSITAS PGRI ARGOPURO JEMBER,JAWA TIMUR,10000000.0,BAIK SEKALI,Loc_5-Type_1
UNIVERSITAS PGRI ARGOPURO JEMBER,JAWA TIMUR,10000000.0,BAIK SEKALI,Loc_5-Type_1
UNIVERSITAS PGRI BANYUWANGI,JAWA TIMUR,5400000.0,BAIK,Loc_5-Type_2
UNIVERSITAS PGRI BANYUWANGI,JAWA TIMUR,5400000.0,BAIK,Loc_5-Type_2
UNIVERSITAS PGRI BANYUWANGI,JAWA TIMUR,5400000.0,BAIK,Loc_5-Type_2
UNIVERSITAS PGRI BANYUWANGI,JAWA TIMUR,5400000.0,BAIK,Loc_5-Type_2
UNIVERSITAS PGRI BANYUWANGI,JAWA TIMUR,5400000.0,BAIK,Loc_5-Type_2
UNIVERSITAS PGRI BANYUWANGI,JAWA TIMUR,5400000.0,BAIK,Loc_5-Type_2
UNIVERSITAS PGRI BANYUWANGI,JAWA TIMUR,5400000.0,BAIK,Loc_5-Type_2
UNIVERSITAS PGRI BANYUWANGI,JAWA TIMUR,5400000.0,BAIK,Loc_5-Type_2
UNIVERSITAS PGRI BANYUWANGI,JAWA TIMUR,5400000.0,BAIK,Loc_5-Type_2
UNIVERSITAS PGRI BANYUWANGI,JAWA TIMUR,5400000.0,BAIK,Loc_5-Type_2
UNIVERSITAS PGRI BANYUWANGI,JAWA TIMUR,5400000.0,BAIK,Loc_5-Type_2
UNIVERSITAS PGRI DELTA,JAWA TIMUR,48480000.0,BAIK SEKALI,Loc_5-Type_1
UNIVERSITAS PGRI DELTA,JAWA TIMUR,48480000.0,BAIK SEKALI,Loc_5-Type_1
UNIVERSITAS PGRI DELTA,JAWA TIMUR,48480000.0,BAIK SEKALI,Loc_5-Type_1
UNIVERSITAS PGRI DELTA,JAWA TIMUR,48480000.0,BAIK SEKALI,Loc_5-Type_1
UNIVERSITAS PGRI DELTA,JAWA TIMUR,48480000.0,BAIK SEKALI,Loc_5-Type_1
UNIVERSITAS PGRI KALIMANTAN,KALIMANTAN SELATAN,5275000.0,B,Loc_0-Type_2
UNIVERSITAS PGRI KALIMANTAN,KALIMANTAN SELATAN,5275000.0,B,Loc_0-Type_2
UNIVERSITAS PGRI KALIMANTAN,KALIMANTAN SELATAN,5275000.0,B,Loc_0-Type_2
UNIVERSITAS PGRI KALIMANTAN,KALIMANTAN SELATAN,5275000.0,B,Loc_0-Type_2
UNIVERSITAS PGRI KALIMANTAN,KALIMANTAN SELATAN,5275000.0,B,Loc_0-Type_2
UNIVERSITAS PGRI KALIMANTAN,KALIMANTAN SELATAN,5275000.0,B,Loc_0-Type_2
UNIVERSITAS PGRI KALIMANTAN,KALIMANTAN SELATAN,5275000.0,B,Loc_0-Type_2
UNIVERSITAS PGRI KALIMANTAN,KALIMANTAN SELATAN,5275000.0,B,Loc_0-Type_2
UNIVERSITAS PGRI KANJURUHAN MALANG,JAWA TIMUR,12040000.0,TERAKREDITASI,Loc_5-Type_2
UNIVERSITAS PGRI KANJURUHAN MALANG,JAWA TIMUR,12040000.0,TERAKREDITASI,Loc_5-Type_2
UNIVERSITAS PGRI KANJURUHAN MALANG,JAWA TIMUR,12040000.0,TERAKREDITASI,Loc_5-Type_2
UNIVERSITAS PGRI KANJURUHAN MALANG,JAWA TIMUR,12040000.0,TERAKREDITASI,Loc_5-Type_2
UNIVERSITAS PGRI KANJURUHAN MALANG,JAWA TIMUR,12040000.0,TERAKREDITASI,Loc_5-Type_2
UNIVERSITAS PGRI KANJURUHAN MALANG,JAWA TIMUR,12040000.0,TERAKREDITASI,Loc_5-Type_2
UNIVERSITAS PGRI KANJURUHAN MALANG,JAWA TIMUR,12040000.0,TERAKREDITASI,Loc_5-Type_2
UNIVERSITAS PGRI KANJURUHAN MALANG,JAWA TIMUR,12040000.0,TERAKREDITASI,Loc_5-Type_2
UNIVERSITAS PGRI KANJURUHAN MALANG,JAWA TIMUR,12040000.0,TERAKREDITASI,Loc_5-Type_2
UNIVERSITAS PGRI KANJURUHAN MALANG,JAWA TIMUR,12040000.0,TERAKREDITASI,Loc_5-Type_2
UNIVERSITAS PGRI KANJURUHAN MALANG,JAWA TIMUR,12040000.0,TERAKREDITASI,Loc_5-Type_2
UNIVERSITAS PGRI KANJURUHAN MALANG,JAWA TIMUR,12040000.0,TERAKREDITASI,Loc_5-Type_2
UNIVERSITAS PGRI KANJURUHAN MALANG,JAWA TIMUR,12040000.0,TERAKREDITASI,Loc_5-Type_2
UNIVERSITAS PGRI KANJURUHAN MALANG,JAWA TIMUR,12040000.0,TERAKREDITASI,Loc_5-Type_2
UNIVERSITAS PGRI KANJURUHAN MALANG,JAWA TIMUR,12040000.0,TERAKREDITASI,Loc_5-Type_2
UNIVERSITAS PGRI KANJURUHAN MALANG,JAWA TIMUR,12040000.0,TERAKREDITASI,Loc_5-Type_2
UNIVERSITAS PGRI MADIUN,JAWA TIMUR,10091000.0,B,Loc_5-Type_0
UNIVERSITAS PGRI MADIUN,JAWA TIMUR,10091000.0,B,Loc_5-Type_0
UNIVERSITAS PGRI MADIUN,JAWA TIMUR,10091000.0,B,Loc_5-Type_0
UNIVERSITAS PGRI MADIUN,JAWA TIMUR,10091000.0,B,Loc_5-Type_0
UNIVERSITAS PGRI MADIUN,JAWA TIMUR,10091000.0,B,Loc_5-Type_0
UNIVERSITAS PGRI MADIUN,JAWA TIMUR,10091000.0,B,Loc_5-Type_0
UNIVERSITAS PGRI MADIUN,JAWA TIMUR,10091000.0,B,Loc_5-Type_0
UNIVERSITAS PGRI MADIUN,JAWA TIMUR,10091000.0,B,Loc_5-Type_0
UNIVERSITAS PGRI MADIUN,JAWA TIMUR,10091000.0,B,Loc_5-Type_0
UNIVERSITAS PGRI MADIUN,JAWA TIMUR,10091000.0,B,Loc_5-Type_0
UNIVERSITAS PGRI MADIUN,JAWA TIMUR,10091000.0,B,Loc_5-Type_0
UNIVERSITAS PGRI MADIUN,JAWA TIMUR,10091000.0,B,Loc_5-Type_0
UNIVERSITAS PGRI MADIUN,JAWA TIMUR,10091000.0,B,Loc_5-Type_0
UNIVERSITAS PGRI MADIUN,JAWA TIMUR,10091000.0,B,Loc_5-Type_0
UNIVERSITAS PGRI MADIUN,JAWA TIMUR,10091000.0,B,Loc_5-Type_0
UNIVERSITAS PGRI MADIUN,JAWA TIMUR,10091000.0,B,Loc_5-Type_0
UNIVERSITAS PGRI MADIUN,JAWA TIMUR,10091000.0,B,Loc_5-Type_0
UNIVERSITAS PGRI MADIUN,JAWA TIMUR,10091000.0,B,Loc_5-Type_0
UNIVERSITAS PGRI MADIUN,JAWA TIMUR,10091000.0,B,Loc_5-Type_0
UNIVERSITAS PGRI MADIUN,JAWA TIMUR,10091000.0,B,Loc_5-Type_0
UNIVERSITAS PGRI MAHADEWA INDONESIA,BALI,14350000.0,B,Loc_0-Type_2
UNIVERSITAS PGRI MAHADEWA INDONESIA,BALI,14350000.0,B,Loc_0-Type_2
UNIVERSITAS PGRI MAHADEWA INDONESIA,BALI,14350000.0,B,Loc_0-Type_2
UNIVERSITAS PGRI MAHADEWA INDONESIA,BALI,14350000.0,B,Loc_0-Type_2
UNIVERSITAS PGRI MAHADEWA INDONESIA,BALI,14350000.0,B,Loc_0-Type_2
UNIVERSITAS PGRI MAHADEWA INDONESIA,BALI,14350000.0,B,Loc_0-Type_2
UNIVERSITAS PGRI MAHADEWA INDONESIA,BALI,14350000.0,B,Loc_0-Type_2
UNIVERSITAS PGRI MAHADEWA INDONESIA,BALI,14350000.0,B,Loc_0-Type_2
UNIVERSITAS PGRI MAHADEWA INDONESIA,BALI,14350000.0,B,Loc_0-Type_2
UNIVERSITAS PGRI MAHADEWA INDONESIA,BALI,14350000.0,B,Loc_0-Type_2
UNIVERSITAS PGRI MAHADEWA INDONESIA,BALI,14350000.0,B,Loc_0-Type_2
UNIVERSITAS PGRI MPU SINDOK,JAWA TIMUR,7000000.0,BAIK,Loc_5-Type_2
UNIVERSITAS PGRI MPU SINDOK,JAWA TIMUR,7000000.0,BAIK,Loc_5-Type_2
UNIVERSITAS PGRI MPU SINDOK,JAWA TIMUR,7000000.0,BAIK,Loc_5-Type_2
UNIVERSITAS PGRI MPU SINDOK,JAWA TIMUR,7000000.0,BAIK,Loc_5-Type_2
UNIVERSITAS PGRI MPU SINDOK,JAWA TIMUR,7000000.0,BAIK,Loc_5-Type_2
UNIVERSITAS PGRI MPU SINDOK,JAWA TIMUR,7000000.0,BAIK,Loc_5-Type_2
UNIVERSITAS PGRI MPU SINDOK,JAWA TIMUR,7000000.0,BAIK,Loc_5-Type_2
UNIVERSITAS PGRI MPU SINDOK,JAWA TIMUR,7000000.0,BAIK,Loc_5-Type_2
UNIVERSITAS PGRI MPU SINDOK,JAWA TIMUR,7000000.0,BAIK,Loc_5-Type_2
UNIVERSITAS PGRI MPU SINDOK,JAWA TIMUR,7000000.0,BAIK,Loc_5-Type_2
UNIVERSITAS PGRI MPU SINDOK,JAWA TIMUR,7000000.0,BAIK,Loc_5-Type_2
UNIVERSITAS PGRI PALANGKA RAYA,KALIMANTAN TENGAH,287400000.0,BAIK,Loc_0-Type_2
UNIVERSITAS PGRI PALANGKA RAYA,KALIMANTAN TENGAH,287400000.0,BAIK,Loc_0-Type_2
UNIVERSITAS PGRI PALANGKA RAYA,KALIMANTAN TENGAH,287400000.0,BAIK,Loc_0-Type_2
UNIVERSITAS PGRI PALANGKA RAYA,KALIMANTAN TENGAH,287400000.0,BAIK,Loc_0-Type_2
UNIVERSITAS PGRI PALANGKA RAYA,KALIMANTAN TENGAH,287400000.0,BAIK,Loc_0-Type_2
UNIVERSITAS PGRI PALANGKA RAYA,KALIMANTAN TENGAH,287400000.0,BAIK,Loc_0-Type_2
UNIVERSITAS PGRI PALANGKA RAYA,KALIMANTAN TENGAH,287400000.0,BAIK,Loc_0-Type_2
UNIVERSITAS PGRI PALEMBANG,SUMATERA SELATAN,401975000.0,B,Loc_0-Type_2
UNIVERSITAS PGRI PALEMBANG,SUMATERA SELATAN,401975000.0,B,Loc_0-Type_2
UNIVERSITAS PGRI PALEMBANG,SUMATERA SELATAN,401975000.0,B,Loc_0-Type_2
UNIVERSITAS PGRI PALEMBANG,SUMATERA SELATAN,401975000.0,B,Loc_0-Type_2
UNIVERSITAS PGRI PALEMBANG,SUMATERA SELATAN,401975000.0,B,Loc_0-Type_2
UNIVERSITAS PGRI PALEMBANG,SUMATERA SELATAN,401975000.0,B,Loc_0-Type_2
UNIVERSITAS PGRI PALEMBANG,SUMATERA SELATAN,401975000.0,B,Loc_0-Type_2
UNIVERSITAS PGRI PALEMBANG,SUMATERA SELATAN,401975000.0,B,Loc_0-Type_2
UNIVERSITAS PGRI PALEMBANG,SUMATERA SELATAN,401975000.0,B,Loc_0-Type_2
UNIVERSITAS PGRI PALEMBANG,SUMATERA SELATAN,401975000.0,B,Loc_0-Type_2
UNIVERSITAS PGRI PALEMBANG,SUMATERA SELATAN,401975000.0,B,Loc_0-Type_2
UNIVERSITAS PGRI PALEMBANG,SUMATERA SELATAN,401975000.0,B,Loc_0-Type_2
UNIVERSITAS PGRI PALEMBANG,SUMATERA SELATAN,401975000.0,B,Loc_0-Type_2
UNIVERSITAS PGRI PALEMBANG,SUMATERA SELATAN,401975000.0,B,Loc_0-Type_2
UNIVERSITAS PGRI PALEMBANG,SUMATERA SELATAN,401975000.0,B,Loc_0-Type_2
UNIVERSITAS PGRI PALEMBANG,SUMATERA SELATAN,401975000.0,B,Loc_0-Type_2
UNIVERSITAS PGRI PALEMBANG,SUMATERA SELATAN,401975000.0,B,Loc_0-Type_2
UNIVERSITAS PGRI PALEMBANG,SUMATERA SELATAN,401975000.0,B,Loc_0-Type_2
UNIVERSITAS PGRI PALEMBANG,SUMATERA SELATAN,401975000.0,B,Loc_0-Type_2
UNIVERSITAS PGRI PALEMBANG,SUMATERA SELATAN,401975000.0,B,Loc_0-Type_2
UNIVERSITAS PGRI PALEMBANG,SUMATERA SELATAN,401975000.0,B,Loc_0-Type_2
UNIVERSITAS PGRI PALEMBANG,SUMATERA SELATAN,401975000.0,B,Loc_0-Type_2
UNIVERSITAS PGRI PALEMBANG,SUMATERA SELATAN,401975000.0,B,Loc_0-Type_2
UNIVERSITAS PGRI PALEMBANG,SUMATERA SELATAN,401975000.0,B,Loc_0-Type_2
UNIVERSITAS PGRI PALEMBANG,SUMATERA SELATAN,401975000.0,B,Loc_0-Type_2
UNIVERSITAS PGRI PONTIANAK,KALIMANTAN BARAT,6560000.0,B,Loc_6-Type_0
UNIVERSITAS PGRI PONTIANAK,KALIMANTAN BARAT,6560000.0,B,Loc_6-Type_0
UNIVERSITAS PGRI PONTIANAK,KALIMANTAN BARAT,6560000.0,B,Loc_6-Type_0
UNIVERSITAS PGRI PONTIANAK,KALIMANTAN BARAT,6560000.0,B,Loc_6-Type_0
UNIVERSITAS PGRI PONTIANAK,KALIMANTAN BARAT,6560000.0,B,Loc_6-Type_0
UNIVERSITAS PGRI PONTIANAK,KALIMANTAN BARAT,6560000.0,B,Loc_6-Type_0
UNIVERSITAS PGRI PONTIANAK,KALIMANTAN BARAT,6560000.0,B,Loc_6-Type_0
UNIVERSITAS PGRI PONTIANAK,KALIMANTAN BARAT,6560000.0,B,Loc_6-Type_0
UNIVERSITAS PGRI PONTIANAK,KALIMANTAN BARAT,6560000.0,B,Loc_6-Type_0
UNIVERSITAS PGRI PONTIANAK,KALIMANTAN BARAT,6560000.0,B,Loc_6-Type_0
UNIVERSITAS PGRI PONTIANAK,KALIMANTAN BARAT,6560000.0,B,Loc_6-Type_0
UNIVERSITAS PGRI PONTIANAK,KALIMANTAN BARAT,6560000.0,B,Loc_6-Type_0
UNIVERSITAS PGRI PONTIANAK,KALIMANTAN BARAT,6560000.0,B,Loc_6-Type_0
UNIVERSITAS PGRI PONTIANAK,KALIMANTAN BARAT,6560000.0,B,Loc_6-Type_0
UNIVERSITAS PGRI RONGGOLAWE,JAWA TIMUR,40364875.0,BAIK SEKALI,Loc_5-Type_1
UNIVERSITAS PGRI RONGGOLAWE,JAWA TIMUR,40364875.0,BAIK SEKALI,Loc_5-Type_1
UNIVERSITAS PGRI RONGGOLAWE,JAWA TIMUR,40364875.0,BAIK SEKALI,Loc_5-Type_1
UNIVERSITAS PGRI RONGGOLAWE,JAWA TIMUR,40364875.0,BAIK SEKALI,Loc_5-Type_1
UNIVERSITAS PGRI RONGGOLAWE,JAWA TIMUR,40364875.0,BAIK SEKALI,Loc_5-Type_1
UNIVERSITAS PGRI RONGGOLAWE,JAWA TIMUR,40364875.0,BAIK SEKALI,Loc_5-Type_1
UNIVERSITAS PGRI RONGGOLAWE,JAWA TIMUR,40364875.0,BAIK SEKALI,Loc_5-Type_1
UNIVERSITAS PGRI RONGGOLAWE,JAWA TIMUR,40364875.0,BAIK SEKALI,Loc_5-Type_1
UNIVERSITAS PGRI RONGGOLAWE,JAWA TIMUR,40364875.0,BAIK SEKALI,Loc_5-Type_1
UNIVERSITAS PGRI RONGGOLAWE,JAWA TIMUR,40364875.0,BAIK SEKALI,Loc_5-Type_1
UNIVERSITAS PGRI RONGGOLAWE,JAWA TIMUR,40364875.0,BAIK SEKALI,Loc_5-Type_1
UNIVERSITAS PGRI RONGGOLAWE,JAWA TIMUR,40364875.0,BAIK SEKALI,Loc_5-Type_1
UNIVERSITAS PGRI SEMARANG,JAWA TENGAH,16900000.0,UNGGUL,Loc_7-Type_0
UNIVERSITAS PGRI SEMARANG,JAWA TENGAH,16900000.0,UNGGUL,Loc_7-Type_0
UNIVERSITAS PGRI SEMARANG,JAWA TENGAH,16900000.0,UNGGUL,Loc_7-Type_0
UNIVERSITAS PGRI SEMARANG,JAWA TENGAH,16900000.0,UNGGUL,Loc_7-Type_0
UNIVERSITAS PGRI SEMARANG,JAWA TENGAH,16900000.0,UNGGUL,Loc_7-Type_0
UNIVERSITAS PGRI SEMARANG,JAWA TENGAH,16900000.0,UNGGUL,Loc_7-Type_0
UNIVERSITAS PGRI SEMARANG,JAWA TENGAH,16900000.0,UNGGUL,Loc_7-Type_0
UNIVERSITAS PGRI SEMARANG,JAWA TENGAH,16900000.0,UNGGUL,Loc_7-Type_0
UNIVERSITAS PGRI SEMARANG,JAWA TENGAH,16900000.0,UNGGUL,Loc_7-Type_0
UNIVERSITAS PGRI SEMARANG,JAWA TENGAH,16900000.0,UNGGUL,Loc_7-Type_0
UNIVERSITAS PGRI SEMARANG,JAWA TENGAH,16900000.0,UNGGUL,Loc_7-Type_0
UNIVERSITAS PGRI SEMARANG,JAWA TENGAH,16900000.0,UNGGUL,Loc_7-Type_0
UNIVERSITAS PGRI SEMARANG,JAWA TENGAH,16900000.0,UNGGUL,Loc_7-Type_0
UNIVERSITAS PGRI SEMARANG,JAWA TENGAH,16900000.0,UNGGUL,Loc_7-Type_0
UNIVERSITAS PGRI SEMARANG,JAWA TENGAH,16900000.0,UNGGUL,Loc_7-Type_0
UNIVERSITAS PGRI SEMARANG,JAWA TENGAH,16900000.0,UNGGUL,Loc_7-Type_0
UNIVERSITAS PGRI SEMARANG,JAWA TENGAH,16900000.0,UNGGUL,Loc_7-Type_0
UNIVERSITAS PGRI SEMARANG,JAWA TENGAH,16900000.0,UNGGUL,Loc_7-Type_0
UNIVERSITAS PGRI SEMARANG,JAWA TENGAH,16900000.0,UNGGUL,Loc_7-Type_0
UNIVERSITAS PGRI SILAMPARI,SUMATERA SELATAN,28572900.0,BAIK SEKALI,Loc_0-Type_1
UNIVERSITAS PGRI SILAMPARI,SUMATERA SELATAN,28572900.0,BAIK SEKALI,Loc_0-Type_1
UNIVERSITAS PGRI SILAMPARI,SUMATERA SELATAN,28572900.0,BAIK SEKALI,Loc_0-Type_1
UNIVERSITAS PGRI SILAMPARI,SUMATERA SELATAN,28572900.0,BAIK SEKALI,Loc_0-Type_1
UNIVERSITAS PGRI SILAMPARI,SUMATERA SELATAN,28572900.0,BAIK SEKALI,Loc_0-Type_1
UNIVERSITAS PGRI SILAMPARI,SUMATERA SELATAN,28572900.0,BAIK SEKALI,Loc_0-Type_1
UNIVERSITAS PGRI SILAMPARI,SUMATERA SELATAN,28572900.0,BAIK SEKALI,Loc_0-Type_1
UNIVERSITAS PGRI SILAMPARI,SUMATERA SELATAN,28572900.0,BAIK SEKALI,Loc_0-Type_1
UNIVERSITAS PGRI SILAMPARI,SUMATERA SELATAN,28572900.0,BAIK SEKALI,Loc_0-Type_1
UNIVERSITAS PGRI SILAMPARI,SUMATERA SELATAN,28572900.0,BAIK SEKALI,Loc_0-Type_1
UNIVERSITAS PGRI SILAMPARI,SUMATERA SELATAN,28572900.0,BAIK SEKALI,Loc_0-Type_1
UNIVERSITAS PGRI SILAMPARI,SUMATERA SELATAN,28572900.0,BAIK SEKALI,Loc_0-Type_1
UNIVERSITAS PGRI SUMATERA BARAT,SUMATERA BARAT,10100000.0,B,Loc_0-Type_2
UNIVERSITAS PGRI SUMATERA BARAT,SUMATERA BARAT,10100000.0,B,Loc_0-Type_2
UNIVERSITAS PGRI SUMATERA BARAT,SUMATERA BARAT,10100000.0,B,Loc_0-Type_2
UNIVERSITAS PGRI SUMATERA BARAT,SUMATERA BARAT,10100000.0,B,Loc_0-Type_2
UNIVERSITAS PGRI SUMATERA BARAT,SUMATERA BARAT,10100000.0,B,Loc_0-Type_2
UNIVERSITAS PGRI SUMATERA BARAT,SUMATERA BARAT,10100000.0,B,Loc_0-Type_2
UNIVERSITAS PGRI SUMATERA BARAT,SUMATERA BARAT,10100000.0,B,Loc_0-Type_2
UNIVERSITAS PGRI SUMATERA BARAT,SUMATERA BARAT,10100000.0,B,Loc_0-Type_2
UNIVERSITAS PGRI SUMATERA BARAT,SUMATERA BARAT,10100000.0,B,Loc_0-Type_2
UNIVERSITAS PGRI SUMATERA BARAT,SUMATERA BARAT,10100000.0,B,Loc_0-Type_2
UNIVERSITAS PGRI SUMATERA BARAT,SUMATERA BARAT,10100000.0,B,Loc_0-Type_2
UNIVERSITAS PGRI SUMATERA BARAT,SUMATERA BARAT,10100000.0,B,Loc_0-Type_2
UNIVERSITAS PGRI SUMATERA BARAT,SUMATERA BARAT,10100000.0,B,Loc_0-Type_2
UNIVERSITAS PGRI SUMATERA BARAT,SUMATERA BARAT,10100000.0,B,Loc_0-Type_2
UNIVERSITAS PGRI SUMATERA BARAT,SUMATERA BARAT,10100000.0,B,Loc_0-Type_2
UNIVERSITAS PGRI SUMATERA BARAT,SUMATERA BARAT,10100000.0,B,Loc_0-Type_2
UNIVERSITAS PGRI YOGYAKARTA,D.I. YOGYAKARTA,12100000.0,BAIK SEKALI,Loc_0-Type_1
UNIVERSITAS PGRI YOGYAKARTA,D.I. YOGYAKARTA,12100000.0,BAIK SEKALI,Loc_0-Type_1
UNIVERSITAS PGRI YOGYAKARTA,D.I. YOGYAKARTA,12100000.0,BAIK SEKALI,Loc_0-Type_1
UNIVERSITAS PGRI YOGYAKARTA,D.I. YOGYAKARTA,12100000.0,BAIK SEKALI,Loc_0-Type_1
UNIVERSITAS PGRI YOGYAKARTA,D.I. YOGYAKARTA,12100000.0,BAIK SEKALI,Loc_0-Type_1
UNIVERSITAS PGRI YOGYAKARTA,D.I. YOGYAKARTA,12100000.0,BAIK SEKALI,Loc_0-Type_1
UNIVERSITAS PGRI YOGYAKARTA,D.I. YOGYAKARTA,12100000.0,BAIK SEKALI,Loc_0-Type_1
UNIVERSITAS PGRI YOGYAKARTA,D.I. YOGYAKARTA,12100000.0,BAIK SEKALI,Loc_0-Type_1
UNIVERSITAS PGRI YOGYAKARTA,D.I. YOGYAKARTA,12100000.0,BAIK SEKALI,Loc_0-Type_1
UNIVERSITAS PGRI YOGYAKARTA,D.I. YOGYAKARTA,12100000.0,BAIK SEKALI,Loc_0-Type_1
UNIVERSITAS PGRI YOGYAKARTA,D.I. YOGYAKARTA,12100000.0,BAIK SEKALI,Loc_0-Type_1
UNIVERSITAS PGRI YOGYAKARTA,D.I. YOGYAKARTA,12100000.0,BAIK SEKALI,Loc_0-Type_1
UNIVERSITAS PGRI YOGYAKARTA,D.I. YOGYAKARTA,12100000.0,BAIK SEKALI,Loc_0-Type_1
UNIVERSITAS PGRI YOGYAKARTA,D.I. YOGYAKARTA,12100000.0,BAIK SEKALI,Loc_0-Type_1
UNIVERSITAS PGRI YOGYAKARTA,D.I. YOGYAKARTA,12100000.0,BAIK SEKALI,Loc_0-Type_1
UNIVERSITAS PGRI YOGYAKARTA,D.I. YOGYAKARTA,12100000.0,BAIK SEKALI,Loc_0-Type_1
UNIVERSITAS PGRI YOGYAKARTA,D.I. YOGYAKARTA,12100000.0,BAIK SEKALI,Loc_0-Type_1
UNIVERSITAS PGRI YOGYAKARTA,D.I. YOGYAKARTA,12100000.0,BAIK SEKALI,Loc_0-Type_1
UNIVERSITAS PGRI YOGYAKARTA,D.I. YOGYAKARTA,12100000.0,BAIK SEKALI,Loc_0-Type_1
UNIVERSITAS PIGNATELLI TRIPUTRA,JAWA TENGAH,5250000.0,BAIK,Loc_7-Type_0
UNIVERSITAS PIGNATELLI TRIPUTRA,JAWA TENGAH,5250000.0,BAIK,Loc_7-Type_0
UNIVERSITAS PIGNATELLI TRIPUTRA,JAWA TENGAH,5250000.0,BAIK,Loc_7-Type_0
UNIVERSITAS PIGNATELLI TRIPUTRA,JAWA TENGAH,5250000.0,BAIK,Loc_7-Type_0
UNIVERSITAS PIGNATELLI TRIPUTRA,JAWA TENGAH,5250000.0,BAIK,Loc_7-Type_0
UNIVERSITAS POHUWATO,GORONTALO,3000000.0,BAIK,Loc_0-Type_0
UNIVERSITAS POHUWATO,GORONTALO,3000000.0,BAIK,Loc_0-Type_0
UNIVERSITAS POHUWATO,GORONTALO,3000000.0,BAIK,Loc_0-Type_0
UNIVERSITAS POHUWATO,GORONTALO,3000000.0,BAIK,Loc_0-Type_0
UNIVERSITAS POHUWATO,GORONTALO,3000000.0,BAIK,Loc_0-Type_0
UNIVERSITAS POHUWATO,GORONTALO,3000000.0,BAIK,Loc_0-Type_0
UNIVERSITAS POHUWATO,GORONTALO,3000000.0,BAIK,Loc_0-Type_0
UNIVERSITAS POHUWATO,GORONTALO,3000000.0,BAIK,Loc_0-Type_0
UNIVERSITAS POHUWATO,GORONTALO,3000000.0,BAIK,Loc_0-Type_0
UNIVERSITAS POHUWATO,GORONTALO,3000000.0,BAIK,Loc_0-Type_0
UNIVERSITAS POHUWATO,GORONTALO,3000000.0,BAIK,Loc_0-Type_0
UNIVERSITAS POHUWATO,GORONTALO,3000000.0,BAIK,Loc_0-Type_0
UNIVERSITAS POTENSI UTAMA,SUMATERA UTARA,10325000.0,BAIK SEKALI,Loc_0-Type_1
UNIVERSITAS POTENSI UTAMA,SUMATERA UTARA,10325000.0,BAIK SEKALI,Loc_0-Type_1
UNIVERSITAS POTENSI UTAMA,SUMATERA UTARA,10325000.0,BAIK SEKALI,Loc_0-Type_1
UNIVERSITAS POTENSI UTAMA,SUMATERA UTARA,10325000.0,BAIK SEKALI,Loc_0-Type_1
UNIVERSITAS POTENSI UTAMA,SUMATERA UTARA,10325000.0,BAIK SEKALI,Loc_0-Type_1
UNIVERSITAS POTENSI UTAMA,SUMATERA UTARA,10325000.0,BAIK SEKALI,Loc_0-Type_1
UNIVERSITAS POTENSI UTAMA,SUMATERA UTARA,10325000.0,BAIK SEKALI,Loc_0-Type_1
UNIVERSITAS POTENSI UTAMA,SUMATERA UTARA,10325000.0,BAIK SEKALI,Loc_0-Type_1
UNIVERSITAS POTENSI UTAMA,SUMATERA UTARA,10325000.0,BAIK SEKALI,Loc_0-Type_1
UNIVERSITAS POTENSI UTAMA,SUMATERA UTARA,10325000.0,BAIK SEKALI,Loc_0-Type_1
UNIVERSITAS POTENSI UTAMA,SUMATERA UTARA,10325000.0,BAIK SEKALI,Loc_0-Type_1
UNIVERSITAS POTENSI UTAMA,SUMATERA UTARA,10325000.0,BAIK SEKALI,Loc_0-Type_1
UNIVERSITAS PRABUMULIH,SUMATERA SELATAN,6800000.0,BAIK,Loc_0-Type_0
UNIVERSITAS PRABUMULIH,SUMATERA SELATAN,6800000.0,BAIK,Loc_0-Type_0
UNIVERSITAS PRABUMULIH,SUMATERA SELATAN,6800000.0,BAIK,Loc_0-Type_0
UNIVERSITAS PRABUMULIH,SUMATERA SELATAN,6800000.0,BAIK,Loc_0-Type_0
UNIVERSITAS PRABUMULIH,SUMATERA SELATAN,6800000.0,BAIK,Loc_0-Type_0
UNIVERSITAS PRABUMULIH,SUMATERA SELATAN,6800000.0,BAIK,Loc_0-Type_0
UNIVERSITAS PRAMITA INDONESIA,BANTEN,9000000.0,BAIK,Loc_0-Type_0
UNIVERSITAS PRAMITA INDONESIA,BANTEN,9000000.0,BAIK,Loc_0-Type_0
UNIVERSITAS PRAMITA INDONESIA,BANTEN,9000000.0,BAIK,Loc_0-Type_0
UNIVERSITAS PRAMITA INDONESIA,BANTEN,9000000.0,BAIK,Loc_0-Type_0
UNIVERSITAS PRAMITA INDONESIA,BANTEN,9000000.0,BAIK,Loc_0-Type_0
UNIVERSITAS PRAMITA INDONESIA,BANTEN,9000000.0,BAIK,Loc_0-Type_0
UNIVERSITAS PRAMITA INDONESIA,BANTEN,9000000.0,BAIK,Loc_0-Type_0
UNIVERSITAS PRAMITA INDONESIA,BANTEN,9000000.0,BAIK,Loc_0-Type_0
UNIVERSITAS PRASETIYA MULYA,D.K.I. JAKARTA,51000000.0,BAIK SEKALI,Loc_4-Type_2
UNIVERSITAS PRASETIYA MULYA,D.K.I. JAKARTA,51000000.0,BAIK SEKALI,Loc_4-Type_2
UNIVERSITAS PRASETIYA MULYA,D.K.I. JAKARTA,51000000.0,BAIK SEKALI,Loc_4-Type_2
UNIVERSITAS PRASETIYA MULYA,D.K.I. JAKARTA,51000000.0,BAIK SEKALI,Loc_4-Type_2
UNIVERSITAS PRASETIYA MULYA,D.K.I. JAKARTA,51000000.0,BAIK SEKALI,Loc_4-Type_2
UNIVERSITAS PRASETIYA MULYA,D.K.I. JAKARTA,51000000.0,BAIK SEKALI,Loc_4-Type_2
UNIVERSITAS PRASETIYA MULYA,D.K.I. JAKARTA,51000000.0,BAIK SEKALI,Loc_4-Type_2
UNIVERSITAS PRASETIYA MULYA,D.K.I. JAKARTA,51000000.0,BAIK SEKALI,Loc_4-Type_2
UNIVERSITAS PRASETIYA MULYA,D.K.I. JAKARTA,51000000.0,BAIK SEKALI,Loc_4-Type_2
UNIVERSITAS PRASETIYA MULYA,D.K.I. JAKARTA,51000000.0,BAIK SEKALI,Loc_4-Type_2
UNIVERSITAS PRASETIYA MULYA,D.K.I. JAKARTA,51000000.0,BAIK SEKALI,Loc_4-Type_2
UNIVERSITAS PRASETIYA MULYA,D.K.I. JAKARTA,51000000.0,BAIK SEKALI,Loc_4-Type_2
UNIVERSITAS PRASETIYA MULYA,D.K.I. JAKARTA,51000000.0,BAIK SEKALI,Loc_4-Type_2
UNIVERSITAS PRASETIYA MULYA,D.K.I. JAKARTA,51000000.0,BAIK SEKALI,Loc_4-Type_2
UNIVERSITAS PRASETIYA MULYA,D.K.I. JAKARTA,51000000.0,BAIK SEKALI,Loc_4-Type_2
UNIVERSITAS PRASETIYA MULYA,D.K.I. JAKARTA,51000000.0,BAIK SEKALI,Loc_4-Type_2
UNIVERSITAS PRASETIYA MULYA,D.K.I. JAKARTA,51000000.0,BAIK SEKALI,Loc_4-Type_2
UNIVERSITAS PRESIDEN,JAWA BARAT,79700500.0,UNGGUL,Loc_8-Type_0
UNIVERSITAS PRIMA INDONESIA,SUMATERA UTARA,30000001.0,B,Loc_0-Type_2
UNIVERSITAS PRIMA INDONESIA,SUMATERA UTARA,30000001.0,B,Loc_0-Type_2
UNIVERSITAS PRIMA INDONESIA,SUMATERA UTARA,30000001.0,B,Loc_0-Type_2
UNIVERSITAS PRIMA INDONESIA,SUMATERA UTARA,30000001.0,B,Loc_0-Type_2
UNIVERSITAS PRIMA INDONESIA,SUMATERA UTARA,30000001.0,B,Loc_0-Type_2
UNIVERSITAS PRIMA INDONESIA,SUMATERA UTARA,30000001.0,B,Loc_0-Type_2
UNIVERSITAS PRIMA INDONESIA,SUMATERA UTARA,30000001.0,B,Loc_0-Type_2
UNIVERSITAS PRIMA INDONESIA,SUMATERA UTARA,30000001.0,B,Loc_0-Type_2
UNIVERSITAS PRIMA INDONESIA,SUMATERA UTARA,30000001.0,B,Loc_0-Type_2
UNIVERSITAS PRIMA INDONESIA,SUMATERA UTARA,30000001.0,B,Loc_0-Type_2
UNIVERSITAS PRIMA INDONESIA,SUMATERA UTARA,30000001.0,B,Loc_0-Type_2
UNIVERSITAS PRIMA INDONESIA,SUMATERA UTARA,30000001.0,B,Loc_0-Type_2
UNIVERSITAS PRIMA INDONESIA,SUMATERA UTARA,30000001.0,B,Loc_0-Type_2
UNIVERSITAS PRIMA INDONESIA,SUMATERA UTARA,30000001.0,B,Loc_0-Type_2
UNIVERSITAS PRIMA INDONESIA,SUMATERA UTARA,30000001.0,B,Loc_0-Type_2
UNIVERSITAS PRIMA INDONESIA,SUMATERA UTARA,30000001.0,B,Loc_0-Type_2
UNIVERSITAS PRIMA INDONESIA,SUMATERA UTARA,30000001.0,B,Loc_0-Type_2
UNIVERSITAS PRIMA INDONESIA,SUMATERA UTARA,30000001.0,B,Loc_0-Type_2
UNIVERSITAS PRIMA INDONESIA,SUMATERA UTARA,30000001.0,B,Loc_0-Type_2
UNIVERSITAS PRIMA INDONESIA,SUMATERA UTARA,30000001.0,B,Loc_0-Type_2
UNIVERSITAS PRIMA INDONESIA,SUMATERA UTARA,30000001.0,B,Loc_0-Type_2
UNIVERSITAS PRIMA INDONESIA,SUMATERA UTARA,30000001.0,B,Loc_0-Type_2
UNIVERSITAS PRIMA NUSANTARA BUKITTINGGI,SUMATERA BARAT,7410000.0,UNGGUL,Loc_0-Type_0
UNIVERSITAS PRIMA NUSANTARA BUKITTINGGI,SUMATERA BARAT,7410000.0,UNGGUL,Loc_0-Type_0
UNIVERSITAS PRIMA NUSANTARA BUKITTINGGI,SUMATERA BARAT,7410000.0,UNGGUL,Loc_0-Type_0
UNIVERSITAS PRIMA NUSANTARA BUKITTINGGI,SUMATERA BARAT,7410000.0,UNGGUL,Loc_0-Type_0
UNIVERSITAS PRIMA NUSANTARA BUKITTINGGI,SUMATERA BARAT,7410000.0,UNGGUL,Loc_0-Type_0
UNIVERSITAS PRIMA NUSANTARA BUKITTINGGI,SUMATERA BARAT,7410000.0,UNGGUL,Loc_0-Type_0
UNIVERSITAS PRIMA NUSANTARA BUKITTINGGI,SUMATERA BARAT,7410000.0,UNGGUL,Loc_0-Type_0
UNIVERSITAS PRIMA NUSANTARA BUKITTINGGI,SUMATERA BARAT,7410000.0,UNGGUL,Loc_0-Type_0
UNIVERSITAS PRIMA NUSANTARA BUKITTINGGI,SUMATERA BARAT,7410000.0,UNGGUL,Loc_0-Type_0
UNIVERSITAS PRIMA NUSANTARA BUKITTINGGI,SUMATERA BARAT,7410000.0,UNGGUL,Loc_0-Type_0
UNIVERSITAS PRIMAGRAHA,BANTEN,1100000.0,BAIK,Loc_0-Type_0
UNIVERSITAS PRIMAGRAHA,BANTEN,1100000.0,BAIK,Loc_0-Type_0
UNIVERSITAS PRIMAGRAHA,BANTEN,1100000.0,BAIK,Loc_0-Type_0
UNIVERSITAS PRIMAGRAHA,BANTEN,1100000.0,BAIK,Loc_0-Type_0
UNIVERSITAS PRIMAGRAHA,BANTEN,1100000.0,BAIK,Loc_0-Type_0
UNIVERSITAS PRIMAGRAHA,BANTEN,1100000.0,BAIK,Loc_0-Type_0
UNIVERSITAS PRIMAGRAHA,BANTEN,1100000.0,BAIK,Loc_0-Type_0
UNIVERSITAS PRIMAGRAHA,BANTEN,1100000.0,BAIK,Loc_0-Type_0
UNIVERSITAS PRIMAGRAHA,BANTEN,1100000.0,BAIK,Loc_0-Type_0
UNIVERSITAS PRIMAKARA,BALI,32470000.0,BAIK SEKALI,Loc_0-Type_1
UNIVERSITAS PRIMAKARA,BALI,32470000.0,BAIK SEKALI,Loc_0-Type_1
UNIVERSITAS PRIMAKARA,BALI,32470000.0,BAIK SEKALI,Loc_0-Type_1
UNIVERSITAS PRIMAKARA,BALI,32470000.0,BAIK SEKALI,Loc_0-Type_1
UNIVERSITAS PRIMAKARA,BALI,32470000.0,BAIK SEKALI,Loc_0-Type_1
UNIVERSITAS PRIMAKARA,BALI,32470000.0,BAIK SEKALI,Loc_0-Type_1
UNIVERSITAS PRIMAKARA,BALI,32470000.0,BAIK SEKALI,Loc_0-Type_1
UNIVERSITAS PRISMA,SULAWESI UTARA,9000000.0,TIDAK TERAKREDITASI,Loc_0-Type_0
UNIVERSITAS PRISMA,SULAWESI UTARA,9000000.0,TIDAK TERAKREDITASI,Loc_0-Type_0
UNIVERSITAS PRISMA,SULAWESI UTARA,9000000.0,TIDAK TERAKREDITASI,Loc_0-Type_0
UNIVERSITAS PRISMA,SULAWESI UTARA,9000000.0,TIDAK TERAKREDITASI,Loc_0-Type_0
UNIVERSITAS PRISMA,SULAWESI UTARA,9000000.0,TIDAK TERAKREDITASI,Loc_0-Type_0
UNIVERSITAS PRISMA,SULAWESI UTARA,9000000.0,TIDAK TERAKREDITASI,Loc_0-Type_0
UNIVERSITAS PRISMA,SULAWESI UTARA,9000000.0,TIDAK TERAKREDITASI,Loc_0-Type_0
UNIVERSITAS PRISMA,SULAWESI UTARA,9000000.0,TIDAK TERAKREDITASI,Loc_0-Type_0
UNIVERSITAS PRISMA,SULAWESI UTARA,9000000.0,TIDAK TERAKREDITASI,Loc_0-Type_0
UNIVERSITAS PRISMA,SULAWESI UTARA,9000000.0,TIDAK TERAKREDITASI,Loc_0-Type_0
UNIVERSITAS PRISMA,SULAWESI UTARA,9000000.0,TIDAK TERAKREDITASI,Loc_0-Type_0
UNIVERSITAS PROF DR HAZAIRIN SH,BENGKULU,20575000.0,BAIK SEKALI,Loc_0-Type_1
UNIVERSITAS PROF DR HAZAIRIN SH,BENGKULU,20575000.0,BAIK SEKALI,Loc_0-Type_1
UNIVERSITAS PROF DR HAZAIRIN SH,BENGKULU,20575000.0,BAIK SEKALI,Loc_0-Type_1
UNIVERSITAS PROF DR HAZAIRIN SH,BENGKULU,20575000.0,BAIK SEKALI,Loc_0-Type_1
UNIVERSITAS PROF DR HAZAIRIN SH,BENGKULU,20575000.0,BAIK SEKALI,Loc_0-Type_1
UNIVERSITAS PROF DR HAZAIRIN SH,BENGKULU,20575000.0,BAIK SEKALI,Loc_0-Type_1
UNIVERSITAS PROF DR HAZAIRIN SH,BENGKULU,20575000.0,BAIK SEKALI,Loc_0-Type_1
UNIVERSITAS PROF DR HAZAIRIN SH,BENGKULU,20575000.0,BAIK SEKALI,Loc_0-Type_1
UNIVERSITAS PROF DR HAZAIRIN SH,BENGKULU,20575000.0,BAIK SEKALI,Loc_0-Type_1
UNIVERSITAS PROF DR HAZAIRIN SH,BENGKULU,20575000.0,BAIK SEKALI,Loc_0-Type_1
UNIVERSITAS PROF DR HAZAIRIN SH,BENGKULU,20575000.0,BAIK SEKALI,Loc_0-Type_1
UNIVERSITAS PROF DR MOESTOPO,D.K.I. JAKARTA,31000000.0,B,Loc_4-Type_1
UNIVERSITAS PROF DR MOESTOPO,D.K.I. JAKARTA,31000000.0,B,Loc_4-Type_1
UNIVERSITAS PROF DR MOESTOPO,D.K.I. JAKARTA,31000000.0,B,Loc_4-Type_1
UNIVERSITAS PROF DR MOESTOPO,D.K.I. JAKARTA,31000000.0,B,Loc_4-Type_1
UNIVERSITAS PROKLAMASI 45,DAERAH ISTIMEWA YOGYAKARTA,4000000.0,B,Loc_0-Type_2
UNIVERSITAS PROKLAMASI 45,DAERAH ISTIMEWA YOGYAKARTA,4000000.0,B,Loc_0-Type_2
UNIVERSITAS PROKLAMASI 45,DAERAH ISTIMEWA YOGYAKARTA,4000000.0,B,Loc_0-Type_2
UNIVERSITAS PROKLAMASI 45,DAERAH ISTIMEWA YOGYAKARTA,4000000.0,B,Loc_0-Type_2
UNIVERSITAS PROKLAMASI 45,DAERAH ISTIMEWA YOGYAKARTA,4000000.0,B,Loc_0-Type_2
UNIVERSITAS PROKLAMASI 45,DAERAH ISTIMEWA YOGYAKARTA,4000000.0,B,Loc_0-Type_2
UNIVERSITAS PROKLAMASI 45,DAERAH ISTIMEWA YOGYAKARTA,4000000.0,B,Loc_0-Type_2
UNIVERSITAS PROKLAMASI 45,DAERAH ISTIMEWA YOGYAKARTA,4000000.0,B,Loc_0-Type_2
UNIVERSITAS PUANGRIMAGGALATUNG,SULAWESI SELATAN,6000000.0,BAIK SEKALI,Loc_3-Type_2
UNIVERSITAS PUANGRIMAGGALATUNG,SULAWESI SELATAN,6000000.0,BAIK SEKALI,Loc_3-Type_2
UNIVERSITAS PUANGRIMAGGALATUNG,SULAWESI SELATAN,6000000.0,BAIK SEKALI,Loc_3-Type_2
UNIVERSITAS PUANGRIMAGGALATUNG,SULAWESI SELATAN,6000000.0,BAIK SEKALI,Loc_3-Type_2
UNIVERSITAS PUANGRIMAGGALATUNG,SULAWESI SELATAN,6000000.0,BAIK SEKALI,Loc_3-Type_2
UNIVERSITAS PUANGRIMAGGALATUNG,SULAWESI SELATAN,6000000.0,BAIK SEKALI,Loc_3-Type_2
UNIVERSITAS PUANGRIMAGGALATUNG,SULAWESI SELATAN,6000000.0,BAIK SEKALI,Loc_3-Type_2
UNIVERSITAS PUANGRIMAGGALATUNG,SULAWESI SELATAN,6000000.0,BAIK SEKALI,Loc_3-Type_2
UNIVERSITAS PUANGRIMAGGALATUNG,SULAWESI SELATAN,6000000.0,BAIK SEKALI,Loc_3-Type_2
UNIVERSITAS PUTRA ABADI LANGKAT,SUMATERA UTARA,8000000.0,BAIK,Loc_0-Type_0
UNIVERSITAS PUTRA ABADI LANGKAT,SUMATERA UTARA,8000000.0,BAIK,Loc_0-Type_0
UNIVERSITAS PUTRA ABADI LANGKAT,SUMATERA UTARA,8000000.0,BAIK,Loc_0-Type_0
UNIVERSITAS PUTRA ABADI LANGKAT,SUMATERA UTARA,8000000.0,BAIK,Loc_0-Type_0
UNIVERSITAS PUTRA ABADI LANGKAT,SUMATERA UTARA,8000000.0,BAIK,Loc_0-Type_0
UNIVERSITAS PUTRA BANGSA,JAWA TENGAH,10100000.0,BAIK SEKALI,Loc_7-Type_2
UNIVERSITAS PUTRA BANGSA,JAWA TENGAH,10100000.0,BAIK SEKALI,Loc_7-Type_2
UNIVERSITAS PUTRA BANGSA,JAWA TENGAH,10100000.0,BAIK SEKALI,Loc_7-Type_2
UNIVERSITAS PUTRA BANGSA,JAWA TENGAH,10100000.0,BAIK SEKALI,Loc_7-Type_2
UNIVERSITAS PUTRA BANGSA,JAWA TENGAH,10100000.0,BAIK SEKALI,Loc_7-Type_2
UNIVERSITAS PUTRA BANGSA,JAWA TENGAH,10100000.0,BAIK SEKALI,Loc_7-Type_2
UNIVERSITAS PUTRA INDONESIA,JAWA BARAT,11841500.0,BAIK,Loc_8-Type_2
UNIVERSITAS PUTRA INDONESIA,JAWA BARAT,11841500.0,BAIK,Loc_8-Type_2
UNIVERSITAS PUTRA INDONESIA,JAWA BARAT,11841500.0,BAIK,Loc_8-Type_2
UNIVERSITAS PUTRA INDONESIA,JAWA BARAT,11841500.0,BAIK,Loc_8-Type_2
UNIVERSITAS PUTRA INDONESIA,JAWA BARAT,11841500.0,BAIK,Loc_8-Type_2
UNIVERSITAS PUTRA INDONESIA YPTK PADANG,SUMATERA BARAT,6950000.0,B,Loc_0-Type_2
UNIVERSITAS PUTRA INDONESIA YPTK PADANG,SUMATERA BARAT,6950000.0,B,Loc_0-Type_2
UNIVERSITAS PUTRA INDONESIA YPTK PADANG,SUMATERA BARAT,6950000.0,B,Loc_0-Type_2
UNIVERSITAS PUTRA INDONESIA YPTK PADANG,SUMATERA BARAT,6950000.0,B,Loc_0-Type_2
UNIVERSITAS PUTRA INDONESIA YPTK PADANG,SUMATERA BARAT,6950000.0,B,Loc_0-Type_2
UNIVERSITAS PUTRA INDONESIA YPTK PADANG,SUMATERA BARAT,6950000.0,B,Loc_0-Type_2
UNIVERSITAS PUTRA INDONESIA YPTK PADANG,SUMATERA BARAT,6950000.0,B,Loc_0-Type_2
UNIVERSITAS PUTRA INDONESIA YPTK PADANG,SUMATERA BARAT,6950000.0,B,Loc_0-Type_2
UNIVERSITAS PUTRA INDONESIA YPTK PADANG,SUMATERA BARAT,6950000.0,B,Loc_0-Type_2
UNIVERSITAS PUTRA INDONESIA YPTK PADANG,SUMATERA BARAT,6950000.0,B,Loc_0-Type_2
UNIVERSITAS PUTRA INDONESIA YPTK PADANG,SUMATERA BARAT,6950000.0,B,Loc_0-Type_2
UNIVERSITAS PUTRA INDONESIA YPTK PADANG,SUMATERA BARAT,6950000.0,B,Loc_0-Type_2
UNIVERSITAS PUTRA INDONESIA YPTK PADANG,SUMATERA BARAT,6950000.0,B,Loc_0-Type_2
UNIVERSITAS QAMARUL HUDA BADARUDDIN BAGU,NUSA TENGGARA BARAT,26500000.0,BAIK,Loc_0-Type_0
UNIVERSITAS QAMARUL HUDA BADARUDDIN BAGU,NUSA TENGGARA BARAT,26500000.0,BAIK,Loc_0-Type_0
UNIVERSITAS QAMARUL HUDA BADARUDDIN BAGU,NUSA TENGGARA BARAT,26500000.0,BAIK,Loc_0-Type_0
UNIVERSITAS QAMARUL HUDA BADARUDDIN BAGU,NUSA TENGGARA BARAT,26500000.0,BAIK,Loc_0-Type_0
UNIVERSITAS QAMARUL HUDA BADARUDDIN BAGU,NUSA TENGGARA BARAT,26500000.0,BAIK,Loc_0-Type_0
UNIVERSITAS QAMARUL HUDA BADARUDDIN BAGU,NUSA TENGGARA BARAT,26500000.0,BAIK,Loc_0-Type_0
UNIVERSITAS QAMARUL HUDA BADARUDDIN BAGU,NUSA TENGGARA BARAT,26500000.0,BAIK,Loc_0-Type_0
UNIVERSITAS QAMARUL HUDA BADARUDDIN BAGU,NUSA TENGGARA BARAT,26500000.0,BAIK,Loc_0-Type_0
UNIVERSITAS QAMARUL HUDA BADARUDDIN BAGU,NUSA TENGGARA BARAT,26500000.0,BAIK,Loc_0-Type_0
UNIVERSITAS QAMARUL HUDA BADARUDDIN BAGU,NUSA TENGGARA BARAT,26500000.0,BAIK,Loc_0-Type_0
UNIVERSITAS QOMARUDDIN,JAWA TIMUR,6200000.0,BAIK,Loc_5-Type_2
UNIVERSITAS QOMARUDDIN,JAWA TIMUR,6200000.0,BAIK,Loc_5-Type_2
UNIVERSITAS QOMARUDDIN,JAWA TIMUR,6200000.0,BAIK,Loc_5-Type_2
UNIVERSITAS QOMARUDDIN,JAWA TIMUR,6200000.0,BAIK,Loc_5-Type_2
UNIVERSITAS QOMARUDDIN,JAWA TIMUR,6200000.0,BAIK,Loc_5-Type_2
UNIVERSITAS QUALITY,SUMATERA UTARA,7400001.0,BAIK,Loc_0-Type_0
UNIVERSITAS QUALITY,SUMATERA UTARA,7400001.0,BAIK,Loc_0-Type_0
UNIVERSITAS QUALITY,SUMATERA UTARA,7400001.0,BAIK,Loc_0-Type_0
UNIVERSITAS QUALITY,SUMATERA UTARA,7400001.0,BAIK,Loc_0-Type_0
UNIVERSITAS QUALITY,SUMATERA UTARA,7400001.0,BAIK,Loc_0-Type_0
UNIVERSITAS QUALITY,SUMATERA UTARA,7400001.0,BAIK,Loc_0-Type_0
UNIVERSITAS QUALITY,SUMATERA UTARA,7400001.0,BAIK,Loc_0-Type_0
UNIVERSITAS QUALITY,SUMATERA UTARA,7400001.0,BAIK,Loc_0-Type_0
UNIVERSITAS QUALITY,SUMATERA UTARA,7400001.0,BAIK,Loc_0-Type_0
UNIVERSITAS QUALITY,SUMATERA UTARA,7400001.0,BAIK,Loc_0-Type_0
UNIVERSITAS QUALITY,SUMATERA UTARA,7400001.0,BAIK,Loc_0-Type_0
UNIVERSITAS QUALITY BERASTAGI,SUMATERA UTARA,5700000.0,BAIK,Loc_0-Type_0
UNIVERSITAS QUALITY BERASTAGI,SUMATERA UTARA,5700000.0,BAIK,Loc_0-Type_0
UNIVERSITAS QUALITY BERASTAGI,SUMATERA UTARA,5700000.0,BAIK,Loc_0-Type_0
UNIVERSITAS QUALITY BERASTAGI,SUMATERA UTARA,5700000.0,BAIK,Loc_0-Type_0
UNIVERSITAS QUALITY BERASTAGI,SUMATERA UTARA,5700000.0,BAIK,Loc_0-Type_0
UNIVERSITAS QUALITY BERASTAGI,SUMATERA UTARA,5700000.0,BAIK,Loc_0-Type_0
UNIVERSITAS QUALITY BERASTAGI,SUMATERA UTARA,5700000.0,BAIK,Loc_0-Type_0
UNIVERSITAS QUALITY BERASTAGI,SUMATERA UTARA,5700000.0,BAIK,Loc_0-Type_0
UNIVERSITAS RAHARJA,BANTEN,12375870.0,TERAKREDITASI,Loc_0-Type_1
UNIVERSITAS RAHARJA,BANTEN,12375870.0,TERAKREDITASI,Loc_0-Type_1
UNIVERSITAS RAHARJA,BANTEN,12375870.0,TERAKREDITASI,Loc_0-Type_1
UNIVERSITAS RAHARJA,BANTEN,12375870.0,TERAKREDITASI,Loc_0-Type_1
UNIVERSITAS RAHARJA,BANTEN,12375870.0,TERAKREDITASI,Loc_0-Type_1
UNIVERSITAS RAHARJA,BANTEN,12375870.0,TERAKREDITASI,Loc_0-Type_1
UNIVERSITAS RAHARJA,BANTEN,12375870.0,TERAKREDITASI,Loc_0-Type_1
UNIVERSITAS RAHARJA,BANTEN,12375870.0,TERAKREDITASI,Loc_0-Type_1
UNIVERSITAS RAHARJA,BANTEN,12375870.0,TERAKREDITASI,Loc_0-Type_1
UNIVERSITAS RAHARJA,BANTEN,12375870.0,TERAKREDITASI,Loc_0-Type_1
UNIVERSITAS RAHARJA,BANTEN,12375870.0,TERAKREDITASI,Loc_0-Type_1
UNIVERSITAS RESPATI INDONESIA,D.K.I. JAKARTA,14400000.0,B,Loc_4-Type_1
UNIVERSITAS RESPATI INDONESIA,D.K.I. JAKARTA,14400000.0,B,Loc_4-Type_1
UNIVERSITAS RESPATI INDONESIA,D.K.I. JAKARTA,14400000.0,B,Loc_4-Type_1
UNIVERSITAS RESPATI INDONESIA,D.K.I. JAKARTA,14400000.0,B,Loc_4-Type_1
UNIVERSITAS RESPATI INDONESIA,D.K.I. JAKARTA,14400000.0,B,Loc_4-Type_1
UNIVERSITAS RESPATI INDONESIA,D.K.I. JAKARTA,14400000.0,B,Loc_4-Type_1
UNIVERSITAS RESPATI INDONESIA,D.K.I. JAKARTA,14400000.0,B,Loc_4-Type_1
UNIVERSITAS RESPATI INDONESIA,D.K.I. JAKARTA,14400000.0,B,Loc_4-Type_1
UNIVERSITAS RESPATI YOGYAKARTA,D.I. YOGYAKARTA,17800000.0,B,Loc_0-Type_2
UNIVERSITAS RESPATI YOGYAKARTA,D.I. YOGYAKARTA,17800000.0,B,Loc_0-Type_2
UNIVERSITAS RESPATI YOGYAKARTA,D.I. YOGYAKARTA,17800000.0,B,Loc_0-Type_2
UNIVERSITAS RESPATI YOGYAKARTA,D.I. YOGYAKARTA,17800000.0,B,Loc_0-Type_2
UNIVERSITAS RESPATI YOGYAKARTA,D.I. YOGYAKARTA,17800000.0,B,Loc_0-Type_2
UNIVERSITAS RESPATI YOGYAKARTA,D.I. YOGYAKARTA,17800000.0,B,Loc_0-Type_2
UNIVERSITAS RESPATI YOGYAKARTA,D.I. YOGYAKARTA,17800000.0,B,Loc_0-Type_2
UNIVERSITAS RESPATI YOGYAKARTA,D.I. YOGYAKARTA,17800000.0,B,Loc_0-Type_2
UNIVERSITAS RESPATI YOGYAKARTA,D.I. YOGYAKARTA,17800000.0,B,Loc_0-Type_2
UNIVERSITAS RESPATI YOGYAKARTA,D.I. YOGYAKARTA,17800000.0,B,Loc_0-Type_2
UNIVERSITAS RESPATI YOGYAKARTA,D.I. YOGYAKARTA,17800000.0,B,Loc_0-Type_2
UNIVERSITAS RESPATI YOGYAKARTA,D.I. YOGYAKARTA,17800000.0,B,Loc_0-Type_2
UNIVERSITAS ROYAL,SUMATERA UTARA,4500000.0,B,Loc_0-Type_2
UNIVERSITAS ROYAL,SUMATERA UTARA,4500000.0,B,Loc_0-Type_2
UNIVERSITAS ROYAL,SUMATERA UTARA,4500000.0,B,Loc_0-Type_2
UNIVERSITAS ROYAL,SUMATERA UTARA,4500000.0,B,Loc_0-Type_2
UNIVERSITAS ROYAL,SUMATERA UTARA,4500000.0,B,Loc_0-Type_2
UNIVERSITAS ROYAL,SUMATERA UTARA,4500000.0,B,Loc_0-Type_2
UNIVERSITAS ROYAL,SUMATERA UTARA,4500000.0,B,Loc_0-Type_2
UNIVERSITAS SAFIN PATI,JAWA TENGAH,12000000.0,BAIK,Loc_7-Type_0
UNIVERSITAS SAFIN PATI,JAWA TENGAH,12000000.0,BAIK,Loc_7-Type_0
UNIVERSITAS SAFIN PATI,JAWA TENGAH,12000000.0,BAIK,Loc_7-Type_0
UNIVERSITAS SAFIN PATI,JAWA TENGAH,12000000.0,BAIK,Loc_7-Type_0
UNIVERSITAS SAFIN PATI,JAWA TENGAH,12000000.0,BAIK,Loc_7-Type_0
UNIVERSITAS SAFIN PATI,JAWA TENGAH,12000000.0,BAIK,Loc_7-Type_0
UNIVERSITAS SAFIN PATI,JAWA TENGAH,12000000.0,BAIK,Loc_7-Type_0
UNIVERSITAS SAFIN PATI,JAWA TENGAH,12000000.0,BAIK,Loc_7-Type_0
UNIVERSITAS SAFIN PATI,JAWA TENGAH,12000000.0,BAIK,Loc_7-Type_0
UNIVERSITAS SAHID,D.K.I. JAKARTA,15450000.0,UNGGUL,Loc_4-Type_2
UNIVERSITAS SAHID,D.K.I. JAKARTA,15450000.0,UNGGUL,Loc_4-Type_2
UNIVERSITAS SAHID,D.K.I. JAKARTA,15450000.0,UNGGUL,Loc_4-Type_2
UNIVERSITAS SAHID,D.K.I. JAKARTA,15450000.0,UNGGUL,Loc_4-Type_2
UNIVERSITAS SAHID,D.K.I. JAKARTA,15450000.0,UNGGUL,Loc_4-Type_2
UNIVERSITAS SAHID,D.K.I. JAKARTA,15450000.0,UNGGUL,Loc_4-Type_2
UNIVERSITAS SAHID,D.K.I. JAKARTA,15450000.0,UNGGUL,Loc_4-Type_2
UNIVERSITAS SAHID,D.K.I. JAKARTA,15450000.0,UNGGUL,Loc_4-Type_2
UNIVERSITAS SAHID,D.K.I. JAKARTA,15450000.0,UNGGUL,Loc_4-Type_2
UNIVERSITAS SAHID JAKARTA,DKI JAKARTA,14500000.0,B,Loc_0-Type_2
UNIVERSITAS SAHID JAKARTA,DKI JAKARTA,14500000.0,B,Loc_0-Type_2
UNIVERSITAS SAHID JAKARTA,DKI JAKARTA,14500000.0,B,Loc_0-Type_2
UNIVERSITAS SAHID JAKARTA,DKI JAKARTA,14500000.0,B,Loc_0-Type_2
UNIVERSITAS SAHID JAKARTA,DKI JAKARTA,14500000.0,B,Loc_0-Type_2
UNIVERSITAS SAHID JAKARTA,DKI JAKARTA,14500000.0,B,Loc_0-Type_2
UNIVERSITAS SAHID JAKARTA,DKI JAKARTA,14500000.0,B,Loc_0-Type_2
UNIVERSITAS SAHID JAKARTA,DKI JAKARTA,14500000.0,B,Loc_0-Type_2
UNIVERSITAS SAHID JAKARTA,DKI JAKARTA,14500000.0,B,Loc_0-Type_2
UNIVERSITAS SAINS ALQUR AN,JAWA TENGAH,25745000.0,UNGGUL,Loc_7-Type_2
UNIVERSITAS SAINS ALQUR AN,JAWA TENGAH,25745000.0,UNGGUL,Loc_7-Type_2
UNIVERSITAS SAINS ALQUR AN,JAWA TENGAH,25745000.0,UNGGUL,Loc_7-Type_2
UNIVERSITAS SAINS ALQUR AN,JAWA TENGAH,25745000.0,UNGGUL,Loc_7-Type_2
UNIVERSITAS SAINS ALQUR AN,JAWA TENGAH,25745000.0,UNGGUL,Loc_7-Type_2
UNIVERSITAS SAINS ALQUR AN,JAWA TENGAH,25745000.0,UNGGUL,Loc_7-Type_2
UNIVERSITAS SAINS ALQUR AN,JAWA TENGAH,25745000.0,UNGGUL,Loc_7-Type_2
UNIVERSITAS SAINS CUT NYAK DHIEN,ACEH,9000000.0,BAIK,Loc_0-Type_0
UNIVERSITAS SAINS CUT NYAK DHIEN,ACEH,9000000.0,BAIK,Loc_0-Type_0
UNIVERSITAS SAINS CUT NYAK DHIEN,ACEH,9000000.0,BAIK,Loc_0-Type_0
UNIVERSITAS SAINS CUT NYAK DHIEN,ACEH,9000000.0,BAIK,Loc_0-Type_0
UNIVERSITAS SAINS CUT NYAK DHIEN,ACEH,9000000.0,BAIK,Loc_0-Type_0
UNIVERSITAS SAINS CUT NYAK DHIEN,ACEH,9000000.0,BAIK,Loc_0-Type_0
UNIVERSITAS SAINS CUT NYAK DHIEN,ACEH,9000000.0,BAIK,Loc_0-Type_0
UNIVERSITAS SAINS CUT NYAK DHIEN,ACEH,9000000.0,BAIK,Loc_0-Type_0
UNIVERSITAS SAINS CUT NYAK DHIEN,ACEH,9000000.0,BAIK,Loc_0-Type_0
UNIVERSITAS SAINS CUT NYAK DHIEN,ACEH,9000000.0,BAIK,Loc_0-Type_0
UNIVERSITAS SAINS DAN TEKNOLOGI JAYAPURA,PAPUA,10500000.0,BAIK,Loc_9-Type_2
UNIVERSITAS SAINS DAN TEKNOLOGI JAYAPURA,PAPUA,10500000.0,BAIK,Loc_9-Type_2
UNIVERSITAS SAINS DAN TEKNOLOGI JAYAPURA,PAPUA,10500000.0,BAIK,Loc_9-Type_2
UNIVERSITAS SAINS DAN TEKNOLOGI JAYAPURA,PAPUA,10500000.0,BAIK,Loc_9-Type_2
UNIVERSITAS SAINS DAN TEKNOLOGI JAYAPURA,PAPUA,10500000.0,BAIK,Loc_9-Type_2
UNIVERSITAS SAINS DAN TEKNOLOGI JAYAPURA,PAPUA,10500000.0,BAIK,Loc_9-Type_2
UNIVERSITAS SAINS DAN TEKNOLOGI JAYAPURA,PAPUA,10500000.0,BAIK,Loc_9-Type_2
UNIVERSITAS SAINS DAN TEKNOLOGI JAYAPURA,PAPUA,10500000.0,BAIK,Loc_9-Type_2
UNIVERSITAS SAINS DAN TEKNOLOGI JAYAPURA,PAPUA,10500000.0,BAIK,Loc_9-Type_2
UNIVERSITAS SAINS DAN TEKNOLOGI JAYAPURA,PAPUA,10500000.0,BAIK,Loc_9-Type_2
UNIVERSITAS SAINS DAN TEKNOLOGI JAYAPURA,PAPUA,10500000.0,BAIK,Loc_9-Type_2
UNIVERSITAS SAINS DAN TEKNOLOGI JAYAPURA,PAPUA,10500000.0,BAIK,Loc_9-Type_2
UNIVERSITAS SAINS DAN TEKNOLOGI JAYAPURA,PAPUA,10500000.0,BAIK,Loc_9-Type_2
UNIVERSITAS SAINS DAN TEKNOLOGI JAYAPURA,PAPUA,10500000.0,BAIK,Loc_9-Type_2
UNIVERSITAS SAINS DAN TEKNOLOGI JAYAPURA,PAPUA,10500000.0,BAIK,Loc_9-Type_2
UNIVERSITAS SAINS DAN TEKNOLOGI KOMPUTER,JAWA TENGAH,33048600.0,BAIK,Loc_7-Type_0
UNIVERSITAS SAINS DAN TEKNOLOGI KOMPUTER,JAWA TENGAH,33048600.0,BAIK,Loc_7-Type_0
UNIVERSITAS SAINS DAN TEKNOLOGI KOMPUTER,JAWA TENGAH,33048600.0,BAIK,Loc_7-Type_0
UNIVERSITAS SAINS DAN TEKNOLOGI KOMPUTER,JAWA TENGAH,33048600.0,BAIK,Loc_7-Type_0
UNIVERSITAS SAINS DAN TEKNOLOGI KOMPUTER,JAWA TENGAH,33048600.0,BAIK,Loc_7-Type_0
UNIVERSITAS SAINS DAN TEKNOLOGI KOMPUTER,JAWA TENGAH,33048600.0,BAIK,Loc_7-Type_0
UNIVERSITAS SAINS DAN TEKNOLOGI KOMPUTER,JAWA TENGAH,33048600.0,BAIK,Loc_7-Type_0
UNIVERSITAS SAINS ISLAM AL MAWADDAH WARRAHMAH KOLAKA,SULAWESI TENGGARA,5160000.0,BAIK,Loc_0-Type_0
UNIVERSITAS SAINS ISLAM AL MAWADDAH WARRAHMAH KOLAKA,SULAWESI TENGGARA,5160000.0,BAIK,Loc_0-Type_0
UNIVERSITAS SAINS ISLAM AL MAWADDAH WARRAHMAH KOLAKA,SULAWESI TENGGARA,5160000.0,BAIK,Loc_0-Type_0
UNIVERSITAS SAINS ISLAM AL MAWADDAH WARRAHMAH KOLAKA,SULAWESI TENGGARA,5160000.0,BAIK,Loc_0-Type_0
UNIVERSITAS SAINTEK MUHAMMADIYAH,D.K.I. JAKARTA,4800000.0,BAIK,Loc_4-Type_0
UNIVERSITAS SAINTEK MUHAMMADIYAH,D.K.I. JAKARTA,4800000.0,BAIK,Loc_4-Type_0
UNIVERSITAS SAINTEK MUHAMMADIYAH,D.K.I. JAKARTA,4800000.0,BAIK,Loc_4-Type_0
UNIVERSITAS SAINTEK MUHAMMADIYAH,D.K.I. JAKARTA,4800000.0,BAIK,Loc_4-Type_0
UNIVERSITAS SAINTEK MUHAMMADIYAH,D.K.I. JAKARTA,4800000.0,BAIK,Loc_4-Type_0
UNIVERSITAS SALAKANAGARA,BANTEN,11400000.0,B,Loc_0-Type_2
UNIVERSITAS SALAKANAGARA,BANTEN,11400000.0,B,Loc_0-Type_2
UNIVERSITAS SALAKANAGARA,BANTEN,11400000.0,B,Loc_0-Type_2
UNIVERSITAS SALAKANAGARA,BANTEN,11400000.0,B,Loc_0-Type_2
UNIVERSITAS SALAKANAGARA,BANTEN,11400000.0,B,Loc_0-Type_2
UNIVERSITAS SALI AL-AITAAM,JAWA BARAT,31515000.0,BAIK,Loc_8-Type_2
UNIVERSITAS SALI AL-AITAAM,JAWA BARAT,31515000.0,BAIK,Loc_8-Type_2
UNIVERSITAS SALI AL-AITAAM,JAWA BARAT,31515000.0,BAIK,Loc_8-Type_2
UNIVERSITAS SALI AL-AITAAM,JAWA BARAT,31515000.0,BAIK,Loc_8-Type_2
UNIVERSITAS SALI AL-AITAAM,JAWA BARAT,31515000.0,BAIK,Loc_8-Type_2
UNIVERSITAS SALI AL-AITAAM,JAWA BARAT,31515000.0,BAIK,Loc_8-Type_2
UNIVERSITAS SALI AL-AITAAM,JAWA BARAT,31515000.0,BAIK,Loc_8-Type_2
UNIVERSITAS SALI AL-AITAAM,JAWA BARAT,31515000.0,BAIK,Loc_8-Type_2
UNIVERSITAS SALI AL-AITAAM,JAWA BARAT,31515000.0,BAIK,Loc_8-Type_2
UNIVERSITAS SAMAWA,NUSA TENGGARA BARAT,16755000.0,BAIK,Loc_0-Type_0
UNIVERSITAS SAMAWA,NUSA TENGGARA BARAT,16755000.0,BAIK,Loc_0-Type_0
UNIVERSITAS SAMAWA,NUSA TENGGARA BARAT,16755000.0,BAIK,Loc_0-Type_0
UNIVERSITAS SAMAWA,NUSA TENGGARA BARAT,16755000.0,BAIK,Loc_0-Type_0
UNIVERSITAS SAMAWA,NUSA TENGGARA BARAT,16755000.0,BAIK,Loc_0-Type_0
UNIVERSITAS SAMAWA,NUSA TENGGARA BARAT,16755000.0,BAIK,Loc_0-Type_0
UNIVERSITAS SAMAWA,NUSA TENGGARA BARAT,16755000.0,BAIK,Loc_0-Type_0
UNIVERSITAS SAMAWA,NUSA TENGGARA BARAT,16755000.0,BAIK,Loc_0-Type_0
UNIVERSITAS SAMAWA,NUSA TENGGARA BARAT,16755000.0,BAIK,Loc_0-Type_0
UNIVERSITAS SAMAWA,NUSA TENGGARA BARAT,16755000.0,BAIK,Loc_0-Type_0
UNIVERSITAS SAMAWA,NUSA TENGGARA BARAT,16755000.0,BAIK,Loc_0-Type_0
UNIVERSITAS SAMAWA,NUSA TENGGARA BARAT,16755000.0,BAIK,Loc_0-Type_0
UNIVERSITAS SAMAWA,NUSA TENGGARA BARAT,16755000.0,BAIK,Loc_0-Type_0
UNIVERSITAS SANATA DHARMA,D.I. YOGYAKARTA,18925000.0,A,Loc_0-Type_1
UNIVERSITAS SANATA DHARMA,D.I. YOGYAKARTA,18925000.0,A,Loc_0-Type_1
UNIVERSITAS SANATA DHARMA,D.I. YOGYAKARTA,18925000.0,A,Loc_0-Type_1
UNIVERSITAS SANATA DHARMA,D.I. YOGYAKARTA,18925000.0,A,Loc_0-Type_1
UNIVERSITAS SANATA DHARMA,D.I. YOGYAKARTA,18925000.0,A,Loc_0-Type_1
UNIVERSITAS SANATA DHARMA,D.I. YOGYAKARTA,18925000.0,A,Loc_0-Type_1
UNIVERSITAS SANATA DHARMA,D.I. YOGYAKARTA,18925000.0,A,Loc_0-Type_1
UNIVERSITAS SANATA DHARMA,D.I. YOGYAKARTA,18925000.0,A,Loc_0-Type_1
UNIVERSITAS SANATA DHARMA,D.I. YOGYAKARTA,18925000.0,A,Loc_0-Type_1
UNIVERSITAS SANATA DHARMA,D.I. YOGYAKARTA,18925000.0,A,Loc_0-Type_1
UNIVERSITAS SANATA DHARMA,D.I. YOGYAKARTA,18925000.0,A,Loc_0-Type_1
UNIVERSITAS SANATA DHARMA,D.I. YOGYAKARTA,18925000.0,A,Loc_0-Type_1
UNIVERSITAS SANATA DHARMA,D.I. YOGYAKARTA,18925000.0,A,Loc_0-Type_1
UNIVERSITAS SANATA DHARMA,D.I. YOGYAKARTA,18925000.0,A,Loc_0-Type_1
UNIVERSITAS SANATA DHARMA,D.I. YOGYAKARTA,18925000.0,A,Loc_0-Type_1
UNIVERSITAS SANATA DHARMA,D.I. YOGYAKARTA,18925000.0,A,Loc_0-Type_1
UNIVERSITAS SANATA DHARMA,D.I. YOGYAKARTA,18925000.0,A,Loc_0-Type_1
UNIVERSITAS SANATA DHARMA,D.I. YOGYAKARTA,18925000.0,A,Loc_0-Type_1
UNIVERSITAS SANATA DHARMA,D.I. YOGYAKARTA,18925000.0,A,Loc_0-Type_1
UNIVERSITAS SANG BUMI RUWA JURAI,LAMPUNG,9500000.0,BAIK SEKALI,Loc_1-Type_0
UNIVERSITAS SANG BUMI RUWA JURAI,LAMPUNG,9500000.0,BAIK SEKALI,Loc_1-Type_0
UNIVERSITAS SANG BUMI RUWA JURAI,LAMPUNG,9500000.0,BAIK SEKALI,Loc_1-Type_0
UNIVERSITAS SANG BUMI RUWA JURAI,LAMPUNG,9500000.0,BAIK SEKALI,Loc_1-Type_0
UNIVERSITAS SANG BUMI RUWA JURAI,LAMPUNG,9500000.0,BAIK SEKALI,Loc_1-Type_0
UNIVERSITAS SANG BUMI RUWA JURAI,LAMPUNG,9500000.0,BAIK SEKALI,Loc_1-Type_0
UNIVERSITAS SANGGA BUANA,JAWA BARAT,21940000.0,UNGGUL,Loc_8-Type_1
UNIVERSITAS SANGGA BUANA,JAWA BARAT,21940000.0,UNGGUL,Loc_8-Type_1
UNIVERSITAS SANGGA BUANA,JAWA BARAT,21940000.0,UNGGUL,Loc_8-Type_1
UNIVERSITAS SANGGA BUANA,JAWA BARAT,21940000.0,UNGGUL,Loc_8-Type_1
UNIVERSITAS SANGGA BUANA,JAWA BARAT,21940000.0,UNGGUL,Loc_8-Type_1
UNIVERSITAS SANGGA BUANA,JAWA BARAT,21940000.0,UNGGUL,Loc_8-Type_1
UNIVERSITAS SANGGA BUANA,JAWA BARAT,21940000.0,UNGGUL,Loc_8-Type_1
UNIVERSITAS SANGGA BUANA,JAWA BARAT,21940000.0,UNGGUL,Loc_8-Type_1
UNIVERSITAS SANGGA BUANA,JAWA BARAT,21940000.0,UNGGUL,Loc_8-Type_1
UNIVERSITAS SANGGA BUANA,JAWA BARAT,21940000.0,UNGGUL,Loc_8-Type_1
UNIVERSITAS SAPTA MANDIRI,KALIMANTAN SELATAN,5400000.0,BAIK,Loc_0-Type_0
UNIVERSITAS SAPTA MANDIRI,KALIMANTAN SELATAN,5400000.0,BAIK,Loc_0-Type_0
UNIVERSITAS SAPTA MANDIRI,KALIMANTAN SELATAN,5400000.0,BAIK,Loc_0-Type_0
UNIVERSITAS SAPTA MANDIRI,KALIMANTAN SELATAN,5400000.0,BAIK,Loc_0-Type_0
UNIVERSITAS SAPTA MANDIRI,KALIMANTAN SELATAN,5400000.0,BAIK,Loc_0-Type_0
UNIVERSITAS SAPTA MANDIRI,KALIMANTAN SELATAN,5400000.0,BAIK,Loc_0-Type_0
UNIVERSITAS SARI MULIA,KALIMANTAN SELATAN,41850000.0,BAIK,Loc_0-Type_0
UNIVERSITAS SARI MULIA,KALIMANTAN SELATAN,41850000.0,BAIK,Loc_0-Type_0
UNIVERSITAS SARI MULIA,KALIMANTAN SELATAN,41850000.0,BAIK,Loc_0-Type_0
UNIVERSITAS SARI MULIA,KALIMANTAN SELATAN,41850000.0,BAIK,Loc_0-Type_0
UNIVERSITAS SARI MULIA,KALIMANTAN SELATAN,41850000.0,BAIK,Loc_0-Type_0
UNIVERSITAS SARI MULIA,KALIMANTAN SELATAN,41850000.0,BAIK,Loc_0-Type_0
UNIVERSITAS SARI MULIA,KALIMANTAN SELATAN,41850000.0,BAIK,Loc_0-Type_0
UNIVERSITAS SARI MULIA,KALIMANTAN SELATAN,41850000.0,BAIK,Loc_0-Type_0
UNIVERSITAS SARI MULIA,KALIMANTAN SELATAN,41850000.0,BAIK,Loc_0-Type_0
UNIVERSITAS SARJANAWIYATA TAMANSISWA,D.I. YOGYAKARTA,14430003.0,B,Loc_0-Type_2
UNIVERSITAS SARJANAWIYATA TAMANSISWA,D.I. YOGYAKARTA,14430003.0,B,Loc_0-Type_2
UNIVERSITAS SARJANAWIYATA TAMANSISWA,D.I. YOGYAKARTA,14430003.0,B,Loc_0-Type_2
UNIVERSITAS SARJANAWIYATA TAMANSISWA,D.I. YOGYAKARTA,14430003.0,B,Loc_0-Type_2
UNIVERSITAS SARJANAWIYATA TAMANSISWA,D.I. YOGYAKARTA,14430003.0,B,Loc_0-Type_2
UNIVERSITAS SARJANAWIYATA TAMANSISWA,D.I. YOGYAKARTA,14430003.0,B,Loc_0-Type_2
UNIVERSITAS SARJANAWIYATA TAMANSISWA,D.I. YOGYAKARTA,14430003.0,B,Loc_0-Type_2
UNIVERSITAS SARJANAWIYATA TAMANSISWA,D.I. YOGYAKARTA,14430003.0,B,Loc_0-Type_2
UNIVERSITAS SARJANAWIYATA TAMANSISWA,D.I. YOGYAKARTA,14430003.0,B,Loc_0-Type_2
UNIVERSITAS SARJANAWIYATA TAMANSISWA,D.I. YOGYAKARTA,14430003.0,B,Loc_0-Type_2
UNIVERSITAS SARJANAWIYATA TAMANSISWA,D.I. YOGYAKARTA,14430003.0,B,Loc_0-Type_2
UNIVERSITAS SARJANAWIYATA TAMANSISWA,D.I. YOGYAKARTA,14430003.0,B,Loc_0-Type_2
UNIVERSITAS SARJANAWIYATA TAMANSISWA,D.I. YOGYAKARTA,14430003.0,B,Loc_0-Type_2
UNIVERSITAS SARJANAWIYATA TAMANSISWA,D.I. YOGYAKARTA,14430003.0,B,Loc_0-Type_2
UNIVERSITAS SATU NUSA LAMPUNG,LAMPUNG,6400000.0,BAIK,Loc_1-Type_0
UNIVERSITAS SATU NUSA LAMPUNG,LAMPUNG,6400000.0,BAIK,Loc_1-Type_0
UNIVERSITAS SATU NUSA LAMPUNG,LAMPUNG,6400000.0,BAIK,Loc_1-Type_0
UNIVERSITAS SATU NUSA LAMPUNG,LAMPUNG,6400000.0,BAIK,Loc_1-Type_0
UNIVERSITAS SATU NUSA LAMPUNG,LAMPUNG,6400000.0,BAIK,Loc_1-Type_0
UNIVERSITAS SATU NUSA LAMPUNG,LAMPUNG,6400000.0,BAIK,Loc_1-Type_0
UNIVERSITAS SATYA NEGARA INDONESIA,D.K.I. JAKARTA,18250000.0,B,Loc_4-Type_1
UNIVERSITAS SATYA NEGARA INDONESIA,D.K.I. JAKARTA,18250000.0,B,Loc_4-Type_1
UNIVERSITAS SATYA NEGARA INDONESIA,D.K.I. JAKARTA,18250000.0,B,Loc_4-Type_1
UNIVERSITAS SATYA NEGARA INDONESIA,D.K.I. JAKARTA,18250000.0,B,Loc_4-Type_1
UNIVERSITAS SATYA NEGARA INDONESIA,D.K.I. JAKARTA,18250000.0,B,Loc_4-Type_1
UNIVERSITAS SATYA NEGARA INDONESIA,D.K.I. JAKARTA,18250000.0,B,Loc_4-Type_1
UNIVERSITAS SATYA NEGARA INDONESIA,D.K.I. JAKARTA,18250000.0,B,Loc_4-Type_1
UNIVERSITAS SATYA NEGARA INDONESIA,D.K.I. JAKARTA,18250000.0,B,Loc_4-Type_1
UNIVERSITAS SATYA NEGARA INDONESIA,D.K.I. JAKARTA,18250000.0,B,Loc_4-Type_1
UNIVERSITAS SATYA NEGARA INDONESIA,D.K.I. JAKARTA,18250000.0,B,Loc_4-Type_1
UNIVERSITAS SATYA NEGARA INDONESIA,D.K.I. JAKARTA,18250000.0,B,Loc_4-Type_1
UNIVERSITAS SATYA TERRA BHINNEKA,SUMATERA UTARA,9600000.0,BAIK,Loc_0-Type_0
UNIVERSITAS SATYA TERRA BHINNEKA,SUMATERA UTARA,9600000.0,BAIK,Loc_0-Type_0
UNIVERSITAS SATYA TERRA BHINNEKA,SUMATERA UTARA,9600000.0,BAIK,Loc_0-Type_0
UNIVERSITAS SATYA TERRA BHINNEKA,SUMATERA UTARA,9600000.0,BAIK,Loc_0-Type_0
UNIVERSITAS SATYA TERRA BHINNEKA,SUMATERA UTARA,9600000.0,BAIK,Loc_0-Type_0
UNIVERSITAS SATYA WIYATA MANDALA,PAPUA,4950000.0,BAIK,Loc_9-Type_2
UNIVERSITAS SATYA WIYATA MANDALA,PAPUA,4950000.0,BAIK,Loc_9-Type_2
UNIVERSITAS SATYA WIYATA MANDALA,PAPUA,4950000.0,BAIK,Loc_9-Type_2
UNIVERSITAS SATYA WIYATA MANDALA,PAPUA,4950000.0,BAIK,Loc_9-Type_2
UNIVERSITAS SATYA WIYATA MANDALA,PAPUA,4950000.0,BAIK,Loc_9-Type_2
UNIVERSITAS SATYA WIYATA MANDALA,PAPUA,4950000.0,BAIK,Loc_9-Type_2
UNIVERSITAS SATYA WIYATA MANDALA,PAPUA,4950000.0,BAIK,Loc_9-Type_2
UNIVERSITAS SATYA WIYATA MANDALA,PAPUA,4950000.0,BAIK,Loc_9-Type_2
UNIVERSITAS SATYA WIYATA MANDALA,PAPUA,4950000.0,BAIK,Loc_9-Type_2
UNIVERSITAS SATYA WIYATA MANDALA,PAPUA,4950000.0,BAIK,Loc_9-Type_2
UNIVERSITAS SATYAGAMA,D.K.I. JAKARTA,21600000.0,BAIK,Loc_4-Type_0
UNIVERSITAS SATYAGAMA,D.K.I. JAKARTA,21600000.0,BAIK,Loc_4-Type_0
UNIVERSITAS SATYAGAMA,D.K.I. JAKARTA,21600000.0,BAIK,Loc_4-Type_0
UNIVERSITAS SATYAGAMA,D.K.I. JAKARTA,21600000.0,BAIK,Loc_4-Type_0
UNIVERSITAS SATYAGAMA,D.K.I. JAKARTA,21600000.0,BAIK,Loc_4-Type_0
UNIVERSITAS SATYAGAMA,D.K.I. JAKARTA,21600000.0,BAIK,Loc_4-Type_0
UNIVERSITAS SATYAGAMA,D.K.I. JAKARTA,21600000.0,BAIK,Loc_4-Type_0
UNIVERSITAS SATYAGAMA,D.K.I. JAKARTA,21600000.0,BAIK,Loc_4-Type_0
UNIVERSITAS SATYAGAMA,D.K.I. JAKARTA,21600000.0,BAIK,Loc_4-Type_0
UNIVERSITAS SATYAGAMA,D.K.I. JAKARTA,21600000.0,BAIK,Loc_4-Type_0
UNIVERSITAS SATYAGAMA,D.K.I. JAKARTA,21600000.0,BAIK,Loc_4-Type_0
UNIVERSITAS SATYAGAMA,D.K.I. JAKARTA,21600000.0,BAIK,Loc_4-Type_0
UNIVERSITAS SATYAGAMA,D.K.I. JAKARTA,21600000.0,BAIK,Loc_4-Type_0
UNIVERSITAS SATYAGAMA,D.K.I. JAKARTA,21600000.0,BAIK,Loc_4-Type_0
UNIVERSITAS SATYAGAMA,D.K.I. JAKARTA,21600000.0,BAIK,Loc_4-Type_0
UNIVERSITAS SATYAGAMA,D.K.I. JAKARTA,21600000.0,BAIK,Loc_4-Type_0
UNIVERSITAS SATYAGAMA,D.K.I. JAKARTA,21600000.0,BAIK,Loc_4-Type_0
UNIVERSITAS SEBELAS APRIL,JAWA BARAT,8000000.0,BAIK SEKALI,Loc_8-Type_1
UNIVERSITAS SEBELAS APRIL,JAWA BARAT,8000000.0,BAIK SEKALI,Loc_8-Type_1
UNIVERSITAS SEBELAS APRIL,JAWA BARAT,8000000.0,BAIK SEKALI,Loc_8-Type_1
UNIVERSITAS SEBELAS APRIL,JAWA BARAT,8000000.0,BAIK SEKALI,Loc_8-Type_1
UNIVERSITAS SEBELAS APRIL,JAWA BARAT,8000000.0,BAIK SEKALI,Loc_8-Type_1
UNIVERSITAS SEBELAS APRIL,JAWA BARAT,8000000.0,BAIK SEKALI,Loc_8-Type_1
UNIVERSITAS SEBELAS APRIL,JAWA BARAT,8000000.0,BAIK SEKALI,Loc_8-Type_1
UNIVERSITAS SEBELAS APRIL,JAWA BARAT,8000000.0,BAIK SEKALI,Loc_8-Type_1
UNIVERSITAS SEBELAS APRIL,JAWA BARAT,8000000.0,BAIK SEKALI,Loc_8-Type_1
UNIVERSITAS SEBELAS APRIL,JAWA BARAT,8000000.0,BAIK SEKALI,Loc_8-Type_1
UNIVERSITAS SEBELAS APRIL,JAWA BARAT,8000000.0,BAIK SEKALI,Loc_8-Type_1
UNIVERSITAS SEBELAS APRIL,JAWA BARAT,8000000.0,BAIK SEKALI,Loc_8-Type_1
UNIVERSITAS SEHATI INDONESIA,JAWA BARAT,13500000.0,BAIK,Loc_8-Type_2
UNIVERSITAS SEHATI INDONESIA,JAWA BARAT,13500000.0,BAIK,Loc_8-Type_2
UNIVERSITAS SEHATI INDONESIA,JAWA BARAT,13500000.0,BAIK,Loc_8-Type_2
UNIVERSITAS SEHATI INDONESIA,JAWA BARAT,13500000.0,BAIK,Loc_8-Type_2
UNIVERSITAS SEHATI INDONESIA,JAWA BARAT,13500000.0,BAIK,Loc_8-Type_2
UNIVERSITAS SELAMAT SRI,JAWA TENGAH,4075000.0,BAIK,Loc_7-Type_0
UNIVERSITAS SELAMAT SRI,JAWA TENGAH,4075000.0,BAIK,Loc_7-Type_0
UNIVERSITAS SELAMAT SRI,JAWA TENGAH,4075000.0,BAIK,Loc_7-Type_0
UNIVERSITAS SELAMAT SRI,JAWA TENGAH,4075000.0,BAIK,Loc_7-Type_0
UNIVERSITAS SELAMAT SRI,JAWA TENGAH,4075000.0,BAIK,Loc_7-Type_0
UNIVERSITAS SELAMAT SRI,JAWA TENGAH,4075000.0,BAIK,Loc_7-Type_0
UNIVERSITAS SELAMAT SRI,JAWA TENGAH,4075000.0,BAIK,Loc_7-Type_0
UNIVERSITAS SELAMAT SRI,JAWA TENGAH,4075000.0,BAIK,Loc_7-Type_0
UNIVERSITAS SELAMAT SRI,JAWA TENGAH,4075000.0,BAIK,Loc_7-Type_0
UNIVERSITAS SELAMAT SRI,JAWA TENGAH,4075000.0,BAIK,Loc_7-Type_0
UNIVERSITAS SELAMAT SRI,JAWA TENGAH,4075000.0,BAIK,Loc_7-Type_0
UNIVERSITAS SELAMAT SRI,JAWA TENGAH,4075000.0,BAIK,Loc_7-Type_0
UNIVERSITAS SEMARANG,JAWA TENGAH,9740000.0,B,Loc_7-Type_0
UNIVERSITAS SEMARANG,JAWA TENGAH,9740000.0,B,Loc_7-Type_0
UNIVERSITAS SEMARANG,JAWA TENGAH,9740000.0,B,Loc_7-Type_0
UNIVERSITAS SEMARANG,JAWA TENGAH,9740000.0,B,Loc_7-Type_0
UNIVERSITAS SEMARANG,JAWA TENGAH,9740000.0,B,Loc_7-Type_0
UNIVERSITAS SEMARANG,JAWA TENGAH,9740000.0,B,Loc_7-Type_0
UNIVERSITAS SEMARANG,JAWA TENGAH,9740000.0,B,Loc_7-Type_0
UNIVERSITAS SEMARANG,JAWA TENGAH,9740000.0,B,Loc_7-Type_0
UNIVERSITAS SEMARANG,JAWA TENGAH,9740000.0,B,Loc_7-Type_0
UNIVERSITAS SEMARANG,JAWA TENGAH,9740000.0,B,Loc_7-Type_0
UNIVERSITAS SEMARANG,JAWA TENGAH,9740000.0,B,Loc_7-Type_0
UNIVERSITAS SEMARANG,JAWA TENGAH,9740000.0,B,Loc_7-Type_0
UNIVERSITAS SEPULUH NOPEMBER PAPUA,PAPUA,6562500.0,BAIK,Loc_9-Type_2
UNIVERSITAS SEPULUH NOPEMBER PAPUA,PAPUA,6562500.0,BAIK,Loc_9-Type_2
UNIVERSITAS SEPULUH NOPEMBER PAPUA,PAPUA,6562500.0,BAIK,Loc_9-Type_2
UNIVERSITAS SEPULUH NOPEMBER PAPUA,PAPUA,6562500.0,BAIK,Loc_9-Type_2
UNIVERSITAS SEPULUH NOPEMBER PAPUA,PAPUA,6562500.0,BAIK,Loc_9-Type_2
UNIVERSITAS SERAMBI MEKKAH,ACEH,6300000.0,BAIK,Loc_0-Type_0
UNIVERSITAS SERAMBI MEKKAH,ACEH,6300000.0,BAIK,Loc_0-Type_0
UNIVERSITAS SERAMBI MEKKAH,ACEH,6300000.0,BAIK,Loc_0-Type_0
UNIVERSITAS SERAMBI MEKKAH,ACEH,6300000.0,BAIK,Loc_0-Type_0
UNIVERSITAS SERAMBI MEKKAH,ACEH,6300000.0,BAIK,Loc_0-Type_0
UNIVERSITAS SERAMBI MEKKAH,ACEH,6300000.0,BAIK,Loc_0-Type_0
UNIVERSITAS SERAMBI MEKKAH,ACEH,6300000.0,BAIK,Loc_0-Type_0
UNIVERSITAS SERAMBI MEKKAH,ACEH,6300000.0,BAIK,Loc_0-Type_0
UNIVERSITAS SERAMBI MEKKAH,ACEH,6300000.0,BAIK,Loc_0-Type_0
UNIVERSITAS SERAMBI MEKKAH,ACEH,6300000.0,BAIK,Loc_0-Type_0
UNIVERSITAS SERAMBI MEKKAH,ACEH,6300000.0,BAIK,Loc_0-Type_0
UNIVERSITAS SERAMBI MEKKAH,ACEH,6300000.0,BAIK,Loc_0-Type_0
UNIVERSITAS SERAMBI MEKKAH,ACEH,6300000.0,BAIK,Loc_0-Type_0
UNIVERSITAS SERAMBI MEKKAH,ACEH,6300000.0,BAIK,Loc_0-Type_0
UNIVERSITAS SERAMBI MEKKAH,ACEH,6300000.0,BAIK,Loc_0-Type_0
UNIVERSITAS SERAMBI MEKKAH,ACEH,6300000.0,BAIK,Loc_0-Type_0
UNIVERSITAS SERAMBI MEKKAH,ACEH,6300000.0,BAIK,Loc_0-Type_0
UNIVERSITAS SERAMBI MEKKAH,ACEH,6300000.0,BAIK,Loc_0-Type_0
UNIVERSITAS SERAMBI MEKKAH,ACEH,6300000.0,BAIK,Loc_0-Type_0
UNIVERSITAS SERAMBI MEKKAH,ACEH,6300000.0,BAIK,Loc_0-Type_0
UNIVERSITAS SERAMBI MEKKAH,ACEH,6300000.0,BAIK,Loc_0-Type_0
UNIVERSITAS SERAMBI MEKKAH,ACEH,6300000.0,BAIK,Loc_0-Type_0
UNIVERSITAS SERANG RAYA,BANTEN,10524500.0,B,Loc_0-Type_2
UNIVERSITAS SERANG RAYA,BANTEN,10524500.0,B,Loc_0-Type_2
UNIVERSITAS SERANG RAYA,BANTEN,10524500.0,B,Loc_0-Type_2
UNIVERSITAS SERANG RAYA,BANTEN,10524500.0,B,Loc_0-Type_2
UNIVERSITAS SERANG RAYA,BANTEN,10524500.0,B,Loc_0-Type_2
UNIVERSITAS SERANG RAYA,BANTEN,10524500.0,B,Loc_0-Type_2
UNIVERSITAS SERANG RAYA,BANTEN,10524500.0,B,Loc_0-Type_2
UNIVERSITAS SERANG RAYA,BANTEN,10524500.0,B,Loc_0-Type_2
UNIVERSITAS SERANG RAYA,BANTEN,10524500.0,B,Loc_0-Type_2
UNIVERSITAS SERANG RAYA,BANTEN,10524500.0,B,Loc_0-Type_2
UNIVERSITAS SERANG RAYA,BANTEN,10524500.0,B,Loc_0-Type_2
UNIVERSITAS SERANG RAYA,BANTEN,10524500.0,B,Loc_0-Type_2
UNIVERSITAS SERANG RAYA,BANTEN,10524500.0,B,Loc_0-Type_2
UNIVERSITAS SERANG RAYA,BANTEN,10524500.0,B,Loc_0-Type_2
UNIVERSITAS SERANG RAYA,BANTEN,10524500.0,B,Loc_0-Type_2
UNIVERSITAS SERANG RAYA,BANTEN,10524500.0,B,Loc_0-Type_2
UNIVERSITAS SERASAN,SUMATERA SELATAN,8500000.0,BAIK,Loc_0-Type_0
UNIVERSITAS SERASAN,SUMATERA SELATAN,8500000.0,BAIK,Loc_0-Type_0
UNIVERSITAS SERASAN,SUMATERA SELATAN,8500000.0,BAIK,Loc_0-Type_0
UNIVERSITAS SERASAN,SUMATERA SELATAN,8500000.0,BAIK,Loc_0-Type_0
UNIVERSITAS SERASAN,SUMATERA SELATAN,8500000.0,BAIK,Loc_0-Type_0
UNIVERSITAS SERASAN,SUMATERA SELATAN,8500000.0,BAIK,Loc_0-Type_0
UNIVERSITAS SERELO LAHAT,SUMATERA SELATAN,39700000.0,BAIK SEKALI,Loc_0-Type_1
UNIVERSITAS SERELO LAHAT,SUMATERA SELATAN,39700000.0,BAIK SEKALI,Loc_0-Type_1
UNIVERSITAS SERELO LAHAT,SUMATERA SELATAN,39700000.0,BAIK SEKALI,Loc_0-Type_1
UNIVERSITAS SERELO LAHAT,SUMATERA SELATAN,39700000.0,BAIK SEKALI,Loc_0-Type_1
UNIVERSITAS SERELO LAHAT,SUMATERA SELATAN,39700000.0,BAIK SEKALI,Loc_0-Type_1
UNIVERSITAS SETIA BUDHI RANGKASBITUNG,BANTEN,10920000.0,BAIK,Loc_0-Type_0
UNIVERSITAS SETIA BUDHI RANGKASBITUNG,BANTEN,10920000.0,BAIK,Loc_0-Type_0
UNIVERSITAS SETIA BUDHI RANGKASBITUNG,BANTEN,10920000.0,BAIK,Loc_0-Type_0
UNIVERSITAS SETIA BUDHI RANGKASBITUNG,BANTEN,10920000.0,BAIK,Loc_0-Type_0
UNIVERSITAS SETIA BUDHI RANGKASBITUNG,BANTEN,10920000.0,BAIK,Loc_0-Type_0
UNIVERSITAS SETIA BUDHI RANGKASBITUNG,BANTEN,10920000.0,BAIK,Loc_0-Type_0
UNIVERSITAS SETIA BUDHI RANGKASBITUNG,BANTEN,10920000.0,BAIK,Loc_0-Type_0
UNIVERSITAS SETIA BUDHI RANGKASBITUNG,BANTEN,10920000.0,BAIK,Loc_0-Type_0
UNIVERSITAS SETIA BUDHI RANGKASBITUNG,BANTEN,10920000.0,BAIK,Loc_0-Type_0
UNIVERSITAS SETIA BUDI,JAWA TENGAH,36300000.0,BAIK SEKALI,Loc_7-Type_2
UNIVERSITAS SETIA BUDI,JAWA TENGAH,36300000.0,BAIK SEKALI,Loc_7-Type_2
UNIVERSITAS SETIA BUDI,JAWA TENGAH,36300000.0,BAIK SEKALI,Loc_7-Type_2
UNIVERSITAS SETIA BUDI,JAWA TENGAH,36300000.0,BAIK SEKALI,Loc_7-Type_2
UNIVERSITAS SETIA BUDI,JAWA TENGAH,36300000.0,BAIK SEKALI,Loc_7-Type_2
UNIVERSITAS SIBER ASIA,D.K.I. JAKARTA,6000000.0,BAIK SEKALI,Loc_4-Type_0
UNIVERSITAS SIBER ASIA,D.K.I. JAKARTA,6000000.0,BAIK SEKALI,Loc_4-Type_0
UNIVERSITAS SIBER ASIA,D.K.I. JAKARTA,6000000.0,BAIK SEKALI,Loc_4-Type_0
UNIVERSITAS SIBER ASIA,D.K.I. JAKARTA,6000000.0,BAIK SEKALI,Loc_4-Type_0
UNIVERSITAS SIBER ASIA,D.K.I. JAKARTA,6000000.0,BAIK SEKALI,Loc_4-Type_0
UNIVERSITAS SIBER INDONESIA,D.K.I. JAKARTA,20000000.0,BAIK,Loc_4-Type_0
UNIVERSITAS SIBER INDONESIA,D.K.I. JAKARTA,20000000.0,BAIK,Loc_4-Type_0
UNIVERSITAS SIBER INDONESIA,D.K.I. JAKARTA,20000000.0,BAIK,Loc_4-Type_0
UNIVERSITAS SIBER INDONESIA,D.K.I. JAKARTA,20000000.0,BAIK,Loc_4-Type_0
UNIVERSITAS SIBER MUHAMMADIYAH,D.I. YOGYAKARTA,2340000.0,BAIK,Loc_0-Type_0
UNIVERSITAS SIBER MUHAMMADIYAH,D.I. YOGYAKARTA,2340000.0,BAIK,Loc_0-Type_0
UNIVERSITAS SIBER MUHAMMADIYAH,D.I. YOGYAKARTA,2340000.0,BAIK,Loc_0-Type_0
UNIVERSITAS SIBER MUHAMMADIYAH,D.I. YOGYAKARTA,2340000.0,BAIK,Loc_0-Type_0
UNIVERSITAS SIBER MUHAMMADIYAH,D.I. YOGYAKARTA,2340000.0,BAIK,Loc_0-Type_0
UNIVERSITAS SIBER MUHAMMADIYAH,D.I. YOGYAKARTA,2340000.0,BAIK,Loc_0-Type_0
UNIVERSITAS SIMALUNGUN,SUMATERA UTARA,30275000.0,B,Loc_0-Type_2
UNIVERSITAS SIMALUNGUN,SUMATERA UTARA,30275000.0,B,Loc_0-Type_2
UNIVERSITAS SIMALUNGUN,SUMATERA UTARA,30275000.0,B,Loc_0-Type_2
UNIVERSITAS SIMALUNGUN,SUMATERA UTARA,30275000.0,B,Loc_0-Type_2
UNIVERSITAS SIMALUNGUN,SUMATERA UTARA,30275000.0,B,Loc_0-Type_2
UNIVERSITAS SIMALUNGUN,SUMATERA UTARA,30275000.0,B,Loc_0-Type_2
UNIVERSITAS SIMALUNGUN,SUMATERA UTARA,30275000.0,B,Loc_0-Type_2
UNIVERSITAS SIMALUNGUN,SUMATERA UTARA,30275000.0,B,Loc_0-Type_2
UNIVERSITAS SIMALUNGUN,SUMATERA UTARA,30275000.0,B,Loc_0-Type_2
UNIVERSITAS SIMALUNGUN,SUMATERA UTARA,30275000.0,B,Loc_0-Type_2
UNIVERSITAS SIMALUNGUN,SUMATERA UTARA,30275000.0,B,Loc_0-Type_2
UNIVERSITAS SIMALUNGUN,SUMATERA UTARA,30275000.0,B,Loc_0-Type_2
UNIVERSITAS SIMALUNGUN,SUMATERA UTARA,30275000.0,B,Loc_0-Type_2
UNIVERSITAS SIMALUNGUN,SUMATERA UTARA,30275000.0,B,Loc_0-Type_2
UNIVERSITAS SIMALUNGUN,SUMATERA UTARA,30275000.0,B,Loc_0-Type_2
UNIVERSITAS SIMALUNGUN,SUMATERA UTARA,30275000.0,B,Loc_0-Type_2
UNIVERSITAS SINDANG KASIH MAJALENGKA,JAWA BARAT,8500000.0,BAIK,Loc_8-Type_2
UNIVERSITAS SINDANG KASIH MAJALENGKA,JAWA BARAT,8500000.0,BAIK,Loc_8-Type_2
UNIVERSITAS SINDANG KASIH MAJALENGKA,JAWA BARAT,8500000.0,BAIK,Loc_8-Type_2
UNIVERSITAS SINDANG KASIH MAJALENGKA,JAWA BARAT,8500000.0,BAIK,Loc_8-Type_2
UNIVERSITAS SIPATOKKONG MAMBO,SULAWESI SELATAN,4800000.0,BAIK,Loc_3-Type_0
UNIVERSITAS SIPATOKKONG MAMBO,SULAWESI SELATAN,4800000.0,BAIK,Loc_3-Type_0
UNIVERSITAS SIPATOKKONG MAMBO,SULAWESI SELATAN,4800000.0,BAIK,Loc_3-Type_0
UNIVERSITAS SIPATOKKONG MAMBO,SULAWESI SELATAN,4800000.0,BAIK,Loc_3-Type_0
UNIVERSITAS SIPATOKKONG MAMBO,SULAWESI SELATAN,4800000.0,BAIK,Loc_3-Type_0
UNIVERSITAS SIPATOKKONG MAMBO,SULAWESI SELATAN,4800000.0,BAIK,Loc_3-Type_0
UNIVERSITAS SIPATOKKONG MAMBO,SULAWESI SELATAN,4800000.0,BAIK,Loc_3-Type_0
UNIVERSITAS SIPATOKKONG MAMBO,SULAWESI SELATAN,4800000.0,BAIK,Loc_3-Type_0
UNIVERSITAS SISINGAMANGARAJA XII TAPANULI UTARA,SUMATERA UTARA,3750000.0,B,Loc_0-Type_2
UNIVERSITAS SISINGAMANGARAJA XII TAPANULI UTARA,SUMATERA UTARA,3750000.0,B,Loc_0-Type_2
UNIVERSITAS SISINGAMANGARAJA XII TAPANULI UTARA,SUMATERA UTARA,3750000.0,B,Loc_0-Type_2
UNIVERSITAS SISINGAMANGARAJA XII TAPANULI UTARA,SUMATERA UTARA,3750000.0,B,Loc_0-Type_2
UNIVERSITAS SISINGAMANGARAJA XII TAPANULI UTARA,SUMATERA UTARA,3750000.0,B,Loc_0-Type_2
UNIVERSITAS SISINGAMANGARAJA XII TAPANULI UTARA,SUMATERA UTARA,3750000.0,B,Loc_0-Type_2
UNIVERSITAS SJAKHYAKIRTI,SUMATERA SELATAN,5400000.0,B,Loc_0-Type_2
UNIVERSITAS SJAKHYAKIRTI,SUMATERA SELATAN,5400000.0,B,Loc_0-Type_2
UNIVERSITAS SJAKHYAKIRTI,SUMATERA SELATAN,5400000.0,B,Loc_0-Type_2
UNIVERSITAS SJAKHYAKIRTI,SUMATERA SELATAN,5400000.0,B,Loc_0-Type_2
UNIVERSITAS SJAKHYAKIRTI,SUMATERA SELATAN,5400000.0,B,Loc_0-Type_2
UNIVERSITAS SJAKHYAKIRTI,SUMATERA SELATAN,5400000.0,B,Loc_0-Type_2
UNIVERSITAS SJAKHYAKIRTI,SUMATERA SELATAN,5400000.0,B,Loc_0-Type_2
UNIVERSITAS SJAKHYAKIRTI,SUMATERA SELATAN,5400000.0,B,Loc_0-Type_2
UNIVERSITAS SJAKHYAKIRTI,SUMATERA SELATAN,5400000.0,B,Loc_0-Type_2
UNIVERSITAS SJAKHYAKIRTI,SUMATERA SELATAN,5400000.0,B,Loc_0-Type_2
UNIVERSITAS SLAMET RIYADI,JAWA TENGAH,9340000.0,BAIK SEKALI,Loc_7-Type_2
UNIVERSITAS SLAMET RIYADI,JAWA TENGAH,9340000.0,BAIK SEKALI,Loc_7-Type_2
UNIVERSITAS SLAMET RIYADI,JAWA TENGAH,9340000.0,BAIK SEKALI,Loc_7-Type_2
UNIVERSITAS SLAMET RIYADI,JAWA TENGAH,9340000.0,BAIK SEKALI,Loc_7-Type_2
UNIVERSITAS SLAMET RIYADI,JAWA TENGAH,9340000.0,BAIK SEKALI,Loc_7-Type_2
UNIVERSITAS SLAMET RIYADI,JAWA TENGAH,9340000.0,BAIK SEKALI,Loc_7-Type_2
UNIVERSITAS SLAMET RIYADI,JAWA TENGAH,9340000.0,BAIK SEKALI,Loc_7-Type_2
UNIVERSITAS SLAMET RIYADI,JAWA TENGAH,9340000.0,BAIK SEKALI,Loc_7-Type_2
UNIVERSITAS SLAMET RIYADI,JAWA TENGAH,9340000.0,BAIK SEKALI,Loc_7-Type_2
UNIVERSITAS SLAMET RIYADI,JAWA TENGAH,9340000.0,BAIK SEKALI,Loc_7-Type_2
UNIVERSITAS SLAMET RIYADI,JAWA TENGAH,9340000.0,BAIK SEKALI,Loc_7-Type_2
UNIVERSITAS SLAMET RIYADI,JAWA TENGAH,9340000.0,BAIK SEKALI,Loc_7-Type_2
UNIVERSITAS SLAMET RIYADI,JAWA TENGAH,9340000.0,BAIK SEKALI,Loc_7-Type_2
UNIVERSITAS SOERJO,JAWA TIMUR,6000000.0,BAIK,Loc_5-Type_2
UNIVERSITAS SOERJO,JAWA TIMUR,6000000.0,BAIK,Loc_5-Type_2
UNIVERSITAS SOERJO,JAWA TIMUR,6000000.0,BAIK,Loc_5-Type_2
UNIVERSITAS SOERJO,JAWA TIMUR,6000000.0,BAIK,Loc_5-Type_2
UNIVERSITAS SOERJO,JAWA TIMUR,6000000.0,BAIK,Loc_5-Type_2
UNIVERSITAS SRAGEN,JAWA TENGAH,11500000.0,BAIK,Loc_7-Type_0
UNIVERSITAS SRAGEN,JAWA TENGAH,11500000.0,BAIK,Loc_7-Type_0
UNIVERSITAS SRAGEN,JAWA TENGAH,11500000.0,BAIK,Loc_7-Type_0
UNIVERSITAS SRAGEN,JAWA TENGAH,11500000.0,BAIK,Loc_7-Type_0
UNIVERSITAS SRAGEN,JAWA TENGAH,11500000.0,BAIK,Loc_7-Type_0
UNIVERSITAS STELLA MARIS SUMBA,NUSA TENGGARA TIMUR,6000000.0,BAIK,Loc_0-Type_0
UNIVERSITAS STIKUBANK,JAWA TENGAH,16500000.0,BAIK SEKALI,Loc_7-Type_2
UNIVERSITAS STIKUBANK,JAWA TENGAH,16500000.0,BAIK SEKALI,Loc_7-Type_2
UNIVERSITAS STIKUBANK,JAWA TENGAH,16500000.0,BAIK SEKALI,Loc_7-Type_2
UNIVERSITAS STIKUBANK,JAWA TENGAH,16500000.0,BAIK SEKALI,Loc_7-Type_2
UNIVERSITAS STIKUBANK,JAWA TENGAH,16500000.0,BAIK SEKALI,Loc_7-Type_2
UNIVERSITAS STIKUBANK,JAWA TENGAH,16500000.0,BAIK SEKALI,Loc_7-Type_2
UNIVERSITAS STIKUBANK,JAWA TENGAH,16500000.0,BAIK SEKALI,Loc_7-Type_2
UNIVERSITAS STIKUBANK,JAWA TENGAH,16500000.0,BAIK SEKALI,Loc_7-Type_2
UNIVERSITAS STIKUBANK,JAWA TENGAH,16500000.0,BAIK SEKALI,Loc_7-Type_2
UNIVERSITAS SUBANG,JAWA BARAT,6000000.0,BAIK SEKALI,Loc_8-Type_1
UNIVERSITAS SUBANG,JAWA BARAT,6000000.0,BAIK SEKALI,Loc_8-Type_1
UNIVERSITAS SUBANG,JAWA BARAT,6000000.0,BAIK SEKALI,Loc_8-Type_1
UNIVERSITAS SUBANG,JAWA BARAT,6000000.0,BAIK SEKALI,Loc_8-Type_1
UNIVERSITAS SUBANG,JAWA BARAT,6000000.0,BAIK SEKALI,Loc_8-Type_1
UNIVERSITAS SUBANG,JAWA BARAT,6000000.0,BAIK SEKALI,Loc_8-Type_1
UNIVERSITAS SUBANG,JAWA BARAT,6000000.0,BAIK SEKALI,Loc_8-Type_1
UNIVERSITAS SUBANG,JAWA BARAT,6000000.0,BAIK SEKALI,Loc_8-Type_1
UNIVERSITAS SUBANG,JAWA BARAT,6000000.0,BAIK SEKALI,Loc_8-Type_1
UNIVERSITAS SUBANG,JAWA BARAT,6000000.0,BAIK SEKALI,Loc_8-Type_1
UNIVERSITAS SUBANG,JAWA BARAT,6000000.0,BAIK SEKALI,Loc_8-Type_1
UNIVERSITAS SUBANG,JAWA BARAT,6000000.0,BAIK SEKALI,Loc_8-Type_1
UNIVERSITAS SUBANG,JAWA BARAT,6000000.0,BAIK SEKALI,Loc_8-Type_1
UNIVERSITAS SUBANG,JAWA BARAT,6000000.0,BAIK SEKALI,Loc_8-Type_1
UNIVERSITAS SUBANG,JAWA BARAT,6000000.0,BAIK SEKALI,Loc_8-Type_1
UNIVERSITAS SUGENG HARTONO,JAWA TENGAH,16200000.0,BAIK,Loc_7-Type_0
UNIVERSITAS SUGENG HARTONO,JAWA TENGAH,16200000.0,BAIK,Loc_7-Type_0
UNIVERSITAS SUGENG HARTONO,JAWA TENGAH,16200000.0,BAIK,Loc_7-Type_0
UNIVERSITAS SUGENG HARTONO,JAWA TENGAH,16200000.0,BAIK,Loc_7-Type_0
UNIVERSITAS SUGENG HARTONO,JAWA TENGAH,16200000.0,BAIK,Loc_7-Type_0
UNIVERSITAS SUGENG HARTONO,JAWA TENGAH,16200000.0,BAIK,Loc_7-Type_0
UNIVERSITAS SULTAN FATAH,JAWA TENGAH,4800000.0,BAIK,Loc_7-Type_0
UNIVERSITAS SULTAN FATAH,JAWA TENGAH,4800000.0,BAIK,Loc_7-Type_0
UNIVERSITAS SULTAN FATAH,JAWA TENGAH,4800000.0,BAIK,Loc_7-Type_0
UNIVERSITAS SULTAN FATAH,JAWA TENGAH,4800000.0,BAIK,Loc_7-Type_0
UNIVERSITAS SULTAN FATAH,JAWA TENGAH,4800000.0,BAIK,Loc_7-Type_0
UNIVERSITAS SULTAN FATAH,JAWA TENGAH,4800000.0,BAIK,Loc_7-Type_0
UNIVERSITAS SULTAN FATAH,JAWA TENGAH,4800000.0,BAIK,Loc_7-Type_0
UNIVERSITAS SULTAN FATAH,JAWA TENGAH,4800000.0,BAIK,Loc_7-Type_0
UNIVERSITAS SULTAN FATAH,JAWA TENGAH,4800000.0,BAIK,Loc_7-Type_0
UNIVERSITAS SUMATERA BARAT,SUMATERA BARAT,7350000.0,B,Loc_0-Type_2
UNIVERSITAS SUMATERA BARAT,SUMATERA BARAT,7350000.0,B,Loc_0-Type_2
UNIVERSITAS SUMATERA BARAT,SUMATERA BARAT,7350000.0,B,Loc_0-Type_2
UNIVERSITAS SUMATERA BARAT,SUMATERA BARAT,7350000.0,B,Loc_0-Type_2
UNIVERSITAS SUMATERA SELATAN,SUMATERA SELATAN,4350000.0,BAIK,Loc_0-Type_0
UNIVERSITAS SUMATERA SELATAN,SUMATERA SELATAN,4350000.0,BAIK,Loc_0-Type_0
UNIVERSITAS SUMATERA SELATAN,SUMATERA SELATAN,4350000.0,BAIK,Loc_0-Type_0
UNIVERSITAS SUMATERA SELATAN,SUMATERA SELATAN,4350000.0,BAIK,Loc_0-Type_0
UNIVERSITAS SUMATERA SELATAN,SUMATERA SELATAN,4350000.0,BAIK,Loc_0-Type_0
UNIVERSITAS SURABAYA,JAWA TIMUR,38850250.0,A,Loc_5-Type_0
UNIVERSITAS SURABAYA,JAWA TIMUR,38850250.0,A,Loc_5-Type_0
UNIVERSITAS SURABAYA,JAWA TIMUR,38850250.0,A,Loc_5-Type_0
UNIVERSITAS SURABAYA,JAWA TIMUR,38850250.0,A,Loc_5-Type_0
UNIVERSITAS SURABAYA,JAWA TIMUR,38850250.0,A,Loc_5-Type_0
UNIVERSITAS SURABAYA,JAWA TIMUR,38850250.0,A,Loc_5-Type_0
UNIVERSITAS SURABAYA,JAWA TIMUR,38850250.0,A,Loc_5-Type_0
UNIVERSITAS SURABAYA,JAWA TIMUR,38850250.0,A,Loc_5-Type_0
UNIVERSITAS SURABAYA,JAWA TIMUR,38850250.0,A,Loc_5-Type_0
UNIVERSITAS SURABAYA,JAWA TIMUR,38850250.0,A,Loc_5-Type_0
UNIVERSITAS SURABAYA,JAWA TIMUR,38850250.0,A,Loc_5-Type_0
UNIVERSITAS SURABAYA,JAWA TIMUR,38850250.0,A,Loc_5-Type_0
UNIVERSITAS SURABAYA,JAWA TIMUR,38850250.0,A,Loc_5-Type_0
UNIVERSITAS SURABAYA,JAWA TIMUR,38850250.0,A,Loc_5-Type_0
UNIVERSITAS SURABAYA,JAWA TIMUR,38850250.0,A,Loc_5-Type_0
UNIVERSITAS SURABAYA,JAWA TIMUR,38850250.0,A,Loc_5-Type_0
UNIVERSITAS SURABAYA,JAWA TIMUR,38850250.0,A,Loc_5-Type_0
UNIVERSITAS SURABAYA,JAWA TIMUR,38850250.0,A,Loc_5-Type_0
UNIVERSITAS SURABAYA,JAWA TIMUR,38850250.0,A,Loc_5-Type_0
UNIVERSITAS SURABAYA,JAWA TIMUR,38850250.0,A,Loc_5-Type_0
UNIVERSITAS SURABAYA,JAWA TIMUR,38850250.0,A,Loc_5-Type_0
UNIVERSITAS SURABAYA,JAWA TIMUR,38850250.0,A,Loc_5-Type_0
UNIVERSITAS SURABAYA,JAWA TIMUR,38850250.0,A,Loc_5-Type_0
UNIVERSITAS SURABAYA,JAWA TIMUR,38850250.0,A,Loc_5-Type_0
UNIVERSITAS SURABAYA,JAWA TIMUR,38850250.0,A,Loc_5-Type_0
UNIVERSITAS SURABAYA,JAWA TIMUR,38850250.0,A,Loc_5-Type_0
UNIVERSITAS SURABAYA,JAWA TIMUR,38850250.0,A,Loc_5-Type_0
UNIVERSITAS SURABAYA,JAWA TIMUR,38850250.0,A,Loc_5-Type_0
UNIVERSITAS SURABAYA,JAWA TIMUR,38850250.0,A,Loc_5-Type_0
UNIVERSITAS SURABAYA,JAWA TIMUR,38850250.0,A,Loc_5-Type_0
UNIVERSITAS SURABAYA,JAWA TIMUR,38850250.0,A,Loc_5-Type_0
UNIVERSITAS SURAKARTA,JAWA TENGAH,9390000.0,BAIK,Loc_7-Type_0
UNIVERSITAS SURAKARTA,JAWA TENGAH,9390000.0,BAIK,Loc_7-Type_0
UNIVERSITAS SURAKARTA,JAWA TENGAH,9390000.0,BAIK,Loc_7-Type_0
UNIVERSITAS SURAKARTA,JAWA TENGAH,9390000.0,BAIK,Loc_7-Type_0
UNIVERSITAS SURAKARTA,JAWA TENGAH,9390000.0,BAIK,Loc_7-Type_0
UNIVERSITAS SURAKARTA,JAWA TENGAH,9390000.0,BAIK,Loc_7-Type_0
UNIVERSITAS SURAKARTA,JAWA TENGAH,9390000.0,BAIK,Loc_7-Type_0
UNIVERSITAS SURAKARTA,JAWA TENGAH,9390000.0,BAIK,Loc_7-Type_0
UNIVERSITAS SURAKARTA,JAWA TENGAH,9390000.0,BAIK,Loc_7-Type_0
UNIVERSITAS SURAKARTA,JAWA TENGAH,9390000.0,BAIK,Loc_7-Type_0
UNIVERSITAS SURAKARTA,JAWA TENGAH,9390000.0,BAIK,Loc_7-Type_0
UNIVERSITAS SURAKARTA,JAWA TENGAH,9390000.0,BAIK,Loc_7-Type_0
UNIVERSITAS SURAKARTA,JAWA TENGAH,9390000.0,BAIK,Loc_7-Type_0
UNIVERSITAS SURYA,BANTEN,36600000.0,BAIK,Loc_0-Type_0
UNIVERSITAS SURYA,BANTEN,36600000.0,BAIK,Loc_0-Type_0
UNIVERSITAS SURYA,BANTEN,36600000.0,BAIK,Loc_0-Type_0
UNIVERSITAS SURYA,BANTEN,36600000.0,BAIK,Loc_0-Type_0
UNIVERSITAS SURYA,BANTEN,36600000.0,BAIK,Loc_0-Type_0
UNIVERSITAS SURYA,BANTEN,36600000.0,BAIK,Loc_0-Type_0
UNIVERSITAS SURYA,BANTEN,36600000.0,BAIK,Loc_0-Type_0
UNIVERSITAS SURYA,BANTEN,36600000.0,BAIK,Loc_0-Type_0
UNIVERSITAS SURYA,BANTEN,36600000.0,BAIK,Loc_0-Type_0
UNIVERSITAS SURYA,BANTEN,36600000.0,BAIK,Loc_0-Type_0
UNIVERSITAS SURYA,BANTEN,36600000.0,BAIK,Loc_0-Type_0
UNIVERSITAS SURYA,BANTEN,36600000.0,BAIK,Loc_0-Type_0
UNIVERSITAS SURYAKANCANA,JAWA BARAT,8160000.0,B,Loc_8-Type_0
UNIVERSITAS SURYAKANCANA,JAWA BARAT,8160000.0,B,Loc_8-Type_0
UNIVERSITAS SURYAKANCANA,JAWA BARAT,8160000.0,B,Loc_8-Type_0
UNIVERSITAS SURYAKANCANA,JAWA BARAT,8160000.0,B,Loc_8-Type_0
UNIVERSITAS SURYAKANCANA,JAWA BARAT,8160000.0,B,Loc_8-Type_0
UNIVERSITAS SURYAKANCANA,JAWA BARAT,8160000.0,B,Loc_8-Type_0
UNIVERSITAS SURYAKANCANA,JAWA BARAT,8160000.0,B,Loc_8-Type_0
UNIVERSITAS SURYAKANCANA,JAWA BARAT,8160000.0,B,Loc_8-Type_0
UNIVERSITAS SURYAKANCANA,JAWA BARAT,8160000.0,B,Loc_8-Type_0
UNIVERSITAS SWISS GERMAN,BANTEN,59000000.0,BAIK SEKALI,Loc_0-Type_1
UNIVERSITAS SWISS GERMAN,BANTEN,59000000.0,BAIK SEKALI,Loc_0-Type_1
UNIVERSITAS SWISS GERMAN,BANTEN,59000000.0,BAIK SEKALI,Loc_0-Type_1
UNIVERSITAS SWISS GERMAN,BANTEN,59000000.0,BAIK SEKALI,Loc_0-Type_1
UNIVERSITAS SWISS GERMAN,BANTEN,59000000.0,BAIK SEKALI,Loc_0-Type_1
UNIVERSITAS SWISS GERMAN,BANTEN,59000000.0,BAIK SEKALI,Loc_0-Type_1
UNIVERSITAS SWISS GERMAN,BANTEN,59000000.0,BAIK SEKALI,Loc_0-Type_1
UNIVERSITAS SWISS GERMAN,BANTEN,59000000.0,BAIK SEKALI,Loc_0-Type_1
UNIVERSITAS SWISS GERMAN,BANTEN,59000000.0,BAIK SEKALI,Loc_0-Type_1
UNIVERSITAS SWISS GERMAN,BANTEN,59000000.0,BAIK SEKALI,Loc_0-Type_1
UNIVERSITAS SYEDZA SAINTIKA,SUMATERA BARAT,20000000.0,B,Loc_0-Type_2
UNIVERSITAS SYEDZA SAINTIKA,SUMATERA BARAT,20000000.0,B,Loc_0-Type_2
UNIVERSITAS SYEDZA SAINTIKA,SUMATERA BARAT,20000000.0,B,Loc_0-Type_2
UNIVERSITAS SYEDZA SAINTIKA,SUMATERA BARAT,20000000.0,B,Loc_0-Type_2
UNIVERSITAS SYEDZA SAINTIKA,SUMATERA BARAT,20000000.0,B,Loc_0-Type_2
UNIVERSITAS SYEDZA SAINTIKA,SUMATERA BARAT,20000000.0,B,Loc_0-Type_2
UNIVERSITAS TABANAN,BALI,10000000.0,BAIK SEKALI,Loc_0-Type_1
UNIVERSITAS TABANAN,BALI,10000000.0,BAIK SEKALI,Loc_0-Type_1
UNIVERSITAS TABANAN,BALI,10000000.0,BAIK SEKALI,Loc_0-Type_1
UNIVERSITAS TABANAN,BALI,10000000.0,BAIK SEKALI,Loc_0-Type_1
UNIVERSITAS TABANAN,BALI,10000000.0,BAIK SEKALI,Loc_0-Type_1
UNIVERSITAS TABANAN,BALI,10000000.0,BAIK SEKALI,Loc_0-Type_1
UNIVERSITAS TAMA JAGAKARSA,D.K.I. JAKARTA,12200000.0,BAIK,Loc_4-Type_0
UNIVERSITAS TAMA JAGAKARSA,D.K.I. JAKARTA,12200000.0,BAIK,Loc_4-Type_0
UNIVERSITAS TAMA JAGAKARSA,D.K.I. JAKARTA,12200000.0,BAIK,Loc_4-Type_0
UNIVERSITAS TAMA JAGAKARSA,D.K.I. JAKARTA,12200000.0,BAIK,Loc_4-Type_0
UNIVERSITAS TAMA JAGAKARSA,D.K.I. JAKARTA,12200000.0,BAIK,Loc_4-Type_0
UNIVERSITAS TAMA JAGAKARSA,D.K.I. JAKARTA,12200000.0,BAIK,Loc_4-Type_0
UNIVERSITAS TAMA JAGAKARSA,D.K.I. JAKARTA,12200000.0,BAIK,Loc_4-Type_0
UNIVERSITAS TAMA JAGAKARSA,D.K.I. JAKARTA,12200000.0,BAIK,Loc_4-Type_0
UNIVERSITAS TAMA JAGAKARSA,D.K.I. JAKARTA,12200000.0,BAIK,Loc_4-Type_0
UNIVERSITAS TAMA JAGAKARSA,D.K.I. JAKARTA,12200000.0,BAIK,Loc_4-Type_0
UNIVERSITAS TAMANSISWA,SUMATERA BARAT,6500001.0,BAIK SEKALI,Loc_0-Type_1
UNIVERSITAS TAMANSISWA,SUMATERA BARAT,6500001.0,BAIK SEKALI,Loc_0-Type_1
UNIVERSITAS TAMANSISWA,SUMATERA BARAT,6500001.0,BAIK SEKALI,Loc_0-Type_1
UNIVERSITAS TAMANSISWA,SUMATERA BARAT,6500001.0,BAIK SEKALI,Loc_0-Type_1
UNIVERSITAS TAMANSISWA,SUMATERA BARAT,6500001.0,BAIK SEKALI,Loc_0-Type_1
UNIVERSITAS TAMANSISWA,SUMATERA BARAT,6500001.0,BAIK SEKALI,Loc_0-Type_1
UNIVERSITAS TAMANSISWA,SUMATERA BARAT,6500001.0,BAIK SEKALI,Loc_0-Type_1
UNIVERSITAS TAMANSISWA,SUMATERA BARAT,6500001.0,BAIK SEKALI,Loc_0-Type_1
UNIVERSITAS TAMANSISWA,SUMATERA BARAT,6500001.0,BAIK SEKALI,Loc_0-Type_1
UNIVERSITAS TAMANSISWA,SUMATERA BARAT,6500001.0,BAIK SEKALI,Loc_0-Type_1
UNIVERSITAS TAMANSISWA,SUMATERA BARAT,6500001.0,BAIK SEKALI,Loc_0-Type_1
UNIVERSITAS TAMANSISWA,SUMATERA BARAT,6500001.0,BAIK SEKALI,Loc_0-Type_1
UNIVERSITAS TAMANSISWA,SUMATERA BARAT,6500001.0,BAIK SEKALI,Loc_0-Type_1
UNIVERSITAS TANGERANG RAYA,BANTEN,7500000.0,BAIK,Loc_0-Type_0
UNIVERSITAS TANGERANG RAYA,BANTEN,7500000.0,BAIK,Loc_0-Type_0
UNIVERSITAS TANGERANG RAYA,BANTEN,7500000.0,BAIK,Loc_0-Type_0
UNIVERSITAS TANGERANG RAYA,BANTEN,7500000.0,BAIK,Loc_0-Type_0
UNIVERSITAS TANGERANG RAYA,BANTEN,7500000.0,BAIK,Loc_0-Type_0
UNIVERSITAS TANGERANG RAYA,BANTEN,7500000.0,BAIK,Loc_0-Type_0
UNIVERSITAS TANGERANG RAYA,BANTEN,7500000.0,BAIK,Loc_0-Type_0
UNIVERSITAS TANGERANG RAYA,BANTEN,7500000.0,BAIK,Loc_0-Type_0
UNIVERSITAS TANGERANG RAYA,BANTEN,7500000.0,BAIK,Loc_0-Type_0
UNIVERSITAS TANGERANG RAYA,BANTEN,7500000.0,BAIK,Loc_0-Type_0
UNIVERSITAS TANGERANG RAYA,BANTEN,7500000.0,BAIK,Loc_0-Type_0
UNIVERSITAS TANGERANG RAYA,BANTEN,7500000.0,BAIK,Loc_0-Type_0
UNIVERSITAS TANRI ABENG,D.K.I. JAKARTA,24000000.0,BAIK SEKALI,Loc_4-Type_1
UNIVERSITAS TANRI ABENG,D.K.I. JAKARTA,24000000.0,BAIK SEKALI,Loc_4-Type_1
UNIVERSITAS TANRI ABENG,D.K.I. JAKARTA,24000000.0,BAIK SEKALI,Loc_4-Type_1
UNIVERSITAS TANRI ABENG,D.K.I. JAKARTA,24000000.0,BAIK SEKALI,Loc_4-Type_1
UNIVERSITAS TANRI ABENG,D.K.I. JAKARTA,24000000.0,BAIK SEKALI,Loc_4-Type_1
UNIVERSITAS TANRI ABENG,D.K.I. JAKARTA,24000000.0,BAIK SEKALI,Loc_4-Type_1
UNIVERSITAS TANRI ABENG,D.K.I. JAKARTA,24000000.0,BAIK SEKALI,Loc_4-Type_1
UNIVERSITAS TANRI ABENG,D.K.I. JAKARTA,24000000.0,BAIK SEKALI,Loc_4-Type_1
UNIVERSITAS TANRI ABENG,D.K.I. JAKARTA,24000000.0,BAIK SEKALI,Loc_4-Type_1
UNIVERSITAS TANRI ABENG,D.K.I. JAKARTA,24000000.0,BAIK SEKALI,Loc_4-Type_1
UNIVERSITAS TANRI ABENG,D.K.I. JAKARTA,24000000.0,BAIK SEKALI,Loc_4-Type_1
UNIVERSITAS TARUMANAGARA,D.K.I. JAKARTA,60100000.0,A,Loc_4-Type_2
UNIVERSITAS TARUMANAGARA,D.K.I. JAKARTA,60100000.0,A,Loc_4-Type_2
UNIVERSITAS TARUMANAGARA,D.K.I. JAKARTA,60100000.0,A,Loc_4-Type_2
UNIVERSITAS TARUMANAGARA,D.K.I. JAKARTA,60100000.0,A,Loc_4-Type_2
UNIVERSITAS TARUMANAGARA,D.K.I. JAKARTA,60100000.0,A,Loc_4-Type_2
UNIVERSITAS TARUMANAGARA,D.K.I. JAKARTA,60100000.0,A,Loc_4-Type_2
UNIVERSITAS TARUMANAGARA,D.K.I. JAKARTA,60100000.0,A,Loc_4-Type_2
UNIVERSITAS TARUMANAGARA,D.K.I. JAKARTA,60100000.0,A,Loc_4-Type_2
UNIVERSITAS TARUMANAGARA,D.K.I. JAKARTA,60100000.0,A,Loc_4-Type_2
UNIVERSITAS TARUMANAGARA,D.K.I. JAKARTA,60100000.0,A,Loc_4-Type_2
UNIVERSITAS TARUMANAGARA,D.K.I. JAKARTA,60100000.0,A,Loc_4-Type_2
UNIVERSITAS TARUMANAGARA,D.K.I. JAKARTA,60100000.0,A,Loc_4-Type_2
UNIVERSITAS TARUMANAGARA,D.K.I. JAKARTA,60100000.0,A,Loc_4-Type_2
UNIVERSITAS TARUMANAGARA,D.K.I. JAKARTA,60100000.0,A,Loc_4-Type_2
UNIVERSITAS TARUMANAGARA,D.K.I. JAKARTA,60100000.0,A,Loc_4-Type_2
UNIVERSITAS TARUMANAGARA,D.K.I. JAKARTA,60100000.0,A,Loc_4-Type_2
UNIVERSITAS TARUNA BAKTI,JAWA BARAT,15650000.0,BAIK,Loc_8-Type_2
UNIVERSITAS TARUNA BAKTI,JAWA BARAT,15650000.0,BAIK,Loc_8-Type_2
UNIVERSITAS TARUNA BAKTI,JAWA BARAT,15650000.0,BAIK,Loc_8-Type_2
UNIVERSITAS TARUNA BAKTI,JAWA BARAT,15650000.0,BAIK,Loc_8-Type_2
UNIVERSITAS TARUNA BAKTI,JAWA BARAT,15650000.0,BAIK,Loc_8-Type_2
UNIVERSITAS TEKNOLOGI AKBA MAKASSAR,SULAWESI SELATAN,15190000.0,BAIK,Loc_3-Type_0
UNIVERSITAS TEKNOLOGI AKBA MAKASSAR,SULAWESI SELATAN,15190000.0,BAIK,Loc_3-Type_0
UNIVERSITAS TEKNOLOGI AKBA MAKASSAR,SULAWESI SELATAN,15190000.0,BAIK,Loc_3-Type_0
UNIVERSITAS TEKNOLOGI AKBA MAKASSAR,SULAWESI SELATAN,15190000.0,BAIK,Loc_3-Type_0
UNIVERSITAS TEKNOLOGI BANDUNG,JAWA BARAT,11000000.0,BAIK,Loc_8-Type_2
UNIVERSITAS TEKNOLOGI BANDUNG,JAWA BARAT,11000000.0,BAIK,Loc_8-Type_2
UNIVERSITAS TEKNOLOGI BANDUNG,JAWA BARAT,11000000.0,BAIK,Loc_8-Type_2
UNIVERSITAS TEKNOLOGI BANDUNG,JAWA BARAT,11000000.0,BAIK,Loc_8-Type_2
UNIVERSITAS TEKNOLOGI BANDUNG,JAWA BARAT,11000000.0,BAIK,Loc_8-Type_2
UNIVERSITAS TEKNOLOGI DIGITAL,JAWA BARAT,8100000.0,BAIK,Loc_8-Type_2
UNIVERSITAS TEKNOLOGI DIGITAL,JAWA BARAT,8100000.0,BAIK,Loc_8-Type_2
UNIVERSITAS TEKNOLOGI DIGITAL,JAWA BARAT,8100000.0,BAIK,Loc_8-Type_2
UNIVERSITAS TEKNOLOGI DIGITAL,JAWA BARAT,8100000.0,BAIK,Loc_8-Type_2
UNIVERSITAS TEKNOLOGI DIGITAL,JAWA BARAT,8100000.0,BAIK,Loc_8-Type_2
UNIVERSITAS TEKNOLOGI DIGITAL,JAWA BARAT,8100000.0,BAIK,Loc_8-Type_2
UNIVERSITAS TEKNOLOGI DIGITAL INDONESIA,D.I. YOGYAKARTA,11669000.0,B,Loc_0-Type_2
UNIVERSITAS TEKNOLOGI DIGITAL INDONESIA,D.I. YOGYAKARTA,11669000.0,B,Loc_0-Type_2
UNIVERSITAS TEKNOLOGI DIGITAL INDONESIA,D.I. YOGYAKARTA,11669000.0,B,Loc_0-Type_2
UNIVERSITAS TEKNOLOGI DIGITAL INDONESIA,D.I. YOGYAKARTA,11669000.0,B,Loc_0-Type_2
UNIVERSITAS TEKNOLOGI DIGITAL INDONESIA,D.I. YOGYAKARTA,11669000.0,B,Loc_0-Type_2
UNIVERSITAS TEKNOLOGI INDONESIA,BALI,5900000.0,BAIK,Loc_0-Type_0
UNIVERSITAS TEKNOLOGI INDONESIA,BALI,5900000.0,BAIK,Loc_0-Type_0
UNIVERSITAS TEKNOLOGI INDONESIA,BALI,5900000.0,BAIK,Loc_0-Type_0
UNIVERSITAS TEKNOLOGI INDONESIA,BALI,5900000.0,BAIK,Loc_0-Type_0
UNIVERSITAS TEKNOLOGI MATARAM,NUSA TENGGARA BARAT,5064000.0,BAIK SEKALI,Loc_0-Type_1
UNIVERSITAS TEKNOLOGI MATARAM,NUSA TENGGARA BARAT,5064000.0,BAIK SEKALI,Loc_0-Type_1
UNIVERSITAS TEKNOLOGI MATARAM,NUSA TENGGARA BARAT,5064000.0,BAIK SEKALI,Loc_0-Type_1
UNIVERSITAS TEKNOLOGI MATARAM,NUSA TENGGARA BARAT,5064000.0,BAIK SEKALI,Loc_0-Type_1
UNIVERSITAS TEKNOLOGI MATARAM,NUSA TENGGARA BARAT,5064000.0,BAIK SEKALI,Loc_0-Type_1
UNIVERSITAS TEKNOLOGI MATARAM,NUSA TENGGARA BARAT,5064000.0,BAIK SEKALI,Loc_0-Type_1
UNIVERSITAS TEKNOLOGI MUHAMMADIYAH JAKARTA,D.K.I. JAKARTA,13805000.0,BAIK SEKALI,Loc_4-Type_0
UNIVERSITAS TEKNOLOGI MUHAMMADIYAH JAKARTA,D.K.I. JAKARTA,13805000.0,BAIK SEKALI,Loc_4-Type_0
UNIVERSITAS TEKNOLOGI MUHAMMADIYAH JAKARTA,D.K.I. JAKARTA,13805000.0,BAIK SEKALI,Loc_4-Type_0
UNIVERSITAS TEKNOLOGI MUHAMMADIYAH JAKARTA,D.K.I. JAKARTA,13805000.0,BAIK SEKALI,Loc_4-Type_0
UNIVERSITAS TEKNOLOGI MUHAMMADIYAH JAKARTA,D.K.I. JAKARTA,13805000.0,BAIK SEKALI,Loc_4-Type_0
UNIVERSITAS TEKNOLOGI MUHAMMADIYAH JAKARTA,D.K.I. JAKARTA,13805000.0,BAIK SEKALI,Loc_4-Type_0
UNIVERSITAS TEKNOLOGI NUSANTARA,JAWA BARAT,8750000.0,BAIK,Loc_8-Type_2
UNIVERSITAS TEKNOLOGI NUSANTARA,JAWA BARAT,8750000.0,BAIK,Loc_8-Type_2
UNIVERSITAS TEKNOLOGI NUSANTARA,JAWA BARAT,8750000.0,BAIK,Loc_8-Type_2
UNIVERSITAS TEKNOLOGI NUSANTARA,JAWA BARAT,8750000.0,BAIK,Loc_8-Type_2
UNIVERSITAS TEKNOLOGI NUSANTARA,JAWA BARAT,8750000.0,BAIK,Loc_8-Type_2
UNIVERSITAS TEKNOLOGI NUSANTARA,JAWA BARAT,8750000.0,BAIK,Loc_8-Type_2
UNIVERSITAS TEKNOLOGI NUSANTARA,JAWA BARAT,8750000.0,BAIK,Loc_8-Type_2
UNIVERSITAS TEKNOLOGI NUSANTARA,JAWA BARAT,8750000.0,BAIK,Loc_8-Type_2
UNIVERSITAS TEKNOLOGI SULAWESI,SULAWESI SELATAN,5200000.0,BAIK,Loc_3-Type_0
UNIVERSITAS TEKNOLOGI SULAWESI,SULAWESI SELATAN,5200000.0,BAIK,Loc_3-Type_0
UNIVERSITAS TEKNOLOGI SULAWESI,SULAWESI SELATAN,5200000.0,BAIK,Loc_3-Type_0
UNIVERSITAS TEKNOLOGI SULAWESI,SULAWESI SELATAN,5200000.0,BAIK,Loc_3-Type_0
UNIVERSITAS TEKNOLOGI SULAWESI,SULAWESI SELATAN,5200000.0,BAIK,Loc_3-Type_0
UNIVERSITAS TEKNOLOGI SULAWESI,SULAWESI SELATAN,5200000.0,BAIK,Loc_3-Type_0
UNIVERSITAS TEKNOLOGI SULAWESI,SULAWESI SELATAN,5200000.0,BAIK,Loc_3-Type_0
UNIVERSITAS TEKNOLOGI SULAWESI,SULAWESI SELATAN,5200000.0,BAIK,Loc_3-Type_0
UNIVERSITAS TEKNOLOGI SULAWESI,SULAWESI SELATAN,5200000.0,BAIK,Loc_3-Type_0
UNIVERSITAS TEKNOLOGI SURABAYA,JAWA TIMUR,6000000.0,BAIK,Loc_5-Type_2
UNIVERSITAS TEKNOLOGI SURABAYA,JAWA TIMUR,6000000.0,BAIK,Loc_5-Type_2
UNIVERSITAS TEKNOLOGI SURABAYA,JAWA TIMUR,6000000.0,BAIK,Loc_5-Type_2
UNIVERSITAS TEKNOLOGI SURABAYA,JAWA TIMUR,6000000.0,BAIK,Loc_5-Type_2
UNIVERSITAS TEKNOLOGI SURABAYA,JAWA TIMUR,6000000.0,BAIK,Loc_5-Type_2
UNIVERSITAS TEKNOLOGI YOGYAKARTA,D.I. YOGYAKARTA,12200000.0,B,Loc_0-Type_2
UNIVERSITAS TEKNOLOGI YOGYAKARTA,D.I. YOGYAKARTA,12200000.0,B,Loc_0-Type_2
UNIVERSITAS TEKNOLOGI YOGYAKARTA,D.I. YOGYAKARTA,12200000.0,B,Loc_0-Type_2
UNIVERSITAS TEKNOLOGI YOGYAKARTA,D.I. YOGYAKARTA,12200000.0,B,Loc_0-Type_2
UNIVERSITAS TEKNOLOGI YOGYAKARTA,D.I. YOGYAKARTA,12200000.0,B,Loc_0-Type_2
UNIVERSITAS TEKNOLOGI YOGYAKARTA,D.I. YOGYAKARTA,12200000.0,B,Loc_0-Type_2
UNIVERSITAS TEKNOLOGI YOGYAKARTA,D.I. YOGYAKARTA,12200000.0,B,Loc_0-Type_2
UNIVERSITAS TEKNOLOGI YOGYAKARTA,D.I. YOGYAKARTA,12200000.0,B,Loc_0-Type_2
UNIVERSITAS TEKNOLOGI YOGYAKARTA,D.I. YOGYAKARTA,12200000.0,B,Loc_0-Type_2
UNIVERSITAS TEKNOLOGI YOGYAKARTA,D.I. YOGYAKARTA,12200000.0,B,Loc_0-Type_2
UNIVERSITAS TEKNOLOGI YOGYAKARTA,D.I. YOGYAKARTA,12200000.0,B,Loc_0-Type_2
UNIVERSITAS TEKNOLOGI YOGYAKARTA,D.I. YOGYAKARTA,12200000.0,B,Loc_0-Type_2
UNIVERSITAS TEKNOLOGI YOGYAKARTA,D.I. YOGYAKARTA,12200000.0,B,Loc_0-Type_2
UNIVERSITAS TEKNOLOGI YOGYAKARTA,D.I. YOGYAKARTA,12200000.0,B,Loc_0-Type_2
UNIVERSITAS TEKNOLOGI YOGYAKARTA,D.I. YOGYAKARTA,12200000.0,B,Loc_0-Type_2
UNIVERSITAS TEKNOLOGI YOGYAKARTA,D.I. YOGYAKARTA,12200000.0,B,Loc_0-Type_2
UNIVERSITAS TEKNOLOGI YOGYAKARTA,D.I. YOGYAKARTA,12200000.0,B,Loc_0-Type_2
UNIVERSITAS TEKNOLOGI YOGYAKARTA,D.I. YOGYAKARTA,12200000.0,B,Loc_0-Type_2
UNIVERSITAS TEKNOLOGI YOGYAKARTA,D.I. YOGYAKARTA,12200000.0,B,Loc_0-Type_2
UNIVERSITAS TEKNOLOGI YOGYAKARTA,D.I. YOGYAKARTA,12200000.0,B,Loc_0-Type_2
UNIVERSITAS TEKNOLOGI YOGYAKARTA,D.I. YOGYAKARTA,12200000.0,B,Loc_0-Type_2
UNIVERSITAS TELKOM,JAWA BARAT,26000000.0,UNGGUL,Loc_8-Type_1
UNIVERSITAS TELKOM,JAWA BARAT,26000000.0,UNGGUL,Loc_8-Type_1
UNIVERSITAS TELKOM,JAWA BARAT,26000000.0,UNGGUL,Loc_8-Type_1
UNIVERSITAS TELKOM,JAWA BARAT,26000000.0,UNGGUL,Loc_8-Type_1
UNIVERSITAS TELKOM,JAWA BARAT,26000000.0,UNGGUL,Loc_8-Type_1
UNIVERSITAS TELKOM,JAWA BARAT,26000000.0,UNGGUL,Loc_8-Type_1
UNIVERSITAS TELKOM,JAWA BARAT,26000000.0,UNGGUL,Loc_8-Type_1
UNIVERSITAS TELKOM,JAWA BARAT,26000000.0,UNGGUL,Loc_8-Type_1
UNIVERSITAS TELKOM,JAWA BARAT,26000000.0,UNGGUL,Loc_8-Type_1
UNIVERSITAS TELKOM,JAWA BARAT,26000000.0,UNGGUL,Loc_8-Type_1
UNIVERSITAS TELKOM,JAWA BARAT,26000000.0,UNGGUL,Loc_8-Type_1
UNIVERSITAS TELKOM,JAWA BARAT,26000000.0,UNGGUL,Loc_8-Type_1
UNIVERSITAS TELKOM,JAWA BARAT,26000000.0,UNGGUL,Loc_8-Type_1
UNIVERSITAS TELKOM,JAWA BARAT,26000000.0,UNGGUL,Loc_8-Type_1
UNIVERSITAS TELKOM,JAWA BARAT,26000000.0,UNGGUL,Loc_8-Type_1
UNIVERSITAS TELKOM,JAWA BARAT,26000000.0,UNGGUL,Loc_8-Type_1
UNIVERSITAS TELKOM,JAWA BARAT,26000000.0,UNGGUL,Loc_8-Type_1
UNIVERSITAS TELKOM,JAWA BARAT,26000000.0,UNGGUL,Loc_8-Type_1
UNIVERSITAS TELKOM,JAWA BARAT,26000000.0,UNGGUL,Loc_8-Type_1
UNIVERSITAS TELKOM,JAWA BARAT,26000000.0,UNGGUL,Loc_8-Type_1
UNIVERSITAS TELKOM,JAWA BARAT,26000000.0,UNGGUL,Loc_8-Type_1
UNIVERSITAS TELKOM,JAWA BARAT,26000000.0,UNGGUL,Loc_8-Type_1
UNIVERSITAS TELKOM,JAWA BARAT,26000000.0,UNGGUL,Loc_8-Type_1
UNIVERSITAS TELKOM,JAWA BARAT,26000000.0,UNGGUL,Loc_8-Type_1
UNIVERSITAS TELKOM,JAWA BARAT,26000000.0,UNGGUL,Loc_8-Type_1
UNIVERSITAS TELKOM,JAWA BARAT,26000000.0,UNGGUL,Loc_8-Type_1
UNIVERSITAS TELKOM,JAWA BARAT,26000000.0,UNGGUL,Loc_8-Type_1
UNIVERSITAS TELKOM,JAWA BARAT,26000000.0,UNGGUL,Loc_8-Type_1
UNIVERSITAS TELKOM,JAWA BARAT,26000000.0,UNGGUL,Loc_8-Type_1
UNIVERSITAS TELKOM,JAWA BARAT,26000000.0,UNGGUL,Loc_8-Type_1
UNIVERSITAS TELKOM,JAWA BARAT,26000000.0,UNGGUL,Loc_8-Type_1
UNIVERSITAS TELKOM,JAWA BARAT,26000000.0,UNGGUL,Loc_8-Type_1
UNIVERSITAS TELKOM,JAWA BARAT,26000000.0,UNGGUL,Loc_8-Type_1
UNIVERSITAS TELKOM,JAWA BARAT,26000000.0,UNGGUL,Loc_8-Type_1
UNIVERSITAS TELKOM,JAWA BARAT,26000000.0,UNGGUL,Loc_8-Type_1
UNIVERSITAS TIGA SERANGKAI,JAWA TENGAH,6520000.0,BAIK,Loc_7-Type_0
UNIVERSITAS TIGA SERANGKAI,JAWA TENGAH,6520000.0,BAIK,Loc_7-Type_0
UNIVERSITAS TIGA SERANGKAI,JAWA TENGAH,6520000.0,BAIK,Loc_7-Type_0
UNIVERSITAS TIGA SERANGKAI,JAWA TENGAH,6520000.0,BAIK,Loc_7-Type_0
UNIVERSITAS TIGA SERANGKAI,JAWA TENGAH,6520000.0,BAIK,Loc_7-Type_0
UNIVERSITAS TIMIKA,PAPUA,9800000.0,BAIK,Loc_9-Type_2
UNIVERSITAS TIMIKA,PAPUA,9800000.0,BAIK,Loc_9-Type_2
UNIVERSITAS TIMIKA,PAPUA,9800000.0,BAIK,Loc_9-Type_2
UNIVERSITAS TOMAKAKA,SULAWESI BARAT,5920000.0,BAIK,Loc_0-Type_0
UNIVERSITAS TOMAKAKA,SULAWESI BARAT,5920000.0,BAIK,Loc_0-Type_0
UNIVERSITAS TOMAKAKA,SULAWESI BARAT,5920000.0,BAIK,Loc_0-Type_0
UNIVERSITAS TOMAKAKA,SULAWESI BARAT,5920000.0,BAIK,Loc_0-Type_0
UNIVERSITAS TOMAKAKA,SULAWESI BARAT,5920000.0,BAIK,Loc_0-Type_0
UNIVERSITAS TOMAKAKA,SULAWESI BARAT,5920000.0,BAIK,Loc_0-Type_0
UNIVERSITAS TOMAKAKA,SULAWESI BARAT,5920000.0,BAIK,Loc_0-Type_0
UNIVERSITAS TOMAKAKA,SULAWESI BARAT,5920000.0,BAIK,Loc_0-Type_0
UNIVERSITAS TOMAKAKA,SULAWESI BARAT,5920000.0,BAIK,Loc_0-Type_0
UNIVERSITAS TOMAKAKA,SULAWESI BARAT,5920000.0,BAIK,Loc_0-Type_0
UNIVERSITAS TRIATMA MULYA,BALI,7400000.0,BAIK SEKALI,Loc_0-Type_1
UNIVERSITAS TRIATMA MULYA,BALI,7400000.0,BAIK SEKALI,Loc_0-Type_1
UNIVERSITAS TRIATMA MULYA,BALI,7400000.0,BAIK SEKALI,Loc_0-Type_1
UNIVERSITAS TRIATMA MULYA,BALI,7400000.0,BAIK SEKALI,Loc_0-Type_1
UNIVERSITAS TRIATMA MULYA,BALI,7400000.0,BAIK SEKALI,Loc_0-Type_1
UNIVERSITAS TRIATMA MULYA,BALI,7400000.0,BAIK SEKALI,Loc_0-Type_1
UNIVERSITAS TRIATMA MULYA,BALI,7400000.0,BAIK SEKALI,Loc_0-Type_1
UNIVERSITAS TRIATMA MULYA,BALI,7400000.0,BAIK SEKALI,Loc_0-Type_1
UNIVERSITAS TRIATMA MULYA,BALI,7400000.0,BAIK SEKALI,Loc_0-Type_1
UNIVERSITAS TRIATMA MULYA,BALI,7400000.0,BAIK SEKALI,Loc_0-Type_1
UNIVERSITAS TRIBHUWANA TUNGGA DEWI,JAWA TIMUR,14250000.0,C,Loc_5-Type_1
UNIVERSITAS TRIBHUWANA TUNGGA DEWI,JAWA TIMUR,14250000.0,C,Loc_5-Type_1
UNIVERSITAS TRIBHUWANA TUNGGA DEWI,JAWA TIMUR,14250000.0,C,Loc_5-Type_1
UNIVERSITAS TRIBHUWANA TUNGGA DEWI,JAWA TIMUR,14250000.0,C,Loc_5-Type_1
UNIVERSITAS TRIBHUWANA TUNGGA DEWI,JAWA TIMUR,14250000.0,C,Loc_5-Type_1
UNIVERSITAS TRIBHUWANA TUNGGA DEWI,JAWA TIMUR,14250000.0,C,Loc_5-Type_1
UNIVERSITAS TRIBHUWANA TUNGGA DEWI,JAWA TIMUR,14250000.0,C,Loc_5-Type_1
UNIVERSITAS TRIBHUWANA TUNGGA DEWI,JAWA TIMUR,14250000.0,C,Loc_5-Type_1
UNIVERSITAS TRIBHUWANA TUNGGA DEWI,JAWA TIMUR,14250000.0,C,Loc_5-Type_1
UNIVERSITAS TRIBHUWANA TUNGGA DEWI,JAWA TIMUR,14250000.0,C,Loc_5-Type_1
UNIVERSITAS TRIBHUWANA TUNGGA DEWI,JAWA TIMUR,14250000.0,C,Loc_5-Type_1
UNIVERSITAS TRIBHUWANA TUNGGA DEWI,JAWA TIMUR,14250000.0,C,Loc_5-Type_1
UNIVERSITAS TRIBHUWANA TUNGGA DEWI,JAWA TIMUR,14250000.0,C,Loc_5-Type_1
UNIVERSITAS TRIBHUWANA TUNGGA DEWI,JAWA TIMUR,14250000.0,C,Loc_5-Type_1
UNIVERSITAS TRIBHUWANA TUNGGA DEWI,JAWA TIMUR,14250000.0,C,Loc_5-Type_1
UNIVERSITAS TRIBHUWANA TUNGGA DEWI,JAWA TIMUR,14250000.0,C,Loc_5-Type_1
UNIVERSITAS TRIBHUWANA TUNGGA DEWI,JAWA TIMUR,14250000.0,C,Loc_5-Type_1
UNIVERSITAS TRIBUANA KALABAHI,NUSA TENGGARA TIMUR,5040000.0,BAIK,Loc_0-Type_0
UNIVERSITAS TRIBUANA KALABAHI,NUSA TENGGARA TIMUR,5040000.0,BAIK,Loc_0-Type_0
UNIVERSITAS TRIBUANA KALABAHI,NUSA TENGGARA TIMUR,5040000.0,BAIK,Loc_0-Type_0
UNIVERSITAS TRIBUANA KALABAHI,NUSA TENGGARA TIMUR,5040000.0,BAIK,Loc_0-Type_0
UNIVERSITAS TRIBUANA KALABAHI,NUSA TENGGARA TIMUR,5040000.0,BAIK,Loc_0-Type_0
UNIVERSITAS TRIBUANA KALABAHI,NUSA TENGGARA TIMUR,5040000.0,BAIK,Loc_0-Type_0
UNIVERSITAS TRIBUANA KALABAHI,NUSA TENGGARA TIMUR,5040000.0,BAIK,Loc_0-Type_0
UNIVERSITAS TRIBUANA KALABAHI,NUSA TENGGARA TIMUR,5040000.0,BAIK,Loc_0-Type_0
UNIVERSITAS TRIBUANA KALABAHI,NUSA TENGGARA TIMUR,5040000.0,BAIK,Loc_0-Type_0
UNIVERSITAS TRIBUANA KALABAHI,NUSA TENGGARA TIMUR,5040000.0,BAIK,Loc_0-Type_0
UNIVERSITAS TRIBUANA KALABAHI,NUSA TENGGARA TIMUR,5040000.0,BAIK,Loc_0-Type_0
UNIVERSITAS TRIDINANTI,SUMATERA SELATAN,7000000.0,B,Loc_0-Type_2
UNIVERSITAS TRIDINANTI,SUMATERA SELATAN,7000000.0,B,Loc_0-Type_2
UNIVERSITAS TRIDINANTI,SUMATERA SELATAN,7000000.0,B,Loc_0-Type_2
UNIVERSITAS TRIDINANTI,SUMATERA SELATAN,7000000.0,B,Loc_0-Type_2
UNIVERSITAS TRIDINANTI,SUMATERA SELATAN,7000000.0,B,Loc_0-Type_2
UNIVERSITAS TRIDINANTI,SUMATERA SELATAN,7000000.0,B,Loc_0-Type_2
UNIVERSITAS TRIDINANTI,SUMATERA SELATAN,7000000.0,B,Loc_0-Type_2
UNIVERSITAS TRIDINANTI,SUMATERA SELATAN,7000000.0,B,Loc_0-Type_2
UNIVERSITAS TRIDINANTI,SUMATERA SELATAN,7000000.0,B,Loc_0-Type_2
UNIVERSITAS TRIDINANTI,SUMATERA SELATAN,7000000.0,B,Loc_0-Type_2
UNIVERSITAS TRIDINANTI,SUMATERA SELATAN,7000000.0,B,Loc_0-Type_2
UNIVERSITAS TRIDINANTI,SUMATERA SELATAN,7000000.0,B,Loc_0-Type_2
UNIVERSITAS TRILOGI,D.K.I. JAKARTA,12750000.0,B,Loc_4-Type_1
UNIVERSITAS TRILOGI,D.K.I. JAKARTA,12750000.0,B,Loc_4-Type_1
UNIVERSITAS TRILOGI,D.K.I. JAKARTA,12750000.0,B,Loc_4-Type_1
UNIVERSITAS TRILOGI,D.K.I. JAKARTA,12750000.0,B,Loc_4-Type_1
UNIVERSITAS TRILOGI,D.K.I. JAKARTA,12750000.0,B,Loc_4-Type_1
UNIVERSITAS TRILOGI,D.K.I. JAKARTA,12750000.0,B,Loc_4-Type_1
UNIVERSITAS TRILOGI,D.K.I. JAKARTA,12750000.0,B,Loc_4-Type_1
UNIVERSITAS TRILOGI,D.K.I. JAKARTA,12750000.0,B,Loc_4-Type_1
UNIVERSITAS TRILOGI,D.K.I. JAKARTA,12750000.0,B,Loc_4-Type_1
UNIVERSITAS TRILOGI,D.K.I. JAKARTA,12750000.0,B,Loc_4-Type_1
UNIVERSITAS TRILOGI,D.K.I. JAKARTA,12750000.0,B,Loc_4-Type_1
UNIVERSITAS TRILOGI,D.K.I. JAKARTA,12750000.0,B,Loc_4-Type_1
UNIVERSITAS TRILOGI,D.K.I. JAKARTA,12750000.0,B,Loc_4-Type_1
UNIVERSITAS TRINITA,SULAWESI UTARA,4000000.0,BAIK,Loc_0-Type_0
UNIVERSITAS TRINITA,SULAWESI UTARA,4000000.0,BAIK,Loc_0-Type_0
UNIVERSITAS TRINITA,SULAWESI UTARA,4000000.0,BAIK,Loc_0-Type_0
UNIVERSITAS TRINITA,SULAWESI UTARA,4000000.0,BAIK,Loc_0-Type_0
UNIVERSITAS TRINITA,SULAWESI UTARA,4000000.0,BAIK,Loc_0-Type_0
UNIVERSITAS TRINITA,SULAWESI UTARA,4000000.0,BAIK,Loc_0-Type_0
UNIVERSITAS TRINITA,SULAWESI UTARA,4000000.0,BAIK,Loc_0-Type_0
UNIVERSITAS TRINITA,SULAWESI UTARA,4000000.0,BAIK,Loc_0-Type_0
UNIVERSITAS TRISAKTI,D.K.I. JAKARTA,168450000.0,A,Loc_4-Type_2
UNIVERSITAS TULUNGAGUNG,JAWA TIMUR,4100000.0,B,Loc_5-Type_0
UNIVERSITAS TULUNGAGUNG,JAWA TIMUR,4100000.0,B,Loc_5-Type_0
UNIVERSITAS TULUNGAGUNG,JAWA TIMUR,4100000.0,B,Loc_5-Type_0
UNIVERSITAS TULUNGAGUNG,JAWA TIMUR,4100000.0,B,Loc_5-Type_0
UNIVERSITAS TULUNGAGUNG,JAWA TIMUR,4100000.0,B,Loc_5-Type_0
UNIVERSITAS TULUNGAGUNG,JAWA TIMUR,4100000.0,B,Loc_5-Type_0
UNIVERSITAS TULUNGAGUNG,JAWA TIMUR,4100000.0,B,Loc_5-Type_0
UNIVERSITAS TUNAS PEMBANGUNAN SURAKARTA,JAWA TENGAH,8483000.0,BAIK SEKALI,Loc_7-Type_2
UNIVERSITAS TUNAS PEMBANGUNAN SURAKARTA,JAWA TENGAH,8483000.0,BAIK SEKALI,Loc_7-Type_2
UNIVERSITAS TUNAS PEMBANGUNAN SURAKARTA,JAWA TENGAH,8483000.0,BAIK SEKALI,Loc_7-Type_2
UNIVERSITAS TUNAS PEMBANGUNAN SURAKARTA,JAWA TENGAH,8483000.0,BAIK SEKALI,Loc_7-Type_2
UNIVERSITAS TUNAS PEMBANGUNAN SURAKARTA,JAWA TENGAH,8483000.0,BAIK SEKALI,Loc_7-Type_2
UNIVERSITAS TUNAS PEMBANGUNAN SURAKARTA,JAWA TENGAH,8483000.0,BAIK SEKALI,Loc_7-Type_2
UNIVERSITAS TUNAS PEMBANGUNAN SURAKARTA,JAWA TENGAH,8483000.0,BAIK SEKALI,Loc_7-Type_2
UNIVERSITAS TUNAS PEMBANGUNAN SURAKARTA,JAWA TENGAH,8483000.0,BAIK SEKALI,Loc_7-Type_2
UNIVERSITAS TUNAS PEMBANGUNAN SURAKARTA,JAWA TENGAH,8483000.0,BAIK SEKALI,Loc_7-Type_2
UNIVERSITAS UTPADAKA SWASTIKA,BANTEN,4790000.0,BAIK,Loc_0-Type_0
UNIVERSITAS UTPADAKA SWASTIKA,BANTEN,4790000.0,BAIK,Loc_0-Type_0
UNIVERSITAS UTPADAKA SWASTIKA,BANTEN,4790000.0,BAIK,Loc_0-Type_0
UNIVERSITAS UTPADAKA SWASTIKA,BANTEN,4790000.0,BAIK,Loc_0-Type_0
UNIVERSITAS VETERAN BANGUN NUSANTARA,JAWA TENGAH,8350000.0,BAIK SEKALI,Loc_7-Type_2
UNIVERSITAS VETERAN BANGUN NUSANTARA,JAWA TENGAH,8350000.0,BAIK SEKALI,Loc_7-Type_2
UNIVERSITAS VETERAN BANGUN NUSANTARA,JAWA TENGAH,8350000.0,BAIK SEKALI,Loc_7-Type_2
UNIVERSITAS VETERAN BANGUN NUSANTARA,JAWA TENGAH,8350000.0,BAIK SEKALI,Loc_7-Type_2
UNIVERSITAS VETERAN BANGUN NUSANTARA,JAWA TENGAH,8350000.0,BAIK SEKALI,Loc_7-Type_2
UNIVERSITAS VETERAN BANGUN NUSANTARA,JAWA TENGAH,8350000.0,BAIK SEKALI,Loc_7-Type_2
UNIVERSITAS VETERAN BANGUN NUSANTARA,JAWA TENGAH,8350000.0,BAIK SEKALI,Loc_7-Type_2
UNIVERSITAS VETERAN BANGUN NUSANTARA,JAWA TENGAH,8350000.0,BAIK SEKALI,Loc_7-Type_2
UNIVERSITAS VETERAN BANGUN NUSANTARA,JAWA TENGAH,8350000.0,BAIK SEKALI,Loc_7-Type_2
UNIVERSITAS VETERAN BANGUN NUSANTARA,JAWA TENGAH,8350000.0,BAIK SEKALI,Loc_7-Type_2
UNIVERSITAS VETERAN BANGUN NUSANTARA,JAWA TENGAH,8350000.0,BAIK SEKALI,Loc_7-Type_2
UNIVERSITAS VETERAN BANGUN NUSANTARA,JAWA TENGAH,8350000.0,BAIK SEKALI,Loc_7-Type_2
UNIVERSITAS VETERAN BANGUN NUSANTARA,JAWA TENGAH,8350000.0,BAIK SEKALI,Loc_7-Type_2
UNIVERSITAS VETERAN BANGUN NUSANTARA,JAWA TENGAH,8350000.0,BAIK SEKALI,Loc_7-Type_2
UNIVERSITAS VETERAN BANGUN NUSANTARA,JAWA TENGAH,8350000.0,BAIK SEKALI,Loc_7-Type_2
UNIVERSITAS VETERAN BANGUN NUSANTARA,JAWA TENGAH,8350000.0,BAIK SEKALI,Loc_7-Type_2
UNIVERSITAS VETERAN BANGUN NUSANTARA,JAWA TENGAH,8350000.0,BAIK SEKALI,Loc_7-Type_2
UNIVERSITAS VETERAN BANGUN NUSANTARA,JAWA TENGAH,8350000.0,BAIK SEKALI,Loc_7-Type_2
UNIVERSITAS VETERAN BANGUN NUSANTARA,JAWA TENGAH,8350000.0,BAIK SEKALI,Loc_7-Type_2
UNIVERSITAS VETERAN BANGUN NUSANTARA,JAWA TENGAH,8350000.0,BAIK SEKALI,Loc_7-Type_2
UNIVERSITAS W R SUPRATMAN,JAWA TIMUR,6000000.0,BAIK,Loc_5-Type_2
UNIVERSITAS W R SUPRATMAN,JAWA TIMUR,6000000.0,BAIK,Loc_5-Type_2
UNIVERSITAS W R SUPRATMAN,JAWA TIMUR,6000000.0,BAIK,Loc_5-Type_2
UNIVERSITAS W R SUPRATMAN,JAWA TIMUR,6000000.0,BAIK,Loc_5-Type_2
UNIVERSITAS WAHID HASYIM,JAWA TENGAH,36170000.0,UNGGUL,Loc_7-Type_2
UNIVERSITAS WAHID HASYIM,JAWA TENGAH,36170000.0,UNGGUL,Loc_7-Type_2
UNIVERSITAS WAHID HASYIM,JAWA TENGAH,36170000.0,UNGGUL,Loc_7-Type_2
UNIVERSITAS WAHID HASYIM,JAWA TENGAH,36170000.0,UNGGUL,Loc_7-Type_2
UNIVERSITAS WAHID HASYIM,JAWA TENGAH,36170000.0,UNGGUL,Loc_7-Type_2
UNIVERSITAS WAHID HASYIM,JAWA TENGAH,36170000.0,UNGGUL,Loc_7-Type_2
UNIVERSITAS WAHID HASYIM,JAWA TENGAH,36170000.0,UNGGUL,Loc_7-Type_2
UNIVERSITAS WAHID HASYIM,JAWA TENGAH,36170000.0,UNGGUL,Loc_7-Type_2
UNIVERSITAS WAHID HASYIM,JAWA TENGAH,36170000.0,UNGGUL,Loc_7-Type_2
UNIVERSITAS WAHID HASYIM,JAWA TENGAH,36170000.0,UNGGUL,Loc_7-Type_2
UNIVERSITAS WAHID HASYIM,JAWA TENGAH,36170000.0,UNGGUL,Loc_7-Type_2
UNIVERSITAS WAHID HASYIM,JAWA TENGAH,36170000.0,UNGGUL,Loc_7-Type_2
UNIVERSITAS WAHID HASYIM,JAWA TENGAH,36170000.0,UNGGUL,Loc_7-Type_2
UNIVERSITAS WAHIDIYAH,JAWA TIMUR,8910000.0,BAIK,Loc_5-Type_2
UNIVERSITAS WAHIDIYAH,JAWA TIMUR,8910000.0,BAIK,Loc_5-Type_2
UNIVERSITAS WAHIDIYAH,JAWA TIMUR,8910000.0,BAIK,Loc_5-Type_2
UNIVERSITAS WAHIDIYAH,JAWA TIMUR,8910000.0,BAIK,Loc_5-Type_2
UNIVERSITAS WAHIDIYAH,JAWA TIMUR,8910000.0,BAIK,Loc_5-Type_2
UNIVERSITAS WAHIDIYAH,JAWA TIMUR,8910000.0,BAIK,Loc_5-Type_2
UNIVERSITAS WAHIDIYAH,JAWA TIMUR,8910000.0,BAIK,Loc_5-Type_2
UNIVERSITAS WAHIDIYAH,JAWA TIMUR,8910000.0,BAIK,Loc_5-Type_2
UNIVERSITAS WAHIDIYAH,JAWA TIMUR,8910000.0,BAIK,Loc_5-Type_2
UNIVERSITAS WAHIDIYAH,JAWA TIMUR,8910000.0,BAIK,Loc_5-Type_2
UNIVERSITAS WAHIDIYAH,JAWA TIMUR,8910000.0,BAIK,Loc_5-Type_2
UNIVERSITAS WALLACEA,SULAWESI BARAT,4800000.0,BAIK,Loc_0-Type_0
UNIVERSITAS WALLACEA,SULAWESI BARAT,4800000.0,BAIK,Loc_0-Type_0
UNIVERSITAS WALLACEA,SULAWESI BARAT,4800000.0,BAIK,Loc_0-Type_0
UNIVERSITAS WALLACEA,SULAWESI BARAT,4800000.0,BAIK,Loc_0-Type_0
UNIVERSITAS WARMADEWA,BALI,13675000.0,UNGGUL,Loc_0-Type_1
UNIVERSITAS WARMADEWA,BALI,13675000.0,UNGGUL,Loc_0-Type_1
UNIVERSITAS WARMADEWA,BALI,13675000.0,UNGGUL,Loc_0-Type_1
UNIVERSITAS WARMADEWA,BALI,13675000.0,UNGGUL,Loc_0-Type_1
UNIVERSITAS WARMADEWA,BALI,13675000.0,UNGGUL,Loc_0-Type_1
UNIVERSITAS WARMADEWA,BALI,13675000.0,UNGGUL,Loc_0-Type_1
UNIVERSITAS WARMADEWA,BALI,13675000.0,UNGGUL,Loc_0-Type_1
UNIVERSITAS WARMADEWA,BALI,13675000.0,UNGGUL,Loc_0-Type_1
UNIVERSITAS WARMADEWA,BALI,13675000.0,UNGGUL,Loc_0-Type_1
UNIVERSITAS WARMADEWA,BALI,13675000.0,UNGGUL,Loc_0-Type_1
UNIVERSITAS WARMADEWA,BALI,13675000.0,UNGGUL,Loc_0-Type_1
UNIVERSITAS WARMADEWA,BALI,13675000.0,UNGGUL,Loc_0-Type_1
UNIVERSITAS WARMADEWA,BALI,13675000.0,UNGGUL,Loc_0-Type_1
UNIVERSITAS WARMADEWA,BALI,13675000.0,UNGGUL,Loc_0-Type_1
UNIVERSITAS WARMADEWA,BALI,13675000.0,UNGGUL,Loc_0-Type_1
UNIVERSITAS WARMADEWA,BALI,13675000.0,UNGGUL,Loc_0-Type_1
UNIVERSITAS WASKITA DHARMA,JAWA TIMUR,7000000.0,BAIK,Loc_5-Type_2
UNIVERSITAS WASKITA DHARMA,JAWA TIMUR,7000000.0,BAIK,Loc_5-Type_2
UNIVERSITAS WASKITA DHARMA,JAWA TIMUR,7000000.0,BAIK,Loc_5-Type_2
UNIVERSITAS WASKITA DHARMA,JAWA TIMUR,7000000.0,BAIK,Loc_5-Type_2
UNIVERSITAS WERISAR,PAPUA BARAT,5200000.0,BAIK,Loc_2-Type_1
UNIVERSITAS WIDYA DHARMA PONTIANAK,KALIMANTAN BARAT,10400000.0,BAIK,Loc_6-Type_2
UNIVERSITAS WIDYA DHARMA PONTIANAK,KALIMANTAN BARAT,10400000.0,BAIK,Loc_6-Type_2
UNIVERSITAS WIDYA DHARMA PONTIANAK,KALIMANTAN BARAT,10400000.0,BAIK,Loc_6-Type_2
UNIVERSITAS WIDYA DHARMA PONTIANAK,KALIMANTAN BARAT,10400000.0,BAIK,Loc_6-Type_2
UNIVERSITAS WIDYA DHARMA PONTIANAK,KALIMANTAN BARAT,10400000.0,BAIK,Loc_6-Type_2
UNIVERSITAS WIDYA GAMA,JAWA TIMUR,28500000.0,B,Loc_5-Type_0
UNIVERSITAS WIDYA GAMA,JAWA TIMUR,28500000.0,B,Loc_5-Type_0
UNIVERSITAS WIDYA GAMA,JAWA TIMUR,28500000.0,B,Loc_5-Type_0
UNIVERSITAS WIDYA GAMA,JAWA TIMUR,28500000.0,B,Loc_5-Type_0
UNIVERSITAS WIDYA GAMA,JAWA TIMUR,28500000.0,B,Loc_5-Type_0
UNIVERSITAS WIDYA GAMA,JAWA TIMUR,28500000.0,B,Loc_5-Type_0
UNIVERSITAS WIDYA GAMA,JAWA TIMUR,28500000.0,B,Loc_5-Type_0
UNIVERSITAS WIDYA GAMA,JAWA TIMUR,28500000.0,B,Loc_5-Type_0
UNIVERSITAS WIDYA GAMA,JAWA TIMUR,28500000.0,B,Loc_5-Type_0
UNIVERSITAS WIDYA GAMA,JAWA TIMUR,28500000.0,B,Loc_5-Type_0
UNIVERSITAS WIDYA GAMA MAHAKAM SAMARINDA,KALIMANTAN TIMUR,6950000.0,BAIK SEKALI,Loc_0-Type_1
UNIVERSITAS WIDYA GAMA MAHAKAM SAMARINDA,KALIMANTAN TIMUR,6950000.0,BAIK SEKALI,Loc_0-Type_1
UNIVERSITAS WIDYA GAMA MAHAKAM SAMARINDA,KALIMANTAN TIMUR,6950000.0,BAIK SEKALI,Loc_0-Type_1
UNIVERSITAS WIDYA GAMA MAHAKAM SAMARINDA,KALIMANTAN TIMUR,6950000.0,BAIK SEKALI,Loc_0-Type_1
UNIVERSITAS WIDYA GAMA MAHAKAM SAMARINDA,KALIMANTAN TIMUR,6950000.0,BAIK SEKALI,Loc_0-Type_1
UNIVERSITAS WIDYA GAMA MAHAKAM SAMARINDA,KALIMANTAN TIMUR,6950000.0,BAIK SEKALI,Loc_0-Type_1
UNIVERSITAS WIDYA GAMA MAHAKAM SAMARINDA,KALIMANTAN TIMUR,6950000.0,BAIK SEKALI,Loc_0-Type_1
UNIVERSITAS WIDYA GAMA MAHAKAM SAMARINDA,KALIMANTAN TIMUR,6950000.0,BAIK SEKALI,Loc_0-Type_1
UNIVERSITAS WIDYA GAMA MAHAKAM SAMARINDA,KALIMANTAN TIMUR,6950000.0,BAIK SEKALI,Loc_0-Type_1
UNIVERSITAS WIDYA HUSADA SEMARANG,JAWA TENGAH,12300000.0,B,Loc_7-Type_0
UNIVERSITAS WIDYA HUSADA SEMARANG,JAWA TENGAH,12300000.0,B,Loc_7-Type_0
UNIVERSITAS WIDYA HUSADA SEMARANG,JAWA TENGAH,12300000.0,B,Loc_7-Type_0
UNIVERSITAS WIDYA HUSADA SEMARANG,JAWA TENGAH,12300000.0,B,Loc_7-Type_0
UNIVERSITAS WIDYA HUSADA SEMARANG,JAWA TENGAH,12300000.0,B,Loc_7-Type_0
UNIVERSITAS WIDYA HUSADA SEMARANG,JAWA TENGAH,12300000.0,B,Loc_7-Type_0
UNIVERSITAS WIDYA KARTIKA,JAWA TIMUR,19198000.0,BAIK,Loc_5-Type_2
UNIVERSITAS WIDYA KARTIKA,JAWA TIMUR,19198000.0,BAIK,Loc_5-Type_2
UNIVERSITAS WIDYA KARTIKA,JAWA TIMUR,19198000.0,BAIK,Loc_5-Type_2
UNIVERSITAS WIDYA KARTIKA,JAWA TIMUR,19198000.0,BAIK,Loc_5-Type_2
UNIVERSITAS WIDYA KARTIKA,JAWA TIMUR,19198000.0,BAIK,Loc_5-Type_2
UNIVERSITAS WIDYA KARTIKA,JAWA TIMUR,19198000.0,BAIK,Loc_5-Type_2
UNIVERSITAS WIDYA KARTIKA,JAWA TIMUR,19198000.0,BAIK,Loc_5-Type_2
UNIVERSITAS WIDYA MATARAM,DI YOGYAKARTA,4250000.0,B,Loc_0-Type_2
UNIVERSITAS WIDYA MATARAM,DI YOGYAKARTA,4250000.0,B,Loc_0-Type_2
UNIVERSITAS WIDYA MATARAM,DI YOGYAKARTA,4250000.0,B,Loc_0-Type_2
UNIVERSITAS WIDYA MATARAM,DI YOGYAKARTA,4250000.0,B,Loc_0-Type_2
UNIVERSITAS WIDYA MATARAM,DI YOGYAKARTA,4250000.0,B,Loc_0-Type_2
UNIVERSITAS WIDYA MATARAM,DI YOGYAKARTA,4250000.0,B,Loc_0-Type_2
UNIVERSITAS WIDYA MATARAM,DI YOGYAKARTA,4250000.0,B,Loc_0-Type_2
UNIVERSITAS WIDYA MATARAM,DI YOGYAKARTA,4250000.0,B,Loc_0-Type_2
UNIVERSITAS WIDYA MATARAM,DI YOGYAKARTA,4250000.0,B,Loc_0-Type_2
UNIVERSITAS WIDYA MATARAM,DI YOGYAKARTA,4250000.0,B,Loc_0-Type_2
UNIVERSITAS WIDYA MATARAM,DI YOGYAKARTA,4250000.0,B,Loc_0-Type_2
UNIVERSITAS WIDYA NUSANTARA,SULAWESI TENGAH,15750000.0,BAIK SEKALI,Loc_0-Type_1
UNIVERSITAS WIDYA NUSANTARA,SULAWESI TENGAH,15750000.0,BAIK SEKALI,Loc_0-Type_1
UNIVERSITAS WIDYA NUSANTARA,SULAWESI TENGAH,15750000.0,BAIK SEKALI,Loc_0-Type_1
UNIVERSITAS WIDYA NUSANTARA,SULAWESI TENGAH,15750000.0,BAIK SEKALI,Loc_0-Type_1
UNIVERSITAS WIDYA NUSANTARA,SULAWESI TENGAH,15750000.0,BAIK SEKALI,Loc_0-Type_1
UNIVERSITAS WIDYA NUSANTARA,SULAWESI TENGAH,15750000.0,BAIK SEKALI,Loc_0-Type_1
UNIVERSITAS WIDYATAMA,JAWA BARAT,11100000.0,B,Loc_8-Type_0
UNIVERSITAS WIDYATAMA,JAWA BARAT,11100000.0,B,Loc_8-Type_0
UNIVERSITAS WIDYATAMA,JAWA BARAT,11100000.0,B,Loc_8-Type_0
UNIVERSITAS WIDYATAMA,JAWA BARAT,11100000.0,B,Loc_8-Type_0
UNIVERSITAS WIDYATAMA,JAWA BARAT,11100000.0,B,Loc_8-Type_0
UNIVERSITAS WIDYATAMA,JAWA BARAT,11100000.0,B,Loc_8-Type_0
UNIVERSITAS WIDYATAMA,JAWA BARAT,11100000.0,B,Loc_8-Type_0
UNIVERSITAS WIDYATAMA,JAWA BARAT,11100000.0,B,Loc_8-Type_0
UNIVERSITAS WIDYATAMA,JAWA BARAT,11100000.0,B,Loc_8-Type_0
UNIVERSITAS WIDYATAMA,JAWA BARAT,11100000.0,B,Loc_8-Type_0
UNIVERSITAS WIDYATAMA,JAWA BARAT,11100000.0,B,Loc_8-Type_0
UNIVERSITAS WIDYATAMA,JAWA BARAT,11100000.0,B,Loc_8-Type_0
UNIVERSITAS WIDYATAMA,JAWA BARAT,11100000.0,B,Loc_8-Type_0
UNIVERSITAS WIDYATAMA,JAWA BARAT,11100000.0,B,Loc_8-Type_0
UNIVERSITAS WIJAYA KUSUMA SURABAYA,JAWA TIMUR,38400000.0,B,Loc_5-Type_0
UNIVERSITAS WIJAYA KUSUMA SURABAYA,JAWA TIMUR,38400000.0,B,Loc_5-Type_0
UNIVERSITAS WIJAYA KUSUMA SURABAYA,JAWA TIMUR,38400000.0,B,Loc_5-Type_0
UNIVERSITAS WIJAYA KUSUMA SURABAYA,JAWA TIMUR,38400000.0,B,Loc_5-Type_0
UNIVERSITAS WIJAYA KUSUMA SURABAYA,JAWA TIMUR,38400000.0,B,Loc_5-Type_0
UNIVERSITAS WIJAYA KUSUMA SURABAYA,JAWA TIMUR,38400000.0,B,Loc_5-Type_0
UNIVERSITAS WIJAYA KUSUMA SURABAYA,JAWA TIMUR,38400000.0,B,Loc_5-Type_0
UNIVERSITAS WIJAYA KUSUMA SURABAYA,JAWA TIMUR,38400000.0,B,Loc_5-Type_0
UNIVERSITAS WIJAYA KUSUMA SURABAYA,JAWA TIMUR,38400000.0,B,Loc_5-Type_0
UNIVERSITAS WIJAYA KUSUMA SURABAYA,JAWA TIMUR,38400000.0,B,Loc_5-Type_0
UNIVERSITAS WIJAYA KUSUMA SURABAYA,JAWA TIMUR,38400000.0,B,Loc_5-Type_0
UNIVERSITAS WIJAYA KUSUMA SURABAYA,JAWA TIMUR,38400000.0,B,Loc_5-Type_0
UNIVERSITAS WIJAYA KUSUMA SURABAYA,JAWA TIMUR,38400000.0,B,Loc_5-Type_0
UNIVERSITAS WIJAYA KUSUMA SURABAYA,JAWA TIMUR,38400000.0,B,Loc_5-Type_0
UNIVERSITAS WIJAYA KUSUMA SURABAYA,JAWA TIMUR,38400000.0,B,Loc_5-Type_0
UNIVERSITAS WIJAYA KUSUMA SURABAYA,JAWA TIMUR,38400000.0,B,Loc_5-Type_0
UNIVERSITAS WIJAYA KUSUMA SURABAYA,JAWA TIMUR,38400000.0,B,Loc_5-Type_0
UNIVERSITAS WIJAYA KUSUMA SURABAYA,JAWA TIMUR,38400000.0,B,Loc_5-Type_0
UNIVERSITAS WIJAYA KUSUMA SURABAYA,JAWA TIMUR,38400000.0,B,Loc_5-Type_0
UNIVERSITAS WIJAYA PUTRA,JAWA TIMUR,11600100.0,BAIK SEKALI,Loc_5-Type_1
UNIVERSITAS WIJAYA PUTRA,JAWA TIMUR,11600100.0,BAIK SEKALI,Loc_5-Type_1
UNIVERSITAS WIJAYA PUTRA,JAWA TIMUR,11600100.0,BAIK SEKALI,Loc_5-Type_1
UNIVERSITAS WIJAYA PUTRA,JAWA TIMUR,11600100.0,BAIK SEKALI,Loc_5-Type_1
UNIVERSITAS WIJAYA PUTRA,JAWA TIMUR,11600100.0,BAIK SEKALI,Loc_5-Type_1
UNIVERSITAS WIJAYA PUTRA,JAWA TIMUR,11600100.0,BAIK SEKALI,Loc_5-Type_1
UNIVERSITAS WIJAYA PUTRA,JAWA TIMUR,11600100.0,BAIK SEKALI,Loc_5-Type_1
UNIVERSITAS WIJAYA PUTRA,JAWA TIMUR,11600100.0,BAIK SEKALI,Loc_5-Type_1
UNIVERSITAS WIJAYA PUTRA,JAWA TIMUR,11600100.0,BAIK SEKALI,Loc_5-Type_1
UNIVERSITAS WIJAYA PUTRA,JAWA TIMUR,11600100.0,BAIK SEKALI,Loc_5-Type_1
UNIVERSITAS WIJAYA PUTRA,JAWA TIMUR,11600100.0,BAIK SEKALI,Loc_5-Type_1
UNIVERSITAS WIJAYA PUTRA,JAWA TIMUR,11600100.0,BAIK SEKALI,Loc_5-Type_1
UNIVERSITAS WIJAYAKUSUMA PURWOKERTO,JAWA TENGAH,8500000.0,BAIK SEKALI,Loc_7-Type_2
UNIVERSITAS WIJAYAKUSUMA PURWOKERTO,JAWA TENGAH,8500000.0,BAIK SEKALI,Loc_7-Type_2
UNIVERSITAS WINAYA MUKTI,JAWA BARAT,17900000.0,BAIK SEKALI,Loc_8-Type_1
UNIVERSITAS WINAYA MUKTI,JAWA BARAT,17900000.0,BAIK SEKALI,Loc_8-Type_1
UNIVERSITAS WINAYA MUKTI,JAWA BARAT,17900000.0,BAIK SEKALI,Loc_8-Type_1
UNIVERSITAS WINAYA MUKTI,JAWA BARAT,17900000.0,BAIK SEKALI,Loc_8-Type_1
UNIVERSITAS WINAYA MUKTI,JAWA BARAT,17900000.0,BAIK SEKALI,Loc_8-Type_1
UNIVERSITAS WINAYA MUKTI,JAWA BARAT,17900000.0,BAIK SEKALI,Loc_8-Type_1
UNIVERSITAS WINAYA MUKTI,JAWA BARAT,17900000.0,BAIK SEKALI,Loc_8-Type_1
UNIVERSITAS WINAYA MUKTI,JAWA BARAT,17900000.0,BAIK SEKALI,Loc_8-Type_1
UNIVERSITAS WINAYA MUKTI,JAWA BARAT,17900000.0,BAIK SEKALI,Loc_8-Type_1
UNIVERSITAS WINAYA MUKTI,JAWA BARAT,17900000.0,BAIK SEKALI,Loc_8-Type_1
UNIVERSITAS WIRA BHAKTI,SULAWESI SELATAN,6700000.0,BAIK,Loc_3-Type_0
UNIVERSITAS WIRA BHAKTI,SULAWESI SELATAN,6700000.0,BAIK,Loc_3-Type_0
UNIVERSITAS WIRA BHAKTI,SULAWESI SELATAN,6700000.0,BAIK,Loc_3-Type_0
UNIVERSITAS WIRA BHAKTI,SULAWESI SELATAN,6700000.0,BAIK,Loc_3-Type_0
UNIVERSITAS WIRA BHAKTI,SULAWESI SELATAN,6700000.0,BAIK,Loc_3-Type_0
UNIVERSITAS WIRAHUSADA MEDAN,SUMATERA UTARA,3300000.0,BAIK,Loc_0-Type_0
UNIVERSITAS WIRAHUSADA MEDAN,SUMATERA UTARA,3300000.0,BAIK,Loc_0-Type_0
UNIVERSITAS WIRAHUSADA MEDAN,SUMATERA UTARA,3300000.0,BAIK,Loc_0-Type_0
UNIVERSITAS WIRAHUSADA MEDAN,SUMATERA UTARA,3300000.0,BAIK,Loc_0-Type_0
UNIVERSITAS WIRAHUSADA MEDAN,SUMATERA UTARA,3300000.0,BAIK,Loc_0-Type_0
UNIVERSITAS WIRALODRA,JAWA BARAT,8480000.0,B,Loc_8-Type_0
UNIVERSITAS WIRALODRA,JAWA BARAT,8480000.0,B,Loc_8-Type_0
UNIVERSITAS WIRALODRA,JAWA BARAT,8480000.0,B,Loc_8-Type_0
UNIVERSITAS WIRALODRA,JAWA BARAT,8480000.0,B,Loc_8-Type_0
UNIVERSITAS WIRALODRA,JAWA BARAT,8480000.0,B,Loc_8-Type_0
UNIVERSITAS WIRALODRA,JAWA BARAT,8480000.0,B,Loc_8-Type_0
UNIVERSITAS WIRALODRA,JAWA BARAT,8480000.0,B,Loc_8-Type_0
UNIVERSITAS WIRALODRA,JAWA BARAT,8480000.0,B,Loc_8-Type_0
UNIVERSITAS WIRALODRA,JAWA BARAT,8480000.0,B,Loc_8-Type_0
UNIVERSITAS WIRALODRA,JAWA BARAT,8480000.0,B,Loc_8-Type_0
UNIVERSITAS WIRALODRA,JAWA BARAT,8480000.0,B,Loc_8-Type_0
UNIVERSITAS WIRALODRA,JAWA BARAT,8480000.0,B,Loc_8-Type_0
UNIVERSITAS WIRARAJA,JAWA TIMUR,9313750.0,BAIK SEKALI,Loc_5-Type_1
UNIVERSITAS WIRARAJA,JAWA TIMUR,9313750.0,BAIK SEKALI,Loc_5-Type_1
UNIVERSITAS WIRARAJA,JAWA TIMUR,9313750.0,BAIK SEKALI,Loc_5-Type_1
UNIVERSITAS WIRARAJA,JAWA TIMUR,9313750.0,BAIK SEKALI,Loc_5-Type_1
UNIVERSITAS WIRARAJA,JAWA TIMUR,9313750.0,BAIK SEKALI,Loc_5-Type_1
UNIVERSITAS WIRARAJA,JAWA TIMUR,9313750.0,BAIK SEKALI,Loc_5-Type_1
UNIVERSITAS WIRARAJA,JAWA TIMUR,9313750.0,BAIK SEKALI,Loc_5-Type_1
UNIVERSITAS WIRARAJA,JAWA TIMUR,9313750.0,BAIK SEKALI,Loc_5-Type_1
UNIVERSITAS WIRARAJA,JAWA TIMUR,9313750.0,BAIK SEKALI,Loc_5-Type_1
UNIVERSITAS WIRARAJA,JAWA TIMUR,9313750.0,BAIK SEKALI,Loc_5-Type_1
UNIVERSITAS WIRARAJA,JAWA TIMUR,9313750.0,BAIK SEKALI,Loc_5-Type_1
UNIVERSITAS WIRARAJA,JAWA TIMUR,9313750.0,BAIK SEKALI,Loc_5-Type_1
UNIVERSITAS WIRARAJA,JAWA TIMUR,9313750.0,BAIK SEKALI,Loc_5-Type_1
UNIVERSITAS WIRARAJA,JAWA TIMUR,9313750.0,BAIK SEKALI,Loc_5-Type_1
UNIVERSITAS WIRARAJA,JAWA TIMUR,9313750.0,BAIK SEKALI,Loc_5-Type_1
UNIVERSITAS WISNUWARDHANA,JAWA TIMUR,13800000.0,B,Loc_5-Type_0
UNIVERSITAS WISNUWARDHANA,JAWA TIMUR,13800000.0,B,Loc_5-Type_0
UNIVERSITAS WISNUWARDHANA,JAWA TIMUR,13800000.0,B,Loc_5-Type_0
UNIVERSITAS WISNUWARDHANA,JAWA TIMUR,13800000.0,B,Loc_5-Type_0
UNIVERSITAS WISNUWARDHANA,JAWA TIMUR,13800000.0,B,Loc_5-Type_0
UNIVERSITAS WISNUWARDHANA,JAWA TIMUR,13800000.0,B,Loc_5-Type_0
UNIVERSITAS WISNUWARDHANA,JAWA TIMUR,13800000.0,B,Loc_5-Type_0
UNIVERSITAS WISNUWARDHANA,JAWA TIMUR,13800000.0,B,Loc_5-Type_0
UNIVERSITAS WISNUWARDHANA,JAWA TIMUR,13800000.0,B,Loc_5-Type_0
UNIVERSITAS WISNUWARDHANA,JAWA TIMUR,13800000.0,B,Loc_5-Type_0
UNIVERSITAS WISNUWARDHANA,JAWA TIMUR,13800000.0,B,Loc_5-Type_0
UNIVERSITAS YAPIS PAPUA,PAPUA,5600000.0,TERAKREDITASI,Loc_9-Type_0
UNIVERSITAS YAPIS PAPUA,PAPUA,5600000.0,TERAKREDITASI,Loc_9-Type_0
UNIVERSITAS YAPIS PAPUA,PAPUA,5600000.0,TERAKREDITASI,Loc_9-Type_0
UNIVERSITAS YAPIS PAPUA,PAPUA,5600000.0,TERAKREDITASI,Loc_9-Type_0
UNIVERSITAS YAPIS PAPUA,PAPUA,5600000.0,TERAKREDITASI,Loc_9-Type_0
UNIVERSITAS YAPIS PAPUA,PAPUA,5600000.0,TERAKREDITASI,Loc_9-Type_0
UNIVERSITAS YAPIS PAPUA,PAPUA,5600000.0,TERAKREDITASI,Loc_9-Type_0
UNIVERSITAS YAPIS PAPUA,PAPUA,5600000.0,TERAKREDITASI,Loc_9-Type_0
UNIVERSITAS YAPIS PAPUA,PAPUA,5600000.0,TERAKREDITASI,Loc_9-Type_0
UNIVERSITAS YAPIS PAPUA,PAPUA,5600000.0,TERAKREDITASI,Loc_9-Type_0
UNIVERSITAS YAPIS PAPUA,PAPUA,5600000.0,TERAKREDITASI,Loc_9-Type_0
UNIVERSITAS YARSI,D.K.I. JAKARTA,262250000.0,B,Loc_4-Type_2
UNIVERSITAS YARSI,D.K.I. JAKARTA,262250000.0,B,Loc_4-Type_2
UNIVERSITAS YARSI,D.K.I. JAKARTA,262250000.0,B,Loc_4-Type_2
UNIVERSITAS YARSI,D.K.I. JAKARTA,262250000.0,B,Loc_4-Type_2
UNIVERSITAS YARSI,D.K.I. JAKARTA,262250000.0,B,Loc_4-Type_2
UNIVERSITAS YARSI,D.K.I. JAKARTA,262250000.0,B,Loc_4-Type_2
UNIVERSITAS YARSI,D.K.I. JAKARTA,262250000.0,B,Loc_4-Type_2
UNIVERSITAS YARSI,D.K.I. JAKARTA,262250000.0,B,Loc_4-Type_2
UNIVERSITAS YARSI PRATAMA,BANTEN,7200000.0,BAIK,Loc_0-Type_0
UNIVERSITAS YARSI PRATAMA,BANTEN,7200000.0,BAIK,Loc_0-Type_0
UNIVERSITAS YARSI PRATAMA,BANTEN,7200000.0,BAIK,Loc_0-Type_0
UNIVERSITAS YARSI PRATAMA,BANTEN,7200000.0,BAIK,Loc_0-Type_0
UNIVERSITAS YARSI PRATAMA,BANTEN,7200000.0,BAIK,Loc_0-Type_0
UNIVERSITAS YATSI MADANI,BANTEN,11000000.0,BAIK SEKALI,Loc_0-Type_1
UNIVERSITAS YATSI MADANI,BANTEN,11000000.0,BAIK SEKALI,Loc_0-Type_1
UNIVERSITAS YATSI MADANI,BANTEN,11000000.0,BAIK SEKALI,Loc_0-Type_1
UNIVERSITAS YATSI MADANI,BANTEN,11000000.0,BAIK SEKALI,Loc_0-Type_1
UNIVERSITAS YATSI MADANI,BANTEN,11000000.0,BAIK SEKALI,Loc_0-Type_1
UNIVERSITAS YATSI MADANI,BANTEN,11000000.0,BAIK SEKALI,Loc_0-Type_1
UNIVERSITAS YAYASAN PENDIDIKAN IMAM BONJOL MAJALENGKA,JAWA BARAT,9100000.0,BAIK,Loc_8-Type_2
UNIVERSITAS YAYASAN PENDIDIKAN IMAM BONJOL MAJALENGKA,JAWA BARAT,9100000.0,BAIK,Loc_8-Type_2
UNIVERSITAS YAYASAN PENDIDIKAN IMAM BONJOL MAJALENGKA,JAWA BARAT,9100000.0,BAIK,Loc_8-Type_2
UNIVERSITAS YAYASAN PENDIDIKAN IMAM BONJOL MAJALENGKA,JAWA BARAT,9100000.0,BAIK,Loc_8-Type_2
UNIVERSITAS YAYASAN PENDIDIKAN IMAM BONJOL MAJALENGKA,JAWA BARAT,9100000.0,BAIK,Loc_8-Type_2
UNIVERSITAS YPPI REMBANG,JAWA TENGAH,7805000.0,BAIK,Loc_7-Type_0
UNIVERSITAS YPPI REMBANG,JAWA TENGAH,7805000.0,BAIK,Loc_7-Type_0
UNIVERSITAS YPPI REMBANG,JAWA TENGAH,7805000.0,BAIK,Loc_7-Type_0
UNIVERSITAS YUDHARTA PASURUAN,JAWA TIMUR,9050000.0,BAIK SEKALI,Loc_5-Type_1
UNIVERSITAS YUDHARTA PASURUAN,JAWA TIMUR,9050000.0,BAIK SEKALI,Loc_5-Type_1
UNIVERSITAS YUDHARTA PASURUAN,JAWA TIMUR,9050000.0,BAIK SEKALI,Loc_5-Type_1
UNIVERSITAS YUDHARTA PASURUAN,JAWA TIMUR,9050000.0,BAIK SEKALI,Loc_5-Type_1
UNIVERSITAS YUDHARTA PASURUAN,JAWA TIMUR,9050000.0,BAIK SEKALI,Loc_5-Type_1
UNIVERSITAS YUDHARTA PASURUAN,JAWA TIMUR,9050000.0,BAIK SEKALI,Loc_5-Type_1
UNIVERSITAS YUDHARTA PASURUAN,JAWA TIMUR,9050000.0,BAIK SEKALI,Loc_5-Type_1
UNIVERSITAS YUDHARTA PASURUAN,JAWA TIMUR,9050000.0,BAIK SEKALI,Loc_5-Type_1
UNIVERSITAS YUDHARTA PASURUAN,JAWA TIMUR,9050000.0,BAIK SEKALI,Loc_5-Type_1
UNIVERSITAS YUDHARTA PASURUAN,JAWA TIMUR,9050000.0,BAIK SEKALI,Loc_5-Type_1
UNIVERSITAS YUDHARTA PASURUAN,JAWA TIMUR,9050000.0,BAIK SEKALI,Loc_5-Type_1
UNIVERSITAS YUPPENTEK INDONESIA,BANTEN,10850000.0,BAIK,Loc_0-Type_0
UNIVERSITAS YUPPENTEK INDONESIA,BANTEN,10850000.0,BAIK,Loc_0-Type_0
UNIVERSITAS YUPPENTEK INDONESIA,BANTEN,10850000.0,BAIK,Loc_0-Type_0
UNIVERSITAS YUPPENTEK INDONESIA,BANTEN,10850000.0,BAIK,Loc_0-Type_0
UNIVERSITAS YUPPENTEK INDONESIA,BANTEN,10850000.0,BAIK,Loc_0-Type_0
