cluster,cluster_name,institution_name,institution_code,body_type,link,province,campus_accreditation,banpt_code,rank,institution_code,student_amount,lecturer_amount,average_semester_fee,starting_semester_fee,ending_semester_fee,average_yearly_fee,starting_yearly_fee,ending_yearly_fee
4,Perguruan Tinggi Premium & Prestisius,LONDON SCHOOL OF PUBLIC RELATIONS,1,SWASTA,https://rencanamu.id/cari-kampus/london-school-of-public-relations,DKI JAKARTA,A,-,,1,-1.0,-1.0,26250000.0,26250000.0,210000000.0,52500000.0,52500000.0,210000000.0
4,Perguruan Tinggi Premium & Prestisius,PRESIDENT UNIVERSITY,2,SWASTA,https://rencanamu.id/cari-kampus/president-university,JAWA BARAT,A,-,,2,3910.0,3910.0,18000000.0,18000000.0,144000000.0,36000000.0,36000000.0,144000000.0
4,Perguruan Tinggi Premium & Prestisius,BINUS UNIVERSITY,3,SWASTA,https://rencanamu.id/cari-kampus/binus-university,DKI JAKARTA,A,-,,3,42305.0,42305.0,17650000.0,17650000.0,141200000.0,35300000.0,35300000.0,141200000.0
4,Perguruan Tinggi Premium & Prestisius,UNIVERSITAS CIPUTRA,4,SWASTA,https://rencanamu.id/cari-kampus/universitas-ciputra,JAWA TIMUR,A,-,126,4,3818.0,3818.0,13600000.0,13600000.0,108800000.0,27200000.0,27200000.0,108800000.0
4,Perguruan Tinggi Premium & Prestisius,TRISAKTI SCHOOL OF MANAGEMENT,5,SWASTA,https://rencanamu.id/cari-kampus/trisakti-school-of-management,DKI JAKARTA,A,-,,5,3533.0,3533.0,13250000.0,13250000.0,106000000.0,26500000.0,26500000.0,106000000.0
4,Perguruan Tinggi Premium & Prestisius,TELKOM UNIVERSITY,6,SWASTA,https://rencanamu.id/cari-kampus/telkom-university,JAWA BARAT,A,-,,6,18425.0,18425.0,11000000.0,11000000.0,88000000.0,22000000.0,22000000.0,88000000.0
4,Perguruan Tinggi Premium & Prestisius,UNIVERSITAS PELITA HARAPAN SURABAYA,7,SWASTA,https://rencanamu.id/cari-kampus/universitas-pelita-harapan-surabaya,JAWA TIMUR,C,-,,7,416.0,416.0,9875000.0,9875000.0,79000000.0,19750000.0,19750000.0,79000000.0
4,Perguruan Tinggi Premium & Prestisius,INSTITUT TEKNOLOGI NASIONAL,8,SWASTA,https://rencanamu.id/cari-kampus/institut-teknologi-nasional,JAWA BARAT,B,-,111,8,7025.0,7025.0,8362500.0,8362500.0,66900000.0,16725000.0,16725000.0,66900000.0
4,Perguruan Tinggi Premium & Prestisius,UNIVERSITAS SAHID JAKARTA,9,SWASTA,https://rencanamu.id/cari-kampus/universitas-sahid-jakarta,DKI JAKARTA,B,-,,9,4056.0,4056.0,7250000.0,7250000.0,58000000.0,14500000.0,14500000.0,58000000.0
4,Perguruan Tinggi Premium & Prestisius,UNIVERSITAS GAJAYANA MALANG,10,SWASTA,https://rencanamu.id/cari-kampus/universitas-gajayana-malang,JAWA TIMUR,B,-,481,10,1476.0,1476.0,4250000.0,4250000.0,34000000.0,8500000.0,8500000.0,34000000.0
4,Perguruan Tinggi Premium & Prestisius,UNIVERSITAS MUSLIM NUSANTARA AL,11,SWASTA,https://rencanamu.id/cari-kampus/universitas-muslim-nusantara-al-wasliyah,SUMATERA UTARA,B,-,,11,7954.0,7954.0,4000000.0,4000000.0,32000000.0,8000000.0,8000000.0,32000000.0
4,Perguruan Tinggi Premium & Prestisius,UNIVERSITAS MUSLIM INDONESIA MAKASSAR,12,SWASTA,https://rencanamu.id/cari-kampus/universitas-muslim-indonesia-makassar,SULAWESI SELATAN,A,-,,12,18828.0,18828.0,3975000.0,3975000.0,31800000.0,7950000.0,7950000.0,31800000.0
4,Perguruan Tinggi Premium & Prestisius,UNIVERSITAS PEMBANGUNAN JAYA TANGERANG,13,SWASTA,https://rencanamu.id/cari-kampus/universitas-pembangunan-jaya-tangerang,BANTEN,B,-,,13,2528.0,2528.0,3750000.0,3750000.0,30000000.0,7500000.0,7500000.0,30000000.0
4,Perguruan Tinggi Premium & Prestisius,UNIVERSITAS ISLAM AS,14,SWASTA,https://rencanamu.id/cari-kampus/universitas-islam-as-syafi-iyah,DKI JAKARTA,C,-,,14,3191.0,3191.0,2925000.0,2925000.0,23400000.0,5850000.0,5850000.0,23400000.0
4,Perguruan Tinggi Premium & Prestisius,UNIVERSITAS DR. SOETOMO,15,SWASTA,https://rencanamu.id/cari-kampus/universitas-dr-soetomo,JAWA TIMUR,B,-,143,15,5054.0,5054.0,2550000.0,2550000.0,20400000.0,5100000.0,5100000.0,20400000.0
4,Perguruan Tinggi Premium & Prestisius,UNIVERSITAS BSI BANDUNG,16,SWASTA,https://rencanamu.id/cari-kampus/universitas-bsi-bandung,JAWA BARAT,B,-,,16,-1.0,-1.0,2075000.0,2075000.0,16600000.0,4150000.0,4150000.0,16600000.0
4,Perguruan Tinggi Premium & Prestisius,UNIVERSITAS AL MUSLIM,17,SWASTA,https://rencanamu.id/cari-kampus/universitas-al-muslim,ACEH,B,-,225,17,7278.0,7278.0,1100000.0,1100000.0,8800000.0,2200000.0,2200000.0,8800000.0
4,Perguruan Tinggi Premium & Prestisius,INSTITUT TEKNOLOGI DAN KESEHATAN MAHARDIKA,18,SWASTA,-,JAWA BARAT,BAIK SEKALI,banpt-2083,,18,-1.0,-1.0,4300000.0,3600000.0,5000000.0,8600000.0,7200000.0,10000000.0
4,Perguruan Tinggi Premium & Prestisius,UNIVERSITAS HKBP NOMMENSEN,19,SWASTA,https://campus.quipper.com/directory/universitas-hkbp-nommensen,SUMATERA UTARA,B,banpt-1044,167,19,14690.0,363.0,3500000.0,1000000.0,6000000.0,7000000.0,2000000.0,12000000.0
4,Perguruan Tinggi Premium & Prestisius,UNIVERSITAS NASIONAL PASIM,20,SWASTA,-,JAWA BARAT,BAIK,banpt-951,555,20,-1.0,-1.0,1800000.0,1400000.0,2200000.0,3600000.0,2800000.0,4400000.0
4,Perguruan Tinggi Premium & Prestisius,UNIVERSITAS CIPTA MANDIRI,21,SWASTA,-,ACEH,BAIK,banpt-922,,21,-1.0,-1.0,1900000.0,1900000.0,1900000.0,3800000.0,3800000.0,3800000.0
4,Perguruan Tinggi Premium & Prestisius,UNIVERSITAS DIAN NUSANTARA,22,SWASTA,-,D.K.I. JAKARTA,BAIK SEKALI,banpt-900,216,22,-1.0,-1.0,4200000.0,4200000.0,4200000.0,9400000.0,9400000.0,9400000.0
4,Perguruan Tinggi Premium & Prestisius,STIMI SAMARINDA,23,SWASTA,-,KALIMANTAN TIMUR,BAIK,banpt-3885,,23,-1.0,-1.0,2250000.0,2250000.0,2250000.0,4500000.0,4500000.0,4500000.0
4,Perguruan Tinggi Premium & Prestisius,UNIVERSITAS SATYAGAMA,24,SWASTA,https://campus.quipper.com/directory/universitas-satyagama,D.K.I. JAKARTA,BAIK,banpt-1230,533,24,4593.0,143.0,10800000.0,1600000.0,20000000.0,21600000.0,3200000.0,40000000.0
4,Perguruan Tinggi Premium & Prestisius,STMIK ADHI GUNA,25,SWASTA,-,SULAWESI TENGAH,BAIK,banpt-437,,25,-1.0,-1.0,3756000.0,3512000.0,4000000.0,7512000.0,7024000.0,8000000.0
4,Perguruan Tinggi Premium & Prestisius,UNIVERSITAS PASUNDAN,26,SWASTA,https://rencanamu.id/cari-kampus/universitas-pasundan,JAWA BARAT,A,banpt-2072,81,26,14385.0,14385.0,24125000.0,10750000.0,37500000.0,48250000.0,21500000.0,75000000.0
4,Perguruan Tinggi Premium & Prestisius,UNIVERSITAS BATURAJA,27,SWASTA,https://rencanamu.id/cari-kampus/universitas-baturaja,SUMATERA SELATAN,BAIK SEKALI,banpt-819,469,27,4975.0,4975.0,2400000.0,1900000.0,2900000.0,4800000.0,3800000.0,5800000.0
4,Perguruan Tinggi Premium & Prestisius,UNIVERSITAS BINA INSAN,28,SWASTA,-,SUMATERA SELATAN,BAIK,banpt-682,429,28,-1.0,-1.0,2310000.0,2020000.0,2600000.0,4620000.0,4040000.0,5200000.0
4,Perguruan Tinggi Premium & Prestisius,UNIVERSITAS RESPATI INDONESIA,29,SWASTA,https://campus.quipper.com/directory/universitas-respati-indonesia,D.K.I. JAKARTA,B,banpt-1755,355,29,2449.0,125.0,4800000.0,4800000.0,4800000.0,14400000.0,9600000.0,19200000.0
4,Perguruan Tinggi Premium & Prestisius,UNIVERSITAS MUHAMMADIYAH PURWOKERTO,30,SWASTA,https://rencanamu.id/cari-kampus/universitas-muhammadiyah-purwokerto,JAWA TENGAH,B,banpt-2401,116,30,6614.0,6614.0,10000000.0,5000000.0,15000000.0,91025000.0,2050000.0,180000000.0
1,Perguruan Tinggi Murah di Kota Besar,UNIVERSITAS PGRI PALEMBANG,31,SWASTA,https://rencanamu.id/cari-kampus/universitas-pgri-palembang,SUMATERA SELATAN,B,banpt-694,194,31,6838.0,6838.0,200987500.0,1975000.0,400000000.0,401975000.0,3950000.0,800000000.0
1,Perguruan Tinggi Murah di Kota Besar,UNIVERSITAS KATOLIK INDONESIA ATMA JAYA,32,SWASTA,https://rencanamu.id/cari-kampus/universitas-katolik-indonesia-atma-jaya,DKI JAKARTA,A,banpt-2378,99,32,6974.0,6974.0,24137500.0,6000000.0,42275000.0,289650000.0,72000000.0,507300000.0
1,Perguruan Tinggi Murah di Kota Besar,UNIVERSITAS PGRI PALANGKA RAYA,33,SWASTA,-,KALIMANTAN TENGAH,BAIK,banpt-1994,,33,-1.0,-1.0,143700000.0,2400000.0,285000000.0,287400000.0,4800000.0,570000000.0
1,Perguruan Tinggi Murah di Kota Besar,UNIVERSITAS KRISTEN SATYA WACANA,34,SWASTA,https://campus.quipper.com/directory/universitas-kristen-satya-wacana,JAWA TENGAH,A,banpt-2686,74,34,10706.0,461.0,138425000.0,5500000.0,276850000.0,276850001.0,11000000.0,553700000.0
1,Perguruan Tinggi Murah di Kota Besar,UNIVERSITAS YARSI,35,SWASTA,https://campus.quipper.com/directory/universitas-yarsi,D.K.I. JAKARTA,B,banpt-3251,169,35,5000.0,278.0,131125000.0,10000000.0,260000000.0,262250000.0,20000000.0,520000000.0
1,Perguruan Tinggi Murah di Kota Besar,SEKOLAH TINGGI ILMU HUKUM GUNUNG JATI,36,SWASTA,-,BANTEN,BAIK,banpt-2450,,36,-1.0,-1.0,125750000.0,1500000.0,250000000.0,251500000.0,3000000.0,500000000.0
2,Perguruan Tinggi Unggulan Akreditasi Tinggi,INSTITUT TEKNOLOGI HARAPAN BANGSA,37,SWASTA,https://rencanamu.id/cari-kampus/institut-teknologi-harapan-bangsa,JAWA BARAT,BAIK SEKALI,banpt-1774,,37,924.0,924.0,121700000.0,121700000.0,973600000.0,243400000.0,243400000.0,973600000.0
1,Perguruan Tinggi Murah di Kota Besar,SEKOLAH TINGGI ILMU EKONOMI PELITA BUANA,38,SWASTA,-,SULAWESI SELATAN,BAIK,banpt-1177,,38,-1.0,-1.0,121200027.0,2400000.0,240000055.0,242400055.0,4800000.0,480000110.0
1,Perguruan Tinggi Murah di Kota Besar,UNIVERSITAS KATOLIK WIDYA MANDALA SURABAYA,39,SWASTA,https://campus.quipper.com/directory/universitas-katolik-widya-mandala-surabaya,JAWA TIMUR,A,banpt-625,113,39,6012.0,419.0,117235300.0,6000000.0,234045600.0,234470600.0,12000000.0,468091200.0
4,Perguruan Tinggi Premium & Prestisius,UNIVERSITAS MUHAMMADIYAH PALEMBANG,40,SWASTA,https://rencanamu.id/cari-kampus/universitas-muhammadiyah-palembang,SUMATERA SELATAN,UNGGUL,banpt-236,213,40,3751.0,3751.0,19305000.0,3700000.0,34910000.0,38610000.0,7400000.0,69820000.0
1,Perguruan Tinggi Murah di Kota Besar,UNIVERSITAS ISLAM SULTAN AGUNG,41,SWASTA,https://rencanamu.id/cari-kampus/universitas-islam-sultan-agung,JAWA TENGAH,B,banpt-1883,67,41,11251.0,11251.0,100875000.0,5100000.0,201750000.0,201750001.0,10200000.0,403500000.0
1,Perguruan Tinggi Murah di Kota Besar,UNIVERSITAS TRISAKTI,42,SWASTA,https://rencanamu.id/cari-kampus/universitas-trisakti,D.K.I. JAKARTA,A,banpt-1521,92,42,17343.0,17343.0,84225000.0,12000000.0,165700000.0,168450000.0,24000000.0,331400000.0
1,Perguruan Tinggi Murah di Kota Besar,UNIVERSITAS BOSOWA,43,SWASTA,-,SULAWESI SELATAN,BAIK SEKALI,banpt-3889,347,43,-1.0,-1.0,84125000.0,250000.0,168000000.0,168250000.0,500000.0,336000000.0
1,Perguruan Tinggi Murah di Kota Besar,UNIVERSITAS HANG TUAH,44,SWASTA,https://campus.quipper.com/directory/universitas-hang-tuah,JAWA TIMUR,B,banpt-1867,229,44,5376.0,327.0,73450000.0,5000000.0,146800000.0,146900000.0,10000000.0,293600000.0
1,Perguruan Tinggi Murah di Kota Besar,UNIVERSITAS MUHAMMADIYAH SURABAYA,45,SWASTA,https://campus.quipper.com/directory/universitas-muhammadiyah-surabaya,JAWA TIMUR,UNGGUL,banpt-965,75,45,7074.0,355.0,71100000.0,4700000.0,142000000.0,142200000.0,9400000.0,284000000.0
1,Perguruan Tinggi Murah di Kota Besar,UNIVERSITAS PANCASILA,46,SWASTA,https://campus.quipper.com/directory/universitas-pancasila,D.K.I. JAKARTA,A,banpt-2125,127,46,13380.0,405.0,68340000.0,12000000.0,135680000.0,136680000.0,24000000.0,271360000.0
4,Perguruan Tinggi Premium & Prestisius,UNIVERSITAS HINDU INDONESIA,47,SWASTA,-,BALI,B,banpt-3122,309,47,-1.0,-1.0,4700000.0,4050000.0,5350000.0,142175000.0,22350000.0,262000000.0
1,Perguruan Tinggi Murah di Kota Besar,UNIVERSITAS PERTAMINA,48,SWASTA,https://rencanamu.id/cari-kampus/universitas-pertamina,D.K.I. JAKARTA,BAIK,banpt-3823,84,48,1198.0,1198.0,63000000.0,11750000.0,125000000.0,126000000.0,23500000.0,250000000.0
1,Perguruan Tinggi Murah di Kota Besar,UNIVERSITAS ISLAM AL-AZHAR,49,SWASTA,-,NUSA TENGGARA BARAT,BAIK SEKALI,banpt-551,,49,-1.0,-1.0,57550000.0,500000.0,114600000.0,115100000.0,1000000.0,229200000.0
1,Perguruan Tinggi Murah di Kota Besar,UNIVERSITAS 17 AGUSTUS 1945 JAKARTA,50,SWASTA,https://rencanamu.id/cari-kampus/universitas-17-agustus-1945-jakarta,D.K.I. JAKARTA,BAIK SEKALI,banpt-3990,,50,1914.0,1914.0,57490000.0,2500000.0,114730000.0,114980000.0,5000000.0,229460000.0
4,Perguruan Tinggi Premium & Prestisius,UNIVERSITAS BINA NUSANTARA,51,SWASTA,https://campus.quipper.com/directory/binus-university,D.K.I. JAKARTA,UNGGUL,banpt-3224,6,51,45000.0,1600.0,47629750.0,20000000.0,95259500.0,95259501.0,40000000.0,190519000.0
4,Perguruan Tinggi Premium & Prestisius,UNIVERSITAS ISLAM BANDUNG,52,SWASTA,https://rencanamu.id/cari-kampus/universitas-islam-bandung,JAWA BARAT,UNGGUL,banpt-3121,70,52,10167.0,10167.0,46625000.0,6075000.0,92750000.0,93250000.0,12150000.0,185500000.0
4,Perguruan Tinggi Premium & Prestisius,SEKOLAH TINGGI ILMU KESEHATAN BUDI KEMULIAAN,53,SWASTA,-,D.K.I. JAKARTA,BAIK,banpt-4004,,53,-1.0,-1.0,42925000.0,850000.0,85000000.0,85850000.0,1700000.0,170000000.0
4,Perguruan Tinggi Premium & Prestisius,UNIVERSITAS AL-IRSYAD CILACAP,54,SWASTA,-,JAWA TENGAH,BAIK,banpt-2617,,54,-1.0,-1.0,42625000.0,1250000.0,84000000.0,85250000.0,2500000.0,168000000.0
4,Perguruan Tinggi Premium & Prestisius,INSTITUT TEKNOLOGI KESEHATAN CENDEKIA UTAMA KUDUS,55,SWASTA,-,JAWA TENGAH,BAIK SEKALI,banpt-27,,55,-1.0,-1.0,7475000.0,6000000.0,8950000.0,89700000.0,72000000.0,107400000.0
4,Perguruan Tinggi Premium & Prestisius,UNIVERSITAS PRESIDEN,56,SWASTA,https://campus.quipper.com/directory/president-university,JAWA BARAT,UNGGUL,banpt-815,122,56,7135.0,217.0,39850250.0,32000000.0,79700000.0,79700500.0,64000000.0,159400000.0
4,Perguruan Tinggi Premium & Prestisius,UNIVERSITAS KALBIS,57,SWASTA,-,D.K.I. JAKARTA,BAIK SEKALI,banpt-1557,,57,-1.0,-1.0,39430000.0,1860000.0,77000000.0,78860000.0,3720000.0,154000000.0
4,Perguruan Tinggi Premium & Prestisius,UNIVERSITAS MUHAMMADIYAH PROF DR HAMKA,58,SWASTA,https://campus.quipper.com/directory/universitas-muhammadiyah-prof-dr-hamka,D.K.I. JAKARTA,UNGGUL,banpt-3222,,58,21566.0,656.0,37900000.0,1200000.0,75000000.0,75800000.0,2400000.0,150000000.0
4,Perguruan Tinggi Premium & Prestisius,UNIVERSITAS 17 AGUSTUS 1945 CIREBON,59,SWASTA,https://campus.quipper.com/directory/universitas-17-agustus-1945-cirebon,JAWA BARAT,BAIK SEKALI,banpt-21,554,59,1651.0,95.0,37750000.0,3500000.0,75000000.0,75500000.0,7000000.0,150000000.0
4,Perguruan Tinggi Premium & Prestisius,UNIVERSITAS MUHAMMADIYAH SURAKARTA,60,SWASTA,https://rencanamu.id/cari-kampus/universitas-muhammadiyah-surakarta,JAWA TENGAH,A,banpt-3341,36,60,22758.0,22758.0,36050000.0,36050000.0,288400000.0,72100000.0,72100000.0,288400000.0
4,Perguruan Tinggi Premium & Prestisius,UNIVERSITAS KADIRI,61,SWASTA,https://campus.quipper.com/directory/universitas-kadiri,JAWA TIMUR,BAIK SEKALI,banpt-3653,241,61,5906.0,278.0,35625000.0,3350000.0,71090000.0,71250000.0,6700000.0,142180000.0
4,Perguruan Tinggi Premium & Prestisius,STIKES PASAPUA AMBON,62,SWASTA,-,MALUKU,BAIK,banpt-2612,,62,-1.0,-1.0,35350002.0,700000.0,70000004.0,70700004.0,1400000.0,140000008.0
4,Perguruan Tinggi Premium & Prestisius,UNIVERSITAS MUHAMMADIYAH TANGERANG,63,SWASTA,https://rencanamu.id/cari-kampus/universitas-muhammadiyah-tangerang,BANTEN,B,banpt-441,184,63,11757.0,11757.0,34125000.0,3450000.0,67750000.0,68250000.0,6900000.0,135500000.0
4,Perguruan Tinggi Premium & Prestisius,UNIVERSITAS ISLAM NUSANTARA,64,SWASTA,https://rencanamu.id/cari-kampus/universitas-islam-nusantara,JAWA BARAT,BAIK SEKALI,banpt-1725,178,64,3793.0,3793.0,33520000.0,2700000.0,67000000.0,67040000.0,5400000.0,134000000.0
4,Perguruan Tinggi Premium & Prestisius,UNIVERSITAS KATOLIK PARAHYANGAN,65,SWASTA,https://campus.quipper.com/directory/universitas-katolik-parahyangan,JAWA BARAT,A,banpt-2736,82,65,10532.0,428.0,33200000.0,12700000.0,53700000.0,66400000.0,25400000.0,107400000.0
4,Perguruan Tinggi Premium & Prestisius,UNIVERSITAS KEBANGSAAN REPUBLIK INDONESIA,66,SWASTA,-,JAWA BARAT,BAIK SEKALI,banpt-716,,66,-1.0,-1.0,33100001.0,4200000.0,62000003.0,66200003.0,8400000.0,124000006.0
4,Perguruan Tinggi Premium & Prestisius,INSTITUT IPMI,67,SWASTA,-,D.K.I. JAKARTA,BAIK SEKALI,banpt-708,,67,-1.0,-1.0,32500000.0,2500000.0,62500000.0,65000000.0,5000000.0,125000000.0
4,Perguruan Tinggi Premium & Prestisius,INSTITUT KESEHATAN MEDISTRA LUBUK PAKAM,68,SWASTA,-,SUMATERA UTARA,UNGGUL,banpt-627,,68,-1.0,-1.0,31000000.0,2000000.0,60000000.0,62000000.0,4000000.0,120000000.0
4,Perguruan Tinggi Premium & Prestisius,UNIVERSITAS PELITA HARAPAN,69,SWASTA,https://rencanamu.id/cari-kampus/universitas-pelita-harapan,BANTEN,B,banpt-2069,50,69,9854.0,9854.0,30500000.0,30500000.0,244000000.0,61000000.0,61000000.0,244000000.0
4,Perguruan Tinggi Premium & Prestisius,UNIVERSITAS LINTAS INTERNASIONAL INDONESIA,70,SWASTA,-,BANTEN,BAIK SEKALI,banpt-223,483,70,-1.0,-1.0,30500000.0,18000000.0,43000000.0,61000000.0,36000000.0,86000000.0
4,Perguruan Tinggi Premium & Prestisius,UNIVERSITAS TARUMANAGARA,71,SWASTA,https://rencanamu.id/cari-kampus/universitas-tarumanagara,D.K.I. JAKARTA,A,banpt-3128,71,71,12556.0,12556.0,30050000.0,10300000.0,82400000.0,60100000.0,20600000.0,119000000.0
4,Perguruan Tinggi Premium & Prestisius,UNIVERSITAS CIPUTRA SURABAYA,72,SWASTA,https://campus.quipper.com/directory/universitas-ciputra-surabaya,JAWA TIMUR,UNGGUL,banpt-2476,,72,5187.0,222.0,29500000.0,18000000.0,41000000.0,59000000.0,36000000.0,82000000.0
4,Perguruan Tinggi Premium & Prestisius,UNIVERSITAS SWISS GERMAN,73,SWASTA,https://rencanamu.id/cari-kampus/universitas-swiss-german,BANTEN,BAIK SEKALI,banpt-1017,257,73,868.0,868.0,29500000.0,29500000.0,236000000.0,59000000.0,59000000.0,236000000.0
4,Perguruan Tinggi Premium & Prestisius,INSTITUT BISNIS DAN KEUANGAN NITRO,74,SWASTA,-,SULAWESI SELATAN,B,banpt-248,,74,-1.0,-1.0,28950000.0,1900000.0,56000000.0,57900000.0,3800000.0,112000000.0
4,Perguruan Tinggi Premium & Prestisius,UNIVERSITAS KOPERASI INDONESIA,75,SWASTA,-,JAWA BARAT,BAIK SEKALI,banpt-751,,75,-1.0,-1.0,28525000.0,1800000.0,55250000.0,57050000.0,3600000.0,110500000.0
4,Perguruan Tinggi Premium & Prestisius,UNIVERSITAS KRISTEN KRIDA WACANA,76,SWASTA,https://campus.quipper.com/directory/universitas-kristen-krida-wacana,D.K.I. JAKARTA,C,banpt-1706,228,76,3000.0,300.0,28000000.0,28000000.0,28000000.0,56000000.0,56000000.0,56000000.0
4,Perguruan Tinggi Premium & Prestisius,INSTITUT SAINS DAN TEKNOLOGI NASIONAL,77,SWASTA,https://campus.quipper.com/directory/institut-sains-dan-teknologi-nasional,D.K.I. JAKARTA,B,banpt-263,,77,2994.0,120.0,27750000.0,5500000.0,50000000.0,55500000.0,11000000.0,100000000.0
4,Perguruan Tinggi Premium & Prestisius,UNIVERSITAS INDO GLOBAL MANDIRI,78,SWASTA,-,SUMATERA SELATAN,TERAKREDITASI,banpt-43,292,78,-1.0,-1.0,27500000.0,27500000.0,27500000.0,55000000.0,55000000.0,55000000.0
4,Perguruan Tinggi Premium & Prestisius,UNIVERSITAS LOGISTIK DAN BISNIS INTERNASIONAL,79,SWASTA,-,JAWA BARAT,B,banpt-1926,,79,-1.0,-1.0,26950000.0,500000.0,53400000.0,53900000.0,1000000.0,106800000.0
4,Perguruan Tinggi Premium & Prestisius,UNIVERSITAS 17 AGUSTUS 1945 SURABAYA,80,SWASTA,https://rencanamu.id/cari-kampus/universitas-17-agustus-1945-surabaya,JAWA TIMUR,A,banpt-2075,139,80,10443.0,10443.0,26575000.0,3750000.0,52250000.0,53150000.0,7500000.0,104500000.0
4,Perguruan Tinggi Premium & Prestisius,UNIVERSITAS KRISTEN MARANATHA,81,SWASTA,https://rencanamu.id/cari-kampus/universitas-kristen-maranatha,JAWA BARAT,B,banpt-1859,109,81,6005.0,6005.0,26176250.0,3900000.0,52252500.0,52352500.0,7800000.0,104505000.0
4,Perguruan Tinggi Premium & Prestisius,INSTITUT BIO SCIENTIA INTERNASIONAL INDONESIA,82,SWASTA,-,D.K.I. JAKARTA,BAIK SEKALI,banpt-28,,82,-1.0,-1.0,25750000.0,2500000.0,49000000.0,51500000.0,5000000.0,98000000.0
4,Perguruan Tinggi Premium & Prestisius,UNIVERSITAS PRASETIYA MULYA,83,SWASTA,https://campus.quipper.com/directory/universitas-prasetiya-mulya,D.K.I. JAKARTA,BAIK SEKALI,banpt-1146,136,83,4704.0,185.0,25500000.0,22000000.0,92000000.0,51000000.0,44000000.0,100000000.0
4,Perguruan Tinggi Premium & Prestisius,SEKOLAH TINGGI ILMU KESEHATAN BORNEO NUSANTARA,84,SWASTA,-,KALIMANTAN SELATAN,BAIK,banpt-1442,,84,-1.0,-1.0,25250000.0,500000.0,50000000.0,50500000.0,1000000.0,100000000.0
4,Perguruan Tinggi Premium & Prestisius,STMIK BANDUNG,85,SWASTA,-,JAWA BARAT,BAIK,banpt-2232,,85,-1.0,-1.0,25125000.0,250000.0,50000000.0,50250000.0,500000.0,100000000.0
4,Perguruan Tinggi Premium & Prestisius,SAE INDONESIA,86,SWASTA,https://campus.quipper.com/directory/sae-indonesia,DKI JAKARTA,B,-,,86,200.0,30.0,25000000.0,25000000.0,25000000.0,50000000.0,50000000.0,50000000.0
4,Perguruan Tinggi Premium & Prestisius,UNIVERSITAS METHODIST INDONESIA,87,SWASTA,https://campus.quipper.com/directory/universitas-methodist-indonesia,SUMATERA UTARA,B,banpt-2372,458,87,4687.0,167.0,25000000.0,25000000.0,30000000.0,50000000.0,50000000.0,60000000.0
4,Perguruan Tinggi Premium & Prestisius,INSTITUT TRANSPORTASI  DAN LOGISTIK TRISAKTI,88,SWASTA,-,D.K.I. JAKARTA,BAIK SEKALI,banpt-3536,,88,-1.0,-1.0,24337515.0,9075030.0,39600000.0,48675030.0,18150060.0,79200000.0
4,Perguruan Tinggi Premium & Prestisius,STIKES HUTAMA ABDI HUSADA TULUNGAGUNG,89,SWASTA,-,JAWA TIMUR,BAIK SEKALI,banpt-730,,89,-1.0,-1.0,24250000.0,3500000.0,45000000.0,48500000.0,7000000.0,90000000.0
4,Perguruan Tinggi Premium & Prestisius,UNIVERSITAS PGRI DELTA,90,SWASTA,-,JAWA TIMUR,BAIK SEKALI,banpt-334,,90,-1.0,-1.0,24240000.0,480000.0,48000000.0,48480000.0,960000.0,96000000.0
4,Perguruan Tinggi Premium & Prestisius,SEKOLAH TINGGI TEKNOLOGI RONGGOLAWE,91,SWASTA,-,JAWA TENGAH,BAIK,banpt-1909,,91,-1.0,-1.0,24180000.0,1360000.0,47000000.0,48360000.0,2720000.0,94000000.0
4,Perguruan Tinggi Premium & Prestisius,INSTITUT TEKNOLOGI NASIONAL BANDUNG,92,SWASTA,-,JAWA BARAT,UNGGUL,banpt-3161,,92,-1.0,-1.0,24167500.0,250000.0,48085000.0,48335000.0,500000.0,96170000.0
4,Perguruan Tinggi Premium & Prestisius,UNIVERSITAS MUHAMMADIYAH METRO,93,SWASTA,https://campus.quipper.com/directory/universitas-muhammadiyah-metro,LAMPUNG,BAIK SEKALI,banpt-3538,181,93,4461.0,196.0,24057500.0,5000000.0,48115000.0,48115001.0,10000000.0,96230000.0
4,Perguruan Tinggi Premium & Prestisius,SEKOLAH TINGGI FARMASI INDONESIA,94,SWASTA,-,JAWA BARAT,B,banpt-3120,,94,-1.0,-1.0,27000000.0,6000000.0,48000000.0,84000000.0,72000000.0,96000000.0
4,Perguruan Tinggi Premium & Prestisius,UNIVERSITAS NAHDLATUL ULAMA SURABAYA,95,SWASTA,https://campus.quipper.com/directory/universitas-nahdlatul-ulama-surabaya,JAWA TIMUR,UNGGUL,banpt-2188,128,95,6078.0,237.0,23738000.0,5000000.0,46504000.0,47476000.0,10000000.0,93008000.0
4,Perguruan Tinggi Premium & Prestisius,UNIVERSITAS MUHAMMADIYAH JEMBER,96,SWASTA,https://rencanamu.id/cari-kampus/universitas-muhammadiyah-jember,JAWA TIMUR,B,banpt-369,129,96,5299.0,5299.0,23430100.0,4905000.0,46860000.0,46860200.0,9810000.0,93720000.0
4,Perguruan Tinggi Premium & Prestisius,UNIVERSITAS HAMZANWADI,97,SWASTA,https://rencanamu.id/cari-kampus/universitas-hamzanwadi,NUSA TENGGARA BARAT,B,banpt-2898,170,97,-1.0,-1.0,23425000.0,850000.0,46000000.0,46850000.0,1700000.0,92000000.0
4,Perguruan Tinggi Premium & Prestisius,STIKES SENIOR MEDAN,98,SWASTA,-,SUMATERA UTARA,BAIK,banpt-3707,,98,-1.0,-1.0,23100000.0,4200000.0,42000000.0,46200000.0,8400000.0,84000000.0
4,Perguruan Tinggi Premium & Prestisius,UNIVERSITAS AISYIYAH PALEMBANG,99,SWASTA,-,SUMATERA SELATAN,BAIK,banpt-294,,99,-1.0,-1.0,22825000.0,3150000.0,42500000.0,45650000.0,6300000.0,85000000.0
4,Perguruan Tinggi Premium & Prestisius,SEKOLAH TINGGI ILMU EKONOMI APRIN,100,SWASTA,-,SUMATERA SELATAN,B,banpt-3250,,100,-1.0,-1.0,22750000.0,500000.0,45000000.0,45500000.0,1000000.0,90000000.0
4,Perguruan Tinggi Premium & Prestisius,SEKOLAH TINGGI ILMU EKONOMI KUSUMA NEGARA,101,SWASTA,-,D.K.I. JAKARTA,BAIK,banpt-2361,,101,-1.0,-1.0,22500000.0,4000000.0,41000000.0,45000000.0,8000000.0,82000000.0
4,Perguruan Tinggi Premium & Prestisius,INSTITUT KESEHATAN HELVETIA,102,SWASTA,-,SUMATERA UTARA,B,banpt-2185,,102,-1.0,-1.0,21200000.0,2400000.0,40000000.0,42400000.0,4800000.0,80000000.0
4,Perguruan Tinggi Premium & Prestisius,SEKOLAH TINGGI ILMU EKONOMI STAN IM,103,SWASTA,-,JAWA BARAT,BAIK,banpt-1434,,103,-1.0,-1.0,21200000.0,400000.0,42000000.0,42400000.0,800000.0,84000000.0
4,Perguruan Tinggi Premium & Prestisius,UNIVERSITAS SARI MULIA,104,SWASTA,-,KALIMANTAN SELATAN,BAIK,banpt-3609,,104,-1.0,-1.0,20925000.0,850000.0,41000000.0,41850000.0,1700000.0,82000000.0
4,Perguruan Tinggi Premium & Prestisius,SEKOLAH TINGGI ILMU KESEHATAN BUDI MULIA SRIWIJAYA,105,SWASTA,-,SUMATERA SELATAN,BAIK,banpt-2446,,105,-1.0,-1.0,20800000.0,4000000.0,37600000.0,41600000.0,8000000.0,75200000.0
4,Perguruan Tinggi Premium & Prestisius,SEKOLAH TINGGI ILMU KESEHATAN MAKARIWO HALMAHERA,106,SWASTA,-,MALUKU UTARA,BAIK,banpt-2940,,106,-1.0,-1.0,20750000.0,2500000.0,39000000.0,41500000.0,5000000.0,78000000.0
4,Perguruan Tinggi Premium & Prestisius,UNIVERSITAS MUHAMMADIYAH BULUKUMBA,107,SWASTA,-,SULAWESI SELATAN,BAIK,banpt-559,,107,-1.0,-1.0,20402500.0,2400000.0,38405000.0,40805000.0,4800000.0,76810000.0
4,Perguruan Tinggi Premium & Prestisius,SEKOLAH TINGGI ILMU KESEHATAN RSPAD GATOT SOEBROTO,108,SWASTA,-,D.K.I. JAKARTA,BAIK,banpt-3487,,108,-1.0,-1.0,20300000.0,8500000.0,32100000.0,40600000.0,17000000.0,64200000.0
4,Perguruan Tinggi Premium & Prestisius,UNIVERSITAS KRISNADWIPAYANA,109,SWASTA,https://campus.quipper.com/directory/universitas-krisnadwipayana,D.K.I. JAKARTA,B,banpt-2963,284,109,7058.0,246.0,20250000.0,5000000.0,40000000.0,40500000.0,10000000.0,80000000.0
4,Perguruan Tinggi Premium & Prestisius,UNIVERSITAS PGRI RONGGOLAWE,110,SWASTA,-,JAWA TIMUR,BAIK SEKALI,banpt-755,428,110,-1.0,-1.0,20182437.0,383125.0,39981750.0,40364875.0,766250.0,79963500.0
4,Perguruan Tinggi Premium & Prestisius,UNIVERSITAS KATOLIK SANTO THOMAS,111,SWASTA,https://rencanamu.id/cari-kampus/universitas-katolik-santo-thomas,SUMATERA UTARA,B,banpt-2205,279,111,3538.0,3538.0,20167500.0,6500000.0,52000000.0,40335000.0,13000000.0,80000000.0
4,Perguruan Tinggi Premium & Prestisius,UNIVERSITAS MUHAMMADIYAH KENDARI,112,SWASTA,https://rencanamu.id/cari-kampus/universitas-muhammadiyah-kendari,SULAWESI TENGGARA,BAIK SEKALI,banpt-1989,85,112,5434.0,5434.0,20125000.0,1600000.0,40000000.0,40250000.0,3200000.0,80000000.0
4,Perguruan Tinggi Premium & Prestisius,INSTITUT PARIWISATA TRISAKTI,113,SWASTA,-,D.K.I. JAKARTA,UNGGUL,banpt-2133,,113,-1.0,-1.0,42250000.0,8500000.0,76000000.0,64250000.0,22500000.0,106000000.0
4,Perguruan Tinggi Premium & Prestisius,UNIVERSITAS WARMADEWA,114,SWASTA,-,BALI,UNGGUL,banpt-1582,227,114,-1.0,-1.0,6700000.0,3100000.0,10300000.0,13675000.0,6700000.0,20650000.0
4,Perguruan Tinggi Premium & Prestisius,UNIVERSITAS SERELO LAHAT,115,SWASTA,-,SUMATERA SELATAN,BAIK SEKALI,banpt-286,,115,-1.0,-1.0,19850000.0,250000.0,39450000.0,39700000.0,500000.0,78900000.0
4,Perguruan Tinggi Premium & Prestisius,SEKOLAH TINGGI FILSAFAT THEOLOGI JAKARTA,116,SWASTA,https://campus.quipper.com/directory/sekolah-tinggi-filsafat-theologi-jakarta,D.K.I. JAKARTA,B,banpt-3323,,116,260.0,19.0,13035000.0,8100000.0,18600000.0,39250000.0,28750000.0,49750000.0
4,Perguruan Tinggi Premium & Prestisius,INSTITUT PARIWISATA DAN BISNIS INTERNASIONAL,117,SWASTA,-,BALI,UNGGUL,banpt-629,,117,-1.0,-1.0,19500000.0,500000.0,38500000.0,39000000.0,1000000.0,77000000.0
4,Perguruan Tinggi Premium & Prestisius,UNIVERSITAS SURABAYA,118,SWASTA,https://campus.quipper.com/directory/universitas-surabaya,JAWA TIMUR,A,banpt-2713,91,118,9662.0,418.0,19425125.0,19000000.0,38850000.0,38850250.0,38000000.0,77700000.0
4,Perguruan Tinggi Premium & Prestisius,UNIVERSITAS WIJAYA KUSUMA SURABAYA,119,SWASTA,https://campus.quipper.com/directory/universitas-wijaya-kusuma-surabaya,JAWA TIMUR,B,banpt-3866,161,119,7615.0,366.0,19200000.0,8400000.0,30000000.0,38400000.0,16800000.0,60000000.0
4,Perguruan Tinggi Premium & Prestisius,UNIVERSITAS ARY GINANJAR,120,SWASTA,-,D.K.I. JAKARTA,BAIK,banpt-1267,,120,-1.0,-1.0,19100000.0,200000.0,38000000.0,38200000.0,400000.0,76000000.0
4,Perguruan Tinggi Premium & Prestisius,UNIVERSITAS SURYA,121,SWASTA,https://campus.quipper.com/directory/universitas-surya,BANTEN,BAIK,banpt-298,422,121,1581.0,60.0,18300000.0,18300000.0,18300000.0,36600000.0,36600000.0,36600000.0
4,Perguruan Tinggi Premium & Prestisius,UNIVERSITAS BAITURRAHMAH,122,SWASTA,https://rencanamu.id/cari-kampus/universitas-baiturrahmah,SUMATERA BARAT,A,banpt-2938,449,122,-1.0,-1.0,18150000.0,1300000.0,35000000.0,36300000.0,2600000.0,70000000.0
4,Perguruan Tinggi Premium & Prestisius,UNIVERSITAS SETIA BUDI,123,SWASTA,-,JAWA TENGAH,BAIK SEKALI,banpt-2570,,123,-1.0,-1.0,18150000.0,300000.0,36000000.0,36300000.0,600000.0,72000000.0
4,Perguruan Tinggi Premium & Prestisius,UNIVERSITAS NUSA MEGARKENCANA,124,SWASTA,-,D.I. YOGYAKARTA,B,banpt-169,,124,-1.0,-1.0,18100000.0,200000.0,36000000.0,36200000.0,400000.0,72000000.0
4,Perguruan Tinggi Premium & Prestisius,UNIVERSITAS WAHID HASYIM,125,SWASTA,https://rencanamu.id/cari-kampus/universitas-wahid-hasyim,JAWA TENGAH,UNGGUL,banpt-1002,196,125,4532.0,4532.0,18085000.0,825000.0,36000000.0,36170000.0,1650000.0,72000000.0
4,Perguruan Tinggi Premium & Prestisius,UNIVERSITAS MUHAMMADIYAH PALU,126,SWASTA,https://rencanamu.id/cari-kampus/universitas-muhammadiyah-palu,SULAWESI TENGAH,BAIK SEKALI,banpt-3099,243,126,6578.0,6578.0,18000009.0,2650000.0,36000000.0,36000019.0,5300000.0,72000000.0
4,Perguruan Tinggi Premium & Prestisius,UNIVERSITAS BHAYANGKARA SURABAYA,127,SWASTA,https://campus.quipper.com/directory/universitas-bhayangkara-surabaya,JAWA TIMUR,B,banpt-254,221,127,5775.0,173.0,17751000.0,15370000.0,45600000.0,35502000.0,30740000.0,45600000.0
4,Perguruan Tinggi Premium & Prestisius,SEKOLAH TINGGI ILMU EKONOMI DHARMA PUTRA SEMARANG,128,SWASTA,-,JAWA TENGAH,BAIK,banpt-2308,,128,-1.0,-1.0,17750000.0,500000.0,35000000.0,35500000.0,1000000.0,70000000.0
4,Perguruan Tinggi Premium & Prestisius,UNIVERSITAS PAKUAN,129,SWASTA,https://rencanamu.id/cari-kampus/universitas-pakuan,JAWA BARAT,B,banpt-1092,105,129,13178.0,13178.0,17500003.0,1275000.0,35000000.0,35000006.0,2550000.0,70000000.0
4,Perguruan Tinggi Premium & Prestisius,UNIVERSITAS PARAMADINA,130,SWASTA,https://rencanamu.id/cari-kampus/universitas-paramadina,D.K.I. JAKARTA,B,banpt-2304,189,130,1598.0,1598.0,17275000.0,4000000.0,34500000.0,34550000.0,8000000.0,69000000.0
4,Perguruan Tinggi Premium & Prestisius,SEKOLAH TINGGI ILMU KESEHATAN SERULINGMAS,131,SWASTA,-,JAWA TENGAH,BAIK SEKALI,banpt-1222,,131,-1.0,-1.0,17035000.0,9320000.0,24750000.0,34070000.0,18640000.0,49500000.0
4,Perguruan Tinggi Premium & Prestisius,UNIVERSITAS KARYADARMA KUPANG,132,SWASTA,-,NUSA TENGGARA TIMUR,BAIK,banpt-2157,593,132,-1.0,-1.0,16830000.0,3060000.0,30600000.0,33660000.0,6120000.0,61200000.0
4,Perguruan Tinggi Premium & Prestisius,UNIVERSITAS MEGAREZKY,133,SWASTA,-,SULAWESI SELATAN,BAIK SEKALI,banpt-367,,133,-1.0,-1.0,16800000.0,100000.0,33500000.0,33600000.0,200000.0,67000000.0
4,Perguruan Tinggi Premium & Prestisius,UNIVERSITAS ISLAM MALANG,134,SWASTA,https://campus.quipper.com/directory/universitas-islam-malang,JAWA TIMUR,B,banpt-2866,83,134,16363.0,447.0,16775000.0,3850000.0,33500000.0,33550000.0,7700000.0,67000000.0
4,Perguruan Tinggi Premium & Prestisius,INSTITUT KESEHATAN DELI HUSADA DELI TUA,135,SWASTA,-,SUMATERA UTARA,UNGGUL,banpt-470,,135,-1.0,-1.0,16750000.0,3500000.0,30000000.0,33500000.0,7000000.0,60000000.0
4,Perguruan Tinggi Premium & Prestisius,UNIVERSITAS PERINTIS INDONESIA,136,SWASTA,-,SUMATERA BARAT,B,banpt-2003,,136,-1.0,-1.0,16750000.0,1000000.0,32500000.0,33500000.0,2000000.0,65000000.0
4,Perguruan Tinggi Premium & Prestisius,UNIVERSITAS MERCU BUANA YOGYAKARTA,137,SWASTA,https://rencanamu.id/cari-kampus/universitas-mercu-buana-yogyakarta,D.I. YOGYAKARTA,A,banpt-3233,103,137,3414.0,3414.0,16532500.0,1045000.0,33005000.0,33065000.0,2090000.0,66010000.0
4,Perguruan Tinggi Premium & Prestisius,UNIVERSITAS SAINS DAN TEKNOLOGI KOMPUTER,138,SWASTA,-,JAWA TENGAH,BAIK,banpt-3551,26,138,-1.0,-1.0,16524300.0,3018600.0,30030000.0,33048600.0,6037200.0,60060000.0
4,Perguruan Tinggi Premium & Prestisius,UNIVERSITAS BAKRIE,139,SWASTA,https://campus.quipper.com/directory/universitas-bakrie,D.K.I. JAKARTA,B,banpt-1612,76,139,3300.0,400.0,16375000.0,7000000.0,42188000.0,32750000.0,14000000.0,64800000.0
4,Perguruan Tinggi Premium & Prestisius,SEKOLAH TINGGI ILMU EKONOMI STUDI EKONOMI MODERN,140,SWASTA,-,JAWA TENGAH,BAIK,banpt-2516,,140,-1.0,-1.0,16305000.0,750000.0,31860000.0,32610000.0,1500000.0,63720000.0
4,Perguruan Tinggi Premium & Prestisius,UNIVERSITAS BUDI DARMA,141,SWASTA,-,SUMATERA UTARA,BAIK,banpt-2309,,141,-1.0,-1.0,16250000.0,2500000.0,30000000.0,32500000.0,5000000.0,60000000.0
4,Perguruan Tinggi Premium & Prestisius,UNIVERSITAS PRIMAKARA,142,SWASTA,-,BALI,BAIK SEKALI,banpt-181,,142,-1.0,-1.0,16235000.0,2370000.0,30100000.0,32470000.0,4740000.0,60200000.0
4,Perguruan Tinggi Premium & Prestisius,SEKOLAH TINGGI TEKNIK ISKANDAR THANI,143,SWASTA,-,ACEH,BAIK,banpt-451,,143,-1.0,-1.0,16200000.0,2400000.0,30000000.0,32400000.0,4800000.0,60000000.0
4,Perguruan Tinggi Premium & Prestisius,SEKOLAH TINGGI ILMU KESEHATAN SINT CAROLUS,144,SWASTA,https://campus.quipper.com/directory/sekolah-tinggi-ilmu-kesehatan-sint-carolus,D.K.I. JAKARTA,B,banpt-1919,,144,525.0,37.0,16200000.0,9900000.0,22500000.0,32400000.0,19800000.0,45000000.0
4,Perguruan Tinggi Premium & Prestisius,UNIVERSITAS MULTIMEDIA NUSANTARA JAKARTA,145,SWASTA,-,D.K.I. JAKARTA,UNGGUL,banpt-2280,,145,-1.0,-1.0,16162500.0,2925000.0,29400000.0,32325000.0,5850000.0,58800000.0
4,Perguruan Tinggi Premium & Prestisius,SEKOLAH TINGGI MANAJEMEN PPM,146,SWASTA,-,D.K.I. JAKARTA,UNGGUL,banpt-3927,,146,-1.0,-1.0,16125000.0,1500000.0,30750000.0,32250000.0,3000000.0,61500000.0
4,Perguruan Tinggi Premium & Prestisius,UNIVERSITAS IPWIJA,147,SWASTA,-,JAWA BARAT,B,banpt-2247,,147,-1.0,-1.0,16100000.0,200000.0,32000000.0,32200000.0,400000.0,64000000.0
4,Perguruan Tinggi Premium & Prestisius,UNIVERSITAS BINA TARUNA GORONTALO,148,SWASTA,-,GORONTALO,BAIK,banpt-3049,,148,-1.0,-1.0,16025000.0,450000.0,31600000.0,32050000.0,900000.0,63200000.0
4,Perguruan Tinggi Premium & Prestisius,UNIVERSITAS NGUDI WALUYO,149,SWASTA,-,JAWA TENGAH,BAIK SEKALI,banpt-2487,299,149,-1.0,-1.0,15800000.0,1150000.0,30450000.0,31600000.0,2300000.0,60900000.0
4,Perguruan Tinggi Premium & Prestisius,UNIVERSITAS SALI AL-AITAAM,150,SWASTA,-,JAWA BARAT,BAIK,banpt-2181,,150,-1.0,-1.0,15757500.0,159000.0,31356000.0,31515000.0,318000.0,62712000.0
4,Perguruan Tinggi Premium & Prestisius,UNIVERSITAS KRISTEN INDONESIA TOMOHON,151,SWASTA,-,SULAWESI UTARA,BAIK,banpt-3406,407,151,-1.0,-1.0,17430000.0,3460000.0,31400000.0,52160000.0,41520000.0,62800000.0
4,Perguruan Tinggi Premium & Prestisius,UNIVERSITAS NAHDLATUL ULAMA INDONESIA,152,SWASTA,-,D.K.I. JAKARTA,BAIK SEKALI,banpt-1128,416,152,-1.0,-1.0,15550000.0,150000.0,30950000.0,31100000.0,300000.0,61900000.0
4,Perguruan Tinggi Premium & Prestisius,INSTITUT TEKNOLOGI INSAN CENDEKIA MANDIRI,153,SWASTA,-,JAWA TIMUR,BAIK,banpt-400,,153,-1.0,-1.0,15525000.0,1050000.0,30000000.0,31050000.0,2100000.0,60000000.0
4,Perguruan Tinggi Premium & Prestisius,UNIVERSITAS ESA UNGGUL,154,SWASTA,https://campus.quipper.com/directory/universitas-esa-unggul,D.K.I. JAKARTA,B,banpt-1019,47,154,15749.0,592.0,15512500.0,11000000.0,72000000.0,31025000.0,22000000.0,72000000.0
4,Perguruan Tinggi Premium & Prestisius,UNIVERSITAS PROF DR MOESTOPO,155,SWASTA,-,D.K.I. JAKARTA,B,banpt-692,,155,-1.0,-1.0,15500000.0,15500000.0,15500000.0,31000000.0,31000000.0,31000000.0
4,Perguruan Tinggi Premium & Prestisius,UNIVERSITAS BOROBUDUR,156,SWASTA,https://rencanamu.id/cari-kampus/universitas-borobudur,D.K.I. JAKARTA,C,banpt-1001,333,156,2787.0,2787.0,15300000.0,4250000.0,34000000.0,30600000.0,8500000.0,60000000.0
4,Perguruan Tinggi Premium & Prestisius,UNIVERSITAS MUHAMMADIYAH BANJARMASIN,157,SWASTA,-,KALIMANTAN SELATAN,BAIK SEKALI,banpt-3792,365,157,-1.0,-1.0,15177500.0,505000.0,29850000.0,30355000.0,1010000.0,59700000.0
4,Perguruan Tinggi Premium & Prestisius,UNIVERSITAS SIMALUNGUN,158,SWASTA,https://campus.quipper.com/directory/universitas-simalungun,SUMATERA UTARA,B,banpt-3441,530,158,4757.0,157.0,15137500.0,2500000.0,30000000.0,30275000.0,5000000.0,60000000.0
4,Perguruan Tinggi Premium & Prestisius,UNIVERSITAS PRIMA INDONESIA,159,SWASTA,https://campus.quipper.com/directory/universitas-prima-indonesia,SUMATERA UTARA,B,banpt-1733,244,159,11963.0,347.0,15000000.0,2500000.0,30000000.0,30000001.0,5000000.0,60000000.0
4,Perguruan Tinggi Premium & Prestisius,UNIVERSITAS KRISTEN INDONESIA,160,SWASTA,https://campus.quipper.com/directory/universitas-kristen-indonesia,DKI JAKARTA,B,banpt-3214,115,160,5761.0,360.0,15000000.0,4875000.0,39000000.0,30000000.0,9750000.0,52000000.0
4,Perguruan Tinggi Premium & Prestisius,SEKOLAH TINGGI ILMU KESEHATAN PAPUA,161,SWASTA,-,PAPUA BARAT,BAIK,banpt-3349,,161,-1.0,-1.0,14950000.0,1400000.0,28500000.0,29900000.0,2800000.0,57000000.0
4,Perguruan Tinggi Premium & Prestisius,UNIVERSITAS HASYIM ASY'ARI TEBUIRENG JOMBANG,162,SWASTA,-,JAWA TIMUR,BAIK SEKALI,banpt-1515,,162,-1.0,-1.0,14875000.0,250000.0,29500000.0,29750000.0,500000.0,59000000.0
4,Perguruan Tinggi Premium & Prestisius,UNIVERSITAS MUHAMMADIYAH MAGELANG,163,SWASTA,https://campus.quipper.com/directory/universitas-muhammadiyah-magelang,JAWA TENGAH,B,banpt-1667,147,163,6270.0,176.0,14790000.0,2300000.0,29500000.0,29580000.0,4600000.0,59000000.0
4,Perguruan Tinggi Premium & Prestisius,INSTITUT TEKNOLOGI DIRGANTARA ADISUTJIPTO,164,SWASTA,-,D.I. YOGYAKARTA,BAIK SEKALI,banpt-1507,,164,-1.0,-1.0,14750000.0,2500000.0,27000000.0,29500000.0,5000000.0,54000000.0
4,Perguruan Tinggi Premium & Prestisius,STFT GKI IZAAK SAMUEL KIJNE JAYAPURA,165,SWASTA,-,PAPUA,BAIK,banpt-2419,,165,-1.0,-1.0,14675000.0,1200000.0,28150000.0,29350000.0,2400000.0,56300000.0
4,Perguruan Tinggi Premium & Prestisius,UNIVERSITAS AMAL ILMIAH YAPIS WAMENA,166,SWASTA,-,PAPUA,BAIK,banpt-321,,166,-1.0,-1.0,17125000.0,5000000.0,29250000.0,34250000.0,10000000.0,58500000.0
4,Perguruan Tinggi Premium & Prestisius,SEKOLAH TINGGI ILMU KESEHATAN PASAR REBO,167,SWASTA,-,D.K.I. JAKARTA,BAIK,banpt-98,,167,-1.0,-1.0,14500000.0,14000000.0,15000000.0,29000000.0,28000000.0,30000000.0
4,Perguruan Tinggi Premium & Prestisius,INSTITUT BISNIS DAN INFORMATIKA KWIK KIAN GIE,168,SWASTA,https://campus.quipper.com/directory/institut-bisnis-dan-informatika-kwik-kian-gie,D.K.I. JAKARTA,BAIK SEKALI,banpt-661,,168,2784.0,102.0,14500000.0,14500000.0,38400000.0,29000000.0,29000000.0,38400000.0
4,Perguruan Tinggi Premium & Prestisius,UNIVERSITAS PENDIDIKAN NASIONAL,169,SWASTA,-,BALI,UNGGUL,banpt-964,250,169,-1.0,-1.0,14500000.0,7000000.0,22000000.0,29000000.0,14000000.0,44000000.0
4,Perguruan Tinggi Premium & Prestisius,UNIVERSITAS PGRI SILAMPARI,170,SWASTA,-,SUMATERA SELATAN,BAIK SEKALI,banpt-2557,454,170,-1.0,-1.0,14286450.0,282900.0,28290000.0,28572900.0,565800.0,56580000.0
4,Perguruan Tinggi Premium & Prestisius,SEKOLAH TINGGI ILMU KESEHATAN MEDISTRA INDONESIA,171,SWASTA,-,JAWA BARAT,UNGGUL,banpt-243,,171,-1.0,-1.0,14250000.0,7000000.0,21500000.0,28500000.0,14000000.0,43000000.0
4,Perguruan Tinggi Premium & Prestisius,UNIVERSITAS WIDYA GAMA,172,SWASTA,https://campus.quipper.com/directory/universitas-widya-gama,JAWA TIMUR,B,banpt-3416,381,172,2868.0,110.0,14250000.0,3500000.0,28250000.0,28500000.0,7000000.0,56500000.0
4,Perguruan Tinggi Premium & Prestisius,INSTITUT TEKNOLOGI SAWIT INDONESIA,173,SWASTA,-,SUMATERA UTARA,BAIK,banpt-2008,,173,-1.0,-1.0,14125000.0,750000.0,27500000.0,28250000.0,1500000.0,55000000.0
4,Perguruan Tinggi Premium & Prestisius,INSTITUT KESEHATAN RAJAWALI,174,SWASTA,-,JAWA BARAT,BAIK,banpt-1991,,174,-1.0,-1.0,14118000.0,14118000.0,14118000.0,28236000.0,28236000.0,28236000.0
4,Perguruan Tinggi Premium & Prestisius,INSTITUT SAINS DAN TEKNOLOGI TERPADU SURABAYA,175,SWASTA,https://campus.quipper.com/directory/institut-sains-dan-teknologi-terpadu-surabaya,JAWA TIMUR,B,banpt-619,,175,1049.0,72.0,14100000.0,8280000.0,19920000.0,28200000.0,16560000.0,39840000.0
4,Perguruan Tinggi Premium & Prestisius,UNIVERSITAS KRISTEN PETRA,176,SWASTA,https://campus.quipper.com/directory/universitas-kristen-petra,JAWA TIMUR,A,banpt-2230,45,176,7260.0,348.0,14000000.0,7600000.0,60800000.0,28000000.0,15200000.0,60800000.0
4,Perguruan Tinggi Premium & Prestisius,UNIVERSITAS AGUNG PODOMORO,177,SWASTA,https://campus.quipper.com/directory/universitas-podomoro,DKI JAKARTA,BAIK SEKALI,banpt-3212,,177,965.0,61.0,14000000.0,9500000.0,57500000.0,28000000.0,19000000.0,57500000.0
4,Perguruan Tinggi Premium & Prestisius,UNIVERSITAS BHAKTI PERTIWI INDONESIA,178,SWASTA,-,D.K.I. JAKARTA,BAIK,banpt-275,,178,-1.0,-1.0,14000000.0,14000000.0,14000000.0,28000000.0,28000000.0,28000000.0
4,Perguruan Tinggi Premium & Prestisius,SEKOLAH TINGGI ILMU KESEHATAN IKIFA,179,SWASTA,-,D.K.I. JAKARTA,BAIK,banpt-2038,,179,-1.0,-1.0,13800000.0,9000000.0,18600000.0,27600000.0,18000000.0,37200000.0
4,Perguruan Tinggi Premium & Prestisius,UNIVERSITAS ADVENT INDONESIA,180,SWASTA,https://campus.quipper.com/directory/universitas-advent-indonesia,JAWA BARAT,B,banpt-2128,151,180,1910.0,89.0,13760000.0,7365000.0,20155000.0,27520000.0,14730000.0,40310000.0
4,Perguruan Tinggi Premium & Prestisius,UNIVERSITAS DOKTOR NUGROHO MAGETAN,181,SWASTA,-,JAWA TIMUR,BAIK,banpt-3963,453,181,-1.0,-1.0,13750000.0,2500000.0,25000000.0,27500000.0,5000000.0,50000000.0
4,Perguruan Tinggi Premium & Prestisius,SEKOLAH TINGGI ILMU EKONOMI EKUITAS,182,SWASTA,-,JAWA BARAT,B,banpt-2531,,182,-1.0,-1.0,13727100.0,205000.0,27249200.0,27454200.0,410000.0,54498400.0
4,Perguruan Tinggi Premium & Prestisius,SEKOLAH TINGGI ILMU KESEHATAN AKBIDYO,183,SWASTA,https://campus.quipper.com/directory/sekolah-tinggi-ilmu-kesehatan-akbidyo,D.I. YOGYAKARTA,B,banpt-669,,183,472.0,34.0,13700000.0,13700000.0,13700000.0,27400000.0,27400000.0,27400000.0
4,Perguruan Tinggi Premium & Prestisius,UNIVERSITAS MALAHAYATI,184,SWASTA,https://campus.quipper.com/directory/universitas-malahayati,LAMPUNG,B,banpt-2900,177,184,5556.0,301.0,13500000.0,6000000.0,21000000.0,27000000.0,12000000.0,42000000.0
4,Perguruan Tinggi Premium & Prestisius,UNIVERSITAS MULTIMEDIA NUSANTARA,185,SWASTA,https://campus.quipper.com/directory/universitas-multimedia-nusantara,BANTEN,A,-,68,185,6.0,215.0,13500000.0,12225000.0,97800000.0,27000000.0,24450000.0,97800000.0
4,Perguruan Tinggi Premium & Prestisius,UNIVERSITAS MUHAMMADIYAH YOGYAKARTA,186,SWASTA,https://campus.quipper.com/directory/universitas-muhammadiyah-yogyakarta,D.I. YOGYAKARTA,A,banpt-2722,34,186,23710.0,620.0,13500000.0,13500000.0,68000000.0,27000000.0,27000000.0,68000000.0
4,Perguruan Tinggi Premium & Prestisius,SEKOLAH TINGGI ILMU EKONOMI DWI SAKTI BATURAJA,187,SWASTA,-,SUMATERA SELATAN,BAIK,banpt-2443,,187,-1.0,-1.0,13400000.0,100000.0,26700000.0,26800000.0,200000.0,53400000.0
4,Perguruan Tinggi Premium & Prestisius,UNIVERSITAS JAYABAYA,188,SWASTA,https://campus.quipper.com/directory/universitas-jayabaya,D.K.I. JAKARTA,UNGGUL,banpt-440,252,188,4407.0,192.0,13375000.0,10175000.0,33260000.0,26750000.0,20350000.0,53000000.0
4,Perguruan Tinggi Premium & Prestisius,UNIVERSITAS AISYAH PRINGSEWU,189,SWASTA,-,LAMPUNG,BAIK SEKALI,banpt-2341,,189,-1.0,-1.0,13275000.0,1550000.0,25000000.0,26550000.0,3100000.0,50000000.0
4,Perguruan Tinggi Premium & Prestisius,UNIVERSITAS QAMARUL HUDA BADARUDDIN BAGU,190,SWASTA,-,NUSA TENGGARA BARAT,BAIK,banpt-3896,,190,-1.0,-1.0,13250000.0,3000000.0,23500000.0,26500000.0,6000000.0,47000000.0
4,Perguruan Tinggi Premium & Prestisius,INSTITUT KESEHATAN DAN TEKNOLOGI BUTON RAYA,191,SWASTA,-,SULAWESI TENGGARA,TERAKREDITASI,banpt-120,,191,-1.0,-1.0,13200000.0,2400000.0,24000000.0,26400000.0,4800000.0,48000000.0
4,Perguruan Tinggi Premium & Prestisius,SEKOLAH TINGGI ILMU KESEHATAN ABDI NUSANTARA,192,SWASTA,-,D.K.I. JAKARTA,BAIK,banpt-3892,,192,-1.0,-1.0,13200000.0,1500000.0,24900000.0,26400000.0,3000000.0,49800000.0
4,Perguruan Tinggi Premium & Prestisius,INSTITUT COKROAMINOTO PINRANG,193,SWASTA,-,SULAWESI SELATAN,BAIK,banpt-1011,,193,-1.0,-1.0,13200000.0,2400000.0,24000000.0,26400000.0,4800000.0,48000000.0
4,Perguruan Tinggi Premium & Prestisius,SEKOLAH TINGGI ILMU ADMINISTRASI MATARAM,194,SWASTA,-,NUSA TENGGARA BARAT,BAIK,banpt-2728,,194,-1.0,-1.0,13200000.0,2400000.0,24000000.0,26400000.0,4800000.0,48000000.0
4,Perguruan Tinggi Premium & Prestisius,INSTITUT PENDIDIKAN NUSANTARA GLOBAL,195,SWASTA,-,NUSA TENGGARA BARAT,BAIK,banpt-2664,,195,-1.0,-1.0,13200000.0,2400000.0,24000000.0,26400000.0,4800000.0,48000000.0
4,Perguruan Tinggi Premium & Prestisius,UNIVERSITAS ISLAM AL-IHYA KUNINGAN,196,SWASTA,-,JAWA BARAT,BAIK,banpt-3923,491,196,-1.0,-1.0,13059000.0,150000.0,25968000.0,26118000.0,300000.0,51936000.0
4,Perguruan Tinggi Premium & Prestisius,UNIVERSITAS TELKOM,197,SWASTA,https://campus.quipper.com/directory/universitas-telkom,JAWA BARAT,UNGGUL,banpt-3332,3,197,32729.0,973.0,13000000.0,6000000.0,25000000.0,26000000.0,12000000.0,50000000.0
4,Perguruan Tinggi Premium & Prestisius,UNIVERSITAS  HARAPAN BANGSA,198,SWASTA,-,JAWA TENGAH,BAIK SEKALI,banpt-368,,198,-1.0,-1.0,12810000.0,3120000.0,22500000.0,25620000.0,6240000.0,45000000.0
4,Perguruan Tinggi Premium & Prestisius,UNIVERSITAS NASIONAL,199,SWASTA,https://campus.quipper.com/directory/universitas-nasional,D.K.I. JAKARTA,A,banpt-2377,152,199,12229.0,410.0,12750500.0,8000000.0,25500000.0,25501000.0,16000000.0,51000000.0
4,Perguruan Tinggi Premium & Prestisius,UNIVERSITAS NAHDLATUL ULAMA KALIMANTAN BARAT,200,SWASTA,-,KALIMANTAN BARAT,BAIK SEKALI,banpt-1542,560,200,-1.0,-1.0,12750000.0,1500000.0,24000000.0,25500000.0,3000000.0,48000000.0
4,Perguruan Tinggi Premium & Prestisius,SEKOLAH TINGGI ILMU PERTANIAN,201,SWASTA,-,JAWA TIMUR,BAIK,banpt-648,,201,-1.0,-1.0,12700000.0,2400000.0,23000000.0,25400000.0,4800000.0,46000000.0
4,Perguruan Tinggi Premium & Prestisius,INSTITUT KESEHATAN DAN TEKNOLOGI PONDOK KARYA PEMBANGUNAN,202,SWASTA,-,D.K.I. JAKARTA,BAIK,banpt-1418,,202,-1.0,-1.0,12600000.0,12600000.0,12600000.0,25200000.0,25200000.0,25200000.0
4,Perguruan Tinggi Premium & Prestisius,UNIVERSITAS MUHAMMADIYAH SEMARANG,203,SWASTA,https://campus.quipper.com/directory/universitas-muhammadiyah-semarang,JAWA TENGAH,UNGGUL,banpt-787,101,203,12315.0,359.0,12600000.0,1200000.0,24000000.0,25200000.0,2400000.0,48000000.0
4,Perguruan Tinggi Premium & Prestisius,SEKOLAH TINGGI KEGURUAN DAN ILMU PENDIDIKAN PASUNDAN,204,SWASTA,-,JAWA BARAT,B,banpt-2907,,204,-1.0,-1.0,12575000.0,300000.0,24850000.0,25150000.0,600000.0,49700000.0
4,Perguruan Tinggi Premium & Prestisius,UNIVERSITAS BORNEO LESTARI,205,SWASTA,-,KALIMANTAN SELATAN,BAIK,banpt-1736,,205,-1.0,-1.0,12550000.0,100000.0,25000000.0,25100000.0,200000.0,50000000.0
4,Perguruan Tinggi Premium & Prestisius,SEKOLAH TINGGI ILMU KESEHATAN HESTI WIRA SRIWIJAYA,206,SWASTA,-,SUMATERA SELATAN,BAIK SEKALI,banpt-1845,,206,-1.0,-1.0,12550000.0,6000000.0,19100000.0,25100000.0,12000000.0,38200000.0
4,Perguruan Tinggi Premium & Prestisius,STIKES DARUSSALAM LHOKSEUMAWE,207,SWASTA,-,ACEH,BAIK,banpt-1126,,207,-1.0,-1.0,14000000.0,3000000.0,25000000.0,28000000.0,6000000.0,50000000.0
4,Perguruan Tinggi Premium & Prestisius,UNIVERSITAS SAINS ALQUR AN,208,SWASTA,-,JAWA TENGAH,UNGGUL,banpt-628,,208,-1.0,-1.0,12872500.0,745000.0,25000000.0,25745000.0,1490000.0,50000000.0
4,Perguruan Tinggi Premium & Prestisius,UNIVERSITAS ISLAM SUMATERA UTARA,209,SWASTA,https://campus.quipper.com/directory/universitas-islam-sumatera-utara-uisu,SUMATERA UTARA,B,banpt-35,119,209,5621.0,299.0,12500000.0,5000000.0,26000000.0,25000001.0,10000000.0,50000000.0
4,Perguruan Tinggi Premium & Prestisius,UNIVERSITAS ISLAM INDONESIA,210,SWASTA,https://campus.quipper.com/directory/universitas-islam-indonesia,D.I. YOGYAKARTA,A,banpt-2723,23,210,21264.0,717.0,12500000.0,10000000.0,15000000.0,25000000.0,20000000.0,30000000.0
4,Perguruan Tinggi Premium & Prestisius,UNIVERSITAS INTERNASIONAL JAKARTA,211,SWASTA,-,JAWA BARAT,BAIK,banpt-1141,,211,-1.0,-1.0,12500000.0,10000000.0,15000000.0,25000000.0,20000000.0,30000000.0
4,Perguruan Tinggi Premium & Prestisius,UNIVERSITAS KOMPUTER INDONESIA,212,SWASTA,https://rencanamu.id/cari-kampus/universitas-komputer-indonesia,JAWA BARAT,B,banpt-2519,102,212,8236.0,8236.0,12475000.0,12475000.0,99800000.0,24950000.0,24950000.0,99800000.0
4,Perguruan Tinggi Premium & Prestisius,SEKOLAH TINGGI ILMU KESEHATAN MAJAPAHIT,213,SWASTA,-,JAWA TIMUR,B,banpt-1276,,213,-1.0,-1.0,12450000.0,3900000.0,21000000.0,24900000.0,7800000.0,42000000.0
4,Perguruan Tinggi Premium & Prestisius,UNIVERSITAS MAHAPUTRA MUHAMMAD YAMIN,214,SWASTA,-,SUMATERA BARAT,BAIK SEKALI,banpt-2776,398,214,-1.0,-1.0,12425000.0,850000.0,24000000.0,24850000.0,1700000.0,48000000.0
4,Perguruan Tinggi Premium & Prestisius,STIKES KATOLIK ST VINCENTIUS A PAULO SURABAYA,215,SWASTA,-,JAWA TIMUR,BAIK,banpt-1775,,215,-1.0,-1.0,12412500.0,4975000.0,19850000.0,24825000.0,9950000.0,39700000.0
4,Perguruan Tinggi Premium & Prestisius,SEKOLAH TINGGI ILMU KESEHATAN YKY YOGYAKARTA,216,SWASTA,-,D.I. YOGYAKARTA,BAIK SEKALI,banpt-709,,216,-1.0,-1.0,12375000.0,7500000.0,17250000.0,24750000.0,15000000.0,34500000.0
4,Perguruan Tinggi Premium & Prestisius,SEKOLAH TINGGI ILMU KESEHATAN MITRA SEJATI,217,SWASTA,-,SUMATERA UTARA,BAIK,banpt-1363,,217,-1.0,-1.0,12300000.0,600000.0,24000000.0,24600000.0,1200000.0,48000000.0
4,Perguruan Tinggi Premium & Prestisius,INSTITUT TEKNOLOGI NASIONAL MALANG,218,SWASTA,https://campus.quipper.com/directory/institut-teknologi-nasional-malang,JAWA TIMUR,B,banpt-372,174,218,5212.0,201.0,12275000.0,7500000.0,60000000.0,24550000.0,15000000.0,60000000.0
4,Perguruan Tinggi Premium & Prestisius,UNIVERSITAS MUHAMMADIYAH JAKARTA,219,SWASTA,https://campus.quipper.com/directory/universitas-muhammadiyah-jakarta,D.K.I. JAKARTA,B,banpt-1903,31,219,21890.0,495.0,12255600.0,6000000.0,24500000.0,24511201.0,12000000.0,49000000.0
4,Perguruan Tinggi Premium & Prestisius,STIKES GANESHA HUSADA KEDIRI,220,SWASTA,-,JAWA TIMUR,BAIK,banpt-359,,220,-1.0,-1.0,12250000.0,6500000.0,18000000.0,24500000.0,13000000.0,36000000.0
4,Perguruan Tinggi Premium & Prestisius,STIE INDONESIA BANKING SCHOOL,221,SWASTA,https://rencanamu.id/cari-kampus/stie-indonesia-banking-school,D.K.I. JAKARTA,B,-,,221,1304.0,1304.0,12150000.0,11000000.0,88000000.0,24300000.0,22000000.0,88000000.0
4,Perguruan Tinggi Premium & Prestisius,SEKOLAH TINGGI MANAJEMEN INFORMATIKA DAN KOMPUTER AL-FATH,222,SWASTA,-,JAWA BARAT,BAIK,banpt-1527,,222,-1.0,-1.0,12120000.0,240000.0,24000000.0,24240000.0,480000.0,48000000.0
4,Perguruan Tinggi Premium & Prestisius,SEKOLAH TINGGI ILMU KESEHATAN SITI KHADIJAH,223,SWASTA,-,SUMATERA SELATAN,BAIK,banpt-3949,,223,-1.0,-1.0,12012500.0,6775000.0,17250000.0,24025000.0,13550000.0,34500000.0
4,Perguruan Tinggi Premium & Prestisius,STKIP SINAR PANCASILA,224,SWASTA,-,NUSA TENGGARA TIMUR,BAIK,banpt-2151,,224,-1.0,-1.0,12000012.0,24.0,24000000.0,24000024.0,48.0,48000000.0
4,Perguruan Tinggi Premium & Prestisius,SEKOLAH TINGGI ILMU ADMINISTRASI CIMAHI,225,SWASTA,-,JAWA BARAT,BAIK,banpt-3977,,225,-1.0,-1.0,13500001.0,3000000.0,24000002.0,27000002.0,6000000.0,48000004.0
4,Perguruan Tinggi Premium & Prestisius,INSTITUT ILMU KESEHATAN BHAKTI WIYATA KEDIRI,226,SWASTA,https://campus.quipper.com/directory/institut-ilmu-kesehatan-bhakti-wiyata-kediri,JAWA TIMUR,UNGGUL,banpt-525,,226,4453.0,223.0,12000000.0,4320000.0,21000000.0,24000000.0,8640000.0,42000000.0
4,Perguruan Tinggi Premium & Prestisius,UNIVERSITAS TANRI ABENG,227,SWASTA,https://campus.quipper.com/directory/universitas-tanri-abeng,D.K.I. JAKARTA,BAIK SEKALI,banpt-2807,325,227,242.0,28.0,12000000.0,12000000.0,12000000.0,24000000.0,24000000.0,24000000.0
4,Perguruan Tinggi Premium & Prestisius,UNIVERSITAS CENDEKIA ABDITAMA,228,SWASTA,https://campus.quipper.com/directory/universitas-cendekia-abditama,BANTEN,BAIK,banpt-246,,228,1500.0,100.0,12000000.0,12000000.0,12000000.0,24000000.0,24000000.0,24000000.0
4,Perguruan Tinggi Premium & Prestisius,UNIVERSITAS MUHAMMADIYAH GOMBONG,229,SWASTA,-,JAWA TENGAH,BAIK SEKALI,banpt-596,,229,-1.0,-1.0,11875000.0,1250000.0,22500000.0,23750000.0,2500000.0,45000000.0
4,Perguruan Tinggi Premium & Prestisius,STIKES PANTI WALUYA MALANG,230,SWASTA,https://campus.quipper.com/directory/stikes-panti-waluya-malang,JAWA TIMUR,B,banpt-81,,230,246.0,29.0,11850000.0,5800000.0,23450000.0,23700000.0,11600000.0,46900000.0
4,Perguruan Tinggi Premium & Prestisius,STIKES MUHAMMADIYAH CIREBON,231,SWASTA,https://campus.quipper.com/directory/stikes-muhammadiyah-cirebon,JAWA BARAT,BAIK,banpt-2030,,231,309.0,27.0,11800000.0,5500000.0,18100000.0,23600000.0,11000000.0,36200000.0
4,Perguruan Tinggi Premium & Prestisius,UNIVERSITAS BHAKTI KENCANA,232,SWASTA,-,JAWA BARAT,BAIK,banpt-695,,232,-1.0,-1.0,11800000.0,1100000.0,22500000.0,23600000.0,2200000.0,45000000.0
4,Perguruan Tinggi Premium & Prestisius,PPM SCHOOL OF MANAGEMENT,233,SWASTA,https://rencanamu.id/cari-kampus/sekolah-tinggi-manajemen-ppm,DKI JAKARTA,A,-,,233,938.0,938.0,11750000.0,11750000.0,94000000.0,23500000.0,23500000.0,94000000.0
4,Perguruan Tinggi Premium & Prestisius,STIKES BHAKTI HUSADA MULIA,234,SWASTA,-,JAWA TIMUR,BAIK,banpt-247,,234,-1.0,-1.0,11650000.0,3300000.0,20000000.0,23300000.0,6600000.0,40000000.0
4,Perguruan Tinggi Premium & Prestisius,UNIVERSITAS BINAWAN,235,SWASTA,https://campus.quipper.com/directory/universitas-binawan,D.K.I. JAKARTA,C,banpt-2740,,235,1668.0,119.0,11550000.0,3000000.0,21600000.0,23100000.0,6000000.0,43200000.0
4,Perguruan Tinggi Premium & Prestisius,UNIVERSITAS BHINNEKA NUSANTARA,236,SWASTA,-,JAWA TIMUR,BAIK SEKALI,banpt-103,,236,-1.0,-1.0,11550000.0,600000.0,22500000.0,23100000.0,1200000.0,45000000.0
4,Perguruan Tinggi Premium & Prestisius,UNIVERSITAS NUSA MANDIRI,237,SWASTA,https://campus.quipper.com/directory/stmik-nusa-mandiri,D.K.I. JAKARTA,B,banpt-2876,224,237,3514.0,267.0,11500000.0,4000000.0,20000000.0,23000000.0,8000000.0,40000000.0
4,Perguruan Tinggi Premium & Prestisius,UNIVERSITAS BUDI LUHUR,238,SWASTA,https://campus.quipper.com/directory/universitas-budi-luhur,D.K.I. JAKARTA,B,banpt-1015,20,238,10772.0,445.0,11500000.0,11500000.0,67600000.0,23000000.0,23000000.0,67600000.0
4,Perguruan Tinggi Premium & Prestisius,UNIVERSITAS MATANA,239,SWASTA,https://rencanamu.id/cari-kampus/universitas-matana,BANTEN,BAIK,banpt-827,362,239,642.0,642.0,11492500.0,7500000.0,60000000.0,22985000.0,15000000.0,60000000.0
4,Perguruan Tinggi Premium & Prestisius,UNIVERSITAS GLOBAL JAKARTA,240,SWASTA,-,JAWA BARAT,BAIK,banpt-3706,,240,-1.0,-1.0,11400625.0,2400000.0,20401250.0,22801250.0,4800000.0,40802500.0
4,Perguruan Tinggi Premium & Prestisius,SEKOLAH TINGGI ILMU KESEHATAN PERTAMEDIKA,241,SWASTA,https://campus.quipper.com/directory/sekolah-tinggi-ilmu-kesehatan-pertamina-bina-medika,D.K.I. JAKARTA,B,banpt-3337,,241,1005.0,48.0,11400000.0,6000000.0,19800000.0,22800000.0,12000000.0,39600000.0
4,Perguruan Tinggi Premium & Prestisius,INSTITUT TEKNOLOGI DAN BISNIS NASIONAL,242,SWASTA,-,SUMATERA SELATAN,BAIK,banpt-1556,,242,-1.0,-1.0,11400000.0,2400000.0,20400000.0,22800000.0,4800000.0,40800000.0
4,Perguruan Tinggi Premium & Prestisius,UNIVERSITAS MUHAMMADIYAH KUPANG,243,SWASTA,-,NUSA TENGGARA TIMUR,B,banpt-2547,314,243,-1.0,-1.0,11350000.0,200000.0,22500000.0,22700000.0,400000.0,45000000.0
4,Perguruan Tinggi Premium & Prestisius,SEKOLAH TINGGI ILMU EKONOMI HARAPAN BANGSA,244,SWASTA,-,JAWA BARAT,BAIK SEKALI,banpt-1873,,244,-1.0,-1.0,11320000.0,6800000.0,15840000.0,22640000.0,13600000.0,31680000.0
4,Perguruan Tinggi Premium & Prestisius,UNIVERSITAS MUHAMMADIYAH MAKASSAR,245,SWASTA,https://rencanamu.id/cari-kampus/universitas-muhammadiyah-makassar,SULAWESI SELATAN,B,banpt-1988,104,245,20658.0,20658.0,11300000.0,1875000.0,22500000.0,22600000.0,3750000.0,45000000.0
4,Perguruan Tinggi Premium & Prestisius,SEKOLAH TINGGI ILMU KESEHATAN SUMBER WARAS,246,SWASTA,-,D.K.I. JAKARTA,BAIK,banpt-792,,246,-1.0,-1.0,11230000.0,8960000.0,13500000.0,22460000.0,17920000.0,27000000.0
4,Perguruan Tinggi Premium & Prestisius,INSTITUT TEKNOLOGI DAN KESEHATAN BALI,247,SWASTA,-,BALI,UNGGUL,banpt-550,,247,-1.0,-1.0,11200000.0,1800000.0,20600000.0,22400000.0,3600000.0,41200000.0
4,Perguruan Tinggi Premium & Prestisius,STIKES WIDYAGAMA HUSADA MALANG,248,SWASTA,-,JAWA TIMUR,BAIK,banpt-3210,,248,-1.0,-1.0,11180000.0,860000.0,21500000.0,22360000.0,1720000.0,43000000.0
4,Perguruan Tinggi Premium & Prestisius,UNIVERSITAS BHAKTI HUSADA INDONESIA,249,SWASTA,-,JAWA BARAT,B,banpt-268,,249,-1.0,-1.0,11175000.0,3350000.0,19000000.0,22350000.0,6700000.0,38000000.0
4,Perguruan Tinggi Premium & Prestisius,UNIVERSITAS PERSADA INDONESIA YAI,250,SWASTA,https://campus.quipper.com/directory/universitas-persada-indonesia-yai,D.K.I. JAKARTA,BAIK SEKALI,banpt-680,272,250,5449.0,224.0,11125000.0,10000000.0,28400000.0,22250000.0,20000000.0,38500000.0
4,Perguruan Tinggi Premium & Prestisius,UNIVERSITAS ANWAR MEDIKA,251,SWASTA,-,JAWA TIMUR,BAIK,banpt-3201,,251,-1.0,-1.0,11055625.0,1668750.0,20442500.0,22111250.0,3337500.0,40885000.0
4,Perguruan Tinggi Premium & Prestisius,UNIVERSITAS BHAYANGKARA JAKARTA RAYA,252,SWASTA,https://campus.quipper.com/directory/universitas-bhayangkara-jakarta-raya,D.K.I. JAKARTA,B,banpt-702,238,252,7780.0,242.0,11037500.0,5000000.0,18000000.0,22075000.0,10000000.0,36000000.0
4,Perguruan Tinggi Premium & Prestisius,UNIVERSITAS DINAMIKA,253,SWASTA,https://campus.quipper.com/directory/universitas-dinamika,JAWA TIMUR,BAIK SEKALI,banpt-3146,204,253,1500.0,84.0,11000000.0,7000000.0,15000000.0,22000000.0,14000000.0,30000000.0
4,Perguruan Tinggi Premium & Prestisius,INSTITUT TEKNOLOGI DAN SAINS PADANG LAWAS UTARA,254,SWASTA,-,SUMATERA UTARA,BAIK,banpt-1592,,254,-1.0,-1.0,11000000.0,2000000.0,20000000.0,22000000.0,4000000.0,40000000.0
4,Perguruan Tinggi Premium & Prestisius,UNIVERSITAS INDONESIA TIMUR,255,SWASTA,https://campus.quipper.com/directory/universitas-indonesia-timur,SULAWESI SELATAN,BAIK SEKALI,banpt-2661,319,255,7253.0,480.0,10850000.0,2000000.0,19750000.0,21700000.0,4000000.0,39500000.0
4,Perguruan Tinggi Premium & Prestisius,UNIVERSITAS IBRAHIMY,256,SWASTA,-,JAWA TIMUR,B,banpt-663,,256,-1.0,-1.0,10800000.0,100000.0,21500000.0,21600000.0,200000.0,43000000.0
4,Perguruan Tinggi Premium & Prestisius,UNIVERSITAS JENDERAL ACHMAD YANI,257,SWASTA,https://rencanamu.id/cari-kampus/universitas-jenderal-achmad-yani,JAWA BARAT,B,banpt-810,93,257,10685.0,10685.0,10752000.0,8300000.0,66400000.0,21504000.0,16600000.0,66400000.0
4,Perguruan Tinggi Premium & Prestisius,INSTITUT TEKNOLOGI PERUSAHAAN LISTRIK NEGARA,258,SWASTA,-,D.K.I. JAKARTA,B,banpt-3271,,258,-1.0,-1.0,10750000.0,500000.0,21000000.0,21500000.0,1000000.0,42000000.0
4,Perguruan Tinggi Premium & Prestisius,SEKOLAH TINGGI ILMU KESEHATAN ABDURAHMAN PALEMBANG,259,SWASTA,-,SUMATERA SELATAN,BAIK,banpt-914,,259,-1.0,-1.0,10675000.0,3000000.0,18350000.0,21350000.0,6000000.0,36700000.0
4,Perguruan Tinggi Premium & Prestisius,UNIVERSITAS HAYAM WURUK PERBANAS,260,SWASTA,https://campus.quipper.com/directory/sekolah-tinggi-ilmu-ekonomi-perbanas-surabaya,JAWA TIMUR,A,banpt-3317,,260,1842.0,108.0,10655000.0,7300000.0,21100000.0,21310000.0,14600000.0,42200000.0
4,Perguruan Tinggi Premium & Prestisius,INSTITUT TEKNOLOGI DAN KESEHATAN MUHAMMADIYAH KALIMANTAN BARAT,261,SWASTA,-,KALIMANTAN BARAT,B,banpt-1771,,261,-1.0,-1.0,10624500.0,900000.0,20349000.0,21249000.0,1800000.0,40698000.0
4,Perguruan Tinggi Premium & Prestisius,UNIVERSITAS DARMA AGUNG,262,SWASTA,-,SUMATERA UTARA,BAIK,banpt-1344,419,262,-1.0,-1.0,10600000.0,6200000.0,15000000.0,21200000.0,12400000.0,30000000.0
4,Perguruan Tinggi Premium & Prestisius,UNIVERSITAS HORIZON INDONESIA,263,SWASTA,-,JAWA BARAT,BAIK,banpt-1738,,263,-1.0,-1.0,10598000.0,2571000.0,18625000.0,21196000.0,5142000.0,37250000.0
4,Perguruan Tinggi Premium & Prestisius,STIKES KAPUAS RAYA,264,SWASTA,-,KALIMANTAN BARAT,BAIK,banpt-3221,,264,-1.0,-1.0,10585000.0,354000.0,20816000.0,21170000.0,708000.0,41632000.0
4,Perguruan Tinggi Premium & Prestisius,SEKOLAH TINGGI ILMU KESEHATAN KENDAL,265,SWASTA,-,JAWA TENGAH,BAIK,banpt-2768,,265,-1.0,-1.0,10521000.0,5982000.0,15060000.0,21042000.0,11964000.0,30120000.0
4,Perguruan Tinggi Premium & Prestisius,INSTITUT BISNIS INFORMASI TEKNOLOGI DAN BISNIS,266,SWASTA,-,SUMATERA UTARA,BAIK,banpt-1827,,266,-1.0,-1.0,10500000.0,10500000.0,10500000.0,21000000.0,21000000.0,21000000.0
4,Perguruan Tinggi Premium & Prestisius,SEKOLAH TINGGI ILMU KESEHATAN AHMAD DAHLAN CIREBON,267,SWASTA,https://campus.quipper.com/directory/sekolah-tinggi-ilmu-kesehatan-ahmad-dahlan-cirebon,JAWA BARAT,BAIK,banpt-1715,,267,246.0,12.0,10425000.0,7775000.0,13075000.0,20850000.0,15550000.0,26150000.0
4,Perguruan Tinggi Premium & Prestisius,SEKOLAH TINGGI DESAIN INDONESIA BANDUNG,268,SWASTA,-,JAWA BARAT,BAIK,banpt-3465,,268,-1.0,-1.0,10413500.0,5880000.0,14947000.0,20827000.0,11760000.0,29894000.0
4,Perguruan Tinggi Premium & Prestisius,UNIVERSITAS MUHAMMADIYAH PALANGKA RAYA,269,SWASTA,-,KALIMANTAN TENGAH,BAIK SEKALI,banpt-2631,,269,-1.0,-1.0,10371500.0,1993000.0,18750000.0,20743000.0,3986000.0,37500000.0
4,Perguruan Tinggi Premium & Prestisius,UNIVERSITAS PROF DR HAZAIRIN SH,270,SWASTA,-,BENGKULU,BAIK SEKALI,banpt-2344,,270,-1.0,-1.0,10287500.0,1675000.0,18900000.0,20575000.0,3350000.0,37800000.0
4,Perguruan Tinggi Premium & Prestisius,UNIVERSITAS BUNDA MULIA,271,SWASTA,https://campus.quipper.com/directory/universitas-bunda-mulia-ubm,DKI JAKARTA,B,banpt-1870,205,271,8441.0,316.0,10250000.0,9000000.0,72000000.0,20500000.0,18000000.0,72000000.0
4,Perguruan Tinggi Premium & Prestisius,INSTITUT TEKNOLOGI DAN BISNIS KALBIS,272,SWASTA,https://rencanamu.id/cari-kampus/institut-teknologi-dan-bisnis-kalbis,DKI JAKARTA,C,banpt-3413,,272,2052.0,2052.0,10250000.0,10250000.0,82000000.0,20500000.0,20500000.0,82000000.0
4,Perguruan Tinggi Premium & Prestisius,UNIVERSITAS DARUSSALAM GONTOR,273,SWASTA,-,JAWA TIMUR,UNGGUL,banpt-2513,295,273,-1.0,-1.0,10250000.0,3500000.0,17000000.0,20500000.0,7000000.0,34000000.0
4,Perguruan Tinggi Premium & Prestisius,SEKOLAH TINGGI FILSAFAT DRIYARKARA,274,SWASTA,https://campus.quipper.com/directory/sekolah-tinggi-filsafat-driyarkara,D.K.I. JAKARTA,UNGGUL,banpt-1306,,274,384.0,31.0,10225000.0,6500000.0,18100000.0,20450000.0,13000000.0,36200000.0
4,Perguruan Tinggi Premium & Prestisius,UNIVERSITAS KATOLIK SANTO AGUSTINUS HIPPO,275,SWASTA,-,KALIMANTAN BARAT,BAIK,banpt-2602,,275,-1.0,-1.0,10210000.0,10210000.0,10210000.0,20420000.0,20420000.0,20420000.0
4,Perguruan Tinggi Premium & Prestisius,UNIVERSITAS MA CHUNG,276,SWASTA,https://campus.quipper.com/directory/universitas-ma-chung,JAWA TIMUR,B,banpt-3336,301,276,1706.0,83.0,10200000.0,9000000.0,72000000.0,20400000.0,18000000.0,72000000.0
4,Perguruan Tinggi Premium & Prestisius,INSTITUT CITRA INTERNASIONAL,277,SWASTA,-,BANGKA BELITUNG,BAIK,banpt-763,,277,-1.0,-1.0,10175000.0,2400000.0,17950000.0,20350000.0,4800000.0,35900000.0
4,Perguruan Tinggi Premium & Prestisius,UNIVERSITAS MEDIKA SUHERMAN,278,SWASTA,-,JAWA BARAT,BAIK SEKALI,banpt-22,,278,-1.0,-1.0,10146875.0,1950000.0,18343750.0,20293750.0,3900000.0,36687500.0
4,Perguruan Tinggi Premium & Prestisius,UNIVERSITAS PANCA SAKTI BEKASI,279,SWASTA,-,JAWA BARAT,BAIK SEKALI,banpt-1695,,279,-1.0,-1.0,10100000.0,100000.0,20100000.0,20200000.0,200000.0,40200000.0
4,Perguruan Tinggi Premium & Prestisius,INSTITUT TEKNOLOGI DAN BISNIS KALLA,280,SWASTA,-,SULAWESI SELATAN,BAIK,banpt-2449,,280,-1.0,-1.0,10002000.0,10002000.0,10002000.0,20004000.0,20004000.0,20004000.0
4,Perguruan Tinggi Premium & Prestisius,UNIVERSITAS SYEDZA SAINTIKA,281,SWASTA,-,SUMATERA BARAT,B,banpt-1163,,281,-1.0,-1.0,10000000.0,10000000.0,10000000.0,20000000.0,20000000.0,20000000.0
4,Perguruan Tinggi Premium & Prestisius,UNIVERSITAS AL AZHAR INDONESIA,282,SWASTA,https://campus.quipper.com/directory/universitas-al-azhar-indonesia,DKI JAKARTA,B,-,173,282,3133.0,124.0,10000000.0,10000000.0,25000000.0,20000000.0,20000000.0,25000000.0
4,Perguruan Tinggi Premium & Prestisius,SEKOLAH TINGGI ILMU KESEHATAN BOGOR HUSADA,283,SWASTA,-,JAWA BARAT,BAIK,banpt-1131,,283,-1.0,-1.0,10000000.0,10000000.0,10000000.0,20000000.0,20000000.0,20000000.0
4,Perguruan Tinggi Premium & Prestisius,SEKOLAH TINGGI ILMU EKONOMI CIREBON,284,SWASTA,https://campus.quipper.com/directory/sekolah-tinggi-ilmu-ekonomi-cirebon,JAWA BARAT,BAIK,banpt-1670,,284,267.0,25.0,10000000.0,5000000.0,15000000.0,20000000.0,10000000.0,30000000.0
4,Perguruan Tinggi Premium & Prestisius,SEKOLAH TINGGI PARIWISATA BOGOR,285,SWASTA,https://campus.quipper.com/directory/sekolah-tinggi-pariwisata-bogor,JAWA BARAT,BAIK SEKALI,banpt-2608,,285,395.0,35.0,10000000.0,9250000.0,10750000.0,20000000.0,18500000.0,21500000.0
4,Perguruan Tinggi Premium & Prestisius,UNIVERSITAS PEKALONGAN,286,SWASTA,https://campus.quipper.com/directory/universitas-pekalongan,JAWA TENGAH,UNGGUL,banpt-197,264,286,6100.0,158.0,10000000.0,10000000.0,11250000.0,20000000.0,20000000.0,22500000.0
4,Perguruan Tinggi Premium & Prestisius,UNIVERSITAS MUHAMMADIYAH MALANG,287,SWASTA,https://rencanamu.id/cari-kampus/universitas-muhammadiyah-malang,JAWA TIMUR,A,banpt-3123,35,287,34426.0,34426.0,10000000.0,10000000.0,80000000.0,20000000.0,20000000.0,80000000.0
4,Perguruan Tinggi Premium & Prestisius,UNIVERSITAS SIBER INDONESIA,288,SWASTA,-,D.K.I. JAKARTA,BAIK,banpt-2439,547,288,-1.0,-1.0,10000000.0,10000000.0,10000000.0,20000000.0,20000000.0,20000000.0
4,Perguruan Tinggi Premium & Prestisius,SEKOLAH TINGGI DESAIN LASALLE,289,SWASTA,-,D.K.I. JAKARTA,BAIK,banpt-2042,,289,-1.0,-1.0,9989610.0,2609600.0,17369620.0,19979220.0,5219200.0,34739240.0
4,Perguruan Tinggi Premium & Prestisius,INSTITUT KESEHATAN YARSI MATARAM,290,SWASTA,-,NUSA TENGGARA BARAT,BAIK,banpt-29,,290,-1.0,-1.0,9952000.0,955000.0,18949000.0,19904000.0,1910000.0,37898000.0
4,Perguruan Tinggi Premium & Prestisius,SEKOLAH TINGGI ILMU EKONOMI TRISAKTI,291,SWASTA,-,D.K.I. JAKARTA,UNGGUL,banpt-1056,,291,-1.0,-1.0,9890000.0,1020000.0,18760000.0,19780000.0,2040000.0,37520000.0
4,Perguruan Tinggi Premium & Prestisius,UNIVERSITAS MAARIF HASYIM LATIF,292,SWASTA,-,JAWA TIMUR,BAIK SEKALI,banpt-935,254,292,-1.0,-1.0,9855000.0,200000.0,19510000.0,19710000.0,400000.0,39020000.0
4,Perguruan Tinggi Premium & Prestisius,SEKOLAH TINGGI ILMU KESEHATAN SALSABILA SERANG,293,SWASTA,-,BANTEN,BAIK,banpt-3425,,293,-1.0,-1.0,9800000.0,4000000.0,15600000.0,19600000.0,8000000.0,31200000.0
4,Perguruan Tinggi Premium & Prestisius,UNIVERSITAS AL WASHLIYAH,294,SWASTA,-,SUMATERA UTARA,BAIK,banpt-3656,,294,-1.0,-1.0,9750000.0,1500000.0,18000000.0,19500000.0,3000000.0,36000000.0
4,Perguruan Tinggi Premium & Prestisius,SEKOLAH TINGGI ILMU KESEHATAN KERIS HUSADA,295,SWASTA,-,D.K.I. JAKARTA,BAIK,banpt-296,,295,-1.0,-1.0,9750000.0,3400000.0,16100000.0,19500000.0,6800000.0,32200000.0
4,Perguruan Tinggi Premium & Prestisius,UNIVERSITAS FORT DE KOCK,296,SWASTA,-,SUMATERA BARAT,BAIK SEKALI,banpt-2683,,296,-1.0,-1.0,9750000.0,1500000.0,18000000.0,19500000.0,3000000.0,36000000.0
4,Perguruan Tinggi Premium & Prestisius,UNIVERSITAS MUHAMMADIYAH AHMAD DAHLAN CIREBON,297,SWASTA,-,JAWA BARAT,BAIK SEKALI,banpt-42,,297,-1.0,-1.0,9725000.0,500000.0,18950000.0,19450000.0,1000000.0,37900000.0
4,Perguruan Tinggi Premium & Prestisius,SEKOLAH TINGGI ILMU KESEHATAN PANTI RAPIH YOGYAKARTA,298,SWASTA,-,D.I. YOGYAKARTA,BAIK SEKALI,banpt-2263,,298,-1.0,-1.0,9685000.0,360000.0,19010000.0,19370000.0,720000.0,38020000.0
4,Perguruan Tinggi Premium & Prestisius,UNIVERSITAS KRISTEN WIRA WACANA SUMBA,299,SWASTA,-,NUSA TENGGARA TIMUR,BAIK,banpt-3715,348,299,-1.0,-1.0,9665000.0,8890000.0,10440000.0,19330000.0,17780000.0,20880000.0
4,Perguruan Tinggi Premium & Prestisius,STIKES EKA HARAP,300,SWASTA,-,KALIMANTAN TENGAH,BAIK,banpt-664,,300,-1.0,-1.0,9643000.0,300000.0,18986000.0,19286000.0,600000.0,37972000.0
4,Perguruan Tinggi Premium & Prestisius,UNIVERSITAS KATOLIK DE LA SALLE,301,SWASTA,https://campus.quipper.com/directory/universitas-katolik-de-la-salle,SULAWESI UTARA,B,banpt-2574,436,301,1597.0,115.0,9635000.0,5000000.0,19255000.0,19270000.0,10000000.0,38510000.0
4,Perguruan Tinggi Premium & Prestisius,SEKOLAH TINGGI KEGURUAN DAN ILMU PENDIDIKAN PGRI PAPUA,302,SWASTA,-,PAPUA,BAIK,banpt-2637,,302,-1.0,-1.0,9625000.0,1750000.0,17500000.0,19250000.0,3500000.0,35000000.0
4,Perguruan Tinggi Premium & Prestisius,UNIVERSITAS AL-AZHAR INDONESIA,303,SWASTA,-,D.K.I. JAKARTA,UNGGUL,banpt-1654,,303,-1.0,-1.0,9615000.0,1755000.0,17475000.0,19230000.0,3510000.0,34950000.0
4,Perguruan Tinggi Premium & Prestisius,UNIVERSITAS DIRGANTARA MARSEKAL SURYADARMA,304,SWASTA,https://campus.quipper.com/directory/universitas-marsekal-suryadarma,D.K.I. JAKARTA,B,banpt-255,357,304,3491.0,354.0,9612500.0,1425000.0,19225000.0,19225001.0,2850000.0,38450000.0
4,Perguruan Tinggi Premium & Prestisius,UNIVERSITAS FALETEHAN,305,SWASTA,-,BANTEN,BAIK,banpt-2523,,305,-1.0,-1.0,9600000.0,2200000.0,17000000.0,19200000.0,4400000.0,34000000.0
4,Perguruan Tinggi Premium & Prestisius,UNIVERSITAS WIDYA KARTIKA,306,SWASTA,-,JAWA TIMUR,BAIK,banpt-430,424,306,-1.0,-1.0,9599000.0,200000.0,18998000.0,19198000.0,400000.0,37996000.0
4,Perguruan Tinggi Premium & Prestisius,UNIVERSITAS MUHAMMADIYAH PEKAJANGAN PEKALONGAN,307,SWASTA,-,JAWA TENGAH,BAIK SEKALI,banpt-1223,,307,-1.0,-1.0,9525000.0,850000.0,18200000.0,19050000.0,1700000.0,36400000.0
4,Perguruan Tinggi Premium & Prestisius,UNIVERSITAS MERDEKA MALANG,308,SWASTA,https://rencanamu.id/cari-kampus/universitas-merdeka-malang,JAWA TIMUR,B,banpt-138,137,308,7861.0,172.0,9500000.0,6375000.0,51000000.0,19000001.0,12750000.0,51000000.0
4,Perguruan Tinggi Premium & Prestisius,INSTITUT TEKNOLOGI PLN,309,SWASTA,https://campus.quipper.com/directory/institut-teknologi-pln,DKI JAKARTA,B,-,,309,3713.0,150.0,9500000.0,9500000.0,56000000.0,19000000.0,19000000.0,56000000.0
4,Perguruan Tinggi Premium & Prestisius,SEKOLAH TINGGI ILMU KESEHATAN FATMAWATI,310,SWASTA,-,D.K.I. JAKARTA,BAIK,banpt-2934,,310,-1.0,-1.0,9475000.0,7500000.0,11450000.0,18950000.0,15000000.0,22900000.0
4,Perguruan Tinggi Premium & Prestisius,STIKES MUHAMMADIYAH CIAMIS,311,SWASTA,-,JAWA BARAT,BAIK SEKALI,banpt-1955,,311,-1.0,-1.0,9475000.0,100000.0,18850000.0,18950000.0,200000.0,37700000.0
4,Perguruan Tinggi Premium & Prestisius,UNIVERSITAS SANATA DHARMA,312,SWASTA,https://campus.quipper.com/directory/universitas-sanata-dharma,D.I. YOGYAKARTA,A,banpt-2370,89,312,11856.0,346.0,9462500.0,7000000.0,18825000.0,18925000.0,14000000.0,37650000.0
4,Perguruan Tinggi Premium & Prestisius,SEKOLAH TINGGI ILMU KOMUNIKASI INTER STUDI,313,SWASTA,-,D.K.I. JAKARTA,BAIK,banpt-3629,,313,-1.0,-1.0,9450000.0,9000000.0,9900000.0,18900000.0,18000000.0,19800000.0
4,Perguruan Tinggi Premium & Prestisius,SEKOLAH TINGGI DESAIN INTERSTUDI,314,SWASTA,https://campus.quipper.com/directory/sekolah-tinggi-desain-interstudi,D.K.I. JAKARTA,B,banpt-2841,,314,842.0,30.0,9450000.0,9000000.0,52000000.0,18900000.0,18000000.0,52000000.0
4,Perguruan Tinggi Premium & Prestisius,INSTITUT MEDIA DIGITAL EMTEK,315,SWASTA,-,D.K.I. JAKARTA,BAIK,banpt-242,,315,-1.0,-1.0,9365000.0,2280000.0,16450000.0,18730000.0,4560000.0,32900000.0
4,Perguruan Tinggi Premium & Prestisius,UNIVERSITAS MUHAMMADIYAH SORONG,316,SWASTA,-,PAPUA BARAT,BAIK SEKALI,banpt-1502,331,316,-1.0,-1.0,9350000.0,200000.0,18500000.0,18700000.0,400000.0,37000000.0
4,Perguruan Tinggi Premium & Prestisius,UNIVERSITAS DR. SOEBANDI,317,SWASTA,https://campus.quipper.com/directory/universitas-dr-soebandi,JAWA TIMUR,BAIK SEKALI,banpt-1668,,317,2306.0,87.0,9350000.0,1500000.0,18500000.0,18700000.0,3000000.0,37000000.0
4,Perguruan Tinggi Premium & Prestisius,UNIVERSITAS DAYANU IKHSANUDDIN,318,SWASTA,https://rencanamu.id/cari-kampus/universitas-dayanu-ikhsanuddin,SULAWESI TENGGARA,BAIK SEKALI,banpt-2946,539,318,5289.0,5289.0,9350000.0,2000000.0,18500000.0,18700000.0,4000000.0,37000000.0
4,Perguruan Tinggi Premium & Prestisius,STIKES BINA USADA BALI,319,SWASTA,-,BALI,BAIK SEKALI,banpt-3860,,319,-1.0,-1.0,9336000.0,8515000.0,10157000.0,18672000.0,17030000.0,20314000.0
4,Perguruan Tinggi Premium & Prestisius,UNIVERSITAS MEDIA NUSANTARA CITRA,320,SWASTA,-,D.K.I. JAKARTA,BAIK SEKALI,banpt-554,,320,-1.0,-1.0,9325000.0,3200000.0,15450000.0,18650000.0,6400000.0,30900000.0
4,Perguruan Tinggi Premium & Prestisius,INSTITUT INFORMATIKA INDONESIA SURABAYA,321,SWASTA,-,JAWA TIMUR,BAIK,banpt-3976,,321,-1.0,-1.0,11950000.0,5400000.0,18500000.0,24000000.0,11000000.0,37000000.0
4,Perguruan Tinggi Premium & Prestisius,INSTITUT KESEHATAN IMMANUEL,322,SWASTA,-,JAWA BARAT,BAIK SEKALI,banpt-2360,,322,-1.0,-1.0,9250000.0,5000000.0,13500000.0,18500000.0,10000000.0,27000000.0
4,Perguruan Tinggi Premium & Prestisius,SEKOLAH TINGGI ILMU KESEHATAN BINA HUSADA,323,SWASTA,-,SUMATERA SELATAN,BAIK SEKALI,banpt-3969,,323,-1.0,-1.0,9182500.0,625000.0,17740000.0,18365000.0,1250000.0,35480000.0
4,Perguruan Tinggi Premium & Prestisius,UNIVERSITAS MUHAMMADIYAH SIDENRENG RAPPANG,324,SWASTA,-,SULAWESI SELATAN,BAIK SEKALI,banpt-2373,,324,-1.0,-1.0,9150000.0,800000.0,17500000.0,18300000.0,1600000.0,35000000.0
4,Perguruan Tinggi Premium & Prestisius,UNIVERSITAS SATYA NEGARA INDONESIA,325,SWASTA,https://rencanamu.id/cari-kampus/universitas-satya-negara-indonesia,D.K.I. JAKARTA,B,banpt-2643,420,325,4223.0,4223.0,9125000.0,3500000.0,28000000.0,18250000.0,7000000.0,36000000.0
4,Perguruan Tinggi Premium & Prestisius,UNIVERSITAS KLABAT,326,SWASTA,https://rencanamu.id/cari-kampus/universitas-klabat,SULAWESI UTARA,B,banpt-3386,316,326,-1.0,-1.0,9062500.0,7187500.0,10937500.0,18125000.0,14375000.0,21875000.0
4,Perguruan Tinggi Premium & Prestisius,SEKOLAH TINGGI ILMU KESEHATAN RS HUSADA,327,SWASTA,https://campus.quipper.com/directory/sekolah-tinggi-ilmu-kesehatan-rs-husada,D.K.I. JAKARTA,BAIK,banpt-1338,,327,533.0,28.0,9000000.0,9000000.0,12200000.0,18000000.0,18000000.0,24400000.0
4,Perguruan Tinggi Premium & Prestisius,UNIVERSITAS PERTIBA,328,SWASTA,-,BANGKA BELITUNG,BAIK SEKALI,banpt-790,,328,-1.0,-1.0,9000000.0,1500000.0,16500000.0,18000000.0,3000000.0,33000000.0
4,Perguruan Tinggi Premium & Prestisius,STIKES ESTU UTOMO,329,SWASTA,-,JAWA TENGAH,BAIK SEKALI,banpt-313,,329,-1.0,-1.0,9000000.0,9000000.0,9000000.0,18000000.0,18000000.0,18000000.0
4,Perguruan Tinggi Premium & Prestisius,UNIVERSITAS BHAKTI ASIH TANGERANG,330,SWASTA,-,BANTEN,BAIK,banpt-1156,,330,-1.0,-1.0,9000000.0,9000000.0,9000000.0,18000000.0,18000000.0,18000000.0
4,Perguruan Tinggi Premium & Prestisius,UNIVERSITAS ATMA JAYA YOGYAKARTA,331,SWASTA,https://campus.quipper.com/directory/universitas-atma-jaya-yogyakarta,D.I. YOGYAKARTA,A,banpt-2538,63,331,9381.0,9381.0,9000000.0,9000000.0,20000000.0,18000000.0,18000000.0,35000000.0
4,Perguruan Tinggi Premium & Prestisius,SEKOLAH TINGGI KESEHATAN AL-FATAH BENGKULU,332,SWASTA,-,BENGKULU,BAIK,banpt-373,,332,-1.0,-1.0,9000000.0,8500000.0,9500000.0,18000000.0,17000000.0,19000000.0
4,Perguruan Tinggi Premium & Prestisius,UNIVERSITAS KATOLIK MUSI CHARITAS,333,SWASTA,https://rencanamu.id/cari-kampus/universitas-katolik-musi-charitas,SUMATERA SELATAN,B,banpt-1887,315,333,-1.0,-1.0,9000000.0,4000000.0,14000000.0,18000000.0,8000000.0,28000000.0
4,Perguruan Tinggi Premium & Prestisius,SEKOLAH TINGGI ILMU KESEHATAN BHAKTI HUSADA CIKARANG,334,SWASTA,-,JAWA BARAT,BAIK,banpt-2183,,334,-1.0,-1.0,9000000.0,7800000.0,10200000.0,18000000.0,15600000.0,20400000.0
4,Perguruan Tinggi Premium & Prestisius,SEKOLAH TINGGI ILMU KESEHATAN BETHESDA YAKKUM,335,SWASTA,-,D.I. YOGYAKARTA,B,banpt-943,,335,-1.0,-1.0,8997500.0,350000.0,17645000.0,17995000.0,700000.0,35290000.0
4,Perguruan Tinggi Premium & Prestisius,UNIVERSITAS WINAYA MUKTI,336,SWASTA,-,JAWA BARAT,BAIK SEKALI,banpt-678,367,336,-1.0,-1.0,8950000.0,100000.0,17800000.0,17900000.0,200000.0,35600000.0
4,Perguruan Tinggi Premium & Prestisius,UNIVERSITAS MUHAMMADIYAH MANADO,337,SWASTA,-,SULAWESI UTARA,BAIK,banpt-494,,337,-1.0,-1.0,8925000.0,650000.0,17200000.0,17850000.0,1300000.0,34400000.0
4,Perguruan Tinggi Premium & Prestisius,UNIVERSITAS BUNG HATTA,338,SWASTA,https://rencanamu.id/cari-kampus/universitas-bung-hatta,SUMATERA BARAT,B,banpt-366,187,338,8625.0,8625.0,8902000.0,6500000.0,52000000.0,17804000.0,13000000.0,52000000.0
4,Perguruan Tinggi Premium & Prestisius,UNIVERSITAS RESPATI YOGYAKARTA,339,SWASTA,https://rencanamu.id/cari-kampus/universitas-respati-yogyakarta,D.I. YOGYAKARTA,B,banpt-3193,293,339,4430.0,4430.0,8900000.0,8900000.0,8900000.0,17800000.0,17800000.0,17800000.0
4,Perguruan Tinggi Premium & Prestisius,SEKOLAH TINGGI ILMU KESEHATAN INDRAMAYU,340,SWASTA,-,JAWA BARAT,BAIK,banpt-2346,,340,-1.0,-1.0,8837500.0,5045000.0,12630000.0,17675000.0,10090000.0,25260000.0
4,Perguruan Tinggi Premium & Prestisius,SEKOLAH TINGGI ILMU KESEHATAN MITRA KELUARGA,341,SWASTA,-,JAWA BARAT,TERAKREDITASI,banpt-149,,341,-1.0,-1.0,8820000.0,500000.0,17140000.0,17640000.0,1000000.0,34280000.0
4,Perguruan Tinggi Premium & Prestisius,UNIVERSITAS DR SOETOMO,342,SWASTA,https://campus.quipper.com/directory/universitas-dr-soetomo,JAWA TIMUR,BAIK SEKALI,banpt-1,,342,8481.0,238.0,8760000.0,3600000.0,17220000.0,17520000.0,7200000.0,34440000.0
4,Perguruan Tinggi Premium & Prestisius,SEKOLAH TINGGI ILMU EKONOMI TRISNA NEGARA,343,SWASTA,-,SUMATERA SELATAN,BAIK,banpt-3767,,343,-1.0,-1.0,8750000.0,5000000.0,12500000.0,17500000.0,10000000.0,25000000.0
4,Perguruan Tinggi Premium & Prestisius,UNIVERSITAS MUHAMMADIYAH TASIKMALAYA,344,SWASTA,https://campus.quipper.com/directory/universitas-muhammadiyah-tasikmalaya,JAWA BARAT,BAIK,banpt-3685,158,344,1322.0,95.0,8725000.0,4000000.0,17350000.0,17450000.0,8000000.0,34700000.0
4,Perguruan Tinggi Premium & Prestisius,STIKES YARSI PONTIANAK,345,SWASTA,-,KALIMANTAN BARAT,BAIK,banpt-4011,,345,-1.0,-1.0,8625000.0,2000000.0,15250000.0,17250000.0,4000000.0,30500000.0
4,Perguruan Tinggi Premium & Prestisius,UNIVERSITAS MEDAN AREA,346,SWASTA,https://rencanamu.id/cari-kampus/universitas-medan-area,SUMATERA UTARA,B,banpt-811,17,346,9103.0,9103.0,8625000.0,7000000.0,56000000.0,17250000.0,14000000.0,56000000.0
4,Perguruan Tinggi Premium & Prestisius,STIKES YOGYAKARTA,347,SWASTA,-,D.I. YOGYAKARTA,BAIK,banpt-2967,,347,-1.0,-1.0,8612500.0,2700000.0,14525000.0,17225000.0,5400000.0,29050000.0
4,Perguruan Tinggi Premium & Prestisius,SEKOLAH TINGGI ILMU ADMINISTRASI AAN,348,SWASTA,-,D.I. YOGYAKARTA,BAIK SEKALI,banpt-1024,,348,-1.0,-1.0,8502500.0,980000.0,16025000.0,17005000.0,1960000.0,32050000.0
4,Perguruan Tinggi Premium & Prestisius,UNIVERSITAS BINA SEHAT PPNI MOJOKERTO,349,SWASTA,-,JAWA TIMUR,BAIK,banpt-1553,,349,-1.0,-1.0,8500000.0,4000000.0,13000000.0,17000000.0,8000000.0,26000000.0
4,Perguruan Tinggi Premium & Prestisius,UNIVERSITAS GRESIK,350,SWASTA,-,JAWA TIMUR,BAIK SEKALI,banpt-3345,350,350,-1.0,-1.0,8500000.0,8500000.0,8500000.0,17000000.0,17000000.0,17000000.0
4,Perguruan Tinggi Premium & Prestisius,UNIVERSITAS DEHASEN BENGKULU,351,SWASTA,-,BENGKULU,BAIK SEKALI,banpt-3897,265,351,-1.0,-1.0,8497500.0,995000.0,16000000.0,16995000.0,1990000.0,32000000.0
4,Perguruan Tinggi Premium & Prestisius,UNIVERSITAS PGRI SEMARANG,352,SWASTA,https://rencanamu.id/cari-kampus/universitas-pgri-semarang,JAWA TENGAH,UNGGUL,banpt-198,148,352,9370.0,9370.0,8450000.0,8450000.0,67600000.0,16900000.0,16900000.0,67600000.0
4,Perguruan Tinggi Premium & Prestisius,UNIVERSITAS SAMAWA,353,SWASTA,-,NUSA TENGGARA BARAT,BAIK,banpt-3054,457,353,-1.0,-1.0,8377500.0,255000.0,16500000.0,16755000.0,510000.0,33000000.0
4,Perguruan Tinggi Premium & Prestisius,SEKOLAH TINGGI BISNIS DAN MANAJEMEN DUA SAUDARA,354,SWASTA,-,SULAWESI UTARA,BAIK,banpt-3183,,354,-1.0,-1.0,8375000.0,500000.0,16250000.0,16750000.0,1000000.0,32500000.0
4,Perguruan Tinggi Premium & Prestisius,UNIVERSITAS ALKHAIRAAT,355,SWASTA,-,SULAWESI TENGAH,BAIK,banpt-3781,459,355,-1.0,-1.0,8350000.0,1200000.0,15500000.0,16700000.0,2400000.0,31000000.0
4,Perguruan Tinggi Premium & Prestisius,UNIVERSITAS STIKUBANK,356,SWASTA,https://rencanamu.id/cari-kampus/universitas-stikubank,JAWA TENGAH,BAIK SEKALI,banpt-302,199,356,3198.0,3198.0,8250000.0,8250000.0,66000000.0,16500000.0,16500000.0,66000000.0
4,Perguruan Tinggi Premium & Prestisius,SEKOLAH TINGGI ILMU KESEHATAN RS DUSTIRA,357,SWASTA,-,JAWA BARAT,BAIK,banpt-2804,,357,-1.0,-1.0,8250000.0,7500000.0,9000000.0,16500000.0,15000000.0,18000000.0
4,Perguruan Tinggi Premium & Prestisius,SEKOLAH TINGGI ILMU EKONOMI LATIFAH MUBAROKIYAH,358,SWASTA,-,JAWA BARAT,BAIK,banpt-2328,,358,-1.0,-1.0,8250000.0,1750000.0,14750000.0,16500000.0,3500000.0,29500000.0
4,Perguruan Tinggi Premium & Prestisius,UNIVERSITAS MULTI DATA PALEMBANG,359,SWASTA,-,SUMATERA SELATAN,BAIK SEKALI,banpt-2640,261,359,-1.0,-1.0,8250000.0,500000.0,16000000.0,16500000.0,1000000.0,32000000.0
4,Perguruan Tinggi Premium & Prestisius,UNIVERSITAS MUHAMMADIYAH PRINGSEWU LAMPUNG,360,SWASTA,-,LAMPUNG,BAIK SEKALI,banpt-642,,360,-1.0,-1.0,8242500.0,2035000.0,14450000.0,16485000.0,4070000.0,28900000.0
4,Perguruan Tinggi Premium & Prestisius,UNIVERSITAS SANGGA BUANA,361,SWASTA,-,JAWA BARAT,UNGGUL,banpt-569,160,361,-1.0,-1.0,10970000.0,5500000.0,16440000.0,21940000.0,11000000.0,32880000.0
4,Perguruan Tinggi Premium & Prestisius,SEKOLAH TINGGI ILMU KESEHATAN STELLA MARIS MAKASAR,362,SWASTA,-,SULAWESI SELATAN,BAIK,banpt-1787,,362,-1.0,-1.0,8200000.0,350000.0,16050000.0,16400000.0,700000.0,32100000.0
4,Perguruan Tinggi Premium & Prestisius,SEKOLAH TINGGI ILMU KESEHATAN ELISABETH SEMARANG,363,SWASTA,-,JAWA TENGAH,B,banpt-1995,,363,-1.0,-1.0,8137500.0,3550000.0,12725000.0,16275000.0,7100000.0,25450000.0
4,Perguruan Tinggi Premium & Prestisius,UNIVERSITAS SUGENG HARTONO,364,SWASTA,-,JAWA TENGAH,BAIK,banpt-1312,,364,-1.0,-1.0,8100000.0,8100000.0,8100000.0,16200000.0,16200000.0,16200000.0
4,Perguruan Tinggi Premium & Prestisius,STIKES HUSADA BORNEO,365,SWASTA,-,KALIMANTAN SELATAN,BAIK,banpt-4021,,365,-1.0,-1.0,8100000.0,1950000.0,14250000.0,16200000.0,3900000.0,28500000.0
4,Perguruan Tinggi Premium & Prestisius,SEKOLAH TINGGI ILMU EKONOMI INDONESIA JAKARTA,366,SWASTA,-,D.K.I. JAKARTA,BAIK SEKALI,banpt-1890,,366,-1.0,-1.0,8081250.0,8081250.0,8081250.0,16162500.0,16162500.0,16162500.0
4,Perguruan Tinggi Premium & Prestisius,STIKES KARYA PUTRA BANGSA TULUNGAGUNG,367,SWASTA,-,JAWA TIMUR,BAIK,banpt-3995,,367,-1.0,-1.0,8075000.0,7550000.0,8600000.0,16150000.0,15100000.0,17200000.0
4,Perguruan Tinggi Premium & Prestisius,UNIVERSITAS GUNADARMA,368,SWASTA,https://rencanamu.id/cari-kampus/universitas-gunadarma,JAWA BARAT,A,banpt-2307,16,368,37611.0,37611.0,8050000.0,8050000.0,64400000.0,16100000.0,16100000.0,64400000.0
4,Perguruan Tinggi Premium & Prestisius,SEKOLAH TINGGI ILMU FARMASI PADANG,369,SWASTA,-,SUMATERA BARAT,BAIK SEKALI,banpt-1624,,369,-1.0,-1.0,8050000.0,6600000.0,9500000.0,16100000.0,13200000.0,19000000.0
4,Perguruan Tinggi Premium & Prestisius,INSTITUT BISNIS DAN INFORMATIKA KESATUAN,370,SWASTA,https://campus.quipper.com/directory/sekolah-tinggi-ilmu-ekonomi-kesatuan,JAWA BARAT,B,banpt-3325,,370,3106.0,114.0,8000000.0,6000000.0,10000000.0,16000000.0,12000000.0,20000000.0
4,Perguruan Tinggi Premium & Prestisius,INSTITUT ILMU SOSIAL DAN ILMU POLITIK JAKARTA,371,SWASTA,https://rencanamu.id/cari-kampus/institut-ilmu-sosial-dan-ilmu-politik-jakarta,D.K.I. JAKARTA,BAIK,banpt-1496,,371,3798.0,3798.0,8000000.0,8000000.0,53960000.0,16000000.0,16000000.0,53960000.0
4,Perguruan Tinggi Premium & Prestisius,STIKES BORNEO CENDEKIA MEDIKA,372,SWASTA,-,KALIMANTAN TENGAH,BAIK SEKALI,banpt-1889,,372,-1.0,-1.0,8000000.0,8000000.0,8000000.0,16000000.0,16000000.0,16000000.0
4,Perguruan Tinggi Premium & Prestisius,SEKOLAH TINGGI TEKNOLOGI TERPADU NURUL FIKRI,373,SWASTA,https://campus.quipper.com/directory/sekolah-tinggi-teknologi-terpadu-nurul-fikri,JAWA BARAT,C,banpt-3200,,373,372.0,43.0,8000000.0,6500000.0,14000000.0,16000000.0,13000000.0,28000000.0
4,Perguruan Tinggi Premium & Prestisius,SEKOLAH TINGGI FARMASI MAHAGANESHA,374,SWASTA,-,BALI,BAIK,banpt-3921,,374,-1.0,-1.0,8000000.0,7500000.0,8500000.0,16000000.0,15000000.0,17000000.0
4,Perguruan Tinggi Premium & Prestisius,SEKOLAH TINGGI MANAJEMEN ASURANSI TRISAKTI,375,SWASTA,https://campus.quipper.com/directory/sekolah-tinggi-manajemen-asuransi-trisakti,D.K.I. JAKARTA,BAIK SEKALI,banpt-1320,,375,523.0,28.0,8000000.0,8000000.0,14526500.0,16000000.0,16000000.0,29053000.0
4,Perguruan Tinggi Premium & Prestisius,UNIVERSITAS KRISTEN DUTA WACANA,376,SWASTA,https://campus.quipper.com/directory/universitas-kristen-duta-wacana,DI YOGYAKARTA,A,banpt-2144,106,376,4420.0,153.0,8000000.0,8000000.0,40800000.0,16000000.0,16000000.0,40800000.0
4,Perguruan Tinggi Premium & Prestisius,SEKOLAH TINGGI ILMU KESEHATAN BINALITA SUDAMA,377,SWASTA,-,SUMATERA UTARA,BAIK,banpt-3539,,377,-1.0,-1.0,8000000.0,8000000.0,8000000.0,16000000.0,16000000.0,16000000.0
4,Perguruan Tinggi Premium & Prestisius,UNIVERSITAS AHMAD DAHLAN,378,SWASTA,https://campus.quipper.com/directory/universitas-ahmad-dahlan,DI YOGYAKARTA,A,banpt-2503,48,378,24507.0,742.0,8000000.0,8000000.0,22000000.0,16000000.0,16000000.0,22000000.0
4,Perguruan Tinggi Premium & Prestisius,SEKOLAH TINGGI ILMU KESEHATAN HOLISTIK,379,SWASTA,-,JAWA BARAT,BAIK,banpt-2867,,379,-1.0,-1.0,8000000.0,7000000.0,9000000.0,16000000.0,14000000.0,18000000.0
4,Perguruan Tinggi Premium & Prestisius,SEKOLAH TINGGI ILMU KESEHATAN RS PROF. DR. J.A. LATUMETEN,380,SWASTA,-,MALUKU,BAIK,banpt-183,,380,-1.0,-1.0,8000000.0,8000000.0,8000000.0,16000000.0,16000000.0,16000000.0
4,Perguruan Tinggi Premium & Prestisius,UNIVERSITAS WIDYA NUSANTARA,381,SWASTA,-,SULAWESI TENGAH,BAIK SEKALI,banpt-391,,381,-1.0,-1.0,7875000.0,1750000.0,14000000.0,15750000.0,3500000.0,28000000.0
4,Perguruan Tinggi Premium & Prestisius,UNIVERSITAS MUHAMMADIYAH PALOPO,382,SWASTA,-,SULAWESI SELATAN,BAIK SEKALI,banpt-1570,338,382,-1.0,-1.0,7800000.0,750000.0,14850000.0,15600000.0,1500000.0,29700000.0
4,Perguruan Tinggi Premium & Prestisius,UNIVERSITAS BHAMADA SLAWI,383,SWASTA,-,JAWA TENGAH,BAIK SEKALI,banpt-1696,,383,-1.0,-1.0,7755000.0,3150000.0,12360000.0,15510000.0,6300000.0,24720000.0
4,Perguruan Tinggi Premium & Prestisius,UNIVERSITAS MUHAMMADIYAH ACEH,384,SWASTA,https://campus.quipper.com/directory/universitas-muhammadiyah-aceh,ACEH,BAIK SEKALI,banpt-1930,237,384,5808.0,168.0,7752500.0,7000000.0,13500000.0,15505000.0,14000000.0,27000000.0
4,Perguruan Tinggi Premium & Prestisius,STIKES SUAKA INSAN,385,SWASTA,-,KALIMANTAN SELATAN,BAIK,banpt-2007,,385,-1.0,-1.0,7750000.0,2400000.0,13100000.0,15500000.0,4800000.0,26200000.0
4,Perguruan Tinggi Premium & Prestisius,UNIVERSITAS KATOLIK SOEGIJAPRANATA,386,SWASTA,https://rencanamu.id/cari-kampus/universitas-katolik-soegijapranata,JAWA TENGAH,A,banpt-2589,77,386,5069.0,5069.0,7750000.0,7750000.0,62000000.0,15500000.0,15500000.0,62000000.0
4,Perguruan Tinggi Premium & Prestisius,UNIVERSITAS SAHID,387,SWASTA,https://campus.quipper.com/directory/universitas-sahid,D.K.I. JAKARTA,UNGGUL,banpt-63,340,387,4148.0,127.0,7725000.0,4850000.0,10600000.0,15450000.0,9700000.0,21200000.0
4,Perguruan Tinggi Premium & Prestisius,SEKOLAH TINGGI ILMU KESEHATAN KEPANJEN,388,SWASTA,https://campus.quipper.com/directory/sekolah-tinggi-ilmu-kesehatan-kepanjen,JAWA TIMUR,BAIK SEKALI,banpt-1697,,388,598.0,31.0,7725000.0,3950000.0,11500000.0,15450000.0,7900000.0,23000000.0
4,Perguruan Tinggi Premium & Prestisius,UNIVERSITAS ISLAM BALITAR,389,SWASTA,https://rencanamu.id/cari-kampus/universitas-islam-balitar,JAWA TIMUR,B,banpt-1814,399,389,-1.0,-1.0,7687500.0,250000.0,15125000.0,15375000.0,500000.0,30250000.0
4,Perguruan Tinggi Premium & Prestisius,SEKOLAH TINGGI ILMU KESEHATAN PELITA ILMU DEPOK,390,SWASTA,-,JAWA BARAT,BAIK,banpt-1239,,390,-1.0,-1.0,7650000.0,4500000.0,10800000.0,15300000.0,9000000.0,21600000.0
4,Perguruan Tinggi Premium & Prestisius,UNIVERSITAS HALMAHERA,391,SWASTA,-,MALUKU UTARA,BAIK SEKALI,banpt-3607,532,391,-1.0,-1.0,7630000.0,960000.0,14300000.0,15260000.0,1920000.0,28600000.0
4,Perguruan Tinggi Premium & Prestisius,STIKES MAMBA UL ULUM SURAKARTA,392,SWASTA,-,JAWA TENGAH,B,banpt-2122,,392,-1.0,-1.0,7625000.0,1000000.0,14250000.0,15250000.0,2000000.0,28500000.0
4,Perguruan Tinggi Premium & Prestisius,SEKOLAH TINGGI TEKNOLOGI PEKERJAAN UMUM,393,SWASTA,-,D.K.I. JAKARTA,BAIK,banpt-12,,393,-1.0,-1.0,7612500.0,400000.0,14825000.0,15225000.0,800000.0,29650000.0
4,Perguruan Tinggi Premium & Prestisius,STIKES BHAKTI MULIA,394,SWASTA,https://campus.quipper.com/directory/stikes-bhakti-mulia,JAWA TIMUR,BAIK,banpt-2009,,394,169.0,19.0,7600000.0,6500000.0,13200000.0,15200000.0,13000000.0,26400000.0
4,Perguruan Tinggi Premium & Prestisius,UNIVERSITAS NAZHATUT THULLAB AL-MUAFA SAMPANG,395,SWASTA,-,JAWA TIMUR,BAIK,banpt-1297,,395,-1.0,-1.0,7600000.0,850000.0,14350000.0,15200000.0,1700000.0,28700000.0
4,Perguruan Tinggi Premium & Prestisius,UNIVERSITAS TEKNOLOGI AKBA MAKASSAR,396,SWASTA,-,SULAWESI SELATAN,BAIK,banpt-2879,,396,-1.0,-1.0,7595000.0,200000.0,14990000.0,15190000.0,400000.0,29980000.0
4,Perguruan Tinggi Premium & Prestisius,INSTITUT TEKNOLOGI DAN BISNIS SWADHARMA,397,SWASTA,-,D.K.I. JAKARTA,BAIK,banpt-3272,,397,-1.0,-1.0,7580000.0,300000.0,14860000.0,15160000.0,600000.0,29720000.0
4,Perguruan Tinggi Premium & Prestisius,UNIVERSITAS MARITIM AMNI,398,SWASTA,-,JAWA TENGAH,BAIK SEKALI,banpt-3091,,398,-1.0,-1.0,7550000.0,100000.0,15000000.0,15100000.0,200000.0,30000000.0
4,Perguruan Tinggi Premium & Prestisius,SEKOLAH TINGGI ILMU KESEHATAN HANG TUAH SURABAYA,399,SWASTA,-,JAWA TIMUR,BAIK,banpt-1935,,399,-1.0,-1.0,7525000.0,4650000.0,10400000.0,15050000.0,9300000.0,20800000.0
4,Perguruan Tinggi Premium & Prestisius,STIKES WIRA MEDIKA BALI,400,SWASTA,-,BALI,BAIK SEKALI,banpt-671,,400,-1.0,-1.0,7500000.0,1.0,15000000.0,15000001.0,2.0,30000000.0
4,Perguruan Tinggi Premium & Prestisius,SEKOLAH TINGGI ILMU KESEHATAN PAMENTAS,401,SWASTA,-,D.K.I. JAKARTA,BAIK,banpt-698,,401,-1.0,-1.0,7500000.0,7500000.0,7500000.0,15000000.0,15000000.0,15000000.0
4,Perguruan Tinggi Premium & Prestisius,SEKOLAH TINGGI BAHASA ASING JIA,402,SWASTA,https://campus.quipper.com/directory/sekolah-tinggi-bahasa-asing-jia,JAWA BARAT,BAIK,banpt-2090,,402,700.0,30.0,7500000.0,7500000.0,11775000.0,15000000.0,15000000.0,23550000.0
4,Perguruan Tinggi Premium & Prestisius,INSTITUT KESEHATAN INDONESIA,403,SWASTA,https://campus.quipper.com/directory/institut-kesehatan-indonesia,DKI JAKARTA,BAIK,banpt-3093,,403,230.0,42.0,7500000.0,7500000.0,7500000.0,15000000.0,15000000.0,15000000.0
4,Perguruan Tinggi Premium & Prestisius,SEKOLAH TINGGI ILMU KESEHATAN CIANJUR,404,SWASTA,-,JAWA BARAT,BAIK,banpt-1354,,404,-1.0,-1.0,7500000.0,7500000.0,7500000.0,15000000.0,15000000.0,15000000.0
4,Perguruan Tinggi Premium & Prestisius,SEKOLAH TINGGI ILMU KEPERAWATAN PPNI JAWA BARAT,405,SWASTA,-,JAWA BARAT,TERAKREDITASI,banpt-151,,405,-1.0,-1.0,7500000.0,7000000.0,8000000.0,15000000.0,14000000.0,16000000.0
4,Perguruan Tinggi Premium & Prestisius,UNIVERSITAS ALIFAH PADANG,406,SWASTA,-,SUMATERA BARAT,BAIK SEKALI,banpt-170,,406,-1.0,-1.0,7500000.0,1000000.0,14000000.0,15000000.0,2000000.0,28000000.0
4,Perguruan Tinggi Premium & Prestisius,SEKOLAH TINGGI HUKUM BANDUNG,407,SWASTA,https://rencanamu.id/cari-kampus/sekolah-tinggi-hukum-bandung,JAWA BARAT,A,banpt-3968,,407,1611.0,39.0,7500000.0,7500000.0,50000000.0,15000000.0,15000000.0,50000000.0
4,Perguruan Tinggi Premium & Prestisius,SEKOLAH TINGGI ILMU KESEHATAN KESDAM IV / DIPONEGORO,408,SWASTA,-,JAWA TENGAH,BAIK,banpt-1758,,408,-1.0,-1.0,7500000.0,7500000.0,7500000.0,15000000.0,15000000.0,15000000.0
4,Perguruan Tinggi Premium & Prestisius,SEKOLAH TINGGI MANAJEMEN RISIKO DAN ASURANSI,409,SWASTA,https://rencanamu.id/cari-kampus/sekolah-tinggi-manajemen-risiko-dan-asuransi,D.K.I. JAKARTA,C,banpt-2411,,409,273.0,273.0,7500000.0,5500000.0,9500000.0,15000000.0,11000000.0,19000000.0
4,Perguruan Tinggi Premium & Prestisius,UNIVERSITAS PEMBANGUNAN PANCA BUDI,410,SWASTA,https://campus.quipper.com/directory/universitas-pembangunan-panca-budi,SUMATERA UTARA,B,banpt-1214,256,410,14508.0,288.0,7500000.0,7500000.0,18500000.0,15000000.0,15000000.0,18500000.0
4,Perguruan Tinggi Premium & Prestisius,UNIVERSITAS ISLAM SYEKH YUSUF,411,SWASTA,https://rencanamu.id/cari-kampus/universitas-islam-syekh-yusuf,BANTEN,B,-,,411,4229.0,4229.0,7500000.0,7500000.0,60000000.0,15000000.0,15000000.0,60000000.0
4,Perguruan Tinggi Premium & Prestisius,UNIVERSITAS PEMBANGUNAN JAYA,412,SWASTA,-,BANTEN,BAIK SEKALI,banpt-1691,217,412,-1.0,-1.0,7480000.0,1000000.0,13960000.0,14960000.0,2000000.0,27920000.0
4,Perguruan Tinggi Premium & Prestisius,SEKOLAH TINGGI ILMU KESEHATAN HARAPAN IBU JAMBI,413,SWASTA,-,JAMBI,BAIK SEKALI,banpt-2495,,413,-1.0,-1.0,7475000.0,2950000.0,12000000.0,14950000.0,5900000.0,24000000.0
4,Perguruan Tinggi Premium & Prestisius,UNIVERSITAS DARWAN ALI,414,SWASTA,-,KALIMANTAN TENGAH,BAIK,banpt-3749,523,414,-1.0,-1.0,7447500.0,675000.0,14220000.0,14895000.0,1350000.0,28440000.0
4,Perguruan Tinggi Premium & Prestisius,STIKES RAFLESIA,415,SWASTA,-,JAWA BARAT,BAIK,banpt-944,,415,-1.0,-1.0,13935000.0,13000000.0,14870000.0,27870000.0,26000000.0,29740000.0
4,Perguruan Tinggi Premium & Prestisius,UNIVERSITAS KATOLIK DARMA CENDIKA,416,SWASTA,https://campus.quipper.com/directory/universitas-katolik-darma-cendika,JAWA TIMUR,B,banpt-492,400,416,912.0,63.0,7387500.0,4800000.0,14175000.0,14775000.0,9600000.0,28350000.0
4,Perguruan Tinggi Premium & Prestisius,SEKOLAH TINGGI ILMU EKONOMI JAMBATAN BULAN,417,SWASTA,-,PAPUA,BAIK,banpt-972,,417,-1.0,-1.0,7315000.0,2350000.0,12280000.0,14630000.0,4700000.0,24560000.0
4,Perguruan Tinggi Premium & Prestisius,INSTITUT TEKNOLOGI ADHI TAMA SURABAYA,418,SWASTA,https://campus.quipper.com/directory/institut-teknologi-adhi-tama-surabaya,JAWA TIMUR,BAIK SEKALI,banpt-4020,,418,7493.0,165.0,7300000.0,7300000.0,7600000.0,14600000.0,14600000.0,14600000.0
4,Perguruan Tinggi Premium & Prestisius,SEKOLAH TINGGI ILMU EKONOMI PARIWISATA INDONESIA,419,SWASTA,-,JAWA TENGAH,B,banpt-2749,,419,-1.0,-1.0,7250000.0,250000.0,14250000.0,14500000.0,500000.0,28500000.0
4,Perguruan Tinggi Premium & Prestisius,UNIVERSITAS IMELDA MEDAN,420,SWASTA,-,SUMATERA UTARA,BAIK SEKALI,banpt-865,,420,-1.0,-1.0,7250000.0,2000000.0,12500000.0,14500000.0,4000000.0,25000000.0
4,Perguruan Tinggi Premium & Prestisius,STIKES PANAKKUKANG,421,SWASTA,-,SULAWESI SELATAN,BAIK,banpt-3294,,421,-1.0,-1.0,7250000.0,2000000.0,12500000.0,14500000.0,4000000.0,25000000.0
4,Perguruan Tinggi Premium & Prestisius,INSTITUT BISNIS NUSANTARA,422,SWASTA,https://campus.quipper.com/directory/institut-bisnis-nusantara,D.K.I. JAKARTA,BAIK,banpt-1918,,422,2084.0,87.0,7236250.0,6990000.0,39240000.0,14472500.0,13980000.0,39240000.0
4,Perguruan Tinggi Premium & Prestisius,UNIVERSITAS PGRI ADI BUANA,423,SWASTA,https://campus.quipper.com/directory/universitas-pgri-adi-buana-unipa-surabaya,JAWA TIMUR,BAIK SEKALI,banpt-746,219,423,8175.0,363.0,7225000.0,6350000.0,8100000.0,14450000.0,12700000.0,16200000.0
4,Perguruan Tinggi Premium & Prestisius,SEKOLAH TINGGI PARIWISATA AMBARRUKMO YOGYAKARTA,424,SWASTA,https://rencanamu.id/cari-kampus/sekolah-tinggi-pariwisata-ambarrukmo-yogyakarta,D.I. YOGYAKARTA,B,banpt-55,,424,2736.0,2736.0,7225000.0,1500000.0,14250000.0,14450000.0,3000000.0,28500000.0
4,Perguruan Tinggi Premium & Prestisius,UNIVERSITAS SARJANAWIYATA TAMANSISWA,425,SWASTA,https://campus.quipper.com/directory/universitas-sarjanawiyata-tamansiswa,D.I. YOGYAKARTA,B,banpt-1224,121,425,11009.0,320.0,7215001.0,6000000.0,14430002.0,14430003.0,12000000.0,28860004.0
4,Perguruan Tinggi Premium & Prestisius,SEKOLAH TINGGI ILMU KESEHATAN SAMBAS,426,SWASTA,-,KALIMANTAN BARAT,BAIK,banpt-2429,,426,-1.0,-1.0,7200000.0,3500000.0,10900000.0,14400000.0,7000000.0,21800000.0
4,Perguruan Tinggi Premium & Prestisius,SEKOLAH TINGGI ILMU KESEHATAN NANI HASANUDDIN,427,SWASTA,-,SULAWESI SELATAN,B,banpt-224,,427,-1.0,-1.0,7187500.0,1875000.0,12500000.0,14375000.0,3750000.0,25000000.0
4,Perguruan Tinggi Premium & Prestisius,UNIVERSITAS PGRI MAHADEWA INDONESIA,428,SWASTA,-,BALI,B,banpt-3772,,428,-1.0,-1.0,7175000.0,850000.0,13500000.0,14350000.0,1700000.0,27000000.0
4,Perguruan Tinggi Premium & Prestisius,SEKOLAH TINGGI ILMU KESEHATAN MAYAPADA,429,SWASTA,-,D.K.I. JAKARTA,BAIK,banpt-1210,,429,-1.0,-1.0,7150000.0,3750000.0,10550000.0,14300000.0,7500000.0,21100000.0
4,Perguruan Tinggi Premium & Prestisius,SEKOLAH TINGGI MEDIA KOMUNIKASI TRISAKTI,430,SWASTA,-,D.K.I. JAKARTA,BAIK,banpt-2961,,430,-1.0,-1.0,7150000.0,600000.0,13700000.0,14300000.0,1200000.0,27400000.0
4,Perguruan Tinggi Premium & Prestisius,STIKES KUSUMA BANGSA,431,SWASTA,-,NUSA TENGGARA BARAT,BAIK,banpt-2086,,431,-1.0,-1.0,7150000.0,5825000.0,8475000.0,14300000.0,11650000.0,16950000.0
4,Perguruan Tinggi Premium & Prestisius,UNIVERSITAS TRIBHUWANA TUNGGA DEWI,432,SWASTA,https://rencanamu.id/cari-kampus/universitas-tribhuwana-tungga-dewi,JAWA TIMUR,C,banpt-2162,223,432,6903.0,6903.0,7125000.0,2500000.0,11750000.0,14250000.0,5000000.0,23500000.0
4,Perguruan Tinggi Premium & Prestisius,IKIP PGRI BOJONEGORO,433,SWASTA,-,JAWA TIMUR,BAIK,banpt-4013,,433,-1.0,-1.0,7090000.0,4200000.0,9980000.0,14180000.0,8400000.0,19960000.0
4,Perguruan Tinggi Premium & Prestisius,SEKOLAH TINGGI PERPAJAKAN INDONESIA,434,SWASTA,https://campus.quipper.com/directory/sekolah-tinggi-perpajakan-indonesia,D.K.I. JAKARTA,B,banpt-2256,,434,864.0,25.0,7075000.0,3000000.0,11350000.0,14150000.0,6000000.0,22700000.0
4,Perguruan Tinggi Premium & Prestisius,UNIVERSITAS NAROTAMA,435,SWASTA,https://campus.quipper.com/directory/universitas-narotama,JAWA TIMUR,B,banpt-3318,140,435,3337.0,107.0,7050000.0,3500000.0,12000000.0,14100000.0,7000000.0,24000000.0
4,Perguruan Tinggi Premium & Prestisius,UNIVERSITAS ADVENT SURYA NUSANTARA,436,SWASTA,-,SUMATERA UTARA,BAIK,banpt-297,,436,-1.0,-1.0,7050000.0,6800000.0,7300000.0,14100000.0,13600000.0,14600000.0
4,Perguruan Tinggi Premium & Prestisius,STIKES DARUL AZHAR BATULICIN,437,SWASTA,-,KALIMANTAN SELATAN,BAIK,banpt-3217,,437,-1.0,-1.0,7000000.0,1200000.0,12800000.0,14000000.0,2400000.0,25600000.0
4,Perguruan Tinggi Premium & Prestisius,INSTITUT MODERN ARSITEKTUR DAN TEKNOLOGI,438,SWASTA,-,SUMATERA UTARA,BAIK,banpt-1569,,438,-1.0,-1.0,7000000.0,5000000.0,9000000.0,14000000.0,10000000.0,18000000.0
4,Perguruan Tinggi Premium & Prestisius,STIKES FAATHIR HUSADA,439,SWASTA,-,BANTEN,BAIK,banpt-1380,,439,-1.0,-1.0,7000000.0,4000000.0,10000000.0,14000000.0,8000000.0,20000000.0
4,Perguruan Tinggi Premium & Prestisius,UNIVERSITAS INTERNASIONAL SEMEN INDONESIA,440,SWASTA,https://campus.quipper.com/directory/universitas-internasional-semen-indonesia,JAWA TIMUR,BAIK SEKALI,banpt-34,359,440,2197.0,97.0,7000000.0,6500000.0,50000000.0,14000000.0,13000000.0,50000000.0
4,Perguruan Tinggi Premium & Prestisius,SEKOLAH TINGGI ILMU KESEHATAN KELUARGA BUNDA JAMBI,441,SWASTA,-,JAMBI,BAIK,banpt-1721,,441,-1.0,-1.0,7000000.0,5000000.0,9000000.0,14000000.0,10000000.0,18000000.0
4,Perguruan Tinggi Premium & Prestisius,INSTITUT TEKNOLOGI DAN BISNIS AHMAD DAHLAN,442,SWASTA,-,D.K.I. JAKARTA,B,banpt-3560,,442,-1.0,-1.0,7000000.0,250000.0,13750000.0,14000000.0,500000.0,27500000.0
4,Perguruan Tinggi Premium & Prestisius,SEKOLAH TINGGI ILMU EKONOMI YKPN,443,SWASTA,https://campus.quipper.com/directory/sekolah-tinggi-ilmu-ekonomi-ykpn,D.I. YOGYAKARTA,UNGGUL,banpt-1451,,443,2725.0,76.0,7000000.0,7000000.0,17600000.0,14000000.0,14000000.0,19000000.0
4,Perguruan Tinggi Premium & Prestisius,SEKOLAH TINGGI ILMU KESEHATAN SAMARINDA,444,SWASTA,-,KALIMANTAN TIMUR,BAIK,banpt-2026,,444,-1.0,-1.0,7000000.0,6500000.0,7500000.0,14000000.0,13000000.0,15000000.0
4,Perguruan Tinggi Premium & Prestisius,SEKOLAH TINGGI PARIWISATA SAHID SURAKARTA,445,SWASTA,-,JAWA TENGAH,B,banpt-2642,,445,-1.0,-1.0,7000000.0,5000000.0,9000000.0,14000000.0,10000000.0,18000000.0
4,Perguruan Tinggi Premium & Prestisius,INSTITUT TEKNOLOGI INDONESIA,446,SWASTA,https://campus.quipper.com/directory/institut-teknologi-indonesia,BANTEN,BAIK SEKALI,banpt-2433,,446,3590.0,99.0,7000000.0,7000000.0,39800000.0,14000000.0,14000000.0,39800000.0
4,Perguruan Tinggi Premium & Prestisius,INSTITUT TEKNOLOGI DAN BISNIS BINA SARANA GLOBAL,447,SWASTA,-,BANTEN,B,banpt-2488,,447,-1.0,-1.0,7000000.0,7000000.0,7000000.0,14000000.0,14000000.0,14000000.0
4,Perguruan Tinggi Premium & Prestisius,INSTITUT TEKNOLOGI PADANG,448,SWASTA,https://campus.quipper.com/directory/institut-teknologi-padang,SUMATERA BARAT,B,banpt-3334,,448,2919.0,83.0,7000000.0,7000000.0,8700000.0,14000000.0,14000000.0,17400000.0
4,Perguruan Tinggi Premium & Prestisius,SEKOLAH TINGGI ILMU KESEHATAN SAPTA BAKTI,449,SWASTA,-,BENGKULU,BAIK,banpt-122,,449,-1.0,-1.0,7000000.0,7000000.0,7000000.0,14000000.0,14000000.0,14000000.0
4,Perguruan Tinggi Premium & Prestisius,UNIVERSITAS KARYA HUSADA SEMARANG,450,SWASTA,-,JAWA TENGAH,BAIK,banpt-2044,,450,-1.0,-1.0,7000000.0,3000000.0,11000000.0,14000000.0,6000000.0,22000000.0
4,Perguruan Tinggi Premium & Prestisius,SEKOLAH TINGGI ILMU KESEHATAN NASIONAL,451,SWASTA,-,JAWA TENGAH,BAIK,banpt-3874,,451,-1.0,-1.0,6985000.0,1800000.0,12170000.0,13970000.0,3600000.0,24340000.0
4,Perguruan Tinggi Premium & Prestisius,INSTITUT TEKNOLOGI DAN BISNIS STIKOM BALI,452,SWASTA,-,BALI,B,banpt-2275,,452,-1.0,-1.0,6950000.0,4900000.0,9000000.0,13900000.0,9800000.0,18000000.0
4,Perguruan Tinggi Premium & Prestisius,STKIP TAMAN SISWA BIMA,453,SWASTA,-,NUSA TENGGARA BARAT,BAIK,banpt-3114,,453,-1.0,-1.0,6950000.0,500000.0,13400000.0,13900000.0,1000000.0,26800000.0
4,Perguruan Tinggi Premium & Prestisius,SEKOLAH TINGGI ILMU KESEHATAN ISFI BANJARMASIN,454,SWASTA,-,KALIMANTAN SELATAN,BAIK,banpt-1874,,454,-1.0,-1.0,6925000.0,4000000.0,9850000.0,13850000.0,8000000.0,19700000.0
4,Perguruan Tinggi Premium & Prestisius,UNIVERSITAS TEKNOLOGI MUHAMMADIYAH JAKARTA,455,SWASTA,-,D.K.I. JAKARTA,BAIK SEKALI,banpt-2248,,455,-1.0,-1.0,6902500.0,4905000.0,8900000.0,13805000.0,9810000.0,17800000.0
4,Perguruan Tinggi Premium & Prestisius,INSTITUT KEGURUAN DAN ILMU PENDIDIKAN SILIWANGI,456,SWASTA,-,JAWA BARAT,BAIK SEKALI,banpt-387,,456,-1.0,-1.0,6900000.0,800000.0,13000000.0,13800000.0,1600000.0,26000000.0
4,Perguruan Tinggi Premium & Prestisius,UNIVERSITAS WISNUWARDHANA,457,SWASTA,https://campus.quipper.com/directory/universitas-wisnuwardhana,JAWA TIMUR,B,banpt-2965,280,457,4661.0,164.0,6900000.0,3450000.0,13500000.0,13800000.0,6900000.0,27000000.0
4,Perguruan Tinggi Premium & Prestisius,UNIVERSITAS KEPANJEN,458,SWASTA,-,JAWA TIMUR,B,banpt-261,,458,-1.0,-1.0,6900000.0,6000000.0,7800000.0,13800000.0,12000000.0,15600000.0
4,Perguruan Tinggi Premium & Prestisius,SEKOLAH TINGGI ILMU EKONOMI DAHANI DAHANAI BUNTOK,459,SWASTA,-,KALIMANTAN TENGAH,BAIK,banpt-422,,459,-1.0,-1.0,6875000.0,1250000.0,12500000.0,13750000.0,2500000.0,25000000.0
4,Perguruan Tinggi Premium & Prestisius,SEKOLAH TINGGI ILMU KESEHATAN INDONESIA,460,SWASTA,-,SUMATERA BARAT,BAIK,banpt-3360,,460,-1.0,-1.0,6850000.0,1200000.0,12500000.0,13700000.0,2400000.0,25000000.0
4,Perguruan Tinggi Premium & Prestisius,INSTITUT SHANTI BHUANA,461,SWASTA,-,KALIMANTAN BARAT,BAIK SEKALI,banpt-2286,,461,-1.0,-1.0,6812500.0,625000.0,13000000.0,13625000.0,1250000.0,26000000.0
4,Perguruan Tinggi Premium & Prestisius,INSTITUT DIGITAL EKONOMI LPKIA,462,SWASTA,-,JAWA BARAT,BAIK,banpt-1130,,462,-1.0,-1.0,6800000.0,6500000.0,7100000.0,13600000.0,13000000.0,14200000.0
4,Perguruan Tinggi Premium & Prestisius,UNIVERSITAS KRISTEN IMMANUEL,463,SWASTA,-,D.I. YOGYAKARTA,B,banpt-2416,374,463,-1.0,-1.0,6787961.0,1500000.0,12075923.0,13575923.0,3000000.0,24151846.0
4,Perguruan Tinggi Premium & Prestisius,SEKOLAH TINGGI ILMU KESEHATAN SUKABUMI,464,SWASTA,-,JAWA BARAT,B,banpt-2477,,464,-1.0,-1.0,6780000.0,150000.0,13410000.0,13560000.0,300000.0,26820000.0
4,Perguruan Tinggi Premium & Prestisius,SEKOLAH TINGGI ILMU KESEHATAN WIDYA DHARMA HUSADA TANGERANG,465,SWASTA,-,BANTEN,BAIK SEKALI,banpt-1566,,465,-1.0,-1.0,6750000.0,6000000.0,7500000.0,13500000.0,12000000.0,15000000.0
4,Perguruan Tinggi Premium & Prestisius,SEKOLAH TINGGI ILMU KESEHATAN MUTIARA MAHAKAM SAMARINDA,466,SWASTA,-,KALIMANTAN TIMUR,BAIK,banpt-2046,,466,-1.0,-1.0,6750000.0,4250000.0,9250000.0,13500000.0,8500000.0,18500000.0
4,Perguruan Tinggi Premium & Prestisius,SEKOLAH TINGGI ILMU KESEHATAN MATARAM,467,SWASTA,-,NUSA TENGGARA BARAT,BAIK SEKALI,banpt-3671,,467,-1.0,-1.0,6750000.0,4000000.0,9500000.0,13500000.0,8000000.0,19000000.0
4,Perguruan Tinggi Premium & Prestisius,UNIVERSITAS SEHATI INDONESIA,468,SWASTA,-,JAWA BARAT,BAIK,banpt-1036,,468,-1.0,-1.0,6750000.0,4750000.0,8750000.0,13500000.0,9500000.0,17500000.0
4,Perguruan Tinggi Premium & Prestisius,UNIVERSITAS GORONTALO,469,SWASTA,-,GORONTALO,B,banpt-468,431,469,-1.0,-1.0,6750000.0,250000.0,13250000.0,13500000.0,500000.0,26500000.0
4,Perguruan Tinggi Premium & Prestisius,UNIVERSITAS DHYANA PURA,470,SWASTA,https://rencanamu.id/cari-kampus/universitas-dhyana-pura,BALI,B,banpt-2541,385,470,-1.0,-1.0,6750000.0,6750000.0,6750000.0,13500000.0,13500000.0,13500000.0
4,Perguruan Tinggi Premium & Prestisius,UNIVERSITAS KRISTEN INDONESIA PAULUS,471,SWASTA,https://rencanamu.id/cari-kampus/universitas-kristen-indonesia-paulus,SULAWESI SELATAN,B,banpt-3561,448,471,4801.0,4801.0,6700000.0,4350000.0,34800000.0,13400000.0,8700000.0,34800000.0
4,Perguruan Tinggi Premium & Prestisius,UNIVERSITAS KRISTEN PALANGKA RAYA,472,SWASTA,-,KALIMANTAN TENGAH,BAIK,banpt-3036,580,472,-1.0,-1.0,6675000.0,1.0,13350000.0,13350001.0,2.0,26700000.0
4,Perguruan Tinggi Premium & Prestisius,UNIVERSITAS MAHASARASWATI DENPASAR,473,SWASTA,https://campus.quipper.com/directory/universitas-mahasaraswati-denpasar,BALI,UNGGUL,banpt-1642,222,473,9118.0,312.0,6672400.0,4300000.0,12789800.0,13344800.0,8600000.0,25579600.0
4,Perguruan Tinggi Premium & Prestisius,INSTITUT KESEHATAN DAN BISNIS ANNISA,474,SWASTA,-,JAWA BARAT,BAIK,banpt-1618,,474,-1.0,-1.0,6627500.0,3500000.0,9755000.0,13255000.0,7000000.0,19510000.0
4,Perguruan Tinggi Premium & Prestisius,UNIVERSITAS DIPA MAKASSAR,475,SWASTA,-,SULAWESI SELATAN,B,banpt-2875,,475,-1.0,-1.0,6625000.0,1250000.0,12000000.0,13250000.0,2500000.0,24000000.0
4,Perguruan Tinggi Premium & Prestisius,STIKES ADI HUSADA,476,SWASTA,https://campus.quipper.com/directory/stikes-adi-husada,JAWA TIMUR,BAIK SEKALI,banpt-1303,,476,148.0,20.0,6600000.0,6600000.0,6600000.0,13200000.0,13200000.0,13200000.0
4,Perguruan Tinggi Premium & Prestisius,SEKOLAH TINGGI ILMU EKONOMI MAKASSAR BONGAYA,477,SWASTA,-,SULAWESI SELATAN,BAIK SEKALI,banpt-2386,,477,-1.0,-1.0,6550000.0,100000.0,13000000.0,13100000.0,200000.0,26000000.0
4,Perguruan Tinggi Premium & Prestisius,SEKOLAH TINGGI ILMU EKONOMI PORT NUMBAY JAYAPURA,478,SWASTA,-,PAPUA,BAIK,banpt-1339,,478,-1.0,-1.0,6515000.0,2330000.0,10700000.0,13030000.0,4660000.0,21400000.0
4,Perguruan Tinggi Premium & Prestisius,SEKOLAH TINGGI ILMU EKONOMI SEMARANG,479,SWASTA,-,JAWA TENGAH,BAIK SEKALI,banpt-1292,,479,-1.0,-1.0,7525000.0,2050000.0,13000000.0,15050000.0,4100000.0,26000000.0
4,Perguruan Tinggi Premium & Prestisius,SEKOLAH TINGGI ILMU KESEHATAN PGI CIKINI,480,SWASTA,-,D.K.I. JAKARTA,BAIK,banpt-783,,480,-1.0,-1.0,6500000.0,4000000.0,9000000.0,13000000.0,8000000.0,18000000.0
4,Perguruan Tinggi Premium & Prestisius,INSTITUT TEKNOLOGI DAN SAINS BANDUNG,481,SWASTA,https://campus.quipper.com/directory/institut-teknologi-dan-sains-bandung,JAWA BARAT,C,-,,481,636.0,91.0,6500000.0,6500000.0,26000000.0,13000000.0,13000000.0,26000000.0
4,Perguruan Tinggi Premium & Prestisius,STIKES DIRGAHAYU SAMARINDA,482,SWASTA,-,KALIMANTAN TIMUR,BAIK SEKALI,banpt-3849,,482,-1.0,-1.0,6500000.0,6500000.0,6500000.0,13000000.0,13000000.0,13000000.0
4,Perguruan Tinggi Premium & Prestisius,STIKES DHARMA LANDBOUW,483,SWASTA,-,SUMATERA BARAT,B,banpt-2425,,483,-1.0,-1.0,6500000.0,3250000.0,9750000.0,13000000.0,6500000.0,19500000.0
4,Perguruan Tinggi Premium & Prestisius,UNIVERSITAS ISLAM JAKARTA,484,SWASTA,https://campus.quipper.com/directory/universitas-islam-jakarta,D.K.I. JAKARTA,B,banpt-1102,509,484,2033.0,93.0,6475000.0,5950000.0,30000000.0,12950000.0,11900000.0,30000000.0
4,Perguruan Tinggi Premium & Prestisius,INSTITUT PAHLAWAN 12,485,SWASTA,-,BANGKA BELITUNG,BAIK,banpt-1161,,485,-1.0,-1.0,6450000.0,2400000.0,10500000.0,12900000.0,4800000.0,21000000.0
4,Perguruan Tinggi Premium & Prestisius,UNIVERSITAS HAFSHAWATY ZAINUL HASAN,486,SWASTA,-,JAWA TIMUR,BAIK,banpt-69,,486,-1.0,-1.0,6450000.0,2900000.0,10000000.0,12900000.0,5800000.0,20000000.0
4,Perguruan Tinggi Premium & Prestisius,SEKOLAH TINGGI ILMU KESEHATAN ABDI PERSADA BANJARMASIN,487,SWASTA,-,KALIMANTAN SELATAN,BAIK,banpt-1265,,487,-1.0,-1.0,6450000.0,2400000.0,10500000.0,12900000.0,4800000.0,21000000.0
4,Perguruan Tinggi Premium & Prestisius,STIKES KARYA HUSADA KEDIRI,488,SWASTA,https://campus.quipper.com/directory/stikes-karya-husada-kediri,JAWA TIMUR,B,banpt-681,,488,1285.0,60.0,6402500.0,5000000.0,7805000.0,12805000.0,10000000.0,15610000.0
4,Perguruan Tinggi Premium & Prestisius,STMIK KUWERA,489,SWASTA,-,D.K.I. JAKARTA,BAIK,banpt-931,,489,-1.0,-1.0,6387500.0,275000.0,12500000.0,12775000.0,550000.0,25000000.0
4,Perguruan Tinggi Premium & Prestisius,UNIVERSITAS AN NASHER,490,SWASTA,-,JAWA BARAT,BAIK,banpt-276,,490,-1.0,-1.0,6375000.0,5530000.0,7220000.0,12750000.0,11060000.0,14440000.0
4,Perguruan Tinggi Premium & Prestisius,UNIVERSITAS TRILOGI,491,SWASTA,https://campus.quipper.com/directory/universitas-trilogi,D.K.I. JAKARTA,B,banpt-2155,258,491,3011.0,92.0,6375000.0,4000000.0,23250000.0,12750000.0,8000000.0,24000000.0
4,Perguruan Tinggi Premium & Prestisius,INSTITUT DESAIN DAN BISNIS BALI,492,SWASTA,-,BALI,BAIK,banpt-2310,,492,-1.0,-1.0,6375000.0,2750000.0,10000000.0,12750000.0,5500000.0,20000000.0
4,Perguruan Tinggi Premium & Prestisius,SEKOLAH TINGGI ILMU KESEHATAN PANTI KOSALA,493,SWASTA,-,JAWA TENGAH,BAIK SEKALI,banpt-3248,,493,-1.0,-1.0,6350000.0,6000000.0,6700000.0,12700000.0,12000000.0,13400000.0
4,Perguruan Tinggi Premium & Prestisius,AKTEK RADIODIAGNOSTIK DAN RADIOTERAPI BALI,494,SWASTA,-,BALI,BAIK,banpt-1997,,494,-1.0,-1.0,6350000.0,5000000.0,7700000.0,12700000.0,10000000.0,15400000.0
4,Perguruan Tinggi Premium & Prestisius,SEKOLAH TINGGI TEKNOLOGI DUTA BANGSA,495,SWASTA,-,JAWA BARAT,BAIK,banpt-541,,495,-1.0,-1.0,6322500.0,150000.0,12495000.0,12645000.0,300000.0,24990000.0
4,Perguruan Tinggi Premium & Prestisius,INSTITUT BISNIS DAN MULTIMEDIA ASMI JAKARTA,496,SWASTA,-,D.K.I. JAKARTA,BAIK,banpt-3814,,496,-1.0,-1.0,6315000.0,300000.0,12330000.0,12630000.0,600000.0,24660000.0
4,Perguruan Tinggi Premium & Prestisius,UNIVERSITAS MERCUBAKTIJAYA,497,SWASTA,-,SUMATERA BARAT,B,banpt-1157,,497,-1.0,-1.0,6311250.0,875000.0,11747500.0,12622500.0,1750000.0,23495000.0
4,Perguruan Tinggi Premium & Prestisius,STIE UNISADHUGUNA,498,SWASTA,-,D.K.I. JAKARTA,BAIK,banpt-3978,,498,-1.0,-1.0,6300000.0,4800000.0,7800000.0,12600000.0,9600000.0,15600000.0
4,Perguruan Tinggi Premium & Prestisius,UNIVERSITAS IBNU CHALDUN,499,SWASTA,-,D.K.I. JAKARTA,BAIK,banpt-2241,484,499,-1.0,-1.0,6300000.0,100000.0,12500000.0,12600000.0,200000.0,25000000.0
4,Perguruan Tinggi Premium & Prestisius,INSTITUT TEKNOLOGI YOGYAKARTA,500,SWASTA,https://campus.quipper.com/directory/institut-teknologi-yogyakarta,D.I. YOGYAKARTA,BAIK,banpt-3939,,500,1339.0,60.0,6300000.0,4500000.0,12500000.0,12600000.0,9000000.0,25000000.0
4,Perguruan Tinggi Premium & Prestisius,STIKES IBNU SINA AJIBARANG,501,SWASTA,-,JAWA TENGAH,BAIK,banpt-2767,,501,-1.0,-1.0,6300000.0,2900000.0,9700000.0,12600000.0,5800000.0,19400000.0
4,Perguruan Tinggi Premium & Prestisius,SEKOLAH TINGGI ILMU FARMASI BHAKTI PERTIWI,502,SWASTA,-,SUMATERA SELATAN,BAIK SEKALI,banpt-1657,,502,-1.0,-1.0,6275000.0,5000000.0,7550000.0,12550000.0,10000000.0,15100000.0
4,Perguruan Tinggi Premium & Prestisius,UNIVERSITAS DARUL ULUM ISLAMIC CENTRE SUDIRMAN,503,SWASTA,https://campus.quipper.com/directory/universitas-darul-ulum-islamic-centre-sudirman,JAWA TENGAH,BAIK SEKALI,banpt-756,477,503,1290.0,60.0,6275000.0,500000.0,12500000.0,12550000.0,1000000.0,25000000.0
4,Perguruan Tinggi Premium & Prestisius,UNIVERSITAS PESANTREN TINGGI DARUL  ULUM,504,SWASTA,-,JAWA TIMUR,BAIK SEKALI,banpt-2510,,504,-1.0,-1.0,6262500.0,2525000.0,10000000.0,12525000.0,5050000.0,20000000.0
4,Perguruan Tinggi Premium & Prestisius,UNIVERSITAS 17 AGUSTUS 1945 SAMARINDA,505,SWASTA,https://rencanamu.id/cari-kampus/universitas-17-agustus-1945-samarinda,KALIMANTAN TIMUR,BAIK SEKALI,banpt-1227,176,505,6295.0,6295.0,6250935.0,3697500.0,29580000.0,12501870.0,7395000.0,29580000.0
4,Perguruan Tinggi Premium & Prestisius,INSTITUT SAINS TEKNOLOGI DAN KESEHATAN 'AISYIYAH KENDARI,506,SWASTA,-,SULAWESI TENGGARA,BAIK,banpt-994,,506,-1.0,-1.0,6250000.0,2500000.0,10000000.0,12500000.0,5000000.0,20000000.0
4,Perguruan Tinggi Premium & Prestisius,STIKES BANYUWANGI,507,SWASTA,-,JAWA TIMUR,BAIK,banpt-697,,507,-1.0,-1.0,6250000.0,3500000.0,9000000.0,12500000.0,7000000.0,18000000.0
4,Perguruan Tinggi Premium & Prestisius,UNIVERSITAS LIA,508,SWASTA,-,D.K.I. JAKARTA,BAIK,banpt-1548,,508,-1.0,-1.0,6200000.0,2550000.0,9850000.0,12400000.0,5100000.0,19700000.0
4,Perguruan Tinggi Premium & Prestisius,UNIVERSITAS NOOR HUDA MUSTOFA,509,SWASTA,-,JAWA TIMUR,B,banpt-40,,509,-1.0,-1.0,6200000.0,4900000.0,7500000.0,12400000.0,9800000.0,15000000.0
4,Perguruan Tinggi Premium & Prestisius,UNIVERSITAS RAHARJA,510,SWASTA,https://campus.quipper.com/directory/universitas-raharja,BANTEN,TERAKREDITASI,banpt-45,,510,2499.0,484.0,6187935.0,6050000.0,12375000.0,12375870.0,12100000.0,24750000.0
4,Perguruan Tinggi Premium & Prestisius,SEKOLAH TINGGI ILMU KESEHATAN PEMKAB PURWOREJO,511,SWASTA,-,JAWA TENGAH,BAIK SEKALI,banpt-2132,,511,-1.0,-1.0,6175000.0,2400000.0,9950000.0,12350000.0,4800000.0,19900000.0
4,Perguruan Tinggi Premium & Prestisius,SEKOLAH TINGGI TEKNOLOGI CIREBON,512,SWASTA,-,JAWA BARAT,BAIK,banpt-3880,,512,-1.0,-1.0,6175000.0,3600000.0,8750000.0,12350000.0,7200000.0,17500000.0
4,Perguruan Tinggi Premium & Prestisius,UNIVERSITAS WIDYA HUSADA SEMARANG,513,SWASTA,-,JAWA TENGAH,B,banpt-976,,513,-1.0,-1.0,6150000.0,1000000.0,11300000.0,12300000.0,2000000.0,22600000.0
4,Perguruan Tinggi Premium & Prestisius,INSTITUT ADMINISTRASI DAN KESEHATAN SETIH SETIO MUARA BUNGO,514,SWASTA,-,JAMBI,B,banpt-2479,,514,-1.0,-1.0,6142500.0,1825000.0,10460000.0,12285000.0,3650000.0,20920000.0
4,Perguruan Tinggi Premium & Prestisius,UNIVERSITAS INSAN PEMBANGUNAN INDONESIA,515,SWASTA,-,BANTEN,BAIK,banpt-1461,,515,-1.0,-1.0,6127500.0,4680000.0,7575000.0,12255000.0,9360000.0,15150000.0
4,Perguruan Tinggi Premium & Prestisius,UNIVERSITAS AN NUUR,516,SWASTA,-,JAWA TENGAH,BAIK,banpt-3048,,516,-1.0,-1.0,6125000.0,3500000.0,8750000.0,12250000.0,7000000.0,17500000.0
4,Perguruan Tinggi Premium & Prestisius,INSTITUT TEKNOLOGI DAN BISNIS RIYADLUL ULUM,517,SWASTA,-,JAWA BARAT,BAIK,banpt-562,,517,-1.0,-1.0,6116000.0,100000.0,12132000.0,12232000.0,200000.0,24264000.0
4,Perguruan Tinggi Premium & Prestisius,UNIVERSITAS TEKNOLOGI YOGYAKARTA,518,SWASTA,https://rencanamu.id/cari-kampus/universitas-teknologi-yogyakarta,D.I. YOGYAKARTA,B,banpt-2398,232,518,8308.0,8308.0,6100000.0,1350000.0,11000000.0,12200000.0,2700000.0,22000000.0
4,Perguruan Tinggi Premium & Prestisius,INSTITUT KESEHATAN SUMATERA UTARA,519,SWASTA,-,SUMATERA UTARA,BAIK,banpt-2860,,519,-1.0,-1.0,6100000.0,3700000.0,8500000.0,12200000.0,7400000.0,17000000.0
4,Perguruan Tinggi Premium & Prestisius,UNIVERSITAS DARMA PERSADA,520,SWASTA,https://campus.quipper.com/directory/universitas-darma-persada,D.K.I. JAKARTA,B,banpt-489,230,520,6500.0,250.0,6100000.0,3750000.0,22000000.0,12200000.0,7500000.0,24000000.0
4,Perguruan Tinggi Premium & Prestisius,UNIVERSITAS TAMA JAGAKARSA,521,SWASTA,-,D.K.I. JAKARTA,BAIK,banpt-2070,444,521,-1.0,-1.0,6100000.0,4200000.0,8000000.0,12200000.0,8400000.0,16000000.0
4,Perguruan Tinggi Premium & Prestisius,UNIVERSITAS MOHAMMAD NATSIR BUKITTINGGI,522,SWASTA,-,SUMATERA BARAT,BAIK SEKALI,banpt-245,556,522,-1.0,-1.0,6080000.0,1200000.0,10960000.0,12160000.0,2400000.0,21920000.0
4,Perguruan Tinggi Premium & Prestisius,STIKES MUHAMMADIYAH BOJONEGORO,523,SWASTA,-,JAWA TIMUR,BAIK,banpt-1862,,523,-1.0,-1.0,6075000.0,2400000.0,9750000.0,12150000.0,4800000.0,19500000.0
4,Perguruan Tinggi Premium & Prestisius,UNIVERSITAS KUNINGAN,524,SWASTA,https://rencanamu.id/cari-kampus/universitas-kuningan,JAWA BARAT,B,banpt-1990,200,524,-1.0,-1.0,6075000.0,100000.0,12050000.0,12150000.0,200000.0,24100000.0
4,Perguruan Tinggi Premium & Prestisius,UNIVERSITAS PGRI YOGYAKARTA,525,SWASTA,https://rencanamu.id/cari-kampus/universitas-pgri-yogyakarta,D.I. YOGYAKARTA,BAIK SEKALI,banpt-656,207,525,4955.0,4955.0,6050000.0,650000.0,11600000.0,12100000.0,1300000.0,23200000.0
4,Perguruan Tinggi Premium & Prestisius,SEKOLAH TINGGI ILMU EKONOMI YAI,526,SWASTA,-,D.K.I. JAKARTA,BAIK,banpt-4027,,526,-1.0,-1.0,6050000.0,2500000.0,9600000.0,12100000.0,5000000.0,19200000.0
4,Perguruan Tinggi Premium & Prestisius,INSTITUT KARYA MULIA BANGSA,527,SWASTA,-,JAWA TENGAH,BAIK,banpt-1679,,527,-1.0,-1.0,6050000.0,1100000.0,11000000.0,12100000.0,2200000.0,22000000.0
4,Perguruan Tinggi Premium & Prestisius,UNIVERSITAS DUTA BANGSA SURAKARTA,528,SWASTA,-,JAWA TENGAH,UNGGUL,banpt-517,282,528,-1.0,-1.0,6050000.0,2100000.0,10000000.0,12100000.0,4200000.0,20000000.0
4,Perguruan Tinggi Premium & Prestisius,UNIVERSITAS JENDERAL ACHMAD YANI YOGYAKARTA,529,SWASTA,-,D.I. YOGYAKARTA,BAIK SEKALI,banpt-2400,,529,-1.0,-1.0,9500000.0,7000000.0,12000000.0,19000000.0,14000000.0,24000000.0
4,Perguruan Tinggi Premium & Prestisius,UNIVERSITAS AKI,530,SWASTA,-,JAWA TENGAH,BAIK SEKALI,banpt-1915,287,530,-1.0,-1.0,7962500.0,3850000.0,12075000.0,15925000.0,7700000.0,24150000.0
4,Perguruan Tinggi Premium & Prestisius,INSTITUT TEKNOLOGI KESEHATAN DAN SAINS MUHAMMADIYAH SIDRAP,531,SWASTA,-,SULAWESI SELATAN,BAIK SEKALI,banpt-566,,531,-1.0,-1.0,7250000.0,2500000.0,12000000.0,14500000.0,5000000.0,24000000.0
4,Perguruan Tinggi Premium & Prestisius,UNIVERSITAS PGRI KANJURUHAN MALANG,532,SWASTA,https://campus.quipper.com/directory/universitas-pgri-kanjuruhan-malang,JAWA TIMUR,TERAKREDITASI,banpt-50,,532,4003.0,216.0,6020000.0,3400000.0,11740000.0,12040000.0,6800000.0,23480000.0
4,Perguruan Tinggi Premium & Prestisius,SEKOLAH TINGGI ILMU BAHASA DAN SASTRA SATYA WIDYA,533,SWASTA,-,JAWA TIMUR,BAIK,banpt-3060,,533,-1.0,-1.0,6000000.0,6000000.0,6000000.0,12000000.0,12000000.0,12000000.0
4,Perguruan Tinggi Premium & Prestisius,UNIVERSITAS ISLAM 45 BEKASI,534,SWASTA,https://campus.quipper.com/directory/universitas-islam-45-bekasi,JAWA BARAT,B,-,305,534,7901.0,254.0,6000000.0,6000000.0,45200000.0,12000000.0,12000000.0,45200000.0
4,Perguruan Tinggi Premium & Prestisius,SEKOLAH TINGGI ILMU KESEHATAN HUSADA MANDIRI POSO,535,SWASTA,-,SULAWESI TENGAH,BAIK,banpt-2854,,535,-1.0,-1.0,6000000.0,6000000.0,6000000.0,12000000.0,12000000.0,12000000.0
4,Perguruan Tinggi Premium & Prestisius,UNIVERSITAS SAFIN PATI,536,SWASTA,-,JAWA TENGAH,BAIK,banpt-2000,,536,-1.0,-1.0,6000000.0,3000000.0,9000000.0,12000000.0,6000000.0,18000000.0
4,Perguruan Tinggi Premium & Prestisius,STMIK AMIK BANDUNG,537,SWASTA,-,JAWA BARAT,BAIK SEKALI,banpt-2352,,537,-1.0,-1.0,6000000.0,6000000.0,6000000.0,12000000.0,12000000.0,12000000.0
4,Perguruan Tinggi Premium & Prestisius,SEKOLAH TINGGI MANAJEMEN PARIWISATA DAN LOGISTIK LENTERA MONDIAL,538,SWASTA,-,D.K.I. JAKARTA,BAIK,banpt-878,,538,-1.0,-1.0,6000000.0,6000000.0,6000000.0,12000000.0,12000000.0,12000000.0
4,Perguruan Tinggi Premium & Prestisius,UNIVERSITAS GALUH,539,SWASTA,-,JAWA BARAT,BAIK SEKALI,banpt-2501,,539,-1.0,-1.0,6000000.0,1500000.0,10500000.0,12000000.0,3000000.0,21000000.0
4,Perguruan Tinggi Premium & Prestisius,SEKOLAH TINGGI ILMU EKONOMI SAKTI ALAM KERINCI,540,SWASTA,-,JAMBI,B,banpt-3246,,540,-1.0,-1.0,6000000.0,6000000.0,6000000.0,12000000.0,12000000.0,12000000.0
4,Perguruan Tinggi Premium & Prestisius,SEKOLAH TINGGI ILMU HUKUM ADHYAKSA,541,SWASTA,-,D.K.I. JAKARTA,BAIK SEKALI,banpt-1614,,541,-1.0,-1.0,6000000.0,2000000.0,10000000.0,12000000.0,4000000.0,20000000.0
4,Perguruan Tinggi Premium & Prestisius,UNIVERSITAS OTTOW GEISSLER,542,SWASTA,-,PAPUA,BAIK,banpt-605,571,542,-1.0,-1.0,6000000.0,3000000.0,9000000.0,12000000.0,6000000.0,18000000.0
4,Perguruan Tinggi Premium & Prestisius,UNIVERSITAS NAHDLATUL ULAMA YOGYAKARTA,543,SWASTA,-,D.I. YOGYAKARTA,BAIK,banpt-2609,426,543,-1.0,-1.0,6000000.0,1000000.0,11000000.0,12000000.0,2000000.0,22000000.0
4,Perguruan Tinggi Premium & Prestisius,UNIVERSITAS GAJAYANA,544,SWASTA,https://campus.quipper.com/directory/universitas-gajayana,JAWA TIMUR,B,banpt-3827,,544,2255.0,118.0,6000000.0,3500000.0,8500000.0,12000000.0,7000000.0,17000000.0
4,Perguruan Tinggi Premium & Prestisius,UNIVERSITAS MUHAMMADIYAH SUMATERA UTARA,545,SWASTA,https://campus.quipper.com/directory/universitas-muhammadiyah-sumatera-utara,SUMATERA UTARA,B,banpt-1917,9,545,21831.0,521.0,6000000.0,6000000.0,42000000.0,12000000.0,12000000.0,42000000.0
4,Perguruan Tinggi Premium & Prestisius,SEKOLAH TINGGI ILMU KESEHATAN SEMARANG,546,SWASTA,-,JAWA TENGAH,BAIK,banpt-2616,,546,-1.0,-1.0,6000000.0,6000000.0,6000000.0,12000000.0,12000000.0,12000000.0
4,Perguruan Tinggi Premium & Prestisius,UNIVERSITAS INDONESIA MAJU,547,SWASTA,https://campus.quipper.com/directory/universitas-indonesia-maju,D.K.I. JAKARTA,BAIK,banpt-1783,,547,2971.0,175.0,6000000.0,6000000.0,8290000.0,12000000.0,12000000.0,16580000.0
4,Perguruan Tinggi Premium & Prestisius,SEKOLAH TINGGI ILMU KOMPUTER POLTEK CIREBON,548,SWASTA,https://campus.quipper.com/directory/sekolah-tinggi-ilmu-komputer-poltek-cirebon,JAWA BARAT,BAIK,banpt-1863,,548,342.0,43.0,6000000.0,6000000.0,6000000.0,12000000.0,12000000.0,12000000.0
4,Perguruan Tinggi Premium & Prestisius,UNIVERSITAS MUHAMMADIYAH KALIMANTAN TIMUR,549,SWASTA,https://campus.quipper.com/directory/universitas-muhammadiyah-kalimantan-timur,KALIMANTAN TIMUR,BAIK SEKALI,banpt-1744,208,549,2000.0,120.0,5992500.0,3000000.0,11585000.0,11985000.0,6000000.0,23170000.0
4,Perguruan Tinggi Premium & Prestisius,UNIVERSITAS MUHAMMADIYAH KOTABUMI,550,SWASTA,-,LAMPUNG,B,banpt-3298,,550,-1.0,-1.0,5975000.0,100000.0,11850000.0,11950000.0,200000.0,23700000.0
4,Perguruan Tinggi Premium & Prestisius,UNIVERSITAS PUTRA INDONESIA,551,SWASTA,-,JAWA BARAT,BAIK,banpt-2842,476,551,-1.0,-1.0,5920750.0,1515000.0,10326500.0,11841500.0,3030000.0,20653000.0
4,Perguruan Tinggi Premium & Prestisius,SEKOLAH TINGGI ILMU KESEHATAN MITRA HUSADA MEDAN,552,SWASTA,-,SUMATERA UTARA,UNGGUL,banpt-1135,,552,-1.0,-1.0,5875000.0,2400000.0,9350000.0,11750000.0,4800000.0,18700000.0
4,Perguruan Tinggi Premium & Prestisius,SEKOLAH TINGGI ILMU KESEHATAN MAHARDIKA CIREBON,553,SWASTA,https://campus.quipper.com/directory/sekolah-tinggi-ilmu-kesehatan-mahardika-cirebon,JAWA BARAT,BAIK,banpt-1722,,553,866.0,50.0,5850000.0,5850000.0,5850000.0,11700000.0,11700000.0,11700000.0
4,Perguruan Tinggi Premium & Prestisius,UNIVERSITAS TEKNOLOGI DIGITAL INDONESIA,554,SWASTA,-,D.I. YOGYAKARTA,B,banpt-467,342,554,-1.0,-1.0,5834500.0,1667000.0,10002000.0,11669000.0,3334000.0,20004000.0
4,Perguruan Tinggi Premium & Prestisius,SEKOLAH TINGGI ILMU KESEHATAN AL-SU'AIBAH,555,SWASTA,-,SUMATERA SELATAN,BAIK,banpt-3058,,555,-1.0,-1.0,5825000.0,1050000.0,10600000.0,11650000.0,2100000.0,21200000.0
4,Perguruan Tinggi Premium & Prestisius,STIKES ADVAITA MEDIKA TABANAN,556,SWASTA,-,BALI,BAIK,banpt-2381,,556,-1.0,-1.0,5825000.0,5500000.0,6150000.0,11650000.0,11000000.0,12300000.0
4,Perguruan Tinggi Premium & Prestisius,UNIVERSITAS WIJAYA PUTRA,557,SWASTA,https://campus.quipper.com/directory/universitas-wijaya-putra,JAWA TIMUR,BAIK SEKALI,banpt-1022,388,557,3351.0,216.0,5800050.0,3000000.0,11600000.0,11600100.0,6000000.0,23200000.0
4,Perguruan Tinggi Premium & Prestisius,INSTITUT KESEHATAN DAN BISNIS SURABAYA,558,SWASTA,-,JAWA TIMUR,BAIK,banpt-3078,,558,-1.0,-1.0,5800000.0,5000000.0,6600000.0,11600000.0,10000000.0,13200000.0
4,Perguruan Tinggi Premium & Prestisius,UNIVERSITAS CITRA BANGSA,559,SWASTA,-,NUSA TENGGARA TIMUR,BAIK SEKALI,banpt-2108,,559,-1.0,-1.0,5800000.0,150000.0,11450000.0,11600000.0,300000.0,22900000.0
4,Perguruan Tinggi Premium & Prestisius,SEKOLAH TINGGI ILMU EKONOMI DWIMULYA,560,SWASTA,-,BANTEN,BAIK,banpt-3768,,560,-1.0,-1.0,5800000.0,500000.0,11100000.0,11600000.0,1000000.0,22200000.0
4,Perguruan Tinggi Premium & Prestisius,UNIVERSITAS MITRA BANGSA,561,SWASTA,-,D.K.I. JAKARTA,BAIK SEKALI,banpt-1106,,561,-1.0,-1.0,5800000.0,3600000.0,8000000.0,11600000.0,7200000.0,16000000.0
4,Perguruan Tinggi Premium & Prestisius,SEKOLAH TINGGI ILMU KESEHATAN BAITUL HIKMAH,562,SWASTA,-,LAMPUNG,BAIK,banpt-216,,562,-1.0,-1.0,5775000.0,5000000.0,6550000.0,11550000.0,10000000.0,13100000.0
4,Perguruan Tinggi Premium & Prestisius,STKIP KRISTEN WAMENA,563,SWASTA,-,PAPUA,BAIK,banpt-1310,,563,-1.0,-1.0,5750000.0,2500000.0,9000000.0,11500000.0,5000000.0,18000000.0
4,Perguruan Tinggi Premium & Prestisius,UNIVERSITAS BINA DARMA,564,SWASTA,https://campus.quipper.com/directory/universitas-bina-darma,SUMATERA SELATAN,B,banpt-523,153,564,7229.0,232.0,5750000.0,5400000.0,7900000.0,11500000.0,10800000.0,15800000.0
4,Perguruan Tinggi Premium & Prestisius,INSTITUT TEKNOLOGI BISNIS AAS INDONESIA,565,SWASTA,-,JAWA TENGAH,BAIK,banpt-2337,,565,-1.0,-1.0,5750000.0,1650000.0,9850000.0,11500000.0,3300000.0,19700000.0
4,Perguruan Tinggi Premium & Prestisius,UNIVERSITAS SRAGEN,566,SWASTA,-,JAWA TENGAH,BAIK,banpt-1286,,566,-1.0,-1.0,5750000.0,4500000.0,7000000.0,11500000.0,9000000.0,14000000.0
4,Perguruan Tinggi Premium & Prestisius,UNIVERSITAS LANGLANGBUANA,567,SWASTA,https://campus.quipper.com/directory/universitas-langlangbuana,JAWA BARAT,B,-,332,567,7872.0,259.0,5750000.0,4000000.0,29400000.0,11500000.0,8000000.0,29400000.0
4,Perguruan Tinggi Premium & Prestisius,SEKOLAH TINGGI ILMU EKONOMI PANCASETIA,568,SWASTA,-,KALIMANTAN SELATAN,BAIK SEKALI,banpt-2353,,568,-1.0,-1.0,5728571.0,2657143.0,8800000.0,11457143.0,5314286.0,17600000.0
4,Perguruan Tinggi Premium & Prestisius,UNIVERSITAS SALAKANAGARA,569,SWASTA,-,BANTEN,B,banpt-921,,569,-1.0,-1.0,5700000.0,4200000.0,7200000.0,11400000.0,8400000.0,14400000.0
4,Perguruan Tinggi Premium & Prestisius,SEKOLAH TINGGI ILMU KESEHATAN MERANGIN,570,SWASTA,-,JAMBI,BAIK,banpt-2614,,570,-1.0,-1.0,5700000.0,2400000.0,9000000.0,11400000.0,4800000.0,18000000.0
4,Perguruan Tinggi Premium & Prestisius,STIKES MEDIKA SERAMOE BARAT,571,SWASTA,-,ACEH,BAIK,banpt-2675,,571,-1.0,-1.0,5700000.0,2400000.0,9000000.0,11400000.0,4800000.0,18000000.0
4,Perguruan Tinggi Premium & Prestisius,UNIVERSITAS MPU TANTULAR,572,SWASTA,https://campus.quipper.com/directory/universitas-mpu-tantular,D.K.I. JAKARTA,B,banpt-828,389,572,2102.0,110.0,5668500.0,4375000.0,22000000.0,11337000.0,8750000.0,22000000.0
4,Perguruan Tinggi Premium & Prestisius,SEKOLAH TINGGI ILMU EKONOMI SAMPIT,573,SWASTA,-,KALIMANTAN TENGAH,BAIK,banpt-3795,,573,-1.0,-1.0,5662500.0,1375000.0,9950000.0,11325000.0,2750000.0,19900000.0
4,Perguruan Tinggi Premium & Prestisius,STT MINYAK DAN GAS CILACAP,574,SWASTA,-,JAWA TENGAH,BAIK,banpt-1633,,574,-1.0,-1.0,5650000.0,3000000.0,8300000.0,11300000.0,6000000.0,16600000.0
4,Perguruan Tinggi Premium & Prestisius,UNIVERSITAS 17 AGUSTUS 1945 SEMARANG,575,SWASTA,https://rencanamu.id/cari-kampus/universitas-17-agustus-1945-semarang,JAWA TENGAH,BAIK SEKALI,banpt-2569,163,575,5241.0,5241.0,5625000.0,3050000.0,24400000.0,11250000.0,6100000.0,24400000.0
4,Perguruan Tinggi Premium & Prestisius,UNIVERSITAS INDONESIA MEMBANGUN,576,SWASTA,-,JAWA BARAT,B,banpt-257,324,576,-1.0,-1.0,7725000.0,4300000.0,11150000.0,11200000.0,8600000.0,13800000.0
4,Perguruan Tinggi Premium & Prestisius,UNIVERSITAS ATMA JAYA MAKASSAR,577,SWASTA,https://rencanamu.id/cari-kampus/universitas-atma-jaya-makassar,SULAWESI SELATAN,C,banpt-3066,366,577,1815.0,1815.0,5600000.0,5000000.0,40000000.0,11200000.0,10000000.0,40000000.0
4,Perguruan Tinggi Premium & Prestisius,UNIVERSITAS MUHAMMADIYAH PONOROGO,578,SWASTA,https://campus.quipper.com/directory/universitas-muhammadiyah-ponorogo,JAWA TIMUR,UNGGUL,banpt-382,100,578,2540.0,182.0,5600000.0,5600000.0,5700000.0,11200000.0,11200000.0,11400000.0
4,Perguruan Tinggi Premium & Prestisius,UNIVERSITAS MUHAMMADIYAH GRESIK,579,SWASTA,-,JAWA TIMUR,BAIK SEKALI,banpt-2349,214,579,-1.0,-1.0,5575000.0,250000.0,10900000.0,11150000.0,500000.0,21800000.0
4,Perguruan Tinggi Premium & Prestisius,UNIVERSITAS WIDYATAMA,580,SWASTA,https://rencanamu.id/cari-kampus/universitas-widyatama,JAWA BARAT,B,banpt-3180,134,580,8110.0,8110.0,5550000.0,5050000.0,40400000.0,11100000.0,10100000.0,40400000.0
4,Perguruan Tinggi Premium & Prestisius,SEKOLAH TINGGI ILMU EKONOMI PERDAGANGAN,581,SWASTA,-,SUMATERA BARAT,BAIK,banpt-556,,581,-1.0,-1.0,5541250.0,1007500.0,10075000.0,11082500.0,2015000.0,20150000.0
4,Perguruan Tinggi Premium & Prestisius,SEKOLAH TINGGI ILMU KESEHATAN AKSARI,582,SWASTA,-,JAWA BARAT,BAIK,banpt-1400,,582,-1.0,-1.0,5500000.0,4000000.0,7000000.0,11000000.0,8000000.0,14000000.0
4,Perguruan Tinggi Premium & Prestisius,SEKOLAH TINGGI ILMU KESEHATAN HARAPAN BANGSA,583,SWASTA,-,JAWA TIMUR,BAIK,banpt-3355,,583,-1.0,-1.0,5500000.0,4000000.0,7000000.0,11000000.0,8000000.0,14000000.0
4,Perguruan Tinggi Premium & Prestisius,STIKES RANAH MINANG,584,SWASTA,-,SUMATERA BARAT,BAIK,banpt-1837,,584,-1.0,-1.0,5500000.0,5500000.0,5500000.0,11000000.0,11000000.0,11000000.0
4,Perguruan Tinggi Premium & Prestisius,SEKOLAH TINGGI ILMU KESEHATAN WILLIAM BOOTH,585,SWASTA,https://campus.quipper.com/directory/sekolah-tinggi-ilmu-kesehatan-william-booth,JAWA TIMUR,BAIK SEKALI,banpt-757,,585,229.0,22.0,5500000.0,5000000.0,7725000.0,11000000.0,10000000.0,15450000.0
4,Perguruan Tinggi Premium & Prestisius,STIKES KARSA HUSADA GARUT,586,SWASTA,-,JAWA BARAT,BAIK,banpt-1615,,586,-1.0,-1.0,5500000.0,5500000.0,5500000.0,11000000.0,11000000.0,11000000.0
4,Perguruan Tinggi Premium & Prestisius,SEKOLAH TINGGI ILMU EKONOMI INDONESIA SURABAYA,587,SWASTA,https://campus.quipper.com/directory/sekolah-tinggi-ilmu-ekonomi-indonesia-surabaya,JAWA TIMUR,B,banpt-706,,587,3451.0,108.0,5500000.0,4000000.0,7000000.0,11000000.0,8000000.0,14000000.0
4,Perguruan Tinggi Premium & Prestisius,UNIVERSITAS MUHAMMADIYAH GORONTALO,588,SWASTA,https://campus.quipper.com/directory/universitas-muhammadiyah-gorontalo,GORONTALO,BAIK SEKALI,banpt-2351,373,588,4224.0,154.0,5500000.0,5500000.0,5500000.0,11000000.0,11000000.0,11000000.0
4,Perguruan Tinggi Premium & Prestisius,UNIVERSITAS TEKNOLOGI BANDUNG,589,SWASTA,-,JAWA BARAT,BAIK,banpt-1317,,589,-1.0,-1.0,5500000.0,5500000.0,5500000.0,11000000.0,11000000.0,11000000.0
4,Perguruan Tinggi Premium & Prestisius,SEKOLAH TINGGI ILMU KESEHATAN PATRIOT BANGSA LAMPUNG,590,SWASTA,-,LAMPUNG,BAIK,banpt-462,,590,-1.0,-1.0,5500000.0,5500000.0,5500000.0,11000000.0,11000000.0,11000000.0
4,Perguruan Tinggi Premium & Prestisius,UNIVERSITAS YATSI MADANI,591,SWASTA,https://campus.quipper.com/directory/universitas-yatsi-madani,BANTEN,BAIK SEKALI,banpt-1707,,591,1200.0,75.0,5500000.0,5000000.0,10000000.0,11000000.0,10000000.0,20000000.0
4,Perguruan Tinggi Premium & Prestisius,SEKOLAH TINGGI BAHASA ASING LIA YOGYAKARTA,592,SWASTA,https://campus.quipper.com/directory/sekolah-tinggi-bahasa-asing-lia-yogyakarta,D.I. YOGYAKARTA,B,banpt-3258,,592,348.0,15.0,5475000.0,4500000.0,6450000.0,10950000.0,9000000.0,12900000.0
4,Perguruan Tinggi Premium & Prestisius,UNIVERSITAS SETIA BUDHI RANGKASBITUNG,593,SWASTA,-,BANTEN,BAIK,banpt-484,,593,-1.0,-1.0,5460000.0,600000.0,10320000.0,10920000.0,1200000.0,20640000.0
3,Perguruan Tinggi Menengah di Daerah,SEKOLAH TINGGI ILMU KESEHATAN MAKASSAR,594,SWASTA,-,SULAWESI SELATAN,BAIK SEKALI,banpt-2325,,594,-1.0,-1.0,5450000.0,1900000.0,9000000.0,10900000.0,3800000.0,18000000.0
4,Perguruan Tinggi Premium & Prestisius,UNIVERSITAS YUPPENTEK INDONESIA,595,SWASTA,-,BANTEN,BAIK,banpt-1782,,595,-1.0,-1.0,5425000.0,250000.0,10600000.0,10850000.0,500000.0,21200000.0
4,Perguruan Tinggi Premium & Prestisius,UNIVERSITAS MUHAMMADIYAH SUKABUMI,596,SWASTA,-,JAWA BARAT,BAIK SEKALI,banpt-1970,288,596,-1.0,-1.0,5418000.0,5318375.0,5517625.0,10836000.0,10636750.0,11035250.0
4,Perguruan Tinggi Premium & Prestisius,INSTITUT ILMU SOSIAL DAN MANAJEMEN STIAMI,597,SWASTA,-,D.K.I. JAKARTA,BAIK SEKALI,banpt-3229,,597,-1.0,-1.0,5415625.0,2400000.0,8431250.0,10831250.0,4800000.0,16862500.0
4,Perguruan Tinggi Premium & Prestisius,SEKOLAH TINGGI ILMU EKONOMI PROFESSIONAL MANAJEMEN COLLEGE INDONESIA,598,SWASTA,-,SUMATERA UTARA,B,banpt-2255,,598,-1.0,-1.0,5400000.0,4500000.0,6300000.0,10800000.0,9000000.0,12600000.0
4,Perguruan Tinggi Premium & Prestisius,UNIVERSITAS DJUANDA,599,SWASTA,https://campus.quipper.com/directory/universitas-djuanda,JAWA BARAT,B,banpt-385,190,599,6507.0,241.0,5400000.0,4000000.0,16800000.0,10800000.0,8000000.0,20000000.0
4,Perguruan Tinggi Premium & Prestisius,SEKOLAH TINGGI ILMU KESEHATAN BANTEN,600,SWASTA,-,BANTEN,BAIK,banpt-3549,,600,-1.0,-1.0,5400000.0,3600000.0,7200000.0,10800000.0,7200000.0,14400000.0
4,Perguruan Tinggi Premium & Prestisius,INSTITUT TEKNOLOGI NASIONAL YOGYAKARTA,601,SWASTA,-,D.I. YOGYAKARTA,B,banpt-3326,,601,-1.0,-1.0,9112500.0,7525000.0,10700000.0,18225000.0,15050000.0,21400000.0
4,Perguruan Tinggi Premium & Prestisius,UNIVERSITAS KADER BANGSA,602,SWASTA,-,SUMATERA SELATAN,BAIK SEKALI,banpt-3736,497,602,-1.0,-1.0,5350000.0,3350000.0,7350000.0,10700000.0,6700000.0,14700000.0
4,Perguruan Tinggi Premium & Prestisius,UNIVERSITAS AL-GHIFARI,603,SWASTA,-,JAWA BARAT,BAIK,banpt-3699,,603,-1.0,-1.0,5345000.0,3190000.0,7500000.0,10690000.0,6380000.0,15000000.0
4,Perguruan Tinggi Premium & Prestisius,UNIVERSITAS ASA INDONESIA,604,SWASTA,-,D.K.I. JAKARTA,BAIK SEKALI,banpt-2278,,604,-1.0,-1.0,5325000.0,2650000.0,8000000.0,10650000.0,5300000.0,16000000.0
4,Perguruan Tinggi Premium & Prestisius,UNIVERSITAS AKPRIND INDONESIA,605,SWASTA,-,D.I. YOGYAKARTA,BAIK SEKALI,banpt-838,,605,-1.0,-1.0,5315000.0,2830000.0,7800000.0,10630000.0,5660000.0,15600000.0
4,Perguruan Tinggi Premium & Prestisius,SEKOLAH TINGGI FILSAFAT TEOLOGI WIDYA SASANA,606,SWASTA,-,JAWA TIMUR,B,banpt-1167,,606,-1.0,-1.0,5300000.0,700000.0,9900000.0,10600000.0,1400000.0,19800000.0
4,Perguruan Tinggi Premium & Prestisius,UNIVERSITAS AUDI INDONESIA,607,SWASTA,-,SUMATERA UTARA,BAIK,banpt-1376,,607,-1.0,-1.0,5300000.0,5300000.0,5300000.0,10600000.0,10600000.0,10600000.0
4,Perguruan Tinggi Premium & Prestisius,SEKOLAH TINGGI ILMU FARMASI NUSAPUTERA,608,SWASTA,-,JAWA TENGAH,BAIK,banpt-2048,,608,-1.0,-1.0,5300000.0,5300000.0,5300000.0,10600000.0,10600000.0,10600000.0
4,Perguruan Tinggi Premium & Prestisius,SEKOLAH TINGGI ILMU EKONOMI YASA ANGGANA,609,SWASTA,-,JAWA BARAT,BAIK,banpt-2050,,609,-1.0,-1.0,5300000.0,2400000.0,8200000.0,10600000.0,4800000.0,16400000.0
4,Perguruan Tinggi Premium & Prestisius,UNIVERSITAS PERTIWI,610,SWASTA,-,JAWA BARAT,BAIK,banpt-1353,,610,-1.0,-1.0,5300000.0,150000.0,10450000.0,10600000.0,300000.0,20900000.0
4,Perguruan Tinggi Premium & Prestisius,UNIVERSITAS SERANG RAYA,611,SWASTA,https://campus.quipper.com/directory/universitas-serang-raya,BANTEN,B,banpt-466,471,611,8468.0,159.0,5262250.0,5000000.0,11640000.0,10524500.0,10000000.0,20375000.0
4,Perguruan Tinggi Premium & Prestisius,UNIVERSITAS SAINS DAN TEKNOLOGI JAYAPURA,612,SWASTA,https://rencanamu.id/cari-kampus/universitas-sains-dan-teknologi-jayapura,PAPUA,BAIK,banpt-2667,508,612,5722.0,5722.0,5250000.0,3700000.0,14000000.0,10500000.0,7400000.0,14000000.0
4,Perguruan Tinggi Premium & Prestisius,INSTITUT TEKNOLOGI DAN BISNIS HAJI AGUS SALIM BUKITTINGGI,613,SWASTA,-,SUMATERA BARAT,BAIK,banpt-3035,,613,-1.0,-1.0,5250000.0,4000000.0,6500000.0,10500000.0,8000000.0,13000000.0
4,Perguruan Tinggi Premium & Prestisius,SEKOLAH TINGGI ARSITEKTUR YKPN YOGYAKARTA,614,SWASTA,-,D.I. YOGYAKARTA,BAIK,banpt-1761,,614,-1.0,-1.0,5250000.0,5000000.0,5500000.0,10500000.0,10000000.0,11000000.0
4,Perguruan Tinggi Premium & Prestisius,UNIVERSITAS MUHAMMADIYAH CILEUNGSI,615,SWASTA,-,JAWA BARAT,BAIK,banpt-1195,,615,-1.0,-1.0,5250000.0,5250000.0,5250000.0,10500000.0,10500000.0,10500000.0
4,Perguruan Tinggi Premium & Prestisius,SEKOLAH TINGGI ILMU PARIWISATA MANADO,616,SWASTA,-,SULAWESI UTARA,BAIK,banpt-1460,,616,-1.0,-1.0,5200000.0,5200000.0,5200000.0,10400000.0,10400000.0,10400000.0
4,Perguruan Tinggi Premium & Prestisius,STIKES SITI HAJAR,617,SWASTA,-,SUMATERA UTARA,BAIK,banpt-1259,,617,-1.0,-1.0,5200000.0,3700000.0,6700000.0,10400000.0,7400000.0,13400000.0
4,Perguruan Tinggi Premium & Prestisius,UNIVERSITAS WIDYA DHARMA PONTIANAK,618,SWASTA,-,KALIMANTAN BARAT,BAIK,banpt-3288,,618,-1.0,-1.0,5200000.0,2400000.0,8000000.0,10400000.0,4800000.0,16000000.0
4,Perguruan Tinggi Premium & Prestisius,UNIVERSITAS BUDDHI DHARMA,619,SWASTA,https://campus.quipper.com/directory/universitas-buddhi-dharma,BANTEN,BAIK,banpt-2949,330,619,3443.0,172.0,5195000.0,5000000.0,10190000.0,10390000.0,10000000.0,20380000.0
4,Perguruan Tinggi Premium & Prestisius,INSTITUT PERTANIAN STIPER,620,SWASTA,https://campus.quipper.com/directory/institut-pertanian-stiper,D.I. YOGYAKARTA,B,banpt-2971,,620,3374.0,111.0,5178125.0,2000000.0,9856250.0,10356250.0,4000000.0,19712500.0
4,Perguruan Tinggi Premium & Prestisius,SEKOLAH TINGGI ILMU EKONOMI SUTAATMADJA,621,SWASTA,-,JAWA BARAT,BAIK SEKALI,banpt-2730,,621,-1.0,-1.0,5162500.0,3375000.0,6950000.0,10325000.0,6750000.0,13900000.0
4,Perguruan Tinggi Premium & Prestisius,UNIVERSITAS POTENSI UTAMA,622,SWASTA,-,SUMATERA UTARA,BAIK SEKALI,banpt-3959,186,622,-1.0,-1.0,5162500.0,350000.0,9975000.0,10325000.0,700000.0,19950000.0
4,Perguruan Tinggi Premium & Prestisius,UNIVERSITAS MUHAMMADIYAH SUMATERA BARAT,623,SWASTA,-,SUMATERA BARAT,BAIK SEKALI,banpt-2143,231,623,-1.0,-1.0,6643750.0,3000000.0,10287500.0,13287500.0,6000000.0,20575000.0
4,Perguruan Tinggi Premium & Prestisius,UNIVERSITAS AMIKOM YOGYAKARTA,624,SWASTA,https://campus.quipper.com/directory/universitas-amikom-yogyakarta,D.I. YOGYAKARTA,BAIK SEKALI,banpt-1060,150,624,889.0,304.0,5150000.0,3360000.0,10000000.0,10300000.0,6720000.0,20000000.0
4,Perguruan Tinggi Premium & Prestisius,UNIVERSITAS DHARMAS INDONESIA,625,SWASTA,-,SUMATERA BARAT,BAIK,banpt-3643,507,625,-1.0,-1.0,5148750.0,397500.0,9900000.0,10297500.0,795000.0,19800000.0
4,Perguruan Tinggi Premium & Prestisius,INSTITUT INFORMATIKA DAN BISNIS DARMAJAYA,626,SWASTA,https://rencanamu.id/cari-kampus/institut-informatika-dan-bisnis-darmajaya,LAMPUNG,BAIK SEKALI,banpt-1321,,626,5821.0,5821.0,5126000.0,5000000.0,40000000.0,10252000.0,10000000.0,40000000.0
4,Perguruan Tinggi Premium & Prestisius,SEKOLAH TINGGI PARIWISATA MATARAM,627,SWASTA,-,NUSA TENGGARA BARAT,BAIK SEKALI,banpt-163,,627,-1.0,-1.0,5112500.0,4125000.0,6100000.0,10225000.0,8250000.0,12200000.0
4,Perguruan Tinggi Premium & Prestisius,STIA DAN MANAJEMEN KEPELABUHAN BARUNAWATI,628,SWASTA,-,JAWA TIMUR,BAIK SEKALI,banpt-3151,,628,-1.0,-1.0,5100000.0,5100000.0,5100000.0,10200000.0,10200000.0,10200000.0
4,Perguruan Tinggi Premium & Prestisius,SEKOLAH TINGGI ILMU EKONOMI MAHARDHIKA,629,SWASTA,https://campus.quipper.com/directory/sekolah-tinggi-ilmu-ekonomi-mahardhika,JAWA TIMUR,B,banpt-548,,629,8060.0,172.0,5050000.0,3600000.0,6500000.0,10100000.0,7200000.0,13000000.0
4,Perguruan Tinggi Premium & Prestisius,UNIVERSITAS PGRI SUMATERA BARAT,630,SWASTA,-,SUMATERA BARAT,B,banpt-2163,281,630,-1.0,-1.0,5050000.0,2600000.0,7500000.0,10100000.0,5200000.0,15000000.0
4,Perguruan Tinggi Premium & Prestisius,UNIVERSITAS PGRI MADIUN,631,SWASTA,https://campus.quipper.com/directory/universitas-pgri-madiun-unipma,JAWA TIMUR,B,banpt-2371,142,631,6729.0,282.0,5045500.0,3250000.0,26000000.0,10091000.0,6500000.0,26000000.0
4,Perguruan Tinggi Premium & Prestisius,SEKOLAH TINGGI ILMU KESEHATAN SEHATI,632,SWASTA,-,SUMATERA UTARA,BAIK,banpt-2933,,632,-1.0,-1.0,5025000.0,3300000.0,6750000.0,10050000.0,6600000.0,13500000.0
3,Perguruan Tinggi Menengah di Daerah,SEKOLAH TINGGI ILMU KESEHATAN TUJUH BELAS,633,SWASTA,-,JAWA TENGAH,BAIK,banpt-1708,,633,-1.0,-1.0,5025000.0,1500000.0,8550000.0,10050000.0,3000000.0,17100000.0
3,Perguruan Tinggi Menengah di Daerah,SEKOLAH TINGGI ILMU EKONOMI WIYATAMANDALA,634,SWASTA,-,D.K.I. JAKARTA,BAIK,banpt-3053,,634,-1.0,-1.0,5025000.0,1050000.0,9000000.0,10050000.0,2100000.0,18000000.0
4,Perguruan Tinggi Premium & Prestisius,SEKOLAH TINGGI ILMU EKONOMI MULIA PRATAMA,635,SWASTA,https://campus.quipper.com/directory/sekolah-tinggi-ilmu-ekonomi-mulia-pratama,JAWA BARAT,BAIK,banpt-723,,635,897.0,15.0,5020000.0,4870000.0,5170000.0,10040000.0,9740000.0,10340000.0
4,Perguruan Tinggi Premium & Prestisius,UNIVERSITAS ALMARISAH MADANI,636,SWASTA,-,SULAWESI SELATAN,BAIK SEKALI,banpt-876,,636,-1.0,-1.0,5000000.0,4000000.0,6000000.0,10000000.0,8000000.0,12000000.0
4,Perguruan Tinggi Premium & Prestisius,UNIVERSITAS PGRI ARGOPURO JEMBER,637,SWASTA,-,JAWA TIMUR,BAIK SEKALI,banpt-2158,,637,-1.0,-1.0,5000000.0,2500000.0,7500000.0,10000000.0,5000000.0,15000000.0
4,Perguruan Tinggi Premium & Prestisius,UNIVERSITAS MOCHAMMAD SROEDJI,638,SWASTA,https://campus.quipper.com/directory/universitas-mochammad-sroedji,JAWA TIMUR,BAIK,banpt-2034,,638,892.0,50.0,5000000.0,5000000.0,5000000.0,10000000.0,10000000.0,10000000.0
4,Perguruan Tinggi Premium & Prestisius,STKIP WIDYA YUWANA,639,SWASTA,https://campus.quipper.com/directory/stkip-widya-yuwana,JAWA TIMUR,B,banpt-1717,,639,229.0,17.0,5000000.0,5000000.0,6800000.0,10000000.0,10000000.0,13600000.0
3,Perguruan Tinggi Menengah di Daerah,SEKOLAH TINGGI ILMU KESEHATAN RAJEKWESI BOJONEGORO,640,SWASTA,-,JAWA TIMUR,TERAKREDITASI,banpt-116,,640,-1.0,-1.0,5000000.0,2000000.0,8000000.0,10000000.0,4000000.0,16000000.0
4,Perguruan Tinggi Premium & Prestisius,UNIVERSITAS JABAL GHAFUR,641,SWASTA,https://campus.quipper.com/directory/universitas-jabal-ghafur,ACEH,BAIK SEKALI,banpt-1628,485,641,3431.0,238.0,5000000.0,5000000.0,5000000.0,10000000.0,10000000.0,10000000.0
4,Perguruan Tinggi Premium & Prestisius,UNIVERSITAS MERCU BUANA,642,SWASTA,https://campus.quipper.com/directory/universitas-mercu-buana,D.K.I. JAKARTA,UNGGUL,banpt-3119,52,642,22492.0,1080.0,5000000.0,5000000.0,5000000.0,10000000.0,10000000.0,10000000.0
4,Perguruan Tinggi Premium & Prestisius,INSTITUT TEKNOLOGI MINAESA,643,SWASTA,-,SULAWESI UTARA,BAIK,banpt-3412,,643,-1.0,-1.0,5000000.0,5000000.0,5000000.0,10000000.0,10000000.0,10000000.0
4,Perguruan Tinggi Premium & Prestisius,SEKOLAH TINGGI ILMU EKONOMI KBP,644,SWASTA,-,SUMATERA BARAT,B,banpt-2489,,644,-1.0,-1.0,5000000.0,3000000.0,7000000.0,10000000.0,6000000.0,14000000.0
3,Perguruan Tinggi Menengah di Daerah,UNIVERSITAS TABANAN,645,SWASTA,-,BALI,BAIK SEKALI,banpt-2388,559,645,-1.0,-1.0,5000000.0,2000000.0,8000000.0,10000000.0,4000000.0,16000000.0
4,Perguruan Tinggi Premium & Prestisius,SEKOLAH TINGGI ILMU KESEHATAN SISMADI,646,SWASTA,https://campus.quipper.com/directory/sekolah-tinggi-ilmu-kesehatan-sismadi,JAWA BARAT,BAIK,banpt-458,,646,170.0,20.0,5000000.0,5000000.0,5000000.0,10000000.0,10000000.0,10000000.0
4,Perguruan Tinggi Premium & Prestisius,INSTITUT KESEHATAN DAN TEKNOLOGI JAINUDDIN,647,SWASTA,-,SULAWESI UTARA,BAIK,banpt-1458,,647,-1.0,-1.0,5000000.0,5000000.0,5000000.0,10000000.0,10000000.0,10000000.0
4,Perguruan Tinggi Premium & Prestisius,UNIVERSITAS NURDIN HAMZAH,648,SWASTA,-,JAMBI,BAIK,banpt-2825,,648,-1.0,-1.0,5000000.0,5000000.0,5000000.0,10000000.0,10000000.0,10000000.0
4,Perguruan Tinggi Premium & Prestisius,UNIVERSITAS MADURA,649,SWASTA,https://rencanamu.id/cari-kampus/universitas-madura,JAWA TIMUR,B,banpt-1613,432,649,-1.0,-1.0,5000000.0,5000000.0,5000000.0,10000000.0,10000000.0,10000000.0
4,Perguruan Tinggi Premium & Prestisius,UNIVERSITAS BUNG KARNO,650,SWASTA,https://campus.quipper.com/directory/universitas-bung-karno,D.K.I. JAKARTA,B,banpt-2605,302,650,4449.0,125.0,5000000.0,5000000.0,5000000.0,10000000.0,10000000.0,10000000.0
4,Perguruan Tinggi Premium & Prestisius,SEKOLAH TINGGI PERTANIAN KEWIRAUSAHAAN BANAU,651,SWASTA,-,MALUKU UTARA,BAIK SEKALI,banpt-3175,,651,-1.0,-1.0,5000000.0,5000000.0,5000000.0,10000000.0,10000000.0,10000000.0
4,Perguruan Tinggi Premium & Prestisius,SEKOLAH TINGGI ILMU EKONOMI YKP,652,SWASTA,-,D.I. YOGYAKARTA,B,banpt-2174,,652,-1.0,-1.0,4995000.0,4995000.0,4995000.0,9990000.0,9990000.0,9990000.0
3,Perguruan Tinggi Menengah di Daerah,SEKOLAH TINGGI ILMU EKONOMI DHARMA AGUNG INDONESIA,653,SWASTA,-,JAWA BARAT,BAIK,banpt-1178,,653,-1.0,-1.0,4960000.0,100000.0,9820000.0,9920000.0,200000.0,19640000.0
4,Perguruan Tinggi Premium & Prestisius,UNIVERSITAS BALIKPAPAN,654,SWASTA,https://rencanamu.id/cari-kampus/universitas-balikpapan,KALIMANTAN TIMUR,B,banpt-2606,235,654,6221.0,6221.0,4950000.0,750000.0,9450000.0,9900000.0,1500000.0,18900000.0
3,Perguruan Tinggi Menengah di Daerah,UNIVERSITAS ISLAM NAHDLATUL ULAMA JEPARA,655,SWASTA,-,JAWA TENGAH,BAIK SEKALI,banpt-2593,,655,-1.0,-1.0,4943000.0,500000.0,9386000.0,9886000.0,1000000.0,18772000.0
4,Perguruan Tinggi Premium & Prestisius,SEKOLAH TINGGI ILMU EKONOMI BHAKTI PEMBANGUNAN,656,SWASTA,-,D.K.I. JAKARTA,B,banpt-2745,,656,-1.0,-1.0,4935000.0,4470000.0,5400000.0,9870000.0,8940000.0,10800000.0
4,Perguruan Tinggi Premium & Prestisius,UNIVERSITAS TIMIKA,657,SWASTA,-,PAPUA,BAIK,banpt-1471,UN,657,-1.0,-1.0,4900000.0,4900000.0,4900000.0,9800000.0,9800000.0,9800000.0
3,Perguruan Tinggi Menengah di Daerah,UNIVERSITAS MUHAMMADIYAH TEGAL,658,SWASTA,-,JAWA TENGAH,BAIK,banpt-1108,,658,-1.0,-1.0,4900000.0,2400000.0,7400000.0,9800000.0,4800000.0,14800000.0
4,Perguruan Tinggi Premium & Prestisius,STIH LITIGASI,659,SWASTA,-,D.K.I. JAKARTA,BAIK,banpt-2244,,659,-1.0,-1.0,4875000.0,3550000.0,6200000.0,9750000.0,7100000.0,12400000.0
3,Perguruan Tinggi Menengah di Daerah,UNIVERSITAS MUHAMMADIYAH PAPUA,660,SWASTA,-,PAPUA,BAIK,banpt-2081,,660,-1.0,-1.0,4875000.0,1500000.0,8250000.0,9750000.0,3000000.0,16500000.0
4,Perguruan Tinggi Premium & Prestisius,INSTITUT SAINS DAN TEKNOLOGI TD PARDEDE,661,SWASTA,https://rencanamu.id/cari-kampus/institut-sains-dan-teknologi-td-pardede,SUMATERA UTARA,BAIK,banpt-2827,,661,1342.0,1342.0,4875000.0,4875000.0,39000000.0,9750000.0,9750000.0,39000000.0
4,Perguruan Tinggi Premium & Prestisius,UNIVERSITAS SEMARANG,662,SWASTA,https://campus.quipper.com/directory/universitas-semarang,JAWA TENGAH,B,banpt-738,130,662,19497.0,406.0,4870000.0,2850000.0,10300000.0,9740000.0,5700000.0,16830000.0
3,Perguruan Tinggi Menengah di Daerah,STIKES MALUKU HUSADA,663,SWASTA,-,MALUKU,B,banpt-1090,,663,-1.0,-1.0,4862500.0,2450000.0,7275000.0,9725000.0,4900000.0,14550000.0
3,Perguruan Tinggi Menengah di Daerah,UNIVERSITAS CORDOVA,664,SWASTA,-,NUSA TENGGARA BARAT,BAIK,banpt-3722,574,664,-1.0,-1.0,4862000.0,282000.0,9442000.0,9724000.0,564000.0,18884000.0
4,Perguruan Tinggi Premium & Prestisius,UNIVERSITAS INFORMATIKA DAN BISNIS INDONESIA,665,SWASTA,-,JAWA BARAT,BAIK SEKALI,banpt-1591,402,665,-1.0,-1.0,4850000.0,3700000.0,6000000.0,9700000.0,7400000.0,12000000.0
4,Perguruan Tinggi Premium & Prestisius,UNIVERSITAS JANABADRA,666,SWASTA,https://campus.quipper.com/directory/universitas-janabadra,D.I. YOGYAKARTA,B,banpt-425,274,666,3620.0,121.0,4850000.0,2700000.0,7800000.0,9700000.0,5400000.0,15200000.0
4,Perguruan Tinggi Premium & Prestisius,STIE JAKARTA INTERNATIONAL COLLEGE,667,SWASTA,https://campus.quipper.com/directory/stie-jakarta-international-college,DKI JAKARTA,B,banpt-2243,,667,1212.0,32.0,4842500.0,3585000.0,6100000.0,9685000.0,7170000.0,12200000.0
4,Perguruan Tinggi Premium & Prestisius,SEKOLAH TINGGI ILMU HUKUM DAN POLITIK PELOPOR BANGSA,668,SWASTA,-,JAWA BARAT,BAIK,banpt-1575,,668,-1.0,-1.0,4800000.0,4800000.0,4800000.0,9600000.0,9600000.0,9600000.0
3,Perguruan Tinggi Menengah di Daerah,STIKES AL-ISLAM YOGYAKARTA,669,SWASTA,-,D.I. YOGYAKARTA,BAIK,banpt-1956,,669,-1.0,-1.0,4800000.0,2500000.0,7100000.0,9600000.0,5000000.0,14200000.0
4,Perguruan Tinggi Premium & Prestisius,SEKOLAH TINGGI ILMU KESEHATAN HAKLI,670,SWASTA,-,JAWA TENGAH,BAIK,banpt-1726,,670,-1.0,-1.0,4800000.0,4800000.0,4800000.0,9600000.0,9600000.0,9600000.0
3,Perguruan Tinggi Menengah di Daerah,INSTITUT TEKNOLOGI SAINS DAN KESEHATAN INSAN CENDEKIA MEDIKA JOMBANG,671,SWASTA,-,JAWA TIMUR,TERAKREDITASI,banpt-44,,671,-1.0,-1.0,4800000.0,600000.0,9000000.0,9600000.0,1200000.0,18000000.0
4,Perguruan Tinggi Premium & Prestisius,SEKOLAH TINGGI ILMU EKONOMI GEMPOL,672,SWASTA,-,JAWA TIMUR,BAIK,banpt-2894,,672,-1.0,-1.0,4800000.0,4800000.0,4800000.0,9600000.0,9600000.0,9600000.0
4,Perguruan Tinggi Premium & Prestisius,UNIVERSITAS SATYA TERRA BHINNEKA,673,SWASTA,-,SUMATERA UTARA,BAIK,banpt-1946,,673,-1.0,-1.0,4800000.0,4800000.0,4800000.0,9600000.0,9600000.0,9600000.0
4,Perguruan Tinggi Premium & Prestisius,UNIVERSITAS PANCA BHAKTI,674,SWASTA,https://rencanamu.id/cari-kampus/universitas-panca-bhakti,KALIMANTAN BARAT,TERAKREDITASI,banpt-51,478,674,4859.0,4859.0,4795000.0,1100000.0,8950000.0,9590000.0,2200000.0,17900000.0
3,Perguruan Tinggi Menengah di Daerah,ASM MARSUDIRINI SANTA MARIA,675,SWASTA,-,D.I. YOGYAKARTA,BAIK,banpt-3803,,675,-1.0,-1.0,4790000.0,2400000.0,7180000.0,9580000.0,4800000.0,14360000.0
3,Perguruan Tinggi Menengah di Daerah,UNIVERSITAS HALIM SANUSI,676,SWASTA,-,JAWA BARAT,BAIK,banpt-829,,676,-1.0,-1.0,4758000.0,2400000.0,7116000.0,9516000.0,4800000.0,14232000.0
4,Perguruan Tinggi Premium & Prestisius,INSTITUT TEKNOLOGI DAN BISNIS DEWANTARA,677,SWASTA,-,JAWA BARAT,BAIK,banpt-293,,677,-1.0,-1.0,4755000.0,4755000.0,4755000.0,9510000.0,9510000.0,9510000.0
4,Perguruan Tinggi Premium & Prestisius,SEKOLAH TINGGI ILMU PERTANIAN FARMING,678,SWASTA,-,JAWA TENGAH,BAIK,banpt-2826,,678,-1.0,-1.0,4750000.0,4750000.0,4750000.0,9500000.0,9500000.0,9500000.0
4,Perguruan Tinggi Premium & Prestisius,UNIVERSITAS SANG BUMI RUWA JURAI,679,SWASTA,-,LAMPUNG,BAIK SEKALI,banpt-92,528,679,-1.0,-1.0,4750000.0,4500000.0,5000000.0,9500000.0,9000000.0,10000000.0
4,Perguruan Tinggi Premium & Prestisius,INSTITUT BISNIS DAN KOMPUTER INDONESIA,680,SWASTA,-,SUMATERA UTARA,BAIK,banpt-2445,,680,-1.0,-1.0,4750000.0,4000000.0,5500000.0,9500000.0,8000000.0,11000000.0
3,Perguruan Tinggi Menengah di Daerah,STISIP TASIKMALAYA,681,SWASTA,-,JAWA BARAT,BAIK,banpt-2134,,681,-1.0,-1.0,4730000.0,2400000.0,7060000.0,9460000.0,4800000.0,14120000.0
3,Perguruan Tinggi Menengah di Daerah,UNIVERSITAS MUHAMMADIYAH LAMPUNG,682,SWASTA,-,LAMPUNG,B,banpt-2426,409,682,-1.0,-1.0,4725000.0,1470000.0,7980000.0,9450000.0,2940000.0,15960000.0
3,Perguruan Tinggi Menengah di Daerah,SEKOLAH TINGGI ILMU EKONOMI GENTIARAS,683,SWASTA,-,LAMPUNG,BAIK SEKALI,banpt-1042,,683,-1.0,-1.0,4725000.0,2600000.0,6850000.0,9450000.0,5200000.0,13700000.0
4,Perguruan Tinggi Premium & Prestisius,UNIVERSITAS 45 SURABAYA,684,SWASTA,-,JAWA TIMUR,BAIK,banpt-1171,527,684,-1.0,-1.0,4725000.0,3750000.0,5700000.0,9450000.0,7500000.0,11400000.0
3,Perguruan Tinggi Menengah di Daerah,UNIVERSITAS ISLAM MADURA,685,SWASTA,-,JAWA TIMUR,BAIK,banpt-80,,685,-1.0,-1.0,4717500.0,1100000.0,8335000.0,9435000.0,2200000.0,16670000.0
3,Perguruan Tinggi Menengah di Daerah,SEKOLAH TINGGI PERTANIAN KUTAI TIMUR,686,SWASTA,-,KALIMANTAN TIMUR,BAIK,banpt-3630,,686,-1.0,-1.0,4708125.0,2400000.0,7016250.0,9416250.0,4800000.0,14032500.0
4,Perguruan Tinggi Premium & Prestisius,UNIVERSITAS SURAKARTA,687,SWASTA,https://campus.quipper.com/directory/universitas-surakarta,JAWA TENGAH,BAIK,banpt-2375,396,687,5243.0,193.0,4695000.0,3390000.0,6000000.0,9390000.0,6780000.0,12000000.0
4,Perguruan Tinggi Premium & Prestisius,SEKOLAH TINGGI ILMU KESEHATAN BETHESDA TOMOHON,688,SWASTA,-,SULAWESI UTARA,BAIK,banpt-354,,688,-1.0,-1.0,4675000.0,3000000.0,6350000.0,9350000.0,6000000.0,12700000.0
3,Perguruan Tinggi Menengah di Daerah,UNIVERSITAS SLAMET RIYADI,689,SWASTA,-,JAWA TENGAH,BAIK SEKALI,banpt-23,267,689,-1.0,-1.0,4670000.0,840000.0,8500000.0,9340000.0,1680000.0,17000000.0
3,Perguruan Tinggi Menengah di Daerah,UNIVERSITAS WIRARAJA,690,SWASTA,-,JAWA TIMUR,BAIK SEKALI,banpt-160,404,690,-1.0,-1.0,4656875.0,828750.0,8485000.0,9313750.0,1657500.0,16970000.0
4,Perguruan Tinggi Premium & Prestisius,UNIVERSITAS FLORES,691,SWASTA,https://rencanamu.id/cari-kampus/universitas-flores,NUSA TENGGARA TIMUR,B,banpt-3478,361,691,6930.0,6930.0,4652500.0,750000.0,8555000.0,9305000.0,1500000.0,17110000.0
3,Perguruan Tinggi Menengah di Daerah,UNIVERSITAS BINA BANGSA GETSEMPENA,692,SWASTA,-,ACEH,TERAKREDITASI,banpt-52,290,692,-1.0,-1.0,4650000.0,800000.0,8500000.0,9300000.0,1600000.0,17000000.0
3,Perguruan Tinggi Menengah di Daerah,SEKOLAH TINGGI ILMU EKONOMI PARIWISATA YAPARI,693,SWASTA,-,JAWA BARAT,BAIK,banpt-3890,,693,-1.0,-1.0,4650000.0,800000.0,8500000.0,9300000.0,1600000.0,17000000.0
4,Perguruan Tinggi Premium & Prestisius,SEKOLAH TINGGI ILMU KESEHATAN SURYA GLOBAL YOGYAKARTA,694,SWASTA,-,D.I. YOGYAKARTA,BAIK,banpt-668,,694,-1.0,-1.0,4650000.0,4650000.0,4650000.0,9300000.0,9300000.0,9300000.0
3,Perguruan Tinggi Menengah di Daerah,INSTITUT TEKNOLOGI DAN BISNIS NOBEL INDONESIA,695,SWASTA,-,SULAWESI SELATAN,BAIK SEKALI,banpt-2801,,695,-1.0,-1.0,4650000.0,300000.0,9000000.0,9300000.0,600000.0,18000000.0
3,Perguruan Tinggi Menengah di Daerah,UNIVERSITAS KATOLIK WIDYA KARYA,696,SWASTA,-,JAWA TIMUR,BAIK,banpt-3085,413,696,-1.0,-1.0,4625000.0,750000.0,8500000.0,9250000.0,1500000.0,17000000.0
4,Perguruan Tinggi Premium & Prestisius,INSTITUT TEKNOLOGI DAN SAINS MANDALA,697,SWASTA,https://campus.quipper.com/directory/institut-teknologi-dan-sains-mandala,JAWA TIMUR,BAIK SEKALI,banpt-1123,,697,1772.0,44.0,4600000.0,4200000.0,6000000.0,9200000.0,8400000.0,12000000.0
4,Perguruan Tinggi Premium & Prestisius,UNIVERSITAS MURIA KUDUS,698,SWASTA,https://campus.quipper.com/directory/universitas-muria-kudus,JAWA TENGAH,B,banpt-136,123,698,6884.0,175.0,4600000.0,4000000.0,8500000.0,9200000.0,8000000.0,17000000.0
3,Perguruan Tinggi Menengah di Daerah,UNIVERSITAS NASIONAL KARANGTURI SEMARANG,699,SWASTA,-,JAWA TENGAH,BAIK,banpt-2302,,699,-1.0,-1.0,4600000.0,250000.0,8950000.0,9200000.0,500000.0,17900000.0
3,Perguruan Tinggi Menengah di Daerah,UNIVERSITAS IBA,700,SWASTA,-,SUMATERA SELATAN,BAIK,banpt-3998,531,700,-1.0,-1.0,4590625.0,2400000.0,6781250.0,9181250.0,4800000.0,13562500.0
4,Perguruan Tinggi Premium & Prestisius,UNIVERSITAS MITRA INDONESIA,701,SWASTA,-,LAMPUNG,BAIK SEKALI,banpt-1150,474,701,-1.0,-1.0,4590000.0,3180000.0,6000000.0,9180000.0,6360000.0,12000000.0
3,Perguruan Tinggi Menengah di Daerah,SEKOLAH TINGGI PEMBANGUNAN MASYARAKAT DESA APMD,702,SWASTA,-,D.I. YOGYAKARTA,B,banpt-3447,,702,-1.0,-1.0,4575000.0,1150000.0,8000000.0,9150000.0,2300000.0,16000000.0
4,Perguruan Tinggi Premium & Prestisius,UNIVERSITAS MUHAMMADIYAH MUARA BUNGO,703,SWASTA,-,JAMBI,BAIK SEKALI,banpt-1716,,703,-1.0,-1.0,4575000.0,4500000.0,4650000.0,9150000.0,9000000.0,9300000.0
4,Perguruan Tinggi Premium & Prestisius,UNIVERSITAS INDRAPRASTA PGRI,704,SWASTA,https://campus.quipper.com/directory/universitas-indraprasta-pgri,D.K.I. JAKARTA,B,banpt-747,171,704,35905.0,911.0,4575000.0,1500000.0,10800000.0,9150000.0,3000000.0,18000000.0
4,Perguruan Tinggi Premium & Prestisius,STMIK SAMARINDA,705,SWASTA,-,KALIMANTAN TIMUR,BAIK,banpt-1405,,705,-1.0,-1.0,4550000.0,4550000.0,4550000.0,9100000.0,9100000.0,9100000.0
4,Perguruan Tinggi Premium & Prestisius,SEKOLAH TINGGI ILMU EKONOMI TOTALWIN,706,SWASTA,-,JAWA TENGAH,BAIK,banpt-1936,,706,-1.0,-1.0,4550000.0,4000000.0,5100000.0,9100000.0,8000000.0,10200000.0
3,Perguruan Tinggi Menengah di Daerah,UNIVERSITAS YAYASAN PENDIDIKAN IMAM BONJOL MAJALENGKA,707,SWASTA,-,JAWA BARAT,BAIK,banpt-2737,,707,-1.0,-1.0,4550000.0,2500000.0,6600000.0,9100000.0,5000000.0,13200000.0
4,Perguruan Tinggi Premium & Prestisius,SEKOLAH TINGGI TEKNOLOGI GEMPOL,708,SWASTA,-,JAWA TIMUR,BAIK,banpt-2345,,708,-1.0,-1.0,4550000.0,4300000.0,4800000.0,9100000.0,8600000.0,9600000.0
4,Perguruan Tinggi Premium & Prestisius,UNIVERSITAS MUSLIM NUSANTARA AL-WASHLIYAH,709,SWASTA,-,SUMATERA UTARA,UNGGUL,banpt-679,368,709,-1.0,-1.0,8287500.0,7500000.0,9075000.0,16575000.0,15000000.0,18150000.0
4,Perguruan Tinggi Premium & Prestisius,UNIVERSITAS YUDHARTA PASURUAN,710,SWASTA,-,JAWA TIMUR,BAIK SEKALI,banpt-3162,300,710,-1.0,-1.0,4525000.0,2800000.0,6250000.0,9050000.0,5600000.0,12500000.0
3,Perguruan Tinggi Menengah di Daerah,INSTITUT TEKNOLOGI SAINS BANDUNG,711,SWASTA,-,JAWA BARAT,BAIK,banpt-2376,,711,-1.0,-1.0,4525000.0,2100000.0,6950000.0,9050000.0,4200000.0,13900000.0
4,Perguruan Tinggi Premium & Prestisius,UNIVERSITAS ISLAM 45,712,SWASTA,-,JAWA BARAT,B,banpt-1645,,712,-1.0,-1.0,7263500.0,5500000.0,9027000.0,14527000.0,11000000.0,18054000.0
3,Perguruan Tinggi Menengah di Daerah,UNIVERSITAS BATTUTA,713,SWASTA,-,SUMATERA UTARA,BAIK SEKALI,banpt-1573,,713,-1.0,-1.0,4500000.0,1000000.0,8000000.0,9000000.0,2000000.0,16000000.0
3,Perguruan Tinggi Menengah di Daerah,SEKOLAH TINGGI MANAJEMEN LABORA,714,SWASTA,https://campus.quipper.com/directory/sekolah-tinggi-manajemen-labora,D.K.I. JAKARTA,B,banpt-2126,,714,511.0,14.0,4500000.0,2400000.0,6600000.0,9000000.0,4800000.0,13200000.0
4,Perguruan Tinggi Premium & Prestisius,STKIP PGRI SUMENEP,715,SWASTA,-,JAWA TIMUR,BAIK,banpt-1683,,715,-1.0,-1.0,4500000.0,4500000.0,4500000.0,9000000.0,9000000.0,9000000.0
4,Perguruan Tinggi Premium & Prestisius,UNIVERSITAS SAINS CUT NYAK DHIEN,716,SWASTA,-,ACEH,BAIK,banpt-3655,455,716,-1.0,-1.0,4500000.0,4500000.0,4500000.0,9000000.0,9000000.0,9000000.0
4,Perguruan Tinggi Premium & Prestisius,SEKOLAH TINGGI ILMU KESEHATAN ARTHA BODHI ISWARA,717,SWASTA,https://campus.quipper.com/directory/sekolah-tinggi-ilmu-kesehatan-artha-bodhi-iswara,JAWA TIMUR,B,banpt-3870,,717,175.0,29.0,4500000.0,4000000.0,5100000.0,9000000.0,8000000.0,10200000.0
4,Perguruan Tinggi Premium & Prestisius,UNIVERSITAS PRAMITA INDONESIA,718,SWASTA,https://campus.quipper.com/directory/universitas-pramita-indonesia,BANTEN,BAIK,banpt-887,544,718,1500.0,80.0,4500000.0,4500000.0,4500000.0,9000000.0,9000000.0,9000000.0
4,Perguruan Tinggi Premium & Prestisius,UNIVERSITAS ADHIRAJASA RESWARA SANJAYA,719,SWASTA,-,JAWA BARAT,B,banpt-1927,296,719,-1.0,-1.0,4500000.0,4500000.0,4500000.0,9000000.0,9000000.0,9000000.0
3,Perguruan Tinggi Menengah di Daerah,SEKOLAH TINGGI ILMU EKONOMI MALANGKUCECWARA,720,SWASTA,-,JAWA TIMUR,BAIK SEKALI,banpt-326,,720,-1.0,-1.0,4500000.0,1000000.0,8000000.0,9000000.0,2000000.0,16000000.0
3,Perguruan Tinggi Menengah di Daerah,SEKOLAH TINGGI ILMU KESEHATAN PANCA BHAKTI,721,SWASTA,-,LAMPUNG,BAIK,banpt-2741,,721,-1.0,-1.0,4500000.0,250000.0,8750000.0,9000000.0,500000.0,17500000.0
4,Perguruan Tinggi Premium & Prestisius,UNIVERSITAS PRISMA,722,SWASTA,-,SULAWESI UTARA,TIDAK TERAKREDITASI,banpt-3535,563,722,-1.0,-1.0,4500000.0,4500000.0,4500000.0,9000000.0,9000000.0,9000000.0
3,Perguruan Tinggi Menengah di Daerah,SEKOLAH TINGGI BAHASA HARAPAN BERSAMA,723,SWASTA,-,KALIMANTAN BARAT,BAIK SEKALI,banpt-1539,,723,-1.0,-1.0,4500000.0,2000000.0,7000000.0,9000000.0,4000000.0,14000000.0
4,Perguruan Tinggi Premium & Prestisius,SEKOLAH TINGGI FILSAFAT TEOLOGI FAJAR TIMUR,724,SWASTA,-,PAPUA,BAIK,banpt-2218,,724,-1.0,-1.0,4500000.0,3000000.0,6000000.0,9000000.0,6000000.0,12000000.0
4,Perguruan Tinggi Premium & Prestisius,SEKOLAH TINGGI ILMU EKONOMI ENAM ENAM KENDARI,725,SWASTA,-,SULAWESI TENGGARA,BAIK SEKALI,banpt-2887,,725,-1.0,-1.0,4500000.0,4500000.0,4500000.0,9000000.0,9000000.0,9000000.0
4,Perguruan Tinggi Premium & Prestisius,INSTITUT TEKNOLOGI GARUT,726,SWASTA,-,JAWA BARAT,BAIK SEKALI,banpt-3299,,726,-1.0,-1.0,4480000.0,3960000.0,5000000.0,8960000.0,7920000.0,10000000.0
3,Perguruan Tinggi Menengah di Daerah,SEKOLAH TINGGI ILMU KOMUNIKASI ALMAMATER WARTAWAN SURABAYA,727,SWASTA,https://campus.quipper.com/directory/sekolah-tinggi-ilmu-komunikasi-almamater-wartawan-surabaya,JAWA TIMUR,BAIK SEKALI,banpt-3385,,727,417.0,15.0,4475000.0,2350000.0,6600000.0,8950000.0,4700000.0,13200000.0
3,Perguruan Tinggi Menengah di Daerah,SEKOLAH TINGGI ILMU EKONOMI BALIKPAPAN,728,SWASTA,-,KALIMANTAN TIMUR,BAIK SEKALI,banpt-3946,,728,-1.0,-1.0,4462500.0,1125000.0,7800000.0,8925000.0,2250000.0,15600000.0
3,Perguruan Tinggi Menengah di Daerah,UNIVERSITAS IBBI,729,SWASTA,-,SUMATERA UTARA,BAIK SEKALI,banpt-2238,,729,-1.0,-1.0,4462500.0,1125000.0,7800000.0,8925000.0,2250000.0,15600000.0
4,Perguruan Tinggi Premium & Prestisius,UNIVERSITAS WAHIDIYAH,730,SWASTA,https://campus.quipper.com/directory/universitas-wahidiyah,JAWA TIMUR,BAIK,banpt-94,511,730,571.0,99.0,4455000.0,3375000.0,5535000.0,8910000.0,6750000.0,11070000.0
3,Perguruan Tinggi Menengah di Daerah,INSTITUT TEKNOLOGI KESEHATAN MALANG WIDYA CIPTA HUSADA,731,SWASTA,-,JAWA TIMUR,BAIK,banpt-599,,731,-1.0,-1.0,4450000.0,100000.0,8800000.0,8900000.0,200000.0,17600000.0
3,Perguruan Tinggi Menengah di Daerah,INSTITUT TEKNOLOGI DAN KESEHATAN BINTANG PERSADA,732,SWASTA,-,BALI,BAIK,banpt-764,,732,-1.0,-1.0,4450000.0,2400000.0,6500000.0,8900000.0,4800000.0,13000000.0
3,Perguruan Tinggi Menengah di Daerah,SEKOLAH TINGGI ILMU KESEHATAN PANCA BHAKTI PONTIANAK,733,SWASTA,-,KALIMANTAN BARAT,TERAKREDITASI,banpt-54,,733,-1.0,-1.0,4450000.0,2400000.0,6500000.0,8900000.0,4800000.0,13000000.0
3,Perguruan Tinggi Menengah di Daerah,UNIVERSITAS MUHAMMADIYAH CIREBON,734,SWASTA,-,JAWA BARAT,B,banpt-2271,242,734,-1.0,-1.0,4425000.0,850000.0,8000000.0,8850000.0,1700000.0,16000000.0
3,Perguruan Tinggi Menengah di Daerah,SEKOLAH TINGGI TEKNOLOGI BONTANG,735,SWASTA,-,KALIMANTAN TIMUR,BAIK,banpt-2979,,735,-1.0,-1.0,4425000.0,600000.0,8250000.0,8850000.0,1200000.0,16500000.0
4,Perguruan Tinggi Premium & Prestisius,UNIVERSITAS CATUR INSAN CENDEKIA,736,SWASTA,-,JAWA BARAT,BAIK,banpt-1480,,736,-1.0,-1.0,4410000.0,3100000.0,5720000.0,8820000.0,6200000.0,11440000.0
3,Perguruan Tinggi Menengah di Daerah,UNIVERSITAS ISLAM AS-SYAFIIYAH,737,SWASTA,-,JAWA BARAT,BAIK SEKALI,banpt-1766,294,737,-1.0,-1.0,4406250.0,1312500.0,7500000.0,8812500.0,2625000.0,15000000.0
4,Perguruan Tinggi Premium & Prestisius,UNIVERSITAS TARUNA BAKTI,738,SWASTA,-,JAWA BARAT,BAIK,banpt-784,,738,-1.0,-1.0,7825000.0,7500000.0,8150000.0,15650000.0,15000000.0,16300000.0
3,Perguruan Tinggi Menengah di Daerah,UNIVERSITAS IVET,739,SWASTA,-,JAWA TENGAH,B,banpt-2001,,739,-1.0,-1.0,4400000.0,800000.0,8000000.0,8800000.0,1600000.0,16000000.0
3,Perguruan Tinggi Menengah di Daerah,SEKOLAH TINGGI ILMU KESEHATAN BANTUL,740,SWASTA,-,D.I. YOGYAKARTA,BAIK,banpt-1849,,740,-1.0,-1.0,4400000.0,800000.0,8000000.0,8800000.0,1600000.0,16000000.0
4,Perguruan Tinggi Premium & Prestisius,UNIVERSITAS KH. BAHAUDIN MUDHARY MADURA,741,SWASTA,-,JAWA TIMUR,BAIK,banpt-1798,,741,-1.0,-1.0,4400000.0,4400000.0,4400000.0,8800000.0,8800000.0,8800000.0
4,Perguruan Tinggi Premium & Prestisius,STKIP PGRI PONOROGO,742,SWASTA,-,JAWA TIMUR,BAIK SEKALI,banpt-3964,,742,-1.0,-1.0,4385000.0,4385000.0,4385000.0,8770000.0,8770000.0,8770000.0
3,Perguruan Tinggi Menengah di Daerah,SEKOLAH TINGGI BAHASA ASING YAPARI,743,SWASTA,-,JAWA BARAT,BAIK,banpt-3043,,743,-1.0,-1.0,4375000.0,2500000.0,6250000.0,8750000.0,5000000.0,12500000.0
3,Perguruan Tinggi Menengah di Daerah,UNIVERSITAS NAHDLATUL ULAMA PASURUAN,744,SWASTA,-,JAWA TIMUR,BAIK,banpt-1648,,744,-1.0,-1.0,4375000.0,150000.0,8600000.0,8750000.0,300000.0,17200000.0
3,Perguruan Tinggi Menengah di Daerah,UNIVERSITAS HANDAYANI MAKASSAR,745,SWASTA,-,SULAWESI SELATAN,BAIK,banpt-1432,,745,-1.0,-1.0,4350000.0,1200000.0,7500000.0,8700000.0,2400000.0,15000000.0
4,Perguruan Tinggi Premium & Prestisius,STIEB PERDANA MANDIRI,746,SWASTA,-,JAWA BARAT,BAIK,banpt-2326,,746,-1.0,-1.0,4319000.0,3259000.0,5379000.0,8638000.0,6518000.0,10758000.0
3,Perguruan Tinggi Menengah di Daerah,STIKES YAYASAN RS. DR. SOETOMO,747,SWASTA,-,JAWA TIMUR,BAIK SEKALI,banpt-1803,,747,-1.0,-1.0,4300000.0,2100000.0,6500000.0,8600000.0,4200000.0,13000000.0
3,Perguruan Tinggi Menengah di Daerah,UNIVERSITAS MUHAMMADIYAH KUDUS,748,SWASTA,-,JAWA TENGAH,BAIK SEKALI,banpt-1302,285,748,-1.0,-1.0,4250000.0,500000.0,8000000.0,8500000.0,1000000.0,16000000.0
3,Perguruan Tinggi Menengah di Daerah,SEKOLAH TINGGI HUKUM GARUT,749,SWASTA,-,JAWA BARAT,BAIK,banpt-2049,,749,-1.0,-1.0,4250000.0,500000.0,8000000.0,8500000.0,1000000.0,16000000.0
4,Perguruan Tinggi Premium & Prestisius,UNIVERSITAS SERASAN,750,SWASTA,-,SUMATERA SELATAN,BAIK,banpt-1444,,750,-1.0,-1.0,4250000.0,4250000.0,4250000.0,8500000.0,8500000.0,8500000.0
4,Perguruan Tinggi Premium & Prestisius,UNIVERSITAS WIJAYAKUSUMA PURWOKERTO,751,SWASTA,-,JAWA TENGAH,BAIK SEKALI,banpt-617,,751,-1.0,-1.0,4250000.0,3500000.0,5000000.0,8500000.0,7000000.0,10000000.0
4,Perguruan Tinggi Premium & Prestisius,SEKOLAH TINGGI ILMU KESEHATAN DONA PALEMBANG,752,SWASTA,-,SUMATERA SELATAN,BAIK,banpt-2735,,752,-1.0,-1.0,4250000.0,4000000.0,4500000.0,8500000.0,8000000.0,9000000.0
4,Perguruan Tinggi Premium & Prestisius,SEKOLAH TINGGI ILMU KESEHATAN AL MA ARIF,753,SWASTA,-,SUMATERA SELATAN,BAIK,banpt-618,,753,-1.0,-1.0,4250000.0,3500000.0,5000000.0,8500000.0,7000000.0,10000000.0
3,Perguruan Tinggi Menengah di Daerah,STMIK KHARISMA MAKASSAR,754,SWASTA,-,SULAWESI SELATAN,BAIK,banpt-3137,,754,-1.0,-1.0,4250000.0,2500000.0,6000000.0,8500000.0,5000000.0,12000000.0
4,Perguruan Tinggi Premium & Prestisius,UNIVERSITAS SINDANG KASIH MAJALENGKA,755,SWASTA,-,JAWA BARAT,BAIK,banpt-826,,755,-1.0,-1.0,4250000.0,4000000.0,4500000.0,8500000.0,8000000.0,9000000.0
3,Perguruan Tinggi Menengah di Daerah,UNIVERSITAS TUNAS PEMBANGUNAN SURAKARTA,756,SWASTA,-,JAWA TENGAH,BAIK SEKALI,banpt-1543,,756,-1.0,-1.0,4241500.0,423500.0,8059500.0,8483000.0,847000.0,16119000.0
4,Perguruan Tinggi Premium & Prestisius,UNIVERSITAS WIRALODRA,757,SWASTA,https://rencanamu.id/cari-kampus/universitas-wiralodra,JAWA BARAT,B,banpt-2329,245,757,4947.0,4947.0,4240000.0,2080000.0,6400000.0,8480000.0,4160000.0,12800000.0
3,Perguruan Tinggi Menengah di Daerah,UNIVERSITAS NAHDLATUL ULAMA KALIMANTAN TIMUR,758,SWASTA,-,KALIMANTAN TIMUR,BAIK,banpt-2499,540,758,-1.0,-1.0,4240000.0,2400000.0,6080000.0,8480000.0,4800000.0,12160000.0
4,Perguruan Tinggi Premium & Prestisius,STMIK PAMITRAN,759,SWASTA,-,JAWA BARAT,BAIK,banpt-1397,,759,-1.0,-1.0,4200000.0,4200000.0,4200000.0,8400000.0,8400000.0,8400000.0
4,Perguruan Tinggi Premium & Prestisius,SEKOLAH TINGGI ILMU EKONOMI KALPATARU,760,SWASTA,-,JAWA BARAT,BAIK,banpt-1384,,760,-1.0,-1.0,4200000.0,4200000.0,4200000.0,8400000.0,8400000.0,8400000.0
4,Perguruan Tinggi Premium & Prestisius,INSTITUT TEKNOLOGI BISNIS DAN BAHASA DIAN CIPTA CENDIKIA,761,SWASTA,-,LAMPUNG,BAIK,banpt-724,,761,-1.0,-1.0,4200000.0,4150000.0,4250000.0,8400000.0,8300000.0,8500000.0
3,Perguruan Tinggi Menengah di Daerah,STIKES PERSADA HUSADA INDONESIA,762,SWASTA,-,D.K.I. JAKARTA,BAIK,banpt-2338,,762,-1.0,-1.0,4200000.0,2400000.0,6000000.0,8400000.0,4800000.0,12000000.0
3,Perguruan Tinggi Menengah di Daerah,UNIVERSITAS INTERNASIONAL PAPUA,763,SWASTA,-,PAPUA,BAIK,banpt-1419,,763,-1.0,-1.0,4200000.0,2400000.0,6000000.0,8400000.0,4800000.0,12000000.0
4,Perguruan Tinggi Premium & Prestisius,SEKOLAH TINGGI ILMU KESEHATAN FATIMA PAREPARE,764,SWASTA,-,SULAWESI SELATAN,BAIK,banpt-1530,,764,-1.0,-1.0,4200000.0,4200000.0,4200000.0,8400000.0,8400000.0,8400000.0
3,Perguruan Tinggi Menengah di Daerah,UNIVERSITAS KALTARA,765,SWASTA,-,KALIMANTAN UTARA,BAIK SEKALI,banpt-996,567,765,-1.0,-1.0,4200000.0,2400000.0,6000000.0,8400000.0,4800000.0,12000000.0
4,Perguruan Tinggi Premium & Prestisius,SEKOLAH TINGGI ILMU SOSIAL DAN ILMU POLITIK WIRA BHAKTI,766,SWASTA,-,BALI,BAIK,banpt-2719,,766,-1.0,-1.0,4200000.0,4200000.0,4200000.0,8400000.0,8400000.0,8400000.0
3,Perguruan Tinggi Menengah di Daerah,STIKES PATRIA HUSADA,767,SWASTA,-,JAWA TIMUR,BAIK,banpt-67,,767,-1.0,-1.0,4187500.0,2400000.0,5975000.0,8375000.0,4800000.0,11950000.0
3,Perguruan Tinggi Menengah di Daerah,UNIVERSITAS MERDEKA PASURUAN,768,SWASTA,-,JAWA TIMUR,BAIK,banpt-691,271,768,-1.0,-1.0,4185000.0,300000.0,8070000.0,8370000.0,600000.0,16140000.0
3,Perguruan Tinggi Menengah di Daerah,UNIVERSITAS KUTAI KARTANEGARA TENGGARONG,769,SWASTA,-,KALIMANTAN TIMUR,BAIK SEKALI,banpt-3631,,769,-1.0,-1.0,4177500.0,2400000.0,5955000.0,8355000.0,4800000.0,11910000.0
3,Perguruan Tinggi Menengah di Daerah,UNIVERSITAS VETERAN BANGUN NUSANTARA,770,SWASTA,-,JAWA TENGAH,BAIK SEKALI,banpt-337,297,770,-1.0,-1.0,4175000.0,350000.0,8000000.0,8350000.0,700000.0,16000000.0
3,Perguruan Tinggi Menengah di Daerah,UNIVERSITAS DHARMA ANDALAS,771,SWASTA,-,SUMATERA BARAT,BAIK SEKALI,banpt-185,318,771,-1.0,-1.0,4150000.0,600000.0,7700000.0,8300000.0,1200000.0,15400000.0
3,Perguruan Tinggi Menengah di Daerah,UNIVERSITAS NAHDLATUL ULAMA SUNAN GIRI,772,SWASTA,-,JAWA TIMUR,BAIK SEKALI,banpt-469,286,772,-1.0,-1.0,4150000.0,1700000.0,6600000.0,8300000.0,3400000.0,13200000.0
4,Perguruan Tinggi Premium & Prestisius,SEKOLAH TINGGI ILMU MANAJEMEN YKPN YOGYAKARTA,773,SWASTA,-,D.I. YOGYAKARTA,BAIK SEKALI,banpt-2214,,773,-1.0,-1.0,4150000.0,3300000.0,5000000.0,8300000.0,6600000.0,10000000.0
3,Perguruan Tinggi Menengah di Daerah,UNIVERSITAS NAHDLATUL ULAMA NUSA TENGGARA BARAT,774,SWASTA,-,NUSA TENGGARA BARAT,BAIK SEKALI,banpt-925,406,774,-1.0,-1.0,4100000.0,1700000.0,6500000.0,8200000.0,3400000.0,13000000.0
4,Perguruan Tinggi Premium & Prestisius,SEKOLAH TINGGI ILMU EKONOMI PERBANKAN INDONESIA,775,SWASTA,-,SUMATERA BARAT,BAIK,banpt-2274,,775,-1.0,-1.0,4100000.0,4100000.0,4100000.0,8200000.0,8200000.0,8200000.0
3,Perguruan Tinggi Menengah di Daerah,UNIVERSITAS SURYAKANCANA,776,SWASTA,-,JAWA BARAT,B,banpt-2358,386,776,-1.0,-1.0,4080000.0,2000000.0,6160000.0,8160000.0,4000000.0,12320000.0
4,Perguruan Tinggi Premium & Prestisius,UNIVERSITAS DWIJENDRA,777,SWASTA,https://rencanamu.id/cari-kampus/universitas-dwijendra,BALI,B,banpt-2521,435,777,-1.0,-1.0,5500000.0,4500000.0,6500000.0,11000000.0,9000000.0,13000000.0
3,Perguruan Tinggi Menengah di Daerah,INSTITUT PENDIDIKAN INDONESIA GARUT,778,SWASTA,-,JAWA BARAT,BAIK SEKALI,banpt-3825,,778,-1.0,-1.0,4055000.0,135000.0,7975000.0,8110000.0,270000.0,15950000.0
4,Perguruan Tinggi Premium & Prestisius,SEKOLAH TINGGI ILMU KESEHATAN INDAH MEDAN,779,SWASTA,-,SUMATERA UTARA,BAIK,banpt-1148,,779,-1.0,-1.0,4050000.0,3600000.0,4500000.0,8100000.0,7200000.0,9000000.0
3,Perguruan Tinggi Menengah di Daerah,SEKOLAH TINGGI ILMU EKONOMI MANAJEMEN BISNIS INDONESIA,780,SWASTA,-,JAWA BARAT,BAIK,banpt-2636,,780,-1.0,-1.0,4050000.0,2400000.0,5700000.0,8100000.0,4800000.0,11400000.0
3,Perguruan Tinggi Menengah di Daerah,UNIVERSITAS ISLAM KALIMANTAN MUHAMMAD ARSYAD AL BANJARI BANJARMASIN,781,SWASTA,-,KALIMANTAN SELATAN,BAIK SEKALI,banpt-609,,781,-1.0,-1.0,4047500.0,100000.0,7995000.0,8095000.0,200000.0,15990000.0
3,Perguruan Tinggi Menengah di Daerah,UNIVERSITAS BPD,782,SWASTA,-,JAWA TENGAH,BAIK SEKALI,banpt-153,,782,-1.0,-1.0,4040000.0,100000.0,7980000.0,8080000.0,200000.0,15960000.0
3,Perguruan Tinggi Menengah di Daerah,UNIVERSITAS BAKTI INDONESIA,783,SWASTA,-,JAWA TIMUR,BAIK,banpt-65,397,783,-1.0,-1.0,2800000.0,2200000.0,3400000.0,5600000.0,4400000.0,6800000.0
4,Perguruan Tinggi Premium & Prestisius,SEKOLAH TINGGI ILMU KESEHATAN KESDAM IX/UDAYANA,784,SWASTA,-,BALI,BAIK,banpt-83,,784,-1.0,-1.0,6650000.0,6000000.0,7300000.0,13300000.0,12000000.0,14600000.0
4,Perguruan Tinggi Premium & Prestisius,UNIVERSITAS MUHAMMADIYAH PONTIANAK,785,SWASTA,https://campus.quipper.com/directory/universitas-muhammadiyah-pontianak,KALIMANTAN BARAT,B,banpt-3338,334,785,4394.0,115.0,4000000.0,4000000.0,5102500.0,8000000.0,8000000.0,10205000.0
4,Perguruan Tinggi Premium & Prestisius,UNIVERSITAS BOJONEGORO,786,SWASTA,-,JAWA TIMUR,BAIK,banpt-2966,486,786,-1.0,-1.0,4000000.0,4000000.0,4000000.0,8000000.0,8000000.0,8000000.0
4,Perguruan Tinggi Premium & Prestisius,SEKOLAH TINGGI ILMU KOMUNIKASI PROFESI INDONESIA,787,SWASTA,https://campus.quipper.com/directory/sekolah-tinggi-ilmu-komunikasi-profesi-indonesia,D.K.I. JAKARTA,BAIK,banpt-2071,,787,674.0,19.0,4000000.0,4000000.0,4000000.0,8000000.0,8000000.0,8000000.0
4,Perguruan Tinggi Premium & Prestisius,STMIK DCI,788,SWASTA,-,JAWA BARAT,BAIK,banpt-108,,788,-1.0,-1.0,4000000.0,4000000.0,4000000.0,8000000.0,8000000.0,8000000.0
4,Perguruan Tinggi Premium & Prestisius,SEKOLAH TINGGI ILMU EKONOMI INSAN PEMBANGUNAN,789,SWASTA,https://campus.quipper.com/directory/sekolah-tinggi-ilmu-ekonomi-insan-pembangunan,JAWA BARAT,BAIK,banpt-2032,,789,1272.0,41.0,4000000.0,4000000.0,4000000.0,8000000.0,8000000.0,8000000.0
4,Perguruan Tinggi Premium & Prestisius,INSTITUT ILMU SOSIAL DAN BISNIS ANDI SAPADA,790,SWASTA,-,SULAWESI SELATAN,B,banpt-1735,,790,-1.0,-1.0,4000000.0,4000000.0,4000000.0,8000000.0,8000000.0,8000000.0
4,Perguruan Tinggi Premium & Prestisius,STMIK PONTIANAK,791,SWASTA,-,KALIMANTAN BARAT,BAIK,banpt-574,,791,-1.0,-1.0,4000000.0,4000000.0,4000000.0,8000000.0,8000000.0,8000000.0
4,Perguruan Tinggi Premium & Prestisius,STIKES BAKTI NUSANTARA GORONTALO,792,SWASTA,-,GORONTALO,BAIK,banpt-3853,,792,-1.0,-1.0,4000000.0,3250000.0,4750000.0,8000000.0,6500000.0,9500000.0
4,Perguruan Tinggi Premium & Prestisius,SEKOLAH TINGGI ILMU EKONOMI SULTAN AGUNG,793,SWASTA,-,SUMATERA UTARA,BAIK,banpt-2224,,793,-1.0,-1.0,4000000.0,3000000.0,5000000.0,8000000.0,6000000.0,10000000.0
4,Perguruan Tinggi Premium & Prestisius,STIKES MEDIKA NURUL ISLAM,794,SWASTA,-,ACEH,BAIK,banpt-3485,,794,-1.0,-1.0,4000000.0,4000000.0,4000000.0,8000000.0,8000000.0,8000000.0
4,Perguruan Tinggi Premium & Prestisius,UNIVERSITAS PUTRA ABADI LANGKAT,795,SWASTA,-,SUMATERA UTARA,BAIK,banpt-2878,,795,-1.0,-1.0,4000000.0,4000000.0,4000000.0,8000000.0,8000000.0,8000000.0
4,Perguruan Tinggi Premium & Prestisius,STISIP WIDYAPURI MANDIRI,796,SWASTA,-,JAWA BARAT,BAIK,banpt-2532,,796,-1.0,-1.0,4000000.0,4000000.0,4000000.0,8000000.0,8000000.0,8000000.0
4,Perguruan Tinggi Premium & Prestisius,STMIK IM,797,SWASTA,-,JAWA BARAT,TIDAK TERAKREDITASI,banpt-1978,,797,-1.0,-1.0,4000000.0,4000000.0,4000000.0,8000000.0,8000000.0,8000000.0
3,Perguruan Tinggi Menengah di Daerah,UNIVERSITAS NAHDLATUL WATHAN MATARAM,798,SWASTA,-,NUSA TENGGARA BARAT,BAIK SEKALI,banpt-2282,,798,-1.0,-1.0,4000000.0,2000000.0,6000000.0,8000000.0,4000000.0,12000000.0
4,Perguruan Tinggi Premium & Prestisius,UNIVERSITAS ALMA ATA,799,SWASTA,https://campus.quipper.com/directory/universitas-alma-ata,DI YOGYAKARTA,B,banpt-909,96,799,1227.0,133.0,4000000.0,4000000.0,4000000.0,8000000.0,8000000.0,8000000.0
4,Perguruan Tinggi Premium & Prestisius,UNIVERSITAS MEGA BUANA PALOPO,800,SWASTA,-,SULAWESI SELATAN,BAIK SEKALI,banpt-2456,,800,-1.0,-1.0,4000000.0,4000000.0,4000000.0,8000000.0,8000000.0,8000000.0
4,Perguruan Tinggi Premium & Prestisius,SEKOLAH TINGGI ILMU EKONOMI INDONESIA PONTIANAK,801,SWASTA,-,KALIMANTAN BARAT,BAIK,banpt-3928,,801,-1.0,-1.0,4000000.0,4000000.0,4000000.0,8000000.0,8000000.0,8000000.0
4,Perguruan Tinggi Premium & Prestisius,UNIVERSITAS MUHAMMADIYAH MATARAM,802,SWASTA,https://campus.quipper.com/directory/universitas-muhammadiyah-mataram,NUSA TENGGARA BARAT,B,banpt-3418,141,802,7352.0,255.0,4000000.0,4000000.0,4000000.0,8000000.0,8000000.0,8000000.0
4,Perguruan Tinggi Premium & Prestisius,SEKOLAH TINGGI ILMU KESEHATAN NUSANTARA,803,SWASTA,-,NUSA TENGGARA TIMUR,B,banpt-3534,,803,-1.0,-1.0,4000000.0,4000000.0,4000000.0,8000000.0,8000000.0,8000000.0
4,Perguruan Tinggi Premium & Prestisius,STKIP AL HIKMAH SURABAYA,804,SWASTA,https://campus.quipper.com/directory/stkip-al-hikmah-surabaya,JAWA TIMUR,BAIK,banpt-1934,,804,260.0,32.0,4000000.0,4000000.0,4000000.0,8000000.0,8000000.0,8000000.0
4,Perguruan Tinggi Premium & Prestisius,SEKOLAH TINGGI ILMU KESEHATAN ARTA KABANJAHE,805,SWASTA,-,SUMATERA UTARA,BAIK,banpt-898,,805,-1.0,-1.0,4000000.0,4000000.0,4000000.0,8000000.0,8000000.0,8000000.0
4,Perguruan Tinggi Premium & Prestisius,STMIK MULTICOM BOLAAN MONGONDOW,806,SWASTA,-,SULAWESI UTARA,BAIK,banpt-759,,806,-1.0,-1.0,4000000.0,4000000.0,4000000.0,8000000.0,8000000.0,8000000.0
4,Perguruan Tinggi Premium & Prestisius,SEKOLAH TINGGI ILMU KOMPUTER PGRI BANYUWANGI,807,SWASTA,-,JAWA TIMUR,BAIK,banpt-594,,807,-1.0,-1.0,4000000.0,3000000.0,5000000.0,8000000.0,6000000.0,10000000.0
4,Perguruan Tinggi Premium & Prestisius,UNIVERSITAS CARITAS INDONESIA,808,SWASTA,-,PAPUA BARAT,BAIK,banpt-1046,,808,-1.0,-1.0,4000000.0,3500000.0,4500000.0,8000000.0,7000000.0,9000000.0
4,Perguruan Tinggi Premium & Prestisius,STIMI BANJARMASIN,809,SWASTA,-,KALIMANTAN SELATAN,BAIK SEKALI,banpt-1055,,809,-1.0,-1.0,4000000.0,4000000.0,4000000.0,8000000.0,8000000.0,8000000.0
4,Perguruan Tinggi Premium & Prestisius,STKIP MUTIARA BANTEN,810,SWASTA,-,BANTEN,BAIK,banpt-2797,,810,-1.0,-1.0,4000000.0,4000000.0,4000000.0,8000000.0,8000000.0,8000000.0
4,Perguruan Tinggi Premium & Prestisius,SEKOLAH TINGGI KEGURUAN DAN ILMU PENDIDIKAN ROSALIA LAMPUNG,811,SWASTA,-,LAMPUNG,BAIK,banpt-1026,,811,-1.0,-1.0,4000000.0,4000000.0,4000000.0,8000000.0,8000000.0,8000000.0
4,Perguruan Tinggi Premium & Prestisius,UNIVERSITAS ICHSAN SIDENRENG RAPPANG,812,SWASTA,-,SULAWESI SELATAN,BAIK,banpt-1149,,812,-1.0,-1.0,4000000.0,4000000.0,4000000.0,8000000.0,8000000.0,8000000.0
4,Perguruan Tinggi Premium & Prestisius,SEKOLAH TINGGI ILMU EKONOMI BULUNGAN TARAKAN,813,SWASTA,-,KALIMANTAN UTARA,BAIK,banpt-1078,,813,-1.0,-1.0,4000000.0,4000000.0,4000000.0,8000000.0,8000000.0,8000000.0
4,Perguruan Tinggi Premium & Prestisius,SEKOLAH TINGGI ILMU MANAJEMEN SUKMA,814,SWASTA,-,SUMATERA UTARA,B,banpt-2529,,814,-1.0,-1.0,4000000.0,4000000.0,4000000.0,8000000.0,8000000.0,8000000.0
4,Perguruan Tinggi Premium & Prestisius,SEKOLAH TINGGI ILMU MANAJEMEN INDONESIA HANDAYANI,815,SWASTA,-,BALI,BAIK,banpt-3712,,815,-1.0,-1.0,4000000.0,4000000.0,4000000.0,8000000.0,8000000.0,8000000.0
4,Perguruan Tinggi Premium & Prestisius,STIKIP CATUR SAKTI,816,SWASTA,-,D.I. YOGYAKARTA,BAIK,banpt-2823,,816,-1.0,-1.0,4000000.0,4000000.0,4000000.0,8000000.0,8000000.0,8000000.0
4,Perguruan Tinggi Premium & Prestisius,STKIP ARRAHMANIYAH,817,SWASTA,-,JAWA BARAT,BAIK,banpt-1992,,817,-1.0,-1.0,4000000.0,4000000.0,4000000.0,8000000.0,8000000.0,8000000.0
3,Perguruan Tinggi Menengah di Daerah,STIKES PAMENANG,818,SWASTA,-,JAWA TIMUR,BAIK,banpt-3104,,818,-1.0,-1.0,4000000.0,2000000.0,6000000.0,8000000.0,4000000.0,12000000.0
4,Perguruan Tinggi Premium & Prestisius,SEKOLAH TINGGI ILMU KESEHATAN BARAMULI,819,SWASTA,-,SULAWESI SELATAN,BAIK,banpt-3578,,819,-1.0,-1.0,4000000.0,4000000.0,4000000.0,8000000.0,8000000.0,8000000.0
3,Perguruan Tinggi Menengah di Daerah,UNIVERSITAS SEBELAS APRIL,820,SWASTA,-,JAWA BARAT,BAIK SEKALI,banpt-91,,820,-1.0,-1.0,4000000.0,300000.0,7700000.0,8000000.0,600000.0,15400000.0
4,Perguruan Tinggi Premium & Prestisius,STIKES BUANA HUSADA PONOROGO,821,SWASTA,-,JAWA TIMUR,BAIK,banpt-2830,,821,-1.0,-1.0,4000000.0,3500000.0,4500000.0,8000000.0,7000000.0,9000000.0
3,Perguruan Tinggi Menengah di Daerah,STMIK PRANATA INDONESIA,822,SWASTA,-,JAWA BARAT,BAIK,banpt-3216,,822,-1.0,-1.0,3997000.0,234000.0,7760000.0,7994000.0,468000.0,15520000.0
3,Perguruan Tinggi Menengah di Daerah,SEKOLAH TINGGI ILMU KESEHATAN NOTOKUSUMO YOGYAKARTA,823,SWASTA,-,D.I. YOGYAKARTA,BAIK SEKALI,banpt-638,,823,-1.0,-1.0,3975000.0,500000.0,7450000.0,7950000.0,1000000.0,14900000.0
4,Perguruan Tinggi Premium & Prestisius,UNIVERSITAS BATANGHARI JAMBI,824,SWASTA,https://rencanamu.id/cari-kampus/universitas-batanghari-jambi,JAMBI,BAIK SEKALI,banpt-2497,,824,7254.0,7254.0,3950250.0,3510500.0,28084000.0,7900500.0,7021000.0,28084000.0
4,Perguruan Tinggi Premium & Prestisius,UNIVERSITAS MUHAMMADIYAH MALUKU UTARA,825,SWASTA,https://rencanamu.id/cari-kampus/universitas-muhammadiyah-maluku-utara,MALUKU UTARA,BAIK SEKALI,banpt-2318,464,825,9997.0,9997.0,3943375.0,1750000.0,14000000.0,7886750.0,3500000.0,15000000.0
4,Perguruan Tinggi Premium & Prestisius,STMIK BANJARBARU,826,SWASTA,-,KALIMANTAN SELATAN,BAIK,banpt-4019,,826,-1.0,-1.0,3937500.0,3500000.0,4375000.0,7875000.0,7000000.0,8750000.0
3,Perguruan Tinggi Menengah di Daerah,SEKOLAH TINGGI BAHASA ASING CIPTO HADI PRANOTO,827,SWASTA,-,JAWA BARAT,BAIK,banpt-417,,827,-1.0,-1.0,3925000.0,2150000.0,5700000.0,7850000.0,4300000.0,11400000.0
4,Perguruan Tinggi Premium & Prestisius,INSTITUT TEKNOLOGI LOMBOK,828,SWASTA,-,NUSA TENGGARA BARAT,BAIK,banpt-939,,828,-1.0,-1.0,3920000.0,3920000.0,3920000.0,7840000.0,7840000.0,7840000.0
4,Perguruan Tinggi Premium & Prestisius,INSTITUT NASIONAL FLORES,829,SWASTA,-,NUSA TENGGARA TIMUR,BAIK,banpt-1348,,829,-1.0,-1.0,3915000.0,3540000.0,4290000.0,7830000.0,7080000.0,8580000.0
3,Perguruan Tinggi Menengah di Daerah,UNIVERSITAS PEMBINAAN MASYARAKAT INDONESIA,830,SWASTA,-,SUMATERA UTARA,BAIK,banpt-2927,415,830,-1.0,-1.0,3280000.0,2310000.0,4250000.0,6560000.0,4620000.0,8500000.0
4,Perguruan Tinggi Premium & Prestisius,SEKOLAH TINGGI BAHASA ASING IEC JAKARTA,831,SWASTA,-,D.K.I. JAKARTA,BAIK,banpt-2270,,831,-1.0,-1.0,3900000.0,3900000.0,3900000.0,7800000.0,7800000.0,7800000.0
4,Perguruan Tinggi Premium & Prestisius,STIKES SATRIA BHAKTI NGANJUK,832,SWASTA,-,JAWA TIMUR,BAIK,banpt-2711,,832,-1.0,-1.0,3900000.0,3300000.0,4500000.0,7800000.0,6600000.0,9000000.0
4,Perguruan Tinggi Premium & Prestisius,SEKOLAH TINGGI ILMU EKONOMI TRI DHARMA WIDYA,833,SWASTA,-,D.K.I. JAKARTA,BAIK,banpt-1431,,833,-1.0,-1.0,3900000.0,3300000.0,4500000.0,7800000.0,6600000.0,9000000.0
4,Perguruan Tinggi Premium & Prestisius,STIKES DIAN HUSADA,834,SWASTA,-,JAWA TIMUR,BAIK,banpt-2019,,834,-1.0,-1.0,3900000.0,3250000.0,4550000.0,7800000.0,6500000.0,9100000.0
4,Perguruan Tinggi Premium & Prestisius,UNIVERSITAS NUSANTARA PGRI KEDIRI,835,SWASTA,https://campus.quipper.com/directory/universitas-nusantara-pgri-kediri,JAWA TIMUR,BAIK SEKALI,banpt-3502,,835,8384.0,243.0,3900000.0,2000000.0,7200000.0,7800000.0,4000000.0,14400000.0
4,Perguruan Tinggi Premium & Prestisius,SEKOLAH TINGGI KESEHATAN PONDOK PESANTREN ASSANADIYAH PALEMBANG,836,SWASTA,-,SUMATERA SELATAN,BAIK,banpt-3041,,836,-1.0,-1.0,3900000.0,3000000.0,4800000.0,7800000.0,6000000.0,9600000.0
4,Perguruan Tinggi Premium & Prestisius,STKIP PGRI BANGKALAN,837,SWASTA,-,JAWA TIMUR,BAIK SEKALI,banpt-1745,,837,-1.0,-1.0,3900000.0,3800000.0,4000000.0,7800000.0,7600000.0,8000000.0
3,Perguruan Tinggi Menengah di Daerah,UNIVERSITAS HKBP NOMMENSEN PEMATANGSIANTAR,838,SWASTA,-,SUMATERA UTARA,BAIK SEKALI,banpt-2941,,838,-1.0,-1.0,3900000.0,1500000.0,6300000.0,7800000.0,3000000.0,12600000.0
4,Perguruan Tinggi Premium & Prestisius,INSTITUT SAINS TEKNOLOGI DAN KESEHATAN INSAN CENDEKIA HUSADA BOJONEGORO,839,SWASTA,-,JAWA TIMUR,BAIK SEKALI,banpt-867,,839,-1.0,-1.0,3900000.0,3900000.0,3900000.0,7800000.0,7800000.0,7800000.0
4,Perguruan Tinggi Premium & Prestisius,SEKOLAH TINGGI TEKNIK LINGKUNGAN MATARAM,840,SWASTA,-,NUSA TENGGARA BARAT,BAIK,banpt-1912,,840,-1.0,-1.0,3900000.0,3900000.0,3900000.0,7800000.0,7800000.0,7800000.0
4,Perguruan Tinggi Premium & Prestisius,SEKOLAH TINGGI ILMU EKONOMI CENDEKIA BOJONEGORO,841,SWASTA,-,JAWA TIMUR,BAIK,banpt-3730,,841,-1.0,-1.0,3900000.0,3600000.0,4200000.0,7800000.0,7200000.0,8400000.0
3,Perguruan Tinggi Menengah di Daerah,SEKOLAH TINGGI ILMU EKONOMI NU TRATE,842,SWASTA,-,JAWA TIMUR,BAIK,banpt-1880,,842,-1.0,-1.0,3887500.0,2400000.0,5375000.0,7775000.0,4800000.0,10750000.0
4,Perguruan Tinggi Premium & Prestisius,SEKOLAH TINGGI ILMU EKONOMI ARTHA BODHI ISWARA,843,SWASTA,-,JAWA TIMUR,BAIK,banpt-3171,,843,-1.0,-1.0,3875000.0,3000000.0,4750000.0,7750000.0,6000000.0,9500000.0
4,Perguruan Tinggi Premium & Prestisius,UNIVERSITAS COKROAMINOTO PALOPO,844,SWASTA,https://rencanamu.id/cari-kampus/universitas-cokroaminoto-palopo,SULAWESI SELATAN,B,banpt-485,337,844,7839.0,7839.0,3875000.0,1750000.0,6000000.0,7750000.0,3500000.0,12000000.0
3,Perguruan Tinggi Menengah di Daerah,UNIVERSITAS NAHDLATUL ULAMA KALIMANTAN SELATAN,845,SWASTA,-,KALIMANTAN SELATAN,BAIK,banpt-2573,550,845,-1.0,-1.0,3875000.0,1750000.0,6000000.0,7750000.0,3500000.0,12000000.0
4,Perguruan Tinggi Premium & Prestisius,UNIVERSITAS KATOLIK WIDYA MANDIRA KUPANG,846,SWASTA,https://rencanamu.id/cari-kampus/universitas-katolik-widya-mandira-kupang,NUSA TENGGARA TIMUR,B,banpt-3358,,846,5657.0,5657.0,3862500.0,1050000.0,8400000.0,7725000.0,2100000.0,15250000.0
4,Perguruan Tinggi Premium & Prestisius,UNIVERSITAS BINA BANGSA,847,SWASTA,https://rencanamu.id/cari-kampus/sekolah-tinggi-ilmu-ekonomi-bina-bangsa,BANTEN,BAIK,banpt-3456,,847,8319.0,8319.0,3850038.0,3325000.0,26600000.0,7700077.0,6650000.0,26600000.0
4,Perguruan Tinggi Premium & Prestisius,INSTITUT SAINS DAN TEKNOLOGI AL-KAMAL,848,SWASTA,https://campus.quipper.com/directory/institut-sains-dan-teknologi-al-kamal,D.K.I. JAKARTA,BAIK,banpt-3530,,848,371.0,67.0,3850000.0,3850000.0,3850000.0,7700000.0,7700000.0,7700000.0
4,Perguruan Tinggi Premium & Prestisius,UNIVERSITAS MUHAMMADIYAH BUTON,849,SWASTA,https://campus.quipper.com/directory/universitas-muhammadiyah-buton,SULAWESI TENGGARA,BAIK SEKALI,banpt-2226,339,849,5548.0,112.0,3850000.0,1200000.0,7400000.0,7700000.0,2400000.0,13000000.0
3,Perguruan Tinggi Menengah di Daerah,INSTITUT TEKNOLOGI DEL,850,SWASTA,-,SUMATERA UTARA,BAIK SEKALI,banpt-1308,,850,-1.0,-1.0,3825000.0,650000.0,7000000.0,7650000.0,1300000.0,14000000.0
4,Perguruan Tinggi Premium & Prestisius,SEKOLAH TINGGI ILMU HUKUM IBLAM,851,SWASTA,-,D.K.I. JAKARTA,BAIK SEKALI,banpt-1059,,851,-1.0,-1.0,3812500.0,3625000.0,4000000.0,7625000.0,7250000.0,8000000.0
3,Perguruan Tinggi Menengah di Daerah,UNIVERSITAS PANDANARAN,852,SWASTA,-,JAWA TENGAH,B,banpt-2289,320,852,-1.0,-1.0,3800000.0,400000.0,7200000.0,7600000.0,800000.0,14400000.0
4,Perguruan Tinggi Premium & Prestisius,STMIK MARDIRA INDONESIA,853,SWASTA,-,JAWA BARAT,BAIK,banpt-3396,,853,-1.0,-1.0,3800000.0,3600000.0,4000000.0,7600000.0,7200000.0,8000000.0
3,Perguruan Tinggi Menengah di Daerah,UNIVERSITAS NUSA PUTRA,854,SWASTA,-,JAWA BARAT,UNGGUL,banpt-177,185,854,-1.0,-1.0,3800000.0,500000.0,7100000.0,7600000.0,1000000.0,14200000.0
3,Perguruan Tinggi Menengah di Daerah,UNIVERSITAS KUSUMA HUSADA SURAKARTA,855,SWASTA,-,JAWA TENGAH,BAIK,banpt-688,,855,-1.0,-1.0,3775000.0,600000.0,6950000.0,7550000.0,1200000.0,13900000.0
3,Perguruan Tinggi Menengah di Daerah,SEKOLAH TINGGI TEKNOLOGI MIGAS,856,SWASTA,-,KALIMANTAN TIMUR,B,banpt-2268,,856,-1.0,-1.0,3775000.0,500000.0,7050000.0,7550000.0,1000000.0,14100000.0
3,Perguruan Tinggi Menengah di Daerah,SEKOLAH TINGGI MANAJEMEN INFORMATIKA DAN KOMPUTER PESAT NABIRE,857,SWASTA,-,PAPUA,BAIK,banpt-2708,,857,-1.0,-1.0,3775000.0,2100000.0,5450000.0,7550000.0,4200000.0,10900000.0
3,Perguruan Tinggi Menengah di Daerah,UNIVERSITAS NUSA BANGSA,858,SWASTA,-,JAWA BARAT,BAIK,banpt-2970,515,858,-1.0,-1.0,3775000.0,550000.0,7000000.0,7550000.0,1100000.0,14000000.0
3,Perguruan Tinggi Menengah di Daerah,SEKOLAH TINGGI ILMU EKONOMI PEMNAS INDONESIA,859,SWASTA,-,JAWA TIMUR,BAIK,banpt-2213,,859,-1.0,-1.0,3750000.0,2500000.0,5000000.0,7500000.0,5000000.0,10000000.0
3,Perguruan Tinggi Menengah di Daerah,UNIVERSITAS DHARMA WACANA,860,SWASTA,-,LAMPUNG,B,banpt-519,,860,-1.0,-1.0,3750000.0,1000000.0,6500000.0,7500000.0,2000000.0,13000000.0
3,Perguruan Tinggi Menengah di Daerah,UNIVERSITAS AL-AZHAR,861,SWASTA,-,SUMATERA UTARA,BAIK,banpt-1807,505,861,-1.0,-1.0,3750000.0,1500000.0,6000000.0,7500000.0,3000000.0,12000000.0
3,Perguruan Tinggi Menengah di Daerah,UNIVERSITAS TANGERANG RAYA,862,SWASTA,-,BANTEN,BAIK,banpt-2653,,862,-1.0,-1.0,3750000.0,2400000.0,5100000.0,7500000.0,4800000.0,10200000.0
3,Perguruan Tinggi Menengah di Daerah,UNIVERSITAS METAMEDIA,863,SWASTA,-,SUMATERA BARAT,B,banpt-225,,863,-1.0,-1.0,3750000.0,1500000.0,6000000.0,7500000.0,3000000.0,12000000.0
3,Perguruan Tinggi Menengah di Daerah,STIKES TANAWALI TAKALAR,864,SWASTA,-,SULAWESI SELATAN,BAIK,banpt-465,,864,-1.0,-1.0,3750000.0,2500000.0,5000000.0,7500000.0,5000000.0,10000000.0
3,Perguruan Tinggi Menengah di Daerah,INSTITUT PRIMA BANGSA,865,SWASTA,-,JAWA BARAT,B,banpt-1464,,865,-1.0,-1.0,3750000.0,2500000.0,5000000.0,7500000.0,5000000.0,10000000.0
3,Perguruan Tinggi Menengah di Daerah,UNIVERSITAS FAJAR,866,SWASTA,https://rencanamu.id/cari-kampus/universitas-fajar,SULAWESI SELATAN,B,banpt-3126,322,866,-1.0,-1.0,3750000.0,500000.0,7000000.0,7500000.0,1000000.0,14000000.0
3,Perguruan Tinggi Menengah di Daerah,UNIVERSITAS COKROAMINOTO YOGYAKARTA,867,SWASTA,https://campus.quipper.com/directory/universitas-cokroaminoto-yogyakarta,D.I. YOGYAKARTA,BAIK SEKALI,banpt-2647,352,867,1015.0,49.0,3750000.0,2300000.0,7200000.0,7500000.0,4600000.0,14400000.0
3,Perguruan Tinggi Menengah di Daerah,UNIVERSITAS LAMAPPAPOLEONRO,868,SWASTA,-,SULAWESI SELATAN,B,banpt-2634,,868,-1.0,-1.0,3750000.0,2000000.0,5500000.0,7500000.0,4000000.0,11000000.0
3,Perguruan Tinggi Menengah di Daerah,STIKES YAHYA BIMA,869,SWASTA,-,NUSA TENGGARA BARAT,BAIK,banpt-3311,,869,-1.0,-1.0,3750000.0,2500000.0,5000000.0,7500000.0,5000000.0,10000000.0
4,Perguruan Tinggi Premium & Prestisius,UNIVERSITAS ISLAM LAMONGAN,870,SWASTA,https://rencanamu.id/cari-kampus/universitas-islam-lamongan,JAWA TIMUR,BAIK SEKALI,banpt-3280,195,870,4261.0,4261.0,3750000.0,2500000.0,5000000.0,7500000.0,5000000.0,10000000.0
3,Perguruan Tinggi Menengah di Daerah,INSTITUT TEKNOLOGI DAN BISNIS KRISTEN BUKIT PENGHARAPAN,871,SWASTA,-,JAWA TENGAH,BAIK,banpt-636,,871,-1.0,-1.0,3750000.0,2500000.0,5000000.0,7500000.0,5000000.0,10000000.0
3,Perguruan Tinggi Menengah di Daerah,SEKOLAH TINGGI ILMU ADMINISTRASI MALANG,872,SWASTA,-,JAWA TIMUR,BAIK,banpt-3303,,872,-1.0,-1.0,3750000.0,200000.0,7300000.0,7500000.0,400000.0,14600000.0
4,Perguruan Tinggi Premium & Prestisius,INSTITUT TEKNOLOGI DAN ILMU SOSIAL KHATULISTIWA,873,SWASTA,-,SUMATERA BARAT,B,banpt-2621,,873,-1.0,-1.0,3750000.0,3750000.0,3750000.0,7500000.0,7500000.0,7500000.0
4,Perguruan Tinggi Premium & Prestisius,SEKOLAH TINGGI ILMU EKONOMI MUHAMMADIYAH CILACAP,874,SWASTA,-,JAWA TENGAH,BAIK,banpt-152,,874,-1.0,-1.0,3750000.0,3500000.0,4000000.0,7500000.0,7000000.0,8000000.0
4,Perguruan Tinggi Premium & Prestisius,SEKOLAH TINGGI ILMU HUKUM SOELTHAN M TSJAFIOEDDIN,875,SWASTA,-,KALIMANTAN BARAT,BAIK,banpt-474,,875,-1.0,-1.0,3750000.0,3500000.0,4000000.0,7500000.0,7000000.0,8000000.0
3,Perguruan Tinggi Menengah di Daerah,SEKOLAH TINGGI ILMU KESEHATAN FITRAH ALDAR,876,SWASTA,-,SUMATERA SELATAN,BAIK,banpt-1469,,876,-1.0,-1.0,3750000.0,2500000.0,5000000.0,7500000.0,5000000.0,10000000.0
3,Perguruan Tinggi Menengah di Daerah,UNIVERSITAS PERSATUAN ISLAM,877,SWASTA,-,JAWA BARAT,BAIK SEKALI,banpt-316,,877,-1.0,-1.0,3750000.0,3000000.0,4500000.0,7500000.0,6000000.0,9000000.0
4,Perguruan Tinggi Premium & Prestisius,SEKOLAH TINGGI ILMU KESEHATAN SALEWANGANG MAROS,878,SWASTA,-,SULAWESI SELATAN,BAIK SEKALI,banpt-1595,,878,-1.0,-1.0,3750000.0,3500000.0,4000000.0,7500000.0,7000000.0,8000000.0
3,Perguruan Tinggi Menengah di Daerah,UNIVERSITAS ABDURACHMAN SALEH SITUBONDO,879,SWASTA,-,JAWA TIMUR,B,banpt-226,,879,-1.0,-1.0,3750000.0,2500000.0,5000000.0,7500000.0,5000000.0,10000000.0
3,Perguruan Tinggi Menengah di Daerah,UNIVERSITAS MUSI RAWAS,880,SWASTA,-,SUMATERA SELATAN,BAIK,banpt-483,552,880,-1.0,-1.0,3750000.0,1500000.0,6000000.0,7500000.0,3000000.0,12000000.0
3,Perguruan Tinggi Menengah di Daerah,STIPER SANTO THOMAS AQUINAS JAYAPURA,881,SWASTA,-,PAPUA,BAIK,banpt-2587,,881,-1.0,-1.0,3730000.0,1810000.0,5650000.0,7460000.0,3620000.0,11300000.0
3,Perguruan Tinggi Menengah di Daerah,SEKOLAH TINGGI PARIWISATA ARS INTERNASIONAL,882,SWASTA,-,JAWA BARAT,BAIK,banpt-1920,,882,-1.0,-1.0,3725000.0,2950000.0,4500000.0,7450000.0,5900000.0,9000000.0
3,Perguruan Tinggi Menengah di Daerah,UNIVERSITAS ANNUQAYAH,883,SWASTA,-,JAWA TIMUR,BAIK,banpt-1560,,883,-1.0,-1.0,3725000.0,950000.0,6500000.0,7450000.0,1900000.0,13000000.0
3,Perguruan Tinggi Menengah di Daerah,UNIVERSITAS BOYOLALI,884,SWASTA,https://rencanamu.id/cari-kampus/universitas-boyolali,JAWA TENGAH,B,banpt-285,434,884,-1.0,-1.0,3725000.0,2950000.0,4500000.0,7450000.0,5900000.0,9000000.0
3,Perguruan Tinggi Menengah di Daerah,UNIVERSITAS PRIMA NUSANTARA BUKITTINGGI,885,SWASTA,-,SUMATERA BARAT,UNGGUL,banpt-173,,885,-1.0,-1.0,3705000.0,250000.0,7160000.0,7410000.0,500000.0,14320000.0
4,Perguruan Tinggi Premium & Prestisius,UNIVERSITAS QUALITY,886,SWASTA,https://rencanamu.id/cari-kampus/universitas-quality,SUMATERA UTARA,BAIK,banpt-1957,520,886,2815.0,2815.0,3700000.0,3550000.0,28400000.0,7400001.0,7100000.0,28400000.0
4,Perguruan Tinggi Premium & Prestisius,IKIP PGRI PONTIANAK,887,SWASTA,https://campus.quipper.com/directory/ikip-pgri-pontianak,KALIMANTAN,B,banpt-2207,,887,7982.0,199.0,3700000.0,3700000.0,3700000.0,7400000.0,7400000.0,7400000.0
3,Perguruan Tinggi Menengah di Daerah,STKIP MUHAMMADIYAH LUMAJANG,888,SWASTA,-,JAWA TIMUR,BAIK,banpt-2624,,888,-1.0,-1.0,1500000.0,1500000.0,1500000.0,3000000.0,3000000.0,3000000.0
3,Perguruan Tinggi Menengah di Daerah,UNIVERSITAS TRIATMA MULYA,889,SWASTA,-,BALI,BAIK SEKALI,banpt-2526,,889,-1.0,-1.0,3700000.0,400000.0,7000000.0,7400000.0,800000.0,14000000.0
3,Perguruan Tinggi Menengah di Daerah,UNIVERSITAS KH. A. WAHAB HASBULLAH,890,SWASTA,-,JAWA TIMUR,BAIK SEKALI,banpt-717,326,890,-1.0,-1.0,3700000.0,2400000.0,5000000.0,7400000.0,4800000.0,10000000.0
3,Perguruan Tinggi Menengah di Daerah,STMIK JAYAKARTA,891,SWASTA,-,D.K.I. JAKARTA,BAIK,banpt-2127,,891,-1.0,-1.0,3700000.0,2500000.0,4900000.0,7400000.0,5000000.0,9800000.0
3,Perguruan Tinggi Menengah di Daerah,STKIP PGRI SIDOARJO,892,SWASTA,-,JAWA TIMUR,B,banpt-1929,,892,-1.0,-1.0,3700000.0,400000.0,7000000.0,7400000.0,800000.0,14000000.0
3,Perguruan Tinggi Menengah di Daerah,UNIVERSITAS MUHADI SETIABUDI,893,SWASTA,-,JAWA TENGAH,BAIK SEKALI,banpt-1626,307,893,-1.0,-1.0,3675500.0,850000.0,6501000.0,7351000.0,1700000.0,13002000.0
3,Perguruan Tinggi Menengah di Daerah,STISIP MARGARANA,894,SWASTA,-,BALI,BAIK,banpt-1960,,894,-1.0,-1.0,3675000.0,3100000.0,4250000.0,7350000.0,6200000.0,8500000.0
3,Perguruan Tinggi Menengah di Daerah,INSTITUT TEKNOLOGI STATISTIKA DAN BISNIS MUHAMMADIYAH SEMARANG,895,SWASTA,-,JAWA TENGAH,BAIK SEKALI,banpt-1844,,895,-1.0,-1.0,3675000.0,2400000.0,4950000.0,7350000.0,4800000.0,9900000.0
3,Perguruan Tinggi Menengah di Daerah,UNIVERSITAS MANGKU WIYATA,896,SWASTA,-,BANTEN,TIDAK TERAKREDITASI,banpt-840,,896,-1.0,-1.0,3675000.0,2250000.0,5100000.0,7350000.0,4500000.0,10200000.0
3,Perguruan Tinggi Menengah di Daerah,UNIVERSITAS SUMATERA BARAT,897,SWASTA,-,SUMATERA BARAT,B,banpt-2293,,897,-1.0,-1.0,3675000.0,1000000.0,6350000.0,7350000.0,2000000.0,12700000.0
3,Perguruan Tinggi Menengah di Daerah,SEKOLAH TINGGI ILMU BISNIS KUMALA NUSA,898,SWASTA,-,D.I. YOGYAKARTA,BAIK,banpt-1869,,898,-1.0,-1.0,3670000.0,3670000.0,3670000.0,7340000.0,7340000.0,7340000.0
3,Perguruan Tinggi Menengah di Daerah,SEKOLAH TINGGI TEKNIK WIWOROTOMO,899,SWASTA,-,JAWA TENGAH,BAIK,banpt-1904,,899,-1.0,-1.0,3657500.0,2340000.0,4975000.0,7315000.0,4680000.0,9950000.0
3,Perguruan Tinggi Menengah di Daerah,SEKOLAH TINGGI ILMU EKONOMI KASIH BANGSA,900,SWASTA,-,D.K.I. JAKARTA,BAIK,banpt-327,,900,-1.0,-1.0,3650000.0,2500000.0,4800000.0,7300000.0,5000000.0,9600000.0
4,Perguruan Tinggi Premium & Prestisius,UNIVERSITAS PAMULANG,901,SWASTA,https://rencanamu.id/cari-kampus/universitas-pamulang,BANTEN,C,banpt-1813,72,901,63475.0,63475.0,3650000.0,2400000.0,13200000.0,7300000.0,4800000.0,13200000.0
4,Perguruan Tinggi Premium & Prestisius,UNIVERSITAS ICHSAN GORONTALO,902,SWASTA,https://rencanamu.id/cari-kampus/universitas-ichsan-gorontalo,GORONTALO,B,banpt-2872,452,902,3954.0,3954.0,3625000.0,2250000.0,5000000.0,7250000.0,4500000.0,10000000.0
3,Perguruan Tinggi Menengah di Daerah,STIH PUTRI MAHARAJA,903,SWASTA,-,SUMATERA BARAT,BAIK,banpt-739,,903,-1.0,-1.0,3625000.0,3500000.0,3750000.0,7250000.0,7000000.0,7500000.0
3,Perguruan Tinggi Menengah di Daerah,UNIVERSITAS MAHENDRADATTA,904,SWASTA,-,BALI,BAIK SEKALI,banpt-882,542,904,-1.0,-1.0,3625000.0,3250000.0,4000000.0,7250000.0,6500000.0,8000000.0
3,Perguruan Tinggi Menengah di Daerah,STIKES MARANATHA KUPANG,905,SWASTA,-,NUSA TENGGARA TIMUR,BAIK,banpt-2178,,905,-1.0,-1.0,3600000.0,3600000.0,3600000.0,7200000.0,7200000.0,7200000.0
3,Perguruan Tinggi Menengah di Daerah,UNIVERSITAS YARSI PRATAMA,906,SWASTA,-,BANTEN,BAIK,banpt-1323,,906,-1.0,-1.0,3600000.0,2400000.0,4800000.0,7200000.0,4800000.0,9600000.0
3,Perguruan Tinggi Menengah di Daerah,STIKES PIALA SAKTI PARIAMAN,907,SWASTA,-,SUMATERA BARAT,BAIK,banpt-3907,,907,-1.0,-1.0,3600000.0,3100000.0,4100000.0,7200000.0,6200000.0,8200000.0
3,Perguruan Tinggi Menengah di Daerah,STMIK LOMBOK,908,SWASTA,-,NUSA TENGGARA BARAT,BAIK,banpt-2585,,908,-1.0,-1.0,3600000.0,2400000.0,4800000.0,7200000.0,4800000.0,9600000.0
3,Perguruan Tinggi Menengah di Daerah,INSTITUT SAINS DAN BISNIS INTERNASIONAL SINGKAWANG,909,SWASTA,-,KALIMANTAN BARAT,BAIK SEKALI,banpt-1245,,909,-1.0,-1.0,3595000.0,240000.0,6950000.0,7190000.0,480000.0,13900000.0
4,Perguruan Tinggi Premium & Prestisius,STMIK TRIGUNA DHARMA,910,SWASTA,https://rencanamu.id/cari-kampus/stmik-triguna-dharma,SUMATERA UTARA,B,banpt-1969,,910,4606.0,4606.0,3568000.0,2996000.0,4140000.0,7136000.0,5992000.0,8280000.0
3,Perguruan Tinggi Menengah di Daerah,UNIVERSITAS NURUL HUDA,911,SWASTA,-,SUMATERA SELATAN,BAIK,banpt-3228,,911,-1.0,-1.0,3560000.0,600000.0,6520000.0,7120000.0,1200000.0,13040000.0
3,Perguruan Tinggi Menengah di Daerah,SEKOLAH TINGGI PEMBANGUNAN MASYARAKAT SANTA URSULA,912,SWASTA,-,NUSA TENGGARA TIMUR,BAIK,banpt-3055,,912,-1.0,-1.0,3550000.0,2200000.0,4900000.0,7100000.0,4400000.0,9800000.0
3,Perguruan Tinggi Menengah di Daerah,UNIVERSITAS 17 AGUSTUS 1945 BANYUWANGI,913,SWASTA,-,JAWA TIMUR,BAIK SEKALI,banpt-2142,401,913,-1.0,-1.0,3550000.0,500000.0,6600000.0,7100000.0,1000000.0,13200000.0
3,Perguruan Tinggi Menengah di Daerah,STKIP VETERAN SIDRAP,914,SWASTA,-,SULAWESI SELATAN,BAIK,banpt-875,,914,-1.0,-1.0,3550000.0,3550000.0,3550000.0,7100000.0,7100000.0,7100000.0
3,Perguruan Tinggi Menengah di Daerah,SEKOLAH TINGGI ILMU EKONOMI DHARMA BUMI PUTRA,915,SWASTA,-,D.K.I. JAKARTA,BAIK,banpt-897,,915,-1.0,-1.0,3537500.0,125000.0,6950000.0,7075000.0,250000.0,13900000.0
3,Perguruan Tinggi Menengah di Daerah,UNIVERSITAS TEKNOLOGI DIGITAL,916,SWASTA,-,JAWA BARAT,BAIK,banpt-1600,498,916,-1.0,-1.0,4050000.0,3900000.0,4200000.0,8100000.0,7800000.0,8400000.0
3,Perguruan Tinggi Menengah di Daerah,UNIVERSITAS PENDIDIKAN MANDALIKA,917,SWASTA,-,NUSA TENGGARA BARAT,BAIK SEKALI,banpt-2156,,917,-1.0,-1.0,3525000.0,1000000.0,6050000.0,7050000.0,2000000.0,12100000.0
3,Perguruan Tinggi Menengah di Daerah,INSTITUT TEKNOLOGI DAN BISNIS ASIA MALANG,918,SWASTA,-,JAWA TIMUR,BAIK,banpt-3438,,918,-1.0,-1.0,3800000.0,3350000.0,4250000.0,7600000.0,6700000.0,8500000.0
3,Perguruan Tinggi Menengah di Daerah,SEKOLAH TINGGI ILMU HUKUM JENDERAL SUDIRMAN,919,SWASTA,-,JAWA TIMUR,BAIK SEKALI,banpt-869,,919,-1.0,-1.0,3500000.0,3500000.0,3500000.0,7000000.0,7000000.0,7000000.0
3,Perguruan Tinggi Menengah di Daerah,INSTITUT TEKNOLOGI AL-MUHAJIRIN,920,SWASTA,-,JAWA BARAT,BAIK,banpt-1272,,920,-1.0,-1.0,3500000.0,3500000.0,3500000.0,7000000.0,7000000.0,7000000.0
3,Perguruan Tinggi Menengah di Daerah,SEKOLAH TINGGI ILMU HUKUM MANOKWARI,921,SWASTA,-,PAPUA BARAT,BAIK SEKALI,banpt-2674,,921,-1.0,-1.0,3500000.0,3000000.0,4000000.0,7000000.0,6000000.0,8000000.0
3,Perguruan Tinggi Menengah di Daerah,STIKES SAKINAH HUSADA TANJUNG BALAI,922,SWASTA,-,SUMATERA UTARA,BAIK,banpt-1365,,922,-1.0,-1.0,3500000.0,3000000.0,4000000.0,7000000.0,6000000.0,8000000.0
3,Perguruan Tinggi Menengah di Daerah,STKIP MUHAMMADIYAH ACEH BARAT DAYA,923,SWASTA,-,ACEH,BAIK,banpt-3444,,923,-1.0,-1.0,3500000.0,3500000.0,3500000.0,7000000.0,7000000.0,7000000.0
3,Perguruan Tinggi Menengah di Daerah,UNIVERSITAS HARAPAN MEDAN,924,SWASTA,-,SUMATERA UTARA,BAIK,banpt-3900,,924,-1.0,-1.0,3500000.0,1000000.0,6000000.0,7000000.0,2000000.0,12000000.0
3,Perguruan Tinggi Menengah di Daerah,SEKOLAH TINGGI ILMU KESEHATAN DARMO,925,SWASTA,-,SUMATERA UTARA,BAIK,banpt-888,,925,-1.0,-1.0,3500000.0,3000000.0,4000000.0,7000000.0,6000000.0,8000000.0
3,Perguruan Tinggi Menengah di Daerah,UNIVERSITAS WASKITA DHARMA,926,SWASTA,-,JAWA TIMUR,BAIK,banpt-192,,926,-1.0,-1.0,3500000.0,2000000.0,5000000.0,7000000.0,4000000.0,10000000.0
3,Perguruan Tinggi Menengah di Daerah,SEKOLAH TINGGI ILMU EKONOMI MUARA TEWEH,927,SWASTA,-,KALIMANTAN TENGAH,BAIK,banpt-3876,,927,-1.0,-1.0,3500000.0,3500000.0,3500000.0,7000000.0,7000000.0,7000000.0
3,Perguruan Tinggi Menengah di Daerah,SEKOLAH TINGGI ILMU HUKUM PROFESOR GAYUS LUMBUUN,928,SWASTA,-,D.K.I. JAKARTA,BAIK SEKALI,banpt-1075,,928,-1.0,-1.0,3500000.0,3500000.0,3500000.0,7000000.0,7000000.0,7000000.0
4,Perguruan Tinggi Premium & Prestisius,UNIVERSITAS TRIDINANTI,929,SWASTA,https://rencanamu.id/cari-kampus/universitas-tridinanti,SUMATERA SELATAN,B,banpt-2359,,929,6324.0,6324.0,3500000.0,3500000.0,28000000.0,7000000.0,7000000.0,28000000.0
3,Perguruan Tinggi Menengah di Daerah,UNIVERSITAS BILLFATH,930,SWASTA,-,JAWA TIMUR,BAIK,banpt-3960,466,930,-1.0,-1.0,3500000.0,3500000.0,3500000.0,7000000.0,7000000.0,7000000.0
3,Perguruan Tinggi Menengah di Daerah,UNIVERSITAS ABDURACHMAN SALEH,931,SWASTA,https://campus.quipper.com/directory/universitas-abdurachman-saleh,JAWA TIMUR,B,-,298,931,3483.0,88.0,3500000.0,3500000.0,3500000.0,7000000.0,7000000.0,7000000.0
3,Perguruan Tinggi Menengah di Daerah,UNIVERSITAS PERJUANGAN TASIKMALAYA,932,SWASTA,-,JAWA BARAT,BAIK,banpt-2584,433,932,-1.0,-1.0,3500000.0,3000000.0,4000000.0,7000000.0,6000000.0,8000000.0
3,Perguruan Tinggi Menengah di Daerah,UNIVERSITAS MUHAMMADIYAH MAMUJU,933,SWASTA,-,SULAWESI BARAT,BAIK,banpt-3227,,933,-1.0,-1.0,3500000.0,1500000.0,5500000.0,7000000.0,3000000.0,11000000.0
3,Perguruan Tinggi Menengah di Daerah,STIKES NAULI HUSADA,934,SWASTA,-,SUMATERA UTARA,BAIK,banpt-1377,,934,-1.0,-1.0,3500000.0,3000000.0,4000000.0,7000000.0,6000000.0,8000000.0
4,Perguruan Tinggi Premium & Prestisius,UNIVERSITAS ISLAM MAKASSAR,935,SWASTA,https://campus.quipper.com/directory/universitas-islam-makassar,SULAWESI SELATAN,B,banpt-463,506,935,8003.0,321.0,3500000.0,1000000.0,6000000.0,7000000.0,2000000.0,12000000.0
3,Perguruan Tinggi Menengah di Daerah,SEKOLAH TINGGI ILMU EKONOMI SATYA DHARMA,936,SWASTA,-,BALI,BAIK,banpt-74,,936,-1.0,-1.0,3500000.0,3500000.0,3500000.0,7000000.0,7000000.0,7000000.0
3,Perguruan Tinggi Menengah di Daerah,SEKOLAH TINGGI ILMU KESEHATAN SEHAT MEDAN,937,SWASTA,-,SUMATERA UTARA,BAIK,banpt-2016,,937,-1.0,-1.0,3500000.0,3000000.0,4000000.0,7000000.0,6000000.0,8000000.0
3,Perguruan Tinggi Menengah di Daerah,INSTITUT PENDIDIKAN DAN BAHASA INVADA,938,SWASTA,https://campus.quipper.com/directory/institut-pendidikan-dan-bahasa-invada-ipb-cirebon,JAWA BARAT,B,banpt-2936,,938,1548.0,43.0,3500000.0,3000000.0,4000000.0,7000000.0,6000000.0,8000000.0
3,Perguruan Tinggi Menengah di Daerah,SEKOLAH TINGGI ILMU HUKUM MIMIKA,939,SWASTA,-,PAPUA,BAIK,banpt-1655,,939,-1.0,-1.0,3500000.0,3500000.0,3500000.0,7000000.0,7000000.0,7000000.0
3,Perguruan Tinggi Menengah di Daerah,INSTITUT TEKNOLOGI KESEHATAN DAN SAINS WIYATA HUSADA SAMARINDA,940,SWASTA,-,KALIMANTAN TIMUR,BAIK SEKALI,banpt-2555,,940,-1.0,-1.0,3500000.0,3500000.0,3500000.0,7000000.0,7000000.0,7000000.0
3,Perguruan Tinggi Menengah di Daerah,SEKOLAH TINGGI ILMU EKONOMI PARIWISATA,941,SWASTA,-,SULAWESI UTARA,BAIK,banpt-1516,,941,-1.0,-1.0,3500000.0,3500000.0,3500000.0,7000000.0,7000000.0,7000000.0
3,Perguruan Tinggi Menengah di Daerah,SEKOLAH TINGGI ILMU KESEHATAN AR-RUM,942,SWASTA,-,JAWA TENGAH,BAIK,banpt-2682,,942,-1.0,-1.0,3500000.0,3500000.0,3500000.0,7000000.0,7000000.0,7000000.0
3,Perguruan Tinggi Menengah di Daerah,SEKOLAH TINGGI ILMU KOMUNIKASI PEMBANGUNAN,943,SWASTA,-,SUMATERA UTARA,BAIK,banpt-1698,,943,-1.0,-1.0,3500000.0,3500000.0,3500000.0,7000000.0,7000000.0,7000000.0
3,Perguruan Tinggi Menengah di Daerah,UNIVERSITAS PGRI MPU SINDOK,944,SWASTA,-,JAWA TIMUR,BAIK,banpt-99,,944,-1.0,-1.0,3500000.0,3000000.0,4000000.0,7000000.0,6000000.0,8000000.0
3,Perguruan Tinggi Menengah di Daerah,UNIVERSITAS LANGLANG BUANA,945,SWASTA,-,JAWA BARAT,BAIK SEKALI,banpt-2540,,945,-1.0,-1.0,3500000.0,500000.0,6500000.0,7000000.0,1000000.0,13000000.0
3,Perguruan Tinggi Menengah di Daerah,SEKOLAH TINGGI ILMU KESEHATAN COLUMBIA ASIA,946,SWASTA,-,SUMATERA UTARA,BAIK,banpt-309,,946,-1.0,-1.0,3486750.0,973500.0,6000000.0,6973500.0,1947000.0,12000000.0
3,Perguruan Tinggi Menengah di Daerah,SEKOLAH TINGGI ILMU ADMINISTRASI TABALONG,947,SWASTA,-,KALIMANTAN SELATAN,BAIK,banpt-3062,,947,-1.0,-1.0,3481250.0,2400000.0,4562500.0,6962500.0,4800000.0,9125000.0
3,Perguruan Tinggi Menengah di Daerah,UNIVERSITAS CENDEKIA MITRA INDONESIA,948,SWASTA,-,D.I. YOGYAKARTA,BAIK,banpt-1192,,948,-1.0,-1.0,3475000.0,1500000.0,5450000.0,6950000.0,3000000.0,10900000.0
3,Perguruan Tinggi Menengah di Daerah,UNIVERSITAS WIDYA GAMA MAHAKAM SAMARINDA,949,SWASTA,-,KALIMANTAN TIMUR,BAIK SEKALI,banpt-2603,395,949,-1.0,-1.0,3475000.0,200000.0,6750000.0,6950000.0,400000.0,13500000.0
4,Perguruan Tinggi Premium & Prestisius,UNIVERSITAS PUTRA INDONESIA YPTK PADANG,950,SWASTA,https://rencanamu.id/cari-kampus/universitas-putra-indonesia-yptk-padang,SUMATERA BARAT,B,banpt-3127,255,950,9962.0,9962.0,3475000.0,2500000.0,19600000.0,6950000.0,5000000.0,19600000.0
3,Perguruan Tinggi Menengah di Daerah,UNIVERSITAS MUHAMMADIYAH MADIUN,951,SWASTA,-,JAWA TIMUR,BAIK SEKALI,banpt-1038,,951,-1.0,-1.0,3475000.0,1700000.0,5250000.0,6950000.0,3400000.0,10500000.0
3,Perguruan Tinggi Menengah di Daerah,UNIVERSITAS KAHURIPAN KEDIRI,952,SWASTA,-,JAWA TIMUR,BAIK,banpt-2120,384,952,-1.0,-1.0,3475000.0,2500000.0,4450000.0,6950000.0,5000000.0,8900000.0
3,Perguruan Tinggi Menengah di Daerah,SEKOLAH TINGGI ILMU KESEHATAN AN NUR HUSADA LAMPUNG UTARA,953,SWASTA,-,LAMPUNG,BAIK,banpt-1394,,953,-1.0,-1.0,3450000.0,2400000.0,4500000.0,6900000.0,4800000.0,9000000.0
3,Perguruan Tinggi Menengah di Daerah,SEKOLAH TINGGI ILMU KESEHATAN GRIYA HUSADA SURABAYA,954,SWASTA,-,JAWA TIMUR,BAIK,banpt-1661,,954,-1.0,-1.0,3450000.0,2400000.0,4500000.0,6900000.0,4800000.0,9000000.0
3,Perguruan Tinggi Menengah di Daerah,UNIVERSITAS MUHAMMADIYAH BOGOR RAYA,955,SWASTA,-,JAWA BARAT,BAIK SEKALI,banpt-975,,955,-1.0,-1.0,3450000.0,400000.0,6500000.0,6900000.0,800000.0,13000000.0
3,Perguruan Tinggi Menengah di Daerah,UNIVERSITAS DHARMA AUB SURAKARTA,956,SWASTA,-,JAWA TENGAH,BAIK SEKALI,banpt-25,,956,-1.0,-1.0,3450000.0,3300000.0,3600000.0,6900000.0,6600000.0,7200000.0
3,Perguruan Tinggi Menengah di Daerah,UNIVERSITAS NGURAH RAI,957,SWASTA,https://campus.quipper.com/directory/universitas-ngurah-rai,BALI,BAIK SEKALI,banpt-2914,488,957,2389.0,88.0,3450000.0,2200000.0,4700000.0,6900000.0,4400000.0,9400000.0
3,Perguruan Tinggi Menengah di Daerah,SEKOLAH TINGGI ILMU KESEHATAN MUHAMMADIYAH WONOSOBO,958,SWASTA,-,JAWA TENGAH,BAIK SEKALI,banpt-700,,958,-1.0,-1.0,3450000.0,2400000.0,4500000.0,6900000.0,4800000.0,9000000.0
3,Perguruan Tinggi Menengah di Daerah,UNIVERSITAS MURNI TEGUH,959,SWASTA,-,SUMATERA UTARA,BAIK SEKALI,banpt-332,,959,-1.0,-1.0,3445000.0,2400000.0,4490000.0,6890000.0,4800000.0,8980000.0
3,Perguruan Tinggi Menengah di Daerah,STMIK PELITA NUSANTARA,960,SWASTA,-,SUMATERA UTARA,BAIK SEKALI,banpt-2709,,960,-1.0,-1.0,3437500.0,3250000.0,3625000.0,6875000.0,6500000.0,7250000.0
3,Perguruan Tinggi Menengah di Daerah,STKIP BUDIDAYA,961,SWASTA,-,SUMATERA UTARA,BAIK,banpt-3523,,961,-1.0,-1.0,3430000.0,2000000.0,4860000.0,6860000.0,4000000.0,9720000.0
3,Perguruan Tinggi Menengah di Daerah,UNIVERSITAS NAHDLATUL ULAMA SURAKARTA,962,SWASTA,-,JAWA TENGAH,BAIK SEKALI,banpt-3139,553,962,-1.0,-1.0,3410000.0,220000.0,6600000.0,6820000.0,440000.0,13200000.0
3,Perguruan Tinggi Menengah di Daerah,INSTITUT BUDI UTOMO NASIONAL,963,SWASTA,-,JAWA BARAT,BAIK,banpt-2320,,963,-1.0,-1.0,3405000.0,3000000.0,3810000.0,6810000.0,6000000.0,7620000.0
3,Perguruan Tinggi Menengah di Daerah,INSTITUT TEKNOLOGI DAN BISNIS PGRI DEWANTARA JOMBANG,964,SWASTA,-,JAWA TIMUR,BAIK SEKALI,banpt-269,,964,-1.0,-1.0,3400000.0,2250000.0,4550000.0,6800000.0,4500000.0,9100000.0
3,Perguruan Tinggi Menengah di Daerah,SEKOLAH TINGGI ILMU EKONOMI KARYA,965,SWASTA,-,NUSA TENGGARA TIMUR,BAIK,banpt-3397,,965,-1.0,-1.0,3400000.0,2000000.0,4800000.0,6800000.0,4000000.0,9600000.0
3,Perguruan Tinggi Menengah di Daerah,UNIVERSITAS PRABUMULIH,966,SWASTA,-,SUMATERA SELATAN,BAIK,banpt-1945,,966,-1.0,-1.0,3400000.0,2000000.0,4800000.0,6800000.0,4000000.0,9600000.0
3,Perguruan Tinggi Menengah di Daerah,UNIVERSITAS MUHAMMADIYAH KENDAL BATANG,967,SWASTA,-,JAWA TENGAH,BAIK,banpt-1816,,967,-1.0,-1.0,3397500.0,195000.0,6600000.0,6795000.0,390000.0,13200000.0
3,Perguruan Tinggi Menengah di Daerah,UNIVERSITAS MIKROSKIL,968,SWASTA,-,SUMATERA UTARA,B,banpt-3207,383,968,-1.0,-1.0,6250000.0,5750000.0,6750000.0,12500000.0,11500000.0,13500000.0
3,Perguruan Tinggi Menengah di Daerah,SEKOLAH TINGGI ILMU KESEHATAN MAHARANI,969,SWASTA,https://campus.quipper.com/directory/sekolah-tinggi-ilmu-kesehatan-maharani,JAWA TIMUR,B,banpt-1778,,969,772.0,34.0,3375000.0,1050000.0,5700000.0,6750000.0,2100000.0,11400000.0
3,Perguruan Tinggi Menengah di Daerah,SEKOLAH TINGGI ILMU KOMUNIKASI,970,SWASTA,https://rencanamu.id/cari-kampus/sekolah-tinggi-ilmu-komunikasi-almamater-wartawan-surabaya,JAWA TIMUR,BAIK,banpt-2208,,970,-1.0,-1.0,3375000.0,3375000.0,27000000.0,6750000.0,6750000.0,27000000.0
3,Perguruan Tinggi Menengah di Daerah,SEKOLAH TINGGI ILMU EKONOMI RAGAM TUNAS,971,SWASTA,-,LAMPUNG,BAIK,banpt-1776,,971,-1.0,-1.0,3375000.0,2750000.0,4000000.0,6750000.0,5500000.0,8000000.0
3,Perguruan Tinggi Menengah di Daerah,SEKOLAH TINGGI ILMU KESEHATAN MITRA ADIGUNA,972,SWASTA,-,SUMATERA SELATAN,BAIK,banpt-3033,,972,-1.0,-1.0,3375000.0,2500000.0,4250000.0,6750000.0,5000000.0,8500000.0
3,Perguruan Tinggi Menengah di Daerah,SEKOLAH TINGGI ILMU HUKUM HABARING HURUNG SAMPIT,973,SWASTA,-,KALIMANTAN TENGAH,BAIK SEKALI,banpt-392,,973,-1.0,-1.0,3375000.0,2500000.0,4250000.0,6750000.0,5000000.0,8500000.0
3,Perguruan Tinggi Menengah di Daerah,SEKOLAH TINGGI ILMU EKONOMI BII BEKASI,974,SWASTA,-,JAWA BARAT,BAIK,banpt-2096,,974,-1.0,-1.0,3355000.0,610000.0,6100000.0,6710000.0,1220000.0,12200000.0
3,Perguruan Tinggi Menengah di Daerah,UNIVERSITAS WIRA BHAKTI,975,SWASTA,-,SULAWESI SELATAN,BAIK,banpt-126,,975,-1.0,-1.0,3350000.0,2500000.0,4200000.0,6700000.0,5000000.0,8400000.0
3,Perguruan Tinggi Menengah di Daerah,UNIVERSITAS YPPI REMBANG,976,SWASTA,-,JAWA TENGAH,BAIK,banpt-2040,,976,-1.0,-1.0,3902500.0,3695000.0,4110000.0,7805000.0,7390000.0,8220000.0
3,Perguruan Tinggi Menengah di Daerah,SEKOLAH TINGGI ILMU EKONOMI PELITA HARAPAN NABIRE,977,SWASTA,-,PAPUA,BAIK,banpt-404,,977,-1.0,-1.0,3320000.0,2900000.0,3740000.0,6640000.0,5800000.0,7480000.0
3,Perguruan Tinggi Menengah di Daerah,UNIVERSITAS NAHDLATUL ULAMA AL GHAZALI CILACAP,978,SWASTA,-,JAWA TENGAH,BAIK SEKALI,banpt-547,,978,-1.0,-1.0,3315000.0,250000.0,6380000.0,6630000.0,500000.0,12760000.0
3,Perguruan Tinggi Menengah di Daerah,STIKES BUSTANUL ULUM LANGSA,979,SWASTA,-,ACEH,BAIK,banpt-2806,,979,-1.0,-1.0,3300000.0,2600000.0,4000000.0,6600000.0,5200000.0,8000000.0
3,Perguruan Tinggi Menengah di Daerah,UNIVERSITAS MAYJEN SUNGKONO,980,SWASTA,-,JAWA TIMUR,BAIK SEKALI,banpt-576,529,980,-1.0,-1.0,3300000.0,3300000.0,3300000.0,6600000.0,6600000.0,6600000.0
3,Perguruan Tinggi Menengah di Daerah,SEKOLAH TINGGI KEGURUAN DAN ILMU PENDIDIKAN MELAWI,981,SWASTA,-,KALIMANTAN BARAT,BAIK,banpt-2980,,981,-1.0,-1.0,3300000.0,3050000.0,3550000.0,6600000.0,6100000.0,7100000.0
4,Perguruan Tinggi Premium & Prestisius,UNIVERSITAS MUHAMMADIYAH BENGKULU,982,SWASTA,https://campus.quipper.com/directory/universitas-muhammadiyah-bengkulu,BENGKULU,B,banpt-206,239,982,8564.0,282.0,3300000.0,3300000.0,18300000.0,6600000.0,6600000.0,18300000.0
3,Perguruan Tinggi Menengah di Daerah,UNIVERSITAS NAHDLATUL ULAMA LAMPUNG,983,SWASTA,-,LAMPUNG,BAIK,banpt-2498,191,983,-1.0,-1.0,3300000.0,1800000.0,4800000.0,6600000.0,3600000.0,9600000.0
3,Perguruan Tinggi Menengah di Daerah,UNIVERSITAS MUHAMMADIYAH MAHAKARYA ACEH,984,SWASTA,-,ACEH,BAIK SEKALI,banpt-1203,,984,-1.0,-1.0,3300000.0,600000.0,6000000.0,6600000.0,1200000.0,12000000.0
3,Perguruan Tinggi Menengah di Daerah,UNIVERSITAS MAYASARI BAKTI,985,SWASTA,-,JAWA BARAT,BAIK,banpt-2219,,985,-1.0,-1.0,3287500.0,225000.0,6350000.0,6575000.0,450000.0,12700000.0
3,Perguruan Tinggi Menengah di Daerah,UNIVERSITAS SEPULUH NOPEMBER PAPUA,986,SWASTA,-,PAPUA,BAIK,banpt-1114,,986,-1.0,-1.0,3281250.0,2500000.0,4062500.0,6562500.0,5000000.0,8125000.0
3,Perguruan Tinggi Menengah di Daerah,UNIVERSITAS PGRI PONTIANAK,987,SWASTA,-,KALIMANTAN BARAT,B,banpt-543,,987,-1.0,-1.0,3280000.0,2560000.0,4000000.0,6560000.0,5120000.0,8000000.0
3,Perguruan Tinggi Menengah di Daerah,SEKOLAH TINGGI PENERBANGAN AVIASI,988,SWASTA,-,D.K.I. JAKARTA,BAIK,banpt-3953,,988,-1.0,-1.0,3275000.0,700000.0,5850000.0,6550000.0,1400000.0,11700000.0
3,Perguruan Tinggi Menengah di Daerah,UNIVERSITAS KRISTEN TEKNOLOGI SOLO,989,SWASTA,-,JAWA TENGAH,BAIK,banpt-2390,551,989,-1.0,-1.0,3267500.0,2275000.0,4260000.0,6535000.0,4550000.0,8520000.0
3,Perguruan Tinggi Menengah di Daerah,UNIVERSITAS TIGA SERANGKAI,990,SWASTA,-,JAWA TENGAH,BAIK,banpt-110,,990,-1.0,-1.0,3260000.0,300000.0,6220000.0,6520000.0,600000.0,12440000.0
3,Perguruan Tinggi Menengah di Daerah,INSTITUT BAKTI NUSANTARA,991,SWASTA,-,LAMPUNG,BAIK,banpt-1793,,991,-1.0,-1.0,3260000.0,3210000.0,3310000.0,6520000.0,6420000.0,6620000.0
3,Perguruan Tinggi Menengah di Daerah,UNIVERSITAS ICHSAN SATYA,992,SWASTA,-,BANTEN,BAIK,banpt-2321,,992,-1.0,-1.0,3257500.0,1057500.0,5457500.0,6515000.0,2115000.0,10915000.0
3,Perguruan Tinggi Menengah di Daerah,STIE PASIM SUKABUMI,993,SWASTA,-,JAWA BARAT,BAIK,banpt-2685,,993,-1.0,-1.0,2400000.0,2400000.0,2400000.0,4800000.0,4800000.0,4800000.0
3,Perguruan Tinggi Menengah di Daerah,UNIVERSITAS TAMANSISWA,994,SWASTA,-,SUMATERA BARAT,BAIK SEKALI,banpt-3915,489,994,-1.0,-1.0,3250000.0,2750000.0,6500000.0,6500001.0,5500000.0,13000000.0
3,Perguruan Tinggi Menengah di Daerah,INSTITUT TEKNOLOGI DAN KESEHATAN SUMATERA UTARA,995,SWASTA,-,SUMATERA UTARA,BAIK,banpt-1395,,995,-1.0,-1.0,3250000.0,2500000.0,4000000.0,6500000.0,5000000.0,8000000.0
3,Perguruan Tinggi Menengah di Daerah,UNIVERSITAS NAHDLATUL ULAMA PURWOKERTO,996,SWASTA,-,JAWA TENGAH,BAIK,banpt-3884,379,996,-1.0,-1.0,3250000.0,2400000.0,4100000.0,6500000.0,4800000.0,8200000.0
3,Perguruan Tinggi Menengah di Daerah,INSTITUT TEKNOLOGI PAGAR ALAM,997,SWASTA,-,SUMATERA SELATAN,BAIK,banpt-3208,,997,-1.0,-1.0,3250000.0,2500000.0,4000000.0,6500000.0,5000000.0,8000000.0
3,Perguruan Tinggi Menengah di Daerah,STMIK WIDYA CIPTA DHARMA,998,SWASTA,-,KALIMANTAN TIMUR,B,banpt-479,,998,-1.0,-1.0,3250000.0,2500000.0,4000000.0,6500000.0,5000000.0,8000000.0
3,Perguruan Tinggi Menengah di Daerah,UNIVERSITAS MUHAMMADIYAH SAMPIT,999,SWASTA,-,KALIMANTAN TENGAH,BAIK SEKALI,banpt-885,,999,-1.0,-1.0,3250000.0,2000000.0,4500000.0,6500000.0,4000000.0,9000000.0
3,Perguruan Tinggi Menengah di Daerah,SEKOLAH TINGGI BAHASA ASING TECHNOCRAT,1000,SWASTA,-,BANTEN,BAIK,banpt-3965,,1000,-1.0,-1.0,3250000.0,500000.0,6000000.0,6500000.0,1000000.0,12000000.0
3,Perguruan Tinggi Menengah di Daerah,INSTITUT TEKNOLOGI DAN KESEHATAN TRI TUNAS NASIONAL,1001,SWASTA,-,SULAWESI SELATAN,BAIK,banpt-1278,,1001,-1.0,-1.0,3250000.0,3250000.0,3250000.0,6500000.0,6500000.0,6500000.0
3,Perguruan Tinggi Menengah di Daerah,UNIVERSITAS ISLAM MULIA YOGYAKARTA,1002,SWASTA,-,D.I. YOGYAKARTA,BAIK,banpt-851,,1002,-1.0,-1.0,3250000.0,3000000.0,3500000.0,6500000.0,6000000.0,7000000.0
3,Perguruan Tinggi Menengah di Daerah,SEKOLAH TINGGI ILMU KESEHATAN RS BAPTIS KEDIRI,1003,SWASTA,https://campus.quipper.com/directory/sekolah-tinggi-ilmu-kesehatan-rs-baptis-kediri,JAWA TIMUR,B,banpt-3431,,1003,346.0,31.0,3250000.0,3000000.0,3500000.0,6500000.0,6000000.0,7000000.0
3,Perguruan Tinggi Menengah di Daerah,UNIVERSITAS MERDEKA MADIUN,1004,SWASTA,-,JAWA TIMUR,B,banpt-3112,467,1004,-1.0,-1.0,3250000.0,2900000.0,3600000.0,6500000.0,5800000.0,7200000.0
3,Perguruan Tinggi Menengah di Daerah,SEKOLAH TINGGI ILMU EKONOMI KOPERASI MALANG,1005,SWASTA,-,JAWA TIMUR,BAIK,banpt-3924,,1005,-1.0,-1.0,3200000.0,2400000.0,4000000.0,6400000.0,4800000.0,8000000.0
3,Perguruan Tinggi Menengah di Daerah,SEKOLAH TINGGI ILMU KESEHATAN GUNUNG SARI,1006,SWASTA,-,SULAWESI SELATAN,BAIK,banpt-2566,,1006,-1.0,-1.0,3200000.0,2400000.0,4000000.0,6400000.0,4800000.0,8000000.0
3,Perguruan Tinggi Menengah di Daerah,INSTITUT TEKNOLOGI BISNIS DAN KESEHATAN BHAKTI PUTRA BANGSA INDONESIA,1007,SWASTA,-,JAWA TENGAH,BAIK,banpt-1871,,1007,-1.0,-1.0,3200000.0,2400000.0,4000000.0,6400000.0,4800000.0,8000000.0
3,Perguruan Tinggi Menengah di Daerah,UNIVERSITAS OSO,1008,SWASTA,-,KALIMANTAN BARAT,BAIK,banpt-997,,1008,-1.0,-1.0,3200000.0,2400000.0,4000000.0,6400000.0,4800000.0,8000000.0
3,Perguruan Tinggi Menengah di Daerah,UNIVERSITAS DOKTOR HUSNI INGRATUBUN TUAL,1009,SWASTA,-,MALUKU,BAIK,banpt-2857,,1009,-1.0,-1.0,3200000.0,2400000.0,4000000.0,6400000.0,4800000.0,8000000.0
3,Perguruan Tinggi Menengah di Daerah,STKIP DARUD DA WAH WAL IRSYAD PINRANG,1010,SWASTA,-,SULAWESI SELATAN,BAIK,banpt-82,,1010,-1.0,-1.0,3200000.0,2400000.0,4000000.0,6400000.0,4800000.0,8000000.0
3,Perguruan Tinggi Menengah di Daerah,UNIVERSITAS NGGUSUWARU,1011,SWASTA,-,NUSA TENGGARA BARAT,BAIK,banpt-1606,,1011,-1.0,-1.0,3200000.0,2400000.0,4000000.0,6400000.0,4800000.0,8000000.0
3,Perguruan Tinggi Menengah di Daerah,SEKOLAH TINGGI ILMU KESEHATAN INTAN MARTAPURA,1012,SWASTA,-,KALIMANTAN SELATAN,BAIK,banpt-3490,,1012,-1.0,-1.0,3200000.0,2400000.0,4000000.0,6400000.0,4800000.0,8000000.0
3,Perguruan Tinggi Menengah di Daerah,SEKOLAH TINGGI ILMU PERIKANAN MALANG,1013,SWASTA,-,JAWA TIMUR,BAIK,banpt-493,,1013,-1.0,-1.0,3200000.0,2400000.0,4000000.0,6400000.0,4800000.0,8000000.0
3,Perguruan Tinggi Menengah di Daerah,STMIK BORNEO INTERNASIONAL,1014,SWASTA,-,KALIMANTAN TIMUR,BAIK,banpt-3698,,1014,-1.0,-1.0,3200000.0,2400000.0,4000000.0,6400000.0,4800000.0,8000000.0
3,Perguruan Tinggi Menengah di Daerah,UNIVERSITAS MANDIRI BINA PRESTASI,1015,SWASTA,-,SUMATERA UTARA,BAIK,banpt-3106,,1015,-1.0,-1.0,3200000.0,2400000.0,4000000.0,6400000.0,4800000.0,8000000.0
3,Perguruan Tinggi Menengah di Daerah,UNIVERSITAS ISLAM KEBANGSAAN INDONESIA,1016,SWASTA,-,ACEH,BAIK,banpt-253,,1016,-1.0,-1.0,3200000.0,2400000.0,4000000.0,6400000.0,4800000.0,8000000.0
3,Perguruan Tinggi Menengah di Daerah,SEKOLAH TINGGI ILMU ADMINISTRASI PEMBANGUNAN,1017,SWASTA,-,JAWA TIMUR,BAIK SEKALI,banpt-1041,,1017,-1.0,-1.0,3200000.0,2400000.0,4000000.0,6400000.0,4800000.0,8000000.0
3,Perguruan Tinggi Menengah di Daerah,SEKOLAH TINGGI MANAJEMEN TRANSPORTASI MALAHAYATI,1018,SWASTA,-,D.K.I. JAKARTA,BAIK,banpt-587,,1018,-1.0,-1.0,3200000.0,2400000.0,4000000.0,6400000.0,4800000.0,8000000.0
3,Perguruan Tinggi Menengah di Daerah,UNIVERSITAS CAHAYA BANGSA,1019,SWASTA,-,KALIMANTAN SELATAN,BAIK,banpt-2314,,1019,-1.0,-1.0,3200000.0,2400000.0,4000000.0,6400000.0,4800000.0,8000000.0
3,Perguruan Tinggi Menengah di Daerah,STKIP DARUSSALAM CILACAP,1020,SWASTA,-,JAWA TENGAH,BAIK,banpt-3382,,1020,-1.0,-1.0,3200000.0,2400000.0,4000000.0,6400000.0,4800000.0,8000000.0
3,Perguruan Tinggi Menengah di Daerah,UNIVERSITAS SATU NUSA LAMPUNG,1021,SWASTA,-,LAMPUNG,BAIK,banpt-1030,,1021,-1.0,-1.0,3200000.0,2400000.0,4000000.0,6400000.0,4800000.0,8000000.0
3,Perguruan Tinggi Menengah di Daerah,STKIP AHLUSSUNNAH,1022,SWASTA,-,SUMATERA BARAT,BAIK,banpt-1368,,1022,-1.0,-1.0,3200000.0,2400000.0,4000000.0,6400000.0,4800000.0,8000000.0
3,Perguruan Tinggi Menengah di Daerah,SEKOLAH TINGGI ILMU EKONOMI TRI BHAKTI,1023,SWASTA,-,JAWA BARAT,BAIK SEKALI,banpt-2890,,1023,-1.0,-1.0,3200000.0,2400000.0,4000000.0,6400000.0,4800000.0,8000000.0
3,Perguruan Tinggi Menengah di Daerah,INSTITUT SAINS DAN BISNIS ATMA LUHUR,1024,SWASTA,-,BANGKA BELITUNG,B,banpt-2124,,1024,-1.0,-1.0,3200000.0,2400000.0,4000000.0,6400000.0,4800000.0,8000000.0
3,Perguruan Tinggi Menengah di Daerah,STIKES MARENDENG MAJENE,1025,SWASTA,-,SULAWESI BARAT,BAIK,banpt-19,,1025,-1.0,-1.0,3200000.0,2400000.0,4000000.0,6400000.0,4800000.0,8000000.0
3,Perguruan Tinggi Menengah di Daerah,STKIP PARIS BARANTAI,1026,SWASTA,-,KALIMANTAN SELATAN,BAIK,banpt-4002,,1026,-1.0,-1.0,3200000.0,2400000.0,4000000.0,6400000.0,4800000.0,8000000.0
3,Perguruan Tinggi Menengah di Daerah,SEKOLAH TINGGI ILMU ADMINISTRASI SATYA NEGARA,1027,SWASTA,-,SUMATERA SELATAN,BAIK SEKALI,banpt-1646,,1027,-1.0,-1.0,3200000.0,2400000.0,4000000.0,6400000.0,4800000.0,8000000.0
3,Perguruan Tinggi Menengah di Daerah,SEKOLAH TINGGI ILMU EKONOMI NUSANTARA SANGATTA,1028,SWASTA,-,KALIMANTAN TIMUR,BAIK,banpt-3887,,1028,-1.0,-1.0,3200000.0,2400000.0,4000000.0,6400000.0,4800000.0,8000000.0
3,Perguruan Tinggi Menengah di Daerah,UNIVERSITAS MUHAMMADIYAH ENREKANG,1029,SWASTA,-,SULAWESI SELATAN,BAIK SEKALI,banpt-15,,1029,-1.0,-1.0,3200000.0,2400000.0,4000000.0,6400000.0,4800000.0,8000000.0
3,Perguruan Tinggi Menengah di Daerah,SEKOLAH TINGGI ILMU EKONOMI HIDAYATULLAH DEPOK,1030,SWASTA,-,JAWA BARAT,BAIK,banpt-1823,,1030,-1.0,-1.0,3200000.0,2400000.0,4000000.0,6400000.0,4800000.0,8000000.0
3,Perguruan Tinggi Menengah di Daerah,STIKES ASSYIFA ACEH,1031,SWASTA,-,ACEH,BAIK,banpt-791,,1031,-1.0,-1.0,3200000.0,2400000.0,4000000.0,6400000.0,4800000.0,8000000.0
3,Perguruan Tinggi Menengah di Daerah,STMIK PALANGKA RAYA,1032,SWASTA,-,KALIMANTAN TENGAH,BAIK,banpt-4003,,1032,-1.0,-1.0,3200000.0,2400000.0,4000000.0,6400000.0,4800000.0,8000000.0
3,Perguruan Tinggi Menengah di Daerah,UNIVERSITAS ISLAM KADIRI,1033,SWASTA,https://rencanamu.id/cari-kampus/universitas-islam-kadiri,JAWA TIMUR,B,banpt-1864,251,1033,-1.0,-1.0,3193750.0,387500.0,6000000.0,6387500.0,775000.0,12000000.0
3,Perguruan Tinggi Menengah di Daerah,UNIVERSITAS PANCASAKTI,1034,SWASTA,-,SULAWESI SELATAN,BAIK,banpt-2056,156,1034,-1.0,-1.0,3175000.0,850000.0,5500000.0,6350000.0,1700000.0,11000000.0
3,Perguruan Tinggi Menengah di Daerah,SEKOLAH TINGGI ILMU EKONOMI OEMATHONIS,1035,SWASTA,-,NUSA TENGGARA TIMUR,BAIK,banpt-3988,,1035,-1.0,-1.0,3175000.0,2250000.0,4100000.0,6350000.0,4500000.0,8200000.0
3,Perguruan Tinggi Menengah di Daerah,SEKOLAH TINGGI KEGURUAN DAN ILMU PENDIDIKAN CITRA BAKTI,1036,SWASTA,-,NUSA TENGGARA TIMUR,BAIK,banpt-3067,,1036,-1.0,-1.0,3160000.0,1370000.0,4950000.0,6320000.0,2740000.0,9900000.0
3,Perguruan Tinggi Menengah di Daerah,STKIP YPUP MAKASSAR,1037,SWASTA,-,SULAWESI SELATAN,BAIK,banpt-3858,,1037,-1.0,-1.0,3150000.0,2300000.0,4000000.0,6300000.0,4600000.0,8000000.0
3,Perguruan Tinggi Menengah di Daerah,SEKOLAH TINGGI ILMU HUKUM TAMBUN BUNGAI,1038,SWASTA,-,KALIMANTAN TENGAH,BAIK,banpt-3854,,1038,-1.0,-1.0,3150000.0,2800000.0,3500000.0,6300000.0,5600000.0,7000000.0
3,Perguruan Tinggi Menengah di Daerah,UNIVERSITAS SERAMBI MEKKAH,1039,SWASTA,https://campus.quipper.com/directory/universitas-serambi-mekkah,ACEH,BAIK,banpt-3542,209,1039,5232.0,303.0,3150000.0,2000000.0,4500000.0,6300000.0,4000000.0,9000000.0
3,Perguruan Tinggi Menengah di Daerah,SEKOLAH TINGGI ILMU EKONOMI YPUP MAKASSAR,1040,SWASTA,-,SULAWESI SELATAN,BAIK,banpt-3908,,1040,-1.0,-1.0,3150000.0,2300000.0,4000000.0,6300000.0,4600000.0,8000000.0
3,Perguruan Tinggi Menengah di Daerah,UNIVERSITAS BINANIAGA INDONESIA,1041,SWASTA,-,JAWA BARAT,BAIK,banpt-3059,,1041,-1.0,-1.0,3137500.0,350000.0,5925000.0,6275000.0,700000.0,11850000.0
3,Perguruan Tinggi Menengah di Daerah,UNIVERSITAS PAWYATAN DAHA,1042,SWASTA,-,JAWA TIMUR,BAIK,banpt-432,579,1042,-1.0,-1.0,3137500.0,375000.0,5900000.0,6275000.0,750000.0,11800000.0
3,Perguruan Tinggi Menengah di Daerah,SEKOLAH TINGGI ILMU EKONOMI WIJAYA MULYA,1043,SWASTA,-,JAWA TENGAH,BAIK,banpt-3676,,1043,-1.0,-1.0,3135000.0,2320000.0,3950000.0,6270000.0,4640000.0,7900000.0
3,Perguruan Tinggi Menengah di Daerah,SEKOLAH TINGGI ILMU EKONOMI WIDYA MANGGALIA,1044,SWASTA,-,JAWA TENGAH,BAIK,banpt-2828,,1044,-1.0,-1.0,3135000.0,3135000.0,3135000.0,6270000.0,6270000.0,6270000.0
3,Perguruan Tinggi Menengah di Daerah,SEKOLAH TINGGI ILMU PERTANIAN BERAU,1045,SWASTA,-,KALIMANTAN TIMUR,BAIK,banpt-3512,,1045,-1.0,-1.0,3133500.0,2400000.0,3867000.0,6267000.0,4800000.0,7734000.0
3,Perguruan Tinggi Menengah di Daerah,INSTITUT TEKNOLOGI DAN BISNIS YADIKA PASURUAN,1046,SWASTA,-,JAWA TIMUR,BAIK,banpt-1993,,1046,-1.0,-1.0,3132500.0,1300000.0,4965000.0,6265000.0,2600000.0,9930000.0
3,Perguruan Tinggi Menengah di Daerah,INSTITUT TEKNOLOGI DAN BISNIS WIDYA GAMA LUMAJANG,1047,SWASTA,-,JAWA TIMUR,BAIK,banpt-3196,,1047,-1.0,-1.0,3125000.0,3000000.0,3250000.0,6250000.0,6000000.0,6500000.0
3,Perguruan Tinggi Menengah di Daerah,SEKOLAH TINGGI MARITIM YOGYAKARTA,1048,SWASTA,-,D.I. YOGYAKARTA,TERAKREDITASI,banpt-148,,1048,-1.0,-1.0,3125000.0,500000.0,5750000.0,6250000.0,1000000.0,11500000.0
3,Perguruan Tinggi Menengah di Daerah,STKIP HAMZAR,1049,SWASTA,-,NUSA TENGGARA BARAT,BAIK,banpt-3384,,1049,-1.0,-1.0,3125000.0,2500000.0,3750000.0,6250000.0,5000000.0,7500000.0
3,Perguruan Tinggi Menengah di Daerah,UNIVERSITAS BINA INSANI,1050,SWASTA,-,JAWA BARAT,B,banpt-2200,456,1050,-1.0,-1.0,3125000.0,950000.0,5300000.0,6250000.0,1900000.0,10600000.0
3,Perguruan Tinggi Menengah di Daerah,SEKOLAH TINGGI TEKNOLOGI WASTUKANCANA,1051,SWASTA,-,JAWA BARAT,BAIK,banpt-2431,,1051,-1.0,-1.0,3125000.0,250000.0,6000000.0,6250000.0,500000.0,12000000.0
3,Perguruan Tinggi Menengah di Daerah,UNIVERSITAS PEJUANG REPUBLIK INDONESIA,1052,SWASTA,-,SULAWESI SELATAN,BAIK,banpt-3031,479,1052,-1.0,-1.0,3125000.0,1750000.0,4500000.0,6250000.0,3500000.0,9000000.0
3,Perguruan Tinggi Menengah di Daerah,SEKOLAH TINGGI ILMU EKONOMI EKA PRASETYA,1053,SWASTA,-,SUMATERA UTARA,BAIK SEKALI,banpt-1872,,1053,-1.0,-1.0,3125000.0,3000000.0,3250000.0,6250000.0,6000000.0,6500000.0
3,Perguruan Tinggi Menengah di Daerah,SEKOLAH TINGGI ILMU EKONOMI WIDYA WIWAHA,1054,SWASTA,https://campus.quipper.com/directory/sekolah-tinggi-ilmu-ekonomi-widya-wiwaha,D.I. YOGYAKARTA,B,banpt-3322,,1054,1759.0,60.0,3125000.0,3000000.0,4750000.0,6250000.0,6000000.0,9500000.0
3,Perguruan Tinggi Menengah di Daerah,UNIVERSITAS NUSA NIPA,1055,SWASTA,-,NUSA TENGGARA TIMUR,BAIK SEKALI,banpt-1028,490,1055,-1.0,-1.0,3110000.0,1400000.0,4820000.0,6220000.0,2800000.0,9640000.0
3,Perguruan Tinggi Menengah di Daerah,STKIP PGRI SAMPANG,1056,SWASTA,-,JAWA TIMUR,BAIK,banpt-3575,,1056,-1.0,-1.0,3107500.0,2900000.0,3315000.0,6215000.0,5800000.0,6630000.0
3,Perguruan Tinggi Menengah di Daerah,STMIK PROFESIONAL MAKASSAR,1057,SWASTA,-,SULAWESI SELATAN,BAIK,banpt-2355,,1057,-1.0,-1.0,3100000.0,3000000.0,3200000.0,6200000.0,6000000.0,6400000.0
3,Perguruan Tinggi Menengah di Daerah,UNIVERSITAS MUHAMMADIYAH BREBES,1058,SWASTA,-,JAWA TENGAH,BAIK,banpt-111,,1058,-1.0,-1.0,3100000.0,2400000.0,3800000.0,6200000.0,4800000.0,7600000.0
3,Perguruan Tinggi Menengah di Daerah,UNIVERSITAS QOMARUDDIN,1059,SWASTA,-,JAWA TIMUR,BAIK,banpt-3760,,1059,-1.0,-1.0,3100000.0,200000.0,6000000.0,6200000.0,400000.0,12000000.0
3,Perguruan Tinggi Menengah di Daerah,SEKOLAH TINGGI ILMU KESEHATAN GUNUNG MARIA TOMOHON,1060,SWASTA,-,SULAWESI UTARA,BAIK,banpt-1609,,1060,-1.0,-1.0,3100000.0,3000000.0,3200000.0,6200000.0,6000000.0,6400000.0
3,Perguruan Tinggi Menengah di Daerah,SEKOLAH TINGGI ILMU HUKUM BIAK-PAPUA,1061,SWASTA,-,PAPUA,BAIK SEKALI,banpt-1571,,1061,-1.0,-1.0,3100000.0,2400000.0,3800000.0,6200000.0,4800000.0,7600000.0
3,Perguruan Tinggi Menengah di Daerah,UNIVERSITAS BHINNEKA PGRI,1062,SWASTA,-,JAWA TIMUR,B,banpt-3566,,1062,-1.0,-1.0,3087500.0,2325000.0,3850000.0,6175000.0,4650000.0,7700000.0
3,Perguruan Tinggi Menengah di Daerah,UNIVERSITAS BALI DWIPA,1063,SWASTA,-,BALI,BAIK,banpt-2138,,1063,-1.0,-1.0,6175000.0,4550000.0,7800000.0,12350000.0,9100000.0,15600000.0
4,Perguruan Tinggi Premium & Prestisius,UNIVERSITAS MUHAMMADIYAH TAPANULI SELATAN,1064,SWASTA,https://rencanamu.id/cari-kampus/universitas-muhammadiyah-tapanuli-selatan,SUMATERA UTARA,B,banpt-3873,345,1064,6314.0,6314.0,3083000.0,500000.0,5666000.0,6166000.0,1000000.0,11332000.0
3,Perguruan Tinggi Menengah di Daerah,UNIVERSITAS BUMIGORA,1065,SWASTA,-,NUSA TENGGARA BARAT,BAIK SEKALI,banpt-2641,,1065,-1.0,-1.0,3080000.0,160000.0,6000000.0,6160000.0,320000.0,12000000.0
3,Perguruan Tinggi Menengah di Daerah,INSTITUT FILSAFAT DAN TEKNOLOGI KREATIF LEDALERO,1066,SWASTA,-,NUSA TENGGARA TIMUR,B,banpt-2404,,1066,-1.0,-1.0,3075000.0,2000000.0,4150000.0,6150000.0,4000000.0,8300000.0
3,Perguruan Tinggi Menengah di Daerah,STIKES MUHAMMADIYAH TEGAL,1067,SWASTA,-,JAWA TENGAH,BAIK,banpt-1637,,1067,-1.0,-1.0,3075000.0,3075000.0,3075000.0,6150000.0,6150000.0,6150000.0
3,Perguruan Tinggi Menengah di Daerah,SEKOLAH TINGGI MANAJEMEN INFORMATIKA DAN KOMPUTER MULIA DARMA,1068,SWASTA,-,SUMATERA UTARA,BAIK,banpt-405,,1068,-1.0,-1.0,3075000.0,2400000.0,3750000.0,6150000.0,4800000.0,7500000.0
3,Perguruan Tinggi Menengah di Daerah,INSTITUT BISNIS DAN EKONOMI INDONESIA,1069,SWASTA,-,KALIMANTAN BARAT,BAIK,banpt-1151,,1069,-1.0,-1.0,3071500.0,2400000.0,3743000.0,6143000.0,4800000.0,7486000.0
3,Perguruan Tinggi Menengah di Daerah,IKIP PGRI WATES,1070,SWASTA,-,D.I. YOGYAKARTA,BAIK SEKALI,banpt-4031,,1070,-1.0,-1.0,3070000.0,1640000.0,4500000.0,6140000.0,3280000.0,9000000.0
3,Perguruan Tinggi Menengah di Daerah,UNIVERSITAS MUHAMMADIYAH JAMBI,1071,SWASTA,-,JAMBI,BAIK SEKALI,banpt-2571,487,1071,-1.0,-1.0,3055000.0,2460000.0,3650000.0,6110000.0,4920000.0,7300000.0
3,Perguruan Tinggi Menengah di Daerah,UNIVERSITAS HAJI SUMATERA UTARA,1072,SWASTA,-,SUMATERA UTARA,BAIK SEKALI,banpt-2146,,1072,-1.0,-1.0,3050000.0,2600000.0,3500000.0,6100000.0,5200000.0,7000000.0
3,Perguruan Tinggi Menengah di Daerah,SEKOLAH TINGGI ILMU EKONOMI MULIA DARMA PRATAMA,1073,SWASTA,-,SUMATERA SELATAN,BAIK,banpt-2865,,1073,-1.0,-1.0,3050000.0,3050000.0,3050000.0,6100000.0,6100000.0,6100000.0
3,Perguruan Tinggi Menengah di Daerah,SEKOLAH TINGGI ILMU EKONOMI BOEDI OETOMO,1074,SWASTA,-,KALIMANTAN BARAT,BAIK,banpt-3692,,1074,-1.0,-1.0,3043500.0,2400000.0,3687000.0,6087000.0,4800000.0,7374000.0
3,Perguruan Tinggi Menengah di Daerah,STMIK IKMI CIREBON,1075,SWASTA,-,JAWA BARAT,BAIK,banpt-2210,,1075,-1.0,-1.0,3000000.0,2500000.0,3500000.0,6000000.0,5000000.0,7000000.0
3,Perguruan Tinggi Menengah di Daerah,SEKOLAH TINGGI SENI RUPA DAN DESAIN VISI INDONESIA,1076,SWASTA,-,D.I. YOGYAKARTA,B,banpt-2005,,1076,-1.0,-1.0,3025000.0,1200000.0,4850000.0,6050000.0,2400000.0,9700000.0
4,Perguruan Tinggi Premium & Prestisius,UNIVERSITAS MAJALENGKA,1077,SWASTA,https://rencanamu.id/cari-kampus/universitas-majalengka,JAWA BARAT,B,banpt-2059,193,1077,3153.0,3153.0,3012500.0,1500000.0,12000000.0,6025000.0,3000000.0,12000000.0
3,Perguruan Tinggi Menengah di Daerah,UNIVERSITAS ADZKIA,1078,SWASTA,-,SUMATERA BARAT,B,banpt-1897,,1078,-1.0,-1.0,4800000.0,3600000.0,6000000.0,8300000.0,4600000.0,12000000.0
3,Perguruan Tinggi Menengah di Daerah,STKIP NASIONAL,1079,SWASTA,-,SUMATERA BARAT,BAIK,banpt-3102,,1079,-1.0,-1.0,3000000.0,3000000.0,3000000.0,6000000.0,6000000.0,6000000.0
3,Perguruan Tinggi Menengah di Daerah,UNIVERSITAS STELLA MARIS SUMBA,1080,SWASTA,-,NUSA TENGGARA TIMUR,BAIK,banpt-918,,1080,-1.0,-1.0,3000000.0,2500000.0,3500000.0,6000000.0,5000000.0,7000000.0
3,Perguruan Tinggi Menengah di Daerah,SEKOLAH TINGGI ILMU EKONOMI PEMUDA,1081,SWASTA,-,JAWA TIMUR,BAIK,banpt-3344,,1081,-1.0,-1.0,3000000.0,3000000.0,3000000.0,6000000.0,6000000.0,6000000.0
3,Perguruan Tinggi Menengah di Daerah,STIKES WIDYA HUSADA MEDAN,1082,SWASTA,-,SUMATERA UTARA,BAIK,banpt-652,,1082,-1.0,-1.0,3000000.0,3000000.0,3000000.0,6000000.0,6000000.0,6000000.0
3,Perguruan Tinggi Menengah di Daerah,STISIP GUNA NUSANTARA,1083,SWASTA,-,JAWA BARAT,BAIK,banpt-1424,,1083,-1.0,-1.0,3000000.0,3000000.0,3000000.0,6000000.0,6000000.0,6000000.0
3,Perguruan Tinggi Menengah di Daerah,UNIVERSITAS MUSLIM MAROS,1084,SWASTA,-,SULAWESI SELATAN,BAIK SEKALI,banpt-2319,,1084,-1.0,-1.0,3000000.0,200000.0,5800000.0,6000000.0,400000.0,11600000.0
3,Perguruan Tinggi Menengah di Daerah,UNIVERSITAS COKROAMINOTO MAKASSAR,1085,SWASTA,-,SULAWESI SELATAN,BAIK SEKALI,banpt-639,576,1085,-1.0,-1.0,3000000.0,2000000.0,4000000.0,6000000.0,4000000.0,8000000.0
3,Perguruan Tinggi Menengah di Daerah,UNIVERSITAS PASIFIK MOROTAI,1086,SWASTA,-,MALUKU UTARA,BAIK,banpt-2919,447,1086,-1.0,-1.0,3000000.0,1500000.0,4500000.0,6000000.0,3000000.0,9000000.0
3,Perguruan Tinggi Menengah di Daerah,UNIVERSITAS ISKANDAR MUDA,1087,SWASTA,-,ACEH,BAIK,banpt-2333,,1087,-1.0,-1.0,3000000.0,1000000.0,5000000.0,6000000.0,2000000.0,10000000.0
3,Perguruan Tinggi Menengah di Daerah,UNIVERSITAS DARUSSALAM AMBON,1088,SWASTA,-,MALUKU,BAIK SEKALI,banpt-2923,344,1088,-1.0,-1.0,3000000.0,3000000.0,3000000.0,6000000.0,6000000.0,6000000.0
3,Perguruan Tinggi Menengah di Daerah,SEKOLAH TINGGI ILMU HUKUM SUNAN GIRI,1089,SWASTA,-,JAWA TIMUR,BAIK,banpt-3203,,1089,-1.0,-1.0,3000000.0,3000000.0,3000000.0,6000000.0,6000000.0,6000000.0
3,Perguruan Tinggi Menengah di Daerah,UNIVERSITAS PEPABRI MAKASSAR,1090,SWASTA,-,SULAWESI SELATAN,BAIK,banpt-1538,600,1090,-1.0,-1.0,3000000.0,2000000.0,4000000.0,6000000.0,4000000.0,8000000.0
3,Perguruan Tinggi Menengah di Daerah,SEKOLAH TINGGI ILMU KESEHATAN SENTRAL,1091,SWASTA,-,SUMATERA UTARA,BAIK,banpt-1647,,1091,-1.0,-1.0,3000000.0,3000000.0,3000000.0,6000000.0,6000000.0,6000000.0
3,Perguruan Tinggi Menengah di Daerah,UNIVERSITAS TEKNOLOGI SURABAYA,1092,SWASTA,-,JAWA TIMUR,BAIK,banpt-890,512,1092,-1.0,-1.0,3000000.0,3000000.0,3000000.0,6000000.0,6000000.0,6000000.0
3,Perguruan Tinggi Menengah di Daerah,UNIVERSITAS SIBER ASIA,1093,SWASTA,-,D.K.I. JAKARTA,BAIK SEKALI,banpt-1861,182,1093,-1.0,-1.0,3000000.0,3000000.0,3000000.0,6000000.0,6000000.0,6000000.0
3,Perguruan Tinggi Menengah di Daerah,STIKES MUHAMMADIYAH LHOKSEUMAWE,1094,SWASTA,-,ACEH,BAIK,banpt-3591,,1094,-1.0,-1.0,3000000.0,3000000.0,3000000.0,6000000.0,6000000.0,6000000.0
3,Perguruan Tinggi Menengah di Daerah,UNIVERSITAS DOKTOR HUSNI INGRATUBUN PAPUA,1095,SWASTA,-,PAPUA,B,banpt-1242,,1095,-1.0,-1.0,3000000.0,3000000.0,3000000.0,6000000.0,6000000.0,6000000.0
3,Perguruan Tinggi Menengah di Daerah,STIKES DARMAIS PADANGSIDIMPUAN,1096,SWASTA,-,SUMATERA UTARA,BAIK,banpt-1383,,1096,-1.0,-1.0,3000000.0,3000000.0,3000000.0,6000000.0,6000000.0,6000000.0
3,Perguruan Tinggi Menengah di Daerah,INSTITUT TEKNOLOGI ALBERTH FOENAY,1097,SWASTA,-,NUSA TENGGARA TIMUR,BAIK,banpt-2107,,1097,-1.0,-1.0,3000000.0,3000000.0,3000000.0,6000000.0,6000000.0,6000000.0
3,Perguruan Tinggi Menengah di Daerah,UNIVERSITAS NAHDLATUL ULAMA SIDOARJO,1098,SWASTA,-,JAWA TIMUR,BAIK SEKALI,banpt-2418,273,1098,-1.0,-1.0,3000000.0,1500000.0,4500000.0,6000000.0,3000000.0,9000000.0
3,Perguruan Tinggi Menengah di Daerah,UNIVERSITAS W R SUPRATMAN,1099,SWASTA,-,JAWA TIMUR,BAIK,banpt-1186,,1099,-1.0,-1.0,3000000.0,3000000.0,3000000.0,6000000.0,6000000.0,6000000.0
3,Perguruan Tinggi Menengah di Daerah,SEKOLAH TINGGI TEKNOLOGI IMMANUEL,1100,SWASTA,-,SUMATERA UTARA,BAIK,banpt-1231,,1100,-1.0,-1.0,3000000.0,3000000.0,3000000.0,6000000.0,6000000.0,6000000.0
3,Perguruan Tinggi Menengah di Daerah,SEKOLAH TINGGI ILMU EKONOMI MARS,1101,SWASTA,-,SUMATERA UTARA,BAIK,banpt-312,,1101,-1.0,-1.0,3000000.0,3000000.0,3000000.0,6000000.0,6000000.0,6000000.0
3,Perguruan Tinggi Menengah di Daerah,SEKOLAH TINGGI KEGURUAN DAN ILMU PENDIDIKAN BINA HARAPAN CELEBES,1102,SWASTA,-,SULAWESI SELATAN,BAIK,banpt-131,,1102,-1.0,-1.0,3000000.0,3000000.0,3000000.0,6000000.0,6000000.0,6000000.0
3,Perguruan Tinggi Menengah di Daerah,UNIVERSITAS ISLAM RADEN RAHMAT,1103,SWASTA,-,JAWA TIMUR,BAIK,banpt-3867,278,1103,-1.0,-1.0,3000000.0,2500000.0,3500000.0,6000000.0,5000000.0,7000000.0
3,Perguruan Tinggi Menengah di Daerah,UNIVERSITAS SOERJO,1104,SWASTA,-,JAWA TIMUR,BAIK,banpt-3742,440,1104,-1.0,-1.0,3000000.0,3000000.0,3000000.0,6000000.0,6000000.0,6000000.0
3,Perguruan Tinggi Menengah di Daerah,STMIK KRISTEN NEUMANN INDONESIA,1105,SWASTA,-,SUMATERA UTARA,BAIK,banpt-1262,,1105,-1.0,-1.0,3000000.0,3000000.0,3000000.0,6000000.0,6000000.0,6000000.0
3,Perguruan Tinggi Menengah di Daerah,SEKOLAH TINGGI MANAJEMEN INFORMATIKA DAN KOMPUTER KALIREJO LAMPUNG,1106,SWASTA,-,LAMPUNG,BAIK,banpt-872,,1106,-1.0,-1.0,3000000.0,3000000.0,3000000.0,6000000.0,6000000.0,6000000.0
3,Perguruan Tinggi Menengah di Daerah,UNIVERSITAS MUHAMMADIYAH BANTEN,1107,SWASTA,-,BANTEN,BAIK,banpt-2136,,1107,-1.0,-1.0,3000000.0,3000000.0,3000000.0,6000000.0,6000000.0,6000000.0
3,Perguruan Tinggi Menengah di Daerah,SEKOLAH TINGGI ILMU KESEHATAN SIHAT BEURATA BANDA ACEH,1108,SWASTA,-,ACEH,BAIK,banpt-511,,1108,-1.0,-1.0,3000000.0,2500000.0,3500000.0,6000000.0,5000000.0,7000000.0
3,Perguruan Tinggi Menengah di Daerah,UNIVERSITAS KRISTEN INDONESIA TORAJA,1109,SWASTA,-,SULAWESI SELATAN,BAIK,banpt-3822,240,1109,-1.0,-1.0,3000000.0,3000000.0,3000000.0,6000000.0,6000000.0,6000000.0
3,Perguruan Tinggi Menengah di Daerah,SEKOLAH TINGGI KEGURUAN DAN ILMU PENDIDIKAN MUHAMMADIYAH OKU TIMUR,1110,SWASTA,-,SUMATERA SELATAN,BAIK,banpt-1134,,1110,-1.0,-1.0,3000000.0,3000000.0,3000000.0,6000000.0,6000000.0,6000000.0
3,Perguruan Tinggi Menengah di Daerah,INSTITUT PERTANIAN MALANG,1111,SWASTA,-,JAWA TIMUR,BAIK,banpt-3891,,1111,-1.0,-1.0,3000000.0,3000000.0,3000000.0,6000000.0,6000000.0,6000000.0
3,Perguruan Tinggi Menengah di Daerah,SEKOLAH TINGGI ILMU EKONOMI SATRIA,1112,SWASTA,-,JAWA TENGAH,BAIK,banpt-750,,1112,-1.0,-1.0,3000000.0,3000000.0,3000000.0,6000000.0,6000000.0,6000000.0
3,Perguruan Tinggi Menengah di Daerah,SEKOLAH TINGGI ILMU HUKUM AWANG LONG,1113,SWASTA,-,KALIMANTAN TIMUR,BAIK SEKALI,banpt-3347,,1113,-1.0,-1.0,3000000.0,2000000.0,4000000.0,6000000.0,4000000.0,8000000.0
4,Perguruan Tinggi Premium & Prestisius,UNIVERSITAS MUSLIM INDONESIA,1114,SWASTA,https://campus.quipper.com/directory/universitas-muslim-indonesia,SULAWESI SELATAN,UNGGUL,banpt-2114,131,1114,21450.0,798.0,3000000.0,3000000.0,3000000.0,6000000.0,6000000.0,6000000.0
3,Perguruan Tinggi Menengah di Daerah,SEKOLAH TINGGI KEGURUAN DAN ILMU PENDIDIKAN NABIRE,1115,SWASTA,-,PAPUA,BAIK,banpt-449,,1115,-1.0,-1.0,3000000.0,3000000.0,3000000.0,6000000.0,6000000.0,6000000.0
3,Perguruan Tinggi Menengah di Daerah,UNIVERSITAS PUANGRIMAGGALATUNG,1116,SWASTA,-,SULAWESI SELATAN,BAIK SEKALI,banpt-2789,,1116,-1.0,-1.0,3000000.0,2000000.0,4000000.0,6000000.0,4000000.0,8000000.0
3,Perguruan Tinggi Menengah di Daerah,UNIVERSITAS SUBANG,1117,SWASTA,https://campus.quipper.com/directory/universitas-subang,JAWA BARAT,BAIK SEKALI,banpt-2191,354,1117,3719.0,89.0,3000000.0,3000000.0,5000000.0,6000000.0,6000000.0,10000000.0
3,Perguruan Tinggi Menengah di Daerah,SEKOLAH TINGGI ILMU EKONOMI BISMA LEPISI,1118,SWASTA,https://campus.quipper.com/directory/sekolah-tinggi-ilmu-ekonomi-bisma-lepisi,JAWA BARAT,BAIK,banpt-3813,,1118,1416.0,22.0,3000000.0,3000000.0,3000000.0,6000000.0,6000000.0,6000000.0
3,Perguruan Tinggi Menengah di Daerah,SEKOLAH TINGGI TEKNOLOGI INDUSTRI DAN FARMASI BOGOR,1119,SWASTA,-,JAWA BARAT,BAIK,banpt-2454,,1119,-1.0,-1.0,3000000.0,1900000.0,4100000.0,6000000.0,3800000.0,8200000.0
3,Perguruan Tinggi Menengah di Daerah,SEKOLAH TINGGI ILMU EKONOMI BISNIS INDONESIA,1120,SWASTA,-,D.K.I. JAKARTA,BAIK,banpt-2459,,1120,-1.0,-1.0,3000000.0,3000000.0,3000000.0,6000000.0,6000000.0,6000000.0
3,Perguruan Tinggi Menengah di Daerah,SEKOLAH TINGGI ILMU KESEHATAN FLORA,1121,SWASTA,-,SUMATERA UTARA,BAIK,banpt-1616,,1121,-1.0,-1.0,3000000.0,3000000.0,3000000.0,6000000.0,6000000.0,6000000.0
3,Perguruan Tinggi Menengah di Daerah,UNIVERSITAS BALE BANDUNG,1122,SWASTA,https://campus.quipper.com/directory/universitas-bale-bandung,JAWA BARAT,BAIK SEKALI,banpt-3524,376,1122,2202.0,105.0,3000000.0,3000000.0,5275000.0,6000000.0,6000000.0,10550000.0
3,Perguruan Tinggi Menengah di Daerah,SEKOLAH TINGGI ILMU EKONOMI FAJAR,1123,SWASTA,-,JAWA BARAT,BAIK,banpt-952,,1123,-1.0,-1.0,3000000.0,3000000.0,3000000.0,6000000.0,6000000.0,6000000.0
3,Perguruan Tinggi Menengah di Daerah,INSTITUT TEKNOLOGI DAN BISNIS CARNEGIE,1124,SWASTA,-,SUMATERA UTARA,BAIK,banpt-1367,,1124,-1.0,-1.0,3000000.0,3000000.0,3000000.0,6000000.0,6000000.0,6000000.0
3,Perguruan Tinggi Menengah di Daerah,SEKOLAH TINGGI ILMU EKONOMI NASIONAL BANJARMASIN,1125,SWASTA,-,KALIMANTAN SELATAN,BAIK,banpt-3852,,1125,-1.0,-1.0,2990000.0,1980000.0,4000000.0,5980000.0,3960000.0,8000000.0
3,Perguruan Tinggi Menengah di Daerah,SEKOLAH TINGGI ILMU EKONOMI GICI,1126,SWASTA,-,JAWA BARAT,BAIK,banpt-2327,,1126,-1.0,-1.0,2975000.0,100000.0,5850000.0,5950000.0,200000.0,11700000.0
3,Perguruan Tinggi Menengah di Daerah,UNIVERSITAS TOMAKAKA,1127,SWASTA,-,SULAWESI BARAT,BAIK,banpt-1201,234,1127,-1.0,-1.0,2960000.0,2050000.0,3870000.0,5920000.0,4100000.0,7740000.0
3,Perguruan Tinggi Menengah di Daerah,SEKOLAH TINGGI ILMU EKONOMI CENDEKIA KARYA UTAMA,1128,SWASTA,-,JAWA TENGAH,B,banpt-2172,,1128,-1.0,-1.0,2950000.0,2400000.0,3500000.0,5900000.0,4800000.0,7000000.0
3,Perguruan Tinggi Menengah di Daerah,AMIK JABAL GHAFUR,1129,SWASTA,-,ACEH,TIDAK TERAKREDITASI,banpt-167,,1129,-1.0,-1.0,2950000.0,2400000.0,3500000.0,5900000.0,4800000.0,7000000.0
3,Perguruan Tinggi Menengah di Daerah,SEKOLAH TINGGI ILMU KESEHATAN BALA KESELAMATAN PALU,1130,SWASTA,-,SULAWESI TENGAH,BAIK,banpt-1578,,1130,-1.0,-1.0,2950000.0,2700000.0,3200000.0,5900000.0,5400000.0,6400000.0
3,Perguruan Tinggi Menengah di Daerah,INSTITUT TEKNOLOGI KELING KUMANG,1131,SWASTA,-,KALIMANTAN BARAT,BAIK,banpt-1226,,1131,-1.0,-1.0,2950000.0,1200000.0,4700000.0,5900000.0,2400000.0,9400000.0
3,Perguruan Tinggi Menengah di Daerah,UNIVERSITAS TEKNOLOGI INDONESIA,1132,SWASTA,-,BALI,BAIK,banpt-2139,UN,1132,-1.0,-1.0,2950000.0,2400000.0,3500000.0,5900000.0,4800000.0,7000000.0
3,Perguruan Tinggi Menengah di Daerah,UNIVERSITAS MULIA,1133,SWASTA,-,KALIMANTAN TIMUR,BAIK,banpt-689,463,1133,-1.0,-1.0,2950000.0,1400000.0,4500000.0,5900000.0,2800000.0,9000000.0
3,Perguruan Tinggi Menengah di Daerah,SEKOLAH TINGGI ILMU EKONOMI MIFTAHUL HUDA,1134,SWASTA,-,JAWA BARAT,BAIK,banpt-3040,,1134,-1.0,-1.0,2950000.0,2900000.0,3000000.0,5900000.0,5800000.0,6000000.0
3,Perguruan Tinggi Menengah di Daerah,SEKOLAH TINGGI ILMU KESEHATAN MALAHAYATI MEDAN,1135,SWASTA,-,SUMATERA UTARA,BAIK,banpt-1547,,1135,-1.0,-1.0,2950000.0,2400000.0,3500000.0,5900000.0,4800000.0,7000000.0
3,Perguruan Tinggi Menengah di Daerah,SEKOLAH TINGGI ILMU KESEHATAN JABAL GHAFUR,1136,SWASTA,-,ACEH,BAIK,banpt-318,,1136,-1.0,-1.0,2950000.0,2400000.0,3500000.0,5900000.0,4800000.0,7000000.0
3,Perguruan Tinggi Menengah di Daerah,UNIVERSITAS GAJAH PUTIH,1137,SWASTA,-,ACEH,BAIK,banpt-3075,518,1137,-1.0,-1.0,2950000.0,2400000.0,3500000.0,5900000.0,4800000.0,7000000.0
3,Perguruan Tinggi Menengah di Daerah,SEKOLAH TINGGI TEKNOLOGI STIKMA INTERNASIONAL,1138,SWASTA,-,JAWA TIMUR,BAIK,banpt-4023,,1138,-1.0,-1.0,2950000.0,2950000.0,2950000.0,5900000.0,5900000.0,5900000.0
3,Perguruan Tinggi Menengah di Daerah,UNIVERSITAS NUSANTARA MANADO,1139,SWASTA,-,SULAWESI UTARA,BAIK,banpt-2599,561,1139,-1.0,-1.0,2917500.0,2085000.0,3750000.0,5835000.0,4170000.0,7500000.0
4,Perguruan Tinggi Premium & Prestisius,UNIVERSITAS PELITA BANGSA,1140,SWASTA,https://campus.quipper.com/directory/universitas-pelita-bangsa,JAWA BARAT,BAIK,banpt-1579,,1140,13315.0,355.0,2900000.0,350000.0,5500000.0,5800000.0,700000.0,11000000.0
3,Perguruan Tinggi Menengah di Daerah,STIE MADANI BALIKPAPAN,1141,SWASTA,-,KALIMANTAN TIMUR,BAIK,banpt-115,,1141,-1.0,-1.0,2900000.0,1000000.0,4800000.0,5800000.0,2000000.0,9600000.0
3,Perguruan Tinggi Menengah di Daerah,UNIVERSITAS BANDAR LAMPUNG,1142,SWASTA,https://campus.quipper.com/directory/universitas-bandar-lampung,LAMPUNG,B,banpt-2691,220,1142,5979.0,183.0,2900000.0,2900000.0,2900000.0,5800000.0,5800000.0,5800000.0
3,Perguruan Tinggi Menengah di Daerah,UNIVERSITAS KATOLIK INDONESIA SANTU PAULUS RUTENG,1143,SWASTA,-,NUSA TENGGARA TIMUR,B,banpt-1277,,1143,-1.0,-1.0,2900000.0,800000.0,5000000.0,5800000.0,1600000.0,10000000.0
3,Perguruan Tinggi Menengah di Daerah,SEKOLAH TINGGI ILMU EKONOMI WIDYA GAMA,1144,SWASTA,https://campus.quipper.com/directory/sekolah-tinggi-ilmu-ekonomi-widya-gama,JAWA TIMUR,BAIK,banpt-3901,,1144,2045.0,49.0,2900000.0,2900000.0,2900000.0,5800000.0,5800000.0,5800000.0
3,Perguruan Tinggi Menengah di Daerah,UNIVERSITAS BINA SARANA INFORMATIKA,1145,SWASTA,-,D.K.I. JAKARTA,UNGGUL,banpt-475,87,1145,-1.0,-1.0,2880000.0,1980000.0,3780000.0,5760000.0,3960000.0,7560000.0
3,Perguruan Tinggi Menengah di Daerah,STMIK BINA MULIA,1146,SWASTA,-,SULAWESI TENGAH,BAIK,banpt-348,,1146,-1.0,-1.0,2875000.0,2750000.0,3000000.0,5750000.0,5500000.0,6000000.0
3,Perguruan Tinggi Menengah di Daerah,SEKOLAH TINGGI ILMU EKONOMI IBMT,1147,SWASTA,-,JAWA TIMUR,BAIK,banpt-3882,,1147,-1.0,-1.0,2875000.0,250000.0,5500000.0,5750000.0,500000.0,11000000.0
3,Perguruan Tinggi Menengah di Daerah,IKIP WIDYA DARMA,1148,SWASTA,-,JAWA TIMUR,BAIK,banpt-262,,1148,-1.0,-1.0,2875000.0,2875000.0,2875000.0,5750000.0,5750000.0,5750000.0
3,Perguruan Tinggi Menengah di Daerah,SEKOLAH TINGGI ILMU EKONOMI PALANGKA RAYA,1149,SWASTA,-,KALIMANTAN TENGAH,BAIK,banpt-3694,,1149,-1.0,-1.0,2875000.0,1000000.0,4750000.0,5750000.0,2000000.0,9500000.0
3,Perguruan Tinggi Menengah di Daerah,STMIK PPKIA PRADNYA PARAMITA,1150,SWASTA,-,JAWA TIMUR,B,banpt-2564,,1150,-1.0,-1.0,2875000.0,250000.0,5500000.0,5750000.0,500000.0,11000000.0
4,Perguruan Tinggi Premium & Prestisius,UNIVERSITAS EKASAKTI,1151,SWASTA,https://rencanamu.id/cari-kampus/universitas-ekasakti,SUMATERA BARAT,B,banpt-641,382,1151,6685.0,6685.0,2875000.0,2000000.0,3750000.0,5750000.0,4000000.0,7500000.0
3,Perguruan Tinggi Menengah di Daerah,SEKOLAH TINGGI ILMU KESEHATAN PANRITA HUSADA BULUKUMBA,1152,SWASTA,-,SULAWESI SELATAN,BAIK,banpt-666,,1152,-1.0,-1.0,2875000.0,2500000.0,3250000.0,5750000.0,5000000.0,6500000.0
3,Perguruan Tinggi Menengah di Daerah,INSTITUT TEKNOLOGI DAN BISNIS SABDA SETIA,1153,SWASTA,-,KALIMANTAN BARAT,BAIK,banpt-471,,1153,-1.0,-1.0,2875000.0,1000000.0,4750000.0,5750000.0,2000000.0,9500000.0
3,Perguruan Tinggi Menengah di Daerah,SEKOLAH TINGGI ILMU ADMINISTRASI AMUNTAI,1154,SWASTA,-,KALIMANTAN SELATAN,BAIK SEKALI,banpt-478,,1154,-1.0,-1.0,2865000.0,1800000.0,3930000.0,5730000.0,3600000.0,7860000.0
3,Perguruan Tinggi Menengah di Daerah,UNIVERSITAS QUALITY BERASTAGI,1155,SWASTA,-,SUMATERA UTARA,BAIK,banpt-1136,,1155,-1.0,-1.0,2850000.0,1000000.0,4700000.0,5700000.0,2000000.0,9400000.0
3,Perguruan Tinggi Menengah di Daerah,SEKOLAH TINGGI MANAJEMEN INFORMATIKA DAN KOMPUTER PGRI ARUNGBINANG KEBUMEN,1156,SWASTA,-,JAWA TENGAH,BAIK,banpt-809,,1156,-1.0,-1.0,2850000.0,2850000.0,2850000.0,5700000.0,5700000.0,5700000.0
3,Perguruan Tinggi Menengah di Daerah,STMIK KAPUTAMA,1157,SWASTA,-,SUMATERA UTARA,B,banpt-1829,,1157,-1.0,-1.0,2850000.0,2850000.0,2850000.0,5700000.0,5700000.0,5700000.0
3,Perguruan Tinggi Menengah di Daerah,UNIVERSITAS ISLAM JEMBER,1158,SWASTA,https://campus.quipper.com/directory/universitas-islam-jember,JAWA TIMUR,BAIK,banpt-3074,349,1158,2929.0,108.0,2850000.0,2000000.0,3900000.0,5700000.0,4000000.0,7800000.0
3,Perguruan Tinggi Menengah di Daerah,SEKOLAH TINGGI ILMU KESEHATAN KESEHATAN BARU,1159,SWASTA,-,SUMATERA UTARA,BAIK,banpt-2474,,1159,-1.0,-1.0,2850000.0,2700000.0,3000000.0,5700000.0,5400000.0,6000000.0
3,Perguruan Tinggi Menengah di Daerah,STKIP MUHAMMADIYAH BLORA,1160,SWASTA,-,JAWA TENGAH,BAIK,banpt-3239,,1160,-1.0,-1.0,2850000.0,2850000.0,2850000.0,5700000.0,5700000.0,5700000.0
3,Perguruan Tinggi Menengah di Daerah,UNIVERSITAS LABUHANBATU,1161,SWASTA,-,SUMATERA UTARA,B,banpt-2469,165,1161,-1.0,-1.0,6750000.0,6000000.0,7500000.0,13500000.0,12000000.0,15000000.0
3,Perguruan Tinggi Menengah di Daerah,UNIVERSITAS KRISTEN PAPUA,1162,SWASTA,-,PAPUA BARAT,BAIK,banpt-3440,568,1162,-1.0,-1.0,2812500.0,125000.0,5500000.0,5625000.0,250000.0,11000000.0
3,Perguruan Tinggi Menengah di Daerah,UNIVERSITAS MUHAMMADIYAH MAUMERE,1163,SWASTA,-,NUSA TENGGARA TIMUR,BAIK,banpt-1315,,1163,-1.0,-1.0,2805000.0,1600000.0,4010000.0,5610000.0,3200000.0,8020000.0
3,Perguruan Tinggi Menengah di Daerah,STKIP PGRI LUMAJANG,1164,SWASTA,-,JAWA TIMUR,B,banpt-2102,,1164,-1.0,-1.0,2800000.0,800000.0,4800000.0,5600000.0,1600000.0,9600000.0
3,Perguruan Tinggi Menengah di Daerah,SEKOLAH TINGGI ILMU EKONOMI EBEN HAEZER MANADO,1165,SWASTA,-,SULAWESI UTARA,BAIK,banpt-3984,,1165,-1.0,-1.0,2800000.0,800000.0,4800000.0,5600000.0,1600000.0,9600000.0
3,Perguruan Tinggi Menengah di Daerah,SEKOLAH TINGGI ILMU EKONOMI ISTI EKATANA UPAWEDA,1166,SWASTA,-,D.I. YOGYAKARTA,BAIK,banpt-2077,,1166,-1.0,-1.0,2800000.0,100000.0,5500000.0,5600000.0,200000.0,11000000.0
3,Perguruan Tinggi Menengah di Daerah,SEKOLAH TINGGI ILMU PERTANIAN MUJAHIDIN TOLI-TOLI,1167,SWASTA,-,SULAWESI TENGAH,BAIK,banpt-660,,1167,-1.0,-1.0,2800000.0,2400000.0,3200000.0,5600000.0,4800000.0,6400000.0
3,Perguruan Tinggi Menengah di Daerah,UNIVERSITAS YAPIS PAPUA,1168,SWASTA,-,PAPUA,TERAKREDITASI,banpt-46,534,1168,-1.0,-1.0,2800000.0,1700000.0,3900000.0,5600000.0,3400000.0,7800000.0
3,Perguruan Tinggi Menengah di Daerah,UNIVERSITAS DEZTRON INDONESIA,1169,SWASTA,-,SUMATERA UTARA,BAIK,banpt-324,,1169,-1.0,-1.0,2800000.0,2800000.0,2800000.0,5600000.0,5600000.0,5600000.0
3,Perguruan Tinggi Menengah di Daerah,SEKOLAH TINGGI ILMU PERTANIAN SRIWIGAMA,1170,SWASTA,-,SUMATERA SELATAN,BAIK,banpt-3938,,1170,-1.0,-1.0,2800000.0,2800000.0,2800000.0,5600000.0,5600000.0,5600000.0
3,Perguruan Tinggi Menengah di Daerah,UNIVERSITAS BUMI PERSADA,1171,SWASTA,-,ACEH,BAIK,banpt-2506,,1171,-1.0,-1.0,2800000.0,2800000.0,2800000.0,5600000.0,5600000.0,5600000.0
3,Perguruan Tinggi Menengah di Daerah,STIA ABDUL AZIS KATALOKA,1172,SWASTA,-,MALUKU,BAIK,banpt-515,,1172,-1.0,-1.0,2784375.0,2000000.0,3568750.0,5568750.0,4000000.0,7137500.0
3,Perguruan Tinggi Menengah di Daerah,UNIVERSITAS ISLAM BATIK,1173,SWASTA,https://rencanamu.id/cari-kampus/universitas-islam-batik,JAWA TENGAH,B,banpt-3812,430,1173,-1.0,-1.0,2775000.0,150000.0,5400000.0,5550000.0,300000.0,10800000.0
4,Perguruan Tinggi Premium & Prestisius,UNIVERSITAS PANCA MARGA,1174,SWASTA,https://rencanamu.id/cari-kampus/universitas-panca-marga,JAWA TIMUR,BAIK,banpt-2997,437,1174,4240.0,4240.0,2775000.0,2350000.0,16000000.0,5550000.0,4700000.0,16000000.0
3,Perguruan Tinggi Menengah di Daerah,UNIVERSITAS DELI SUMATERA,1175,SWASTA,-,SUMATERA UTARA,BAIK,banpt-355,,1175,-1.0,-1.0,2750000.0,2500000.0,3000000.0,5500000.0,5000000.0,6000000.0
3,Perguruan Tinggi Menengah di Daerah,UNIVERSITAS MUHAMMADIYAH BONE,1176,SWASTA,-,SULAWESI SELATAN,BAIK SEKALI,banpt-2798,,1176,-1.0,-1.0,2750000.0,1000000.0,4500000.0,5500000.0,2000000.0,9000000.0
3,Perguruan Tinggi Menengah di Daerah,SEKOLAH TINGGI ILMU KESEHATAN KARYA KESEHATAN,1177,SWASTA,-,SULAWESI TENGGARA,BAIK,banpt-3000,,1177,-1.0,-1.0,2750000.0,2500000.0,3000000.0,5500000.0,5000000.0,6000000.0
3,Perguruan Tinggi Menengah di Daerah,SEKOLAH TINGGI ILMU EKONOMI BINA KARYA,1178,SWASTA,-,SUMATERA UTARA,B,banpt-3129,,1178,-1.0,-1.0,2750000.0,2500000.0,3000000.0,5500000.0,5000000.0,6000000.0
3,Perguruan Tinggi Menengah di Daerah,SEKOLAH TINGGI ILMU EKONOMI BUDI PERTIWI,1179,SWASTA,-,JAWA BARAT,BAIK,banpt-1468,,1179,-1.0,-1.0,2750000.0,2500000.0,3000000.0,5500000.0,5000000.0,6000000.0
3,Perguruan Tinggi Menengah di Daerah,SEKOLAH TINGGI TEKNOLOGI PRATAMA ADI,1180,SWASTA,-,JAWA BARAT,BAIK,banpt-580,,1180,-1.0,-1.0,2700000.0,2700000.0,2700000.0,5400000.0,5400000.0,5400000.0
3,Perguruan Tinggi Menengah di Daerah,INSTITUT TEKNOLOGI DAN BISNIS ARUNGPALAKKA,1181,SWASTA,-,SULAWESI SELATAN,TIDAK TERAKREDITASI,banpt-168,,1181,-1.0,-1.0,2700000.0,2400000.0,3000000.0,5400000.0,4800000.0,6000000.0
3,Perguruan Tinggi Menengah di Daerah,UNIVERSITAS SAPTA MANDIRI,1182,SWASTA,-,KALIMANTAN SELATAN,BAIK,banpt-277,,1182,-1.0,-1.0,2700000.0,2700000.0,2700000.0,5400000.0,5400000.0,5400000.0
3,Perguruan Tinggi Menengah di Daerah,UNIVERSITAS SJAKHYAKIRTI,1183,SWASTA,https://campus.quipper.com/directory/universitas-sjakhyakirti,SUMATERA SELATAN,B,banpt-2002,545,1183,3602.0,105.0,2700000.0,2700000.0,2700000.0,5400000.0,5400000.0,5400000.0
3,Perguruan Tinggi Menengah di Daerah,UNIVERSITAS PGRI BANYUWANGI,1184,SWASTA,-,JAWA TIMUR,BAIK,banpt-3051,364,1184,-1.0,-1.0,2700000.0,150000.0,5250000.0,5400000.0,300000.0,10500000.0
3,Perguruan Tinggi Menengah di Daerah,UNIVERSITAS MUHAMMADIYAH SINJAI,1185,SWASTA,-,SULAWESI SELATAN,BAIK SEKALI,banpt-1822,,1185,-1.0,-1.0,2700000.0,900000.0,4500000.0,5400000.0,1800000.0,9000000.0
3,Perguruan Tinggi Menengah di Daerah,SEKOLAH TINGGI ILMU EKONOMI EKADHARMA INDONESIA,1186,SWASTA,-,JAWA BARAT,BAIK,banpt-2129,,1186,-1.0,-1.0,2700000.0,2700000.0,2700000.0,5400000.0,5400000.0,5400000.0
3,Perguruan Tinggi Menengah di Daerah,INSTITUT PENDIDIKAN TAPANULI SELATAN,1187,SWASTA,-,SUMATERA UTARA,B,banpt-1740,,1187,-1.0,-1.0,2686500.0,1835000.0,3538000.0,5373000.0,3670000.0,7076000.0
3,Perguruan Tinggi Menengah di Daerah,UNIVERSITAS KATOLIK WEETEBULA,1188,SWASTA,-,NUSA TENGGARA TIMUR,BAIK SEKALI,banpt-632,,1188,-1.0,-1.0,2685000.0,2560000.0,2810000.0,5370000.0,5120000.0,5620000.0
3,Perguruan Tinggi Menengah di Daerah,STKIP ABDI WACANA WAMENA,1189,SWASTA,-,PAPUA,BAIK,banpt-1671,,1189,-1.0,-1.0,2675000.0,2600000.0,2750000.0,5350000.0,5200000.0,5500000.0
3,Perguruan Tinggi Menengah di Daerah,SEKOLAH TINGGI ILMU PEMERINTAHAN ABDI NEGARA,1190,SWASTA,-,D.K.I. JAKARTA,BAIK,banpt-2496,,1190,-1.0,-1.0,2675000.0,350000.0,5000000.0,5350000.0,700000.0,10000000.0
3,Perguruan Tinggi Menengah di Daerah,SEKOLAH TINGGI ILMU EKONOMI JAYAKUSUMA,1191,SWASTA,-,D.K.I. JAKARTA,BAIK,banpt-1449,,1191,-1.0,-1.0,2675000.0,350000.0,5000000.0,5350000.0,700000.0,10000000.0
4,Perguruan Tinggi Premium & Prestisius,UNIVERSITAS PANCASAKTI TEGAL,1192,SWASTA,https://rencanamu.id/cari-kampus/universitas-pancasakti,JAWA TENGAH,UNGGUL,banpt-1518,,1192,4726.0,4726.0,2650000.0,800000.0,4500000.0,5300000.0,1600000.0,9000000.0
3,Perguruan Tinggi Menengah di Daerah,UNIVERSITAS GRAHA KARYA MUARA BULIAN,1193,SWASTA,-,JAMBI,BAIK,banpt-592,,1193,-1.0,-1.0,2650000.0,2650000.0,2650000.0,5300000.0,5300000.0,5300000.0
3,Perguruan Tinggi Menengah di Daerah,UNIVERSITAS MAHKOTA TRICOM UNGGUL,1194,SWASTA,-,SUMATERA UTARA,TERAKREDITASI,banpt-53,,1194,-1.0,-1.0,2650000.0,300000.0,5000000.0,5300000.0,600000.0,10000000.0
3,Perguruan Tinggi Menengah di Daerah,UNIVERSITAS PGRI KALIMANTAN,1195,SWASTA,-,KALIMANTAN SELATAN,B,banpt-1158,,1195,-1.0,-1.0,2637500.0,2625000.0,2650000.0,5275000.0,5250000.0,5300000.0
3,Perguruan Tinggi Menengah di Daerah,UNIVERSITAS PIGNATELLI TRIPUTRA,1196,SWASTA,-,JAWA TENGAH,BAIK,banpt-2262,,1196,-1.0,-1.0,2625000.0,200000.0,5050000.0,5250000.0,400000.0,10100000.0
3,Perguruan Tinggi Menengah di Daerah,SEKOLAH TINGGI MANAJEMEN INFORMATIKA KOMPUTER UYELINDO KUPANG,1197,SWASTA,-,NUSA TENGGARA TIMUR,B,banpt-1875,,1197,-1.0,-1.0,2625000.0,1050000.0,4200000.0,5250000.0,2100000.0,8400000.0
3,Perguruan Tinggi Menengah di Daerah,SEKOLAH TINGGI ILMU ADMINISTRASI ADABIAH,1198,SWASTA,-,SUMATERA BARAT,BAIK,banpt-2269,,1198,-1.0,-1.0,2625000.0,1250000.0,4000000.0,5250000.0,2500000.0,8000000.0
3,Perguruan Tinggi Menengah di Daerah,UNIVERSITAS DUMOGA KOTAMOBAGU,1199,SWASTA,-,SULAWESI UTARA,BAIK,banpt-1027,UN,1199,-1.0,-1.0,2625000.0,2500000.0,2750000.0,5250000.0,5000000.0,5500000.0
3,Perguruan Tinggi Menengah di Daerah,AMIK MAPAN TANGERANG,1200,SWASTA,-,BANTEN,BAIK,banpt-1910,,1200,-1.0,-1.0,2625000.0,2400000.0,2850000.0,5250000.0,4800000.0,5700000.0
3,Perguruan Tinggi Menengah di Daerah,SEKOLAH TINGGI ILMU EKONOMI KESUMANEGARA,1201,SWASTA,-,JAWA TIMUR,BAIK,banpt-1768,,1201,-1.0,-1.0,2625000.0,1650000.0,3600000.0,5250000.0,3300000.0,7200000.0
3,Perguruan Tinggi Menengah di Daerah,UNIVERSITAS AL HIKMAH JEPARA,1202,SWASTA,-,JAWA TENGAH,BAIK,banpt-1336,,1202,-1.0,-1.0,2622500.0,145000.0,5100000.0,5245000.0,290000.0,10200000.0
3,Perguruan Tinggi Menengah di Daerah,UNIVERSITAS AL-KHAIRIYAH,1203,SWASTA,-,BANTEN,BAIK,banpt-338,,1203,-1.0,-1.0,2617500.0,535000.0,4700000.0,5235000.0,1070000.0,9400000.0
3,Perguruan Tinggi Menengah di Daerah,SEKOLAH TINGGI TEKNIK PATI,1204,SWASTA,-,JAWA TENGAH,BAIK,banpt-1857,,1204,-1.0,-1.0,2600000.0,980000.0,4220000.0,5200000.0,1960000.0,8440000.0
3,Perguruan Tinggi Menengah di Daerah,UNIVERSITAS WERISAR,1205,SWASTA,-,PAPUA BARAT,BAIK,banpt-1568,,1205,-1.0,-1.0,2600000.0,2600000.0,2600000.0,5200000.0,5200000.0,5200000.0
3,Perguruan Tinggi Menengah di Daerah,UNIVERSITAS TEKNOLOGI SULAWESI,1206,SWASTA,-,SULAWESI SELATAN,BAIK,banpt-2402,572,1206,-1.0,-1.0,2600000.0,1200000.0,4000000.0,5200000.0,2400000.0,8000000.0
3,Perguruan Tinggi Menengah di Daerah,UNIVERSITAS GUNUNG KIDUL,1207,SWASTA,-,D.I. YOGYAKARTA,BAIK,banpt-3179,492,1207,-1.0,-1.0,2600000.0,1200000.0,4000000.0,5200000.0,2400000.0,8000000.0
3,Perguruan Tinggi Menengah di Daerah,SEKOLAH TINGGI MANAJEMEN INFORMATIKA DAN KOMPUTER AMIKOM SURAKARTA,1208,SWASTA,-,JAWA TENGAH,BAIK,banpt-4010,,1208,-1.0,-1.0,2580000.0,1880000.0,3280000.0,5160000.0,3760000.0,6560000.0
3,Perguruan Tinggi Menengah di Daerah,STKIP HERMON TIMIKA,1209,SWASTA,-,PAPUA,BAIK,banpt-1951,,1209,-1.0,-1.0,2580000.0,1200000.0,3960000.0,5160000.0,2400000.0,7920000.0
3,Perguruan Tinggi Menengah di Daerah,UNIVERSITAS SAINS ISLAM AL MAWADDAH WARRAHMAH KOLAKA,1210,SWASTA,-,SULAWESI TENGGARA,BAIK,banpt-1795,,1210,-1.0,-1.0,2580000.0,160000.0,5000000.0,5160000.0,320000.0,10000000.0
3,Perguruan Tinggi Menengah di Daerah,SEKOLAH TINGGI BAHASA ASING PRAYOGA,1211,SWASTA,-,SUMATERA BARAT,BAIK,banpt-3944,,1211,-1.0,-1.0,2575000.0,150000.0,5000000.0,5150000.0,300000.0,10000000.0
3,Perguruan Tinggi Menengah di Daerah,STMIK ANTAR BANGSA,1212,SWASTA,-,BANTEN,BAIK,banpt-2078,,1212,-1.0,-1.0,2550000.0,1000000.0,4100000.0,5100000.0,2000000.0,8200000.0
3,Perguruan Tinggi Menengah di Daerah,SEKOLAH TINGGI ILMU EKONOMI SURAKARTA,1213,SWASTA,https://campus.quipper.com/directory/sekolah-tinggi-ilmu-ekonomi-surakarta,JAWA TENGAH,B,banpt-3245,,1213,959.0,23.0,2550000.0,2000000.0,3500000.0,5100000.0,4000000.0,7000000.0
3,Perguruan Tinggi Menengah di Daerah,STKIP PELITA NUSANTARA BUTON,1214,SWASTA,-,SULAWESI TENGGARA,BAIK,banpt-1295,,1214,-1.0,-1.0,2550000.0,2200000.0,2900000.0,5100000.0,4400000.0,5800000.0
3,Perguruan Tinggi Menengah di Daerah,UNIVERSITAS TEKNOLOGI MATARAM,1215,SWASTA,-,NUSA TENGGARA BARAT,BAIK SEKALI,banpt-1949,,1215,-1.0,-1.0,2532000.0,324000.0,4740000.0,5064000.0,648000.0,9480000.0
3,Perguruan Tinggi Menengah di Daerah,SEKOLAH TINGGI FILSAFAT THEOLOGIA INDONESIA TIMUR,1216,SWASTA,-,SULAWESI SELATAN,BAIK,banpt-1610,,1216,-1.0,-1.0,2525000.0,400000.0,4650000.0,5050000.0,800000.0,9300000.0
3,Perguruan Tinggi Menengah di Daerah,AMIK PURNAMA NIAGA,1217,SWASTA,-,JAWA BARAT,BAIK,banpt-1765,,1217,-1.0,-1.0,2525000.0,2350000.0,2700000.0,5050000.0,4700000.0,5400000.0
3,Perguruan Tinggi Menengah di Daerah,INSTITUT TEKNOLOGI DAN BISNIS ADIAS,1218,SWASTA,-,JAWA TENGAH,BAIK,banpt-2160,,1218,-1.0,-1.0,2525000.0,1050000.0,4000000.0,5050000.0,2100000.0,8000000.0
3,Perguruan Tinggi Menengah di Daerah,APIKES IRIS,1219,SWASTA,-,SUMATERA BARAT,BAIK,banpt-426,,1219,-1.0,-1.0,2525000.0,400000.0,4650000.0,5050000.0,800000.0,9300000.0
3,Perguruan Tinggi Menengah di Daerah,SEKOLAH TINGGI ILMU EKONOMI JAYA NEGARA TAMANSISWA,1220,SWASTA,-,JAWA TIMUR,BAIK,banpt-2819,,1220,-1.0,-1.0,2525000.0,2100000.0,2950000.0,5050000.0,4200000.0,5900000.0
3,Perguruan Tinggi Menengah di Daerah,UNIVERSITAS TRIBUANA KALABAHI,1221,SWASTA,-,NUSA TENGGARA TIMUR,BAIK,banpt-3741,582,1221,-1.0,-1.0,2520000.0,1500000.0,3540000.0,5040000.0,3000000.0,7080000.0
3,Perguruan Tinggi Menengah di Daerah,UNIVERSITAS MERANGIN,1222,SWASTA,-,JAMBI,BAIK SEKALI,banpt-1675,,1222,-1.0,-1.0,2510000.0,1520000.0,3500000.0,5020000.0,3040000.0,7000000.0
3,Perguruan Tinggi Menengah di Daerah,SEKOLAH TINGGI KEGURUAN DAN ILMU PENDIDIKAN AL MAKSUM,1223,SWASTA,-,SUMATERA UTARA,BAIK,banpt-2808,,1223,-1.0,-1.0,2500000.0,2500000.0,2500000.0,5000000.0,5000000.0,5000000.0
4,Perguruan Tinggi Premium & Prestisius,UNIVERSITAS MUHAMMADIYAH PURWOREJO,1224,SWASTA,https://rencanamu.id/cari-kampus/universitas-muhammadiyah-purworejo,JAWA TENGAH,B,banpt-3310,88,1224,4367.0,4367.0,2500000.0,2500000.0,20000000.0,5000000.0,5000000.0,20000000.0
3,Perguruan Tinggi Menengah di Daerah,SEKOLAH TINGGI ILMU EKONOMI OTTOW & GEISSLER SERUI,1225,SWASTA,-,PAPUA,BAIK,banpt-2448,,1225,-1.0,-1.0,2500000.0,2500000.0,2500000.0,5000000.0,5000000.0,5000000.0
3,Perguruan Tinggi Menengah di Daerah,INSTITUT BISNIS MUHAMMADIYAH BEKASI,1226,SWASTA,-,JAWA BARAT,BAIK,banpt-2068,,1226,-1.0,-1.0,2500000.0,2500000.0,2500000.0,5000000.0,5000000.0,5000000.0
3,Perguruan Tinggi Menengah di Daerah,SEKOLAH TINGGI TEKNOLOGI INFORMATIKA SONY SUGEMA,1227,SWASTA,-,JAWA BARAT,BAIK,banpt-911,,1227,-1.0,-1.0,2500000.0,1500000.0,3500000.0,5000000.0,3000000.0,7000000.0
3,Perguruan Tinggi Menengah di Daerah,SEKOLAH TINGGI ILMU KESEHATAN BUDI MULIA,1228,SWASTA,-,SULAWESI TENGGARA,BAIK,banpt-1435,,1228,-1.0,-1.0,2500000.0,2500000.0,2500000.0,5000000.0,5000000.0,5000000.0
3,Perguruan Tinggi Menengah di Daerah,SEKOLAH TINGGI KEGURUAN DAN ILMU PENDIDIKAN SERAM RAYA,1229,SWASTA,-,MALUKU,BAIK,banpt-1456,,1229,-1.0,-1.0,2500000.0,2500000.0,2500000.0,5000000.0,5000000.0,5000000.0
3,Perguruan Tinggi Menengah di Daerah,SEKOLAH TINGGI ILMU EKONOMI YPHB,1230,SWASTA,-,ACEH,BAIK,banpt-637,,1230,-1.0,-1.0,2500000.0,2500000.0,2500000.0,5000000.0,5000000.0,5000000.0
3,Perguruan Tinggi Menengah di Daerah,STKIP ISLAM SABILAL MUHTADIN BANJARMASIN,1231,SWASTA,-,KALIMANTAN SELATAN,BAIK,banpt-970,,1231,-1.0,-1.0,2500000.0,2500000.0,2500000.0,5000000.0,5000000.0,5000000.0
3,Perguruan Tinggi Menengah di Daerah,SEKOLAH TINGGI ILMU EKONOMI AL-ANWAR,1232,SWASTA,-,JAWA TIMUR,BAIK,banpt-3970,,1232,-1.0,-1.0,2500000.0,2500000.0,2500000.0,5000000.0,5000000.0,5000000.0
3,Perguruan Tinggi Menengah di Daerah,UNIVERSITAS ARYASATYA DEO MURI,1233,SWASTA,-,NUSA TENGGARA TIMUR,BAIK,banpt-2179,587,1233,-1.0,-1.0,2500000.0,2500000.0,2500000.0,5000000.0,5000000.0,5000000.0
3,Perguruan Tinggi Menengah di Daerah,STISIP SYAMSUL ULUM,1234,SWASTA,-,JAWA BARAT,BAIK,banpt-2968,,1234,-1.0,-1.0,2500000.0,2500000.0,2500000.0,5000000.0,5000000.0,5000000.0
3,Perguruan Tinggi Menengah di Daerah,SEKOLAH TINGGI ILMU EKONOMI AMA,1235,SWASTA,-,JAWA TENGAH,BAIK,banpt-2161,,1235,-1.0,-1.0,2500000.0,2500000.0,2500000.0,5000000.0,5000000.0,5000000.0
3,Perguruan Tinggi Menengah di Daerah,SEKOLAH TINGGI ILMU ADMINISTRASI ISKANDAR THANI,1236,SWASTA,-,ACEH,BAIK,banpt-3408,,1236,-1.0,-1.0,2500000.0,2500000.0,2500000.0,5000000.0,5000000.0,5000000.0
3,Perguruan Tinggi Menengah di Daerah,STISIP MERDEKA MANADO,1237,SWASTA,-,SULAWESI UTARA,BAIK,banpt-299,,1237,-1.0,-1.0,2500000.0,2500000.0,2500000.0,5000000.0,5000000.0,5000000.0
3,Perguruan Tinggi Menengah di Daerah,UNIVERSITAS AISYIYAH YOGYAKARTA,1238,SWASTA,-,D.I. YOGYAKARTA,UNGGUL,banpt-1999,203,1238,-1.0,-1.0,2500000.0,2500000.0,2500000.0,5000000.0,5000000.0,5000000.0
3,Perguruan Tinggi Menengah di Daerah,SEKOLAH TINGGI ILMU HUKUM AL-BANNA,1239,SWASTA,-,ACEH,BAIK,banpt-999,,1239,-1.0,-1.0,2500000.0,2500000.0,2500000.0,5000000.0,5000000.0,5000000.0
3,Perguruan Tinggi Menengah di Daerah,UNIVERSITAS ASAHAN,1240,SWASTA,-,SUMATERA UTARA,B,banpt-1830,408,1240,-1.0,-1.0,2500000.0,2500000.0,2500000.0,5000000.0,5000000.0,5000000.0
3,Perguruan Tinggi Menengah di Daerah,SEKOLAH TINGGI ILMU KOMPUTER 22 JANUARI KENDARI,1241,SWASTA,-,SULAWESI TENGGARA,BAIK,banpt-1631,,1241,-1.0,-1.0,2500000.0,2500000.0,2500000.0,5000000.0,5000000.0,5000000.0
3,Perguruan Tinggi Menengah di Daerah,INSTITUT KESEHATAN DAN BISNIS ST. FATIMAH MAMUJU,1242,SWASTA,-,SULAWESI BARAT,BAIK,banpt-1332,,1242,-1.0,-1.0,2500000.0,2500000.0,2500000.0,5000000.0,5000000.0,5000000.0
3,Perguruan Tinggi Menengah di Daerah,UNIVERSITAS DARUL MA`ARIF,1243,SWASTA,-,JAWA BARAT,BAIK,banpt-295,,1243,-1.0,-1.0,2500000.0,2500000.0,2500000.0,5000000.0,5000000.0,5000000.0
3,Perguruan Tinggi Menengah di Daerah,SEKOLAH TINGGI ILMU EKONOMI INDONESIA MAKASSAR,1244,SWASTA,-,SULAWESI SELATAN,BAIK,banpt-1061,,1244,-1.0,-1.0,2500000.0,2000000.0,3000000.0,5000000.0,4000000.0,6000000.0
3,Perguruan Tinggi Menengah di Daerah,SEKOLAH TINGGI ILMU PERTANIAN YASHAFA,1245,SWASTA,-,ACEH,BAIK,banpt-1322,,1245,-1.0,-1.0,2500000.0,2500000.0,2500000.0,5000000.0,5000000.0,5000000.0
3,Perguruan Tinggi Menengah di Daerah,SEKOLAH TINGGI ILMU EKONOMI PIONER MANADO,1246,SWASTA,-,SULAWESI UTARA,BAIK,banpt-928,,1246,-1.0,-1.0,2500000.0,1500000.0,3500000.0,5000000.0,3000000.0,7000000.0
3,Perguruan Tinggi Menengah di Daerah,UNIVERSITAS MA'SOEM,1247,SWASTA,-,JAWA BARAT,BAIK,banpt-2357,,1247,-1.0,-1.0,2500000.0,1000000.0,4000000.0,5000000.0,2000000.0,8000000.0
3,Perguruan Tinggi Menengah di Daerah,SEKOLAH TINGGI ILMU ADMINISTRASI PELITA NUSANTARA,1248,SWASTA,-,ACEH,BAIK,banpt-3052,,1248,-1.0,-1.0,2500000.0,2500000.0,2500000.0,5000000.0,5000000.0,5000000.0
3,Perguruan Tinggi Menengah di Daerah,INSTITUT RAHMANIYAH SEKAYU,1249,SWASTA,-,SUMATERA SELATAN,BAIK,banpt-453,,1249,-1.0,-1.0,2500000.0,2500000.0,2500000.0,5000000.0,5000000.0,5000000.0
3,Perguruan Tinggi Menengah di Daerah,STKIP PARACENDEKIA N W SUMBAWA,1250,SWASTA,-,NUSA TENGGARA BARAT,BAIK,banpt-2137,,1250,-1.0,-1.0,2500000.0,1000000.0,4000000.0,5000000.0,2000000.0,8000000.0
3,Perguruan Tinggi Menengah di Daerah,INSTITUT SAINS DAN TEKNOLOGI ESA TRINITA,1251,SWASTA,-,SULAWESI UTARA,BAIK,banpt-1534,,1251,-1.0,-1.0,2500000.0,2400000.0,2600000.0,5000000.0,4800000.0,5200000.0
3,Perguruan Tinggi Menengah di Daerah,INSTITUT TEKNOLOGI DAN BISNIS NUSANTARA,1252,SWASTA,-,LAMPUNG,BAIK,banpt-741,,1252,-1.0,-1.0,2500000.0,2500000.0,2500000.0,5000000.0,5000000.0,5000000.0
3,Perguruan Tinggi Menengah di Daerah,UNIVERSITAS MUSLIM BUTON,1253,SWASTA,-,SULAWESI TENGGARA,BAIK,banpt-2628,,1253,-1.0,-1.0,2500000.0,2500000.0,2500000.0,5000000.0,5000000.0,5000000.0
3,Perguruan Tinggi Menengah di Daerah,SEKOLAH TINGGI KEGURUAN DAN ILMU PENDIDIKAN KUMALA LAMPUNG METRO,1254,SWASTA,-,LAMPUNG,BAIK,banpt-403,,1254,-1.0,-1.0,2500000.0,2500000.0,2500000.0,5000000.0,5000000.0,5000000.0
3,Perguruan Tinggi Menengah di Daerah,SEKOLAH TINGGI ILMU EKONOMI WIDYA PERSADA,1255,SWASTA,-,D.K.I. JAKARTA,BAIK,banpt-817,,1255,-1.0,-1.0,2500000.0,1500000.0,3500000.0,5000000.0,3000000.0,7000000.0
3,Perguruan Tinggi Menengah di Daerah,INSTITUT TEKNOLOGI DAN SAINS NAHDLATUL ULAMA KALIMANTAN,1256,SWASTA,-,KALIMANTAN TENGAH,BAIK,banpt-537,,1256,-1.0,-1.0,2500000.0,2000000.0,3000000.0,5000000.0,4000000.0,6000000.0
3,Perguruan Tinggi Menengah di Daerah,SEKOLAH TINGGI ILMU PERTANIAN BELITANG,1257,SWASTA,-,SUMATERA SELATAN,BAIK,banpt-2638,,1257,-1.0,-1.0,2500000.0,2500000.0,2500000.0,5000000.0,5000000.0,5000000.0
3,Perguruan Tinggi Menengah di Daerah,STIKS TAMALANREA MAKASSAR,1258,SWASTA,-,SULAWESI SELATAN,BAIK,banpt-1968,,1258,-1.0,-1.0,2500000.0,2500000.0,2500000.0,5000000.0,5000000.0,5000000.0
3,Perguruan Tinggi Menengah di Daerah,STMIK METHODIST BINJAI,1259,SWASTA,-,SUMATERA UTARA,BAIK,banpt-420,,1259,-1.0,-1.0,2500000.0,2500000.0,2500000.0,5000000.0,5000000.0,5000000.0
3,Perguruan Tinggi Menengah di Daerah,STMIK BINA PATRIA,1260,SWASTA,-,JAWA TENGAH,BAIK,banpt-2407,,1260,-1.0,-1.0,2500000.0,2500000.0,2500000.0,5000000.0,5000000.0,5000000.0
3,Perguruan Tinggi Menengah di Daerah,UNIVERSITAS MANDIRI,1261,SWASTA,-,JAWA BARAT,BAIK,banpt-2457,,1261,-1.0,-1.0,2500000.0,2500000.0,2500000.0,5000000.0,5000000.0,5000000.0
3,Perguruan Tinggi Menengah di Daerah,INSTITUT TEKNOLOGI DAN SAINS NAHDLATUL ULAMA SRIWIJAYA SUMATERA SELATAN,1262,SWASTA,-,SUMATERA SELATAN,BAIK,banpt-301,,1262,-1.0,-1.0,2500000.0,2500000.0,2500000.0,5000000.0,5000000.0,5000000.0
3,Perguruan Tinggi Menengah di Daerah,UNIVERSITAS ISLAM SUMATERA BARAT,1263,SWASTA,-,SUMATERA BARAT,BAIK,banpt-633,591,1263,-1.0,-1.0,2500000.0,2500000.0,2500000.0,5000000.0,5000000.0,5000000.0
3,Perguruan Tinggi Menengah di Daerah,UNIVERSITAS MUHAMMADIYAH BERAU,1264,SWASTA,-,KALIMANTAN TIMUR,BAIK SEKALI,banpt-2195,410,1264,-1.0,-1.0,2500000.0,2500000.0,2500000.0,5000000.0,5000000.0,5000000.0
3,Perguruan Tinggi Menengah di Daerah,INSTITUT TEKNOLOGI DAN BISNIS TUBAN,1265,SWASTA,-,JAWA TIMUR,BAIK,banpt-1329,,1265,-1.0,-1.0,2500000.0,2500000.0,2500000.0,5000000.0,5000000.0,5000000.0
3,Perguruan Tinggi Menengah di Daerah,SEKOLAH TINGGI ILMU EKONOMI PPI,1266,SWASTA,-,BANTEN,B,banpt-2254,,1266,-1.0,-1.0,2475000.0,550000.0,4400000.0,4950000.0,1100000.0,8800000.0
3,Perguruan Tinggi Menengah di Daerah,SEKOLAH TINGGI ILMU EKONOMI SAMARINDA,1267,SWASTA,-,KALIMANTAN TIMUR,BAIK,banpt-1479,,1267,-1.0,-1.0,2475000.0,1750000.0,3200000.0,4950000.0,3500000.0,6400000.0
3,Perguruan Tinggi Menengah di Daerah,UNIVERSITAS SATYA WIYATA MANDALA,1268,SWASTA,-,PAPUA,BAIK,banpt-3199,586,1268,-1.0,-1.0,2475000.0,1000000.0,3950000.0,4950000.0,2000000.0,7900000.0
3,Perguruan Tinggi Menengah di Daerah,AMIK TOMAKAKA,1269,SWASTA,-,SULAWESI BARAT,BAIK,banpt-1168,,1269,-1.0,-1.0,2460000.0,2460000.0,2460000.0,4920000.0,4920000.0,4920000.0
3,Perguruan Tinggi Menengah di Daerah,SEKOLAH TINGGI ILMU MARITIM INDONESIA TERNATE,1270,SWASTA,-,MALUKU UTARA,BAIK,banpt-1961,,1270,-1.0,-1.0,2450000.0,2400000.0,2500000.0,4900000.0,4800000.0,5000000.0
3,Perguruan Tinggi Menengah di Daerah,SEKOLAH TINGGI BISNIS RUNATA,1271,SWASTA,-,BALI,BAIK,banpt-2222,,1271,-1.0,-1.0,2450000.0,100000.0,4800000.0,4900000.0,200000.0,9600000.0
3,Perguruan Tinggi Menengah di Daerah,SEKOLAH TINGGI KEGURUAN DAN ILMU PENDIDIKAN PADANG LAWAS,1272,SWASTA,-,SUMATERA UTARA,BAIK,banpt-2697,,1272,-1.0,-1.0,2400000.0,2400000.0,2400000.0,4800000.0,4800000.0,4800000.0
3,Perguruan Tinggi Menengah di Daerah,UNIVERSITAS MA'ARIF NAHDLATUL ULAMA KEBUMEN,1273,SWASTA,-,JAWA TENGAH,BAIK,banpt-3819,,1273,-1.0,-1.0,2400000.0,2000000.0,2800000.0,4800000.0,4000000.0,5600000.0
3,Perguruan Tinggi Menengah di Daerah,SEKOLAH TINGGI ILMU EKONOMI KERTANEGARA,1274,SWASTA,-,JAWA TIMUR,BAIK,banpt-1455,,1274,-1.0,-1.0,2400000.0,2400000.0,2400000.0,4800000.0,4800000.0,4800000.0
3,Perguruan Tinggi Menengah di Daerah,STMIK SURYA INTAN,1275,SWASTA,-,LAMPUNG,BAIK,banpt-1423,,1275,-1.0,-1.0,2400000.0,2400000.0,2400000.0,4800000.0,4800000.0,4800000.0
3,Perguruan Tinggi Menengah di Daerah,STMIK MERCUSUAR,1276,SWASTA,-,JAWA BARAT,BAIK,banpt-2666,,1276,-1.0,-1.0,2400000.0,2400000.0,2400000.0,4800000.0,4800000.0,4800000.0
3,Perguruan Tinggi Menengah di Daerah,INSTITUT TEKNOLOGI DAN BISNIS BINA SRIWIJAYA PALEMBANG,1277,SWASTA,-,SUMATERA SELATAN,BAIK,banpt-352,,1277,-1.0,-1.0,2400000.0,2300000.0,2500000.0,4800000.0,4600000.0,5000000.0
3,Perguruan Tinggi Menengah di Daerah,INSTITUT TEKNOLOGI BISNIS DAN KESEHATAN MUHAMMADIYAH MUNA BARAT,1278,SWASTA,-,SULAWESI TENGGARA,BAIK,banpt-727,,1278,-1.0,-1.0,2400000.0,2400000.0,2400000.0,4800000.0,4800000.0,4800000.0
3,Perguruan Tinggi Menengah di Daerah,STMIK INDONESIA BANDA ACEH,1279,SWASTA,-,ACEH,BAIK,banpt-3659,,1279,-1.0,-1.0,2400000.0,2400000.0,2400000.0,4800000.0,4800000.0,4800000.0
3,Perguruan Tinggi Menengah di Daerah,SEKOLAH TINGGI ILMU EKONOMI AL-MADANI,1280,SWASTA,-,LAMPUNG,BAIK,banpt-2598,,1280,-1.0,-1.0,2400000.0,2400000.0,2400000.0,4800000.0,4800000.0,4800000.0
3,Perguruan Tinggi Menengah di Daerah,INSTITUT TEKNOLOGI DAN BISNIS MUHAMMADIYAH POLEWALI MANDAR,1281,SWASTA,-,SULAWESI BARAT,BAIK,banpt-1730,,1281,-1.0,-1.0,2400000.0,2400000.0,2400000.0,4800000.0,4800000.0,4800000.0
3,Perguruan Tinggi Menengah di Daerah,UNIVERSITAS KRISTEN TENTENA,1282,SWASTA,-,SULAWESI TENGAH,BAIK,banpt-907,583,1282,-1.0,-1.0,2400000.0,2400000.0,2400000.0,4800000.0,4800000.0,4800000.0
3,Perguruan Tinggi Menengah di Daerah,UNIVERSITAS SULTAN FATAH,1283,SWASTA,-,JAWA TENGAH,BAIK,banpt-3914,502,1283,-1.0,-1.0,2400000.0,2400000.0,2400000.0,4800000.0,4800000.0,4800000.0
3,Perguruan Tinggi Menengah di Daerah,SEKOLAH TINGGI ILMU MANAJEMEN INDONESIA MEULABOH,1284,SWASTA,-,ACEH,BAIK,banpt-1462,,1284,-1.0,-1.0,2400000.0,2400000.0,2400000.0,4800000.0,4800000.0,4800000.0
3,Perguruan Tinggi Menengah di Daerah,SEKOLAH TINGGI ILMU EKONOMI PUTRA TIMOR,1285,SWASTA,-,NUSA TENGGARA TIMUR,BAIK,banpt-1172,,1285,-1.0,-1.0,2400000.0,2400000.0,2400000.0,4800000.0,4800000.0,4800000.0
3,Perguruan Tinggi Menengah di Daerah,AMIK TRI DHARMA PALU,1286,SWASTA,-,SULAWESI TENGAH,BAIK,banpt-1284,,1286,-1.0,-1.0,2400000.0,2400000.0,2400000.0,4800000.0,4800000.0,4800000.0
3,Perguruan Tinggi Menengah di Daerah,SEKOLAH TINGGI ILMU EKONOMI YASMI,1287,SWASTA,-,JAWA BARAT,BAIK,banpt-3612,,1287,-1.0,-1.0,2400000.0,2400000.0,2400000.0,4800000.0,4800000.0,4800000.0
3,Perguruan Tinggi Menengah di Daerah,SEKOLAH TINGGI TEKNOLOGI NUSANTARA INDONESIA,1288,SWASTA,-,SULAWESI SELATAN,BAIK,banpt-3181,,1288,-1.0,-1.0,2400000.0,2400000.0,2400000.0,4800000.0,4800000.0,4800000.0
3,Perguruan Tinggi Menengah di Daerah,AMIK BUMI NUSANTARA,1289,SWASTA,-,JAWA BARAT,BAIK,banpt-1251,,1289,-1.0,-1.0,2400000.0,2400000.0,2400000.0,4800000.0,4800000.0,4800000.0
3,Perguruan Tinggi Menengah di Daerah,SEKOLAH TINGGI ILMU EKONOMI YAPI BONE,1290,SWASTA,-,SULAWESI SELATAN,BAIK,banpt-146,,1290,-1.0,-1.0,2400000.0,2400000.0,2400000.0,4800000.0,4800000.0,4800000.0
3,Perguruan Tinggi Menengah di Daerah,SEKOLAH TINGGI TEKNOLOGI TEXMACO,1291,SWASTA,-,JAWA BARAT,BAIK,banpt-1039,,1291,-1.0,-1.0,2400000.0,1800000.0,3000000.0,4800000.0,3600000.0,6000000.0
3,Perguruan Tinggi Menengah di Daerah,UNIVERSITAS ISLAM LABUHAN BATU,1292,SWASTA,-,SUMATERA UTARA,BAIK,banpt-2382,566,1292,-1.0,-1.0,2400000.0,2400000.0,2400000.0,4800000.0,4800000.0,4800000.0
3,Perguruan Tinggi Menengah di Daerah,INSTITUT TEKNOLOGI DAN BISNIS BANTEN,1293,SWASTA,-,BANTEN,BAIK,banpt-1821,,1293,-1.0,-1.0,2400000.0,2400000.0,2400000.0,4800000.0,4800000.0,4800000.0
3,Perguruan Tinggi Menengah di Daerah,INSTITUT TEKNOLOGI DAN SAINS NAHDLATUL ULAMA JAMBI,1294,SWASTA,-,JAMBI,BAIK,banpt-1415,,1294,-1.0,-1.0,2400000.0,2400000.0,2400000.0,4800000.0,4800000.0,4800000.0
3,Perguruan Tinggi Menengah di Daerah,UNIVERSITAS MATHLA UL ANWAR,1295,SWASTA,-,BANTEN,BAIK SEKALI,banpt-2812,,1295,-1.0,-1.0,2400000.0,2400000.0,2400000.0,4800000.0,4800000.0,4800000.0
3,Perguruan Tinggi Menengah di Daerah,STISIP SAMUDERA INDONESIA SELATAN,1296,SWASTA,-,JAWA BARAT,BAIK,banpt-1037,,1296,-1.0,-1.0,2400000.0,2400000.0,2400000.0,4800000.0,4800000.0,4800000.0
3,Perguruan Tinggi Menengah di Daerah,UNIVERSITAS KARYA PERSADA MUNA,1297,SWASTA,-,SULAWESI TENGGARA,BAIK,banpt-1029,,1297,-1.0,-1.0,2400000.0,2400000.0,2400000.0,4800000.0,4800000.0,4800000.0
3,Perguruan Tinggi Menengah di Daerah,UNIVERSITAS NAHDLATUL ULAMA SUMATERA BARAT,1298,SWASTA,-,SUMATERA BARAT,BAIK,banpt-2453,569,1298,-1.0,-1.0,2400000.0,2400000.0,2400000.0,4800000.0,4800000.0,4800000.0
3,Perguruan Tinggi Menengah di Daerah,UNIVERSITAS SIPATOKKONG MAMBO,1299,SWASTA,-,SULAWESI SELATAN,BAIK,banpt-902,,1299,-1.0,-1.0,2400000.0,2400000.0,2400000.0,4800000.0,4800000.0,4800000.0
3,Perguruan Tinggi Menengah di Daerah,STMIK PGRI TANGERANG,1300,SWASTA,-,BANTEN,BAIK,banpt-1291,,1300,-1.0,-1.0,2400000.0,2400000.0,2400000.0,4800000.0,4800000.0,4800000.0
3,Perguruan Tinggi Menengah di Daerah,SEKOLAH TINGGI ILMU KEHUTANAN PANTE KULU,1301,SWASTA,-,ACEH,BAIK,banpt-3514,,1301,-1.0,-1.0,2400000.0,1800000.0,3000000.0,4800000.0,3600000.0,6000000.0
3,Perguruan Tinggi Menengah di Daerah,UNIVERSITAS PERWIRA PURBALINGGA,1302,SWASTA,-,JAWA TENGAH,BAIK,banpt-1986,,1302,-1.0,-1.0,2400000.0,2400000.0,2400000.0,4800000.0,4800000.0,4800000.0
3,Perguruan Tinggi Menengah di Daerah,INSTITUT TEKNOLOGI DAN SAINS NAHDLATUL ULAMA LAMPUNG,1303,SWASTA,-,LAMPUNG,BAIK,banpt-1040,,1303,-1.0,-1.0,2400000.0,2400000.0,2400000.0,4800000.0,4800000.0,4800000.0
3,Perguruan Tinggi Menengah di Daerah,STIE YA BANGKO,1304,SWASTA,-,JAMBI,BAIK,banpt-895,,1304,-1.0,-1.0,2400000.0,2400000.0,2400000.0,4800000.0,4800000.0,4800000.0
3,Perguruan Tinggi Menengah di Daerah,STISIP BINA GENERASI POLEWALI,1305,SWASTA,-,SULAWESI BARAT,BAIK,banpt-507,,1305,-1.0,-1.0,2400000.0,2400000.0,2400000.0,4800000.0,4800000.0,4800000.0
3,Perguruan Tinggi Menengah di Daerah,SEKOLAH TINGGI ILMU EKONOMI ANINDYAGUNA,1306,SWASTA,-,JAWA TENGAH,BAIK,banpt-2774,,1306,-1.0,-1.0,2400000.0,2400000.0,2400000.0,4800000.0,4800000.0,4800000.0
3,Perguruan Tinggi Menengah di Daerah,UNIVERSITAS SAINTEK MUHAMMADIYAH,1307,SWASTA,-,D.K.I. JAKARTA,BAIK,banpt-279,,1307,-1.0,-1.0,2400000.0,2400000.0,2400000.0,4800000.0,4800000.0,4800000.0
3,Perguruan Tinggi Menengah di Daerah,SEKOLAH TINGGI KEGURUAN DAN ILMU PENDIDIKAN SURYA KASIH,1308,SWASTA,-,NUSA TENGGARA TIMUR,BAIK,banpt-1080,,1308,-1.0,-1.0,2400000.0,2400000.0,2400000.0,4800000.0,4800000.0,4800000.0
3,Perguruan Tinggi Menengah di Daerah,SEKOLAH TINGGI BAHASA ASING PONTIANAK,1309,SWASTA,-,KALIMANTAN BARAT,BAIK,banpt-3374,,1309,-1.0,-1.0,2400000.0,2400000.0,2400000.0,4800000.0,4800000.0,4800000.0
3,Perguruan Tinggi Menengah di Daerah,SEKOLAH TINGGI ILMU EKONOMI SWASTA MANDIRI,1310,SWASTA,-,JAWA TENGAH,BAIK,banpt-2076,,1310,-1.0,-1.0,2400000.0,2400000.0,2400000.0,4800000.0,4800000.0,4800000.0
3,Perguruan Tinggi Menengah di Daerah,UNIVERSITAS GUNUNG RINJANI,1311,SWASTA,https://campus.quipper.com/directory/universitas-gunung-rinjani,NUSA TENGGARA BARAT,BAIK,banpt-3929,513,1311,1503.0,65.0,2400000.0,2400000.0,2400000.0,4800000.0,4800000.0,4800000.0
3,Perguruan Tinggi Menengah di Daerah,SEKOLAH TINGGI ILMU EKONOMI DHARMA NASIONAL JEMBER,1312,SWASTA,-,JAWA TIMUR,BAIK,banpt-2635,,1312,-1.0,-1.0,2400000.0,2400000.0,2400000.0,4800000.0,4800000.0,4800000.0
3,Perguruan Tinggi Menengah di Daerah,UNIVERSITAS INDONESIA MANDIRI,1313,SWASTA,-,LAMPUNG,BAIK,banpt-1411,,1313,-1.0,-1.0,2400000.0,2400000.0,2400000.0,4800000.0,4800000.0,4800000.0
3,Perguruan Tinggi Menengah di Daerah,SEKOLAH TINGGI ILMU EKONOMI NASIONAL,1314,SWASTA,-,NUSA TENGGARA BARAT,BAIK,banpt-2478,,1314,-1.0,-1.0,2400000.0,2400000.0,2400000.0,4800000.0,4800000.0,4800000.0
3,Perguruan Tinggi Menengah di Daerah,SEKOLAH TINGGI ILMU ADMINISTRASI BAYUANGGA,1315,SWASTA,-,JAWA TIMUR,BAIK,banpt-1576,,1315,-1.0,-1.0,2400000.0,2400000.0,2400000.0,4800000.0,4800000.0,4800000.0
3,Perguruan Tinggi Menengah di Daerah,SEKOLAH TINGGI ILMU HUKUM ZAINUL HASAN,1316,SWASTA,-,JAWA TIMUR,BAIK,banpt-3987,,1316,-1.0,-1.0,2400000.0,2400000.0,2400000.0,4800000.0,4800000.0,4800000.0
3,Perguruan Tinggi Menengah di Daerah,AMIK DEPATI PARBO KERINCI,1317,SWASTA,-,JAMBI,BAIK,banpt-351,,1317,-1.0,-1.0,2400000.0,2400000.0,2400000.0,4800000.0,4800000.0,4800000.0
3,Perguruan Tinggi Menengah di Daerah,STKIP USMAN SAFRI KUTACANE,1318,SWASTA,-,ACEH,BAIK,banpt-1510,,1318,-1.0,-1.0,2400000.0,2400000.0,2400000.0,4800000.0,4800000.0,4800000.0
3,Perguruan Tinggi Menengah di Daerah,SEKOLAH TINGGI KEGURUAN DAN ILMU PENDIDIKAN ABDUL MUJIB LAEWANG DAMPAL SELATAN,1319,SWASTA,-,SULAWESI TENGAH,BAIK,banpt-877,,1319,-1.0,-1.0,2400000.0,2400000.0,2400000.0,4800000.0,4800000.0,4800000.0
3,Perguruan Tinggi Menengah di Daerah,STMIK TIDORE MANDIRI,1320,SWASTA,-,MALUKU UTARA,BAIK,banpt-2715,,1320,-1.0,-1.0,2400000.0,2400000.0,2400000.0,4800000.0,4800000.0,4800000.0
3,Perguruan Tinggi Menengah di Daerah,STKIP SINAR CENDEKIA,1321,SWASTA,-,BANTEN,BAIK,banpt-1196,,1321,-1.0,-1.0,2400000.0,2400000.0,2400000.0,4800000.0,4800000.0,4800000.0
3,Perguruan Tinggi Menengah di Daerah,STMIK SYAIKH ZAINUDDIN NAHDLATUL WATHAN,1322,SWASTA,-,NUSA TENGGARA BARAT,BAIK,banpt-378,,1322,-1.0,-1.0,2400000.0,2400000.0,2400000.0,4800000.0,4800000.0,4800000.0
3,Perguruan Tinggi Menengah di Daerah,STKIP BABUNNAJAH PANDEGLANG,1323,SWASTA,-,BANTEN,BAIK,banpt-3283,,1323,-1.0,-1.0,2400000.0,2400000.0,2400000.0,4800000.0,4800000.0,4800000.0
3,Perguruan Tinggi Menengah di Daerah,INSTITUT TEKNOLOGI DAN BISNIS VISI NUSANTARA BOGOR,1324,SWASTA,-,JAWA BARAT,BAIK,banpt-1492,,1324,-1.0,-1.0,2400000.0,2400000.0,2400000.0,4800000.0,4800000.0,4800000.0
3,Perguruan Tinggi Menengah di Daerah,UNIVERSITAS NAHDLATUL ULAMA SUMATERA UTARA,1325,SWASTA,-,SUMATERA UTARA,BAIK,banpt-2629,503,1325,-1.0,-1.0,2400000.0,2400000.0,2400000.0,4800000.0,4800000.0,4800000.0
3,Perguruan Tinggi Menengah di Daerah,SEKOLAH TINGGI ILMU MANAJEMEN PUBLIK MAKASSAR,1326,SWASTA,-,SULAWESI SELATAN,TIDAK TERAKREDITASI,banpt-38,,1326,-1.0,-1.0,2400000.0,2400000.0,2400000.0,4800000.0,4800000.0,4800000.0
3,Perguruan Tinggi Menengah di Daerah,UNIVERSITAS DARUNNAJAH,1327,SWASTA,-,D.K.I. JAKARTA,BAIK,banpt-1313,262,1327,-1.0,-1.0,2400000.0,2400000.0,2400000.0,4800000.0,4800000.0,4800000.0
3,Perguruan Tinggi Menengah di Daerah,STKIP NAHDLATUL ULAMA KABUPATEN TEGAL,1328,SWASTA,-,JAWA TENGAH,BAIK,banpt-1590,,1328,-1.0,-1.0,2400000.0,2400000.0,2400000.0,4800000.0,4800000.0,4800000.0
3,Perguruan Tinggi Menengah di Daerah,SEKOLAH TINGGI TEKNOLOGI POMOSDA,1329,SWASTA,-,JAWA TIMUR,BAIK,banpt-3992,,1329,-1.0,-1.0,2400000.0,2400000.0,2400000.0,4800000.0,4800000.0,4800000.0
3,Perguruan Tinggi Menengah di Daerah,SEKOLAH TINGGI ILMU EKONOMI NUSANTARA MAKASSAR,1330,SWASTA,-,SULAWESI SELATAN,BAIK,banpt-2670,,1330,-1.0,-1.0,2400000.0,2400000.0,2400000.0,4800000.0,4800000.0,4800000.0
3,Perguruan Tinggi Menengah di Daerah,SEKOLAH TINGGI ILMU EKONOMI WIDYA DARMA KOTAMOBAGU,1331,SWASTA,-,SULAWESI UTARA,BAIK,banpt-2864,,1331,-1.0,-1.0,2400000.0,2400000.0,2400000.0,4800000.0,4800000.0,4800000.0
3,Perguruan Tinggi Menengah di Daerah,STMIK CITRA MANDIRI PADANGSIDIMPUAN,1332,SWASTA,-,SUMATERA UTARA,BAIK,banpt-1421,,1332,-1.0,-1.0,2400000.0,2400000.0,2400000.0,4800000.0,4800000.0,4800000.0
3,Perguruan Tinggi Menengah di Daerah,UNIVERSITAS WALLACEA,1333,SWASTA,-,SULAWESI BARAT,BAIK,banpt-1959,,1333,-1.0,-1.0,2400000.0,2400000.0,2400000.0,4800000.0,4800000.0,4800000.0
3,Perguruan Tinggi Menengah di Daerah,UNIVERSITAS UTPADAKA SWASTIKA,1334,SWASTA,-,BANTEN,BAIK,banpt-2364,,1334,-1.0,-1.0,2395000.0,590000.0,4200000.0,4790000.0,1180000.0,8400000.0
3,Perguruan Tinggi Menengah di Daerah,INSTITUT TEKNOLOGI DAN BISNIS MUHAMMADIYAH GROBOGAN,1335,SWASTA,-,JAWA TENGAH,BAIK,banpt-457,,1335,-1.0,-1.0,2375000.0,1250000.0,3500000.0,4750000.0,2500000.0,7000000.0
3,Perguruan Tinggi Menengah di Daerah,SEKOLAH TINGGI ILMU EKONOMI AMM,1336,SWASTA,-,NUSA TENGGARA BARAT,BAIK,banpt-2591,,1336,-1.0,-1.0,2350000.0,1200000.0,3500000.0,4700000.0,2400000.0,7000000.0
3,Perguruan Tinggi Menengah di Daerah,SEKOLAH TINGGI ILMU EKONOMI TRIANANDRA,1337,SWASTA,-,D.K.I. JAKARTA,BAIK,banpt-1488,,1337,-1.0,-1.0,2350000.0,2000000.0,2700000.0,4700000.0,4000000.0,5400000.0
3,Perguruan Tinggi Menengah di Daerah,SEKOLAH TINGGI ILMU HUKUM CENDANA WANGI,1338,SWASTA,-,NUSA TENGGARA TIMUR,BAIK,banpt-1198,,1338,-1.0,-1.0,2350000.0,200000.0,4500000.0,4700000.0,400000.0,9000000.0
3,Perguruan Tinggi Menengah di Daerah,STMIK INDONESIA BANJARMASIN,1339,SWASTA,-,KALIMANTAN SELATAN,BAIK,banpt-2839,,1339,-1.0,-1.0,2334000.0,1500000.0,3168000.0,4668000.0,3000000.0,6336000.0
3,Perguruan Tinggi Menengah di Daerah,UNIVERSITAS IQRA BURU,1340,SWASTA,-,MALUKU,BAIK,banpt-2525,588,1340,-1.0,-1.0,2325000.0,2000000.0,2650000.0,4650000.0,4000000.0,5300000.0
3,Perguruan Tinggi Menengah di Daerah,SEKOLAH TINGGI ILMU EKONOMI INDOCAKTI,1341,SWASTA,-,JAWA TIMUR,BAIK,banpt-2113,,1341,-1.0,-1.0,2325000.0,2250000.0,2400000.0,4650000.0,4500000.0,4800000.0
3,Perguruan Tinggi Menengah di Daerah,STIE WIDYASWARA INDONESIA,1342,SWASTA,-,SUMATERA BARAT,BAIK,banpt-1901,,1342,-1.0,-1.0,2300000.0,2100000.0,2500000.0,4600000.0,4200000.0,5000000.0
3,Perguruan Tinggi Menengah di Daerah,UNIVERSITAS MUHAMMADIYAH PARE-PARE,1343,SWASTA,-,SULAWESI SELATAN,BAIK SEKALI,banpt-595,,1343,-1.0,-1.0,2300000.0,1000000.0,3600000.0,4600000.0,2000000.0,7200000.0
3,Perguruan Tinggi Menengah di Daerah,SEKOLAH TINGGI ILMU EKONOMI SBI,1344,SWASTA,-,D.I. YOGYAKARTA,B,banpt-1764,,1344,-1.0,-1.0,2282500.0,525000.0,4040000.0,4565000.0,1050000.0,8080000.0
3,Perguruan Tinggi Menengah di Daerah,UNIVERSITAS MUHAMMADIYAH KLATEN,1345,SWASTA,-,JAWA TENGAH,BAIK SEKALI,banpt-2409,,1345,-1.0,-1.0,2275000.0,150000.0,4400000.0,4550000.0,300000.0,8800000.0
3,Perguruan Tinggi Menengah di Daerah,UNIVERSITAS BANTEN JAYA,1346,SWASTA,-,BANTEN,BAIK,banpt-2925,517,1346,-1.0,-1.0,3400000.0,2300000.0,4500000.0,6800000.0,4600000.0,9000000.0
3,Perguruan Tinggi Menengah di Daerah,UNIVERSITAS PARNA RAYA,1347,SWASTA,-,SULAWESI UTARA,BAIK,banpt-927,,1347,-1.0,-1.0,2270000.0,250000.0,4290000.0,4540000.0,500000.0,8580000.0
3,Perguruan Tinggi Menengah di Daerah,UNIVERSITAS NIAS,1348,SWASTA,-,SUMATERA UTARA,BAIK,banpt-217,,1348,-1.0,-1.0,2250000.0,500000.0,4000000.0,4500000.0,1000000.0,8000000.0
3,Perguruan Tinggi Menengah di Daerah,SEKOLAH TINGGI ILMU EKONOMI PARIPURNA,1349,SWASTA,-,JAWA BARAT,BAIK,banpt-903,,1349,-1.0,-1.0,2250000.0,500000.0,4000000.0,4500000.0,1000000.0,8000000.0
3,Perguruan Tinggi Menengah di Daerah,UNIVERSITAS BONDOWOSO,1350,SWASTA,-,JAWA TIMUR,BAIK,banpt-2528,525,1350,-1.0,-1.0,2250000.0,1500000.0,3000000.0,4500000.0,3000000.0,6000000.0
3,Perguruan Tinggi Menengah di Daerah,STKIP MAJENANG,1351,SWASTA,-,JAWA TENGAH,BAIK,banpt-3922,,1351,-1.0,-1.0,2250000.0,2100000.0,2400000.0,4500000.0,4200000.0,4800000.0
3,Perguruan Tinggi Menengah di Daerah,SEKOLAH TINGGI ILMU KESEHATAN ARJUNA,1352,SWASTA,-,SUMATERA UTARA,BAIK,banpt-1828,,1352,-1.0,-1.0,2250000.0,2250000.0,2250000.0,4500000.0,4500000.0,4500000.0
3,Perguruan Tinggi Menengah di Daerah,SEKOLAH TINGGI ILMU EKONOMI AMKOP MAKASSAR,1353,SWASTA,-,SULAWESI SELATAN,BAIK SEKALI,banpt-386,,1353,-1.0,-1.0,2250000.0,2250000.0,2250000.0,4500000.0,4500000.0,4500000.0
3,Perguruan Tinggi Menengah di Daerah,STIKES LAKIPADADA,1354,SWASTA,-,SULAWESI SELATAN,BAIK,banpt-2802,,1354,-1.0,-1.0,2250000.0,1500000.0,3000000.0,4500000.0,3000000.0,6000000.0
3,Perguruan Tinggi Menengah di Daerah,UNIVERSITAS ROYAL,1355,SWASTA,-,SUMATERA UTARA,B,banpt-956,,1355,-1.0,-1.0,2250000.0,1750000.0,2750000.0,4500000.0,3500000.0,5500000.0
3,Perguruan Tinggi Menengah di Daerah,SEKOLAH TINGGI ILMU EKONOMI NASIONAL SAMARINDA,1356,SWASTA,-,KALIMANTAN TIMUR,BAIK,banpt-2424,,1356,-1.0,-1.0,2250000.0,1500000.0,3000000.0,4500000.0,3000000.0,6000000.0
3,Perguruan Tinggi Menengah di Daerah,SEKOLAH TINGGI KEGURUAN DAN ILMU PENDIDIKAN AL-AMIN INDRAMAYU,1357,SWASTA,-,JAWA BARAT,BAIK,banpt-2975,,1357,-1.0,-1.0,2250000.0,2250000.0,2250000.0,4500000.0,4500000.0,4500000.0
3,Perguruan Tinggi Menengah di Daerah,INSTITUT TEKNOLOGI DAN BISNIS MUHAMMADIYAH SAROLANGUN,1358,SWASTA,-,JAMBI,BAIK,banpt-270,,1358,-1.0,-1.0,2250000.0,2000000.0,2500000.0,4500000.0,4000000.0,5000000.0
3,Perguruan Tinggi Menengah di Daerah,UNIVERSITAS AUFA ROYHAN,1359,SWASTA,-,SUMATERA UTARA,B,banpt-3840,,1359,-1.0,-1.0,2250000.0,1500000.0,3000000.0,4500000.0,3000000.0,6000000.0
3,Perguruan Tinggi Menengah di Daerah,UNIVERSITAS MUHAMMADIYAH BANGKA BELITUNG,1360,SWASTA,-,BANGKA BELITUNG,BAIK SEKALI,banpt-933,,1360,-1.0,-1.0,2240000.0,1750000.0,2730000.0,4480000.0,3500000.0,5460000.0
3,Perguruan Tinggi Menengah di Daerah,SEKOLAH TINGGI ILMU EKONOMI IGI,1361,SWASTA,-,D.K.I. JAKARTA,BAIK,banpt-1170,,1361,-1.0,-1.0,2225000.0,250000.0,4200000.0,4450000.0,500000.0,8400000.0
3,Perguruan Tinggi Menengah di Daerah,SEKOLAH TINGGI TEKNIK BARAMULI,1362,SWASTA,-,SULAWESI SELATAN,BAIK,banpt-1797,,1362,-1.0,-1.0,2225000.0,1500000.0,2950000.0,4450000.0,3000000.0,5900000.0
3,Perguruan Tinggi Menengah di Daerah,INSTITUT TEKNOLOGI DAN PENDIDIKAN MARKANDEYA BALI,1363,SWASTA,-,BALI,BAIK,banpt-2231,,1363,-1.0,-1.0,2216000.0,432000.0,4000000.0,4432000.0,864000.0,8000000.0
3,Perguruan Tinggi Menengah di Daerah,UNIVERSITAS NURUL HASANAH KUTACANE,1364,SWASTA,-,ACEH,BAIK,banpt-1599,,1364,-1.0,-1.0,2200000.0,400000.0,4000000.0,4400000.0,800000.0,8000000.0
3,Perguruan Tinggi Menengah di Daerah,SEKOLAH TINGGI TEKNOLOGI SAPTA TARUNA,1365,SWASTA,https://campus.quipper.com/directory/sekolah-tinggi-teknologi-sapta-taruna,DKI JAKARTA,BAIK,banpt-1605,,1365,18.0,12.0,2200000.0,2200000.0,2200000.0,4400000.0,4400000.0,4400000.0
3,Perguruan Tinggi Menengah di Daerah,UNIVERSITAS ACHMAD YANI BANJARMASIN,1366,SWASTA,-,KALIMANTAN SELATAN,B,banpt-1125,,1366,-1.0,-1.0,2200000.0,400000.0,4000000.0,4400000.0,800000.0,8000000.0
3,Perguruan Tinggi Menengah di Daerah,UNIVERSITAS KRISTEN ARTHA WACANA,1367,SWASTA,https://campus.quipper.com/directory/universitas-kristen-artha-wacana,NUSA TENGGARA TIMUR,B,banpt-3307,537,1367,5319.0,141.0,2200000.0,2200000.0,4000000.0,4400000.0,4400000.0,8000000.0
3,Perguruan Tinggi Menengah di Daerah,SEKOLAH TINGGI ILMU ADMINISTRASI TRINITAS,1368,SWASTA,-,MALUKU,BAIK,banpt-1169,,1368,-1.0,-1.0,2200000.0,2000000.0,2400000.0,4400000.0,4000000.0,4800000.0
3,Perguruan Tinggi Menengah di Daerah,UNIVERSITAS DR. DJAR WATTIHELUW,1369,SWASTA,-,MALUKU,BAIK,banpt-1345,,1369,-1.0,-1.0,2200000.0,2000000.0,2400000.0,4400000.0,4000000.0,4800000.0
3,Perguruan Tinggi Menengah di Daerah,STIA BINA NUSANTARA MANDIRI PARIAMAN,1370,SWASTA,-,SUMATERA BARAT,BAIK,banpt-4017,,1370,-1.0,-1.0,2200000.0,400000.0,4000000.0,4400000.0,800000.0,8000000.0
3,Perguruan Tinggi Menengah di Daerah,STIE IBMI MEDAN,1371,SWASTA,-,SUMATERA UTARA,BAIK,banpt-2716,,1371,-1.0,-1.0,2200000.0,2000000.0,2400000.0,4400000.0,4000000.0,4800000.0
3,Perguruan Tinggi Menengah di Daerah,UNIVERSITAS FAMIKA,1372,SWASTA,-,SULAWESI SELATAN,BAIK,banpt-260,,1372,-1.0,-1.0,2200000.0,400000.0,4000000.0,4400000.0,800000.0,8000000.0
3,Perguruan Tinggi Menengah di Daerah,INSTITUT TEKNOLOGI DAN KESEHATAN PERMATA ILMU MAROS,1373,SWASTA,-,SULAWESI SELATAN,BAIK,banpt-14,,1373,-1.0,-1.0,2200000.0,2000000.0,2400000.0,4400000.0,4000000.0,4800000.0
3,Perguruan Tinggi Menengah di Daerah,SEKOLAH TINGGI ILMU EKONOMI KRAKATAU,1374,SWASTA,-,LAMPUNG,BAIK,banpt-2518,,1374,-1.0,-1.0,2175000.0,1950000.0,2400000.0,4350000.0,3900000.0,4800000.0
3,Perguruan Tinggi Menengah di Daerah,UNIVERSITAS SUMATERA SELATAN,1375,SWASTA,-,SUMATERA SELATAN,BAIK,banpt-651,470,1375,-1.0,-1.0,2175000.0,750000.0,3600000.0,4350000.0,1500000.0,7200000.0
3,Perguruan Tinggi Menengah di Daerah,UNIVERSITAS CIPASUNG TASIKMALAYA,1376,SWASTA,-,JAWA BARAT,BAIK,banpt-3195,,1376,-1.0,-1.0,2170000.0,180000.0,4160000.0,4340000.0,360000.0,8320000.0
3,Perguruan Tinggi Menengah di Daerah,STMIK CATUR SAKTI KENDARI,1377,SWASTA,-,SULAWESI TENGGARA,BAIK,banpt-3290,,1377,-1.0,-1.0,2150000.0,2150000.0,2150000.0,4300000.0,4300000.0,4300000.0
3,Perguruan Tinggi Menengah di Daerah,STMIK MASA DEPAN,1378,SWASTA,-,BANTEN,BAIK,banpt-1921,,1378,-1.0,-1.0,2150000.0,1450000.0,2850000.0,4300000.0,2900000.0,5700000.0
3,Perguruan Tinggi Menengah di Daerah,SEKOLAH TINGGI ILMU EKONOMI MULIA SINGKAWANG,1379,SWASTA,-,KALIMANTAN BARAT,BAIK,banpt-3002,,1379,-1.0,-1.0,2125003.0,6.0,4250000.0,4250006.0,12.0,8500000.0
3,Perguruan Tinggi Menengah di Daerah,UNIVERSITAS MUHAMMADIYAH MALUKU,1380,SWASTA,-,MALUKU,BAIK,banpt-553,,1380,-1.0,-1.0,2125000.0,1850000.0,2400000.0,4250000.0,3700000.0,4800000.0
3,Perguruan Tinggi Menengah di Daerah,AKPER MAPPA OUDANG MAKASSAR,1381,SWASTA,-,SULAWESI SELATAN,BAIK,banpt-2766,,1381,-1.0,-1.0,2125000.0,1000000.0,3250000.0,4250000.0,2000000.0,6500000.0
3,Perguruan Tinggi Menengah di Daerah,UNIVERSITAS ALWASHLIYAH,1382,SWASTA,-,SUMATERA UTARA,BAIK SEKALI,banpt-137,524,1382,-1.0,-1.0,2125000.0,1750000.0,2500000.0,4250000.0,3500000.0,5000000.0
3,Perguruan Tinggi Menengah di Daerah,UNIVERSITAS GALUH CIAMIS,1383,SWASTA,https://campus.quipper.com/directory/universitas-galuh-ciamis,JAWA BARAT,B,-,266,1383,6864.0,249.0,2125000.0,1575000.0,12600000.0,4250000.0,3150000.0,12600000.0
3,Perguruan Tinggi Menengah di Daerah,UNIVERSITAS WIDYA MATARAM,1384,SWASTA,https://rencanamu.id/cari-kampus/universitas-widya-mataram,DI YOGYAKARTA,B,banpt-3124,412,1384,2321.0,2321.0,2125000.0,2125000.0,17000000.0,4250000.0,4250000.0,17000000.0
3,Perguruan Tinggi Menengah di Daerah,UNIVERSITAS DARUL  ULUM,1385,SWASTA,-,JAWA TIMUR,B,banpt-2739,,1385,-1.0,-1.0,2125000.0,750000.0,3500000.0,4250000.0,1500000.0,7000000.0
3,Perguruan Tinggi Menengah di Daerah,INSTITUT TEKNOLOGI BISNIS DAN ADMINISTRASI AL GAZALI BARRU,1386,SWASTA,-,SULAWESI SELATAN,BAIK,banpt-923,,1386,-1.0,-1.0,2112500.0,1225000.0,3000000.0,4225000.0,2450000.0,6000000.0
3,Perguruan Tinggi Menengah di Daerah,UNIVERSITAS AL ASYARIAH MANDAR,1387,SWASTA,https://campus.quipper.com/directory/universitas-al-asyariah-mandar,SULAWESI BARAT,BAIK SEKALI,banpt-945,546,1387,2776.0,68.0,2109962.0,1500000.0,3886250.0,4219925.0,3000000.0,7772500.0
3,Perguruan Tinggi Menengah di Daerah,AKPER PUTRA PERTIWI WATANSOPPENG,1388,SWASTA,-,SULAWESI SELATAN,BAIK,banpt-1817,,1388,-1.0,-1.0,2100000.0,1950000.0,2250000.0,4200000.0,3900000.0,4500000.0
3,Perguruan Tinggi Menengah di Daerah,STKIP SITUS BANTEN DI SERANG,1389,SWASTA,-,BANTEN,BAIK,banpt-2619,,1389,-1.0,-1.0,2100000.0,2100000.0,2100000.0,4200000.0,4200000.0,4200000.0
3,Perguruan Tinggi Menengah di Daerah,UNIVERSITAS PATOMPO,1390,SWASTA,-,SULAWESI SELATAN,BAIK,banpt-409,,1390,-1.0,-1.0,2100000.0,200000.0,4000000.0,4200000.0,400000.0,8000000.0
3,Perguruan Tinggi Menengah di Daerah,UNIVERSITAS 45 MATARAM,1391,SWASTA,-,NUSA TENGGARA BARAT,BAIK,banpt-2055,538,1391,-1.0,-1.0,2100000.0,2100000.0,2100000.0,4200000.0,4200000.0,4200000.0
3,Perguruan Tinggi Menengah di Daerah,SEKOLAH TINGGI ILMU ADMINISTRASI LANGGUR,1392,SWASTA,-,MALUKU,BAIK,banpt-1546,,1392,-1.0,-1.0,2100000.0,2100000.0,2100000.0,4200000.0,4200000.0,4200000.0
3,Perguruan Tinggi Menengah di Daerah,INSTITUT SAINS DAN KEPENDIDIKAN KIE RAHA MALUKU UTARA,1393,SWASTA,-,MALUKU UTARA,BAIK,banpt-472,,1393,-1.0,-1.0,2075000.0,900000.0,3250000.0,4150000.0,1800000.0,6500000.0
3,Perguruan Tinggi Menengah di Daerah,UNIVERSITAS TULUNGAGUNG,1394,SWASTA,-,JAWA TIMUR,B,banpt-2870,405,1394,-1.0,-1.0,2050000.0,2050000.0,2050000.0,4100000.0,4100000.0,4100000.0
3,Perguruan Tinggi Menengah di Daerah,SEKOLAH TINGGI ILMU ADMINISTRASI MENARA SISWA,1395,SWASTA,-,JAWA BARAT,B,banpt-1825,,1395,-1.0,-1.0,2050000.0,1500000.0,2600000.0,4100000.0,3000000.0,5200000.0
3,Perguruan Tinggi Menengah di Daerah,UNIVERSITAS SELAMAT SRI,1396,SWASTA,-,JAWA TENGAH,BAIK,banpt-2347,468,1396,-1.0,-1.0,2037500.0,1675000.0,2400000.0,4075000.0,3350000.0,4800000.0
3,Perguruan Tinggi Menengah di Daerah,UNIVERSITAS NAHDLATUL ULAMA CIREBON,1397,SWASTA,-,JAWA BARAT,BAIK,banpt-1389,496,1397,-1.0,-1.0,2000073.0,146.0,4000000.0,4000146.0,292.0,8000000.0
3,Perguruan Tinggi Menengah di Daerah,SEKOLAH TINGGI TEKNIK ATLAS NUSANTARA,1398,SWASTA,-,MALUKU UTARA,BAIK,banpt-880,,1398,-1.0,-1.0,2000000.0,1500000.0,2500000.0,4000000.0,3000000.0,5000000.0
3,Perguruan Tinggi Menengah di Daerah,SEKOLAH TINGGI ILMU EKONOMI PELITA NUSANTARA,1399,SWASTA,https://campus.quipper.com/directory/sekolah-tinggi-ilmu-ekonomi-pelita-nusantara,JAWA TENGAH,B,banpt-3253,,1399,227.0,14.0,2000000.0,2000000.0,2000000.0,4000000.0,4000000.0,4000000.0
3,Perguruan Tinggi Menengah di Daerah,UNIVERSITAS NANI BILI NUSANTARA,1400,SWASTA,-,PAPUA BARAT,BAIK,banpt-2074,570,1400,-1.0,-1.0,2000000.0,2000000.0,2000000.0,4000000.0,4000000.0,4000000.0
3,Perguruan Tinggi Menengah di Daerah,SEKOLAH TINGGI ILMU PERTANIAN PETRA BALIEM WAMENA,1401,SWASTA,-,PAPUA,BAIK,banpt-3610,,1401,-1.0,-1.0,2000000.0,2000000.0,2000000.0,4000000.0,4000000.0,4000000.0
3,Perguruan Tinggi Menengah di Daerah,UNIVERSITAS ABDUL AZIS LAMADJIDO,1402,SWASTA,-,SULAWESI TENGAH,BAIK,banpt-1555,,1402,-1.0,-1.0,2000000.0,1000000.0,3000000.0,4000000.0,2000000.0,6000000.0
3,Perguruan Tinggi Menengah di Daerah,UNIVERSITAS PENDIDIKAN MUHAMMADIYAH SORONG,1403,SWASTA,-,PAPUA BARAT,B,banpt-3506,414,1403,-1.0,-1.0,2000000.0,2000000.0,2000000.0,4000000.0,4000000.0,4000000.0
3,Perguruan Tinggi Menengah di Daerah,SEKOLAH TINGGI TEKNOLOGI NASIONAL,1404,SWASTA,https://campus.quipper.com/directory/sekolah-tinggi-teknologi-nasional,DI YOGYAKARTA,BAIK,banpt-614,,1404,4595.0,134.0,2000000.0,2000000.0,10000000.0,4000000.0,4000000.0,10000000.0
3,Perguruan Tinggi Menengah di Daerah,SEKOLAH TINGGI ILMU EKONOMI TRI DHARMA NUSANTARA,1405,SWASTA,-,SULAWESI SELATAN,BAIK,banpt-3926,,1405,-1.0,-1.0,2000000.0,2000000.0,2000000.0,4000000.0,4000000.0,4000000.0
3,Perguruan Tinggi Menengah di Daerah,UNIVERSITAS ANTAKUSUMA,1406,SWASTA,-,KALIMANTAN TENGAH,BAIK,banpt-2553,461,1406,-1.0,-1.0,2000000.0,2000000.0,2000000.0,4000000.0,4000000.0,4000000.0
3,Perguruan Tinggi Menengah di Daerah,STIKES BHAKTI PERTIWI LUWU RAYA,1407,SWASTA,-,SULAWESI SELATAN,BAIK,banpt-2987,,1407,-1.0,-1.0,2000000.0,2000000.0,2000000.0,4000000.0,4000000.0,4000000.0
4,Perguruan Tinggi Premium & Prestisius,UNIVERSITAS DIAN NUSWANTORO,1408,SWASTA,https://campus.quipper.com/directory/universitas-dian-nuswantoro,JAWA TENGAH,A,banpt-3279,61,1408,15672.0,381.0,2000000.0,2000000.0,12000000.0,4000000.0,4000000.0,12000000.0
3,Perguruan Tinggi Menengah di Daerah,UNIVERSITAS TRINITA,1409,SWASTA,-,SULAWESI UTARA,BAIK,banpt-749,391,1409,-1.0,-1.0,2000000.0,2000000.0,2000000.0,4000000.0,4000000.0,4000000.0
3,Perguruan Tinggi Menengah di Daerah,STIE OTTOW & GEISSLER FAK-FAK,1410,SWASTA,-,PAPUA BARAT,BAIK,banpt-2194,,1410,-1.0,-1.0,2000000.0,1300000.0,2700000.0,4000000.0,2600000.0,5400000.0
3,Perguruan Tinggi Menengah di Daerah,STISIP IMAM BONJOL,1411,SWASTA,-,SUMATERA BARAT,BAIK,banpt-2288,,1411,-1.0,-1.0,2000000.0,1500000.0,2500000.0,4000000.0,3000000.0,5000000.0
3,Perguruan Tinggi Menengah di Daerah,STKIP HUNIMUA,1412,SWASTA,-,MALUKU,BAIK,banpt-1752,,1412,-1.0,-1.0,2000000.0,2000000.0,2000000.0,4000000.0,4000000.0,4000000.0
3,Perguruan Tinggi Menengah di Daerah,UNIVERSITAS MUHAMMADIYAH ASAHAN,1413,SWASTA,-,SUMATERA UTARA,BAIK,banpt-274,,1413,-1.0,-1.0,2000000.0,2000000.0,2000000.0,4000000.0,4000000.0,4000000.0
3,Perguruan Tinggi Menengah di Daerah,UNIVERSITAS PROKLAMASI 45,1414,SWASTA,https://campus.quipper.com/directory/universitas-proklamasi-45,DAERAH ISTIMEWA YOGYAKARTA,B,banpt-3600,363,1414,1293.0,77.0,2000000.0,2000000.0,2000000.0,4000000.0,4000000.0,4000000.0
3,Perguruan Tinggi Menengah di Daerah,STIE YBPK PALANGKA RAYA,1415,SWASTA,-,KALIMANTAN TENGAH,BAIK,banpt-2611,,1415,-1.0,-1.0,2000000.0,1700000.0,2300000.0,4000000.0,3400000.0,4600000.0
3,Perguruan Tinggi Menengah di Daerah,INSTITUT KESEHATAN DAN TEKNOLOGI GRAHA MEDIKA,1416,SWASTA,-,SULAWESI UTARA,BAIK,banpt-1035,,1416,-1.0,-1.0,2000000.0,1500000.0,2500000.0,4000000.0,3000000.0,5000000.0
3,Perguruan Tinggi Menengah di Daerah,SEKOLAH TINGGI KESENIAN WILWATIKTA,1417,SWASTA,-,JAWA TIMUR,BAIK SEKALI,banpt-2754,,1417,-1.0,-1.0,1975000.0,700000.0,3250000.0,3950000.0,1400000.0,6500000.0
3,Perguruan Tinggi Menengah di Daerah,SEKOLAH TINGGI ILMU PERTANIAN YAPI BONE,1418,SWASTA,-,SULAWESI SELATAN,BAIK,banpt-1860,,1418,-1.0,-1.0,1950000.0,1500000.0,2400000.0,3900000.0,3000000.0,4800000.0
3,Perguruan Tinggi Menengah di Daerah,INSTITUT TEKNOLOGI DAN BISNIS DINIYYAH LAMPUNG,1419,SWASTA,-,LAMPUNG,BAIK,banpt-1596,,1419,-1.0,-1.0,3522500.0,3195000.0,3850000.0,6707500.0,5715000.0,7700000.0
3,Perguruan Tinggi Menengah di Daerah,UNIVERSITAS LA TANSA MASHIRO,1420,SWASTA,-,BANTEN,BAIK,banpt-2363,,1420,-1.0,-1.0,1950000.0,1250000.0,2650000.0,3900000.0,2500000.0,5300000.0
3,Perguruan Tinggi Menengah di Daerah,SEKOLAH TINGGI ILMU EKONOMI KUALA KAPUAS,1421,SWASTA,-,KALIMANTAN TENGAH,TIDAK TERAKREDITASI,banpt-416,,1421,-1.0,-1.0,1950000.0,1500000.0,2400000.0,3900000.0,3000000.0,4800000.0
3,Perguruan Tinggi Menengah di Daerah,UNIVERSITAS LUMAJANG,1422,SWASTA,-,JAWA TIMUR,BAIK,banpt-376,598,1422,-1.0,-1.0,1950000.0,700000.0,3200000.0,3900000.0,1400000.0,6400000.0
3,Perguruan Tinggi Menengah di Daerah,SEKOLAH TINGGI FILSAFAT SEMINARI PINELENG,1423,SWASTA,-,SULAWESI UTARA,B,banpt-2563,,1423,-1.0,-1.0,1935000.0,1000000.0,2870000.0,3870000.0,2000000.0,5740000.0
3,Perguruan Tinggi Menengah di Daerah,UNIVERSITAS PANJI SAKTI SINGARAJA,1424,SWASTA,-,BALI,BAIK,banpt-498,,1424,-1.0,-1.0,1927500.0,750000.0,3105000.0,3855000.0,1500000.0,6210000.0
3,Perguruan Tinggi Menengah di Daerah,UNIVERSITAS PERADABAN,1425,SWASTA,-,JAWA TENGAH,BAIK,banpt-3270,,1425,-1.0,-1.0,1900000.0,1600000.0,2200000.0,3800000.0,3200000.0,4400000.0
3,Perguruan Tinggi Menengah di Daerah,SEKOLAH TINGGI ILMU EKONOMI BUKIT ZAITUN SORONG,1426,SWASTA,-,PAPUA BARAT,BAIK,banpt-289,,1426,-1.0,-1.0,1900000.0,1800000.0,2000000.0,3800000.0,3600000.0,4000000.0
3,Perguruan Tinggi Menengah di Daerah,UNIVERSITAS SISINGAMANGARAJA XII TAPANULI UTARA,1427,SWASTA,-,SUMATERA UTARA,B,banpt-2901,,1427,-1.0,-1.0,1875000.0,250000.0,3500000.0,3750000.0,500000.0,7000000.0
3,Perguruan Tinggi Menengah di Daerah,UNIVERSITAS NAHDLATUL ULAMA BLITAR,1428,SWASTA,-,JAWA TIMUR,BAIK SEKALI,banpt-395,346,1428,-1.0,-1.0,1875000.0,1750000.0,2000000.0,3750000.0,3500000.0,4000000.0
3,Perguruan Tinggi Menengah di Daerah,STKIP PANGERAN ANTASARI,1429,SWASTA,-,SUMATERA UTARA,BAIK,banpt-1627,,1429,-1.0,-1.0,1850000.0,1200000.0,2500000.0,3700000.0,2400000.0,5000000.0
3,Perguruan Tinggi Menengah di Daerah,INSTITUT ILMU KESEHATAN PELAMONIA KESDAM XIV/ HASANUDDIN,1430,SWASTA,-,SULAWESI SELATAN,B,banpt-1746,,1430,-1.0,-1.0,1850000.0,200000.0,3500000.0,3700000.0,400000.0,7000000.0
3,Perguruan Tinggi Menengah di Daerah,UNIVERSITAS INSAN CENDEKIA MANDIRI,1431,SWASTA,-,JAWA BARAT,BAIK,banpt-2746,,1431,-1.0,-1.0,1850000.0,200000.0,3500000.0,3700000.0,400000.0,7000000.0
3,Perguruan Tinggi Menengah di Daerah,STKIP MUHAMMADIYAH SUNGAI PENUH,1432,SWASTA,-,JAMBI,BAIK,banpt-2672,,1432,-1.0,-1.0,1850000.0,1200000.0,2500000.0,3700000.0,2400000.0,5000000.0
3,Perguruan Tinggi Menengah di Daerah,SEKOLAH TINGGI ILMU ADMINISTRASI MADANI,1433,SWASTA,-,JAWA TENGAH,BAIK,banpt-2295,,1433,-1.0,-1.0,1846250.0,817500.0,2875000.0,3692500.0,1635000.0,5750000.0
3,Perguruan Tinggi Menengah di Daerah,STISIPOL YALEKA MARO,1434,SWASTA,-,PAPUA,BAIK,banpt-1632,,1434,-1.0,-1.0,1825000.0,150000.0,3500000.0,3650000.0,300000.0,7000000.0
3,Perguruan Tinggi Menengah di Daerah,SEKOLAH TINGGI ILMU PERTANIAN AMUNTAI,1435,SWASTA,-,KALIMANTAN SELATAN,BAIK,banpt-107,,1435,-1.0,-1.0,1825000.0,1150000.0,2500000.0,3650000.0,2300000.0,5000000.0
3,Perguruan Tinggi Menengah di Daerah,UNIVERSITAS PAT PETULAI,1436,SWASTA,-,BENGKULU,BAIK,banpt-3081,,1436,-1.0,-1.0,3175000.0,2750000.0,3600000.0,6350000.0,5500000.0,7200000.0
3,Perguruan Tinggi Menengah di Daerah,SEKOLAH TINGGI ILMU MARITIM MEGA BUANA,1437,SWASTA,-,SULAWESI BARAT,BAIK,banpt-1387,,1437,-1.0,-1.0,1800000.0,1800000.0,1800000.0,3600000.0,3600000.0,3600000.0
3,Perguruan Tinggi Menengah di Daerah,AMIK CITRA BUANA INDONESIA,1438,SWASTA,-,JAWA BARAT,BAIK,banpt-2520,,1438,-1.0,-1.0,1800000.0,1800000.0,1800000.0,3600000.0,3600000.0,3600000.0
3,Perguruan Tinggi Menengah di Daerah,SEKOLAH TINGGI ILMU KESEHATAN DATU KAMANRE,1439,SWASTA,-,SULAWESI SELATAN,BAIK,banpt-3173,,1439,-1.0,-1.0,1800000.0,1800000.0,1800000.0,3600000.0,3600000.0,3600000.0
3,Perguruan Tinggi Menengah di Daerah,STKIP AL AMIN DOMPU,1440,SWASTA,-,NUSA TENGGARA BARAT,BAIK,banpt-4036,,1440,-1.0,-1.0,1800000.0,1200000.0,2400000.0,3600000.0,2400000.0,4800000.0
3,Perguruan Tinggi Menengah di Daerah,STITEK DHARMA YADI MAKASSAR,1441,SWASTA,-,SULAWESI SELATAN,BAIK,banpt-1034,,1441,-1.0,-1.0,1800000.0,1800000.0,1800000.0,3600000.0,3600000.0,3600000.0
3,Perguruan Tinggi Menengah di Daerah,SEKOLAH TINGGI PARIWISATA  SOROMANDI BIMA,1442,SWASTA,-,NUSA TENGGARA BARAT,BAIK,banpt-2565,,1442,-1.0,-1.0,1750041.0,82.0,3500000.0,3500082.0,164.0,7000000.0
3,Perguruan Tinggi Menengah di Daerah,INSTITUT PENDIDIKAN SOE,1443,SWASTA,-,NUSA TENGGARA TIMUR,BAIK,banpt-2396,,1443,-1.0,-1.0,4487500.0,4175000.0,4800000.0,9075000.0,8350000.0,9800000.0
3,Perguruan Tinggi Menengah di Daerah,SEKOLAH TINGGI KEGURUAN DAN ILMU PENDIDIKAN TANJUNGPURA,1444,SWASTA,-,KALIMANTAN BARAT,BAIK,banpt-974,,1444,-1.0,-1.0,1750000.0,500000.0,3000000.0,3500000.0,1000000.0,6000000.0
3,Perguruan Tinggi Menengah di Daerah,STIKES BATARAGURU SOROAKA,1445,SWASTA,-,SULAWESI SELATAN,BAIK,banpt-1943,,1445,-1.0,-1.0,1750000.0,1000000.0,2500000.0,3500000.0,2000000.0,5000000.0
3,Perguruan Tinggi Menengah di Daerah,SEKOLAH TINGGI ILMU EKONOMI YAPMAN MAJENE,1446,SWASTA,-,SULAWESI BARAT,BAIK,banpt-1858,,1446,-1.0,-1.0,1750000.0,1100000.0,2400000.0,3500000.0,2200000.0,4800000.0
3,Perguruan Tinggi Menengah di Daerah,STMIK KREATINDO MANOKWARI,1447,SWASTA,-,PAPUA BARAT,BAIK,banpt-3667,,1447,-1.0,-1.0,1750000.0,500000.0,3000000.0,3500000.0,1000000.0,6000000.0
3,Perguruan Tinggi Menengah di Daerah,SEKOLAH TINGGI PERIKANAN SIBOLGA,1448,SWASTA,-,SUMATERA UTARA,BAIK,banpt-3028,,1448,-1.0,-1.0,1750000.0,1750000.0,1750000.0,3500000.0,3500000.0,3500000.0
3,Perguruan Tinggi Menengah di Daerah,STKIP NUSA TIMOR,1449,SWASTA,-,NUSA TENGGARA TIMUR,BAIK,banpt-1229,,1449,-1.0,-1.0,1750000.0,1750000.0,1750000.0,3500000.0,3500000.0,3500000.0
3,Perguruan Tinggi Menengah di Daerah,STMIK AKI PATI,1450,SWASTA,-,JAWA TENGAH,BAIK,banpt-1805,,1450,-1.0,-1.0,1750000.0,500000.0,3000000.0,3500000.0,1000000.0,6000000.0
3,Perguruan Tinggi Menengah di Daerah,SEKOLAH TINGGI ILMU EKONOMI BPKP,1451,SWASTA,-,D.K.I. JAKARTA,BAIK,banpt-1843,,1451,-1.0,-1.0,1749000.0,318000.0,3180000.0,3498000.0,636000.0,6360000.0
3,Perguruan Tinggi Menengah di Daerah,INSTITUT TEKNOLOGI SOSIAL DAN KESEHATAN MUHAMMADIYAH SELONG,1452,SWASTA,-,NUSA TENGGARA BARAT,BAIK,banpt-2079,,1452,-1.0,-1.0,1700000.0,650000.0,2750000.0,3400000.0,1300000.0,5500000.0
3,Perguruan Tinggi Menengah di Daerah,AMIK PARBINA NUSANTARA,1453,SWASTA,-,SUMATERA UTARA,BAIK,banpt-2976,,1453,-1.0,-1.0,1700000.0,900000.0,2500000.0,3400000.0,1800000.0,5000000.0
3,Perguruan Tinggi Menengah di Daerah,UNIVERSITAS WIRAHUSADA MEDAN,1454,SWASTA,-,SUMATERA UTARA,BAIK,banpt-85,,1454,-1.0,-1.0,1650000.0,300000.0,3000000.0,3300000.0,600000.0,6000000.0
3,Perguruan Tinggi Menengah di Daerah,INSTITUT TEKNOLOGI SAINS DAN BISNIS MUHAMMADIYAH SELAYAR,1455,SWASTA,-,SULAWESI SELATAN,BAIK,banpt-317,,1455,-1.0,-1.0,1650000.0,300000.0,3000000.0,3300000.0,600000.0,6000000.0
3,Perguruan Tinggi Menengah di Daerah,SEKOLAH TINGGI TEKNOLOGI CAHAYA SURYA,1456,SWASTA,-,JAWA TIMUR,BAIK,banpt-4035,,1456,-1.0,-1.0,1650000.0,300000.0,3000000.0,3300000.0,600000.0,6000000.0
3,Perguruan Tinggi Menengah di Daerah,IKIP PGRI KALTIM,1457,SWASTA,-,KALIMANTAN TIMUR,B,banpt-3684,,1457,-1.0,-1.0,1637500.0,275000.0,3000000.0,3275000.0,550000.0,6000000.0
3,Perguruan Tinggi Menengah di Daerah,INSTITUT TURATEA INDONESIA,1458,SWASTA,-,SULAWESI SELATAN,BAIK SEKALI,banpt-1581,,1458,-1.0,-1.0,1625000.0,1500000.0,1750000.0,3250000.0,3000000.0,3500000.0
3,Perguruan Tinggi Menengah di Daerah,UNIVERSITAS TEKNOLOGI NUSANTARA,1459,SWASTA,-,JAWA BARAT,BAIK,banpt-798,493,1459,-1.0,-1.0,4375000.0,4050000.0,4700000.0,8750000.0,8100000.0,9400000.0
3,Perguruan Tinggi Menengah di Daerah,STKIP SEBELAS APRIL,1460,SWASTA,https://campus.quipper.com/directory/stkip-sebelas-april,JAWA BARAT,BAIK,banpt-3780,,1460,3070.0,105.0,1600000.0,1600000.0,1600000.0,3200000.0,3200000.0,3200000.0
3,Perguruan Tinggi Menengah di Daerah,SEKOLAH TINGGI ILMU EKONOMI WIDYA MANGGALA,1461,SWASTA,-,JAWA TENGAH,BAIK SEKALI,banpt-1319,,1461,-1.0,-1.0,1600000.0,200000.0,3000000.0,3200000.0,400000.0,6000000.0
3,Perguruan Tinggi Menengah di Daerah,SEKOLAH TINGGI MANAJEMEN INFORMATIKA DAN KOMPUTER AMIKA SOPPENG,1462,SWASTA,-,SULAWESI SELATAN,BAIK,banpt-1964,,1462,-1.0,-1.0,1600000.0,800000.0,2400000.0,3200000.0,1600000.0,4800000.0
3,Perguruan Tinggi Menengah di Daerah,INSTITUT TEKNOLOGI DAN BISNIS BINA ADINATA,1463,SWASTA,-,SULAWESI SELATAN,BAIK,banpt-2406,,1463,-1.0,-1.0,1588750.0,127500.0,3050000.0,3177500.0,255000.0,6100000.0
3,Perguruan Tinggi Menengah di Daerah,STKIP MODERN NGAWI,1464,SWASTA,-,JAWA TIMUR,BAIK,banpt-3107,,1464,-1.0,-1.0,1575000.0,500000.0,2650000.0,3150000.0,1000000.0,5300000.0
3,Perguruan Tinggi Menengah di Daerah,SEKOLAH TINGGI KEGURUAN DAN ILMU PENDIDIKAN AN-NUR NANGGROE ACEH DARUSSALAM,1465,SWASTA,-,ACEH,BAIK,banpt-958,,1465,-1.0,-1.0,1575000.0,750000.0,2400000.0,3150000.0,1500000.0,4800000.0
3,Perguruan Tinggi Menengah di Daerah,STKIP ITA WOTU NUSA,1466,SWASTA,-,MALUKU,BAIK,banpt-1535,,1466,-1.0,-1.0,1550000.0,1000000.0,2100000.0,3100000.0,2000000.0,4200000.0
3,Perguruan Tinggi Menengah di Daerah,UNIVERSITAS PERSATUAN GURU 1945 NTT,1467,SWASTA,-,NUSA TENGGARA TIMUR,BAIK,banpt-3855,565,1467,-1.0,-1.0,1501056.0,1500209.0,1501903.0,3002112.0,3000418.0,3003806.0
3,Perguruan Tinggi Menengah di Daerah,SEKOLAH TINGGI ILMU SOSIAL TEMINABUAN,1468,SWASTA,-,PAPUA BARAT,TIDAK TERAKREDITASI,banpt-397,,1468,-1.0,-1.0,1500000.0,1500000.0,1500000.0,3000000.0,3000000.0,3000000.0
3,Perguruan Tinggi Menengah di Daerah,SEKOLAH TINGGI ILMU EKONOMI PASUNDAN,1469,SWASTA,-,JAWA BARAT,BAIK SEKALI,banpt-1023,,1469,-1.0,-1.0,1500000.0,1500000.0,1500000.0,3000000.0,3000000.0,3000000.0
3,Perguruan Tinggi Menengah di Daerah,SEKOLAH TINGGI ILMU MANAJEMEN BUDI BAKTI,1470,SWASTA,https://campus.quipper.com/directory/sekolah-tinggi-ilmu-manajemen-budi-bakti,JAWA BARAT,BAIK,banpt-1781,,1470,493.0,41.0,1500000.0,1200000.0,1800000.0,3000000.0,2400000.0,3600000.0
3,Perguruan Tinggi Menengah di Daerah,INSTITUT TEKNOLOGI PERTANIAN,1471,SWASTA,-,SULAWESI SELATAN,BAIK,banpt-1333,,1471,-1.0,-1.0,1500000.0,1500000.0,1500000.0,3000000.0,3000000.0,3000000.0
3,Perguruan Tinggi Menengah di Daerah,SEKOLAH TINGGI ILMU ADMINISTRASI DARUL RACHMAN TUAL,1472,SWASTA,-,MALUKU,BAIK,banpt-2729,,1472,-1.0,-1.0,1500000.0,1500000.0,1500000.0,3000000.0,3000000.0,3000000.0
3,Perguruan Tinggi Menengah di Daerah,SEKOLAH TINGGI ILMU ADMINISTRASI YAPPI,1473,SWASTA,-,SULAWESI SELATAN,BAIK,banpt-597,,1473,-1.0,-1.0,1500000.0,1500000.0,1500000.0,3000000.0,3000000.0,3000000.0
3,Perguruan Tinggi Menengah di Daerah,INSTITUT TEKNOLOGI DAN SAINS NAHDLATUL ULAMA PADANGSIDIMPUAN,1474,SWASTA,-,SUMATERA UTARA,BAIK,banpt-1406,,1474,-1.0,-1.0,1500000.0,1500000.0,1500000.0,3000000.0,3000000.0,3000000.0
3,Perguruan Tinggi Menengah di Daerah,SEKOLAH TINGGI ILMU ADMINISTRASI ABDUL HARIS,1475,SWASTA,-,SULAWESI SELATAN,BAIK,banpt-1413,,1475,-1.0,-1.0,1500000.0,1500000.0,1500000.0,3000000.0,3000000.0,3000000.0
3,Perguruan Tinggi Menengah di Daerah,STIKES NAMIRA MADINA,1476,SWASTA,-,SUMATERA UTARA,BAIK,banpt-2753,,1476,-1.0,-1.0,1500000.0,250000.0,2750000.0,3000000.0,500000.0,5500000.0
3,Perguruan Tinggi Menengah di Daerah,UNIVERSITAS POHUWATO,1477,SWASTA,-,GORONTALO,BAIK,banpt-358,,1477,-1.0,-1.0,1500000.0,1500000.0,1500000.0,3000000.0,3000000.0,3000000.0
3,Perguruan Tinggi Menengah di Daerah,UNIVERSITAS MAHAKARYA ASIA,1478,SWASTA,-,D.I. YOGYAKARTA,BAIK,banpt-3027,,1478,-1.0,-1.0,1495000.0,200000.0,2790000.0,2990000.0,400000.0,5580000.0
3,Perguruan Tinggi Menengah di Daerah,AMIK BUKITTINGGI,1479,SWASTA,-,SUMATERA BARAT,BAIK,banpt-2727,,1479,-1.0,-1.0,4150000.0,3800000.0,4500000.0,8300000.0,7600000.0,9000000.0
3,Perguruan Tinggi Menengah di Daerah,UNIVERSITAS BANTEN,1480,SWASTA,-,BANTEN,BAIK,banpt-1243,,1480,-1.0,-1.0,1450000.0,250000.0,2650000.0,2900000.0,500000.0,5300000.0
3,Perguruan Tinggi Menengah di Daerah,SEKOLAH TINGGI ILMU KESEHATAN KAMUS ARUNIKA,1481,SWASTA,-,SULAWESI SELATAN,BAIK,banpt-1246,,1481,-1.0,-1.0,1450000.0,1200000.0,1700000.0,2900000.0,2400000.0,3400000.0
3,Perguruan Tinggi Menengah di Daerah,STKIP HARAPAN BIMA,1482,SWASTA,-,NUSA TENGGARA BARAT,BAIK,banpt-2297,,1482,-1.0,-1.0,1400000.0,1400000.0,1400000.0,2800000.0,2800000.0,2800000.0
3,Perguruan Tinggi Menengah di Daerah,AMIK PANCA BHAKTI,1483,SWASTA,-,KALIMANTAN BARAT,TIDAK TERAKREDITASI,banpt-415,,1483,-1.0,-1.0,1400000.0,1400000.0,1400000.0,2800000.0,2800000.0,2800000.0
3,Perguruan Tinggi Menengah di Daerah,INSTITUT MEKONGGA,1484,SWASTA,-,SULAWESI TENGGARA,BAIK,banpt-1281,,1484,-1.0,-1.0,1388500.0,377000.0,2400000.0,2777000.0,754000.0,4800000.0
3,Perguruan Tinggi Menengah di Daerah,STKIP SIMBIOSIS,1485,SWASTA,-,NUSA TENGGARA TIMUR,BAIK,banpt-1200,,1485,-1.0,-1.0,1375000.0,250000.0,2500000.0,2750000.0,500000.0,5000000.0
3,Perguruan Tinggi Menengah di Daerah,STKIP PGRI SITUBONDO,1486,SWASTA,-,JAWA TIMUR,BAIK,banpt-658,,1486,-1.0,-1.0,1375000.0,150000.0,2600000.0,2750000.0,300000.0,5200000.0
3,Perguruan Tinggi Menengah di Daerah,SEKOLAH TINGGI ILMU EKONOMI RAJAWALI,1487,SWASTA,-,JAWA TENGAH,BAIK,banpt-2580,,1487,-1.0,-1.0,1350000.0,300000.0,2400000.0,2700000.0,600000.0,4800000.0
3,Perguruan Tinggi Menengah di Daerah,STKIP WIDYASWARA INDONESIA,1488,SWASTA,-,SUMATERA BARAT,BAIK,banpt-1848,,1488,-1.0,-1.0,1350000.0,200000.0,2500000.0,2700000.0,400000.0,5000000.0
3,Perguruan Tinggi Menengah di Daerah,UNIVERSITAS BUMI HIJRAH TIDORE,1489,SWASTA,-,MALUKU UTARA,BAIK,banpt-3293,,1489,-1.0,-1.0,1350000.0,1200000.0,1500000.0,2700000.0,2400000.0,3000000.0
3,Perguruan Tinggi Menengah di Daerah,STIKES GRIYA HUSADA SUMBAWA,1490,SWASTA,-,NUSA TENGGARA BARAT,BAIK,banpt-2793,,1490,-1.0,-1.0,1320000.0,240000.0,2400000.0,2640000.0,480000.0,4800000.0
3,Perguruan Tinggi Menengah di Daerah,INSTITUT TEKNOLOGI MUHAMMADIYAH SUMATERA,1491,SWASTA,-,SUMATERA SELATAN,BAIK,banpt-123,,1491,-1.0,-1.0,1320000.0,240000.0,2400000.0,2640000.0,480000.0,4800000.0
3,Perguruan Tinggi Menengah di Daerah,INSTITUT TEKNOLOGI MOJOSARI,1492,SWASTA,-,JAWA TIMUR,BAIK,banpt-833,,1492,-1.0,-1.0,1320000.0,240000.0,2400000.0,2640000.0,480000.0,4800000.0
3,Perguruan Tinggi Menengah di Daerah,SEKOLAH TINGGI ILMU EKONOMI EL HAKIM,1493,SWASTA,-,SUMATERA BARAT,BAIK,banpt-968,,1493,-1.0,-1.0,1320000.0,240000.0,2400000.0,2640000.0,480000.0,4800000.0
3,Perguruan Tinggi Menengah di Daerah,UNIVERSITAS LELEMUKU SAUMLAKI,1494,SWASTA,-,MALUKU,BAIK,banpt-1032,,1494,-1.0,-1.0,1320000.0,240000.0,2400000.0,2640000.0,480000.0,4800000.0
3,Perguruan Tinggi Menengah di Daerah,INSTITUT BATARI TOJA BONE,1495,SWASTA,-,SULAWESI SELATAN,TERAKREDITASI,banpt-117,,1495,-1.0,-1.0,1315000.0,230000.0,2400000.0,2630000.0,460000.0,4800000.0
3,Perguruan Tinggi Menengah di Daerah,STIE BAKTI BANGSA,1496,SWASTA,-,JAWA TIMUR,BAIK,banpt-1443,,1496,-1.0,-1.0,1300000.0,150000.0,2450000.0,2600000.0,300000.0,4900000.0
3,Perguruan Tinggi Menengah di Daerah,STMIK WIDYA UTAMA,1497,SWASTA,-,JAWA TENGAH,BAIK,banpt-2554,,1497,-1.0,-1.0,1300000.0,200000.0,2400000.0,2600000.0,400000.0,4800000.0
3,Perguruan Tinggi Menengah di Daerah,UNIVERSITAS PALEMBANG,1498,SWASTA,-,SUMATERA SELATAN,BAIK SEKALI,banpt-3808,259,1498,-1.0,-1.0,1250000.0,1250000.0,1250000.0,2500000.0,2500000.0,2500000.0
3,Perguruan Tinggi Menengah di Daerah,SEKOLAH TINGGI TEKNOLOGI INDUSTRI BONTANG,1499,SWASTA,-,KALIMANTAN TIMUR,BAIK,banpt-3696,,1499,-1.0,-1.0,1200066.0,132.0,2400000.0,2400132.0,264.0,4800000.0
3,Perguruan Tinggi Menengah di Daerah,SEKOLAH TINGGI ILMU EKONOMI IEU,1500,SWASTA,-,JAWA TIMUR,BAIK,banpt-3850,,1500,-1.0,-1.0,1200000.0,1000000.0,1400000.0,2400000.0,2000000.0,2800000.0
4,Perguruan Tinggi Premium & Prestisius,UNIVERSITAS GRAHA NUSANTARA,1501,SWASTA,https://rencanamu.id/cari-kampus/universitas-graha-nusantara,SUMATERA UTARA,B,banpt-1194,,1501,4914.0,4914.0,1200000.0,1200000.0,1200000.0,2400000.0,2400000.0,2400000.0
3,Perguruan Tinggi Menengah di Daerah,SEKOLAH TINGGI ILMU EKONOMI BIMA,1502,SWASTA,-,NUSA TENGGARA BARAT,BAIK,banpt-2189,,1502,-1.0,-1.0,1175000.0,1175000.0,1175000.0,2350000.0,2350000.0,2350000.0
3,Perguruan Tinggi Menengah di Daerah,UNIVERSITAS SIBER MUHAMMADIYAH,1503,SWASTA,-,D.I. YOGYAKARTA,BAIK,banpt-1743,,1503,-1.0,-1.0,1170000.0,180000.0,2160000.0,2340000.0,360000.0,4320000.0
3,Perguruan Tinggi Menengah di Daerah,SEKOLAH TINGGI PERIKANAN DAN KELAUTAN PALU,1504,SWASTA,-,SULAWESI TENGAH,BAIK,banpt-2673,,1504,-1.0,-1.0,1150000.0,1100000.0,1200000.0,2300000.0,2200000.0,2400000.0
3,Perguruan Tinggi Menengah di Daerah,UNIVERSITAS NAHDLATUL ULAMA MALUKU UTARA,1505,SWASTA,-,MALUKU UTARA,BAIK,banpt-1271,,1505,-1.0,-1.0,3575000.0,3350000.0,3800000.0,6600000.0,5600000.0,7600000.0
3,Perguruan Tinggi Menengah di Daerah,UNIVERSITAS NUKU,1506,SWASTA,-,MALUKU UTARA,BAIK,banpt-3069,589,1506,-1.0,-1.0,1125000.0,750000.0,1500000.0,2250000.0,1500000.0,3000000.0
3,Perguruan Tinggi Menengah di Daerah,SEKOLAH TINGGI TEKNOLOGI CIPASUNG,1507,SWASTA,-,JAWA BARAT,BAIK,banpt-2211,,1507,-1.0,-1.0,1125000.0,300000.0,1950000.0,2250000.0,600000.0,3900000.0
3,Perguruan Tinggi Menengah di Daerah,INSTITUT TEKNOLOGI DAN BISNIS MUHAMMADIYAH WAKATOBI,1508,SWASTA,-,SULAWESI TENGGARA,BAIK,banpt-1520,,1508,-1.0,-1.0,1094999.0,190000.0,1999999.0,2189999.0,380000.0,3999998.0
3,Perguruan Tinggi Menengah di Daerah,UNIVERSITAS NIAS RAYA,1509,SWASTA,-,SUMATERA UTARA,BAIK SEKALI,banpt-1987,,1509,-1.0,-1.0,1075000.0,150000.0,2000000.0,2150000.0,300000.0,4000000.0
3,Perguruan Tinggi Menengah di Daerah,INSTITUT TEKNOLOGI KELAUTAN BUTON,1510,SWASTA,-,SULAWESI TENGGARA,BAIK,banpt-937,,1510,-1.0,-1.0,1000000.0,1000000.0,1000000.0,2000000.0,2000000.0,2000000.0
3,Perguruan Tinggi Menengah di Daerah,STKIP PANCAKARYA,1511,SWASTA,-,JAWA BARAT,BAIK,banpt-1008,,1511,-1.0,-1.0,1000000.0,1000000.0,1000000.0,2000000.0,2000000.0,2000000.0
3,Perguruan Tinggi Menengah di Daerah,SEKOLAH TINGGI ILMU HUKUM GRAHA KIRANA,1512,SWASTA,-,SUMATERA UTARA,BAIK,banpt-3356,,1512,-1.0,-1.0,1000000.0,1000000.0,1000000.0,2000000.0,2000000.0,2000000.0
3,Perguruan Tinggi Menengah di Daerah,SEKOLAH TINGGI TEKNOLOGI INDONESIA,1513,SWASTA,-,JAWA BARAT,BAIK,banpt-2507,,1513,-1.0,-1.0,1000000.0,1000000.0,1000000.0,2000000.0,2000000.0,2000000.0
3,Perguruan Tinggi Menengah di Daerah,SEKOLAH TINGGI MANAJEMEN IMMI,1514,SWASTA,https://rencanamu.id/cari-kampus/sekolah-tinggi-manajemen-immi,DKI JAKARTA,BAIK SEKALI,banpt-2945,,1514,1528.0,1528.0,950000.0,950000.0,7600000.0,1900000.0,1900000.0,7600000.0
3,Perguruan Tinggi Menengah di Daerah,SEKOLAH TINGGI KEGURUAN DAN ILMU PENDIDIKAN PERSADA EVAV TUAL,1515,SWASTA,-,MALUKU,BAIK,banpt-971,,1515,-1.0,-1.0,913000.0,166000.0,1660000.0,1826000.0,332000.0,3320000.0
3,Perguruan Tinggi Menengah di Daerah,UNIVERSITAS PUTRA BANGSA,1516,SWASTA,-,JAWA TENGAH,BAIK SEKALI,banpt-2537,,1516,-1.0,-1.0,5050000.0,4700000.0,5400000.0,10100000.0,9400000.0,10800000.0
3,Perguruan Tinggi Menengah di Daerah,UNIVERSITAS MUHAMMADIYAH BIMA,1517,SWASTA,-,NUSA TENGGARA BARAT,BAIK,banpt-2880,,1517,-1.0,-1.0,900000.0,900000.0,900000.0,1800000.0,1800000.0,1800000.0
3,Perguruan Tinggi Menengah di Daerah,SEKOLAH TINGGI MANAJEMEN INFORMATIKA DAN KOMPUTER JAKARTA STI&K,1518,SWASTA,https://campus.quipper.com/directory/sekolah-tinggi-manajemen-informatika-dan-komputer-jakarta-sti-k,D.K.I. JAKARTA,B,banpt-540,,1518,801.0,80.0,875000.0,750000.0,1000000.0,1750000.0,1500000.0,2000000.0
3,Perguruan Tinggi Menengah di Daerah,SEKOLAH TINGGI KEGURUAN DAN ILMU PENDIDIKAN NUUWAR,1519,SWASTA,-,PAPUA BARAT,BAIK,banpt-2193,,1519,-1.0,-1.0,825000.0,150000.0,1500000.0,1650000.0,300000.0,3000000.0
3,Perguruan Tinggi Menengah di Daerah,SEKOLAH TINGGI HUKUM GALUNGGUNG,1520,SWASTA,-,JAWA BARAT,B,banpt-1914,,1520,-1.0,-1.0,750000.0,500000.0,1000000.0,1500000.0,1000000.0,2000000.0
3,Perguruan Tinggi Menengah di Daerah,INSTITUT TEKNOLOGI DAN KESEHATAN ASPIRASI,1521,SWASTA,-,NUSA TENGGARA BARAT,BAIK,banpt-418,,1521,-1.0,-1.0,750000.0,120000.0,1380000.0,1500000.0,240000.0,2760000.0
3,Perguruan Tinggi Menengah di Daerah,SEKOLAH TINGGI ILMU ADMINISTRASI MAULANA YUSUF BANTEN,1522,SWASTA,-,BANTEN,BAIK,banpt-2440,,1522,-1.0,-1.0,600000.0,600000.0,600000.0,1200000.0,1200000.0,1200000.0
3,Perguruan Tinggi Menengah di Daerah,STKIP BINA INSAN MANDIRI,1523,SWASTA,https://campus.quipper.com/directory/stkip-bina-insan-mandiri,JAWA TIMUR,B,banpt-2004,,1523,684.0,63.0,600000.0,600000.0,600000.0,1200000.0,1200000.0,1200000.0
3,Perguruan Tinggi Menengah di Daerah,UNIVERSITAS PRIMAGRAHA,1524,SWASTA,-,BANTEN,BAIK,banpt-2903,,1524,-1.0,-1.0,550000.0,550000.0,550000.0,1100000.0,1100000.0,1100000.0
3,Perguruan Tinggi Menengah di Daerah,SEKOLAH TINGGI ILMU EKONOMI DARUL FALAH,1525,SWASTA,-,JAWA TIMUR,BAIK,banpt-2152,,1525,-1.0,-1.0,450000.0,300000.0,600000.0,900000.0,600000.0,1200000.0
3,Perguruan Tinggi Menengah di Daerah,UNIVERSITAS BAKTI TUNAS HUSADA,1526,SWASTA,-,JAWA BARAT,TERAKREDITASI,banpt-48,403,1526,-1.0,-1.0,450000.0,450000.0,450000.0,900000.0,900000.0,900000.0
3,Perguruan Tinggi Menengah di Daerah,INSTITUT TEKNOLOGI DAN BISNIS KARYA PEMBANGUNAN PAPUA,1527,SWASTA,-,PAPUA,BAIK,banpt-1948,,1527,-1.0,-1.0,400000.0,300000.0,500000.0,800000.0,600000.0,1000000.0
3,Perguruan Tinggi Menengah di Daerah,UNIVERSITAS AMIR HAMZAH,1528,SWASTA,-,SUMATERA UTARA,BAIK,banpt-2491,460,1528,-1.0,-1.0,6175000.0,5750000.0,6600000.0,12350000.0,11500000.0,13200000.0
3,Perguruan Tinggi Menengah di Daerah,STISIP BANTEN RAYA,1529,SWASTA,-,BANTEN,BAIK,banpt-3046,,1529,-1.0,-1.0,150000.0,150000.0,150000.0,300000.0,300000.0,300000.0
3,Perguruan Tinggi Menengah di Daerah,STKIP MUHAMMADIYAH KALABAHI,1530,SWASTA,-,NUSA TENGGARA TIMUR,BAIK SEKALI,banpt-273,,1530,-1.0,-1.0,100000.0,100000.0,100000.0,200000.0,200000.0,200000.0
3,Perguruan Tinggi Menengah di Daerah,UNIVERSITAS BANI SALEH,1531,SWASTA,-,JAWA BARAT,BAIK SEKALI,banpt-2212,,1531,-1.0,-1.0,12725000.0,5450000.0,20000000.0,25450000.0,10900000.0,40000000.0
3,Perguruan Tinggi Menengah di Daerah,STKIP AGAMA HINDU AMLAPURA,1532,SWASTA,-,BALI,BAIK,banpt-3281,,1532,-1.0,-1.0,3145000.0,3145000.0,3145000.0,6290000.0,6290000.0,6290000.0
3,Perguruan Tinggi Menengah di Daerah,UNIVERSITAS NURUL JADID,1533,SWASTA,-,JAWA TIMUR,BAIK SEKALI,banpt-335,312,1533,-1.0,-1.0,7050000.0,3100000.0,11000000.0,14100000.0,6200000.0,22000000.0
3,Perguruan Tinggi Menengah di Daerah,SEKOLAH TINGGI ILMU KOMPUTER YOS SUDARSO,1534,SWASTA,-,JAWA TENGAH,BAIK,banpt-2239,,1534,-1.0,-1.0,5982500.0,5465000.0,6500000.0,11965000.0,10930000.0,13000000.0
4,Perguruan Tinggi Premium & Prestisius,UNIVERSITAS MUHAMMADIYAH SIDOARJO,1535,SWASTA,https://rencanamu.id/cari-kampus/universitas-muhammadiyah-sidoarjo,JAWA TIMUR,B,banpt-1866,110,1535,8230.0,8230.0,24262500.0,4275000.0,44250000.0,48525000.0,8550000.0,88500000.0
