average_semester_fee,student_amount,lecturer_amount,faculty,edu_level,accreditation,body_type,province,campus_accreditation,klaster
3700000.0,7982.0,199.0,FAKULTAS ILMU PENDIDIKAN DAN PENGETAHUAN SOSIAL,S1,B,SWASTA,KALIMANTAN,B,3
3700000.0,7982.0,199.0,FAKULTAS MIPA DAN TEKNOLOGI,S1,B,SWASTA,KALIMANTAN,B,3
8000000.0,3106.0,114.0,BISNIS,S1,UNGGUL,SWASTA,JAWA BARAT,B,3
8000000.0,3106.0,114.0,BISNIS,S1,BAIK,SWASTA,JAWA BARAT,B,3
8000000.0,3106.0,114.0,BISNIS,S1,BAIK SEKALI,SWASTA,JAWA BARAT,B,2
8000000.0,3106.0,114.0,INFORMATIKA & PARIWISATA,S1,BAIK,SWASTA,JAWA BARAT,B,3
8000000.0,3106.0,114.0,INFORMATIKA & PARIWISATA,S1,BAIK,SWASTA,JAWA BARAT,B,3
14500000.0,2784.0,102.0,SARJANA,S1,UNGGUL,SWASTA,D.K.I. JAKARTA,BAIK SEKALI,2
14500000.0,2784.0,102.0,SARJANA,S1,A,SWASTA,D.K.I. JAKARTA,BAIK SEKALI,2
14500000.0,2784.0,102.0,SARJANA,S1,B,SWASTA,D.K.I. JAKARTA,BAIK SEKALI,3
14500000.0,2784.0,102.0,SARJANA,S1,B,SWASTA,D.K.I. JAKARTA,BAIK SEKALI,3
14500000.0,2784.0,102.0,SARJANA,S1,A,SWASTA,D.K.I. JAKARTA,BAIK SEKALI,2
14500000.0,2784.0,102.0,SARJANA,S1,B,SWASTA,D.K.I. JAKARTA,BAIK SEKALI,3
7236250.0,2084.0,87.0,FAKULTAS EKONOMI,S1,B,SWASTA,D.K.I. JAKARTA,BAIK,3
7236250.0,2084.0,87.0,FAKULTAS KOMUNIKASI,S1,B,SWASTA,D.K.I. JAKARTA,BAIK,3
7236250.0,2084.0,87.0,FAKULTAS EKONOMI,S1,B,SWASTA,D.K.I. JAKARTA,BAIK,3
7236250.0,2084.0,87.0,FAKULTAS KOMPUTER,S1,C,SWASTA,D.K.I. JAKARTA,BAIK,3
12000000.0,4453.0,223.0,TEKNOLOGI DAN MANAJEMEN KESEHATAN,S1,BAIK,SWASTA,JAWA TIMUR,UNGGUL,2
12000000.0,4453.0,223.0,FARMASI,S1,BAIK SEKALI,SWASTA,JAWA TIMUR,UNGGUL,2
12000000.0,4453.0,223.0,KESEHATAN,S1,BAIK,SWASTA,JAWA TIMUR,UNGGUL,2
12000000.0,4453.0,223.0,KESEHATAN,S1,BAIK SEKALI,SWASTA,JAWA TIMUR,UNGGUL,2
12000000.0,4453.0,223.0,KESEHATAN,S1,BAIK,SWASTA,JAWA TIMUR,UNGGUL,2
12000000.0,4453.0,223.0,KEDOKTERAN GIGI,S1,BAIK SEKALI,SWASTA,JAWA TIMUR,UNGGUL,2
12000000.0,4453.0,223.0,KESEHATAN,S1,BAIK SEKALI,SWASTA,JAWA TIMUR,UNGGUL,2
12000000.0,4453.0,223.0,TEKNOLOGI DAN MANAJEMEN KESEHATAN,S1,UNGGUL,SWASTA,JAWA TIMUR,UNGGUL,2
12000000.0,4453.0,223.0,KESEHATAN,S1,BAIK,SWASTA,JAWA TIMUR,UNGGUL,2
8000000.0,3798.0,3798.0,FAKULTAS ILMU SOSIAL DAN ILMU POLITIK,S1,A,SWASTA,D.K.I. JAKARTA,BAIK,3
8000000.0,3798.0,3798.0,FAKULTAS ILMU KOMUNIKASI,S1,B,SWASTA,D.K.I. JAKARTA,BAIK,3
8000000.0,3798.0,3798.0,FAKULTAS ILMU SOSIAL DAN ILMU POLITIK,S1,B,SWASTA,D.K.I. JAKARTA,BAIK,3
8000000.0,3798.0,3798.0,FAKULTAS ILMU SOSIAL DAN ILMU POLITIK,S1,B,SWASTA,D.K.I. JAKARTA,BAIK,3
5126000.0,5821.0,5821.0,FAKULTAS BISNIS DAN EKONOMI,S1,B,SWASTA,LAMPUNG,BAIK SEKALI,3
5126000.0,5821.0,5821.0,FAKULTAS ILMU KOMPUTER,S1,B,SWASTA,LAMPUNG,BAIK SEKALI,3
5126000.0,5821.0,5821.0,FAKULTAS ILMU KOMPUTER,S1,B,SWASTA,LAMPUNG,BAIK SEKALI,3
5126000.0,5821.0,5821.0,FAKULTAS BISNIS DAN EKONOMI,S1,B,SWASTA,LAMPUNG,BAIK SEKALI,3
5126000.0,5821.0,5821.0,FAKULTAS ILMU KOMPUTER,S1,C,SWASTA,LAMPUNG,BAIK SEKALI,2
7500000.0,230.0,42.0,KESEHATAN LINGKUNGAN,S1,B,SWASTA,DKI JAKARTA,BAIK,3
7500000.0,230.0,42.0,PSIKOLOGI,S1,BAIK,SWASTA,DKI JAKARTA,BAIK,2
3500000.0,1548.0,43.0,SARJANA,S1,BAIK,SWASTA,JAWA BARAT,B,3
3500000.0,1548.0,43.0,SARJANA,S1,B,SWASTA,JAWA BARAT,B,3
3500000.0,1548.0,43.0,SARJANA,S1,B,SWASTA,JAWA BARAT,B,3
5178125.0,3374.0,111.0,PERTANIAN,S1,A,SWASTA,D.I. YOGYAKARTA,B,4
5178125.0,3374.0,111.0,PERTANIAN,S1,A,SWASTA,D.I. YOGYAKARTA,B,4
5178125.0,3374.0,111.0,KEHUTANAN,S1,B,SWASTA,D.I. YOGYAKARTA,B,3
5178125.0,3374.0,111.0,TEKNOLOGI PERTANIAN,S1,B,SWASTA,D.I. YOGYAKARTA,B,3
3850000.0,371.0,67.0,FAKULTAS SAINS DAN TEKNOLOGI,S1,BAIK,SWASTA,D.K.I. JAKARTA,BAIK,3
3850000.0,371.0,67.0,FAKULTAS SAINS DAN TEKNOLOGI,S1,BAIK,SWASTA,D.K.I. JAKARTA,BAIK,3
3850000.0,371.0,67.0,FAKULTAS TEKNOLOGI INFORMASI DAN KOMUNIKASI VISUAL,S1,BAIK,SWASTA,D.K.I. JAKARTA,BAIK,3
3850000.0,371.0,67.0,FAKULTAS SAINS DAN TEKNOLOGI,S1,BAIK SEKALI,SWASTA,D.K.I. JAKARTA,BAIK,2
3850000.0,371.0,67.0,FAKULTAS SAINS DAN TEKNOLOGI,S1,BAIK,SWASTA,D.K.I. JAKARTA,BAIK,3
3850000.0,371.0,67.0,FAKULTAS SAINS DAN TEKNOLOGI,S1,BAIK,SWASTA,D.K.I. JAKARTA,BAIK,3
3850000.0,371.0,67.0,FAKULTAS TEKNOLOGI INFORMASI DAN KOMUNIKASI VISUAL,S1,BAIK,SWASTA,D.K.I. JAKARTA,BAIK,3
27750000.0,2994.0,120.0,FAKULTAS TEKNIK SIPIL DAN PERENCANAAN,S1,B,SWASTA,D.K.I. JAKARTA,B,3
27750000.0,2994.0,120.0,FAKULTAS TEKNOLOGI INDUSTRI,S1,B,SWASTA,D.K.I. JAKARTA,B,3
27750000.0,2994.0,120.0,FAKULTAS FARMASI,S1,B,SWASTA,D.K.I. JAKARTA,B,3
27750000.0,2994.0,120.0,FAKULTAS SAINS DAN TEKNOLOGI INFORMASI,S1,BAIK,SWASTA,D.K.I. JAKARTA,B,3
27750000.0,2994.0,120.0,FAKULTAS SAINS DAN TEKNOLOGI INFORMASI,S1,C,SWASTA,D.K.I. JAKARTA,B,3
27750000.0,2994.0,120.0,FAKULTAS SAINS DAN TEKNOLOGI INFORMASI,S1,BAIK,SWASTA,D.K.I. JAKARTA,B,3
27750000.0,2994.0,120.0,FAKULTAS TEKNOLOGI INDUSTRI,S1,B,SWASTA,D.K.I. JAKARTA,B,3
27750000.0,2994.0,120.0,FAKULTAS TEKNIK SIPIL DAN PERENCANAAN,S1,B,SWASTA,D.K.I. JAKARTA,B,3
27750000.0,2994.0,120.0,FAKULTAS SAINS DAN TEKNOLOGI INFORMASI,S1,C,SWASTA,D.K.I. JAKARTA,B,3
14100000.0,1049.0,72.0,DESAIN,S1,BAIK,SWASTA,JAWA TIMUR,B,2
14100000.0,1049.0,72.0,DESAIN,S1,BAIK,SWASTA,JAWA TIMUR,B,2
14100000.0,1049.0,72.0,SAINS DAN TEKNOLOGI,S1,BAIK,SWASTA,JAWA TIMUR,B,2
14100000.0,1049.0,72.0,SAINS DAN TEKNOLOGI,S1,B,SWASTA,JAWA TIMUR,B,3
14100000.0,1049.0,72.0,SAINS DAN TEKNOLOGI,S1,UNGGUL,SWASTA,JAWA TIMUR,B,2
14100000.0,1049.0,72.0,SAINS DAN TEKNOLOGI,S1,BAIK SEKALI,SWASTA,JAWA TIMUR,B,2
7300000.0,7493.0,165.0,FAKULTAS TEKNIK SIPIL DAN PERENCANAAN,S1,B,SWASTA,JAWA TIMUR,BAIK SEKALI,2
7300000.0,7493.0,165.0,FAKULTAS TEKNIK SIPIL DAN PERENCANAAN,S1,C,SWASTA,JAWA TIMUR,BAIK SEKALI,2
7300000.0,7493.0,165.0,FAKULTAS TEKNIK ELEKTRO DAN TEKNIK INFORMATIKA,S1,B,SWASTA,JAWA TIMUR,BAIK SEKALI,2
7300000.0,7493.0,165.0,FAKULTAS TEKNOLOGI INDUSTRI,S1,C,SWASTA,JAWA TIMUR,BAIK SEKALI,2
7300000.0,7493.0,165.0,FAKULTAS TEKNIK ELEKTRO DAN TEKNIK INFORMATIKA,S1,C,SWASTA,JAWA TIMUR,BAIK SEKALI,2
7300000.0,7493.0,165.0,FAKULTAS TEKNOLOGI INDUSTRI,S1,B,SWASTA,JAWA TIMUR,BAIK SEKALI,2
7300000.0,7493.0,165.0,FAKULTAS TEKNIK SIPIL DAN PERENCANAAN,S1,B,SWASTA,JAWA TIMUR,BAIK SEKALI,2
7300000.0,7493.0,165.0,FAKULTAS TEKNOLOGI INDUSTRI,S1,B,SWASTA,JAWA TIMUR,BAIK SEKALI,2
7300000.0,7493.0,165.0,FAKULTAS TEKNOLOGI MINERAL DAN KELAUTAN,S1,C,SWASTA,JAWA TIMUR,BAIK SEKALI,2
7300000.0,7493.0,165.0,FAKULTAS TEKNIK SIPIL DAN PERENCANAAN,S1,B,SWASTA,JAWA TIMUR,BAIK SEKALI,2
7300000.0,7493.0,165.0,FAKULTAS TEKNIK ELEKTRO DAN TEKNIK INFORMATIKA,S1,C,SWASTA,JAWA TIMUR,BAIK SEKALI,2
6500000.0,636.0,91.0,FAKULTAS TEKNIK DAN DESAIN,S1,C,SWASTA,JAWA BARAT,C,2
6500000.0,636.0,91.0,FAKULTAS TEKNIK DAN DESAIN,S1,B,SWASTA,JAWA BARAT,C,3
6500000.0,636.0,91.0,FAKULTAS TEKNIK DAN DESAIN,S1,C,SWASTA,JAWA BARAT,C,2
6500000.0,636.0,91.0,FAKULTAS TEKNIK DAN DESAIN,S1,C,SWASTA,JAWA BARAT,C,2
4600000.0,1772.0,44.0,EKONOMI DAN BISNIS,S1,BAIK SEKALI,SWASTA,JAWA TIMUR,BAIK SEKALI,2
4600000.0,1772.0,44.0,EKONOMI DAN BISNIS,S1,BAIK SEKALI,SWASTA,JAWA TIMUR,BAIK SEKALI,2
4600000.0,1772.0,44.0,EKONOMI DAN BISNIS,S1,BAIK SEKALI,SWASTA,JAWA TIMUR,BAIK SEKALI,2
4600000.0,1772.0,44.0,"SAINS, TEKNOLOGI, DAN INDUSTRI",S1,BAIK,SWASTA,JAWA TIMUR,BAIK SEKALI,2
4600000.0,1772.0,44.0,"SAINS, TEKNOLOGI, DAN INDUSTRI",S1,BAIK,SWASTA,JAWA TIMUR,BAIK SEKALI,2
121700000.0,924.0,924.0,TEKNIK INDUSTRI,S1,B,SWASTA,JAWA BARAT,BAIK SEKALI,0
121700000.0,924.0,924.0,TEKNOLOGI INFORMASI,S1,B,SWASTA,JAWA BARAT,BAIK SEKALI,0
7000000.0,3590.0,99.0,FAKULTAS TEKNIK SIPIL DAN PERENCANAAN,S1,B,SWASTA,BANTEN,BAIK SEKALI,2
7000000.0,3590.0,99.0,FAKULTAS TEKNOLOGI INDUSTRI,S1,B,SWASTA,BANTEN,BAIK SEKALI,2
7000000.0,3590.0,99.0,FAKULTAS TEKNOLOGI INDUSTRI,S1,B,SWASTA,BANTEN,BAIK SEKALI,2
7000000.0,3590.0,99.0,FAKULTAS TEKNOLOGI INDUSTRI,S1,B,SWASTA,BANTEN,BAIK SEKALI,2
7000000.0,3590.0,99.0,FAKULTAS TEKNOLOGI INDUSTRI,S1,B,SWASTA,BANTEN,BAIK SEKALI,2
7000000.0,3590.0,99.0,FAKULTAS EKONOMI,S1,C,SWASTA,BANTEN,BAIK SEKALI,2
7000000.0,3590.0,99.0,FAKULTAS TEKNOLOGI INDUSTRI,S1,B,SWASTA,BANTEN,BAIK SEKALI,2
7000000.0,3590.0,99.0,FAKULTAS TEKNIK SIPIL DAN PERENCANAAN,S1,C,SWASTA,BANTEN,BAIK SEKALI,2
7000000.0,3590.0,99.0,FAKULTAS PERTANIAN,S1,B,SWASTA,BANTEN,BAIK SEKALI,2
7000000.0,3590.0,99.0,FAKULTAS TEKNIK SIPIL DAN PERENCANAAN,S1,B,SWASTA,BANTEN,BAIK SEKALI,2
12275000.0,5212.0,201.0,FAKULTAS TEKNIK SIPIL DAN PERENCANAAN,S1,B,SWASTA,JAWA TIMUR,B,3
12275000.0,5212.0,201.0,FAKULTAS TEKNOLOGI INDUSTRI,S1,BAIK SEKALI,SWASTA,JAWA TIMUR,B,2
12275000.0,5212.0,201.0,FAKULTAS TEKNOLOGI INDUSTRI,S1,B,SWASTA,JAWA TIMUR,B,3
12275000.0,5212.0,201.0,FAKULTAS TEKNIK SIPIL DAN PERENCANAAN,S1,B,SWASTA,JAWA TIMUR,B,3
12275000.0,5212.0,201.0,FAKULTAS TEKNOLOGI INDUSTRI,S1,B,SWASTA,JAWA TIMUR,B,3
12275000.0,5212.0,201.0,FAKULTAS TEKNOLOGI INDUSTRI,S1,C,SWASTA,JAWA TIMUR,B,2
12275000.0,5212.0,201.0,FAKULTAS TEKNOLOGI INDUSTRI,S1,B,SWASTA,JAWA TIMUR,B,3
12275000.0,5212.0,201.0,FAKULTAS TEKNIK SIPIL DAN PERENCANAAN,S1,B,SWASTA,JAWA TIMUR,B,3
12275000.0,5212.0,201.0,FAKULTAS TEKNOLOGI INDUSTRI,S1,B,SWASTA,JAWA TIMUR,B,3
12275000.0,5212.0,201.0,FAKULTAS TEKNIK SIPIL DAN PERENCANAAN,S1,B,SWASTA,JAWA TIMUR,B,3
12275000.0,5212.0,201.0,FAKULTAS TEKNIK SIPIL DAN PERENCANAAN,S1,B,SWASTA,JAWA TIMUR,B,3
7000000.0,2919.0,83.0,FAKULTAS TEKNIK,S1,BAIK SEKALI,SWASTA,SUMATERA BARAT,B,2
7000000.0,2919.0,83.0,FAKULTAS TEKNIK,S1,BAIK SEKALI,SWASTA,SUMATERA BARAT,B,2
7000000.0,2919.0,83.0,FAKULTAS TEKNIK,S1,B,SWASTA,SUMATERA BARAT,B,3
7000000.0,2919.0,83.0,FAKULTAS TEKNIK,S1,BAIK,SWASTA,SUMATERA BARAT,B,3
7000000.0,2919.0,83.0,FAKULTAS TEKNIK,S1,BAIK SEKALI,SWASTA,SUMATERA BARAT,B,2
7000000.0,2919.0,83.0,FAKULTAS TEKNIK,S1,BAIK SEKALI,SWASTA,SUMATERA BARAT,B,2
6300000.0,1339.0,60.0,FAKULTAS TEKNIK INDUSTRI,S1,BAIK SEKALI,SWASTA,D.I. YOGYAKARTA,BAIK,2
6300000.0,1339.0,60.0,FAKULTAS TEKNOLOGI SUMBER DAYA ALAM,S1,BAIK,SWASTA,D.I. YOGYAKARTA,BAIK,2
6300000.0,1339.0,60.0,FAKULTAS TEKNIK LINGKUNGAN,S1,B,SWASTA,D.I. YOGYAKARTA,BAIK,3
6300000.0,1339.0,60.0,FAKULTAS TEKNOLOGI SUMBER DAYA ALAM,S1,BAIK,SWASTA,D.I. YOGYAKARTA,BAIK,2
7500000.0,700.0,30.0,BAHASA ASING,S1,BAIK,SWASTA,JAWA BARAT,BAIK,2
7500000.0,700.0,30.0,BAHASA ASING,S1,BAIK,SWASTA,JAWA BARAT,BAIK,2
5475000.0,348.0,15.0,SASTRA INGGRIS,S1,B,SWASTA,D.I. YOGYAKARTA,B,3
9450000.0,842.0,30.0,DESAIN,S1,BAIK,SWASTA,D.K.I. JAKARTA,B,3
9450000.0,842.0,30.0,DESAIN,S1,B,SWASTA,D.K.I. JAKARTA,B,3
10225000.0,384.0,31.0,FAKULTAS ILMU FILSAFAT,S1,UNGGUL,SWASTA,D.K.I. JAKARTA,UNGGUL,3
10225000.0,384.0,31.0,FAKULTAS ILMU FILSAFAT,S1,UNGGUL,SWASTA,D.K.I. JAKARTA,UNGGUL,3
13035000.0,260.0,19.0,PROGRAM SARJANA,S1,A,SWASTA,D.K.I. JAKARTA,B,3
7500000.0,1611.0,39.0,HUKUM,S1,A,SWASTA,JAWA BARAT,A,4
10000000.0,267.0,25.0,SARJANA,S1,BAIK,SWASTA,JAWA BARAT,BAIK,2
10000000.0,267.0,25.0,SARJANA,S1,BAIK,SWASTA,JAWA BARAT,BAIK,2
5500000.0,3451.0,108.0,ILMU EKONOMI,S1,UNGGUL,SWASTA,JAWA TIMUR,B,2
5500000.0,3451.0,108.0,ILMU EKONOMI,S1,UNGGUL,SWASTA,JAWA TIMUR,B,2
4000000.0,1272.0,41.0,MANAJEMEN,S1,B,SWASTA,JAWA BARAT,BAIK,3
5050000.0,8060.0,172.0,ILMU EKONOMI,S1,BAIK SEKALI,SWASTA,JAWA TIMUR,B,2
5050000.0,8060.0,172.0,ILMU EKONOMI,S1,BAIK SEKALI,SWASTA,JAWA TIMUR,B,2
5020000.0,897.0,15.0,ILMU EKONOMI,S1,BAIK,SWASTA,JAWA BARAT,BAIK,2
5020000.0,897.0,15.0,ILMU EKONOMI,S1,BAIK,SWASTA,JAWA BARAT,BAIK,2
2550000.0,959.0,23.0,ILMU EKONOMI,S1,BAIK SEKALI,SWASTA,JAWA TENGAH,B,2
2550000.0,959.0,23.0,ILMU EKONOMI,S1,BAIK SEKALI,SWASTA,JAWA TENGAH,B,2
2900000.0,2045.0,49.0,ILMU EKONOMI,S1,B,SWASTA,JAWA TIMUR,BAIK,2
3125000.0,1759.0,60.0,ILMU EKONOMI,S1,BAIK SEKALI,SWASTA,D.I. YOGYAKARTA,B,2
3125000.0,1759.0,60.0,ILMU EKONOMI,S1,BAIK SEKALI,SWASTA,D.I. YOGYAKARTA,B,2
7000000.0,2725.0,76.0,AKUNTANSI,S1,A,SWASTA,D.I. YOGYAKARTA,UNGGUL,4
7000000.0,2725.0,76.0,MANAJEMEN,S1,A,SWASTA,D.I. YOGYAKARTA,UNGGUL,4
10425000.0,246.0,12.0,SARJANA,S1,BAIK,SWASTA,JAWA BARAT,BAIK,2
4500000.0,175.0,29.0,SARJANA,S1,BAIK,SWASTA,JAWA TIMUR,B,2
7725000.0,598.0,31.0,SARJANA,S1,BAIK,SWASTA,JAWA TIMUR,BAIK SEKALI,2
7725000.0,598.0,31.0,SARJANA,S1,BAIK SEKALI,SWASTA,JAWA TIMUR,BAIK SEKALI,2
3375000.0,772.0,34.0,SARJANA,S1,BAIK SEKALI,SWASTA,JAWA TIMUR,B,2
5850000.0,866.0,50.0,SARJANA,S1,BAIK SEKALI,SWASTA,JAWA BARAT,BAIK,2
5850000.0,866.0,50.0,SARJANA,S1,BAIK SEKALI,SWASTA,JAWA BARAT,BAIK,2
11400000.0,1005.0,48.0,ILMU KESEHATAN,S1,B,SWASTA,D.K.I. JAKARTA,B,3
11400000.0,1005.0,48.0,ILMU KESEHATAN,S1,BAIK SEKALI,SWASTA,D.K.I. JAKARTA,B,3
9000000.0,533.0,28.0,SARJANA,S1,BAIK SEKALI,SWASTA,D.K.I. JAKARTA,BAIK,2
9000000.0,533.0,28.0,SARJANA,S1,BAIK,SWASTA,D.K.I. JAKARTA,BAIK,3
9000000.0,533.0,28.0,SARJANA,S1,BAIK,SWASTA,D.K.I. JAKARTA,BAIK,3
16200000.0,525.0,37.0,SARJANA,S1,BAIK SEKALI,SWASTA,D.K.I. JAKARTA,B,3
16200000.0,525.0,37.0,SARJANA,S1,BAIK,SWASTA,D.K.I. JAKARTA,B,3
16200000.0,525.0,37.0,SARJANA,S1,A,SWASTA,D.K.I. JAKARTA,B,3
5000000.0,170.0,20.0,KEPERAWATAN,S1,BAIK,SWASTA,JAWA BARAT,BAIK,2
5500000.0,229.0,22.0,SARJANA,S1,BAIK SEKALI,SWASTA,JAWA TIMUR,BAIK SEKALI,2
6000000.0,342.0,43.0,SARJANA,S1,B,SWASTA,JAWA BARAT,BAIK,3
6000000.0,342.0,43.0,SARJANA,S1,BAIK,SWASTA,JAWA BARAT,BAIK,2
1500000.0,493.0,41.0,SARJANA,S1,BAIK,SWASTA,JAWA BARAT,BAIK,2
8000000.0,523.0,28.0,MANAJEMEN ASURANSI,S1,BAIK,SWASTA,D.K.I. JAKARTA,BAIK SEKALI,2
8000000.0,523.0,28.0,MANAJEMEN ASURANSI,S1,BAIK SEKALI,SWASTA,D.K.I. JAKARTA,BAIK SEKALI,2
875000.0,801.0,80.0,PROGRAM SARJANA,S1,BAIK SEKALI,SWASTA,D.K.I. JAKARTA,B,3
875000.0,801.0,80.0,PROGRAM SARJANA,S1,BAIK SEKALI,SWASTA,D.K.I. JAKARTA,B,3
4500000.0,511.0,14.0,MANAJEMEN,S1,BAIK,SWASTA,D.K.I. JAKARTA,B,3
10000000.0,395.0,35.0,SARJANA,S1,BAIK,SWASTA,JAWA BARAT,BAIK SEKALI,2
2000000.0,4595.0,134.0,TEKNIK,S1,B,SWASTA,DI YOGYAKARTA,BAIK,3
2000000.0,4595.0,134.0,TEKNIK,S1,B,SWASTA,DI YOGYAKARTA,BAIK,3
2000000.0,4595.0,134.0,TEKNIK,S1,B,SWASTA,DI YOGYAKARTA,BAIK,3
2000000.0,4595.0,134.0,TEKNIK,S1,B,SWASTA,DI YOGYAKARTA,BAIK,3
2000000.0,4595.0,134.0,TEKNIK,S1,B,SWASTA,DI YOGYAKARTA,BAIK,3
2200000.0,18.0,12.0,TEKNOLOGI,S1,BAIK,SWASTA,DKI JAKARTA,BAIK,2
2200000.0,18.0,12.0,TEKNOLOGI,S1,BAIK,SWASTA,DKI JAKARTA,BAIK,2
2200000.0,18.0,12.0,TEKNOLOGI,S1,BAIK,SWASTA,DKI JAKARTA,BAIK,2
8000000.0,372.0,43.0,INFORMATIKA,S1,C,SWASTA,JAWA BARAT,C,2
8000000.0,372.0,43.0,SISTEM INFORMASI,S1,B,SWASTA,JAWA BARAT,C,3
4842500.0,1212.0,32.0,SARJANA,S1,BAIK SEKALI,SWASTA,DKI JAKARTA,B,2
600000.0,684.0,63.0,SARJANA,S1,B,SWASTA,JAWA TIMUR,B,3
600000.0,684.0,63.0,SARJANA,S1,B,SWASTA,JAWA TIMUR,B,3
1600000.0,3070.0,105.0,ILMU PENDIDIKAN,S1,B,SWASTA,JAWA BARAT,BAIK,3
37750000.0,1651.0,95.0,FAKULTAS TEKNIK,S1,B,SWASTA,JAWA BARAT,BAIK SEKALI,2
37750000.0,1651.0,95.0,FAKULTAS HUKUM,S1,B,SWASTA,JAWA BARAT,BAIK SEKALI,2
37750000.0,1651.0,95.0,FAKULTAS KEGURUAN DAN ILMU PENDIDIKAN,S1,BAIK SEKALI,SWASTA,JAWA BARAT,BAIK SEKALI,2
37750000.0,1651.0,95.0,FAKULTAS EKONOMI DAN BISNIS,S1,BAIK SEKALI,SWASTA,JAWA BARAT,BAIK SEKALI,2
37750000.0,1651.0,95.0,FAKULTAS TEKNIK,S1,BAIK SEKALI,SWASTA,JAWA BARAT,BAIK SEKALI,2
37750000.0,1651.0,95.0,FAKULTAS PERIKANAN DAN ILMU KELAUTAN,S1,B,SWASTA,JAWA BARAT,BAIK SEKALI,2
57490000.0,1914.0,1914.0,FAKULTAS EKONOMI BISNIS & ILMU SOSIAL,S1,BAIK SEKALI,SWASTA,D.K.I. JAKARTA,BAIK SEKALI,2
57490000.0,1914.0,1914.0,FAKULTAS EKONOMI BISNIS & ILMU SOSIAL,S1,B,SWASTA,D.K.I. JAKARTA,BAIK SEKALI,3
57490000.0,1914.0,1914.0,FAKULTAS EKONOMI BISNIS & ILMU SOSIAL,S1,B,SWASTA,D.K.I. JAKARTA,BAIK SEKALI,3
57490000.0,1914.0,1914.0,FAKULTAS EKONOMI BISNIS & ILMU SOSIAL,S1,BAIK SEKALI,SWASTA,D.K.I. JAKARTA,BAIK SEKALI,2
57490000.0,1914.0,1914.0,FAKULTAS TEKNIK DAN INFORMATIKA,S1,B,SWASTA,D.K.I. JAKARTA,BAIK SEKALI,3
57490000.0,1914.0,1914.0,FAKULTAS FARMASI,S1,B,SWASTA,D.K.I. JAKARTA,BAIK SEKALI,3
57490000.0,1914.0,1914.0,FAKULTAS EKONOMI BISNIS & ILMU SOSIAL,S1,B,SWASTA,D.K.I. JAKARTA,BAIK SEKALI,3
57490000.0,1914.0,1914.0,FAKULTAS HUKUM,S1,B,SWASTA,D.K.I. JAKARTA,BAIK SEKALI,3
57490000.0,1914.0,1914.0,FAKULTAS EKONOMI BISNIS & ILMU SOSIAL,S1,B,SWASTA,D.K.I. JAKARTA,BAIK SEKALI,3
57490000.0,1914.0,1914.0,FAKULTAS TEKNIK DAN INFORMATIKA,S1,BAIK SEKALI,SWASTA,D.K.I. JAKARTA,BAIK SEKALI,2
57490000.0,1914.0,1914.0,FAKULTAS EKONOMI BISNIS & ILMU SOSIAL,S1,B,SWASTA,D.K.I. JAKARTA,BAIK SEKALI,3
57490000.0,1914.0,1914.0,FAKULTAS TEKNIK DAN INFORMATIKA,S1,B,SWASTA,D.K.I. JAKARTA,BAIK SEKALI,3
57490000.0,1914.0,1914.0,FAKULTAS EKONOMI BISNIS & ILMU SOSIAL,S1,B,SWASTA,D.K.I. JAKARTA,BAIK SEKALI,3
57490000.0,1914.0,1914.0,FAKULTAS TEKNIK DAN INFORMATIKA,S1,B,SWASTA,D.K.I. JAKARTA,BAIK SEKALI,3
3500000.0,3483.0,88.0,FAKULTAS PERTANIAN,S1,B,SWASTA,JAWA TIMUR,B,3
3500000.0,3483.0,88.0,FAKULTAS KEGURUAN DAN PENDIDIKAN,S1,B,SWASTA,JAWA TIMUR,B,3
3500000.0,3483.0,88.0,FAKULTAS HUKUM,S1,B,SWASTA,JAWA TIMUR,B,3
3500000.0,3483.0,88.0,FAKULTAS EKONOMI,S1,B,SWASTA,JAWA TIMUR,B,3
3500000.0,3483.0,88.0,FAKULTAS SASTRA,S1,B,SWASTA,JAWA TIMUR,B,3
13760000.0,1910.0,89.0,FAKULTAS EKONOMI,S1,B,SWASTA,JAWA BARAT,B,3
13760000.0,1910.0,89.0,FAKULTAS MATEMATIKA & ILMU PENGETAHUAN ALAM,S1,B,SWASTA,JAWA BARAT,B,3
13760000.0,1910.0,89.0,FAKULTAS MATEMATIKA & ILMU PENGETAHUAN ALAM,S1,BAIK,SWASTA,JAWA BARAT,B,3
13760000.0,1910.0,89.0,FAKULTAS FILSAFAT,S1,B,SWASTA,JAWA BARAT,B,3
13760000.0,1910.0,89.0,FAKULTAS TEKNOLOGI INFORMASI,S1,B,SWASTA,JAWA BARAT,B,3
13760000.0,1910.0,89.0,FAKULTAS ILMU KEPERAWATAN,S1,B,SWASTA,JAWA BARAT,B,3
13760000.0,1910.0,89.0,FAKULTAS EKONOMI,S1,B,SWASTA,JAWA BARAT,B,3
13760000.0,1910.0,89.0,FAKULTAS KEGURUAN DAN ILMU PENDIDIKAN,S1,B,SWASTA,JAWA BARAT,B,3
13760000.0,1910.0,89.0,FAKULTAS EKONOMI,S1,C,SWASTA,JAWA BARAT,B,3
13760000.0,1910.0,89.0,FAKULTAS TEKNOLOGI INFORMASI,S1,B,SWASTA,JAWA BARAT,B,3
14000000.0,965.0,61.0,FAKULTAS EKONOMI DAN BISNIS,S1,C,SWASTA,DKI JAKARTA,BAIK SEKALI,2
14000000.0,965.0,61.0,FAKULTAS TEKNIK,S1,C,SWASTA,DKI JAKARTA,BAIK SEKALI,2
14000000.0,965.0,61.0,FAKULTAS TEKNIK,S1,BAIK SEKALI,SWASTA,DKI JAKARTA,BAIK SEKALI,2
14000000.0,965.0,61.0,FAKULTAS HUKUM,S1,C,SWASTA,DKI JAKARTA,BAIK SEKALI,2
14000000.0,965.0,61.0,FAKULTAS EKONOMI DAN BISNIS,S1,C,SWASTA,DKI JAKARTA,BAIK SEKALI,2
14000000.0,965.0,61.0,FAKULTAS TEKNIK,S1,C,SWASTA,DKI JAKARTA,BAIK SEKALI,2
8000000.0,24507.0,742.0,FAKULTAS EKONOMI & BISNIS,S1,B,SWASTA,DI YOGYAKARTA,A,4
8000000.0,24507.0,742.0,FAKULTAS KEGURUAN DAN ILMU PENDIDIKAN,S1,A,SWASTA,DI YOGYAKARTA,A,4
8000000.0,24507.0,742.0,FAKULTAS SAINS DAN TEKNOLOGI TERAPAN,S1,A,SWASTA,DI YOGYAKARTA,A,4
8000000.0,24507.0,742.0,FAKULTAS EKONOMI & BISNIS,S1,B,SWASTA,DI YOGYAKARTA,A,4
8000000.0,24507.0,742.0,FAKULTAS TEKNOLOGI INDUSTRI,S1,B,SWASTA,DI YOGYAKARTA,A,4
8000000.0,24507.0,742.0,FAKULTAS FARMASI,S1,A,SWASTA,DI YOGYAKARTA,A,4
8000000.0,24507.0,742.0,FAKULTAS KEGURUAN DAN ILMU PENDIDIKAN,S1,A,SWASTA,DI YOGYAKARTA,A,4
8000000.0,24507.0,742.0,FAKULTAS KESEHATAN MASYARAKAT,S1,BAIK SEKALI,SWASTA,DI YOGYAKARTA,A,4
8000000.0,24507.0,742.0,FAKULTAS KEGURUAN DAN ILMU PENDIDIKAN,S1,B,SWASTA,DI YOGYAKARTA,A,4
8000000.0,24507.0,742.0,FAKULTAS KEGURUAN DAN ILMU PENDIDIKAN,S1,B,SWASTA,DI YOGYAKARTA,A,4
8000000.0,24507.0,742.0,FAKULTAS HUKUM,S1,B,SWASTA,DI YOGYAKARTA,A,4
8000000.0,24507.0,742.0,FAKULTAS SASTRA BUDAYA DAN KOMUNIKASI,S1,B,SWASTA,DI YOGYAKARTA,A,4
8000000.0,24507.0,742.0,FAKULTAS TEKNOLOGI INDUSTRI,S1,A,SWASTA,DI YOGYAKARTA,A,4
8000000.0,24507.0,742.0,KEDOKTERAN,S1,BAIK SEKALI,SWASTA,DI YOGYAKARTA,A,4
8000000.0,24507.0,742.0,FAKULTAS KESEHATAN MASYARAKAT,S1,B,SWASTA,DI YOGYAKARTA,A,4
8000000.0,24507.0,742.0,FAKULTAS TEKNOLOGI INDUSTRI,S1,B,SWASTA,DI YOGYAKARTA,A,4
8000000.0,24507.0,742.0,FAKULTAS EKONOMI & BISNIS,S1,B,SWASTA,DI YOGYAKARTA,A,4
8000000.0,24507.0,742.0,FAKULTAS KEGURUAN DAN ILMU PENDIDIKAN,S1,B,SWASTA,DI YOGYAKARTA,A,4
8000000.0,24507.0,742.0,FAKULTAS KEGURUAN DAN ILMU PENDIDIKAN,S1,A,SWASTA,DI YOGYAKARTA,A,4
8000000.0,24507.0,742.0,FAKULTAS PSIKOLOGI,S1,A,SWASTA,DI YOGYAKARTA,A,4
8000000.0,24507.0,742.0,FAKULTAS SASTRA BUDAYA DAN KOMUNIKASI,S1,B,SWASTA,DI YOGYAKARTA,A,4
8000000.0,24507.0,742.0,FAKULTAS SASTRA BUDAYA DAN KOMUNIKASI,S1,A,SWASTA,DI YOGYAKARTA,A,4
8000000.0,24507.0,742.0,FAKULTAS SAINS DAN TEKNOLOGI TERAPAN,S1,B,SWASTA,DI YOGYAKARTA,A,4
8000000.0,24507.0,742.0,FAKULTAS TEKNOLOGI INDUSTRI,S1,BAIK SEKALI,SWASTA,DI YOGYAKARTA,A,4
2109962.0,2776.0,68.0,FAKULTAS ILMU PERTANIAN,S1,BAIK,SWASTA,SULAWESI BARAT,BAIK SEKALI,2
2109962.0,2776.0,68.0,FAKULTAS ILMU PERTANIAN,S1,BAIK,SWASTA,SULAWESI BARAT,BAIK SEKALI,2
2109962.0,2776.0,68.0,FAKULTAS ILMU SOSIAL DAN PEMERINTAHAN,S1,BAIK,SWASTA,SULAWESI BARAT,BAIK SEKALI,2
2109962.0,2776.0,68.0,FAKULTAS ILMU KOMPUTER,S1,BAIK SEKALI,SWASTA,SULAWESI BARAT,BAIK SEKALI,2
2109962.0,2776.0,68.0,FAKULTAS KESEHATAN MASYARAKAT,S1,B,SWASTA,SULAWESI BARAT,BAIK SEKALI,2
2109962.0,2776.0,68.0,FAKULTAS KEGURUAN DAN ILMU PENDIDIKAN,S1,BAIK SEKALI,SWASTA,SULAWESI BARAT,BAIK SEKALI,2
2109962.0,2776.0,68.0,FAKULTAS ILMU SOSIAL DAN PEMERINTAHAN,S1,B,SWASTA,SULAWESI BARAT,BAIK SEKALI,2
2109962.0,2776.0,68.0,FAKULTAS ILMU PERTANIAN,S1,B,SWASTA,SULAWESI BARAT,BAIK SEKALI,2
2109962.0,2776.0,68.0,FAKULTAS ILMU KOMPUTER,S1,BAIK,SWASTA,SULAWESI BARAT,BAIK SEKALI,2
10000000.0,3133.0,124.0,FAKUTAS EKONOMI DAN BISNIS,S1,B,SWASTA,DKI JAKARTA,B,3
10000000.0,3133.0,124.0,FAKULTAS SAINS DAN TEKNOLOGI,S1,A,SWASTA,DKI JAKARTA,B,3
10000000.0,3133.0,124.0,FAKULTAS SAINS DAN TEKNOLOGI,S1,B,SWASTA,DKI JAKARTA,B,3
10000000.0,3133.0,124.0,FAKULTAS PSIKOLOGI DAN PENDIDIKAN,S1,C,SWASTA,DKI JAKARTA,B,3
10000000.0,3133.0,124.0,FAKULTAS ILMU SOSIAL DAN POLITIK,S1,B,SWASTA,DKI JAKARTA,B,3
10000000.0,3133.0,124.0,FAKULTAS HUKUM,S1,B,SWASTA,DKI JAKARTA,B,3
10000000.0,3133.0,124.0,FAKULTAS ILMU SOSIAL DAN POLITIK,S1,A,SWASTA,DKI JAKARTA,B,3
10000000.0,3133.0,124.0,FAKULTAS SAINS DAN TEKNOLOGI,S1,B,SWASTA,DKI JAKARTA,B,3
10000000.0,3133.0,124.0,FAKULTAS SAINS DAN TEKNOLOGI,S1,B,SWASTA,DKI JAKARTA,B,3
5150000.0,889.0,304.0,FAKULTAS EKONOMI DAN SOSIAL,S1,BAIK SEKALI,SWASTA,D.I. YOGYAKARTA,BAIK SEKALI,2
5150000.0,889.0,304.0,FAKULTAS SAINS DAN TEKNOLOGI,S1,BAIK SEKALI,SWASTA,D.I. YOGYAKARTA,BAIK SEKALI,2
5150000.0,889.0,304.0,FAKULTAS EKONOMI DAN SOSIAL,S1,BAIK SEKALI,SWASTA,D.I. YOGYAKARTA,BAIK SEKALI,2
5150000.0,889.0,304.0,FAKULTAS SAINS DAN TEKNOLOGI,S1,BAIK SEKALI,SWASTA,D.I. YOGYAKARTA,BAIK SEKALI,2
5150000.0,889.0,304.0,FAKULTAS EKONOMI DAN SOSIAL,S1,BAIK,SWASTA,D.I. YOGYAKARTA,BAIK SEKALI,2
5150000.0,889.0,304.0,FAKULTAS EKONOMI DAN SOSIAL,S1,B,SWASTA,D.I. YOGYAKARTA,BAIK SEKALI,2
5150000.0,889.0,304.0,FAKULTAS ILMU KOMPUTER,S1,BAIK SEKALI,SWASTA,D.I. YOGYAKARTA,BAIK SEKALI,2
5150000.0,889.0,304.0,FAKULTAS ILMU KOMPUTER,S1,BAIK,SWASTA,D.I. YOGYAKARTA,BAIK SEKALI,2
5150000.0,889.0,304.0,FAKULTAS EKONOMI DAN SOSIAL,S1,BAIK,SWASTA,D.I. YOGYAKARTA,BAIK SEKALI,2
5150000.0,889.0,304.0,FAKULTAS SAINS DAN TEKNOLOGI,S1,BAIK,SWASTA,D.I. YOGYAKARTA,BAIK SEKALI,2
5150000.0,889.0,304.0,FAKULTAS ILMU KOMPUTER,S1,UNGGUL,SWASTA,D.I. YOGYAKARTA,BAIK SEKALI,2
9000000.0,9381.0,9381.0,FAKULTAS BISNIS DAN EKONOMIKA,S1,A,SWASTA,D.I. YOGYAKARTA,A,4
9000000.0,9381.0,9381.0,FAKULTAS TEKNIK,S1,A,SWASTA,D.I. YOGYAKARTA,A,4
9000000.0,9381.0,9381.0,FAKULTAS TEKNOBIOLOGI,S1,A,SWASTA,D.I. YOGYAKARTA,A,4
9000000.0,9381.0,9381.0,FAKULTAS BISNIS DAN EKONOMIKA,S1,A,SWASTA,D.I. YOGYAKARTA,A,4
9000000.0,9381.0,9381.0,FAKULTAS HUKUM,S1,A,SWASTA,D.I. YOGYAKARTA,A,4
9000000.0,9381.0,9381.0,FAKULTAS ILMU SOSIAL DAN POLITIK,S1,A,SWASTA,D.I. YOGYAKARTA,A,4
9000000.0,9381.0,9381.0,FAKULTAS TEKNOLOGI INDUSTRI,S1,A,SWASTA,D.I. YOGYAKARTA,A,4
9000000.0,9381.0,9381.0,FAKULTAS TEKNOLOGI INDUSTRI,S1,A,SWASTA,D.I. YOGYAKARTA,A,4
9000000.0,9381.0,9381.0,FAKULTAS BISNIS DAN EKONOMIKA,S1,A,SWASTA,D.I. YOGYAKARTA,A,4
9000000.0,9381.0,9381.0,PROGRAM INTERNASIONAL,S1,B,SWASTA,D.I. YOGYAKARTA,A,4
9000000.0,9381.0,9381.0,FAKULTAS TEKNOLOGI INDUSTRI,S1,UNGGUL,SWASTA,D.I. YOGYAKARTA,A,4
9000000.0,9381.0,9381.0,FAKULTAS ILMU SOSIAL DAN POLITIK,S1,A,SWASTA,D.I. YOGYAKARTA,A,4
16375000.0,3300.0,400.0,FAKULTAS EKONOMI DAN ILMU SOSIAL,S1,A,SWASTA,D.K.I. JAKARTA,B,3
16375000.0,3300.0,400.0,FAKULTAS EKONOMI DAN ILMU SOSIAL,S1,A,SWASTA,D.K.I. JAKARTA,B,3
16375000.0,3300.0,400.0,FAKULTAS TEKNIK DAN ILMU KOMPUTER,S1,B,SWASTA,D.K.I. JAKARTA,B,3
16375000.0,3300.0,400.0,FAKULTAS TEKNIK DAN ILMU KOMPUTER,S1,B,SWASTA,D.K.I. JAKARTA,B,3
16375000.0,3300.0,400.0,FAKULTAS TEKNIK DAN ILMU KOMPUTER,S1,B,SWASTA,D.K.I. JAKARTA,B,3
16375000.0,3300.0,400.0,FAKULTAS EKONOMI DAN ILMU SOSIAL,S1,B,SWASTA,D.K.I. JAKARTA,B,3
16375000.0,3300.0,400.0,FAKULTAS EKONOMI DAN ILMU SOSIAL,S1,A,SWASTA,D.K.I. JAKARTA,B,3
16375000.0,3300.0,400.0,FAKULTAS TEKNIK DAN ILMU KOMPUTER,S1,UNGGUL,SWASTA,D.K.I. JAKARTA,B,3
16375000.0,3300.0,400.0,FAKULTAS TEKNIK DAN ILMU KOMPUTER,S1,B,SWASTA,D.K.I. JAKARTA,B,3
16375000.0,3300.0,400.0,FAKULTAS TEKNIK DAN ILMU KOMPUTER,S1,B,SWASTA,D.K.I. JAKARTA,B,3
3000000.0,2202.0,105.0,FAKULTAS PERTANIAN,S1,BAIK SEKALI,SWASTA,JAWA BARAT,BAIK SEKALI,2
3000000.0,2202.0,105.0,FAKULTAS EKONOMI,S1,BAIK,SWASTA,JAWA BARAT,BAIK SEKALI,2
3000000.0,2202.0,105.0,FAKULTAS KEGURUAN DAN ILMU PENDIDIKAN,S1,B,SWASTA,JAWA BARAT,BAIK SEKALI,2
3000000.0,2202.0,105.0,FAKULTAS TEKNOLOGI INFORMASI,S1,BAIK,SWASTA,JAWA BARAT,BAIK SEKALI,2
3000000.0,2202.0,105.0,FAKULTAS ILMU KESEHATAN,S1,BAIK SEKALI,SWASTA,JAWA BARAT,BAIK SEKALI,2
3000000.0,2202.0,105.0,FAKULTAS MATEMATIKA DAN ILMU PENGETAHUAN ALAM,S1,BAIK,SWASTA,JAWA BARAT,BAIK SEKALI,2
3000000.0,2202.0,105.0,FAKULTAS ILMU SOSIAL DAN ILMU POLITIK,S1,BAIK,SWASTA,JAWA BARAT,BAIK SEKALI,2
3000000.0,2202.0,105.0,FAKULTAS KEGURUAN DAN ILMU PENDIDIKAN,S1,BAIK SEKALI,SWASTA,JAWA BARAT,BAIK SEKALI,2
3000000.0,2202.0,105.0,FAKULTAS TEKNOLOGI INFORMASI,S1,BAIK,SWASTA,JAWA BARAT,BAIK SEKALI,2
2900000.0,5979.0,183.0,FAKULTAS TEKNIK,S1,BAIK SEKALI,SWASTA,LAMPUNG,B,2
2900000.0,5979.0,183.0,FAKULTAS HUKUM,S1,A,SWASTA,LAMPUNG,B,3
2900000.0,5979.0,183.0,FAKULTAS ILMU SOSIAL DAN ILMU POLITIK,S1,B,SWASTA,LAMPUNG,B,3
2900000.0,5979.0,183.0,FAKULTAS ILMU KOMPUTER,S1,B,SWASTA,LAMPUNG,B,3
2900000.0,5979.0,183.0,FAKULTAS EKONOMI DAN BISNIS,S1,UNGGUL,SWASTA,LAMPUNG,B,3
2900000.0,5979.0,183.0,FAKULTAS TEKNIK,S1,UNGGUL,SWASTA,LAMPUNG,B,3
2900000.0,5979.0,183.0,FAKULTAS TEKNIK,S1,UNGGUL,SWASTA,LAMPUNG,B,3
2900000.0,5979.0,183.0,FAKULTAS ILMU KOMPUTER,S1,BAIK SEKALI,SWASTA,LAMPUNG,B,2
3950250.0,7254.0,7254.0,FAKULTAS PERTANIAN,S1,B,SWASTA,JAMBI,BAIK SEKALI,3
3950250.0,7254.0,7254.0,FAKULTAS PERTANIAN,S1,B,SWASTA,JAMBI,BAIK SEKALI,3
3950250.0,7254.0,7254.0,FAKULTAS EKONOMI,S1,B,SWASTA,JAMBI,BAIK SEKALI,3
3950250.0,7254.0,7254.0,FAKULTAS HUKUM,S1,B,SWASTA,JAMBI,BAIK SEKALI,3
3950250.0,7254.0,7254.0,FAKULTAS TEKNIK,S1,B,SWASTA,JAMBI,BAIK SEKALI,3
3950250.0,7254.0,7254.0,FAKULTAS EKONOMI,S1,B,SWASTA,JAMBI,BAIK SEKALI,3
3950250.0,7254.0,7254.0,FAKULTAS KEGURUAN DAN ILMU PENDIDIKAN,S1,BAIK SEKALI,SWASTA,JAMBI,BAIK SEKALI,2
3950250.0,7254.0,7254.0,FAKULTAS KEGURUAN DAN ILMU PENDIDIKAN,S1,B,SWASTA,JAMBI,BAIK SEKALI,3
3950250.0,7254.0,7254.0,FAKULTAS TEKNIK,S1,BAIK,SWASTA,JAMBI,BAIK SEKALI,2
11037500.0,7780.0,242.0,FAKULTAS EKONOMI DAN BISNIS,S1,B,SWASTA,D.K.I. JAKARTA,B,3
11037500.0,7780.0,242.0,FAKULTAS HUKUM,S1,B,SWASTA,D.K.I. JAKARTA,B,3
11037500.0,7780.0,242.0,FAKULTAS ILMU KOMUNIKASI,S1,B,SWASTA,D.K.I. JAKARTA,B,3
11037500.0,7780.0,242.0,FAKULTAS TEKNIK,S1,B,SWASTA,D.K.I. JAKARTA,B,3
11037500.0,7780.0,242.0,FAKULTAS TEKNIK,S1,B,SWASTA,D.K.I. JAKARTA,B,3
11037500.0,7780.0,242.0,FAKULTAS TEKNIK,S1,B,SWASTA,D.K.I. JAKARTA,B,3
11037500.0,7780.0,242.0,FAKULTAS TEKNIK,S1,B,SWASTA,D.K.I. JAKARTA,B,3
11037500.0,7780.0,242.0,FAKULTAS EKONOMI DAN BISNIS,S1,B,SWASTA,D.K.I. JAKARTA,B,3
11037500.0,7780.0,242.0,FAKULTAS TEKNIK,S1,C,SWASTA,D.K.I. JAKARTA,B,3
11037500.0,7780.0,242.0,FAKULTAS PSIKOLOGI,S1,B,SWASTA,D.K.I. JAKARTA,B,3
17751000.0,5775.0,173.0,FAKULTAS EKONOMI,S1,B,SWASTA,JAWA TIMUR,B,3
17751000.0,5775.0,173.0,FAKULTAS TEKNIK,S1,B,SWASTA,JAWA TIMUR,B,3
17751000.0,5775.0,173.0,FAKULTAS HUKUM,S1,B,SWASTA,JAWA TIMUR,B,3
17751000.0,5775.0,173.0,FAKULTAS ILMU SOSIAL DAN POLITIK,S1,A,SWASTA,JAWA TIMUR,B,2
17751000.0,5775.0,173.0,FAKULTAS TEKNIK,S1,B,SWASTA,JAWA TIMUR,B,3
17751000.0,5775.0,173.0,FAKULTAS EKONOMI,S1,B,SWASTA,JAWA TIMUR,B,3
17751000.0,5775.0,173.0,FAKULTAS TEKNIK,S1,B,SWASTA,JAWA TIMUR,B,3
5750000.0,7229.0,232.0,FAKULTAS EKONOMI,S1,B,SWASTA,SUMATERA SELATAN,B,3
5750000.0,7229.0,232.0,FAKULTAS EKONOMI,S1,B,SWASTA,SUMATERA SELATAN,B,3
5750000.0,7229.0,232.0,FAKULTAS ILMU KOMUNIKASI,S1,A,SWASTA,SUMATERA SELATAN,B,3
5750000.0,7229.0,232.0,FAKULTAS TEKNIK,S1,C,SWASTA,SUMATERA SELATAN,B,3
5750000.0,7229.0,232.0,FAKULTAS ILMU KOMPUTER,S1,B,SWASTA,SUMATERA SELATAN,B,3
5750000.0,7229.0,232.0,FAKULTAS ILMU KOMPUTER,S1,B,SWASTA,SUMATERA SELATAN,B,3
5750000.0,7229.0,232.0,FAKULTAS EKONOMI,S1,B,SWASTA,SUMATERA SELATAN,B,3
5750000.0,7229.0,232.0,FAKULTAS ILMU KEGURUAN DAN ILMU PENDIDIKAN,S1,B,SWASTA,SUMATERA SELATAN,B,3
5750000.0,7229.0,232.0,FAKULTAS PSIKOLOGI,S1,B,SWASTA,SUMATERA SELATAN,B,3
5750000.0,7229.0,232.0,FAKULTAS BAHASA DAN SASTRA,S1,B,SWASTA,SUMATERA SELATAN,B,3
5750000.0,7229.0,232.0,FAKULTAS TEKNIK,S1,B,SWASTA,SUMATERA SELATAN,B,3
5750000.0,7229.0,232.0,FAKULTAS ILMU KOMPUTER,S1,A,SWASTA,SUMATERA SELATAN,B,3
47629750.0,45000.0,1600.0,SCHOOL OF ACCOUNTING,S1,B,SWASTA,D.K.I. JAKARTA,UNGGUL,4
47629750.0,45000.0,1600.0,FACULTY OF ENGINEERING,S1,A,SWASTA,D.K.I. JAKARTA,UNGGUL,4
47629750.0,45000.0,1600.0,FACULTY OF ENGINEERING,S1,BAIK,SWASTA,D.K.I. JAKARTA,UNGGUL,4
47629750.0,45000.0,1600.0,DOUBLE DEGREE PROGRAMS,S1,BAIK,SWASTA,D.K.I. JAKARTA,UNGGUL,4
47629750.0,45000.0,1600.0,SCHOOL OF DESIGN,S1,BAIK,SWASTA,D.K.I. JAKARTA,UNGGUL,4
47629750.0,45000.0,1600.0,SCHOOL OF DESIGN,S1,BAIK,SWASTA,D.K.I. JAKARTA,UNGGUL,4
47629750.0,45000.0,1600.0,SCHOOL OF DESIGN,S1,B,SWASTA,D.K.I. JAKARTA,UNGGUL,4
47629750.0,45000.0,1600.0,FACULTY OF HUMANITIES,S1,UNGGUL,SWASTA,D.K.I. JAKARTA,UNGGUL,4
47629750.0,45000.0,1600.0,FACULTY OF HUMANITIES,S1,UNGGUL,SWASTA,D.K.I. JAKARTA,UNGGUL,4
47629750.0,45000.0,1600.0,FACULTY OF DIGITAL COMMUNICATION AND HOTEL & TOURISM,S1,B,SWASTA,D.K.I. JAKARTA,UNGGUL,4
47629750.0,45000.0,1600.0,FACULTY OF HUMANITIES,S1,UNGGUL,SWASTA,D.K.I. JAKARTA,UNGGUL,4
47629750.0,45000.0,1600.0,FACULTY OF DIGITAL COMMUNICATION AND HOTEL & TOURISM,S1,A,SWASTA,D.K.I. JAKARTA,UNGGUL,4
47629750.0,45000.0,1600.0,FACULTY OF ENGINEERING,S1,B,SWASTA,D.K.I. JAKARTA,UNGGUL,4
47629750.0,45000.0,1600.0,SCHOOL OF COMPUTER SCIENCE,S1,BAIK SEKALI,SWASTA,D.K.I. JAKARTA,UNGGUL,4
47629750.0,45000.0,1600.0,BUSINESS SCHOOL,S1,UNGGUL,SWASTA,D.K.I. JAKARTA,UNGGUL,4
47629750.0,45000.0,1600.0,DOUBLE DEGREE PROGRAMS,S1,UNGGUL,SWASTA,D.K.I. JAKARTA,UNGGUL,4
47629750.0,45000.0,1600.0,FACULTY OF DIGITAL COMMUNICATION AND HOTEL & TOURISM,S1,B,SWASTA,D.K.I. JAKARTA,UNGGUL,4
47629750.0,45000.0,1600.0,FACULTY OF HUMANITIES,S1,UNGGUL,SWASTA,D.K.I. JAKARTA,UNGGUL,4
47629750.0,45000.0,1600.0,FACULTY OF HUMANITIES,S1,A,SWASTA,D.K.I. JAKARTA,UNGGUL,4
47629750.0,45000.0,1600.0,FACULTY OF HUMANITIES,S1,UNGGUL,SWASTA,D.K.I. JAKARTA,UNGGUL,4
47629750.0,45000.0,1600.0,FACULTY OF ENGINEERING,S1,UNGGUL,SWASTA,D.K.I. JAKARTA,UNGGUL,4
47629750.0,45000.0,1600.0,MASTER TRACK PROGRAMS,S1,UNGGUL,SWASTA,D.K.I. JAKARTA,UNGGUL,4
47629750.0,45000.0,1600.0,DOUBLE DEGREE PROGRAMS,S1,B,SWASTA,D.K.I. JAKARTA,UNGGUL,4
47629750.0,45000.0,1600.0,FACULTY OF ENGINEERING,S1,UNGGUL,SWASTA,D.K.I. JAKARTA,UNGGUL,4
11550000.0,1668.0,119.0,FAKULTAS SAINS DAN TEKNOLOGI,S1,TIDAK TERAKREDITASI,SWASTA,D.K.I. JAKARTA,C,3
11550000.0,1668.0,119.0,FAKULTAS SAINS DAN TEKNOLOGI,S1,BAIK SEKALI,SWASTA,D.K.I. JAKARTA,C,2
11550000.0,1668.0,119.0,FAKULTAS FISIOTERAPI,S1,B,SWASTA,D.K.I. JAKARTA,C,3
11550000.0,1668.0,119.0,FAKULTAS KESEHATAN MASYARAKAT,S1,B,SWASTA,D.K.I. JAKARTA,C,3
11550000.0,1668.0,119.0,FAKULTAS KEPERAWATAN DAN KEBIDANAN,S1,BAIK,SWASTA,D.K.I. JAKARTA,C,3
11550000.0,1668.0,119.0,FAKULTAS KEPERAWATAN DAN KEBIDANAN,S1,B,SWASTA,D.K.I. JAKARTA,C,3
11550000.0,1668.0,119.0,FAKULTAS SOSIAL DAN HUMANIORA,S1,BAIK,SWASTA,D.K.I. JAKARTA,C,3
11550000.0,1668.0,119.0,FAKULTAS KESEHATAN MASYARAKAT,S1,BAIK,SWASTA,D.K.I. JAKARTA,C,3
11550000.0,1668.0,119.0,FAKULTAS EKONOMI BISNIS,S1,C,SWASTA,D.K.I. JAKARTA,C,3
11550000.0,1668.0,119.0,FAKULTAS SOSIAL DAN HUMANIORA,S1,BAIK,SWASTA,D.K.I. JAKARTA,C,3
5195000.0,3443.0,172.0,FAKULTAS BISNIS,S1,B,SWASTA,BANTEN,BAIK,3
5195000.0,3443.0,172.0,FAKULTAS SOSIAL DAN HUMANIORA,S1,BAIK,SWASTA,BANTEN,BAIK,2
5195000.0,3443.0,172.0,FAKULTAS SAINS DAN TEKNOLOGI,S1,BAIK,SWASTA,BANTEN,BAIK,2
5195000.0,3443.0,172.0,FAKULTAS SAINS DAN TEKNOLOGI,S1,BAIK SEKALI,SWASTA,BANTEN,BAIK,2
5195000.0,3443.0,172.0,FAKULTAS BISNIS,S1,BAIK SEKALI,SWASTA,BANTEN,BAIK,2
5195000.0,3443.0,172.0,FAKULTAS SOSIAL DAN HUMANIORA,S1,B,SWASTA,BANTEN,BAIK,3
5195000.0,3443.0,172.0,FAKULTAS SAINS DAN TEKNOLOGI,S1,BAIK,SWASTA,BANTEN,BAIK,2
11500000.0,10772.0,445.0,FAKULTAS EKONOMI DAN BISNIS,S1,B,SWASTA,D.K.I. JAKARTA,B,3
11500000.0,10772.0,445.0,FAKULTAS TEKNIK,S1,B,SWASTA,D.K.I. JAKARTA,B,3
11500000.0,10772.0,445.0,FAKULTAS KOMUNIKASI DAN DESAIN KREATIF,S1,BAIK,SWASTA,D.K.I. JAKARTA,B,3
11500000.0,10772.0,445.0,FAKULTAS TEKNIK,S1,B,SWASTA,D.K.I. JAKARTA,B,3
11500000.0,10772.0,445.0,FAKULTAS ILMU SOSIAL DAN ILMU POLITIK,S1,B,SWASTA,D.K.I. JAKARTA,B,3
11500000.0,10772.0,445.0,FAKULTAS KOMUNIKASI DAN DESAIN KREATIF,S1,B,SWASTA,D.K.I. JAKARTA,B,3
11500000.0,10772.0,445.0,FAKULTAS TEKNOLOGI INFORMASI,S1,B,SWASTA,D.K.I. JAKARTA,B,3
11500000.0,10772.0,445.0,FAKULTAS ILMU SOSIAL DAN ILMU POLITIK,S1,B,SWASTA,D.K.I. JAKARTA,B,3
11500000.0,10772.0,445.0,FAKULTAS EKONOMI DAN BISNIS,S1,B,SWASTA,D.K.I. JAKARTA,B,3
11500000.0,10772.0,445.0,FAKULTAS TEKNOLOGI INFORMASI,S1,B,SWASTA,D.K.I. JAKARTA,B,3
11500000.0,10772.0,445.0,FAKULTAS TEKNOLOGI INFORMASI,S1,B,SWASTA,D.K.I. JAKARTA,B,3
11500000.0,10772.0,445.0,FAKULTAS TEKNOLOGI INFORMASI,S1,B,SWASTA,D.K.I. JAKARTA,B,3
10250000.0,8441.0,316.0,FAKULTAS ILMU SOSIAL DAN HUMANIORA,S1,UNGGUL,SWASTA,DKI JAKARTA,B,3
10250000.0,8441.0,316.0,FAKULTAS TEKNOLOGI DAN DESAIN,S1,BAIK SEKALI,SWASTA,DKI JAKARTA,B,3
10250000.0,8441.0,316.0,FAKULTAS TEKNOLOGI DAN DESAIN,S1,BAIK,SWASTA,DKI JAKARTA,B,3
10250000.0,8441.0,316.0,FAKULTAS ILMU SOSIAL DAN HUMANIORA,S1,B,SWASTA,DKI JAKARTA,B,3
10250000.0,8441.0,316.0,FAKULTAS TEKNOLOGI DAN DESAIN,S1,A,SWASTA,DKI JAKARTA,B,3
10250000.0,8441.0,316.0,FAKULTAS TEKNOLOGI DAN DESAIN,S1,B,SWASTA,DKI JAKARTA,B,3
10250000.0,8441.0,316.0,BUNDA MULIA LONG DISTANCE LEARNING,S1,B,SWASTA,DKI JAKARTA,B,3
10250000.0,8441.0,316.0,FAKULTAS ILMU SOSIAL DAN HUMANIORA,S1,B,SWASTA,DKI JAKARTA,B,3
10250000.0,8441.0,316.0,FAKULTAS ILMU SOSIAL DAN HUMANIORA,S1,A,SWASTA,DKI JAKARTA,B,3
10250000.0,8441.0,316.0,FAKULTAS TEKNOLOGI DAN DESAIN,S1,B,SWASTA,DKI JAKARTA,B,3
8902000.0,8625.0,8625.0,FAKULTAS EKONOMI,S1,B,SWASTA,SUMATERA BARAT,B,3
8902000.0,8625.0,8625.0,FAKULTAS TEKNIK SIPIL DAN PERENCANAAN,S1,B,SWASTA,SUMATERA BARAT,B,3
8902000.0,8625.0,8625.0,FAKULTAS KEGURUAN DAN ILMU KEPENDIDIKAN,S1,B,SWASTA,SUMATERA BARAT,B,3
8902000.0,8625.0,8625.0,FAKULTAS PERIKANAN DAN ILMU KELAUTAN,S1,A,SWASTA,SUMATERA BARAT,B,3
8902000.0,8625.0,8625.0,FAKULTAS EKONOMI,S1,B,SWASTA,SUMATERA BARAT,B,3
8902000.0,8625.0,8625.0,FAKULTAS TEKNOLOGI INDUSTRI,S1,B,SWASTA,SUMATERA BARAT,B,3
8902000.0,8625.0,8625.0,FAKULTAS KEGURUAN DAN ILMU KEPENDIDIKAN,S1,B,SWASTA,SUMATERA BARAT,B,3
8902000.0,8625.0,8625.0,FAKULTAS HUKUM,S1,B,SWASTA,SUMATERA BARAT,B,3
8902000.0,8625.0,8625.0,FAKULTAS TEKNOLOGI INDUSTRI,S1,B,SWASTA,SUMATERA BARAT,B,3
8902000.0,8625.0,8625.0,FAKULTAS KEGURUAN DAN ILMU KEPENDIDIKAN,S1,B,SWASTA,SUMATERA BARAT,B,3
8902000.0,8625.0,8625.0,FAKULTAS TEKNOLOGI INDUSTRI,S1,B,SWASTA,SUMATERA BARAT,B,3
8902000.0,8625.0,8625.0,FAKULTAS EKONOMI,S1,B,SWASTA,SUMATERA BARAT,B,3
8902000.0,8625.0,8625.0,FAKULTAS KEGURUAN DAN ILMU KEPENDIDIKAN,S1,B,SWASTA,SUMATERA BARAT,B,3
8902000.0,8625.0,8625.0,FAKULTAS TEKNOLOGI INDUSTRI,S1,B,SWASTA,SUMATERA BARAT,B,3
8902000.0,8625.0,8625.0,FAKULTAS TEKNIK SIPIL DAN PERENCANAAN,S1,B,SWASTA,SUMATERA BARAT,B,3
8902000.0,8625.0,8625.0,FAKULTAS PERIKANAN DAN ILMU KELAUTAN,S1,A,SWASTA,SUMATERA BARAT,B,3
8902000.0,8625.0,8625.0,FAKULTAS ILMU BUDAYA,S1,B,SWASTA,SUMATERA BARAT,B,3
8902000.0,8625.0,8625.0,FAKULTAS ILMU BUDAYA,S1,B,SWASTA,SUMATERA BARAT,B,3
8902000.0,8625.0,8625.0,FAKULTAS TEKNIK SIPIL DAN PERENCANAAN,S1,A,SWASTA,SUMATERA BARAT,B,3
5000000.0,4449.0,125.0,FAKULTAS EKONOMI DAN BISNIS,S1,B,SWASTA,D.K.I. JAKARTA,B,3
5000000.0,4449.0,125.0,FAKULTAS TEKNIK,S1,B,SWASTA,D.K.I. JAKARTA,B,3
5000000.0,4449.0,125.0,FAKULTAS TEKNIK,S1,C,SWASTA,D.K.I. JAKARTA,B,3
5000000.0,4449.0,125.0,FAKULTAS HUKUM,S1,B,SWASTA,D.K.I. JAKARTA,B,3
5000000.0,4449.0,125.0,FAKULTAS ILMU SOSIAL DAN ILMU POLITIK,S1,C,SWASTA,D.K.I. JAKARTA,B,3
5000000.0,4449.0,125.0,FAKULTAS EKONOMI DAN BISNIS,S1,B,SWASTA,D.K.I. JAKARTA,B,3
5000000.0,4449.0,125.0,FAKULTAS TEKNIK,S1,B,SWASTA,D.K.I. JAKARTA,B,3
5000000.0,4449.0,125.0,FAKULTAS ILMU SOSIAL DAN ILMU POLITIK,S1,B,SWASTA,D.K.I. JAKARTA,B,3
5000000.0,4449.0,125.0,FAKULTAS TEKNIK,S1,B,SWASTA,D.K.I. JAKARTA,B,3
5000000.0,4449.0,125.0,FAKULTAS ILMU KOMPUTER,S1,B,SWASTA,D.K.I. JAKARTA,B,3
5000000.0,4449.0,125.0,FAKULTAS ILMU KOMPUTER,S1,B,SWASTA,D.K.I. JAKARTA,B,3
12000000.0,1500.0,100.0,FAKULTAS EKONOMI DAN BISNIS ISLAM,S1,BAIK,SWASTA,BANTEN,BAIK,2
12000000.0,1500.0,100.0,FAKULTAS EKONOMI DAN BISNIS ISLAM,S1,BAIK,SWASTA,BANTEN,BAIK,2
12000000.0,1500.0,100.0,FAKULTAS TEKNIK,S1,BAIK SEKALI,SWASTA,BANTEN,BAIK,2
12000000.0,1500.0,100.0,FAKULTAS TEKNIK,S1,BAIK SEKALI,SWASTA,BANTEN,BAIK,2
12000000.0,1500.0,100.0,FAKULTAS ILMU KEPERAWATAN,S1,BAIK,SWASTA,BANTEN,BAIK,2
3750000.0,1015.0,49.0,FAKULTAS EKONOMI,S1,BAIK,SWASTA,D.I. YOGYAKARTA,BAIK SEKALI,2
3750000.0,1015.0,49.0,FAKULTAS AGAMA ISLAM,S1,B,SWASTA,D.I. YOGYAKARTA,BAIK SEKALI,2
3750000.0,1015.0,49.0,FAKULTAS EKONOMI,S1,BAIK,SWASTA,D.I. YOGYAKARTA,BAIK SEKALI,2
3750000.0,1015.0,49.0,FAKULTAS KEGURUAN DAN ILMU PENDIDIKAN,S1,BAIK,SWASTA,D.I. YOGYAKARTA,BAIK SEKALI,2
3750000.0,1015.0,49.0,FAKULTAS TEKNIK,S1,BAIK SEKALI,SWASTA,D.I. YOGYAKARTA,BAIK SEKALI,2
6100000.0,6500.0,250.0,FAKULTAS EKONOMI,S1,B,SWASTA,D.K.I. JAKARTA,B,3
6100000.0,6500.0,250.0,FAKULTAS TEKNIK,S1,C,SWASTA,D.K.I. JAKARTA,B,3
6100000.0,6500.0,250.0,FAKULTAS TEKNIK,S1,C,SWASTA,D.K.I. JAKARTA,B,3
6100000.0,6500.0,250.0,FAKULTAS EKONOMI,S1,B,SWASTA,D.K.I. JAKARTA,B,3
6100000.0,6500.0,250.0,FAKULTAS TEKNIK,S1,B,SWASTA,D.K.I. JAKARTA,B,3
6100000.0,6500.0,250.0,FAKULTAS TEKNOLOGI KELAUTAN,S1,B,SWASTA,D.K.I. JAKARTA,B,3
6100000.0,6500.0,250.0,FAKULTAS TEKNIK,S1,B,SWASTA,D.K.I. JAKARTA,B,3
6100000.0,6500.0,250.0,FAKULTAS TEKNIK,S1,BAIK SEKALI,SWASTA,D.K.I. JAKARTA,B,3
6275000.0,1290.0,60.0,FAKULTAS KEGURUAN DAN ILMU PENDIDIKAN,S1,B,SWASTA,JAWA TENGAH,BAIK SEKALI,2
6275000.0,1290.0,60.0,FAKULTAS HUKUM,S1,BAIK,SWASTA,JAWA TENGAH,BAIK SEKALI,2
6275000.0,1290.0,60.0,FAKULTAS EKONOMI DAN BISNIS,S1,B,SWASTA,JAWA TENGAH,BAIK SEKALI,2
6275000.0,1290.0,60.0,FAKULTAS PETERNAKAN,S1,BAIK SEKALI,SWASTA,JAWA TENGAH,BAIK SEKALI,2
6275000.0,1290.0,60.0,FAKULTAS TEKNIK,S1,BAIK SEKALI,SWASTA,JAWA TENGAH,BAIK SEKALI,2
2000000.0,15672.0,381.0,FAKULTAS EKONOMI DAN BISNIS,S1,A,SWASTA,JAWA TENGAH,A,4
2000000.0,15672.0,381.0,FAKULTAS TEKNIK,S1,BAIK SEKALI,SWASTA,JAWA TENGAH,A,2
2000000.0,15672.0,381.0,FAKULTAS ILMU KOMPUTER,S1,A,SWASTA,JAWA TENGAH,A,4
2000000.0,15672.0,381.0,FAKULTAS TEKNIK,S1,B,SWASTA,JAWA TENGAH,A,3
2000000.0,15672.0,381.0,FAKULTAS TEKNIK,S1,B,SWASTA,JAWA TENGAH,A,3
2000000.0,15672.0,381.0,FAKULTAS ILMU KOMPUTER,S1,A,SWASTA,JAWA TENGAH,A,4
2000000.0,15672.0,381.0,FAKULTAS KESEHATAN,S1,UNGGUL,SWASTA,JAWA TENGAH,A,4
2000000.0,15672.0,381.0,FAKULTAS KESEHATAN,S1,B,SWASTA,JAWA TENGAH,A,3
2000000.0,15672.0,381.0,FAKULTAS EKONOMI DAN BISNIS,S1,A,SWASTA,JAWA TENGAH,A,4
2000000.0,15672.0,381.0,FAKULTAS KESEHATAN,S1,A,SWASTA,JAWA TENGAH,A,4
2000000.0,15672.0,381.0,FAKULTAS ILMU BUDAYA,S1,A,SWASTA,JAWA TENGAH,A,4
2000000.0,15672.0,381.0,FAKULTAS ILMU KOMPUTER,S1,A,SWASTA,JAWA TENGAH,A,4
11000000.0,1500.0,84.0,FAKULTAS EKONOMI DAN BISNIS,S1,BAIK,SWASTA,JAWA TIMUR,BAIK SEKALI,2
11000000.0,1500.0,84.0,FAKULTAS DESAIN DAN INDUSTRI KREATIF,S1,UNGGUL,SWASTA,JAWA TIMUR,BAIK SEKALI,2
11000000.0,1500.0,84.0,FAKULTAS DESAIN DAN INDUSTRI KREATIF,S1,BAIK SEKALI,SWASTA,JAWA TIMUR,BAIK SEKALI,2
11000000.0,1500.0,84.0,FAKULTAS TEKNOLOGI DAN INFORMATIKA,S1,B,SWASTA,JAWA TIMUR,BAIK SEKALI,2
11000000.0,1500.0,84.0,FAKULTAS TEKNOLOGI DAN INFORMATIKA,S1,UNGGUL,SWASTA,JAWA TIMUR,BAIK SEKALI,2
9612500.0,3491.0,354.0,FAKULTAS EKONOMI,S1,BAIK SEKALI,SWASTA,D.K.I. JAKARTA,B,3
9612500.0,3491.0,354.0,FAKULTAS TEKNOLOGI INDUSTRI,S1,BAIK SEKALI,SWASTA,D.K.I. JAKARTA,B,3
9612500.0,3491.0,354.0,FAKULTAS HUKUM,S1,BAIK SEKALI,SWASTA,D.K.I. JAKARTA,B,3
9612500.0,3491.0,354.0,FAKULTAS TEKNOLOGI INDUSTRI,S1,BAIK SEKALI,SWASTA,D.K.I. JAKARTA,B,3
9612500.0,3491.0,354.0,FAKULTAS EKONOMI,S1,BAIK SEKALI,SWASTA,D.K.I. JAKARTA,B,3
9612500.0,3491.0,354.0,FAKULTAS TEKNOLOGI KEDIRGANTARAAN,S1,B,SWASTA,D.K.I. JAKARTA,B,3
9612500.0,3491.0,354.0,FAKULTAS TEKNOLOGI INDUSTRI,S1,BAIK SEKALI,SWASTA,D.K.I. JAKARTA,B,3
5400000.0,6507.0,241.0,"FAKULTAS ILMU SOSIAL, ILMU POLITIK DAN ILMU KOMPUTER",S1,UNGGUL,SWASTA,JAWA BARAT,B,3
5400000.0,6507.0,241.0,FAKULTAS PERTANIAN,S1,B,SWASTA,JAWA BARAT,B,3
5400000.0,6507.0,241.0,FAKULTAS PERTANIAN,S1,B,SWASTA,JAWA BARAT,B,3
5400000.0,6507.0,241.0,FAKULTAS EKONOMI,S1,B,SWASTA,JAWA BARAT,B,3
5400000.0,6507.0,241.0,FAKULTAS AGAMA ISLAM DAN PENDIDIKAN GURU,S1,B,SWASTA,JAWA BARAT,B,3
5400000.0,6507.0,241.0,FAKULTAS HUKUM,S1,B,SWASTA,JAWA BARAT,B,3
5400000.0,6507.0,241.0,"FAKULTAS ILMU SOSIAL, ILMU POLITIK DAN ILMU KOMPUTER",S1,B,SWASTA,JAWA BARAT,B,3
5400000.0,6507.0,241.0,"FAKULTAS ILMU SOSIAL, ILMU POLITIK DAN ILMU KOMPUTER",S1,BAIK,SWASTA,JAWA BARAT,B,3
5400000.0,6507.0,241.0,FAKULTAS EKONOMI,S1,B,SWASTA,JAWA BARAT,B,3
5400000.0,6507.0,241.0,FAKULTAS ILMU PANGAN HALAL,S1,B,SWASTA,JAWA BARAT,B,3
5400000.0,6507.0,241.0,FAKULTAS PERTANIAN,S1,A,SWASTA,JAWA BARAT,B,3
5400000.0,6507.0,241.0,FAKULTAS ILMU PANGAN HALAL,S1,B,SWASTA,JAWA BARAT,B,3
8760000.0,8481.0,238.0,ILMU ADMINISTRASI,S1,B,SWASTA,JAWA TIMUR,BAIK SEKALI,2
8760000.0,8481.0,238.0,EKONOMI DAN BISNIS,S1,BAIK SEKALI,SWASTA,JAWA TIMUR,BAIK SEKALI,2
8760000.0,8481.0,238.0,PERTANIAN,S1,BAIK SEKALI,SWASTA,JAWA TIMUR,BAIK SEKALI,2
8760000.0,8481.0,238.0,EKONOMI DAN BISNIS,S1,BAIK SEKALI,SWASTA,JAWA TIMUR,BAIK SEKALI,2
8760000.0,8481.0,238.0,TEKNIK,S1,BAIK,SWASTA,JAWA TIMUR,BAIK SEKALI,2
8760000.0,8481.0,238.0,HUKUM,S1,UNGGUL,SWASTA,JAWA TIMUR,BAIK SEKALI,2
8760000.0,8481.0,238.0,EKONOMI DAN BISNIS,S1,BAIK SEKALI,SWASTA,JAWA TIMUR,BAIK SEKALI,2
8760000.0,8481.0,238.0,PERTANIAN,S1,UNGGUL,SWASTA,JAWA TIMUR,BAIK SEKALI,2
8760000.0,8481.0,238.0,SASTRA,S1,B,SWASTA,JAWA TIMUR,BAIK SEKALI,2
8760000.0,8481.0,238.0,SASTRA,S1,B,SWASTA,JAWA TIMUR,BAIK SEKALI,2
8760000.0,8481.0,238.0,TEKNIK,S1,BAIK SEKALI,SWASTA,JAWA TIMUR,BAIK SEKALI,2
8760000.0,8481.0,238.0,PERTANIAN,S1,B,SWASTA,JAWA TIMUR,BAIK SEKALI,2
9350000.0,2306.0,87.0,EKONOMI DAN BISNIS,S1,BAIK,SWASTA,JAWA TIMUR,BAIK SEKALI,2
9350000.0,2306.0,87.0,ILMU KESEHATAN,S1,BAIK SEKALI,SWASTA,JAWA TIMUR,BAIK SEKALI,2
9350000.0,2306.0,87.0,ILMU KESEHATAN,S1,BAIK SEKALI,SWASTA,JAWA TIMUR,BAIK SEKALI,2
9350000.0,2306.0,87.0,ILMU KESEHATAN,S1,BAIK SEKALI,SWASTA,JAWA TIMUR,BAIK SEKALI,2
9350000.0,2306.0,87.0,EKONOMI DAN BISNIS,S1,BAIK,SWASTA,JAWA TIMUR,BAIK SEKALI,2
15512500.0,15749.0,592.0,FAKULTAS EKONOMI DAN BISNIS,S1,A,SWASTA,D.K.I. JAKARTA,B,3
15512500.0,15749.0,592.0,FAKULTAS ILMU-ILMU KESEHATAN,S1,B,SWASTA,D.K.I. JAKARTA,B,3
15512500.0,15749.0,592.0,FAKULTAS EKONOMI DAN BISNIS,S1,A,SWASTA,D.K.I. JAKARTA,B,3
15512500.0,15749.0,592.0,FAKULTAS DESAIN DAN INDUSTRI KREATIF,S1,B,SWASTA,D.K.I. JAKARTA,B,3
15512500.0,15749.0,592.0,FAKULTAS DESAIN DAN INDUSTRI KREATIF,S1,B,SWASTA,D.K.I. JAKARTA,B,3
15512500.0,15749.0,592.0,FAKULTAS DESAIN DAN INDUSTRI KREATIF,S1,A,SWASTA,D.K.I. JAKARTA,B,3
15512500.0,15749.0,592.0,FAKULTAS ILMU-ILMU KESEHATAN,S1,C,SWASTA,D.K.I. JAKARTA,B,3
15512500.0,15749.0,592.0,FAKULTAS FISIOTERAPI,S1,B,SWASTA,D.K.I. JAKARTA,B,3
15512500.0,15749.0,592.0,FAKULTAS ILMU-ILMU KESEHATAN,S1,B,SWASTA,D.K.I. JAKARTA,B,3
15512500.0,15749.0,592.0,FAKULTAS KEGURUAN DAN ILMU PENDIDIKAN,S1,B,SWASTA,D.K.I. JAKARTA,B,3
15512500.0,15749.0,592.0,FAKULTAS HUKUM,S1,A,SWASTA,D.K.I. JAKARTA,B,3
15512500.0,15749.0,592.0,FAKULTAS TEKNIK,S1,BAIK SEKALI,SWASTA,D.K.I. JAKARTA,B,3
15512500.0,15749.0,592.0,FAKULTAS ILMU KOMPUTER,S1,A,SWASTA,D.K.I. JAKARTA,B,3
15512500.0,15749.0,592.0,FAKULTAS ILMU KOMUNIKASI,S1,A,SWASTA,D.K.I. JAKARTA,B,3
15512500.0,15749.0,592.0,FAKULTAS ILMU-ILMU KESEHATAN,S1,B,SWASTA,D.K.I. JAKARTA,B,3
15512500.0,15749.0,592.0,FAKULTAS ILMU-ILMU KESEHATAN,S1,B,SWASTA,D.K.I. JAKARTA,B,3
15512500.0,15749.0,592.0,FAKULTAS ILMU KOMUNIKASI,S1,A,SWASTA,D.K.I. JAKARTA,B,3
15512500.0,15749.0,592.0,FAKULTAS TEKNIK,S1,B,SWASTA,D.K.I. JAKARTA,B,3
15512500.0,15749.0,592.0,FAKULTAS PSIKOLOGI,S1,B,SWASTA,D.K.I. JAKARTA,B,3
15512500.0,15749.0,592.0,FAKULTAS ILMU KOMPUTER,S1,B,SWASTA,D.K.I. JAKARTA,B,3
6000000.0,2255.0,118.0,FAKULTAS EKONOMI & BISNIS,S1,UNGGUL,SWASTA,JAWA TIMUR,B,2
6000000.0,2255.0,118.0,FAKULTAS EKONOMI & BISNIS,S1,BAIK,SWASTA,JAWA TIMUR,B,2
6000000.0,2255.0,118.0,FAKULTAS TEKNIK & INFORMATIKA,S1,B,SWASTA,JAWA TIMUR,B,3
6000000.0,2255.0,118.0,FAKULTAS ILMU SOSIAL & BUDAYA,S1,BAIK,SWASTA,JAWA TIMUR,B,2
6000000.0,2255.0,118.0,FAKULTAS TEKNIK & INFORMATIKA,S1,BAIK,SWASTA,JAWA TIMUR,B,2
6000000.0,2255.0,118.0,FAKULTAS EKONOMI & BISNIS,S1,BAIK SEKALI,SWASTA,JAWA TIMUR,B,2
6000000.0,2255.0,118.0,FAKULTAS ILMU SOSIAL & BUDAYA,S1,BAIK SEKALI,SWASTA,JAWA TIMUR,B,2
6000000.0,2255.0,118.0,FAKULTAS TEKNIK & INFORMATIKA,S1,BAIK SEKALI,SWASTA,JAWA TIMUR,B,2
2125000.0,6864.0,249.0,FAKULTAS ILMU SOSIAL DAN ILMU POLITIK,S1,B,SWASTA,JAWA BARAT,B,3
2125000.0,6864.0,249.0,FAKULTAS PERTANIAN,S1,B,SWASTA,JAWA BARAT,B,3
2125000.0,6864.0,249.0,FAKULTAS EKONOMI,S1,B,SWASTA,JAWA BARAT,B,3
2125000.0,6864.0,249.0,FAKULTAS ILMU KESEHATAN,S1,C,SWASTA,JAWA BARAT,B,3
2125000.0,6864.0,249.0,FAKULTAS EKONOMI,S1,B,SWASTA,JAWA BARAT,B,3
2125000.0,6864.0,249.0,FAKULTAS KEGURUAN DAN ILMU PENDIDIKAN,S1,C,SWASTA,JAWA BARAT,B,3
2125000.0,6864.0,249.0,FAKULTAS TEKNIK,S1,BAIK,SWASTA,JAWA BARAT,B,3
2125000.0,6864.0,249.0,FAKULTAS ILMU SOSIAL DAN ILMU POLITIK,S1,B,SWASTA,JAWA BARAT,B,3
2125000.0,6864.0,249.0,FAKULTAS TEKNIK,S1,B,SWASTA,JAWA BARAT,B,3
8050000.0,37611.0,37611.0,FAKULTAS EKONOMI,S1,A,SWASTA,JAWA BARAT,A,1
8050000.0,37611.0,37611.0,FAKULTAS TEKNIK SIPIL DAN PERENCANAAN,S1,A,SWASTA,JAWA BARAT,A,1
8050000.0,37611.0,37611.0,FAKULTAS TEKNIK SIPIL DAN PERENCANAAN,S1,B,SWASTA,JAWA BARAT,A,1
8050000.0,37611.0,37611.0,FAKULTAS TEKNOLOGI INDUSTRI,S1,A,SWASTA,JAWA BARAT,A,1
8050000.0,37611.0,37611.0,FAKULTAS TEKNOLOGI INDUSTRI,S1,A,SWASTA,JAWA BARAT,A,1
8050000.0,37611.0,37611.0,FAKULTAS TEKNOLOGI INDUSTRI,S1,A,SWASTA,JAWA BARAT,A,1
8050000.0,37611.0,37611.0,FAKULTAS EKONOMI,S1,A,SWASTA,JAWA BARAT,A,1
8050000.0,37611.0,37611.0,FAKULTAS TEKNOLOGI INDUSTRI,S1,A,SWASTA,JAWA BARAT,A,1
8050000.0,37611.0,37611.0,FAKULTAS PSIKOLOGI,S1,A,SWASTA,JAWA BARAT,A,1
8050000.0,37611.0,37611.0,FAKULTAS SASTRA,S1,A,SWASTA,JAWA BARAT,A,1
8050000.0,37611.0,37611.0,FAKULTAS TEKNIK SIPIL DAN PERENCANAAN,S1,A,SWASTA,JAWA BARAT,A,1
8050000.0,37611.0,37611.0,FAKULTAS ILMU KOMPUTER DAN TEKNOLOGI INFORMASI,S1,A,SWASTA,JAWA BARAT,A,1
2400000.0,1503.0,65.0,FAKULTAS PERTANIAN,S1,BAIK,SWASTA,NUSA TENGGARA BARAT,BAIK,2
2400000.0,1503.0,65.0,FAKULTAS KEGURUAN DAN ILMU PENDIDIKAN,S1,BAIK,SWASTA,NUSA TENGGARA BARAT,BAIK,2
2400000.0,1503.0,65.0,FAKULTAS HUKUM,S1,BAIK,SWASTA,NUSA TENGGARA BARAT,BAIK,2
2400000.0,1503.0,65.0,FAKULTAS PERIKANAN,S1,BAIK,SWASTA,NUSA TENGGARA BARAT,BAIK,2
73450000.0,5376.0,327.0,FAKULTAS ILMU SOSIAL DAN ILMU POLITIK,S1,UNGGUL,SWASTA,JAWA TIMUR,B,0
73450000.0,5376.0,327.0,FAKULTAS ILMU SOSIAL DAN ILMU POLITIK,S1,UNGGUL,SWASTA,JAWA TIMUR,B,0
73450000.0,5376.0,327.0,FAKULTAS TEKNIK DAN ILMU KELAUTAN,S1,B,SWASTA,JAWA TIMUR,B,0
73450000.0,5376.0,327.0,FAKULTAS KEDOKTERAN,S1,B,SWASTA,JAWA TIMUR,B,0
73450000.0,5376.0,327.0,FAKULTAS HUKUM,S1,B,SWASTA,JAWA TIMUR,B,0
73450000.0,5376.0,327.0,FAKULTAS KEDOKTERAN,S1,B,SWASTA,JAWA TIMUR,B,0
73450000.0,5376.0,327.0,FAKULTAS KEDOKTERAN GIGI,S1,A,SWASTA,JAWA TIMUR,B,0
73450000.0,5376.0,327.0,FAKULTAS TEKNIK DAN ILMU KELAUTAN,S1,B,SWASTA,JAWA TIMUR,B,0
73450000.0,5376.0,327.0,FAKULTAS TEKNIK DAN ILMU KELAUTAN,S1,B,SWASTA,JAWA TIMUR,B,0
73450000.0,5376.0,327.0,FAKULTAS PSIKOLOGI,S1,B,SWASTA,JAWA TIMUR,B,0
10655000.0,1842.0,108.0,EKONOMI DAN BISNIS,S1,UNGGUL,SWASTA,JAWA TIMUR,A,2
10655000.0,1842.0,108.0,EKONOMI DAN BISNIS,S1,UNGGUL,SWASTA,JAWA TIMUR,A,2
3500000.0,14690.0,363.0,FAKULTAS PERTANIAN,S1,B,SWASTA,SUMATERA UTARA,B,3
3500000.0,14690.0,363.0,FAKULTAS PERTANIAN,S1,B,SWASTA,SUMATERA UTARA,B,3
3500000.0,14690.0,363.0,FAKULTAS EKONOMI,S1,B,SWASTA,SUMATERA UTARA,B,3
3500000.0,14690.0,363.0,FAKULTAS EKONOMI,S1,B,SWASTA,SUMATERA UTARA,B,3
3500000.0,14690.0,363.0,FAKULTAS TEKNIK,S1,B,SWASTA,SUMATERA UTARA,B,3
3500000.0,14690.0,363.0,FAKULTAS HUKUM,S1,B,SWASTA,SUMATERA UTARA,B,3
3500000.0,14690.0,363.0,FAKULTAS KEDOKTERAN,S1,B,SWASTA,SUMATERA UTARA,B,3
3500000.0,14690.0,363.0,FAKULTAS EKONOMI,S1,B,SWASTA,SUMATERA UTARA,B,3
3500000.0,14690.0,363.0,FAKULTAS KEGURUAN DAN ILMU PENDIDIKAN,S1,B,SWASTA,SUMATERA UTARA,B,3
3500000.0,14690.0,363.0,FAKULTAS TEKNIK,S1,B,SWASTA,SUMATERA UTARA,B,3
3500000.0,14690.0,363.0,FAKULTAS PERTANIAN,S1,B,SWASTA,SUMATERA UTARA,B,3
3500000.0,14690.0,363.0,FAKULTAS PETERNAKAN,S1,B,SWASTA,SUMATERA UTARA,B,3
3500000.0,14690.0,363.0,FAKULTAS BAHASA DAN SENI,S1,B,SWASTA,SUMATERA UTARA,B,3
3500000.0,14690.0,363.0,FAKULTAS BAHASA DAN SENI,S1,B,SWASTA,SUMATERA UTARA,B,3
3500000.0,14690.0,363.0,FAKULTAS TEKNIK,S1,B,SWASTA,SUMATERA UTARA,B,3
6000000.0,2971.0,175.0,ILMU KESEHATAN,S1,BAIK,SWASTA,D.K.I. JAKARTA,BAIK,3
6000000.0,2971.0,175.0,EKONOMI DAN BISNIS,S1,BAIK,SWASTA,D.K.I. JAKARTA,BAIK,3
6000000.0,2971.0,175.0,ILMU KESEHATAN,S1,BAIK SEKALI,SWASTA,D.K.I. JAKARTA,BAIK,2
6000000.0,2971.0,175.0,ILMU KESEHATAN,S1,BAIK,SWASTA,D.K.I. JAKARTA,BAIK,3
6000000.0,2971.0,175.0,HUKUM,S1,BAIK,SWASTA,D.K.I. JAKARTA,BAIK,3
6000000.0,2971.0,175.0,ILMU KOMUNIKASI,S1,BAIK,SWASTA,D.K.I. JAKARTA,BAIK,3
6000000.0,2971.0,175.0,ILMU KESEHATAN,S1,BAIK SEKALI,SWASTA,D.K.I. JAKARTA,BAIK,2
6000000.0,2971.0,175.0,ILMU KESEHATAN,S1,UNGGUL,SWASTA,D.K.I. JAKARTA,BAIK,3
6000000.0,2971.0,175.0,EKONOMI DAN BISNIS,S1,BAIK,SWASTA,D.K.I. JAKARTA,BAIK,3
6000000.0,2971.0,175.0,PSIKOLOGI,S1,BAIK,SWASTA,D.K.I. JAKARTA,BAIK,3
10850000.0,7253.0,480.0,FAKULTAS FARMASI,S1,BAIK,SWASTA,SULAWESI SELATAN,BAIK SEKALI,2
10850000.0,7253.0,480.0,FAKULTAS HUKUM,S1,B,SWASTA,SULAWESI SELATAN,BAIK SEKALI,3
10850000.0,7253.0,480.0,FAKULTAS ILMU SOSIAL DAN POLITIK,S1,B,SWASTA,SULAWESI SELATAN,BAIK SEKALI,3
10850000.0,7253.0,480.0,FAKULTAS TEKNIK,S1,BAIK SEKALI,SWASTA,SULAWESI SELATAN,BAIK SEKALI,2
10850000.0,7253.0,480.0,FAKULTAS PERTANIAN,S1,B,SWASTA,SULAWESI SELATAN,BAIK SEKALI,3
10850000.0,7253.0,480.0,FAKULTAS KEPERAWATAN,S1,BAIK,SWASTA,SULAWESI SELATAN,BAIK SEKALI,2
10850000.0,7253.0,480.0,FAKULTAS KESEHATAN MASYARAKAT,S1,BAIK SEKALI,SWASTA,SULAWESI SELATAN,BAIK SEKALI,2
10850000.0,7253.0,480.0,FAKULTAS ILMU SOSIAL DAN POLITIK,S1,BAIK,SWASTA,SULAWESI SELATAN,BAIK SEKALI,2
10850000.0,7253.0,480.0,FAKULTAS PSIKOLOGI,S1,B,SWASTA,SULAWESI SELATAN,BAIK SEKALI,3
4575000.0,35905.0,911.0,FAKULTAS TEKNIK DAN ILMU KOMPUTER,S1,B,SWASTA,D.K.I. JAKARTA,B,3
4575000.0,35905.0,911.0,FAKULTAS MATEMATIKA DAN IPA,S1,B,SWASTA,D.K.I. JAKARTA,B,3
4575000.0,35905.0,911.0,FAKULTAS BAHASA DAN SENI,S1,A,SWASTA,D.K.I. JAKARTA,B,4
4575000.0,35905.0,911.0,FAKULTAS ILMU PENDIDIKAN DAN PENGETAHUAN SOSIAL,S1,B,SWASTA,D.K.I. JAKARTA,B,3
4575000.0,35905.0,911.0,FAKULTAS MATEMATIKA DAN IPA,S1,A,SWASTA,D.K.I. JAKARTA,B,4
4575000.0,35905.0,911.0,FAKULTAS TEKNIK DAN ILMU KOMPUTER,S1,B,SWASTA,D.K.I. JAKARTA,B,3
4575000.0,35905.0,911.0,FAKULTAS TEKNIK DAN ILMU KOMPUTER,S1,B,SWASTA,D.K.I. JAKARTA,B,3
4575000.0,35905.0,911.0,FAKULTAS MATEMATIKA DAN IPA,S1,B,SWASTA,D.K.I. JAKARTA,B,3
7000000.0,2197.0,97.0,FAKULTAS EKONOMI DAN BISNIS,S1,B,SWASTA,JAWA TIMUR,BAIK SEKALI,2
7000000.0,2197.0,97.0,FAKULTAS TEKNOLOGI INFORMASI DAN KREATIF,S1,B,SWASTA,JAWA TIMUR,BAIK SEKALI,2
7000000.0,2197.0,97.0,FAKULTAS TEKNOLOGI INFORMASI DAN KREATIF,S1,C,SWASTA,JAWA TIMUR,BAIK SEKALI,2
7000000.0,2197.0,97.0,FAKULTAS TEKNOLOGI INDUSTRI DAN AGROINDUSTRI,S1,C,SWASTA,JAWA TIMUR,BAIK SEKALI,2
7000000.0,2197.0,97.0,FAKULTAS EKONOMI DAN BISNIS,S1,C,SWASTA,JAWA TIMUR,BAIK SEKALI,2
7000000.0,2197.0,97.0,FAKULTAS TEKNOLOGI INFORMASI DAN KREATIF,S1,C,SWASTA,JAWA TIMUR,BAIK SEKALI,2
6000000.0,7901.0,254.0,FAKULTAS PERTANIAN,S1,B,SWASTA,JAWA BARAT,B,3
6000000.0,7901.0,254.0,FAKULTAS EKONOMI,S1,B,SWASTA,JAWA BARAT,B,3
6000000.0,7901.0,254.0,FAKULTAS TEKNIK,S1,B,SWASTA,JAWA BARAT,B,3
6000000.0,7901.0,254.0,FAKULTAS KEGURUAN DAN ILMU PENDIDIKAN,S1,B,SWASTA,JAWA BARAT,B,3
6000000.0,7901.0,254.0,FAKULTAS KEGURUAN DAN ILMU PENDIDIKAN,S1,B,SWASTA,JAWA BARAT,B,3
6000000.0,7901.0,254.0,"FAKULTAS KOMUNIKASI, SASTRA, DAN BAHASA",S1,B,SWASTA,JAWA BARAT,B,3
6000000.0,7901.0,254.0,FAKULTAS EKONOMI,S1,B,SWASTA,JAWA BARAT,B,3
6000000.0,7901.0,254.0,FAKULTAS TEKNIK,S1,B,SWASTA,JAWA BARAT,B,3
6000000.0,7901.0,254.0,FAKULTAS KEGURUAN DAN ILMU PENDIDIKAN,S1,B,SWASTA,JAWA BARAT,B,3
6000000.0,7901.0,254.0,FAKULTAS ILMU SOSIAL DAN ILMU POLITIK,S1,B,SWASTA,JAWA BARAT,B,3
6000000.0,7901.0,254.0,FAKULTAS ILMU SOSIAL DAN ILMU POLITIK,S1,B,SWASTA,JAWA BARAT,B,3
6000000.0,7901.0,254.0,"FAKULTAS KOMUNIKASI, SASTRA, DAN BAHASA",S1,B,SWASTA,JAWA BARAT,B,3
6000000.0,7901.0,254.0,FAKULTAS TEKNIK,S1,B,SWASTA,JAWA BARAT,B,3
46625000.0,10167.0,10167.0,FAKULTAS EKONOMI & BISNIS,S1,A,SWASTA,JAWA BARAT,UNGGUL,4
46625000.0,10167.0,10167.0,FAKULTAS MATEMATIKA & ILMU PENGETAHUAN ALAM,S1,B,SWASTA,JAWA BARAT,UNGGUL,3
46625000.0,10167.0,10167.0,FAKULTAS HUKUM,S1,A,SWASTA,JAWA BARAT,UNGGUL,4
46625000.0,10167.0,10167.0,FAKULTAS DAKWAH,S1,A,SWASTA,JAWA BARAT,UNGGUL,4
46625000.0,10167.0,10167.0,FAKULTAS TEKNIK,S1,B,SWASTA,JAWA BARAT,UNGGUL,3
46625000.0,10167.0,10167.0,FAKULTAS KEDOKTERAN,S1,B,SWASTA,JAWA BARAT,UNGGUL,3
46625000.0,10167.0,10167.0,FAKULTAS EKONOMI & BISNIS,S1,A,SWASTA,JAWA BARAT,UNGGUL,4
46625000.0,10167.0,10167.0,FAKULTAS MATEMATIKA & ILMU PENGETAHUAN ALAM,S1,B,SWASTA,JAWA BARAT,UNGGUL,3
46625000.0,10167.0,10167.0,FAKULTAS TEKNIK,S1,A,SWASTA,JAWA BARAT,UNGGUL,4
46625000.0,10167.0,10167.0,FAKULTAS TEKNIK,S1,B,SWASTA,JAWA BARAT,UNGGUL,3
46625000.0,10167.0,10167.0,FAKULTAS PSIKOLOGI,S1,A,SWASTA,JAWA BARAT,UNGGUL,4
46625000.0,10167.0,10167.0,FAKULTAS MATEMATIKA & ILMU PENGETAHUAN ALAM,S1,B,SWASTA,JAWA BARAT,UNGGUL,3
12500000.0,21264.0,717.0,FAKULTAS BISNIS DAN EKONOMIKA,S1,A,SWASTA,D.I. YOGYAKARTA,A,4
12500000.0,21264.0,717.0,FAKULTAS TEKNIK SIPIL DAN PERENCANAAN,S1,A,SWASTA,D.I. YOGYAKARTA,A,4
12500000.0,21264.0,717.0,FAKULTAS BISNIS DAN EKONOMIKA,S1,A,SWASTA,D.I. YOGYAKARTA,A,4
12500000.0,21264.0,717.0,FAKULTAS TEKNOLOGI INDUSTRI,S1,A,SWASTA,D.I. YOGYAKARTA,A,4
12500000.0,21264.0,717.0,FAKULTAS MATEMATIKA DAN ILMU PENGETAHUAN ALAM,S1,B,SWASTA,D.I. YOGYAKARTA,A,4
12500000.0,21264.0,717.0,FAKULTAS PSIKOLOGI DAN ILMU SOSIAL BUDAYA,S1,B,SWASTA,D.I. YOGYAKARTA,A,4
12500000.0,21264.0,717.0,FAKULTAS ILMU AGAMA ISLAM,S1,A,SWASTA,D.I. YOGYAKARTA,A,4
12500000.0,21264.0,717.0,FAKULTAS PSIKOLOGI DAN ILMU SOSIAL BUDAYA,S1,A,SWASTA,D.I. YOGYAKARTA,A,4
12500000.0,21264.0,717.0,FAKULTAS TEKNOLOGI INDUSTRI,S1,A,SWASTA,D.I. YOGYAKARTA,A,4
12500000.0,21264.0,717.0,FAKULTAS TEKNOLOGI INDUSTRI,S1,A,SWASTA,D.I. YOGYAKARTA,A,4
12500000.0,21264.0,717.0,FAKULTAS KEDOKTERAN,S1,A,SWASTA,D.I. YOGYAKARTA,A,4
12500000.0,21264.0,717.0,FAKULTAS TEKNOLOGI INDUSTRI,S1,A,SWASTA,D.I. YOGYAKARTA,A,4
12500000.0,21264.0,717.0,FAKULTAS TEKNIK SIPIL DAN PERENCANAAN,S1,A,SWASTA,D.I. YOGYAKARTA,A,4
12500000.0,21264.0,717.0,FAKULTAS BISNIS DAN EKONOMIKA,S1,A,SWASTA,D.I. YOGYAKARTA,A,4
12500000.0,21264.0,717.0,FAKULTAS TEKNOLOGI INDUSTRI,S1,A,SWASTA,D.I. YOGYAKARTA,A,4
12500000.0,21264.0,717.0,FAKULTAS PSIKOLOGI DAN ILMU SOSIAL BUDAYA,S1,A,SWASTA,D.I. YOGYAKARTA,A,4
12500000.0,21264.0,717.0,FAKULTAS TEKNIK SIPIL DAN PERENCANAAN,S1,A,SWASTA,D.I. YOGYAKARTA,A,4
12500000.0,21264.0,717.0,FAKULTAS MATEMATIKA DAN ILMU PENGETAHUAN ALAM,S1,B,SWASTA,D.I. YOGYAKARTA,A,4
6475000.0,2033.0,93.0,FAKULTAS HUKUM,S1,B,SWASTA,D.K.I. JAKARTA,B,3
6475000.0,2033.0,93.0,FAKULTAS TEKNIK,S1,C,SWASTA,D.K.I. JAKARTA,B,3
6475000.0,2033.0,93.0,FAKULTAS EKONOMI,S1,B,SWASTA,D.K.I. JAKARTA,B,3
2850000.0,2929.0,108.0,FAKULTAS PERTANIAN,S1,B,SWASTA,JAWA TIMUR,BAIK,2
2850000.0,2929.0,108.0,FAKULTAS PERTANIAN,S1,B,SWASTA,JAWA TIMUR,BAIK,2
2850000.0,2929.0,108.0,FAKULTAS KEGURUAN DAN ILMU PENDIDIKAN,S1,B,SWASTA,JAWA TIMUR,BAIK,2
2850000.0,2929.0,108.0,FAKULTAS HUKUM,S1,B,SWASTA,JAWA TIMUR,BAIK,2
2850000.0,2929.0,108.0,FAKULTAS ILMU SOSIAL DAN ILMU POLITIK,S1,B,SWASTA,JAWA TIMUR,BAIK,2
2850000.0,2929.0,108.0,FAKULTAS KEGURUAN DAN ILMU PENDIDIKAN,S1,B,SWASTA,JAWA TIMUR,BAIK,2
3500000.0,8003.0,321.0,FAKULTAS SOSIAL DAN ILMU POLITIK,S1,BAIK SEKALI,SWASTA,SULAWESI SELATAN,B,3
3500000.0,8003.0,321.0,FAKULTAS SOSIAL DAN ILMU POLITIK,S1,BAIK SEKALI,SWASTA,SULAWESI SELATAN,B,3
3500000.0,8003.0,321.0,FAKULTAS PERTANIAN,S1,B,SWASTA,SULAWESI SELATAN,B,3
3500000.0,8003.0,321.0,FAKULTAS PERTANIAN,S1,B,SWASTA,SULAWESI SELATAN,B,3
3500000.0,8003.0,321.0,FAKULTAS TEKNIK,S1,BAIK,SWASTA,SULAWESI SELATAN,B,3
3500000.0,8003.0,321.0,FAKULTAS MATEMATIKA DAN IPA,S1,BAIK SEKALI,SWASTA,SULAWESI SELATAN,B,3
3500000.0,8003.0,321.0,FAKULTAS KEGURUAN DAN ILMU PENDIDIKAN,S1,UNGGUL,SWASTA,SULAWESI SELATAN,B,3
3500000.0,8003.0,321.0,FAKULTAS KEGURUAN DAN ILMU PENDIDIKAN,S1,B,SWASTA,SULAWESI SELATAN,B,3
3500000.0,8003.0,321.0,FAKULTAS HUKUM,S1,BAIK,SWASTA,SULAWESI SELATAN,B,3
3500000.0,8003.0,321.0,FAKULTAS SOSIAL DAN ILMU POLITIK,S1,B,SWASTA,SULAWESI SELATAN,B,3
3500000.0,8003.0,321.0,FAKULTAS SASTRA DAN HUMANIORA,S1,BAIK,SWASTA,SULAWESI SELATAN,B,3
3500000.0,8003.0,321.0,FAKULTAS TEKNIK,S1,BAIK SEKALI,SWASTA,SULAWESI SELATAN,B,3
3500000.0,8003.0,321.0,FAKULTAS TEKNIK,S1,B,SWASTA,SULAWESI SELATAN,B,3
3500000.0,8003.0,321.0,FAKULTAS PERTANIAN,S1,BAIK,SWASTA,SULAWESI SELATAN,B,3
3500000.0,8003.0,321.0,FAKULTAS ILMU KESEHATAN,S1,BAIK SEKALI,SWASTA,SULAWESI SELATAN,B,3
3500000.0,8003.0,321.0,FAKULTAS MATEMATIKA DAN IPA,S1,UNGGUL,SWASTA,SULAWESI SELATAN,B,3
3500000.0,8003.0,321.0,FAKULTAS TEKNIK,S1,BAIK SEKALI,SWASTA,SULAWESI SELATAN,B,3
3500000.0,8003.0,321.0,FAKULTAS SASTRA DAN HUMANIORA,S1,BAIK,SWASTA,SULAWESI SELATAN,B,3
3500000.0,8003.0,321.0,FAKULTAS TEKNIK,S1,BAIK,SWASTA,SULAWESI SELATAN,B,3
16775000.0,16363.0,447.0,FAKULTAS ILMU ADMINISTRASI,S1,B,SWASTA,JAWA TIMUR,B,3
16775000.0,16363.0,447.0,FAKULTAS PERTANIAN,S1,A,SWASTA,JAWA TIMUR,B,4
16775000.0,16363.0,447.0,FAKULTAS EKONOMI DAN BISNIS,S1,A,SWASTA,JAWA TIMUR,B,4
16775000.0,16363.0,447.0,FAKULTAS MATEMATIKA DAN ILMU PENGETAHUAN ALAM,S1,B,SWASTA,JAWA TIMUR,B,3
16775000.0,16363.0,447.0,FAKULTAS TEKNIK,S1,C,SWASTA,JAWA TIMUR,B,3
16775000.0,16363.0,447.0,FAKULTAS KEDOKTERAN,S1,BAIK SEKALI,SWASTA,JAWA TIMUR,B,2
16775000.0,16363.0,447.0,FAKULTAS HUKUM,S1,A,SWASTA,JAWA TIMUR,B,4
16775000.0,16363.0,447.0,FAKULTAS KEDOKTERAN,S1,B,SWASTA,JAWA TIMUR,B,3
16775000.0,16363.0,447.0,FAKULTAS EKONOMI DAN BISNIS,S1,A,SWASTA,JAWA TIMUR,B,4
16775000.0,16363.0,447.0,FAKULTAS KEGURUAN DAN ILMU PENDIDIKAN,S1,B,SWASTA,JAWA TIMUR,B,3
16775000.0,16363.0,447.0,FAKULTAS TEKNIK,S1,B,SWASTA,JAWA TIMUR,B,3
16775000.0,16363.0,447.0,FAKULTAS PETERNAKAN,S1,A,SWASTA,JAWA TIMUR,B,4
16775000.0,16363.0,447.0,FAKULTAS TEKNIK,S1,B,SWASTA,JAWA TIMUR,B,3
12500000.0,5621.0,299.0,FAKULTAS PERTANIAN,S1,UNGGUL,SWASTA,SUMATERA UTARA,B,3
12500000.0,5621.0,299.0,FAKULTAS PERTANIAN,S1,UNGGUL,SWASTA,SUMATERA UTARA,B,3
12500000.0,5621.0,299.0,FAKULTAS EKONOMI,S1,B,SWASTA,SUMATERA UTARA,B,3
12500000.0,5621.0,299.0,FAKULTAS KEGURUAN DAN ILMU PENDIDIKAN,S1,B,SWASTA,SUMATERA UTARA,B,3
12500000.0,5621.0,299.0,FAKULTAS TEKNIK,S1,C,SWASTA,SUMATERA UTARA,B,3
12500000.0,5621.0,299.0,FAKULTAS KEGURUAN DAN ILMU PENDIDIKAN,S1,BAIK SEKALI,SWASTA,SUMATERA UTARA,B,2
12500000.0,5621.0,299.0,FAKULTAS HUKUM,S1,BAIK SEKALI,SWASTA,SUMATERA UTARA,B,2
12500000.0,5621.0,299.0,FAKULTAS ILMU SOSIAL DAN ILMU POLITIK,S1,BAIK SEKALI,SWASTA,SUMATERA UTARA,B,2
12500000.0,5621.0,299.0,FAKULTAS TEKNIK,S1,B,SWASTA,SUMATERA UTARA,B,3
12500000.0,5621.0,299.0,FAKULTAS TEKNIK,S1,C,SWASTA,SUMATERA UTARA,B,3
12500000.0,5621.0,299.0,FAKULTAS KEDOKTERAN,S1,B,SWASTA,SUMATERA UTARA,B,3
12500000.0,5621.0,299.0,FAKULTAS KEGURUAN DAN ILMU PENDIDIKAN,S1,BAIK SEKALI,SWASTA,SUMATERA UTARA,B,2
12500000.0,5621.0,299.0,FAKULTAS EKONOMI,S1,B,SWASTA,SUMATERA UTARA,B,3
12500000.0,5621.0,299.0,FAKULTAS KEGURUAN DAN ILMU PENDIDIKAN,S1,B,SWASTA,SUMATERA UTARA,B,3
12500000.0,5621.0,299.0,FAKULTAS TEKNIK,S1,B,SWASTA,SUMATERA UTARA,B,3
12500000.0,5621.0,299.0,FAKULTAS SASTRA,S1,B,SWASTA,SUMATERA UTARA,B,3
12500000.0,5621.0,299.0,FAKULTAS KEGURUAN DAN ILMU PENDIDIKAN,S1,BAIK SEKALI,SWASTA,SUMATERA UTARA,B,2
12500000.0,5621.0,299.0,FAKULTAS TEKNIK,S1,B,SWASTA,SUMATERA UTARA,B,3
7500000.0,4229.0,4229.0,FAKULTAS EKONOMI,S1,B,SWASTA,BANTEN,B,3
7500000.0,4229.0,4229.0,FAKULTAS KEGURUAN DAN ILMU PENDIDIKAN,S1,C,SWASTA,BANTEN,B,3
7500000.0,4229.0,4229.0,FAKULTAS HUKUM,S1,B,SWASTA,BANTEN,B,3
7500000.0,4229.0,4229.0,FAKULTAS ILMU SOSIAL DAN ILMU POLITIK,S1,B,SWASTA,BANTEN,B,3
7500000.0,4229.0,4229.0,FAKULTAS TEKNIK,S1,C,SWASTA,BANTEN,B,3
7500000.0,4229.0,4229.0,FAKULTAS TEKNIK,S1,C,SWASTA,BANTEN,B,3
7500000.0,4229.0,4229.0,FAKULTAS TEKNIK,S1,BAIK,SWASTA,BANTEN,B,3
7500000.0,4229.0,4229.0,FAKULTAS EKONOMI,S1,B,SWASTA,BANTEN,B,3
7500000.0,4229.0,4229.0,FAKULTAS TEKNIK,S1,C,SWASTA,BANTEN,B,3
5000000.0,3431.0,238.0,FAKULTAS PERTANIAN,S1,B,SWASTA,ACEH,BAIK SEKALI,2
5000000.0,3431.0,238.0,FAKULTAS PERTANIAN,S1,BAIK,SWASTA,ACEH,BAIK SEKALI,2
5000000.0,3431.0,238.0,FAKULTAS KEGURUAN DAN ILMU PENDIDIKAN,S1,BAIK SEKALI,SWASTA,ACEH,BAIK SEKALI,2
5000000.0,3431.0,238.0,FAKULTAS KEGURUAN DAN ILMU PENDIDIKAN,S1,BAIK,SWASTA,ACEH,BAIK SEKALI,2
5000000.0,3431.0,238.0,FAKULTAS KEGURUAN DAN ILMU PENDIDIKAN,S1,BAIK SEKALI,SWASTA,ACEH,BAIK SEKALI,2
5000000.0,3431.0,238.0,FAKULTAS HUKUM,S1,B,SWASTA,ACEH,BAIK SEKALI,2
5000000.0,3431.0,238.0,FAKULTAS TEKNIK,S1,BAIK,SWASTA,ACEH,BAIK SEKALI,2
5000000.0,3431.0,238.0,FAKULTAS EKONOMI,S1,BAIK,SWASTA,ACEH,BAIK SEKALI,2
5000000.0,3431.0,238.0,FAKULTAS KEGURUAN DAN ILMU PENDIDIKAN,S1,BAIK SEKALI,SWASTA,ACEH,BAIK SEKALI,2
5000000.0,3431.0,238.0,FAKULTAS PERTANIAN,S1,B,SWASTA,ACEH,BAIK SEKALI,2
5000000.0,3431.0,238.0,FAKULTAS KEGURUAN DAN ILMU PENDIDIKAN,S1,BAIK SEKALI,SWASTA,ACEH,BAIK SEKALI,2
4850000.0,3620.0,121.0,FAKULTAS PERTANIAN,S1,A,SWASTA,D.I. YOGYAKARTA,B,4
4850000.0,3620.0,121.0,FAKULTAS EKONOMI,S1,B,SWASTA,D.I. YOGYAKARTA,B,3
4850000.0,3620.0,121.0,FAKULTAS HUKUM,S1,A,SWASTA,D.I. YOGYAKARTA,B,4
4850000.0,3620.0,121.0,FAKULTAS TEKNIK,S1,B,SWASTA,D.I. YOGYAKARTA,B,3
4850000.0,3620.0,121.0,FAKULTAS EKONOMI,S1,B,SWASTA,D.I. YOGYAKARTA,B,3
4850000.0,3620.0,121.0,FAKULTAS TEKNIK,S1,B,SWASTA,D.I. YOGYAKARTA,B,3
4850000.0,3620.0,121.0,FAKULTAS TEKNIK,S1,B,SWASTA,D.I. YOGYAKARTA,B,3
13375000.0,4407.0,192.0,FAKULTAS EKONOMI DAN BISNIS,S1,B,SWASTA,D.K.I. JAKARTA,UNGGUL,3
13375000.0,4407.0,192.0,FAKULTAS TEKNIK SIPIL DAN PERENCANAAN,S1,C,SWASTA,D.K.I. JAKARTA,UNGGUL,3
13375000.0,4407.0,192.0,FAKULTAS TEKNOLOGI INDUSTRI,S1,B,SWASTA,D.K.I. JAKARTA,UNGGUL,3
13375000.0,4407.0,192.0,FAKULTAS ILMU SOSIAL DAN POLITIK,S1,A,SWASTA,D.K.I. JAKARTA,UNGGUL,3
13375000.0,4407.0,192.0,FAKULTAS HUKUM,S1,B,SWASTA,D.K.I. JAKARTA,UNGGUL,3
13375000.0,4407.0,192.0,FAKULTAS ILMU KOMUNIKASI,S1,B,SWASTA,D.K.I. JAKARTA,UNGGUL,3
13375000.0,4407.0,192.0,FAKULTAS TEKNOLOGI INDUSTRI,S1,B,SWASTA,D.K.I. JAKARTA,UNGGUL,3
13375000.0,4407.0,192.0,FAKULTAS EKONOMI DAN BISNIS,S1,B,SWASTA,D.K.I. JAKARTA,UNGGUL,3
13375000.0,4407.0,192.0,FAKULTAS TEKNOLOGI INDUSTRI,S1,B,SWASTA,D.K.I. JAKARTA,UNGGUL,3
13375000.0,4407.0,192.0,FAKULTAS PSIKOLOGI,S1,B,SWASTA,D.K.I. JAKARTA,UNGGUL,3
13375000.0,4407.0,192.0,FAKULTAS TEKNIK SIPIL DAN PERENCANAAN,S1,B,SWASTA,D.K.I. JAKARTA,UNGGUL,3
35625000.0,5906.0,278.0,ILMU SOSIAL DAN ILMU POLITIK,S1,BAIK SEKALI,SWASTA,JAWA TIMUR,BAIK SEKALI,2
35625000.0,5906.0,278.0,PERTANIAN,S1,BAIK SEKALI,SWASTA,JAWA TIMUR,BAIK SEKALI,2
35625000.0,5906.0,278.0,PERTANIAN,S1,B,SWASTA,JAWA TIMUR,BAIK SEKALI,2
35625000.0,5906.0,278.0,EKONOMI DAN BISNIS,S1,BAIK SEKALI,SWASTA,JAWA TIMUR,BAIK SEKALI,2
35625000.0,5906.0,278.0,ILMU KESEHATAN,S1,BAIK SEKALI,SWASTA,JAWA TIMUR,BAIK SEKALI,2
35625000.0,5906.0,278.0,HUKUM,S1,UNGGUL,SWASTA,JAWA TIMUR,BAIK SEKALI,2
35625000.0,5906.0,278.0,TEKNIK,S1,BAIK SEKALI,SWASTA,JAWA TIMUR,BAIK SEKALI,2
35625000.0,5906.0,278.0,ILMU KESEHATAN,S1,BAIK SEKALI,SWASTA,JAWA TIMUR,BAIK SEKALI,2
35625000.0,5906.0,278.0,ILMU KESEHATAN,S1,BAIK SEKALI,SWASTA,JAWA TIMUR,BAIK SEKALI,2
35625000.0,5906.0,278.0,EKONOMI DAN BISNIS,S1,BAIK SEKALI,SWASTA,JAWA TIMUR,BAIK SEKALI,2
35625000.0,5906.0,278.0,TEKNIK,S1,BAIK,SWASTA,JAWA TIMUR,BAIK SEKALI,2
7387500.0,912.0,63.0,FAKULTAS EKONOMI,S1,B,SWASTA,JAWA TIMUR,B,3
7387500.0,912.0,63.0,FAKULTAS TEKNIK,S1,B,SWASTA,JAWA TIMUR,B,3
7387500.0,912.0,63.0,FAKULTAS HUKUM,S1,B,SWASTA,JAWA TIMUR,B,3
7387500.0,912.0,63.0,FAKULTAS TEKNIK,S1,C,SWASTA,JAWA TIMUR,B,2
7387500.0,912.0,63.0,FAKULTAS TEKNIK,S1,BAIK,SWASTA,JAWA TIMUR,B,2
7387500.0,912.0,63.0,FAKULTAS EKONOMI,S1,B,SWASTA,JAWA TIMUR,B,3
9635000.0,1597.0,115.0,FAKULTAS PERTANIAN,S1,B,SWASTA,SULAWESI UTARA,B,3
9635000.0,1597.0,115.0,FAKULTAS EKONOMI,S1,BAIK SEKALI,SWASTA,SULAWESI UTARA,B,2
9635000.0,1597.0,115.0,FAKULTAS TEKNIK,S1,BAIK SEKALI,SWASTA,SULAWESI UTARA,B,2
9635000.0,1597.0,115.0,FAKULTAS HUKUM,S1,B,SWASTA,SULAWESI UTARA,B,3
9635000.0,1597.0,115.0,FAKULTAS TEKNIK,S1,BAIK SEKALI,SWASTA,SULAWESI UTARA,B,2
9635000.0,1597.0,115.0,FAKULTAS TEKNIK,S1,BAIK SEKALI,SWASTA,SULAWESI UTARA,B,2
9635000.0,1597.0,115.0,FAKULTAS KEPERAWATAN,S1,BAIK SEKALI,SWASTA,SULAWESI UTARA,B,2
9635000.0,1597.0,115.0,FAKULTAS EKONOMI,S1,BAIK SEKALI,SWASTA,SULAWESI UTARA,B,2
9635000.0,1597.0,115.0,FAKULTAS TEKNIK,S1,BAIK,SWASTA,SULAWESI UTARA,B,3
24137500.0,6974.0,6974.0,FAKULTAS ILMU ADMINISTRASI BISNIS DAN ILMU KOMUNIKASI,S1,B,SWASTA,DKI JAKARTA,A,3
24137500.0,6974.0,6974.0,FAKULTAS EKONOMI DAN BISNIS,S1,A,SWASTA,DKI JAKARTA,A,4
24137500.0,6974.0,6974.0,FAKULTAS PENDIDIKAN DAN BAHASA,S1,B,SWASTA,DKI JAKARTA,A,3
24137500.0,6974.0,6974.0,FAKULTAS KEDOKTERAN DAN ILMU KESEHATAN,S1,A,SWASTA,DKI JAKARTA,A,4
24137500.0,6974.0,6974.0,FAKULTAS TEKNOBIOLOGI,S1,B,SWASTA,DKI JAKARTA,A,3
24137500.0,6974.0,6974.0,FAKULTAS EKONOMI DAN BISNIS,S1,A,SWASTA,DKI JAKARTA,A,4
24137500.0,6974.0,6974.0,FAKULTAS TEKNIK,S1,A,SWASTA,DKI JAKARTA,A,4
24137500.0,6974.0,6974.0,FAKULTAS KEDOKTERAN DAN ILMU KESEHATAN,S1,C,SWASTA,DKI JAKARTA,A,4
24137500.0,6974.0,6974.0,FAKULTAS PENDIDIKAN DAN BAHASA,S1,B,SWASTA,DKI JAKARTA,A,3
24137500.0,6974.0,6974.0,FAKULTAS HUKUM,S1,B,SWASTA,DKI JAKARTA,A,3
24137500.0,6974.0,6974.0,FAKULTAS ILMU ADMINISTRASI BISNIS DAN ILMU KOMUNIKASI,S1,A,SWASTA,DKI JAKARTA,A,4
24137500.0,6974.0,6974.0,FAKULTAS TEKNIK,S1,B,SWASTA,DKI JAKARTA,A,3
24137500.0,6974.0,6974.0,FAKULTAS KEDOKTERAN DAN ILMU KESEHATAN,S1,A,SWASTA,DKI JAKARTA,A,4
24137500.0,6974.0,6974.0,FAKULTAS EKONOMI DAN BISNIS,S1,A,SWASTA,DKI JAKARTA,A,4
24137500.0,6974.0,6974.0,FAKULTAS TEKNIK,S1,A,SWASTA,DKI JAKARTA,A,4
24137500.0,6974.0,6974.0,FAKULTAS ILMU ADMINISTRASI BISNIS DAN ILMU KOMUNIKASI,S1,BAIK SEKALI,SWASTA,DKI JAKARTA,A,2
24137500.0,6974.0,6974.0,FAKULTAS PSIKOLOGI,S1,A,SWASTA,DKI JAKARTA,A,4
24137500.0,6974.0,6974.0,FAKULTAS TEKNIK,S1,C,SWASTA,DKI JAKARTA,A,3
24137500.0,6974.0,6974.0,FAKULTAS TEKNOBIOLOGI,S1,B,SWASTA,DKI JAKARTA,A,3
24137500.0,6974.0,6974.0,FAKULTAS PENDIDIKAN DAN BAHASA,S1,B,SWASTA,DKI JAKARTA,A,3
7750000.0,5069.0,5069.0,EKONOMI DAN BISNIS,S1,A,SWASTA,JAWA TENGAH,A,4
7750000.0,5069.0,5069.0,ARSITEKTUR DAN DESAIN,S1,B,SWASTA,JAWA TENGAH,A,3
7750000.0,5069.0,5069.0,TEKNIK,S1,B,SWASTA,JAWA TENGAH,A,3
7750000.0,5069.0,5069.0,HUKUM DAN KOMUNIKASI,S1,A,SWASTA,JAWA TENGAH,A,4
7750000.0,5069.0,5069.0,HUKUM DAN KOMUNIKASI,S1,B,SWASTA,JAWA TENGAH,A,3
7750000.0,5069.0,5069.0,ILMU KOMPUTER,S1,B,SWASTA,JAWA TENGAH,A,3
7750000.0,5069.0,5069.0,KEDOKTERAN,S1,BAIK,SWASTA,JAWA TENGAH,A,4
7750000.0,5069.0,5069.0,EKONOMI DAN BISNIS,S1,BAIK SEKALI,SWASTA,JAWA TENGAH,A,2
7750000.0,5069.0,5069.0,EKONOMI DAN BISNIS,S1,B,SWASTA,JAWA TENGAH,A,3
7750000.0,5069.0,5069.0,PSIKOLOGI,S1,B,SWASTA,JAWA TENGAH,A,3
7750000.0,5069.0,5069.0,ILMU & TEKNOLOGI LINGKUNGAN,S1,BAIK,SWASTA,JAWA TENGAH,A,4
7750000.0,5069.0,5069.0,BAHASA DAN SENI,S1,B,SWASTA,JAWA TENGAH,A,3
7750000.0,5069.0,5069.0,TEKNIK,S1,B,SWASTA,JAWA TENGAH,A,3
7750000.0,5069.0,5069.0,ILMU KOMPUTER,S1,C,SWASTA,JAWA TENGAH,A,4
7750000.0,5069.0,5069.0,TEKNOLOGI PERTANIAN,S1,A,SWASTA,JAWA TENGAH,A,4
117235300.0,6012.0,419.0,FAKULTAS BISNIS,S1,A,SWASTA,JAWA TIMUR,A,0
117235300.0,6012.0,419.0,FAKULTAS KEGURUAN DAN ILMU PENDIDIKAN,S1,BAIK SEKALI,SWASTA,JAWA TIMUR,A,0
117235300.0,6012.0,419.0,FAKULTAS TEKNOLOGI PERTANIAN,S1,BAIK SEKALI,SWASTA,JAWA TIMUR,A,0
117235300.0,6012.0,419.0,FAKULTAS TEKNIK,S1,B,SWASTA,JAWA TIMUR,A,0
117235300.0,6012.0,419.0,FAKULTAS FARMASI,S1,A,SWASTA,JAWA TIMUR,A,0
117235300.0,6012.0,419.0,FAKULTAS ILMU FILSAFAT,S1,B,SWASTA,JAWA TIMUR,A,0
117235300.0,6012.0,419.0,FAKULTAS KEGURUAN DAN ILMU PENDIDIKAN,S1,B,SWASTA,JAWA TIMUR,A,0
117235300.0,6012.0,419.0,FAKULTAS KEGURUAN DAN ILMU PENDIDIKAN,S1,BAIK SEKALI,SWASTA,JAWA TIMUR,A,0
117235300.0,6012.0,419.0,FAKULTAS ILMU KOMUNIKASI,S1,B,SWASTA,JAWA TIMUR,A,0
117235300.0,6012.0,419.0,FAKULTAS TEKNIK,S1,B,SWASTA,JAWA TIMUR,A,0
117235300.0,6012.0,419.0,FAKULTAS KEDOKTERAN,S1,B,SWASTA,JAWA TIMUR,A,0
117235300.0,6012.0,419.0,FAKULTAS KEPERAWATAN,S1,B,SWASTA,JAWA TIMUR,A,0
117235300.0,6012.0,419.0,FAKULTAS KEWIRAUSAHAAN,S1,BAIK SEKALI,SWASTA,JAWA TIMUR,A,0
117235300.0,6012.0,419.0,FAKULTAS TEKNIK,S1,B,SWASTA,JAWA TIMUR,A,0
117235300.0,6012.0,419.0,FAKULTAS BISNIS,S1,A,SWASTA,JAWA TIMUR,A,0
117235300.0,6012.0,419.0,FAKULTAS KEGURUAN DAN ILMU PENDIDIKAN,S1,BAIK SEKALI,SWASTA,JAWA TIMUR,A,0
117235300.0,6012.0,419.0,FAKULTAS PSIKOLOGI,S1,B,SWASTA,JAWA TIMUR,A,0
117235300.0,6012.0,419.0,FAKULTAS TEKNOLOGI PERTANIAN,S1,A,SWASTA,JAWA TIMUR,A,0
20250000.0,7058.0,246.0,FAKULTAS ILMU ADMINISTRASI,S1,B,SWASTA,D.K.I. JAKARTA,B,3
20250000.0,7058.0,246.0,FAKULTAS ILMU ADMINISTRASI,S1,B,SWASTA,D.K.I. JAKARTA,B,3
20250000.0,7058.0,246.0,FAKULTAS EKONOMI,S1,B,SWASTA,D.K.I. JAKARTA,B,3
20250000.0,7058.0,246.0,FAKULTAS TEKNIK,S1,C,SWASTA,D.K.I. JAKARTA,B,3
20250000.0,7058.0,246.0,FAKULTAS TEKNIK,S1,C,SWASTA,D.K.I. JAKARTA,B,3
20250000.0,7058.0,246.0,FAKULTAS HUKUM,S1,A,SWASTA,D.K.I. JAKARTA,B,3
20250000.0,7058.0,246.0,FAKULTAS TEKNIK,S1,C,SWASTA,D.K.I. JAKARTA,B,3
20250000.0,7058.0,246.0,FAKULTAS TEKNIK,S1,B,SWASTA,D.K.I. JAKARTA,B,3
20250000.0,7058.0,246.0,FAKULTAS TEKNIK,S1,C,SWASTA,D.K.I. JAKARTA,B,3
20250000.0,7058.0,246.0,FAKULTAS TEKNIK,S1,B,SWASTA,D.K.I. JAKARTA,B,3
20250000.0,7058.0,246.0,FAKULTAS TEKNIK,S1,C,SWASTA,D.K.I. JAKARTA,B,3
20250000.0,7058.0,246.0,FAKULTAS TEKNIK,S1,BAIK,SWASTA,D.K.I. JAKARTA,B,3
2200000.0,5319.0,141.0,FAKULTAS EKONOMI,S1,BAIK,SWASTA,NUSA TENGGARA TIMUR,B,3
2200000.0,5319.0,141.0,FAKULTAS KEGURUAN DAN ILMU PENDIDIKAN,S1,BAIK SEKALI,SWASTA,NUSA TENGGARA TIMUR,B,2
2200000.0,5319.0,141.0,FAKULTAS PERIKANAN DAN ILMU KELAUTAN,S1,B,SWASTA,NUSA TENGGARA TIMUR,B,3
2200000.0,5319.0,141.0,FAKULTAS HUKUM,S1,B,SWASTA,NUSA TENGGARA TIMUR,B,3
2200000.0,5319.0,141.0,FAKULTAS EKONOMI,S1,BAIK SEKALI,SWASTA,NUSA TENGGARA TIMUR,B,2
2200000.0,5319.0,141.0,FAKULTAS TEOLOGI,S1,BAIK SEKALI,SWASTA,NUSA TENGGARA TIMUR,B,2
8000000.0,4420.0,153.0,BISNIS,S1,B,SWASTA,DI YOGYAKARTA,A,3
8000000.0,4420.0,153.0,ARSITEKTUR DAN DESAIN,S1,A,SWASTA,DI YOGYAKARTA,A,4
8000000.0,4420.0,153.0,BIOTEKNOLOGI,S1,A,SWASTA,DI YOGYAKARTA,A,4
8000000.0,4420.0,153.0,TEKNOLOGI INFORMASI,S1,B,SWASTA,DI YOGYAKARTA,A,3
8000000.0,4420.0,153.0,KEDOKTERAN,S1,B,SWASTA,DI YOGYAKARTA,A,3
8000000.0,4420.0,153.0,BISNIS,S1,B,SWASTA,DI YOGYAKARTA,A,3
8000000.0,4420.0,153.0,TEKNOLOGI INFORMASI,S1,B,SWASTA,DI YOGYAKARTA,A,3
8000000.0,4420.0,153.0,KEPENDIDIKAN DAN HUMANIORA,S1,BAIK,SWASTA,DI YOGYAKARTA,A,4
15000000.0,5761.0,360.0,FAKULTAS EKONOMI DAN BISNIS,S1,B,SWASTA,DKI JAKARTA,B,3
15000000.0,5761.0,360.0,FAKULTAS TEKNIK,S1,A,SWASTA,DKI JAKARTA,B,3
15000000.0,5761.0,360.0,FAKULTAS KEGURUAN DAN ILMU PENDIDIKAN,S1,B,SWASTA,DKI JAKARTA,B,3
15000000.0,5761.0,360.0,FAKULTAS KEGURUAN DAN ILMU PENDIDIKAN,S1,B,SWASTA,DKI JAKARTA,B,3
15000000.0,5761.0,360.0,FAKULTAS TEKNIK,S1,B,SWASTA,DKI JAKARTA,B,3
15000000.0,5761.0,360.0,FAKULTAS KEGURUAN DAN ILMU PENDIDIKAN,S1,C,SWASTA,DKI JAKARTA,B,3
15000000.0,5761.0,360.0,FAKULTAS ILMU SOSIAL DAN ILMU POLITIK,S1,A,SWASTA,DKI JAKARTA,B,3
15000000.0,5761.0,360.0,FAKULTAS HUKUM,S1,A,SWASTA,DKI JAKARTA,B,3
15000000.0,5761.0,360.0,FAKULTAS ILMU SOSIAL DAN ILMU POLITIK,S1,B,SWASTA,DKI JAKARTA,B,3
15000000.0,5761.0,360.0,FAKULTAS KEDOKTERAN,S1,B,SWASTA,DKI JAKARTA,B,3
15000000.0,5761.0,360.0,FAKULTAS KEGURUAN DAN ILMU PENDIDIKAN,S1,C,SWASTA,DKI JAKARTA,B,3
15000000.0,5761.0,360.0,FAKULTAS EKONOMI DAN BISNIS,S1,B,SWASTA,DKI JAKARTA,B,3
15000000.0,5761.0,360.0,FAKULTAS KEGURUAN DAN ILMU PENDIDIKAN,S1,B,SWASTA,DKI JAKARTA,B,3
15000000.0,5761.0,360.0,FAKULTAS TEKNIK,S1,B,SWASTA,DKI JAKARTA,B,3
15000000.0,5761.0,360.0,FAKULTAS ILMU SOSIAL DAN ILMU POLITIK,S1,C,SWASTA,DKI JAKARTA,B,3
15000000.0,5761.0,360.0,FAKULTAS SASTRA DAN BAHASA,S1,B,SWASTA,DKI JAKARTA,B,3
15000000.0,5761.0,360.0,FAKULTAS TEKNIK,S1,B,SWASTA,DKI JAKARTA,B,3
28000000.0,3000.0,300.0,FAKULTAS EKONOMI DAN BISNIS,S1,A,SWASTA,D.K.I. JAKARTA,C,3
28000000.0,3000.0,300.0,FAKULTAS TEKNIK DAN ILMU KOMPUTER,S1,B,SWASTA,D.K.I. JAKARTA,C,3
28000000.0,3000.0,300.0,FAKULTAS TEKNIK DAN ILMU KOMPUTER,S1,B,SWASTA,D.K.I. JAKARTA,C,3
28000000.0,3000.0,300.0,FAKULTAS TEKNIK DAN ILMU KOMPUTER,S1,B,SWASTA,D.K.I. JAKARTA,C,3
28000000.0,3000.0,300.0,FAKULTAS KEDOKTERAN DAN ILMU KESEHATAN,S1,B,SWASTA,D.K.I. JAKARTA,C,3
28000000.0,3000.0,300.0,FAKULTAS KEDOKTERAN DAN ILMU KESEHATAN,S1,BAIK,SWASTA,D.K.I. JAKARTA,C,3
28000000.0,3000.0,300.0,FAKULTAS EKONOMI DAN BISNIS,S1,A,SWASTA,D.K.I. JAKARTA,C,3
28000000.0,3000.0,300.0,FAKULTAS PSIKOLOGI,S1,A,SWASTA,D.K.I. JAKARTA,C,3
28000000.0,3000.0,300.0,FAKULTAS ILMU SOSIAL DAN HUMANIORA,S1,B,SWASTA,D.K.I. JAKARTA,C,3
28000000.0,3000.0,300.0,FAKULTAS TEKNIK DAN ILMU KOMPUTER,S1,B,SWASTA,D.K.I. JAKARTA,C,3
28000000.0,3000.0,300.0,FAKULTAS TEKNIK DAN ILMU KOMPUTER,S1,B,SWASTA,D.K.I. JAKARTA,C,3
14000000.0,7260.0,348.0,SCHOOL OF BUSINESS AND MANAGEMENT,S1,A,SWASTA,JAWA TIMUR,A,4
14000000.0,7260.0,348.0,CIVIL ENGINEERING AND PLANNING,S1,A,SWASTA,JAWA TIMUR,A,4
14000000.0,7260.0,348.0,HUMANITIES AND CREATIVE INDUSTRIES,S1,A,SWASTA,JAWA TIMUR,A,4
14000000.0,7260.0,348.0,HUMANITIES AND CREATIVE INDUSTRIES,S1,A,SWASTA,JAWA TIMUR,A,4
14000000.0,7260.0,348.0,TEACHER EDUCATION,S1,BAIK,SWASTA,JAWA TIMUR,A,2
14000000.0,7260.0,348.0,TEACHER EDUCATION,S1,C,SWASTA,JAWA TIMUR,A,2
14000000.0,7260.0,348.0,HUMANITIES AND CREATIVE INDUSTRIES,S1,A,SWASTA,JAWA TIMUR,A,4
14000000.0,7260.0,348.0,INDUSTRIAL TECHNOLOGY,S1,A,SWASTA,JAWA TIMUR,A,4
14000000.0,7260.0,348.0,INDUSTRIAL TECHNOLOGY,S1,A,SWASTA,JAWA TIMUR,A,4
14000000.0,7260.0,348.0,HUMANITIES AND CREATIVE INDUSTRIES,S1,B,SWASTA,JAWA TIMUR,A,3
14000000.0,7260.0,348.0,CIVIL ENGINEERING AND PLANNING,S1,A,SWASTA,JAWA TIMUR,A,4
138425000.0,10706.0,461.0,FAKULTAS PERTANIAN DAN BISNIS,S1,B,SWASTA,JAWA TENGAH,A,0
138425000.0,10706.0,461.0,FAKULTAS PERTANIAN DAN BISNIS,S1,A,SWASTA,JAWA TENGAH,A,0
138425000.0,10706.0,461.0,FAKULTAS EKONOMIKA DAN BISNIS,S1,UNGGUL,SWASTA,JAWA TENGAH,A,0
138425000.0,10706.0,461.0,FAKULTAS BIOLOGI,S1,A,SWASTA,JAWA TENGAH,A,0
138425000.0,10706.0,461.0,FAKULTAS TEKNIK ELEKTRONIKA DAN KOMPUTER,S1,B,SWASTA,JAWA TENGAH,A,0
138425000.0,10706.0,461.0,FAKULTAS SAINS DAN MATEMATIKA,S1,B,SWASTA,JAWA TENGAH,A,0
138425000.0,10706.0,461.0,FAKULTAS KEDOKTERAN DAN ILMU KESEHATAN,S1,C,SWASTA,JAWA TENGAH,A,0
138425000.0,10706.0,461.0,FAKULTAS KEGURUAN DAN ILMU PENDIDIKAN,S1,B,SWASTA,JAWA TENGAH,A,0
138425000.0,10706.0,461.0,FAKULTAS ILMU SOSIAL DAN ILMU KOMUNIKASI,S1,B,SWASTA,JAWA TENGAH,A,0
138425000.0,10706.0,461.0,FAKULTAS HUKUM,S1,A,SWASTA,JAWA TENGAH,A,0
138425000.0,10706.0,461.0,FAKULTAS ILMU SOSIAL DAN ILMU KOMUNIKASI,S1,B,SWASTA,JAWA TENGAH,A,0
138425000.0,10706.0,461.0,FAKULTAS TEKNOLOGI INFORMASI,S1,B,SWASTA,JAWA TENGAH,A,0
138425000.0,10706.0,461.0,FAKULTAS TEKNOLOGI INFORMASI,S1,B,SWASTA,JAWA TENGAH,A,0
138425000.0,10706.0,461.0,FAKULTAS KEDOKTERAN DAN ILMU KESEHATAN,S1,B,SWASTA,JAWA TENGAH,A,0
138425000.0,10706.0,461.0,FAKULTAS SAINS DAN MATEMATIKA,S1,B,SWASTA,JAWA TENGAH,A,0
138425000.0,10706.0,461.0,FAKULTAS TEKNIK ELEKTRONIKA DAN KOMPUTER,S1,BAIK SEKALI,SWASTA,JAWA TENGAH,A,0
138425000.0,10706.0,461.0,FAKULTAS KEGURUAN DAN ILMU PENDIDIKAN,S1,B,SWASTA,JAWA TENGAH,A,0
138425000.0,10706.0,461.0,FAKULTAS PSIKOLOGI,S1,A,SWASTA,JAWA TENGAH,A,0
138425000.0,10706.0,461.0,FAKULTAS BAHASA DAN SENI,S1,BAIK SEKALI,SWASTA,JAWA TENGAH,A,0
138425000.0,10706.0,461.0,FAKULTAS BAHASA DAN SENI,S1,BAIK SEKALI,SWASTA,JAWA TENGAH,A,0
138425000.0,10706.0,461.0,FAKULTAS TEKNOLOGI INFORMASI,S1,A,SWASTA,JAWA TENGAH,A,0
138425000.0,10706.0,461.0,FAKULTAS ILMU SOSIAL DAN ILMU KOMUNIKASI,S1,A,SWASTA,JAWA TENGAH,A,0
138425000.0,10706.0,461.0,FAKULTAS KEDOKTERAN DAN ILMU KESEHATAN,S1,BAIK SEKALI,SWASTA,JAWA TENGAH,A,0
138425000.0,10706.0,461.0,FAKULTAS TEOLOGI,S1,A,SWASTA,JAWA TENGAH,A,0
5750000.0,7872.0,259.0,EKONOMI DAN BISNIS,S1,B,SWASTA,JAWA BARAT,B,3
5750000.0,7872.0,259.0,TEKNIK,S1,B,SWASTA,JAWA BARAT,B,3
5750000.0,7872.0,259.0,KEGURUAN DAN ILMU PENDIDIKAN,S1,B,SWASTA,JAWA BARAT,B,3
5750000.0,7872.0,259.0,TEKNIK,S1,B,SWASTA,JAWA BARAT,B,3
5750000.0,7872.0,259.0,KEGURUAN DAN ILMU PENDIDIKAN,S1,B,SWASTA,JAWA BARAT,B,3
5750000.0,7872.0,259.0,HUKUM,S1,B,SWASTA,JAWA BARAT,B,3
5750000.0,7872.0,259.0,ILMU SOSIAL DAN ILMU POLITIK,S1,B,SWASTA,JAWA BARAT,B,3
5750000.0,7872.0,259.0,TEKNIK,S1,B,SWASTA,JAWA BARAT,B,3
5750000.0,7872.0,259.0,TEKNIK,S1,B,SWASTA,JAWA BARAT,B,3
5750000.0,7872.0,259.0,ILMU SOSIAL DAN ILMU POLITIK,S1,B,SWASTA,JAWA BARAT,B,3
5750000.0,7872.0,259.0,EKONOMI DAN BISNIS,S1,B,SWASTA,JAWA BARAT,B,3
5750000.0,7872.0,259.0,KEGURUAN DAN ILMU PENDIDIKAN,S1,B,SWASTA,JAWA BARAT,B,3
5750000.0,7872.0,259.0,ILMU SOSIAL DAN ILMU POLITIK,S1,A,SWASTA,JAWA BARAT,B,3
5750000.0,7872.0,259.0,TEKNIK,S1,B,SWASTA,JAWA BARAT,B,3
10200000.0,1706.0,83.0,FAKULTAS EKONOMI DAN BISNIS,S1,B,SWASTA,JAWA TIMUR,B,3
10200000.0,1706.0,83.0,FAKULTAS SAINS DAN TEKNOLOGI,S1,B,SWASTA,JAWA TIMUR,B,3
10200000.0,1706.0,83.0,FAKULTAS SAINS DAN TEKNOLOGI,S1,C,SWASTA,JAWA TIMUR,B,2
10200000.0,1706.0,83.0,FAKULTAS SAINS DAN TEKNOLOGI,S1,B,SWASTA,JAWA TIMUR,B,3
10200000.0,1706.0,83.0,FAKULTAS SAINS DAN TEKNOLOGI,S1,B,SWASTA,JAWA TIMUR,B,3
10200000.0,1706.0,83.0,FAKULTAS EKONOMI DAN BISNIS,S1,B,SWASTA,JAWA TIMUR,B,3
10200000.0,1706.0,83.0,FAKULTAS BAHASA DAN SENI,S1,A,SWASTA,JAWA TIMUR,B,2
10200000.0,1706.0,83.0,FAKULTAS SAINS DAN TEKNOLOGI,S1,B,SWASTA,JAWA TIMUR,B,3
6672400.0,9118.0,312.0,FAKULTAS PERTANIAN,S1,B,SWASTA,BALI,UNGGUL,3
6672400.0,9118.0,312.0,FAKULTAS PERTANIAN,S1,B,SWASTA,BALI,UNGGUL,3
6672400.0,9118.0,312.0,FAKULTAS EKONOMI,S1,B,SWASTA,BALI,UNGGUL,3
6672400.0,9118.0,312.0,FAKULTAS KEGURUAN DAN ILMU PENDIDIKAN,S1,B,SWASTA,BALI,UNGGUL,3
6672400.0,9118.0,312.0,FAKULTAS HUKUM,S1,B,SWASTA,BALI,UNGGUL,3
6672400.0,9118.0,312.0,FAKULTAS KEDOKTERAN GIGI,S1,A,SWASTA,BALI,UNGGUL,4
6672400.0,9118.0,312.0,FAKULTAS KEGURUAN DAN ILMU PENDIDIKAN,S1,B,SWASTA,BALI,UNGGUL,3
6672400.0,9118.0,312.0,FAKULTAS TEKNIK,S1,B,SWASTA,BALI,UNGGUL,3
13500000.0,5556.0,301.0,FAKULTAS EKONOMI,S1,B,SWASTA,LAMPUNG,B,3
13500000.0,5556.0,301.0,FAKULTAS KEDOKTERAN,S1,BAIK SEKALI,SWASTA,LAMPUNG,B,2
13500000.0,5556.0,301.0,FAKULTAS HUKUM,S1,BAIK,SWASTA,LAMPUNG,B,3
13500000.0,5556.0,301.0,FAKULTAS TEKNIK,S1,C,SWASTA,LAMPUNG,B,3
13500000.0,5556.0,301.0,FAKULTAS KEDOKTERAN,S1,B,SWASTA,LAMPUNG,B,3
13500000.0,5556.0,301.0,FAKULTAS KEDOKTERAN,S1,B,SWASTA,LAMPUNG,B,3
13500000.0,5556.0,301.0,FAKULTAS KEDOKTERAN,S1,B,SWASTA,LAMPUNG,B,3
13500000.0,5556.0,301.0,FAKULTAS KESEHATAN MASYARAKAT,S1,B,SWASTA,LAMPUNG,B,3
13500000.0,5556.0,301.0,FAKULTAS TEKNIK,S1,B,SWASTA,LAMPUNG,B,3
13500000.0,5556.0,301.0,FAKULTAS EKONOMI,S1,C,SWASTA,LAMPUNG,B,3
13500000.0,5556.0,301.0,FAKULTAS TEKNIK,S1,C,SWASTA,LAMPUNG,B,3
13500000.0,5556.0,301.0,FAKULTAS KEDOKTERAN,S1,BAIK,SWASTA,LAMPUNG,B,3
13500000.0,5556.0,301.0,FAKULTAS TEKNIK,S1,C,SWASTA,LAMPUNG,B,3
8625000.0,9103.0,9103.0,FAKULTAS PERTANIAN,S1,A,SWASTA,SUMATERA UTARA,B,3
8625000.0,9103.0,9103.0,FAKULTAS PERTANIAN,S1,BAIK SEKALI,SWASTA,SUMATERA UTARA,B,3
8625000.0,9103.0,9103.0,FAKULTAS ILMU SOSIAL DAN ILMU POLITIK,S1,B,SWASTA,SUMATERA UTARA,B,3
8625000.0,9103.0,9103.0,FAKULTAS TEKNIK,S1,B,SWASTA,SUMATERA UTARA,B,3
8625000.0,9103.0,9103.0,FAKULTAS BIOLOGI,S1,B,SWASTA,SUMATERA UTARA,B,3
8625000.0,9103.0,9103.0,FAKULTAS PERTANIAN,S1,B,SWASTA,SUMATERA UTARA,B,3
8625000.0,9103.0,9103.0,FAKULTAS HUKUM,S1,B,SWASTA,SUMATERA UTARA,B,3
8625000.0,9103.0,9103.0,FAKULTAS ILMU SOSIAL DAN ILMU POLITIK,S1,B,SWASTA,SUMATERA UTARA,B,3
8625000.0,9103.0,9103.0,FAKULTAS TEKNIK,S1,B,SWASTA,SUMATERA UTARA,B,3
8625000.0,9103.0,9103.0,FAKULTAS TEKNIK,S1,C,SWASTA,SUMATERA UTARA,B,3
8625000.0,9103.0,9103.0,FAKULTAS ILMU SOSIAL DAN ILMU POLITIK,S1,A,SWASTA,SUMATERA UTARA,B,3
8625000.0,9103.0,9103.0,FAKULTAS TEKNIK,S1,B,SWASTA,SUMATERA UTARA,B,3
8625000.0,9103.0,9103.0,FAKULTAS ILMU SOSIAL DAN ILMU POLITIK,S1,B,SWASTA,SUMATERA UTARA,B,3
8625000.0,9103.0,9103.0,FAKULTAS PSIKOLOGI,S1,B,SWASTA,SUMATERA UTARA,B,3
8625000.0,9103.0,9103.0,FAKULTAS TEKNIK,S1,B,SWASTA,SUMATERA UTARA,B,3
5000000.0,22492.0,1080.0,FAKULTAS EKONOMI DAN BISNIS,S1,UNGGUL,SWASTA,D.K.I. JAKARTA,UNGGUL,3
5000000.0,22492.0,1080.0,FAKULTAS TEKNIK,S1,BAIK SEKALI,SWASTA,D.K.I. JAKARTA,UNGGUL,3
5000000.0,22492.0,1080.0,FAKULTAS DESAIN DAN SENI KREATIF,S1,BAIK SEKALI,SWASTA,D.K.I. JAKARTA,UNGGUL,3
5000000.0,22492.0,1080.0,FAKULTAS DESAIN DAN SENI KREATIF,S1,B,SWASTA,D.K.I. JAKARTA,UNGGUL,3
5000000.0,22492.0,1080.0,FAKULTAS DESAIN DAN SENI KREATIF,S1,B,SWASTA,D.K.I. JAKARTA,UNGGUL,3
5000000.0,22492.0,1080.0,FAKULTAS TEKNIK,S1,UNGGUL,SWASTA,D.K.I. JAKARTA,UNGGUL,3
5000000.0,22492.0,1080.0,FAKULTAS ILMU KOMUNIKASI,S1,A,SWASTA,D.K.I. JAKARTA,UNGGUL,4
5000000.0,22492.0,1080.0,FAKULTAS TEKNIK,S1,UNGGUL,SWASTA,D.K.I. JAKARTA,UNGGUL,3
5000000.0,22492.0,1080.0,FAKULTAS ILMU KOMPUTER,S1,UNGGUL,SWASTA,D.K.I. JAKARTA,UNGGUL,3
5000000.0,22492.0,1080.0,FAKULTAS EKONOMI DAN BISNIS,S1,UNGGUL,SWASTA,D.K.I. JAKARTA,UNGGUL,3
5000000.0,22492.0,1080.0,FAKULTAS TEKNIK,S1,UNGGUL,SWASTA,D.K.I. JAKARTA,UNGGUL,3
5000000.0,22492.0,1080.0,FAKULTAS PSIKOLOGI,S1,B,SWASTA,D.K.I. JAKARTA,UNGGUL,3
5000000.0,22492.0,1080.0,FAKULTAS TEKNIK,S1,UNGGUL,SWASTA,D.K.I. JAKARTA,UNGGUL,3
5000000.0,22492.0,1080.0,FAKULTAS ILMU KOMPUTER,S1,BAIK SEKALI,SWASTA,D.K.I. JAKARTA,UNGGUL,3
9500000.0,7861.0,172.0,FAKULTAS ILMU SOSIAL DAN ILMU POLITIK,S1,BAIK SEKALI,SWASTA,JAWA TIMUR,B,2
9500000.0,7861.0,172.0,FAKULTAS ILMU SOSIAL DAN ILMU POLITIK,S1,A,SWASTA,JAWA TIMUR,B,3
9500000.0,7861.0,172.0,FAKULTAS ILMU SOSIAL DAN ILMU POLITIK,S1,B,SWASTA,JAWA TIMUR,B,3
9500000.0,7861.0,172.0,FAKULTAS EKONOMI DAN BISNIS,S1,A,SWASTA,JAWA TIMUR,B,3
9500000.0,7861.0,172.0,FAKULTAS TEKNIK,S1,B,SWASTA,JAWA TIMUR,B,3
9500000.0,7861.0,172.0,FAKULTAS EKONOMI DAN BISNIS,S1,B,SWASTA,JAWA TIMUR,B,3
9500000.0,7861.0,172.0,FAKULTAS TEKNIK,S1,B,SWASTA,JAWA TIMUR,B,3
9500000.0,7861.0,172.0,FAKULTAS HUKUM,S1,A,SWASTA,JAWA TIMUR,B,3
9500000.0,7861.0,172.0,FAKULTAS ILMU SOSIAL DAN ILMU POLITIK,S1,B,SWASTA,JAWA TIMUR,B,3
9500000.0,7861.0,172.0,FAKULTAS TEKNIK,S1,B,SWASTA,JAWA TIMUR,B,3
9500000.0,7861.0,172.0,FAKULTAS EKONOMI DAN BISNIS,S1,A,SWASTA,JAWA TIMUR,B,3
9500000.0,7861.0,172.0,FAKULTAS EKONOMI DAN BISNIS,S1,B,SWASTA,JAWA TIMUR,B,3
9500000.0,7861.0,172.0,FAKULTAS TEKNIK,S1,B,SWASTA,JAWA TIMUR,B,3
9500000.0,7861.0,172.0,FAKULTAS PSIKOLOGI,S1,B,SWASTA,JAWA TIMUR,B,3
9500000.0,7861.0,172.0,FAKULTAS TEKNIK,S1,B,SWASTA,JAWA TIMUR,B,3
9500000.0,7861.0,172.0,FAKULTAS TEKNOLOGI INFORMASI,S1,B,SWASTA,JAWA TIMUR,B,3
25000000.0,4687.0,167.0,FAKULTAS PERTANIAN,S1,B,SWASTA,SUMATERA UTARA,B,3
25000000.0,4687.0,167.0,FAKULTAS PERTANIAN,S1,B,SWASTA,SUMATERA UTARA,B,3
25000000.0,4687.0,167.0,FAKULTAS EKONOMI,S1,B,SWASTA,SUMATERA UTARA,B,3
25000000.0,4687.0,167.0,FAKULTAS ILMU KOMPUTER,S1,B,SWASTA,SUMATERA UTARA,B,3
25000000.0,4687.0,167.0,FAKULTAS KEDOKTERAN,S1,C,SWASTA,SUMATERA UTARA,B,3
25000000.0,4687.0,167.0,FAKULTAS EKONOMI,S1,B,SWASTA,SUMATERA UTARA,B,3
25000000.0,4687.0,167.0,FAKULTAS SASTRA,S1,B,SWASTA,SUMATERA UTARA,B,3
25000000.0,4687.0,167.0,FAKULTAS ILMU KOMPUTER,S1,B,SWASTA,SUMATERA UTARA,B,3
5668500.0,2102.0,110.0,FAKULTAS EKONOMI,S1,BAIK,SWASTA,D.K.I. JAKARTA,B,3
5668500.0,2102.0,110.0,FAKULTAS TEKNIK,S1,B,SWASTA,D.K.I. JAKARTA,B,3
5668500.0,2102.0,110.0,FAKULTAS TEKNIK,S1,C,SWASTA,D.K.I. JAKARTA,B,3
5668500.0,2102.0,110.0,FAKULTAS HUKUM,S1,B,SWASTA,D.K.I. JAKARTA,B,3
5668500.0,2102.0,110.0,FAKULTAS ILMU KOMUNIKASI,S1,C,SWASTA,D.K.I. JAKARTA,B,3
5668500.0,2102.0,110.0,FAKULTAS TEKNIK,S1,BAIK,SWASTA,D.K.I. JAKARTA,B,3
5668500.0,2102.0,110.0,FAKULTAS TEKNIK,S1,C,SWASTA,D.K.I. JAKARTA,B,3
5668500.0,2102.0,110.0,FAKULTAS EKONOMI,S1,C,SWASTA,D.K.I. JAKARTA,B,3
5668500.0,2102.0,110.0,FAKULTAS TEKNIK,S1,BAIK,SWASTA,D.K.I. JAKARTA,B,3
5668500.0,2102.0,110.0,FAKULTAS TEKNIK,S1,C,SWASTA,D.K.I. JAKARTA,B,3
7752500.0,5808.0,168.0,FAKULTAS EKONOMI,S1,BAIK SEKALI,SWASTA,ACEH,BAIK SEKALI,2
7752500.0,5808.0,168.0,FAKULTAS TEKNIK,S1,BAIK,SWASTA,ACEH,BAIK SEKALI,2
7752500.0,5808.0,168.0,FAKULTAS HUKUM,S1,B,SWASTA,ACEH,BAIK SEKALI,2
7752500.0,5808.0,168.0,FAKULTAS KESEHATAN MASYARAKAT,S1,UNGGUL,SWASTA,ACEH,BAIK SEKALI,2
7752500.0,5808.0,168.0,FAKULTAS EKONOMI,S1,BAIK SEKALI,SWASTA,ACEH,BAIK SEKALI,2
7752500.0,5808.0,168.0,FAKULTAS PSIKOLOGI,S1,B,SWASTA,ACEH,BAIK SEKALI,2
7752500.0,5808.0,168.0,FAKULTAS TEKNIK,S1,BAIK SEKALI,SWASTA,ACEH,BAIK SEKALI,2
3300000.0,8564.0,282.0,FAKULTAS PERTANIAN,S1,B,SWASTA,BENGKULU,B,3
3300000.0,8564.0,282.0,FAKULTAS PERTANIAN,S1,B,SWASTA,BENGKULU,B,3
3300000.0,8564.0,282.0,FAKULTAS EKONOMI,S1,B,SWASTA,BENGKULU,B,3
3300000.0,8564.0,282.0,FAKULTAS KEGURUAN DAN ILMU PENDIDIKAN,S1,B,SWASTA,BENGKULU,B,3
3300000.0,8564.0,282.0,FAKULTAS KEGURUAN DAN ILMU PENDIDIKAN,S1,B,SWASTA,BENGKULU,B,3
3300000.0,8564.0,282.0,FAKULTAS HUKUM,S1,B,SWASTA,BENGKULU,B,3
3300000.0,8564.0,282.0,FAKULTAS AGAMA ISLAM,S1,B,SWASTA,BENGKULU,B,3
3300000.0,8564.0,282.0,FAKULTAS TEKNIK,S1,C,SWASTA,BENGKULU,B,3
3300000.0,8564.0,282.0,FAKULTAS ILMU KESEHATAN,S1,B,SWASTA,BENGKULU,B,3
3300000.0,8564.0,282.0,FAKULTAS ILMU KESEHATAN,S1,B,SWASTA,BENGKULU,B,3
3300000.0,8564.0,282.0,FAKULTAS EKONOMI,S1,B,SWASTA,BENGKULU,B,3
3300000.0,8564.0,282.0,FAKULTAS KEGURUAN DAN ILMU PENDIDIKAN,S1,B,SWASTA,BENGKULU,B,3
3300000.0,8564.0,282.0,FAKULTAS PERTANIAN,S1,B,SWASTA,BENGKULU,B,3
3300000.0,8564.0,282.0,FAKULTAS TEKNIK,S1,C,SWASTA,BENGKULU,B,3
3300000.0,8564.0,282.0,FAKULTAS ILMU SOSIAL POLITIK,S1,B,SWASTA,BENGKULU,B,3
3850000.0,5548.0,112.0,FAKULTAS PERTANIAN,S1,B,SWASTA,SULAWESI TENGGARA,BAIK SEKALI,2
3850000.0,5548.0,112.0,FAKULTAS EKONOMI,S1,C,SWASTA,SULAWESI TENGGARA,BAIK SEKALI,2
3850000.0,5548.0,112.0,FAKULTAS KEGURUAN DAN ILMU PENDIDIKAN,S1,C,SWASTA,SULAWESI TENGGARA,BAIK SEKALI,2
3850000.0,5548.0,112.0,FAKULTAS HUKUM,S1,B,SWASTA,SULAWESI TENGGARA,BAIK SEKALI,2
3850000.0,5548.0,112.0,FAKULTAS ILMU SOSIAL DAN ILMU POLITIK,S1,B,SWASTA,SULAWESI TENGGARA,BAIK SEKALI,2
3850000.0,5548.0,112.0,FAKULTAS TEKNIK,S1,C,SWASTA,SULAWESI TENGGARA,BAIK SEKALI,2
5500000.0,4224.0,154.0,FAKULTAS ILMU-ILMU PERTANIAN,S1,B,SWASTA,GORONTALO,BAIK SEKALI,2
5500000.0,4224.0,154.0,FAKULTAS SAINS DAN TEKNOLOGI,S1,BAIK SEKALI,SWASTA,GORONTALO,BAIK SEKALI,2
5500000.0,4224.0,154.0,FAKULTAS ILMU KESEHATAN,S1,BAIK SEKALI,SWASTA,GORONTALO,BAIK SEKALI,2
5500000.0,4224.0,154.0,FAKULTAS ILMU-ILMU PERTANIAN,S1,BAIK,SWASTA,GORONTALO,BAIK SEKALI,2
5500000.0,4224.0,154.0,FAKULTAS ILMU BUDAYA,S1,B,SWASTA,GORONTALO,BAIK SEKALI,2
5500000.0,4224.0,154.0,FAKULTAS ILMU BUDAYA,S1,B,SWASTA,GORONTALO,BAIK SEKALI,2
5500000.0,4224.0,154.0,FAKULTAS SAINS DAN TEKNOLOGI,S1,BAIK SEKALI,SWASTA,GORONTALO,BAIK SEKALI,2
12255600.0,21890.0,495.0,FAKULTAS ILMU SOSIAL DAN ILMU POLITIK,S1,B,SWASTA,D.K.I. JAKARTA,B,3
12255600.0,21890.0,495.0,FAKULTAS PERTANIAN,S1,B,SWASTA,D.K.I. JAKARTA,B,3
12255600.0,21890.0,495.0,FAKULTAS EKONOMI,S1,B,SWASTA,D.K.I. JAKARTA,B,3
12255600.0,21890.0,495.0,FAKULTAS TEKNIK,S1,A,SWASTA,D.K.I. JAKARTA,B,3
12255600.0,21890.0,495.0,FAKULTAS TEKNIK,S1,B,SWASTA,D.K.I. JAKARTA,B,3
12255600.0,21890.0,495.0,FAKULTAS ILMU PENDIDIKAN,S1,UNGGUL,SWASTA,D.K.I. JAKARTA,B,3
12255600.0,21890.0,495.0,FAKULTAS AGAMA ISLAM,S1,A,SWASTA,D.K.I. JAKARTA,B,3
12255600.0,21890.0,495.0,FAKULTAS HUKUM,S1,A,SWASTA,D.K.I. JAKARTA,B,3
12255600.0,21890.0,495.0,FAKULTAS AGAMA ISLAM,S1,B,SWASTA,D.K.I. JAKARTA,B,3
12255600.0,21890.0,495.0,FAKULTAS TEKNIK,S1,B,SWASTA,D.K.I. JAKARTA,B,3
12255600.0,21890.0,495.0,FAKULTAS TEKNIK,S1,B,SWASTA,D.K.I. JAKARTA,B,3
12255600.0,21890.0,495.0,FAKULTAS ILMU KEPERAWATAN,S1,A,SWASTA,D.K.I. JAKARTA,B,3
12255600.0,21890.0,495.0,FAKULTAS KEDOKTERAN DAN KESEHATAN,S1,B,SWASTA,D.K.I. JAKARTA,B,3
12255600.0,21890.0,495.0,FAKULTAS ILMU SOSIAL DAN ILMU POLITIK,S1,A,SWASTA,D.K.I. JAKARTA,B,3
12255600.0,21890.0,495.0,FAKULTAS TEKNIK,S1,B,SWASTA,D.K.I. JAKARTA,B,3
12255600.0,21890.0,495.0,FAKULTAS EKONOMI,S1,B,SWASTA,D.K.I. JAKARTA,B,3
12255600.0,21890.0,495.0,FAKULTAS ILMU PENDIDIKAN,S1,B,SWASTA,D.K.I. JAKARTA,B,3
12255600.0,21890.0,495.0,FAKULTAS TEKNIK,S1,B,SWASTA,D.K.I. JAKARTA,B,3
12255600.0,21890.0,495.0,FAKULTAS ILMU SOSIAL DAN ILMU POLITIK,S1,A,SWASTA,D.K.I. JAKARTA,B,3
12255600.0,21890.0,495.0,FAKULTAS TEKNIK,S1,B,SWASTA,D.K.I. JAKARTA,B,3
12255600.0,21890.0,495.0,FAKULTAS ILMU PENDIDIKAN,S1,C,SWASTA,D.K.I. JAKARTA,B,3
23430100.0,5299.0,5299.0,PERTANIAN,S1,B,SWASTA,JAWA TIMUR,B,3
23430100.0,5299.0,5299.0,PERTANIAN,S1,B,SWASTA,JAWA TIMUR,B,3
23430100.0,5299.0,5299.0,EKONOMI,S1,A,SWASTA,JAWA TIMUR,B,3
23430100.0,5299.0,5299.0,KEGURUAN DAN ILMU PENDIDIKAN,S1,B,SWASTA,JAWA TIMUR,B,3
23430100.0,5299.0,5299.0,TEKNIK,S1,B,SWASTA,JAWA TIMUR,B,3
23430100.0,5299.0,5299.0,KEGURUAN DAN ILMU PENDIDIKAN,S1,B,SWASTA,JAWA TIMUR,B,3
23430100.0,5299.0,5299.0,HUKUM,S1,B,SWASTA,JAWA TIMUR,B,3
23430100.0,5299.0,5299.0,ILMU SOSIAL DAN ILMU POLITIK,S1,A,SWASTA,JAWA TIMUR,B,3
23430100.0,5299.0,5299.0,TEKNIK,S1,B,SWASTA,JAWA TIMUR,B,3
23430100.0,5299.0,5299.0,ILMU KESEHATAN,S1,B,SWASTA,JAWA TIMUR,B,3
23430100.0,5299.0,5299.0,EKONOMI,S1,B,SWASTA,JAWA TIMUR,B,3
23430100.0,5299.0,5299.0,TEKNIK,S1,B,SWASTA,JAWA TIMUR,B,3
23430100.0,5299.0,5299.0,KEGURUAN DAN ILMU PENDIDIKAN,S1,B,SWASTA,JAWA TIMUR,B,3
23430100.0,5299.0,5299.0,TEKNIK,S1,BAIK SEKALI,SWASTA,JAWA TIMUR,B,2
23430100.0,5299.0,5299.0,KEGURUAN DAN ILMU PENDIDIKAN,S1,BAIK,SWASTA,JAWA TIMUR,B,3
23430100.0,5299.0,5299.0,ILMU SOSIAL DAN ILMU POLITIK,S1,B,SWASTA,JAWA TIMUR,B,3
23430100.0,5299.0,5299.0,PERTANIAN,S1,BAIK,SWASTA,JAWA TIMUR,B,3
23430100.0,5299.0,5299.0,PSIKOLOGI,S1,B,SWASTA,JAWA TIMUR,B,3
23430100.0,5299.0,5299.0,TEKNIK,S1,B,SWASTA,JAWA TIMUR,B,3
5992500.0,2000.0,120.0,FAKULTAS ILMU KESEHATAN DAN FARMASI,S1,BAIK SEKALI,SWASTA,KALIMANTAN TIMUR,BAIK SEKALI,2
5992500.0,2000.0,120.0,FAKULTAS ILMU-ILMU SOSIAL DAN HUMANIORA,S1,B,SWASTA,KALIMANTAN TIMUR,BAIK SEKALI,2
5992500.0,2000.0,120.0,FAKULTAS ILMU-ILMU SOSIAL DAN HUMANIORA,S1,B,SWASTA,KALIMANTAN TIMUR,BAIK SEKALI,2
5992500.0,2000.0,120.0,FAKULTAS SAINS DAN TEKNOLOGI,S1,BAIK SEKALI,SWASTA,KALIMANTAN TIMUR,BAIK SEKALI,2
5992500.0,2000.0,120.0,FAKULTAS ILMU KESEHATAN DAN FARMASI,S1,UNGGUL,SWASTA,KALIMANTAN TIMUR,BAIK SEKALI,2
5992500.0,2000.0,120.0,FAKULTAS ILMU KESEHATAN DAN FARMASI,S1,UNGGUL,SWASTA,KALIMANTAN TIMUR,BAIK SEKALI,2
5992500.0,2000.0,120.0,FAKULTAS ILMU-ILMU SOSIAL DAN HUMANIORA,S1,BAIK SEKALI,SWASTA,KALIMANTAN TIMUR,BAIK SEKALI,2
5992500.0,2000.0,120.0,FAKULTAS SAINS DAN TEKNOLOGI,S1,BAIK SEKALI,SWASTA,KALIMANTAN TIMUR,BAIK SEKALI,2
5992500.0,2000.0,120.0,FAKULTAS KEGURUAN DAN ILMU PENDIDIKAN,S1,B,SWASTA,KALIMANTAN TIMUR,BAIK SEKALI,2
5992500.0,2000.0,120.0,FAKULTAS ILMU-ILMU SOSIAL DAN HUMANIORA,S1,BAIK SEKALI,SWASTA,KALIMANTAN TIMUR,BAIK SEKALI,2
5992500.0,2000.0,120.0,FAKULTAS SAINS DAN TEKNOLOGI,S1,BAIK SEKALI,SWASTA,KALIMANTAN TIMUR,BAIK SEKALI,2
14790000.0,6270.0,176.0,FAKULTAS EKONOMI DAN BISNIS,S1,B,SWASTA,JAWA TENGAH,B,3
14790000.0,6270.0,176.0,FAKULTAS ILMU KESEHATAN,S1,C,SWASTA,JAWA TENGAH,B,3
14790000.0,6270.0,176.0,FAKULTAS KEGURUAN DAN ILMU PENDIDIKAN,S1,A,SWASTA,JAWA TENGAH,B,4
14790000.0,6270.0,176.0,FAKULTAS HUKUM,S1,A,SWASTA,JAWA TENGAH,B,3
14790000.0,6270.0,176.0,FAKULTAS TEKNIK,S1,B,SWASTA,JAWA TENGAH,B,3
14790000.0,6270.0,176.0,FAKULTAS TEKNIK,S1,B,SWASTA,JAWA TENGAH,B,3
14790000.0,6270.0,176.0,FAKULTAS ILMU KESEHATAN,S1,B,SWASTA,JAWA TENGAH,B,3
14790000.0,6270.0,176.0,FAKULTAS EKONOMI DAN BISNIS,S1,B,SWASTA,JAWA TENGAH,B,3
14790000.0,6270.0,176.0,FAKULTAS PSIKOLOGI DAN HUMANIORA,S1,C,SWASTA,JAWA TENGAH,B,3
11300000.0,20658.0,20658.0,FAKULTAS PERTANIAN,S1,B,SWASTA,SULAWESI SELATAN,B,3
11300000.0,20658.0,20658.0,FAKULTAS PERTANIAN,S1,BAIK,SWASTA,SULAWESI SELATAN,B,3
11300000.0,20658.0,20658.0,FAKULTAS EKONOMI DAN BISNIS,S1,B,SWASTA,SULAWESI SELATAN,B,3
11300000.0,20658.0,20658.0,FAKULTAS TEKNIK,S1,UNGGUL,SWASTA,SULAWESI SELATAN,B,3
11300000.0,20658.0,20658.0,FAKULTAS PERTANIAN,S1,B,SWASTA,SULAWESI SELATAN,B,3
11300000.0,20658.0,20658.0,FAKULTAS KEGURUAN DAN ILMU PENDIDIKAN,S1,B,SWASTA,SULAWESI SELATAN,B,3
11300000.0,20658.0,20658.0,FAKULTAS TEKNIK,S1,B,SWASTA,SULAWESI SELATAN,B,3
11300000.0,20658.0,20658.0,FAKULTAS KEGURUAN DAN ILMU PENDIDIKAN,S1,B,SWASTA,SULAWESI SELATAN,B,3
11300000.0,20658.0,20658.0,FAKULTAS KEGURUAN DAN ILMU PENDIDIKAN,S1,B,SWASTA,SULAWESI SELATAN,B,3
11300000.0,20658.0,20658.0,FAKULTAS AGAMA ISLAM,S1,BAIK,SWASTA,SULAWESI SELATAN,B,3
11300000.0,20658.0,20658.0,FAKULTAS AGAMA ISLAM,S1,BAIK SEKALI,SWASTA,SULAWESI SELATAN,B,3
11300000.0,20658.0,20658.0,FAKULTAS KEDOKTERAN,S1,B,SWASTA,SULAWESI SELATAN,B,3
11300000.0,20658.0,20658.0,FAKULTAS PERTANIAN,S1,B,SWASTA,SULAWESI SELATAN,B,3
11300000.0,20658.0,20658.0,FAKULTAS EKONOMI DAN BISNIS,S1,B,SWASTA,SULAWESI SELATAN,B,3
11300000.0,20658.0,20658.0,FAKULTAS KEGURUAN DAN ILMU PENDIDIKAN,S1,B,SWASTA,SULAWESI SELATAN,B,3
11300000.0,20658.0,20658.0,FAKULTAS ILMU SOSIAL DAN ILMU POLITIK,S1,A,SWASTA,SULAWESI SELATAN,B,4
11300000.0,20658.0,20658.0,FAKULTAS TEKNIK,S1,B,SWASTA,SULAWESI SELATAN,B,3
11300000.0,20658.0,20658.0,FAKULTAS KEGURUAN DAN ILMU PENDIDIKAN,S1,B,SWASTA,SULAWESI SELATAN,B,3
10000000.0,34426.0,34426.0,PERTANIAN DAN PETERNAKAN,S1,A,SWASTA,JAWA TIMUR,A,1
10000000.0,34426.0,34426.0,PERTANIAN DAN PETERNAKAN,S1,UNGGUL,SWASTA,JAWA TIMUR,A,1
10000000.0,34426.0,34426.0,EKONOMI DAN BISNIS,S1,A,SWASTA,JAWA TIMUR,A,1
10000000.0,34426.0,34426.0,KEGURUAN DAN ILMU PENDIDIKAN,S1,A,SWASTA,JAWA TIMUR,A,1
10000000.0,34426.0,34426.0,EKONOMI DAN BISNIS,S1,B,SWASTA,JAWA TIMUR,A,1
10000000.0,34426.0,34426.0,TEKNIK,S1,B,SWASTA,JAWA TIMUR,A,1
10000000.0,34426.0,34426.0,LLMU KESEHATAN,S1,B,SWASTA,JAWA TIMUR,A,1
10000000.0,34426.0,34426.0,LLMU KESEHATAN,S1,C,SWASTA,JAWA TIMUR,A,1
10000000.0,34426.0,34426.0,KEGURUAN DAN ILMU PENDIDIKAN,S1,A,SWASTA,JAWA TIMUR,A,1
10000000.0,34426.0,34426.0,ILMU SOSIAL DAN ILMU POLITIK,S1,A,SWASTA,JAWA TIMUR,A,1
10000000.0,34426.0,34426.0,HUKUM,S1,A,SWASTA,JAWA TIMUR,A,1
10000000.0,34426.0,34426.0,ILMU SOSIAL DAN ILMU POLITIK,S1,A,SWASTA,JAWA TIMUR,A,1
10000000.0,34426.0,34426.0,TEKNIK,S1,B,SWASTA,JAWA TIMUR,A,1
10000000.0,34426.0,34426.0,TEKNIK,S1,B,SWASTA,JAWA TIMUR,A,1
10000000.0,34426.0,34426.0,KEDOKTERAN,S1,B,SWASTA,JAWA TIMUR,A,1
10000000.0,34426.0,34426.0,PERTANIAN DAN PETERNAKAN,S1,B,SWASTA,JAWA TIMUR,A,1
10000000.0,34426.0,34426.0,LLMU KESEHATAN,S1,B,SWASTA,JAWA TIMUR,A,1
10000000.0,34426.0,34426.0,ILMU SOSIAL DAN ILMU POLITIK,S1,A,SWASTA,JAWA TIMUR,A,1
10000000.0,34426.0,34426.0,EKONOMI DAN BISNIS,S1,A,SWASTA,JAWA TIMUR,A,1
10000000.0,34426.0,34426.0,KEGURUAN DAN ILMU PENDIDIKAN,S1,A,SWASTA,JAWA TIMUR,A,1
10000000.0,34426.0,34426.0,TEKNIK,S1,A,SWASTA,JAWA TIMUR,A,1
10000000.0,34426.0,34426.0,KEGURUAN DAN ILMU PENDIDIKAN,S1,B,SWASTA,JAWA TIMUR,A,1
10000000.0,34426.0,34426.0,ILMU SOSIAL DAN ILMU POLITIK,S1,A,SWASTA,JAWA TIMUR,A,1
10000000.0,34426.0,34426.0,PERTANIAN DAN PETERNAKAN,S1,A,SWASTA,JAWA TIMUR,A,1
10000000.0,34426.0,34426.0,PSIKOLOGI,S1,A,SWASTA,JAWA TIMUR,A,1
10000000.0,34426.0,34426.0,TEKNIK,S1,B,SWASTA,JAWA TIMUR,A,1
10000000.0,34426.0,34426.0,ILMU SOSIAL DAN ILMU POLITIK,S1,A,SWASTA,JAWA TIMUR,A,1
10000000.0,34426.0,34426.0,PERTANIAN DAN PETERNAKAN,S1,A,SWASTA,JAWA TIMUR,A,1
4000000.0,7352.0,255.0,FAKULTAS ILMU KESEHATAN,S1,C,SWASTA,NUSA TENGGARA BARAT,B,3
4000000.0,7352.0,255.0,FAKULTAS KEGURUAN DAN ILMU PENDIDIKAN,S1,B,SWASTA,NUSA TENGGARA BARAT,B,3
4000000.0,7352.0,255.0,FAKULTAS KEGURUAN DAN ILMU PENDIDIKAN,S1,B,SWASTA,NUSA TENGGARA BARAT,B,3
4000000.0,7352.0,255.0,FAKULTAS KEGURUAN DAN ILMU PENDIDIKAN,S1,BAIK SEKALI,SWASTA,NUSA TENGGARA BARAT,B,3
4000000.0,7352.0,255.0,FAKULTAS HUKUM,S1,B,SWASTA,NUSA TENGGARA BARAT,B,3
4000000.0,7352.0,255.0,FAKULTAS ILMU SOSIAL DAN ILMU POLITIK,S1,B,SWASTA,NUSA TENGGARA BARAT,B,3
4000000.0,7352.0,255.0,FAKULTAS ILMU KESEHATAN,S1,C,SWASTA,NUSA TENGGARA BARAT,B,3
4000000.0,7352.0,255.0,FAKULTAS ILMU SOSIAL DAN ILMU POLITIK,S1,B,SWASTA,NUSA TENGGARA BARAT,B,3
4000000.0,7352.0,255.0,FAKULTAS TEKNIK,S1,B,SWASTA,NUSA TENGGARA BARAT,B,3
4000000.0,7352.0,255.0,FAKULTAS TEKNIK,S1,C,SWASTA,NUSA TENGGARA BARAT,B,3
4000000.0,7352.0,255.0,FAKULTAS PERTANIAN,S1,B,SWASTA,NUSA TENGGARA BARAT,B,3
4000000.0,7352.0,255.0,FAKULTAS KEGURUAN DAN ILMU PENDIDIKAN,S1,C,SWASTA,NUSA TENGGARA BARAT,B,3
4000000.0,7352.0,255.0,FAKULTAS TEKNIK,S1,B,SWASTA,NUSA TENGGARA BARAT,B,3
24057500.0,4461.0,196.0,FAKULTAS EKONOMI,S1,C,SWASTA,LAMPUNG,BAIK SEKALI,2
24057500.0,4461.0,196.0,FAKULTAS KEGURUAN DAN ILMU PENDIDIKAN,S1,C,SWASTA,LAMPUNG,BAIK SEKALI,2
24057500.0,4461.0,196.0,FAKULTAS KEGURUAN DAN ILMU PENDIDIKAN,S1,C,SWASTA,LAMPUNG,BAIK SEKALI,2
24057500.0,4461.0,196.0,FAKULTAS KEGURUAN DAN ILMU PENDIDIKAN,S1,C,SWASTA,LAMPUNG,BAIK SEKALI,2
24057500.0,4461.0,196.0,FAKULTAS HUKUM,S1,C,SWASTA,LAMPUNG,BAIK SEKALI,2
24057500.0,4461.0,196.0,FAKULTAS EKONOMI,S1,C,SWASTA,LAMPUNG,BAIK SEKALI,2
24057500.0,4461.0,196.0,FAKULTAS KEGURUAN DAN ILMU PENDIDIKAN,S1,C,SWASTA,LAMPUNG,BAIK SEKALI,2
24057500.0,4461.0,196.0,FAKULTAS TEKNIK,S1,C,SWASTA,LAMPUNG,BAIK SEKALI,2
24057500.0,4461.0,196.0,FAKULTAS KEGURUAN DAN ILMU PENDIDIKAN,S1,C,SWASTA,LAMPUNG,BAIK SEKALI,2
24057500.0,4461.0,196.0,FAKULTAS TEKNIK,S1,C,SWASTA,LAMPUNG,BAIK SEKALI,2
5600000.0,2540.0,182.0,FAKULTAS EKONOMI,S1,UNGGUL,SWASTA,JAWA TIMUR,UNGGUL,2
5600000.0,2540.0,182.0,FAKULTAS TEKNIK,S1,BAIK SEKALI,SWASTA,JAWA TIMUR,UNGGUL,2
5600000.0,2540.0,182.0,FAKULTAS HUKUM,S1,BAIK SEKALI,SWASTA,JAWA TIMUR,UNGGUL,2
5600000.0,2540.0,182.0,FAKULTAS TEKNIK,S1,B,SWASTA,JAWA TIMUR,UNGGUL,2
5600000.0,2540.0,182.0,FAKULTAS ILMU KESEHATAN,S1,BAIK SEKALI,SWASTA,JAWA TIMUR,UNGGUL,2
5600000.0,2540.0,182.0,FAKULTAS EKONOMI,S1,UNGGUL,SWASTA,JAWA TIMUR,UNGGUL,2
5600000.0,2540.0,182.0,FAKULTAS KEGURUAN DAN ILMU PENDIDIKAN,S1,B,SWASTA,JAWA TIMUR,UNGGUL,2
5600000.0,2540.0,182.0,FAKULTAS TEKNIK,S1,UNGGUL,SWASTA,JAWA TIMUR,UNGGUL,2
4000000.0,4394.0,115.0,FAKULTAS PERIKANAN DAN ILMU KELAUTAN,S1,B,SWASTA,KALIMANTAN BARAT,B,3
4000000.0,4394.0,115.0,FAKULTAS TEKNIK,S1,BAIK,SWASTA,KALIMANTAN BARAT,B,3
4000000.0,4394.0,115.0,FAKULTAS ILMU KESEHATAN,S1,BAIK SEKALI,SWASTA,KALIMANTAN BARAT,B,2
4000000.0,4394.0,115.0,FAKULTAS EKONOMI,S1,BAIK,SWASTA,KALIMANTAN BARAT,B,3
4000000.0,4394.0,115.0,FAKULTAS TEKNIK,S1,BAIK SEKALI,SWASTA,KALIMANTAN BARAT,B,2
37900000.0,21566.0,656.0,FAKULTAS EKONOMI DAN BISNIS,S1,UNGGUL,SWASTA,D.K.I. JAKARTA,UNGGUL,3
37900000.0,21566.0,656.0,FAKULTAS KEGURUAN DAN ILMU PENDIDIKAN,S1,B,SWASTA,D.K.I. JAKARTA,UNGGUL,3
37900000.0,21566.0,656.0,FAKULTAS ILMU SOSIAL DAN ILMU POLITIK,S1,UNGGUL,SWASTA,D.K.I. JAKARTA,UNGGUL,3
37900000.0,21566.0,656.0,FAKULTAS TEKNOLOGI INDUSTRI DAN INFORMATIKA,S1,BAIK SEKALI,SWASTA,D.K.I. JAKARTA,UNGGUL,3
37900000.0,21566.0,656.0,FAKULTAS EKONOMI DAN BISNIS,S1,UNGGUL,SWASTA,D.K.I. JAKARTA,UNGGUL,3
37900000.0,21566.0,656.0,FAKULTAS PSIKOLOGI,S1,UNGGUL,SWASTA,D.K.I. JAKARTA,UNGGUL,3
37900000.0,21566.0,656.0,FAKULTAS KEGURUAN DAN ILMU PENDIDIKAN,S1,UNGGUL,SWASTA,D.K.I. JAKARTA,UNGGUL,4
12600000.0,12315.0,359.0,FAKULTAS EKONOMI,S1,UNGGUL,SWASTA,JAWA TENGAH,UNGGUL,3
12600000.0,12315.0,359.0,FAKULTAS TEKNIK,S1,BAIK SEKALI,SWASTA,JAWA TENGAH,UNGGUL,2
12600000.0,12315.0,359.0,FAKULTAS ILMU KEPERAWATAN DAN KESEHATAN,S1,UNGGUL,SWASTA,JAWA TENGAH,UNGGUL,3
12600000.0,12315.0,359.0,FAKULTAS ILMU KEPERAWATAN DAN KESEHATAN,S1,UNGGUL,SWASTA,JAWA TENGAH,UNGGUL,3
12600000.0,12315.0,359.0,FAKULTAS KEDOKTERAN UMUM,S1,UNGGUL,SWASTA,JAWA TENGAH,UNGGUL,3
12600000.0,12315.0,359.0,FAKULTAS KEDOKTERAN GIGI,S1,BAIK SEKALI,SWASTA,JAWA TENGAH,UNGGUL,2
12600000.0,12315.0,359.0,FAKULTAS ILMU KEPERAWATAN DAN KESEHATAN,S1,UNGGUL,SWASTA,JAWA TENGAH,UNGGUL,3
12600000.0,12315.0,359.0,FAKULTAS KESEHATAN MASYARAKAT,S1,UNGGUL,SWASTA,JAWA TENGAH,UNGGUL,3
12600000.0,12315.0,359.0,FAKULTAS MATEMATIKA DAN ILMU PENGETAHUAN,S1,UNGGUL,SWASTA,JAWA TENGAH,UNGGUL,3
12600000.0,12315.0,359.0,FAKULTAS EKONOMI,S1,UNGGUL,SWASTA,JAWA TENGAH,UNGGUL,3
12600000.0,12315.0,359.0,FAKULTAS MATEMATIKA DAN ILMU PENGETAHUAN,S1,UNGGUL,SWASTA,JAWA TENGAH,UNGGUL,3
12600000.0,12315.0,359.0,FAKULTAS TEKNIK,S1,BAIK SEKALI,SWASTA,JAWA TENGAH,UNGGUL,2
12600000.0,12315.0,359.0,FAKULTAS BAHASA DAN BUDAYA ASING,S1,UNGGUL,SWASTA,JAWA TENGAH,UNGGUL,3
12600000.0,12315.0,359.0,FAKULTAS MATEMATIKA DAN ILMU PENGETAHUAN,S1,UNGGUL,SWASTA,JAWA TENGAH,UNGGUL,3
12600000.0,12315.0,359.0,FAKULTAS ILMU KEPERAWATAN DAN KESEHATAN,S1,UNGGUL,SWASTA,JAWA TENGAH,UNGGUL,3
6000000.0,21831.0,521.0,FAKULTAS PERTANIAN,S1,B,SWASTA,SUMATERA UTARA,B,3
6000000.0,21831.0,521.0,FAKULTAS PERTANIAN,S1,B,SWASTA,SUMATERA UTARA,B,3
6000000.0,21831.0,521.0,FAKULTAS KEGURUAN DAN ILMU PENDIDIKAN,S1,A,SWASTA,SUMATERA UTARA,B,4
6000000.0,21831.0,521.0,FAKULTAS TEKNIK,S1,B,SWASTA,SUMATERA UTARA,B,3
6000000.0,21831.0,521.0,FAKULTAS HUKUM,S1,A,SWASTA,SUMATERA UTARA,B,4
6000000.0,21831.0,521.0,FAKULTAS ILMU SOSIAL DAN ILMU POLITIK,S1,A,SWASTA,SUMATERA UTARA,B,4
6000000.0,21831.0,521.0,FAKULTAS ILMU SOSIAL DAN ILMU POLITIK,S1,A,SWASTA,SUMATERA UTARA,B,4
6000000.0,21831.0,521.0,FAKULTAS AGAMA ISLAM,S1,A,SWASTA,SUMATERA UTARA,B,4
6000000.0,21831.0,521.0,FAKULTAS KEGURUAN DAN ILMU PENDIDIKAN,S1,B,SWASTA,SUMATERA UTARA,B,3
6000000.0,21831.0,521.0,FAKULTAS TEKNIK,S1,B,SWASTA,SUMATERA UTARA,B,3
6000000.0,21831.0,521.0,FAKULTAS PERTANIAN,S1,B,SWASTA,SUMATERA UTARA,B,3
6000000.0,21831.0,521.0,FAKULTAS TEKNIK,S1,B,SWASTA,SUMATERA UTARA,B,3
71100000.0,7074.0,355.0,FAKULTAS EKONOMI DAN BISNIS,S1,B,SWASTA,JAWA TIMUR,UNGGUL,0
71100000.0,7074.0,355.0,FAKULTAS TEKNIK,S1,BAIK SEKALI,SWASTA,JAWA TIMUR,UNGGUL,2
71100000.0,7074.0,355.0,FAKULTAS KEGURUAN DAN ILMU PENDIDIKAN,S1,UNGGUL,SWASTA,JAWA TIMUR,UNGGUL,0
71100000.0,7074.0,355.0,FAKULTAS KEGURUAN DAN ILMU PENDIDIKAN,S1,BAIK,SWASTA,JAWA TIMUR,UNGGUL,0
71100000.0,7074.0,355.0,FAKULTAS TEKNIK,S1,BAIK SEKALI,SWASTA,JAWA TIMUR,UNGGUL,2
71100000.0,7074.0,355.0,FAKULTAS ILMU KESEHATAN,S1,BAIK SEKALI,SWASTA,JAWA TIMUR,UNGGUL,0
71100000.0,7074.0,355.0,FAKULTAS ILMU KESEHATAN,S1,BAIK SEKALI,SWASTA,JAWA TIMUR,UNGGUL,0
71100000.0,7074.0,355.0,FAKULTAS KEGURUAN DAN ILMU PENDIDIKAN,S1,UNGGUL,SWASTA,JAWA TIMUR,UNGGUL,0
71100000.0,7074.0,355.0,FAKULTAS KEGURUAN DAN ILMU PENDIDIKAN,S1,UNGGUL,SWASTA,JAWA TIMUR,UNGGUL,0
71100000.0,7074.0,355.0,FAKULTAS HUKUM,S1,UNGGUL,SWASTA,JAWA TIMUR,UNGGUL,0
71100000.0,7074.0,355.0,FAKULTAS TEKNIK,S1,BAIK SEKALI,SWASTA,JAWA TIMUR,UNGGUL,2
71100000.0,7074.0,355.0,FAKULTAS TEKNIK,S1,BAIK SEKALI,SWASTA,JAWA TIMUR,UNGGUL,2
71100000.0,7074.0,355.0,FAKULTAS ILMU KESEHATAN,S1,BAIK,SWASTA,JAWA TIMUR,UNGGUL,0
71100000.0,7074.0,355.0,FAKULTAS KEDOKTERAN,S1,UNGGUL,SWASTA,JAWA TIMUR,UNGGUL,0
71100000.0,7074.0,355.0,FAKULTAS ILMU KESEHATAN,S1,UNGGUL,SWASTA,JAWA TIMUR,UNGGUL,0
71100000.0,7074.0,355.0,FAKULTAS EKONOMI DAN BISNIS,S1,UNGGUL,SWASTA,JAWA TIMUR,UNGGUL,0
71100000.0,7074.0,355.0,FAKULTAS KEGURUAN DAN ILMU PENDIDIKAN,S1,UNGGUL,SWASTA,JAWA TIMUR,UNGGUL,0
71100000.0,7074.0,355.0,FAKULTAS TEKNIK,S1,BAIK SEKALI,SWASTA,JAWA TIMUR,UNGGUL,2
71100000.0,7074.0,355.0,FAKULTAS TEKNIK,S1,BAIK SEKALI,SWASTA,JAWA TIMUR,UNGGUL,2
71100000.0,7074.0,355.0,FAKULTAS PSIKOLOGI,S1,BAIK SEKALI,SWASTA,JAWA TIMUR,UNGGUL,0
71100000.0,7074.0,355.0,FAKULTAS TEKNIK,S1,BAIK SEKALI,SWASTA,JAWA TIMUR,UNGGUL,2
36050000.0,22758.0,22758.0,FAKULTAS EKONOMI DAN BISNIS,S1,A,SWASTA,JAWA TENGAH,A,4
36050000.0,22758.0,22758.0,FAKULTAS TEKNIK,S1,A,SWASTA,JAWA TENGAH,A,4
36050000.0,22758.0,22758.0,FAKULTAS TEKNIK,S1,B,SWASTA,JAWA TENGAH,A,4
36050000.0,22758.0,22758.0,FAKULTAS GEOGRAFI,S1,A,SWASTA,JAWA TENGAH,A,4
36050000.0,22758.0,22758.0,FAKULTAS KEGURUAN DAN ILMU PENDIDIKAN,S1,A,SWASTA,JAWA TENGAH,A,4
36050000.0,22758.0,22758.0,FAKULTAS KOMUNIKASI DAN INFORMATIKA,S1,B,SWASTA,JAWA TENGAH,A,4
36050000.0,22758.0,22758.0,FAKULTAS TEKNIK,S1,A,SWASTA,JAWA TENGAH,A,4
36050000.0,22758.0,22758.0,FAKULTAS KOMUNIKASI DAN INFORMATIKA,S1,B,SWASTA,JAWA TENGAH,A,4
36050000.0,22758.0,22758.0,FAKULTAS KEDOKTERAN,S1,B,SWASTA,JAWA TENGAH,A,4
36050000.0,22758.0,22758.0,FAKULTAS KEDOKTERAN GIGI,S1,B,SWASTA,JAWA TENGAH,A,4
36050000.0,22758.0,22758.0,FAKULTAS ILMU KESEHATAN,S1,B,SWASTA,JAWA TENGAH,A,4
36050000.0,22758.0,22758.0,FAKULTAS TEKNIK,S1,B,SWASTA,JAWA TENGAH,A,4
36050000.0,22758.0,22758.0,FAKULTAS EKONOMI DAN BISNIS,S1,A,SWASTA,JAWA TENGAH,A,4
36050000.0,22758.0,22758.0,FAKULTAS KEGURUAN DAN ILMU PENDIDIKAN,S1,A,SWASTA,JAWA TENGAH,A,4
36050000.0,22758.0,22758.0,FAKULTAS TEKNIK,S1,B,SWASTA,JAWA TENGAH,A,4
36050000.0,22758.0,22758.0,FAKULTAS KEGURUAN DAN ILMU PENDIDIKAN,S1,UNGGUL,SWASTA,JAWA TENGAH,A,4
36050000.0,22758.0,22758.0,FAKULTAS PSIKOLOGI,S1,A,SWASTA,JAWA TENGAH,A,4
36050000.0,22758.0,22758.0,FAKULTAS TEKNIK,S1,B,SWASTA,JAWA TENGAH,A,4
8725000.0,1322.0,95.0,FAKULTAS TEKNIK,S1,BAIK SEKALI,SWASTA,JAWA BARAT,BAIK,2
8725000.0,1322.0,95.0,FAKULTAS KEGURUAN DAN ILMU PENDIDIKAN,S1,UNGGUL,SWASTA,JAWA BARAT,BAIK,2
8725000.0,1322.0,95.0,FAKULTAS ILMU KESEHATAN,S1,BAIK,SWASTA,JAWA BARAT,BAIK,2
8725000.0,1322.0,95.0,FAKULTAS ILMU KESEHATAN,S1,BAIK SEKALI,SWASTA,JAWA BARAT,BAIK,2
8725000.0,1322.0,95.0,FAKULTAS TEKNIK,S1,BAIK SEKALI,SWASTA,JAWA BARAT,BAIK,2
8725000.0,1322.0,95.0,FAKULTAS TEKNIK,S1,BAIK SEKALI,SWASTA,JAWA BARAT,BAIK,2
8725000.0,1322.0,95.0,FAKULTAS TEKNIK,S1,BAIK SEKALI,SWASTA,JAWA BARAT,BAIK,2
8725000.0,1322.0,95.0,FAKULTAS KEGURUAN DAN ILMU PENDIDIKAN,S1,BAIK SEKALI,SWASTA,JAWA BARAT,BAIK,2
13500000.0,23710.0,620.0,FAKULTAS PERTANIAN,S1,A,SWASTA,D.I. YOGYAKARTA,A,4
13500000.0,23710.0,620.0,FAKULTAS EKONOMI DAN BISNIS,S1,A,SWASTA,D.I. YOGYAKARTA,A,4
13500000.0,23710.0,620.0,FAKULTAS EKONOMI DAN BISNIS,S1,UNGGUL,SWASTA,D.I. YOGYAKARTA,A,4
13500000.0,23710.0,620.0,FAKULTAS TEKNIK,S1,B,SWASTA,D.I. YOGYAKARTA,A,4
13500000.0,23710.0,620.0,FAKULTAS ILMU SOSIAL DAN ILMU POLITIK,S1,A,SWASTA,D.I. YOGYAKARTA,A,4
13500000.0,23710.0,620.0,FAKULTAS ILMU SOSIAL DAN ILMU POLITIK,S1,A,SWASTA,D.I. YOGYAKARTA,A,4
13500000.0,23710.0,620.0,FAKULTAS KEDOKTERAN DAN ILMU KESEHATAN,S1,B,SWASTA,D.I. YOGYAKARTA,A,4
13500000.0,23710.0,620.0,FAKULTAS KEDOKTERAN DAN ILMU KESEHATAN,S1,A,SWASTA,D.I. YOGYAKARTA,A,4
13500000.0,23710.0,620.0,FAKULTAS KEDOKTERAN DAN ILMU KESEHATAN,S1,B,SWASTA,D.I. YOGYAKARTA,A,4
13500000.0,23710.0,620.0,FAKULTAS EKONOMI DAN BISNIS,S1,A,SWASTA,D.I. YOGYAKARTA,A,4
13500000.0,23710.0,620.0,FAKULTAS TEKNIK,S1,B,SWASTA,D.I. YOGYAKARTA,A,4
13500000.0,23710.0,620.0,FAKULTAS TEKNIK,S1,A,SWASTA,D.I. YOGYAKARTA,A,4
13500000.0,6.0,215.0,FAKULTAS BISNIS,S1,A,SWASTA,BANTEN,A,4
13500000.0,6.0,215.0,FAKULTAS SENI DAN DESAIN,S1,B,SWASTA,BANTEN,A,3
13500000.0,6.0,215.0,FAKULTAS TEKNOLOGI INFORMASI DAN KOMUNIKASI,S1,B,SWASTA,BANTEN,A,3
13500000.0,6.0,215.0,FAKULTAS SENI DAN DESAIN,S1,B,SWASTA,BANTEN,A,3
13500000.0,6.0,215.0,FAKULTAS TEKNOLOGI INFORMASI DAN KOMUNIKASI,S1,B,SWASTA,BANTEN,A,3
13500000.0,6.0,215.0,FAKULTAS ILMU KOMUNIKASI,S1,A,SWASTA,BANTEN,A,4
13500000.0,6.0,215.0,FAKULTAS TEKNOLOGI INFORMASI DAN KOMUNIKASI,S1,B,SWASTA,BANTEN,A,3
13500000.0,6.0,215.0,FAKULTAS ILMU KOMUNIKASI,S1,B,SWASTA,BANTEN,A,3
13500000.0,6.0,215.0,FAKULTAS TEKNOLOGI INFORMASI DAN KOMUNIKASI,S1,B,SWASTA,BANTEN,A,3
13500000.0,6.0,215.0,FAKULTAS BISNIS,S1,A,SWASTA,BANTEN,A,4
13500000.0,6.0,215.0,FAKULTAS TEKNOLOGI INFORMASI DAN KOMUNIKASI,S1,B,SWASTA,BANTEN,A,3
3000000.0,21450.0,798.0,FAKULTAS PERTANIAN,S1,UNGGUL,SWASTA,SULAWESI SELATAN,UNGGUL,4
3000000.0,21450.0,798.0,FAKULTAS EKONOMI,S1,UNGGUL,SWASTA,SULAWESI SELATAN,UNGGUL,4
3000000.0,21450.0,798.0,FAKULTAS TEKNIK,S1,BAIK,SWASTA,SULAWESI SELATAN,UNGGUL,3
3000000.0,21450.0,798.0,FAKULTAS PERIKANAN DAN KELAUTAN,S1,BAIK SEKALI,SWASTA,SULAWESI SELATAN,UNGGUL,2
3000000.0,21450.0,798.0,FAKULTAS TEKNIK,S1,B,SWASTA,SULAWESI SELATAN,UNGGUL,3
3000000.0,21450.0,798.0,FAKULTAS FARMASI,S1,BAIK SEKALI,SWASTA,SULAWESI SELATAN,UNGGUL,2
3000000.0,21450.0,798.0,FAKULTAS HUKUM,S1,UNGGUL,SWASTA,SULAWESI SELATAN,UNGGUL,4
3000000.0,21450.0,798.0,FAKULTAS AGAMA ISLAM,S1,BAIK SEKALI,SWASTA,SULAWESI SELATAN,UNGGUL,2
3000000.0,21450.0,798.0,FAKULTAS TEKNOLOGI INDUSTRI,S1,UNGGUL,SWASTA,SULAWESI SELATAN,UNGGUL,4
3000000.0,21450.0,798.0,FAKULTAS ILMU KOMPUTER,S1,B,SWASTA,SULAWESI SELATAN,UNGGUL,3
3000000.0,21450.0,798.0,FAKULTAS KEDOKTERAN,S1,UNGGUL,SWASTA,SULAWESI SELATAN,UNGGUL,4
3000000.0,21450.0,798.0,FAKULTAS KEDOKTERAN GIGI,S1,UNGGUL,SWASTA,SULAWESI SELATAN,UNGGUL,4
3000000.0,21450.0,798.0,FAKULTAS PERIKANAN DAN KELAUTAN,S1,UNGGUL,SWASTA,SULAWESI SELATAN,UNGGUL,4
3000000.0,21450.0,798.0,FAKULTAS KEDOKTERAN,S1,BAIK SEKALI,SWASTA,SULAWESI SELATAN,UNGGUL,2
3000000.0,21450.0,798.0,FAKULTAS KESEHATAN MASYARAKAT,S1,UNGGUL,SWASTA,SULAWESI SELATAN,UNGGUL,4
3000000.0,21450.0,798.0,FAKULTAS TEKNOLOGI INDUSTRI,S1,UNGGUL,SWASTA,SULAWESI SELATAN,UNGGUL,4
3000000.0,21450.0,798.0,FAKULTAS EKONOMI,S1,UNGGUL,SWASTA,SULAWESI SELATAN,UNGGUL,4
3000000.0,21450.0,798.0,FAKULTAS TEKNIK,S1,UNGGUL,SWASTA,SULAWESI SELATAN,UNGGUL,3
3000000.0,21450.0,798.0,FAKULTAS PERIKANAN DAN KELAUTAN,S1,UNGGUL,SWASTA,SULAWESI SELATAN,UNGGUL,4
3000000.0,21450.0,798.0,FAKULTAS TEKNOLOGI INDUSTRI,S1,B,SWASTA,SULAWESI SELATAN,UNGGUL,3
3000000.0,21450.0,798.0,FAKULTAS SASTRA,S1,B,SWASTA,SULAWESI SELATAN,UNGGUL,3
3000000.0,21450.0,798.0,FAKULTAS SASTRA,S1,B,SWASTA,SULAWESI SELATAN,UNGGUL,3
3000000.0,21450.0,798.0,FAKULTAS SASTRA,S1,A,SWASTA,SULAWESI SELATAN,UNGGUL,4
3000000.0,21450.0,798.0,FAKULTAS TEKNIK,S1,BAIK SEKALI,SWASTA,SULAWESI SELATAN,UNGGUL,2
3000000.0,21450.0,798.0,FAKULTAS ILMU KOMPUTER,S1,BAIK,SWASTA,SULAWESI SELATAN,UNGGUL,4
12750500.0,12229.0,410.0,FAKULTAS ILMU SOSIAL ILMU POLITIK,S1,A,SWASTA,D.K.I. JAKARTA,A,4
12750500.0,12229.0,410.0,FAKULTAS PERTANIAN,S1,B,SWASTA,D.K.I. JAKARTA,A,3
12750500.0,12229.0,410.0,FAKULTAS EKONOMI DAN BISNIS,S1,B,SWASTA,D.K.I. JAKARTA,A,3
12750500.0,12229.0,410.0,FAKULTAS BIOLOGI,S1,B,SWASTA,D.K.I. JAKARTA,A,3
12750500.0,12229.0,410.0,FAKULTAS TEKNIK DAN SAINS,S1,B,SWASTA,D.K.I. JAKARTA,A,3
12750500.0,12229.0,410.0,FAKULTAS TEKNIK DAN SAINS,S1,B,SWASTA,D.K.I. JAKARTA,A,3
12750500.0,12229.0,410.0,FAKULTAS ILMU SOSIAL ILMU POLITIK,S1,B,SWASTA,D.K.I. JAKARTA,A,3
12750500.0,12229.0,410.0,FAKULTAS HUKUM,S1,B,SWASTA,D.K.I. JAKARTA,A,3
12750500.0,12229.0,410.0,FAKULTAS ILMU SOSIAL ILMU POLITIK,S1,A,SWASTA,D.K.I. JAKARTA,A,4
12750500.0,12229.0,410.0,FAKULTAS TEKNOLOGI KOMUNIKASI DAN INFORMATIKA,S1,B,SWASTA,D.K.I. JAKARTA,A,3
12750500.0,12229.0,410.0,FAKULTAS ILMU KESEHATAN,S1,BAIK SEKALI,SWASTA,D.K.I. JAKARTA,A,3
12750500.0,12229.0,410.0,FAKULTAS ILMU KESEHATAN,S1,B,SWASTA,D.K.I. JAKARTA,A,3
12750500.0,12229.0,410.0,FAKULTAS EKONOMI DAN BISNIS,S1,B,SWASTA,D.K.I. JAKARTA,A,3
12750500.0,12229.0,410.0,FAKULTAS TEKNIK DAN SAINS,S1,B,SWASTA,D.K.I. JAKARTA,A,3
12750500.0,12229.0,410.0,FAKULTAS EKONOMI DAN BISNIS,S1,B,SWASTA,D.K.I. JAKARTA,A,3
12750500.0,12229.0,410.0,FAKULTAS ILMU SOSIAL ILMU POLITIK,S1,A,SWASTA,D.K.I. JAKARTA,A,4
12750500.0,12229.0,410.0,FAKULTAS BAHASA DAN SASTRA,S1,B,SWASTA,D.K.I. JAKARTA,A,3
12750500.0,12229.0,410.0,FAKULTAS BAHASA DAN SASTRA,S1,B,SWASTA,D.K.I. JAKARTA,A,3
12750500.0,12229.0,410.0,FAKULTAS TEKNOLOGI KOMUNIKASI DAN INFORMATIKA,S1,B,SWASTA,D.K.I. JAKARTA,A,3
12750500.0,12229.0,410.0,FAKULTAS ILMU SOSIAL ILMU POLITIK,S1,A,SWASTA,D.K.I. JAKARTA,A,4
3450000.0,2389.0,88.0,FAKULTAS TEKNIK,S1,BAIK SEKALI,SWASTA,BALI,BAIK SEKALI,2
3450000.0,2389.0,88.0,FAKULTAS HUKUM,S1,UNGGUL,SWASTA,BALI,BAIK SEKALI,2
3450000.0,2389.0,88.0,FAKULTAS EKONOMI,S1,BAIK SEKALI,SWASTA,BALI,BAIK SEKALI,2
3450000.0,2389.0,88.0,FAKULTAS TEKNIK,S1,UNGGUL,SWASTA,BALI,BAIK SEKALI,2
11500000.0,3514.0,267.0,FAKULTAS EKONOMI DAN BISNIS,S1,BAIK,SWASTA,D.K.I. JAKARTA,B,3
11500000.0,3514.0,267.0,FAKULTAS TEKNOLOGI INFORMASI,S1,UNGGUL,SWASTA,D.K.I. JAKARTA,B,3
11500000.0,3514.0,267.0,FAKULTAS EKONOMI DAN BISNIS,S1,BAIK,SWASTA,D.K.I. JAKARTA,B,3
11500000.0,3514.0,267.0,FAKULTAS TEKNOLOGI INFORMASI,S1,UNGGUL,SWASTA,D.K.I. JAKARTA,B,3
3900000.0,8384.0,243.0,FAKULTAS EKONOMI DAN BISNIS,S1,BAIK SEKALI,SWASTA,JAWA TIMUR,BAIK SEKALI,2
3900000.0,8384.0,243.0,FAKULTAS KEGURUAN DAN ILMU PENDIDIKAN,S1,BAIK SEKALI,SWASTA,JAWA TIMUR,BAIK SEKALI,2
3900000.0,8384.0,243.0,FAKULTAS ILMU KESEHATAN DAN SAINS,S1,B,SWASTA,JAWA TIMUR,BAIK SEKALI,2
3900000.0,8384.0,243.0,FAKULTAS KEGURUAN DAN ILMU PENDIDIKAN,S1,BAIK SEKALI,SWASTA,JAWA TIMUR,BAIK SEKALI,2
3900000.0,8384.0,243.0,FAKULTAS KEGURUAN DAN ILMU PENDIDIKAN,S1,UNGGUL,SWASTA,JAWA TIMUR,BAIK SEKALI,2
3900000.0,8384.0,243.0,FAKULTAS KEGURUAN DAN ILMU PENDIDIKAN,S1,B,SWASTA,JAWA TIMUR,BAIK SEKALI,2
3900000.0,8384.0,243.0,FAKULTAS TEKNIK,S1,BAIK SEKALI,SWASTA,JAWA TIMUR,BAIK SEKALI,2
3900000.0,8384.0,243.0,FAKULTAS ILMU KESEHATAN DAN SAINS,S1,BAIK SEKALI,SWASTA,JAWA TIMUR,BAIK SEKALI,2
3900000.0,8384.0,243.0,FAKULTAS EKONOMI DAN BISNIS,S1,BAIK SEKALI,SWASTA,JAWA TIMUR,BAIK SEKALI,2
3900000.0,8384.0,243.0,FAKULTAS ILMU KESEHATAN DAN SAINS,S1,BAIK SEKALI,SWASTA,JAWA TIMUR,BAIK SEKALI,2
3900000.0,8384.0,243.0,FAKULTAS TEKNIK,S1,BAIK SEKALI,SWASTA,JAWA TIMUR,BAIK SEKALI,2
3900000.0,8384.0,243.0,FAKULTAS KEGURUAN DAN ILMU PENDIDIKAN,S1,BAIK SEKALI,SWASTA,JAWA TIMUR,BAIK SEKALI,2
3900000.0,8384.0,243.0,FAKULTAS ILMU KESEHATAN DAN SAINS,S1,BAIK,SWASTA,JAWA TIMUR,BAIK SEKALI,2
3900000.0,8384.0,243.0,FAKULTAS KEGURUAN DAN ILMU PENDIDIKAN,S1,BAIK SEKALI,SWASTA,JAWA TIMUR,BAIK SEKALI,2
3900000.0,8384.0,243.0,FAKULTAS TEKNIK,S1,BAIK SEKALI,SWASTA,JAWA TIMUR,BAIK SEKALI,2
3650000.0,63475.0,63475.0,FAKULTAS EKONOMI DAN BISNIS,S1,B,SWASTA,BANTEN,C,1
3650000.0,63475.0,63475.0,FAKULTAS KEGURUAN DAN ILMU PENDIDIKAN,S1,C,SWASTA,BANTEN,C,1
3650000.0,63475.0,63475.0,FAKULTAS TEKNIK,S1,C,SWASTA,BANTEN,C,1
3650000.0,63475.0,63475.0,FAKULTAS HUKUM,S1,B,SWASTA,BANTEN,C,1
3650000.0,63475.0,63475.0,FAKULTAS TEKNIK,S1,C,SWASTA,BANTEN,C,1
3650000.0,63475.0,63475.0,FAKULTAS TEKNIK,S1,C,SWASTA,BANTEN,C,1
3650000.0,63475.0,63475.0,FAKULTAS TEKNIK,S1,C,SWASTA,BANTEN,C,1
3650000.0,63475.0,63475.0,FAKULTAS EKONOMI DAN BISNIS,S1,B,SWASTA,BANTEN,C,1
3650000.0,63475.0,63475.0,FAKULTAS MATEMATIKA DAN IPA,S1,C,SWASTA,BANTEN,C,1
3650000.0,63475.0,63475.0,FAKULTAS TEKNIK,S1,C,SWASTA,BANTEN,C,1
3650000.0,63475.0,63475.0,FAKULTAS KEGURUAN DAN ILMU PENDIDIKAN,S1,BAIK SEKALI,SWASTA,BANTEN,C,1
3650000.0,63475.0,63475.0,FAKULTAS SASTRA,S1,B,SWASTA,BANTEN,C,1
3650000.0,63475.0,63475.0,FAKULTAS SASTRA,S1,C,SWASTA,BANTEN,C,1
3650000.0,63475.0,63475.0,FAKULTAS EKONOMI DAN BISNIS,S1,B,SWASTA,BANTEN,C,1
24125000.0,14385.0,14385.0,FAKULTAS EKONOMI DAN BISNIS,S1,A,SWASTA,JAWA BARAT,A,4
24125000.0,14385.0,14385.0,FAKULTAS KEGURUAN DAN ILMU PENDIDIKAN,S1,A,SWASTA,JAWA BARAT,A,4
24125000.0,14385.0,14385.0,FAKULTAS KEGURUAN DAN ILMU PENDIDIKAN,S1,A,SWASTA,JAWA BARAT,A,4
24125000.0,14385.0,14385.0,FAKULTAS EKONOMI DAN BISNIS,S1,A,SWASTA,JAWA BARAT,A,4
24125000.0,14385.0,14385.0,FAKULTAS KEGURUAN DAN ILMU PENDIDIKAN,S1,C,SWASTA,JAWA BARAT,A,4
24125000.0,14385.0,14385.0,FAKULTAS ILMU SOSIAL DAN ILMU POLITIK,S1,A,SWASTA,JAWA BARAT,A,4
24125000.0,14385.0,14385.0,FAKULTAS HUKUM,S1,A,SWASTA,JAWA BARAT,A,4
24125000.0,14385.0,14385.0,FAKULTAS ILMU SOSIAL DAN ILMU POLITIK,S1,A,SWASTA,JAWA BARAT,A,4
24125000.0,14385.0,14385.0,FAKULTAS TEKNIK,S1,A,SWASTA,JAWA BARAT,A,4
24125000.0,14385.0,14385.0,FAKULTAS TEKNIK,S1,B,SWASTA,JAWA BARAT,A,3
24125000.0,14385.0,14385.0,FAKULTAS ILMU SOSIAL DAN ILMU POLITIK,S1,A,SWASTA,JAWA BARAT,A,4
24125000.0,14385.0,14385.0,FAKULTAS TEKNIK,S1,B,SWASTA,JAWA BARAT,A,3
24125000.0,14385.0,14385.0,FAKULTAS EKONOMI DAN BISNIS,S1,A,SWASTA,JAWA BARAT,A,4
24125000.0,14385.0,14385.0,FAKULTAS KEGURUAN DAN ILMU PENDIDIKAN,S1,B,SWASTA,JAWA BARAT,A,4
24125000.0,14385.0,14385.0,FAKULTAS TEKNIK,S1,A,SWASTA,JAWA BARAT,A,4
24125000.0,14385.0,14385.0,FAKULTAS TEKNIK,S1,B,SWASTA,JAWA BARAT,A,3
24125000.0,14385.0,14385.0,FAKULTAS ILMU SENI DAN SASTRA,S1,B,SWASTA,JAWA BARAT,A,4
24125000.0,14385.0,14385.0,FAKULTAS ILMU SENI DAN SASTRA,S1,B,SWASTA,JAWA BARAT,A,4
24125000.0,14385.0,14385.0,FAKULTAS TEKNIK,S1,A,SWASTA,JAWA BARAT,A,4
10000000.0,6100.0,158.0,FAKULTAS PERTANIAN,S1,B,SWASTA,JAWA TENGAH,UNGGUL,3
10000000.0,6100.0,158.0,FAKULTAS EKONOMI,S1,C,SWASTA,JAWA TENGAH,UNGGUL,2
10000000.0,6100.0,158.0,FAKULTAS PERIKANAN,S1,B,SWASTA,JAWA TENGAH,UNGGUL,3
10000000.0,6100.0,158.0,FAKULTAS HUKUM,S1,B,SWASTA,JAWA TENGAH,UNGGUL,3
10000000.0,6100.0,158.0,FAKULTAS ILMU KESEHATAN,S1,C,SWASTA,JAWA TENGAH,UNGGUL,2
10000000.0,6100.0,158.0,FAKULTAS ILMU KESEHATAN,S1,C,SWASTA,JAWA TENGAH,UNGGUL,2
10000000.0,6100.0,158.0,FAKULTAS EKONOMI,S1,B,SWASTA,JAWA TENGAH,UNGGUL,3
10000000.0,6100.0,158.0,FAKULTAS KEGURUAN DAN ILMU PENDIDIKAN,S1,C,SWASTA,JAWA TENGAH,UNGGUL,4
7500000.0,14508.0,288.0,FAKULTAS PERTANIAN,S1,B,SWASTA,SUMATERA UTARA,B,3
7500000.0,14508.0,288.0,FAKULTAS EKONOMI DAN BISNIS,S1,A,SWASTA,SUMATERA UTARA,B,3
7500000.0,14508.0,288.0,FAKULTAS TEKNIK,S1,B,SWASTA,SUMATERA UTARA,B,3
7500000.0,14508.0,288.0,FAKULTAS EKONOMI DAN BISNIS,S1,A,SWASTA,SUMATERA UTARA,B,3
7500000.0,14508.0,288.0,FAKULTAS TEKNIK,S1,B,SWASTA,SUMATERA UTARA,B,3
7500000.0,14508.0,288.0,FAKULTAS FILSAFAT,S1,B,SWASTA,SUMATERA UTARA,B,3
7500000.0,14508.0,288.0,FAKULTAS HUKUM,S1,B,SWASTA,SUMATERA UTARA,B,3
7500000.0,14508.0,288.0,FAKULTAS ILMU KOMPUTER,S1,B,SWASTA,SUMATERA UTARA,B,3
7500000.0,14508.0,288.0,FAKULTAS EKONOMI DAN BISNIS,S1,C,SWASTA,SUMATERA UTARA,B,3
7500000.0,14508.0,288.0,FAKULTAS EKONOMI DAN BISNIS,S1,B,SWASTA,SUMATERA UTARA,B,3
7500000.0,14508.0,288.0,FAKULTAS PERTANIAN,S1,B,SWASTA,SUMATERA UTARA,B,3
11125000.0,5449.0,224.0,EKONOMI DAN BISNIS,S1,A,SWASTA,D.K.I. JAKARTA,BAIK SEKALI,2
11125000.0,5449.0,224.0,TEKNIK,S1,BAIK SEKALI,SWASTA,D.K.I. JAKARTA,BAIK SEKALI,2
11125000.0,5449.0,224.0,EKONOMI DAN BISNIS,S1,A,SWASTA,D.K.I. JAKARTA,BAIK SEKALI,2
11125000.0,5449.0,224.0,ILMU KOMUNIKASI,S1,A,SWASTA,D.K.I. JAKARTA,BAIK SEKALI,2
11125000.0,5449.0,224.0,ILMU KOMUNIKASI,S1,A,SWASTA,D.K.I. JAKARTA,BAIK SEKALI,2
11125000.0,5449.0,224.0,TEKNIK,S1,B,SWASTA,D.K.I. JAKARTA,BAIK SEKALI,3
11125000.0,5449.0,224.0,TEKNIK,S1,B,SWASTA,D.K.I. JAKARTA,BAIK SEKALI,3
11125000.0,5449.0,224.0,EKONOMI DAN BISNIS,S1,A,SWASTA,D.K.I. JAKARTA,BAIK SEKALI,2
11125000.0,5449.0,224.0,PSIKOLOGI,S1,A,SWASTA,D.K.I. JAKARTA,BAIK SEKALI,2
11125000.0,5449.0,224.0,TEKNIK,S1,B,SWASTA,D.K.I. JAKARTA,BAIK SEKALI,3
11125000.0,5449.0,224.0,TEKNIK,S1,BAIK,SWASTA,D.K.I. JAKARTA,BAIK SEKALI,2
63000000.0,1198.0,1198.0,FAKULTAS EKONOMI DAN BISNIS,S1,UNGGUL,SWASTA,D.K.I. JAKARTA,BAIK,3
63000000.0,1198.0,1198.0,FAKULTAS TEKNOLOGI INDUSTRI,S1,BAIK SEKALI,SWASTA,D.K.I. JAKARTA,BAIK,2
63000000.0,1198.0,1198.0,FAKULTAS TEKNOLOGI EKSPLORASI DAN PRODUKSI,S1,UNGGUL,SWASTA,D.K.I. JAKARTA,BAIK,3
63000000.0,1198.0,1198.0,FAKULTAS TEKNOLOGI EKSPLORASI DAN PRODUKSI,S1,BAIK SEKALI,SWASTA,D.K.I. JAKARTA,BAIK,2
63000000.0,1198.0,1198.0,FAKULTAS KOMUNIKASI DAN DIPLOMASI,S1,BAIK SEKALI,SWASTA,D.K.I. JAKARTA,BAIK,2
63000000.0,1198.0,1198.0,FAKULTAS KOMUNIKASI DAN DIPLOMASI,S1,UNGGUL,SWASTA,D.K.I. JAKARTA,BAIK,3
63000000.0,1198.0,1198.0,FAKULTAS SAINS DAN KOMPUTER,S1,BAIK SEKALI,SWASTA,D.K.I. JAKARTA,BAIK,2
63000000.0,1198.0,1198.0,FAKULTAS SAINS DAN KOMPUTER,S1,BAIK SEKALI,SWASTA,D.K.I. JAKARTA,BAIK,2
63000000.0,1198.0,1198.0,FAKULTAS PERENCANAAN INFRASTRUKTUR,S1,BAIK SEKALI,SWASTA,D.K.I. JAKARTA,BAIK,2
63000000.0,1198.0,1198.0,FAKULTAS EKONOMI DAN BISNIS,S1,UNGGUL,SWASTA,D.K.I. JAKARTA,BAIK,3
63000000.0,1198.0,1198.0,FAKULTAS TEKNOLOGI INDUSTRI,S1,BAIK SEKALI,SWASTA,D.K.I. JAKARTA,BAIK,2
63000000.0,1198.0,1198.0,FAKULTAS TEKNOLOGI EKSPLORASI DAN PRODUKSI,S1,BAIK SEKALI,SWASTA,D.K.I. JAKARTA,BAIK,2
63000000.0,1198.0,1198.0,FAKULTAS PERENCANAAN INFRASTRUKTUR,S1,BAIK SEKALI,SWASTA,D.K.I. JAKARTA,BAIK,2
4500000.0,1500.0,80.0,FAKULTAS SAINS DAN TEKNOLOGI,S1,BAIK,SWASTA,BANTEN,BAIK,2
4500000.0,1500.0,80.0,FAKULTAS ILMU SOSIAL DAN ILMU POLITIK,S1,B,SWASTA,BANTEN,BAIK,3
4500000.0,1500.0,80.0,FAKULTAS EKONOMI DAN BISNIS,S1,BAIK SEKALI,SWASTA,BANTEN,BAIK,2
4500000.0,1500.0,80.0,FAKULTAS SAINS DAN TEKNOLOGI,S1,BAIK,SWASTA,BANTEN,BAIK,2
4500000.0,1500.0,80.0,FAKULTAS ILMU SOSIAL DAN ILMU POLITIK,S1,B,SWASTA,BANTEN,BAIK,3
25500000.0,4704.0,185.0,SCHOOL OF BUSINESS AND ECONOMICS,S1,B,SWASTA,D.K.I. JAKARTA,BAIK SEKALI,3
25500000.0,4704.0,185.0,SCHOOL OF APPLIED STEM,S1,C,SWASTA,D.K.I. JAKARTA,BAIK SEKALI,2
25500000.0,4704.0,185.0,SCHOOL OF BUSINESS AND ECONOMICS,S1,C,SWASTA,D.K.I. JAKARTA,BAIK SEKALI,2
25500000.0,4704.0,185.0,SCHOOL OF APPLIED STEM,S1,BAIK SEKALI,SWASTA,D.K.I. JAKARTA,BAIK SEKALI,2
25500000.0,4704.0,185.0,SCHOOL OF BUSINESS AND ECONOMICS,S1,C,SWASTA,D.K.I. JAKARTA,BAIK SEKALI,2
25500000.0,4704.0,185.0,SCHOOL OF APPLIED STEM,S1,C,SWASTA,D.K.I. JAKARTA,BAIK SEKALI,2
25500000.0,4704.0,185.0,SCHOOL OF APPLIED STEM,S1,C,SWASTA,D.K.I. JAKARTA,BAIK SEKALI,2
25500000.0,4704.0,185.0,SCHOOL OF APPLIED STEM,S1,C,SWASTA,D.K.I. JAKARTA,BAIK SEKALI,2
15000000.0,11963.0,347.0,FAKULTAS AGROTEKNOLOGI,S1,B,SWASTA,SUMATERA UTARA,B,3
15000000.0,11963.0,347.0,FAKULTAS EKONOMI,S1,B,SWASTA,SUMATERA UTARA,B,3
15000000.0,11963.0,347.0,FAKULTAS TEKNOLOGI DAN ILMU KOMPUTER,S1,C,SWASTA,SUMATERA UTARA,B,3
15000000.0,11963.0,347.0,FAKULTAS HUKUM,S1,B,SWASTA,SUMATERA UTARA,B,3
15000000.0,11963.0,347.0,FAKULTAS TEKNOLOGI DAN ILMU KOMPUTER,S1,C,SWASTA,SUMATERA UTARA,B,3
15000000.0,11963.0,347.0,FAKULTAS TEKNOLOGI DAN ILMU KOMPUTER,S1,C,SWASTA,SUMATERA UTARA,B,3
15000000.0,11963.0,347.0,FAKULTAS KEPERAWATAN DAN KEBIDANAN,S1,B,SWASTA,SUMATERA UTARA,B,3
15000000.0,11963.0,347.0,FAKULTAS KEDOKTERAN,S1,B,SWASTA,SUMATERA UTARA,B,3
15000000.0,11963.0,347.0,FAKULTAS KEDOKTERAN GIGI,S1,B,SWASTA,SUMATERA UTARA,B,3
15000000.0,11963.0,347.0,FAKULTAS KEPERAWATAN DAN KEBIDANAN,S1,B,SWASTA,SUMATERA UTARA,B,3
15000000.0,11963.0,347.0,FAKULTAS KESEHATAN MASYARAKAT,S1,B,SWASTA,SUMATERA UTARA,B,3
15000000.0,11963.0,347.0,FAKULTAS EKONOMI,S1,B,SWASTA,SUMATERA UTARA,B,3
15000000.0,11963.0,347.0,FAKULTAS PSIKOLOGI,S1,C,SWASTA,SUMATERA UTARA,B,3
15000000.0,11963.0,347.0,FAKULTAS TEKNOLOGI DAN ILMU KOMPUTER,S1,C,SWASTA,SUMATERA UTARA,B,3
2000000.0,1293.0,77.0,FAKULTAS HUKUM,S1,B,SWASTA,DAERAH ISTIMEWA YOGYAKARTA,B,3
2000000.0,1293.0,77.0,FAKULTAS TEKNIK,S1,BAIK SEKALI,SWASTA,DAERAH ISTIMEWA YOGYAKARTA,B,2
2000000.0,1293.0,77.0,FAKULTAS EKONOMI,S1,BAIK SEKALI,SWASTA,DAERAH ISTIMEWA YOGYAKARTA,B,2
2000000.0,1293.0,77.0,FAKULTAS TEKNIK,S1,BAIK,SWASTA,DAERAH ISTIMEWA YOGYAKARTA,B,3
2000000.0,1293.0,77.0,FAKULTAS TEKNIK,S1,BAIK,SWASTA,DAERAH ISTIMEWA YOGYAKARTA,B,3
2000000.0,1293.0,77.0,FAKULTAS PSIKOLOGI,S1,B,SWASTA,DAERAH ISTIMEWA YOGYAKARTA,B,3
3475000.0,9962.0,9962.0,FAKULTAS EKONOMI,S1,B,SWASTA,SUMATERA BARAT,B,3
3475000.0,9962.0,9962.0,FAKULTAS TEKNIK,S1,C,SWASTA,SUMATERA BARAT,B,3
3475000.0,9962.0,9962.0,FAKULTAS KEGURUAN ILMU PENDIDIKAN,S1,C,SWASTA,SUMATERA BARAT,B,3
3475000.0,9962.0,9962.0,FAKULTAS EKONOMI,S1,B,SWASTA,SUMATERA BARAT,B,3
3475000.0,9962.0,9962.0,FAKULTAS PSIKOLOGI,S1,BAIK,SWASTA,SUMATERA BARAT,B,3
3475000.0,9962.0,9962.0,FAKULTAS TEKNIK,S1,C,SWASTA,SUMATERA BARAT,B,3
3475000.0,9962.0,9962.0,FAKULTAS ILMU KOMPUTER,S1,B,SWASTA,SUMATERA BARAT,B,3
6187935.0,2499.0,484.0,FAKULTAS SAINS DAN TEKNOLOGI,S1,BAIK,SWASTA,BANTEN,TERAKREDITASI,2
6187935.0,2499.0,484.0,FAKULTAS EKONOMI DAN BISNIS,S1,BAIK SEKALI,SWASTA,BANTEN,TERAKREDITASI,2
6187935.0,2499.0,484.0,FAKULTAS SAINS DAN TEKNOLOGI,S1,B,SWASTA,BANTEN,TERAKREDITASI,3
6187935.0,2499.0,484.0,FAKULTAS EKONOMI DAN BISNIS,S1,BAIK,SWASTA,BANTEN,TERAKREDITASI,2
6187935.0,2499.0,484.0,FAKULTAS EKONOMI DAN BISNIS,S1,BAIK SEKALI,SWASTA,BANTEN,TERAKREDITASI,2
6187935.0,2499.0,484.0,FAKULTAS SAINS DAN TEKNOLOGI,S1,BAIK SEKALI,SWASTA,BANTEN,TERAKREDITASI,2
6187935.0,2499.0,484.0,FAKULTAS SAINS DAN TEKNOLOGI,S1,BAIK SEKALI,SWASTA,BANTEN,TERAKREDITASI,2
6187935.0,2499.0,484.0,FAKULTAS SAINS DAN TEKNOLOGI,S1,UNGGUL,SWASTA,BANTEN,TERAKREDITASI,2
6187935.0,2499.0,484.0,FAKULTAS SAINS DAN TEKNOLOGI,S1,BAIK,SWASTA,BANTEN,TERAKREDITASI,2
4800000.0,2449.0,125.0,FAKULTAS MANAJEMEN DAN BISNIS,S1,BAIK SEKALI,SWASTA,D.K.I. JAKARTA,B,3
4800000.0,2449.0,125.0,FAKULTAS PERTANIAN,S1,BAIK SEKALI,SWASTA,D.K.I. JAKARTA,B,3
4800000.0,2449.0,125.0,FAKULTAS ILMU KESEHATAN,S1,BAIK SEKALI,SWASTA,D.K.I. JAKARTA,B,3
4800000.0,2449.0,125.0,FAKULTAS ILMU KESEHATAN,S1,UNGGUL,SWASTA,D.K.I. JAKARTA,B,3
4800000.0,2449.0,125.0,FAKULTAS ILMU KESEHATAN,S1,UNGGUL,SWASTA,D.K.I. JAKARTA,B,3
4800000.0,2449.0,125.0,FAKULTAS TEKNOLOGI INFORMASI,S1,BAIK SEKALI,SWASTA,D.K.I. JAKARTA,B,3
4800000.0,2449.0,125.0,FAKULTAS MANAJEMEN DAN BISNIS,S1,BAIK SEKALI,SWASTA,D.K.I. JAKARTA,B,3
4800000.0,2449.0,125.0,FAKULTAS TEKNOLOGI INFORMASI,S1,BAIK,SWASTA,D.K.I. JAKARTA,B,3
7725000.0,4148.0,127.0,FAKULTAS EKONOMI DAN BISNIS,S1,BAIK SEKALI,SWASTA,D.K.I. JAKARTA,UNGGUL,2
7725000.0,4148.0,127.0,FAKULTAS TEKNOLOGI PANGAN & KESEHATAN,S1,UNGGUL,SWASTA,D.K.I. JAKARTA,UNGGUL,3
7725000.0,4148.0,127.0,FAKULTAS HUKUM,S1,BAIK SEKALI,SWASTA,D.K.I. JAKARTA,UNGGUL,2
7725000.0,4148.0,127.0,FAKULTAS ILMU KOMUNIKASI,S1,BAIK SEKALI,SWASTA,D.K.I. JAKARTA,UNGGUL,2
7725000.0,4148.0,127.0,FAKULTAS TEKNIK,S1,BAIK SEKALI,SWASTA,D.K.I. JAKARTA,UNGGUL,2
7725000.0,4148.0,127.0,FAKULTAS TEKNIK,S1,BAIK SEKALI,SWASTA,D.K.I. JAKARTA,UNGGUL,2
7725000.0,4148.0,127.0,FAKULTAS EKONOMI DAN BISNIS,S1,BAIK SEKALI,SWASTA,D.K.I. JAKARTA,UNGGUL,2
7725000.0,4148.0,127.0,FAKULTAS TEKNOLOGI PANGAN & KESEHATAN,S1,BAIK SEKALI,SWASTA,D.K.I. JAKARTA,UNGGUL,2
9462500.0,11856.0,346.0,FAKULTAS EKONOMI,S1,B,SWASTA,D.I. YOGYAKARTA,A,4
9462500.0,11856.0,346.0,FAKULTAS KEGURUAN DAN ILMU PENDIDIKAN,S1,A,SWASTA,D.I. YOGYAKARTA,A,4
9462500.0,11856.0,346.0,FAKULTAS EKONOMI,S1,A,SWASTA,D.I. YOGYAKARTA,A,4
9462500.0,11856.0,346.0,FAKULTAS SAINS DAN TEKNOLOGI,S1,B,SWASTA,D.I. YOGYAKARTA,A,4
9462500.0,11856.0,346.0,FAKULTAS FARMASI,S1,A,SWASTA,D.I. YOGYAKARTA,A,4
9462500.0,11856.0,346.0,FAKULTAS KEGURUAN DAN ILMU PENDIDIKAN,S1,A,SWASTA,D.I. YOGYAKARTA,A,4
9462500.0,11856.0,346.0,FAKULTAS KEGURUAN DAN ILMU PENDIDIKAN,S1,A,SWASTA,D.I. YOGYAKARTA,A,4
9462500.0,11856.0,346.0,FAKULTAS SAINS DAN TEKNOLOGI,S1,B,SWASTA,D.I. YOGYAKARTA,A,4
9462500.0,11856.0,346.0,FAKULTAS KEGURUAN DAN ILMU PENDIDIKAN,S1,BAIK SEKALI,SWASTA,D.I. YOGYAKARTA,A,4
9462500.0,11856.0,346.0,FAKULTAS EKONOMI,S1,B,SWASTA,D.I. YOGYAKARTA,A,4
9462500.0,11856.0,346.0,FAKULTAS KEGURUAN DAN ILMU PENDIDIKAN,S1,A,SWASTA,D.I. YOGYAKARTA,A,4
9462500.0,11856.0,346.0,FAKULTAS SAINS DAN TEKNOLOGI,S1,B,SWASTA,D.I. YOGYAKARTA,A,4
9462500.0,11856.0,346.0,FAKULTAS PSIKOLOGI,S1,A,SWASTA,D.I. YOGYAKARTA,A,4
9462500.0,11856.0,346.0,FAKULTAS SASTRA,S1,A,SWASTA,D.I. YOGYAKARTA,A,4
9462500.0,11856.0,346.0,FAKULTAS SASTRA,S1,A,SWASTA,D.I. YOGYAKARTA,A,4
9462500.0,11856.0,346.0,FAKULTAS KEGURUAN DAN ILMU PENDIDIKAN,S1,B,SWASTA,D.I. YOGYAKARTA,A,4
9462500.0,11856.0,346.0,FAKULTAS TEOLOGI,S1,A,SWASTA,D.I. YOGYAKARTA,A,4
7215001.0,11009.0,320.0,FAKULTAS PERTANIAN,S1,B,SWASTA,D.I. YOGYAKARTA,B,3
7215001.0,11009.0,320.0,FAKULTAS PERTANIAN,S1,B,SWASTA,D.I. YOGYAKARTA,B,3
7215001.0,11009.0,320.0,FAKULTAS EKONOMI,S1,A,SWASTA,D.I. YOGYAKARTA,B,4
7215001.0,11009.0,320.0,FAKULTAS KEGURUAN DAN ILMU PENDIDIKAN,S1,B,SWASTA,D.I. YOGYAKARTA,B,3
7215001.0,11009.0,320.0,FAKULTAS KEGURUAN DAN ILMU PENDIDIKAN,S1,A,SWASTA,D.I. YOGYAKARTA,B,4
7215001.0,11009.0,320.0,FAKULTAS KEGURUAN DAN ILMU PENDIDIKAN,S1,A,SWASTA,D.I. YOGYAKARTA,B,4
7215001.0,11009.0,320.0,FAKULTAS TEKNIK,S1,B,SWASTA,D.I. YOGYAKARTA,B,3
7215001.0,11009.0,320.0,FAKULTAS TEKNIK,S1,BAIK,SWASTA,D.I. YOGYAKARTA,B,3
7215001.0,11009.0,320.0,FAKULTAS EKONOMI,S1,A,SWASTA,D.I. YOGYAKARTA,B,4
7215001.0,11009.0,320.0,FAKULTAS KEGURUAN DAN ILMU PENDIDIKAN,S1,B,SWASTA,D.I. YOGYAKARTA,B,3
7215001.0,11009.0,320.0,FAKULTAS KEGURUAN DAN ILMU PENDIDIKAN,S1,B,SWASTA,D.I. YOGYAKARTA,B,3
7215001.0,11009.0,320.0,FAKULTAS PSIKOLOGI,S1,B,SWASTA,D.I. YOGYAKARTA,B,3
7215001.0,11009.0,320.0,FAKULTAS TEKNIK,S1,B,SWASTA,D.I. YOGYAKARTA,B,3
10800000.0,4593.0,143.0,FAKULTAS PERTANIAN,S1,B,SWASTA,D.K.I. JAKARTA,BAIK,3
10800000.0,4593.0,143.0,FAKULTAS PERTANIAN,S1,C,SWASTA,D.K.I. JAKARTA,BAIK,3
10800000.0,4593.0,143.0,FAKULTAS EKONOMI,S1,C,SWASTA,D.K.I. JAKARTA,BAIK,3
10800000.0,4593.0,143.0,FAKULTAS TEKNIK SIPIL DAN PERENCANAAN,S1,C,SWASTA,D.K.I. JAKARTA,BAIK,3
10800000.0,4593.0,143.0,FAKULTAS TEKNOLOGI INDUSTRI,S1,BAIK,SWASTA,D.K.I. JAKARTA,BAIK,3
10800000.0,4593.0,143.0,FAKULTAS ILMU SOSIAL DAN ILMU POLITIK,S1,B,SWASTA,D.K.I. JAKARTA,BAIK,3
10800000.0,4593.0,143.0,FAKULTAS HUKUM,S1,C,SWASTA,D.K.I. JAKARTA,BAIK,3
10800000.0,4593.0,143.0,FAKULTAS TEKNOLOGI INDUSTRI,S1,C,SWASTA,D.K.I. JAKARTA,BAIK,3
10800000.0,4593.0,143.0,FAKULTAS TEKNOLOGI INDUSTRI,S1,C,SWASTA,D.K.I. JAKARTA,BAIK,3
10800000.0,4593.0,143.0,FAKULTAS EKONOMI,S1,C,SWASTA,D.K.I. JAKARTA,BAIK,3
10800000.0,4593.0,143.0,FAKULTAS ILMU SOSIAL DAN ILMU POLITIK,S1,C,SWASTA,D.K.I. JAKARTA,BAIK,3
10800000.0,4593.0,143.0,FAKULTAS TEKNIK SIPIL DAN PERENCANAAN,S1,C,SWASTA,D.K.I. JAKARTA,BAIK,3
4870000.0,19497.0,406.0,FAKULTAS EKONOMI,S1,B,SWASTA,JAWA TENGAH,B,3
4870000.0,19497.0,406.0,FAKULTAS TEKNIK,S1,C,SWASTA,JAWA TENGAH,B,3
4870000.0,19497.0,406.0,FAKULTAS HUKUM,S1,B,SWASTA,JAWA TENGAH,B,3
4870000.0,19497.0,406.0,FAKULTAS TEKNOLOGI INFORMASI DAN KOMUNIKASI,S1,C,SWASTA,JAWA TENGAH,B,3
4870000.0,19497.0,406.0,FAKULTAS TEKNOLOGI INFORMASI DAN KOMUNIKASI,S1,B,SWASTA,JAWA TENGAH,B,3
4870000.0,19497.0,406.0,FAKULTAS EKONOMI,S1,B,SWASTA,JAWA TENGAH,B,3
4870000.0,19497.0,406.0,FAKULTAS TEKNOLOGI INFORMASI DAN KOMUNIKASI,S1,BAIK,SWASTA,JAWA TENGAH,B,3
4870000.0,19497.0,406.0,FAKULTAS TEKNIK,S1,BAIK,SWASTA,JAWA TENGAH,B,3
4870000.0,19497.0,406.0,FAKULTAS TEKNOLOGI PERTANIAN,S1,BAIK SEKALI,SWASTA,JAWA TENGAH,B,3
4870000.0,19497.0,406.0,FAKULTAS PSIKOLOGI,S1,C,SWASTA,JAWA TENGAH,B,3
4870000.0,19497.0,406.0,FAKULTAS TEKNIK,S1,B,SWASTA,JAWA TENGAH,B,3
4870000.0,19497.0,406.0,FAKULTAS TEKNOLOGI INFORMASI DAN KOMUNIKASI,S1,B,SWASTA,JAWA TENGAH,B,3
3150000.0,5232.0,303.0,FAKULTAS EKONOMI,S1,C,SWASTA,ACEH,BAIK,2
3150000.0,5232.0,303.0,FAKULTAS KEGURUAN DAN ILMU PENDIDIKAN,S1,C,SWASTA,ACEH,BAIK,4
3150000.0,5232.0,303.0,FAKULTAS KEGURUAN DAN ILMU PENDIDIKAN,S1,B,SWASTA,ACEH,BAIK,3
3150000.0,5232.0,303.0,FAKULTAS KEGURUAN DAN ILMU PENDIDIKAN,S1,BAIK,SWASTA,ACEH,BAIK,4
3150000.0,5232.0,303.0,FAKULTAS KEGURUAN DAN ILMU PENDIDIKAN,S1,B,SWASTA,ACEH,BAIK,3
3150000.0,5232.0,303.0,FAKULTAS TEKNIK,S1,BAIK,SWASTA,ACEH,BAIK,2
3150000.0,5232.0,303.0,FAKULTAS KESEHATAN MASYARAKAT,S1,B,SWASTA,ACEH,BAIK,3
3150000.0,5232.0,303.0,FAKULTAS TEKNIK,S1,B,SWASTA,ACEH,BAIK,3
3150000.0,5232.0,303.0,FAKULTAS TEKNIK,S1,BAIK SEKALI,SWASTA,ACEH,BAIK,2
3150000.0,5232.0,303.0,FAKULTAS EKONOMI,S1,C,SWASTA,ACEH,BAIK,2
3150000.0,5232.0,303.0,FAKULTAS KEGURUAN DAN ILMU PENDIDIKAN,S1,BAIK SEKALI,SWASTA,ACEH,BAIK,2
3150000.0,5232.0,303.0,FAKULTAS TEKNOLOGI PERTANIAN,S1,BAIK,SWASTA,ACEH,BAIK,2
3150000.0,5232.0,303.0,FAKULTAS KEGURUAN DAN ILMU PENDIDIKAN,S1,BAIK SEKALI,SWASTA,ACEH,BAIK,2
3150000.0,5232.0,303.0,FAKULTAS TEKNOLOGI PERTANIAN,S1,BAIK,SWASTA,ACEH,BAIK,2
5262250.0,8468.0,159.0,FAKULTAS EKONOMI,S1,B,SWASTA,BANTEN,B,3
5262250.0,8468.0,159.0,FAKULTAS HUKUM,S1,BAIK,SWASTA,BANTEN,B,3
5262250.0,8468.0,159.0,FAKULTAS ILMU SOSIAL DAN POLITIK,S1,B,SWASTA,BANTEN,B,3
5262250.0,8468.0,159.0,FAKULTAS TEKNIK,S1,C,SWASTA,BANTEN,B,3
5262250.0,8468.0,159.0,FAKULTAS TEKNOLOGI INFORMASI,S1,C,SWASTA,BANTEN,B,3
5262250.0,8468.0,159.0,FAKULTAS EKONOMI,S1,C,SWASTA,BANTEN,B,3
5262250.0,8468.0,159.0,FAKULTAS PENDIDIKAN,S1,BAIK,SWASTA,BANTEN,B,3
5262250.0,8468.0,159.0,FAKULTAS TEKNIK,S1,C,SWASTA,BANTEN,B,3
5262250.0,8468.0,159.0,FAKULTAS TEKNOLOGI INFORMASI,S1,C,SWASTA,BANTEN,B,3
15137500.0,4757.0,157.0,FAKULTAS PERTANIAN,S1,B,SWASTA,SUMATERA UTARA,B,3
15137500.0,4757.0,157.0,FAKULTAS PERTANIAN,S1,B,SWASTA,SUMATERA UTARA,B,3
15137500.0,4757.0,157.0,FAKULTAS KEGURUAN DAN ILMU PENDIDIKAN,S1,BAIK SEKALI,SWASTA,SUMATERA UTARA,B,2
15137500.0,4757.0,157.0,FAKULTAS HUKUM,S1,B,SWASTA,SUMATERA UTARA,B,3
15137500.0,4757.0,157.0,FAKULTAS PERTANIAN,S1,B,SWASTA,SUMATERA UTARA,B,3
15137500.0,4757.0,157.0,FAKULTAS EKONOMI,S1,C,SWASTA,SUMATERA UTARA,B,3
15137500.0,4757.0,157.0,FAKULTAS KEGURUAN DAN ILMU PENDIDIKAN,S1,BAIK SEKALI,SWASTA,SUMATERA UTARA,B,2
15137500.0,4757.0,157.0,FAKULTAS TEKNIK,S1,BAIK,SWASTA,SUMATERA UTARA,B,3
2700000.0,3602.0,105.0,FAKULTAS PERTANIAN,S1,B,SWASTA,SUMATERA SELATAN,B,3
2700000.0,3602.0,105.0,FAKULTAS PERTANIAN,S1,B,SWASTA,SUMATERA SELATAN,B,3
2700000.0,3602.0,105.0,FAKULTAS EKONOMI,S1,BAIK,SWASTA,SUMATERA SELATAN,B,3
2700000.0,3602.0,105.0,FAKULTAS HUKUM,S1,B,SWASTA,SUMATERA SELATAN,B,3
2700000.0,3602.0,105.0,FAKULTAS EKONOMI,S1,BAIK,SWASTA,SUMATERA SELATAN,B,3
3000000.0,3719.0,89.0,FAKULTAS ILMU ADMINISTRASI,S1,B,SWASTA,JAWA BARAT,BAIK SEKALI,2
3000000.0,3719.0,89.0,FAKULTAS ILMU ADMINISTRASI,S1,B,SWASTA,JAWA BARAT,BAIK SEKALI,2
3000000.0,3719.0,89.0,FAKULTAS AGROBISNIS DAN REKAYASA PERTANIAN,S1,BAIK,SWASTA,JAWA BARAT,BAIK SEKALI,2
3000000.0,3719.0,89.0,FAKULTAS AGROBISNIS DAN REKAYASA PERTANIAN,S1,BAIK,SWASTA,JAWA BARAT,BAIK SEKALI,2
3000000.0,3719.0,89.0,FAKULTAS TEKNIK,S1,BAIK,SWASTA,JAWA BARAT,BAIK SEKALI,2
3000000.0,3719.0,89.0,FAKULTAS TEKNIK,S1,BAIK,SWASTA,JAWA BARAT,BAIK SEKALI,2
3000000.0,3719.0,89.0,FAKULTAS HUKUM,S1,BAIK,SWASTA,JAWA BARAT,BAIK SEKALI,2
3000000.0,3719.0,89.0,FAKULTAS ILMU KOMUNIKASI,S1,B,SWASTA,JAWA BARAT,BAIK SEKALI,2
3000000.0,3719.0,89.0,FAKULTAS KEGURUAN DAN ILMU PENDIDIKAN,S1,BAIK,SWASTA,JAWA BARAT,BAIK SEKALI,2
3000000.0,3719.0,89.0,FAKULTAS TEKNIK,S1,BAIK,SWASTA,JAWA BARAT,BAIK SEKALI,2
3000000.0,3719.0,89.0,FAKULTAS TEKNIK,S1,BAIK,SWASTA,JAWA BARAT,BAIK SEKALI,2
3000000.0,3719.0,89.0,FAKULTAS ILMU KOMPUTER,S1,BAIK SEKALI,SWASTA,JAWA BARAT,BAIK SEKALI,2
19425125.0,9662.0,418.0,FAKULTAS BISNIS DAN EKONOMI,S1,A,SWASTA,JAWA TIMUR,A,4
19425125.0,9662.0,418.0,FAKULTAS TEKNOBIOLOGI,S1,B,SWASTA,JAWA TIMUR,A,3
19425125.0,9662.0,418.0,FAKULTAS BISNIS DAN EKONOMI,S1,A,SWASTA,JAWA TIMUR,A,4
19425125.0,9662.0,418.0,FAKULTAS TEKNIK,S1,A,SWASTA,JAWA TIMUR,A,2
19425125.0,9662.0,418.0,FAKULTAS FARMASI,S1,A,SWASTA,JAWA TIMUR,A,4
19425125.0,9662.0,418.0,FAKULTAS HUKUM,S1,A,SWASTA,JAWA TIMUR,A,4
19425125.0,9662.0,418.0,FAKULTAS TEKNIK,S1,A,SWASTA,JAWA TIMUR,A,2
19425125.0,9662.0,418.0,FAKULTAS TEKNIK,S1,A,SWASTA,JAWA TIMUR,A,2
19425125.0,9662.0,418.0,FAKULTAS KEDOKTERAN,S1,BAIK SEKALI,SWASTA,JAWA TIMUR,A,2
19425125.0,9662.0,418.0,FAKULTAS BISNIS DAN EKONOMI,S1,A,SWASTA,JAWA TIMUR,A,4
19425125.0,9662.0,418.0,FAKULTAS TEKNIK,S1,A,SWASTA,JAWA TIMUR,A,2
19425125.0,9662.0,418.0,FAKULTAS BISNIS DAN EKONOMI,S1,A,SWASTA,JAWA TIMUR,A,4
19425125.0,9662.0,418.0,FAKULTAS TEKNIK,S1,A,SWASTA,JAWA TIMUR,A,2
19425125.0,9662.0,418.0,FAKULTAS TEKNIK,S1,A,SWASTA,JAWA TIMUR,A,2
19425125.0,9662.0,418.0,FAKULTAS PSIKOLOGI,S1,A,SWASTA,JAWA TIMUR,A,4
19425125.0,9662.0,418.0,FAKULTAS TEKNIK,S1,A,SWASTA,JAWA TIMUR,A,2
4695000.0,5243.0,193.0,FAKULTAS ILMU SOSIAL DAN ILMU POLITIK,S1,BAIK SEKALI,SWASTA,JAWA TENGAH,BAIK,2
4695000.0,5243.0,193.0,FAKULTAS EKONOMI,S1,BAIK SEKALI,SWASTA,JAWA TENGAH,BAIK,2
4695000.0,5243.0,193.0,FAKULTAS TEKNIK SIPIL DAN PERENCANAAN,S1,B,SWASTA,JAWA TENGAH,BAIK,3
4695000.0,5243.0,193.0,FAKULTAS TEKNIK ELEKTRO DAN INFORMATIKA,S1,BAIK,SWASTA,JAWA TENGAH,BAIK,2
4695000.0,5243.0,193.0,FAKULTAS HUKUM,S1,B,SWASTA,JAWA TENGAH,BAIK,3
4695000.0,5243.0,193.0,FAKULTAS ILMU SOSIAL DAN ILMU POLITIK,S1,B,SWASTA,JAWA TENGAH,BAIK,3
4695000.0,5243.0,193.0,FAKULTAS TEKNIK ELEKTRO DAN INFORMATIKA,S1,BAIK SEKALI,SWASTA,JAWA TENGAH,BAIK,2
4695000.0,5243.0,193.0,FAKULTAS EKONOMI,S1,BAIK SEKALI,SWASTA,JAWA TENGAH,BAIK,2
4695000.0,5243.0,193.0,FAKULTAS TEKNOLOGI INDUSTRI,S1,BAIK,SWASTA,JAWA TENGAH,BAIK,2
4695000.0,5243.0,193.0,FAKULTAS BAHASA DAN SASTRA,S1,B,SWASTA,JAWA TENGAH,BAIK,3
4695000.0,5243.0,193.0,FAKULTAS TEKNIK SIPIL DAN PERENCANAAN,S1,BAIK SEKALI,SWASTA,JAWA TENGAH,BAIK,2
18300000.0,1581.0,60.0,FAKULTAS ILMU HAYATI,S1,BAIK,SWASTA,BANTEN,BAIK,2
18300000.0,1581.0,60.0,FAKULTAS SOSIAL DAN EKONOMI,S1,B,SWASTA,BANTEN,BAIK,3
18300000.0,1581.0,60.0,FAKULTAS ILMU HAYATI,S1,BAIK,SWASTA,BANTEN,BAIK,2
12000000.0,242.0,28.0,FAKULTAS MANAJEMEN,S1,BAIK,SWASTA,D.K.I. JAKARTA,BAIK SEKALI,2
12000000.0,242.0,28.0,FAKULTAS TEKNIK DAN TEKNOLOGI,S1,BAIK,SWASTA,D.K.I. JAKARTA,BAIK SEKALI,2
12000000.0,242.0,28.0,FAKULTAS MANAJEMEN,S1,BAIK,SWASTA,D.K.I. JAKARTA,BAIK SEKALI,2
12000000.0,242.0,28.0,FAKULTAS TEKNIK DAN TEKNOLOGI,S1,BAIK,SWASTA,D.K.I. JAKARTA,BAIK SEKALI,2
12000000.0,242.0,28.0,FAKULTAS MANAJEMEN,S1,BAIK SEKALI,SWASTA,D.K.I. JAKARTA,BAIK SEKALI,2
12000000.0,242.0,28.0,FAKULTAS TEKNIK DAN TEKNOLOGI,S1,BAIK SEKALI,SWASTA,D.K.I. JAKARTA,BAIK SEKALI,2
12000000.0,242.0,28.0,FAKULTAS TEKNIK DAN TEKNOLOGI,S1,BAIK SEKALI,SWASTA,D.K.I. JAKARTA,BAIK SEKALI,2
12000000.0,242.0,28.0,FAKULTAS TEKNIK DAN TEKNOLOGI,S1,BAIK SEKALI,SWASTA,D.K.I. JAKARTA,BAIK SEKALI,2
13000000.0,32729.0,973.0,FAKULTAS KOMUNIKASI DAN BISNIS,S1,UNGGUL,SWASTA,JAWA BARAT,UNGGUL,4
13000000.0,32729.0,973.0,FAKULTAS EKONOMI DAN BISNIS,S1,UNGGUL,SWASTA,JAWA BARAT,UNGGUL,4
13000000.0,32729.0,973.0,FAKULTAS TEKNIK ELEKTRO,S1,BAIK,SWASTA,JAWA BARAT,UNGGUL,4
13000000.0,32729.0,973.0,FAKULTAS INDUSTRI KREATIF,S1,A,SWASTA,JAWA BARAT,UNGGUL,4
13000000.0,32729.0,973.0,FAKULTAS INDUSTRI KREATIF,S1,UNGGUL,SWASTA,JAWA BARAT,UNGGUL,4
13000000.0,32729.0,973.0,FAKULTAS TEKNIK ELEKTRO,S1,UNGGUL,SWASTA,JAWA BARAT,UNGGUL,4
13000000.0,32729.0,973.0,FAKULTAS KOMUNIKASI DAN BISNIS,S1,UNGGUL,SWASTA,JAWA BARAT,UNGGUL,4
13000000.0,32729.0,973.0,FAKULTAS TEKNIK ELEKTRO,S1,UNGGUL,SWASTA,JAWA BARAT,UNGGUL,4
13000000.0,32729.0,973.0,FAKULTAS REKAYASA INDUSTRI,S1,BAIK,SWASTA,JAWA BARAT,UNGGUL,4
13000000.0,32729.0,973.0,FAKULTAS INFORMATIKA,S1,UNGGUL,SWASTA,JAWA BARAT,UNGGUL,4
13000000.0,32729.0,973.0,FAKULTAS TEKNIK ELEKTRO,S1,UNGGUL,SWASTA,JAWA BARAT,UNGGUL,4
13000000.0,32729.0,973.0,FAKULTAS REKAYASA INDUSTRI,S1,BAIK,SWASTA,JAWA BARAT,UNGGUL,4
13000000.0,32729.0,973.0,FAKULTAS INDUSTRI KREATIF,S1,UNGGUL,SWASTA,JAWA BARAT,UNGGUL,4
13000000.0,32729.0,973.0,FAKULTAS INFORMATIKA,S1,BAIK SEKALI,SWASTA,JAWA BARAT,UNGGUL,4
13000000.0,32729.0,973.0,FAKULTAS INDUSTRI KREATIF,S1,UNGGUL,SWASTA,JAWA BARAT,UNGGUL,4
13000000.0,32729.0,973.0,FAKULTAS ILMU TERAPAN,S1,UNGGUL,SWASTA,JAWA BARAT,UNGGUL,4
13000000.0,32729.0,973.0,FAKULTAS INFORMATIKA,S1,BAIK SEKALI,SWASTA,JAWA BARAT,UNGGUL,4
6375000.0,3011.0,92.0,"FAKULTAS SAINS, TEKNOLOGI, DAN DESAIN",S1,C,SWASTA,D.K.I. JAKARTA,B,3
6375000.0,3011.0,92.0,"FAKULTAS EKONOMI, BISNIS, DAN HUMANIORA",S1,B,SWASTA,D.K.I. JAKARTA,B,3
6375000.0,3011.0,92.0,"FAKULTAS SAINS, TEKNOLOGI, DAN DESAIN",S1,B,SWASTA,D.K.I. JAKARTA,B,3
6375000.0,3011.0,92.0,"FAKULTAS EKONOMI, BISNIS, DAN HUMANIORA",S1,BAIK SEKALI,SWASTA,D.K.I. JAKARTA,B,3
6375000.0,3011.0,92.0,"FAKULTAS EKONOMI, BISNIS, DAN HUMANIORA",S1,BAIK SEKALI,SWASTA,D.K.I. JAKARTA,B,3
6375000.0,3011.0,92.0,"FAKULTAS EKONOMI, BISNIS, DAN HUMANIORA",S1,UNGGUL,SWASTA,D.K.I. JAKARTA,B,3
6375000.0,3011.0,92.0,"FAKULTAS SAINS, TEKNOLOGI, DAN DESAIN",S1,C,SWASTA,D.K.I. JAKARTA,B,3
6375000.0,3011.0,92.0,"FAKULTAS EKONOMI, BISNIS, DAN HUMANIORA",S1,B,SWASTA,D.K.I. JAKARTA,B,3
6375000.0,3011.0,92.0,"FAKULTAS SAINS, TEKNOLOGI, DAN DESAIN",S1,C,SWASTA,D.K.I. JAKARTA,B,3
6375000.0,3011.0,92.0,"FAKULTAS SAINS, TEKNOLOGI, DAN DESAIN",S1,C,SWASTA,D.K.I. JAKARTA,B,3
5550000.0,8110.0,8110.0,FAKULTAS EKONOMI,S1,A,SWASTA,JAWA BARAT,B,3
5550000.0,8110.0,8110.0,FAKULTAS TEKNIK,S1,B,SWASTA,JAWA BARAT,B,3
5550000.0,8110.0,8110.0,FAKULTAS TEKNIK,S1,B,SWASTA,JAWA BARAT,B,3
5550000.0,8110.0,8110.0,FAKULTAS EKONOMI,S1,B,SWASTA,JAWA BARAT,B,3
5550000.0,8110.0,8110.0,FAKULTAS BAHASA,S1,B,SWASTA,JAWA BARAT,B,3
5550000.0,8110.0,8110.0,FAKULTAS TEKNIK,S1,B,SWASTA,JAWA BARAT,B,3
19200000.0,7615.0,366.0,FAKULTAS EKONOMI DAN BISNIS,S1,B,SWASTA,JAWA TIMUR,B,3
19200000.0,7615.0,366.0,FAKULTAS BAHASA DAN SAINS,S1,B,SWASTA,JAWA TIMUR,B,3
19200000.0,7615.0,366.0,FAKULTAS BAHASA DAN SAINS,S1,B,SWASTA,JAWA TIMUR,B,3
19200000.0,7615.0,366.0,FAKULTAS HUKUM,S1,A,SWASTA,JAWA TIMUR,B,3
19200000.0,7615.0,366.0,FAKULTAS ILMU SOSIAL DAN ILMU POLITIK,S1,B,SWASTA,JAWA TIMUR,B,3
19200000.0,7615.0,366.0,FAKULTAS TEKNIK,S1,B,SWASTA,JAWA TIMUR,B,3
19200000.0,7615.0,366.0,FAKULTAS KEDOKTERAN,S1,B,SWASTA,JAWA TIMUR,B,3
19200000.0,7615.0,366.0,FAKULTAS KEDOKTERAN HEWAN,S1,C,SWASTA,JAWA TIMUR,B,3
19200000.0,7615.0,366.0,FAKULTAS ILMU SOSIAL DAN ILMU POLITIK,S1,B,SWASTA,JAWA TIMUR,B,3
19200000.0,7615.0,366.0,FAKULTAS PERTANIAN,S1,B,SWASTA,JAWA TIMUR,B,3
19200000.0,7615.0,366.0,FAKULTAS BAHASA DAN SAINS,S1,B,SWASTA,JAWA TIMUR,B,3
19200000.0,7615.0,366.0,FAKULTAS TEKNIK,S1,B,SWASTA,JAWA TIMUR,B,3
19200000.0,7615.0,366.0,FAKULTAS ILMU SOSIAL DAN ILMU POLITIK,S1,A,SWASTA,JAWA TIMUR,B,3
19200000.0,7615.0,366.0,FAKULTAS TEKNIK,S1,C,SWASTA,JAWA TIMUR,B,3
19200000.0,7615.0,366.0,FAKULTAS ILMU SOSIAL DAN ILMU POLITIK,S1,B,SWASTA,JAWA TIMUR,B,3
5800050.0,3351.0,216.0,FAKULTAS ILMU SOSIAL DAN ILMU POLITIK,S1,A,SWASTA,JAWA TIMUR,BAIK SEKALI,2
5800050.0,3351.0,216.0,FAKULTAS PERTANIAN,S1,B,SWASTA,JAWA TIMUR,BAIK SEKALI,2
5800050.0,3351.0,216.0,FAKULTAS EKONOMI DAN BISNIS,S1,BAIK SEKALI,SWASTA,JAWA TIMUR,BAIK SEKALI,2
5800050.0,3351.0,216.0,FAKULTAS EKONOMI DAN BISNIS,S1,BAIK SEKALI,SWASTA,JAWA TIMUR,BAIK SEKALI,2
5800050.0,3351.0,216.0,FAKULTAS HUKUM,S1,B,SWASTA,JAWA TIMUR,BAIK SEKALI,2
5800050.0,3351.0,216.0,FAKULTAS TEKNIK,S1,BAIK SEKALI,SWASTA,JAWA TIMUR,BAIK SEKALI,2
5800050.0,3351.0,216.0,FAKULTAS TEKNIK,S1,BAIK,SWASTA,JAWA TIMUR,BAIK SEKALI,2
5800050.0,3351.0,216.0,FAKULTAS EKONOMI DAN BISNIS,S1,B,SWASTA,JAWA TIMUR,BAIK SEKALI,2
5800050.0,3351.0,216.0,FAKULTAS TEKNIK,S1,BAIK SEKALI,SWASTA,JAWA TIMUR,BAIK SEKALI,2
5800050.0,3351.0,216.0,FAKULTAS PSIKOLOGI,S1,BAIK,SWASTA,JAWA TIMUR,BAIK SEKALI,2
5800050.0,3351.0,216.0,FAKULTAS BAHASA DAN SASTRA,S1,B,SWASTA,JAWA TIMUR,BAIK SEKALI,2
131125000.0,5000.0,278.0,FAKULTAS EKONOMI DAN BISNIS,S1,B,SWASTA,D.K.I. JAKARTA,B,0
131125000.0,5000.0,278.0,FAKULTAS HUKUM,S1,B,SWASTA,D.K.I. JAKARTA,B,0
131125000.0,5000.0,278.0,FAKULTAS TEKNOLOGI INFORMASI,S1,A,SWASTA,D.K.I. JAKARTA,B,0
131125000.0,5000.0,278.0,FAKULTAS TEKNOLOGI INFORMASI,S1,B,SWASTA,D.K.I. JAKARTA,B,0
131125000.0,5000.0,278.0,FAKULTAS KEDOKTERAN,S1,A,SWASTA,D.K.I. JAKARTA,B,0
131125000.0,5000.0,278.0,FAKULTAS KEDOKTERAN GIGI,S1,B,SWASTA,D.K.I. JAKARTA,B,0
131125000.0,5000.0,278.0,FAKULTAS EKONOMI DAN BISNIS,S1,B,SWASTA,D.K.I. JAKARTA,B,0
131125000.0,5000.0,278.0,FAKULTAS PSIKOLOGI,S1,B,SWASTA,D.K.I. JAKARTA,B,0
5500000.0,1200.0,75.0,SAINS DAN TEKNOLOGI,S1,BAIK,SWASTA,BANTEN,BAIK SEKALI,2
5500000.0,1200.0,75.0,KESEHATAN,S1,BAIK,SWASTA,BANTEN,BAIK SEKALI,2
5500000.0,1200.0,75.0,KESEHATAN,S1,BAIK SEKALI,SWASTA,BANTEN,BAIK SEKALI,2
5500000.0,1200.0,75.0,EKONOMI DAN BISNIS,S1,BAIK,SWASTA,BANTEN,BAIK SEKALI,2
5500000.0,1200.0,75.0,SAINS DAN TEKNOLOGI,S1,BAIK,SWASTA,BANTEN,BAIK SEKALI,2
