institution_name,province,campus_accreditation,acc_score,cost_per_year,cluster_lokasi_lvl1,cluster_institusi_lvl2
LONDON SCHOOL OF PUBLIC RELATIONS,DKI JAKARTA,A,4.0,52500000.0,,
PRESIDENT UNIVERSITY,JAWA BARAT,A,4.0,36000000.0,,
BINUS UNIVERSITY,DKI JAKARTA,A,4.0,35300000.0,,
UNIVERSITAS CIPUTRA,JAWA TIMUR,A,4.0,27200000.0,1.0,3.0
TRISAKTI SCHOOL OF MANAGEMENT,DKI JAKARTA,A,4.0,26500000.0,,
TELKOM UNIVERSITY,JAWA BARAT,A,4.0,22000000.0,,
UNIVERSITAS PELITA HARAPAN SURABAYA,JAWA TIMUR,C,0.0,19750000.0,1.0,1.0
INSTITUT TEKNOLOGI NASIONAL,JAWA BARAT,B,2.0,16725000.0,,
UNIVERSITAS SAHID JAKARTA,DKI JAKARTA,B,2.0,14500000.0,,
UNIVERSITAS GAJAYANA MALANG,JAWA TIMUR,B,2.0,8500000.0,1.0,3.0
UNIVERSITAS MUSLIM NUSANTARA AL,SUMATERA UTARA,B,2.0,8000000.0,,
UNIVERSITAS MUSLIM INDONESIA MAKASSAR,SULAWESI SELATAN,A,4.0,7950000.0,,
UNIVERSITAS PEMBANGUNAN JAYA TANGERANG,BANTEN,B,2.0,7500000.0,,
UNIVERSITAS ISLAM AS,DKI JAKARTA,C,0.0,5850000.0,,
UNIVERSITAS DR. SOETOMO,JAWA TIMUR,B,2.0,5100000.0,1.0,3.0
UNIVERSITAS BSI BANDUNG,JAWA BARAT,B,2.0,4150000.0,,
UNIVERSITAS AL MUSLIM,ACEH,B,2.0,2200000.0,,
INSTITUT TEKNOLOGI DAN KESEHATAN MAHARDIKA,JAWA BARAT,BAIK SEKALI,3.0,8600000.0,,
UNIVERSITAS HKBP NOMMENSEN,SUMATERA UTARA,B,2.0,7000000.0,,
UNIVERSITAS NASIONAL PASIM,JAWA BARAT,BAIK,1.0,3600000.0,,
UNIVERSITAS CIPTA MANDIRI,ACEH,BAIK,1.0,3800000.0,,
UNIVERSITAS DIAN NUSANTARA,DKI JAKARTA,BAIK SEKALI,3.0,9400000.0,,
STIMI SAMARINDA,KALIMANTAN TIMUR,BAIK,1.0,4500000.0,,
UNIVERSITAS SATYAGAMA,DKI JAKARTA,BAIK,1.0,21600000.0,,
STMIK ADHI GUNA,SULAWESI TENGAH,BAIK,1.0,7512000.0,,
UNIVERSITAS PASUNDAN,JAWA BARAT,A,4.0,48250000.0,,
UNIVERSITAS BATURAJA,SUMATERA SELATAN,BAIK SEKALI,3.0,4800000.0,,
UNIVERSITAS BINA INSAN,SUMATERA SELATAN,BAIK,1.0,4620000.0,,
UNIVERSITAS RESPATI INDONESIA,DKI JAKARTA,B,2.0,14400000.0,,
UNIVERSITAS MUHAMMADIYAH PURWOKERTO,JAWA TENGAH,B,2.0,91025000.0,,
UNIVERSITAS PGRI PALEMBANG,SUMATERA SELATAN,B,2.0,401975000.0,,
UNIVERSITAS KATOLIK INDONESIA ATMA JAYA,DKI JAKARTA,A,4.0,289650000.0,,
UNIVERSITAS PGRI PALANGKA RAYA,KALIMANTAN TENGAH,BAIK,1.0,287400000.0,,
UNIVERSITAS KRISTEN SATYA WACANA,JAWA TENGAH,A,4.0,276850001.0,,
UNIVERSITAS YARSI,DKI JAKARTA,B,2.0,262250000.0,,
SEKOLAH TINGGI ILMU HUKUM GUNUNG JATI,BANTEN,BAIK,1.0,251500000.0,,
INSTITUT TEKNOLOGI HARAPAN BANGSA,JAWA BARAT,BAIK SEKALI,3.0,243400000.0,,
SEKOLAH TINGGI ILMU EKONOMI PELITA BUANA,SULAWESI SELATAN,BAIK,1.0,242400055.0,,
UNIVERSITAS KATOLIK WIDYA MANDALA SURABAYA,JAWA TIMUR,A,4.0,234470600.0,1.0,2.0
UNIVERSITAS MUHAMMADIYAH PALEMBANG,SUMATERA SELATAN,UNGGUL,5.0,38610000.0,,
UNIVERSITAS ISLAM SULTAN AGUNG,JAWA TENGAH,B,2.0,201750001.0,,
UNIVERSITAS TRISAKTI,DKI JAKARTA,A,4.0,168450000.0,,
UNIVERSITAS BOSOWA,SULAWESI SELATAN,BAIK SEKALI,3.0,168250000.0,,
UNIVERSITAS HANG TUAH,JAWA TIMUR,B,2.0,146900000.0,1.0,2.0
UNIVERSITAS MUHAMMADIYAH SURABAYA,JAWA TIMUR,UNGGUL,5.0,142200000.0,1.0,2.0
UNIVERSITAS PANCASILA,DKI JAKARTA,A,4.0,136680000.0,,
UNIVERSITAS HINDU INDONESIA,BALI,B,2.0,142175000.0,,
UNIVERSITAS PERTAMINA,DKI JAKARTA,BAIK,1.0,126000000.0,,
UNIVERSITAS ISLAM AL-AZHAR,NUSA TENGGARA BARAT,BAIK SEKALI,3.0,115100000.0,,
UNIVERSITAS 17 AGUSTUS 1945 JAKARTA,DKI JAKARTA,BAIK SEKALI,3.0,114980000.0,,
UNIVERSITAS BINA NUSANTARA,DKI JAKARTA,UNGGUL,5.0,95259501.0,,
UNIVERSITAS ISLAM BANDUNG,JAWA BARAT,UNGGUL,5.0,93250000.0,,
SEKOLAH TINGGI ILMU KESEHATAN BUDI KEMULIAAN,DKI JAKARTA,BAIK,1.0,85850000.0,,
UNIVERSITAS AL-IRSYAD CILACAP,JAWA TENGAH,BAIK,1.0,85250000.0,,
INSTITUT TEKNOLOGI KESEHATAN CENDEKIA UTAMA KUDUS,JAWA TENGAH,BAIK SEKALI,3.0,89700000.0,,
UNIVERSITAS PRESIDEN,JAWA BARAT,UNGGUL,5.0,79700500.0,,
UNIVERSITAS KALBIS,DKI JAKARTA,BAIK SEKALI,3.0,78860000.0,,
UNIVERSITAS MUHAMMADIYAH PROF DR HAMKA,DKI JAKARTA,UNGGUL,5.0,75800000.0,,
UNIVERSITAS 17 AGUSTUS 1945 CIREBON,JAWA BARAT,BAIK SEKALI,3.0,75500000.0,,
UNIVERSITAS MUHAMMADIYAH SURAKARTA,JAWA TENGAH,A,4.0,72100000.0,,
UNIVERSITAS KADIRI,JAWA TIMUR,BAIK SEKALI,3.0,71250000.0,1.0,3.0
STIKES PASAPUA AMBON,MALUKU,BAIK,1.0,70700004.0,,
UNIVERSITAS MUHAMMADIYAH TANGERANG,BANTEN,B,2.0,68250000.0,,
UNIVERSITAS ISLAM NUSANTARA,JAWA BARAT,BAIK SEKALI,3.0,67040000.0,,
UNIVERSITAS KATOLIK PARAHYANGAN,JAWA BARAT,A,4.0,66400000.0,,
UNIVERSITAS KEBANGSAAN REPUBLIK INDONESIA,JAWA BARAT,BAIK SEKALI,3.0,66200003.0,,
INSTITUT IPMI,DKI JAKARTA,BAIK SEKALI,3.0,65000000.0,,
INSTITUT KESEHATAN MEDISTRA LUBUK PAKAM,SUMATERA UTARA,UNGGUL,5.0,62000000.0,,
UNIVERSITAS PELITA HARAPAN,BANTEN,B,2.0,61000000.0,,
UNIVERSITAS LINTAS INTERNASIONAL INDONESIA,BANTEN,BAIK SEKALI,3.0,61000000.0,,
UNIVERSITAS TARUMANAGARA,DKI JAKARTA,A,4.0,60100000.0,,
UNIVERSITAS CIPUTRA SURABAYA,JAWA TIMUR,UNGGUL,5.0,59000000.0,1.0,3.0
UNIVERSITAS SWISS GERMAN,BANTEN,BAIK SEKALI,3.0,59000000.0,,
INSTITUT BISNIS DAN KEUANGAN NITRO,SULAWESI SELATAN,B,2.0,57900000.0,,
UNIVERSITAS KOPERASI INDONESIA,JAWA BARAT,BAIK SEKALI,3.0,57050000.0,,
UNIVERSITAS KRISTEN KRIDA WACANA,DKI JAKARTA,C,0.0,56000000.0,,
INSTITUT SAINS DAN TEKNOLOGI NASIONAL,DKI JAKARTA,B,2.0,55500000.0,,
UNIVERSITAS INDO GLOBAL MANDIRI,SUMATERA SELATAN,TERAKREDITASI,0.0,55000000.0,,
UNIVERSITAS LOGISTIK DAN BISNIS INTERNASIONAL,JAWA BARAT,B,2.0,53900000.0,,
UNIVERSITAS 17 AGUSTUS 1945 SURABAYA,JAWA TIMUR,A,4.0,53150000.0,1.0,3.0
UNIVERSITAS KRISTEN MARANATHA,JAWA BARAT,B,2.0,52352500.0,,
INSTITUT BIO SCIENTIA INTERNASIONAL INDONESIA,DKI JAKARTA,BAIK SEKALI,3.0,51500000.0,,
UNIVERSITAS PRASETIYA MULYA,DKI JAKARTA,BAIK SEKALI,3.0,51000000.0,,
SEKOLAH TINGGI ILMU KESEHATAN BORNEO NUSANTARA,KALIMANTAN SELATAN,BAIK,1.0,50500000.0,,
STMIK BANDUNG,JAWA BARAT,BAIK,1.0,50250000.0,,
SAE INDONESIA,DKI JAKARTA,B,2.0,50000000.0,,
UNIVERSITAS METHODIST INDONESIA,SUMATERA UTARA,B,2.0,50000000.0,,
INSTITUT TRANSPORTASI  DAN LOGISTIK TRISAKTI,DKI JAKARTA,BAIK SEKALI,3.0,48675030.0,,
STIKES HUTAMA ABDI HUSADA TULUNGAGUNG,JAWA TIMUR,BAIK SEKALI,3.0,48500000.0,1.0,3.0
UNIVERSITAS PGRI DELTA,JAWA TIMUR,BAIK SEKALI,3.0,48480000.0,1.0,3.0
SEKOLAH TINGGI TEKNOLOGI RONGGOLAWE,JAWA TENGAH,BAIK,1.0,48360000.0,,
INSTITUT TEKNOLOGI NASIONAL BANDUNG,JAWA BARAT,UNGGUL,5.0,48335000.0,,
UNIVERSITAS MUHAMMADIYAH METRO,LAMPUNG,BAIK SEKALI,3.0,48115001.0,,
SEKOLAH TINGGI FARMASI INDONESIA,JAWA BARAT,B,2.0,84000000.0,,
UNIVERSITAS NAHDLATUL ULAMA SURABAYA,JAWA TIMUR,UNGGUL,5.0,47476000.0,1.0,3.0
UNIVERSITAS MUHAMMADIYAH JEMBER,JAWA TIMUR,B,2.0,46860200.0,1.0,3.0
UNIVERSITAS HAMZANWADI,NUSA TENGGARA BARAT,B,2.0,46850000.0,,
STIKES SENIOR MEDAN,SUMATERA UTARA,BAIK,1.0,46200000.0,,
UNIVERSITAS AISYIYAH PALEMBANG,SUMATERA SELATAN,BAIK,1.0,45650000.0,,
SEKOLAH TINGGI ILMU EKONOMI APRIN,SUMATERA SELATAN,B,2.0,45500000.0,,
SEKOLAH TINGGI ILMU EKONOMI KUSUMA NEGARA,DKI JAKARTA,BAIK,1.0,45000000.0,,
INSTITUT KESEHATAN HELVETIA,SUMATERA UTARA,B,2.0,42400000.0,,
SEKOLAH TINGGI ILMU EKONOMI STAN IM,JAWA BARAT,BAIK,1.0,42400000.0,,
UNIVERSITAS SARI MULIA,KALIMANTAN SELATAN,BAIK,1.0,41850000.0,,
SEKOLAH TINGGI ILMU KESEHATAN BUDI MULIA SRIWIJAYA,SUMATERA SELATAN,BAIK,1.0,41600000.0,,
SEKOLAH TINGGI ILMU KESEHATAN MAKARIWO HALMAHERA,MALUKU UTARA,BAIK,1.0,41500000.0,,
UNIVERSITAS MUHAMMADIYAH BULUKUMBA,SULAWESI SELATAN,BAIK,1.0,40805000.0,,
SEKOLAH TINGGI ILMU KESEHATAN RSPAD GATOT SOEBROTO,DKI JAKARTA,BAIK,1.0,40600000.0,,
UNIVERSITAS KRISNADWIPAYANA,DKI JAKARTA,B,2.0,40500000.0,,
UNIVERSITAS PGRI RONGGOLAWE,JAWA TIMUR,BAIK SEKALI,3.0,40364875.0,1.0,3.0
UNIVERSITAS KATOLIK SANTO THOMAS,SUMATERA UTARA,B,2.0,40335000.0,,
UNIVERSITAS MUHAMMADIYAH KENDARI,SULAWESI TENGGARA,BAIK SEKALI,3.0,40250000.0,,
INSTITUT PARIWISATA TRISAKTI,DKI JAKARTA,UNGGUL,5.0,64250000.0,,
UNIVERSITAS WARMADEWA,BALI,UNGGUL,5.0,13675000.0,,
UNIVERSITAS SERELO LAHAT,SUMATERA SELATAN,BAIK SEKALI,3.0,39700000.0,,
SEKOLAH TINGGI FILSAFAT THEOLOGI JAKARTA,DKI JAKARTA,B,2.0,39250000.0,,
INSTITUT PARIWISATA DAN BISNIS INTERNASIONAL,BALI,UNGGUL,5.0,39000000.0,,
UNIVERSITAS SURABAYA,JAWA TIMUR,A,4.0,38850250.0,1.0,3.0
UNIVERSITAS WIJAYA KUSUMA SURABAYA,JAWA TIMUR,B,2.0,38400000.0,1.0,3.0
UNIVERSITAS ARY GINANJAR,DKI JAKARTA,BAIK,1.0,38200000.0,,
UNIVERSITAS SURYA,BANTEN,BAIK,1.0,36600000.0,,
UNIVERSITAS BAITURRAHMAH,SUMATERA BARAT,A,4.0,36300000.0,,
UNIVERSITAS SETIA BUDI,JAWA TENGAH,BAIK SEKALI,3.0,36300000.0,,
UNIVERSITAS NUSA MEGARKENCANA,D.I. YOGYAKARTA,B,2.0,36200000.0,,
UNIVERSITAS WAHID HASYIM,JAWA TENGAH,UNGGUL,5.0,36170000.0,,
UNIVERSITAS MUHAMMADIYAH PALU,SULAWESI TENGAH,BAIK SEKALI,3.0,36000019.0,,
UNIVERSITAS BHAYANGKARA SURABAYA,JAWA TIMUR,B,2.0,35502000.0,1.0,3.0
SEKOLAH TINGGI ILMU EKONOMI DHARMA PUTRA SEMARANG,JAWA TENGAH,BAIK,1.0,35500000.0,,
UNIVERSITAS PAKUAN,JAWA BARAT,B,2.0,35000006.0,,
UNIVERSITAS PARAMADINA,DKI JAKARTA,B,2.0,34550000.0,,
SEKOLAH TINGGI ILMU KESEHATAN SERULINGMAS,JAWA TENGAH,BAIK SEKALI,3.0,34070000.0,,
UNIVERSITAS KARYADARMA KUPANG,NUSA TENGGARA TIMUR,BAIK,1.0,33660000.0,,
UNIVERSITAS MEGAREZKY,SULAWESI SELATAN,BAIK SEKALI,3.0,33600000.0,,
UNIVERSITAS ISLAM MALANG,JAWA TIMUR,B,2.0,33550000.0,1.0,3.0
INSTITUT KESEHATAN DELI HUSADA DELI TUA,SUMATERA UTARA,UNGGUL,5.0,33500000.0,,
UNIVERSITAS PERINTIS INDONESIA,SUMATERA BARAT,B,2.0,33500000.0,,
UNIVERSITAS MERCU BUANA YOGYAKARTA,D.I. YOGYAKARTA,A,4.0,33065000.0,,
UNIVERSITAS SAINS DAN TEKNOLOGI KOMPUTER,JAWA TENGAH,BAIK,1.0,33048600.0,,
UNIVERSITAS BAKRIE,DKI JAKARTA,B,2.0,32750000.0,,
SEKOLAH TINGGI ILMU EKONOMI STUDI EKONOMI MODERN,JAWA TENGAH,BAIK,1.0,32610000.0,,
UNIVERSITAS BUDI DARMA,SUMATERA UTARA,BAIK,1.0,32500000.0,,
UNIVERSITAS PRIMAKARA,BALI,BAIK SEKALI,3.0,32470000.0,,
SEKOLAH TINGGI TEKNIK ISKANDAR THANI,ACEH,BAIK,1.0,32400000.0,,
SEKOLAH TINGGI ILMU KESEHATAN SINT CAROLUS,DKI JAKARTA,B,2.0,32400000.0,,
UNIVERSITAS MULTIMEDIA NUSANTARA JAKARTA,DKI JAKARTA,UNGGUL,5.0,32325000.0,,
SEKOLAH TINGGI MANAJEMEN PPM,DKI JAKARTA,UNGGUL,5.0,32250000.0,,
UNIVERSITAS IPWIJA,JAWA BARAT,B,2.0,32200000.0,,
UNIVERSITAS BINA TARUNA GORONTALO,GORONTALO,BAIK,1.0,32050000.0,,
UNIVERSITAS NGUDI WALUYO,JAWA TENGAH,BAIK SEKALI,3.0,31600000.0,,
UNIVERSITAS SALI AL-AITAAM,JAWA BARAT,BAIK,1.0,31515000.0,,
UNIVERSITAS KRISTEN INDONESIA TOMOHON,SULAWESI UTARA,BAIK,1.0,52160000.0,,
UNIVERSITAS NAHDLATUL ULAMA INDONESIA,DKI JAKARTA,BAIK SEKALI,3.0,31100000.0,,
INSTITUT TEKNOLOGI INSAN CENDEKIA MANDIRI,JAWA TIMUR,BAIK,1.0,31050000.0,1.0,1.0
UNIVERSITAS ESA UNGGUL,DKI JAKARTA,B,2.0,31025000.0,,
UNIVERSITAS PROF DR MOESTOPO,DKI JAKARTA,B,2.0,31000000.0,,
UNIVERSITAS BOROBUDUR,DKI JAKARTA,C,0.0,30600000.0,,
UNIVERSITAS MUHAMMADIYAH BANJARMASIN,KALIMANTAN SELATAN,BAIK SEKALI,3.0,30355000.0,,
UNIVERSITAS SIMALUNGUN,SUMATERA UTARA,B,2.0,30275000.0,,
UNIVERSITAS PRIMA INDONESIA,SUMATERA UTARA,B,2.0,30000001.0,,
UNIVERSITAS KRISTEN INDONESIA,DKI JAKARTA,B,2.0,30000000.0,,
SEKOLAH TINGGI ILMU KESEHATAN PAPUA,PAPUA BARAT,BAIK,1.0,29900000.0,,
UNIVERSITAS HASYIM ASY'ARI TEBUIRENG JOMBANG,JAWA TIMUR,BAIK SEKALI,3.0,29750000.0,1.0,3.0
UNIVERSITAS MUHAMMADIYAH MAGELANG,JAWA TENGAH,B,2.0,29580000.0,,
INSTITUT TEKNOLOGI DIRGANTARA ADISUTJIPTO,D.I. YOGYAKARTA,BAIK SEKALI,3.0,29500000.0,,
STFT GKI IZAAK SAMUEL KIJNE JAYAPURA,PAPUA,BAIK,1.0,29350000.0,,
UNIVERSITAS AMAL ILMIAH YAPIS WAMENA,PAPUA,BAIK,1.0,34250000.0,,
SEKOLAH TINGGI ILMU KESEHATAN PASAR REBO,DKI JAKARTA,BAIK,1.0,29000000.0,,
INSTITUT BISNIS DAN INFORMATIKA KWIK KIAN GIE,DKI JAKARTA,BAIK SEKALI,3.0,29000000.0,,
UNIVERSITAS PENDIDIKAN NASIONAL,BALI,UNGGUL,5.0,29000000.0,,
UNIVERSITAS PGRI SILAMPARI,SUMATERA SELATAN,BAIK SEKALI,3.0,28572900.0,,
SEKOLAH TINGGI ILMU KESEHATAN MEDISTRA INDONESIA,JAWA BARAT,UNGGUL,5.0,28500000.0,,
UNIVERSITAS WIDYA GAMA,JAWA TIMUR,B,2.0,28500000.0,1.0,3.0
INSTITUT TEKNOLOGI SAWIT INDONESIA,SUMATERA UTARA,BAIK,1.0,28250000.0,,
INSTITUT KESEHATAN RAJAWALI,JAWA BARAT,BAIK,1.0,28236000.0,,
INSTITUT SAINS DAN TEKNOLOGI TERPADU SURABAYA,JAWA TIMUR,B,2.0,28200000.0,1.0,3.0
UNIVERSITAS KRISTEN PETRA,JAWA TIMUR,A,4.0,28000000.0,1.0,3.0
UNIVERSITAS AGUNG PODOMORO,DKI JAKARTA,BAIK SEKALI,3.0,28000000.0,,
UNIVERSITAS BHAKTI PERTIWI INDONESIA,DKI JAKARTA,BAIK,1.0,28000000.0,,
SEKOLAH TINGGI ILMU KESEHATAN IKIFA,DKI JAKARTA,BAIK,1.0,27600000.0,,
UNIVERSITAS ADVENT INDONESIA,JAWA BARAT,B,2.0,27520000.0,,
UNIVERSITAS DOKTOR NUGROHO MAGETAN,JAWA TIMUR,BAIK,1.0,27500000.0,1.0,1.0
SEKOLAH TINGGI ILMU EKONOMI EKUITAS,JAWA BARAT,B,2.0,27454200.0,,
SEKOLAH TINGGI ILMU KESEHATAN AKBIDYO,D.I. YOGYAKARTA,B,2.0,27400000.0,,
UNIVERSITAS MALAHAYATI,LAMPUNG,B,2.0,27000000.0,,
UNIVERSITAS MULTIMEDIA NUSANTARA,BANTEN,A,4.0,27000000.0,,
UNIVERSITAS MUHAMMADIYAH YOGYAKARTA,D.I. YOGYAKARTA,A,4.0,27000000.0,,
SEKOLAH TINGGI ILMU EKONOMI DWI SAKTI BATURAJA,SUMATERA SELATAN,BAIK,1.0,26800000.0,,
UNIVERSITAS JAYABAYA,DKI JAKARTA,UNGGUL,5.0,26750000.0,,
UNIVERSITAS AISYAH PRINGSEWU,LAMPUNG,BAIK SEKALI,3.0,26550000.0,,
UNIVERSITAS QAMARUL HUDA BADARUDDIN BAGU,NUSA TENGGARA BARAT,BAIK,1.0,26500000.0,,
INSTITUT KESEHATAN DAN TEKNOLOGI BUTON RAYA,SULAWESI TENGGARA,TERAKREDITASI,0.0,26400000.0,,
SEKOLAH TINGGI ILMU KESEHATAN ABDI NUSANTARA,DKI JAKARTA,BAIK,1.0,26400000.0,,
INSTITUT COKROAMINOTO PINRANG,SULAWESI SELATAN,BAIK,1.0,26400000.0,,
SEKOLAH TINGGI ILMU ADMINISTRASI MATARAM,NUSA TENGGARA BARAT,BAIK,1.0,26400000.0,,
INSTITUT PENDIDIKAN NUSANTARA GLOBAL,NUSA TENGGARA BARAT,BAIK,1.0,26400000.0,,
UNIVERSITAS ISLAM AL-IHYA KUNINGAN,JAWA BARAT,BAIK,1.0,26118000.0,,
UNIVERSITAS TELKOM,JAWA BARAT,UNGGUL,5.0,26000000.0,,
UNIVERSITAS  HARAPAN BANGSA,JAWA TENGAH,BAIK SEKALI,3.0,25620000.0,,
UNIVERSITAS NASIONAL,DKI JAKARTA,A,4.0,25501000.0,,
UNIVERSITAS NAHDLATUL ULAMA KALIMANTAN BARAT,KALIMANTAN BARAT,BAIK SEKALI,3.0,25500000.0,,
SEKOLAH TINGGI ILMU PERTANIAN,JAWA TIMUR,BAIK,1.0,25400000.0,1.0,1.0
INSTITUT KESEHATAN DAN TEKNOLOGI PONDOK KARYA PEMBANGUNAN,DKI JAKARTA,BAIK,1.0,25200000.0,,
UNIVERSITAS MUHAMMADIYAH SEMARANG,JAWA TENGAH,UNGGUL,5.0,25200000.0,,
SEKOLAH TINGGI KEGURUAN DAN ILMU PENDIDIKAN PASUNDAN,JAWA BARAT,B,2.0,25150000.0,,
UNIVERSITAS BORNEO LESTARI,KALIMANTAN SELATAN,BAIK,1.0,25100000.0,,
SEKOLAH TINGGI ILMU KESEHATAN HESTI WIRA SRIWIJAYA,SUMATERA SELATAN,BAIK SEKALI,3.0,25100000.0,,
STIKES DARUSSALAM LHOKSEUMAWE,ACEH,BAIK,1.0,28000000.0,,
UNIVERSITAS SAINS ALQUR AN,JAWA TENGAH,UNGGUL,5.0,25745000.0,,
UNIVERSITAS ISLAM SUMATERA UTARA,SUMATERA UTARA,B,2.0,25000001.0,,
UNIVERSITAS ISLAM INDONESIA,D.I. YOGYAKARTA,A,4.0,25000000.0,,
UNIVERSITAS INTERNASIONAL JAKARTA,JAWA BARAT,BAIK,1.0,25000000.0,,
UNIVERSITAS KOMPUTER INDONESIA,JAWA BARAT,B,2.0,24950000.0,,
SEKOLAH TINGGI ILMU KESEHATAN MAJAPAHIT,JAWA TIMUR,B,2.0,24900000.0,1.0,3.0
UNIVERSITAS MAHAPUTRA MUHAMMAD YAMIN,SUMATERA BARAT,BAIK SEKALI,3.0,24850000.0,,
STIKES KATOLIK ST VINCENTIUS A PAULO SURABAYA,JAWA TIMUR,BAIK,1.0,24825000.0,1.0,1.0
SEKOLAH TINGGI ILMU KESEHATAN YKY YOGYAKARTA,D.I. YOGYAKARTA,BAIK SEKALI,3.0,24750000.0,,
SEKOLAH TINGGI ILMU KESEHATAN MITRA SEJATI,SUMATERA UTARA,BAIK,1.0,24600000.0,,
INSTITUT TEKNOLOGI NASIONAL MALANG,JAWA TIMUR,B,2.0,24550000.0,1.0,3.0
UNIVERSITAS MUHAMMADIYAH JAKARTA,DKI JAKARTA,B,2.0,24511201.0,,
STIKES GANESHA HUSADA KEDIRI,JAWA TIMUR,BAIK,1.0,24500000.0,1.0,1.0
STIE INDONESIA BANKING SCHOOL,DKI JAKARTA,B,2.0,24300000.0,,
SEKOLAH TINGGI MANAJEMEN INFORMATIKA DAN KOMPUTER AL-FATH,JAWA BARAT,BAIK,1.0,24240000.0,,
SEKOLAH TINGGI ILMU KESEHATAN SITI KHADIJAH,SUMATERA SELATAN,BAIK,1.0,24025000.0,,
STKIP SINAR PANCASILA,NUSA TENGGARA TIMUR,BAIK,1.0,24000024.0,,
SEKOLAH TINGGI ILMU ADMINISTRASI CIMAHI,JAWA BARAT,BAIK,1.0,27000002.0,,
INSTITUT ILMU KESEHATAN BHAKTI WIYATA KEDIRI,JAWA TIMUR,UNGGUL,5.0,24000000.0,1.0,3.0
UNIVERSITAS TANRI ABENG,DKI JAKARTA,BAIK SEKALI,3.0,24000000.0,,
UNIVERSITAS CENDEKIA ABDITAMA,BANTEN,BAIK,1.0,24000000.0,,
UNIVERSITAS MUHAMMADIYAH GOMBONG,JAWA TENGAH,BAIK SEKALI,3.0,23750000.0,,
STIKES PANTI WALUYA MALANG,JAWA TIMUR,B,2.0,23700000.0,1.0,3.0
STIKES MUHAMMADIYAH CIREBON,JAWA BARAT,BAIK,1.0,23600000.0,,
UNIVERSITAS BHAKTI KENCANA,JAWA BARAT,BAIK,1.0,23600000.0,,
PPM SCHOOL OF MANAGEMENT,DKI JAKARTA,A,4.0,23500000.0,,
STIKES BHAKTI HUSADA MULIA,JAWA TIMUR,BAIK,1.0,23300000.0,1.0,1.0
UNIVERSITAS BINAWAN,DKI JAKARTA,C,0.0,23100000.0,,
UNIVERSITAS BHINNEKA NUSANTARA,JAWA TIMUR,BAIK SEKALI,3.0,23100000.0,1.0,3.0
UNIVERSITAS NUSA MANDIRI,DKI JAKARTA,B,2.0,23000000.0,,
UNIVERSITAS BUDI LUHUR,DKI JAKARTA,B,2.0,23000000.0,,
UNIVERSITAS MATANA,BANTEN,BAIK,1.0,22985000.0,,
UNIVERSITAS GLOBAL JAKARTA,JAWA BARAT,BAIK,1.0,22801250.0,,
SEKOLAH TINGGI ILMU KESEHATAN PERTAMEDIKA,DKI JAKARTA,B,2.0,22800000.0,,
INSTITUT TEKNOLOGI DAN BISNIS NASIONAL,SUMATERA SELATAN,BAIK,1.0,22800000.0,,
UNIVERSITAS MUHAMMADIYAH KUPANG,NUSA TENGGARA TIMUR,B,2.0,22700000.0,,
SEKOLAH TINGGI ILMU EKONOMI HARAPAN BANGSA,JAWA BARAT,BAIK SEKALI,3.0,22640000.0,,
UNIVERSITAS MUHAMMADIYAH MAKASSAR,SULAWESI SELATAN,B,2.0,22600000.0,,
SEKOLAH TINGGI ILMU KESEHATAN SUMBER WARAS,DKI JAKARTA,BAIK,1.0,22460000.0,,
INSTITUT TEKNOLOGI DAN KESEHATAN BALI,BALI,UNGGUL,5.0,22400000.0,,
STIKES WIDYAGAMA HUSADA MALANG,JAWA TIMUR,BAIK,1.0,22360000.0,1.0,1.0
UNIVERSITAS BHAKTI HUSADA INDONESIA,JAWA BARAT,B,2.0,22350000.0,,
UNIVERSITAS PERSADA INDONESIA YAI,DKI JAKARTA,BAIK SEKALI,3.0,22250000.0,,
UNIVERSITAS ANWAR MEDIKA,JAWA TIMUR,BAIK,1.0,22111250.0,1.0,1.0
UNIVERSITAS BHAYANGKARA JAKARTA RAYA,DKI JAKARTA,B,2.0,22075000.0,,
UNIVERSITAS DINAMIKA,JAWA TIMUR,BAIK SEKALI,3.0,22000000.0,1.0,3.0
INSTITUT TEKNOLOGI DAN SAINS PADANG LAWAS UTARA,SUMATERA UTARA,BAIK,1.0,22000000.0,,
UNIVERSITAS INDONESIA TIMUR,SULAWESI SELATAN,BAIK SEKALI,3.0,21700000.0,,
UNIVERSITAS IBRAHIMY,JAWA TIMUR,B,2.0,21600000.0,1.0,3.0
UNIVERSITAS JENDERAL ACHMAD YANI,JAWA BARAT,B,2.0,21504000.0,,
INSTITUT TEKNOLOGI PERUSAHAAN LISTRIK NEGARA,DKI JAKARTA,B,2.0,21500000.0,,
SEKOLAH TINGGI ILMU KESEHATAN ABDURAHMAN PALEMBANG,SUMATERA SELATAN,BAIK,1.0,21350000.0,,
UNIVERSITAS HAYAM WURUK PERBANAS,JAWA TIMUR,A,4.0,21310000.0,1.0,3.0
INSTITUT TEKNOLOGI DAN KESEHATAN MUHAMMADIYAH KALIMANTAN BARAT,KALIMANTAN BARAT,B,2.0,21249000.0,,
UNIVERSITAS DARMA AGUNG,SUMATERA UTARA,BAIK,1.0,21200000.0,,
UNIVERSITAS HORIZON INDONESIA,JAWA BARAT,BAIK,1.0,21196000.0,,
STIKES KAPUAS RAYA,KALIMANTAN BARAT,BAIK,1.0,21170000.0,,
SEKOLAH TINGGI ILMU KESEHATAN KENDAL,JAWA TENGAH,BAIK,1.0,21042000.0,,
INSTITUT BISNIS INFORMASI TEKNOLOGI DAN BISNIS,SUMATERA UTARA,BAIK,1.0,21000000.0,,
SEKOLAH TINGGI ILMU KESEHATAN AHMAD DAHLAN CIREBON,JAWA BARAT,BAIK,1.0,20850000.0,,
SEKOLAH TINGGI DESAIN INDONESIA BANDUNG,JAWA BARAT,BAIK,1.0,20827000.0,,
UNIVERSITAS MUHAMMADIYAH PALANGKA RAYA,KALIMANTAN TENGAH,BAIK SEKALI,3.0,20743000.0,,
UNIVERSITAS PROF DR HAZAIRIN SH,BENGKULU,BAIK SEKALI,3.0,20575000.0,,
UNIVERSITAS BUNDA MULIA,DKI JAKARTA,B,2.0,20500000.0,,
INSTITUT TEKNOLOGI DAN BISNIS KALBIS,DKI JAKARTA,C,0.0,20500000.0,,
UNIVERSITAS DARUSSALAM GONTOR,JAWA TIMUR,UNGGUL,5.0,20500000.0,1.0,3.0
SEKOLAH TINGGI FILSAFAT DRIYARKARA,DKI JAKARTA,UNGGUL,5.0,20450000.0,,
UNIVERSITAS KATOLIK SANTO AGUSTINUS HIPPO,KALIMANTAN BARAT,BAIK,1.0,20420000.0,,
UNIVERSITAS MA CHUNG,JAWA TIMUR,B,2.0,20400000.0,1.0,3.0
INSTITUT CITRA INTERNASIONAL,BANGKA BELITUNG,BAIK,1.0,20350000.0,,
UNIVERSITAS MEDIKA SUHERMAN,JAWA BARAT,BAIK SEKALI,3.0,20293750.0,,
UNIVERSITAS PANCA SAKTI BEKASI,JAWA BARAT,BAIK SEKALI,3.0,20200000.0,,
INSTITUT TEKNOLOGI DAN BISNIS KALLA,SULAWESI SELATAN,BAIK,1.0,20004000.0,,
UNIVERSITAS SYEDZA SAINTIKA,SUMATERA BARAT,B,2.0,20000000.0,,
UNIVERSITAS AL AZHAR INDONESIA,DKI JAKARTA,B,2.0,20000000.0,,
SEKOLAH TINGGI ILMU KESEHATAN BOGOR HUSADA,JAWA BARAT,BAIK,1.0,20000000.0,,
SEKOLAH TINGGI ILMU EKONOMI CIREBON,JAWA BARAT,BAIK,1.0,20000000.0,,
SEKOLAH TINGGI PARIWISATA BOGOR,JAWA BARAT,BAIK SEKALI,3.0,20000000.0,,
UNIVERSITAS PEKALONGAN,JAWA TENGAH,UNGGUL,5.0,20000000.0,,
UNIVERSITAS MUHAMMADIYAH MALANG,JAWA TIMUR,A,4.0,20000000.0,1.0,3.0
UNIVERSITAS SIBER INDONESIA,DKI JAKARTA,BAIK,1.0,20000000.0,,
SEKOLAH TINGGI DESAIN LASALLE,DKI JAKARTA,BAIK,1.0,19979220.0,,
INSTITUT KESEHATAN YARSI MATARAM,NUSA TENGGARA BARAT,BAIK,1.0,19904000.0,,
SEKOLAH TINGGI ILMU EKONOMI TRISAKTI,DKI JAKARTA,UNGGUL,5.0,19780000.0,,
UNIVERSITAS MAARIF HASYIM LATIF,JAWA TIMUR,BAIK SEKALI,3.0,19710000.0,1.0,3.0
SEKOLAH TINGGI ILMU KESEHATAN SALSABILA SERANG,BANTEN,BAIK,1.0,19600000.0,,
UNIVERSITAS AL WASHLIYAH,SUMATERA UTARA,BAIK,1.0,19500000.0,,
SEKOLAH TINGGI ILMU KESEHATAN KERIS HUSADA,DKI JAKARTA,BAIK,1.0,19500000.0,,
UNIVERSITAS FORT DE KOCK,SUMATERA BARAT,BAIK SEKALI,3.0,19500000.0,,
UNIVERSITAS MUHAMMADIYAH AHMAD DAHLAN CIREBON,JAWA BARAT,BAIK SEKALI,3.0,19450000.0,,
SEKOLAH TINGGI ILMU KESEHATAN PANTI RAPIH YOGYAKARTA,D.I. YOGYAKARTA,BAIK SEKALI,3.0,19370000.0,,
UNIVERSITAS KRISTEN WIRA WACANA SUMBA,NUSA TENGGARA TIMUR,BAIK,1.0,19330000.0,,
STIKES EKA HARAP,KALIMANTAN TENGAH,BAIK,1.0,19286000.0,,
UNIVERSITAS KATOLIK DE LA SALLE,SULAWESI UTARA,B,2.0,19270000.0,,
SEKOLAH TINGGI KEGURUAN DAN ILMU PENDIDIKAN PGRI PAPUA,PAPUA,BAIK,1.0,19250000.0,,
UNIVERSITAS AL-AZHAR INDONESIA,DKI JAKARTA,UNGGUL,5.0,19230000.0,,
UNIVERSITAS DIRGANTARA MARSEKAL SURYADARMA,DKI JAKARTA,B,2.0,19225001.0,,
UNIVERSITAS FALETEHAN,BANTEN,BAIK,1.0,19200000.0,,
UNIVERSITAS WIDYA KARTIKA,JAWA TIMUR,BAIK,1.0,19198000.0,1.0,1.0
UNIVERSITAS MUHAMMADIYAH PEKAJANGAN PEKALONGAN,JAWA TENGAH,BAIK SEKALI,3.0,19050000.0,,
UNIVERSITAS MERDEKA MALANG,JAWA TIMUR,B,2.0,19000001.0,1.0,3.0
INSTITUT TEKNOLOGI PLN,DKI JAKARTA,B,2.0,19000000.0,,
SEKOLAH TINGGI ILMU KESEHATAN FATMAWATI,DKI JAKARTA,BAIK,1.0,18950000.0,,
STIKES MUHAMMADIYAH CIAMIS,JAWA BARAT,BAIK SEKALI,3.0,18950000.0,,
UNIVERSITAS SANATA DHARMA,D.I. YOGYAKARTA,A,4.0,18925000.0,,
SEKOLAH TINGGI ILMU KOMUNIKASI INTER STUDI,DKI JAKARTA,BAIK,1.0,18900000.0,,
SEKOLAH TINGGI DESAIN INTERSTUDI,DKI JAKARTA,B,2.0,18900000.0,,
INSTITUT MEDIA DIGITAL EMTEK,DKI JAKARTA,BAIK,1.0,18730000.0,,
UNIVERSITAS MUHAMMADIYAH SORONG,PAPUA BARAT,BAIK SEKALI,3.0,18700000.0,,
UNIVERSITAS DR. SOEBANDI,JAWA TIMUR,BAIK SEKALI,3.0,18700000.0,1.0,3.0
UNIVERSITAS DAYANU IKHSANUDDIN,SULAWESI TENGGARA,BAIK SEKALI,3.0,18700000.0,,
STIKES BINA USADA BALI,BALI,BAIK SEKALI,3.0,18672000.0,,
UNIVERSITAS MEDIA NUSANTARA CITRA,DKI JAKARTA,BAIK SEKALI,3.0,18650000.0,,
INSTITUT INFORMATIKA INDONESIA SURABAYA,JAWA TIMUR,BAIK,1.0,24000000.0,1.0,1.0
INSTITUT KESEHATAN IMMANUEL,JAWA BARAT,BAIK SEKALI,3.0,18500000.0,,
SEKOLAH TINGGI ILMU KESEHATAN BINA HUSADA,SUMATERA SELATAN,BAIK SEKALI,3.0,18365000.0,,
UNIVERSITAS MUHAMMADIYAH SIDENRENG RAPPANG,SULAWESI SELATAN,BAIK SEKALI,3.0,18300000.0,,
UNIVERSITAS SATYA NEGARA INDONESIA,DKI JAKARTA,B,2.0,18250000.0,,
UNIVERSITAS KLABAT,SULAWESI UTARA,B,2.0,18125000.0,,
SEKOLAH TINGGI ILMU KESEHATAN RS HUSADA,DKI JAKARTA,BAIK,1.0,18000000.0,,
UNIVERSITAS PERTIBA,BANGKA BELITUNG,BAIK SEKALI,3.0,18000000.0,,
STIKES ESTU UTOMO,JAWA TENGAH,BAIK SEKALI,3.0,18000000.0,,
UNIVERSITAS BHAKTI ASIH TANGERANG,BANTEN,BAIK,1.0,18000000.0,,
UNIVERSITAS ATMA JAYA YOGYAKARTA,D.I. YOGYAKARTA,A,4.0,18000000.0,,
SEKOLAH TINGGI KESEHATAN AL-FATAH BENGKULU,BENGKULU,BAIK,1.0,18000000.0,,
UNIVERSITAS KATOLIK MUSI CHARITAS,SUMATERA SELATAN,B,2.0,18000000.0,,
SEKOLAH TINGGI ILMU KESEHATAN BHAKTI HUSADA CIKARANG,JAWA BARAT,BAIK,1.0,18000000.0,,
SEKOLAH TINGGI ILMU KESEHATAN BETHESDA YAKKUM,D.I. YOGYAKARTA,B,2.0,17995000.0,,
UNIVERSITAS WINAYA MUKTI,JAWA BARAT,BAIK SEKALI,3.0,17900000.0,,
UNIVERSITAS MUHAMMADIYAH MANADO,SULAWESI UTARA,BAIK,1.0,17850000.0,,
UNIVERSITAS BUNG HATTA,SUMATERA BARAT,B,2.0,17804000.0,,
UNIVERSITAS RESPATI YOGYAKARTA,D.I. YOGYAKARTA,B,2.0,17800000.0,,
SEKOLAH TINGGI ILMU KESEHATAN INDRAMAYU,JAWA BARAT,BAIK,1.0,17675000.0,,
SEKOLAH TINGGI ILMU KESEHATAN MITRA KELUARGA,JAWA BARAT,TERAKREDITASI,0.0,17640000.0,,
UNIVERSITAS DR SOETOMO,JAWA TIMUR,BAIK SEKALI,3.0,17520000.0,1.0,3.0
SEKOLAH TINGGI ILMU EKONOMI TRISNA NEGARA,SUMATERA SELATAN,BAIK,1.0,17500000.0,,
UNIVERSITAS MUHAMMADIYAH TASIKMALAYA,JAWA BARAT,BAIK,1.0,17450000.0,,
STIKES YARSI PONTIANAK,KALIMANTAN BARAT,BAIK,1.0,17250000.0,,
UNIVERSITAS MEDAN AREA,SUMATERA UTARA,B,2.0,17250000.0,,
STIKES YOGYAKARTA,D.I. YOGYAKARTA,BAIK,1.0,17225000.0,,
SEKOLAH TINGGI ILMU ADMINISTRASI AAN,D.I. YOGYAKARTA,BAIK SEKALI,3.0,17005000.0,,
UNIVERSITAS BINA SEHAT PPNI MOJOKERTO,JAWA TIMUR,BAIK,1.0,17000000.0,1.0,1.0
UNIVERSITAS GRESIK,JAWA TIMUR,BAIK SEKALI,3.0,17000000.0,1.0,3.0
UNIVERSITAS DEHASEN BENGKULU,BENGKULU,BAIK SEKALI,3.0,16995000.0,,
UNIVERSITAS PGRI SEMARANG,JAWA TENGAH,UNGGUL,5.0,16900000.0,,
UNIVERSITAS SAMAWA,NUSA TENGGARA BARAT,BAIK,1.0,16755000.0,,
SEKOLAH TINGGI BISNIS DAN MANAJEMEN DUA SAUDARA,SULAWESI UTARA,BAIK,1.0,16750000.0,,
UNIVERSITAS ALKHAIRAAT,SULAWESI TENGAH,BAIK,1.0,16700000.0,,
UNIVERSITAS STIKUBANK,JAWA TENGAH,BAIK SEKALI,3.0,16500000.0,,
SEKOLAH TINGGI ILMU KESEHATAN RS DUSTIRA,JAWA BARAT,BAIK,1.0,16500000.0,,
SEKOLAH TINGGI ILMU EKONOMI LATIFAH MUBAROKIYAH,JAWA BARAT,BAIK,1.0,16500000.0,,
UNIVERSITAS MULTI DATA PALEMBANG,SUMATERA SELATAN,BAIK SEKALI,3.0,16500000.0,,
UNIVERSITAS MUHAMMADIYAH PRINGSEWU LAMPUNG,LAMPUNG,BAIK SEKALI,3.0,16485000.0,,
UNIVERSITAS SANGGA BUANA,JAWA BARAT,UNGGUL,5.0,21940000.0,,
SEKOLAH TINGGI ILMU KESEHATAN STELLA MARIS MAKASAR,SULAWESI SELATAN,BAIK,1.0,16400000.0,,
SEKOLAH TINGGI ILMU KESEHATAN ELISABETH SEMARANG,JAWA TENGAH,B,2.0,16275000.0,,
UNIVERSITAS SUGENG HARTONO,JAWA TENGAH,BAIK,1.0,16200000.0,,
STIKES HUSADA BORNEO,KALIMANTAN SELATAN,BAIK,1.0,16200000.0,,
SEKOLAH TINGGI ILMU EKONOMI INDONESIA JAKARTA,DKI JAKARTA,BAIK SEKALI,3.0,16162500.0,,
STIKES KARYA PUTRA BANGSA TULUNGAGUNG,JAWA TIMUR,BAIK,1.0,16150000.0,1.0,1.0
UNIVERSITAS GUNADARMA,JAWA BARAT,A,4.0,16100000.0,,
SEKOLAH TINGGI ILMU FARMASI PADANG,SUMATERA BARAT,BAIK SEKALI,3.0,16100000.0,,
INSTITUT BISNIS DAN INFORMATIKA KESATUAN,JAWA BARAT,B,2.0,16000000.0,,
INSTITUT ILMU SOSIAL DAN ILMU POLITIK JAKARTA,DKI JAKARTA,BAIK,1.0,16000000.0,,
STIKES BORNEO CENDEKIA MEDIKA,KALIMANTAN TENGAH,BAIK SEKALI,3.0,16000000.0,,
SEKOLAH TINGGI TEKNOLOGI TERPADU NURUL FIKRI,JAWA BARAT,C,0.0,16000000.0,,
SEKOLAH TINGGI FARMASI MAHAGANESHA,BALI,BAIK,1.0,16000000.0,,
SEKOLAH TINGGI MANAJEMEN ASURANSI TRISAKTI,DKI JAKARTA,BAIK SEKALI,3.0,16000000.0,,
UNIVERSITAS KRISTEN DUTA WACANA,D.I. YOGYAKARTA,A,4.0,16000000.0,,
SEKOLAH TINGGI ILMU KESEHATAN BINALITA SUDAMA,SUMATERA UTARA,BAIK,1.0,16000000.0,,
UNIVERSITAS AHMAD DAHLAN,D.I. YOGYAKARTA,A,4.0,16000000.0,,
SEKOLAH TINGGI ILMU KESEHATAN HOLISTIK,JAWA BARAT,BAIK,1.0,16000000.0,,
SEKOLAH TINGGI ILMU KESEHATAN RS PROF. DR. J.A. LATUMETEN,MALUKU,BAIK,1.0,16000000.0,,
UNIVERSITAS WIDYA NUSANTARA,SULAWESI TENGAH,BAIK SEKALI,3.0,15750000.0,,
UNIVERSITAS MUHAMMADIYAH PALOPO,SULAWESI SELATAN,BAIK SEKALI,3.0,15600000.0,,
UNIVERSITAS BHAMADA SLAWI,JAWA TENGAH,BAIK SEKALI,3.0,15510000.0,,
UNIVERSITAS MUHAMMADIYAH ACEH,ACEH,BAIK SEKALI,3.0,15505000.0,,
STIKES SUAKA INSAN,KALIMANTAN SELATAN,BAIK,1.0,15500000.0,,
UNIVERSITAS KATOLIK SOEGIJAPRANATA,JAWA TENGAH,A,4.0,15500000.0,,
UNIVERSITAS SAHID,DKI JAKARTA,UNGGUL,5.0,15450000.0,,
SEKOLAH TINGGI ILMU KESEHATAN KEPANJEN,JAWA TIMUR,BAIK SEKALI,3.0,15450000.0,1.0,3.0
UNIVERSITAS ISLAM BALITAR,JAWA TIMUR,B,2.0,15375000.0,1.0,3.0
SEKOLAH TINGGI ILMU KESEHATAN PELITA ILMU DEPOK,JAWA BARAT,BAIK,1.0,15300000.0,,
UNIVERSITAS HALMAHERA,MALUKU UTARA,BAIK SEKALI,3.0,15260000.0,,
STIKES MAMBA UL ULUM SURAKARTA,JAWA TENGAH,B,2.0,15250000.0,,
SEKOLAH TINGGI TEKNOLOGI PEKERJAAN UMUM,DKI JAKARTA,BAIK,1.0,15225000.0,,
STIKES BHAKTI MULIA,JAWA TIMUR,BAIK,1.0,15200000.0,1.0,1.0
UNIVERSITAS NAZHATUT THULLAB AL-MUAFA SAMPANG,JAWA TIMUR,BAIK,1.0,15200000.0,1.0,1.0
UNIVERSITAS TEKNOLOGI AKBA MAKASSAR,SULAWESI SELATAN,BAIK,1.0,15190000.0,,
INSTITUT TEKNOLOGI DAN BISNIS SWADHARMA,DKI JAKARTA,BAIK,1.0,15160000.0,,
UNIVERSITAS MARITIM AMNI,JAWA TENGAH,BAIK SEKALI,3.0,15100000.0,,
SEKOLAH TINGGI ILMU KESEHATAN HANG TUAH SURABAYA,JAWA TIMUR,BAIK,1.0,15050000.0,1.0,1.0
STIKES WIRA MEDIKA BALI,BALI,BAIK SEKALI,3.0,15000001.0,,
SEKOLAH TINGGI ILMU KESEHATAN PAMENTAS,DKI JAKARTA,BAIK,1.0,15000000.0,,
SEKOLAH TINGGI BAHASA ASING JIA,JAWA BARAT,BAIK,1.0,15000000.0,,
INSTITUT KESEHATAN INDONESIA,DKI JAKARTA,BAIK,1.0,15000000.0,,
SEKOLAH TINGGI ILMU KESEHATAN CIANJUR,JAWA BARAT,BAIK,1.0,15000000.0,,
SEKOLAH TINGGI ILMU KEPERAWATAN PPNI JAWA BARAT,JAWA BARAT,TERAKREDITASI,0.0,15000000.0,,
UNIVERSITAS ALIFAH PADANG,SUMATERA BARAT,BAIK SEKALI,3.0,15000000.0,,
SEKOLAH TINGGI HUKUM BANDUNG,JAWA BARAT,A,4.0,15000000.0,,
SEKOLAH TINGGI ILMU KESEHATAN KESDAM IV / DIPONEGORO,JAWA TENGAH,BAIK,1.0,15000000.0,,
SEKOLAH TINGGI MANAJEMEN RISIKO DAN ASURANSI,DKI JAKARTA,C,0.0,15000000.0,,
UNIVERSITAS PEMBANGUNAN PANCA BUDI,SUMATERA UTARA,B,2.0,15000000.0,,
UNIVERSITAS ISLAM SYEKH YUSUF,BANTEN,B,2.0,15000000.0,,
UNIVERSITAS PEMBANGUNAN JAYA,BANTEN,BAIK SEKALI,3.0,14960000.0,,
SEKOLAH TINGGI ILMU KESEHATAN HARAPAN IBU JAMBI,JAMBI,BAIK SEKALI,3.0,14950000.0,,
UNIVERSITAS DARWAN ALI,KALIMANTAN TENGAH,BAIK,1.0,14895000.0,,
STIKES RAFLESIA,JAWA BARAT,BAIK,1.0,27870000.0,,
UNIVERSITAS KATOLIK DARMA CENDIKA,JAWA TIMUR,B,2.0,14775000.0,1.0,3.0
SEKOLAH TINGGI ILMU EKONOMI JAMBATAN BULAN,PAPUA,BAIK,1.0,14630000.0,,
INSTITUT TEKNOLOGI ADHI TAMA SURABAYA,JAWA TIMUR,BAIK SEKALI,3.0,14600000.0,1.0,3.0
SEKOLAH TINGGI ILMU EKONOMI PARIWISATA INDONESIA,JAWA TENGAH,B,2.0,14500000.0,,
UNIVERSITAS IMELDA MEDAN,SUMATERA UTARA,BAIK SEKALI,3.0,14500000.0,,
STIKES PANAKKUKANG,SULAWESI SELATAN,BAIK,1.0,14500000.0,,
INSTITUT BISNIS NUSANTARA,DKI JAKARTA,BAIK,1.0,14472500.0,,
UNIVERSITAS PGRI ADI BUANA,JAWA TIMUR,BAIK SEKALI,3.0,14450000.0,1.0,3.0
SEKOLAH TINGGI PARIWISATA AMBARRUKMO YOGYAKARTA,D.I. YOGYAKARTA,B,2.0,14450000.0,,
UNIVERSITAS SARJANAWIYATA TAMANSISWA,D.I. YOGYAKARTA,B,2.0,14430003.0,,
SEKOLAH TINGGI ILMU KESEHATAN SAMBAS,KALIMANTAN BARAT,BAIK,1.0,14400000.0,,
SEKOLAH TINGGI ILMU KESEHATAN NANI HASANUDDIN,SULAWESI SELATAN,B,2.0,14375000.0,,
UNIVERSITAS PGRI MAHADEWA INDONESIA,BALI,B,2.0,14350000.0,,
SEKOLAH TINGGI ILMU KESEHATAN MAYAPADA,DKI JAKARTA,BAIK,1.0,14300000.0,,
SEKOLAH TINGGI MEDIA KOMUNIKASI TRISAKTI,DKI JAKARTA,BAIK,1.0,14300000.0,,
STIKES KUSUMA BANGSA,NUSA TENGGARA BARAT,BAIK,1.0,14300000.0,,
UNIVERSITAS TRIBHUWANA TUNGGA DEWI,JAWA TIMUR,C,0.0,14250000.0,1.0,1.0
IKIP PGRI BOJONEGORO,JAWA TIMUR,BAIK,1.0,14180000.0,1.0,1.0
SEKOLAH TINGGI PERPAJAKAN INDONESIA,DKI JAKARTA,B,2.0,14150000.0,,
UNIVERSITAS NAROTAMA,JAWA TIMUR,B,2.0,14100000.0,1.0,3.0
UNIVERSITAS ADVENT SURYA NUSANTARA,SUMATERA UTARA,BAIK,1.0,14100000.0,,
STIKES DARUL AZHAR BATULICIN,KALIMANTAN SELATAN,BAIK,1.0,14000000.0,,
INSTITUT MODERN ARSITEKTUR DAN TEKNOLOGI,SUMATERA UTARA,BAIK,1.0,14000000.0,,
STIKES FAATHIR HUSADA,BANTEN,BAIK,1.0,14000000.0,,
UNIVERSITAS INTERNASIONAL SEMEN INDONESIA,JAWA TIMUR,BAIK SEKALI,3.0,14000000.0,1.0,3.0
SEKOLAH TINGGI ILMU KESEHATAN KELUARGA BUNDA JAMBI,JAMBI,BAIK,1.0,14000000.0,,
INSTITUT TEKNOLOGI DAN BISNIS AHMAD DAHLAN,DKI JAKARTA,B,2.0,14000000.0,,
SEKOLAH TINGGI ILMU EKONOMI YKPN,D.I. YOGYAKARTA,UNGGUL,5.0,14000000.0,,
SEKOLAH TINGGI ILMU KESEHATAN SAMARINDA,KALIMANTAN TIMUR,BAIK,1.0,14000000.0,,
SEKOLAH TINGGI PARIWISATA SAHID SURAKARTA,JAWA TENGAH,B,2.0,14000000.0,,
INSTITUT TEKNOLOGI INDONESIA,BANTEN,BAIK SEKALI,3.0,14000000.0,,
INSTITUT TEKNOLOGI DAN BISNIS BINA SARANA GLOBAL,BANTEN,B,2.0,14000000.0,,
INSTITUT TEKNOLOGI PADANG,SUMATERA BARAT,B,2.0,14000000.0,,
SEKOLAH TINGGI ILMU KESEHATAN SAPTA BAKTI,BENGKULU,BAIK,1.0,14000000.0,,
UNIVERSITAS KARYA HUSADA SEMARANG,JAWA TENGAH,BAIK,1.0,14000000.0,,
SEKOLAH TINGGI ILMU KESEHATAN NASIONAL,JAWA TENGAH,BAIK,1.0,13970000.0,,
INSTITUT TEKNOLOGI DAN BISNIS STIKOM BALI,BALI,B,2.0,13900000.0,,
STKIP TAMAN SISWA BIMA,NUSA TENGGARA BARAT,BAIK,1.0,13900000.0,,
SEKOLAH TINGGI ILMU KESEHATAN ISFI BANJARMASIN,KALIMANTAN SELATAN,BAIK,1.0,13850000.0,,
UNIVERSITAS TEKNOLOGI MUHAMMADIYAH JAKARTA,DKI JAKARTA,BAIK SEKALI,3.0,13805000.0,,
INSTITUT KEGURUAN DAN ILMU PENDIDIKAN SILIWANGI,JAWA BARAT,BAIK SEKALI,3.0,13800000.0,,
UNIVERSITAS WISNUWARDHANA,JAWA TIMUR,B,2.0,13800000.0,1.0,3.0
UNIVERSITAS KEPANJEN,JAWA TIMUR,B,2.0,13800000.0,1.0,3.0
SEKOLAH TINGGI ILMU EKONOMI DAHANI DAHANAI BUNTOK,KALIMANTAN TENGAH,BAIK,1.0,13750000.0,,
SEKOLAH TINGGI ILMU KESEHATAN INDONESIA,SUMATERA BARAT,BAIK,1.0,13700000.0,,
INSTITUT SHANTI BHUANA,KALIMANTAN BARAT,BAIK SEKALI,3.0,13625000.0,,
INSTITUT DIGITAL EKONOMI LPKIA,JAWA BARAT,BAIK,1.0,13600000.0,,
UNIVERSITAS KRISTEN IMMANUEL,D.I. YOGYAKARTA,B,2.0,13575923.0,,
SEKOLAH TINGGI ILMU KESEHATAN SUKABUMI,JAWA BARAT,B,2.0,13560000.0,,
SEKOLAH TINGGI ILMU KESEHATAN WIDYA DHARMA HUSADA TANGERANG,BANTEN,BAIK SEKALI,3.0,13500000.0,,
SEKOLAH TINGGI ILMU KESEHATAN MUTIARA MAHAKAM SAMARINDA,KALIMANTAN TIMUR,BAIK,1.0,13500000.0,,
SEKOLAH TINGGI ILMU KESEHATAN MATARAM,NUSA TENGGARA BARAT,BAIK SEKALI,3.0,13500000.0,,
UNIVERSITAS SEHATI INDONESIA,JAWA BARAT,BAIK,1.0,13500000.0,,
UNIVERSITAS GORONTALO,GORONTALO,B,2.0,13500000.0,,
UNIVERSITAS DHYANA PURA,BALI,B,2.0,13500000.0,,
UNIVERSITAS KRISTEN INDONESIA PAULUS,SULAWESI SELATAN,B,2.0,13400000.0,,
UNIVERSITAS KRISTEN PALANGKA RAYA,KALIMANTAN TENGAH,BAIK,1.0,13350001.0,,
UNIVERSITAS MAHASARASWATI DENPASAR,BALI,UNGGUL,5.0,13344800.0,,
INSTITUT KESEHATAN DAN BISNIS ANNISA,JAWA BARAT,BAIK,1.0,13255000.0,,
UNIVERSITAS DIPA MAKASSAR,SULAWESI SELATAN,B,2.0,13250000.0,,
STIKES ADI HUSADA,JAWA TIMUR,BAIK SEKALI,3.0,13200000.0,1.0,3.0
SEKOLAH TINGGI ILMU EKONOMI MAKASSAR BONGAYA,SULAWESI SELATAN,BAIK SEKALI,3.0,13100000.0,,
SEKOLAH TINGGI ILMU EKONOMI PORT NUMBAY JAYAPURA,PAPUA,BAIK,1.0,13030000.0,,
SEKOLAH TINGGI ILMU EKONOMI SEMARANG,JAWA TENGAH,BAIK SEKALI,3.0,15050000.0,,
SEKOLAH TINGGI ILMU KESEHATAN PGI CIKINI,DKI JAKARTA,BAIK,1.0,13000000.0,,
INSTITUT TEKNOLOGI DAN SAINS BANDUNG,JAWA BARAT,C,0.0,13000000.0,,
STIKES DIRGAHAYU SAMARINDA,KALIMANTAN TIMUR,BAIK SEKALI,3.0,13000000.0,,
STIKES DHARMA LANDBOUW,SUMATERA BARAT,B,2.0,13000000.0,,
UNIVERSITAS ISLAM JAKARTA,DKI JAKARTA,B,2.0,12950000.0,,
INSTITUT PAHLAWAN 12,BANGKA BELITUNG,BAIK,1.0,12900000.0,,
UNIVERSITAS HAFSHAWATY ZAINUL HASAN,JAWA TIMUR,BAIK,1.0,12900000.0,1.0,1.0
SEKOLAH TINGGI ILMU KESEHATAN ABDI PERSADA BANJARMASIN,KALIMANTAN SELATAN,BAIK,1.0,12900000.0,,
STIKES KARYA HUSADA KEDIRI,JAWA TIMUR,B,2.0,12805000.0,1.0,3.0
STMIK KUWERA,DKI JAKARTA,BAIK,1.0,12775000.0,,
UNIVERSITAS AN NASHER,JAWA BARAT,BAIK,1.0,12750000.0,,
UNIVERSITAS TRILOGI,DKI JAKARTA,B,2.0,12750000.0,,
INSTITUT DESAIN DAN BISNIS BALI,BALI,BAIK,1.0,12750000.0,,
SEKOLAH TINGGI ILMU KESEHATAN PANTI KOSALA,JAWA TENGAH,BAIK SEKALI,3.0,12700000.0,,
AKTEK RADIODIAGNOSTIK DAN RADIOTERAPI BALI,BALI,BAIK,1.0,12700000.0,,
SEKOLAH TINGGI TEKNOLOGI DUTA BANGSA,JAWA BARAT,BAIK,1.0,12645000.0,,
INSTITUT BISNIS DAN MULTIMEDIA ASMI JAKARTA,DKI JAKARTA,BAIK,1.0,12630000.0,,
UNIVERSITAS MERCUBAKTIJAYA,SUMATERA BARAT,B,2.0,12622500.0,,
STIE UNISADHUGUNA,DKI JAKARTA,BAIK,1.0,12600000.0,,
UNIVERSITAS IBNU CHALDUN,DKI JAKARTA,BAIK,1.0,12600000.0,,
INSTITUT TEKNOLOGI YOGYAKARTA,D.I. YOGYAKARTA,BAIK,1.0,12600000.0,,
STIKES IBNU SINA AJIBARANG,JAWA TENGAH,BAIK,1.0,12600000.0,,
SEKOLAH TINGGI ILMU FARMASI BHAKTI PERTIWI,SUMATERA SELATAN,BAIK SEKALI,3.0,12550000.0,,
UNIVERSITAS DARUL ULUM ISLAMIC CENTRE SUDIRMAN,JAWA TENGAH,BAIK SEKALI,3.0,12550000.0,,
UNIVERSITAS PESANTREN TINGGI DARUL  ULUM,JAWA TIMUR,BAIK SEKALI,3.0,12525000.0,1.0,3.0
UNIVERSITAS 17 AGUSTUS 1945 SAMARINDA,KALIMANTAN TIMUR,BAIK SEKALI,3.0,12501870.0,,
INSTITUT SAINS TEKNOLOGI DAN KESEHATAN 'AISYIYAH KENDARI,SULAWESI TENGGARA,BAIK,1.0,12500000.0,,
STIKES BANYUWANGI,JAWA TIMUR,BAIK,1.0,12500000.0,1.0,1.0
UNIVERSITAS LIA,DKI JAKARTA,BAIK,1.0,12400000.0,,
UNIVERSITAS NOOR HUDA MUSTOFA,JAWA TIMUR,B,2.0,12400000.0,1.0,3.0
UNIVERSITAS RAHARJA,BANTEN,TERAKREDITASI,0.0,12375870.0,,
SEKOLAH TINGGI ILMU KESEHATAN PEMKAB PURWOREJO,JAWA TENGAH,BAIK SEKALI,3.0,12350000.0,,
SEKOLAH TINGGI TEKNOLOGI CIREBON,JAWA BARAT,BAIK,1.0,12350000.0,,
UNIVERSITAS WIDYA HUSADA SEMARANG,JAWA TENGAH,B,2.0,12300000.0,,
INSTITUT ADMINISTRASI DAN KESEHATAN SETIH SETIO MUARA BUNGO,JAMBI,B,2.0,12285000.0,,
UNIVERSITAS INSAN PEMBANGUNAN INDONESIA,BANTEN,BAIK,1.0,12255000.0,,
UNIVERSITAS AN NUUR,JAWA TENGAH,BAIK,1.0,12250000.0,,
INSTITUT TEKNOLOGI DAN BISNIS RIYADLUL ULUM,JAWA BARAT,BAIK,1.0,12232000.0,,
UNIVERSITAS TEKNOLOGI YOGYAKARTA,D.I. YOGYAKARTA,B,2.0,12200000.0,,
INSTITUT KESEHATAN SUMATERA UTARA,SUMATERA UTARA,BAIK,1.0,12200000.0,,
UNIVERSITAS DARMA PERSADA,DKI JAKARTA,B,2.0,12200000.0,,
UNIVERSITAS TAMA JAGAKARSA,DKI JAKARTA,BAIK,1.0,12200000.0,,
UNIVERSITAS MOHAMMAD NATSIR BUKITTINGGI,SUMATERA BARAT,BAIK SEKALI,3.0,12160000.0,,
STIKES MUHAMMADIYAH BOJONEGORO,JAWA TIMUR,BAIK,1.0,12150000.0,1.0,1.0
UNIVERSITAS KUNINGAN,JAWA BARAT,B,2.0,12150000.0,,
UNIVERSITAS PGRI YOGYAKARTA,D.I. YOGYAKARTA,BAIK SEKALI,3.0,12100000.0,,
SEKOLAH TINGGI ILMU EKONOMI YAI,DKI JAKARTA,BAIK,1.0,12100000.0,,
INSTITUT KARYA MULIA BANGSA,JAWA TENGAH,BAIK,1.0,12100000.0,,
UNIVERSITAS DUTA BANGSA SURAKARTA,JAWA TENGAH,UNGGUL,5.0,12100000.0,,
UNIVERSITAS JENDERAL ACHMAD YANI YOGYAKARTA,D.I. YOGYAKARTA,BAIK SEKALI,3.0,19000000.0,,
UNIVERSITAS AKI,JAWA TENGAH,BAIK SEKALI,3.0,15925000.0,,
INSTITUT TEKNOLOGI KESEHATAN DAN SAINS MUHAMMADIYAH SIDRAP,SULAWESI SELATAN,BAIK SEKALI,3.0,14500000.0,,
UNIVERSITAS PGRI KANJURUHAN MALANG,JAWA TIMUR,TERAKREDITASI,0.0,12040000.0,1.0,1.0
SEKOLAH TINGGI ILMU BAHASA DAN SASTRA SATYA WIDYA,JAWA TIMUR,BAIK,1.0,12000000.0,1.0,1.0
UNIVERSITAS ISLAM 45 BEKASI,JAWA BARAT,B,2.0,12000000.0,,
SEKOLAH TINGGI ILMU KESEHATAN HUSADA MANDIRI POSO,SULAWESI TENGAH,BAIK,1.0,12000000.0,,
UNIVERSITAS SAFIN PATI,JAWA TENGAH,BAIK,1.0,12000000.0,,
STMIK AMIK BANDUNG,JAWA BARAT,BAIK SEKALI,3.0,12000000.0,,
SEKOLAH TINGGI MANAJEMEN PARIWISATA DAN LOGISTIK LENTERA MONDIAL,DKI JAKARTA,BAIK,1.0,12000000.0,,
UNIVERSITAS GALUH,JAWA BARAT,BAIK SEKALI,3.0,12000000.0,,
SEKOLAH TINGGI ILMU EKONOMI SAKTI ALAM KERINCI,JAMBI,B,2.0,12000000.0,,
SEKOLAH TINGGI ILMU HUKUM ADHYAKSA,DKI JAKARTA,BAIK SEKALI,3.0,12000000.0,,
UNIVERSITAS OTTOW GEISSLER,PAPUA,BAIK,1.0,12000000.0,,
UNIVERSITAS NAHDLATUL ULAMA YOGYAKARTA,D.I. YOGYAKARTA,BAIK,1.0,12000000.0,,
UNIVERSITAS GAJAYANA,JAWA TIMUR,B,2.0,12000000.0,1.0,3.0
UNIVERSITAS MUHAMMADIYAH SUMATERA UTARA,SUMATERA UTARA,B,2.0,12000000.0,,
SEKOLAH TINGGI ILMU KESEHATAN SEMARANG,JAWA TENGAH,BAIK,1.0,12000000.0,,
UNIVERSITAS INDONESIA MAJU,DKI JAKARTA,BAIK,1.0,12000000.0,,
SEKOLAH TINGGI ILMU KOMPUTER POLTEK CIREBON,JAWA BARAT,BAIK,1.0,12000000.0,,
UNIVERSITAS MUHAMMADIYAH KALIMANTAN TIMUR,KALIMANTAN TIMUR,BAIK SEKALI,3.0,11985000.0,,
UNIVERSITAS MUHAMMADIYAH KOTABUMI,LAMPUNG,B,2.0,11950000.0,,
UNIVERSITAS PUTRA INDONESIA,JAWA BARAT,BAIK,1.0,11841500.0,,
SEKOLAH TINGGI ILMU KESEHATAN MITRA HUSADA MEDAN,SUMATERA UTARA,UNGGUL,5.0,11750000.0,,
SEKOLAH TINGGI ILMU KESEHATAN MAHARDIKA CIREBON,JAWA BARAT,BAIK,1.0,11700000.0,,
UNIVERSITAS TEKNOLOGI DIGITAL INDONESIA,D.I. YOGYAKARTA,B,2.0,11669000.0,,
SEKOLAH TINGGI ILMU KESEHATAN AL-SU'AIBAH,SUMATERA SELATAN,BAIK,1.0,11650000.0,,
STIKES ADVAITA MEDIKA TABANAN,BALI,BAIK,1.0,11650000.0,,
UNIVERSITAS WIJAYA PUTRA,JAWA TIMUR,BAIK SEKALI,3.0,11600100.0,1.0,3.0
INSTITUT KESEHATAN DAN BISNIS SURABAYA,JAWA TIMUR,BAIK,1.0,11600000.0,1.0,1.0
UNIVERSITAS CITRA BANGSA,NUSA TENGGARA TIMUR,BAIK SEKALI,3.0,11600000.0,,
SEKOLAH TINGGI ILMU EKONOMI DWIMULYA,BANTEN,BAIK,1.0,11600000.0,,
UNIVERSITAS MITRA BANGSA,DKI JAKARTA,BAIK SEKALI,3.0,11600000.0,,
SEKOLAH TINGGI ILMU KESEHATAN BAITUL HIKMAH,LAMPUNG,BAIK,1.0,11550000.0,,
STKIP KRISTEN WAMENA,PAPUA,BAIK,1.0,11500000.0,,
UNIVERSITAS BINA DARMA,SUMATERA SELATAN,B,2.0,11500000.0,,
INSTITUT TEKNOLOGI BISNIS AAS INDONESIA,JAWA TENGAH,BAIK,1.0,11500000.0,,
UNIVERSITAS SRAGEN,JAWA TENGAH,BAIK,1.0,11500000.0,,
UNIVERSITAS LANGLANGBUANA,JAWA BARAT,B,2.0,11500000.0,,
SEKOLAH TINGGI ILMU EKONOMI PANCASETIA,KALIMANTAN SELATAN,BAIK SEKALI,3.0,11457143.0,,
UNIVERSITAS SALAKANAGARA,BANTEN,B,2.0,11400000.0,,
SEKOLAH TINGGI ILMU KESEHATAN MERANGIN,JAMBI,BAIK,1.0,11400000.0,,
STIKES MEDIKA SERAMOE BARAT,ACEH,BAIK,1.0,11400000.0,,
UNIVERSITAS MPU TANTULAR,DKI JAKARTA,B,2.0,11337000.0,,
SEKOLAH TINGGI ILMU EKONOMI SAMPIT,KALIMANTAN TENGAH,BAIK,1.0,11325000.0,,
STT MINYAK DAN GAS CILACAP,JAWA TENGAH,BAIK,1.0,11300000.0,,
UNIVERSITAS 17 AGUSTUS 1945 SEMARANG,JAWA TENGAH,BAIK SEKALI,3.0,11250000.0,,
UNIVERSITAS INDONESIA MEMBANGUN,JAWA BARAT,B,2.0,11200000.0,,
UNIVERSITAS ATMA JAYA MAKASSAR,SULAWESI SELATAN,C,0.0,11200000.0,,
UNIVERSITAS MUHAMMADIYAH PONOROGO,JAWA TIMUR,UNGGUL,5.0,11200000.0,1.0,3.0
UNIVERSITAS MUHAMMADIYAH GRESIK,JAWA TIMUR,BAIK SEKALI,3.0,11150000.0,1.0,3.0
UNIVERSITAS WIDYATAMA,JAWA BARAT,B,2.0,11100000.0,,
SEKOLAH TINGGI ILMU EKONOMI PERDAGANGAN,SUMATERA BARAT,BAIK,1.0,11082500.0,,
SEKOLAH TINGGI ILMU KESEHATAN AKSARI,JAWA BARAT,BAIK,1.0,11000000.0,,
SEKOLAH TINGGI ILMU KESEHATAN HARAPAN BANGSA,JAWA TIMUR,BAIK,1.0,11000000.0,1.0,1.0
STIKES RANAH MINANG,SUMATERA BARAT,BAIK,1.0,11000000.0,,
SEKOLAH TINGGI ILMU KESEHATAN WILLIAM BOOTH,JAWA TIMUR,BAIK SEKALI,3.0,11000000.0,1.0,3.0
STIKES KARSA HUSADA GARUT,JAWA BARAT,BAIK,1.0,11000000.0,,
SEKOLAH TINGGI ILMU EKONOMI INDONESIA SURABAYA,JAWA TIMUR,B,2.0,11000000.0,1.0,3.0
UNIVERSITAS MUHAMMADIYAH GORONTALO,GORONTALO,BAIK SEKALI,3.0,11000000.0,,
UNIVERSITAS TEKNOLOGI BANDUNG,JAWA BARAT,BAIK,1.0,11000000.0,,
SEKOLAH TINGGI ILMU KESEHATAN PATRIOT BANGSA LAMPUNG,LAMPUNG,BAIK,1.0,11000000.0,,
UNIVERSITAS YATSI MADANI,BANTEN,BAIK SEKALI,3.0,11000000.0,,
SEKOLAH TINGGI BAHASA ASING LIA YOGYAKARTA,D.I. YOGYAKARTA,B,2.0,10950000.0,,
UNIVERSITAS SETIA BUDHI RANGKASBITUNG,BANTEN,BAIK,1.0,10920000.0,,
SEKOLAH TINGGI ILMU KESEHATAN MAKASSAR,SULAWESI SELATAN,BAIK SEKALI,3.0,10900000.0,,
UNIVERSITAS YUPPENTEK INDONESIA,BANTEN,BAIK,1.0,10850000.0,,
UNIVERSITAS MUHAMMADIYAH SUKABUMI,JAWA BARAT,BAIK SEKALI,3.0,10836000.0,,
INSTITUT ILMU SOSIAL DAN MANAJEMEN STIAMI,DKI JAKARTA,BAIK SEKALI,3.0,10831250.0,,
SEKOLAH TINGGI ILMU EKONOMI PROFESSIONAL MANAJEMEN COLLEGE INDONESIA,SUMATERA UTARA,B,2.0,10800000.0,,
UNIVERSITAS DJUANDA,JAWA BARAT,B,2.0,10800000.0,,
SEKOLAH TINGGI ILMU KESEHATAN BANTEN,BANTEN,BAIK,1.0,10800000.0,,
INSTITUT TEKNOLOGI NASIONAL YOGYAKARTA,D.I. YOGYAKARTA,B,2.0,18225000.0,,
UNIVERSITAS KADER BANGSA,SUMATERA SELATAN,BAIK SEKALI,3.0,10700000.0,,
UNIVERSITAS AL-GHIFARI,JAWA BARAT,BAIK,1.0,10690000.0,,
UNIVERSITAS ASA INDONESIA,DKI JAKARTA,BAIK SEKALI,3.0,10650000.0,,
UNIVERSITAS AKPRIND INDONESIA,D.I. YOGYAKARTA,BAIK SEKALI,3.0,10630000.0,,
SEKOLAH TINGGI FILSAFAT TEOLOGI WIDYA SASANA,JAWA TIMUR,B,2.0,10600000.0,1.0,3.0
UNIVERSITAS AUDI INDONESIA,SUMATERA UTARA,BAIK,1.0,10600000.0,,
SEKOLAH TINGGI ILMU FARMASI NUSAPUTERA,JAWA TENGAH,BAIK,1.0,10600000.0,,
SEKOLAH TINGGI ILMU EKONOMI YASA ANGGANA,JAWA BARAT,BAIK,1.0,10600000.0,,
UNIVERSITAS PERTIWI,JAWA BARAT,BAIK,1.0,10600000.0,,
UNIVERSITAS SERANG RAYA,BANTEN,B,2.0,10524500.0,,
UNIVERSITAS SAINS DAN TEKNOLOGI JAYAPURA,PAPUA,BAIK,1.0,10500000.0,,
INSTITUT TEKNOLOGI DAN BISNIS HAJI AGUS SALIM BUKITTINGGI,SUMATERA BARAT,BAIK,1.0,10500000.0,,
SEKOLAH TINGGI ARSITEKTUR YKPN YOGYAKARTA,D.I. YOGYAKARTA,BAIK,1.0,10500000.0,,
UNIVERSITAS MUHAMMADIYAH CILEUNGSI,JAWA BARAT,BAIK,1.0,10500000.0,,
SEKOLAH TINGGI ILMU PARIWISATA MANADO,SULAWESI UTARA,BAIK,1.0,10400000.0,,
STIKES SITI HAJAR,SUMATERA UTARA,BAIK,1.0,10400000.0,,
UNIVERSITAS WIDYA DHARMA PONTIANAK,KALIMANTAN BARAT,BAIK,1.0,10400000.0,,
UNIVERSITAS BUDDHI DHARMA,BANTEN,BAIK,1.0,10390000.0,,
INSTITUT PERTANIAN STIPER,D.I. YOGYAKARTA,B,2.0,10356250.0,,
SEKOLAH TINGGI ILMU EKONOMI SUTAATMADJA,JAWA BARAT,BAIK SEKALI,3.0,10325000.0,,
UNIVERSITAS POTENSI UTAMA,SUMATERA UTARA,BAIK SEKALI,3.0,10325000.0,,
UNIVERSITAS MUHAMMADIYAH SUMATERA BARAT,SUMATERA BARAT,BAIK SEKALI,3.0,13287500.0,,
UNIVERSITAS AMIKOM YOGYAKARTA,D.I. YOGYAKARTA,BAIK SEKALI,3.0,10300000.0,,
UNIVERSITAS DHARMAS INDONESIA,SUMATERA BARAT,BAIK,1.0,10297500.0,,
INSTITUT INFORMATIKA DAN BISNIS DARMAJAYA,LAMPUNG,BAIK SEKALI,3.0,10252000.0,,
SEKOLAH TINGGI PARIWISATA MATARAM,NUSA TENGGARA BARAT,BAIK SEKALI,3.0,10225000.0,,
STIA DAN MANAJEMEN KEPELABUHAN BARUNAWATI,JAWA TIMUR,BAIK SEKALI,3.0,10200000.0,1.0,3.0
SEKOLAH TINGGI ILMU EKONOMI MAHARDHIKA,JAWA TIMUR,B,2.0,10100000.0,1.0,3.0
UNIVERSITAS PGRI SUMATERA BARAT,SUMATERA BARAT,B,2.0,10100000.0,,
UNIVERSITAS PGRI MADIUN,JAWA TIMUR,B,2.0,10091000.0,1.0,3.0
SEKOLAH TINGGI ILMU KESEHATAN SEHATI,SUMATERA UTARA,BAIK,1.0,10050000.0,,
SEKOLAH TINGGI ILMU KESEHATAN TUJUH BELAS,JAWA TENGAH,BAIK,1.0,10050000.0,,
SEKOLAH TINGGI ILMU EKONOMI WIYATAMANDALA,DKI JAKARTA,BAIK,1.0,10050000.0,,
SEKOLAH TINGGI ILMU EKONOMI MULIA PRATAMA,JAWA BARAT,BAIK,1.0,10040000.0,,
UNIVERSITAS ALMARISAH MADANI,SULAWESI SELATAN,BAIK SEKALI,3.0,10000000.0,,
UNIVERSITAS PGRI ARGOPURO JEMBER,JAWA TIMUR,BAIK SEKALI,3.0,10000000.0,1.0,3.0
UNIVERSITAS MOCHAMMAD SROEDJI,JAWA TIMUR,BAIK,1.0,10000000.0,1.0,1.0
STKIP WIDYA YUWANA,JAWA TIMUR,B,2.0,10000000.0,1.0,3.0
SEKOLAH TINGGI ILMU KESEHATAN RAJEKWESI BOJONEGORO,JAWA TIMUR,TERAKREDITASI,0.0,10000000.0,1.0,1.0
UNIVERSITAS JABAL GHAFUR,ACEH,BAIK SEKALI,3.0,10000000.0,,
UNIVERSITAS MERCU BUANA,DKI JAKARTA,UNGGUL,5.0,10000000.0,,
INSTITUT TEKNOLOGI MINAESA,SULAWESI UTARA,BAIK,1.0,10000000.0,,
SEKOLAH TINGGI ILMU EKONOMI KBP,SUMATERA BARAT,B,2.0,10000000.0,,
UNIVERSITAS TABANAN,BALI,BAIK SEKALI,3.0,10000000.0,,
SEKOLAH TINGGI ILMU KESEHATAN SISMADI,JAWA BARAT,BAIK,1.0,10000000.0,,
INSTITUT KESEHATAN DAN TEKNOLOGI JAINUDDIN,SULAWESI UTARA,BAIK,1.0,10000000.0,,
UNIVERSITAS NURDIN HAMZAH,JAMBI,BAIK,1.0,10000000.0,,
UNIVERSITAS MADURA,JAWA TIMUR,B,2.0,10000000.0,1.0,3.0
UNIVERSITAS BUNG KARNO,DKI JAKARTA,B,2.0,10000000.0,,
SEKOLAH TINGGI PERTANIAN KEWIRAUSAHAAN BANAU,MALUKU UTARA,BAIK SEKALI,3.0,10000000.0,,
SEKOLAH TINGGI ILMU EKONOMI YKP,D.I. YOGYAKARTA,B,2.0,9990000.0,,
SEKOLAH TINGGI ILMU EKONOMI DHARMA AGUNG INDONESIA,JAWA BARAT,BAIK,1.0,9920000.0,,
UNIVERSITAS BALIKPAPAN,KALIMANTAN TIMUR,B,2.0,9900000.0,,
UNIVERSITAS ISLAM NAHDLATUL ULAMA JEPARA,JAWA TENGAH,BAIK SEKALI,3.0,9886000.0,,
SEKOLAH TINGGI ILMU EKONOMI BHAKTI PEMBANGUNAN,DKI JAKARTA,B,2.0,9870000.0,,
UNIVERSITAS TIMIKA,PAPUA,BAIK,1.0,9800000.0,,
UNIVERSITAS MUHAMMADIYAH TEGAL,JAWA TENGAH,BAIK,1.0,9800000.0,,
STIH LITIGASI,DKI JAKARTA,BAIK,1.0,9750000.0,,
UNIVERSITAS MUHAMMADIYAH PAPUA,PAPUA,BAIK,1.0,9750000.0,,
INSTITUT SAINS DAN TEKNOLOGI TD PARDEDE,SUMATERA UTARA,BAIK,1.0,9750000.0,,
UNIVERSITAS SEMARANG,JAWA TENGAH,B,2.0,9740000.0,,
STIKES MALUKU HUSADA,MALUKU,B,2.0,9725000.0,,
UNIVERSITAS CORDOVA,NUSA TENGGARA BARAT,BAIK,1.0,9724000.0,,
UNIVERSITAS INFORMATIKA DAN BISNIS INDONESIA,JAWA BARAT,BAIK SEKALI,3.0,9700000.0,,
UNIVERSITAS JANABADRA,D.I. YOGYAKARTA,B,2.0,9700000.0,,
STIE JAKARTA INTERNATIONAL COLLEGE,DKI JAKARTA,B,2.0,9685000.0,,
SEKOLAH TINGGI ILMU HUKUM DAN POLITIK PELOPOR BANGSA,JAWA BARAT,BAIK,1.0,9600000.0,,
STIKES AL-ISLAM YOGYAKARTA,D.I. YOGYAKARTA,BAIK,1.0,9600000.0,,
SEKOLAH TINGGI ILMU KESEHATAN HAKLI,JAWA TENGAH,BAIK,1.0,9600000.0,,
INSTITUT TEKNOLOGI SAINS DAN KESEHATAN INSAN CENDEKIA MEDIKA JOMBANG,JAWA TIMUR,TERAKREDITASI,0.0,9600000.0,1.0,1.0
SEKOLAH TINGGI ILMU EKONOMI GEMPOL,JAWA TIMUR,BAIK,1.0,9600000.0,1.0,1.0
UNIVERSITAS SATYA TERRA BHINNEKA,SUMATERA UTARA,BAIK,1.0,9600000.0,,
UNIVERSITAS PANCA BHAKTI,KALIMANTAN BARAT,TERAKREDITASI,0.0,9590000.0,,
ASM MARSUDIRINI SANTA MARIA,D.I. YOGYAKARTA,BAIK,1.0,9580000.0,,
UNIVERSITAS HALIM SANUSI,JAWA BARAT,BAIK,1.0,9516000.0,,
INSTITUT TEKNOLOGI DAN BISNIS DEWANTARA,JAWA BARAT,BAIK,1.0,9510000.0,,
SEKOLAH TINGGI ILMU PERTANIAN FARMING,JAWA TENGAH,BAIK,1.0,9500000.0,,
UNIVERSITAS SANG BUMI RUWA JURAI,LAMPUNG,BAIK SEKALI,3.0,9500000.0,,
INSTITUT BISNIS DAN KOMPUTER INDONESIA,SUMATERA UTARA,BAIK,1.0,9500000.0,,
STISIP TASIKMALAYA,JAWA BARAT,BAIK,1.0,9460000.0,,
UNIVERSITAS MUHAMMADIYAH LAMPUNG,LAMPUNG,B,2.0,9450000.0,,
SEKOLAH TINGGI ILMU EKONOMI GENTIARAS,LAMPUNG,BAIK SEKALI,3.0,9450000.0,,
UNIVERSITAS 45 SURABAYA,JAWA TIMUR,BAIK,1.0,9450000.0,1.0,1.0
UNIVERSITAS ISLAM MADURA,JAWA TIMUR,BAIK,1.0,9435000.0,1.0,1.0
SEKOLAH TINGGI PERTANIAN KUTAI TIMUR,KALIMANTAN TIMUR,BAIK,1.0,9416250.0,,
UNIVERSITAS SURAKARTA,JAWA TENGAH,BAIK,1.0,9390000.0,,
SEKOLAH TINGGI ILMU KESEHATAN BETHESDA TOMOHON,SULAWESI UTARA,BAIK,1.0,9350000.0,,
UNIVERSITAS SLAMET RIYADI,JAWA TENGAH,BAIK SEKALI,3.0,9340000.0,,
UNIVERSITAS WIRARAJA,JAWA TIMUR,BAIK SEKALI,3.0,9313750.0,1.0,3.0
UNIVERSITAS FLORES,NUSA TENGGARA TIMUR,B,2.0,9305000.0,,
UNIVERSITAS BINA BANGSA GETSEMPENA,ACEH,TERAKREDITASI,0.0,9300000.0,,
SEKOLAH TINGGI ILMU EKONOMI PARIWISATA YAPARI,JAWA BARAT,BAIK,1.0,9300000.0,,
SEKOLAH TINGGI ILMU KESEHATAN SURYA GLOBAL YOGYAKARTA,D.I. YOGYAKARTA,BAIK,1.0,9300000.0,,
INSTITUT TEKNOLOGI DAN BISNIS NOBEL INDONESIA,SULAWESI SELATAN,BAIK SEKALI,3.0,9300000.0,,
UNIVERSITAS KATOLIK WIDYA KARYA,JAWA TIMUR,BAIK,1.0,9250000.0,1.0,1.0
INSTITUT TEKNOLOGI DAN SAINS MANDALA,JAWA TIMUR,BAIK SEKALI,3.0,9200000.0,1.0,3.0
UNIVERSITAS MURIA KUDUS,JAWA TENGAH,B,2.0,9200000.0,,
UNIVERSITAS NASIONAL KARANGTURI SEMARANG,JAWA TENGAH,BAIK,1.0,9200000.0,,
UNIVERSITAS IBA,SUMATERA SELATAN,BAIK,1.0,9181250.0,,
UNIVERSITAS MITRA INDONESIA,LAMPUNG,BAIK SEKALI,3.0,9180000.0,,
SEKOLAH TINGGI PEMBANGUNAN MASYARAKAT DESA APMD,D.I. YOGYAKARTA,B,2.0,9150000.0,,
UNIVERSITAS MUHAMMADIYAH MUARA BUNGO,JAMBI,BAIK SEKALI,3.0,9150000.0,,
UNIVERSITAS INDRAPRASTA PGRI,DKI JAKARTA,B,2.0,9150000.0,,
STMIK SAMARINDA,KALIMANTAN TIMUR,BAIK,1.0,9100000.0,,
SEKOLAH TINGGI ILMU EKONOMI TOTALWIN,JAWA TENGAH,BAIK,1.0,9100000.0,,
UNIVERSITAS YAYASAN PENDIDIKAN IMAM BONJOL MAJALENGKA,JAWA BARAT,BAIK,1.0,9100000.0,,
SEKOLAH TINGGI TEKNOLOGI GEMPOL,JAWA TIMUR,BAIK,1.0,9100000.0,1.0,1.0
UNIVERSITAS MUSLIM NUSANTARA AL-WASHLIYAH,SUMATERA UTARA,UNGGUL,5.0,16575000.0,,
UNIVERSITAS YUDHARTA PASURUAN,JAWA TIMUR,BAIK SEKALI,3.0,9050000.0,1.0,3.0
INSTITUT TEKNOLOGI SAINS BANDUNG,JAWA BARAT,BAIK,1.0,9050000.0,,
UNIVERSITAS ISLAM 45,JAWA BARAT,B,2.0,14527000.0,,
UNIVERSITAS BATTUTA,SUMATERA UTARA,BAIK SEKALI,3.0,9000000.0,,
SEKOLAH TINGGI MANAJEMEN LABORA,DKI JAKARTA,B,2.0,9000000.0,,
STKIP PGRI SUMENEP,JAWA TIMUR,BAIK,1.0,9000000.0,1.0,1.0
UNIVERSITAS SAINS CUT NYAK DHIEN,ACEH,BAIK,1.0,9000000.0,,
SEKOLAH TINGGI ILMU KESEHATAN ARTHA BODHI ISWARA,JAWA TIMUR,B,2.0,9000000.0,1.0,3.0
UNIVERSITAS PRAMITA INDONESIA,BANTEN,BAIK,1.0,9000000.0,,
UNIVERSITAS ADHIRAJASA RESWARA SANJAYA,JAWA BARAT,B,2.0,9000000.0,,
SEKOLAH TINGGI ILMU EKONOMI MALANGKUCECWARA,JAWA TIMUR,BAIK SEKALI,3.0,9000000.0,1.0,3.0
SEKOLAH TINGGI ILMU KESEHATAN PANCA BHAKTI,LAMPUNG,BAIK,1.0,9000000.0,,
UNIVERSITAS PRISMA,SULAWESI UTARA,TIDAK TERAKREDITASI,0.0,9000000.0,,
SEKOLAH TINGGI BAHASA HARAPAN BERSAMA,KALIMANTAN BARAT,BAIK SEKALI,3.0,9000000.0,,
SEKOLAH TINGGI FILSAFAT TEOLOGI FAJAR TIMUR,PAPUA,BAIK,1.0,9000000.0,,
SEKOLAH TINGGI ILMU EKONOMI ENAM ENAM KENDARI,SULAWESI TENGGARA,BAIK SEKALI,3.0,9000000.0,,
INSTITUT TEKNOLOGI GARUT,JAWA BARAT,BAIK SEKALI,3.0,8960000.0,,
SEKOLAH TINGGI ILMU KOMUNIKASI ALMAMATER WARTAWAN SURABAYA,JAWA TIMUR,BAIK SEKALI,3.0,8950000.0,1.0,3.0
SEKOLAH TINGGI ILMU EKONOMI BALIKPAPAN,KALIMANTAN TIMUR,BAIK SEKALI,3.0,8925000.0,,
UNIVERSITAS IBBI,SUMATERA UTARA,BAIK SEKALI,3.0,8925000.0,,
UNIVERSITAS WAHIDIYAH,JAWA TIMUR,BAIK,1.0,8910000.0,1.0,1.0
INSTITUT TEKNOLOGI KESEHATAN MALANG WIDYA CIPTA HUSADA,JAWA TIMUR,BAIK,1.0,8900000.0,1.0,1.0
INSTITUT TEKNOLOGI DAN KESEHATAN BINTANG PERSADA,BALI,BAIK,1.0,8900000.0,,
SEKOLAH TINGGI ILMU KESEHATAN PANCA BHAKTI PONTIANAK,KALIMANTAN BARAT,TERAKREDITASI,0.0,8900000.0,,
UNIVERSITAS MUHAMMADIYAH CIREBON,JAWA BARAT,B,2.0,8850000.0,,
SEKOLAH TINGGI TEKNOLOGI BONTANG,KALIMANTAN TIMUR,BAIK,1.0,8850000.0,,
UNIVERSITAS CATUR INSAN CENDEKIA,JAWA BARAT,BAIK,1.0,8820000.0,,
UNIVERSITAS ISLAM AS-SYAFIIYAH,JAWA BARAT,BAIK SEKALI,3.0,8812500.0,,
UNIVERSITAS TARUNA BAKTI,JAWA BARAT,BAIK,1.0,15650000.0,,
UNIVERSITAS IVET,JAWA TENGAH,B,2.0,8800000.0,,
SEKOLAH TINGGI ILMU KESEHATAN BANTUL,D.I. YOGYAKARTA,BAIK,1.0,8800000.0,,
UNIVERSITAS KH. BAHAUDIN MUDHARY MADURA,JAWA TIMUR,BAIK,1.0,8800000.0,1.0,1.0
STKIP PGRI PONOROGO,JAWA TIMUR,BAIK SEKALI,3.0,8770000.0,1.0,3.0
SEKOLAH TINGGI BAHASA ASING YAPARI,JAWA BARAT,BAIK,1.0,8750000.0,,
UNIVERSITAS NAHDLATUL ULAMA PASURUAN,JAWA TIMUR,BAIK,1.0,8750000.0,1.0,1.0
UNIVERSITAS HANDAYANI MAKASSAR,SULAWESI SELATAN,BAIK,1.0,8700000.0,,
STIEB PERDANA MANDIRI,JAWA BARAT,BAIK,1.0,8638000.0,,
STIKES YAYASAN RS. DR. SOETOMO,JAWA TIMUR,BAIK SEKALI,3.0,8600000.0,1.0,3.0
UNIVERSITAS MUHAMMADIYAH KUDUS,JAWA TENGAH,BAIK SEKALI,3.0,8500000.0,,
SEKOLAH TINGGI HUKUM GARUT,JAWA BARAT,BAIK,1.0,8500000.0,,
UNIVERSITAS SERASAN,SUMATERA SELATAN,BAIK,1.0,8500000.0,,
UNIVERSITAS WIJAYAKUSUMA PURWOKERTO,JAWA TENGAH,BAIK SEKALI,3.0,8500000.0,,
SEKOLAH TINGGI ILMU KESEHATAN DONA PALEMBANG,SUMATERA SELATAN,BAIK,1.0,8500000.0,,
SEKOLAH TINGGI ILMU KESEHATAN AL MA ARIF,SUMATERA SELATAN,BAIK,1.0,8500000.0,,
STMIK KHARISMA MAKASSAR,SULAWESI SELATAN,BAIK,1.0,8500000.0,,
UNIVERSITAS SINDANG KASIH MAJALENGKA,JAWA BARAT,BAIK,1.0,8500000.0,,
UNIVERSITAS TUNAS PEMBANGUNAN SURAKARTA,JAWA TENGAH,BAIK SEKALI,3.0,8483000.0,,
UNIVERSITAS WIRALODRA,JAWA BARAT,B,2.0,8480000.0,,
UNIVERSITAS NAHDLATUL ULAMA KALIMANTAN TIMUR,KALIMANTAN TIMUR,BAIK,1.0,8480000.0,,
STMIK PAMITRAN,JAWA BARAT,BAIK,1.0,8400000.0,,
SEKOLAH TINGGI ILMU EKONOMI KALPATARU,JAWA BARAT,BAIK,1.0,8400000.0,,
INSTITUT TEKNOLOGI BISNIS DAN BAHASA DIAN CIPTA CENDIKIA,LAMPUNG,BAIK,1.0,8400000.0,,
STIKES PERSADA HUSADA INDONESIA,DKI JAKARTA,BAIK,1.0,8400000.0,,
UNIVERSITAS INTERNASIONAL PAPUA,PAPUA,BAIK,1.0,8400000.0,,
SEKOLAH TINGGI ILMU KESEHATAN FATIMA PAREPARE,SULAWESI SELATAN,BAIK,1.0,8400000.0,,
UNIVERSITAS KALTARA,KALIMANTAN UTARA,BAIK SEKALI,3.0,8400000.0,,
SEKOLAH TINGGI ILMU SOSIAL DAN ILMU POLITIK WIRA BHAKTI,BALI,BAIK,1.0,8400000.0,,
STIKES PATRIA HUSADA,JAWA TIMUR,BAIK,1.0,8375000.0,1.0,1.0
UNIVERSITAS MERDEKA PASURUAN,JAWA TIMUR,BAIK,1.0,8370000.0,1.0,1.0
UNIVERSITAS KUTAI KARTANEGARA TENGGARONG,KALIMANTAN TIMUR,BAIK SEKALI,3.0,8355000.0,,
UNIVERSITAS VETERAN BANGUN NUSANTARA,JAWA TENGAH,BAIK SEKALI,3.0,8350000.0,,
UNIVERSITAS DHARMA ANDALAS,SUMATERA BARAT,BAIK SEKALI,3.0,8300000.0,,
UNIVERSITAS NAHDLATUL ULAMA SUNAN GIRI,JAWA TIMUR,BAIK SEKALI,3.0,8300000.0,1.0,3.0
SEKOLAH TINGGI ILMU MANAJEMEN YKPN YOGYAKARTA,D.I. YOGYAKARTA,BAIK SEKALI,3.0,8300000.0,,
UNIVERSITAS NAHDLATUL ULAMA NUSA TENGGARA BARAT,NUSA TENGGARA BARAT,BAIK SEKALI,3.0,8200000.0,,
SEKOLAH TINGGI ILMU EKONOMI PERBANKAN INDONESIA,SUMATERA BARAT,BAIK,1.0,8200000.0,,
UNIVERSITAS SURYAKANCANA,JAWA BARAT,B,2.0,8160000.0,,
UNIVERSITAS DWIJENDRA,BALI,B,2.0,11000000.0,,
INSTITUT PENDIDIKAN INDONESIA GARUT,JAWA BARAT,BAIK SEKALI,3.0,8110000.0,,
SEKOLAH TINGGI ILMU KESEHATAN INDAH MEDAN,SUMATERA UTARA,BAIK,1.0,8100000.0,,
SEKOLAH TINGGI ILMU EKONOMI MANAJEMEN BISNIS INDONESIA,JAWA BARAT,BAIK,1.0,8100000.0,,
UNIVERSITAS ISLAM KALIMANTAN MUHAMMAD ARSYAD AL BANJARI BANJARMASIN,KALIMANTAN SELATAN,BAIK SEKALI,3.0,8095000.0,,
UNIVERSITAS BPD,JAWA TENGAH,BAIK SEKALI,3.0,8080000.0,,
UNIVERSITAS BAKTI INDONESIA,JAWA TIMUR,BAIK,1.0,5600000.0,1.0,1.0
SEKOLAH TINGGI ILMU KESEHATAN KESDAM IX/UDAYANA,BALI,BAIK,1.0,13300000.0,,
UNIVERSITAS MUHAMMADIYAH PONTIANAK,KALIMANTAN BARAT,B,2.0,8000000.0,,
UNIVERSITAS BOJONEGORO,JAWA TIMUR,BAIK,1.0,8000000.0,1.0,1.0
SEKOLAH TINGGI ILMU KOMUNIKASI PROFESI INDONESIA,DKI JAKARTA,BAIK,1.0,8000000.0,,
STMIK DCI,JAWA BARAT,BAIK,1.0,8000000.0,,
SEKOLAH TINGGI ILMU EKONOMI INSAN PEMBANGUNAN,JAWA BARAT,BAIK,1.0,8000000.0,,
INSTITUT ILMU SOSIAL DAN BISNIS ANDI SAPADA,SULAWESI SELATAN,B,2.0,8000000.0,,
STMIK PONTIANAK,KALIMANTAN BARAT,BAIK,1.0,8000000.0,,
STIKES BAKTI NUSANTARA GORONTALO,GORONTALO,BAIK,1.0,8000000.0,,
SEKOLAH TINGGI ILMU EKONOMI SULTAN AGUNG,SUMATERA UTARA,BAIK,1.0,8000000.0,,
STIKES MEDIKA NURUL ISLAM,ACEH,BAIK,1.0,8000000.0,,
UNIVERSITAS PUTRA ABADI LANGKAT,SUMATERA UTARA,BAIK,1.0,8000000.0,,
STISIP WIDYAPURI MANDIRI,JAWA BARAT,BAIK,1.0,8000000.0,,
STMIK IM,JAWA BARAT,TIDAK TERAKREDITASI,0.0,8000000.0,,
UNIVERSITAS NAHDLATUL WATHAN MATARAM,NUSA TENGGARA BARAT,BAIK SEKALI,3.0,8000000.0,,
UNIVERSITAS ALMA ATA,D.I. YOGYAKARTA,B,2.0,8000000.0,,
UNIVERSITAS MEGA BUANA PALOPO,SULAWESI SELATAN,BAIK SEKALI,3.0,8000000.0,,
SEKOLAH TINGGI ILMU EKONOMI INDONESIA PONTIANAK,KALIMANTAN BARAT,BAIK,1.0,8000000.0,,
UNIVERSITAS MUHAMMADIYAH MATARAM,NUSA TENGGARA BARAT,B,2.0,8000000.0,,
SEKOLAH TINGGI ILMU KESEHATAN NUSANTARA,NUSA TENGGARA TIMUR,B,2.0,8000000.0,,
STKIP AL HIKMAH SURABAYA,JAWA TIMUR,BAIK,1.0,8000000.0,1.0,1.0
SEKOLAH TINGGI ILMU KESEHATAN ARTA KABANJAHE,SUMATERA UTARA,BAIK,1.0,8000000.0,,
STMIK MULTICOM BOLAAN MONGONDOW,SULAWESI UTARA,BAIK,1.0,8000000.0,,
SEKOLAH TINGGI ILMU KOMPUTER PGRI BANYUWANGI,JAWA TIMUR,BAIK,1.0,8000000.0,1.0,1.0
UNIVERSITAS CARITAS INDONESIA,PAPUA BARAT,BAIK,1.0,8000000.0,,
STIMI BANJARMASIN,KALIMANTAN SELATAN,BAIK SEKALI,3.0,8000000.0,,
STKIP MUTIARA BANTEN,BANTEN,BAIK,1.0,8000000.0,,
SEKOLAH TINGGI KEGURUAN DAN ILMU PENDIDIKAN ROSALIA LAMPUNG,LAMPUNG,BAIK,1.0,8000000.0,,
UNIVERSITAS ICHSAN SIDENRENG RAPPANG,SULAWESI SELATAN,BAIK,1.0,8000000.0,,
SEKOLAH TINGGI ILMU EKONOMI BULUNGAN TARAKAN,KALIMANTAN UTARA,BAIK,1.0,8000000.0,,
SEKOLAH TINGGI ILMU MANAJEMEN SUKMA,SUMATERA UTARA,B,2.0,8000000.0,,
SEKOLAH TINGGI ILMU MANAJEMEN INDONESIA HANDAYANI,BALI,BAIK,1.0,8000000.0,,
STIKIP CATUR SAKTI,D.I. YOGYAKARTA,BAIK,1.0,8000000.0,,
STKIP ARRAHMANIYAH,JAWA BARAT,BAIK,1.0,8000000.0,,
STIKES PAMENANG,JAWA TIMUR,BAIK,1.0,8000000.0,1.0,1.0
SEKOLAH TINGGI ILMU KESEHATAN BARAMULI,SULAWESI SELATAN,BAIK,1.0,8000000.0,,
UNIVERSITAS SEBELAS APRIL,JAWA BARAT,BAIK SEKALI,3.0,8000000.0,,
STIKES BUANA HUSADA PONOROGO,JAWA TIMUR,BAIK,1.0,8000000.0,1.0,1.0
STMIK PRANATA INDONESIA,JAWA BARAT,BAIK,1.0,7994000.0,,
SEKOLAH TINGGI ILMU KESEHATAN NOTOKUSUMO YOGYAKARTA,D.I. YOGYAKARTA,BAIK SEKALI,3.0,7950000.0,,
UNIVERSITAS BATANGHARI JAMBI,JAMBI,BAIK SEKALI,3.0,7900500.0,,
UNIVERSITAS MUHAMMADIYAH MALUKU UTARA,MALUKU UTARA,BAIK SEKALI,3.0,7886750.0,,
STMIK BANJARBARU,KALIMANTAN SELATAN,BAIK,1.0,7875000.0,,
SEKOLAH TINGGI BAHASA ASING CIPTO HADI PRANOTO,JAWA BARAT,BAIK,1.0,7850000.0,,
INSTITUT TEKNOLOGI LOMBOK,NUSA TENGGARA BARAT,BAIK,1.0,7840000.0,,
INSTITUT NASIONAL FLORES,NUSA TENGGARA TIMUR,BAIK,1.0,7830000.0,,
UNIVERSITAS PEMBINAAN MASYARAKAT INDONESIA,SUMATERA UTARA,BAIK,1.0,6560000.0,,
SEKOLAH TINGGI BAHASA ASING IEC JAKARTA,DKI JAKARTA,BAIK,1.0,7800000.0,,
STIKES SATRIA BHAKTI NGANJUK,JAWA TIMUR,BAIK,1.0,7800000.0,1.0,1.0
SEKOLAH TINGGI ILMU EKONOMI TRI DHARMA WIDYA,DKI JAKARTA,BAIK,1.0,7800000.0,,
STIKES DIAN HUSADA,JAWA TIMUR,BAIK,1.0,7800000.0,1.0,1.0
UNIVERSITAS NUSANTARA PGRI KEDIRI,JAWA TIMUR,BAIK SEKALI,3.0,7800000.0,1.0,3.0
SEKOLAH TINGGI KESEHATAN PONDOK PESANTREN ASSANADIYAH PALEMBANG,SUMATERA SELATAN,BAIK,1.0,7800000.0,,
STKIP PGRI BANGKALAN,JAWA TIMUR,BAIK SEKALI,3.0,7800000.0,1.0,3.0
UNIVERSITAS HKBP NOMMENSEN PEMATANGSIANTAR,SUMATERA UTARA,BAIK SEKALI,3.0,7800000.0,,
INSTITUT SAINS TEKNOLOGI DAN KESEHATAN INSAN CENDEKIA HUSADA BOJONEGORO,JAWA TIMUR,BAIK SEKALI,3.0,7800000.0,1.0,3.0
SEKOLAH TINGGI TEKNIK LINGKUNGAN MATARAM,NUSA TENGGARA BARAT,BAIK,1.0,7800000.0,,
SEKOLAH TINGGI ILMU EKONOMI CENDEKIA BOJONEGORO,JAWA TIMUR,BAIK,1.0,7800000.0,1.0,1.0
SEKOLAH TINGGI ILMU EKONOMI NU TRATE,JAWA TIMUR,BAIK,1.0,7775000.0,1.0,1.0
SEKOLAH TINGGI ILMU EKONOMI ARTHA BODHI ISWARA,JAWA TIMUR,BAIK,1.0,7750000.0,1.0,1.0
UNIVERSITAS COKROAMINOTO PALOPO,SULAWESI SELATAN,B,2.0,7750000.0,,
UNIVERSITAS NAHDLATUL ULAMA KALIMANTAN SELATAN,KALIMANTAN SELATAN,BAIK,1.0,7750000.0,,
UNIVERSITAS KATOLIK WIDYA MANDIRA KUPANG,NUSA TENGGARA TIMUR,B,2.0,7725000.0,,
UNIVERSITAS BINA BANGSA,BANTEN,BAIK,1.0,7700077.0,,
INSTITUT SAINS DAN TEKNOLOGI AL-KAMAL,DKI JAKARTA,BAIK,1.0,7700000.0,,
UNIVERSITAS MUHAMMADIYAH BUTON,SULAWESI TENGGARA,BAIK SEKALI,3.0,7700000.0,,
INSTITUT TEKNOLOGI DEL,SUMATERA UTARA,BAIK SEKALI,3.0,7650000.0,,
SEKOLAH TINGGI ILMU HUKUM IBLAM,DKI JAKARTA,BAIK SEKALI,3.0,7625000.0,,
UNIVERSITAS PANDANARAN,JAWA TENGAH,B,2.0,7600000.0,,
STMIK MARDIRA INDONESIA,JAWA BARAT,BAIK,1.0,7600000.0,,
UNIVERSITAS NUSA PUTRA,JAWA BARAT,UNGGUL,5.0,7600000.0,,
UNIVERSITAS KUSUMA HUSADA SURAKARTA,JAWA TENGAH,BAIK,1.0,7550000.0,,
SEKOLAH TINGGI TEKNOLOGI MIGAS,KALIMANTAN TIMUR,B,2.0,7550000.0,,
SEKOLAH TINGGI MANAJEMEN INFORMATIKA DAN KOMPUTER PESAT NABIRE,PAPUA,BAIK,1.0,7550000.0,,
UNIVERSITAS NUSA BANGSA,JAWA BARAT,BAIK,1.0,7550000.0,,
SEKOLAH TINGGI ILMU EKONOMI PEMNAS INDONESIA,JAWA TIMUR,BAIK,1.0,7500000.0,1.0,1.0
UNIVERSITAS DHARMA WACANA,LAMPUNG,B,2.0,7500000.0,,
UNIVERSITAS AL-AZHAR,SUMATERA UTARA,BAIK,1.0,7500000.0,,
UNIVERSITAS TANGERANG RAYA,BANTEN,BAIK,1.0,7500000.0,,
UNIVERSITAS METAMEDIA,SUMATERA BARAT,B,2.0,7500000.0,,
STIKES TANAWALI TAKALAR,SULAWESI SELATAN,BAIK,1.0,7500000.0,,
INSTITUT PRIMA BANGSA,JAWA BARAT,B,2.0,7500000.0,,
UNIVERSITAS FAJAR,SULAWESI SELATAN,B,2.0,7500000.0,,
UNIVERSITAS COKROAMINOTO YOGYAKARTA,D.I. YOGYAKARTA,BAIK SEKALI,3.0,7500000.0,,
UNIVERSITAS LAMAPPAPOLEONRO,SULAWESI SELATAN,B,2.0,7500000.0,,
STIKES YAHYA BIMA,NUSA TENGGARA BARAT,BAIK,1.0,7500000.0,,
UNIVERSITAS ISLAM LAMONGAN,JAWA TIMUR,BAIK SEKALI,3.0,7500000.0,1.0,3.0
INSTITUT TEKNOLOGI DAN BISNIS KRISTEN BUKIT PENGHARAPAN,JAWA TENGAH,BAIK,1.0,7500000.0,,
SEKOLAH TINGGI ILMU ADMINISTRASI MALANG,JAWA TIMUR,BAIK,1.0,7500000.0,1.0,1.0
INSTITUT TEKNOLOGI DAN ILMU SOSIAL KHATULISTIWA,SUMATERA BARAT,B,2.0,7500000.0,,
SEKOLAH TINGGI ILMU EKONOMI MUHAMMADIYAH CILACAP,JAWA TENGAH,BAIK,1.0,7500000.0,,
SEKOLAH TINGGI ILMU HUKUM SOELTHAN M TSJAFIOEDDIN,KALIMANTAN BARAT,BAIK,1.0,7500000.0,,
SEKOLAH TINGGI ILMU KESEHATAN FITRAH ALDAR,SUMATERA SELATAN,BAIK,1.0,7500000.0,,
UNIVERSITAS PERSATUAN ISLAM,JAWA BARAT,BAIK SEKALI,3.0,7500000.0,,
SEKOLAH TINGGI ILMU KESEHATAN SALEWANGANG MAROS,SULAWESI SELATAN,BAIK SEKALI,3.0,7500000.0,,
UNIVERSITAS ABDURACHMAN SALEH SITUBONDO,JAWA TIMUR,B,2.0,7500000.0,1.0,3.0
UNIVERSITAS MUSI RAWAS,SUMATERA SELATAN,BAIK,1.0,7500000.0,,
STIPER SANTO THOMAS AQUINAS JAYAPURA,PAPUA,BAIK,1.0,7460000.0,,
SEKOLAH TINGGI PARIWISATA ARS INTERNASIONAL,JAWA BARAT,BAIK,1.0,7450000.0,,
UNIVERSITAS ANNUQAYAH,JAWA TIMUR,BAIK,1.0,7450000.0,1.0,1.0
UNIVERSITAS BOYOLALI,JAWA TENGAH,B,2.0,7450000.0,,
UNIVERSITAS PRIMA NUSANTARA BUKITTINGGI,SUMATERA BARAT,UNGGUL,5.0,7410000.0,,
UNIVERSITAS QUALITY,SUMATERA UTARA,BAIK,1.0,7400001.0,,
IKIP PGRI PONTIANAK,KALIMANTAN,B,2.0,7400000.0,,
STKIP MUHAMMADIYAH LUMAJANG,JAWA TIMUR,BAIK,1.0,3000000.0,1.0,1.0
UNIVERSITAS TRIATMA MULYA,BALI,BAIK SEKALI,3.0,7400000.0,,
UNIVERSITAS KH. A. WAHAB HASBULLAH,JAWA TIMUR,BAIK SEKALI,3.0,7400000.0,1.0,3.0
STMIK JAYAKARTA,DKI JAKARTA,BAIK,1.0,7400000.0,,
STKIP PGRI SIDOARJO,JAWA TIMUR,B,2.0,7400000.0,1.0,3.0
UNIVERSITAS MUHADI SETIABUDI,JAWA TENGAH,BAIK SEKALI,3.0,7351000.0,,
STISIP MARGARANA,BALI,BAIK,1.0,7350000.0,,
INSTITUT TEKNOLOGI STATISTIKA DAN BISNIS MUHAMMADIYAH SEMARANG,JAWA TENGAH,BAIK SEKALI,3.0,7350000.0,,
UNIVERSITAS MANGKU WIYATA,BANTEN,TIDAK TERAKREDITASI,0.0,7350000.0,,
UNIVERSITAS SUMATERA BARAT,SUMATERA BARAT,B,2.0,7350000.0,,
SEKOLAH TINGGI ILMU BISNIS KUMALA NUSA,D.I. YOGYAKARTA,BAIK,1.0,7340000.0,,
SEKOLAH TINGGI TEKNIK WIWOROTOMO,JAWA TENGAH,BAIK,1.0,7315000.0,,
SEKOLAH TINGGI ILMU EKONOMI KASIH BANGSA,DKI JAKARTA,BAIK,1.0,7300000.0,,
UNIVERSITAS PAMULANG,BANTEN,C,0.0,7300000.0,,
UNIVERSITAS ICHSAN GORONTALO,GORONTALO,B,2.0,7250000.0,,
STIH PUTRI MAHARAJA,SUMATERA BARAT,BAIK,1.0,7250000.0,,
UNIVERSITAS MAHENDRADATTA,BALI,BAIK SEKALI,3.0,7250000.0,,
STIKES MARANATHA KUPANG,NUSA TENGGARA TIMUR,BAIK,1.0,7200000.0,,
UNIVERSITAS YARSI PRATAMA,BANTEN,BAIK,1.0,7200000.0,,
STIKES PIALA SAKTI PARIAMAN,SUMATERA BARAT,BAIK,1.0,7200000.0,,
STMIK LOMBOK,NUSA TENGGARA BARAT,BAIK,1.0,7200000.0,,
INSTITUT SAINS DAN BISNIS INTERNASIONAL SINGKAWANG,KALIMANTAN BARAT,BAIK SEKALI,3.0,7190000.0,,
STMIK TRIGUNA DHARMA,SUMATERA UTARA,B,2.0,7136000.0,,
UNIVERSITAS NURUL HUDA,SUMATERA SELATAN,BAIK,1.0,7120000.0,,
SEKOLAH TINGGI PEMBANGUNAN MASYARAKAT SANTA URSULA,NUSA TENGGARA TIMUR,BAIK,1.0,7100000.0,,
UNIVERSITAS 17 AGUSTUS 1945 BANYUWANGI,JAWA TIMUR,BAIK SEKALI,3.0,7100000.0,1.0,3.0
STKIP VETERAN SIDRAP,SULAWESI SELATAN,BAIK,1.0,7100000.0,,
SEKOLAH TINGGI ILMU EKONOMI DHARMA BUMI PUTRA,DKI JAKARTA,BAIK,1.0,7075000.0,,
UNIVERSITAS TEKNOLOGI DIGITAL,JAWA BARAT,BAIK,1.0,8100000.0,,
UNIVERSITAS PENDIDIKAN MANDALIKA,NUSA TENGGARA BARAT,BAIK SEKALI,3.0,7050000.0,,
INSTITUT TEKNOLOGI DAN BISNIS ASIA MALANG,JAWA TIMUR,BAIK,1.0,7600000.0,1.0,1.0
SEKOLAH TINGGI ILMU HUKUM JENDERAL SUDIRMAN,JAWA TIMUR,BAIK SEKALI,3.0,7000000.0,1.0,3.0
INSTITUT TEKNOLOGI AL-MUHAJIRIN,JAWA BARAT,BAIK,1.0,7000000.0,,
SEKOLAH TINGGI ILMU HUKUM MANOKWARI,PAPUA BARAT,BAIK SEKALI,3.0,7000000.0,,
STIKES SAKINAH HUSADA TANJUNG BALAI,SUMATERA UTARA,BAIK,1.0,7000000.0,,
STKIP MUHAMMADIYAH ACEH BARAT DAYA,ACEH,BAIK,1.0,7000000.0,,
UNIVERSITAS HARAPAN MEDAN,SUMATERA UTARA,BAIK,1.0,7000000.0,,
SEKOLAH TINGGI ILMU KESEHATAN DARMO,SUMATERA UTARA,BAIK,1.0,7000000.0,,
UNIVERSITAS WASKITA DHARMA,JAWA TIMUR,BAIK,1.0,7000000.0,1.0,1.0
SEKOLAH TINGGI ILMU EKONOMI MUARA TEWEH,KALIMANTAN TENGAH,BAIK,1.0,7000000.0,,
SEKOLAH TINGGI ILMU HUKUM PROFESOR GAYUS LUMBUUN,DKI JAKARTA,BAIK SEKALI,3.0,7000000.0,,
UNIVERSITAS TRIDINANTI,SUMATERA SELATAN,B,2.0,7000000.0,,
UNIVERSITAS BILLFATH,JAWA TIMUR,BAIK,1.0,7000000.0,1.0,1.0
UNIVERSITAS ABDURACHMAN SALEH,JAWA TIMUR,B,2.0,7000000.0,1.0,3.0
UNIVERSITAS PERJUANGAN TASIKMALAYA,JAWA BARAT,BAIK,1.0,7000000.0,,
UNIVERSITAS MUHAMMADIYAH MAMUJU,SULAWESI BARAT,BAIK,1.0,7000000.0,,
STIKES NAULI HUSADA,SUMATERA UTARA,BAIK,1.0,7000000.0,,
UNIVERSITAS ISLAM MAKASSAR,SULAWESI SELATAN,B,2.0,7000000.0,,
SEKOLAH TINGGI ILMU EKONOMI SATYA DHARMA,BALI,BAIK,1.0,7000000.0,,
SEKOLAH TINGGI ILMU KESEHATAN SEHAT MEDAN,SUMATERA UTARA,BAIK,1.0,7000000.0,,
INSTITUT PENDIDIKAN DAN BAHASA INVADA,JAWA BARAT,B,2.0,7000000.0,,
SEKOLAH TINGGI ILMU HUKUM MIMIKA,PAPUA,BAIK,1.0,7000000.0,,
INSTITUT TEKNOLOGI KESEHATAN DAN SAINS WIYATA HUSADA SAMARINDA,KALIMANTAN TIMUR,BAIK SEKALI,3.0,7000000.0,,
SEKOLAH TINGGI ILMU EKONOMI PARIWISATA,SULAWESI UTARA,BAIK,1.0,7000000.0,,
SEKOLAH TINGGI ILMU KESEHATAN AR-RUM,JAWA TENGAH,BAIK,1.0,7000000.0,,
SEKOLAH TINGGI ILMU KOMUNIKASI PEMBANGUNAN,SUMATERA UTARA,BAIK,1.0,7000000.0,,
UNIVERSITAS PGRI MPU SINDOK,JAWA TIMUR,BAIK,1.0,7000000.0,1.0,1.0
UNIVERSITAS LANGLANG BUANA,JAWA BARAT,BAIK SEKALI,3.0,7000000.0,,
SEKOLAH TINGGI ILMU KESEHATAN COLUMBIA ASIA,SUMATERA UTARA,BAIK,1.0,6973500.0,,
SEKOLAH TINGGI ILMU ADMINISTRASI TABALONG,KALIMANTAN SELATAN,BAIK,1.0,6962500.0,,
UNIVERSITAS CENDEKIA MITRA INDONESIA,D.I. YOGYAKARTA,BAIK,1.0,6950000.0,,
UNIVERSITAS WIDYA GAMA MAHAKAM SAMARINDA,KALIMANTAN TIMUR,BAIK SEKALI,3.0,6950000.0,,
UNIVERSITAS PUTRA INDONESIA YPTK PADANG,SUMATERA BARAT,B,2.0,6950000.0,,
UNIVERSITAS MUHAMMADIYAH MADIUN,JAWA TIMUR,BAIK SEKALI,3.0,6950000.0,1.0,3.0
UNIVERSITAS KAHURIPAN KEDIRI,JAWA TIMUR,BAIK,1.0,6950000.0,1.0,1.0
SEKOLAH TINGGI ILMU KESEHATAN AN NUR HUSADA LAMPUNG UTARA,LAMPUNG,BAIK,1.0,6900000.0,,
SEKOLAH TINGGI ILMU KESEHATAN GRIYA HUSADA SURABAYA,JAWA TIMUR,BAIK,1.0,6900000.0,1.0,1.0
UNIVERSITAS MUHAMMADIYAH BOGOR RAYA,JAWA BARAT,BAIK SEKALI,3.0,6900000.0,,
UNIVERSITAS DHARMA AUB SURAKARTA,JAWA TENGAH,BAIK SEKALI,3.0,6900000.0,,
UNIVERSITAS NGURAH RAI,BALI,BAIK SEKALI,3.0,6900000.0,,
SEKOLAH TINGGI ILMU KESEHATAN MUHAMMADIYAH WONOSOBO,JAWA TENGAH,BAIK SEKALI,3.0,6900000.0,,
UNIVERSITAS MURNI TEGUH,SUMATERA UTARA,BAIK SEKALI,3.0,6890000.0,,
STMIK PELITA NUSANTARA,SUMATERA UTARA,BAIK SEKALI,3.0,6875000.0,,
STKIP BUDIDAYA,SUMATERA UTARA,BAIK,1.0,6860000.0,,
UNIVERSITAS NAHDLATUL ULAMA SURAKARTA,JAWA TENGAH,BAIK SEKALI,3.0,6820000.0,,
INSTITUT BUDI UTOMO NASIONAL,JAWA BARAT,BAIK,1.0,6810000.0,,
INSTITUT TEKNOLOGI DAN BISNIS PGRI DEWANTARA JOMBANG,JAWA TIMUR,BAIK SEKALI,3.0,6800000.0,1.0,3.0
SEKOLAH TINGGI ILMU EKONOMI KARYA,NUSA TENGGARA TIMUR,BAIK,1.0,6800000.0,,
UNIVERSITAS PRABUMULIH,SUMATERA SELATAN,BAIK,1.0,6800000.0,,
UNIVERSITAS MUHAMMADIYAH KENDAL BATANG,JAWA TENGAH,BAIK,1.0,6795000.0,,
UNIVERSITAS MIKROSKIL,SUMATERA UTARA,B,2.0,12500000.0,,
SEKOLAH TINGGI ILMU KESEHATAN MAHARANI,JAWA TIMUR,B,2.0,6750000.0,1.0,3.0
SEKOLAH TINGGI ILMU KOMUNIKASI,JAWA TIMUR,BAIK,1.0,6750000.0,1.0,1.0
SEKOLAH TINGGI ILMU EKONOMI RAGAM TUNAS,LAMPUNG,BAIK,1.0,6750000.0,,
SEKOLAH TINGGI ILMU KESEHATAN MITRA ADIGUNA,SUMATERA SELATAN,BAIK,1.0,6750000.0,,
SEKOLAH TINGGI ILMU HUKUM HABARING HURUNG SAMPIT,KALIMANTAN TENGAH,BAIK SEKALI,3.0,6750000.0,,
SEKOLAH TINGGI ILMU EKONOMI BII BEKASI,JAWA BARAT,BAIK,1.0,6710000.0,,
UNIVERSITAS WIRA BHAKTI,SULAWESI SELATAN,BAIK,1.0,6700000.0,,
UNIVERSITAS YPPI REMBANG,JAWA TENGAH,BAIK,1.0,7805000.0,,
SEKOLAH TINGGI ILMU EKONOMI PELITA HARAPAN NABIRE,PAPUA,BAIK,1.0,6640000.0,,
UNIVERSITAS NAHDLATUL ULAMA AL GHAZALI CILACAP,JAWA TENGAH,BAIK SEKALI,3.0,6630000.0,,
STIKES BUSTANUL ULUM LANGSA,ACEH,BAIK,1.0,6600000.0,,
UNIVERSITAS MAYJEN SUNGKONO,JAWA TIMUR,BAIK SEKALI,3.0,6600000.0,1.0,3.0
SEKOLAH TINGGI KEGURUAN DAN ILMU PENDIDIKAN MELAWI,KALIMANTAN BARAT,BAIK,1.0,6600000.0,,
UNIVERSITAS MUHAMMADIYAH BENGKULU,BENGKULU,B,2.0,6600000.0,,
UNIVERSITAS NAHDLATUL ULAMA LAMPUNG,LAMPUNG,BAIK,1.0,6600000.0,,
UNIVERSITAS MUHAMMADIYAH MAHAKARYA ACEH,ACEH,BAIK SEKALI,3.0,6600000.0,,
UNIVERSITAS MAYASARI BAKTI,JAWA BARAT,BAIK,1.0,6575000.0,,
UNIVERSITAS SEPULUH NOPEMBER PAPUA,PAPUA,BAIK,1.0,6562500.0,,
UNIVERSITAS PGRI PONTIANAK,KALIMANTAN BARAT,B,2.0,6560000.0,,
SEKOLAH TINGGI PENERBANGAN AVIASI,DKI JAKARTA,BAIK,1.0,6550000.0,,
UNIVERSITAS KRISTEN TEKNOLOGI SOLO,JAWA TENGAH,BAIK,1.0,6535000.0,,
UNIVERSITAS TIGA SERANGKAI,JAWA TENGAH,BAIK,1.0,6520000.0,,
INSTITUT BAKTI NUSANTARA,LAMPUNG,BAIK,1.0,6520000.0,,
UNIVERSITAS ICHSAN SATYA,BANTEN,BAIK,1.0,6515000.0,,
STIE PASIM SUKABUMI,JAWA BARAT,BAIK,1.0,4800000.0,,
UNIVERSITAS TAMANSISWA,SUMATERA BARAT,BAIK SEKALI,3.0,6500001.0,,
INSTITUT TEKNOLOGI DAN KESEHATAN SUMATERA UTARA,SUMATERA UTARA,BAIK,1.0,6500000.0,,
UNIVERSITAS NAHDLATUL ULAMA PURWOKERTO,JAWA TENGAH,BAIK,1.0,6500000.0,,
INSTITUT TEKNOLOGI PAGAR ALAM,SUMATERA SELATAN,BAIK,1.0,6500000.0,,
STMIK WIDYA CIPTA DHARMA,KALIMANTAN TIMUR,B,2.0,6500000.0,,
UNIVERSITAS MUHAMMADIYAH SAMPIT,KALIMANTAN TENGAH,BAIK SEKALI,3.0,6500000.0,,
SEKOLAH TINGGI BAHASA ASING TECHNOCRAT,BANTEN,BAIK,1.0,6500000.0,,
INSTITUT TEKNOLOGI DAN KESEHATAN TRI TUNAS NASIONAL,SULAWESI SELATAN,BAIK,1.0,6500000.0,,
UNIVERSITAS ISLAM MULIA YOGYAKARTA,D.I. YOGYAKARTA,BAIK,1.0,6500000.0,,
SEKOLAH TINGGI ILMU KESEHATAN RS BAPTIS KEDIRI,JAWA TIMUR,B,2.0,6500000.0,1.0,3.0
UNIVERSITAS MERDEKA MADIUN,JAWA TIMUR,B,2.0,6500000.0,1.0,3.0
SEKOLAH TINGGI ILMU EKONOMI KOPERASI MALANG,JAWA TIMUR,BAIK,1.0,6400000.0,1.0,1.0
SEKOLAH TINGGI ILMU KESEHATAN GUNUNG SARI,SULAWESI SELATAN,BAIK,1.0,6400000.0,,
INSTITUT TEKNOLOGI BISNIS DAN KESEHATAN BHAKTI PUTRA BANGSA INDONESIA,JAWA TENGAH,BAIK,1.0,6400000.0,,
UNIVERSITAS OSO,KALIMANTAN BARAT,BAIK,1.0,6400000.0,,
UNIVERSITAS DOKTOR HUSNI INGRATUBUN TUAL,MALUKU,BAIK,1.0,6400000.0,,
STKIP DARUD DA WAH WAL IRSYAD PINRANG,SULAWESI SELATAN,BAIK,1.0,6400000.0,,
UNIVERSITAS NGGUSUWARU,NUSA TENGGARA BARAT,BAIK,1.0,6400000.0,,
SEKOLAH TINGGI ILMU KESEHATAN INTAN MARTAPURA,KALIMANTAN SELATAN,BAIK,1.0,6400000.0,,
SEKOLAH TINGGI ILMU PERIKANAN MALANG,JAWA TIMUR,BAIK,1.0,6400000.0,1.0,1.0
STMIK BORNEO INTERNASIONAL,KALIMANTAN TIMUR,BAIK,1.0,6400000.0,,
UNIVERSITAS MANDIRI BINA PRESTASI,SUMATERA UTARA,BAIK,1.0,6400000.0,,
UNIVERSITAS ISLAM KEBANGSAAN INDONESIA,ACEH,BAIK,1.0,6400000.0,,
SEKOLAH TINGGI ILMU ADMINISTRASI PEMBANGUNAN,JAWA TIMUR,BAIK SEKALI,3.0,6400000.0,1.0,3.0
SEKOLAH TINGGI MANAJEMEN TRANSPORTASI MALAHAYATI,DKI JAKARTA,BAIK,1.0,6400000.0,,
UNIVERSITAS CAHAYA BANGSA,KALIMANTAN SELATAN,BAIK,1.0,6400000.0,,
STKIP DARUSSALAM CILACAP,JAWA TENGAH,BAIK,1.0,6400000.0,,
UNIVERSITAS SATU NUSA LAMPUNG,LAMPUNG,BAIK,1.0,6400000.0,,
STKIP AHLUSSUNNAH,SUMATERA BARAT,BAIK,1.0,6400000.0,,
SEKOLAH TINGGI ILMU EKONOMI TRI BHAKTI,JAWA BARAT,BAIK SEKALI,3.0,6400000.0,,
INSTITUT SAINS DAN BISNIS ATMA LUHUR,BANGKA BELITUNG,B,2.0,6400000.0,,
STIKES MARENDENG MAJENE,SULAWESI BARAT,BAIK,1.0,6400000.0,,
STKIP PARIS BARANTAI,KALIMANTAN SELATAN,BAIK,1.0,6400000.0,,
SEKOLAH TINGGI ILMU ADMINISTRASI SATYA NEGARA,SUMATERA SELATAN,BAIK SEKALI,3.0,6400000.0,,
SEKOLAH TINGGI ILMU EKONOMI NUSANTARA SANGATTA,KALIMANTAN TIMUR,BAIK,1.0,6400000.0,,
UNIVERSITAS MUHAMMADIYAH ENREKANG,SULAWESI SELATAN,BAIK SEKALI,3.0,6400000.0,,
SEKOLAH TINGGI ILMU EKONOMI HIDAYATULLAH DEPOK,JAWA BARAT,BAIK,1.0,6400000.0,,
STIKES ASSYIFA ACEH,ACEH,BAIK,1.0,6400000.0,,
STMIK PALANGKA RAYA,KALIMANTAN TENGAH,BAIK,1.0,6400000.0,,
UNIVERSITAS ISLAM KADIRI,JAWA TIMUR,B,2.0,6387500.0,1.0,3.0
UNIVERSITAS PANCASAKTI,SULAWESI SELATAN,BAIK,1.0,6350000.0,,
SEKOLAH TINGGI ILMU EKONOMI OEMATHONIS,NUSA TENGGARA TIMUR,BAIK,1.0,6350000.0,,
SEKOLAH TINGGI KEGURUAN DAN ILMU PENDIDIKAN CITRA BAKTI,NUSA TENGGARA TIMUR,BAIK,1.0,6320000.0,,
STKIP YPUP MAKASSAR,SULAWESI SELATAN,BAIK,1.0,6300000.0,,
SEKOLAH TINGGI ILMU HUKUM TAMBUN BUNGAI,KALIMANTAN TENGAH,BAIK,1.0,6300000.0,,
UNIVERSITAS SERAMBI MEKKAH,ACEH,BAIK,1.0,6300000.0,,
SEKOLAH TINGGI ILMU EKONOMI YPUP MAKASSAR,SULAWESI SELATAN,BAIK,1.0,6300000.0,,
UNIVERSITAS BINANIAGA INDONESIA,JAWA BARAT,BAIK,1.0,6275000.0,,
UNIVERSITAS PAWYATAN DAHA,JAWA TIMUR,BAIK,1.0,6275000.0,1.0,1.0
SEKOLAH TINGGI ILMU EKONOMI WIJAYA MULYA,JAWA TENGAH,BAIK,1.0,6270000.0,,
SEKOLAH TINGGI ILMU EKONOMI WIDYA MANGGALIA,JAWA TENGAH,BAIK,1.0,6270000.0,,
SEKOLAH TINGGI ILMU PERTANIAN BERAU,KALIMANTAN TIMUR,BAIK,1.0,6267000.0,,
INSTITUT TEKNOLOGI DAN BISNIS YADIKA PASURUAN,JAWA TIMUR,BAIK,1.0,6265000.0,1.0,1.0
INSTITUT TEKNOLOGI DAN BISNIS WIDYA GAMA LUMAJANG,JAWA TIMUR,BAIK,1.0,6250000.0,1.0,1.0
SEKOLAH TINGGI MARITIM YOGYAKARTA,D.I. YOGYAKARTA,TERAKREDITASI,0.0,6250000.0,,
STKIP HAMZAR,NUSA TENGGARA BARAT,BAIK,1.0,6250000.0,,
UNIVERSITAS BINA INSANI,JAWA BARAT,B,2.0,6250000.0,,
SEKOLAH TINGGI TEKNOLOGI WASTUKANCANA,JAWA BARAT,BAIK,1.0,6250000.0,,
UNIVERSITAS PEJUANG REPUBLIK INDONESIA,SULAWESI SELATAN,BAIK,1.0,6250000.0,,
SEKOLAH TINGGI ILMU EKONOMI EKA PRASETYA,SUMATERA UTARA,BAIK SEKALI,3.0,6250000.0,,
SEKOLAH TINGGI ILMU EKONOMI WIDYA WIWAHA,D.I. YOGYAKARTA,B,2.0,6250000.0,,
UNIVERSITAS NUSA NIPA,NUSA TENGGARA TIMUR,BAIK SEKALI,3.0,6220000.0,,
STKIP PGRI SAMPANG,JAWA TIMUR,BAIK,1.0,6215000.0,1.0,1.0
STMIK PROFESIONAL MAKASSAR,SULAWESI SELATAN,BAIK,1.0,6200000.0,,
UNIVERSITAS MUHAMMADIYAH BREBES,JAWA TENGAH,BAIK,1.0,6200000.0,,
UNIVERSITAS QOMARUDDIN,JAWA TIMUR,BAIK,1.0,6200000.0,1.0,1.0
SEKOLAH TINGGI ILMU KESEHATAN GUNUNG MARIA TOMOHON,SULAWESI UTARA,BAIK,1.0,6200000.0,,
SEKOLAH TINGGI ILMU HUKUM BIAK-PAPUA,PAPUA,BAIK SEKALI,3.0,6200000.0,,
UNIVERSITAS BHINNEKA PGRI,JAWA TIMUR,B,2.0,6175000.0,1.0,3.0
UNIVERSITAS BALI DWIPA,BALI,BAIK,1.0,12350000.0,,
UNIVERSITAS MUHAMMADIYAH TAPANULI SELATAN,SUMATERA UTARA,B,2.0,6166000.0,,
UNIVERSITAS BUMIGORA,NUSA TENGGARA BARAT,BAIK SEKALI,3.0,6160000.0,,
INSTITUT FILSAFAT DAN TEKNOLOGI KREATIF LEDALERO,NUSA TENGGARA TIMUR,B,2.0,6150000.0,,
STIKES MUHAMMADIYAH TEGAL,JAWA TENGAH,BAIK,1.0,6150000.0,,
SEKOLAH TINGGI MANAJEMEN INFORMATIKA DAN KOMPUTER MULIA DARMA,SUMATERA UTARA,BAIK,1.0,6150000.0,,
INSTITUT BISNIS DAN EKONOMI INDONESIA,KALIMANTAN BARAT,BAIK,1.0,6143000.0,,
IKIP PGRI WATES,D.I. YOGYAKARTA,BAIK SEKALI,3.0,6140000.0,,
UNIVERSITAS MUHAMMADIYAH JAMBI,JAMBI,BAIK SEKALI,3.0,6110000.0,,
UNIVERSITAS HAJI SUMATERA UTARA,SUMATERA UTARA,BAIK SEKALI,3.0,6100000.0,,
SEKOLAH TINGGI ILMU EKONOMI MULIA DARMA PRATAMA,SUMATERA SELATAN,BAIK,1.0,6100000.0,,
SEKOLAH TINGGI ILMU EKONOMI BOEDI OETOMO,KALIMANTAN BARAT,BAIK,1.0,6087000.0,,
STMIK IKMI CIREBON,JAWA BARAT,BAIK,1.0,6000000.0,,
SEKOLAH TINGGI SENI RUPA DAN DESAIN VISI INDONESIA,D.I. YOGYAKARTA,B,2.0,6050000.0,,
UNIVERSITAS MAJALENGKA,JAWA BARAT,B,2.0,6025000.0,,
UNIVERSITAS ADZKIA,SUMATERA BARAT,B,2.0,8300000.0,,
STKIP NASIONAL,SUMATERA BARAT,BAIK,1.0,6000000.0,,
UNIVERSITAS STELLA MARIS SUMBA,NUSA TENGGARA TIMUR,BAIK,1.0,6000000.0,,
SEKOLAH TINGGI ILMU EKONOMI PEMUDA,JAWA TIMUR,BAIK,1.0,6000000.0,1.0,1.0
STIKES WIDYA HUSADA MEDAN,SUMATERA UTARA,BAIK,1.0,6000000.0,,
STISIP GUNA NUSANTARA,JAWA BARAT,BAIK,1.0,6000000.0,,
UNIVERSITAS MUSLIM MAROS,SULAWESI SELATAN,BAIK SEKALI,3.0,6000000.0,,
UNIVERSITAS COKROAMINOTO MAKASSAR,SULAWESI SELATAN,BAIK SEKALI,3.0,6000000.0,,
UNIVERSITAS PASIFIK MOROTAI,MALUKU UTARA,BAIK,1.0,6000000.0,,
UNIVERSITAS ISKANDAR MUDA,ACEH,BAIK,1.0,6000000.0,,
UNIVERSITAS DARUSSALAM AMBON,MALUKU,BAIK SEKALI,3.0,6000000.0,,
SEKOLAH TINGGI ILMU HUKUM SUNAN GIRI,JAWA TIMUR,BAIK,1.0,6000000.0,1.0,1.0
UNIVERSITAS PEPABRI MAKASSAR,SULAWESI SELATAN,BAIK,1.0,6000000.0,,
SEKOLAH TINGGI ILMU KESEHATAN SENTRAL,SUMATERA UTARA,BAIK,1.0,6000000.0,,
UNIVERSITAS TEKNOLOGI SURABAYA,JAWA TIMUR,BAIK,1.0,6000000.0,1.0,1.0
UNIVERSITAS SIBER ASIA,DKI JAKARTA,BAIK SEKALI,3.0,6000000.0,,
STIKES MUHAMMADIYAH LHOKSEUMAWE,ACEH,BAIK,1.0,6000000.0,,
UNIVERSITAS DOKTOR HUSNI INGRATUBUN PAPUA,PAPUA,B,2.0,6000000.0,,
STIKES DARMAIS PADANGSIDIMPUAN,SUMATERA UTARA,BAIK,1.0,6000000.0,,
INSTITUT TEKNOLOGI ALBERTH FOENAY,NUSA TENGGARA TIMUR,BAIK,1.0,6000000.0,,
UNIVERSITAS NAHDLATUL ULAMA SIDOARJO,JAWA TIMUR,BAIK SEKALI,3.0,6000000.0,1.0,3.0
UNIVERSITAS W R SUPRATMAN,JAWA TIMUR,BAIK,1.0,6000000.0,1.0,1.0
SEKOLAH TINGGI TEKNOLOGI IMMANUEL,SUMATERA UTARA,BAIK,1.0,6000000.0,,
SEKOLAH TINGGI ILMU EKONOMI MARS,SUMATERA UTARA,BAIK,1.0,6000000.0,,
SEKOLAH TINGGI KEGURUAN DAN ILMU PENDIDIKAN BINA HARAPAN CELEBES,SULAWESI SELATAN,BAIK,1.0,6000000.0,,
UNIVERSITAS ISLAM RADEN RAHMAT,JAWA TIMUR,BAIK,1.0,6000000.0,1.0,1.0
UNIVERSITAS SOERJO,JAWA TIMUR,BAIK,1.0,6000000.0,1.0,1.0
STMIK KRISTEN NEUMANN INDONESIA,SUMATERA UTARA,BAIK,1.0,6000000.0,,
SEKOLAH TINGGI MANAJEMEN INFORMATIKA DAN KOMPUTER KALIREJO LAMPUNG,LAMPUNG,BAIK,1.0,6000000.0,,
UNIVERSITAS MUHAMMADIYAH BANTEN,BANTEN,BAIK,1.0,6000000.0,,
SEKOLAH TINGGI ILMU KESEHATAN SIHAT BEURATA BANDA ACEH,ACEH,BAIK,1.0,6000000.0,,
UNIVERSITAS KRISTEN INDONESIA TORAJA,SULAWESI SELATAN,BAIK,1.0,6000000.0,,
SEKOLAH TINGGI KEGURUAN DAN ILMU PENDIDIKAN MUHAMMADIYAH OKU TIMUR,SUMATERA SELATAN,BAIK,1.0,6000000.0,,
INSTITUT PERTANIAN MALANG,JAWA TIMUR,BAIK,1.0,6000000.0,1.0,1.0
SEKOLAH TINGGI ILMU EKONOMI SATRIA,JAWA TENGAH,BAIK,1.0,6000000.0,,
SEKOLAH TINGGI ILMU HUKUM AWANG LONG,KALIMANTAN TIMUR,BAIK SEKALI,3.0,6000000.0,,
UNIVERSITAS MUSLIM INDONESIA,SULAWESI SELATAN,UNGGUL,5.0,6000000.0,,
SEKOLAH TINGGI KEGURUAN DAN ILMU PENDIDIKAN NABIRE,PAPUA,BAIK,1.0,6000000.0,,
UNIVERSITAS PUANGRIMAGGALATUNG,SULAWESI SELATAN,BAIK SEKALI,3.0,6000000.0,,
UNIVERSITAS SUBANG,JAWA BARAT,BAIK SEKALI,3.0,6000000.0,,
SEKOLAH TINGGI ILMU EKONOMI BISMA LEPISI,JAWA BARAT,BAIK,1.0,6000000.0,,
SEKOLAH TINGGI TEKNOLOGI INDUSTRI DAN FARMASI BOGOR,JAWA BARAT,BAIK,1.0,6000000.0,,
SEKOLAH TINGGI ILMU EKONOMI BISNIS INDONESIA,DKI JAKARTA,BAIK,1.0,6000000.0,,
SEKOLAH TINGGI ILMU KESEHATAN FLORA,SUMATERA UTARA,BAIK,1.0,6000000.0,,
UNIVERSITAS BALE BANDUNG,JAWA BARAT,BAIK SEKALI,3.0,6000000.0,,
SEKOLAH TINGGI ILMU EKONOMI FAJAR,JAWA BARAT,BAIK,1.0,6000000.0,,
INSTITUT TEKNOLOGI DAN BISNIS CARNEGIE,SUMATERA UTARA,BAIK,1.0,6000000.0,,
SEKOLAH TINGGI ILMU EKONOMI NASIONAL BANJARMASIN,KALIMANTAN SELATAN,BAIK,1.0,5980000.0,,
SEKOLAH TINGGI ILMU EKONOMI GICI,JAWA BARAT,BAIK,1.0,5950000.0,,
UNIVERSITAS TOMAKAKA,SULAWESI BARAT,BAIK,1.0,5920000.0,,
SEKOLAH TINGGI ILMU EKONOMI CENDEKIA KARYA UTAMA,JAWA TENGAH,B,2.0,5900000.0,,
AMIK JABAL GHAFUR,ACEH,TIDAK TERAKREDITASI,0.0,5900000.0,,
SEKOLAH TINGGI ILMU KESEHATAN BALA KESELAMATAN PALU,SULAWESI TENGAH,BAIK,1.0,5900000.0,,
INSTITUT TEKNOLOGI KELING KUMANG,KALIMANTAN BARAT,BAIK,1.0,5900000.0,,
UNIVERSITAS TEKNOLOGI INDONESIA,BALI,BAIK,1.0,5900000.0,,
UNIVERSITAS MULIA,KALIMANTAN TIMUR,BAIK,1.0,5900000.0,,
SEKOLAH TINGGI ILMU EKONOMI MIFTAHUL HUDA,JAWA BARAT,BAIK,1.0,5900000.0,,
SEKOLAH TINGGI ILMU KESEHATAN MALAHAYATI MEDAN,SUMATERA UTARA,BAIK,1.0,5900000.0,,
SEKOLAH TINGGI ILMU KESEHATAN JABAL GHAFUR,ACEH,BAIK,1.0,5900000.0,,
UNIVERSITAS GAJAH PUTIH,ACEH,BAIK,1.0,5900000.0,,
SEKOLAH TINGGI TEKNOLOGI STIKMA INTERNASIONAL,JAWA TIMUR,BAIK,1.0,5900000.0,1.0,1.0
UNIVERSITAS NUSANTARA MANADO,SULAWESI UTARA,BAIK,1.0,5835000.0,,
UNIVERSITAS PELITA BANGSA,JAWA BARAT,BAIK,1.0,5800000.0,,
STIE MADANI BALIKPAPAN,KALIMANTAN TIMUR,BAIK,1.0,5800000.0,,
UNIVERSITAS BANDAR LAMPUNG,LAMPUNG,B,2.0,5800000.0,,
UNIVERSITAS KATOLIK INDONESIA SANTU PAULUS RUTENG,NUSA TENGGARA TIMUR,B,2.0,5800000.0,,
SEKOLAH TINGGI ILMU EKONOMI WIDYA GAMA,JAWA TIMUR,BAIK,1.0,5800000.0,1.0,1.0
UNIVERSITAS BINA SARANA INFORMATIKA,DKI JAKARTA,UNGGUL,5.0,5760000.0,,
STMIK BINA MULIA,SULAWESI TENGAH,BAIK,1.0,5750000.0,,
SEKOLAH TINGGI ILMU EKONOMI IBMT,JAWA TIMUR,BAIK,1.0,5750000.0,1.0,1.0
IKIP WIDYA DARMA,JAWA TIMUR,BAIK,1.0,5750000.0,1.0,1.0
SEKOLAH TINGGI ILMU EKONOMI PALANGKA RAYA,KALIMANTAN TENGAH,BAIK,1.0,5750000.0,,
STMIK PPKIA PRADNYA PARAMITA,JAWA TIMUR,B,2.0,5750000.0,1.0,3.0
UNIVERSITAS EKASAKTI,SUMATERA BARAT,B,2.0,5750000.0,,
SEKOLAH TINGGI ILMU KESEHATAN PANRITA HUSADA BULUKUMBA,SULAWESI SELATAN,BAIK,1.0,5750000.0,,
INSTITUT TEKNOLOGI DAN BISNIS SABDA SETIA,KALIMANTAN BARAT,BAIK,1.0,5750000.0,,
SEKOLAH TINGGI ILMU ADMINISTRASI AMUNTAI,KALIMANTAN SELATAN,BAIK SEKALI,3.0,5730000.0,,
UNIVERSITAS QUALITY BERASTAGI,SUMATERA UTARA,BAIK,1.0,5700000.0,,
SEKOLAH TINGGI MANAJEMEN INFORMATIKA DAN KOMPUTER PGRI ARUNGBINANG KEBUMEN,JAWA TENGAH,BAIK,1.0,5700000.0,,
STMIK KAPUTAMA,SUMATERA UTARA,B,2.0,5700000.0,,
UNIVERSITAS ISLAM JEMBER,JAWA TIMUR,BAIK,1.0,5700000.0,1.0,1.0
SEKOLAH TINGGI ILMU KESEHATAN KESEHATAN BARU,SUMATERA UTARA,BAIK,1.0,5700000.0,,
STKIP MUHAMMADIYAH BLORA,JAWA TENGAH,BAIK,1.0,5700000.0,,
UNIVERSITAS LABUHANBATU,SUMATERA UTARA,B,2.0,13500000.0,,
UNIVERSITAS KRISTEN PAPUA,PAPUA BARAT,BAIK,1.0,5625000.0,,
UNIVERSITAS MUHAMMADIYAH MAUMERE,NUSA TENGGARA TIMUR,BAIK,1.0,5610000.0,,
STKIP PGRI LUMAJANG,JAWA TIMUR,B,2.0,5600000.0,1.0,3.0
SEKOLAH TINGGI ILMU EKONOMI EBEN HAEZER MANADO,SULAWESI UTARA,BAIK,1.0,5600000.0,,
SEKOLAH TINGGI ILMU EKONOMI ISTI EKATANA UPAWEDA,D.I. YOGYAKARTA,BAIK,1.0,5600000.0,,
SEKOLAH TINGGI ILMU PERTANIAN MUJAHIDIN TOLI-TOLI,SULAWESI TENGAH,BAIK,1.0,5600000.0,,
UNIVERSITAS YAPIS PAPUA,PAPUA,TERAKREDITASI,0.0,5600000.0,,
UNIVERSITAS DEZTRON INDONESIA,SUMATERA UTARA,BAIK,1.0,5600000.0,,
SEKOLAH TINGGI ILMU PERTANIAN SRIWIGAMA,SUMATERA SELATAN,BAIK,1.0,5600000.0,,
UNIVERSITAS BUMI PERSADA,ACEH,BAIK,1.0,5600000.0,,
STIA ABDUL AZIS KATALOKA,MALUKU,BAIK,1.0,5568750.0,,
UNIVERSITAS ISLAM BATIK,JAWA TENGAH,B,2.0,5550000.0,,
UNIVERSITAS PANCA MARGA,JAWA TIMUR,BAIK,1.0,5550000.0,1.0,1.0
UNIVERSITAS DELI SUMATERA,SUMATERA UTARA,BAIK,1.0,5500000.0,,
UNIVERSITAS MUHAMMADIYAH BONE,SULAWESI SELATAN,BAIK SEKALI,3.0,5500000.0,,
SEKOLAH TINGGI ILMU KESEHATAN KARYA KESEHATAN,SULAWESI TENGGARA,BAIK,1.0,5500000.0,,
SEKOLAH TINGGI ILMU EKONOMI BINA KARYA,SUMATERA UTARA,B,2.0,5500000.0,,
SEKOLAH TINGGI ILMU EKONOMI BUDI PERTIWI,JAWA BARAT,BAIK,1.0,5500000.0,,
SEKOLAH TINGGI TEKNOLOGI PRATAMA ADI,JAWA BARAT,BAIK,1.0,5400000.0,,
INSTITUT TEKNOLOGI DAN BISNIS ARUNGPALAKKA,SULAWESI SELATAN,TIDAK TERAKREDITASI,0.0,5400000.0,,
UNIVERSITAS SAPTA MANDIRI,KALIMANTAN SELATAN,BAIK,1.0,5400000.0,,
UNIVERSITAS SJAKHYAKIRTI,SUMATERA SELATAN,B,2.0,5400000.0,,
UNIVERSITAS PGRI BANYUWANGI,JAWA TIMUR,BAIK,1.0,5400000.0,1.0,1.0
UNIVERSITAS MUHAMMADIYAH SINJAI,SULAWESI SELATAN,BAIK SEKALI,3.0,5400000.0,,
SEKOLAH TINGGI ILMU EKONOMI EKADHARMA INDONESIA,JAWA BARAT,BAIK,1.0,5400000.0,,
INSTITUT PENDIDIKAN TAPANULI SELATAN,SUMATERA UTARA,B,2.0,5373000.0,,
UNIVERSITAS KATOLIK WEETEBULA,NUSA TENGGARA TIMUR,BAIK SEKALI,3.0,5370000.0,,
STKIP ABDI WACANA WAMENA,PAPUA,BAIK,1.0,5350000.0,,
SEKOLAH TINGGI ILMU PEMERINTAHAN ABDI NEGARA,DKI JAKARTA,BAIK,1.0,5350000.0,,
SEKOLAH TINGGI ILMU EKONOMI JAYAKUSUMA,DKI JAKARTA,BAIK,1.0,5350000.0,,
UNIVERSITAS PANCASAKTI TEGAL,JAWA TENGAH,UNGGUL,5.0,5300000.0,,
UNIVERSITAS GRAHA KARYA MUARA BULIAN,JAMBI,BAIK,1.0,5300000.0,,
UNIVERSITAS MAHKOTA TRICOM UNGGUL,SUMATERA UTARA,TERAKREDITASI,0.0,5300000.0,,
UNIVERSITAS PGRI KALIMANTAN,KALIMANTAN SELATAN,B,2.0,5275000.0,,
UNIVERSITAS PIGNATELLI TRIPUTRA,JAWA TENGAH,BAIK,1.0,5250000.0,,
SEKOLAH TINGGI MANAJEMEN INFORMATIKA KOMPUTER UYELINDO KUPANG,NUSA TENGGARA TIMUR,B,2.0,5250000.0,,
SEKOLAH TINGGI ILMU ADMINISTRASI ADABIAH,SUMATERA BARAT,BAIK,1.0,5250000.0,,
UNIVERSITAS DUMOGA KOTAMOBAGU,SULAWESI UTARA,BAIK,1.0,5250000.0,,
AMIK MAPAN TANGERANG,BANTEN,BAIK,1.0,5250000.0,,
SEKOLAH TINGGI ILMU EKONOMI KESUMANEGARA,JAWA TIMUR,BAIK,1.0,5250000.0,1.0,1.0
UNIVERSITAS AL HIKMAH JEPARA,JAWA TENGAH,BAIK,1.0,5245000.0,,
UNIVERSITAS AL-KHAIRIYAH,BANTEN,BAIK,1.0,5235000.0,,
SEKOLAH TINGGI TEKNIK PATI,JAWA TENGAH,BAIK,1.0,5200000.0,,
UNIVERSITAS WERISAR,PAPUA BARAT,BAIK,1.0,5200000.0,,
UNIVERSITAS TEKNOLOGI SULAWESI,SULAWESI SELATAN,BAIK,1.0,5200000.0,,
UNIVERSITAS GUNUNG KIDUL,D.I. YOGYAKARTA,BAIK,1.0,5200000.0,,
SEKOLAH TINGGI MANAJEMEN INFORMATIKA DAN KOMPUTER AMIKOM SURAKARTA,JAWA TENGAH,BAIK,1.0,5160000.0,,
STKIP HERMON TIMIKA,PAPUA,BAIK,1.0,5160000.0,,
UNIVERSITAS SAINS ISLAM AL MAWADDAH WARRAHMAH KOLAKA,SULAWESI TENGGARA,BAIK,1.0,5160000.0,,
SEKOLAH TINGGI BAHASA ASING PRAYOGA,SUMATERA BARAT,BAIK,1.0,5150000.0,,
STMIK ANTAR BANGSA,BANTEN,BAIK,1.0,5100000.0,,
SEKOLAH TINGGI ILMU EKONOMI SURAKARTA,JAWA TENGAH,B,2.0,5100000.0,,
STKIP PELITA NUSANTARA BUTON,SULAWESI TENGGARA,BAIK,1.0,5100000.0,,
UNIVERSITAS TEKNOLOGI MATARAM,NUSA TENGGARA BARAT,BAIK SEKALI,3.0,5064000.0,,
SEKOLAH TINGGI FILSAFAT THEOLOGIA INDONESIA TIMUR,SULAWESI SELATAN,BAIK,1.0,5050000.0,,
AMIK PURNAMA NIAGA,JAWA BARAT,BAIK,1.0,5050000.0,,
INSTITUT TEKNOLOGI DAN BISNIS ADIAS,JAWA TENGAH,BAIK,1.0,5050000.0,,
APIKES IRIS,SUMATERA BARAT,BAIK,1.0,5050000.0,,
SEKOLAH TINGGI ILMU EKONOMI JAYA NEGARA TAMANSISWA,JAWA TIMUR,BAIK,1.0,5050000.0,1.0,1.0
UNIVERSITAS TRIBUANA KALABAHI,NUSA TENGGARA TIMUR,BAIK,1.0,5040000.0,,
UNIVERSITAS MERANGIN,JAMBI,BAIK SEKALI,3.0,5020000.0,,
SEKOLAH TINGGI KEGURUAN DAN ILMU PENDIDIKAN AL MAKSUM,SUMATERA UTARA,BAIK,1.0,5000000.0,,
UNIVERSITAS MUHAMMADIYAH PURWOREJO,JAWA TENGAH,B,2.0,5000000.0,,
SEKOLAH TINGGI ILMU EKONOMI OTTOW & GEISSLER SERUI,PAPUA,BAIK,1.0,5000000.0,,
INSTITUT BISNIS MUHAMMADIYAH BEKASI,JAWA BARAT,BAIK,1.0,5000000.0,,
SEKOLAH TINGGI TEKNOLOGI INFORMATIKA SONY SUGEMA,JAWA BARAT,BAIK,1.0,5000000.0,,
SEKOLAH TINGGI ILMU KESEHATAN BUDI MULIA,SULAWESI TENGGARA,BAIK,1.0,5000000.0,,
SEKOLAH TINGGI KEGURUAN DAN ILMU PENDIDIKAN SERAM RAYA,MALUKU,BAIK,1.0,5000000.0,,
SEKOLAH TINGGI ILMU EKONOMI YPHB,ACEH,BAIK,1.0,5000000.0,,
STKIP ISLAM SABILAL MUHTADIN BANJARMASIN,KALIMANTAN SELATAN,BAIK,1.0,5000000.0,,
SEKOLAH TINGGI ILMU EKONOMI AL-ANWAR,JAWA TIMUR,BAIK,1.0,5000000.0,1.0,1.0
UNIVERSITAS ARYASATYA DEO MURI,NUSA TENGGARA TIMUR,BAIK,1.0,5000000.0,,
STISIP SYAMSUL ULUM,JAWA BARAT,BAIK,1.0,5000000.0,,
SEKOLAH TINGGI ILMU EKONOMI AMA,JAWA TENGAH,BAIK,1.0,5000000.0,,
SEKOLAH TINGGI ILMU ADMINISTRASI ISKANDAR THANI,ACEH,BAIK,1.0,5000000.0,,
STISIP MERDEKA MANADO,SULAWESI UTARA,BAIK,1.0,5000000.0,,
UNIVERSITAS AISYIYAH YOGYAKARTA,D.I. YOGYAKARTA,UNGGUL,5.0,5000000.0,,
SEKOLAH TINGGI ILMU HUKUM AL-BANNA,ACEH,BAIK,1.0,5000000.0,,
UNIVERSITAS ASAHAN,SUMATERA UTARA,B,2.0,5000000.0,,
SEKOLAH TINGGI ILMU KOMPUTER 22 JANUARI KENDARI,SULAWESI TENGGARA,BAIK,1.0,5000000.0,,
INSTITUT KESEHATAN DAN BISNIS ST. FATIMAH MAMUJU,SULAWESI BARAT,BAIK,1.0,5000000.0,,
UNIVERSITAS DARUL MA`ARIF,JAWA BARAT,BAIK,1.0,5000000.0,,
SEKOLAH TINGGI ILMU EKONOMI INDONESIA MAKASSAR,SULAWESI SELATAN,BAIK,1.0,5000000.0,,
SEKOLAH TINGGI ILMU PERTANIAN YASHAFA,ACEH,BAIK,1.0,5000000.0,,
SEKOLAH TINGGI ILMU EKONOMI PIONER MANADO,SULAWESI UTARA,BAIK,1.0,5000000.0,,
UNIVERSITAS MA'SOEM,JAWA BARAT,BAIK,1.0,5000000.0,,
SEKOLAH TINGGI ILMU ADMINISTRASI PELITA NUSANTARA,ACEH,BAIK,1.0,5000000.0,,
INSTITUT RAHMANIYAH SEKAYU,SUMATERA SELATAN,BAIK,1.0,5000000.0,,
STKIP PARACENDEKIA N W SUMBAWA,NUSA TENGGARA BARAT,BAIK,1.0,5000000.0,,
INSTITUT SAINS DAN TEKNOLOGI ESA TRINITA,SULAWESI UTARA,BAIK,1.0,5000000.0,,
INSTITUT TEKNOLOGI DAN BISNIS NUSANTARA,LAMPUNG,BAIK,1.0,5000000.0,,
UNIVERSITAS MUSLIM BUTON,SULAWESI TENGGARA,BAIK,1.0,5000000.0,,
SEKOLAH TINGGI KEGURUAN DAN ILMU PENDIDIKAN KUMALA LAMPUNG METRO,LAMPUNG,BAIK,1.0,5000000.0,,
SEKOLAH TINGGI ILMU EKONOMI WIDYA PERSADA,DKI JAKARTA,BAIK,1.0,5000000.0,,
INSTITUT TEKNOLOGI DAN SAINS NAHDLATUL ULAMA KALIMANTAN,KALIMANTAN TENGAH,BAIK,1.0,5000000.0,,
SEKOLAH TINGGI ILMU PERTANIAN BELITANG,SUMATERA SELATAN,BAIK,1.0,5000000.0,,
STIKS TAMALANREA MAKASSAR,SULAWESI SELATAN,BAIK,1.0,5000000.0,,
STMIK METHODIST BINJAI,SUMATERA UTARA,BAIK,1.0,5000000.0,,
STMIK BINA PATRIA,JAWA TENGAH,BAIK,1.0,5000000.0,,
UNIVERSITAS MANDIRI,JAWA BARAT,BAIK,1.0,5000000.0,,
INSTITUT TEKNOLOGI DAN SAINS NAHDLATUL ULAMA SRIWIJAYA SUMATERA SELATAN,SUMATERA SELATAN,BAIK,1.0,5000000.0,,
UNIVERSITAS ISLAM SUMATERA BARAT,SUMATERA BARAT,BAIK,1.0,5000000.0,,
UNIVERSITAS MUHAMMADIYAH BERAU,KALIMANTAN TIMUR,BAIK SEKALI,3.0,5000000.0,,
INSTITUT TEKNOLOGI DAN BISNIS TUBAN,JAWA TIMUR,BAIK,1.0,5000000.0,1.0,1.0
SEKOLAH TINGGI ILMU EKONOMI PPI,BANTEN,B,2.0,4950000.0,,
SEKOLAH TINGGI ILMU EKONOMI SAMARINDA,KALIMANTAN TIMUR,BAIK,1.0,4950000.0,,
UNIVERSITAS SATYA WIYATA MANDALA,PAPUA,BAIK,1.0,4950000.0,,
AMIK TOMAKAKA,SULAWESI BARAT,BAIK,1.0,4920000.0,,
SEKOLAH TINGGI ILMU MARITIM INDONESIA TERNATE,MALUKU UTARA,BAIK,1.0,4900000.0,,
SEKOLAH TINGGI BISNIS RUNATA,BALI,BAIK,1.0,4900000.0,,
SEKOLAH TINGGI KEGURUAN DAN ILMU PENDIDIKAN PADANG LAWAS,SUMATERA UTARA,BAIK,1.0,4800000.0,,
UNIVERSITAS MA'ARIF NAHDLATUL ULAMA KEBUMEN,JAWA TENGAH,BAIK,1.0,4800000.0,,
SEKOLAH TINGGI ILMU EKONOMI KERTANEGARA,JAWA TIMUR,BAIK,1.0,4800000.0,1.0,1.0
STMIK SURYA INTAN,LAMPUNG,BAIK,1.0,4800000.0,,
STMIK MERCUSUAR,JAWA BARAT,BAIK,1.0,4800000.0,,
INSTITUT TEKNOLOGI DAN BISNIS BINA SRIWIJAYA PALEMBANG,SUMATERA SELATAN,BAIK,1.0,4800000.0,,
INSTITUT TEKNOLOGI BISNIS DAN KESEHATAN MUHAMMADIYAH MUNA BARAT,SULAWESI TENGGARA,BAIK,1.0,4800000.0,,
STMIK INDONESIA BANDA ACEH,ACEH,BAIK,1.0,4800000.0,,
SEKOLAH TINGGI ILMU EKONOMI AL-MADANI,LAMPUNG,BAIK,1.0,4800000.0,,
INSTITUT TEKNOLOGI DAN BISNIS MUHAMMADIYAH POLEWALI MANDAR,SULAWESI BARAT,BAIK,1.0,4800000.0,,
UNIVERSITAS KRISTEN TENTENA,SULAWESI TENGAH,BAIK,1.0,4800000.0,,
UNIVERSITAS SULTAN FATAH,JAWA TENGAH,BAIK,1.0,4800000.0,,
SEKOLAH TINGGI ILMU MANAJEMEN INDONESIA MEULABOH,ACEH,BAIK,1.0,4800000.0,,
SEKOLAH TINGGI ILMU EKONOMI PUTRA TIMOR,NUSA TENGGARA TIMUR,BAIK,1.0,4800000.0,,
AMIK TRI DHARMA PALU,SULAWESI TENGAH,BAIK,1.0,4800000.0,,
SEKOLAH TINGGI ILMU EKONOMI YASMI,JAWA BARAT,BAIK,1.0,4800000.0,,
SEKOLAH TINGGI TEKNOLOGI NUSANTARA INDONESIA,SULAWESI SELATAN,BAIK,1.0,4800000.0,,
AMIK BUMI NUSANTARA,JAWA BARAT,BAIK,1.0,4800000.0,,
SEKOLAH TINGGI ILMU EKONOMI YAPI BONE,SULAWESI SELATAN,BAIK,1.0,4800000.0,,
SEKOLAH TINGGI TEKNOLOGI TEXMACO,JAWA BARAT,BAIK,1.0,4800000.0,,
UNIVERSITAS ISLAM LABUHAN BATU,SUMATERA UTARA,BAIK,1.0,4800000.0,,
INSTITUT TEKNOLOGI DAN BISNIS BANTEN,BANTEN,BAIK,1.0,4800000.0,,
INSTITUT TEKNOLOGI DAN SAINS NAHDLATUL ULAMA JAMBI,JAMBI,BAIK,1.0,4800000.0,,
UNIVERSITAS MATHLA UL ANWAR,BANTEN,BAIK SEKALI,3.0,4800000.0,,
STISIP SAMUDERA INDONESIA SELATAN,JAWA BARAT,BAIK,1.0,4800000.0,,
UNIVERSITAS KARYA PERSADA MUNA,SULAWESI TENGGARA,BAIK,1.0,4800000.0,,
UNIVERSITAS NAHDLATUL ULAMA SUMATERA BARAT,SUMATERA BARAT,BAIK,1.0,4800000.0,,
UNIVERSITAS SIPATOKKONG MAMBO,SULAWESI SELATAN,BAIK,1.0,4800000.0,,
STMIK PGRI TANGERANG,BANTEN,BAIK,1.0,4800000.0,,
SEKOLAH TINGGI ILMU KEHUTANAN PANTE KULU,ACEH,BAIK,1.0,4800000.0,,
UNIVERSITAS PERWIRA PURBALINGGA,JAWA TENGAH,BAIK,1.0,4800000.0,,
INSTITUT TEKNOLOGI DAN SAINS NAHDLATUL ULAMA LAMPUNG,LAMPUNG,BAIK,1.0,4800000.0,,
STIE YA BANGKO,JAMBI,BAIK,1.0,4800000.0,,
STISIP BINA GENERASI POLEWALI,SULAWESI BARAT,BAIK,1.0,4800000.0,,
SEKOLAH TINGGI ILMU EKONOMI ANINDYAGUNA,JAWA TENGAH,BAIK,1.0,4800000.0,,
UNIVERSITAS SAINTEK MUHAMMADIYAH,DKI JAKARTA,BAIK,1.0,4800000.0,,
SEKOLAH TINGGI KEGURUAN DAN ILMU PENDIDIKAN SURYA KASIH,NUSA TENGGARA TIMUR,BAIK,1.0,4800000.0,,
SEKOLAH TINGGI BAHASA ASING PONTIANAK,KALIMANTAN BARAT,BAIK,1.0,4800000.0,,
SEKOLAH TINGGI ILMU EKONOMI SWASTA MANDIRI,JAWA TENGAH,BAIK,1.0,4800000.0,,
UNIVERSITAS GUNUNG RINJANI,NUSA TENGGARA BARAT,BAIK,1.0,4800000.0,,
SEKOLAH TINGGI ILMU EKONOMI DHARMA NASIONAL JEMBER,JAWA TIMUR,BAIK,1.0,4800000.0,1.0,1.0
UNIVERSITAS INDONESIA MANDIRI,LAMPUNG,BAIK,1.0,4800000.0,,
SEKOLAH TINGGI ILMU EKONOMI NASIONAL,NUSA TENGGARA BARAT,BAIK,1.0,4800000.0,,
SEKOLAH TINGGI ILMU ADMINISTRASI BAYUANGGA,JAWA TIMUR,BAIK,1.0,4800000.0,1.0,1.0
SEKOLAH TINGGI ILMU HUKUM ZAINUL HASAN,JAWA TIMUR,BAIK,1.0,4800000.0,1.0,1.0
AMIK DEPATI PARBO KERINCI,JAMBI,BAIK,1.0,4800000.0,,
STKIP USMAN SAFRI KUTACANE,ACEH,BAIK,1.0,4800000.0,,
SEKOLAH TINGGI KEGURUAN DAN ILMU PENDIDIKAN ABDUL MUJIB LAEWANG DAMPAL SELATAN,SULAWESI TENGAH,BAIK,1.0,4800000.0,,
STMIK TIDORE MANDIRI,MALUKU UTARA,BAIK,1.0,4800000.0,,
STKIP SINAR CENDEKIA,BANTEN,BAIK,1.0,4800000.0,,
STMIK SYAIKH ZAINUDDIN NAHDLATUL WATHAN,NUSA TENGGARA BARAT,BAIK,1.0,4800000.0,,
STKIP BABUNNAJAH PANDEGLANG,BANTEN,BAIK,1.0,4800000.0,,
INSTITUT TEKNOLOGI DAN BISNIS VISI NUSANTARA BOGOR,JAWA BARAT,BAIK,1.0,4800000.0,,
UNIVERSITAS NAHDLATUL ULAMA SUMATERA UTARA,SUMATERA UTARA,BAIK,1.0,4800000.0,,
SEKOLAH TINGGI ILMU MANAJEMEN PUBLIK MAKASSAR,SULAWESI SELATAN,TIDAK TERAKREDITASI,0.0,4800000.0,,
UNIVERSITAS DARUNNAJAH,DKI JAKARTA,BAIK,1.0,4800000.0,,
STKIP NAHDLATUL ULAMA KABUPATEN TEGAL,JAWA TENGAH,BAIK,1.0,4800000.0,,
SEKOLAH TINGGI TEKNOLOGI POMOSDA,JAWA TIMUR,BAIK,1.0,4800000.0,1.0,1.0
SEKOLAH TINGGI ILMU EKONOMI NUSANTARA MAKASSAR,SULAWESI SELATAN,BAIK,1.0,4800000.0,,
SEKOLAH TINGGI ILMU EKONOMI WIDYA DARMA KOTAMOBAGU,SULAWESI UTARA,BAIK,1.0,4800000.0,,
STMIK CITRA MANDIRI PADANGSIDIMPUAN,SUMATERA UTARA,BAIK,1.0,4800000.0,,
UNIVERSITAS WALLACEA,SULAWESI BARAT,BAIK,1.0,4800000.0,,
UNIVERSITAS UTPADAKA SWASTIKA,BANTEN,BAIK,1.0,4790000.0,,
INSTITUT TEKNOLOGI DAN BISNIS MUHAMMADIYAH GROBOGAN,JAWA TENGAH,BAIK,1.0,4750000.0,,
SEKOLAH TINGGI ILMU EKONOMI AMM,NUSA TENGGARA BARAT,BAIK,1.0,4700000.0,,
SEKOLAH TINGGI ILMU EKONOMI TRIANANDRA,DKI JAKARTA,BAIK,1.0,4700000.0,,
SEKOLAH TINGGI ILMU HUKUM CENDANA WANGI,NUSA TENGGARA TIMUR,BAIK,1.0,4700000.0,,
STMIK INDONESIA BANJARMASIN,KALIMANTAN SELATAN,BAIK,1.0,4668000.0,,
UNIVERSITAS IQRA BURU,MALUKU,BAIK,1.0,4650000.0,,
SEKOLAH TINGGI ILMU EKONOMI INDOCAKTI,JAWA TIMUR,BAIK,1.0,4650000.0,1.0,1.0
STIE WIDYASWARA INDONESIA,SUMATERA BARAT,BAIK,1.0,4600000.0,,
UNIVERSITAS MUHAMMADIYAH PARE-PARE,SULAWESI SELATAN,BAIK SEKALI,3.0,4600000.0,,
SEKOLAH TINGGI ILMU EKONOMI SBI,D.I. YOGYAKARTA,B,2.0,4565000.0,,
UNIVERSITAS MUHAMMADIYAH KLATEN,JAWA TENGAH,BAIK SEKALI,3.0,4550000.0,,
UNIVERSITAS BANTEN JAYA,BANTEN,BAIK,1.0,6800000.0,,
UNIVERSITAS PARNA RAYA,SULAWESI UTARA,BAIK,1.0,4540000.0,,
UNIVERSITAS NIAS,SUMATERA UTARA,BAIK,1.0,4500000.0,,
SEKOLAH TINGGI ILMU EKONOMI PARIPURNA,JAWA BARAT,BAIK,1.0,4500000.0,,
UNIVERSITAS BONDOWOSO,JAWA TIMUR,BAIK,1.0,4500000.0,1.0,1.0
STKIP MAJENANG,JAWA TENGAH,BAIK,1.0,4500000.0,,
SEKOLAH TINGGI ILMU KESEHATAN ARJUNA,SUMATERA UTARA,BAIK,1.0,4500000.0,,
SEKOLAH TINGGI ILMU EKONOMI AMKOP MAKASSAR,SULAWESI SELATAN,BAIK SEKALI,3.0,4500000.0,,
STIKES LAKIPADADA,SULAWESI SELATAN,BAIK,1.0,4500000.0,,
UNIVERSITAS ROYAL,SUMATERA UTARA,B,2.0,4500000.0,,
SEKOLAH TINGGI ILMU EKONOMI NASIONAL SAMARINDA,KALIMANTAN TIMUR,BAIK,1.0,4500000.0,,
SEKOLAH TINGGI KEGURUAN DAN ILMU PENDIDIKAN AL-AMIN INDRAMAYU,JAWA BARAT,BAIK,1.0,4500000.0,,
INSTITUT TEKNOLOGI DAN BISNIS MUHAMMADIYAH SAROLANGUN,JAMBI,BAIK,1.0,4500000.0,,
UNIVERSITAS AUFA ROYHAN,SUMATERA UTARA,B,2.0,4500000.0,,
UNIVERSITAS MUHAMMADIYAH BANGKA BELITUNG,BANGKA BELITUNG,BAIK SEKALI,3.0,4480000.0,,
SEKOLAH TINGGI ILMU EKONOMI IGI,DKI JAKARTA,BAIK,1.0,4450000.0,,
SEKOLAH TINGGI TEKNIK BARAMULI,SULAWESI SELATAN,BAIK,1.0,4450000.0,,
INSTITUT TEKNOLOGI DAN PENDIDIKAN MARKANDEYA BALI,BALI,BAIK,1.0,4432000.0,,
UNIVERSITAS NURUL HASANAH KUTACANE,ACEH,BAIK,1.0,4400000.0,,
SEKOLAH TINGGI TEKNOLOGI SAPTA TARUNA,DKI JAKARTA,BAIK,1.0,4400000.0,,
UNIVERSITAS ACHMAD YANI BANJARMASIN,KALIMANTAN SELATAN,B,2.0,4400000.0,,
UNIVERSITAS KRISTEN ARTHA WACANA,NUSA TENGGARA TIMUR,B,2.0,4400000.0,,
SEKOLAH TINGGI ILMU ADMINISTRASI TRINITAS,MALUKU,BAIK,1.0,4400000.0,,
UNIVERSITAS DR. DJAR WATTIHELUW,MALUKU,BAIK,1.0,4400000.0,,
STIA BINA NUSANTARA MANDIRI PARIAMAN,SUMATERA BARAT,BAIK,1.0,4400000.0,,
STIE IBMI MEDAN,SUMATERA UTARA,BAIK,1.0,4400000.0,,
UNIVERSITAS FAMIKA,SULAWESI SELATAN,BAIK,1.0,4400000.0,,
INSTITUT TEKNOLOGI DAN KESEHATAN PERMATA ILMU MAROS,SULAWESI SELATAN,BAIK,1.0,4400000.0,,
SEKOLAH TINGGI ILMU EKONOMI KRAKATAU,LAMPUNG,BAIK,1.0,4350000.0,,
UNIVERSITAS SUMATERA SELATAN,SUMATERA SELATAN,BAIK,1.0,4350000.0,,
UNIVERSITAS CIPASUNG TASIKMALAYA,JAWA BARAT,BAIK,1.0,4340000.0,,
STMIK CATUR SAKTI KENDARI,SULAWESI TENGGARA,BAIK,1.0,4300000.0,,
STMIK MASA DEPAN,BANTEN,BAIK,1.0,4300000.0,,
SEKOLAH TINGGI ILMU EKONOMI MULIA SINGKAWANG,KALIMANTAN BARAT,BAIK,1.0,4250006.0,,
UNIVERSITAS MUHAMMADIYAH MALUKU,MALUKU,BAIK,1.0,4250000.0,,
AKPER MAPPA OUDANG MAKASSAR,SULAWESI SELATAN,BAIK,1.0,4250000.0,,
UNIVERSITAS ALWASHLIYAH,SUMATERA UTARA,BAIK SEKALI,3.0,4250000.0,,
UNIVERSITAS GALUH CIAMIS,JAWA BARAT,B,2.0,4250000.0,,
UNIVERSITAS WIDYA MATARAM,D.I. YOGYAKARTA,B,2.0,4250000.0,,
UNIVERSITAS DARUL  ULUM,JAWA TIMUR,B,2.0,4250000.0,1.0,3.0
INSTITUT TEKNOLOGI BISNIS DAN ADMINISTRASI AL GAZALI BARRU,SULAWESI SELATAN,BAIK,1.0,4225000.0,,
UNIVERSITAS AL ASYARIAH MANDAR,SULAWESI BARAT,BAIK SEKALI,3.0,4219925.0,,
AKPER PUTRA PERTIWI WATANSOPPENG,SULAWESI SELATAN,BAIK,1.0,4200000.0,,
STKIP SITUS BANTEN DI SERANG,BANTEN,BAIK,1.0,4200000.0,,
UNIVERSITAS PATOMPO,SULAWESI SELATAN,BAIK,1.0,4200000.0,,
UNIVERSITAS 45 MATARAM,NUSA TENGGARA BARAT,BAIK,1.0,4200000.0,,
SEKOLAH TINGGI ILMU ADMINISTRASI LANGGUR,MALUKU,BAIK,1.0,4200000.0,,
INSTITUT SAINS DAN KEPENDIDIKAN KIE RAHA MALUKU UTARA,MALUKU UTARA,BAIK,1.0,4150000.0,,
UNIVERSITAS TULUNGAGUNG,JAWA TIMUR,B,2.0,4100000.0,1.0,3.0
SEKOLAH TINGGI ILMU ADMINISTRASI MENARA SISWA,JAWA BARAT,B,2.0,4100000.0,,
UNIVERSITAS SELAMAT SRI,JAWA TENGAH,BAIK,1.0,4075000.0,,
UNIVERSITAS NAHDLATUL ULAMA CIREBON,JAWA BARAT,BAIK,1.0,4000146.0,,
SEKOLAH TINGGI TEKNIK ATLAS NUSANTARA,MALUKU UTARA,BAIK,1.0,4000000.0,,
SEKOLAH TINGGI ILMU EKONOMI PELITA NUSANTARA,JAWA TENGAH,B,2.0,4000000.0,,
UNIVERSITAS NANI BILI NUSANTARA,PAPUA BARAT,BAIK,1.0,4000000.0,,
SEKOLAH TINGGI ILMU PERTANIAN PETRA BALIEM WAMENA,PAPUA,BAIK,1.0,4000000.0,,
UNIVERSITAS ABDUL AZIS LAMADJIDO,SULAWESI TENGAH,BAIK,1.0,4000000.0,,
UNIVERSITAS PENDIDIKAN MUHAMMADIYAH SORONG,PAPUA BARAT,B,2.0,4000000.0,,
SEKOLAH TINGGI TEKNOLOGI NASIONAL,D.I. YOGYAKARTA,BAIK,1.0,4000000.0,,
SEKOLAH TINGGI ILMU EKONOMI TRI DHARMA NUSANTARA,SULAWESI SELATAN,BAIK,1.0,4000000.0,,
UNIVERSITAS ANTAKUSUMA,KALIMANTAN TENGAH,BAIK,1.0,4000000.0,,
STIKES BHAKTI PERTIWI LUWU RAYA,SULAWESI SELATAN,BAIK,1.0,4000000.0,,
UNIVERSITAS DIAN NUSWANTORO,JAWA TENGAH,A,4.0,4000000.0,,
UNIVERSITAS TRINITA,SULAWESI UTARA,BAIK,1.0,4000000.0,,
STIE OTTOW & GEISSLER FAK-FAK,PAPUA BARAT,BAIK,1.0,4000000.0,,
STISIP IMAM BONJOL,SUMATERA BARAT,BAIK,1.0,4000000.0,,
STKIP HUNIMUA,MALUKU,BAIK,1.0,4000000.0,,
UNIVERSITAS MUHAMMADIYAH ASAHAN,SUMATERA UTARA,BAIK,1.0,4000000.0,,
UNIVERSITAS PROKLAMASI 45,D.I. YOGYAKARTA,B,2.0,4000000.0,,
STIE YBPK PALANGKA RAYA,KALIMANTAN TENGAH,BAIK,1.0,4000000.0,,
INSTITUT KESEHATAN DAN TEKNOLOGI GRAHA MEDIKA,SULAWESI UTARA,BAIK,1.0,4000000.0,,
SEKOLAH TINGGI KESENIAN WILWATIKTA,JAWA TIMUR,BAIK SEKALI,3.0,3950000.0,1.0,3.0
SEKOLAH TINGGI ILMU PERTANIAN YAPI BONE,SULAWESI SELATAN,BAIK,1.0,3900000.0,,
INSTITUT TEKNOLOGI DAN BISNIS DINIYYAH LAMPUNG,LAMPUNG,BAIK,1.0,6707500.0,,
UNIVERSITAS LA TANSA MASHIRO,BANTEN,BAIK,1.0,3900000.0,,
SEKOLAH TINGGI ILMU EKONOMI KUALA KAPUAS,KALIMANTAN TENGAH,TIDAK TERAKREDITASI,0.0,3900000.0,,
UNIVERSITAS LUMAJANG,JAWA TIMUR,BAIK,1.0,3900000.0,1.0,1.0
SEKOLAH TINGGI FILSAFAT SEMINARI PINELENG,SULAWESI UTARA,B,2.0,3870000.0,,
UNIVERSITAS PANJI SAKTI SINGARAJA,BALI,BAIK,1.0,3855000.0,,
UNIVERSITAS PERADABAN,JAWA TENGAH,BAIK,1.0,3800000.0,,
SEKOLAH TINGGI ILMU EKONOMI BUKIT ZAITUN SORONG,PAPUA BARAT,BAIK,1.0,3800000.0,,
UNIVERSITAS SISINGAMANGARAJA XII TAPANULI UTARA,SUMATERA UTARA,B,2.0,3750000.0,,
UNIVERSITAS NAHDLATUL ULAMA BLITAR,JAWA TIMUR,BAIK SEKALI,3.0,3750000.0,1.0,3.0
STKIP PANGERAN ANTASARI,SUMATERA UTARA,BAIK,1.0,3700000.0,,
INSTITUT ILMU KESEHATAN PELAMONIA KESDAM XIV/ HASANUDDIN,SULAWESI SELATAN,B,2.0,3700000.0,,
UNIVERSITAS INSAN CENDEKIA MANDIRI,JAWA BARAT,BAIK,1.0,3700000.0,,
STKIP MUHAMMADIYAH SUNGAI PENUH,JAMBI,BAIK,1.0,3700000.0,,
SEKOLAH TINGGI ILMU ADMINISTRASI MADANI,JAWA TENGAH,BAIK,1.0,3692500.0,,
STISIPOL YALEKA MARO,PAPUA,BAIK,1.0,3650000.0,,
SEKOLAH TINGGI ILMU PERTANIAN AMUNTAI,KALIMANTAN SELATAN,BAIK,1.0,3650000.0,,
UNIVERSITAS PAT PETULAI,BENGKULU,BAIK,1.0,6350000.0,,
SEKOLAH TINGGI ILMU MARITIM MEGA BUANA,SULAWESI BARAT,BAIK,1.0,3600000.0,,
AMIK CITRA BUANA INDONESIA,JAWA BARAT,BAIK,1.0,3600000.0,,
SEKOLAH TINGGI ILMU KESEHATAN DATU KAMANRE,SULAWESI SELATAN,BAIK,1.0,3600000.0,,
STKIP AL AMIN DOMPU,NUSA TENGGARA BARAT,BAIK,1.0,3600000.0,,
STITEK DHARMA YADI MAKASSAR,SULAWESI SELATAN,BAIK,1.0,3600000.0,,
SEKOLAH TINGGI PARIWISATA  SOROMANDI BIMA,NUSA TENGGARA BARAT,BAIK,1.0,3500082.0,,
INSTITUT PENDIDIKAN SOE,NUSA TENGGARA TIMUR,BAIK,1.0,9075000.0,,
SEKOLAH TINGGI KEGURUAN DAN ILMU PENDIDIKAN TANJUNGPURA,KALIMANTAN BARAT,BAIK,1.0,3500000.0,,
STIKES BATARAGURU SOROAKA,SULAWESI SELATAN,BAIK,1.0,3500000.0,,
SEKOLAH TINGGI ILMU EKONOMI YAPMAN MAJENE,SULAWESI BARAT,BAIK,1.0,3500000.0,,
STMIK KREATINDO MANOKWARI,PAPUA BARAT,BAIK,1.0,3500000.0,,
SEKOLAH TINGGI PERIKANAN SIBOLGA,SUMATERA UTARA,BAIK,1.0,3500000.0,,
STKIP NUSA TIMOR,NUSA TENGGARA TIMUR,BAIK,1.0,3500000.0,,
STMIK AKI PATI,JAWA TENGAH,BAIK,1.0,3500000.0,,
SEKOLAH TINGGI ILMU EKONOMI BPKP,DKI JAKARTA,BAIK,1.0,3498000.0,,
INSTITUT TEKNOLOGI SOSIAL DAN KESEHATAN MUHAMMADIYAH SELONG,NUSA TENGGARA BARAT,BAIK,1.0,3400000.0,,
AMIK PARBINA NUSANTARA,SUMATERA UTARA,BAIK,1.0,3400000.0,,
UNIVERSITAS WIRAHUSADA MEDAN,SUMATERA UTARA,BAIK,1.0,3300000.0,,
INSTITUT TEKNOLOGI SAINS DAN BISNIS MUHAMMADIYAH SELAYAR,SULAWESI SELATAN,BAIK,1.0,3300000.0,,
SEKOLAH TINGGI TEKNOLOGI CAHAYA SURYA,JAWA TIMUR,BAIK,1.0,3300000.0,1.0,1.0
IKIP PGRI KALTIM,KALIMANTAN TIMUR,B,2.0,3275000.0,,
INSTITUT TURATEA INDONESIA,SULAWESI SELATAN,BAIK SEKALI,3.0,3250000.0,,
UNIVERSITAS TEKNOLOGI NUSANTARA,JAWA BARAT,BAIK,1.0,8750000.0,,
STKIP SEBELAS APRIL,JAWA BARAT,BAIK,1.0,3200000.0,,
SEKOLAH TINGGI ILMU EKONOMI WIDYA MANGGALA,JAWA TENGAH,BAIK SEKALI,3.0,3200000.0,,
SEKOLAH TINGGI MANAJEMEN INFORMATIKA DAN KOMPUTER AMIKA SOPPENG,SULAWESI SELATAN,BAIK,1.0,3200000.0,,
INSTITUT TEKNOLOGI DAN BISNIS BINA ADINATA,SULAWESI SELATAN,BAIK,1.0,3177500.0,,
STKIP MODERN NGAWI,JAWA TIMUR,BAIK,1.0,3150000.0,1.0,1.0
SEKOLAH TINGGI KEGURUAN DAN ILMU PENDIDIKAN AN-NUR NANGGROE ACEH DARUSSALAM,ACEH,BAIK,1.0,3150000.0,,
STKIP ITA WOTU NUSA,MALUKU,BAIK,1.0,3100000.0,,
UNIVERSITAS PERSATUAN GURU 1945 NTT,NUSA TENGGARA TIMUR,BAIK,1.0,3002112.0,,
SEKOLAH TINGGI ILMU SOSIAL TEMINABUAN,PAPUA BARAT,TIDAK TERAKREDITASI,0.0,3000000.0,,
SEKOLAH TINGGI ILMU EKONOMI PASUNDAN,JAWA BARAT,BAIK SEKALI,3.0,3000000.0,,
SEKOLAH TINGGI ILMU MANAJEMEN BUDI BAKTI,JAWA BARAT,BAIK,1.0,3000000.0,,
INSTITUT TEKNOLOGI PERTANIAN,SULAWESI SELATAN,BAIK,1.0,3000000.0,,
SEKOLAH TINGGI ILMU ADMINISTRASI DARUL RACHMAN TUAL,MALUKU,BAIK,1.0,3000000.0,,
SEKOLAH TINGGI ILMU ADMINISTRASI YAPPI,SULAWESI SELATAN,BAIK,1.0,3000000.0,,
INSTITUT TEKNOLOGI DAN SAINS NAHDLATUL ULAMA PADANGSIDIMPUAN,SUMATERA UTARA,BAIK,1.0,3000000.0,,
SEKOLAH TINGGI ILMU ADMINISTRASI ABDUL HARIS,SULAWESI SELATAN,BAIK,1.0,3000000.0,,
STIKES NAMIRA MADINA,SUMATERA UTARA,BAIK,1.0,3000000.0,,
UNIVERSITAS POHUWATO,GORONTALO,BAIK,1.0,3000000.0,,
UNIVERSITAS MAHAKARYA ASIA,D.I. YOGYAKARTA,BAIK,1.0,2990000.0,,
AMIK BUKITTINGGI,SUMATERA BARAT,BAIK,1.0,8300000.0,,
UNIVERSITAS BANTEN,BANTEN,BAIK,1.0,2900000.0,,
SEKOLAH TINGGI ILMU KESEHATAN KAMUS ARUNIKA,SULAWESI SELATAN,BAIK,1.0,2900000.0,,
STKIP HARAPAN BIMA,NUSA TENGGARA BARAT,BAIK,1.0,2800000.0,,
AMIK PANCA BHAKTI,KALIMANTAN BARAT,TIDAK TERAKREDITASI,0.0,2800000.0,,
INSTITUT MEKONGGA,SULAWESI TENGGARA,BAIK,1.0,2777000.0,,
STKIP SIMBIOSIS,NUSA TENGGARA TIMUR,BAIK,1.0,2750000.0,,
STKIP PGRI SITUBONDO,JAWA TIMUR,BAIK,1.0,2750000.0,1.0,1.0
SEKOLAH TINGGI ILMU EKONOMI RAJAWALI,JAWA TENGAH,BAIK,1.0,2700000.0,,
STKIP WIDYASWARA INDONESIA,SUMATERA BARAT,BAIK,1.0,2700000.0,,
UNIVERSITAS BUMI HIJRAH TIDORE,MALUKU UTARA,BAIK,1.0,2700000.0,,
STIKES GRIYA HUSADA SUMBAWA,NUSA TENGGARA BARAT,BAIK,1.0,2640000.0,,
INSTITUT TEKNOLOGI MUHAMMADIYAH SUMATERA,SUMATERA SELATAN,BAIK,1.0,2640000.0,,
INSTITUT TEKNOLOGI MOJOSARI,JAWA TIMUR,BAIK,1.0,2640000.0,1.0,1.0
SEKOLAH TINGGI ILMU EKONOMI EL HAKIM,SUMATERA BARAT,BAIK,1.0,2640000.0,,
UNIVERSITAS LELEMUKU SAUMLAKI,MALUKU,BAIK,1.0,2640000.0,,
INSTITUT BATARI TOJA BONE,SULAWESI SELATAN,TERAKREDITASI,0.0,2630000.0,,
STIE BAKTI BANGSA,JAWA TIMUR,BAIK,1.0,2600000.0,1.0,1.0
STMIK WIDYA UTAMA,JAWA TENGAH,BAIK,1.0,2600000.0,,
UNIVERSITAS PALEMBANG,SUMATERA SELATAN,BAIK SEKALI,3.0,2500000.0,,
SEKOLAH TINGGI TEKNOLOGI INDUSTRI BONTANG,KALIMANTAN TIMUR,BAIK,1.0,2400132.0,,
SEKOLAH TINGGI ILMU EKONOMI IEU,JAWA TIMUR,BAIK,1.0,2400000.0,1.0,1.0
UNIVERSITAS GRAHA NUSANTARA,SUMATERA UTARA,B,2.0,2400000.0,,
SEKOLAH TINGGI ILMU EKONOMI BIMA,NUSA TENGGARA BARAT,BAIK,1.0,2350000.0,,
UNIVERSITAS SIBER MUHAMMADIYAH,D.I. YOGYAKARTA,BAIK,1.0,2340000.0,,
SEKOLAH TINGGI PERIKANAN DAN KELAUTAN PALU,SULAWESI TENGAH,BAIK,1.0,2300000.0,,
UNIVERSITAS NAHDLATUL ULAMA MALUKU UTARA,MALUKU UTARA,BAIK,1.0,6600000.0,,
UNIVERSITAS NUKU,MALUKU UTARA,BAIK,1.0,2250000.0,,
SEKOLAH TINGGI TEKNOLOGI CIPASUNG,JAWA BARAT,BAIK,1.0,2250000.0,,
INSTITUT TEKNOLOGI DAN BISNIS MUHAMMADIYAH WAKATOBI,SULAWESI TENGGARA,BAIK,1.0,2189999.0,,
UNIVERSITAS NIAS RAYA,SUMATERA UTARA,BAIK SEKALI,3.0,2150000.0,,
INSTITUT TEKNOLOGI KELAUTAN BUTON,SULAWESI TENGGARA,BAIK,1.0,2000000.0,,
STKIP PANCAKARYA,JAWA BARAT,BAIK,1.0,2000000.0,,
SEKOLAH TINGGI ILMU HUKUM GRAHA KIRANA,SUMATERA UTARA,BAIK,1.0,2000000.0,,
SEKOLAH TINGGI TEKNOLOGI INDONESIA,JAWA BARAT,BAIK,1.0,2000000.0,,
SEKOLAH TINGGI MANAJEMEN IMMI,DKI JAKARTA,BAIK SEKALI,3.0,1900000.0,,
SEKOLAH TINGGI KEGURUAN DAN ILMU PENDIDIKAN PERSADA EVAV TUAL,MALUKU,BAIK,1.0,1826000.0,,
UNIVERSITAS PUTRA BANGSA,JAWA TENGAH,BAIK SEKALI,3.0,10100000.0,,
UNIVERSITAS MUHAMMADIYAH BIMA,NUSA TENGGARA BARAT,BAIK,1.0,1800000.0,,
SEKOLAH TINGGI MANAJEMEN INFORMATIKA DAN KOMPUTER JAKARTA STI&K,DKI JAKARTA,B,2.0,1750000.0,,
SEKOLAH TINGGI KEGURUAN DAN ILMU PENDIDIKAN NUUWAR,PAPUA BARAT,BAIK,1.0,1650000.0,,
SEKOLAH TINGGI HUKUM GALUNGGUNG,JAWA BARAT,B,2.0,1500000.0,,
INSTITUT TEKNOLOGI DAN KESEHATAN ASPIRASI,NUSA TENGGARA BARAT,BAIK,1.0,1500000.0,,
SEKOLAH TINGGI ILMU ADMINISTRASI MAULANA YUSUF BANTEN,BANTEN,BAIK,1.0,1200000.0,,
STKIP BINA INSAN MANDIRI,JAWA TIMUR,B,2.0,1200000.0,1.0,3.0
UNIVERSITAS PRIMAGRAHA,BANTEN,BAIK,1.0,1100000.0,,
SEKOLAH TINGGI ILMU EKONOMI DARUL FALAH,JAWA TIMUR,BAIK,1.0,900000.0,1.0,1.0
UNIVERSITAS BAKTI TUNAS HUSADA,JAWA BARAT,TERAKREDITASI,0.0,900000.0,,
INSTITUT TEKNOLOGI DAN BISNIS KARYA PEMBANGUNAN PAPUA,PAPUA,BAIK,1.0,800000.0,,
UNIVERSITAS AMIR HAMZAH,SUMATERA UTARA,BAIK,1.0,12350000.0,,
STISIP BANTEN RAYA,BANTEN,BAIK,1.0,300000.0,,
STKIP MUHAMMADIYAH KALABAHI,NUSA TENGGARA TIMUR,BAIK SEKALI,3.0,200000.0,,
UNIVERSITAS BANI SALEH,JAWA BARAT,BAIK SEKALI,3.0,25450000.0,,
STKIP AGAMA HINDU AMLAPURA,BALI,BAIK,1.0,6290000.0,,
UNIVERSITAS NURUL JADID,JAWA TIMUR,BAIK SEKALI,3.0,14100000.0,1.0,3.0
SEKOLAH TINGGI ILMU KOMPUTER YOS SUDARSO,JAWA TENGAH,BAIK,1.0,11965000.0,,
UNIVERSITAS MUHAMMADIYAH SIDOARJO,JAWA TIMUR,B,2.0,48525000.0,1.0,3.0
