institution_code,institution_name,province,prodi_normalized,campus_accreditation,average_yearly_fee,cluster_label,link
186,UNIVERSITAS MUHAMMADIYAH YOGYAKARTA,DI YOGYAKARTA,AGRIBISNIS,A,27000000.0,DI YOGYAKARTA | Ekonomi & Bisnis | Mahal (20-50jt) | Unggul / A,https://campus.quipper.com/directory/universitas-muhammadiyah-yogyakarta
186,UNIVERSITAS MUHAMMADIYAH YOGYAKARTA,DI YOGYAKARTA,AKUNTANSI,A,27000000.0,DI YOGYAKARTA | Ekonomi & Bisnis | Mahal (20-50jt) | Unggul / A,https://campus.quipper.com/directory/universitas-muhammadiyah-yogyakarta
186,UNIVERSITAS MUHAMMADIYAH YOGYAKARTA,DI YOGYAKARTA,EKONOMI PEMBANGUNAN,A,27000000.0,DI YOGYAKARTA | Ekonomi & Bisnis | Mahal (20-50jt) | Unggul / A,https://campus.quipper.com/directory/universitas-muhammadiyah-yogyakarta
186,UNIVERSITAS MUHAMMADIYAH YOGYAKARTA,DI YOGYAKARTA,MANAJEMEN,A,27000000.0,DI YOGYAKARTA | Ekonomi & Bisnis | Mahal (20-50jt) | Unggul / A,https://campus.quipper.com/directory/universitas-muhammadiyah-yogyakarta
210,UNIVERSITAS ISLAM INDONESIA,DI YOGYAKARTA,AKUNTANSI,A,25000000.0,DI YOGYAKARTA | Ekonomi & Bisnis | Mahal (20-50jt) | Unggul / A,https://campus.quipper.com/directory/universitas-islam-indonesia
210,UNIVERSITAS ISLAM INDONESIA,DI YOGYAKARTA,EKONOMI,A,25000000.0,DI YOGYAKARTA | Ekonomi & Bisnis | Mahal (20-50jt) | Unggul / A,https://campus.quipper.com/directory/universitas-islam-indonesia
210,UNIVERSITAS ISLAM INDONESIA,DI YOGYAKARTA,EKONOMI PEMBANGUNAN,A,25000000.0,DI YOGYAKARTA | Ekonomi & Bisnis | Mahal (20-50jt) | Unggul / A,https://campus.quipper.com/directory/universitas-islam-indonesia
210,UNIVERSITAS ISLAM INDONESIA,DI YOGYAKARTA,MANAJEMEN,A,25000000.0,DI YOGYAKARTA | Ekonomi & Bisnis | Mahal (20-50jt) | Unggul / A,https://campus.quipper.com/directory/universitas-islam-indonesia
529,UNIVERSITAS JENDERAL ACHMAD YANI YOGYAKARTA,DI YOGYAKARTA,AKUNTANSI,BAIK,19000000.0,DI YOGYAKARTA | Ekonomi & Bisnis | Menengah (10-20jt) | Baik Sekali / B,-
529,UNIVERSITAS JENDERAL ACHMAD YANI YOGYAKARTA,DI YOGYAKARTA,MANAJEMEN,BAIK,19000000.0,DI YOGYAKARTA | Ekonomi & Bisnis | Menengah (10-20jt) | Baik Sekali / B,-
312,UNIVERSITAS SANATA DHARMA,DI YOGYAKARTA,AKUNTANSI,B,18925000.0,DI YOGYAKARTA | Ekonomi & Bisnis | Menengah (10-20jt) | Baik Sekali / B,https://campus.quipper.com/directory/universitas-sanata-dharma
312,UNIVERSITAS SANATA DHARMA,DI YOGYAKARTA,EKONOMI,A,18925000.0,DI YOGYAKARTA | Ekonomi & Bisnis | Menengah (10-20jt) | Unggul / A,https://campus.quipper.com/directory/universitas-sanata-dharma
312,UNIVERSITAS SANATA DHARMA,DI YOGYAKARTA,MANAJEMEN,B,18925000.0,DI YOGYAKARTA | Ekonomi & Bisnis | Menengah (10-20jt) | Baik Sekali / B,https://campus.quipper.com/directory/universitas-sanata-dharma
331,UNIVERSITAS ATMA JAYA YOGYAKARTA,DI YOGYAKARTA,AKUNTANSI,A,18000000.0,DI YOGYAKARTA | Ekonomi & Bisnis | Menengah (10-20jt) | Unggul / A,https://campus.quipper.com/directory/universitas-atma-jaya-yogyakarta
331,UNIVERSITAS ATMA JAYA YOGYAKARTA,DI YOGYAKARTA,EKONOMI PEMBANGUNAN,A,18000000.0,DI YOGYAKARTA | Ekonomi & Bisnis | Menengah (10-20jt) | Unggul / A,https://campus.quipper.com/directory/universitas-atma-jaya-yogyakarta
331,UNIVERSITAS ATMA JAYA YOGYAKARTA,DI YOGYAKARTA,MANAJEMEN,A,18000000.0,DI YOGYAKARTA | Ekonomi & Bisnis | Menengah (10-20jt) | Unggul / A,https://campus.quipper.com/directory/universitas-atma-jaya-yogyakarta
331,UNIVERSITAS ATMA JAYA YOGYAKARTA,DI YOGYAKARTA,MANAJEMEN BISNIS INTERNASIONAL,A,18000000.0,DI YOGYAKARTA | Ekonomi & Bisnis | Menengah (10-20jt) | Unggul / A,https://campus.quipper.com/directory/universitas-atma-jaya-yogyakarta
335,SEKOLAH TINGGI ILMU KESEHATAN BETHESDA YAKKUM,DI YOGYAKARTA,ADMINISTRASI RUMAH SAKIT,BAIK,17995000.0,DI YOGYAKARTA | Ekonomi & Bisnis | Menengah (10-20jt) | Baik Sekali / B,-
339,UNIVERSITAS RESPATI YOGYAKARTA,DI YOGYAKARTA,AKUNTANSI,B,17800000.0,DI YOGYAKARTA | Ekonomi & Bisnis | Menengah (10-20jt) | Baik Sekali / B,https://rencanamu.id/cari-kampus/universitas-respati-yogyakarta
378,UNIVERSITAS AHMAD DAHLAN,DI YOGYAKARTA,AKUNTANSI,B,16000000.0,DI YOGYAKARTA | Ekonomi & Bisnis | Menengah (10-20jt) | Baik Sekali / B,https://campus.quipper.com/directory/universitas-ahmad-dahlan
378,UNIVERSITAS AHMAD DAHLAN,DI YOGYAKARTA,EKONOMI PEMBANGUNAN,B,16000000.0,DI YOGYAKARTA | Ekonomi & Bisnis | Menengah (10-20jt) | Baik Sekali / B,https://campus.quipper.com/directory/universitas-ahmad-dahlan
378,UNIVERSITAS AHMAD DAHLAN,DI YOGYAKARTA,MANAJEMEN,B,16000000.0,DI YOGYAKARTA | Ekonomi & Bisnis | Menengah (10-20jt) | Baik Sekali / B,https://campus.quipper.com/directory/universitas-ahmad-dahlan
376,UNIVERSITAS KRISTEN DUTA WACANA,DI YOGYAKARTA,AKUNTANSI,B,16000000.0,DI YOGYAKARTA | Ekonomi & Bisnis | Menengah (10-20jt) | Baik Sekali / B,https://campus.quipper.com/directory/universitas-kristen-duta-wacana
376,UNIVERSITAS KRISTEN DUTA WACANA,DI YOGYAKARTA,MANAJEMEN,B,16000000.0,DI YOGYAKARTA | Ekonomi & Bisnis | Menengah (10-20jt) | Baik Sekali / B,https://campus.quipper.com/directory/universitas-kristen-duta-wacana
425,UNIVERSITAS SARJANAWIYATA TAMANSISWA,DI YOGYAKARTA,AGRIBISNIS,B,14430003.0,DI YOGYAKARTA | Ekonomi & Bisnis | Menengah (10-20jt) | Baik Sekali / B,https://campus.quipper.com/directory/universitas-sarjanawiyata-tamansiswa
425,UNIVERSITAS SARJANAWIYATA TAMANSISWA,DI YOGYAKARTA,AKUNTANSI,A,14430003.0,DI YOGYAKARTA | Ekonomi & Bisnis | Menengah (10-20jt) | Unggul / A,https://campus.quipper.com/directory/universitas-sarjanawiyata-tamansiswa
425,UNIVERSITAS SARJANAWIYATA TAMANSISWA,DI YOGYAKARTA,MANAJEMEN,A,14430003.0,DI YOGYAKARTA | Ekonomi & Bisnis | Menengah (10-20jt) | Unggul / A,https://campus.quipper.com/directory/universitas-sarjanawiyata-tamansiswa
443,SEKOLAH TINGGI ILMU EKONOMI YKPN,DI YOGYAKARTA,AKUNTANSI,A,14000000.0,DI YOGYAKARTA | Ekonomi & Bisnis | Menengah (10-20jt) | Unggul / A,https://campus.quipper.com/directory/sekolah-tinggi-ilmu-ekonomi-ykpn
443,SEKOLAH TINGGI ILMU EKONOMI YKPN,DI YOGYAKARTA,BISNIS DIGITAL,BAIK SEKALI,14000000.0,DI YOGYAKARTA | Ekonomi & Bisnis | Menengah (10-20jt) | Baik Sekali / B,https://campus.quipper.com/directory/sekolah-tinggi-ilmu-ekonomi-ykpn
443,SEKOLAH TINGGI ILMU EKONOMI YKPN,DI YOGYAKARTA,MANAJEMEN,A,14000000.0,DI YOGYAKARTA | Ekonomi & Bisnis | Menengah (10-20jt) | Unggul / A,https://campus.quipper.com/directory/sekolah-tinggi-ilmu-ekonomi-ykpn
463,UNIVERSITAS KRISTEN IMMANUEL,DI YOGYAKARTA,MANAJEMEN,B,13575923.0,DI YOGYAKARTA | Ekonomi & Bisnis | Menengah (10-20jt) | Baik Sekali / B,-
518,UNIVERSITAS TEKNOLOGI YOGYAKARTA,DI YOGYAKARTA,AKUNTANSI,A,12200000.0,DI YOGYAKARTA | Ekonomi & Bisnis | Menengah (10-20jt) | Unggul / A,https://rencanamu.id/cari-kampus/universitas-teknologi-yogyakarta
518,UNIVERSITAS TEKNOLOGI YOGYAKARTA,DI YOGYAKARTA,MANAJEMEN,A,12200000.0,DI YOGYAKARTA | Ekonomi & Bisnis | Menengah (10-20jt) | Unggul / A,https://rencanamu.id/cari-kampus/universitas-teknologi-yogyakarta
525,UNIVERSITAS PGRI YOGYAKARTA,DI YOGYAKARTA,AKUNTANSI,B,12100000.0,DI YOGYAKARTA | Ekonomi & Bisnis | Menengah (10-20jt) | Baik Sekali / B,https://rencanamu.id/cari-kampus/universitas-pgri-yogyakarta
525,UNIVERSITAS PGRI YOGYAKARTA,DI YOGYAKARTA,MANAJEMEN,A,12100000.0,DI YOGYAKARTA | Ekonomi & Bisnis | Menengah (10-20jt) | Unggul / A,https://rencanamu.id/cari-kampus/universitas-pgri-yogyakarta
543,UNIVERSITAS NAHDLATUL ULAMA YOGYAKARTA,DI YOGYAKARTA,AGRIBISNIS,BAIK,12000000.0,DI YOGYAKARTA | Ekonomi & Bisnis | Menengah (10-20jt) | Baik Sekali / B,-
543,UNIVERSITAS NAHDLATUL ULAMA YOGYAKARTA,DI YOGYAKARTA,AKUNTANSI,BAIK SEKALI,12000000.0,DI YOGYAKARTA | Ekonomi & Bisnis | Menengah (10-20jt) | Baik Sekali / B,-
543,UNIVERSITAS NAHDLATUL ULAMA YOGYAKARTA,DI YOGYAKARTA,MANAJEMEN,BAIK,12000000.0,DI YOGYAKARTA | Ekonomi & Bisnis | Menengah (10-20jt) | Baik Sekali / B,-
554,UNIVERSITAS TEKNOLOGI DIGITAL INDONESIA,DI YOGYAKARTA,BISNIS DIGITAL,BAIK SEKALI,11669000.0,DI YOGYAKARTA | Ekonomi & Bisnis | Menengah (10-20jt) | Baik Sekali / B,-
554,UNIVERSITAS TEKNOLOGI DIGITAL INDONESIA,DI YOGYAKARTA,MANAJEMEN RITEL,BAIK,11669000.0,DI YOGYAKARTA | Ekonomi & Bisnis | Menengah (10-20jt) | Baik Sekali / B,-
605,UNIVERSITAS AKPRIND INDONESIA,DI YOGYAKARTA,BISNIS DIGITAL,BAIK SEKALI,10630000.0,DI YOGYAKARTA | Ekonomi & Bisnis | Menengah (10-20jt) | Baik Sekali / B,-
605,UNIVERSITAS AKPRIND INDONESIA,DI YOGYAKARTA,MANAJEMEN RITEL,BAIK,10630000.0,DI YOGYAKARTA | Ekonomi & Bisnis | Menengah (10-20jt) | Baik Sekali / B,-
620,INSTITUT PERTANIAN STIPER,DI YOGYAKARTA,AGRIBISNIS,A,10356250.0,DI YOGYAKARTA | Ekonomi & Bisnis | Menengah (10-20jt) | Unggul / A,https://campus.quipper.com/directory/institut-pertanian-stiper
624,UNIVERSITAS AMIKOM YOGYAKARTA,DI YOGYAKARTA,AKUNTANSI,BAIK SEKALI,10300000.0,DI YOGYAKARTA | Ekonomi & Bisnis | Menengah (10-20jt) | Baik Sekali / B,https://campus.quipper.com/directory/universitas-amikom-yogyakarta
624,UNIVERSITAS AMIKOM YOGYAKARTA,DI YOGYAKARTA,EKONOMI,BAIK SEKALI,10300000.0,DI YOGYAKARTA | Ekonomi & Bisnis | Menengah (10-20jt) | Baik Sekali / B,https://campus.quipper.com/directory/universitas-amikom-yogyakarta
624,UNIVERSITAS AMIKOM YOGYAKARTA,DI YOGYAKARTA,KEWIRAUSAHAAN,BAIK SEKALI,10300000.0,DI YOGYAKARTA | Ekonomi & Bisnis | Menengah (10-20jt) | Baik Sekali / B,https://campus.quipper.com/directory/universitas-amikom-yogyakarta
652,SEKOLAH TINGGI ILMU EKONOMI YKP,DI YOGYAKARTA,AKUNTANSI,BAIK,9990000.0,DI YOGYAKARTA | Ekonomi & Bisnis | Terjangkau (5-10jt) | Baik Sekali / B,-
652,SEKOLAH TINGGI ILMU EKONOMI YKP,DI YOGYAKARTA,MANAJEMEN,BAIK SEKALI,9990000.0,DI YOGYAKARTA | Ekonomi & Bisnis | Terjangkau (5-10jt) | Baik Sekali / B,-
666,UNIVERSITAS JANABADRA,DI YOGYAKARTA,AGRIBISNIS,A,9700000.0,DI YOGYAKARTA | Ekonomi & Bisnis | Terjangkau (5-10jt) | Baik Sekali / B,https://campus.quipper.com/directory/universitas-janabadra
666,UNIVERSITAS JANABADRA,DI YOGYAKARTA,AKUNTANSI,B,9700000.0,DI YOGYAKARTA | Ekonomi & Bisnis | Terjangkau (5-10jt) | Baik Sekali / B,https://campus.quipper.com/directory/universitas-janabadra
666,UNIVERSITAS JANABADRA,DI YOGYAKARTA,EKONOMI,B,9700000.0,DI YOGYAKARTA | Ekonomi & Bisnis | Terjangkau (5-10jt) | Baik Sekali / B,https://campus.quipper.com/directory/universitas-janabadra
666,UNIVERSITAS JANABADRA,DI YOGYAKARTA,EKONOMI PEMBANGUNAN,B,9700000.0,DI YOGYAKARTA | Ekonomi & Bisnis | Terjangkau (5-10jt) | Baik Sekali / B,https://campus.quipper.com/directory/universitas-janabadra
666,UNIVERSITAS JANABADRA,DI YOGYAKARTA,MANAJEMEN,B,9700000.0,DI YOGYAKARTA | Ekonomi & Bisnis | Terjangkau (5-10jt) | Baik Sekali / B,https://campus.quipper.com/directory/universitas-janabadra
773,SEKOLAH TINGGI ILMU MANAJEMEN YKPN YOGYAKARTA,DI YOGYAKARTA,MANAJEMEN,BAIK SEKALI,8300000.0,DI YOGYAKARTA | Ekonomi & Bisnis | Terjangkau (5-10jt) | Baik Sekali / B,-
799,UNIVERSITAS ALMA ATA,DI YOGYAKARTA,ADMINISTRASI RUMAH SAKIT,B,8000000.0,DI YOGYAKARTA | Ekonomi & Bisnis | Terjangkau (5-10jt) | Baik Sekali / B,https://campus.quipper.com/directory/universitas-alma-ata
867,UNIVERSITAS COKROAMINOTO YOGYAKARTA,DI YOGYAKARTA,AKUNTANSI,BAIK,7500000.0,DI YOGYAKARTA | Ekonomi & Bisnis | Terjangkau (5-10jt) | Baik Sekali / B,https://campus.quipper.com/directory/universitas-cokroaminoto-yogyakarta
867,UNIVERSITAS COKROAMINOTO YOGYAKARTA,DI YOGYAKARTA,MANAJEMEN,BAIK,7500000.0,DI YOGYAKARTA | Ekonomi & Bisnis | Terjangkau (5-10jt) | Baik Sekali / B,https://campus.quipper.com/directory/universitas-cokroaminoto-yogyakarta
898,SEKOLAH TINGGI ILMU BISNIS KUMALA NUSA,DI YOGYAKARTA,MANAJEMEN RITEL,BAIK,7340000.0,DI YOGYAKARTA | Ekonomi & Bisnis | Terjangkau (5-10jt) | Baik Sekali / B,-
948,UNIVERSITAS CENDEKIA MITRA INDONESIA,DI YOGYAKARTA,MANAJEMEN,BAIK SEKALI,6950000.0,DI YOGYAKARTA | Ekonomi & Bisnis | Terjangkau (5-10jt) | Baik Sekali / B,-
1054,SEKOLAH TINGGI ILMU EKONOMI WIDYA WIWAHA,DI YOGYAKARTA,AKUNTANSI,BAIK SEKALI,6250000.0,DI YOGYAKARTA | Ekonomi & Bisnis | Terjangkau (5-10jt) | Baik Sekali / B,https://campus.quipper.com/directory/sekolah-tinggi-ilmu-ekonomi-widya-wiwaha
1054,SEKOLAH TINGGI ILMU EKONOMI WIDYA WIWAHA,DI YOGYAKARTA,EKONOMI,B,6250000.0,DI YOGYAKARTA | Ekonomi & Bisnis | Terjangkau (5-10jt) | Baik Sekali / B,https://campus.quipper.com/directory/sekolah-tinggi-ilmu-ekonomi-widya-wiwaha
1054,SEKOLAH TINGGI ILMU EKONOMI WIDYA WIWAHA,DI YOGYAKARTA,MANAJEMEN,BAIK SEKALI,6250000.0,DI YOGYAKARTA | Ekonomi & Bisnis | Terjangkau (5-10jt) | Baik Sekali / B,https://campus.quipper.com/directory/sekolah-tinggi-ilmu-ekonomi-widya-wiwaha
1166,SEKOLAH TINGGI ILMU EKONOMI ISTI EKATANA UPAWEDA,DI YOGYAKARTA,MANAJEMEN,BAIK,5600000.0,DI YOGYAKARTA | Ekonomi & Bisnis | Terjangkau (5-10jt) | Baik Sekali / B,-
1207,UNIVERSITAS GUNUNG KIDUL,DI YOGYAKARTA,EKONOMI PEMBANGUNAN,BAIK,5200000.0,DI YOGYAKARTA | Ekonomi & Bisnis | Terjangkau (5-10jt) | Baik Sekali / B,-
1238,UNIVERSITAS AISYIYAH YOGYAKARTA,DI YOGYAKARTA,AKUNTANSI,BAIK SEKALI,5000000.0,DI YOGYAKARTA | Ekonomi & Bisnis | Terjangkau (5-10jt) | Baik Sekali / B,-
1478,UNIVERSITAS MAHAKARYA ASIA,DI YOGYAKARTA,AKUNTANSI,B,2990000.0,DI YOGYAKARTA | Ekonomi & Bisnis | Hemat (<5jt) | Baik Sekali / B,-
1478,UNIVERSITAS MAHAKARYA ASIA,DI YOGYAKARTA,BISNIS,BAIK,2990000.0,DI YOGYAKARTA | Ekonomi & Bisnis | Hemat (<5jt) | Baik Sekali / B,-
1478,UNIVERSITAS MAHAKARYA ASIA,DI YOGYAKARTA,KEWIRAUSAHAAN,BAIK,2990000.0,DI YOGYAKARTA | Ekonomi & Bisnis | Hemat (<5jt) | Baik Sekali / B,-
1478,UNIVERSITAS MAHAKARYA ASIA,DI YOGYAKARTA,MANAJEMEN,B,2990000.0,DI YOGYAKARTA | Ekonomi & Bisnis | Hemat (<5jt) | Baik Sekali / B,-
186,UNIVERSITAS MUHAMMADIYAH YOGYAKARTA,DI YOGYAKARTA,FARMASI,B,27000000.0,DI YOGYAKARTA | Kesehatan | Mahal (20-50jt) | Baik Sekali / B,https://campus.quipper.com/directory/universitas-muhammadiyah-yogyakarta
186,UNIVERSITAS MUHAMMADIYAH YOGYAKARTA,DI YOGYAKARTA,KEDOKTERAN,B,27000000.0,DI YOGYAKARTA | Kesehatan | Mahal (20-50jt) | Baik Sekali / B,https://campus.quipper.com/directory/universitas-muhammadiyah-yogyakarta
186,UNIVERSITAS MUHAMMADIYAH YOGYAKARTA,DI YOGYAKARTA,KEPERAWATAN,B,27000000.0,DI YOGYAKARTA | Kesehatan | Mahal (20-50jt) | Baik Sekali / B,https://campus.quipper.com/directory/universitas-muhammadiyah-yogyakarta
298,SEKOLAH TINGGI ILMU KESEHATAN PANTI RAPIH YOGYAKARTA,DI YOGYAKARTA,GIZI,BAIK SEKALI,19370000.0,DI YOGYAKARTA | Kesehatan | Menengah (10-20jt) | Baik Sekali / B,-
298,SEKOLAH TINGGI ILMU KESEHATAN PANTI RAPIH YOGYAKARTA,DI YOGYAKARTA,KEPERAWATAN,BAIK SEKALI,19370000.0,DI YOGYAKARTA | Kesehatan | Menengah (10-20jt) | Baik Sekali / B,-
529,UNIVERSITAS JENDERAL ACHMAD YANI YOGYAKARTA,DI YOGYAKARTA,FARMASI,B,19000000.0,DI YOGYAKARTA | Kesehatan | Menengah (10-20jt) | Baik Sekali / B,-
529,UNIVERSITAS JENDERAL ACHMAD YANI YOGYAKARTA,DI YOGYAKARTA,KEBIDANAN,BAIK,19000000.0,DI YOGYAKARTA | Kesehatan | Menengah (10-20jt) | Baik Sekali / B,-
529,UNIVERSITAS JENDERAL ACHMAD YANI YOGYAKARTA,DI YOGYAKARTA,KEPERAWATAN,BAIK SEKALI,19000000.0,DI YOGYAKARTA | Kesehatan | Menengah (10-20jt) | Baik Sekali / B,-
335,SEKOLAH TINGGI ILMU KESEHATAN BETHESDA YAKKUM,DI YOGYAKARTA,ADMINISTRASI KESEHATAN,BAIK,17995000.0,DI YOGYAKARTA | Kesehatan | Menengah (10-20jt) | Baik Sekali / B,-
335,SEKOLAH TINGGI ILMU KESEHATAN BETHESDA YAKKUM,DI YOGYAKARTA,FISIOTERAPI,BAIK,17995000.0,DI YOGYAKARTA | Kesehatan | Menengah (10-20jt) | Baik Sekali / B,-
335,SEKOLAH TINGGI ILMU KESEHATAN BETHESDA YAKKUM,DI YOGYAKARTA,KEPERAWATAN,BAIK SEKALI,17995000.0,DI YOGYAKARTA | Kesehatan | Menengah (10-20jt) | Baik Sekali / B,-
339,UNIVERSITAS RESPATI YOGYAKARTA,DI YOGYAKARTA,GIZI,B,17800000.0,DI YOGYAKARTA | Kesehatan | Menengah (10-20jt) | Baik Sekali / B,https://rencanamu.id/cari-kampus/universitas-respati-yogyakarta
339,UNIVERSITAS RESPATI YOGYAKARTA,DI YOGYAKARTA,KEBIDANAN,B,17800000.0,DI YOGYAKARTA | Kesehatan | Menengah (10-20jt) | Baik Sekali / B,https://rencanamu.id/cari-kampus/universitas-respati-yogyakarta
339,UNIVERSITAS RESPATI YOGYAKARTA,DI YOGYAKARTA,KEPERAWATAN,B,17800000.0,DI YOGYAKARTA | Kesehatan | Menengah (10-20jt) | Baik Sekali / B,https://rencanamu.id/cari-kampus/universitas-respati-yogyakarta
339,UNIVERSITAS RESPATI YOGYAKARTA,DI YOGYAKARTA,KESEHATAN MASYARAKAT,B,17800000.0,DI YOGYAKARTA | Kesehatan | Menengah (10-20jt) | Baik Sekali / B,https://rencanamu.id/cari-kampus/universitas-respati-yogyakarta
378,UNIVERSITAS AHMAD DAHLAN,DI YOGYAKARTA,GIZI,BAIK SEKALI,16000000.0,DI YOGYAKARTA | Kesehatan | Menengah (10-20jt) | Baik Sekali / B,https://campus.quipper.com/directory/universitas-ahmad-dahlan
378,UNIVERSITAS AHMAD DAHLAN,DI YOGYAKARTA,KEDOKTERAN,BAIK SEKALI,16000000.0,DI YOGYAKARTA | Kesehatan | Menengah (10-20jt) | Baik Sekali / B,https://campus.quipper.com/directory/universitas-ahmad-dahlan
378,UNIVERSITAS AHMAD DAHLAN,DI YOGYAKARTA,KESEHATAN MASYARAKAT,B,16000000.0,DI YOGYAKARTA | Kesehatan | Menengah (10-20jt) | Baik Sekali / B,https://campus.quipper.com/directory/universitas-ahmad-dahlan
376,UNIVERSITAS KRISTEN DUTA WACANA,DI YOGYAKARTA,KEDOKTERAN,B,16000000.0,DI YOGYAKARTA | Kesehatan | Menengah (10-20jt) | Baik Sekali / B,https://campus.quipper.com/directory/universitas-kristen-duta-wacana
463,UNIVERSITAS KRISTEN IMMANUEL,DI YOGYAKARTA,FARMASI,BAIK SEKALI,13575923.0,DI YOGYAKARTA | Kesehatan | Menengah (10-20jt) | Baik Sekali / B,-
518,UNIVERSITAS TEKNOLOGI YOGYAKARTA,DI YOGYAKARTA,INFORMATIKA MEDIS,BAIK,12200000.0,DI YOGYAKARTA | Kesehatan | Menengah (10-20jt) | Baik Sekali / B,https://rencanamu.id/cari-kampus/universitas-teknologi-yogyakarta
525,UNIVERSITAS PGRI YOGYAKARTA,DI YOGYAKARTA,BIOMEDIS,BAIK,12100000.0,DI YOGYAKARTA | Kesehatan | Menengah (10-20jt) | Baik Sekali / B,https://rencanamu.id/cari-kampus/universitas-pgri-yogyakarta
525,UNIVERSITAS PGRI YOGYAKARTA,DI YOGYAKARTA,FARMASI,BAIK,12100000.0,DI YOGYAKARTA | Kesehatan | Menengah (10-20jt) | Baik Sekali / B,https://rencanamu.id/cari-kampus/universitas-pgri-yogyakarta
525,UNIVERSITAS PGRI YOGYAKARTA,DI YOGYAKARTA,GIZI,BAIK,12100000.0,DI YOGYAKARTA | Kesehatan | Menengah (10-20jt) | Baik Sekali / B,https://rencanamu.id/cari-kampus/universitas-pgri-yogyakarta
543,UNIVERSITAS NAHDLATUL ULAMA YOGYAKARTA,DI YOGYAKARTA,FARMASI,BAIK SEKALI,12000000.0,DI YOGYAKARTA | Kesehatan | Menengah (10-20jt) | Baik Sekali / B,-
740,SEKOLAH TINGGI ILMU KESEHATAN BANTUL,DI YOGYAKARTA,FARMASI,BAIK,8800000.0,DI YOGYAKARTA | Kesehatan | Terjangkau (5-10jt) | Baik Sekali / B,-
799,UNIVERSITAS ALMA ATA,DI YOGYAKARTA,KEBIDANAN,BAIK,8000000.0,DI YOGYAKARTA | Kesehatan | Terjangkau (5-10jt) | Baik Sekali / B,https://campus.quipper.com/directory/universitas-alma-ata
823,SEKOLAH TINGGI ILMU KESEHATAN NOTOKUSUMO YOGYAKARTA,DI YOGYAKARTA,FARMASI,BAIK SEKALI,7950000.0,DI YOGYAKARTA | Kesehatan | Terjangkau (5-10jt) | Baik Sekali / B,-
823,SEKOLAH TINGGI ILMU KESEHATAN NOTOKUSUMO YOGYAKARTA,DI YOGYAKARTA,KEPERAWATAN,BAIK,7950000.0,DI YOGYAKARTA | Kesehatan | Terjangkau (5-10jt) | Baik Sekali / B,-
1002,UNIVERSITAS ISLAM MULIA YOGYAKARTA,DI YOGYAKARTA,ADMINISTRASI KESEHATAN,BAIK,6500000.0,DI YOGYAKARTA | Kesehatan | Terjangkau (5-10jt) | Baik Sekali / B,-
1238,UNIVERSITAS AISYIYAH YOGYAKARTA,DI YOGYAKARTA,KEDOKTERAN,BAIK,5000000.0,DI YOGYAKARTA | Kesehatan | Terjangkau (5-10jt) | Baik Sekali / B,-
164,INSTITUT TEKNOLOGI DIRGANTARA ADISUTJIPTO,DI YOGYAKARTA,INFORMATIKA,BAIK SEKALI,29500000.0,DI YOGYAKARTA | Komputer & Teknologi | Mahal (20-50jt) | Baik Sekali / B,-
186,UNIVERSITAS MUHAMMADIYAH YOGYAKARTA,DI YOGYAKARTA,INFORMATIKA,B,27000000.0,DI YOGYAKARTA | Komputer & Teknologi | Mahal (20-50jt) | Baik Sekali / B,https://campus.quipper.com/directory/universitas-muhammadiyah-yogyakarta
186,UNIVERSITAS MUHAMMADIYAH YOGYAKARTA,DI YOGYAKARTA,TEKNOLOGI INFORMASI,UNGGUL,27000000.0,DI YOGYAKARTA | Komputer & Teknologi | Mahal (20-50jt) | Baik Sekali / B,https://campus.quipper.com/directory/universitas-muhammadiyah-yogyakarta
210,UNIVERSITAS ISLAM INDONESIA,DI YOGYAKARTA,INFORMATIKA,A,25000000.0,DI YOGYAKARTA | Komputer & Teknologi | Mahal (20-50jt) | Baik Sekali / B,https://campus.quipper.com/directory/universitas-islam-indonesia
529,UNIVERSITAS JENDERAL ACHMAD YANI YOGYAKARTA,DI YOGYAKARTA,INFORMATIKA,BAIK,19000000.0,DI YOGYAKARTA | Komputer & Teknologi | Menengah (10-20jt) | Baik Sekali / B,-
529,UNIVERSITAS JENDERAL ACHMAD YANI YOGYAKARTA,DI YOGYAKARTA,SISTEM INFORMASI,BAIK SEKALI,19000000.0,DI YOGYAKARTA | Komputer & Teknologi | Menengah (10-20jt) | Baik Sekali / B,-
529,UNIVERSITAS JENDERAL ACHMAD YANI YOGYAKARTA,DI YOGYAKARTA,TEKNOLOGI INFORMASI,BAIK,19000000.0,DI YOGYAKARTA | Komputer & Teknologi | Menengah (10-20jt) | Baik Sekali / B,-
312,UNIVERSITAS SANATA DHARMA,DI YOGYAKARTA,INFORMATIKA,B,18925000.0,DI YOGYAKARTA | Komputer & Teknologi | Menengah (10-20jt) | Baik Sekali / B,https://campus.quipper.com/directory/universitas-sanata-dharma
331,UNIVERSITAS ATMA JAYA YOGYAKARTA,DI YOGYAKARTA,INFORMATIKA,A,18000000.0,DI YOGYAKARTA | Komputer & Teknologi | Menengah (10-20jt) | Unggul / A,https://campus.quipper.com/directory/universitas-atma-jaya-yogyakarta
331,UNIVERSITAS ATMA JAYA YOGYAKARTA,DI YOGYAKARTA,SISTEM INFORMASI,UNGGUL,18000000.0,DI YOGYAKARTA | Komputer & Teknologi | Menengah (10-20jt) | Unggul / A,https://campus.quipper.com/directory/universitas-atma-jaya-yogyakarta
339,UNIVERSITAS RESPATI YOGYAKARTA,DI YOGYAKARTA,MANAJEMEN INFORMATIKA,B,17800000.0,DI YOGYAKARTA | Komputer & Teknologi | Menengah (10-20jt) | Baik Sekali / B,https://rencanamu.id/cari-kampus/universitas-respati-yogyakarta
378,UNIVERSITAS AHMAD DAHLAN,DI YOGYAKARTA,INFORMATIKA,A,16000000.0,DI YOGYAKARTA | Komputer & Teknologi | Menengah (10-20jt) | Unggul / A,https://campus.quipper.com/directory/universitas-ahmad-dahlan
378,UNIVERSITAS AHMAD DAHLAN,DI YOGYAKARTA,SISTEM INFORMASI,B,16000000.0,DI YOGYAKARTA | Komputer & Teknologi | Menengah (10-20jt) | Baik Sekali / B,https://campus.quipper.com/directory/universitas-ahmad-dahlan
376,UNIVERSITAS KRISTEN DUTA WACANA,DI YOGYAKARTA,INFORMATIKA,B,16000000.0,DI YOGYAKARTA | Komputer & Teknologi | Menengah (10-20jt) | Baik Sekali / B,https://campus.quipper.com/directory/universitas-kristen-duta-wacana
376,UNIVERSITAS KRISTEN DUTA WACANA,DI YOGYAKARTA,SISTEM INFORMASI,B,16000000.0,DI YOGYAKARTA | Komputer & Teknologi | Menengah (10-20jt) | Baik Sekali / B,https://campus.quipper.com/directory/universitas-kristen-duta-wacana
425,UNIVERSITAS SARJANAWIYATA TAMANSISWA,DI YOGYAKARTA,INFORMATIKA,BAIK,14430003.0,DI YOGYAKARTA | Komputer & Teknologi | Menengah (10-20jt) | Baik Sekali / B,https://campus.quipper.com/directory/universitas-sarjanawiyata-tamansiswa
463,UNIVERSITAS KRISTEN IMMANUEL,DI YOGYAKARTA,INFORMATIKA,BAIK SEKALI,13575923.0,DI YOGYAKARTA | Komputer & Teknologi | Menengah (10-20jt) | Baik Sekali / B,-
518,UNIVERSITAS TEKNOLOGI YOGYAKARTA,DI YOGYAKARTA,INFORMATIKA,A,12200000.0,DI YOGYAKARTA | Komputer & Teknologi | Menengah (10-20jt) | Unggul / A,https://rencanamu.id/cari-kampus/universitas-teknologi-yogyakarta
518,UNIVERSITAS TEKNOLOGI YOGYAKARTA,DI YOGYAKARTA,KOMPUTER,UNGGUL,12200000.0,DI YOGYAKARTA | Komputer & Teknologi | Menengah (10-20jt) | Unggul / A,https://rencanamu.id/cari-kampus/universitas-teknologi-yogyakarta
518,UNIVERSITAS TEKNOLOGI YOGYAKARTA,DI YOGYAKARTA,MANAJEMEN INFORMATIKA,A,12200000.0,DI YOGYAKARTA | Komputer & Teknologi | Menengah (10-20jt) | Unggul / A,https://rencanamu.id/cari-kampus/universitas-teknologi-yogyakarta
518,UNIVERSITAS TEKNOLOGI YOGYAKARTA,DI YOGYAKARTA,SAINS DATA,BAIK SEKALI,12200000.0,DI YOGYAKARTA | Komputer & Teknologi | Menengah (10-20jt) | Baik Sekali / B,https://rencanamu.id/cari-kampus/universitas-teknologi-yogyakarta
518,UNIVERSITAS TEKNOLOGI YOGYAKARTA,DI YOGYAKARTA,SISTEM INFORMASI,B,12200000.0,DI YOGYAKARTA | Komputer & Teknologi | Menengah (10-20jt) | Baik Sekali / B,https://rencanamu.id/cari-kampus/universitas-teknologi-yogyakarta
518,UNIVERSITAS TEKNOLOGI YOGYAKARTA,DI YOGYAKARTA,SISTEM KOMPUTER,B,12200000.0,DI YOGYAKARTA | Komputer & Teknologi | Menengah (10-20jt) | Baik Sekali / B,https://rencanamu.id/cari-kampus/universitas-teknologi-yogyakarta
518,UNIVERSITAS TEKNOLOGI YOGYAKARTA,DI YOGYAKARTA,TEKNOLOGI INFORMASI,UNGGUL,12200000.0,DI YOGYAKARTA | Komputer & Teknologi | Menengah (10-20jt) | Unggul / A,https://rencanamu.id/cari-kampus/universitas-teknologi-yogyakarta
525,UNIVERSITAS PGRI YOGYAKARTA,DI YOGYAKARTA,INFORMATIKA,B,12100000.0,DI YOGYAKARTA | Komputer & Teknologi | Menengah (10-20jt) | Baik Sekali / B,https://rencanamu.id/cari-kampus/universitas-pgri-yogyakarta
525,UNIVERSITAS PGRI YOGYAKARTA,DI YOGYAKARTA,SISTEM INFORMASI,BAIK,12100000.0,DI YOGYAKARTA | Komputer & Teknologi | Menengah (10-20jt) | Baik Sekali / B,https://rencanamu.id/cari-kampus/universitas-pgri-yogyakarta
543,UNIVERSITAS NAHDLATUL ULAMA YOGYAKARTA,DI YOGYAKARTA,INFORMATIKA,BAIK SEKALI,12000000.0,DI YOGYAKARTA | Komputer & Teknologi | Menengah (10-20jt) | Baik Sekali / B,-
543,UNIVERSITAS NAHDLATUL ULAMA YOGYAKARTA,DI YOGYAKARTA,KOMPUTER,BAIK SEKALI,12000000.0,DI YOGYAKARTA | Komputer & Teknologi | Menengah (10-20jt) | Baik Sekali / B,-
554,UNIVERSITAS TEKNOLOGI DIGITAL INDONESIA,DI YOGYAKARTA,INFORMATIKA,BAIK SEKALI,11669000.0,DI YOGYAKARTA | Komputer & Teknologi | Menengah (10-20jt) | Baik Sekali / B,-
554,UNIVERSITAS TEKNOLOGI DIGITAL INDONESIA,DI YOGYAKARTA,KOMPUTER,BAIK SEKALI,11669000.0,DI YOGYAKARTA | Komputer & Teknologi | Menengah (10-20jt) | Baik Sekali / B,-
554,UNIVERSITAS TEKNOLOGI DIGITAL INDONESIA,DI YOGYAKARTA,SISTEM INFORMASI,BAIK SEKALI,11669000.0,DI YOGYAKARTA | Komputer & Teknologi | Menengah (10-20jt) | Baik Sekali / B,-
605,UNIVERSITAS AKPRIND INDONESIA,DI YOGYAKARTA,INFORMATIKA,BAIK SEKALI,10630000.0,DI YOGYAKARTA | Komputer & Teknologi | Menengah (10-20jt) | Baik Sekali / B,-
605,UNIVERSITAS AKPRIND INDONESIA,DI YOGYAKARTA,REKAYASA PERANGKAT LUNAK,BAIK SEKALI,10630000.0,DI YOGYAKARTA | Komputer & Teknologi | Menengah (10-20jt) | Baik Sekali / B,-
624,UNIVERSITAS AMIKOM YOGYAKARTA,DI YOGYAKARTA,INFORMATIKA,BAIK SEKALI,10300000.0,DI YOGYAKARTA | Komputer & Teknologi | Menengah (10-20jt) | Baik Sekali / B,https://campus.quipper.com/directory/universitas-amikom-yogyakarta
624,UNIVERSITAS AMIKOM YOGYAKARTA,DI YOGYAKARTA,KOMPUTER,BAIK,10300000.0,DI YOGYAKARTA | Komputer & Teknologi | Menengah (10-20jt) | Baik Sekali / B,https://campus.quipper.com/directory/universitas-amikom-yogyakarta
624,UNIVERSITAS AMIKOM YOGYAKARTA,DI YOGYAKARTA,SISTEM INFORMASI,UNGGUL,10300000.0,DI YOGYAKARTA | Komputer & Teknologi | Menengah (10-20jt) | Unggul / A,https://campus.quipper.com/directory/universitas-amikom-yogyakarta
624,UNIVERSITAS AMIKOM YOGYAKARTA,DI YOGYAKARTA,TEKNOLOGI INFORMASI,BAIK,10300000.0,DI YOGYAKARTA | Komputer & Teknologi | Menengah (10-20jt) | Baik Sekali / B,https://campus.quipper.com/directory/universitas-amikom-yogyakarta
601,INSTITUT TEKNOLOGI NASIONAL YOGYAKARTA,DI YOGYAKARTA,PERENCANAAN WILAYAH KOTA,B,18225000.0,DI YOGYAKARTA | Lainnya | Menengah (10-20jt) | Baik Sekali / B,-
331,UNIVERSITAS ATMA JAYA YOGYAKARTA,DI YOGYAKARTA,TEKNOLOGI PANGAN,BAIK,18000000.0,DI YOGYAKARTA | Lainnya | Menengah (10-20jt) | Baik Sekali / B,https://campus.quipper.com/directory/universitas-atma-jaya-yogyakarta
378,UNIVERSITAS AHMAD DAHLAN,DI YOGYAKARTA,TEKNOLOGI PANGAN,BAIK SEKALI,16000000.0,DI YOGYAKARTA | Lainnya | Menengah (10-20jt) | Baik Sekali / B,https://campus.quipper.com/directory/universitas-ahmad-dahlan
378,UNIVERSITAS AHMAD DAHLAN,DI YOGYAKARTA,GURU ANAK USIA DINI,B,16000000.0,DI YOGYAKARTA | Pendidikan | Menengah (10-20jt) | Baik Sekali / B,https://campus.quipper.com/directory/universitas-ahmad-dahlan
378,UNIVERSITAS AHMAD DAHLAN,DI YOGYAKARTA,GURU PAUD,B,16000000.0,DI YOGYAKARTA | Pendidikan | Menengah (10-20jt) | Baik Sekali / B,https://campus.quipper.com/directory/universitas-ahmad-dahlan
378,UNIVERSITAS AHMAD DAHLAN,DI YOGYAKARTA,GURU SEKOLAH DASAR,B,16000000.0,DI YOGYAKARTA | Pendidikan | Menengah (10-20jt) | Baik Sekali / B,https://campus.quipper.com/directory/universitas-ahmad-dahlan
518,UNIVERSITAS TEKNOLOGI YOGYAKARTA,DI YOGYAKARTA,BIMBINGAN KONSELING,B,12200000.0,DI YOGYAKARTA | Pendidikan | Menengah (10-20jt) | Baik Sekali / B,https://rencanamu.id/cari-kampus/universitas-teknologi-yogyakarta
525,UNIVERSITAS PGRI YOGYAKARTA,DI YOGYAKARTA,BIMBINGAN KONSELING,B,12100000.0,DI YOGYAKARTA | Pendidikan | Menengah (10-20jt) | Baik Sekali / B,https://rencanamu.id/cari-kampus/universitas-pgri-yogyakarta
525,UNIVERSITAS PGRI YOGYAKARTA,DI YOGYAKARTA,GURU ANAK USIA DINI,BAIK,12100000.0,DI YOGYAKARTA | Pendidikan | Menengah (10-20jt) | Baik Sekali / B,https://rencanamu.id/cari-kampus/universitas-pgri-yogyakarta
525,UNIVERSITAS PGRI YOGYAKARTA,DI YOGYAKARTA,GURU SEKOLAH DASAR,B,12100000.0,DI YOGYAKARTA | Pendidikan | Menengah (10-20jt) | Baik Sekali / B,https://rencanamu.id/cari-kampus/universitas-pgri-yogyakarta
525,UNIVERSITAS PGRI YOGYAKARTA,DI YOGYAKARTA,OLAHRAGA,BAIK,12100000.0,DI YOGYAKARTA | Pendidikan | Menengah (10-20jt) | Baik Sekali / B,https://rencanamu.id/cari-kampus/universitas-pgri-yogyakarta
543,UNIVERSITAS NAHDLATUL ULAMA YOGYAKARTA,DI YOGYAKARTA,GURU SEKOLAH DASAR,BAIK SEKALI,12000000.0,DI YOGYAKARTA | Pendidikan | Menengah (10-20jt) | Baik Sekali / B,-
137,UNIVERSITAS MERCU BUANA YOGYAKARTA,DI YOGYAKARTA,AGROTEKNOLOGI,A,33065000.0,DI YOGYAKARTA | Sains & Agro | Mahal (20-50jt) | Baik Sekali / B,https://rencanamu.id/cari-kampus/universitas-mercu-buana-yogyakarta
137,UNIVERSITAS MERCU BUANA YOGYAKARTA,DI YOGYAKARTA,PERTANIAN,B,33065000.0,DI YOGYAKARTA | Sains & Agro | Mahal (20-50jt) | Baik Sekali / B,https://rencanamu.id/cari-kampus/universitas-mercu-buana-yogyakarta
137,UNIVERSITAS MERCU BUANA YOGYAKARTA,DI YOGYAKARTA,PETERNAKAN,B,33065000.0,DI YOGYAKARTA | Sains & Agro | Mahal (20-50jt) | Baik Sekali / B,https://rencanamu.id/cari-kampus/universitas-mercu-buana-yogyakarta
186,UNIVERSITAS MUHAMMADIYAH YOGYAKARTA,DI YOGYAKARTA,AGROTEKNOLOGI,A,27000000.0,DI YOGYAKARTA | Sains & Agro | Mahal (20-50jt) | Unggul / A,https://campus.quipper.com/directory/universitas-muhammadiyah-yogyakarta
210,UNIVERSITAS ISLAM INDONESIA,DI YOGYAKARTA,KIMIA,A,25000000.0,DI YOGYAKARTA | Sains & Agro | Mahal (20-50jt) | Unggul / A,https://campus.quipper.com/directory/universitas-islam-indonesia
210,UNIVERSITAS ISLAM INDONESIA,DI YOGYAKARTA,STATISTIK,B,25000000.0,DI YOGYAKARTA | Sains & Agro | Mahal (20-50jt) | Unggul / A,https://campus.quipper.com/directory/universitas-islam-indonesia
312,UNIVERSITAS SANATA DHARMA,DI YOGYAKARTA,BIOLOGI,A,18925000.0,DI YOGYAKARTA | Sains & Agro | Menengah (10-20jt) | Unggul / A,https://campus.quipper.com/directory/universitas-sanata-dharma
312,UNIVERSITAS SANATA DHARMA,DI YOGYAKARTA,FISIKA,A,18925000.0,DI YOGYAKARTA | Sains & Agro | Menengah (10-20jt) | Unggul / A,https://campus.quipper.com/directory/universitas-sanata-dharma
312,UNIVERSITAS SANATA DHARMA,DI YOGYAKARTA,KIMIA,BAIK SEKALI,18925000.0,DI YOGYAKARTA | Sains & Agro | Menengah (10-20jt) | Unggul / A,https://campus.quipper.com/directory/universitas-sanata-dharma
312,UNIVERSITAS SANATA DHARMA,DI YOGYAKARTA,MATEMATIKA,A,18925000.0,DI YOGYAKARTA | Sains & Agro | Menengah (10-20jt) | Unggul / A,https://campus.quipper.com/directory/universitas-sanata-dharma
601,INSTITUT TEKNOLOGI NASIONAL YOGYAKARTA,DI YOGYAKARTA,GEOLOGI,BAIK SEKALI,18225000.0,DI YOGYAKARTA | Sains & Agro | Menengah (10-20jt) | Unggul / A,-
331,UNIVERSITAS ATMA JAYA YOGYAKARTA,DI YOGYAKARTA,BIOLOGI,A,18000000.0,DI YOGYAKARTA | Sains & Agro | Menengah (10-20jt) | Unggul / A,https://campus.quipper.com/directory/universitas-atma-jaya-yogyakarta
378,UNIVERSITAS AHMAD DAHLAN,DI YOGYAKARTA,BIOLOGI,A,16000000.0,DI YOGYAKARTA | Sains & Agro | Menengah (10-20jt) | Unggul / A,https://campus.quipper.com/directory/universitas-ahmad-dahlan
378,UNIVERSITAS AHMAD DAHLAN,DI YOGYAKARTA,FISIKA,A,16000000.0,DI YOGYAKARTA | Sains & Agro | Menengah (10-20jt) | Unggul / A,https://campus.quipper.com/directory/universitas-ahmad-dahlan
378,UNIVERSITAS AHMAD DAHLAN,DI YOGYAKARTA,KIMIA,B,16000000.0,DI YOGYAKARTA | Sains & Agro | Menengah (10-20jt) | Baik Sekali / B,https://campus.quipper.com/directory/universitas-ahmad-dahlan
378,UNIVERSITAS AHMAD DAHLAN,DI YOGYAKARTA,MATEMATIKA,B,16000000.0,DI YOGYAKARTA | Sains & Agro | Menengah (10-20jt) | Baik Sekali / B,https://campus.quipper.com/directory/universitas-ahmad-dahlan
376,UNIVERSITAS KRISTEN DUTA WACANA,DI YOGYAKARTA,BIOLOGI,A,16000000.0,DI YOGYAKARTA | Sains & Agro | Menengah (10-20jt) | Unggul / A,https://campus.quipper.com/directory/universitas-kristen-duta-wacana
425,UNIVERSITAS SARJANAWIYATA TAMANSISWA,DI YOGYAKARTA,AGROTEKNOLOGI,B,14430003.0,DI YOGYAKARTA | Sains & Agro | Menengah (10-20jt) | Baik Sekali / B,https://campus.quipper.com/directory/universitas-sarjanawiyata-tamansiswa
425,UNIVERSITAS SARJANAWIYATA TAMANSISWA,DI YOGYAKARTA,FISIKA,A,14430003.0,DI YOGYAKARTA | Sains & Agro | Menengah (10-20jt) | Unggul / A,https://campus.quipper.com/directory/universitas-sarjanawiyata-tamansiswa
425,UNIVERSITAS SARJANAWIYATA TAMANSISWA,DI YOGYAKARTA,MATEMATIKA,B,14430003.0,DI YOGYAKARTA | Sains & Agro | Menengah (10-20jt) | Baik Sekali / B,https://campus.quipper.com/directory/universitas-sarjanawiyata-tamansiswa
425,UNIVERSITAS SARJANAWIYATA TAMANSISWA,DI YOGYAKARTA,PENGETAHUAN ALAM,B,14430003.0,DI YOGYAKARTA | Sains & Agro | Menengah (10-20jt) | Baik Sekali / B,https://campus.quipper.com/directory/universitas-sarjanawiyata-tamansiswa
463,UNIVERSITAS KRISTEN IMMANUEL,DI YOGYAKARTA,FISIKA,BAIK SEKALI,13575923.0,DI YOGYAKARTA | Sains & Agro | Menengah (10-20jt) | Baik Sekali / B,-
525,UNIVERSITAS PGRI YOGYAKARTA,DI YOGYAKARTA,MATEMATIKA,B,12100000.0,DI YOGYAKARTA | Sains & Agro | Menengah (10-20jt) | Baik Sekali / B,https://rencanamu.id/cari-kampus/universitas-pgri-yogyakarta
525,UNIVERSITAS PGRI YOGYAKARTA,DI YOGYAKARTA,PERTANIAN,BAIK,12100000.0,DI YOGYAKARTA | Sains & Agro | Menengah (10-20jt) | Baik Sekali / B,https://rencanamu.id/cari-kampus/universitas-pgri-yogyakarta
543,UNIVERSITAS NAHDLATUL ULAMA YOGYAKARTA,DI YOGYAKARTA,PERTANIAN,BAIK,12000000.0,DI YOGYAKARTA | Sains & Agro | Menengah (10-20jt) | Baik Sekali / B,-
605,UNIVERSITAS AKPRIND INDONESIA,DI YOGYAKARTA,GEOLOGI,BAIK SEKALI,10630000.0,DI YOGYAKARTA | Sains & Agro | Menengah (10-20jt) | Baik Sekali / B,-
605,UNIVERSITAS AKPRIND INDONESIA,DI YOGYAKARTA,KIMIA,BAIK SEKALI,10630000.0,DI YOGYAKARTA | Sains & Agro | Menengah (10-20jt) | Baik Sekali / B,-
620,INSTITUT PERTANIAN STIPER,DI YOGYAKARTA,KEHUTANAN,B,10356250.0,DI YOGYAKARTA | Sains & Agro | Menengah (10-20jt) | Baik Sekali / B,https://campus.quipper.com/directory/institut-pertanian-stiper
620,INSTITUT PERTANIAN STIPER,DI YOGYAKARTA,PERTANIAN,B,10356250.0,DI YOGYAKARTA | Sains & Agro | Menengah (10-20jt) | Baik Sekali / B,https://campus.quipper.com/directory/institut-pertanian-stiper
624,UNIVERSITAS AMIKOM YOGYAKARTA,DI YOGYAKARTA,GEOGRAFI,BAIK SEKALI,10300000.0,DI YOGYAKARTA | Sains & Agro | Menengah (10-20jt) | Baik Sekali / B,https://campus.quipper.com/directory/universitas-amikom-yogyakarta
339,UNIVERSITAS RESPATI YOGYAKARTA,DI YOGYAKARTA,SASTRA INGGRIS,B,17800000.0,DI YOGYAKARTA | Seni & Pariwisata | Menengah (10-20jt) | Baik Sekali / B,https://rencanamu.id/cari-kampus/universitas-respati-yogyakarta
378,UNIVERSITAS AHMAD DAHLAN,DI YOGYAKARTA,SASTRA INDONESIA,B,16000000.0,DI YOGYAKARTA | Seni & Pariwisata | Menengah (10-20jt) | Baik Sekali / B,https://campus.quipper.com/directory/universitas-ahmad-dahlan
378,UNIVERSITAS AHMAD DAHLAN,DI YOGYAKARTA,SASTRA INGGRIS,A,16000000.0,DI YOGYAKARTA | Seni & Pariwisata | Menengah (10-20jt) | Unggul / A,https://campus.quipper.com/directory/universitas-ahmad-dahlan
376,UNIVERSITAS KRISTEN DUTA WACANA,DI YOGYAKARTA,DESAIN PRODUK,B,16000000.0,DI YOGYAKARTA | Seni & Pariwisata | Menengah (10-20jt) | Baik Sekali / B,https://campus.quipper.com/directory/universitas-kristen-duta-wacana
424,SEKOLAH TINGGI PARIWISATA AMBARRUKMO YOGYAKARTA,DI YOGYAKARTA,PARIWISATA,A,14450000.0,DI YOGYAKARTA | Seni & Pariwisata | Menengah (10-20jt) | Unggul / A,https://rencanamu.id/cari-kampus/sekolah-tinggi-pariwisata-ambarrukmo-yogyakarta
424,SEKOLAH TINGGI PARIWISATA AMBARRUKMO YOGYAKARTA,DI YOGYAKARTA,PERHOTELAN,B,14450000.0,DI YOGYAKARTA | Seni & Pariwisata | Menengah (10-20jt) | Baik Sekali / B,https://rencanamu.id/cari-kampus/sekolah-tinggi-pariwisata-ambarrukmo-yogyakarta
425,UNIVERSITAS SARJANAWIYATA TAMANSISWA,DI YOGYAKARTA,DESAIN KOMUNIKASI VISUAL,B,14430003.0,DI YOGYAKARTA | Seni & Pariwisata | Menengah (10-20jt) | Baik Sekali / B,https://campus.quipper.com/directory/universitas-sarjanawiyata-tamansiswa
518,UNIVERSITAS TEKNOLOGI YOGYAKARTA,DI YOGYAKARTA,SASTRA INGGRIS,A,12200000.0,DI YOGYAKARTA | Seni & Pariwisata | Menengah (10-20jt) | Unggul / A,https://rencanamu.id/cari-kampus/universitas-teknologi-yogyakarta
592,SEKOLAH TINGGI BAHASA ASING LIA YOGYAKARTA,DI YOGYAKARTA,SASTRA INGGRIS,B,10950000.0,DI YOGYAKARTA | Seni & Pariwisata | Menengah (10-20jt) | Baik Sekali / B,https://campus.quipper.com/directory/sekolah-tinggi-bahasa-asing-lia-yogyakarta
186,UNIVERSITAS MUHAMMADIYAH YOGYAKARTA,DI YOGYAKARTA,HUBUNGAN INTERNASIONAL,A,27000000.0,DI YOGYAKARTA | Sosial & Hukum | Mahal (20-50jt) | Unggul / A,https://campus.quipper.com/directory/universitas-muhammadiyah-yogyakarta
186,UNIVERSITAS MUHAMMADIYAH YOGYAKARTA,DI YOGYAKARTA,HUKUM,A,27000000.0,DI YOGYAKARTA | Sosial & Hukum | Mahal (20-50jt) | Unggul / A,https://campus.quipper.com/directory/universitas-muhammadiyah-yogyakarta
186,UNIVERSITAS MUHAMMADIYAH YOGYAKARTA,DI YOGYAKARTA,ILMU KOMUNIKASI,A,27000000.0,DI YOGYAKARTA | Sosial & Hukum | Mahal (20-50jt) | Unggul / A,https://campus.quipper.com/directory/universitas-muhammadiyah-yogyakarta
186,UNIVERSITAS MUHAMMADIYAH YOGYAKARTA,DI YOGYAKARTA,PEMERINTAHAN,A,27000000.0,DI YOGYAKARTA | Sosial & Hukum | Mahal (20-50jt) | Unggul / A,https://campus.quipper.com/directory/universitas-muhammadiyah-yogyakarta
210,UNIVERSITAS ISLAM INDONESIA,DI YOGYAKARTA,HUBUNGAN INTERNASIONAL,B,25000000.0,DI YOGYAKARTA | Sosial & Hukum | Mahal (20-50jt) | Unggul / A,https://campus.quipper.com/directory/universitas-islam-indonesia
210,UNIVERSITAS ISLAM INDONESIA,DI YOGYAKARTA,HUKUM,A,25000000.0,DI YOGYAKARTA | Sosial & Hukum | Mahal (20-50jt) | Unggul / A,https://campus.quipper.com/directory/universitas-islam-indonesia
210,UNIVERSITAS ISLAM INDONESIA,DI YOGYAKARTA,ILMU KOMUNIKASI,A,25000000.0,DI YOGYAKARTA | Sosial & Hukum | Mahal (20-50jt) | Unggul / A,https://campus.quipper.com/directory/universitas-islam-indonesia
210,UNIVERSITAS ISLAM INDONESIA,DI YOGYAKARTA,PSIKOLOGI,A,25000000.0,DI YOGYAKARTA | Sosial & Hukum | Mahal (20-50jt) | Unggul / A,https://campus.quipper.com/directory/universitas-islam-indonesia
529,UNIVERSITAS JENDERAL ACHMAD YANI YOGYAKARTA,DI YOGYAKARTA,HUKUM,BAIK,19000000.0,DI YOGYAKARTA | Sosial & Hukum | Menengah (10-20jt) | Baik Sekali / B,-
529,UNIVERSITAS JENDERAL ACHMAD YANI YOGYAKARTA,DI YOGYAKARTA,PSIKOLOGI,BAIK,19000000.0,DI YOGYAKARTA | Sosial & Hukum | Menengah (10-20jt) | Baik Sekali / B,-
312,UNIVERSITAS SANATA DHARMA,DI YOGYAKARTA,PSIKOLOGI,A,18925000.0,DI YOGYAKARTA | Sosial & Hukum | Menengah (10-20jt) | Unggul / A,https://campus.quipper.com/directory/universitas-sanata-dharma
312,UNIVERSITAS SANATA DHARMA,DI YOGYAKARTA,SEJARAH,B,18925000.0,DI YOGYAKARTA | Sosial & Hukum | Menengah (10-20jt) | Baik Sekali / B,https://campus.quipper.com/directory/universitas-sanata-dharma
331,UNIVERSITAS ATMA JAYA YOGYAKARTA,DI YOGYAKARTA,HUKUM,A,18000000.0,DI YOGYAKARTA | Sosial & Hukum | Menengah (10-20jt) | Unggul / A,https://campus.quipper.com/directory/universitas-atma-jaya-yogyakarta
331,UNIVERSITAS ATMA JAYA YOGYAKARTA,DI YOGYAKARTA,ILMU KOMUNIKASI,A,18000000.0,DI YOGYAKARTA | Sosial & Hukum | Menengah (10-20jt) | Unggul / A,https://campus.quipper.com/directory/universitas-atma-jaya-yogyakarta
331,UNIVERSITAS ATMA JAYA YOGYAKARTA,DI YOGYAKARTA,SOSIOLOGI,A,18000000.0,DI YOGYAKARTA | Sosial & Hukum | Menengah (10-20jt) | Unggul / A,https://campus.quipper.com/directory/universitas-atma-jaya-yogyakarta
339,UNIVERSITAS RESPATI YOGYAKARTA,DI YOGYAKARTA,HUBUNGAN INTERNASIONAL,B,17800000.0,DI YOGYAKARTA | Sosial & Hukum | Menengah (10-20jt) | Baik Sekali / B,https://rencanamu.id/cari-kampus/universitas-respati-yogyakarta
339,UNIVERSITAS RESPATI YOGYAKARTA,DI YOGYAKARTA,ILMU KOMUNIKASI,B,17800000.0,DI YOGYAKARTA | Sosial & Hukum | Menengah (10-20jt) | Baik Sekali / B,https://rencanamu.id/cari-kampus/universitas-respati-yogyakarta
348,SEKOLAH TINGGI ILMU ADMINISTRASI AAN,DI YOGYAKARTA,ADMINISTRASI PUBLIK,B,17005000.0,DI YOGYAKARTA | Sosial & Hukum | Menengah (10-20jt) | Baik Sekali / B,-
378,UNIVERSITAS AHMAD DAHLAN,DI YOGYAKARTA,HUKUM,B,16000000.0,DI YOGYAKARTA | Sosial & Hukum | Menengah (10-20jt) | Baik Sekali / B,https://campus.quipper.com/directory/universitas-ahmad-dahlan
378,UNIVERSITAS AHMAD DAHLAN,DI YOGYAKARTA,ILMU KOMUNIKASI,B,16000000.0,DI YOGYAKARTA | Sosial & Hukum | Menengah (10-20jt) | Baik Sekali / B,https://campus.quipper.com/directory/universitas-ahmad-dahlan
378,UNIVERSITAS AHMAD DAHLAN,DI YOGYAKARTA,PANCASILA KEWARGANEGARAAN,A,16000000.0,DI YOGYAKARTA | Sosial & Hukum | Menengah (10-20jt) | Unggul / A,https://campus.quipper.com/directory/universitas-ahmad-dahlan
378,UNIVERSITAS AHMAD DAHLAN,DI YOGYAKARTA,PSIKOLOGI,A,16000000.0,DI YOGYAKARTA | Sosial & Hukum | Menengah (10-20jt) | Unggul / A,https://campus.quipper.com/directory/universitas-ahmad-dahlan
376,UNIVERSITAS KRISTEN DUTA WACANA,DI YOGYAKARTA,STUDI HUMANITAS,BAIK,16000000.0,DI YOGYAKARTA | Sosial & Hukum | Menengah (10-20jt) | Baik Sekali / B,https://campus.quipper.com/directory/universitas-kristen-duta-wacana
425,UNIVERSITAS SARJANAWIYATA TAMANSISWA,DI YOGYAKARTA,PSIKOLOGI,B,14430003.0,DI YOGYAKARTA | Sosial & Hukum | Menengah (10-20jt) | Baik Sekali / B,https://campus.quipper.com/directory/universitas-sarjanawiyata-tamansiswa
518,UNIVERSITAS TEKNOLOGI YOGYAKARTA,DI YOGYAKARTA,ILMU KOMUNIKASI,B,12200000.0,DI YOGYAKARTA | Sosial & Hukum | Menengah (10-20jt) | Baik Sekali / B,https://rencanamu.id/cari-kampus/universitas-teknologi-yogyakarta
518,UNIVERSITAS TEKNOLOGI YOGYAKARTA,DI YOGYAKARTA,PSIKOLOGI,B,12200000.0,DI YOGYAKARTA | Sosial & Hukum | Menengah (10-20jt) | Baik Sekali / B,https://rencanamu.id/cari-kampus/universitas-teknologi-yogyakarta
525,UNIVERSITAS PGRI YOGYAKARTA,DI YOGYAKARTA,PANCASILA KEWARGANEGARAAN,B,12100000.0,DI YOGYAKARTA | Sosial & Hukum | Menengah (10-20jt) | Baik Sekali / B,https://rencanamu.id/cari-kampus/universitas-pgri-yogyakarta
525,UNIVERSITAS PGRI YOGYAKARTA,DI YOGYAKARTA,SEJARAH,B,12100000.0,DI YOGYAKARTA | Sosial & Hukum | Menengah (10-20jt) | Baik Sekali / B,https://rencanamu.id/cari-kampus/universitas-pgri-yogyakarta
624,UNIVERSITAS AMIKOM YOGYAKARTA,DI YOGYAKARTA,HUBUNGAN INTERNASIONAL,BAIK,10300000.0,DI YOGYAKARTA | Sosial & Hukum | Menengah (10-20jt) | Baik Sekali / B,https://campus.quipper.com/directory/universitas-amikom-yogyakarta
624,UNIVERSITAS AMIKOM YOGYAKARTA,DI YOGYAKARTA,ILMU KOMUNIKASI,B,10300000.0,DI YOGYAKARTA | Sosial & Hukum | Menengah (10-20jt) | Baik Sekali / B,https://campus.quipper.com/directory/universitas-amikom-yogyakarta
624,UNIVERSITAS AMIKOM YOGYAKARTA,DI YOGYAKARTA,PEMERINTAHAN,BAIK,10300000.0,DI YOGYAKARTA | Sosial & Hukum | Menengah (10-20jt) | Baik Sekali / B,https://campus.quipper.com/directory/universitas-amikom-yogyakarta
867,UNIVERSITAS COKROAMINOTO YOGYAKARTA,DI YOGYAKARTA,HUKUM,B,7500000.0,DI YOGYAKARTA | Sosial & Hukum | Terjangkau (5-10jt) | Baik Sekali / B,https://campus.quipper.com/directory/universitas-cokroaminoto-yogyakarta
867,UNIVERSITAS COKROAMINOTO YOGYAKARTA,DI YOGYAKARTA,PANCASILA KEWARGANEGARAAN,B,7500000.0,DI YOGYAKARTA | Sosial & Hukum | Terjangkau (5-10jt) | Baik Sekali / B,https://campus.quipper.com/directory/universitas-cokroaminoto-yogyakarta
948,UNIVERSITAS CENDEKIA MITRA INDONESIA,DI YOGYAKARTA,PSIKOLOGI,BAIK,6950000.0,DI YOGYAKARTA | Sosial & Hukum | Terjangkau (5-10jt) | Baik Sekali / B,-
1207,UNIVERSITAS GUNUNG KIDUL,DI YOGYAKARTA,ADMINISTRASI PUBLIK,BAIK,5200000.0,DI YOGYAKARTA | Sosial & Hukum | Terjangkau (5-10jt) | Baik Sekali / B,-
1207,UNIVERSITAS GUNUNG KIDUL,DI YOGYAKARTA,PEMBANGUNAN SOSIAL,BAIK,5200000.0,DI YOGYAKARTA | Sosial & Hukum | Terjangkau (5-10jt) | Baik Sekali / B,-
1238,UNIVERSITAS AISYIYAH YOGYAKARTA,DI YOGYAKARTA,ADMINISTRASI PUBLIK,B,5000000.0,DI YOGYAKARTA | Sosial & Hukum | Terjangkau (5-10jt) | Baik Sekali / B,-
1238,UNIVERSITAS AISYIYAH YOGYAKARTA,DI YOGYAKARTA,ILMU KOMUNIKASI,BAIK SEKALI,5000000.0,DI YOGYAKARTA | Sosial & Hukum | Terjangkau (5-10jt) | Baik Sekali / B,-
1238,UNIVERSITAS AISYIYAH YOGYAKARTA,DI YOGYAKARTA,PSIKOLOGI,BAIK SEKALI,5000000.0,DI YOGYAKARTA | Sosial & Hukum | Terjangkau (5-10jt) | Baik Sekali / B,-
1384,UNIVERSITAS WIDYA MATARAM,DI YOGYAKARTA,ADMINISTRASI NEGARA,B,4250000.0,DI YOGYAKARTA | Sosial & Hukum | Hemat (<5jt) | Baik Sekali / B,https://rencanamu.id/cari-kampus/universitas-widya-mataram
1384,UNIVERSITAS WIDYA MATARAM,DI YOGYAKARTA,ADMINISTRASI PUBLIK,B,4250000.0,DI YOGYAKARTA | Sosial & Hukum | Hemat (<5jt) | Baik Sekali / B,https://rencanamu.id/cari-kampus/universitas-widya-mataram
1384,UNIVERSITAS WIDYA MATARAM,DI YOGYAKARTA,HUKUM,C,4250000.0,DI YOGYAKARTA | Sosial & Hukum | Hemat (<5jt) | Baik Sekali / B,https://rencanamu.id/cari-kampus/universitas-widya-mataram
1384,UNIVERSITAS WIDYA MATARAM,DI YOGYAKARTA,ILMU KOMUNIKASI,BAIK,4250000.0,DI YOGYAKARTA | Sosial & Hukum | Hemat (<5jt) | Baik Sekali / B,https://rencanamu.id/cari-kampus/universitas-widya-mataram
1384,UNIVERSITAS WIDYA MATARAM,DI YOGYAKARTA,SOSIOLOGI,B,4250000.0,DI YOGYAKARTA | Sosial & Hukum | Hemat (<5jt) | Baik Sekali / B,https://rencanamu.id/cari-kampus/universitas-widya-mataram
1414,UNIVERSITAS PROKLAMASI 45,DI YOGYAKARTA,HUKUM,B,4000000.0,DI YOGYAKARTA | Sosial & Hukum | Hemat (<5jt) | Baik Sekali / B,https://campus.quipper.com/directory/universitas-proklamasi-45
1414,UNIVERSITAS PROKLAMASI 45,DI YOGYAKARTA,PSIKOLOGI,B,4000000.0,DI YOGYAKARTA | Sosial & Hukum | Hemat (<5jt) | Baik Sekali / B,https://campus.quipper.com/directory/universitas-proklamasi-45
164,INSTITUT TEKNOLOGI DIRGANTARA ADISUTJIPTO,DI YOGYAKARTA,ELEKTRO,BAIK SEKALI,29500000.0,DI YOGYAKARTA | Teknik & Arsitektur | Mahal (20-50jt) | Baik Sekali / B,-
164,INSTITUT TEKNOLOGI DIRGANTARA ADISUTJIPTO,DI YOGYAKARTA,INDUSTRI,BAIK SEKALI,29500000.0,DI YOGYAKARTA | Teknik & Arsitektur | Mahal (20-50jt) | Baik Sekali / B,-
164,INSTITUT TEKNOLOGI DIRGANTARA ADISUTJIPTO,DI YOGYAKARTA,MESIN,BAIK SEKALI,29500000.0,DI YOGYAKARTA | Teknik & Arsitektur | Mahal (20-50jt) | Baik Sekali / B,-
164,INSTITUT TEKNOLOGI DIRGANTARA ADISUTJIPTO,DI YOGYAKARTA,PENERBANGAN,BAIK SEKALI,29500000.0,DI YOGYAKARTA | Teknik & Arsitektur | Mahal (20-50jt) | Baik Sekali / B,-
186,UNIVERSITAS MUHAMMADIYAH YOGYAKARTA,DI YOGYAKARTA,ELEKTRO,B,27000000.0,DI YOGYAKARTA | Teknik & Arsitektur | Mahal (20-50jt) | Baik Sekali / B,https://campus.quipper.com/directory/universitas-muhammadiyah-yogyakarta
186,UNIVERSITAS MUHAMMADIYAH YOGYAKARTA,DI YOGYAKARTA,MESIN,B,27000000.0,DI YOGYAKARTA | Teknik & Arsitektur | Mahal (20-50jt) | Baik Sekali / B,https://campus.quipper.com/directory/universitas-muhammadiyah-yogyakarta
186,UNIVERSITAS MUHAMMADIYAH YOGYAKARTA,DI YOGYAKARTA,SIPIL,A,27000000.0,DI YOGYAKARTA | Teknik & Arsitektur | Mahal (20-50jt) | Unggul / A,https://campus.quipper.com/directory/universitas-muhammadiyah-yogyakarta
210,UNIVERSITAS ISLAM INDONESIA,DI YOGYAKARTA,ARSITEKTUR,A,25000000.0,DI YOGYAKARTA | Teknik & Arsitektur | Mahal (20-50jt) | Unggul / A,https://campus.quipper.com/directory/universitas-islam-indonesia
210,UNIVERSITAS ISLAM INDONESIA,DI YOGYAKARTA,ELEKTRO,A,25000000.0,DI YOGYAKARTA | Teknik & Arsitektur | Mahal (20-50jt) | Unggul / A,https://campus.quipper.com/directory/universitas-islam-indonesia
210,UNIVERSITAS ISLAM INDONESIA,DI YOGYAKARTA,INDUSTRI,A,25000000.0,DI YOGYAKARTA | Teknik & Arsitektur | Mahal (20-50jt) | Unggul / A,https://campus.quipper.com/directory/universitas-islam-indonesia
210,UNIVERSITAS ISLAM INDONESIA,DI YOGYAKARTA,LINGKUNGAN,A,25000000.0,DI YOGYAKARTA | Teknik & Arsitektur | Mahal (20-50jt) | Unggul / A,https://campus.quipper.com/directory/universitas-islam-indonesia
210,UNIVERSITAS ISLAM INDONESIA,DI YOGYAKARTA,MANAJEMEN REKAYASA,BAIK,25000000.0,DI YOGYAKARTA | Teknik & Arsitektur | Mahal (20-50jt) | Baik Sekali / B,https://campus.quipper.com/directory/universitas-islam-indonesia
210,UNIVERSITAS ISLAM INDONESIA,DI YOGYAKARTA,MESIN,A,25000000.0,DI YOGYAKARTA | Teknik & Arsitektur | Mahal (20-50jt) | Unggul / A,https://campus.quipper.com/directory/universitas-islam-indonesia
210,UNIVERSITAS ISLAM INDONESIA,DI YOGYAKARTA,SIPIL,A,25000000.0,DI YOGYAKARTA | Teknik & Arsitektur | Mahal (20-50jt) | Unggul / A,https://campus.quipper.com/directory/universitas-islam-indonesia
529,UNIVERSITAS JENDERAL ACHMAD YANI YOGYAKARTA,DI YOGYAKARTA,INDUSTRI,BAIK,19000000.0,DI YOGYAKARTA | Teknik & Arsitektur | Menengah (10-20jt) | Baik Sekali / B,-
312,UNIVERSITAS SANATA DHARMA,DI YOGYAKARTA,ELEKTRO,B,18925000.0,DI YOGYAKARTA | Teknik & Arsitektur | Menengah (10-20jt) | Baik Sekali / B,https://campus.quipper.com/directory/universitas-sanata-dharma
312,UNIVERSITAS SANATA DHARMA,DI YOGYAKARTA,MESIN,B,18925000.0,DI YOGYAKARTA | Teknik & Arsitektur | Menengah (10-20jt) | Baik Sekali / B,https://campus.quipper.com/directory/universitas-sanata-dharma
601,INSTITUT TEKNOLOGI NASIONAL YOGYAKARTA,DI YOGYAKARTA,ELEKTRO,BAIK SEKALI,18225000.0,DI YOGYAKARTA | Teknik & Arsitektur | Menengah (10-20jt) | Baik Sekali / B,-
601,INSTITUT TEKNOLOGI NASIONAL YOGYAKARTA,DI YOGYAKARTA,MESIN,BAIK SEKALI,18225000.0,DI YOGYAKARTA | Teknik & Arsitektur | Menengah (10-20jt) | Baik Sekali / B,-
601,INSTITUT TEKNOLOGI NASIONAL YOGYAKARTA,DI YOGYAKARTA,PERTAMBANGAN,BAIK SEKALI,18225000.0,DI YOGYAKARTA | Teknik & Arsitektur | Menengah (10-20jt) | Baik Sekali / B,-
601,INSTITUT TEKNOLOGI NASIONAL YOGYAKARTA,DI YOGYAKARTA,SIPIL,BAIK SEKALI,18225000.0,DI YOGYAKARTA | Teknik & Arsitektur | Menengah (10-20jt) | Baik Sekali / B,-
331,UNIVERSITAS ATMA JAYA YOGYAKARTA,DI YOGYAKARTA,ARSITEKTUR,A,18000000.0,DI YOGYAKARTA | Teknik & Arsitektur | Menengah (10-20jt) | Unggul / A,https://campus.quipper.com/directory/universitas-atma-jaya-yogyakarta
331,UNIVERSITAS ATMA JAYA YOGYAKARTA,DI YOGYAKARTA,INDUSTRI,A,18000000.0,DI YOGYAKARTA | Teknik & Arsitektur | Menengah (10-20jt) | Unggul / A,https://campus.quipper.com/directory/universitas-atma-jaya-yogyakarta
331,UNIVERSITAS ATMA JAYA YOGYAKARTA,DI YOGYAKARTA,SIPIL,B,18000000.0,DI YOGYAKARTA | Teknik & Arsitektur | Menengah (10-20jt) | Baik Sekali / B,https://campus.quipper.com/directory/universitas-atma-jaya-yogyakarta
331,UNIVERSITAS ATMA JAYA YOGYAKARTA,DI YOGYAKARTA,TEKNIK INDUSTRI,A,18000000.0,DI YOGYAKARTA | Teknik & Arsitektur | Menengah (10-20jt) | Unggul / A,https://campus.quipper.com/directory/universitas-atma-jaya-yogyakarta
378,UNIVERSITAS AHMAD DAHLAN,DI YOGYAKARTA,ELEKTRO,B,16000000.0,DI YOGYAKARTA | Teknik & Arsitektur | Menengah (10-20jt) | Baik Sekali / B,https://campus.quipper.com/directory/universitas-ahmad-dahlan
378,UNIVERSITAS AHMAD DAHLAN,DI YOGYAKARTA,INDUSTRI,B,16000000.0,DI YOGYAKARTA | Teknik & Arsitektur | Menengah (10-20jt) | Baik Sekali / B,https://campus.quipper.com/directory/universitas-ahmad-dahlan
376,UNIVERSITAS KRISTEN DUTA WACANA,DI YOGYAKARTA,ARSITEKTUR,A,16000000.0,DI YOGYAKARTA | Teknik & Arsitektur | Menengah (10-20jt) | Unggul / A,https://campus.quipper.com/directory/universitas-kristen-duta-wacana
425,UNIVERSITAS SARJANAWIYATA TAMANSISWA,DI YOGYAKARTA,INDUSTRI,B,14430003.0,DI YOGYAKARTA | Teknik & Arsitektur | Menengah (10-20jt) | Baik Sekali / B,https://campus.quipper.com/directory/universitas-sarjanawiyata-tamansiswa
425,UNIVERSITAS SARJANAWIYATA TAMANSISWA,DI YOGYAKARTA,MESIN,A,14430003.0,DI YOGYAKARTA | Teknik & Arsitektur | Menengah (10-20jt) | Baik Sekali / B,https://campus.quipper.com/directory/universitas-sarjanawiyata-tamansiswa
425,UNIVERSITAS SARJANAWIYATA TAMANSISWA,DI YOGYAKARTA,SIPIL,B,14430003.0,DI YOGYAKARTA | Teknik & Arsitektur | Menengah (10-20jt) | Baik Sekali / B,https://campus.quipper.com/directory/universitas-sarjanawiyata-tamansiswa
500,INSTITUT TEKNOLOGI YOGYAKARTA,DI YOGYAKARTA,INDUSTRI,BAIK SEKALI,12600000.0,DI YOGYAKARTA | Teknik & Arsitektur | Menengah (10-20jt) | Baik Sekali / B,https://campus.quipper.com/directory/institut-teknologi-yogyakarta
500,INSTITUT TEKNOLOGI YOGYAKARTA,DI YOGYAKARTA,KELAUTAN,BAIK,12600000.0,DI YOGYAKARTA | Teknik & Arsitektur | Menengah (10-20jt) | Baik Sekali / B,https://campus.quipper.com/directory/institut-teknologi-yogyakarta
500,INSTITUT TEKNOLOGI YOGYAKARTA,DI YOGYAKARTA,LINGKUNGAN,B,12600000.0,DI YOGYAKARTA | Teknik & Arsitektur | Menengah (10-20jt) | Baik Sekali / B,https://campus.quipper.com/directory/institut-teknologi-yogyakarta
500,INSTITUT TEKNOLOGI YOGYAKARTA,DI YOGYAKARTA,PERTAMBANGAN,BAIK,12600000.0,DI YOGYAKARTA | Teknik & Arsitektur | Menengah (10-20jt) | Baik Sekali / B,https://campus.quipper.com/directory/institut-teknologi-yogyakarta
500,INSTITUT TEKNOLOGI YOGYAKARTA,DI YOGYAKARTA,SISTEM ENERGI,BAIK,12600000.0,DI YOGYAKARTA | Teknik & Arsitektur | Menengah (10-20jt) | Baik Sekali / B,https://campus.quipper.com/directory/institut-teknologi-yogyakarta
518,UNIVERSITAS TEKNOLOGI YOGYAKARTA,DI YOGYAKARTA,AGROINDUSTRI,B,12200000.0,DI YOGYAKARTA | Teknik & Arsitektur | Menengah (10-20jt) | Baik Sekali / B,https://rencanamu.id/cari-kampus/universitas-teknologi-yogyakarta
518,UNIVERSITAS TEKNOLOGI YOGYAKARTA,DI YOGYAKARTA,ARSITEKTUR,A,12200000.0,DI YOGYAKARTA | Teknik & Arsitektur | Menengah (10-20jt) | Baik Sekali / B,https://rencanamu.id/cari-kampus/universitas-teknologi-yogyakarta
518,UNIVERSITAS TEKNOLOGI YOGYAKARTA,DI YOGYAKARTA,ELEKTRO,B,12200000.0,DI YOGYAKARTA | Teknik & Arsitektur | Menengah (10-20jt) | Baik Sekali / B,https://rencanamu.id/cari-kampus/universitas-teknologi-yogyakarta
518,UNIVERSITAS TEKNOLOGI YOGYAKARTA,DI YOGYAKARTA,INDUSTRI,B,12200000.0,DI YOGYAKARTA | Teknik & Arsitektur | Menengah (10-20jt) | Baik Sekali / B,https://rencanamu.id/cari-kampus/universitas-teknologi-yogyakarta
518,UNIVERSITAS TEKNOLOGI YOGYAKARTA,DI YOGYAKARTA,SIPIL,B,12200000.0,DI YOGYAKARTA | Teknik & Arsitektur | Menengah (10-20jt) | Baik Sekali / B,https://rencanamu.id/cari-kampus/universitas-teknologi-yogyakarta
525,UNIVERSITAS PGRI YOGYAKARTA,DI YOGYAKARTA,ARSITEKTUR,BAIK,12100000.0,DI YOGYAKARTA | Teknik & Arsitektur | Menengah (10-20jt) | Baik Sekali / B,https://rencanamu.id/cari-kampus/universitas-pgri-yogyakarta
525,UNIVERSITAS PGRI YOGYAKARTA,DI YOGYAKARTA,INDUSTRI,BAIK,12100000.0,DI YOGYAKARTA | Teknik & Arsitektur | Menengah (10-20jt) | Baik Sekali / B,https://rencanamu.id/cari-kampus/universitas-pgri-yogyakarta
543,UNIVERSITAS NAHDLATUL ULAMA YOGYAKARTA,DI YOGYAKARTA,ELEKTRO,BAIK,12000000.0,DI YOGYAKARTA | Teknik & Arsitektur | Menengah (10-20jt) | Baik Sekali / B,-
605,UNIVERSITAS AKPRIND INDONESIA,DI YOGYAKARTA,ELEKTRO,BAIK SEKALI,10630000.0,DI YOGYAKARTA | Teknik & Arsitektur | Menengah (10-20jt) | Baik Sekali / B,-
605,UNIVERSITAS AKPRIND INDONESIA,DI YOGYAKARTA,INDUSTRI,BAIK SEKALI,10630000.0,DI YOGYAKARTA | Teknik & Arsitektur | Menengah (10-20jt) | Baik Sekali / B,-
605,UNIVERSITAS AKPRIND INDONESIA,DI YOGYAKARTA,MESIN,BAIK SEKALI,10630000.0,DI YOGYAKARTA | Teknik & Arsitektur | Menengah (10-20jt) | Baik Sekali / B,-
614,SEKOLAH TINGGI ARSITEKTUR YKPN YOGYAKARTA,DI YOGYAKARTA,ARSITEKTUR,BAIK,10500000.0,DI YOGYAKARTA | Teknik & Arsitektur | Menengah (10-20jt) | Baik Sekali / B,-
624,UNIVERSITAS AMIKOM YOGYAKARTA,DI YOGYAKARTA,ARSITEKTUR,BAIK SEKALI,10300000.0,DI YOGYAKARTA | Teknik & Arsitektur | Menengah (10-20jt) | Baik Sekali / B,https://campus.quipper.com/directory/universitas-amikom-yogyakarta
867,UNIVERSITAS COKROAMINOTO YOGYAKARTA,DI YOGYAKARTA,SIPIL,BAIK SEKALI,7500000.0,DI YOGYAKARTA | Teknik & Arsitektur | Terjangkau (5-10jt) | Baik Sekali / B,https://campus.quipper.com/directory/universitas-cokroaminoto-yogyakarta
1048,SEKOLAH TINGGI MARITIM YOGYAKARTA,DI YOGYAKARTA,KELAUTAN,BAIK SEKALI,6250000.0,DI YOGYAKARTA | Teknik & Arsitektur | Terjangkau (5-10jt) | Baik Sekali / B,-
1048,SEKOLAH TINGGI MARITIM YOGYAKARTA,DI YOGYAKARTA,TRANSPORTASI,BAIK,6250000.0,DI YOGYAKARTA | Teknik & Arsitektur | Terjangkau (5-10jt) | Baik Sekali / B,-
1207,UNIVERSITAS GUNUNG KIDUL,DI YOGYAKARTA,SIPIL,BAIK,5200000.0,DI YOGYAKARTA | Teknik & Arsitektur | Terjangkau (5-10jt) | Baik Sekali / B,-
1238,UNIVERSITAS AISYIYAH YOGYAKARTA,DI YOGYAKARTA,ARSITEKTUR,B,5000000.0,DI YOGYAKARTA | Teknik & Arsitektur | Terjangkau (5-10jt) | Baik Sekali / B,-
1404,SEKOLAH TINGGI TEKNOLOGI NASIONAL,DI YOGYAKARTA,ELEKTRO,B,4000000.0,DI YOGYAKARTA | Teknik & Arsitektur | Hemat (<5jt) | Baik Sekali / B,https://campus.quipper.com/directory/sekolah-tinggi-teknologi-nasional
1404,SEKOLAH TINGGI TEKNOLOGI NASIONAL,DI YOGYAKARTA,MESIN,B,4000000.0,DI YOGYAKARTA | Teknik & Arsitektur | Hemat (<5jt) | Baik Sekali / B,https://campus.quipper.com/directory/sekolah-tinggi-teknologi-nasional
1404,SEKOLAH TINGGI TEKNOLOGI NASIONAL,DI YOGYAKARTA,PERTAMBANGAN,B,4000000.0,DI YOGYAKARTA | Teknik & Arsitektur | Hemat (<5jt) | Baik Sekali / B,https://campus.quipper.com/directory/sekolah-tinggi-teknologi-nasional
1404,SEKOLAH TINGGI TEKNOLOGI NASIONAL,DI YOGYAKARTA,SIPIL,B,4000000.0,DI YOGYAKARTA | Teknik & Arsitektur | Hemat (<5jt) | Baik Sekali / B,https://campus.quipper.com/directory/sekolah-tinggi-teknologi-nasional
1414,UNIVERSITAS PROKLAMASI 45,DI YOGYAKARTA,INDUSTRI,BAIK,4000000.0,DI YOGYAKARTA | Teknik & Arsitektur | Hemat (<5jt) | Baik Sekali / B,https://campus.quipper.com/directory/universitas-proklamasi-45
1414,UNIVERSITAS PROKLAMASI 45,DI YOGYAKARTA,LINGKUNGAN,BAIK SEKALI,4000000.0,DI YOGYAKARTA | Teknik & Arsitektur | Hemat (<5jt) | Baik Sekali / B,https://campus.quipper.com/directory/universitas-proklamasi-45
1414,UNIVERSITAS PROKLAMASI 45,DI YOGYAKARTA,MESIN,BAIK,4000000.0,DI YOGYAKARTA | Teknik & Arsitektur | Hemat (<5jt) | Baik Sekali / B,https://campus.quipper.com/directory/universitas-proklamasi-45
1414,UNIVERSITAS PROKLAMASI 45,DI YOGYAKARTA,PERMINYAKAN,BAIK,4000000.0,DI YOGYAKARTA | Teknik & Arsitektur | Hemat (<5jt) | Baik Sekali / B,https://campus.quipper.com/directory/universitas-proklamasi-45
32,UNIVERSITAS KATOLIK INDONESIA ATMA JAYA,DKI JAKARTA,ADMINISTRASI BISNIS,B,289650000.0,DKI JAKARTA | Ekonomi & Bisnis | Sangat Mahal (>50jt) | Baik Sekali / B,https://rencanamu.id/cari-kampus/universitas-katolik-indonesia-atma-jaya
32,UNIVERSITAS KATOLIK INDONESIA ATMA JAYA,DKI JAKARTA,AKUNTANSI,A,289650000.0,DKI JAKARTA | Ekonomi & Bisnis | Sangat Mahal (>50jt) | Baik Sekali / B,https://rencanamu.id/cari-kampus/universitas-katolik-indonesia-atma-jaya
32,UNIVERSITAS KATOLIK INDONESIA ATMA JAYA,DKI JAKARTA,EKONOMI,B,289650000.0,DKI JAKARTA | Ekonomi & Bisnis | Sangat Mahal (>50jt) | Baik Sekali / B,https://rencanamu.id/cari-kampus/universitas-katolik-indonesia-atma-jaya
32,UNIVERSITAS KATOLIK INDONESIA ATMA JAYA,DKI JAKARTA,EKONOMI PEMBANGUNAN,A,289650000.0,DKI JAKARTA | Ekonomi & Bisnis | Sangat Mahal (>50jt) | Baik Sekali / B,https://rencanamu.id/cari-kampus/universitas-katolik-indonesia-atma-jaya
32,UNIVERSITAS KATOLIK INDONESIA ATMA JAYA,DKI JAKARTA,MANAJEMEN,A,289650000.0,DKI JAKARTA | Ekonomi & Bisnis | Sangat Mahal (>50jt) | Baik Sekali / B,https://rencanamu.id/cari-kampus/universitas-katolik-indonesia-atma-jaya
35,UNIVERSITAS YARSI,DKI JAKARTA,AKUNTANSI,B,262250000.0,DKI JAKARTA | Ekonomi & Bisnis | Sangat Mahal (>50jt) | Baik Sekali / B,https://campus.quipper.com/directory/universitas-yarsi
35,UNIVERSITAS YARSI,DKI JAKARTA,MANAJEMEN,B,262250000.0,DKI JAKARTA | Ekonomi & Bisnis | Sangat Mahal (>50jt) | Baik Sekali / B,https://campus.quipper.com/directory/universitas-yarsi
42,UNIVERSITAS TRISAKTI,DKI JAKARTA,PERPAJAKAN,A,168450000.0,DKI JAKARTA | Ekonomi & Bisnis | Sangat Mahal (>50jt) | Baik Sekali / B,https://rencanamu.id/cari-kampus/universitas-trisakti
48,UNIVERSITAS PERTAMINA,DKI JAKARTA,EKONOMI,UNGGUL,126000000.0,DKI JAKARTA | Ekonomi & Bisnis | Sangat Mahal (>50jt) | Baik Sekali / B,https://rencanamu.id/cari-kampus/universitas-pertamina
48,UNIVERSITAS PERTAMINA,DKI JAKARTA,LOGISTIK,BAIK SEKALI,126000000.0,DKI JAKARTA | Ekonomi & Bisnis | Sangat Mahal (>50jt) | Baik Sekali / B,https://rencanamu.id/cari-kampus/universitas-pertamina
48,UNIVERSITAS PERTAMINA,DKI JAKARTA,MANAJEMEN,UNGGUL,126000000.0,DKI JAKARTA | Ekonomi & Bisnis | Sangat Mahal (>50jt) | Baik Sekali / B,https://rencanamu.id/cari-kampus/universitas-pertamina
50,UNIVERSITAS 17 AGUSTUS 1945 JAKARTA,DKI JAKARTA,ADMINISTRASI BISNIS,BAIK SEKALI,114980000.0,DKI JAKARTA | Ekonomi & Bisnis | Sangat Mahal (>50jt) | Baik Sekali / B,https://rencanamu.id/cari-kampus/universitas-17-agustus-1945-jakarta
50,UNIVERSITAS 17 AGUSTUS 1945 JAKARTA,DKI JAKARTA,ADMINISTRASI NIAGA,B,114980000.0,DKI JAKARTA | Ekonomi & Bisnis | Sangat Mahal (>50jt) | Baik Sekali / B,https://rencanamu.id/cari-kampus/universitas-17-agustus-1945-jakarta
50,UNIVERSITAS 17 AGUSTUS 1945 JAKARTA,DKI JAKARTA,AKUNTANSI,B,114980000.0,DKI JAKARTA | Ekonomi & Bisnis | Sangat Mahal (>50jt) | Baik Sekali / B,https://rencanamu.id/cari-kampus/universitas-17-agustus-1945-jakarta
50,UNIVERSITAS 17 AGUSTUS 1945 JAKARTA,DKI JAKARTA,BISNIS DIGITAL,BAIK SEKALI,114980000.0,DKI JAKARTA | Ekonomi & Bisnis | Sangat Mahal (>50jt) | Baik Sekali / B,https://rencanamu.id/cari-kampus/universitas-17-agustus-1945-jakarta
50,UNIVERSITAS 17 AGUSTUS 1945 JAKARTA,DKI JAKARTA,MANAJEMEN,B,114980000.0,DKI JAKARTA | Ekonomi & Bisnis | Sangat Mahal (>50jt) | Baik Sekali / B,https://rencanamu.id/cari-kampus/universitas-17-agustus-1945-jakarta
51,UNIVERSITAS BINA NUSANTARA,DKI JAKARTA,AKUNTANSI,B,95259501.0,DKI JAKARTA | Ekonomi & Bisnis | Sangat Mahal (>50jt) | Baik Sekali / B,https://campus.quipper.com/directory/binus-university
51,UNIVERSITAS BINA NUSANTARA,DKI JAKARTA,BISNIS,UNGGUL,95259501.0,DKI JAKARTA | Ekonomi & Bisnis | Sangat Mahal (>50jt) | Baik Sekali / B,https://campus.quipper.com/directory/binus-university
51,UNIVERSITAS BINA NUSANTARA,DKI JAKARTA,BISNIS DIGITAL,BAIK,95259501.0,DKI JAKARTA | Ekonomi & Bisnis | Sangat Mahal (>50jt) | Baik Sekali / B,https://campus.quipper.com/directory/binus-university
51,UNIVERSITAS BINA NUSANTARA,DKI JAKARTA,KEUANGAN,UNGGUL,95259501.0,DKI JAKARTA | Ekonomi & Bisnis | Sangat Mahal (>50jt) | Baik Sekali / B,https://campus.quipper.com/directory/binus-university
51,UNIVERSITAS BINA NUSANTARA,DKI JAKARTA,KEWIRAUSAHAAN,UNGGUL,95259501.0,DKI JAKARTA | Ekonomi & Bisnis | Sangat Mahal (>50jt) | Baik Sekali / B,https://campus.quipper.com/directory/binus-university
51,UNIVERSITAS BINA NUSANTARA,DKI JAKARTA,MANAJEMEN,UNGGUL,95259501.0,DKI JAKARTA | Ekonomi & Bisnis | Sangat Mahal (>50jt) | Baik Sekali / B,https://campus.quipper.com/directory/binus-university
51,UNIVERSITAS BINA NUSANTARA,DKI JAKARTA,MANAJEMEN BISNIS INTERNASIONAL,UNGGUL,95259501.0,DKI JAKARTA | Ekonomi & Bisnis | Sangat Mahal (>50jt) | Baik Sekali / B,https://campus.quipper.com/directory/binus-university
51,UNIVERSITAS BINA NUSANTARA,DKI JAKARTA,PEMASARAN,UNGGUL,95259501.0,DKI JAKARTA | Ekonomi & Bisnis | Sangat Mahal (>50jt) | Baik Sekali / B,https://campus.quipper.com/directory/binus-university
51,UNIVERSITAS BINA NUSANTARA,DKI JAKARTA,PERDAGANGAN INTERNASIONAL,BAIK,95259501.0,DKI JAKARTA | Ekonomi & Bisnis | Sangat Mahal (>50jt) | Baik Sekali / B,https://campus.quipper.com/directory/binus-university
51,UNIVERSITAS BINA NUSANTARA,DKI JAKARTA,PERPAJAKAN,UNGGUL,95259501.0,DKI JAKARTA | Ekonomi & Bisnis | Sangat Mahal (>50jt) | Baik Sekali / B,https://campus.quipper.com/directory/binus-university
57,UNIVERSITAS KALBIS,DKI JAKARTA,AKUNTANSI,BAIK SEKALI,78860000.0,DKI JAKARTA | Ekonomi & Bisnis | Sangat Mahal (>50jt) | Baik Sekali / B,-
57,UNIVERSITAS KALBIS,DKI JAKARTA,MANAJEMEN,UNGGUL,78860000.0,DKI JAKARTA | Ekonomi & Bisnis | Sangat Mahal (>50jt) | Baik Sekali / B,-
58,UNIVERSITAS MUHAMMADIYAH PROF DR HAMKA,DKI JAKARTA,AKUNTANSI,UNGGUL,75800000.0,DKI JAKARTA | Ekonomi & Bisnis | Sangat Mahal (>50jt) | Baik Sekali / B,https://campus.quipper.com/directory/universitas-muhammadiyah-prof-dr-hamka
58,UNIVERSITAS MUHAMMADIYAH PROF DR HAMKA,DKI JAKARTA,EKONOMI,UNGGUL,75800000.0,DKI JAKARTA | Ekonomi & Bisnis | Sangat Mahal (>50jt) | Baik Sekali / B,https://campus.quipper.com/directory/universitas-muhammadiyah-prof-dr-hamka
58,UNIVERSITAS MUHAMMADIYAH PROF DR HAMKA,DKI JAKARTA,MANAJEMEN,UNGGUL,75800000.0,DKI JAKARTA | Ekonomi & Bisnis | Sangat Mahal (>50jt) | Baik Sekali / B,https://campus.quipper.com/directory/universitas-muhammadiyah-prof-dr-hamka
58,UNIVERSITAS MUHAMMADIYAH PROF DR HAMKA,DKI JAKARTA,PERPAJAKAN,UNGGUL,75800000.0,DKI JAKARTA | Ekonomi & Bisnis | Sangat Mahal (>50jt) | Baik Sekali / B,https://campus.quipper.com/directory/universitas-muhammadiyah-prof-dr-hamka
67,INSTITUT IPMI,DKI JAKARTA,ADMINISTRASI BISNIS,UNGGUL,65000000.0,DKI JAKARTA | Ekonomi & Bisnis | Sangat Mahal (>50jt) | Baik Sekali / B,-
67,INSTITUT IPMI,DKI JAKARTA,BISNIS DIGITAL,BAIK,65000000.0,DKI JAKARTA | Ekonomi & Bisnis | Sangat Mahal (>50jt) | Baik Sekali / B,-
67,INSTITUT IPMI,DKI JAKARTA,KEWIRAUSAHAAN,BAIK,65000000.0,DKI JAKARTA | Ekonomi & Bisnis | Sangat Mahal (>50jt) | Baik Sekali / B,-
113,INSTITUT PARIWISATA TRISAKTI,DKI JAKARTA,BISNIS DIGITAL,BAIK,64250000.0,DKI JAKARTA | Ekonomi & Bisnis | Sangat Mahal (>50jt) | Baik Sekali / B,-
113,INSTITUT PARIWISATA TRISAKTI,DKI JAKARTA,KEWIRAUSAHAAN,BAIK,64250000.0,DKI JAKARTA | Ekonomi & Bisnis | Sangat Mahal (>50jt) | Baik Sekali / B,-
71,UNIVERSITAS TARUMANAGARA,DKI JAKARTA,AKUNTANSI,A,60100000.0,DKI JAKARTA | Ekonomi & Bisnis | Sangat Mahal (>50jt) | Baik Sekali / B,https://rencanamu.id/cari-kampus/universitas-tarumanagara
71,UNIVERSITAS TARUMANAGARA,DKI JAKARTA,MANAJEMEN,A,60100000.0,DKI JAKARTA | Ekonomi & Bisnis | Sangat Mahal (>50jt) | Baik Sekali / B,https://rencanamu.id/cari-kampus/universitas-tarumanagara
76,UNIVERSITAS KRISTEN KRIDA WACANA,DKI JAKARTA,AKUNTANSI,A,56000000.0,DKI JAKARTA | Ekonomi & Bisnis | Sangat Mahal (>50jt) | Baik Sekali / B,https://campus.quipper.com/directory/universitas-kristen-krida-wacana
76,UNIVERSITAS KRISTEN KRIDA WACANA,DKI JAKARTA,MANAJEMEN,A,56000000.0,DKI JAKARTA | Ekonomi & Bisnis | Sangat Mahal (>50jt) | Baik Sekali / B,https://campus.quipper.com/directory/universitas-kristen-krida-wacana
1,LONDON SCHOOL OF PUBLIC RELATIONS,DKI JAKARTA,PEMASARAN,A,52500000.0,DKI JAKARTA | Ekonomi & Bisnis | Sangat Mahal (>50jt) | Baik Sekali / B,https://rencanamu.id/cari-kampus/london-school-of-public-relations
82,INSTITUT BIO SCIENTIA INTERNASIONAL INDONESIA,DKI JAKARTA,KEWIRAUSAHAAN,B,51500000.0,DKI JAKARTA | Ekonomi & Bisnis | Sangat Mahal (>50jt) | Baik Sekali / B,-
82,INSTITUT BIO SCIENTIA INTERNASIONAL INDONESIA,DKI JAKARTA,MANAJEMEN BISNIS INTERNASIONAL,BAIK SEKALI,51500000.0,DKI JAKARTA | Ekonomi & Bisnis | Sangat Mahal (>50jt) | Baik Sekali / B,-
83,UNIVERSITAS PRASETIYA MULYA,DKI JAKARTA,AKUNTANSI,B,51000000.0,DKI JAKARTA | Ekonomi & Bisnis | Sangat Mahal (>50jt) | Baik Sekali / B,https://campus.quipper.com/directory/universitas-prasetiya-mulya
83,UNIVERSITAS PRASETIYA MULYA,DKI JAKARTA,BISNIS,BAIK SEKALI,51000000.0,DKI JAKARTA | Ekonomi & Bisnis | Sangat Mahal (>50jt) | Baik Sekali / B,https://campus.quipper.com/directory/universitas-prasetiya-mulya
83,UNIVERSITAS PRASETIYA MULYA,DKI JAKARTA,BISNIS DIGITAL,BAIK SEKALI,51000000.0,DKI JAKARTA | Ekonomi & Bisnis | Sangat Mahal (>50jt) | Baik Sekali / B,https://campus.quipper.com/directory/universitas-prasetiya-mulya
83,UNIVERSITAS PRASETIYA MULYA,DKI JAKARTA,EKONOMI,C,51000000.0,DKI JAKARTA | Ekonomi & Bisnis | Sangat Mahal (>50jt) | Baik Sekali / B,https://campus.quipper.com/directory/universitas-prasetiya-mulya
83,UNIVERSITAS PRASETIYA MULYA,DKI JAKARTA,KEUANGAN PERBANKAN,BAIK SEKALI,51000000.0,DKI JAKARTA | Ekonomi & Bisnis | Sangat Mahal (>50jt) | Baik Sekali / B,https://campus.quipper.com/directory/universitas-prasetiya-mulya
83,UNIVERSITAS PRASETIYA MULYA,DKI JAKARTA,KEWIRAUSAHAAN,C,51000000.0,DKI JAKARTA | Ekonomi & Bisnis | Sangat Mahal (>50jt) | Baik Sekali / B,https://campus.quipper.com/directory/universitas-prasetiya-mulya
83,UNIVERSITAS PRASETIYA MULYA,DKI JAKARTA,MANAJEMEN,A,51000000.0,DKI JAKARTA | Ekonomi & Bisnis | Sangat Mahal (>50jt) | Baik Sekali / B,https://campus.quipper.com/directory/universitas-prasetiya-mulya
101,SEKOLAH TINGGI ILMU EKONOMI KUSUMA NEGARA,DKI JAKARTA,AKUNTANSI,BAIK SEKALI,45000000.0,DKI JAKARTA | Ekonomi & Bisnis | Mahal (20-50jt) | Baik Sekali / B,-
109,UNIVERSITAS KRISNADWIPAYANA,DKI JAKARTA,ADMINISTRASI,B,40500000.0,DKI JAKARTA | Ekonomi & Bisnis | Mahal (20-50jt) | Baik Sekali / B,https://campus.quipper.com/directory/universitas-krisnadwipayana
109,UNIVERSITAS KRISNADWIPAYANA,DKI JAKARTA,ADMINISTRASI BISNIS,BAIK,40500000.0,DKI JAKARTA | Ekonomi & Bisnis | Mahal (20-50jt) | Baik Sekali / B,https://campus.quipper.com/directory/universitas-krisnadwipayana
109,UNIVERSITAS KRISNADWIPAYANA,DKI JAKARTA,ADMINISTRASI NIAGA,B,40500000.0,DKI JAKARTA | Ekonomi & Bisnis | Mahal (20-50jt) | Baik Sekali / B,https://campus.quipper.com/directory/universitas-krisnadwipayana
109,UNIVERSITAS KRISNADWIPAYANA,DKI JAKARTA,AKUNTANSI,B,40500000.0,DKI JAKARTA | Ekonomi & Bisnis | Mahal (20-50jt) | Baik Sekali / B,https://campus.quipper.com/directory/universitas-krisnadwipayana
109,UNIVERSITAS KRISNADWIPAYANA,DKI JAKARTA,MANAJEMEN,B,40500000.0,DKI JAKARTA | Ekonomi & Bisnis | Mahal (20-50jt) | Baik Sekali / B,https://campus.quipper.com/directory/universitas-krisnadwipayana
120,UNIVERSITAS ARY GINANJAR,DKI JAKARTA,MANAJEMEN,BAIK,38200000.0,DKI JAKARTA | Ekonomi & Bisnis | Mahal (20-50jt) | Baik Sekali / B,-
130,UNIVERSITAS PARAMADINA,DKI JAKARTA,MANAJEMEN,B,34550000.0,DKI JAKARTA | Ekonomi & Bisnis | Mahal (20-50jt) | Baik Sekali / B,https://rencanamu.id/cari-kampus/universitas-paramadina
139,UNIVERSITAS BAKRIE,DKI JAKARTA,AKUNTANSI,A,32750000.0,DKI JAKARTA | Ekonomi & Bisnis | Mahal (20-50jt) | Baik Sekali / B,https://campus.quipper.com/directory/universitas-bakrie
139,UNIVERSITAS BAKRIE,DKI JAKARTA,MANAJEMEN,B,32750000.0,DKI JAKARTA | Ekonomi & Bisnis | Mahal (20-50jt) | Baik Sekali / B,https://campus.quipper.com/directory/universitas-bakrie
145,UNIVERSITAS MULTIMEDIA NUSANTARA JAKARTA,DKI JAKARTA,AKUNTANSI,UNGGUL,32325000.0,DKI JAKARTA | Ekonomi & Bisnis | Mahal (20-50jt) | Baik Sekali / B,-
145,UNIVERSITAS MULTIMEDIA NUSANTARA JAKARTA,DKI JAKARTA,MANAJEMEN,UNGGUL,32325000.0,DKI JAKARTA | Ekonomi & Bisnis | Mahal (20-50jt) | Baik Sekali / B,-
146,SEKOLAH TINGGI MANAJEMEN PPM,DKI JAKARTA,AKUNTANSI,UNGGUL,32250000.0,DKI JAKARTA | Ekonomi & Bisnis | Mahal (20-50jt) | Baik Sekali / B,-
146,SEKOLAH TINGGI MANAJEMEN PPM,DKI JAKARTA,MANAJEMEN,UNGGUL,32250000.0,DKI JAKARTA | Ekonomi & Bisnis | Mahal (20-50jt) | Baik Sekali / B,-
154,UNIVERSITAS ESA UNGGUL,DKI JAKARTA,AKUNTANSI,A,31025000.0,DKI JAKARTA | Ekonomi & Bisnis | Mahal (20-50jt) | Baik Sekali / B,https://campus.quipper.com/directory/universitas-esa-unggul
154,UNIVERSITAS ESA UNGGUL,DKI JAKARTA,BISNIS,A,31025000.0,DKI JAKARTA | Ekonomi & Bisnis | Mahal (20-50jt) | Baik Sekali / B,https://campus.quipper.com/directory/universitas-esa-unggul
154,UNIVERSITAS ESA UNGGUL,DKI JAKARTA,MANAJEMEN,UNGGUL,31025000.0,DKI JAKARTA | Ekonomi & Bisnis | Mahal (20-50jt) | Baik Sekali / B,https://campus.quipper.com/directory/universitas-esa-unggul
154,UNIVERSITAS ESA UNGGUL,DKI JAKARTA,PEMASARAN,A,31025000.0,DKI JAKARTA | Ekonomi & Bisnis | Mahal (20-50jt) | Baik Sekali / B,https://campus.quipper.com/directory/universitas-esa-unggul
155,UNIVERSITAS PROF DR MOESTOPO,DKI JAKARTA,MANAJEMEN,BAIK SEKALI,31000000.0,DKI JAKARTA | Ekonomi & Bisnis | Mahal (20-50jt) | Baik Sekali / B,-
156,UNIVERSITAS BOROBUDUR,DKI JAKARTA,AGRIBISNIS,B,30600000.0,DKI JAKARTA | Ekonomi & Bisnis | Mahal (20-50jt) | Baik Sekali / B,https://rencanamu.id/cari-kampus/universitas-borobudur
156,UNIVERSITAS BOROBUDUR,DKI JAKARTA,AKUNTANSI,B,30600000.0,DKI JAKARTA | Ekonomi & Bisnis | Mahal (20-50jt) | Baik Sekali / B,https://rencanamu.id/cari-kampus/universitas-borobudur
156,UNIVERSITAS BOROBUDUR,DKI JAKARTA,MANAJEMEN,A,30600000.0,DKI JAKARTA | Ekonomi & Bisnis | Mahal (20-50jt) | Baik Sekali / B,https://rencanamu.id/cari-kampus/universitas-borobudur
160,UNIVERSITAS KRISTEN INDONESIA,DKI JAKARTA,ADMINISTRASI,B,30000000.0,DKI JAKARTA | Ekonomi & Bisnis | Mahal (20-50jt) | Baik Sekali / B,https://campus.quipper.com/directory/universitas-kristen-indonesia
160,UNIVERSITAS KRISTEN INDONESIA,DKI JAKARTA,AKUNTANSI,B,30000000.0,DKI JAKARTA | Ekonomi & Bisnis | Mahal (20-50jt) | Baik Sekali / B,https://campus.quipper.com/directory/universitas-kristen-indonesia
160,UNIVERSITAS KRISTEN INDONESIA,DKI JAKARTA,KEUANGAN PERBANKAN,B,30000000.0,DKI JAKARTA | Ekonomi & Bisnis | Mahal (20-50jt) | Baik Sekali / B,https://campus.quipper.com/directory/universitas-kristen-indonesia
160,UNIVERSITAS KRISTEN INDONESIA,DKI JAKARTA,MANAJEMEN,B,30000000.0,DKI JAKARTA | Ekonomi & Bisnis | Mahal (20-50jt) | Baik Sekali / B,https://campus.quipper.com/directory/universitas-kristen-indonesia
160,UNIVERSITAS KRISTEN INDONESIA,DKI JAKARTA,PERPAJAKAN,B,30000000.0,DKI JAKARTA | Ekonomi & Bisnis | Mahal (20-50jt) | Baik Sekali / B,https://campus.quipper.com/directory/universitas-kristen-indonesia
168,INSTITUT BISNIS DAN INFORMATIKA KWIK KIAN GIE,DKI JAKARTA,ADMINISTRASI BISNIS,UNGGUL,29000000.0,DKI JAKARTA | Ekonomi & Bisnis | Mahal (20-50jt) | Baik Sekali / B,https://campus.quipper.com/directory/institut-bisnis-dan-informatika-kwik-kian-gie
168,INSTITUT BISNIS DAN INFORMATIKA KWIK KIAN GIE,DKI JAKARTA,ADMINISTRASI NIAGA,A,29000000.0,DKI JAKARTA | Ekonomi & Bisnis | Mahal (20-50jt) | Baik Sekali / B,https://campus.quipper.com/directory/institut-bisnis-dan-informatika-kwik-kian-gie
168,INSTITUT BISNIS DAN INFORMATIKA KWIK KIAN GIE,DKI JAKARTA,AKUNTANSI,A,29000000.0,DKI JAKARTA | Ekonomi & Bisnis | Mahal (20-50jt) | Baik Sekali / B,https://campus.quipper.com/directory/institut-bisnis-dan-informatika-kwik-kian-gie
168,INSTITUT BISNIS DAN INFORMATIKA KWIK KIAN GIE,DKI JAKARTA,MANAJEMEN,A,29000000.0,DKI JAKARTA | Ekonomi & Bisnis | Mahal (20-50jt) | Baik Sekali / B,https://campus.quipper.com/directory/institut-bisnis-dan-informatika-kwik-kian-gie
177,UNIVERSITAS AGUNG PODOMORO,DKI JAKARTA,AKUNTANSI,C,28000000.0,DKI JAKARTA | Ekonomi & Bisnis | Mahal (20-50jt) | Baik / C,https://campus.quipper.com/directory/universitas-podomoro
177,UNIVERSITAS AGUNG PODOMORO,DKI JAKARTA,KEWIRAUSAHAAN,C,28000000.0,DKI JAKARTA | Ekonomi & Bisnis | Mahal (20-50jt) | Baik / C,https://campus.quipper.com/directory/universitas-podomoro
177,UNIVERSITAS AGUNG PODOMORO,DKI JAKARTA,MANAJEMEN,BAIK SEKALI,28000000.0,DKI JAKARTA | Ekonomi & Bisnis | Mahal (20-50jt) | Baik Sekali / B,https://campus.quipper.com/directory/universitas-podomoro
178,UNIVERSITAS BHAKTI PERTIWI INDONESIA,DKI JAKARTA,BISNIS DIGITAL,BAIK,28000000.0,DKI JAKARTA | Ekonomi & Bisnis | Mahal (20-50jt) | Baik Sekali / B,-
188,UNIVERSITAS JAYABAYA,DKI JAKARTA,ADMINISTRASI,UNGGUL,26750000.0,DKI JAKARTA | Ekonomi & Bisnis | Mahal (20-50jt) | Baik Sekali / B,https://campus.quipper.com/directory/universitas-jayabaya
188,UNIVERSITAS JAYABAYA,DKI JAKARTA,AKUNTANSI,B,26750000.0,DKI JAKARTA | Ekonomi & Bisnis | Mahal (20-50jt) | Baik Sekali / B,https://campus.quipper.com/directory/universitas-jayabaya
188,UNIVERSITAS JAYABAYA,DKI JAKARTA,MANAJEMEN,B,26750000.0,DKI JAKARTA | Ekonomi & Bisnis | Mahal (20-50jt) | Baik Sekali / B,https://campus.quipper.com/directory/universitas-jayabaya
5,TRISAKTI SCHOOL OF MANAGEMENT,DKI JAKARTA,AKUNTANSI,A,26500000.0,DKI JAKARTA | Ekonomi & Bisnis | Mahal (20-50jt) | Baik Sekali / B,https://rencanamu.id/cari-kampus/trisakti-school-of-management
5,TRISAKTI SCHOOL OF MANAGEMENT,DKI JAKARTA,MANAJEMEN,A,26500000.0,DKI JAKARTA | Ekonomi & Bisnis | Mahal (20-50jt) | Baik Sekali / B,https://rencanamu.id/cari-kampus/trisakti-school-of-management
199,UNIVERSITAS NASIONAL,DKI JAKARTA,ADMINISTRASI,A,25501000.0,DKI JAKARTA | Ekonomi & Bisnis | Mahal (20-50jt) | Baik Sekali / B,https://campus.quipper.com/directory/universitas-nasional
199,UNIVERSITAS NASIONAL,DKI JAKARTA,AKUNTANSI,B,25501000.0,DKI JAKARTA | Ekonomi & Bisnis | Mahal (20-50jt) | Baik Sekali / B,https://campus.quipper.com/directory/universitas-nasional
199,UNIVERSITAS NASIONAL,DKI JAKARTA,BISNIS DIGITAL,BAIK SEKALI,25501000.0,DKI JAKARTA | Ekonomi & Bisnis | Mahal (20-50jt) | Baik Sekali / B,https://campus.quipper.com/directory/universitas-nasional
199,UNIVERSITAS NASIONAL,DKI JAKARTA,MANAJEMEN,B,25501000.0,DKI JAKARTA | Ekonomi & Bisnis | Mahal (20-50jt) | Baik Sekali / B,https://campus.quipper.com/directory/universitas-nasional
219,UNIVERSITAS MUHAMMADIYAH JAKARTA,DKI JAKARTA,ADMINISTRASI,B,24511201.0,DKI JAKARTA | Ekonomi & Bisnis | Mahal (20-50jt) | Baik Sekali / B,https://campus.quipper.com/directory/universitas-muhammadiyah-jakarta
219,UNIVERSITAS MUHAMMADIYAH JAKARTA,DKI JAKARTA,AGRIBISNIS,BAIK,24511201.0,DKI JAKARTA | Ekonomi & Bisnis | Mahal (20-50jt) | Baik Sekali / B,https://campus.quipper.com/directory/universitas-muhammadiyah-jakarta
219,UNIVERSITAS MUHAMMADIYAH JAKARTA,DKI JAKARTA,AKUNTANSI,B,24511201.0,DKI JAKARTA | Ekonomi & Bisnis | Mahal (20-50jt) | Baik Sekali / B,https://campus.quipper.com/directory/universitas-muhammadiyah-jakarta
219,UNIVERSITAS MUHAMMADIYAH JAKARTA,DKI JAKARTA,EKONOMI,B,24511201.0,DKI JAKARTA | Ekonomi & Bisnis | Mahal (20-50jt) | Baik Sekali / B,https://campus.quipper.com/directory/universitas-muhammadiyah-jakarta
219,UNIVERSITAS MUHAMMADIYAH JAKARTA,DKI JAKARTA,MANAJEMEN,B,24511201.0,DKI JAKARTA | Ekonomi & Bisnis | Mahal (20-50jt) | Baik Sekali / B,https://campus.quipper.com/directory/universitas-muhammadiyah-jakarta
219,UNIVERSITAS MUHAMMADIYAH JAKARTA,DKI JAKARTA,PERBANKAN,B,24511201.0,DKI JAKARTA | Ekonomi & Bisnis | Mahal (20-50jt) | Baik Sekali / B,https://campus.quipper.com/directory/universitas-muhammadiyah-jakarta
221,STIE INDONESIA BANKING SCHOOL,DKI JAKARTA,AKUNTANSI,B,24300000.0,DKI JAKARTA | Ekonomi & Bisnis | Mahal (20-50jt) | Baik Sekali / B,https://rencanamu.id/cari-kampus/stie-indonesia-banking-school
221,STIE INDONESIA BANKING SCHOOL,DKI JAKARTA,MANAJEMEN,B,24300000.0,DKI JAKARTA | Ekonomi & Bisnis | Mahal (20-50jt) | Baik Sekali / B,https://rencanamu.id/cari-kampus/stie-indonesia-banking-school
227,UNIVERSITAS TANRI ABENG,DKI JAKARTA,ADMINISTRASI,BAIK SEKALI,24000000.0,DKI JAKARTA | Ekonomi & Bisnis | Mahal (20-50jt) | Baik Sekali / B,https://campus.quipper.com/directory/universitas-tanri-abeng
227,UNIVERSITAS TANRI ABENG,DKI JAKARTA,ADMINISTRASI BISNIS,BAIK,24000000.0,DKI JAKARTA | Ekonomi & Bisnis | Mahal (20-50jt) | Baik Sekali / B,https://campus.quipper.com/directory/universitas-tanri-abeng
227,UNIVERSITAS TANRI ABENG,DKI JAKARTA,AKUNTANSI,BAIK,24000000.0,DKI JAKARTA | Ekonomi & Bisnis | Mahal (20-50jt) | Baik Sekali / B,https://campus.quipper.com/directory/universitas-tanri-abeng
227,UNIVERSITAS TANRI ABENG,DKI JAKARTA,MANAJEMEN,BAIK SEKALI,24000000.0,DKI JAKARTA | Ekonomi & Bisnis | Mahal (20-50jt) | Baik Sekali / B,https://campus.quipper.com/directory/universitas-tanri-abeng
233,PPM SCHOOL OF MANAGEMENT,DKI JAKARTA,AKUNTANSI,A,23500000.0,DKI JAKARTA | Ekonomi & Bisnis | Mahal (20-50jt) | Baik Sekali / B,https://rencanamu.id/cari-kampus/sekolah-tinggi-manajemen-ppm
233,PPM SCHOOL OF MANAGEMENT,DKI JAKARTA,BISNIS,A,23500000.0,DKI JAKARTA | Ekonomi & Bisnis | Mahal (20-50jt) | Baik Sekali / B,https://rencanamu.id/cari-kampus/sekolah-tinggi-manajemen-ppm
233,PPM SCHOOL OF MANAGEMENT,DKI JAKARTA,MANAJEMEN,A,23500000.0,DKI JAKARTA | Ekonomi & Bisnis | Mahal (20-50jt) | Baik Sekali / B,https://rencanamu.id/cari-kampus/sekolah-tinggi-manajemen-ppm
235,UNIVERSITAS BINAWAN,DKI JAKARTA,AKTUARIA,TIDAK TERAKREDITASI,23100000.0,DKI JAKARTA | Ekonomi & Bisnis | Mahal (20-50jt) | Baik Sekali / B,https://campus.quipper.com/directory/universitas-binawan
235,UNIVERSITAS BINAWAN,DKI JAKARTA,BISNIS DIGITAL,BAIK,23100000.0,DKI JAKARTA | Ekonomi & Bisnis | Mahal (20-50jt) | Baik Sekali / B,https://campus.quipper.com/directory/universitas-binawan
235,UNIVERSITAS BINAWAN,DKI JAKARTA,MANAJEMEN,C,23100000.0,DKI JAKARTA | Ekonomi & Bisnis | Mahal (20-50jt) | Baik / C,https://campus.quipper.com/directory/universitas-binawan
238,UNIVERSITAS BUDI LUHUR,DKI JAKARTA,AKUNTANSI,B,23000000.0,DKI JAKARTA | Ekonomi & Bisnis | Mahal (20-50jt) | Baik Sekali / B,https://campus.quipper.com/directory/universitas-budi-luhur
238,UNIVERSITAS BUDI LUHUR,DKI JAKARTA,MANAJEMEN,B,23000000.0,DKI JAKARTA | Ekonomi & Bisnis | Mahal (20-50jt) | Baik Sekali / B,https://campus.quipper.com/directory/universitas-budi-luhur
238,UNIVERSITAS BUDI LUHUR,DKI JAKARTA,SEKRETARIAT,B,23000000.0,DKI JAKARTA | Ekonomi & Bisnis | Mahal (20-50jt) | Baik Sekali / B,https://campus.quipper.com/directory/universitas-budi-luhur
237,UNIVERSITAS NUSA MANDIRI,DKI JAKARTA,BISNIS DIGITAL,BAIK,23000000.0,DKI JAKARTA | Ekonomi & Bisnis | Mahal (20-50jt) | Baik Sekali / B,https://campus.quipper.com/directory/stmik-nusa-mandiri
237,UNIVERSITAS NUSA MANDIRI,DKI JAKARTA,MANAJEMEN,BAIK,23000000.0,DKI JAKARTA | Ekonomi & Bisnis | Mahal (20-50jt) | Baik Sekali / B,https://campus.quipper.com/directory/stmik-nusa-mandiri
250,UNIVERSITAS PERSADA INDONESIA YAI,DKI JAKARTA,AKUNTANSI,A,22250000.0,DKI JAKARTA | Ekonomi & Bisnis | Mahal (20-50jt) | Baik Sekali / B,https://campus.quipper.com/directory/universitas-persada-indonesia-yai
250,UNIVERSITAS PERSADA INDONESIA YAI,DKI JAKARTA,BISNIS,A,22250000.0,DKI JAKARTA | Ekonomi & Bisnis | Mahal (20-50jt) | Baik Sekali / B,https://campus.quipper.com/directory/universitas-persada-indonesia-yai
250,UNIVERSITAS PERSADA INDONESIA YAI,DKI JAKARTA,MANAJEMEN,A,22250000.0,DKI JAKARTA | Ekonomi & Bisnis | Mahal (20-50jt) | Baik Sekali / B,https://campus.quipper.com/directory/universitas-persada-indonesia-yai
252,UNIVERSITAS BHAYANGKARA JAKARTA RAYA,DKI JAKARTA,AKUNTANSI,B,22075000.0,DKI JAKARTA | Ekonomi & Bisnis | Mahal (20-50jt) | Baik Sekali / B,https://campus.quipper.com/directory/universitas-bhayangkara-jakarta-raya
252,UNIVERSITAS BHAYANGKARA JAKARTA RAYA,DKI JAKARTA,MANAJEMEN,B,22075000.0,DKI JAKARTA | Ekonomi & Bisnis | Mahal (20-50jt) | Baik Sekali / B,https://campus.quipper.com/directory/universitas-bhayangkara-jakarta-raya
24,UNIVERSITAS SATYAGAMA,DKI JAKARTA,AGRIBISNIS,B,21600000.0,DKI JAKARTA | Ekonomi & Bisnis | Mahal (20-50jt) | Baik Sekali / B,https://campus.quipper.com/directory/universitas-satyagama
24,UNIVERSITAS SATYAGAMA,DKI JAKARTA,AKUNTANSI,C,21600000.0,DKI JAKARTA | Ekonomi & Bisnis | Mahal (20-50jt) | Baik / C,https://campus.quipper.com/directory/universitas-satyagama
24,UNIVERSITAS SATYAGAMA,DKI JAKARTA,MANAJEMEN,C,21600000.0,DKI JAKARTA | Ekonomi & Bisnis | Mahal (20-50jt) | Baik / C,https://campus.quipper.com/directory/universitas-satyagama
258,INSTITUT TEKNOLOGI PERUSAHAAN LISTRIK NEGARA,DKI JAKARTA,KEWIRAUSAHAAN,BAIK,21500000.0,DKI JAKARTA | Ekonomi & Bisnis | Mahal (20-50jt) | Baik Sekali / B,-
272,INSTITUT TEKNOLOGI DAN BISNIS KALBIS,DKI JAKARTA,AKUNTANSI,B,20500000.0,DKI JAKARTA | Ekonomi & Bisnis | Mahal (20-50jt) | Baik Sekali / B,https://rencanamu.id/cari-kampus/institut-teknologi-dan-bisnis-kalbis
272,INSTITUT TEKNOLOGI DAN BISNIS KALBIS,DKI JAKARTA,BISNIS DIGITAL,C,20500000.0,DKI JAKARTA | Ekonomi & Bisnis | Mahal (20-50jt) | Baik / C,https://rencanamu.id/cari-kampus/institut-teknologi-dan-bisnis-kalbis
272,INSTITUT TEKNOLOGI DAN BISNIS KALBIS,DKI JAKARTA,MANAJEMEN,B,20500000.0,DKI JAKARTA | Ekonomi & Bisnis | Mahal (20-50jt) | Baik Sekali / B,https://rencanamu.id/cari-kampus/institut-teknologi-dan-bisnis-kalbis
271,UNIVERSITAS BUNDA MULIA,DKI JAKARTA,AKUNTANSI,UNGGUL,20500000.0,DKI JAKARTA | Ekonomi & Bisnis | Mahal (20-50jt) | Baik Sekali / B,https://campus.quipper.com/directory/universitas-bunda-mulia-ubm
271,UNIVERSITAS BUNDA MULIA,DKI JAKARTA,BISNIS DIGITAL,BAIK SEKALI,20500000.0,DKI JAKARTA | Ekonomi & Bisnis | Mahal (20-50jt) | Baik Sekali / B,https://campus.quipper.com/directory/universitas-bunda-mulia-ubm
271,UNIVERSITAS BUNDA MULIA,DKI JAKARTA,MANAJEMEN,B,20500000.0,DKI JAKARTA | Ekonomi & Bisnis | Mahal (20-50jt) | Baik Sekali / B,https://campus.quipper.com/directory/universitas-bunda-mulia-ubm
282,UNIVERSITAS AL AZHAR INDONESIA,DKI JAKARTA,AKUNTANSI,B,20000000.0,DKI JAKARTA | Ekonomi & Bisnis | Mahal (20-50jt) | Baik Sekali / B,https://campus.quipper.com/directory/universitas-al-azhar-indonesia
282,UNIVERSITAS AL AZHAR INDONESIA,DKI JAKARTA,MANAJEMEN,B,20000000.0,DKI JAKARTA | Ekonomi & Bisnis | Mahal (20-50jt) | Baik Sekali / B,https://campus.quipper.com/directory/universitas-al-azhar-indonesia
288,UNIVERSITAS SIBER INDONESIA,DKI JAKARTA,BISNIS DIGITAL,BAIK SEKALI,20000000.0,DKI JAKARTA | Ekonomi & Bisnis | Mahal (20-50jt) | Baik Sekali / B,-
288,UNIVERSITAS SIBER INDONESIA,DKI JAKARTA,KEWIRAUSAHAAN,BAIK,20000000.0,DKI JAKARTA | Ekonomi & Bisnis | Mahal (20-50jt) | Baik Sekali / B,-
291,SEKOLAH TINGGI ILMU EKONOMI TRISAKTI,DKI JAKARTA,AKUNTANSI,A,19780000.0,DKI JAKARTA | Ekonomi & Bisnis | Menengah (10-20jt) | Baik Sekali / B,-
291,SEKOLAH TINGGI ILMU EKONOMI TRISAKTI,DKI JAKARTA,MANAJEMEN,UNGGUL,19780000.0,DKI JAKARTA | Ekonomi & Bisnis | Menengah (10-20jt) | Baik Sekali / B,-
303,UNIVERSITAS AL-AZHAR INDONESIA,DKI JAKARTA,AKUNTANSI,BAIK SEKALI,19230000.0,DKI JAKARTA | Ekonomi & Bisnis | Menengah (10-20jt) | Baik Sekali / B,-
303,UNIVERSITAS AL-AZHAR INDONESIA,DKI JAKARTA,MANAJEMEN,BAIK SEKALI,19230000.0,DKI JAKARTA | Ekonomi & Bisnis | Menengah (10-20jt) | Baik Sekali / B,-
304,UNIVERSITAS DIRGANTARA MARSEKAL SURYADARMA,DKI JAKARTA,AKUNTANSI,BAIK SEKALI,19225001.0,DKI JAKARTA | Ekonomi & Bisnis | Menengah (10-20jt) | Baik Sekali / B,https://campus.quipper.com/directory/universitas-marsekal-suryadarma
304,UNIVERSITAS DIRGANTARA MARSEKAL SURYADARMA,DKI JAKARTA,MANAJEMEN,BAIK SEKALI,19225001.0,DKI JAKARTA | Ekonomi & Bisnis | Menengah (10-20jt) | Baik Sekali / B,https://campus.quipper.com/directory/universitas-marsekal-suryadarma
310,SEKOLAH TINGGI ILMU KESEHATAN FATMAWATI,DKI JAKARTA,ADMINISTRASI RUMAH SAKIT,BAIK,18950000.0,DKI JAKARTA | Ekonomi & Bisnis | Menengah (10-20jt) | Baik Sekali / B,-
315,INSTITUT MEDIA DIGITAL EMTEK,DKI JAKARTA,BISNIS DIGITAL,BAIK,18730000.0,DKI JAKARTA | Ekonomi & Bisnis | Menengah (10-20jt) | Baik Sekali / B,-
320,UNIVERSITAS MEDIA NUSANTARA CITRA,DKI JAKARTA,AKUNTANSI,BAIK,18650000.0,DKI JAKARTA | Ekonomi & Bisnis | Menengah (10-20jt) | Baik Sekali / B,-
320,UNIVERSITAS MEDIA NUSANTARA CITRA,DKI JAKARTA,MANAJEMEN,BAIK SEKALI,18650000.0,DKI JAKARTA | Ekonomi & Bisnis | Menengah (10-20jt) | Baik Sekali / B,-
325,UNIVERSITAS SATYA NEGARA INDONESIA,DKI JAKARTA,AKUNTANSI,B,18250000.0,DKI JAKARTA | Ekonomi & Bisnis | Menengah (10-20jt) | Baik Sekali / B,https://rencanamu.id/cari-kampus/universitas-satya-negara-indonesia
325,UNIVERSITAS SATYA NEGARA INDONESIA,DKI JAKARTA,MANAJEMEN,C,18250000.0,DKI JAKARTA | Ekonomi & Bisnis | Menengah (10-20jt) | Baik / C,https://rencanamu.id/cari-kampus/universitas-satya-negara-indonesia
366,SEKOLAH TINGGI ILMU EKONOMI INDONESIA JAKARTA,DKI JAKARTA,AKUNTANSI,BAIK SEKALI,16162500.0,DKI JAKARTA | Ekonomi & Bisnis | Menengah (10-20jt) | Baik Sekali / B,-
366,SEKOLAH TINGGI ILMU EKONOMI INDONESIA JAKARTA,DKI JAKARTA,MANAJEMEN,BAIK SEKALI,16162500.0,DKI JAKARTA | Ekonomi & Bisnis | Menengah (10-20jt) | Baik Sekali / B,-
371,INSTITUT ILMU SOSIAL DAN ILMU POLITIK JAKARTA,DKI JAKARTA,ADMINISTRASI,BAIK,16000000.0,DKI JAKARTA | Ekonomi & Bisnis | Menengah (10-20jt) | Baik Sekali / B,https://rencanamu.id/cari-kampus/institut-ilmu-sosial-dan-ilmu-politik-jakarta
371,INSTITUT ILMU SOSIAL DAN ILMU POLITIK JAKARTA,DKI JAKARTA,ADMINISTRASI BISNIS,C,16000000.0,DKI JAKARTA | Ekonomi & Bisnis | Menengah (10-20jt) | Baik / C,https://rencanamu.id/cari-kampus/institut-ilmu-sosial-dan-ilmu-politik-jakarta
375,SEKOLAH TINGGI MANAJEMEN ASURANSI TRISAKTI,DKI JAKARTA,AKTUARIA,BAIK,16000000.0,DKI JAKARTA | Ekonomi & Bisnis | Menengah (10-20jt) | Baik Sekali / B,https://campus.quipper.com/directory/sekolah-tinggi-manajemen-asuransi-trisakti
375,SEKOLAH TINGGI MANAJEMEN ASURANSI TRISAKTI,DKI JAKARTA,MANAJEMEN,BAIK SEKALI,16000000.0,DKI JAKARTA | Ekonomi & Bisnis | Menengah (10-20jt) | Baik Sekali / B,https://campus.quipper.com/directory/sekolah-tinggi-manajemen-asuransi-trisakti
387,UNIVERSITAS SAHID,DKI JAKARTA,AKUNTANSI,BAIK SEKALI,15450000.0,DKI JAKARTA | Ekonomi & Bisnis | Menengah (10-20jt) | Baik Sekali / B,https://campus.quipper.com/directory/universitas-sahid
387,UNIVERSITAS SAHID,DKI JAKARTA,MANAJEMEN,BAIK SEKALI,15450000.0,DKI JAKARTA | Ekonomi & Bisnis | Menengah (10-20jt) | Baik Sekali / B,https://campus.quipper.com/directory/universitas-sahid
397,INSTITUT TEKNOLOGI DAN BISNIS SWADHARMA,DKI JAKARTA,AKUNTANSI,BAIK,15160000.0,DKI JAKARTA | Ekonomi & Bisnis | Menengah (10-20jt) | Baik Sekali / B,-
397,INSTITUT TEKNOLOGI DAN BISNIS SWADHARMA,DKI JAKARTA,BISNIS DIGITAL,BAIK,15160000.0,DKI JAKARTA | Ekonomi & Bisnis | Menengah (10-20jt) | Baik Sekali / B,-
403,INSTITUT KESEHATAN INDONESIA,DKI JAKARTA,ADMINISTRASI RUMAH SAKIT,C,15000000.0,DKI JAKARTA | Ekonomi & Bisnis | Menengah (10-20jt) | Baik / C,https://campus.quipper.com/directory/institut-kesehatan-indonesia
409,SEKOLAH TINGGI MANAJEMEN RISIKO DAN ASURANSI,DKI JAKARTA,MANAJEMEN,B,15000000.0,DKI JAKARTA | Ekonomi & Bisnis | Menengah (10-20jt) | Baik Sekali / B,https://rencanamu.id/cari-kampus/sekolah-tinggi-manajemen-risiko-dan-asuransi
9,UNIVERSITAS SAHID JAKARTA,DKI JAKARTA,AKUNTANSI,B,14500000.0,DKI JAKARTA | Ekonomi & Bisnis | Menengah (10-20jt) | Baik Sekali / B,https://rencanamu.id/cari-kampus/universitas-sahid-jakarta
9,UNIVERSITAS SAHID JAKARTA,DKI JAKARTA,MANAJEMEN,B,14500000.0,DKI JAKARTA | Ekonomi & Bisnis | Menengah (10-20jt) | Baik Sekali / B,https://rencanamu.id/cari-kampus/universitas-sahid-jakarta
422,INSTITUT BISNIS NUSANTARA,DKI JAKARTA,AKUNTANSI,B,14472500.0,DKI JAKARTA | Ekonomi & Bisnis | Menengah (10-20jt) | Baik Sekali / B,https://campus.quipper.com/directory/institut-bisnis-nusantara
422,INSTITUT BISNIS NUSANTARA,DKI JAKARTA,MANAJEMEN,B,14472500.0,DKI JAKARTA | Ekonomi & Bisnis | Menengah (10-20jt) | Baik Sekali / B,https://campus.quipper.com/directory/institut-bisnis-nusantara
29,UNIVERSITAS RESPATI INDONESIA,DKI JAKARTA,ADMINISTRASI BISNIS,BAIK SEKALI,14400000.0,DKI JAKARTA | Ekonomi & Bisnis | Menengah (10-20jt) | Baik Sekali / B,https://campus.quipper.com/directory/universitas-respati-indonesia
29,UNIVERSITAS RESPATI INDONESIA,DKI JAKARTA,MANAJEMEN,BAIK SEKALI,14400000.0,DKI JAKARTA | Ekonomi & Bisnis | Menengah (10-20jt) | Baik Sekali / B,https://campus.quipper.com/directory/universitas-respati-indonesia
429,SEKOLAH TINGGI ILMU KESEHATAN MAYAPADA,DKI JAKARTA,ADMINISTRASI RUMAH SAKIT,BAIK,14300000.0,DKI JAKARTA | Ekonomi & Bisnis | Menengah (10-20jt) | Baik Sekali / B,-
442,INSTITUT TEKNOLOGI DAN BISNIS AHMAD DAHLAN,DKI JAKARTA,AKUNTANSI,BAIK SEKALI,14000000.0,DKI JAKARTA | Ekonomi & Bisnis | Menengah (10-20jt) | Baik Sekali / B,-
442,INSTITUT TEKNOLOGI DAN BISNIS AHMAD DAHLAN,DKI JAKARTA,MANAJEMEN,BAIK SEKALI,14000000.0,DKI JAKARTA | Ekonomi & Bisnis | Menengah (10-20jt) | Baik Sekali / B,-
455,UNIVERSITAS TEKNOLOGI MUHAMMADIYAH JAKARTA,DKI JAKARTA,AKUNTANSI,BAIK SEKALI,13805000.0,DKI JAKARTA | Ekonomi & Bisnis | Menengah (10-20jt) | Baik Sekali / B,-
455,UNIVERSITAS TEKNOLOGI MUHAMMADIYAH JAKARTA,DKI JAKARTA,BISNIS DIGITAL,BAIK SEKALI,13805000.0,DKI JAKARTA | Ekonomi & Bisnis | Menengah (10-20jt) | Baik Sekali / B,-
455,UNIVERSITAS TEKNOLOGI MUHAMMADIYAH JAKARTA,DKI JAKARTA,MANAJEMEN,BAIK SEKALI,13805000.0,DKI JAKARTA | Ekonomi & Bisnis | Menengah (10-20jt) | Baik Sekali / B,-
484,UNIVERSITAS ISLAM JAKARTA,DKI JAKARTA,EKONOMI,B,12950000.0,DKI JAKARTA | Ekonomi & Bisnis | Menengah (10-20jt) | Baik Sekali / B,https://campus.quipper.com/directory/universitas-islam-jakarta
484,UNIVERSITAS ISLAM JAKARTA,DKI JAKARTA,MANAJEMEN,B,12950000.0,DKI JAKARTA | Ekonomi & Bisnis | Menengah (10-20jt) | Baik Sekali / B,https://campus.quipper.com/directory/universitas-islam-jakarta
491,UNIVERSITAS TRILOGI,DKI JAKARTA,AGRIBISNIS,C,12750000.0,DKI JAKARTA | Ekonomi & Bisnis | Menengah (10-20jt) | Baik / C,https://campus.quipper.com/directory/universitas-trilogi
491,UNIVERSITAS TRILOGI,DKI JAKARTA,AKUNTANSI,B,12750000.0,DKI JAKARTA | Ekonomi & Bisnis | Menengah (10-20jt) | Baik Sekali / B,https://campus.quipper.com/directory/universitas-trilogi
491,UNIVERSITAS TRILOGI,DKI JAKARTA,EKONOMI PEMBANGUNAN,BAIK SEKALI,12750000.0,DKI JAKARTA | Ekonomi & Bisnis | Menengah (10-20jt) | Baik Sekali / B,https://campus.quipper.com/directory/universitas-trilogi
491,UNIVERSITAS TRILOGI,DKI JAKARTA,MANAJEMEN,B,12750000.0,DKI JAKARTA | Ekonomi & Bisnis | Menengah (10-20jt) | Baik Sekali / B,https://campus.quipper.com/directory/universitas-trilogi
496,INSTITUT BISNIS DAN MULTIMEDIA ASMI JAKARTA,DKI JAKARTA,ADMINISTRASI BISNIS,BAIK,12630000.0,DKI JAKARTA | Ekonomi & Bisnis | Menengah (10-20jt) | Baik Sekali / B,-
496,INSTITUT BISNIS DAN MULTIMEDIA ASMI JAKARTA,DKI JAKARTA,AKUNTANSI,BAIK SEKALI,12630000.0,DKI JAKARTA | Ekonomi & Bisnis | Menengah (10-20jt) | Baik Sekali / B,-
496,INSTITUT BISNIS DAN MULTIMEDIA ASMI JAKARTA,DKI JAKARTA,MANAJEMEN,BAIK SEKALI,12630000.0,DKI JAKARTA | Ekonomi & Bisnis | Menengah (10-20jt) | Baik Sekali / B,-
498,STIE UNISADHUGUNA,DKI JAKARTA,EKONOMI PEMBANGUNAN,BAIK,12600000.0,DKI JAKARTA | Ekonomi & Bisnis | Menengah (10-20jt) | Baik Sekali / B,-
498,STIE UNISADHUGUNA,DKI JAKARTA,MANAJEMEN,BAIK,12600000.0,DKI JAKARTA | Ekonomi & Bisnis | Menengah (10-20jt) | Baik Sekali / B,-
499,UNIVERSITAS IBNU CHALDUN,DKI JAKARTA,MANAJEMEN,B,12600000.0,DKI JAKARTA | Ekonomi & Bisnis | Menengah (10-20jt) | Baik Sekali / B,-
508,UNIVERSITAS LIA,DKI JAKARTA,BISNIS DIGITAL,BAIK,12400000.0,DKI JAKARTA | Ekonomi & Bisnis | Menengah (10-20jt) | Baik Sekali / B,-
520,UNIVERSITAS DARMA PERSADA,DKI JAKARTA,AKUNTANSI,B,12200000.0,DKI JAKARTA | Ekonomi & Bisnis | Menengah (10-20jt) | Baik Sekali / B,https://campus.quipper.com/directory/universitas-darma-persada
520,UNIVERSITAS DARMA PERSADA,DKI JAKARTA,MANAJEMEN,B,12200000.0,DKI JAKARTA | Ekonomi & Bisnis | Menengah (10-20jt) | Baik Sekali / B,https://campus.quipper.com/directory/universitas-darma-persada
521,UNIVERSITAS TAMA JAGAKARSA,DKI JAKARTA,AKUNTANSI,BAIK SEKALI,12200000.0,DKI JAKARTA | Ekonomi & Bisnis | Menengah (10-20jt) | Baik Sekali / B,-
521,UNIVERSITAS TAMA JAGAKARSA,DKI JAKARTA,MANAJEMEN,BAIK,12200000.0,DKI JAKARTA | Ekonomi & Bisnis | Menengah (10-20jt) | Baik Sekali / B,-
526,SEKOLAH TINGGI ILMU EKONOMI YAI,DKI JAKARTA,AKUNTANSI,BAIK SEKALI,12100000.0,DKI JAKARTA | Ekonomi & Bisnis | Menengah (10-20jt) | Baik Sekali / B,-
526,SEKOLAH TINGGI ILMU EKONOMI YAI,DKI JAKARTA,MANAJEMEN,BAIK SEKALI,12100000.0,DKI JAKARTA | Ekonomi & Bisnis | Menengah (10-20jt) | Baik Sekali / B,-
538,SEKOLAH TINGGI MANAJEMEN PARIWISATA DAN LOGISTIK LENTERA MONDIAL,DKI JAKARTA,LOGISTIK,BAIK,12000000.0,DKI JAKARTA | Ekonomi & Bisnis | Menengah (10-20jt) | Baik Sekali / B,-
538,SEKOLAH TINGGI MANAJEMEN PARIWISATA DAN LOGISTIK LENTERA MONDIAL,DKI JAKARTA,MANAJEMEN,BAIK,12000000.0,DKI JAKARTA | Ekonomi & Bisnis | Menengah (10-20jt) | Baik Sekali / B,-
547,UNIVERSITAS INDONESIA MAJU,DKI JAKARTA,ADMINISTRASI RUMAH SAKIT,BAIK,12000000.0,DKI JAKARTA | Ekonomi & Bisnis | Menengah (10-20jt) | Baik Sekali / B,https://campus.quipper.com/directory/universitas-indonesia-maju
547,UNIVERSITAS INDONESIA MAJU,DKI JAKARTA,AKUNTANSI,BAIK,12000000.0,DKI JAKARTA | Ekonomi & Bisnis | Menengah (10-20jt) | Baik Sekali / B,https://campus.quipper.com/directory/universitas-indonesia-maju
547,UNIVERSITAS INDONESIA MAJU,DKI JAKARTA,MANAJEMEN,BAIK,12000000.0,DKI JAKARTA | Ekonomi & Bisnis | Menengah (10-20jt) | Baik Sekali / B,https://campus.quipper.com/directory/universitas-indonesia-maju
561,UNIVERSITAS MITRA BANGSA,DKI JAKARTA,AKTUARIA,BAIK,11600000.0,DKI JAKARTA | Ekonomi & Bisnis | Menengah (10-20jt) | Baik Sekali / B,-
561,UNIVERSITAS MITRA BANGSA,DKI JAKARTA,MANAJEMEN,B,11600000.0,DKI JAKARTA | Ekonomi & Bisnis | Menengah (10-20jt) | Baik Sekali / B,-
572,UNIVERSITAS MPU TANTULAR,DKI JAKARTA,AKUNTANSI,BAIK,11337000.0,DKI JAKARTA | Ekonomi & Bisnis | Menengah (10-20jt) | Baik Sekali / B,https://campus.quipper.com/directory/universitas-mpu-tantular
572,UNIVERSITAS MPU TANTULAR,DKI JAKARTA,MANAJEMEN,C,11337000.0,DKI JAKARTA | Ekonomi & Bisnis | Menengah (10-20jt) | Baik Sekali / B,https://campus.quipper.com/directory/universitas-mpu-tantular
597,INSTITUT ILMU SOSIAL DAN MANAJEMEN STIAMI,DKI JAKARTA,ADMINISTRASI BISNIS,A,10831250.0,DKI JAKARTA | Ekonomi & Bisnis | Menengah (10-20jt) | Unggul / A,-
597,INSTITUT ILMU SOSIAL DAN MANAJEMEN STIAMI,DKI JAKARTA,LOGISTIK,BAIK SEKALI,10831250.0,DKI JAKARTA | Ekonomi & Bisnis | Menengah (10-20jt) | Baik Sekali / B,-
604,UNIVERSITAS ASA INDONESIA,DKI JAKARTA,AKUNTANSI,BAIK,10650000.0,DKI JAKARTA | Ekonomi & Bisnis | Menengah (10-20jt) | Baik Sekali / B,-
604,UNIVERSITAS ASA INDONESIA,DKI JAKARTA,MANAJEMEN,BAIK SEKALI,10650000.0,DKI JAKARTA | Ekonomi & Bisnis | Menengah (10-20jt) | Baik Sekali / B,-
634,SEKOLAH TINGGI ILMU EKONOMI WIYATAMANDALA,DKI JAKARTA,AKUNTANSI,BAIK,10050000.0,DKI JAKARTA | Ekonomi & Bisnis | Menengah (10-20jt) | Baik Sekali / B,-
634,SEKOLAH TINGGI ILMU EKONOMI WIYATAMANDALA,DKI JAKARTA,MANAJEMEN,BAIK SEKALI,10050000.0,DKI JAKARTA | Ekonomi & Bisnis | Menengah (10-20jt) | Baik Sekali / B,-
650,UNIVERSITAS BUNG KARNO,DKI JAKARTA,AKUNTANSI,B,10000000.0,DKI JAKARTA | Ekonomi & Bisnis | Menengah (10-20jt) | Baik Sekali / B,https://campus.quipper.com/directory/universitas-bung-karno
650,UNIVERSITAS BUNG KARNO,DKI JAKARTA,MANAJEMEN,B,10000000.0,DKI JAKARTA | Ekonomi & Bisnis | Menengah (10-20jt) | Baik Sekali / B,https://campus.quipper.com/directory/universitas-bung-karno
642,UNIVERSITAS MERCU BUANA,DKI JAKARTA,AKUNTANSI,UNGGUL,10000000.0,DKI JAKARTA | Ekonomi & Bisnis | Menengah (10-20jt) | Unggul / A,https://campus.quipper.com/directory/universitas-mercu-buana
642,UNIVERSITAS MERCU BUANA,DKI JAKARTA,BISNIS,UNGGUL,10000000.0,DKI JAKARTA | Ekonomi & Bisnis | Menengah (10-20jt) | Unggul / A,https://campus.quipper.com/directory/universitas-mercu-buana
642,UNIVERSITAS MERCU BUANA,DKI JAKARTA,MANAJEMEN,UNGGUL,10000000.0,DKI JAKARTA | Ekonomi & Bisnis | Menengah (10-20jt) | Unggul / A,https://campus.quipper.com/directory/universitas-mercu-buana
642,UNIVERSITAS MERCU BUANA,DKI JAKARTA,PEMASARAN,UNGGUL,10000000.0,DKI JAKARTA | Ekonomi & Bisnis | Menengah (10-20jt) | Unggul / A,https://campus.quipper.com/directory/universitas-mercu-buana
656,SEKOLAH TINGGI ILMU EKONOMI BHAKTI PEMBANGUNAN,DKI JAKARTA,AKUNTANSI,B,9870000.0,DKI JAKARTA | Ekonomi & Bisnis | Terjangkau (5-10jt) | Baik Sekali / B,-
656,SEKOLAH TINGGI ILMU EKONOMI BHAKTI PEMBANGUNAN,DKI JAKARTA,MANAJEMEN,B,9870000.0,DKI JAKARTA | Ekonomi & Bisnis | Terjangkau (5-10jt) | Baik Sekali / B,-
667,STIE JAKARTA INTERNATIONAL COLLEGE,DKI JAKARTA,AKUNTANSI,B,9685000.0,DKI JAKARTA | Ekonomi & Bisnis | Terjangkau (5-10jt) | Baik Sekali / B,https://campus.quipper.com/directory/stie-jakarta-international-college
667,STIE JAKARTA INTERNATIONAL COLLEGE,DKI JAKARTA,MANAJEMEN,BAIK SEKALI,9685000.0,DKI JAKARTA | Ekonomi & Bisnis | Terjangkau (5-10jt) | Baik Sekali / B,https://campus.quipper.com/directory/stie-jakarta-international-college
22,UNIVERSITAS DIAN NUSANTARA,DKI JAKARTA,AKUNTANSI,BAIK,9400000.0,DKI JAKARTA | Ekonomi & Bisnis | Terjangkau (5-10jt) | Baik Sekali / B,-
22,UNIVERSITAS DIAN NUSANTARA,DKI JAKARTA,MANAJEMEN,BAIK,9400000.0,DKI JAKARTA | Ekonomi & Bisnis | Terjangkau (5-10jt) | Baik Sekali / B,-
704,UNIVERSITAS INDRAPRASTA PGRI,DKI JAKARTA,BISNIS DIGITAL,BAIK,9150000.0,DKI JAKARTA | Ekonomi & Bisnis | Terjangkau (5-10jt) | Baik Sekali / B,https://campus.quipper.com/directory/universitas-indraprasta-pgri
704,UNIVERSITAS INDRAPRASTA PGRI,DKI JAKARTA,EKONOMI,B,9150000.0,DKI JAKARTA | Ekonomi & Bisnis | Terjangkau (5-10jt) | Baik Sekali / B,https://campus.quipper.com/directory/universitas-indraprasta-pgri
704,UNIVERSITAS INDRAPRASTA PGRI,DKI JAKARTA,MANAJEMEN RITEL,BAIK,9150000.0,DKI JAKARTA | Ekonomi & Bisnis | Terjangkau (5-10jt) | Baik Sekali / B,https://campus.quipper.com/directory/universitas-indraprasta-pgri
714,SEKOLAH TINGGI MANAJEMEN LABORA,DKI JAKARTA,MANAJEMEN,BAIK,9000000.0,DKI JAKARTA | Ekonomi & Bisnis | Terjangkau (5-10jt) | Baik Sekali / B,https://campus.quipper.com/directory/sekolah-tinggi-manajemen-labora
833,SEKOLAH TINGGI ILMU EKONOMI TRI DHARMA WIDYA,DKI JAKARTA,AKUNTANSI,BAIK,7800000.0,DKI JAKARTA | Ekonomi & Bisnis | Terjangkau (5-10jt) | Baik Sekali / B,-
833,SEKOLAH TINGGI ILMU EKONOMI TRI DHARMA WIDYA,DKI JAKARTA,MANAJEMEN,BAIK,7800000.0,DKI JAKARTA | Ekonomi & Bisnis | Terjangkau (5-10jt) | Baik Sekali / B,-
900,SEKOLAH TINGGI ILMU EKONOMI KASIH BANGSA,DKI JAKARTA,AKUNTANSI,BAIK SEKALI,7300000.0,DKI JAKARTA | Ekonomi & Bisnis | Terjangkau (5-10jt) | Baik Sekali / B,-
900,SEKOLAH TINGGI ILMU EKONOMI KASIH BANGSA,DKI JAKARTA,MANAJEMEN,BAIK SEKALI,7300000.0,DKI JAKARTA | Ekonomi & Bisnis | Terjangkau (5-10jt) | Baik Sekali / B,-
915,SEKOLAH TINGGI ILMU EKONOMI DHARMA BUMI PUTRA,DKI JAKARTA,AKUNTANSI,B,7075000.0,DKI JAKARTA | Ekonomi & Bisnis | Terjangkau (5-10jt) | Baik Sekali / B,-
915,SEKOLAH TINGGI ILMU EKONOMI DHARMA BUMI PUTRA,DKI JAKARTA,MANAJEMEN,BAIK SEKALI,7075000.0,DKI JAKARTA | Ekonomi & Bisnis | Terjangkau (5-10jt) | Baik Sekali / B,-
1018,SEKOLAH TINGGI MANAJEMEN TRANSPORTASI MALAHAYATI,DKI JAKARTA,MANAJEMEN,BAIK,6400000.0,DKI JAKARTA | Ekonomi & Bisnis | Terjangkau (5-10jt) | Baik Sekali / B,-
1120,SEKOLAH TINGGI ILMU EKONOMI BISNIS INDONESIA,DKI JAKARTA,AKUNTANSI,BAIK,6000000.0,DKI JAKARTA | Ekonomi & Bisnis | Terjangkau (5-10jt) | Baik Sekali / B,-
1120,SEKOLAH TINGGI ILMU EKONOMI BISNIS INDONESIA,DKI JAKARTA,MANAJEMEN,BAIK,6000000.0,DKI JAKARTA | Ekonomi & Bisnis | Terjangkau (5-10jt) | Baik Sekali / B,-
1093,UNIVERSITAS SIBER ASIA,DKI JAKARTA,AKUNTANSI,B,6000000.0,DKI JAKARTA | Ekonomi & Bisnis | Terjangkau (5-10jt) | Baik Sekali / B,-
1093,UNIVERSITAS SIBER ASIA,DKI JAKARTA,MANAJEMEN,B,6000000.0,DKI JAKARTA | Ekonomi & Bisnis | Terjangkau (5-10jt) | Baik Sekali / B,-
14,UNIVERSITAS ISLAM AS,DKI JAKARTA,AKUNTANSI,B,5850000.0,DKI JAKARTA | Ekonomi & Bisnis | Terjangkau (5-10jt) | Baik Sekali / B,https://rencanamu.id/cari-kampus/universitas-islam-as-syafi-iyah
14,UNIVERSITAS ISLAM AS,DKI JAKARTA,MANAJEMEN,B,5850000.0,DKI JAKARTA | Ekonomi & Bisnis | Terjangkau (5-10jt) | Baik Sekali / B,https://rencanamu.id/cari-kampus/universitas-islam-as-syafi-iyah
1145,UNIVERSITAS BINA SARANA INFORMATIKA,DKI JAKARTA,AKUNTANSI,BAIK SEKALI,5760000.0,DKI JAKARTA | Ekonomi & Bisnis | Terjangkau (5-10jt) | Baik Sekali / B,-
1145,UNIVERSITAS BINA SARANA INFORMATIKA,DKI JAKARTA,MANAJEMEN,BAIK SEKALI,5760000.0,DKI JAKARTA | Ekonomi & Bisnis | Terjangkau (5-10jt) | Baik Sekali / B,-
1191,SEKOLAH TINGGI ILMU EKONOMI JAYAKUSUMA,DKI JAKARTA,AKUNTANSI,BAIK,5350000.0,DKI JAKARTA | Ekonomi & Bisnis | Terjangkau (5-10jt) | Baik Sekali / B,-
1255,SEKOLAH TINGGI ILMU EKONOMI WIDYA PERSADA,DKI JAKARTA,AKUNTANSI,BAIK,5000000.0,DKI JAKARTA | Ekonomi & Bisnis | Terjangkau (5-10jt) | Baik Sekali / B,-
1255,SEKOLAH TINGGI ILMU EKONOMI WIDYA PERSADA,DKI JAKARTA,MANAJEMEN,BAIK,5000000.0,DKI JAKARTA | Ekonomi & Bisnis | Terjangkau (5-10jt) | Baik Sekali / B,-
1327,UNIVERSITAS DARUNNAJAH,DKI JAKARTA,AKTUARIA,BAIK,4800000.0,DKI JAKARTA | Ekonomi & Bisnis | Hemat (<5jt) | Baik Sekali / B,-
1327,UNIVERSITAS DARUNNAJAH,DKI JAKARTA,BISNIS DIGITAL,BAIK,4800000.0,DKI JAKARTA | Ekonomi & Bisnis | Hemat (<5jt) | Baik Sekali / B,-
1327,UNIVERSITAS DARUNNAJAH,DKI JAKARTA,KEWIRAUSAHAAN,BAIK,4800000.0,DKI JAKARTA | Ekonomi & Bisnis | Hemat (<5jt) | Baik Sekali / B,-
1337,SEKOLAH TINGGI ILMU EKONOMI TRIANANDRA,DKI JAKARTA,AKUNTANSI,BAIK,4700000.0,DKI JAKARTA | Ekonomi & Bisnis | Hemat (<5jt) | Baik Sekali / B,-
1337,SEKOLAH TINGGI ILMU EKONOMI TRIANANDRA,DKI JAKARTA,MANAJEMEN,BAIK,4700000.0,DKI JAKARTA | Ekonomi & Bisnis | Hemat (<5jt) | Baik Sekali / B,-
1361,SEKOLAH TINGGI ILMU EKONOMI IGI,DKI JAKARTA,AKUNTANSI,BAIK,4450000.0,DKI JAKARTA | Ekonomi & Bisnis | Hemat (<5jt) | Baik Sekali / B,-
1361,SEKOLAH TINGGI ILMU EKONOMI IGI,DKI JAKARTA,MANAJEMEN,BAIK,4450000.0,DKI JAKARTA | Ekonomi & Bisnis | Hemat (<5jt) | Baik Sekali / B,-
1451,SEKOLAH TINGGI ILMU EKONOMI BPKP,DKI JAKARTA,AKUNTANSI,BAIK,3498000.0,DKI JAKARTA | Ekonomi & Bisnis | Hemat (<5jt) | Baik Sekali / B,-
32,UNIVERSITAS KATOLIK INDONESIA ATMA JAYA,DKI JAKARTA,FARMASI,C,289650000.0,DKI JAKARTA | Kesehatan | Sangat Mahal (>50jt) | Unggul / A,https://rencanamu.id/cari-kampus/universitas-katolik-indonesia-atma-jaya
32,UNIVERSITAS KATOLIK INDONESIA ATMA JAYA,DKI JAKARTA,KEDOKTERAN,A,289650000.0,DKI JAKARTA | Kesehatan | Sangat Mahal (>50jt) | Unggul / A,https://rencanamu.id/cari-kampus/universitas-katolik-indonesia-atma-jaya
35,UNIVERSITAS YARSI,DKI JAKARTA,KEDOKTERAN,A,262250000.0,DKI JAKARTA | Kesehatan | Sangat Mahal (>50jt) | Unggul / A,https://campus.quipper.com/directory/universitas-yarsi
35,UNIVERSITAS YARSI,DKI JAKARTA,KEDOKTERAN GIGI,B,262250000.0,DKI JAKARTA | Kesehatan | Sangat Mahal (>50jt) | Unggul / A,https://campus.quipper.com/directory/universitas-yarsi
50,UNIVERSITAS 17 AGUSTUS 1945 JAKARTA,DKI JAKARTA,FARMASI,B,114980000.0,DKI JAKARTA | Kesehatan | Sangat Mahal (>50jt) | Baik Sekali / B,https://rencanamu.id/cari-kampus/universitas-17-agustus-1945-jakarta
53,SEKOLAH TINGGI ILMU KESEHATAN BUDI KEMULIAAN,DKI JAKARTA,KEBIDANAN,BAIK SEKALI,85850000.0,DKI JAKARTA | Kesehatan | Sangat Mahal (>50jt) | Baik Sekali / B,-
58,UNIVERSITAS MUHAMMADIYAH PROF DR HAMKA,DKI JAKARTA,APOTEKER,UNGGUL,75800000.0,DKI JAKARTA | Kesehatan | Sangat Mahal (>50jt) | Baik Sekali / B,https://campus.quipper.com/directory/universitas-muhammadiyah-prof-dr-hamka
58,UNIVERSITAS MUHAMMADIYAH PROF DR HAMKA,DKI JAKARTA,FARMASI,UNGGUL,75800000.0,DKI JAKARTA | Kesehatan | Sangat Mahal (>50jt) | Baik Sekali / B,https://campus.quipper.com/directory/universitas-muhammadiyah-prof-dr-hamka
58,UNIVERSITAS MUHAMMADIYAH PROF DR HAMKA,DKI JAKARTA,GIZI,UNGGUL,75800000.0,DKI JAKARTA | Kesehatan | Sangat Mahal (>50jt) | Baik Sekali / B,https://campus.quipper.com/directory/universitas-muhammadiyah-prof-dr-hamka
58,UNIVERSITAS MUHAMMADIYAH PROF DR HAMKA,DKI JAKARTA,KEDOKTERAN,UNGGUL,75800000.0,DKI JAKARTA | Kesehatan | Sangat Mahal (>50jt) | Baik Sekali / B,https://campus.quipper.com/directory/universitas-muhammadiyah-prof-dr-hamka
58,UNIVERSITAS MUHAMMADIYAH PROF DR HAMKA,DKI JAKARTA,KESEHATAN MASYARAKAT,UNGGUL,75800000.0,DKI JAKARTA | Kesehatan | Sangat Mahal (>50jt) | Baik Sekali / B,https://campus.quipper.com/directory/universitas-muhammadiyah-prof-dr-hamka
71,UNIVERSITAS TARUMANAGARA,DKI JAKARTA,KEDOKTERAN,A,60100000.0,DKI JAKARTA | Kesehatan | Sangat Mahal (>50jt) | Baik Sekali / B,https://rencanamu.id/cari-kampus/universitas-tarumanagara
76,UNIVERSITAS KRISTEN KRIDA WACANA,DKI JAKARTA,KEDOKTERAN,B,56000000.0,DKI JAKARTA | Kesehatan | Sangat Mahal (>50jt) | Baik Sekali / B,https://campus.quipper.com/directory/universitas-kristen-krida-wacana
76,UNIVERSITAS KRISTEN KRIDA WACANA,DKI JAKARTA,KEPERAWATAN,BAIK,56000000.0,DKI JAKARTA | Kesehatan | Sangat Mahal (>50jt) | Baik Sekali / B,https://campus.quipper.com/directory/universitas-kristen-krida-wacana
77,INSTITUT SAINS DAN TEKNOLOGI NASIONAL,DKI JAKARTA,FARMASI,B,55500000.0,DKI JAKARTA | Kesehatan | Sangat Mahal (>50jt) | Baik Sekali / B,https://campus.quipper.com/directory/institut-sains-dan-teknologi-nasional
82,INSTITUT BIO SCIENTIA INTERNASIONAL INDONESIA,DKI JAKARTA,BIOMEDIS,UNGGUL,51500000.0,DKI JAKARTA | Kesehatan | Sangat Mahal (>50jt) | Baik Sekali / B,-
82,INSTITUT BIO SCIENTIA INTERNASIONAL INDONESIA,DKI JAKARTA,FARMASI,BAIK SEKALI,51500000.0,DKI JAKARTA | Kesehatan | Sangat Mahal (>50jt) | Baik Sekali / B,-
144,SEKOLAH TINGGI ILMU KESEHATAN SINT CAROLUS,DKI JAKARTA,GIZI,BAIK SEKALI,32400000.0,DKI JAKARTA | Kesehatan | Mahal (20-50jt) | Baik Sekali / B,https://campus.quipper.com/directory/sekolah-tinggi-ilmu-kesehatan-sint-carolus
144,SEKOLAH TINGGI ILMU KESEHATAN SINT CAROLUS,DKI JAKARTA,KEBIDANAN,BAIK,32400000.0,DKI JAKARTA | Kesehatan | Mahal (20-50jt) | Baik Sekali / B,https://campus.quipper.com/directory/sekolah-tinggi-ilmu-kesehatan-sint-carolus
144,SEKOLAH TINGGI ILMU KESEHATAN SINT CAROLUS,DKI JAKARTA,KEPERAWATAN,A,32400000.0,DKI JAKARTA | Kesehatan | Mahal (20-50jt) | Baik Sekali / B,https://campus.quipper.com/directory/sekolah-tinggi-ilmu-kesehatan-sint-carolus
154,UNIVERSITAS ESA UNGGUL,DKI JAKARTA,FARMASI,C,31025000.0,DKI JAKARTA | Kesehatan | Mahal (20-50jt) | Baik / C,https://campus.quipper.com/directory/universitas-esa-unggul
154,UNIVERSITAS ESA UNGGUL,DKI JAKARTA,FISIOTERAPI,B,31025000.0,DKI JAKARTA | Kesehatan | Mahal (20-50jt) | Baik Sekali / B,https://campus.quipper.com/directory/universitas-esa-unggul
154,UNIVERSITAS ESA UNGGUL,DKI JAKARTA,GIZI,B,31025000.0,DKI JAKARTA | Kesehatan | Mahal (20-50jt) | Baik Sekali / B,https://campus.quipper.com/directory/universitas-esa-unggul
154,UNIVERSITAS ESA UNGGUL,DKI JAKARTA,INFORMATIKA KESEHATAN,B,31025000.0,DKI JAKARTA | Kesehatan | Mahal (20-50jt) | Baik Sekali / B,https://campus.quipper.com/directory/universitas-esa-unggul
154,UNIVERSITAS ESA UNGGUL,DKI JAKARTA,KEPERAWATAN,B,31025000.0,DKI JAKARTA | Kesehatan | Mahal (20-50jt) | Baik Sekali / B,https://campus.quipper.com/directory/universitas-esa-unggul
154,UNIVERSITAS ESA UNGGUL,DKI JAKARTA,KESEHATAN MASYARAKAT,B,31025000.0,DKI JAKARTA | Kesehatan | Mahal (20-50jt) | Baik Sekali / B,https://campus.quipper.com/directory/universitas-esa-unggul
154,UNIVERSITAS ESA UNGGUL,DKI JAKARTA,REKAM MEDIS,B,31025000.0,DKI JAKARTA | Kesehatan | Mahal (20-50jt) | Baik Sekali / B,https://campus.quipper.com/directory/universitas-esa-unggul
154,UNIVERSITAS ESA UNGGUL,DKI JAKARTA,REKAM MEDIS INFORMASI KESEHATAN,A,31025000.0,DKI JAKARTA | Kesehatan | Mahal (20-50jt) | Baik Sekali / B,https://campus.quipper.com/directory/universitas-esa-unggul
156,UNIVERSITAS BOROBUDUR,DKI JAKARTA,KEPERAWATAN,C,30600000.0,DKI JAKARTA | Kesehatan | Mahal (20-50jt) | Baik / C,https://rencanamu.id/cari-kampus/universitas-borobudur
160,UNIVERSITAS KRISTEN INDONESIA,DKI JAKARTA,FISIOTERAPI,B,30000000.0,DKI JAKARTA | Kesehatan | Mahal (20-50jt) | Baik Sekali / B,https://campus.quipper.com/directory/universitas-kristen-indonesia
160,UNIVERSITAS KRISTEN INDONESIA,DKI JAKARTA,KEDOKTERAN,B,30000000.0,DKI JAKARTA | Kesehatan | Mahal (20-50jt) | Baik Sekali / B,https://campus.quipper.com/directory/universitas-kristen-indonesia
160,UNIVERSITAS KRISTEN INDONESIA,DKI JAKARTA,KEPERAWATAN,C,30000000.0,DKI JAKARTA | Kesehatan | Mahal (20-50jt) | Baik / C,https://campus.quipper.com/directory/universitas-kristen-indonesia
167,SEKOLAH TINGGI ILMU KESEHATAN PASAR REBO,DKI JAKARTA,ADMINISTRASI KESEHATAN,BAIK,29000000.0,DKI JAKARTA | Kesehatan | Mahal (20-50jt) | Baik Sekali / B,-
178,UNIVERSITAS BHAKTI PERTIWI INDONESIA,DKI JAKARTA,KEBIDANAN,BAIK,28000000.0,DKI JAKARTA | Kesehatan | Mahal (20-50jt) | Baik Sekali / B,-
178,UNIVERSITAS BHAKTI PERTIWI INDONESIA,DKI JAKARTA,KESEHATAN MASYARAKAT,UNGGUL,28000000.0,DKI JAKARTA | Kesehatan | Mahal (20-50jt) | Unggul / A,-
179,SEKOLAH TINGGI ILMU KESEHATAN IKIFA,DKI JAKARTA,FARMASI,BAIK SEKALI,27600000.0,DKI JAKARTA | Kesehatan | Mahal (20-50jt) | Baik Sekali / B,-
192,SEKOLAH TINGGI ILMU KESEHATAN ABDI NUSANTARA,DKI JAKARTA,KEPERAWATAN,BAIK SEKALI,26400000.0,DKI JAKARTA | Kesehatan | Mahal (20-50jt) | Baik Sekali / B,-
199,UNIVERSITAS NASIONAL,DKI JAKARTA,KEBIDANAN,BAIK SEKALI,25501000.0,DKI JAKARTA | Kesehatan | Mahal (20-50jt) | Baik Sekali / B,https://campus.quipper.com/directory/universitas-nasional
199,UNIVERSITAS NASIONAL,DKI JAKARTA,KEPERAWATAN,B,25501000.0,DKI JAKARTA | Kesehatan | Mahal (20-50jt) | Baik Sekali / B,https://campus.quipper.com/directory/universitas-nasional
202,INSTITUT KESEHATAN DAN TEKNOLOGI PONDOK KARYA PEMBANGUNAN,DKI JAKARTA,KEPERAWATAN,BAIK SEKALI,25200000.0,DKI JAKARTA | Kesehatan | Mahal (20-50jt) | Baik Sekali / B,-
219,UNIVERSITAS MUHAMMADIYAH JAKARTA,DKI JAKARTA,GIZI,UNGGUL,24511201.0,DKI JAKARTA | Kesehatan | Mahal (20-50jt) | Unggul / A,https://campus.quipper.com/directory/universitas-muhammadiyah-jakarta
219,UNIVERSITAS MUHAMMADIYAH JAKARTA,DKI JAKARTA,KEBIDANAN,B,24511201.0,DKI JAKARTA | Kesehatan | Mahal (20-50jt) | Baik Sekali / B,https://campus.quipper.com/directory/universitas-muhammadiyah-jakarta
219,UNIVERSITAS MUHAMMADIYAH JAKARTA,DKI JAKARTA,KEDOKTERAN,B,24511201.0,DKI JAKARTA | Kesehatan | Mahal (20-50jt) | Baik Sekali / B,https://campus.quipper.com/directory/universitas-muhammadiyah-jakarta
219,UNIVERSITAS MUHAMMADIYAH JAKARTA,DKI JAKARTA,KEPERAWATAN,A,24511201.0,DKI JAKARTA | Kesehatan | Mahal (20-50jt) | Unggul / A,https://campus.quipper.com/directory/universitas-muhammadiyah-jakarta
219,UNIVERSITAS MUHAMMADIYAH JAKARTA,DKI JAKARTA,KESEHATAN MASYARAKAT,B,24511201.0,DKI JAKARTA | Kesehatan | Mahal (20-50jt) | Baik Sekali / B,https://campus.quipper.com/directory/universitas-muhammadiyah-jakarta
235,UNIVERSITAS BINAWAN,DKI JAKARTA,FARMASI,BAIK SEKALI,23100000.0,DKI JAKARTA | Kesehatan | Mahal (20-50jt) | Baik Sekali / B,https://campus.quipper.com/directory/universitas-binawan
235,UNIVERSITAS BINAWAN,DKI JAKARTA,FISIOTERAPI,B,23100000.0,DKI JAKARTA | Kesehatan | Mahal (20-50jt) | Baik Sekali / B,https://campus.quipper.com/directory/universitas-binawan
235,UNIVERSITAS BINAWAN,DKI JAKARTA,GIZI,B,23100000.0,DKI JAKARTA | Kesehatan | Mahal (20-50jt) | Baik Sekali / B,https://campus.quipper.com/directory/universitas-binawan
235,UNIVERSITAS BINAWAN,DKI JAKARTA,KEBIDANAN,BAIK,23100000.0,DKI JAKARTA | Kesehatan | Mahal (20-50jt) | Baik Sekali / B,https://campus.quipper.com/directory/universitas-binawan
235,UNIVERSITAS BINAWAN,DKI JAKARTA,KEPERAWATAN,B,23100000.0,DKI JAKARTA | Kesehatan | Mahal (20-50jt) | Baik Sekali / B,https://campus.quipper.com/directory/universitas-binawan
241,SEKOLAH TINGGI ILMU KESEHATAN PERTAMEDIKA,DKI JAKARTA,GIZI,B,22800000.0,DKI JAKARTA | Kesehatan | Mahal (20-50jt) | Baik Sekali / B,https://campus.quipper.com/directory/sekolah-tinggi-ilmu-kesehatan-pertamina-bina-medika
241,SEKOLAH TINGGI ILMU KESEHATAN PERTAMEDIKA,DKI JAKARTA,KEPERAWATAN,BAIK SEKALI,22800000.0,DKI JAKARTA | Kesehatan | Mahal (20-50jt) | Baik Sekali / B,https://campus.quipper.com/directory/sekolah-tinggi-ilmu-kesehatan-pertamina-bina-medika
246,SEKOLAH TINGGI ILMU KESEHATAN SUMBER WARAS,DKI JAKARTA,ADMINISTRASI KESEHATAN,BAIK,22460000.0,DKI JAKARTA | Kesehatan | Mahal (20-50jt) | Baik Sekali / B,-
246,SEKOLAH TINGGI ILMU KESEHATAN SUMBER WARAS,DKI JAKARTA,FISIOTERAPI,TERAKREDITASI SEMENTARA,22460000.0,DKI JAKARTA | Kesehatan | Mahal (20-50jt) | Unggul / A,-
246,SEKOLAH TINGGI ILMU KESEHATAN SUMBER WARAS,DKI JAKARTA,KEPERAWATAN,BAIK,22460000.0,DKI JAKARTA | Kesehatan | Mahal (20-50jt) | Baik Sekali / B,-
282,UNIVERSITAS AL AZHAR INDONESIA,DKI JAKARTA,GIZI,B,20000000.0,DKI JAKARTA | Kesehatan | Mahal (20-50jt) | Baik Sekali / B,https://campus.quipper.com/directory/universitas-al-azhar-indonesia
327,SEKOLAH TINGGI ILMU KESEHATAN RS HUSADA,DKI JAKARTA,ADMINISTRASI KESEHATAN,BAIK SEKALI,18000000.0,DKI JAKARTA | Kesehatan | Menengah (10-20jt) | Baik Sekali / B,https://campus.quipper.com/directory/sekolah-tinggi-ilmu-kesehatan-rs-husada
327,SEKOLAH TINGGI ILMU KESEHATAN RS HUSADA,DKI JAKARTA,FISIOTERAPI,BAIK,18000000.0,DKI JAKARTA | Kesehatan | Menengah (10-20jt) | Baik Sekali / B,https://campus.quipper.com/directory/sekolah-tinggi-ilmu-kesehatan-rs-husada
327,SEKOLAH TINGGI ILMU KESEHATAN RS HUSADA,DKI JAKARTA,KEPERAWATAN,BAIK,18000000.0,DKI JAKARTA | Kesehatan | Menengah (10-20jt) | Baik Sekali / B,https://campus.quipper.com/directory/sekolah-tinggi-ilmu-kesehatan-rs-husada
387,UNIVERSITAS SAHID,DKI JAKARTA,GIZI,UNGGUL,15450000.0,DKI JAKARTA | Kesehatan | Menengah (10-20jt) | Unggul / A,https://campus.quipper.com/directory/universitas-sahid
403,INSTITUT KESEHATAN INDONESIA,DKI JAKARTA,ADMINISTRASI KESEHATAN,BAIK,15000000.0,DKI JAKARTA | Kesehatan | Menengah (10-20jt) | Baik Sekali / B,https://campus.quipper.com/directory/institut-kesehatan-indonesia
403,INSTITUT KESEHATAN INDONESIA,DKI JAKARTA,FARMASI,BAIK,15000000.0,DKI JAKARTA | Kesehatan | Menengah (10-20jt) | Baik Sekali / B,https://campus.quipper.com/directory/institut-kesehatan-indonesia
403,INSTITUT KESEHATAN INDONESIA,DKI JAKARTA,GIZI,BAIK,15000000.0,DKI JAKARTA | Kesehatan | Menengah (10-20jt) | Baik Sekali / B,https://campus.quipper.com/directory/institut-kesehatan-indonesia
403,INSTITUT KESEHATAN INDONESIA,DKI JAKARTA,KESEHATAN LINGKUNGAN,B,15000000.0,DKI JAKARTA | Kesehatan | Menengah (10-20jt) | Baik Sekali / B,https://campus.quipper.com/directory/institut-kesehatan-indonesia
403,INSTITUT KESEHATAN INDONESIA,DKI JAKARTA,KESEHATAN MASYARAKAT,BAIK,15000000.0,DKI JAKARTA | Kesehatan | Menengah (10-20jt) | Baik Sekali / B,https://campus.quipper.com/directory/institut-kesehatan-indonesia
9,UNIVERSITAS SAHID JAKARTA,DKI JAKARTA,GIZI,B,14500000.0,DKI JAKARTA | Kesehatan | Menengah (10-20jt) | Baik Sekali / B,https://rencanamu.id/cari-kampus/universitas-sahid-jakarta
29,UNIVERSITAS RESPATI INDONESIA,DKI JAKARTA,KEBIDANAN,BAIK SEKALI,14400000.0,DKI JAKARTA | Kesehatan | Menengah (10-20jt) | Baik Sekali / B,https://campus.quipper.com/directory/universitas-respati-indonesia
29,UNIVERSITAS RESPATI INDONESIA,DKI JAKARTA,KEPERAWATAN,UNGGUL,14400000.0,DKI JAKARTA | Kesehatan | Menengah (10-20jt) | Unggul / A,https://campus.quipper.com/directory/universitas-respati-indonesia
29,UNIVERSITAS RESPATI INDONESIA,DKI JAKARTA,KESEHATAN MASYARAKAT,UNGGUL,14400000.0,DKI JAKARTA | Kesehatan | Menengah (10-20jt) | Unggul / A,https://campus.quipper.com/directory/universitas-respati-indonesia
499,UNIVERSITAS IBNU CHALDUN,DKI JAKARTA,FARMASI,BAIK,12600000.0,DKI JAKARTA | Kesehatan | Menengah (10-20jt) | Baik Sekali / B,-
547,UNIVERSITAS INDONESIA MAJU,DKI JAKARTA,FARMASI,BAIK SEKALI,12000000.0,DKI JAKARTA | Kesehatan | Menengah (10-20jt) | Baik Sekali / B,https://campus.quipper.com/directory/universitas-indonesia-maju
547,UNIVERSITAS INDONESIA MAJU,DKI JAKARTA,GIZI,BAIK,12000000.0,DKI JAKARTA | Kesehatan | Menengah (10-20jt) | Baik Sekali / B,https://campus.quipper.com/directory/universitas-indonesia-maju
547,UNIVERSITAS INDONESIA MAJU,DKI JAKARTA,KEPERAWATAN,BAIK SEKALI,12000000.0,DKI JAKARTA | Kesehatan | Menengah (10-20jt) | Baik Sekali / B,https://campus.quipper.com/directory/universitas-indonesia-maju
48,UNIVERSITAS PERTAMINA,DKI JAKARTA,KOMPUTER,BAIK SEKALI,126000000.0,DKI JAKARTA | Komputer & Teknologi | Sangat Mahal (>50jt) | Baik Sekali / B,https://rencanamu.id/cari-kampus/universitas-pertamina
50,UNIVERSITAS 17 AGUSTUS 1945 JAKARTA,DKI JAKARTA,INFORMATIKA,BAIK SEKALI,114980000.0,DKI JAKARTA | Komputer & Teknologi | Sangat Mahal (>50jt) | Baik Sekali / B,https://rencanamu.id/cari-kampus/universitas-17-agustus-1945-jakarta
51,UNIVERSITAS BINA NUSANTARA,DKI JAKARTA,INFORMATIKA,BAIK SEKALI,95259501.0,DKI JAKARTA | Komputer & Teknologi | Sangat Mahal (>50jt) | Baik Sekali / B,https://campus.quipper.com/directory/binus-university
51,UNIVERSITAS BINA NUSANTARA,DKI JAKARTA,KOMPUTER,UNGGUL,95259501.0,DKI JAKARTA | Komputer & Teknologi | Sangat Mahal (>50jt) | Baik Sekali / B,https://campus.quipper.com/directory/binus-university
51,UNIVERSITAS BINA NUSANTARA,DKI JAKARTA,SISTEM INFORMASI,UNGGUL,95259501.0,DKI JAKARTA | Komputer & Teknologi | Sangat Mahal (>50jt) | Baik Sekali / B,https://campus.quipper.com/directory/binus-university
51,UNIVERSITAS BINA NUSANTARA,DKI JAKARTA,SISTEM INFORMASI AKUNTANSI,UNGGUL,95259501.0,DKI JAKARTA | Komputer & Teknologi | Sangat Mahal (>50jt) | Baik Sekali / B,https://campus.quipper.com/directory/binus-university
51,UNIVERSITAS BINA NUSANTARA,DKI JAKARTA,SISTEM KOMPUTER,UNGGUL,95259501.0,DKI JAKARTA | Komputer & Teknologi | Sangat Mahal (>50jt) | Baik Sekali / B,https://campus.quipper.com/directory/binus-university
51,UNIVERSITAS BINA NUSANTARA,DKI JAKARTA,TEKNOLOGI INFORMASI,UNGGUL,95259501.0,DKI JAKARTA | Komputer & Teknologi | Sangat Mahal (>50jt) | Baik Sekali / B,https://campus.quipper.com/directory/binus-university
57,UNIVERSITAS KALBIS,DKI JAKARTA,INFORMATIKA,BAIK SEKALI,78860000.0,DKI JAKARTA | Komputer & Teknologi | Sangat Mahal (>50jt) | Baik Sekali / B,-
57,UNIVERSITAS KALBIS,DKI JAKARTA,SISTEM INFORMASI,BAIK SEKALI,78860000.0,DKI JAKARTA | Komputer & Teknologi | Sangat Mahal (>50jt) | Baik Sekali / B,-
58,UNIVERSITAS MUHAMMADIYAH PROF DR HAMKA,DKI JAKARTA,INFORMATIKA,BAIK SEKALI,75800000.0,DKI JAKARTA | Komputer & Teknologi | Sangat Mahal (>50jt) | Baik Sekali / B,https://campus.quipper.com/directory/universitas-muhammadiyah-prof-dr-hamka
58,UNIVERSITAS MUHAMMADIYAH PROF DR HAMKA,DKI JAKARTA,SISTEM INFORMASI,BAIK SEKALI,75800000.0,DKI JAKARTA | Komputer & Teknologi | Sangat Mahal (>50jt) | Baik Sekali / B,https://campus.quipper.com/directory/universitas-muhammadiyah-prof-dr-hamka
71,UNIVERSITAS TARUMANAGARA,DKI JAKARTA,INFORMATIKA,B,60100000.0,DKI JAKARTA | Komputer & Teknologi | Sangat Mahal (>50jt) | Baik Sekali / B,https://rencanamu.id/cari-kampus/universitas-tarumanagara
71,UNIVERSITAS TARUMANAGARA,DKI JAKARTA,SISTEM INFORMASI,A,60100000.0,DKI JAKARTA | Komputer & Teknologi | Sangat Mahal (>50jt) | Baik Sekali / B,https://rencanamu.id/cari-kampus/universitas-tarumanagara
76,UNIVERSITAS KRISTEN KRIDA WACANA,DKI JAKARTA,INFORMATIKA,B,56000000.0,DKI JAKARTA | Komputer & Teknologi | Sangat Mahal (>50jt) | Baik Sekali / B,https://campus.quipper.com/directory/universitas-kristen-krida-wacana
76,UNIVERSITAS KRISTEN KRIDA WACANA,DKI JAKARTA,SISTEM INFORMASI,B,56000000.0,DKI JAKARTA | Komputer & Teknologi | Sangat Mahal (>50jt) | Baik Sekali / B,https://campus.quipper.com/directory/universitas-kristen-krida-wacana
77,INSTITUT SAINS DAN TEKNOLOGI NASIONAL,DKI JAKARTA,INFORMATIKA,C,55500000.0,DKI JAKARTA | Komputer & Teknologi | Sangat Mahal (>50jt) | Baik Sekali / B,https://campus.quipper.com/directory/institut-sains-dan-teknologi-nasional
77,INSTITUT SAINS DAN TEKNOLOGI NASIONAL,DKI JAKARTA,SISTEM INFORMASI,C,55500000.0,DKI JAKARTA | Komputer & Teknologi | Sangat Mahal (>50jt) | Baik Sekali / B,https://campus.quipper.com/directory/institut-sains-dan-teknologi-nasional
82,INSTITUT BIO SCIENTIA INTERNASIONAL INDONESIA,DKI JAKARTA,INFORMATIKA,BAIK SEKALI,51500000.0,DKI JAKARTA | Komputer & Teknologi | Sangat Mahal (>50jt) | Baik Sekali / B,-
83,UNIVERSITAS PRASETIYA MULYA,DKI JAKARTA,REKAYASA PERANGKAT LUNAK,C,51000000.0,DKI JAKARTA | Komputer & Teknologi | Sangat Mahal (>50jt) | Baik Sekali / B,https://campus.quipper.com/directory/universitas-prasetiya-mulya
83,UNIVERSITAS PRASETIYA MULYA,DKI JAKARTA,SISTEM INFORMASI,BAIK SEKALI,51000000.0,DKI JAKARTA | Komputer & Teknologi | Sangat Mahal (>50jt) | Baik Sekali / B,https://campus.quipper.com/directory/universitas-prasetiya-mulya
83,UNIVERSITAS PRASETIYA MULYA,DKI JAKARTA,SISTEM KOMPUTER,C,51000000.0,DKI JAKARTA | Komputer & Teknologi | Sangat Mahal (>50jt) | Baik Sekali / B,https://campus.quipper.com/directory/universitas-prasetiya-mulya
109,UNIVERSITAS KRISNADWIPAYANA,DKI JAKARTA,INFORMATIKA,C,40500000.0,DKI JAKARTA | Komputer & Teknologi | Mahal (20-50jt) | Baik Sekali / B,https://campus.quipper.com/directory/universitas-krisnadwipayana
109,UNIVERSITAS KRISNADWIPAYANA,DKI JAKARTA,SISTEM INFORMASI,BAIK,40500000.0,DKI JAKARTA | Komputer & Teknologi | Mahal (20-50jt) | Baik Sekali / B,https://campus.quipper.com/directory/universitas-krisnadwipayana
120,UNIVERSITAS ARY GINANJAR,DKI JAKARTA,KOMPUTER,BAIK,38200000.0,DKI JAKARTA | Komputer & Teknologi | Mahal (20-50jt) | Baik Sekali / B,-
120,UNIVERSITAS ARY GINANJAR,DKI JAKARTA,SISTEM INFORMASI,BAIK,38200000.0,DKI JAKARTA | Komputer & Teknologi | Mahal (20-50jt) | Baik Sekali / B,-
130,UNIVERSITAS PARAMADINA,DKI JAKARTA,INFORMATIKA,B,34550000.0,DKI JAKARTA | Komputer & Teknologi | Mahal (20-50jt) | Baik Sekali / B,https://rencanamu.id/cari-kampus/universitas-paramadina
139,UNIVERSITAS BAKRIE,DKI JAKARTA,INFORMATIKA,B,32750000.0,DKI JAKARTA | Komputer & Teknologi | Mahal (20-50jt) | Baik Sekali / B,https://campus.quipper.com/directory/universitas-bakrie
139,UNIVERSITAS BAKRIE,DKI JAKARTA,SISTEM INFORMASI,B,32750000.0,DKI JAKARTA | Komputer & Teknologi | Mahal (20-50jt) | Baik Sekali / B,https://campus.quipper.com/directory/universitas-bakrie
145,UNIVERSITAS MULTIMEDIA NUSANTARA JAKARTA,DKI JAKARTA,INFORMATIKA,BAIK SEKALI,32325000.0,DKI JAKARTA | Komputer & Teknologi | Mahal (20-50jt) | Baik Sekali / B,-
152,UNIVERSITAS NAHDLATUL ULAMA INDONESIA,DKI JAKARTA,INFORMATIKA,BAIK,31100000.0,DKI JAKARTA | Komputer & Teknologi | Mahal (20-50jt) | Baik Sekali / B,-
152,UNIVERSITAS NAHDLATUL ULAMA INDONESIA,DKI JAKARTA,SISTEM INFORMASI,BAIK,31100000.0,DKI JAKARTA | Komputer & Teknologi | Mahal (20-50jt) | Baik Sekali / B,-
154,UNIVERSITAS ESA UNGGUL,DKI JAKARTA,INFORMATIKA,A,31025000.0,DKI JAKARTA | Komputer & Teknologi | Mahal (20-50jt) | Baik Sekali / B,https://campus.quipper.com/directory/universitas-esa-unggul
154,UNIVERSITAS ESA UNGGUL,DKI JAKARTA,SISTEM INFORMASI,B,31025000.0,DKI JAKARTA | Komputer & Teknologi | Mahal (20-50jt) | Baik Sekali / B,https://campus.quipper.com/directory/universitas-esa-unggul
156,UNIVERSITAS BOROBUDUR,DKI JAKARTA,INFORMATIKA,BAIK SEKALI,30600000.0,DKI JAKARTA | Komputer & Teknologi | Mahal (20-50jt) | Baik Sekali / B,https://rencanamu.id/cari-kampus/universitas-borobudur
168,INSTITUT BISNIS DAN INFORMATIKA KWIK KIAN GIE,DKI JAKARTA,INFORMATIKA,B,29000000.0,DKI JAKARTA | Komputer & Teknologi | Mahal (20-50jt) | Baik Sekali / B,https://campus.quipper.com/directory/institut-bisnis-dan-informatika-kwik-kian-gie
168,INSTITUT BISNIS DAN INFORMATIKA KWIK KIAN GIE,DKI JAKARTA,SISTEM INFORMASI,B,29000000.0,DKI JAKARTA | Komputer & Teknologi | Mahal (20-50jt) | Baik Sekali / B,https://campus.quipper.com/directory/institut-bisnis-dan-informatika-kwik-kian-gie
178,UNIVERSITAS BHAKTI PERTIWI INDONESIA,DKI JAKARTA,INFORMATIKA,BAIK,28000000.0,DKI JAKARTA | Komputer & Teknologi | Mahal (20-50jt) | Baik Sekali / B,-
178,UNIVERSITAS BHAKTI PERTIWI INDONESIA,DKI JAKARTA,SISTEM INFORMASI,BAIK,28000000.0,DKI JAKARTA | Komputer & Teknologi | Mahal (20-50jt) | Baik Sekali / B,-
188,UNIVERSITAS JAYABAYA,DKI JAKARTA,SISTEM INFORMASI,BAIK,26750000.0,DKI JAKARTA | Komputer & Teknologi | Mahal (20-50jt) | Baik Sekali / B,https://campus.quipper.com/directory/universitas-jayabaya
199,UNIVERSITAS NASIONAL,DKI JAKARTA,INFORMATIKA,B,25501000.0,DKI JAKARTA | Komputer & Teknologi | Mahal (20-50jt) | Baik Sekali / B,https://campus.quipper.com/directory/universitas-nasional
199,UNIVERSITAS NASIONAL,DKI JAKARTA,SISTEM INFORMASI,B,25501000.0,DKI JAKARTA | Komputer & Teknologi | Mahal (20-50jt) | Baik Sekali / B,https://campus.quipper.com/directory/universitas-nasional
219,UNIVERSITAS MUHAMMADIYAH JAKARTA,DKI JAKARTA,INFORMATIKA,B,24511201.0,DKI JAKARTA | Komputer & Teknologi | Mahal (20-50jt) | Baik Sekali / B,https://campus.quipper.com/directory/universitas-muhammadiyah-jakarta
219,UNIVERSITAS MUHAMMADIYAH JAKARTA,DKI JAKARTA,TEKNOLOGI INFORMASI,BAIK,24511201.0,DKI JAKARTA | Komputer & Teknologi | Mahal (20-50jt) | Baik Sekali / B,https://campus.quipper.com/directory/universitas-muhammadiyah-jakarta
227,UNIVERSITAS TANRI ABENG,DKI JAKARTA,INFORMATIKA,BAIK,24000000.0,DKI JAKARTA | Komputer & Teknologi | Mahal (20-50jt) | Baik Sekali / B,https://campus.quipper.com/directory/universitas-tanri-abeng
227,UNIVERSITAS TANRI ABENG,DKI JAKARTA,SISTEM INFORMASI,BAIK SEKALI,24000000.0,DKI JAKARTA | Komputer & Teknologi | Mahal (20-50jt) | Baik Sekali / B,https://campus.quipper.com/directory/universitas-tanri-abeng
238,UNIVERSITAS BUDI LUHUR,DKI JAKARTA,INFORMATIKA,B,23000000.0,DKI JAKARTA | Komputer & Teknologi | Mahal (20-50jt) | Baik Sekali / B,https://campus.quipper.com/directory/universitas-budi-luhur
238,UNIVERSITAS BUDI LUHUR,DKI JAKARTA,KOMPUTER,B,23000000.0,DKI JAKARTA | Komputer & Teknologi | Mahal (20-50jt) | Baik Sekali / B,https://campus.quipper.com/directory/universitas-budi-luhur
238,UNIVERSITAS BUDI LUHUR,DKI JAKARTA,MANAJEMEN INFORMATIKA,B,23000000.0,DKI JAKARTA | Komputer & Teknologi | Mahal (20-50jt) | Baik Sekali / B,https://campus.quipper.com/directory/universitas-budi-luhur
238,UNIVERSITAS BUDI LUHUR,DKI JAKARTA,SISTEM INFORMASI,B,23000000.0,DKI JAKARTA | Komputer & Teknologi | Mahal (20-50jt) | Baik Sekali / B,https://campus.quipper.com/directory/universitas-budi-luhur
238,UNIVERSITAS BUDI LUHUR,DKI JAKARTA,SISTEM KOMPUTER,B,23000000.0,DKI JAKARTA | Komputer & Teknologi | Mahal (20-50jt) | Baik Sekali / B,https://campus.quipper.com/directory/universitas-budi-luhur
237,UNIVERSITAS NUSA MANDIRI,DKI JAKARTA,KOMPUTER,B,23000000.0,DKI JAKARTA | Komputer & Teknologi | Mahal (20-50jt) | Baik Sekali / B,https://campus.quipper.com/directory/stmik-nusa-mandiri
237,UNIVERSITAS NUSA MANDIRI,DKI JAKARTA,SAINS DATA,BAIK,23000000.0,DKI JAKARTA | Komputer & Teknologi | Mahal (20-50jt) | Baik Sekali / B,https://campus.quipper.com/directory/stmik-nusa-mandiri
250,UNIVERSITAS PERSADA INDONESIA YAI,DKI JAKARTA,INFORMATIKA,B,22250000.0,DKI JAKARTA | Komputer & Teknologi | Mahal (20-50jt) | Baik Sekali / B,https://campus.quipper.com/directory/universitas-persada-indonesia-yai
250,UNIVERSITAS PERSADA INDONESIA YAI,DKI JAKARTA,MANAJEMEN INFORMATIKA,BAIK SEKALI,22250000.0,DKI JAKARTA | Komputer & Teknologi | Mahal (20-50jt) | Baik Sekali / B,https://campus.quipper.com/directory/universitas-persada-indonesia-yai
250,UNIVERSITAS PERSADA INDONESIA YAI,DKI JAKARTA,SISTEM INFORMASI,BAIK,22250000.0,DKI JAKARTA | Komputer & Teknologi | Mahal (20-50jt) | Baik Sekali / B,https://campus.quipper.com/directory/universitas-persada-indonesia-yai
252,UNIVERSITAS BHAYANGKARA JAKARTA RAYA,DKI JAKARTA,INFORMATIKA,B,22075000.0,DKI JAKARTA | Komputer & Teknologi | Mahal (20-50jt) | Baik Sekali / B,https://campus.quipper.com/directory/universitas-bhayangkara-jakarta-raya
258,INSTITUT TEKNOLOGI PERUSAHAAN LISTRIK NEGARA,DKI JAKARTA,INFORMATIKA,BAIK SEKALI,21500000.0,DKI JAKARTA | Komputer & Teknologi | Mahal (20-50jt) | Baik Sekali / B,-
258,INSTITUT TEKNOLOGI PERUSAHAAN LISTRIK NEGARA,DKI JAKARTA,SISTEM INFORMASI,BAIK,21500000.0,DKI JAKARTA | Komputer & Teknologi | Mahal (20-50jt) | Baik Sekali / B,-
272,INSTITUT TEKNOLOGI DAN BISNIS KALBIS,DKI JAKARTA,INFORMATIKA,B,20500000.0,DKI JAKARTA | Komputer & Teknologi | Mahal (20-50jt) | Baik Sekali / B,https://rencanamu.id/cari-kampus/institut-teknologi-dan-bisnis-kalbis
272,INSTITUT TEKNOLOGI DAN BISNIS KALBIS,DKI JAKARTA,SISTEM INFORMASI,B,20500000.0,DKI JAKARTA | Komputer & Teknologi | Mahal (20-50jt) | Baik Sekali / B,https://rencanamu.id/cari-kampus/institut-teknologi-dan-bisnis-kalbis
271,UNIVERSITAS BUNDA MULIA,DKI JAKARTA,DATA SAINS,B,20500000.0,DKI JAKARTA | Komputer & Teknologi | Mahal (20-50jt) | Baik Sekali / B,https://campus.quipper.com/directory/universitas-bunda-mulia-ubm
271,UNIVERSITAS BUNDA MULIA,DKI JAKARTA,INFORMATIKA,B,20500000.0,DKI JAKARTA | Komputer & Teknologi | Mahal (20-50jt) | Baik Sekali / B,https://campus.quipper.com/directory/universitas-bunda-mulia-ubm
271,UNIVERSITAS BUNDA MULIA,DKI JAKARTA,KECERDASAN BUATAN,BAIK,20500000.0,DKI JAKARTA | Komputer & Teknologi | Mahal (20-50jt) | Baik Sekali / B,https://campus.quipper.com/directory/universitas-bunda-mulia-ubm
271,UNIVERSITAS BUNDA MULIA,DKI JAKARTA,SAINS DATA,BAIK,20500000.0,DKI JAKARTA | Komputer & Teknologi | Mahal (20-50jt) | Baik Sekali / B,https://campus.quipper.com/directory/universitas-bunda-mulia-ubm
271,UNIVERSITAS BUNDA MULIA,DKI JAKARTA,SISTEM INFORMASI,B,20500000.0,DKI JAKARTA | Komputer & Teknologi | Mahal (20-50jt) | Baik Sekali / B,https://campus.quipper.com/directory/universitas-bunda-mulia-ubm
282,UNIVERSITAS AL AZHAR INDONESIA,DKI JAKARTA,INFORMATIKA,B,20000000.0,DKI JAKARTA | Komputer & Teknologi | Mahal (20-50jt) | Baik Sekali / B,https://campus.quipper.com/directory/universitas-al-azhar-indonesia
288,UNIVERSITAS SIBER INDONESIA,DKI JAKARTA,SISTEM INFORMASI,BAIK SEKALI,20000000.0,DKI JAKARTA | Komputer & Teknologi | Mahal (20-50jt) | Baik Sekali / B,-
288,UNIVERSITAS SIBER INDONESIA,DKI JAKARTA,TEKNOLOGI INFORMASI,BAIK SEKALI,20000000.0,DKI JAKARTA | Komputer & Teknologi | Mahal (20-50jt) | Baik Sekali / B,-
303,UNIVERSITAS AL-AZHAR INDONESIA,DKI JAKARTA,INFORMATIKA,BAIK SEKALI,19230000.0,DKI JAKARTA | Komputer & Teknologi | Menengah (10-20jt) | Baik Sekali / B,-
304,UNIVERSITAS DIRGANTARA MARSEKAL SURYADARMA,DKI JAKARTA,MANAJEMEN INFORMATIKA,B,19225001.0,DKI JAKARTA | Komputer & Teknologi | Menengah (10-20jt) | Baik Sekali / B,https://campus.quipper.com/directory/universitas-marsekal-suryadarma
304,UNIVERSITAS DIRGANTARA MARSEKAL SURYADARMA,DKI JAKARTA,SISTEM INFORMASI,BAIK SEKALI,19225001.0,DKI JAKARTA | Komputer & Teknologi | Menengah (10-20jt) | Baik Sekali / B,https://campus.quipper.com/directory/universitas-marsekal-suryadarma
314,SEKOLAH TINGGI DESAIN INTERSTUDI,DKI JAKARTA,MULTIMEDIA,B,18900000.0,DKI JAKARTA | Komputer & Teknologi | Menengah (10-20jt) | Baik Sekali / B,https://campus.quipper.com/directory/sekolah-tinggi-desain-interstudi
320,UNIVERSITAS MEDIA NUSANTARA CITRA,DKI JAKARTA,KOMPUTER,BAIK,18650000.0,DKI JAKARTA | Komputer & Teknologi | Menengah (10-20jt) | Baik Sekali / B,-
320,UNIVERSITAS MEDIA NUSANTARA CITRA,DKI JAKARTA,SISTEM INFORMASI,BAIK,18650000.0,DKI JAKARTA | Komputer & Teknologi | Menengah (10-20jt) | Baik Sekali / B,-
325,UNIVERSITAS SATYA NEGARA INDONESIA,DKI JAKARTA,INFORMATIKA,B,18250000.0,DKI JAKARTA | Komputer & Teknologi | Menengah (10-20jt) | Baik Sekali / B,https://rencanamu.id/cari-kampus/universitas-satya-negara-indonesia
325,UNIVERSITAS SATYA NEGARA INDONESIA,DKI JAKARTA,SISTEM INFORMASI,B,18250000.0,DKI JAKARTA | Komputer & Teknologi | Menengah (10-20jt) | Baik Sekali / B,https://rencanamu.id/cari-kampus/universitas-satya-negara-indonesia
393,SEKOLAH TINGGI TEKNOLOGI PEKERJAAN UMUM,DKI JAKARTA,INFORMATIKA,BAIK,15225000.0,DKI JAKARTA | Komputer & Teknologi | Menengah (10-20jt) | Baik Sekali / B,-
397,INSTITUT TEKNOLOGI DAN BISNIS SWADHARMA,DKI JAKARTA,INFORMATIKA,BAIK SEKALI,15160000.0,DKI JAKARTA | Komputer & Teknologi | Menengah (10-20jt) | Baik Sekali / B,-
397,INSTITUT TEKNOLOGI DAN BISNIS SWADHARMA,DKI JAKARTA,SAINS DATA,BAIK,15160000.0,DKI JAKARTA | Komputer & Teknologi | Menengah (10-20jt) | Baik Sekali / B,-
397,INSTITUT TEKNOLOGI DAN BISNIS SWADHARMA,DKI JAKARTA,SISTEM INFORMASI,BAIK SEKALI,15160000.0,DKI JAKARTA | Komputer & Teknologi | Menengah (10-20jt) | Baik Sekali / B,-
422,INSTITUT BISNIS NUSANTARA,DKI JAKARTA,SISTEM INFORMASI,C,14472500.0,DKI JAKARTA | Komputer & Teknologi | Menengah (10-20jt) | Baik / C,https://campus.quipper.com/directory/institut-bisnis-nusantara
422,INSTITUT BISNIS NUSANTARA,DKI JAKARTA,SISTEM KOMPUTER,C,14472500.0,DKI JAKARTA | Komputer & Teknologi | Menengah (10-20jt) | Baik / C,https://campus.quipper.com/directory/institut-bisnis-nusantara
29,UNIVERSITAS RESPATI INDONESIA,DKI JAKARTA,KOMPUTER,BAIK SEKALI,14400000.0,DKI JAKARTA | Komputer & Teknologi | Menengah (10-20jt) | Baik Sekali / B,https://campus.quipper.com/directory/universitas-respati-indonesia
29,UNIVERSITAS RESPATI INDONESIA,DKI JAKARTA,SISTEM INFORMASI,BAIK,14400000.0,DKI JAKARTA | Komputer & Teknologi | Menengah (10-20jt) | Baik Sekali / B,https://campus.quipper.com/directory/universitas-respati-indonesia
442,INSTITUT TEKNOLOGI DAN BISNIS AHMAD DAHLAN,DKI JAKARTA,SISTEM INFORMASI,BAIK,14000000.0,DKI JAKARTA | Komputer & Teknologi | Menengah (10-20jt) | Baik Sekali / B,-
442,INSTITUT TEKNOLOGI DAN BISNIS AHMAD DAHLAN,DKI JAKARTA,TEKNOLOGI INFORMASI,BAIK,14000000.0,DKI JAKARTA | Komputer & Teknologi | Menengah (10-20jt) | Baik Sekali / B,-
455,UNIVERSITAS TEKNOLOGI MUHAMMADIYAH JAKARTA,DKI JAKARTA,REKAYASA KOMPUTER,BAIK,13805000.0,DKI JAKARTA | Komputer & Teknologi | Menengah (10-20jt) | Baik Sekali / B,-
455,UNIVERSITAS TEKNOLOGI MUHAMMADIYAH JAKARTA,DKI JAKARTA,SISTEM INFORMASI,BAIK,13805000.0,DKI JAKARTA | Komputer & Teknologi | Menengah (10-20jt) | Baik Sekali / B,-
489,STMIK KUWERA,DKI JAKARTA,SISTEM INFORMASI,BAIK,12775000.0,DKI JAKARTA | Komputer & Teknologi | Menengah (10-20jt) | Baik Sekali / B,-
491,UNIVERSITAS TRILOGI,DKI JAKARTA,INFORMATIKA,C,12750000.0,DKI JAKARTA | Komputer & Teknologi | Menengah (10-20jt) | Baik / C,https://campus.quipper.com/directory/universitas-trilogi
491,UNIVERSITAS TRILOGI,DKI JAKARTA,SISTEM INFORMASI,C,12750000.0,DKI JAKARTA | Komputer & Teknologi | Menengah (10-20jt) | Baik / C,https://campus.quipper.com/directory/universitas-trilogi
496,INSTITUT BISNIS DAN MULTIMEDIA ASMI JAKARTA,DKI JAKARTA,SISTEM INFORMASI,BAIK,12630000.0,DKI JAKARTA | Komputer & Teknologi | Menengah (10-20jt) | Baik Sekali / B,-
508,UNIVERSITAS LIA,DKI JAKARTA,INFORMATIKA,BAIK,12400000.0,DKI JAKARTA | Komputer & Teknologi | Menengah (10-20jt) | Baik Sekali / B,-
508,UNIVERSITAS LIA,DKI JAKARTA,SISTEM INFORMASI,BAIK,12400000.0,DKI JAKARTA | Komputer & Teknologi | Menengah (10-20jt) | Baik Sekali / B,-
520,UNIVERSITAS DARMA PERSADA,DKI JAKARTA,INFORMATIKA,B,12200000.0,DKI JAKARTA | Komputer & Teknologi | Menengah (10-20jt) | Baik Sekali / B,https://campus.quipper.com/directory/universitas-darma-persada
520,UNIVERSITAS DARMA PERSADA,DKI JAKARTA,SISTEM INFORMASI,B,12200000.0,DKI JAKARTA | Komputer & Teknologi | Menengah (10-20jt) | Baik Sekali / B,https://campus.quipper.com/directory/universitas-darma-persada
520,UNIVERSITAS DARMA PERSADA,DKI JAKARTA,TEKNOLOGI INFORMASI,BAIK SEKALI,12200000.0,DKI JAKARTA | Komputer & Teknologi | Menengah (10-20jt) | Baik Sekali / B,https://campus.quipper.com/directory/universitas-darma-persada
521,UNIVERSITAS TAMA JAGAKARSA,DKI JAKARTA,KOMPUTER,BAIK SEKALI,12200000.0,DKI JAKARTA | Komputer & Teknologi | Menengah (10-20jt) | Baik Sekali / B,-
521,UNIVERSITAS TAMA JAGAKARSA,DKI JAKARTA,SISTEM INFORMASI,BAIK SEKALI,12200000.0,DKI JAKARTA | Komputer & Teknologi | Menengah (10-20jt) | Baik Sekali / B,-
561,UNIVERSITAS MITRA BANGSA,DKI JAKARTA,KOMPUTER,BAIK,11600000.0,DKI JAKARTA | Komputer & Teknologi | Menengah (10-20jt) | Baik Sekali / B,-
561,UNIVERSITAS MITRA BANGSA,DKI JAKARTA,SISTEM INFORMASI,BAIK,11600000.0,DKI JAKARTA | Komputer & Teknologi | Menengah (10-20jt) | Baik Sekali / B,-
572,UNIVERSITAS MPU TANTULAR,DKI JAKARTA,INFORMATIKA,C,11337000.0,DKI JAKARTA | Komputer & Teknologi | Menengah (10-20jt) | Baik / C,https://campus.quipper.com/directory/universitas-mpu-tantular
604,UNIVERSITAS ASA INDONESIA,DKI JAKARTA,SISTEM INFORMASI,BAIK,10650000.0,DKI JAKARTA | Komputer & Teknologi | Menengah (10-20jt) | Baik Sekali / B,-
604,UNIVERSITAS ASA INDONESIA,DKI JAKARTA,TEKNOLOGI INFORMASI,BAIK,10650000.0,DKI JAKARTA | Komputer & Teknologi | Menengah (10-20jt) | Baik Sekali / B,-
650,UNIVERSITAS BUNG KARNO,DKI JAKARTA,SISTEM INFORMASI,B,10000000.0,DKI JAKARTA | Komputer & Teknologi | Menengah (10-20jt) | Baik Sekali / B,https://campus.quipper.com/directory/universitas-bung-karno
650,UNIVERSITAS BUNG KARNO,DKI JAKARTA,SISTEM KOMPUTER,B,10000000.0,DKI JAKARTA | Komputer & Teknologi | Menengah (10-20jt) | Baik Sekali / B,https://campus.quipper.com/directory/universitas-bung-karno
642,UNIVERSITAS MERCU BUANA,DKI JAKARTA,SISTEM INFORMASI,BAIK SEKALI,10000000.0,DKI JAKARTA | Komputer & Teknologi | Menengah (10-20jt) | Baik Sekali / B,https://campus.quipper.com/directory/universitas-mercu-buana
22,UNIVERSITAS DIAN NUSANTARA,DKI JAKARTA,INFORMATIKA,BAIK,9400000.0,DKI JAKARTA | Komputer & Teknologi | Terjangkau (5-10jt) | Baik Sekali / B,-
704,UNIVERSITAS INDRAPRASTA PGRI,DKI JAKARTA,INFORMATIKA,B,9150000.0,DKI JAKARTA | Komputer & Teknologi | Terjangkau (5-10jt) | Baik Sekali / B,https://campus.quipper.com/directory/universitas-indraprasta-pgri
704,UNIVERSITAS INDRAPRASTA PGRI,DKI JAKARTA,SAINS DATA,BAIK,9150000.0,DKI JAKARTA | Komputer & Teknologi | Terjangkau (5-10jt) | Baik Sekali / B,https://campus.quipper.com/directory/universitas-indraprasta-pgri
704,UNIVERSITAS INDRAPRASTA PGRI,DKI JAKARTA,SISTEM INFORMASI,BAIK,9150000.0,DKI JAKARTA | Komputer & Teknologi | Terjangkau (5-10jt) | Baik Sekali / B,https://campus.quipper.com/directory/universitas-indraprasta-pgri
1327,UNIVERSITAS DARUNNAJAH,DKI JAKARTA,REKAYASA PERANGKAT LUNAK,BAIK,4800000.0,DKI JAKARTA | Komputer & Teknologi | Hemat (<5jt) | Baik Sekali / B,-
1327,UNIVERSITAS DARUNNAJAH,DKI JAKARTA,SISTEM INFORMASI,BAIK,4800000.0,DKI JAKARTA | Komputer & Teknologi | Hemat (<5jt) | Baik Sekali / B,-
1307,UNIVERSITAS SAINTEK MUHAMMADIYAH,DKI JAKARTA,INFORMATIKA,BAIK SEKALI,4800000.0,DKI JAKARTA | Komputer & Teknologi | Hemat (<5jt) | Baik Sekali / B,-
1307,UNIVERSITAS SAINTEK MUHAMMADIYAH,DKI JAKARTA,SAINS DATA,BAIK,4800000.0,DKI JAKARTA | Komputer & Teknologi | Hemat (<5jt) | Baik Sekali / B,-
1307,UNIVERSITAS SAINTEK MUHAMMADIYAH,DKI JAKARTA,SISTEM INFORMASI,BAIK SEKALI,4800000.0,DKI JAKARTA | Komputer & Teknologi | Hemat (<5jt) | Baik Sekali / B,-
1365,SEKOLAH TINGGI TEKNOLOGI SAPTA TARUNA,DKI JAKARTA,INFORMATIKA,BAIK,4400000.0,DKI JAKARTA | Komputer & Teknologi | Hemat (<5jt) | Baik Sekali / B,https://campus.quipper.com/directory/sekolah-tinggi-teknologi-sapta-taruna
32,UNIVERSITAS KATOLIK INDONESIA ATMA JAYA,DKI JAKARTA,BIOTEKNOLOGI,B,289650000.0,DKI JAKARTA | Lainnya | Sangat Mahal (>50jt) | Baik Sekali / B,https://rencanamu.id/cari-kampus/universitas-katolik-indonesia-atma-jaya
32,UNIVERSITAS KATOLIK INDONESIA ATMA JAYA,DKI JAKARTA,TEKNOLOGI PANGAN,B,289650000.0,DKI JAKARTA | Lainnya | Sangat Mahal (>50jt) | Baik Sekali / B,https://rencanamu.id/cari-kampus/universitas-katolik-indonesia-atma-jaya
35,UNIVERSITAS YARSI,DKI JAKARTA,ILMU PERPUSTAKAAN,A,262250000.0,DKI JAKARTA | Lainnya | Sangat Mahal (>50jt) | Baik Sekali / B,https://campus.quipper.com/directory/universitas-yarsi
48,UNIVERSITAS PERTAMINA,DKI JAKARTA,,BAIK,126000000.0,DKI JAKARTA | Lainnya | Sangat Mahal (>50jt) | Baik Sekali / B,https://rencanamu.id/cari-kampus/universitas-pertamina
51,UNIVERSITAS BINA NUSANTARA,DKI JAKARTA,BIOTEKNOLOGI,BAIK,95259501.0,DKI JAKARTA | Lainnya | Sangat Mahal (>50jt) | Baik Sekali / B,https://campus.quipper.com/directory/binus-university
51,UNIVERSITAS BINA NUSANTARA,DKI JAKARTA,PERENCANAAN WILAYAH KOTA,BAIK,95259501.0,DKI JAKARTA | Lainnya | Sangat Mahal (>50jt) | Baik Sekali / B,https://campus.quipper.com/directory/binus-university
71,UNIVERSITAS TARUMANAGARA,DKI JAKARTA,PERENCANAAN WILAYAH KOTA,B,60100000.0,DKI JAKARTA | Lainnya | Sangat Mahal (>50jt) | Baik Sekali / B,https://rencanamu.id/cari-kampus/universitas-tarumanagara
82,INSTITUT BIO SCIENTIA INTERNASIONAL INDONESIA,DKI JAKARTA,TEKNOLOGI PANGAN,B,51500000.0,DKI JAKARTA | Lainnya | Sangat Mahal (>50jt) | Baik Sekali / B,-
109,UNIVERSITAS KRISNADWIPAYANA,DKI JAKARTA,PERENCANAAN WILAYAH KOTA,B,40500000.0,DKI JAKARTA | Lainnya | Mahal (20-50jt) | Baik Sekali / B,https://campus.quipper.com/directory/universitas-krisnadwipayana
139,UNIVERSITAS BAKRIE,DKI JAKARTA,TEKNOLOGI PANGAN,B,32750000.0,DKI JAKARTA | Lainnya | Mahal (20-50jt) | Baik Sekali / B,https://campus.quipper.com/directory/universitas-bakrie
154,UNIVERSITAS ESA UNGGUL,DKI JAKARTA,BIOTEKNOLOGI,B,31025000.0,DKI JAKARTA | Lainnya | Mahal (20-50jt) | Baik Sekali / B,https://campus.quipper.com/directory/universitas-esa-unggul
154,UNIVERSITAS ESA UNGGUL,DKI JAKARTA,PERENCANAAN WILAYAH KOTA,B,31025000.0,DKI JAKARTA | Lainnya | Mahal (20-50jt) | Baik Sekali / B,https://campus.quipper.com/directory/universitas-esa-unggul
177,UNIVERSITAS AGUNG PODOMORO,DKI JAKARTA,PERENCANAAN WILAYAH KOTA,C,28000000.0,DKI JAKARTA | Lainnya | Mahal (20-50jt) | Baik / C,https://campus.quipper.com/directory/universitas-podomoro
199,UNIVERSITAS NASIONAL,DKI JAKARTA,,A,25501000.0,DKI JAKARTA | Lainnya | Mahal (20-50jt) | Baik Sekali / B,https://campus.quipper.com/directory/universitas-nasional
219,UNIVERSITAS MUHAMMADIYAH JAKARTA,DKI JAKARTA,,B,24511201.0,DKI JAKARTA | Lainnya | Mahal (20-50jt) | Baik Sekali / B,https://campus.quipper.com/directory/universitas-muhammadiyah-jakarta
219,UNIVERSITAS MUHAMMADIYAH JAKARTA,DKI JAKARTA,TEKNOLOGI,C,24511201.0,DKI JAKARTA | Lainnya | Mahal (20-50jt) | Baik / C,https://campus.quipper.com/directory/universitas-muhammadiyah-jakarta
235,UNIVERSITAS BINAWAN,DKI JAKARTA,BIOTEKNOLOGI,C,23100000.0,DKI JAKARTA | Lainnya | Mahal (20-50jt) | Baik / C,https://campus.quipper.com/directory/universitas-binawan
24,UNIVERSITAS SATYAGAMA,DKI JAKARTA,,BAIK,21600000.0,DKI JAKARTA | Lainnya | Mahal (20-50jt) | Baik Sekali / B,https://campus.quipper.com/directory/universitas-satyagama
258,INSTITUT TEKNOLOGI PERUSAHAAN LISTRIK NEGARA,DKI JAKARTA,KELISTRIKAN,BAIK,21500000.0,DKI JAKARTA | Lainnya | Mahal (20-50jt) | Baik Sekali / B,-
282,UNIVERSITAS AL AZHAR INDONESIA,DKI JAKARTA,TEKNOLOGI PANGAN,B,20000000.0,DKI JAKARTA | Lainnya | Mahal (20-50jt) | Baik Sekali / B,https://campus.quipper.com/directory/universitas-al-azhar-indonesia
303,UNIVERSITAS AL-AZHAR INDONESIA,DKI JAKARTA,TEKNOLOGI PANGAN,BAIK SEKALI,19230000.0,DKI JAKARTA | Lainnya | Menengah (10-20jt) | Baik Sekali / B,-
325,UNIVERSITAS SATYA NEGARA INDONESIA,DKI JAKARTA,BUDIDAYA PERAIRAN,B,18250000.0,DKI JAKARTA | Lainnya | Menengah (10-20jt) | Baik Sekali / B,https://rencanamu.id/cari-kampus/universitas-satya-negara-indonesia
387,UNIVERSITAS SAHID,DKI JAKARTA,TEKNOLOGI PANGAN,BAIK SEKALI,15450000.0,DKI JAKARTA | Lainnya | Menengah (10-20jt) | Baik Sekali / B,https://campus.quipper.com/directory/universitas-sahid
9,UNIVERSITAS SAHID JAKARTA,DKI JAKARTA,TEKNOLOGI PANGAN,B,14500000.0,DKI JAKARTA | Lainnya | Menengah (10-20jt) | Baik Sekali / B,https://rencanamu.id/cari-kampus/universitas-sahid-jakarta
604,UNIVERSITAS ASA INDONESIA,DKI JAKARTA,TEKNOLOGI PANGAN,BAIK,10650000.0,DKI JAKARTA | Lainnya | Menengah (10-20jt) | Baik Sekali / B,-
51,UNIVERSITAS BINA NUSANTARA,DKI JAKARTA,GURU SEKOLAH DASAR,UNGGUL,95259501.0,DKI JAKARTA | Pendidikan | Sangat Mahal (>50jt) | Unggul / A,https://campus.quipper.com/directory/binus-university
58,UNIVERSITAS MUHAMMADIYAH PROF DR HAMKA,DKI JAKARTA,BIMBINGAN KONSELING,UNGGUL,75800000.0,DKI JAKARTA | Pendidikan | Sangat Mahal (>50jt) | Unggul / A,https://campus.quipper.com/directory/universitas-muhammadiyah-prof-dr-hamka
58,UNIVERSITAS MUHAMMADIYAH PROF DR HAMKA,DKI JAKARTA,GURU SEKOLAH DASAR,UNGGUL,75800000.0,DKI JAKARTA | Pendidikan | Sangat Mahal (>50jt) | Unggul / A,https://campus.quipper.com/directory/universitas-muhammadiyah-prof-dr-hamka
152,UNIVERSITAS NAHDLATUL ULAMA INDONESIA,DKI JAKARTA,GURU ANAK USIA DINI,BAIK,31100000.0,DKI JAKARTA | Pendidikan | Mahal (20-50jt) | Baik Sekali / B,-
154,UNIVERSITAS ESA UNGGUL,DKI JAKARTA,GURU SEKOLAH DASAR,B,31025000.0,DKI JAKARTA | Pendidikan | Mahal (20-50jt) | Baik Sekali / B,https://campus.quipper.com/directory/universitas-esa-unggul
160,UNIVERSITAS KRISTEN INDONESIA,DKI JAKARTA,BIMBINGAN KONSELING,B,30000000.0,DKI JAKARTA | Pendidikan | Mahal (20-50jt) | Baik Sekali / B,https://campus.quipper.com/directory/universitas-kristen-indonesia
219,UNIVERSITAS MUHAMMADIYAH JAKARTA,DKI JAKARTA,GURU ANAK USIA DINI,UNGGUL,24511201.0,DKI JAKARTA | Pendidikan | Mahal (20-50jt) | Baik Sekali / B,https://campus.quipper.com/directory/universitas-muhammadiyah-jakarta
219,UNIVERSITAS MUHAMMADIYAH JAKARTA,DKI JAKARTA,GURU PAUD,A,24511201.0,DKI JAKARTA | Pendidikan | Mahal (20-50jt) | Baik Sekali / B,https://campus.quipper.com/directory/universitas-muhammadiyah-jakarta
219,UNIVERSITAS MUHAMMADIYAH JAKARTA,DKI JAKARTA,GURU SEKOLAH DASAR,A,24511201.0,DKI JAKARTA | Pendidikan | Mahal (20-50jt) | Baik Sekali / B,https://campus.quipper.com/directory/universitas-muhammadiyah-jakarta
219,UNIVERSITAS MUHAMMADIYAH JAKARTA,DKI JAKARTA,OLAHRAGA,BAIK,24511201.0,DKI JAKARTA | Pendidikan | Mahal (20-50jt) | Baik Sekali / B,https://campus.quipper.com/directory/universitas-muhammadiyah-jakarta
252,UNIVERSITAS BHAYANGKARA JAKARTA RAYA,DKI JAKARTA,GURU SEKOLAH DASAR,UNGGUL,22075000.0,DKI JAKARTA | Pendidikan | Mahal (20-50jt) | Baik Sekali / B,https://campus.quipper.com/directory/universitas-bhayangkara-jakarta-raya
252,UNIVERSITAS BHAYANGKARA JAKARTA RAYA,DKI JAKARTA,OLAHRAGA,BAIK SEKALI,22075000.0,DKI JAKARTA | Pendidikan | Mahal (20-50jt) | Baik Sekali / B,https://campus.quipper.com/directory/universitas-bhayangkara-jakarta-raya
24,UNIVERSITAS SATYAGAMA,DKI JAKARTA,GURU,BAIK,21600000.0,DKI JAKARTA | Pendidikan | Mahal (20-50jt) | Baik Sekali / B,https://campus.quipper.com/directory/universitas-satyagama
282,UNIVERSITAS AL AZHAR INDONESIA,DKI JAKARTA,GURU PAUD,C,20000000.0,DKI JAKARTA | Pendidikan | Mahal (20-50jt) | Baik Sekali / B,https://campus.quipper.com/directory/universitas-al-azhar-indonesia
48,UNIVERSITAS PERTAMINA,DKI JAKARTA,FISIKA,UNGGUL,126000000.0,DKI JAKARTA | Sains & Agro | Sangat Mahal (>50jt) | Unggul / A,https://rencanamu.id/cari-kampus/universitas-pertamina
48,UNIVERSITAS PERTAMINA,DKI JAKARTA,GEOLOGI,BAIK SEKALI,126000000.0,DKI JAKARTA | Sains & Agro | Sangat Mahal (>50jt) | Unggul / A,https://rencanamu.id/cari-kampus/universitas-pertamina
48,UNIVERSITAS PERTAMINA,DKI JAKARTA,KIMIA,BAIK SEKALI,126000000.0,DKI JAKARTA | Sains & Agro | Sangat Mahal (>50jt) | Unggul / A,https://rencanamu.id/cari-kampus/universitas-pertamina
51,UNIVERSITAS BINA NUSANTARA,DKI JAKARTA,MATEMATIKA,UNGGUL,95259501.0,DKI JAKARTA | Sains & Agro | Sangat Mahal (>50jt) | Unggul / A,https://campus.quipper.com/directory/binus-university
51,UNIVERSITAS BINA NUSANTARA,DKI JAKARTA,STATISTIK,B,95259501.0,DKI JAKARTA | Sains & Agro | Sangat Mahal (>50jt) | Unggul / A,https://campus.quipper.com/directory/binus-university
58,UNIVERSITAS MUHAMMADIYAH PROF DR HAMKA,DKI JAKARTA,BIOLOGI,UNGGUL,75800000.0,DKI JAKARTA | Sains & Agro | Sangat Mahal (>50jt) | Unggul / A,https://campus.quipper.com/directory/universitas-muhammadiyah-prof-dr-hamka
58,UNIVERSITAS MUHAMMADIYAH PROF DR HAMKA,DKI JAKARTA,FISIKA,UNGGUL,75800000.0,DKI JAKARTA | Sains & Agro | Sangat Mahal (>50jt) | Unggul / A,https://campus.quipper.com/directory/universitas-muhammadiyah-prof-dr-hamka
58,UNIVERSITAS MUHAMMADIYAH PROF DR HAMKA,DKI JAKARTA,GEOGRAFI,UNGGUL,75800000.0,DKI JAKARTA | Sains & Agro | Sangat Mahal (>50jt) | Unggul / A,https://campus.quipper.com/directory/universitas-muhammadiyah-prof-dr-hamka
58,UNIVERSITAS MUHAMMADIYAH PROF DR HAMKA,DKI JAKARTA,MATEMATIKA,UNGGUL,75800000.0,DKI JAKARTA | Sains & Agro | Sangat Mahal (>50jt) | Unggul / A,https://campus.quipper.com/directory/universitas-muhammadiyah-prof-dr-hamka
77,INSTITUT SAINS DAN TEKNOLOGI NASIONAL,DKI JAKARTA,FISIKA,BAIK,55500000.0,DKI JAKARTA | Sains & Agro | Sangat Mahal (>50jt) | Unggul / A,https://campus.quipper.com/directory/institut-sains-dan-teknologi-nasional
77,INSTITUT SAINS DAN TEKNOLOGI NASIONAL,DKI JAKARTA,MATEMATIKA,BAIK,55500000.0,DKI JAKARTA | Sains & Agro | Sangat Mahal (>50jt) | Unggul / A,https://campus.quipper.com/directory/institut-sains-dan-teknologi-nasional
83,UNIVERSITAS PRASETIYA MULYA,DKI JAKARTA,MATEMATIKA,UNGGUL,51000000.0,DKI JAKARTA | Sains & Agro | Sangat Mahal (>50jt) | Unggul / A,https://campus.quipper.com/directory/universitas-prasetiya-mulya
83,UNIVERSITAS PRASETIYA MULYA,DKI JAKARTA,MATEMATIKA BISNIS,C,51000000.0,DKI JAKARTA | Sains & Agro | Sangat Mahal (>50jt) | Unggul / A,https://campus.quipper.com/directory/universitas-prasetiya-mulya
139,UNIVERSITAS BAKRIE,DKI JAKARTA,AGROTEKNOLOGI,B,32750000.0,DKI JAKARTA | Sains & Agro | Mahal (20-50jt) | Baik Sekali / B,https://campus.quipper.com/directory/universitas-bakrie
156,UNIVERSITAS BOROBUDUR,DKI JAKARTA,AGROTEKNOLOGI,B,30600000.0,DKI JAKARTA | Sains & Agro | Mahal (20-50jt) | Baik Sekali / B,https://rencanamu.id/cari-kampus/universitas-borobudur
160,UNIVERSITAS KRISTEN INDONESIA,DKI JAKARTA,BIOLOGI,B,30000000.0,DKI JAKARTA | Sains & Agro | Mahal (20-50jt) | Baik Sekali / B,https://campus.quipper.com/directory/universitas-kristen-indonesia
160,UNIVERSITAS KRISTEN INDONESIA,DKI JAKARTA,MATEMATIKA,B,30000000.0,DKI JAKARTA | Sains & Agro | Mahal (20-50jt) | Baik Sekali / B,https://campus.quipper.com/directory/universitas-kristen-indonesia
188,UNIVERSITAS JAYABAYA,DKI JAKARTA,KIMIA,B,26750000.0,DKI JAKARTA | Sains & Agro | Mahal (20-50jt) | Baik Sekali / B,https://campus.quipper.com/directory/universitas-jayabaya
199,UNIVERSITAS NASIONAL,DKI JAKARTA,AGROTEKNOLOGI,B,25501000.0,DKI JAKARTA | Sains & Agro | Mahal (20-50jt) | Baik Sekali / B,https://campus.quipper.com/directory/universitas-nasional
199,UNIVERSITAS NASIONAL,DKI JAKARTA,BIOLOGI,B,25501000.0,DKI JAKARTA | Sains & Agro | Mahal (20-50jt) | Baik Sekali / B,https://campus.quipper.com/directory/universitas-nasional
199,UNIVERSITAS NASIONAL,DKI JAKARTA,FISIKA,B,25501000.0,DKI JAKARTA | Sains & Agro | Mahal (20-50jt) | Baik Sekali / B,https://campus.quipper.com/directory/universitas-nasional
219,UNIVERSITAS MUHAMMADIYAH JAKARTA,DKI JAKARTA,AGROTEKNOLOGI,B,24511201.0,DKI JAKARTA | Sains & Agro | Mahal (20-50jt) | Baik Sekali / B,https://campus.quipper.com/directory/universitas-muhammadiyah-jakarta
219,UNIVERSITAS MUHAMMADIYAH JAKARTA,DKI JAKARTA,KIMIA,B,24511201.0,DKI JAKARTA | Sains & Agro | Mahal (20-50jt) | Baik Sekali / B,https://campus.quipper.com/directory/universitas-muhammadiyah-jakarta
219,UNIVERSITAS MUHAMMADIYAH JAKARTA,DKI JAKARTA,MATEMATIKA,B,24511201.0,DKI JAKARTA | Sains & Agro | Mahal (20-50jt) | Baik Sekali / B,https://campus.quipper.com/directory/universitas-muhammadiyah-jakarta
235,UNIVERSITAS BINAWAN,DKI JAKARTA,FISIKA,C,23100000.0,DKI JAKARTA | Sains & Agro | Mahal (20-50jt) | Baik / C,https://campus.quipper.com/directory/universitas-binawan
24,UNIVERSITAS SATYAGAMA,DKI JAKARTA,AGROBISNIS,C,21600000.0,DKI JAKARTA | Sains & Agro | Mahal (20-50jt) | Baik / C,https://campus.quipper.com/directory/universitas-satyagama
24,UNIVERSITAS SATYAGAMA,DKI JAKARTA,AGROTEKNOLOGI,C,21600000.0,DKI JAKARTA | Sains & Agro | Mahal (20-50jt) | Baik / C,https://campus.quipper.com/directory/universitas-satyagama
272,INSTITUT TEKNOLOGI DAN BISNIS KALBIS,DKI JAKARTA,MATEMATIKA BISNIS,C,20500000.0,DKI JAKARTA | Sains & Agro | Mahal (20-50jt) | Baik / C,https://rencanamu.id/cari-kampus/institut-teknologi-dan-bisnis-kalbis
303,UNIVERSITAS AL-AZHAR INDONESIA,DKI JAKARTA,BIOLOGI,BAIK SEKALI,19230000.0,DKI JAKARTA | Sains & Agro | Menengah (10-20jt) | Baik Sekali / B,-
320,UNIVERSITAS MEDIA NUSANTARA CITRA,DKI JAKARTA,MATEMATIKA,BAIK,18650000.0,DKI JAKARTA | Sains & Agro | Menengah (10-20jt) | Baik Sekali / B,-
325,UNIVERSITAS SATYA NEGARA INDONESIA,DKI JAKARTA,AKUAKULTUR,B,18250000.0,DKI JAKARTA | Sains & Agro | Menengah (10-20jt) | Baik Sekali / B,https://rencanamu.id/cari-kampus/universitas-satya-negara-indonesia
325,UNIVERSITAS SATYA NEGARA INDONESIA,DKI JAKARTA,PERIKANAN,B,18250000.0,DKI JAKARTA | Sains & Agro | Menengah (10-20jt) | Baik Sekali / B,https://rencanamu.id/cari-kampus/universitas-satya-negara-indonesia
29,UNIVERSITAS RESPATI INDONESIA,DKI JAKARTA,AGROTEKNOLOGI,BAIK SEKALI,14400000.0,DKI JAKARTA | Sains & Agro | Menengah (10-20jt) | Baik Sekali / B,https://campus.quipper.com/directory/universitas-respati-indonesia
455,UNIVERSITAS TEKNOLOGI MUHAMMADIYAH JAKARTA,DKI JAKARTA,PERIKANAN,BAIK,13805000.0,DKI JAKARTA | Sains & Agro | Menengah (10-20jt) | Baik Sekali / B,-
499,UNIVERSITAS IBNU CHALDUN,DKI JAKARTA,AGROTEKNOLOGI,BAIK,12600000.0,DKI JAKARTA | Sains & Agro | Menengah (10-20jt) | Baik Sekali / B,-
704,UNIVERSITAS INDRAPRASTA PGRI,DKI JAKARTA,BIOLOGI,B,9150000.0,DKI JAKARTA | Sains & Agro | Terjangkau (5-10jt) | Baik Sekali / B,https://campus.quipper.com/directory/universitas-indraprasta-pgri
704,UNIVERSITAS INDRAPRASTA PGRI,DKI JAKARTA,FISIKA,A,9150000.0,DKI JAKARTA | Sains & Agro | Terjangkau (5-10jt) | Baik Sekali / B,https://campus.quipper.com/directory/universitas-indraprasta-pgri
704,UNIVERSITAS INDRAPRASTA PGRI,DKI JAKARTA,MATEMATIKA,B,9150000.0,DKI JAKARTA | Sains & Agro | Terjangkau (5-10jt) | Baik Sekali / B,https://campus.quipper.com/directory/universitas-indraprasta-pgri
848,INSTITUT SAINS DAN TEKNOLOGI AL-KAMAL,DKI JAKARTA,KIMIA,BAIK SEKALI,7700000.0,DKI JAKARTA | Sains & Agro | Terjangkau (5-10jt) | Baik Sekali / B,https://campus.quipper.com/directory/institut-sains-dan-teknologi-al-kamal
14,UNIVERSITAS ISLAM AS,DKI JAKARTA,BIOLOGI,B,5850000.0,DKI JAKARTA | Sains & Agro | Terjangkau (5-10jt) | Baik Sekali / B,https://rencanamu.id/cari-kampus/universitas-islam-as-syafi-iyah
51,UNIVERSITAS BINA NUSANTARA,DKI JAKARTA,DESAIN,UNGGUL,95259501.0,DKI JAKARTA | Seni & Pariwisata | Sangat Mahal (>50jt) | Baik Sekali / B,https://campus.quipper.com/directory/binus-university
51,UNIVERSITAS BINA NUSANTARA,DKI JAKARTA,DESAIN INTERIOR,BAIK,95259501.0,DKI JAKARTA | Seni & Pariwisata | Sangat Mahal (>50jt) | Baik Sekali / B,https://campus.quipper.com/directory/binus-university
51,UNIVERSITAS BINA NUSANTARA,DKI JAKARTA,DESAIN KOMUNIKASI VISUAL,BAIK,95259501.0,DKI JAKARTA | Seni & Pariwisata | Sangat Mahal (>50jt) | Baik Sekali / B,https://campus.quipper.com/directory/binus-university
51,UNIVERSITAS BINA NUSANTARA,DKI JAKARTA,DESAIN PRODUK,B,95259501.0,DKI JAKARTA | Seni & Pariwisata | Sangat Mahal (>50jt) | Baik Sekali / B,https://campus.quipper.com/directory/binus-university
51,UNIVERSITAS BINA NUSANTARA,DKI JAKARTA,FILM,B,95259501.0,DKI JAKARTA | Seni & Pariwisata | Sangat Mahal (>50jt) | Baik Sekali / B,https://campus.quipper.com/directory/binus-university
51,UNIVERSITAS BINA NUSANTARA,DKI JAKARTA,PARIWISATA,B,95259501.0,DKI JAKARTA | Seni & Pariwisata | Sangat Mahal (>50jt) | Baik Sekali / B,https://campus.quipper.com/directory/binus-university
51,UNIVERSITAS BINA NUSANTARA,DKI JAKARTA,PERHOTELAN,UNGGUL,95259501.0,DKI JAKARTA | Seni & Pariwisata | Sangat Mahal (>50jt) | Baik Sekali / B,https://campus.quipper.com/directory/binus-university
51,UNIVERSITAS BINA NUSANTARA,DKI JAKARTA,SASTRA CINA,A,95259501.0,DKI JAKARTA | Seni & Pariwisata | Sangat Mahal (>50jt) | Baik Sekali / B,https://campus.quipper.com/directory/binus-university
51,UNIVERSITAS BINA NUSANTARA,DKI JAKARTA,SASTRA INGGRIS,UNGGUL,95259501.0,DKI JAKARTA | Seni & Pariwisata | Sangat Mahal (>50jt) | Baik Sekali / B,https://campus.quipper.com/directory/binus-university
51,UNIVERSITAS BINA NUSANTARA,DKI JAKARTA,SASTRA JEPANG,UNGGUL,95259501.0,DKI JAKARTA | Seni & Pariwisata | Sangat Mahal (>50jt) | Baik Sekali / B,https://campus.quipper.com/directory/binus-university
57,UNIVERSITAS KALBIS,DKI JAKARTA,DESAIN KOMUNIKASI VISUAL,BAIK SEKALI,78860000.0,DKI JAKARTA | Seni & Pariwisata | Sangat Mahal (>50jt) | Baik Sekali / B,-
57,UNIVERSITAS KALBIS,DKI JAKARTA,PARIWISATA,TERAKREDITASI SEMENTARA,78860000.0,DKI JAKARTA | Seni & Pariwisata | Sangat Mahal (>50jt) | Baik Sekali / B,-
113,INSTITUT PARIWISATA TRISAKTI,DKI JAKARTA,PARIWISATA,UNGGUL,64250000.0,DKI JAKARTA | Seni & Pariwisata | Sangat Mahal (>50jt) | Baik Sekali / B,-
71,UNIVERSITAS TARUMANAGARA,DKI JAKARTA,DESAIN INTERIOR,B,60100000.0,DKI JAKARTA | Seni & Pariwisata | Sangat Mahal (>50jt) | Baik Sekali / B,https://rencanamu.id/cari-kampus/universitas-tarumanagara
71,UNIVERSITAS TARUMANAGARA,DKI JAKARTA,DESAIN KOMUNIKASI VISUAL,A,60100000.0,DKI JAKARTA | Seni & Pariwisata | Sangat Mahal (>50jt) | Baik Sekali / B,https://rencanamu.id/cari-kampus/universitas-tarumanagara
76,UNIVERSITAS KRISTEN KRIDA WACANA,DKI JAKARTA,SASTRA INGGRIS,B,56000000.0,DKI JAKARTA | Seni & Pariwisata | Sangat Mahal (>50jt) | Baik Sekali / B,https://campus.quipper.com/directory/universitas-kristen-krida-wacana
83,UNIVERSITAS PRASETIYA MULYA,DKI JAKARTA,DESAIN PRODUK,C,51000000.0,DKI JAKARTA | Seni & Pariwisata | Sangat Mahal (>50jt) | Baik Sekali / B,https://campus.quipper.com/directory/universitas-prasetiya-mulya
83,UNIVERSITAS PRASETIYA MULYA,DKI JAKARTA,PARIWISATA,BAIK SEKALI,51000000.0,DKI JAKARTA | Seni & Pariwisata | Sangat Mahal (>50jt) | Baik Sekali / B,https://campus.quipper.com/directory/universitas-prasetiya-mulya
86,SAE INDONESIA,DKI JAKARTA,ANIMASI,B,50000000.0,DKI JAKARTA | Seni & Pariwisata | Sangat Mahal (>50jt) | Baik Sekali / B,https://campus.quipper.com/directory/sae-indonesia
86,SAE INDONESIA,DKI JAKARTA,FILM,B,50000000.0,DKI JAKARTA | Seni & Pariwisata | Sangat Mahal (>50jt) | Baik Sekali / B,https://campus.quipper.com/directory/sae-indonesia
86,SAE INDONESIA,DKI JAKARTA,SENI MUSIK,B,50000000.0,DKI JAKARTA | Seni & Pariwisata | Sangat Mahal (>50jt) | Baik Sekali / B,https://campus.quipper.com/directory/sae-indonesia
120,UNIVERSITAS ARY GINANJAR,DKI JAKARTA,SASTRA INGGRIS,BAIK,38200000.0,DKI JAKARTA | Seni & Pariwisata | Mahal (20-50jt) | Baik Sekali / B,-
130,UNIVERSITAS PARAMADINA,DKI JAKARTA,DESAIN PRODUK,B,34550000.0,DKI JAKARTA | Seni & Pariwisata | Mahal (20-50jt) | Baik Sekali / B,https://rencanamu.id/cari-kampus/universitas-paramadina
145,UNIVERSITAS MULTIMEDIA NUSANTARA JAKARTA,DKI JAKARTA,FILM,B,32325000.0,DKI JAKARTA | Seni & Pariwisata | Mahal (20-50jt) | Baik Sekali / B,-
154,UNIVERSITAS ESA UNGGUL,DKI JAKARTA,DESAIN INTERIOR,B,31025000.0,DKI JAKARTA | Seni & Pariwisata | Mahal (20-50jt) | Baik Sekali / B,https://campus.quipper.com/directory/universitas-esa-unggul
154,UNIVERSITAS ESA UNGGUL,DKI JAKARTA,DESAIN KOMUNIKASI VISUAL,B,31025000.0,DKI JAKARTA | Seni & Pariwisata | Mahal (20-50jt) | Baik Sekali / B,https://campus.quipper.com/directory/universitas-esa-unggul
160,UNIVERSITAS KRISTEN INDONESIA,DKI JAKARTA,SASTRA INGGRIS,B,30000000.0,DKI JAKARTA | Seni & Pariwisata | Mahal (20-50jt) | Baik Sekali / B,https://campus.quipper.com/directory/universitas-kristen-indonesia
177,UNIVERSITAS AGUNG PODOMORO,DKI JAKARTA,DESAIN PRODUK,BAIK SEKALI,28000000.0,DKI JAKARTA | Seni & Pariwisata | Mahal (20-50jt) | Baik Sekali / B,https://campus.quipper.com/directory/universitas-podomoro
199,UNIVERSITAS NASIONAL,DKI JAKARTA,PARIWISATA,B,25501000.0,DKI JAKARTA | Seni & Pariwisata | Mahal (20-50jt) | Baik Sekali / B,https://campus.quipper.com/directory/universitas-nasional
199,UNIVERSITAS NASIONAL,DKI JAKARTA,PERHOTELAN,A,25501000.0,DKI JAKARTA | Seni & Pariwisata | Mahal (20-50jt) | Unggul / A,https://campus.quipper.com/directory/universitas-nasional
199,UNIVERSITAS NASIONAL,DKI JAKARTA,SASTRA INDONESIA,B,25501000.0,DKI JAKARTA | Seni & Pariwisata | Mahal (20-50jt) | Baik Sekali / B,https://campus.quipper.com/directory/universitas-nasional
199,UNIVERSITAS NASIONAL,DKI JAKARTA,SASTRA INGGRIS,B,25501000.0,DKI JAKARTA | Seni & Pariwisata | Mahal (20-50jt) | Baik Sekali / B,https://campus.quipper.com/directory/universitas-nasional
199,UNIVERSITAS NASIONAL,DKI JAKARTA,SASTRA JEPANG,B,25501000.0,DKI JAKARTA | Seni & Pariwisata | Mahal (20-50jt) | Baik Sekali / B,https://campus.quipper.com/directory/universitas-nasional
238,UNIVERSITAS BUDI LUHUR,DKI JAKARTA,DESAIN KOMUNIKASI VISUAL,BAIK,23000000.0,DKI JAKARTA | Seni & Pariwisata | Mahal (20-50jt) | Baik Sekali / B,https://campus.quipper.com/directory/universitas-budi-luhur
238,UNIVERSITAS BUDI LUHUR,DKI JAKARTA,PARIWISATA,TERAKREDITASI SEMENTARA,23000000.0,DKI JAKARTA | Seni & Pariwisata | Mahal (20-50jt) | Unggul / A,https://campus.quipper.com/directory/universitas-budi-luhur
237,UNIVERSITAS NUSA MANDIRI,DKI JAKARTA,PERHOTELAN,B,23000000.0,DKI JAKARTA | Seni & Pariwisata | Mahal (20-50jt) | Baik Sekali / B,https://campus.quipper.com/directory/stmik-nusa-mandiri
250,UNIVERSITAS PERSADA INDONESIA YAI,DKI JAKARTA,DESAIN KOMUNIKASI VISUAL,A,22250000.0,DKI JAKARTA | Seni & Pariwisata | Mahal (20-50jt) | Unggul / A,https://campus.quipper.com/directory/universitas-persada-indonesia-yai
24,UNIVERSITAS SATYAGAMA,DKI JAKARTA,PARIWISATA,BAIK,21600000.0,DKI JAKARTA | Seni & Pariwisata | Mahal (20-50jt) | Baik Sekali / B,https://campus.quipper.com/directory/universitas-satyagama
24,UNIVERSITAS SATYAGAMA,DKI JAKARTA,PERHOTELAN,BAIK,21600000.0,DKI JAKARTA | Seni & Pariwisata | Mahal (20-50jt) | Baik Sekali / B,https://campus.quipper.com/directory/universitas-satyagama
272,INSTITUT TEKNOLOGI DAN BISNIS KALBIS,DKI JAKARTA,DESAIN KOMUNIKASI VISUAL,BAIK SEKALI,20500000.0,DKI JAKARTA | Seni & Pariwisata | Mahal (20-50jt) | Baik Sekali / B,https://rencanamu.id/cari-kampus/institut-teknologi-dan-bisnis-kalbis
271,UNIVERSITAS BUNDA MULIA,DKI JAKARTA,DESAIN KOMUNIKASI VISUAL,BAIK,20500000.0,DKI JAKARTA | Seni & Pariwisata | Mahal (20-50jt) | Baik Sekali / B,https://campus.quipper.com/directory/universitas-bunda-mulia-ubm
271,UNIVERSITAS BUNDA MULIA,DKI JAKARTA,PARIWISATA,B,20500000.0,DKI JAKARTA | Seni & Pariwisata | Mahal (20-50jt) | Baik Sekali / B,https://campus.quipper.com/directory/universitas-bunda-mulia-ubm
271,UNIVERSITAS BUNDA MULIA,DKI JAKARTA,PERHOTELAN,B,20500000.0,DKI JAKARTA | Seni & Pariwisata | Mahal (20-50jt) | Baik Sekali / B,https://campus.quipper.com/directory/universitas-bunda-mulia-ubm
271,UNIVERSITAS BUNDA MULIA,DKI JAKARTA,SASTRA CINA,B,20500000.0,DKI JAKARTA | Seni & Pariwisata | Mahal (20-50jt) | Baik Sekali / B,https://campus.quipper.com/directory/universitas-bunda-mulia-ubm
271,UNIVERSITAS BUNDA MULIA,DKI JAKARTA,SASTRA INGGRIS,A,20500000.0,DKI JAKARTA | Seni & Pariwisata | Mahal (20-50jt) | Unggul / A,https://campus.quipper.com/directory/universitas-bunda-mulia-ubm
282,UNIVERSITAS AL AZHAR INDONESIA,DKI JAKARTA,SASTRA ARAB,A,20000000.0,DKI JAKARTA | Seni & Pariwisata | Mahal (20-50jt) | Unggul / A,https://campus.quipper.com/directory/universitas-al-azhar-indonesia
282,UNIVERSITAS AL AZHAR INDONESIA,DKI JAKARTA,SASTRA CINA,B,20000000.0,DKI JAKARTA | Seni & Pariwisata | Mahal (20-50jt) | Baik Sekali / B,https://campus.quipper.com/directory/universitas-al-azhar-indonesia
282,UNIVERSITAS AL AZHAR INDONESIA,DKI JAKARTA,SASTRA INGGRIS,B,20000000.0,DKI JAKARTA | Seni & Pariwisata | Mahal (20-50jt) | Baik Sekali / B,https://campus.quipper.com/directory/universitas-al-azhar-indonesia
282,UNIVERSITAS AL AZHAR INDONESIA,DKI JAKARTA,SASTRA JEPANG,B,20000000.0,DKI JAKARTA | Seni & Pariwisata | Mahal (20-50jt) | Baik Sekali / B,https://campus.quipper.com/directory/universitas-al-azhar-indonesia
289,SEKOLAH TINGGI DESAIN LASALLE,DKI JAKARTA,DESAIN INTERIOR,BAIK,19979220.0,DKI JAKARTA | Seni & Pariwisata | Menengah (10-20jt) | Baik Sekali / B,-
314,SEKOLAH TINGGI DESAIN INTERSTUDI,DKI JAKARTA,DESAIN,B,18900000.0,DKI JAKARTA | Seni & Pariwisata | Menengah (10-20jt) | Baik Sekali / B,https://campus.quipper.com/directory/sekolah-tinggi-desain-interstudi
314,SEKOLAH TINGGI DESAIN INTERSTUDI,DKI JAKARTA,DESAIN INTERIOR,BAIK,18900000.0,DKI JAKARTA | Seni & Pariwisata | Menengah (10-20jt) | Baik Sekali / B,https://campus.quipper.com/directory/sekolah-tinggi-desain-interstudi
314,SEKOLAH TINGGI DESAIN INTERSTUDI,DKI JAKARTA,DESAIN KOMUNIKASI VISUAL,B,18900000.0,DKI JAKARTA | Seni & Pariwisata | Menengah (10-20jt) | Baik Sekali / B,https://campus.quipper.com/directory/sekolah-tinggi-desain-interstudi
314,SEKOLAH TINGGI DESAIN INTERSTUDI,DKI JAKARTA,DESAIN PRODUK,B,18900000.0,DKI JAKARTA | Seni & Pariwisata | Menengah (10-20jt) | Baik Sekali / B,https://campus.quipper.com/directory/sekolah-tinggi-desain-interstudi
314,SEKOLAH TINGGI DESAIN INTERSTUDI,DKI JAKARTA,FASHION,B,18900000.0,DKI JAKARTA | Seni & Pariwisata | Menengah (10-20jt) | Baik Sekali / B,https://campus.quipper.com/directory/sekolah-tinggi-desain-interstudi
320,UNIVERSITAS MEDIA NUSANTARA CITRA,DKI JAKARTA,DESAIN KOMUNIKASI VISUAL,BAIK,18650000.0,DKI JAKARTA | Seni & Pariwisata | Menengah (10-20jt) | Baik Sekali / B,-
430,SEKOLAH TINGGI MEDIA KOMUNIKASI TRISAKTI,DKI JAKARTA,DESAIN KOMUNIKASI VISUAL,BAIK,14300000.0,DKI JAKARTA | Seni & Pariwisata | Menengah (10-20jt) | Baik Sekali / B,-
442,INSTITUT TEKNOLOGI DAN BISNIS AHMAD DAHLAN,DKI JAKARTA,DESAIN KOMUNIKASI VISUAL,BAIK,14000000.0,DKI JAKARTA | Seni & Pariwisata | Menengah (10-20jt) | Baik Sekali / B,-
484,UNIVERSITAS ISLAM JAKARTA,DKI JAKARTA,SASTRA ARAB,B,12950000.0,DKI JAKARTA | Seni & Pariwisata | Menengah (10-20jt) | Baik Sekali / B,https://campus.quipper.com/directory/universitas-islam-jakarta
491,UNIVERSITAS TRILOGI,DKI JAKARTA,DESAIN KOMUNIKASI VISUAL,B,12750000.0,DKI JAKARTA | Seni & Pariwisata | Menengah (10-20jt) | Baik Sekali / B,https://campus.quipper.com/directory/universitas-trilogi
491,UNIVERSITAS TRILOGI,DKI JAKARTA,DESAIN PRODUK,B,12750000.0,DKI JAKARTA | Seni & Pariwisata | Menengah (10-20jt) | Baik Sekali / B,https://campus.quipper.com/directory/universitas-trilogi
520,UNIVERSITAS DARMA PERSADA,DKI JAKARTA,SASTRA CINA,B,12200000.0,DKI JAKARTA | Seni & Pariwisata | Menengah (10-20jt) | Baik Sekali / B,https://campus.quipper.com/directory/universitas-darma-persada
520,UNIVERSITAS DARMA PERSADA,DKI JAKARTA,SASTRA INGGRIS,B,12200000.0,DKI JAKARTA | Seni & Pariwisata | Menengah (10-20jt) | Baik Sekali / B,https://campus.quipper.com/directory/universitas-darma-persada
520,UNIVERSITAS DARMA PERSADA,DKI JAKARTA,SASTRA JEPANG,B,12200000.0,DKI JAKARTA | Seni & Pariwisata | Menengah (10-20jt) | Baik Sekali / B,https://campus.quipper.com/directory/universitas-darma-persada
597,INSTITUT ILMU SOSIAL DAN MANAJEMEN STIAMI,DKI JAKARTA,PERHOTELAN PARIWISATA,B,10831250.0,DKI JAKARTA | Seni & Pariwisata | Menengah (10-20jt) | Baik Sekali / B,-
642,UNIVERSITAS MERCU BUANA,DKI JAKARTA,DESAIN INTERIOR,BAIK SEKALI,10000000.0,DKI JAKARTA | Seni & Pariwisata | Menengah (10-20jt) | Baik Sekali / B,https://campus.quipper.com/directory/universitas-mercu-buana
642,UNIVERSITAS MERCU BUANA,DKI JAKARTA,DESAIN KOMUNIKASI VISUAL,B,10000000.0,DKI JAKARTA | Seni & Pariwisata | Menengah (10-20jt) | Baik Sekali / B,https://campus.quipper.com/directory/universitas-mercu-buana
642,UNIVERSITAS MERCU BUANA,DKI JAKARTA,DESAIN PRODUK,B,10000000.0,DKI JAKARTA | Seni & Pariwisata | Menengah (10-20jt) | Baik Sekali / B,https://campus.quipper.com/directory/universitas-mercu-buana
22,UNIVERSITAS DIAN NUSANTARA,DKI JAKARTA,SASTRA INGGRIS,BAIK,9400000.0,DKI JAKARTA | Seni & Pariwisata | Terjangkau (5-10jt) | Baik Sekali / B,-
831,SEKOLAH TINGGI BAHASA ASING IEC JAKARTA,DKI JAKARTA,SASTRA INGGRIS,BAIK,7800000.0,DKI JAKARTA | Seni & Pariwisata | Terjangkau (5-10jt) | Baik Sekali / B,-
848,INSTITUT SAINS DAN TEKNOLOGI AL-KAMAL,DKI JAKARTA,DESAIN,BAIK,7700000.0,DKI JAKARTA | Seni & Pariwisata | Terjangkau (5-10jt) | Baik Sekali / B,https://campus.quipper.com/directory/institut-sains-dan-teknologi-al-kamal
848,INSTITUT SAINS DAN TEKNOLOGI AL-KAMAL,DKI JAKARTA,DESAIN KOMUNIKASI VISUAL,BAIK,7700000.0,DKI JAKARTA | Seni & Pariwisata | Terjangkau (5-10jt) | Baik Sekali / B,https://campus.quipper.com/directory/institut-sains-dan-teknologi-al-kamal
1145,UNIVERSITAS BINA SARANA INFORMATIKA,DKI JAKARTA,SASTRA INGGRIS,B,5760000.0,DKI JAKARTA | Seni & Pariwisata | Terjangkau (5-10jt) | Baik Sekali / B,-
32,UNIVERSITAS KATOLIK INDONESIA ATMA JAYA,DKI JAKARTA,HUKUM,B,289650000.0,DKI JAKARTA | Sosial & Hukum | Sangat Mahal (>50jt) | Baik Sekali / B,https://rencanamu.id/cari-kampus/universitas-katolik-indonesia-atma-jaya
32,UNIVERSITAS KATOLIK INDONESIA ATMA JAYA,DKI JAKARTA,ILMU KOMUNIKASI,A,289650000.0,DKI JAKARTA | Sosial & Hukum | Sangat Mahal (>50jt) | Baik Sekali / B,https://rencanamu.id/cari-kampus/universitas-katolik-indonesia-atma-jaya
32,UNIVERSITAS KATOLIK INDONESIA ATMA JAYA,DKI JAKARTA,PSIKOLOGI,A,289650000.0,DKI JAKARTA | Sosial & Hukum | Sangat Mahal (>50jt) | Baik Sekali / B,https://rencanamu.id/cari-kampus/universitas-katolik-indonesia-atma-jaya
35,UNIVERSITAS YARSI,DKI JAKARTA,HUKUM,B,262250000.0,DKI JAKARTA | Sosial & Hukum | Sangat Mahal (>50jt) | Baik Sekali / B,https://campus.quipper.com/directory/universitas-yarsi
35,UNIVERSITAS YARSI,DKI JAKARTA,PSIKOLOGI,B,262250000.0,DKI JAKARTA | Sosial & Hukum | Sangat Mahal (>50jt) | Baik Sekali / B,https://campus.quipper.com/directory/universitas-yarsi
48,UNIVERSITAS PERTAMINA,DKI JAKARTA,HUBUNGAN INTERNASIONAL,BAIK SEKALI,126000000.0,DKI JAKARTA | Sosial & Hukum | Sangat Mahal (>50jt) | Baik Sekali / B,https://rencanamu.id/cari-kampus/universitas-pertamina
48,UNIVERSITAS PERTAMINA,DKI JAKARTA,ILMU KOMUNIKASI,UNGGUL,126000000.0,DKI JAKARTA | Sosial & Hukum | Sangat Mahal (>50jt) | Baik Sekali / B,https://rencanamu.id/cari-kampus/universitas-pertamina
50,UNIVERSITAS 17 AGUSTUS 1945 JAKARTA,DKI JAKARTA,ADMINISTRASI NEGARA,B,114980000.0,DKI JAKARTA | Sosial & Hukum | Sangat Mahal (>50jt) | Baik Sekali / B,https://rencanamu.id/cari-kampus/universitas-17-agustus-1945-jakarta
50,UNIVERSITAS 17 AGUSTUS 1945 JAKARTA,DKI JAKARTA,ADMINISTRASI PUBLIK,B,114980000.0,DKI JAKARTA | Sosial & Hukum | Sangat Mahal (>50jt) | Baik Sekali / B,https://rencanamu.id/cari-kampus/universitas-17-agustus-1945-jakarta
50,UNIVERSITAS 17 AGUSTUS 1945 JAKARTA,DKI JAKARTA,HUBUNGAN INTERNASIONAL,B,114980000.0,DKI JAKARTA | Sosial & Hukum | Sangat Mahal (>50jt) | Baik Sekali / B,https://rencanamu.id/cari-kampus/universitas-17-agustus-1945-jakarta
50,UNIVERSITAS 17 AGUSTUS 1945 JAKARTA,DKI JAKARTA,HUKUM,B,114980000.0,DKI JAKARTA | Sosial & Hukum | Sangat Mahal (>50jt) | Baik Sekali / B,https://rencanamu.id/cari-kampus/universitas-17-agustus-1945-jakarta
50,UNIVERSITAS 17 AGUSTUS 1945 JAKARTA,DKI JAKARTA,ILMU KOMUNIKASI,B,114980000.0,DKI JAKARTA | Sosial & Hukum | Sangat Mahal (>50jt) | Baik Sekali / B,https://rencanamu.id/cari-kampus/universitas-17-agustus-1945-jakarta
50,UNIVERSITAS 17 AGUSTUS 1945 JAKARTA,DKI JAKARTA,PEMERINTAHAN,B,114980000.0,DKI JAKARTA | Sosial & Hukum | Sangat Mahal (>50jt) | Baik Sekali / B,https://rencanamu.id/cari-kampus/universitas-17-agustus-1945-jakarta
50,UNIVERSITAS 17 AGUSTUS 1945 JAKARTA,DKI JAKARTA,POLITIK,B,114980000.0,DKI JAKARTA | Sosial & Hukum | Sangat Mahal (>50jt) | Baik Sekali / B,https://rencanamu.id/cari-kampus/universitas-17-agustus-1945-jakarta
51,UNIVERSITAS BINA NUSANTARA,DKI JAKARTA,HUBUNGAN INTERNASIONAL,UNGGUL,95259501.0,DKI JAKARTA | Sosial & Hukum | Sangat Mahal (>50jt) | Baik Sekali / B,https://campus.quipper.com/directory/binus-university
51,UNIVERSITAS BINA NUSANTARA,DKI JAKARTA,HUBUNGAN MASYARAKAT,B,95259501.0,DKI JAKARTA | Sosial & Hukum | Sangat Mahal (>50jt) | Baik Sekali / B,https://campus.quipper.com/directory/binus-university
51,UNIVERSITAS BINA NUSANTARA,DKI JAKARTA,HUKUM,UNGGUL,95259501.0,DKI JAKARTA | Sosial & Hukum | Sangat Mahal (>50jt) | Baik Sekali / B,https://campus.quipper.com/directory/binus-university
51,UNIVERSITAS BINA NUSANTARA,DKI JAKARTA,ILMU KOMUNIKASI,A,95259501.0,DKI JAKARTA | Sosial & Hukum | Sangat Mahal (>50jt) | Baik Sekali / B,https://campus.quipper.com/directory/binus-university
51,UNIVERSITAS BINA NUSANTARA,DKI JAKARTA,PSIKOLOGI,UNGGUL,95259501.0,DKI JAKARTA | Sosial & Hukum | Sangat Mahal (>50jt) | Baik Sekali / B,https://campus.quipper.com/directory/binus-university
57,UNIVERSITAS KALBIS,DKI JAKARTA,ILMU KOMUNIKASI,B,78860000.0,DKI JAKARTA | Sosial & Hukum | Sangat Mahal (>50jt) | Baik Sekali / B,-
57,UNIVERSITAS KALBIS,DKI JAKARTA,PSIKOLOGI,TERAKREDITASI SEMENTARA,78860000.0,DKI JAKARTA | Sosial & Hukum | Sangat Mahal (>50jt) | Baik Sekali / B,-
58,UNIVERSITAS MUHAMMADIYAH PROF DR HAMKA,DKI JAKARTA,HUKUM,TERAKREDITASI SEMENTARA,75800000.0,DKI JAKARTA | Sosial & Hukum | Sangat Mahal (>50jt) | Baik Sekali / B,https://campus.quipper.com/directory/universitas-muhammadiyah-prof-dr-hamka
58,UNIVERSITAS MUHAMMADIYAH PROF DR HAMKA,DKI JAKARTA,ILMU KOMUNIKASI,UNGGUL,75800000.0,DKI JAKARTA | Sosial & Hukum | Sangat Mahal (>50jt) | Baik Sekali / B,https://campus.quipper.com/directory/universitas-muhammadiyah-prof-dr-hamka
58,UNIVERSITAS MUHAMMADIYAH PROF DR HAMKA,DKI JAKARTA,PSIKOLOGI,UNGGUL,75800000.0,DKI JAKARTA | Sosial & Hukum | Sangat Mahal (>50jt) | Baik Sekali / B,https://campus.quipper.com/directory/universitas-muhammadiyah-prof-dr-hamka
58,UNIVERSITAS MUHAMMADIYAH PROF DR HAMKA,DKI JAKARTA,SEJARAH,UNGGUL,75800000.0,DKI JAKARTA | Sosial & Hukum | Sangat Mahal (>50jt) | Baik Sekali / B,https://campus.quipper.com/directory/universitas-muhammadiyah-prof-dr-hamka
71,UNIVERSITAS TARUMANAGARA,DKI JAKARTA,HUKUM,A,60100000.0,DKI JAKARTA | Sosial & Hukum | Sangat Mahal (>50jt) | Baik Sekali / B,https://rencanamu.id/cari-kampus/universitas-tarumanagara
71,UNIVERSITAS TARUMANAGARA,DKI JAKARTA,ILMU KOMUNIKASI,A,60100000.0,DKI JAKARTA | Sosial & Hukum | Sangat Mahal (>50jt) | Baik Sekali / B,https://rencanamu.id/cari-kampus/universitas-tarumanagara
71,UNIVERSITAS TARUMANAGARA,DKI JAKARTA,PSIKOLOGI,A,60100000.0,DKI JAKARTA | Sosial & Hukum | Sangat Mahal (>50jt) | Baik Sekali / B,https://rencanamu.id/cari-kampus/universitas-tarumanagara
76,UNIVERSITAS KRISTEN KRIDA WACANA,DKI JAKARTA,PSIKOLOGI,A,56000000.0,DKI JAKARTA | Sosial & Hukum | Sangat Mahal (>50jt) | Baik Sekali / B,https://campus.quipper.com/directory/universitas-kristen-krida-wacana
1,LONDON SCHOOL OF PUBLIC RELATIONS,DKI JAKARTA,HUBUNGAN INTERNASIONAL,A,52500000.0,DKI JAKARTA | Sosial & Hukum | Sangat Mahal (>50jt) | Baik Sekali / B,https://rencanamu.id/cari-kampus/london-school-of-public-relations
1,LONDON SCHOOL OF PUBLIC RELATIONS,DKI JAKARTA,HUBUNGAN MASYARAKAT,A,52500000.0,DKI JAKARTA | Sosial & Hukum | Sangat Mahal (>50jt) | Baik Sekali / B,https://rencanamu.id/cari-kampus/london-school-of-public-relations
1,LONDON SCHOOL OF PUBLIC RELATIONS,DKI JAKARTA,ILMU KOMUNIKASI,A,52500000.0,DKI JAKARTA | Sosial & Hukum | Sangat Mahal (>50jt) | Baik Sekali / B,https://rencanamu.id/cari-kampus/london-school-of-public-relations
83,UNIVERSITAS PRASETIYA MULYA,DKI JAKARTA,HUKUM,C,51000000.0,DKI JAKARTA | Sosial & Hukum | Sangat Mahal (>50jt) | Baik Sekali / B,https://campus.quipper.com/directory/universitas-prasetiya-mulya
109,UNIVERSITAS KRISNADWIPAYANA,DKI JAKARTA,ADMINISTRASI NEGARA,B,40500000.0,DKI JAKARTA | Sosial & Hukum | Mahal (20-50jt) | Unggul / A,https://campus.quipper.com/directory/universitas-krisnadwipayana
109,UNIVERSITAS KRISNADWIPAYANA,DKI JAKARTA,ADMINISTRASI PUBLIK,B,40500000.0,DKI JAKARTA | Sosial & Hukum | Mahal (20-50jt) | Unggul / A,https://campus.quipper.com/directory/universitas-krisnadwipayana
109,UNIVERSITAS KRISNADWIPAYANA,DKI JAKARTA,HUKUM,A,40500000.0,DKI JAKARTA | Sosial & Hukum | Mahal (20-50jt) | Unggul / A,https://campus.quipper.com/directory/universitas-krisnadwipayana
120,UNIVERSITAS ARY GINANJAR,DKI JAKARTA,ILMU KOMUNIKASI,TERAKREDITASI SEMENTARA,38200000.0,DKI JAKARTA | Sosial & Hukum | Mahal (20-50jt) | Unggul / A,-
120,UNIVERSITAS ARY GINANJAR,DKI JAKARTA,PSIKOLOGI,TERAKREDITASI SEMENTARA,38200000.0,DKI JAKARTA | Sosial & Hukum | Mahal (20-50jt) | Unggul / A,-
130,UNIVERSITAS PARAMADINA,DKI JAKARTA,HUBUNGAN INTERNASIONAL,B,34550000.0,DKI JAKARTA | Sosial & Hukum | Mahal (20-50jt) | Baik Sekali / B,https://rencanamu.id/cari-kampus/universitas-paramadina
130,UNIVERSITAS PARAMADINA,DKI JAKARTA,ILMU KOMUNIKASI,B,34550000.0,DKI JAKARTA | Sosial & Hukum | Mahal (20-50jt) | Baik Sekali / B,https://rencanamu.id/cari-kampus/universitas-paramadina
130,UNIVERSITAS PARAMADINA,DKI JAKARTA,PSIKOLOGI,B,34550000.0,DKI JAKARTA | Sosial & Hukum | Mahal (20-50jt) | Baik Sekali / B,https://rencanamu.id/cari-kampus/universitas-paramadina
139,UNIVERSITAS BAKRIE,DKI JAKARTA,ILMU KOMUNIKASI,A,32750000.0,DKI JAKARTA | Sosial & Hukum | Mahal (20-50jt) | Unggul / A,https://campus.quipper.com/directory/universitas-bakrie
139,UNIVERSITAS BAKRIE,DKI JAKARTA,POLITIK,A,32750000.0,DKI JAKARTA | Sosial & Hukum | Mahal (20-50jt) | Unggul / A,https://campus.quipper.com/directory/universitas-bakrie
145,UNIVERSITAS MULTIMEDIA NUSANTARA JAKARTA,DKI JAKARTA,ILMU KOMUNIKASI,B,32325000.0,DKI JAKARTA | Sosial & Hukum | Mahal (20-50jt) | Baik Sekali / B,-
145,UNIVERSITAS MULTIMEDIA NUSANTARA JAKARTA,DKI JAKARTA,JURNALISTIK,B,32325000.0,DKI JAKARTA | Sosial & Hukum | Mahal (20-50jt) | Baik Sekali / B,-
152,UNIVERSITAS NAHDLATUL ULAMA INDONESIA,DKI JAKARTA,HUKUM,BAIK,31100000.0,DKI JAKARTA | Sosial & Hukum | Mahal (20-50jt) | Baik Sekali / B,-
152,UNIVERSITAS NAHDLATUL ULAMA INDONESIA,DKI JAKARTA,PSIKOLOGI,BAIK,31100000.0,DKI JAKARTA | Sosial & Hukum | Mahal (20-50jt) | Baik Sekali / B,-
152,UNIVERSITAS NAHDLATUL ULAMA INDONESIA,DKI JAKARTA,SOSIOLOGI,BAIK,31100000.0,DKI JAKARTA | Sosial & Hukum | Mahal (20-50jt) | Baik Sekali / B,-
154,UNIVERSITAS ESA UNGGUL,DKI JAKARTA,HUKUM,A,31025000.0,DKI JAKARTA | Sosial & Hukum | Mahal (20-50jt) | Unggul / A,https://campus.quipper.com/directory/universitas-esa-unggul
154,UNIVERSITAS ESA UNGGUL,DKI JAKARTA,ILMU KOMUNIKASI,A,31025000.0,DKI JAKARTA | Sosial & Hukum | Mahal (20-50jt) | Unggul / A,https://campus.quipper.com/directory/universitas-esa-unggul
154,UNIVERSITAS ESA UNGGUL,DKI JAKARTA,JURNALISTIK,A,31025000.0,DKI JAKARTA | Sosial & Hukum | Mahal (20-50jt) | Unggul / A,https://campus.quipper.com/directory/universitas-esa-unggul
154,UNIVERSITAS ESA UNGGUL,DKI JAKARTA,PSIKOLOGI,B,31025000.0,DKI JAKARTA | Sosial & Hukum | Mahal (20-50jt) | Baik Sekali / B,https://campus.quipper.com/directory/universitas-esa-unggul
154,UNIVERSITAS ESA UNGGUL,DKI JAKARTA,STUDI HUMANITAS,B,31025000.0,DKI JAKARTA | Sosial & Hukum | Mahal (20-50jt) | Baik Sekali / B,https://campus.quipper.com/directory/universitas-esa-unggul
155,UNIVERSITAS PROF DR MOESTOPO,DKI JAKARTA,ADMINISTRASI PUBLIK,A,31000000.0,DKI JAKARTA | Sosial & Hukum | Mahal (20-50jt) | Unggul / A,-
155,UNIVERSITAS PROF DR MOESTOPO,DKI JAKARTA,HUBUNGAN INTERNASIONAL,A,31000000.0,DKI JAKARTA | Sosial & Hukum | Mahal (20-50jt) | Unggul / A,-
155,UNIVERSITAS PROF DR MOESTOPO,DKI JAKARTA,ILMU KOMUNIKASI,A,31000000.0,DKI JAKARTA | Sosial & Hukum | Mahal (20-50jt) | Unggul / A,-
156,UNIVERSITAS BOROBUDUR,DKI JAKARTA,HUKUM,B,30600000.0,DKI JAKARTA | Sosial & Hukum | Mahal (20-50jt) | Baik Sekali / B,https://rencanamu.id/cari-kampus/universitas-borobudur
156,UNIVERSITAS BOROBUDUR,DKI JAKARTA,PSIKOLOGI,C,30600000.0,DKI JAKARTA | Sosial & Hukum | Mahal (20-50jt) | Baik / C,https://rencanamu.id/cari-kampus/universitas-borobudur
160,UNIVERSITAS KRISTEN INDONESIA,DKI JAKARTA,HUBUNGAN INTERNASIONAL,A,30000000.0,DKI JAKARTA | Sosial & Hukum | Mahal (20-50jt) | Unggul / A,https://campus.quipper.com/directory/universitas-kristen-indonesia
160,UNIVERSITAS KRISTEN INDONESIA,DKI JAKARTA,HUKUM,A,30000000.0,DKI JAKARTA | Sosial & Hukum | Mahal (20-50jt) | Unggul / A,https://campus.quipper.com/directory/universitas-kristen-indonesia
160,UNIVERSITAS KRISTEN INDONESIA,DKI JAKARTA,ILMU KOMUNIKASI,B,30000000.0,DKI JAKARTA | Sosial & Hukum | Mahal (20-50jt) | Baik Sekali / B,https://campus.quipper.com/directory/universitas-kristen-indonesia
160,UNIVERSITAS KRISTEN INDONESIA,DKI JAKARTA,POLITIK,C,30000000.0,DKI JAKARTA | Sosial & Hukum | Mahal (20-50jt) | Baik / C,https://campus.quipper.com/directory/universitas-kristen-indonesia
168,INSTITUT BISNIS DAN INFORMATIKA KWIK KIAN GIE,DKI JAKARTA,ILMU KOMUNIKASI,B,29000000.0,DKI JAKARTA | Sosial & Hukum | Mahal (20-50jt) | Baik Sekali / B,https://campus.quipper.com/directory/institut-bisnis-dan-informatika-kwik-kian-gie
177,UNIVERSITAS AGUNG PODOMORO,DKI JAKARTA,HUKUM,C,28000000.0,DKI JAKARTA | Sosial & Hukum | Mahal (20-50jt) | Baik / C,https://campus.quipper.com/directory/universitas-podomoro
188,UNIVERSITAS JAYABAYA,DKI JAKARTA,ADMINISTRASI NEGARA,B,26750000.0,DKI JAKARTA | Sosial & Hukum | Mahal (20-50jt) | Baik Sekali / B,https://campus.quipper.com/directory/universitas-jayabaya
188,UNIVERSITAS JAYABAYA,DKI JAKARTA,HUBUNGAN INTERNASIONAL,A,26750000.0,DKI JAKARTA | Sosial & Hukum | Mahal (20-50jt) | Unggul / A,https://campus.quipper.com/directory/universitas-jayabaya
188,UNIVERSITAS JAYABAYA,DKI JAKARTA,HUKUM,B,26750000.0,DKI JAKARTA | Sosial & Hukum | Mahal (20-50jt) | Baik Sekali / B,https://campus.quipper.com/directory/universitas-jayabaya
188,UNIVERSITAS JAYABAYA,DKI JAKARTA,ILMU KOMUNIKASI,B,26750000.0,DKI JAKARTA | Sosial & Hukum | Mahal (20-50jt) | Baik Sekali / B,https://campus.quipper.com/directory/universitas-jayabaya
188,UNIVERSITAS JAYABAYA,DKI JAKARTA,PSIKOLOGI,B,26750000.0,DKI JAKARTA | Sosial & Hukum | Mahal (20-50jt) | Baik Sekali / B,https://campus.quipper.com/directory/universitas-jayabaya
199,UNIVERSITAS NASIONAL,DKI JAKARTA,ADMINISTRASI NEGARA,A,25501000.0,DKI JAKARTA | Sosial & Hukum | Mahal (20-50jt) | Unggul / A,https://campus.quipper.com/directory/universitas-nasional
199,UNIVERSITAS NASIONAL,DKI JAKARTA,ADMINISTRASI PUBLIK,A,25501000.0,DKI JAKARTA | Sosial & Hukum | Mahal (20-50jt) | Unggul / A,https://campus.quipper.com/directory/universitas-nasional
199,UNIVERSITAS NASIONAL,DKI JAKARTA,HUBUNGAN INTERNASIONAL,B,25501000.0,DKI JAKARTA | Sosial & Hukum | Mahal (20-50jt) | Baik Sekali / B,https://campus.quipper.com/directory/universitas-nasional
199,UNIVERSITAS NASIONAL,DKI JAKARTA,HUKUM,B,25501000.0,DKI JAKARTA | Sosial & Hukum | Mahal (20-50jt) | Baik Sekali / B,https://campus.quipper.com/directory/universitas-nasional
199,UNIVERSITAS NASIONAL,DKI JAKARTA,ILMU KOMUNIKASI,A,25501000.0,DKI JAKARTA | Sosial & Hukum | Mahal (20-50jt) | Unggul / A,https://campus.quipper.com/directory/universitas-nasional
199,UNIVERSITAS NASIONAL,DKI JAKARTA,POLITIK,A,25501000.0,DKI JAKARTA | Sosial & Hukum | Mahal (20-50jt) | Unggul / A,https://campus.quipper.com/directory/universitas-nasional
199,UNIVERSITAS NASIONAL,DKI JAKARTA,SOSIOLOGI,A,25501000.0,DKI JAKARTA | Sosial & Hukum | Mahal (20-50jt) | Unggul / A,https://campus.quipper.com/directory/universitas-nasional
219,UNIVERSITAS MUHAMMADIYAH JAKARTA,DKI JAKARTA,ADMINISTRASI PUBLIK,A,24511201.0,DKI JAKARTA | Sosial & Hukum | Mahal (20-50jt) | Unggul / A,https://campus.quipper.com/directory/universitas-muhammadiyah-jakarta
219,UNIVERSITAS MUHAMMADIYAH JAKARTA,DKI JAKARTA,HUKUM,A,24511201.0,DKI JAKARTA | Sosial & Hukum | Mahal (20-50jt) | Unggul / A,https://campus.quipper.com/directory/universitas-muhammadiyah-jakarta
219,UNIVERSITAS MUHAMMADIYAH JAKARTA,DKI JAKARTA,ILMU KOMUNIKASI,B,24511201.0,DKI JAKARTA | Sosial & Hukum | Mahal (20-50jt) | Baik Sekali / B,https://campus.quipper.com/directory/universitas-muhammadiyah-jakarta
219,UNIVERSITAS MUHAMMADIYAH JAKARTA,DKI JAKARTA,KESEJAHTERAAN SOSIAL,A,24511201.0,DKI JAKARTA | Sosial & Hukum | Mahal (20-50jt) | Unggul / A,https://campus.quipper.com/directory/universitas-muhammadiyah-jakarta
219,UNIVERSITAS MUHAMMADIYAH JAKARTA,DKI JAKARTA,POLITIK,A,24511201.0,DKI JAKARTA | Sosial & Hukum | Mahal (20-50jt) | Unggul / A,https://campus.quipper.com/directory/universitas-muhammadiyah-jakarta
227,UNIVERSITAS TANRI ABENG,DKI JAKARTA,ILMU KOMUNIKASI,BAIK,24000000.0,DKI JAKARTA | Sosial & Hukum | Mahal (20-50jt) | Baik Sekali / B,https://campus.quipper.com/directory/universitas-tanri-abeng
235,UNIVERSITAS BINAWAN,DKI JAKARTA,KESEJAHTERAAN SOSIAL,BAIK,23100000.0,DKI JAKARTA | Sosial & Hukum | Mahal (20-50jt) | Baik Sekali / B,https://campus.quipper.com/directory/universitas-binawan
235,UNIVERSITAS BINAWAN,DKI JAKARTA,PSIKOLOGI,BAIK,23100000.0,DKI JAKARTA | Sosial & Hukum | Mahal (20-50jt) | Baik Sekali / B,https://campus.quipper.com/directory/universitas-binawan
238,UNIVERSITAS BUDI LUHUR,DKI JAKARTA,HUBUNGAN INTERNASIONAL,B,23000000.0,DKI JAKARTA | Sosial & Hukum | Mahal (20-50jt) | Baik Sekali / B,https://campus.quipper.com/directory/universitas-budi-luhur
238,UNIVERSITAS BUDI LUHUR,DKI JAKARTA,ILMU KOMUNIKASI,B,23000000.0,DKI JAKARTA | Sosial & Hukum | Mahal (20-50jt) | Baik Sekali / B,https://campus.quipper.com/directory/universitas-budi-luhur
238,UNIVERSITAS BUDI LUHUR,DKI JAKARTA,KRIMINOLOGI,B,23000000.0,DKI JAKARTA | Sosial & Hukum | Mahal (20-50jt) | Baik Sekali / B,https://campus.quipper.com/directory/universitas-budi-luhur
250,UNIVERSITAS PERSADA INDONESIA YAI,DKI JAKARTA,ILMU KOMUNIKASI,A,22250000.0,DKI JAKARTA | Sosial & Hukum | Mahal (20-50jt) | Unggul / A,https://campus.quipper.com/directory/universitas-persada-indonesia-yai
250,UNIVERSITAS PERSADA INDONESIA YAI,DKI JAKARTA,PSIKOLOGI,A,22250000.0,DKI JAKARTA | Sosial & Hukum | Mahal (20-50jt) | Unggul / A,https://campus.quipper.com/directory/universitas-persada-indonesia-yai
252,UNIVERSITAS BHAYANGKARA JAKARTA RAYA,DKI JAKARTA,HUKUM,B,22075000.0,DKI JAKARTA | Sosial & Hukum | Mahal (20-50jt) | Baik Sekali / B,https://campus.quipper.com/directory/universitas-bhayangkara-jakarta-raya
252,UNIVERSITAS BHAYANGKARA JAKARTA RAYA,DKI JAKARTA,ILMU KOMUNIKASI,B,22075000.0,DKI JAKARTA | Sosial & Hukum | Mahal (20-50jt) | Baik Sekali / B,https://campus.quipper.com/directory/universitas-bhayangkara-jakarta-raya
252,UNIVERSITAS BHAYANGKARA JAKARTA RAYA,DKI JAKARTA,PSIKOLOGI,B,22075000.0,DKI JAKARTA | Sosial & Hukum | Mahal (20-50jt) | Baik Sekali / B,https://campus.quipper.com/directory/universitas-bhayangkara-jakarta-raya
24,UNIVERSITAS SATYAGAMA,DKI JAKARTA,HUBUNGAN INTERNASIONAL,B,21600000.0,DKI JAKARTA | Sosial & Hukum | Mahal (20-50jt) | Baik Sekali / B,https://campus.quipper.com/directory/universitas-satyagama
24,UNIVERSITAS SATYAGAMA,DKI JAKARTA,HUKUM,C,21600000.0,DKI JAKARTA | Sosial & Hukum | Mahal (20-50jt) | Baik / C,https://campus.quipper.com/directory/universitas-satyagama
24,UNIVERSITAS SATYAGAMA,DKI JAKARTA,PEMERINTAHAN,C,21600000.0,DKI JAKARTA | Sosial & Hukum | Mahal (20-50jt) | Baik / C,https://campus.quipper.com/directory/universitas-satyagama
272,INSTITUT TEKNOLOGI DAN BISNIS KALBIS,DKI JAKARTA,ILMU KOMUNIKASI,C,20500000.0,DKI JAKARTA | Sosial & Hukum | Mahal (20-50jt) | Baik / C,https://rencanamu.id/cari-kampus/institut-teknologi-dan-bisnis-kalbis
271,UNIVERSITAS BUNDA MULIA,DKI JAKARTA,ILMU KOMUNIKASI,B,20500000.0,DKI JAKARTA | Sosial & Hukum | Mahal (20-50jt) | Baik Sekali / B,https://campus.quipper.com/directory/universitas-bunda-mulia-ubm
271,UNIVERSITAS BUNDA MULIA,DKI JAKARTA,PSIKOLOGI,B,20500000.0,DKI JAKARTA | Sosial & Hukum | Mahal (20-50jt) | Baik Sekali / B,https://campus.quipper.com/directory/universitas-bunda-mulia-ubm
282,UNIVERSITAS AL AZHAR INDONESIA,DKI JAKARTA,HUBUNGAN INTERNASIONAL,B,20000000.0,DKI JAKARTA | Sosial & Hukum | Mahal (20-50jt) | Baik Sekali / B,https://campus.quipper.com/directory/universitas-al-azhar-indonesia
282,UNIVERSITAS AL AZHAR INDONESIA,DKI JAKARTA,HUKUM,B,20000000.0,DKI JAKARTA | Sosial & Hukum | Mahal (20-50jt) | Baik Sekali / B,https://campus.quipper.com/directory/universitas-al-azhar-indonesia
282,UNIVERSITAS AL AZHAR INDONESIA,DKI JAKARTA,ILMU KOMUNIKASI,A,20000000.0,DKI JAKARTA | Sosial & Hukum | Mahal (20-50jt) | Unggul / A,https://campus.quipper.com/directory/universitas-al-azhar-indonesia
282,UNIVERSITAS AL AZHAR INDONESIA,DKI JAKARTA,PSIKOLOGI,B,20000000.0,DKI JAKARTA | Sosial & Hukum | Mahal (20-50jt) | Baik Sekali / B,https://campus.quipper.com/directory/universitas-al-azhar-indonesia
303,UNIVERSITAS AL-AZHAR INDONESIA,DKI JAKARTA,HUBUNGAN INTERNASIONAL,BAIK SEKALI,19230000.0,DKI JAKARTA | Sosial & Hukum | Menengah (10-20jt) | Baik Sekali / B,-
303,UNIVERSITAS AL-AZHAR INDONESIA,DKI JAKARTA,HUKUM,B,19230000.0,DKI JAKARTA | Sosial & Hukum | Menengah (10-20jt) | Baik Sekali / B,-
303,UNIVERSITAS AL-AZHAR INDONESIA,DKI JAKARTA,PSIKOLOGI,BAIK SEKALI,19230000.0,DKI JAKARTA | Sosial & Hukum | Menengah (10-20jt) | Baik Sekali / B,-
304,UNIVERSITAS DIRGANTARA MARSEKAL SURYADARMA,DKI JAKARTA,HUKUM,BAIK SEKALI,19225001.0,DKI JAKARTA | Sosial & Hukum | Menengah (10-20jt) | Baik Sekali / B,https://campus.quipper.com/directory/universitas-marsekal-suryadarma
313,SEKOLAH TINGGI ILMU KOMUNIKASI INTER STUDI,DKI JAKARTA,ILMU KOMUNIKASI,BAIK,18900000.0,DKI JAKARTA | Sosial & Hukum | Menengah (10-20jt) | Baik Sekali / B,-
320,UNIVERSITAS MEDIA NUSANTARA CITRA,DKI JAKARTA,ILMU KOMUNIKASI,BAIK,18650000.0,DKI JAKARTA | Sosial & Hukum | Menengah (10-20jt) | Baik Sekali / B,-
325,UNIVERSITAS SATYA NEGARA INDONESIA,DKI JAKARTA,HUBUNGAN INTERNASIONAL,B,18250000.0,DKI JAKARTA | Sosial & Hukum | Menengah (10-20jt) | Baik Sekali / B,https://rencanamu.id/cari-kampus/universitas-satya-negara-indonesia
325,UNIVERSITAS SATYA NEGARA INDONESIA,DKI JAKARTA,HUKUM,C,18250000.0,DKI JAKARTA | Sosial & Hukum | Menengah (10-20jt) | Baik Sekali / B,https://rencanamu.id/cari-kampus/universitas-satya-negara-indonesia
325,UNIVERSITAS SATYA NEGARA INDONESIA,DKI JAKARTA,ILMU KOMUNIKASI,B,18250000.0,DKI JAKARTA | Sosial & Hukum | Menengah (10-20jt) | Baik Sekali / B,https://rencanamu.id/cari-kampus/universitas-satya-negara-indonesia
371,INSTITUT ILMU SOSIAL DAN ILMU POLITIK JAKARTA,DKI JAKARTA,HUBUNGAN INTERNASIONAL,A,16000000.0,DKI JAKARTA | Sosial & Hukum | Menengah (10-20jt) | Baik Sekali / B,https://rencanamu.id/cari-kampus/institut-ilmu-sosial-dan-ilmu-politik-jakarta
371,INSTITUT ILMU SOSIAL DAN ILMU POLITIK JAKARTA,DKI JAKARTA,ILMU KOMUNIKASI,B,16000000.0,DKI JAKARTA | Sosial & Hukum | Menengah (10-20jt) | Baik Sekali / B,https://rencanamu.id/cari-kampus/institut-ilmu-sosial-dan-ilmu-politik-jakarta
371,INSTITUT ILMU SOSIAL DAN ILMU POLITIK JAKARTA,DKI JAKARTA,KESEJAHTERAAN SOSIAL,B,16000000.0,DKI JAKARTA | Sosial & Hukum | Menengah (10-20jt) | Baik Sekali / B,https://rencanamu.id/cari-kampus/institut-ilmu-sosial-dan-ilmu-politik-jakarta
371,INSTITUT ILMU SOSIAL DAN ILMU POLITIK JAKARTA,DKI JAKARTA,POLITIK,B,16000000.0,DKI JAKARTA | Sosial & Hukum | Menengah (10-20jt) | Baik Sekali / B,https://rencanamu.id/cari-kampus/institut-ilmu-sosial-dan-ilmu-politik-jakarta
371,INSTITUT ILMU SOSIAL DAN ILMU POLITIK JAKARTA,DKI JAKARTA,SOSIOLOGI,BAIK,16000000.0,DKI JAKARTA | Sosial & Hukum | Menengah (10-20jt) | Baik Sekali / B,https://rencanamu.id/cari-kampus/institut-ilmu-sosial-dan-ilmu-politik-jakarta
387,UNIVERSITAS SAHID,DKI JAKARTA,HUKUM,BAIK SEKALI,15450000.0,DKI JAKARTA | Sosial & Hukum | Menengah (10-20jt) | Baik Sekali / B,https://campus.quipper.com/directory/universitas-sahid
387,UNIVERSITAS SAHID,DKI JAKARTA,ILMU KOMUNIKASI,BAIK SEKALI,15450000.0,DKI JAKARTA | Sosial & Hukum | Menengah (10-20jt) | Baik Sekali / B,https://campus.quipper.com/directory/universitas-sahid
403,INSTITUT KESEHATAN INDONESIA,DKI JAKARTA,PSIKOLOGI,BAIK,15000000.0,DKI JAKARTA | Sosial & Hukum | Menengah (10-20jt) | Baik Sekali / B,https://campus.quipper.com/directory/institut-kesehatan-indonesia
9,UNIVERSITAS SAHID JAKARTA,DKI JAKARTA,HUBUNGAN MASYARAKAT,B,14500000.0,DKI JAKARTA | Sosial & Hukum | Menengah (10-20jt) | Baik Sekali / B,https://rencanamu.id/cari-kampus/universitas-sahid-jakarta
9,UNIVERSITAS SAHID JAKARTA,DKI JAKARTA,HUKUM,B,14500000.0,DKI JAKARTA | Sosial & Hukum | Menengah (10-20jt) | Baik Sekali / B,https://rencanamu.id/cari-kampus/universitas-sahid-jakarta
9,UNIVERSITAS SAHID JAKARTA,DKI JAKARTA,ILMU KOMUNIKASI,B,14500000.0,DKI JAKARTA | Sosial & Hukum | Menengah (10-20jt) | Baik Sekali / B,https://rencanamu.id/cari-kampus/universitas-sahid-jakarta
422,INSTITUT BISNIS NUSANTARA,DKI JAKARTA,ILMU KOMUNIKASI,B,14472500.0,DKI JAKARTA | Sosial & Hukum | Menengah (10-20jt) | Baik Sekali / B,https://campus.quipper.com/directory/institut-bisnis-nusantara
484,UNIVERSITAS ISLAM JAKARTA,DKI JAKARTA,HUKUM,B,12950000.0,DKI JAKARTA | Sosial & Hukum | Menengah (10-20jt) | Baik Sekali / B,https://campus.quipper.com/directory/universitas-islam-jakarta
499,UNIVERSITAS IBNU CHALDUN,DKI JAKARTA,ADMINISTRASI PUBLIK,B,12600000.0,DKI JAKARTA | Sosial & Hukum | Menengah (10-20jt) | Baik Sekali / B,-
499,UNIVERSITAS IBNU CHALDUN,DKI JAKARTA,HUKUM,B,12600000.0,DKI JAKARTA | Sosial & Hukum | Menengah (10-20jt) | Baik Sekali / B,-
499,UNIVERSITAS IBNU CHALDUN,DKI JAKARTA,ILMU KOMUNIKASI,B,12600000.0,DKI JAKARTA | Sosial & Hukum | Menengah (10-20jt) | Baik Sekali / B,-
521,UNIVERSITAS TAMA JAGAKARSA,DKI JAKARTA,HUKUM,B,12200000.0,DKI JAKARTA | Sosial & Hukum | Menengah (10-20jt) | Baik Sekali / B,-
521,UNIVERSITAS TAMA JAGAKARSA,DKI JAKARTA,ILMU KOMUNIKASI,B,12200000.0,DKI JAKARTA | Sosial & Hukum | Menengah (10-20jt) | Baik Sekali / B,-
521,UNIVERSITAS TAMA JAGAKARSA,DKI JAKARTA,PSIKOLOGI,B,12200000.0,DKI JAKARTA | Sosial & Hukum | Menengah (10-20jt) | Baik Sekali / B,-
541,SEKOLAH TINGGI ILMU HUKUM ADHYAKSA,DKI JAKARTA,HUKUM,BAIK SEKALI,12000000.0,DKI JAKARTA | Sosial & Hukum | Menengah (10-20jt) | Baik Sekali / B,-
547,UNIVERSITAS INDONESIA MAJU,DKI JAKARTA,HUKUM,BAIK,12000000.0,DKI JAKARTA | Sosial & Hukum | Menengah (10-20jt) | Baik Sekali / B,https://campus.quipper.com/directory/universitas-indonesia-maju
547,UNIVERSITAS INDONESIA MAJU,DKI JAKARTA,ILMU KOMUNIKASI,BAIK,12000000.0,DKI JAKARTA | Sosial & Hukum | Menengah (10-20jt) | Baik Sekali / B,https://campus.quipper.com/directory/universitas-indonesia-maju
547,UNIVERSITAS INDONESIA MAJU,DKI JAKARTA,PSIKOLOGI,BAIK,12000000.0,DKI JAKARTA | Sosial & Hukum | Menengah (10-20jt) | Baik Sekali / B,https://campus.quipper.com/directory/universitas-indonesia-maju
561,UNIVERSITAS MITRA BANGSA,DKI JAKARTA,HUKUM,TERAKREDITASI SEMENTARA,11600000.0,DKI JAKARTA | Sosial & Hukum | Menengah (10-20jt) | Unggul / A,-
572,UNIVERSITAS MPU TANTULAR,DKI JAKARTA,HUKUM,B,11337000.0,DKI JAKARTA | Sosial & Hukum | Menengah (10-20jt) | Baik Sekali / B,https://campus.quipper.com/directory/universitas-mpu-tantular
597,INSTITUT ILMU SOSIAL DAN MANAJEMEN STIAMI,DKI JAKARTA,ADMINISTRASI PUBLIK,A,10831250.0,DKI JAKARTA | Sosial & Hukum | Menengah (10-20jt) | Unggul / A,-
597,INSTITUT ILMU SOSIAL DAN MANAJEMEN STIAMI,DKI JAKARTA,ILMU KOMUNIKASI,B,10831250.0,DKI JAKARTA | Sosial & Hukum | Menengah (10-20jt) | Baik Sekali / B,-
650,UNIVERSITAS BUNG KARNO,DKI JAKARTA,HUKUM,B,10000000.0,DKI JAKARTA | Sosial & Hukum | Menengah (10-20jt) | Baik Sekali / B,https://campus.quipper.com/directory/universitas-bung-karno
650,UNIVERSITAS BUNG KARNO,DKI JAKARTA,POLITIK,B,10000000.0,DKI JAKARTA | Sosial & Hukum | Menengah (10-20jt) | Baik Sekali / B,https://campus.quipper.com/directory/universitas-bung-karno
642,UNIVERSITAS MERCU BUANA,DKI JAKARTA,HUBUNGAN MASYARAKAT,UNGGUL,10000000.0,DKI JAKARTA | Sosial & Hukum | Menengah (10-20jt) | Unggul / A,https://campus.quipper.com/directory/universitas-mercu-buana
642,UNIVERSITAS MERCU BUANA,DKI JAKARTA,ILMU KOMUNIKASI,A,10000000.0,DKI JAKARTA | Sosial & Hukum | Menengah (10-20jt) | Unggul / A,https://campus.quipper.com/directory/universitas-mercu-buana
642,UNIVERSITAS MERCU BUANA,DKI JAKARTA,PSIKOLOGI,B,10000000.0,DKI JAKARTA | Sosial & Hukum | Menengah (10-20jt) | Baik Sekali / B,https://campus.quipper.com/directory/universitas-mercu-buana
659,STIH LITIGASI,DKI JAKARTA,HUKUM,BAIK SEKALI,9750000.0,DKI JAKARTA | Sosial & Hukum | Terjangkau (5-10jt) | Baik Sekali / B,-
22,UNIVERSITAS DIAN NUSANTARA,DKI JAKARTA,ILMU KOMUNIKASI,BAIK,9400000.0,DKI JAKARTA | Sosial & Hukum | Terjangkau (5-10jt) | Baik Sekali / B,-
704,UNIVERSITAS INDRAPRASTA PGRI,DKI JAKARTA,PENGETAHUAN SOSIAL,B,9150000.0,DKI JAKARTA | Sosial & Hukum | Terjangkau (5-10jt) | Baik Sekali / B,https://campus.quipper.com/directory/universitas-indraprasta-pgri
704,UNIVERSITAS INDRAPRASTA PGRI,DKI JAKARTA,SEJARAH,B,9150000.0,DKI JAKARTA | Sosial & Hukum | Terjangkau (5-10jt) | Baik Sekali / B,https://campus.quipper.com/directory/universitas-indraprasta-pgri
787,SEKOLAH TINGGI ILMU KOMUNIKASI PROFESI INDONESIA,DKI JAKARTA,HUBUNGAN MASYARAKAT,BAIK,8000000.0,DKI JAKARTA | Sosial & Hukum | Terjangkau (5-10jt) | Baik Sekali / B,https://campus.quipper.com/directory/sekolah-tinggi-ilmu-komunikasi-profesi-indonesia
787,SEKOLAH TINGGI ILMU KOMUNIKASI PROFESI INDONESIA,DKI JAKARTA,ILMU KOMUNIKASI,BAIK,8000000.0,DKI JAKARTA | Sosial & Hukum | Terjangkau (5-10jt) | Baik Sekali / B,https://campus.quipper.com/directory/sekolah-tinggi-ilmu-komunikasi-profesi-indonesia
848,INSTITUT SAINS DAN TEKNOLOGI AL-KAMAL,DKI JAKARTA,ILMU KOMUNIKASI,BAIK,7700000.0,DKI JAKARTA | Sosial & Hukum | Terjangkau (5-10jt) | Baik Sekali / B,https://campus.quipper.com/directory/institut-sains-dan-teknologi-al-kamal
851,SEKOLAH TINGGI ILMU HUKUM IBLAM,DKI JAKARTA,HUKUM,BAIK SEKALI,7625000.0,DKI JAKARTA | Sosial & Hukum | Terjangkau (5-10jt) | Baik Sekali / B,-
928,SEKOLAH TINGGI ILMU HUKUM PROFESOR GAYUS LUMBUUN,DKI JAKARTA,HUKUM,BAIK SEKALI,7000000.0,DKI JAKARTA | Sosial & Hukum | Terjangkau (5-10jt) | Baik Sekali / B,-
1093,UNIVERSITAS SIBER ASIA,DKI JAKARTA,ILMU KOMUNIKASI,B,6000000.0,DKI JAKARTA | Sosial & Hukum | Terjangkau (5-10jt) | Baik Sekali / B,-
14,UNIVERSITAS ISLAM AS,DKI JAKARTA,HUKUM,B,5850000.0,DKI JAKARTA | Sosial & Hukum | Terjangkau (5-10jt) | Baik Sekali / B,https://rencanamu.id/cari-kampus/universitas-islam-as-syafi-iyah
1145,UNIVERSITAS BINA SARANA INFORMATIKA,DKI JAKARTA,ILMU KOMUNIKASI,BAIK,5760000.0,DKI JAKARTA | Sosial & Hukum | Terjangkau (5-10jt) | Baik Sekali / B,-
1190,SEKOLAH TINGGI ILMU PEMERINTAHAN ABDI NEGARA,DKI JAKARTA,PEMERINTAHAN,B,5350000.0,DKI JAKARTA | Sosial & Hukum | Terjangkau (5-10jt) | Baik Sekali / B,-
1190,SEKOLAH TINGGI ILMU PEMERINTAHAN ABDI NEGARA,DKI JAKARTA,POLITIK,BAIK,5350000.0,DKI JAKARTA | Sosial & Hukum | Terjangkau (5-10jt) | Baik Sekali / B,-
32,UNIVERSITAS KATOLIK INDONESIA ATMA JAYA,DKI JAKARTA,ELEKTRO,A,289650000.0,DKI JAKARTA | Teknik & Arsitektur | Sangat Mahal (>50jt) | Unggul / A,https://rencanamu.id/cari-kampus/universitas-katolik-indonesia-atma-jaya
32,UNIVERSITAS KATOLIK INDONESIA ATMA JAYA,DKI JAKARTA,INDUSTRI,B,289650000.0,DKI JAKARTA | Teknik & Arsitektur | Sangat Mahal (>50jt) | Unggul / A,https://rencanamu.id/cari-kampus/universitas-katolik-indonesia-atma-jaya
32,UNIVERSITAS KATOLIK INDONESIA ATMA JAYA,DKI JAKARTA,MANUFAKTUR,A,289650000.0,DKI JAKARTA | Teknik & Arsitektur | Sangat Mahal (>50jt) | Unggul / A,https://rencanamu.id/cari-kampus/universitas-katolik-indonesia-atma-jaya
32,UNIVERSITAS KATOLIK INDONESIA ATMA JAYA,DKI JAKARTA,MESIN,A,289650000.0,DKI JAKARTA | Teknik & Arsitektur | Sangat Mahal (>50jt) | Unggul / A,https://rencanamu.id/cari-kampus/universitas-katolik-indonesia-atma-jaya
48,UNIVERSITAS PERTAMINA,DKI JAKARTA,ELEKTRO,BAIK SEKALI,126000000.0,DKI JAKARTA | Teknik & Arsitektur | Sangat Mahal (>50jt) | Baik Sekali / B,https://rencanamu.id/cari-kampus/universitas-pertamina
48,UNIVERSITAS PERTAMINA,DKI JAKARTA,LINGKUNGAN,BAIK SEKALI,126000000.0,DKI JAKARTA | Teknik & Arsitektur | Sangat Mahal (>50jt) | Baik Sekali / B,https://rencanamu.id/cari-kampus/universitas-pertamina
48,UNIVERSITAS PERTAMINA,DKI JAKARTA,MESIN,BAIK SEKALI,126000000.0,DKI JAKARTA | Teknik & Arsitektur | Sangat Mahal (>50jt) | Baik Sekali / B,https://rencanamu.id/cari-kampus/universitas-pertamina
48,UNIVERSITAS PERTAMINA,DKI JAKARTA,PERMINYAKAN,BAIK SEKALI,126000000.0,DKI JAKARTA | Teknik & Arsitektur | Sangat Mahal (>50jt) | Baik Sekali / B,https://rencanamu.id/cari-kampus/universitas-pertamina
48,UNIVERSITAS PERTAMINA,DKI JAKARTA,SIPIL,BAIK SEKALI,126000000.0,DKI JAKARTA | Teknik & Arsitektur | Sangat Mahal (>50jt) | Baik Sekali / B,https://rencanamu.id/cari-kampus/universitas-pertamina
50,UNIVERSITAS 17 AGUSTUS 1945 JAKARTA,DKI JAKARTA,ELEKTRO,B,114980000.0,DKI JAKARTA | Teknik & Arsitektur | Sangat Mahal (>50jt) | Baik Sekali / B,https://rencanamu.id/cari-kampus/universitas-17-agustus-1945-jakarta
50,UNIVERSITAS 17 AGUSTUS 1945 JAKARTA,DKI JAKARTA,MESIN,B,114980000.0,DKI JAKARTA | Teknik & Arsitektur | Sangat Mahal (>50jt) | Baik Sekali / B,https://rencanamu.id/cari-kampus/universitas-17-agustus-1945-jakarta
50,UNIVERSITAS 17 AGUSTUS 1945 JAKARTA,DKI JAKARTA,SIPIL,B,114980000.0,DKI JAKARTA | Teknik & Arsitektur | Sangat Mahal (>50jt) | Baik Sekali / B,https://rencanamu.id/cari-kampus/universitas-17-agustus-1945-jakarta
51,UNIVERSITAS BINA NUSANTARA,DKI JAKARTA,ARSITEKTUR,A,95259501.0,DKI JAKARTA | Teknik & Arsitektur | Sangat Mahal (>50jt) | Unggul / A,https://campus.quipper.com/directory/binus-university
51,UNIVERSITAS BINA NUSANTARA,DKI JAKARTA,INDUSTRI,B,95259501.0,DKI JAKARTA | Teknik & Arsitektur | Sangat Mahal (>50jt) | Baik Sekali / B,https://campus.quipper.com/directory/binus-university
51,UNIVERSITAS BINA NUSANTARA,DKI JAKARTA,SIPIL,UNGGUL,95259501.0,DKI JAKARTA | Teknik & Arsitektur | Sangat Mahal (>50jt) | Unggul / A,https://campus.quipper.com/directory/binus-university
58,UNIVERSITAS MUHAMMADIYAH PROF DR HAMKA,DKI JAKARTA,ELEKTRO,UNGGUL,75800000.0,DKI JAKARTA | Teknik & Arsitektur | Sangat Mahal (>50jt) | Unggul / A,https://campus.quipper.com/directory/universitas-muhammadiyah-prof-dr-hamka
58,UNIVERSITAS MUHAMMADIYAH PROF DR HAMKA,DKI JAKARTA,MESIN,UNGGUL,75800000.0,DKI JAKARTA | Teknik & Arsitektur | Sangat Mahal (>50jt) | Unggul / A,https://campus.quipper.com/directory/universitas-muhammadiyah-prof-dr-hamka
71,UNIVERSITAS TARUMANAGARA,DKI JAKARTA,ARSITEKTUR,A,60100000.0,DKI JAKARTA | Teknik & Arsitektur | Sangat Mahal (>50jt) | Unggul / A,https://rencanamu.id/cari-kampus/universitas-tarumanagara
71,UNIVERSITAS TARUMANAGARA,DKI JAKARTA,ELEKTRO,B,60100000.0,DKI JAKARTA | Teknik & Arsitektur | Sangat Mahal (>50jt) | Baik Sekali / B,https://rencanamu.id/cari-kampus/universitas-tarumanagara
71,UNIVERSITAS TARUMANAGARA,DKI JAKARTA,INDUSTRI,B,60100000.0,DKI JAKARTA | Teknik & Arsitektur | Sangat Mahal (>50jt) | Baik Sekali / B,https://rencanamu.id/cari-kampus/universitas-tarumanagara
71,UNIVERSITAS TARUMANAGARA,DKI JAKARTA,MESIN,A,60100000.0,DKI JAKARTA | Teknik & Arsitektur | Sangat Mahal (>50jt) | Unggul / A,https://rencanamu.id/cari-kampus/universitas-tarumanagara
71,UNIVERSITAS TARUMANAGARA,DKI JAKARTA,SIPIL,A,60100000.0,DKI JAKARTA | Teknik & Arsitektur | Sangat Mahal (>50jt) | Unggul / A,https://rencanamu.id/cari-kampus/universitas-tarumanagara
76,UNIVERSITAS KRISTEN KRIDA WACANA,DKI JAKARTA,ELEKTRO,B,56000000.0,DKI JAKARTA | Teknik & Arsitektur | Sangat Mahal (>50jt) | Baik Sekali / B,https://campus.quipper.com/directory/universitas-kristen-krida-wacana
76,UNIVERSITAS KRISTEN KRIDA WACANA,DKI JAKARTA,INDUSTRI,B,56000000.0,DKI JAKARTA | Teknik & Arsitektur | Sangat Mahal (>50jt) | Baik Sekali / B,https://campus.quipper.com/directory/universitas-kristen-krida-wacana
76,UNIVERSITAS KRISTEN KRIDA WACANA,DKI JAKARTA,SIPIL,B,56000000.0,DKI JAKARTA | Teknik & Arsitektur | Sangat Mahal (>50jt) | Baik Sekali / B,https://campus.quipper.com/directory/universitas-kristen-krida-wacana
77,INSTITUT SAINS DAN TEKNOLOGI NASIONAL,DKI JAKARTA,ARSITEKTUR,B,55500000.0,DKI JAKARTA | Teknik & Arsitektur | Sangat Mahal (>50jt) | Baik Sekali / B,https://campus.quipper.com/directory/institut-sains-dan-teknologi-nasional
77,INSTITUT SAINS DAN TEKNOLOGI NASIONAL,DKI JAKARTA,ELEKTRO,B,55500000.0,DKI JAKARTA | Teknik & Arsitektur | Sangat Mahal (>50jt) | Baik Sekali / B,https://campus.quipper.com/directory/institut-sains-dan-teknologi-nasional
77,INSTITUT SAINS DAN TEKNOLOGI NASIONAL,DKI JAKARTA,INDUSTRI,B,55500000.0,DKI JAKARTA | Teknik & Arsitektur | Sangat Mahal (>50jt) | Baik Sekali / B,https://campus.quipper.com/directory/institut-sains-dan-teknologi-nasional
77,INSTITUT SAINS DAN TEKNOLOGI NASIONAL,DKI JAKARTA,MESIN,B,55500000.0,DKI JAKARTA | Teknik & Arsitektur | Sangat Mahal (>50jt) | Baik Sekali / B,https://campus.quipper.com/directory/institut-sains-dan-teknologi-nasional
77,INSTITUT SAINS DAN TEKNOLOGI NASIONAL,DKI JAKARTA,SIPIL,B,55500000.0,DKI JAKARTA | Teknik & Arsitektur | Sangat Mahal (>50jt) | Baik Sekali / B,https://campus.quipper.com/directory/institut-sains-dan-teknologi-nasional
83,UNIVERSITAS PRASETIYA MULYA,DKI JAKARTA,ENERGI TERBARUKAN,BAIK SEKALI,51000000.0,DKI JAKARTA | Teknik & Arsitektur | Sangat Mahal (>50jt) | Baik Sekali / B,https://campus.quipper.com/directory/universitas-prasetiya-mulya
88,INSTITUT TRANSPORTASI  DAN LOGISTIK TRISAKTI,DKI JAKARTA,KELAUTAN,BAIK SEKALI,48675030.0,DKI JAKARTA | Teknik & Arsitektur | Mahal (20-50jt) | Baik Sekali / B,-
88,INSTITUT TRANSPORTASI  DAN LOGISTIK TRISAKTI,DKI JAKARTA,PENERBANGAN,BAIK SEKALI,48675030.0,DKI JAKARTA | Teknik & Arsitektur | Mahal (20-50jt) | Baik Sekali / B,-
88,INSTITUT TRANSPORTASI  DAN LOGISTIK TRISAKTI,DKI JAKARTA,REKAYASA INFRASTRUKTUR LINGKUNGAN,BAIK SEKALI,48675030.0,DKI JAKARTA | Teknik & Arsitektur | Mahal (20-50jt) | Baik Sekali / B,-
88,INSTITUT TRANSPORTASI  DAN LOGISTIK TRISAKTI,DKI JAKARTA,TRANSPORTASI,BAIK SEKALI,48675030.0,DKI JAKARTA | Teknik & Arsitektur | Mahal (20-50jt) | Baik Sekali / B,-
109,UNIVERSITAS KRISNADWIPAYANA,DKI JAKARTA,ARSITEKTUR,C,40500000.0,DKI JAKARTA | Teknik & Arsitektur | Mahal (20-50jt) | Baik / C,https://campus.quipper.com/directory/universitas-krisnadwipayana
109,UNIVERSITAS KRISNADWIPAYANA,DKI JAKARTA,ELEKTRO,C,40500000.0,DKI JAKARTA | Teknik & Arsitektur | Mahal (20-50jt) | Baik / C,https://campus.quipper.com/directory/universitas-krisnadwipayana
109,UNIVERSITAS KRISNADWIPAYANA,DKI JAKARTA,INDUSTRI,C,40500000.0,DKI JAKARTA | Teknik & Arsitektur | Mahal (20-50jt) | Baik / C,https://campus.quipper.com/directory/universitas-krisnadwipayana
109,UNIVERSITAS KRISNADWIPAYANA,DKI JAKARTA,MESIN,C,40500000.0,DKI JAKARTA | Teknik & Arsitektur | Mahal (20-50jt) | Baik / C,https://campus.quipper.com/directory/universitas-krisnadwipayana
109,UNIVERSITAS KRISNADWIPAYANA,DKI JAKARTA,SIPIL,C,40500000.0,DKI JAKARTA | Teknik & Arsitektur | Mahal (20-50jt) | Baik / C,https://campus.quipper.com/directory/universitas-krisnadwipayana
120,UNIVERSITAS ARY GINANJAR,DKI JAKARTA,INDUSTRI,BAIK,38200000.0,DKI JAKARTA | Teknik & Arsitektur | Mahal (20-50jt) | Baik Sekali / B,-
139,UNIVERSITAS BAKRIE,DKI JAKARTA,INDUSTRI,B,32750000.0,DKI JAKARTA | Teknik & Arsitektur | Mahal (20-50jt) | Baik Sekali / B,https://campus.quipper.com/directory/universitas-bakrie
139,UNIVERSITAS BAKRIE,DKI JAKARTA,LINGKUNGAN,B,32750000.0,DKI JAKARTA | Teknik & Arsitektur | Mahal (20-50jt) | Baik Sekali / B,https://campus.quipper.com/directory/universitas-bakrie
139,UNIVERSITAS BAKRIE,DKI JAKARTA,SIPIL,UNGGUL,32750000.0,DKI JAKARTA | Teknik & Arsitektur | Mahal (20-50jt) | Baik Sekali / B,https://campus.quipper.com/directory/universitas-bakrie
145,UNIVERSITAS MULTIMEDIA NUSANTARA JAKARTA,DKI JAKARTA,ARSITEKTUR,BAIK SEKALI,32325000.0,DKI JAKARTA | Teknik & Arsitektur | Mahal (20-50jt) | Baik Sekali / B,-
152,UNIVERSITAS NAHDLATUL ULAMA INDONESIA,DKI JAKARTA,AGROINDUSTRI,BAIK,31100000.0,DKI JAKARTA | Teknik & Arsitektur | Mahal (20-50jt) | Baik Sekali / B,-
152,UNIVERSITAS NAHDLATUL ULAMA INDONESIA,DKI JAKARTA,INDUSTRI,TIDAK TERAKREDITASI,31100000.0,DKI JAKARTA | Teknik & Arsitektur | Mahal (20-50jt) | Baik Sekali / B,-
154,UNIVERSITAS ESA UNGGUL,DKI JAKARTA,INDUSTRI,BAIK SEKALI,31025000.0,DKI JAKARTA | Teknik & Arsitektur | Mahal (20-50jt) | Baik Sekali / B,https://campus.quipper.com/directory/universitas-esa-unggul
154,UNIVERSITAS ESA UNGGUL,DKI JAKARTA,MESIN,BAIK,31025000.0,DKI JAKARTA | Teknik & Arsitektur | Mahal (20-50jt) | Baik Sekali / B,https://campus.quipper.com/directory/universitas-esa-unggul
154,UNIVERSITAS ESA UNGGUL,DKI JAKARTA,SIPIL,BAIK,31025000.0,DKI JAKARTA | Teknik & Arsitektur | Mahal (20-50jt) | Baik Sekali / B,https://campus.quipper.com/directory/universitas-esa-unggul
156,UNIVERSITAS BOROBUDUR,DKI JAKARTA,ARSITEKTUR,B,30600000.0,DKI JAKARTA | Teknik & Arsitektur | Mahal (20-50jt) | Baik Sekali / B,https://rencanamu.id/cari-kampus/universitas-borobudur
156,UNIVERSITAS BOROBUDUR,DKI JAKARTA,INDUSTRI,C,30600000.0,DKI JAKARTA | Teknik & Arsitektur | Mahal (20-50jt) | Baik / C,https://rencanamu.id/cari-kampus/universitas-borobudur
156,UNIVERSITAS BOROBUDUR,DKI JAKARTA,SIPIL,B,30600000.0,DKI JAKARTA | Teknik & Arsitektur | Mahal (20-50jt) | Baik Sekali / B,https://rencanamu.id/cari-kampus/universitas-borobudur
160,UNIVERSITAS KRISTEN INDONESIA,DKI JAKARTA,ARSITEKTUR,A,30000000.0,DKI JAKARTA | Teknik & Arsitektur | Mahal (20-50jt) | Baik Sekali / B,https://campus.quipper.com/directory/universitas-kristen-indonesia
160,UNIVERSITAS KRISTEN INDONESIA,DKI JAKARTA,ELEKTRO,B,30000000.0,DKI JAKARTA | Teknik & Arsitektur | Mahal (20-50jt) | Baik Sekali / B,https://campus.quipper.com/directory/universitas-kristen-indonesia
160,UNIVERSITAS KRISTEN INDONESIA,DKI JAKARTA,MESIN,B,30000000.0,DKI JAKARTA | Teknik & Arsitektur | Mahal (20-50jt) | Baik Sekali / B,https://campus.quipper.com/directory/universitas-kristen-indonesia
160,UNIVERSITAS KRISTEN INDONESIA,DKI JAKARTA,SIPIL,B,30000000.0,DKI JAKARTA | Teknik & Arsitektur | Mahal (20-50jt) | Baik Sekali / B,https://campus.quipper.com/directory/universitas-kristen-indonesia
177,UNIVERSITAS AGUNG PODOMORO,DKI JAKARTA,ARSITEKTUR,C,28000000.0,DKI JAKARTA | Teknik & Arsitektur | Mahal (20-50jt) | Baik / C,https://campus.quipper.com/directory/universitas-podomoro
177,UNIVERSITAS AGUNG PODOMORO,DKI JAKARTA,SIPIL,BAIK SEKALI,28000000.0,DKI JAKARTA | Teknik & Arsitektur | Mahal (20-50jt) | Baik Sekali / B,https://campus.quipper.com/directory/universitas-podomoro
188,UNIVERSITAS JAYABAYA,DKI JAKARTA,ARSITEKTUR,C,26750000.0,DKI JAKARTA | Teknik & Arsitektur | Mahal (20-50jt) | Baik / C,https://campus.quipper.com/directory/universitas-jayabaya
188,UNIVERSITAS JAYABAYA,DKI JAKARTA,ELEKTRO,B,26750000.0,DKI JAKARTA | Teknik & Arsitektur | Mahal (20-50jt) | Baik Sekali / B,https://campus.quipper.com/directory/universitas-jayabaya
188,UNIVERSITAS JAYABAYA,DKI JAKARTA,MESIN,B,26750000.0,DKI JAKARTA | Teknik & Arsitektur | Mahal (20-50jt) | Baik Sekali / B,https://campus.quipper.com/directory/universitas-jayabaya
188,UNIVERSITAS JAYABAYA,DKI JAKARTA,SIPIL,B,26750000.0,DKI JAKARTA | Teknik & Arsitektur | Mahal (20-50jt) | Baik Sekali / B,https://campus.quipper.com/directory/universitas-jayabaya
199,UNIVERSITAS NASIONAL,DKI JAKARTA,ELEKTRO,B,25501000.0,DKI JAKARTA | Teknik & Arsitektur | Mahal (20-50jt) | Baik Sekali / B,https://campus.quipper.com/directory/universitas-nasional
199,UNIVERSITAS NASIONAL,DKI JAKARTA,MESIN,B,25501000.0,DKI JAKARTA | Teknik & Arsitektur | Mahal (20-50jt) | Baik Sekali / B,https://campus.quipper.com/directory/universitas-nasional
202,INSTITUT KESEHATAN DAN TEKNOLOGI PONDOK KARYA PEMBANGUNAN,DKI JAKARTA,LINGKUNGAN,BAIK,25200000.0,DKI JAKARTA | Teknik & Arsitektur | Mahal (20-50jt) | Baik Sekali / B,-
219,UNIVERSITAS MUHAMMADIYAH JAKARTA,DKI JAKARTA,ARSITEKTUR,A,24511201.0,DKI JAKARTA | Teknik & Arsitektur | Mahal (20-50jt) | Baik Sekali / B,https://campus.quipper.com/directory/universitas-muhammadiyah-jakarta
219,UNIVERSITAS MUHAMMADIYAH JAKARTA,DKI JAKARTA,ELEKTRO,B,24511201.0,DKI JAKARTA | Teknik & Arsitektur | Mahal (20-50jt) | Baik Sekali / B,https://campus.quipper.com/directory/universitas-muhammadiyah-jakarta
219,UNIVERSITAS MUHAMMADIYAH JAKARTA,DKI JAKARTA,INDUSTRI,B,24511201.0,DKI JAKARTA | Teknik & Arsitektur | Mahal (20-50jt) | Baik Sekali / B,https://campus.quipper.com/directory/universitas-muhammadiyah-jakarta
219,UNIVERSITAS MUHAMMADIYAH JAKARTA,DKI JAKARTA,MESIN,B,24511201.0,DKI JAKARTA | Teknik & Arsitektur | Mahal (20-50jt) | Baik Sekali / B,https://campus.quipper.com/directory/universitas-muhammadiyah-jakarta
219,UNIVERSITAS MUHAMMADIYAH JAKARTA,DKI JAKARTA,OTOMOTIF,B,24511201.0,DKI JAKARTA | Teknik & Arsitektur | Mahal (20-50jt) | Baik Sekali / B,https://campus.quipper.com/directory/universitas-muhammadiyah-jakarta
219,UNIVERSITAS MUHAMMADIYAH JAKARTA,DKI JAKARTA,SIPIL,B,24511201.0,DKI JAKARTA | Teknik & Arsitektur | Mahal (20-50jt) | Baik Sekali / B,https://campus.quipper.com/directory/universitas-muhammadiyah-jakarta
227,UNIVERSITAS TANRI ABENG,DKI JAKARTA,ARSITEKTUR,BAIK,24000000.0,DKI JAKARTA | Teknik & Arsitektur | Mahal (20-50jt) | Baik Sekali / B,https://campus.quipper.com/directory/universitas-tanri-abeng
227,UNIVERSITAS TANRI ABENG,DKI JAKARTA,ELEKTRO,BAIK SEKALI,24000000.0,DKI JAKARTA | Teknik & Arsitektur | Mahal (20-50jt) | Baik Sekali / B,https://campus.quipper.com/directory/universitas-tanri-abeng
227,UNIVERSITAS TANRI ABENG,DKI JAKARTA,PERMINYAKAN,BAIK SEKALI,24000000.0,DKI JAKARTA | Teknik & Arsitektur | Mahal (20-50jt) | Baik Sekali / B,https://campus.quipper.com/directory/universitas-tanri-abeng
227,UNIVERSITAS TANRI ABENG,DKI JAKARTA,SIPIL,BAIK SEKALI,24000000.0,DKI JAKARTA | Teknik & Arsitektur | Mahal (20-50jt) | Baik Sekali / B,https://campus.quipper.com/directory/universitas-tanri-abeng
235,UNIVERSITAS BINAWAN,DKI JAKARTA,LINGKUNGAN,BAIK,23100000.0,DKI JAKARTA | Teknik & Arsitektur | Mahal (20-50jt) | Baik Sekali / B,https://campus.quipper.com/directory/universitas-binawan
238,UNIVERSITAS BUDI LUHUR,DKI JAKARTA,ARSITEKTUR,B,23000000.0,DKI JAKARTA | Teknik & Arsitektur | Mahal (20-50jt) | Baik Sekali / B,https://campus.quipper.com/directory/universitas-budi-luhur
238,UNIVERSITAS BUDI LUHUR,DKI JAKARTA,ELEKTRO,B,23000000.0,DKI JAKARTA | Teknik & Arsitektur | Mahal (20-50jt) | Baik Sekali / B,https://campus.quipper.com/directory/universitas-budi-luhur
250,UNIVERSITAS PERSADA INDONESIA YAI,DKI JAKARTA,ARSITEKTUR,BAIK SEKALI,22250000.0,DKI JAKARTA | Teknik & Arsitektur | Mahal (20-50jt) | Baik Sekali / B,https://campus.quipper.com/directory/universitas-persada-indonesia-yai
250,UNIVERSITAS PERSADA INDONESIA YAI,DKI JAKARTA,INDUSTRI,B,22250000.0,DKI JAKARTA | Teknik & Arsitektur | Mahal (20-50jt) | Baik Sekali / B,https://campus.quipper.com/directory/universitas-persada-indonesia-yai
250,UNIVERSITAS PERSADA INDONESIA YAI,DKI JAKARTA,SIPIL,B,22250000.0,DKI JAKARTA | Teknik & Arsitektur | Mahal (20-50jt) | Baik Sekali / B,https://campus.quipper.com/directory/universitas-persada-indonesia-yai
252,UNIVERSITAS BHAYANGKARA JAKARTA RAYA,DKI JAKARTA,INDUSTRI,B,22075000.0,DKI JAKARTA | Teknik & Arsitektur | Mahal (20-50jt) | Baik Sekali / B,https://campus.quipper.com/directory/universitas-bhayangkara-jakarta-raya
252,UNIVERSITAS BHAYANGKARA JAKARTA RAYA,DKI JAKARTA,LINGKUNGAN,B,22075000.0,DKI JAKARTA | Teknik & Arsitektur | Mahal (20-50jt) | Baik Sekali / B,https://campus.quipper.com/directory/universitas-bhayangkara-jakarta-raya
252,UNIVERSITAS BHAYANGKARA JAKARTA RAYA,DKI JAKARTA,PERMINYAKAN,C,22075000.0,DKI JAKARTA | Teknik & Arsitektur | Mahal (20-50jt) | Baik / C,https://campus.quipper.com/directory/universitas-bhayangkara-jakarta-raya
24,UNIVERSITAS SATYAGAMA,DKI JAKARTA,ARSITEKTUR,C,21600000.0,DKI JAKARTA | Teknik & Arsitektur | Mahal (20-50jt) | Baik / C,https://campus.quipper.com/directory/universitas-satyagama
24,UNIVERSITAS SATYAGAMA,DKI JAKARTA,ELEKTRO,BAIK,21600000.0,DKI JAKARTA | Teknik & Arsitektur | Mahal (20-50jt) | Baik Sekali / B,https://campus.quipper.com/directory/universitas-satyagama
24,UNIVERSITAS SATYAGAMA,DKI JAKARTA,INDUSTRI,C,21600000.0,DKI JAKARTA | Teknik & Arsitektur | Mahal (20-50jt) | Baik / C,https://campus.quipper.com/directory/universitas-satyagama
24,UNIVERSITAS SATYAGAMA,DKI JAKARTA,SIPIL,C,21600000.0,DKI JAKARTA | Teknik & Arsitektur | Mahal (20-50jt) | Baik / C,https://campus.quipper.com/directory/universitas-satyagama
258,INSTITUT TEKNOLOGI PERUSAHAAN LISTRIK NEGARA,DKI JAKARTA,ELEKTRO,BAIK SEKALI,21500000.0,DKI JAKARTA | Teknik & Arsitektur | Mahal (20-50jt) | Baik Sekali / B,-
258,INSTITUT TEKNOLOGI PERUSAHAAN LISTRIK NEGARA,DKI JAKARTA,INDUSTRI,BAIK,21500000.0,DKI JAKARTA | Teknik & Arsitektur | Mahal (20-50jt) | Baik Sekali / B,-
258,INSTITUT TEKNOLOGI PERUSAHAAN LISTRIK NEGARA,DKI JAKARTA,LINGKUNGAN,BAIK,21500000.0,DKI JAKARTA | Teknik & Arsitektur | Mahal (20-50jt) | Baik Sekali / B,-
258,INSTITUT TEKNOLOGI PERUSAHAAN LISTRIK NEGARA,DKI JAKARTA,MESIN,UNGGUL,21500000.0,DKI JAKARTA | Teknik & Arsitektur | Mahal (20-50jt) | Baik Sekali / B,-
258,INSTITUT TEKNOLOGI PERUSAHAAN LISTRIK NEGARA,DKI JAKARTA,SIPIL,BAIK SEKALI,21500000.0,DKI JAKARTA | Teknik & Arsitektur | Mahal (20-50jt) | Baik Sekali / B,-
258,INSTITUT TEKNOLOGI PERUSAHAAN LISTRIK NEGARA,DKI JAKARTA,SISTEM ENERGI,BAIK,21500000.0,DKI JAKARTA | Teknik & Arsitektur | Mahal (20-50jt) | Baik Sekali / B,-
272,INSTITUT TEKNOLOGI DAN BISNIS KALBIS,DKI JAKARTA,ARSITEKTUR,C,20500000.0,DKI JAKARTA | Teknik & Arsitektur | Mahal (20-50jt) | Baik / C,https://rencanamu.id/cari-kampus/institut-teknologi-dan-bisnis-kalbis
271,UNIVERSITAS BUNDA MULIA,DKI JAKARTA,INDUSTRI,A,20500000.0,DKI JAKARTA | Teknik & Arsitektur | Mahal (20-50jt) | Baik Sekali / B,https://campus.quipper.com/directory/universitas-bunda-mulia-ubm
282,UNIVERSITAS AL AZHAR INDONESIA,DKI JAKARTA,ELEKTRO,B,20000000.0,DKI JAKARTA | Teknik & Arsitektur | Mahal (20-50jt) | Baik Sekali / B,https://campus.quipper.com/directory/universitas-al-azhar-indonesia
282,UNIVERSITAS AL AZHAR INDONESIA,DKI JAKARTA,INDUSTRI,B,20000000.0,DKI JAKARTA | Teknik & Arsitektur | Mahal (20-50jt) | Baik Sekali / B,https://campus.quipper.com/directory/universitas-al-azhar-indonesia
303,UNIVERSITAS AL-AZHAR INDONESIA,DKI JAKARTA,INDUSTRI,BAIK SEKALI,19230000.0,DKI JAKARTA | Teknik & Arsitektur | Menengah (10-20jt) | Baik Sekali / B,-
304,UNIVERSITAS DIRGANTARA MARSEKAL SURYADARMA,DKI JAKARTA,ELEKTRO,BAIK SEKALI,19225001.0,DKI JAKARTA | Teknik & Arsitektur | Menengah (10-20jt) | Baik Sekali / B,https://campus.quipper.com/directory/universitas-marsekal-suryadarma
304,UNIVERSITAS DIRGANTARA MARSEKAL SURYADARMA,DKI JAKARTA,INDUSTRI,BAIK SEKALI,19225001.0,DKI JAKARTA | Teknik & Arsitektur | Menengah (10-20jt) | Baik Sekali / B,https://campus.quipper.com/directory/universitas-marsekal-suryadarma
304,UNIVERSITAS DIRGANTARA MARSEKAL SURYADARMA,DKI JAKARTA,PENERBANGAN,B,19225001.0,DKI JAKARTA | Teknik & Arsitektur | Menengah (10-20jt) | Baik Sekali / B,https://campus.quipper.com/directory/universitas-marsekal-suryadarma
325,UNIVERSITAS SATYA NEGARA INDONESIA,DKI JAKARTA,LINGKUNGAN,B,18250000.0,DKI JAKARTA | Teknik & Arsitektur | Menengah (10-20jt) | Baik Sekali / B,https://rencanamu.id/cari-kampus/universitas-satya-negara-indonesia
387,UNIVERSITAS SAHID,DKI JAKARTA,INDUSTRI,BAIK SEKALI,15450000.0,DKI JAKARTA | Teknik & Arsitektur | Menengah (10-20jt) | Baik Sekali / B,https://campus.quipper.com/directory/universitas-sahid
387,UNIVERSITAS SAHID,DKI JAKARTA,LINGKUNGAN,BAIK SEKALI,15450000.0,DKI JAKARTA | Teknik & Arsitektur | Menengah (10-20jt) | Baik Sekali / B,https://campus.quipper.com/directory/universitas-sahid
393,SEKOLAH TINGGI TEKNOLOGI PEKERJAAN UMUM,DKI JAKARTA,LINGKUNGAN,BAIK,15225000.0,DKI JAKARTA | Teknik & Arsitektur | Menengah (10-20jt) | Baik Sekali / B,-
393,SEKOLAH TINGGI TEKNOLOGI PEKERJAAN UMUM,DKI JAKARTA,SIPIL,BAIK,15225000.0,DKI JAKARTA | Teknik & Arsitektur | Menengah (10-20jt) | Baik Sekali / B,-
9,UNIVERSITAS SAHID JAKARTA,DKI JAKARTA,INDUSTRI,B,14500000.0,DKI JAKARTA | Teknik & Arsitektur | Menengah (10-20jt) | Baik Sekali / B,https://rencanamu.id/cari-kampus/universitas-sahid-jakarta
9,UNIVERSITAS SAHID JAKARTA,DKI JAKARTA,LINGKUNGAN,B,14500000.0,DKI JAKARTA | Teknik & Arsitektur | Menengah (10-20jt) | Baik Sekali / B,https://rencanamu.id/cari-kampus/universitas-sahid-jakarta
442,INSTITUT TEKNOLOGI DAN BISNIS AHMAD DAHLAN,DKI JAKARTA,ARSITEKTUR,BAIK,14000000.0,DKI JAKARTA | Teknik & Arsitektur | Menengah (10-20jt) | Baik Sekali / B,-
484,UNIVERSITAS ISLAM JAKARTA,DKI JAKARTA,INDUSTRI,C,12950000.0,DKI JAKARTA | Teknik & Arsitektur | Menengah (10-20jt) | Baik / C,https://campus.quipper.com/directory/universitas-islam-jakarta
520,UNIVERSITAS DARMA PERSADA,DKI JAKARTA,ELEKTRO,C,12200000.0,DKI JAKARTA | Teknik & Arsitektur | Menengah (10-20jt) | Baik / C,https://campus.quipper.com/directory/universitas-darma-persada
520,UNIVERSITAS DARMA PERSADA,DKI JAKARTA,ENERGI TERBARUKAN,C,12200000.0,DKI JAKARTA | Teknik & Arsitektur | Menengah (10-20jt) | Baik / C,https://campus.quipper.com/directory/universitas-darma-persada
520,UNIVERSITAS DARMA PERSADA,DKI JAKARTA,INDUSTRI,C,12200000.0,DKI JAKARTA | Teknik & Arsitektur | Menengah (10-20jt) | Baik / C,https://campus.quipper.com/directory/universitas-darma-persada
520,UNIVERSITAS DARMA PERSADA,DKI JAKARTA,MESIN,B,12200000.0,DKI JAKARTA | Teknik & Arsitektur | Menengah (10-20jt) | Baik Sekali / B,https://campus.quipper.com/directory/universitas-darma-persada
520,UNIVERSITAS DARMA PERSADA,DKI JAKARTA,PERKAPALAN,B,12200000.0,DKI JAKARTA | Teknik & Arsitektur | Menengah (10-20jt) | Baik Sekali / B,https://campus.quipper.com/directory/universitas-darma-persada
521,UNIVERSITAS TAMA JAGAKARSA,DKI JAKARTA,ELEKTRO,BAIK,12200000.0,DKI JAKARTA | Teknik & Arsitektur | Menengah (10-20jt) | Baik Sekali / B,-
521,UNIVERSITAS TAMA JAGAKARSA,DKI JAKARTA,MESIN,BAIK SEKALI,12200000.0,DKI JAKARTA | Teknik & Arsitektur | Menengah (10-20jt) | Baik Sekali / B,-
521,UNIVERSITAS TAMA JAGAKARSA,DKI JAKARTA,SIPIL,BAIK SEKALI,12200000.0,DKI JAKARTA | Teknik & Arsitektur | Menengah (10-20jt) | Baik Sekali / B,-
572,UNIVERSITAS MPU TANTULAR,DKI JAKARTA,ARSITEKTUR,B,11337000.0,DKI JAKARTA | Teknik & Arsitektur | Menengah (10-20jt) | Baik Sekali / B,https://campus.quipper.com/directory/universitas-mpu-tantular
572,UNIVERSITAS MPU TANTULAR,DKI JAKARTA,ELEKTRO,C,11337000.0,DKI JAKARTA | Teknik & Arsitektur | Menengah (10-20jt) | Baik / C,https://campus.quipper.com/directory/universitas-mpu-tantular
572,UNIVERSITAS MPU TANTULAR,DKI JAKARTA,INDUSTRI,BAIK,11337000.0,DKI JAKARTA | Teknik & Arsitektur | Menengah (10-20jt) | Baik Sekali / B,https://campus.quipper.com/directory/universitas-mpu-tantular
572,UNIVERSITAS MPU TANTULAR,DKI JAKARTA,KELAUTAN,B,11337000.0,DKI JAKARTA | Teknik & Arsitektur | Menengah (10-20jt) | Baik Sekali / B,https://campus.quipper.com/directory/universitas-mpu-tantular
572,UNIVERSITAS MPU TANTULAR,DKI JAKARTA,MESIN,BAIK,11337000.0,DKI JAKARTA | Teknik & Arsitektur | Menengah (10-20jt) | Baik Sekali / B,https://campus.quipper.com/directory/universitas-mpu-tantular
572,UNIVERSITAS MPU TANTULAR,DKI JAKARTA,SIPIL,C,11337000.0,DKI JAKARTA | Teknik & Arsitektur | Menengah (10-20jt) | Baik / C,https://campus.quipper.com/directory/universitas-mpu-tantular
650,UNIVERSITAS BUNG KARNO,DKI JAKARTA,ARSITEKTUR,B,10000000.0,DKI JAKARTA | Teknik & Arsitektur | Menengah (10-20jt) | Baik Sekali / B,https://campus.quipper.com/directory/universitas-bung-karno
650,UNIVERSITAS BUNG KARNO,DKI JAKARTA,ELEKTRO,C,10000000.0,DKI JAKARTA | Teknik & Arsitektur | Menengah (10-20jt) | Baik / C,https://campus.quipper.com/directory/universitas-bung-karno
650,UNIVERSITAS BUNG KARNO,DKI JAKARTA,MESIN,B,10000000.0,DKI JAKARTA | Teknik & Arsitektur | Menengah (10-20jt) | Baik Sekali / B,https://campus.quipper.com/directory/universitas-bung-karno
650,UNIVERSITAS BUNG KARNO,DKI JAKARTA,SIPIL,B,10000000.0,DKI JAKARTA | Teknik & Arsitektur | Menengah (10-20jt) | Baik Sekali / B,https://campus.quipper.com/directory/universitas-bung-karno
642,UNIVERSITAS MERCU BUANA,DKI JAKARTA,ARSITEKTUR,BAIK SEKALI,10000000.0,DKI JAKARTA | Teknik & Arsitektur | Menengah (10-20jt) | Baik Sekali / B,https://campus.quipper.com/directory/universitas-mercu-buana
642,UNIVERSITAS MERCU BUANA,DKI JAKARTA,ELEKTRO,UNGGUL,10000000.0,DKI JAKARTA | Teknik & Arsitektur | Menengah (10-20jt) | Unggul / A,https://campus.quipper.com/directory/universitas-mercu-buana
642,UNIVERSITAS MERCU BUANA,DKI JAKARTA,INDUSTRI,UNGGUL,10000000.0,DKI JAKARTA | Teknik & Arsitektur | Menengah (10-20jt) | Unggul / A,https://campus.quipper.com/directory/universitas-mercu-buana
642,UNIVERSITAS MERCU BUANA,DKI JAKARTA,MESIN,UNGGUL,10000000.0,DKI JAKARTA | Teknik & Arsitektur | Menengah (10-20jt) | Unggul / A,https://campus.quipper.com/directory/universitas-mercu-buana
642,UNIVERSITAS MERCU BUANA,DKI JAKARTA,SIPIL,UNGGUL,10000000.0,DKI JAKARTA | Teknik & Arsitektur | Menengah (10-20jt) | Unggul / A,https://campus.quipper.com/directory/universitas-mercu-buana
22,UNIVERSITAS DIAN NUSANTARA,DKI JAKARTA,ELEKTRO,BAIK,9400000.0,DKI JAKARTA | Teknik & Arsitektur | Terjangkau (5-10jt) | Baik Sekali / B,-
22,UNIVERSITAS DIAN NUSANTARA,DKI JAKARTA,MESIN,BAIK,9400000.0,DKI JAKARTA | Teknik & Arsitektur | Terjangkau (5-10jt) | Baik Sekali / B,-
22,UNIVERSITAS DIAN NUSANTARA,DKI JAKARTA,SIPIL,BAIK,9400000.0,DKI JAKARTA | Teknik & Arsitektur | Terjangkau (5-10jt) | Baik Sekali / B,-
848,INSTITUT SAINS DAN TEKNOLOGI AL-KAMAL,DKI JAKARTA,INDUSTRI,BAIK,7700000.0,DKI JAKARTA | Teknik & Arsitektur | Terjangkau (5-10jt) | Baik Sekali / B,https://campus.quipper.com/directory/institut-sains-dan-teknologi-al-kamal
848,INSTITUT SAINS DAN TEKNOLOGI AL-KAMAL,DKI JAKARTA,MESIN,BAIK,7700000.0,DKI JAKARTA | Teknik & Arsitektur | Terjangkau (5-10jt) | Baik Sekali / B,https://campus.quipper.com/directory/institut-sains-dan-teknologi-al-kamal
848,INSTITUT SAINS DAN TEKNOLOGI AL-KAMAL,DKI JAKARTA,SIPIL,BAIK,7700000.0,DKI JAKARTA | Teknik & Arsitektur | Terjangkau (5-10jt) | Baik Sekali / B,https://campus.quipper.com/directory/institut-sains-dan-teknologi-al-kamal
37,INSTITUT TEKNOLOGI HARAPAN BANGSA,JAWA BARAT,AKUNTANSI,BAIK SEKALI,243400000.0,JAWA BARAT | Ekonomi & Bisnis | Sangat Mahal (>50jt) | Baik Sekali / B,https://rencanamu.id/cari-kampus/institut-teknologi-harapan-bangsa
37,INSTITUT TEKNOLOGI HARAPAN BANGSA,JAWA BARAT,LOGISTIK,BAIK,243400000.0,JAWA BARAT | Ekonomi & Bisnis | Sangat Mahal (>50jt) | Baik Sekali / B,https://rencanamu.id/cari-kampus/institut-teknologi-harapan-bangsa
37,INSTITUT TEKNOLOGI HARAPAN BANGSA,JAWA BARAT,MANAJEMEN,BAIK SEKALI,243400000.0,JAWA BARAT | Ekonomi & Bisnis | Sangat Mahal (>50jt) | Baik Sekali / B,https://rencanamu.id/cari-kampus/institut-teknologi-harapan-bangsa
52,UNIVERSITAS ISLAM BANDUNG,JAWA BARAT,AKUNTANSI,A,93250000.0,JAWA BARAT | Ekonomi & Bisnis | Sangat Mahal (>50jt) | Baik Sekali / B,https://rencanamu.id/cari-kampus/universitas-islam-bandung
52,UNIVERSITAS ISLAM BANDUNG,JAWA BARAT,EKONOMI,UNGGUL,93250000.0,JAWA BARAT | Ekonomi & Bisnis | Sangat Mahal (>50jt) | Baik Sekali / B,https://rencanamu.id/cari-kampus/universitas-islam-bandung
52,UNIVERSITAS ISLAM BANDUNG,JAWA BARAT,EKONOMI PEMBANGUNAN,A,93250000.0,JAWA BARAT | Ekonomi & Bisnis | Sangat Mahal (>50jt) | Baik Sekali / B,https://rencanamu.id/cari-kampus/universitas-islam-bandung
52,UNIVERSITAS ISLAM BANDUNG,JAWA BARAT,MANAJEMEN,A,93250000.0,JAWA BARAT | Ekonomi & Bisnis | Sangat Mahal (>50jt) | Baik Sekali / B,https://rencanamu.id/cari-kampus/universitas-islam-bandung
59,UNIVERSITAS 17 AGUSTUS 1945 CIREBON,JAWA BARAT,ADMINISTRASI BISNIS,BAIK SEKALI,75500000.0,JAWA BARAT | Ekonomi & Bisnis | Sangat Mahal (>50jt) | Baik Sekali / B,https://campus.quipper.com/directory/universitas-17-agustus-1945-cirebon
59,UNIVERSITAS 17 AGUSTUS 1945 CIREBON,JAWA BARAT,ADMINISTRASI NIAGA,BAIK SEKALI,75500000.0,JAWA BARAT | Ekonomi & Bisnis | Sangat Mahal (>50jt) | Baik Sekali / B,https://campus.quipper.com/directory/universitas-17-agustus-1945-cirebon
59,UNIVERSITAS 17 AGUSTUS 1945 CIREBON,JAWA BARAT,AKUNTANSI,BAIK SEKALI,75500000.0,JAWA BARAT | Ekonomi & Bisnis | Sangat Mahal (>50jt) | Baik Sekali / B,https://campus.quipper.com/directory/universitas-17-agustus-1945-cirebon
59,UNIVERSITAS 17 AGUSTUS 1945 CIREBON,JAWA BARAT,MANAJEMEN,BAIK SEKALI,75500000.0,JAWA BARAT | Ekonomi & Bisnis | Sangat Mahal (>50jt) | Baik Sekali / B,https://campus.quipper.com/directory/universitas-17-agustus-1945-cirebon
64,UNIVERSITAS ISLAM NUSANTARA,JAWA BARAT,AKUNTANSI,C,67040000.0,JAWA BARAT | Ekonomi & Bisnis | Sangat Mahal (>50jt) | Baik Sekali / B,https://rencanamu.id/cari-kampus/universitas-islam-nusantara
64,UNIVERSITAS ISLAM NUSANTARA,JAWA BARAT,MANAJEMEN,C,67040000.0,JAWA BARAT | Ekonomi & Bisnis | Sangat Mahal (>50jt) | Baik Sekali / B,https://rencanamu.id/cari-kampus/universitas-islam-nusantara
66,UNIVERSITAS KEBANGSAAN REPUBLIK INDONESIA,JAWA BARAT,AGRIBISNIS,TERAKREDITASI SEMENTARA,66200003.0,JAWA BARAT | Ekonomi & Bisnis | Sangat Mahal (>50jt) | Baik Sekali / B,-
66,UNIVERSITAS KEBANGSAAN REPUBLIK INDONESIA,JAWA BARAT,MANAJEMEN,BAIK,66200003.0,JAWA BARAT | Ekonomi & Bisnis | Sangat Mahal (>50jt) | Baik Sekali / B,-
75,UNIVERSITAS KOPERASI INDONESIA,JAWA BARAT,AGRIBISNIS,BAIK,57050000.0,JAWA BARAT | Ekonomi & Bisnis | Sangat Mahal (>50jt) | Baik Sekali / B,-
75,UNIVERSITAS KOPERASI INDONESIA,JAWA BARAT,AKUNTANSI,BAIK SEKALI,57050000.0,JAWA BARAT | Ekonomi & Bisnis | Sangat Mahal (>50jt) | Baik Sekali / B,-
75,UNIVERSITAS KOPERASI INDONESIA,JAWA BARAT,MANAJEMEN,BAIK SEKALI,57050000.0,JAWA BARAT | Ekonomi & Bisnis | Sangat Mahal (>50jt) | Baik Sekali / B,-
79,UNIVERSITAS LOGISTIK DAN BISNIS INTERNASIONAL,JAWA BARAT,BISNIS DIGITAL,BAIK,53900000.0,JAWA BARAT | Ekonomi & Bisnis | Sangat Mahal (>50jt) | Baik Sekali / B,-
79,UNIVERSITAS LOGISTIK DAN BISNIS INTERNASIONAL,JAWA BARAT,LOGISTIK,BAIK SEKALI,53900000.0,JAWA BARAT | Ekonomi & Bisnis | Sangat Mahal (>50jt) | Baik Sekali / B,-
81,UNIVERSITAS KRISTEN MARANATHA,JAWA BARAT,AKUNTANSI,A,52352500.0,JAWA BARAT | Ekonomi & Bisnis | Sangat Mahal (>50jt) | Baik Sekali / B,https://rencanamu.id/cari-kampus/universitas-kristen-maranatha
81,UNIVERSITAS KRISTEN MARANATHA,JAWA BARAT,MANAJEMEN,A,52352500.0,JAWA BARAT | Ekonomi & Bisnis | Sangat Mahal (>50jt) | Baik Sekali / B,https://rencanamu.id/cari-kampus/universitas-kristen-maranatha
26,UNIVERSITAS PASUNDAN,JAWA BARAT,ADMINISTRASI,A,48250000.0,JAWA BARAT | Ekonomi & Bisnis | Mahal (20-50jt) | Unggul / A,https://rencanamu.id/cari-kampus/universitas-pasundan
26,UNIVERSITAS PASUNDAN,JAWA BARAT,ADMINISTRASI BISNIS,A,48250000.0,JAWA BARAT | Ekonomi & Bisnis | Mahal (20-50jt) | Unggul / A,https://rencanamu.id/cari-kampus/universitas-pasundan
26,UNIVERSITAS PASUNDAN,JAWA BARAT,AKUNTANSI,A,48250000.0,JAWA BARAT | Ekonomi & Bisnis | Mahal (20-50jt) | Unggul / A,https://rencanamu.id/cari-kampus/universitas-pasundan
26,UNIVERSITAS PASUNDAN,JAWA BARAT,EKONOMI,A,48250000.0,JAWA BARAT | Ekonomi & Bisnis | Mahal (20-50jt) | Unggul / A,https://rencanamu.id/cari-kampus/universitas-pasundan
26,UNIVERSITAS PASUNDAN,JAWA BARAT,EKONOMI PEMBANGUNAN,A,48250000.0,JAWA BARAT | Ekonomi & Bisnis | Mahal (20-50jt) | Unggul / A,https://rencanamu.id/cari-kampus/universitas-pasundan
26,UNIVERSITAS PASUNDAN,JAWA BARAT,MANAJEMEN,A,48250000.0,JAWA BARAT | Ekonomi & Bisnis | Mahal (20-50jt) | Unggul / A,https://rencanamu.id/cari-kampus/universitas-pasundan
103,SEKOLAH TINGGI ILMU EKONOMI STAN IM,JAWA BARAT,AKUNTANSI,BAIK SEKALI,42400000.0,JAWA BARAT | Ekonomi & Bisnis | Mahal (20-50jt) | Unggul / A,-
103,SEKOLAH TINGGI ILMU EKONOMI STAN IM,JAWA BARAT,MANAJEMEN,BAIK SEKALI,42400000.0,JAWA BARAT | Ekonomi & Bisnis | Mahal (20-50jt) | Unggul / A,-
2,PRESIDENT UNIVERSITY,JAWA BARAT,ADMINISTRASI BISNIS,B,36000000.0,JAWA BARAT | Ekonomi & Bisnis | Mahal (20-50jt) | Baik Sekali / B,https://rencanamu.id/cari-kampus/president-university
2,PRESIDENT UNIVERSITY,JAWA BARAT,AKUNTANSI,B,36000000.0,JAWA BARAT | Ekonomi & Bisnis | Mahal (20-50jt) | Baik Sekali / B,https://rencanamu.id/cari-kampus/president-university
2,PRESIDENT UNIVERSITY,JAWA BARAT,MANAJEMEN,A,36000000.0,JAWA BARAT | Ekonomi & Bisnis | Mahal (20-50jt) | Baik Sekali / B,https://rencanamu.id/cari-kampus/president-university
129,UNIVERSITAS PAKUAN,JAWA BARAT,AKUNTANSI,B,35000006.0,JAWA BARAT | Ekonomi & Bisnis | Mahal (20-50jt) | Baik Sekali / B,https://rencanamu.id/cari-kampus/universitas-pakuan
129,UNIVERSITAS PAKUAN,JAWA BARAT,BISNIS DIGITAL,BAIK SEKALI,35000006.0,JAWA BARAT | Ekonomi & Bisnis | Mahal (20-50jt) | Baik Sekali / B,https://rencanamu.id/cari-kampus/universitas-pakuan
129,UNIVERSITAS PAKUAN,JAWA BARAT,MANAJEMEN,B,35000006.0,JAWA BARAT | Ekonomi & Bisnis | Mahal (20-50jt) | Baik Sekali / B,https://rencanamu.id/cari-kampus/universitas-pakuan
147,UNIVERSITAS IPWIJA,JAWA BARAT,KEWIRAUSAHAAN,BAIK,32200000.0,JAWA BARAT | Ekonomi & Bisnis | Mahal (20-50jt) | Baik Sekali / B,-
147,UNIVERSITAS IPWIJA,JAWA BARAT,MANAJEMEN,BAIK SEKALI,32200000.0,JAWA BARAT | Ekonomi & Bisnis | Mahal (20-50jt) | Baik Sekali / B,-
150,UNIVERSITAS SALI AL-AITAAM,JAWA BARAT,KEWIRAUSAHAAN,BAIK,31515000.0,JAWA BARAT | Ekonomi & Bisnis | Mahal (20-50jt) | Baik Sekali / B,-
150,UNIVERSITAS SALI AL-AITAAM,JAWA BARAT,MANAJEMEN,BAIK,31515000.0,JAWA BARAT | Ekonomi & Bisnis | Mahal (20-50jt) | Baik Sekali / B,-
180,UNIVERSITAS ADVENT INDONESIA,JAWA BARAT,AKUNTANSI,B,27520000.0,JAWA BARAT | Ekonomi & Bisnis | Mahal (20-50jt) | Baik Sekali / B,https://campus.quipper.com/directory/universitas-advent-indonesia
180,UNIVERSITAS ADVENT INDONESIA,JAWA BARAT,BISNIS DIGITAL,BAIK,27520000.0,JAWA BARAT | Ekonomi & Bisnis | Mahal (20-50jt) | Baik Sekali / B,https://campus.quipper.com/directory/universitas-advent-indonesia
180,UNIVERSITAS ADVENT INDONESIA,JAWA BARAT,MANAJEMEN,B,27520000.0,JAWA BARAT | Ekonomi & Bisnis | Mahal (20-50jt) | Baik Sekali / B,https://campus.quipper.com/directory/universitas-advent-indonesia
182,SEKOLAH TINGGI ILMU EKONOMI EKUITAS,JAWA BARAT,AKUNTANSI,UNGGUL,27454200.0,JAWA BARAT | Ekonomi & Bisnis | Mahal (20-50jt) | Unggul / A,-
182,SEKOLAH TINGGI ILMU EKONOMI EKUITAS,JAWA BARAT,MANAJEMEN,BAIK SEKALI,27454200.0,JAWA BARAT | Ekonomi & Bisnis | Mahal (20-50jt) | Baik Sekali / B,-
225,SEKOLAH TINGGI ILMU ADMINISTRASI CIMAHI,JAWA BARAT,ADMINISTRASI NIAGA,BAIK,27000002.0,JAWA BARAT | Ekonomi & Bisnis | Mahal (20-50jt) | Baik Sekali / B,-
197,UNIVERSITAS TELKOM,JAWA BARAT,ADMINISTRASI BISNIS,UNGGUL,26000000.0,JAWA BARAT | Ekonomi & Bisnis | Mahal (20-50jt) | Unggul / A,https://campus.quipper.com/directory/universitas-telkom
197,UNIVERSITAS TELKOM,JAWA BARAT,AKUNTANSI,UNGGUL,26000000.0,JAWA BARAT | Ekonomi & Bisnis | Mahal (20-50jt) | Unggul / A,https://campus.quipper.com/directory/universitas-telkom
197,UNIVERSITAS TELKOM,JAWA BARAT,BISNIS DIGITAL,BAIK,26000000.0,JAWA BARAT | Ekonomi & Bisnis | Mahal (20-50jt) | Baik Sekali / B,https://campus.quipper.com/directory/universitas-telkom
197,UNIVERSITAS TELKOM,JAWA BARAT,LOGISTIK,BAIK,26000000.0,JAWA BARAT | Ekonomi & Bisnis | Mahal (20-50jt) | Baik Sekali / B,https://campus.quipper.com/directory/universitas-telkom
197,UNIVERSITAS TELKOM,JAWA BARAT,MANAJEMEN,UNGGUL,26000000.0,JAWA BARAT | Ekonomi & Bisnis | Mahal (20-50jt) | Unggul / A,https://campus.quipper.com/directory/universitas-telkom
197,UNIVERSITAS TELKOM,JAWA BARAT,PEMASARAN,UNGGUL,26000000.0,JAWA BARAT | Ekonomi & Bisnis | Mahal (20-50jt) | Unggul / A,https://campus.quipper.com/directory/universitas-telkom
211,UNIVERSITAS INTERNASIONAL JAKARTA,JAWA BARAT,AKUNTANSI,BAIK,25000000.0,JAWA BARAT | Ekonomi & Bisnis | Mahal (20-50jt) | Baik Sekali / B,-
212,UNIVERSITAS KOMPUTER INDONESIA,JAWA BARAT,AKUNTANSI,A,24950000.0,JAWA BARAT | Ekonomi & Bisnis | Mahal (20-50jt) | Baik Sekali / B,https://rencanamu.id/cari-kampus/universitas-komputer-indonesia
212,UNIVERSITAS KOMPUTER INDONESIA,JAWA BARAT,KEUANGAN PERBANKAN,A,24950000.0,JAWA BARAT | Ekonomi & Bisnis | Mahal (20-50jt) | Baik Sekali / B,https://rencanamu.id/cari-kampus/universitas-komputer-indonesia
212,UNIVERSITAS KOMPUTER INDONESIA,JAWA BARAT,MANAJEMEN,A,24950000.0,JAWA BARAT | Ekonomi & Bisnis | Mahal (20-50jt) | Baik Sekali / B,https://rencanamu.id/cari-kampus/universitas-komputer-indonesia
212,UNIVERSITAS KOMPUTER INDONESIA,JAWA BARAT,MARKETING,B,24950000.0,JAWA BARAT | Ekonomi & Bisnis | Mahal (20-50jt) | Baik Sekali / B,https://rencanamu.id/cari-kampus/universitas-komputer-indonesia
240,UNIVERSITAS GLOBAL JAKARTA,JAWA BARAT,BISNIS DIGITAL,BAIK,22801250.0,JAWA BARAT | Ekonomi & Bisnis | Mahal (20-50jt) | Baik Sekali / B,-
240,UNIVERSITAS GLOBAL JAKARTA,JAWA BARAT,MANAJEMEN,BAIK SEKALI,22801250.0,JAWA BARAT | Ekonomi & Bisnis | Mahal (20-50jt) | Baik Sekali / B,-
244,SEKOLAH TINGGI ILMU EKONOMI HARAPAN BANGSA,JAWA BARAT,AKUNTANSI,BAIK SEKALI,22640000.0,JAWA BARAT | Ekonomi & Bisnis | Mahal (20-50jt) | Baik Sekali / B,-
244,SEKOLAH TINGGI ILMU EKONOMI HARAPAN BANGSA,JAWA BARAT,MANAJEMEN,BAIK SEKALI,22640000.0,JAWA BARAT | Ekonomi & Bisnis | Mahal (20-50jt) | Baik Sekali / B,-
249,UNIVERSITAS BHAKTI HUSADA INDONESIA,JAWA BARAT,BISNIS DIGITAL,BAIK,22350000.0,JAWA BARAT | Ekonomi & Bisnis | Mahal (20-50jt) | Baik Sekali / B,-
361,UNIVERSITAS SANGGA BUANA,JAWA BARAT,ADMINISTRASI BISNIS,BAIK SEKALI,21940000.0,JAWA BARAT | Ekonomi & Bisnis | Mahal (20-50jt) | Baik Sekali / B,-
361,UNIVERSITAS SANGGA BUANA,JAWA BARAT,AKUNTANSI,BAIK SEKALI,21940000.0,JAWA BARAT | Ekonomi & Bisnis | Mahal (20-50jt) | Baik Sekali / B,-
361,UNIVERSITAS SANGGA BUANA,JAWA BARAT,MANAJEMEN,UNGGUL,21940000.0,JAWA BARAT | Ekonomi & Bisnis | Mahal (20-50jt) | Unggul / A,-
257,UNIVERSITAS JENDERAL ACHMAD YANI,JAWA BARAT,ADMINISTRASI RUMAH SAKIT,BAIK SEKALI,21504000.0,JAWA BARAT | Ekonomi & Bisnis | Mahal (20-50jt) | Baik Sekali / B,https://rencanamu.id/cari-kampus/universitas-jenderal-achmad-yani
257,UNIVERSITAS JENDERAL ACHMAD YANI,JAWA BARAT,AKUNTANSI,B,21504000.0,JAWA BARAT | Ekonomi & Bisnis | Mahal (20-50jt) | Baik Sekali / B,https://rencanamu.id/cari-kampus/universitas-jenderal-achmad-yani
257,UNIVERSITAS JENDERAL ACHMAD YANI,JAWA BARAT,MANAJEMEN,A,21504000.0,JAWA BARAT | Ekonomi & Bisnis | Mahal (20-50jt) | Baik Sekali / B,https://rencanamu.id/cari-kampus/universitas-jenderal-achmad-yani
263,UNIVERSITAS HORIZON INDONESIA,JAWA BARAT,AKUNTANSI,BAIK SEKALI,21196000.0,JAWA BARAT | Ekonomi & Bisnis | Mahal (20-50jt) | Baik Sekali / B,-
263,UNIVERSITAS HORIZON INDONESIA,JAWA BARAT,MANAJEMEN,BAIK SEKALI,21196000.0,JAWA BARAT | Ekonomi & Bisnis | Mahal (20-50jt) | Baik Sekali / B,-
267,SEKOLAH TINGGI ILMU KESEHATAN AHMAD DAHLAN CIREBON,JAWA BARAT,ADMINISTRASI RUMAH SAKIT,BAIK,20850000.0,JAWA BARAT | Ekonomi & Bisnis | Mahal (20-50jt) | Baik Sekali / B,https://campus.quipper.com/directory/sekolah-tinggi-ilmu-kesehatan-ahmad-dahlan-cirebon
278,UNIVERSITAS MEDIKA SUHERMAN,JAWA BARAT,BISNIS DIGITAL,BAIK SEKALI,20293750.0,JAWA BARAT | Ekonomi & Bisnis | Mahal (20-50jt) | Baik Sekali / B,-
278,UNIVERSITAS MEDIKA SUHERMAN,JAWA BARAT,MANAJEMEN RITEL,BAIK,20293750.0,JAWA BARAT | Ekonomi & Bisnis | Mahal (20-50jt) | Baik Sekali / B,-
279,UNIVERSITAS PANCA SAKTI BEKASI,JAWA BARAT,AKUNTANSI,BAIK SEKALI,20200000.0,JAWA BARAT | Ekonomi & Bisnis | Mahal (20-50jt) | Baik Sekali / B,-
279,UNIVERSITAS PANCA SAKTI BEKASI,JAWA BARAT,EKONOMI,BAIK SEKALI,20200000.0,JAWA BARAT | Ekonomi & Bisnis | Mahal (20-50jt) | Baik Sekali / B,-
279,UNIVERSITAS PANCA SAKTI BEKASI,JAWA BARAT,MANAJEMEN,BAIK,20200000.0,JAWA BARAT | Ekonomi & Bisnis | Mahal (20-50jt) | Baik Sekali / B,-
284,SEKOLAH TINGGI ILMU EKONOMI CIREBON,JAWA BARAT,AKUNTANSI,BAIK,20000000.0,JAWA BARAT | Ekonomi & Bisnis | Mahal (20-50jt) | Baik Sekali / B,https://campus.quipper.com/directory/sekolah-tinggi-ilmu-ekonomi-cirebon
284,SEKOLAH TINGGI ILMU EKONOMI CIREBON,JAWA BARAT,MANAJEMEN,BAIK,20000000.0,JAWA BARAT | Ekonomi & Bisnis | Mahal (20-50jt) | Baik Sekali / B,https://campus.quipper.com/directory/sekolah-tinggi-ilmu-ekonomi-cirebon
297,UNIVERSITAS MUHAMMADIYAH AHMAD DAHLAN CIREBON,JAWA BARAT,ADMINISTRASI RUMAH SAKIT,BAIK,19450000.0,JAWA BARAT | Ekonomi & Bisnis | Menengah (10-20jt) | Baik Sekali / B,-
297,UNIVERSITAS MUHAMMADIYAH AHMAD DAHLAN CIREBON,JAWA BARAT,AKUNTANSI,BAIK,19450000.0,JAWA BARAT | Ekonomi & Bisnis | Menengah (10-20jt) | Baik Sekali / B,-
297,UNIVERSITAS MUHAMMADIYAH AHMAD DAHLAN CIREBON,JAWA BARAT,MANAJEMEN,BAIK,19450000.0,JAWA BARAT | Ekonomi & Bisnis | Menengah (10-20jt) | Baik Sekali / B,-
336,UNIVERSITAS WINAYA MUKTI,JAWA BARAT,AGRIBISNIS,B,17900000.0,JAWA BARAT | Ekonomi & Bisnis | Menengah (10-20jt) | Baik Sekali / B,-
336,UNIVERSITAS WINAYA MUKTI,JAWA BARAT,AKUNTANSI,BAIK SEKALI,17900000.0,JAWA BARAT | Ekonomi & Bisnis | Menengah (10-20jt) | Baik Sekali / B,-
336,UNIVERSITAS WINAYA MUKTI,JAWA BARAT,MANAJEMEN,BAIK SEKALI,17900000.0,JAWA BARAT | Ekonomi & Bisnis | Menengah (10-20jt) | Baik Sekali / B,-
358,SEKOLAH TINGGI ILMU EKONOMI LATIFAH MUBAROKIYAH,JAWA BARAT,MANAJEMEN,BAIK SEKALI,16500000.0,JAWA BARAT | Ekonomi & Bisnis | Menengah (10-20jt) | Baik Sekali / B,-
368,UNIVERSITAS GUNADARMA,JAWA BARAT,AKUNTANSI,A,16100000.0,JAWA BARAT | Ekonomi & Bisnis | Menengah (10-20jt) | Unggul / A,https://rencanamu.id/cari-kampus/universitas-gunadarma
368,UNIVERSITAS GUNADARMA,JAWA BARAT,EKONOMI,A,16100000.0,JAWA BARAT | Ekonomi & Bisnis | Menengah (10-20jt) | Unggul / A,https://rencanamu.id/cari-kampus/universitas-gunadarma
368,UNIVERSITAS GUNADARMA,JAWA BARAT,MANAJEMEN,A,16100000.0,JAWA BARAT | Ekonomi & Bisnis | Menengah (10-20jt) | Unggul / A,https://rencanamu.id/cari-kampus/universitas-gunadarma
370,INSTITUT BISNIS DAN INFORMATIKA KESATUAN,JAWA BARAT,AKUNTANSI,UNGGUL,16000000.0,JAWA BARAT | Ekonomi & Bisnis | Menengah (10-20jt) | Unggul / A,https://campus.quipper.com/directory/sekolah-tinggi-ilmu-ekonomi-kesatuan
370,INSTITUT BISNIS DAN INFORMATIKA KESATUAN,JAWA BARAT,MANAJEMEN,BAIK SEKALI,16000000.0,JAWA BARAT | Ekonomi & Bisnis | Menengah (10-20jt) | Baik Sekali / B,https://campus.quipper.com/directory/sekolah-tinggi-ilmu-ekonomi-kesatuan
373,SEKOLAH TINGGI TEKNOLOGI TERPADU NURUL FIKRI,JAWA BARAT,BISNIS DIGITAL,BAIK,16000000.0,JAWA BARAT | Ekonomi & Bisnis | Menengah (10-20jt) | Baik Sekali / B,https://campus.quipper.com/directory/sekolah-tinggi-teknologi-terpadu-nurul-fikri
738,UNIVERSITAS TARUNA BAKTI,JAWA BARAT,LOGISTIK,BAIK,15650000.0,JAWA BARAT | Ekonomi & Bisnis | Menengah (10-20jt) | Baik Sekali / B,-
738,UNIVERSITAS TARUNA BAKTI,JAWA BARAT,MANAJEMEN,BAIK,15650000.0,JAWA BARAT | Ekonomi & Bisnis | Menengah (10-20jt) | Baik Sekali / B,-
390,SEKOLAH TINGGI ILMU KESEHATAN PELITA ILMU DEPOK,JAWA BARAT,ADMINISTRASI RUMAH SAKIT,BAIK,15300000.0,JAWA BARAT | Ekonomi & Bisnis | Menengah (10-20jt) | Baik Sekali / B,-
712,UNIVERSITAS ISLAM 45,JAWA BARAT,AGRIBISNIS,BAIK SEKALI,14527000.0,JAWA BARAT | Ekonomi & Bisnis | Menengah (10-20jt) | Baik Sekali / B,-
712,UNIVERSITAS ISLAM 45,JAWA BARAT,AKUNTANSI,BAIK SEKALI,14527000.0,JAWA BARAT | Ekonomi & Bisnis | Menengah (10-20jt) | Baik Sekali / B,-
712,UNIVERSITAS ISLAM 45,JAWA BARAT,MANAJEMEN,BAIK SEKALI,14527000.0,JAWA BARAT | Ekonomi & Bisnis | Menengah (10-20jt) | Baik Sekali / B,-
462,INSTITUT DIGITAL EKONOMI LPKIA,JAWA BARAT,ADMINISTRASI BISNIS,BAIK,13600000.0,JAWA BARAT | Ekonomi & Bisnis | Menengah (10-20jt) | Baik Sekali / B,-
462,INSTITUT DIGITAL EKONOMI LPKIA,JAWA BARAT,AKUNTANSI,BAIK,13600000.0,JAWA BARAT | Ekonomi & Bisnis | Menengah (10-20jt) | Baik Sekali / B,-
468,UNIVERSITAS SEHATI INDONESIA,JAWA BARAT,MANAJEMEN,BAIK,13500000.0,JAWA BARAT | Ekonomi & Bisnis | Menengah (10-20jt) | Baik Sekali / B,-
474,INSTITUT KESEHATAN DAN BISNIS ANNISA,JAWA BARAT,ADMINISTRASI RUMAH SAKIT,BAIK,13255000.0,JAWA BARAT | Ekonomi & Bisnis | Menengah (10-20jt) | Baik Sekali / B,-
474,INSTITUT KESEHATAN DAN BISNIS ANNISA,JAWA BARAT,BISNIS DIGITAL,BAIK,13255000.0,JAWA BARAT | Ekonomi & Bisnis | Menengah (10-20jt) | Baik Sekali / B,-
474,INSTITUT KESEHATAN DAN BISNIS ANNISA,JAWA BARAT,MANAJEMEN,BAIK,13255000.0,JAWA BARAT | Ekonomi & Bisnis | Menengah (10-20jt) | Baik Sekali / B,-
490,UNIVERSITAS AN NASHER,JAWA BARAT,BISNIS DIGITAL,BAIK,12750000.0,JAWA BARAT | Ekonomi & Bisnis | Menengah (10-20jt) | Baik Sekali / B,-
524,UNIVERSITAS KUNINGAN,JAWA BARAT,AKUNTANSI,B,12150000.0,JAWA BARAT | Ekonomi & Bisnis | Menengah (10-20jt) | Baik Sekali / B,https://rencanamu.id/cari-kampus/universitas-kuningan
524,UNIVERSITAS KUNINGAN,JAWA BARAT,BISNIS DIGITAL,BAIK,12150000.0,JAWA BARAT | Ekonomi & Bisnis | Menengah (10-20jt) | Baik Sekali / B,https://rencanamu.id/cari-kampus/universitas-kuningan
524,UNIVERSITAS KUNINGAN,JAWA BARAT,EKONOMI,B,12150000.0,JAWA BARAT | Ekonomi & Bisnis | Menengah (10-20jt) | Baik Sekali / B,https://rencanamu.id/cari-kampus/universitas-kuningan
524,UNIVERSITAS KUNINGAN,JAWA BARAT,MANAJEMEN,B,12150000.0,JAWA BARAT | Ekonomi & Bisnis | Menengah (10-20jt) | Baik Sekali / B,https://rencanamu.id/cari-kampus/universitas-kuningan
539,UNIVERSITAS GALUH,JAWA BARAT,AGRIBISNIS,B,12000000.0,JAWA BARAT | Ekonomi & Bisnis | Menengah (10-20jt) | Baik Sekali / B,-
539,UNIVERSITAS GALUH,JAWA BARAT,AKUNTANSI,BAIK SEKALI,12000000.0,JAWA BARAT | Ekonomi & Bisnis | Menengah (10-20jt) | Baik Sekali / B,-
534,UNIVERSITAS ISLAM 45 BEKASI,JAWA BARAT,ADMINISTRASI,B,12000000.0,JAWA BARAT | Ekonomi & Bisnis | Menengah (10-20jt) | Baik Sekali / B,https://campus.quipper.com/directory/universitas-islam-45-bekasi
534,UNIVERSITAS ISLAM 45 BEKASI,JAWA BARAT,AGRIBISNIS,B,12000000.0,JAWA BARAT | Ekonomi & Bisnis | Menengah (10-20jt) | Baik Sekali / B,https://campus.quipper.com/directory/universitas-islam-45-bekasi
534,UNIVERSITAS ISLAM 45 BEKASI,JAWA BARAT,AKUNTANSI,B,12000000.0,JAWA BARAT | Ekonomi & Bisnis | Menengah (10-20jt) | Baik Sekali / B,https://campus.quipper.com/directory/universitas-islam-45-bekasi
534,UNIVERSITAS ISLAM 45 BEKASI,JAWA BARAT,MANAJEMEN,B,12000000.0,JAWA BARAT | Ekonomi & Bisnis | Menengah (10-20jt) | Baik Sekali / B,https://campus.quipper.com/directory/universitas-islam-45-bekasi
551,UNIVERSITAS PUTRA INDONESIA,JAWA BARAT,AKUNTANSI,BAIK SEKALI,11841500.0,JAWA BARAT | Ekonomi & Bisnis | Menengah (10-20jt) | Baik Sekali / B,-
551,UNIVERSITAS PUTRA INDONESIA,JAWA BARAT,MANAJEMEN,BAIK SEKALI,11841500.0,JAWA BARAT | Ekonomi & Bisnis | Menengah (10-20jt) | Baik Sekali / B,-
567,UNIVERSITAS LANGLANGBUANA,JAWA BARAT,AKUNTANSI,B,11500000.0,JAWA BARAT | Ekonomi & Bisnis | Menengah (10-20jt) | Baik Sekali / B,https://campus.quipper.com/directory/universitas-langlangbuana
567,UNIVERSITAS LANGLANGBUANA,JAWA BARAT,EKONOMI,B,11500000.0,JAWA BARAT | Ekonomi & Bisnis | Menengah (10-20jt) | Baik Sekali / B,https://campus.quipper.com/directory/universitas-langlangbuana
567,UNIVERSITAS LANGLANGBUANA,JAWA BARAT,MANAJEMEN,B,11500000.0,JAWA BARAT | Ekonomi & Bisnis | Menengah (10-20jt) | Baik Sekali / B,https://campus.quipper.com/directory/universitas-langlangbuana
576,UNIVERSITAS INDONESIA MEMBANGUN,JAWA BARAT,AKUNTANSI,BAIK SEKALI,11200000.0,JAWA BARAT | Ekonomi & Bisnis | Menengah (10-20jt) | Baik Sekali / B,-
576,UNIVERSITAS INDONESIA MEMBANGUN,JAWA BARAT,MANAJEMEN,B,11200000.0,JAWA BARAT | Ekonomi & Bisnis | Menengah (10-20jt) | Baik Sekali / B,-
580,UNIVERSITAS WIDYATAMA,JAWA BARAT,AKUNTANSI,A,11100000.0,JAWA BARAT | Ekonomi & Bisnis | Menengah (10-20jt) | Baik Sekali / B,https://rencanamu.id/cari-kampus/universitas-widyatama
580,UNIVERSITAS WIDYATAMA,JAWA BARAT,MANAJEMEN,B,11100000.0,JAWA BARAT | Ekonomi & Bisnis | Menengah (10-20jt) | Baik Sekali / B,https://rencanamu.id/cari-kampus/universitas-widyatama
580,UNIVERSITAS WIDYATAMA,JAWA BARAT,PERDAGANGAN INTERNASIONAL,BAIK SEKALI,11100000.0,JAWA BARAT | Ekonomi & Bisnis | Menengah (10-20jt) | Baik Sekali / B,https://rencanamu.id/cari-kampus/universitas-widyatama
589,UNIVERSITAS TEKNOLOGI BANDUNG,JAWA BARAT,BISNIS DIGITAL,BAIK,11000000.0,JAWA BARAT | Ekonomi & Bisnis | Menengah (10-20jt) | Baik Sekali / B,-
589,UNIVERSITAS TEKNOLOGI BANDUNG,JAWA BARAT,MANAJEMEN RITEL,BAIK,11000000.0,JAWA BARAT | Ekonomi & Bisnis | Menengah (10-20jt) | Baik Sekali / B,-
596,UNIVERSITAS MUHAMMADIYAH SUKABUMI,JAWA BARAT,ADMINISTRASI BISNIS,BAIK SEKALI,10836000.0,JAWA BARAT | Ekonomi & Bisnis | Menengah (10-20jt) | Baik Sekali / B,-
596,UNIVERSITAS MUHAMMADIYAH SUKABUMI,JAWA BARAT,AGRIBISNIS,UNGGUL,10836000.0,JAWA BARAT | Ekonomi & Bisnis | Menengah (10-20jt) | Unggul / A,-
596,UNIVERSITAS MUHAMMADIYAH SUKABUMI,JAWA BARAT,AKUNTANSI,B,10836000.0,JAWA BARAT | Ekonomi & Bisnis | Menengah (10-20jt) | Baik Sekali / B,-
596,UNIVERSITAS MUHAMMADIYAH SUKABUMI,JAWA BARAT,MANAJEMEN RITEL,BAIK SEKALI,10836000.0,JAWA BARAT | Ekonomi & Bisnis | Menengah (10-20jt) | Baik Sekali / B,-
599,UNIVERSITAS DJUANDA,JAWA BARAT,AGRIBISNIS,B,10800000.0,JAWA BARAT | Ekonomi & Bisnis | Menengah (10-20jt) | Baik Sekali / B,https://campus.quipper.com/directory/universitas-djuanda
599,UNIVERSITAS DJUANDA,JAWA BARAT,AKUNTANSI,B,10800000.0,JAWA BARAT | Ekonomi & Bisnis | Menengah (10-20jt) | Baik Sekali / B,https://campus.quipper.com/directory/universitas-djuanda
599,UNIVERSITAS DJUANDA,JAWA BARAT,MANAJEMEN,B,10800000.0,JAWA BARAT | Ekonomi & Bisnis | Menengah (10-20jt) | Baik Sekali / B,https://campus.quipper.com/directory/universitas-djuanda
603,UNIVERSITAS AL-GHIFARI,JAWA BARAT,MANAJEMEN,B,10690000.0,JAWA BARAT | Ekonomi & Bisnis | Menengah (10-20jt) | Baik Sekali / B,-
609,SEKOLAH TINGGI ILMU EKONOMI YASA ANGGANA,JAWA BARAT,MANAJEMEN,BAIK,10600000.0,JAWA BARAT | Ekonomi & Bisnis | Menengah (10-20jt) | Baik Sekali / B,-
610,UNIVERSITAS PERTIWI,JAWA BARAT,AKUNTANSI,B,10600000.0,JAWA BARAT | Ekonomi & Bisnis | Menengah (10-20jt) | Baik Sekali / B,-
610,UNIVERSITAS PERTIWI,JAWA BARAT,MANAJEMEN,B,10600000.0,JAWA BARAT | Ekonomi & Bisnis | Menengah (10-20jt) | Baik Sekali / B,-
615,UNIVERSITAS MUHAMMADIYAH CILEUNGSI,JAWA BARAT,MANAJEMEN,BAIK,10500000.0,JAWA BARAT | Ekonomi & Bisnis | Menengah (10-20jt) | Baik Sekali / B,-
621,SEKOLAH TINGGI ILMU EKONOMI SUTAATMADJA,JAWA BARAT,AKUNTANSI,BAIK SEKALI,10325000.0,JAWA BARAT | Ekonomi & Bisnis | Menengah (10-20jt) | Baik Sekali / B,-
621,SEKOLAH TINGGI ILMU EKONOMI SUTAATMADJA,JAWA BARAT,MANAJEMEN,BAIK SEKALI,10325000.0,JAWA BARAT | Ekonomi & Bisnis | Menengah (10-20jt) | Baik Sekali / B,-
635,SEKOLAH TINGGI ILMU EKONOMI MULIA PRATAMA,JAWA BARAT,AKUNTANSI,BAIK,10040000.0,JAWA BARAT | Ekonomi & Bisnis | Menengah (10-20jt) | Baik Sekali / B,https://campus.quipper.com/directory/sekolah-tinggi-ilmu-ekonomi-mulia-pratama
635,SEKOLAH TINGGI ILMU EKONOMI MULIA PRATAMA,JAWA BARAT,MANAJEMEN,BAIK,10040000.0,JAWA BARAT | Ekonomi & Bisnis | Menengah (10-20jt) | Baik Sekali / B,https://campus.quipper.com/directory/sekolah-tinggi-ilmu-ekonomi-mulia-pratama
653,SEKOLAH TINGGI ILMU EKONOMI DHARMA AGUNG INDONESIA,JAWA BARAT,AKUNTANSI,BAIK,9920000.0,JAWA BARAT | Ekonomi & Bisnis | Terjangkau (5-10jt) | Baik Sekali / B,-
653,SEKOLAH TINGGI ILMU EKONOMI DHARMA AGUNG INDONESIA,JAWA BARAT,MANAJEMEN,BAIK,9920000.0,JAWA BARAT | Ekonomi & Bisnis | Terjangkau (5-10jt) | Baik Sekali / B,-
665,UNIVERSITAS INFORMATIKA DAN BISNIS INDONESIA,JAWA BARAT,AKUNTANSI,BAIK,9700000.0,JAWA BARAT | Ekonomi & Bisnis | Terjangkau (5-10jt) | Baik Sekali / B,-
665,UNIVERSITAS INFORMATIKA DAN BISNIS INDONESIA,JAWA BARAT,MANAJEMEN,BAIK SEKALI,9700000.0,JAWA BARAT | Ekonomi & Bisnis | Terjangkau (5-10jt) | Baik Sekali / B,-
676,UNIVERSITAS HALIM SANUSI,JAWA BARAT,MANAJEMEN,BAIK,9516000.0,JAWA BARAT | Ekonomi & Bisnis | Terjangkau (5-10jt) | Baik Sekali / B,-
677,INSTITUT TEKNOLOGI DAN BISNIS DEWANTARA,JAWA BARAT,BISNIS DIGITAL,BAIK,9510000.0,JAWA BARAT | Ekonomi & Bisnis | Terjangkau (5-10jt) | Baik Sekali / B,-
693,SEKOLAH TINGGI ILMU EKONOMI PARIWISATA YAPARI,JAWA BARAT,MANAJEMEN,BAIK SEKALI,9300000.0,JAWA BARAT | Ekonomi & Bisnis | Terjangkau (5-10jt) | Baik Sekali / B,-
707,UNIVERSITAS YAYASAN PENDIDIKAN IMAM BONJOL MAJALENGKA,JAWA BARAT,PERDAGANGAN INTERNASIONAL,BAIK,9100000.0,JAWA BARAT | Ekonomi & Bisnis | Terjangkau (5-10jt) | Baik Sekali / B,-
719,UNIVERSITAS ADHIRAJASA RESWARA SANJAYA,JAWA BARAT,AKUNTANSI,BAIK SEKALI,9000000.0,JAWA BARAT | Ekonomi & Bisnis | Terjangkau (5-10jt) | Baik Sekali / B,-
719,UNIVERSITAS ADHIRAJASA RESWARA SANJAYA,JAWA BARAT,MANAJEMEN,BAIK SEKALI,9000000.0,JAWA BARAT | Ekonomi & Bisnis | Terjangkau (5-10jt) | Baik Sekali / B,-
734,UNIVERSITAS MUHAMMADIYAH CIREBON,JAWA BARAT,AKUNTANSI,BAIK SEKALI,8850000.0,JAWA BARAT | Ekonomi & Bisnis | Terjangkau (5-10jt) | Baik Sekali / B,-
734,UNIVERSITAS MUHAMMADIYAH CIREBON,JAWA BARAT,MANAJEMEN,BAIK SEKALI,8850000.0,JAWA BARAT | Ekonomi & Bisnis | Terjangkau (5-10jt) | Baik Sekali / B,-
736,UNIVERSITAS CATUR INSAN CENDEKIA,JAWA BARAT,AKUNTANSI,BAIK,8820000.0,JAWA BARAT | Ekonomi & Bisnis | Terjangkau (5-10jt) | Baik Sekali / B,-
736,UNIVERSITAS CATUR INSAN CENDEKIA,JAWA BARAT,BISNIS DIGITAL,BAIK,8820000.0,JAWA BARAT | Ekonomi & Bisnis | Terjangkau (5-10jt) | Baik Sekali / B,-
736,UNIVERSITAS CATUR INSAN CENDEKIA,JAWA BARAT,MANAJEMEN,BAIK SEKALI,8820000.0,JAWA BARAT | Ekonomi & Bisnis | Terjangkau (5-10jt) | Baik Sekali / B,-
737,UNIVERSITAS ISLAM AS-SYAFIIYAH,JAWA BARAT,AKUNTANSI,BAIK,8812500.0,JAWA BARAT | Ekonomi & Bisnis | Terjangkau (5-10jt) | Baik Sekali / B,-
737,UNIVERSITAS ISLAM AS-SYAFIIYAH,JAWA BARAT,MANAJEMEN,BAIK SEKALI,8812500.0,JAWA BARAT | Ekonomi & Bisnis | Terjangkau (5-10jt) | Baik Sekali / B,-
1459,UNIVERSITAS TEKNOLOGI NUSANTARA,JAWA BARAT,AKUNTANSI,BAIK,8750000.0,JAWA BARAT | Ekonomi & Bisnis | Terjangkau (5-10jt) | Baik Sekali / B,-
1459,UNIVERSITAS TEKNOLOGI NUSANTARA,JAWA BARAT,MANAJEMEN,BAIK,8750000.0,JAWA BARAT | Ekonomi & Bisnis | Terjangkau (5-10jt) | Baik Sekali / B,-
746,STIEB PERDANA MANDIRI,JAWA BARAT,AKUNTANSI,BAIK,8638000.0,JAWA BARAT | Ekonomi & Bisnis | Terjangkau (5-10jt) | Baik Sekali / B,-
746,STIEB PERDANA MANDIRI,JAWA BARAT,MANAJEMEN,BAIK,8638000.0,JAWA BARAT | Ekonomi & Bisnis | Terjangkau (5-10jt) | Baik Sekali / B,-
757,UNIVERSITAS WIRALODRA,JAWA BARAT,AGRIBISNIS,B,8480000.0,JAWA BARAT | Ekonomi & Bisnis | Terjangkau (5-10jt) | Baik Sekali / B,https://rencanamu.id/cari-kampus/universitas-wiralodra
760,SEKOLAH TINGGI ILMU EKONOMI KALPATARU,JAWA BARAT,AKUNTANSI,BAIK,8400000.0,JAWA BARAT | Ekonomi & Bisnis | Terjangkau (5-10jt) | Baik Sekali / B,-
760,SEKOLAH TINGGI ILMU EKONOMI KALPATARU,JAWA BARAT,MANAJEMEN,BAIK,8400000.0,JAWA BARAT | Ekonomi & Bisnis | Terjangkau (5-10jt) | Baik Sekali / B,-
776,UNIVERSITAS SURYAKANCANA,JAWA BARAT,AGRIBISNIS,B,8160000.0,JAWA BARAT | Ekonomi & Bisnis | Terjangkau (5-10jt) | Baik Sekali / B,-
780,SEKOLAH TINGGI ILMU EKONOMI MANAJEMEN BISNIS INDONESIA,JAWA BARAT,AKUNTANSI,B,8100000.0,JAWA BARAT | Ekonomi & Bisnis | Terjangkau (5-10jt) | Baik Sekali / B,-
780,SEKOLAH TINGGI ILMU EKONOMI MANAJEMEN BISNIS INDONESIA,JAWA BARAT,MANAJEMEN,B,8100000.0,JAWA BARAT | Ekonomi & Bisnis | Terjangkau (5-10jt) | Baik Sekali / B,-
916,UNIVERSITAS TEKNOLOGI DIGITAL,JAWA BARAT,AKUNTANSI,BAIK SEKALI,8100000.0,JAWA BARAT | Ekonomi & Bisnis | Terjangkau (5-10jt) | Baik Sekali / B,-
916,UNIVERSITAS TEKNOLOGI DIGITAL,JAWA BARAT,MANAJEMEN,BAIK,8100000.0,JAWA BARAT | Ekonomi & Bisnis | Terjangkau (5-10jt) | Baik Sekali / B,-
789,SEKOLAH TINGGI ILMU EKONOMI INSAN PEMBANGUNAN,JAWA BARAT,MANAJEMEN,B,8000000.0,JAWA BARAT | Ekonomi & Bisnis | Terjangkau (5-10jt) | Baik Sekali / B,https://campus.quipper.com/directory/sekolah-tinggi-ilmu-ekonomi-insan-pembangunan
820,UNIVERSITAS SEBELAS APRIL,JAWA BARAT,MANAJEMEN,B,8000000.0,JAWA BARAT | Ekonomi & Bisnis | Terjangkau (5-10jt) | Baik Sekali / B,-
854,UNIVERSITAS NUSA PUTRA,JAWA BARAT,AKUNTANSI,BAIK SEKALI,7600000.0,JAWA BARAT | Ekonomi & Bisnis | Terjangkau (5-10jt) | Baik Sekali / B,-
854,UNIVERSITAS NUSA PUTRA,JAWA BARAT,MANAJEMEN,BAIK SEKALI,7600000.0,JAWA BARAT | Ekonomi & Bisnis | Terjangkau (5-10jt) | Baik Sekali / B,-
858,UNIVERSITAS NUSA BANGSA,JAWA BARAT,AGRIBISNIS,B,7550000.0,JAWA BARAT | Ekonomi & Bisnis | Terjangkau (5-10jt) | Baik Sekali / B,-
858,UNIVERSITAS NUSA BANGSA,JAWA BARAT,AKUNTANSI,BAIK SEKALI,7550000.0,JAWA BARAT | Ekonomi & Bisnis | Terjangkau (5-10jt) | Baik Sekali / B,-
858,UNIVERSITAS NUSA BANGSA,JAWA BARAT,MANAJEMEN,BAIK SEKALI,7550000.0,JAWA BARAT | Ekonomi & Bisnis | Terjangkau (5-10jt) | Baik Sekali / B,-
877,UNIVERSITAS PERSATUAN ISLAM,JAWA BARAT,BISNIS DIGITAL,BAIK,7500000.0,JAWA BARAT | Ekonomi & Bisnis | Terjangkau (5-10jt) | Baik Sekali / B,-
882,SEKOLAH TINGGI PARIWISATA ARS INTERNASIONAL,JAWA BARAT,MANAJEMEN,BAIK SEKALI,7450000.0,JAWA BARAT | Ekonomi & Bisnis | Terjangkau (5-10jt) | Baik Sekali / B,-
920,INSTITUT TEKNOLOGI AL-MUHAJIRIN,JAWA BARAT,BISNIS DIGITAL,BAIK,7000000.0,JAWA BARAT | Ekonomi & Bisnis | Terjangkau (5-10jt) | Baik Sekali / B,-
945,UNIVERSITAS LANGLANG BUANA,JAWA BARAT,AKUNTANSI,B,7000000.0,JAWA BARAT | Ekonomi & Bisnis | Terjangkau (5-10jt) | Baik Sekali / B,-
945,UNIVERSITAS LANGLANG BUANA,JAWA BARAT,EKONOMI,BAIK SEKALI,7000000.0,JAWA BARAT | Ekonomi & Bisnis | Terjangkau (5-10jt) | Baik Sekali / B,-
945,UNIVERSITAS LANGLANG BUANA,JAWA BARAT,MANAJEMEN,BAIK SEKALI,7000000.0,JAWA BARAT | Ekonomi & Bisnis | Terjangkau (5-10jt) | Baik Sekali / B,-
932,UNIVERSITAS PERJUANGAN TASIKMALAYA,JAWA BARAT,AGRIBISNIS,BAIK SEKALI,7000000.0,JAWA BARAT | Ekonomi & Bisnis | Terjangkau (5-10jt) | Baik Sekali / B,-
932,UNIVERSITAS PERJUANGAN TASIKMALAYA,JAWA BARAT,AKUNTANSI,BAIK SEKALI,7000000.0,JAWA BARAT | Ekonomi & Bisnis | Terjangkau (5-10jt) | Baik Sekali / B,-
932,UNIVERSITAS PERJUANGAN TASIKMALAYA,JAWA BARAT,MANAJEMEN,BAIK SEKALI,7000000.0,JAWA BARAT | Ekonomi & Bisnis | Terjangkau (5-10jt) | Baik Sekali / B,-
955,UNIVERSITAS MUHAMMADIYAH BOGOR RAYA,JAWA BARAT,ADMINISTRASI,BAIK SEKALI,6900000.0,JAWA BARAT | Ekonomi & Bisnis | Terjangkau (5-10jt) | Baik Sekali / B,-
955,UNIVERSITAS MUHAMMADIYAH BOGOR RAYA,JAWA BARAT,AKTUARIA,BAIK,6900000.0,JAWA BARAT | Ekonomi & Bisnis | Terjangkau (5-10jt) | Baik Sekali / B,-
963,INSTITUT BUDI UTOMO NASIONAL,JAWA BARAT,BISNIS DIGITAL,BAIK,6810000.0,JAWA BARAT | Ekonomi & Bisnis | Terjangkau (5-10jt) | Baik Sekali / B,-
963,INSTITUT BUDI UTOMO NASIONAL,JAWA BARAT,MANAJEMEN,BAIK,6810000.0,JAWA BARAT | Ekonomi & Bisnis | Terjangkau (5-10jt) | Baik Sekali / B,-
974,SEKOLAH TINGGI ILMU EKONOMI BII BEKASI,JAWA BARAT,AKUNTANSI,BAIK,6710000.0,JAWA BARAT | Ekonomi & Bisnis | Terjangkau (5-10jt) | Baik Sekali / B,-
974,SEKOLAH TINGGI ILMU EKONOMI BII BEKASI,JAWA BARAT,MANAJEMEN,BAIK,6710000.0,JAWA BARAT | Ekonomi & Bisnis | Terjangkau (5-10jt) | Baik Sekali / B,-
985,UNIVERSITAS MAYASARI BAKTI,JAWA BARAT,KEWIRAUSAHAAN,BAIK,6575000.0,JAWA BARAT | Ekonomi & Bisnis | Terjangkau (5-10jt) | Baik Sekali / B,-
985,UNIVERSITAS MAYASARI BAKTI,JAWA BARAT,MANAJEMEN,BAIK,6575000.0,JAWA BARAT | Ekonomi & Bisnis | Terjangkau (5-10jt) | Baik Sekali / B,-
1030,SEKOLAH TINGGI ILMU EKONOMI HIDAYATULLAH DEPOK,JAWA BARAT,AKUNTANSI,BAIK,6400000.0,JAWA BARAT | Ekonomi & Bisnis | Terjangkau (5-10jt) | Baik Sekali / B,-
1030,SEKOLAH TINGGI ILMU EKONOMI HIDAYATULLAH DEPOK,JAWA BARAT,MANAJEMEN,B,6400000.0,JAWA BARAT | Ekonomi & Bisnis | Terjangkau (5-10jt) | Baik Sekali / B,-
1023,SEKOLAH TINGGI ILMU EKONOMI TRI BHAKTI,JAWA BARAT,AKUNTANSI,BAIK SEKALI,6400000.0,JAWA BARAT | Ekonomi & Bisnis | Terjangkau (5-10jt) | Baik Sekali / B,-
1023,SEKOLAH TINGGI ILMU EKONOMI TRI BHAKTI,JAWA BARAT,MANAJEMEN,B,6400000.0,JAWA BARAT | Ekonomi & Bisnis | Terjangkau (5-10jt) | Baik Sekali / B,-
1041,UNIVERSITAS BINANIAGA INDONESIA,JAWA BARAT,AKUNTANSI,BAIK,6275000.0,JAWA BARAT | Ekonomi & Bisnis | Terjangkau (5-10jt) | Baik Sekali / B,-
1041,UNIVERSITAS BINANIAGA INDONESIA,JAWA BARAT,MANAJEMEN,BAIK SEKALI,6275000.0,JAWA BARAT | Ekonomi & Bisnis | Terjangkau (5-10jt) | Baik Sekali / B,-
1050,UNIVERSITAS BINA INSANI,JAWA BARAT,AKUNTANSI,BAIK SEKALI,6250000.0,JAWA BARAT | Ekonomi & Bisnis | Terjangkau (5-10jt) | Baik Sekali / B,-
1050,UNIVERSITAS BINA INSANI,JAWA BARAT,BISNIS DIGITAL,BAIK,6250000.0,JAWA BARAT | Ekonomi & Bisnis | Terjangkau (5-10jt) | Baik Sekali / B,-
1050,UNIVERSITAS BINA INSANI,JAWA BARAT,MANAJEMEN,BAIK SEKALI,6250000.0,JAWA BARAT | Ekonomi & Bisnis | Terjangkau (5-10jt) | Baik Sekali / B,-
1077,UNIVERSITAS MAJALENGKA,JAWA BARAT,AGRIBISNIS,B,6025000.0,JAWA BARAT | Ekonomi & Bisnis | Terjangkau (5-10jt) | Baik Sekali / B,https://rencanamu.id/cari-kampus/universitas-majalengka
1077,UNIVERSITAS MAJALENGKA,JAWA BARAT,AKUNTANSI,B,6025000.0,JAWA BARAT | Ekonomi & Bisnis | Terjangkau (5-10jt) | Baik Sekali / B,https://rencanamu.id/cari-kampus/universitas-majalengka
1077,UNIVERSITAS MAJALENGKA,JAWA BARAT,MANAJEMEN,B,6025000.0,JAWA BARAT | Ekonomi & Bisnis | Terjangkau (5-10jt) | Baik Sekali / B,https://rencanamu.id/cari-kampus/universitas-majalengka
1118,SEKOLAH TINGGI ILMU EKONOMI BISMA LEPISI,JAWA BARAT,AKUNTANSI,BAIK,6000000.0,JAWA BARAT | Ekonomi & Bisnis | Terjangkau (5-10jt) | Baik Sekali / B,https://campus.quipper.com/directory/sekolah-tinggi-ilmu-ekonomi-bisma-lepisi
1118,SEKOLAH TINGGI ILMU EKONOMI BISMA LEPISI,JAWA BARAT,MANAJEMEN,BAIK,6000000.0,JAWA BARAT | Ekonomi & Bisnis | Terjangkau (5-10jt) | Baik Sekali / B,https://campus.quipper.com/directory/sekolah-tinggi-ilmu-ekonomi-bisma-lepisi
1122,UNIVERSITAS BALE BANDUNG,JAWA BARAT,AGRIBISNIS,BAIK SEKALI,6000000.0,JAWA BARAT | Ekonomi & Bisnis | Terjangkau (5-10jt) | Baik Sekali / B,https://campus.quipper.com/directory/universitas-bale-bandung
1122,UNIVERSITAS BALE BANDUNG,JAWA BARAT,AKUNTANSI,BAIK,6000000.0,JAWA BARAT | Ekonomi & Bisnis | Terjangkau (5-10jt) | Baik Sekali / B,https://campus.quipper.com/directory/universitas-bale-bandung
1117,UNIVERSITAS SUBANG,JAWA BARAT,ADMINISTRASI BISNIS,B,6000000.0,JAWA BARAT | Ekonomi & Bisnis | Terjangkau (5-10jt) | Baik Sekali / B,https://campus.quipper.com/directory/universitas-subang
1117,UNIVERSITAS SUBANG,JAWA BARAT,AGRIBISNIS,BAIK,6000000.0,JAWA BARAT | Ekonomi & Bisnis | Terjangkau (5-10jt) | Baik Sekali / B,https://campus.quipper.com/directory/universitas-subang
1126,SEKOLAH TINGGI ILMU EKONOMI GICI,JAWA BARAT,AKUNTANSI,BAIK,5950000.0,JAWA BARAT | Ekonomi & Bisnis | Terjangkau (5-10jt) | Baik Sekali / B,-
1126,SEKOLAH TINGGI ILMU EKONOMI GICI,JAWA BARAT,MANAJEMEN,B,5950000.0,JAWA BARAT | Ekonomi & Bisnis | Terjangkau (5-10jt) | Baik Sekali / B,-
1134,SEKOLAH TINGGI ILMU EKONOMI MIFTAHUL HUDA,JAWA BARAT,AKUNTANSI,BAIK,5900000.0,JAWA BARAT | Ekonomi & Bisnis | Terjangkau (5-10jt) | Baik Sekali / B,-
1134,SEKOLAH TINGGI ILMU EKONOMI MIFTAHUL HUDA,JAWA BARAT,MANAJEMEN,BAIK SEKALI,5900000.0,JAWA BARAT | Ekonomi & Bisnis | Terjangkau (5-10jt) | Baik Sekali / B,-
1140,UNIVERSITAS PELITA BANGSA,JAWA BARAT,BISNIS DIGITAL,BAIK SEKALI,5800000.0,JAWA BARAT | Ekonomi & Bisnis | Terjangkau (5-10jt) | Baik Sekali / B,https://campus.quipper.com/directory/universitas-pelita-bangsa
1140,UNIVERSITAS PELITA BANGSA,JAWA BARAT,KEWIRAUSAHAAN,BAIK SEKALI,5800000.0,JAWA BARAT | Ekonomi & Bisnis | Terjangkau (5-10jt) | Baik Sekali / B,https://campus.quipper.com/directory/universitas-pelita-bangsa
1140,UNIVERSITAS PELITA BANGSA,JAWA BARAT,MANAJEMEN,BAIK SEKALI,5800000.0,JAWA BARAT | Ekonomi & Bisnis | Terjangkau (5-10jt) | Baik Sekali / B,https://campus.quipper.com/directory/universitas-pelita-bangsa
1179,SEKOLAH TINGGI ILMU EKONOMI BUDI PERTIWI,JAWA BARAT,EKONOMI PEMBANGUNAN,BAIK,5500000.0,JAWA BARAT | Ekonomi & Bisnis | Terjangkau (5-10jt) | Baik Sekali / B,-
1186,SEKOLAH TINGGI ILMU EKONOMI EKADHARMA INDONESIA,JAWA BARAT,AKUNTANSI,BAIK,5400000.0,JAWA BARAT | Ekonomi & Bisnis | Terjangkau (5-10jt) | Baik Sekali / B,-
1186,SEKOLAH TINGGI ILMU EKONOMI EKADHARMA INDONESIA,JAWA BARAT,MANAJEMEN,BAIK,5400000.0,JAWA BARAT | Ekonomi & Bisnis | Terjangkau (5-10jt) | Baik Sekali / B,-
1180,SEKOLAH TINGGI TEKNOLOGI PRATAMA ADI,JAWA BARAT,BISNIS DIGITAL,BAIK,5400000.0,JAWA BARAT | Ekonomi & Bisnis | Terjangkau (5-10jt) | Baik Sekali / B,-
1226,INSTITUT BISNIS MUHAMMADIYAH BEKASI,JAWA BARAT,AKUNTANSI,BAIK,5000000.0,JAWA BARAT | Ekonomi & Bisnis | Terjangkau (5-10jt) | Baik Sekali / B,-
1226,INSTITUT BISNIS MUHAMMADIYAH BEKASI,JAWA BARAT,MANAJEMEN,BAIK,5000000.0,JAWA BARAT | Ekonomi & Bisnis | Terjangkau (5-10jt) | Baik Sekali / B,-
1247,UNIVERSITAS MA'SOEM,JAWA BARAT,AGRIBISNIS,BAIK,5000000.0,JAWA BARAT | Ekonomi & Bisnis | Terjangkau (5-10jt) | Baik Sekali / B,-
1247,UNIVERSITAS MA'SOEM,JAWA BARAT,BISNIS DIGITAL,BAIK,5000000.0,JAWA BARAT | Ekonomi & Bisnis | Terjangkau (5-10jt) | Baik Sekali / B,-
1261,UNIVERSITAS MANDIRI,JAWA BARAT,AKUNTANSI,BAIK,5000000.0,JAWA BARAT | Ekonomi & Bisnis | Terjangkau (5-10jt) | Baik Sekali / B,-
1261,UNIVERSITAS MANDIRI,JAWA BARAT,MANAJEMEN,BAIK,5000000.0,JAWA BARAT | Ekonomi & Bisnis | Terjangkau (5-10jt) | Baik Sekali / B,-
1287,SEKOLAH TINGGI ILMU EKONOMI YASMI,JAWA BARAT,MANAJEMEN,BAIK,4800000.0,JAWA BARAT | Ekonomi & Bisnis | Hemat (<5jt) | Baik Sekali / B,-
993,STIE PASIM SUKABUMI,JAWA BARAT,AKUNTANSI,BAIK,4800000.0,JAWA BARAT | Ekonomi & Bisnis | Hemat (<5jt) | Baik Sekali / B,-
993,STIE PASIM SUKABUMI,JAWA BARAT,MANAJEMEN,BAIK,4800000.0,JAWA BARAT | Ekonomi & Bisnis | Hemat (<5jt) | Baik Sekali / B,-
1349,SEKOLAH TINGGI ILMU EKONOMI PARIPURNA,JAWA BARAT,MANAJEMEN,BAIK,4500000.0,JAWA BARAT | Ekonomi & Bisnis | Hemat (<5jt) | Baik Sekali / B,-
1376,UNIVERSITAS CIPASUNG TASIKMALAYA,JAWA BARAT,AKUNTANSI,BAIK SEKALI,4340000.0,JAWA BARAT | Ekonomi & Bisnis | Hemat (<5jt) | Baik Sekali / B,-
1376,UNIVERSITAS CIPASUNG TASIKMALAYA,JAWA BARAT,BISNIS DIGITAL,BAIK,4340000.0,JAWA BARAT | Ekonomi & Bisnis | Hemat (<5jt) | Baik Sekali / B,-
1376,UNIVERSITAS CIPASUNG TASIKMALAYA,JAWA BARAT,KEWIRAUSAHAAN,BAIK SEKALI,4340000.0,JAWA BARAT | Ekonomi & Bisnis | Hemat (<5jt) | Baik Sekali / B,-
1376,UNIVERSITAS CIPASUNG TASIKMALAYA,JAWA BARAT,MANAJEMEN,BAIK,4340000.0,JAWA BARAT | Ekonomi & Bisnis | Hemat (<5jt) | Baik Sekali / B,-
1383,UNIVERSITAS GALUH CIAMIS,JAWA BARAT,AGRIBISNIS,B,4250000.0,JAWA BARAT | Ekonomi & Bisnis | Hemat (<5jt) | Baik Sekali / B,https://campus.quipper.com/directory/universitas-galuh-ciamis
1383,UNIVERSITAS GALUH CIAMIS,JAWA BARAT,AKUNTANSI,B,4250000.0,JAWA BARAT | Ekonomi & Bisnis | Hemat (<5jt) | Baik Sekali / B,https://campus.quipper.com/directory/universitas-galuh-ciamis
1383,UNIVERSITAS GALUH CIAMIS,JAWA BARAT,MANAJEMEN,B,4250000.0,JAWA BARAT | Ekonomi & Bisnis | Hemat (<5jt) | Baik Sekali / B,https://campus.quipper.com/directory/universitas-galuh-ciamis
16,UNIVERSITAS BSI BANDUNG,JAWA BARAT,ADMINISTRASI,B,4150000.0,JAWA BARAT | Ekonomi & Bisnis | Hemat (<5jt) | Baik Sekali / B,https://rencanamu.id/cari-kampus/universitas-bsi-bandung
16,UNIVERSITAS BSI BANDUNG,JAWA BARAT,ADMINISTRASI BISNIS,B,4150000.0,JAWA BARAT | Ekonomi & Bisnis | Hemat (<5jt) | Baik Sekali / B,https://rencanamu.id/cari-kampus/universitas-bsi-bandung
16,UNIVERSITAS BSI BANDUNG,JAWA BARAT,MANAJEMEN,B,4150000.0,JAWA BARAT | Ekonomi & Bisnis | Hemat (<5jt) | Baik Sekali / B,https://rencanamu.id/cari-kampus/universitas-bsi-bandung
16,UNIVERSITAS BSI BANDUNG,JAWA BARAT,PEMASARAN,B,4150000.0,JAWA BARAT | Ekonomi & Bisnis | Hemat (<5jt) | Baik Sekali / B,https://rencanamu.id/cari-kampus/universitas-bsi-bandung
16,UNIVERSITAS BSI BANDUNG,JAWA BARAT,PERPAJAKAN,B,4150000.0,JAWA BARAT | Ekonomi & Bisnis | Hemat (<5jt) | Baik Sekali / B,https://rencanamu.id/cari-kampus/universitas-bsi-bandung
1431,UNIVERSITAS INSAN CENDEKIA MANDIRI,JAWA BARAT,AGRIBISNIS,BAIK,3700000.0,JAWA BARAT | Ekonomi & Bisnis | Hemat (<5jt) | Baik Sekali / B,-
1431,UNIVERSITAS INSAN CENDEKIA MANDIRI,JAWA BARAT,AKUNTANSI,B,3700000.0,JAWA BARAT | Ekonomi & Bisnis | Hemat (<5jt) | Baik Sekali / B,-
1431,UNIVERSITAS INSAN CENDEKIA MANDIRI,JAWA BARAT,MANAJEMEN,BAIK,3700000.0,JAWA BARAT | Ekonomi & Bisnis | Hemat (<5jt) | Baik Sekali / B,-
20,UNIVERSITAS NASIONAL PASIM,JAWA BARAT,AKUNTANSI,BAIK,3600000.0,JAWA BARAT | Ekonomi & Bisnis | Hemat (<5jt) | Baik Sekali / B,-
1469,SEKOLAH TINGGI ILMU EKONOMI PASUNDAN,JAWA BARAT,AKUNTANSI,BAIK SEKALI,3000000.0,JAWA BARAT | Ekonomi & Bisnis | Hemat (<5jt) | Baik Sekali / B,-
1469,SEKOLAH TINGGI ILMU EKONOMI PASUNDAN,JAWA BARAT,MANAJEMEN,BAIK SEKALI,3000000.0,JAWA BARAT | Ekonomi & Bisnis | Hemat (<5jt) | Baik Sekali / B,-
1470,SEKOLAH TINGGI ILMU MANAJEMEN BUDI BAKTI,JAWA BARAT,MANAJEMEN,BAIK,3000000.0,JAWA BARAT | Ekonomi & Bisnis | Hemat (<5jt) | Baik Sekali / B,https://campus.quipper.com/directory/sekolah-tinggi-ilmu-manajemen-budi-bakti
52,UNIVERSITAS ISLAM BANDUNG,JAWA BARAT,FARMASI,B,93250000.0,JAWA BARAT | Kesehatan | Sangat Mahal (>50jt) | Baik Sekali / B,https://rencanamu.id/cari-kampus/universitas-islam-bandung
52,UNIVERSITAS ISLAM BANDUNG,JAWA BARAT,KEDOKTERAN,B,93250000.0,JAWA BARAT | Kesehatan | Sangat Mahal (>50jt) | Baik Sekali / B,https://rencanamu.id/cari-kampus/universitas-islam-bandung
94,SEKOLAH TINGGI FARMASI INDONESIA,JAWA BARAT,FARMASI,BAIK SEKALI,84000000.0,JAWA BARAT | Kesehatan | Sangat Mahal (>50jt) | Baik Sekali / B,-
56,UNIVERSITAS PRESIDEN,JAWA BARAT,KEDOKTERAN,BAIK,79700500.0,JAWA BARAT | Kesehatan | Sangat Mahal (>50jt) | Baik Sekali / B,https://campus.quipper.com/directory/president-university
65,UNIVERSITAS KATOLIK PARAHYANGAN,JAWA BARAT,KEDOKTERAN,BAIK,66400000.0,JAWA BARAT | Kesehatan | Sangat Mahal (>50jt) | Baik Sekali / B,https://campus.quipper.com/directory/universitas-katolik-parahyangan
81,UNIVERSITAS KRISTEN MARANATHA,JAWA BARAT,KEDOKTERAN,B,52352500.0,JAWA BARAT | Kesehatan | Sangat Mahal (>50jt) | Baik Sekali / B,https://rencanamu.id/cari-kampus/universitas-kristen-maranatha
81,UNIVERSITAS KRISTEN MARANATHA,JAWA BARAT,KEDOKTERAN GIGI,B,52352500.0,JAWA BARAT | Kesehatan | Sangat Mahal (>50jt) | Baik Sekali / B,https://rencanamu.id/cari-kampus/universitas-kristen-maranatha
129,UNIVERSITAS PAKUAN,JAWA BARAT,FARMASI,B,35000006.0,JAWA BARAT | Kesehatan | Mahal (20-50jt) | Baik Sekali / B,https://rencanamu.id/cari-kampus/universitas-pakuan
171,SEKOLAH TINGGI ILMU KESEHATAN MEDISTRA INDONESIA,JAWA BARAT,FARMASI,BAIK,28500000.0,JAWA BARAT | Kesehatan | Mahal (20-50jt) | Baik Sekali / B,-
171,SEKOLAH TINGGI ILMU KESEHATAN MEDISTRA INDONESIA,JAWA BARAT,KEBIDANAN,BAIK SEKALI,28500000.0,JAWA BARAT | Kesehatan | Mahal (20-50jt) | Baik Sekali / B,-
171,SEKOLAH TINGGI ILMU KESEHATAN MEDISTRA INDONESIA,JAWA BARAT,KEPERAWATAN,BAIK SEKALI,28500000.0,JAWA BARAT | Kesehatan | Mahal (20-50jt) | Baik Sekali / B,-
174,INSTITUT KESEHATAN RAJAWALI,JAWA BARAT,FARMASI,BAIK SEKALI,28236000.0,JAWA BARAT | Kesehatan | Mahal (20-50jt) | Baik Sekali / B,-
174,INSTITUT KESEHATAN RAJAWALI,JAWA BARAT,GIZI,TERAKREDITASI UNGGUL,28236000.0,JAWA BARAT | Kesehatan | Mahal (20-50jt) | Baik Sekali / B,-
174,INSTITUT KESEHATAN RAJAWALI,JAWA BARAT,KEBIDANAN,BAIK SEKALI,28236000.0,JAWA BARAT | Kesehatan | Mahal (20-50jt) | Baik Sekali / B,-
174,INSTITUT KESEHATAN RAJAWALI,JAWA BARAT,KEPERAWATAN,UNGGUL,28236000.0,JAWA BARAT | Kesehatan | Mahal (20-50jt) | Baik Sekali / B,-
180,UNIVERSITAS ADVENT INDONESIA,JAWA BARAT,FARMASI,BAIK,27520000.0,JAWA BARAT | Kesehatan | Mahal (20-50jt) | Baik Sekali / B,https://campus.quipper.com/directory/universitas-advent-indonesia
180,UNIVERSITAS ADVENT INDONESIA,JAWA BARAT,KEPERAWATAN,B,27520000.0,JAWA BARAT | Kesehatan | Mahal (20-50jt) | Baik Sekali / B,https://campus.quipper.com/directory/universitas-advent-indonesia
196,UNIVERSITAS ISLAM AL-IHYA KUNINGAN,JAWA BARAT,GIZI,B,26118000.0,JAWA BARAT | Kesehatan | Mahal (20-50jt) | Baik Sekali / B,-
196,UNIVERSITAS ISLAM AL-IHYA KUNINGAN,JAWA BARAT,KESEHATAN MASYARAKAT,B,26118000.0,JAWA BARAT | Kesehatan | Mahal (20-50jt) | Baik Sekali / B,-
197,UNIVERSITAS TELKOM,JAWA BARAT,BIOMEDIS,BAIK,26000000.0,JAWA BARAT | Kesehatan | Mahal (20-50jt) | Baik Sekali / B,https://campus.quipper.com/directory/universitas-telkom
1531,UNIVERSITAS BANI SALEH,JAWA BARAT,FARMASI,C,25450000.0,JAWA BARAT | Kesehatan | Mahal (20-50jt) | Baik Sekali / B,-
1531,UNIVERSITAS BANI SALEH,JAWA BARAT,KEPERAWATAN,BAIK SEKALI,25450000.0,JAWA BARAT | Kesehatan | Mahal (20-50jt) | Baik Sekali / B,-
231,STIKES MUHAMMADIYAH CIREBON,JAWA BARAT,FARMASI,BAIK,23600000.0,JAWA BARAT | Kesehatan | Mahal (20-50jt) | Baik Sekali / B,https://campus.quipper.com/directory/stikes-muhammadiyah-cirebon
231,STIKES MUHAMMADIYAH CIREBON,JAWA BARAT,KEBIDANAN,BAIK,23600000.0,JAWA BARAT | Kesehatan | Mahal (20-50jt) | Baik Sekali / B,https://campus.quipper.com/directory/stikes-muhammadiyah-cirebon
232,UNIVERSITAS BHAKTI KENCANA,JAWA BARAT,FARMASI,UNGGUL,23600000.0,JAWA BARAT | Kesehatan | Mahal (20-50jt) | Baik Sekali / B,-
232,UNIVERSITAS BHAKTI KENCANA,JAWA BARAT,KEBIDANAN,BAIK SEKALI,23600000.0,JAWA BARAT | Kesehatan | Mahal (20-50jt) | Baik Sekali / B,-
232,UNIVERSITAS BHAKTI KENCANA,JAWA BARAT,KEPERAWATAN,BAIK SEKALI,23600000.0,JAWA BARAT | Kesehatan | Mahal (20-50jt) | Baik Sekali / B,-
232,UNIVERSITAS BHAKTI KENCANA,JAWA BARAT,KESEHATAN MASYARAKAT,BAIK SEKALI,23600000.0,JAWA BARAT | Kesehatan | Mahal (20-50jt) | Baik Sekali / B,-
240,UNIVERSITAS GLOBAL JAKARTA,JAWA BARAT,FARMASI,BAIK,22801250.0,JAWA BARAT | Kesehatan | Mahal (20-50jt) | Baik Sekali / B,-
249,UNIVERSITAS BHAKTI HUSADA INDONESIA,JAWA BARAT,KEBIDANAN,BAIK SEKALI,22350000.0,JAWA BARAT | Kesehatan | Mahal (20-50jt) | Baik Sekali / B,-
249,UNIVERSITAS BHAKTI HUSADA INDONESIA,JAWA BARAT,KEPERAWATAN,BAIK SEKALI,22350000.0,JAWA BARAT | Kesehatan | Mahal (20-50jt) | Baik Sekali / B,-
249,UNIVERSITAS BHAKTI HUSADA INDONESIA,JAWA BARAT,KESEHATAN MASYARAKAT,UNGGUL,22350000.0,JAWA BARAT | Kesehatan | Mahal (20-50jt) | Baik Sekali / B,-
257,UNIVERSITAS JENDERAL ACHMAD YANI,JAWA BARAT,FARMASI,B,21504000.0,JAWA BARAT | Kesehatan | Mahal (20-50jt) | Baik Sekali / B,https://rencanamu.id/cari-kampus/universitas-jenderal-achmad-yani
257,UNIVERSITAS JENDERAL ACHMAD YANI,JAWA BARAT,KEBIDANAN,BAIK,21504000.0,JAWA BARAT | Kesehatan | Mahal (20-50jt) | Baik Sekali / B,https://rencanamu.id/cari-kampus/universitas-jenderal-achmad-yani
257,UNIVERSITAS JENDERAL ACHMAD YANI,JAWA BARAT,KEDOKTERAN,B,21504000.0,JAWA BARAT | Kesehatan | Mahal (20-50jt) | Baik Sekali / B,https://rencanamu.id/cari-kampus/universitas-jenderal-achmad-yani
257,UNIVERSITAS JENDERAL ACHMAD YANI,JAWA BARAT,KEDOKTERAN GIGI,B,21504000.0,JAWA BARAT | Kesehatan | Mahal (20-50jt) | Baik Sekali / B,https://rencanamu.id/cari-kampus/universitas-jenderal-achmad-yani
257,UNIVERSITAS JENDERAL ACHMAD YANI,JAWA BARAT,KEPERAWATAN,A,21504000.0,JAWA BARAT | Kesehatan | Mahal (20-50jt) | Baik Sekali / B,https://rencanamu.id/cari-kampus/universitas-jenderal-achmad-yani
257,UNIVERSITAS JENDERAL ACHMAD YANI,JAWA BARAT,KESEHATAN MASYARAKAT,UNGGUL,21504000.0,JAWA BARAT | Kesehatan | Mahal (20-50jt) | Baik Sekali / B,https://rencanamu.id/cari-kampus/universitas-jenderal-achmad-yani
263,UNIVERSITAS HORIZON INDONESIA,JAWA BARAT,KEBIDANAN,BAIK,21196000.0,JAWA BARAT | Kesehatan | Mahal (20-50jt) | Baik Sekali / B,-
263,UNIVERSITAS HORIZON INDONESIA,JAWA BARAT,KEPERAWATAN,BAIK SEKALI,21196000.0,JAWA BARAT | Kesehatan | Mahal (20-50jt) | Baik Sekali / B,-
278,UNIVERSITAS MEDIKA SUHERMAN,JAWA BARAT,ADMINISTRASI KESEHATAN,C,20293750.0,JAWA BARAT | Kesehatan | Mahal (20-50jt) | Baik Sekali / B,-
278,UNIVERSITAS MEDIKA SUHERMAN,JAWA BARAT,FARMASI,BAIK SEKALI,20293750.0,JAWA BARAT | Kesehatan | Mahal (20-50jt) | Baik Sekali / B,-
278,UNIVERSITAS MEDIKA SUHERMAN,JAWA BARAT,FISIOTERAPI,BAIK,20293750.0,JAWA BARAT | Kesehatan | Mahal (20-50jt) | Baik Sekali / B,-
278,UNIVERSITAS MEDIKA SUHERMAN,JAWA BARAT,GIZI,C,20293750.0,JAWA BARAT | Kesehatan | Mahal (20-50jt) | Baik Sekali / B,-
278,UNIVERSITAS MEDIKA SUHERMAN,JAWA BARAT,KEBIDANAN,C,20293750.0,JAWA BARAT | Kesehatan | Mahal (20-50jt) | Baik Sekali / B,-
278,UNIVERSITAS MEDIKA SUHERMAN,JAWA BARAT,KEPERAWATAN,BAIK SEKALI,20293750.0,JAWA BARAT | Kesehatan | Mahal (20-50jt) | Baik Sekali / B,-
283,SEKOLAH TINGGI ILMU KESEHATAN BOGOR HUSADA,JAWA BARAT,FARMASI,BAIK,20000000.0,JAWA BARAT | Kesehatan | Mahal (20-50jt) | Baik Sekali / B,-
283,SEKOLAH TINGGI ILMU KESEHATAN BOGOR HUSADA,JAWA BARAT,GIZI,BAIK,20000000.0,JAWA BARAT | Kesehatan | Mahal (20-50jt) | Baik Sekali / B,-
297,UNIVERSITAS MUHAMMADIYAH AHMAD DAHLAN CIREBON,JAWA BARAT,FARMASI,C,19450000.0,JAWA BARAT | Kesehatan | Menengah (10-20jt) | Baik Sekali / B,-
297,UNIVERSITAS MUHAMMADIYAH AHMAD DAHLAN CIREBON,JAWA BARAT,KEBIDANAN,BAIK,19450000.0,JAWA BARAT | Kesehatan | Menengah (10-20jt) | Baik Sekali / B,-
322,INSTITUT KESEHATAN IMMANUEL,JAWA BARAT,GIZI,BAIK SEKALI,18500000.0,JAWA BARAT | Kesehatan | Menengah (10-20jt) | Baik Sekali / B,-
322,INSTITUT KESEHATAN IMMANUEL,JAWA BARAT,KEPERAWATAN,BAIK SEKALI,18500000.0,JAWA BARAT | Kesehatan | Menengah (10-20jt) | Baik Sekali / B,-
322,INSTITUT KESEHATAN IMMANUEL,JAWA BARAT,KESEHATAN MASYARAKAT,BAIK SEKALI,18500000.0,JAWA BARAT | Kesehatan | Menengah (10-20jt) | Baik Sekali / B,-
334,SEKOLAH TINGGI ILMU KESEHATAN BHAKTI HUSADA CIKARANG,JAWA BARAT,FISIOTERAPI,BAIK,18000000.0,JAWA BARAT | Kesehatan | Menengah (10-20jt) | Baik Sekali / B,-
334,SEKOLAH TINGGI ILMU KESEHATAN BHAKTI HUSADA CIKARANG,JAWA BARAT,KEPERAWATAN,BAIK,18000000.0,JAWA BARAT | Kesehatan | Menengah (10-20jt) | Baik Sekali / B,-
340,SEKOLAH TINGGI ILMU KESEHATAN INDRAMAYU,JAWA BARAT,KEBIDANAN,BAIK SEKALI,17675000.0,JAWA BARAT | Kesehatan | Menengah (10-20jt) | Baik Sekali / B,-
340,SEKOLAH TINGGI ILMU KESEHATAN INDRAMAYU,JAWA BARAT,KEPERAWATAN,BAIK SEKALI,17675000.0,JAWA BARAT | Kesehatan | Menengah (10-20jt) | Baik Sekali / B,-
340,SEKOLAH TINGGI ILMU KESEHATAN INDRAMAYU,JAWA BARAT,KESEHATAN MASYARAKAT,BAIK SEKALI,17675000.0,JAWA BARAT | Kesehatan | Menengah (10-20jt) | Baik Sekali / B,-
341,SEKOLAH TINGGI ILMU KESEHATAN MITRA KELUARGA,JAWA BARAT,FARMASI,BAIK SEKALI,17640000.0,JAWA BARAT | Kesehatan | Menengah (10-20jt) | Baik Sekali / B,-
341,SEKOLAH TINGGI ILMU KESEHATAN MITRA KELUARGA,JAWA BARAT,GIZI,BAIK SEKALI,17640000.0,JAWA BARAT | Kesehatan | Menengah (10-20jt) | Baik Sekali / B,-
341,SEKOLAH TINGGI ILMU KESEHATAN MITRA KELUARGA,JAWA BARAT,KEPERAWATAN,BAIK SEKALI,17640000.0,JAWA BARAT | Kesehatan | Menengah (10-20jt) | Baik Sekali / B,-
344,UNIVERSITAS MUHAMMADIYAH TASIKMALAYA,JAWA BARAT,KEBIDANAN,BAIK,17450000.0,JAWA BARAT | Kesehatan | Menengah (10-20jt) | Baik Sekali / B,https://campus.quipper.com/directory/universitas-muhammadiyah-tasikmalaya
344,UNIVERSITAS MUHAMMADIYAH TASIKMALAYA,JAWA BARAT,KEPERAWATAN,BAIK SEKALI,17450000.0,JAWA BARAT | Kesehatan | Menengah (10-20jt) | Baik Sekali / B,https://campus.quipper.com/directory/universitas-muhammadiyah-tasikmalaya
357,SEKOLAH TINGGI ILMU KESEHATAN RS DUSTIRA,JAWA BARAT,FISIOTERAPI,BAIK,16500000.0,JAWA BARAT | Kesehatan | Menengah (10-20jt) | Baik Sekali / B,-
357,SEKOLAH TINGGI ILMU KESEHATAN RS DUSTIRA,JAWA BARAT,KEPERAWATAN,BAIK,16500000.0,JAWA BARAT | Kesehatan | Menengah (10-20jt) | Baik Sekali / B,-
368,UNIVERSITAS GUNADARMA,JAWA BARAT,FARMASI,BAIK SEKALI,16100000.0,JAWA BARAT | Kesehatan | Menengah (10-20jt) | Baik Sekali / B,https://rencanamu.id/cari-kampus/universitas-gunadarma
368,UNIVERSITAS GUNADARMA,JAWA BARAT,KEBIDANAN,BAIK,16100000.0,JAWA BARAT | Kesehatan | Menengah (10-20jt) | Baik Sekali / B,https://rencanamu.id/cari-kampus/universitas-gunadarma
368,UNIVERSITAS GUNADARMA,JAWA BARAT,KEDOKTERAN,B,16100000.0,JAWA BARAT | Kesehatan | Menengah (10-20jt) | Baik Sekali / B,https://rencanamu.id/cari-kampus/universitas-gunadarma
379,SEKOLAH TINGGI ILMU KESEHATAN HOLISTIK,JAWA BARAT,GIZI,B,16000000.0,JAWA BARAT | Kesehatan | Menengah (10-20jt) | Baik Sekali / B,-
390,SEKOLAH TINGGI ILMU KESEHATAN PELITA ILMU DEPOK,JAWA BARAT,KEBIDANAN,BAIK,15300000.0,JAWA BARAT | Kesehatan | Menengah (10-20jt) | Baik Sekali / B,-
404,SEKOLAH TINGGI ILMU KESEHATAN CIANJUR,JAWA BARAT,KEBIDANAN,BAIK,15000000.0,JAWA BARAT | Kesehatan | Menengah (10-20jt) | Baik Sekali / B,-
464,SEKOLAH TINGGI ILMU KESEHATAN SUKABUMI,JAWA BARAT,ADMINISTRASI KESEHATAN,BAIK,13560000.0,JAWA BARAT | Kesehatan | Menengah (10-20jt) | Baik Sekali / B,-
464,SEKOLAH TINGGI ILMU KESEHATAN SUKABUMI,JAWA BARAT,KEBIDANAN,BAIK SEKALI,13560000.0,JAWA BARAT | Kesehatan | Menengah (10-20jt) | Baik Sekali / B,-
464,SEKOLAH TINGGI ILMU KESEHATAN SUKABUMI,JAWA BARAT,KEPERAWATAN,BAIK SEKALI,13560000.0,JAWA BARAT | Kesehatan | Menengah (10-20jt) | Baik Sekali / B,-
468,UNIVERSITAS SEHATI INDONESIA,JAWA BARAT,KESEHATAN MASYARAKAT,BAIK,13500000.0,JAWA BARAT | Kesehatan | Menengah (10-20jt) | Baik Sekali / B,-
490,UNIVERSITAS AN NASHER,JAWA BARAT,FARMASI,BAIK SEKALI,12750000.0,JAWA BARAT | Kesehatan | Menengah (10-20jt) | Baik Sekali / B,-
539,UNIVERSITAS GALUH,JAWA BARAT,KEBIDANAN,BAIK SEKALI,12000000.0,JAWA BARAT | Kesehatan | Menengah (10-20jt) | Baik Sekali / B,-
553,SEKOLAH TINGGI ILMU KESEHATAN MAHARDIKA CIREBON,JAWA BARAT,KEPERAWATAN,BAIK SEKALI,11700000.0,JAWA BARAT | Kesehatan | Menengah (10-20jt) | Baik Sekali / B,https://campus.quipper.com/directory/sekolah-tinggi-ilmu-kesehatan-mahardika-cirebon
553,SEKOLAH TINGGI ILMU KESEHATAN MAHARDIKA CIREBON,JAWA BARAT,KESEHATAN MASYARAKAT,BAIK SEKALI,11700000.0,JAWA BARAT | Kesehatan | Menengah (10-20jt) | Baik Sekali / B,https://campus.quipper.com/directory/sekolah-tinggi-ilmu-kesehatan-mahardika-cirebon
596,UNIVERSITAS MUHAMMADIYAH SUKABUMI,JAWA BARAT,KEPERAWATAN,BAIK,10836000.0,JAWA BARAT | Kesehatan | Menengah (10-20jt) | Baik Sekali / B,-
603,UNIVERSITAS AL-GHIFARI,JAWA BARAT,FARMASI,BAIK SEKALI,10690000.0,JAWA BARAT | Kesehatan | Menengah (10-20jt) | Baik Sekali / B,-
646,SEKOLAH TINGGI ILMU KESEHATAN SISMADI,JAWA BARAT,KEPERAWATAN,BAIK,10000000.0,JAWA BARAT | Kesehatan | Menengah (10-20jt) | Baik Sekali / B,https://campus.quipper.com/directory/sekolah-tinggi-ilmu-kesehatan-sismadi
646,SEKOLAH TINGGI ILMU KESEHATAN SISMADI,JAWA BARAT,KESEHATAN MASYARAKAT,BAIK,10000000.0,JAWA BARAT | Kesehatan | Menengah (10-20jt) | Baik Sekali / B,https://campus.quipper.com/directory/sekolah-tinggi-ilmu-kesehatan-sismadi
676,UNIVERSITAS HALIM SANUSI,JAWA BARAT,FARMASI,BAIK,9516000.0,JAWA BARAT | Kesehatan | Terjangkau (5-10jt) | Baik Sekali / B,-
707,UNIVERSITAS YAYASAN PENDIDIKAN IMAM BONJOL MAJALENGKA,JAWA BARAT,FARMASI,BAIK,9100000.0,JAWA BARAT | Kesehatan | Terjangkau (5-10jt) | Baik Sekali / B,-
707,UNIVERSITAS YAYASAN PENDIDIKAN IMAM BONJOL MAJALENGKA,JAWA BARAT,KEPERAWATAN,BAIK SEKALI,9100000.0,JAWA BARAT | Kesehatan | Terjangkau (5-10jt) | Baik Sekali / B,-
719,UNIVERSITAS ADHIRAJASA RESWARA SANJAYA,JAWA BARAT,KEPERAWATAN,BAIK SEKALI,9000000.0,JAWA BARAT | Kesehatan | Terjangkau (5-10jt) | Baik Sekali / B,-
734,UNIVERSITAS MUHAMMADIYAH CIREBON,JAWA BARAT,GIZI,BAIK,8850000.0,JAWA BARAT | Kesehatan | Terjangkau (5-10jt) | Baik Sekali / B,-
734,UNIVERSITAS MUHAMMADIYAH CIREBON,JAWA BARAT,KEPERAWATAN,BAIK SEKALI,8850000.0,JAWA BARAT | Kesehatan | Terjangkau (5-10jt) | Baik Sekali / B,-
18,INSTITUT TEKNOLOGI DAN KESEHATAN MAHARDIKA,JAWA BARAT,KEPERAWATAN,BAIK SEKALI,8600000.0,JAWA BARAT | Kesehatan | Terjangkau (5-10jt) | Baik Sekali / B,-
18,INSTITUT TEKNOLOGI DAN KESEHATAN MAHARDIKA,JAWA BARAT,KESEHATAN MASYARAKAT,BAIK SEKALI,8600000.0,JAWA BARAT | Kesehatan | Terjangkau (5-10jt) | Baik Sekali / B,-
820,UNIVERSITAS SEBELAS APRIL,JAWA BARAT,KEPERAWATAN,BAIK SEKALI,8000000.0,JAWA BARAT | Kesehatan | Terjangkau (5-10jt) | Baik Sekali / B,-
932,UNIVERSITAS PERJUANGAN TASIKMALAYA,JAWA BARAT,FARMASI,BAIK SEKALI,7000000.0,JAWA BARAT | Kesehatan | Terjangkau (5-10jt) | Baik Sekali / B,-
955,UNIVERSITAS MUHAMMADIYAH BOGOR RAYA,JAWA BARAT,GIZI,BAIK,6900000.0,JAWA BARAT | Kesehatan | Terjangkau (5-10jt) | Baik Sekali / B,-
1119,SEKOLAH TINGGI TEKNOLOGI INDUSTRI DAN FARMASI BOGOR,JAWA BARAT,FARMASI,BAIK SEKALI,6000000.0,JAWA BARAT | Kesehatan | Terjangkau (5-10jt) | Baik Sekali / B,-
1122,UNIVERSITAS BALE BANDUNG,JAWA BARAT,KEPERAWATAN,BAIK SEKALI,6000000.0,JAWA BARAT | Kesehatan | Terjangkau (5-10jt) | Baik Sekali / B,https://campus.quipper.com/directory/universitas-bale-bandung
37,INSTITUT TEKNOLOGI HARAPAN BANGSA,JAWA BARAT,INFORMATIKA,B,243400000.0,JAWA BARAT | Komputer & Teknologi | Sangat Mahal (>50jt) | Baik Sekali / B,https://rencanamu.id/cari-kampus/institut-teknologi-harapan-bangsa
37,INSTITUT TEKNOLOGI HARAPAN BANGSA,JAWA BARAT,KOMPUTER,BAIK SEKALI,243400000.0,JAWA BARAT | Komputer & Teknologi | Sangat Mahal (>50jt) | Baik Sekali / B,https://rencanamu.id/cari-kampus/institut-teknologi-harapan-bangsa
37,INSTITUT TEKNOLOGI HARAPAN BANGSA,JAWA BARAT,SISTEM INFORMASI,B,243400000.0,JAWA BARAT | Komputer & Teknologi | Sangat Mahal (>50jt) | Baik Sekali / B,https://rencanamu.id/cari-kampus/institut-teknologi-harapan-bangsa
37,INSTITUT TEKNOLOGI HARAPAN BANGSA,JAWA BARAT,TEKNOLOGI INFORMASI,BAIK SEKALI,243400000.0,JAWA BARAT | Komputer & Teknologi | Sangat Mahal (>50jt) | Baik Sekali / B,https://rencanamu.id/cari-kampus/institut-teknologi-harapan-bangsa
66,UNIVERSITAS KEBANGSAAN REPUBLIK INDONESIA,JAWA BARAT,INFORMATIKA,BAIK SEKALI,66200003.0,JAWA BARAT | Komputer & Teknologi | Sangat Mahal (>50jt) | Baik Sekali / B,-
66,UNIVERSITAS KEBANGSAAN REPUBLIK INDONESIA,JAWA BARAT,SISTEM INFORMASI,BAIK SEKALI,66200003.0,JAWA BARAT | Komputer & Teknologi | Sangat Mahal (>50jt) | Baik Sekali / B,-
75,UNIVERSITAS KOPERASI INDONESIA,JAWA BARAT,SAINS DATA,BAIK,57050000.0,JAWA BARAT | Komputer & Teknologi | Sangat Mahal (>50jt) | Baik Sekali / B,-
79,UNIVERSITAS LOGISTIK DAN BISNIS INTERNASIONAL,JAWA BARAT,SAINS DATA,BAIK,53900000.0,JAWA BARAT | Komputer & Teknologi | Sangat Mahal (>50jt) | Baik Sekali / B,-
81,UNIVERSITAS KRISTEN MARANATHA,JAWA BARAT,INFORMATIKA,B,52352500.0,JAWA BARAT | Komputer & Teknologi | Sangat Mahal (>50jt) | Baik Sekali / B,https://rencanamu.id/cari-kampus/universitas-kristen-maranatha
81,UNIVERSITAS KRISTEN MARANATHA,JAWA BARAT,SISTEM INFORMASI,B,52352500.0,JAWA BARAT | Komputer & Teknologi | Sangat Mahal (>50jt) | Baik Sekali / B,https://rencanamu.id/cari-kampus/universitas-kristen-maranatha
81,UNIVERSITAS KRISTEN MARANATHA,JAWA BARAT,SISTEM KOMPUTER,B,52352500.0,JAWA BARAT | Komputer & Teknologi | Sangat Mahal (>50jt) | Baik Sekali / B,https://rencanamu.id/cari-kampus/universitas-kristen-maranatha
85,STMIK BANDUNG,JAWA BARAT,INFORMATIKA,BAIK,50250000.0,JAWA BARAT | Komputer & Teknologi | Sangat Mahal (>50jt) | Baik Sekali / B,-
85,STMIK BANDUNG,JAWA BARAT,SISTEM INFORMASI,BAIK,50250000.0,JAWA BARAT | Komputer & Teknologi | Sangat Mahal (>50jt) | Baik Sekali / B,-
92,INSTITUT TEKNOLOGI NASIONAL BANDUNG,JAWA BARAT,INFORMATIKA,UNGGUL,48335000.0,JAWA BARAT | Komputer & Teknologi | Mahal (20-50jt) | Baik Sekali / B,-
92,INSTITUT TEKNOLOGI NASIONAL BANDUNG,JAWA BARAT,SISTEM INFORMASI,BAIK SEKALI,48335000.0,JAWA BARAT | Komputer & Teknologi | Mahal (20-50jt) | Baik Sekali / B,-
26,UNIVERSITAS PASUNDAN,JAWA BARAT,INFORMATIKA,B,48250000.0,JAWA BARAT | Komputer & Teknologi | Mahal (20-50jt) | Baik Sekali / B,https://rencanamu.id/cari-kampus/universitas-pasundan
2,PRESIDENT UNIVERSITY,JAWA BARAT,INFORMATIKA,A,36000000.0,JAWA BARAT | Komputer & Teknologi | Mahal (20-50jt) | Unggul / A,https://rencanamu.id/cari-kampus/president-university
2,PRESIDENT UNIVERSITY,JAWA BARAT,SISTEM INFORMASI,A,36000000.0,JAWA BARAT | Komputer & Teknologi | Mahal (20-50jt) | Unggul / A,https://rencanamu.id/cari-kampus/president-university
129,UNIVERSITAS PAKUAN,JAWA BARAT,INFORMATIKA,B,35000006.0,JAWA BARAT | Komputer & Teknologi | Mahal (20-50jt) | Baik Sekali / B,https://rencanamu.id/cari-kampus/universitas-pakuan
129,UNIVERSITAS PAKUAN,JAWA BARAT,KOMPUTER,UNGGUL,35000006.0,JAWA BARAT | Komputer & Teknologi | Mahal (20-50jt) | Unggul / A,https://rencanamu.id/cari-kampus/universitas-pakuan
147,UNIVERSITAS IPWIJA,JAWA BARAT,INFORMATIKA,BAIK,32200000.0,JAWA BARAT | Komputer & Teknologi | Mahal (20-50jt) | Baik Sekali / B,-
147,UNIVERSITAS IPWIJA,JAWA BARAT,REKAYASA PERANGKAT LUNAK,BAIK,32200000.0,JAWA BARAT | Komputer & Teknologi | Mahal (20-50jt) | Baik Sekali / B,-
147,UNIVERSITAS IPWIJA,JAWA BARAT,SISTEM INFORMASI,BAIK,32200000.0,JAWA BARAT | Komputer & Teknologi | Mahal (20-50jt) | Baik Sekali / B,-
180,UNIVERSITAS ADVENT INDONESIA,JAWA BARAT,INFORMATIKA,B,27520000.0,JAWA BARAT | Komputer & Teknologi | Mahal (20-50jt) | Baik Sekali / B,https://campus.quipper.com/directory/universitas-advent-indonesia
180,UNIVERSITAS ADVENT INDONESIA,JAWA BARAT,SISTEM INFORMASI,B,27520000.0,JAWA BARAT | Komputer & Teknologi | Mahal (20-50jt) | Baik Sekali / B,https://campus.quipper.com/directory/universitas-advent-indonesia
196,UNIVERSITAS ISLAM AL-IHYA KUNINGAN,JAWA BARAT,INFORMATIKA,BAIK,26118000.0,JAWA BARAT | Komputer & Teknologi | Mahal (20-50jt) | Baik Sekali / B,-
197,UNIVERSITAS TELKOM,JAWA BARAT,DATA SAINS,UNGGUL,26000000.0,JAWA BARAT | Komputer & Teknologi | Mahal (20-50jt) | Unggul / A,https://campus.quipper.com/directory/universitas-telkom
197,UNIVERSITAS TELKOM,JAWA BARAT,INFORMATIKA,UNGGUL,26000000.0,JAWA BARAT | Komputer & Teknologi | Mahal (20-50jt) | Unggul / A,https://campus.quipper.com/directory/universitas-telkom
197,UNIVERSITAS TELKOM,JAWA BARAT,KECERDASAN BUATAN,UNGGUL,26000000.0,JAWA BARAT | Komputer & Teknologi | Mahal (20-50jt) | Unggul / A,https://campus.quipper.com/directory/universitas-telkom
197,UNIVERSITAS TELKOM,JAWA BARAT,KOMPUTER,UNGGUL,26000000.0,JAWA BARAT | Komputer & Teknologi | Mahal (20-50jt) | Unggul / A,https://campus.quipper.com/directory/universitas-telkom
197,UNIVERSITAS TELKOM,JAWA BARAT,MULTIMEDIA,UNGGUL,26000000.0,JAWA BARAT | Komputer & Teknologi | Mahal (20-50jt) | Unggul / A,https://campus.quipper.com/directory/universitas-telkom
197,UNIVERSITAS TELKOM,JAWA BARAT,REKAYASA PERANGKAT LUNAK,BAIK SEKALI,26000000.0,JAWA BARAT | Komputer & Teknologi | Mahal (20-50jt) | Baik Sekali / B,https://campus.quipper.com/directory/universitas-telkom
197,UNIVERSITAS TELKOM,JAWA BARAT,SAINS DATA,BAIK SEKALI,26000000.0,JAWA BARAT | Komputer & Teknologi | Mahal (20-50jt) | Baik Sekali / B,https://campus.quipper.com/directory/universitas-telkom
197,UNIVERSITAS TELKOM,JAWA BARAT,SISTEM INFORMASI,UNGGUL,26000000.0,JAWA BARAT | Komputer & Teknologi | Mahal (20-50jt) | Unggul / A,https://campus.quipper.com/directory/universitas-telkom
197,UNIVERSITAS TELKOM,JAWA BARAT,SISTEM INFORMASI AKUNTANSI,UNGGUL,26000000.0,JAWA BARAT | Komputer & Teknologi | Mahal (20-50jt) | Unggul / A,https://campus.quipper.com/directory/universitas-telkom
197,UNIVERSITAS TELKOM,JAWA BARAT,TEKNOLOGI INFORMASI,BAIK SEKALI,26000000.0,JAWA BARAT | Komputer & Teknologi | Mahal (20-50jt) | Baik Sekali / B,https://campus.quipper.com/directory/universitas-telkom
1531,UNIVERSITAS BANI SALEH,JAWA BARAT,INFORMATIKA,BAIK,25450000.0,JAWA BARAT | Komputer & Teknologi | Mahal (20-50jt) | Baik Sekali / B,-
1531,UNIVERSITAS BANI SALEH,JAWA BARAT,SISTEM INFORMASI,BAIK,25450000.0,JAWA BARAT | Komputer & Teknologi | Mahal (20-50jt) | Baik Sekali / B,-
211,UNIVERSITAS INTERNASIONAL JAKARTA,JAWA BARAT,SISTEM INFORMASI,BAIK,25000000.0,JAWA BARAT | Komputer & Teknologi | Mahal (20-50jt) | Baik Sekali / B,-
211,UNIVERSITAS INTERNASIONAL JAKARTA,JAWA BARAT,TEKNOLOGI INFORMASI,BAIK,25000000.0,JAWA BARAT | Komputer & Teknologi | Mahal (20-50jt) | Baik Sekali / B,-
212,UNIVERSITAS KOMPUTER INDONESIA,JAWA BARAT,INFORMATIKA,B,24950000.0,JAWA BARAT | Komputer & Teknologi | Mahal (20-50jt) | Baik Sekali / B,https://rencanamu.id/cari-kampus/universitas-komputer-indonesia
212,UNIVERSITAS KOMPUTER INDONESIA,JAWA BARAT,KOMPUTER,B,24950000.0,JAWA BARAT | Komputer & Teknologi | Mahal (20-50jt) | Baik Sekali / B,https://rencanamu.id/cari-kampus/universitas-komputer-indonesia
212,UNIVERSITAS KOMPUTER INDONESIA,JAWA BARAT,MANAJEMEN INFORMATIKA,B,24950000.0,JAWA BARAT | Komputer & Teknologi | Mahal (20-50jt) | Baik Sekali / B,https://rencanamu.id/cari-kampus/universitas-komputer-indonesia
212,UNIVERSITAS KOMPUTER INDONESIA,JAWA BARAT,ROBOTIKA,BAIK,24950000.0,JAWA BARAT | Komputer & Teknologi | Mahal (20-50jt) | Baik Sekali / B,https://rencanamu.id/cari-kampus/universitas-komputer-indonesia
212,UNIVERSITAS KOMPUTER INDONESIA,JAWA BARAT,SISTEM INFORMASI,B,24950000.0,JAWA BARAT | Komputer & Teknologi | Mahal (20-50jt) | Baik Sekali / B,https://rencanamu.id/cari-kampus/universitas-komputer-indonesia
212,UNIVERSITAS KOMPUTER INDONESIA,JAWA BARAT,SISTEM KOMPUTER,B,24950000.0,JAWA BARAT | Komputer & Teknologi | Mahal (20-50jt) | Baik Sekali / B,https://rencanamu.id/cari-kampus/universitas-komputer-indonesia
222,SEKOLAH TINGGI MANAJEMEN INFORMATIKA DAN KOMPUTER AL-FATH,JAWA BARAT,INFORMATIKA,BAIK,24240000.0,JAWA BARAT | Komputer & Teknologi | Mahal (20-50jt) | Baik Sekali / B,-
240,UNIVERSITAS GLOBAL JAKARTA,JAWA BARAT,INFORMATIKA,BAIK SEKALI,22801250.0,JAWA BARAT | Komputer & Teknologi | Mahal (20-50jt) | Baik Sekali / B,-
361,UNIVERSITAS SANGGA BUANA,JAWA BARAT,INFORMATIKA,BAIK SEKALI,21940000.0,JAWA BARAT | Komputer & Teknologi | Mahal (20-50jt) | Baik Sekali / B,-
361,UNIVERSITAS SANGGA BUANA,JAWA BARAT,SISTEM INFORMASI,BAIK SEKALI,21940000.0,JAWA BARAT | Komputer & Teknologi | Mahal (20-50jt) | Baik Sekali / B,-
257,UNIVERSITAS JENDERAL ACHMAD YANI,JAWA BARAT,INFORMATIKA,B,21504000.0,JAWA BARAT | Komputer & Teknologi | Mahal (20-50jt) | Baik Sekali / B,https://rencanamu.id/cari-kampus/universitas-jenderal-achmad-yani
257,UNIVERSITAS JENDERAL ACHMAD YANI,JAWA BARAT,SISTEM INFORMASI,BAIK,21504000.0,JAWA BARAT | Komputer & Teknologi | Mahal (20-50jt) | Baik Sekali / B,https://rencanamu.id/cari-kampus/universitas-jenderal-achmad-yani
263,UNIVERSITAS HORIZON INDONESIA,JAWA BARAT,INFORMATIKA,BAIK,21196000.0,JAWA BARAT | Komputer & Teknologi | Mahal (20-50jt) | Baik Sekali / B,-
263,UNIVERSITAS HORIZON INDONESIA,JAWA BARAT,SISTEM INFORMASI,BAIK,21196000.0,JAWA BARAT | Komputer & Teknologi | Mahal (20-50jt) | Baik Sekali / B,-
263,UNIVERSITAS HORIZON INDONESIA,JAWA BARAT,TEKNOLOGI INFORMASI,BAIK,21196000.0,JAWA BARAT | Komputer & Teknologi | Mahal (20-50jt) | Baik Sekali / B,-
279,UNIVERSITAS PANCA SAKTI BEKASI,JAWA BARAT,INFORMATIKA,BAIK,20200000.0,JAWA BARAT | Komputer & Teknologi | Mahal (20-50jt) | Baik Sekali / B,-
279,UNIVERSITAS PANCA SAKTI BEKASI,JAWA BARAT,SISTEM INFORMASI,BAIK,20200000.0,JAWA BARAT | Komputer & Teknologi | Mahal (20-50jt) | Baik Sekali / B,-
344,UNIVERSITAS MUHAMMADIYAH TASIKMALAYA,JAWA BARAT,INFORMATIKA,BAIK,17450000.0,JAWA BARAT | Komputer & Teknologi | Menengah (10-20jt) | Baik Sekali / B,https://campus.quipper.com/directory/universitas-muhammadiyah-tasikmalaya
344,UNIVERSITAS MUHAMMADIYAH TASIKMALAYA,JAWA BARAT,TEKNOLOGI INFORMASI,BAIK SEKALI,17450000.0,JAWA BARAT | Komputer & Teknologi | Menengah (10-20jt) | Baik Sekali / B,https://campus.quipper.com/directory/universitas-muhammadiyah-tasikmalaya
368,UNIVERSITAS GUNADARMA,JAWA BARAT,INFORMATIKA,A,16100000.0,JAWA BARAT | Komputer & Teknologi | Menengah (10-20jt) | Unggul / A,https://rencanamu.id/cari-kampus/universitas-gunadarma
368,UNIVERSITAS GUNADARMA,JAWA BARAT,KOMPUTER,A,16100000.0,JAWA BARAT | Komputer & Teknologi | Menengah (10-20jt) | Unggul / A,https://rencanamu.id/cari-kampus/universitas-gunadarma
368,UNIVERSITAS GUNADARMA,JAWA BARAT,SISTEM INFORMASI,A,16100000.0,JAWA BARAT | Komputer & Teknologi | Menengah (10-20jt) | Unggul / A,https://rencanamu.id/cari-kampus/universitas-gunadarma
368,UNIVERSITAS GUNADARMA,JAWA BARAT,SISTEM KOMPUTER,A,16100000.0,JAWA BARAT | Komputer & Teknologi | Menengah (10-20jt) | Unggul / A,https://rencanamu.id/cari-kampus/universitas-gunadarma
370,INSTITUT BISNIS DAN INFORMATIKA KESATUAN,JAWA BARAT,INFORMATIKA,B,16000000.0,JAWA BARAT | Komputer & Teknologi | Menengah (10-20jt) | Baik Sekali / B,https://campus.quipper.com/directory/sekolah-tinggi-ilmu-ekonomi-kesatuan
370,INSTITUT BISNIS DAN INFORMATIKA KESATUAN,JAWA BARAT,SISTEM INFORMASI,BAIK,16000000.0,JAWA BARAT | Komputer & Teknologi | Menengah (10-20jt) | Baik Sekali / B,https://campus.quipper.com/directory/sekolah-tinggi-ilmu-ekonomi-kesatuan
370,INSTITUT BISNIS DAN INFORMATIKA KESATUAN,JAWA BARAT,TEKNOLOGI INFORMASI,BAIK,16000000.0,JAWA BARAT | Komputer & Teknologi | Menengah (10-20jt) | Baik Sekali / B,https://campus.quipper.com/directory/sekolah-tinggi-ilmu-ekonomi-kesatuan
373,SEKOLAH TINGGI TEKNOLOGI TERPADU NURUL FIKRI,JAWA BARAT,INFORMATIKA,C,16000000.0,JAWA BARAT | Komputer & Teknologi | Menengah (10-20jt) | Baik / C,https://campus.quipper.com/directory/sekolah-tinggi-teknologi-terpadu-nurul-fikri
373,SEKOLAH TINGGI TEKNOLOGI TERPADU NURUL FIKRI,JAWA BARAT,SISTEM INFORMASI,B,16000000.0,JAWA BARAT | Komputer & Teknologi | Menengah (10-20jt) | Baik Sekali / B,https://campus.quipper.com/directory/sekolah-tinggi-teknologi-terpadu-nurul-fikri
738,UNIVERSITAS TARUNA BAKTI,JAWA BARAT,INFORMATIKA,BAIK,15650000.0,JAWA BARAT | Komputer & Teknologi | Menengah (10-20jt) | Baik Sekali / B,-
738,UNIVERSITAS TARUNA BAKTI,JAWA BARAT,SAINS DATA,BAIK,15650000.0,JAWA BARAT | Komputer & Teknologi | Menengah (10-20jt) | Baik Sekali / B,-
712,UNIVERSITAS ISLAM 45,JAWA BARAT,INFORMATIKA,BAIK,14527000.0,JAWA BARAT | Komputer & Teknologi | Menengah (10-20jt) | Baik Sekali / B,-
462,INSTITUT DIGITAL EKONOMI LPKIA,JAWA BARAT,INFORMATIKA,BAIK,13600000.0,JAWA BARAT | Komputer & Teknologi | Menengah (10-20jt) | Baik Sekali / B,-
462,INSTITUT DIGITAL EKONOMI LPKIA,JAWA BARAT,SISTEM INFORMASI,BAIK,13600000.0,JAWA BARAT | Komputer & Teknologi | Menengah (10-20jt) | Baik Sekali / B,-
468,UNIVERSITAS SEHATI INDONESIA,JAWA BARAT,INFORMATIKA,BAIK,13500000.0,JAWA BARAT | Komputer & Teknologi | Menengah (10-20jt) | Baik Sekali / B,-
490,UNIVERSITAS AN NASHER,JAWA BARAT,KOMPUTER,BAIK,12750000.0,JAWA BARAT | Komputer & Teknologi | Menengah (10-20jt) | Baik Sekali / B,-
490,UNIVERSITAS AN NASHER,JAWA BARAT,SAINS DATA,BAIK,12750000.0,JAWA BARAT | Komputer & Teknologi | Menengah (10-20jt) | Baik Sekali / B,-
495,SEKOLAH TINGGI TEKNOLOGI DUTA BANGSA,JAWA BARAT,INFORMATIKA,BAIK SEKALI,12645000.0,JAWA BARAT | Komputer & Teknologi | Menengah (10-20jt) | Baik Sekali / B,-
517,INSTITUT TEKNOLOGI DAN BISNIS RIYADLUL ULUM,JAWA BARAT,SISTEM INFORMASI,BAIK,12232000.0,JAWA BARAT | Komputer & Teknologi | Menengah (10-20jt) | Baik Sekali / B,-
524,UNIVERSITAS KUNINGAN,JAWA BARAT,INFORMATIKA,C,12150000.0,JAWA BARAT | Komputer & Teknologi | Menengah (10-20jt) | Baik / C,https://rencanamu.id/cari-kampus/universitas-kuningan
524,UNIVERSITAS KUNINGAN,JAWA BARAT,MANAJEMEN INFORMATIKA,C,12150000.0,JAWA BARAT | Komputer & Teknologi | Menengah (10-20jt) | Baik / C,https://rencanamu.id/cari-kampus/universitas-kuningan
524,UNIVERSITAS KUNINGAN,JAWA BARAT,SISTEM INFORMASI,B,12150000.0,JAWA BARAT | Komputer & Teknologi | Menengah (10-20jt) | Baik Sekali / B,https://rencanamu.id/cari-kampus/universitas-kuningan
548,SEKOLAH TINGGI ILMU KOMPUTER POLTEK CIREBON,JAWA BARAT,INFORMATIKA,B,12000000.0,JAWA BARAT | Komputer & Teknologi | Menengah (10-20jt) | Baik Sekali / B,https://campus.quipper.com/directory/sekolah-tinggi-ilmu-komputer-poltek-cirebon
548,SEKOLAH TINGGI ILMU KOMPUTER POLTEK CIREBON,JAWA BARAT,SISTEM INFORMASI,BAIK,12000000.0,JAWA BARAT | Komputer & Teknologi | Menengah (10-20jt) | Baik Sekali / B,https://campus.quipper.com/directory/sekolah-tinggi-ilmu-komputer-poltek-cirebon
537,STMIK AMIK BANDUNG,JAWA BARAT,SISTEM INFORMASI,BAIK SEKALI,12000000.0,JAWA BARAT | Komputer & Teknologi | Menengah (10-20jt) | Baik Sekali / B,-
539,UNIVERSITAS GALUH,JAWA BARAT,SISTEM INFORMASI,BAIK,12000000.0,JAWA BARAT | Komputer & Teknologi | Menengah (10-20jt) | Baik Sekali / B,-
534,UNIVERSITAS ISLAM 45 BEKASI,JAWA BARAT,KOMPUTER,B,12000000.0,JAWA BARAT | Komputer & Teknologi | Menengah (10-20jt) | Baik Sekali / B,https://campus.quipper.com/directory/universitas-islam-45-bekasi
551,UNIVERSITAS PUTRA INDONESIA,JAWA BARAT,INFORMATIKA,BAIK,11841500.0,JAWA BARAT | Komputer & Teknologi | Menengah (10-20jt) | Baik Sekali / B,-
567,UNIVERSITAS LANGLANGBUANA,JAWA BARAT,INFORMATIKA,B,11500000.0,JAWA BARAT | Komputer & Teknologi | Menengah (10-20jt) | Baik Sekali / B,https://campus.quipper.com/directory/universitas-langlangbuana
576,UNIVERSITAS INDONESIA MEMBANGUN,JAWA BARAT,SISTEM INFORMASI,B,11200000.0,JAWA BARAT | Komputer & Teknologi | Menengah (10-20jt) | Baik Sekali / B,-
576,UNIVERSITAS INDONESIA MEMBANGUN,JAWA BARAT,SISTEM KOMPUTER,BAIK,11200000.0,JAWA BARAT | Komputer & Teknologi | Menengah (10-20jt) | Baik Sekali / B,-
580,UNIVERSITAS WIDYATAMA,JAWA BARAT,INFORMATIKA,B,11100000.0,JAWA BARAT | Komputer & Teknologi | Menengah (10-20jt) | Baik Sekali / B,https://rencanamu.id/cari-kampus/universitas-widyatama
580,UNIVERSITAS WIDYATAMA,JAWA BARAT,SISTEM INFORMASI,B,11100000.0,JAWA BARAT | Komputer & Teknologi | Menengah (10-20jt) | Baik Sekali / B,https://rencanamu.id/cari-kampus/universitas-widyatama
589,UNIVERSITAS TEKNOLOGI BANDUNG,JAWA BARAT,INFORMATIKA,BAIK SEKALI,11000000.0,JAWA BARAT | Komputer & Teknologi | Menengah (10-20jt) | Baik Sekali / B,-
596,UNIVERSITAS MUHAMMADIYAH SUKABUMI,JAWA BARAT,INFORMATIKA,BAIK SEKALI,10836000.0,JAWA BARAT | Komputer & Teknologi | Menengah (10-20jt) | Baik Sekali / B,-
596,UNIVERSITAS MUHAMMADIYAH SUKABUMI,JAWA BARAT,TEKNOLOGI INFORMASI,B,10836000.0,JAWA BARAT | Komputer & Teknologi | Menengah (10-20jt) | Baik Sekali / B,-
599,UNIVERSITAS DJUANDA,JAWA BARAT,KOMPUTER,BAIK,10800000.0,JAWA BARAT | Komputer & Teknologi | Menengah (10-20jt) | Baik Sekali / B,https://campus.quipper.com/directory/universitas-djuanda
603,UNIVERSITAS AL-GHIFARI,JAWA BARAT,INFORMATIKA,BAIK,10690000.0,JAWA BARAT | Komputer & Teknologi | Menengah (10-20jt) | Baik Sekali / B,-
603,UNIVERSITAS AL-GHIFARI,JAWA BARAT,SISTEM INFORMASI,B,10690000.0,JAWA BARAT | Komputer & Teknologi | Menengah (10-20jt) | Baik Sekali / B,-
610,UNIVERSITAS PERTIWI,JAWA BARAT,INFORMATIKA,BAIK,10600000.0,JAWA BARAT | Komputer & Teknologi | Menengah (10-20jt) | Baik Sekali / B,-
610,UNIVERSITAS PERTIWI,JAWA BARAT,SISTEM INFORMASI,BAIK,10600000.0,JAWA BARAT | Komputer & Teknologi | Menengah (10-20jt) | Baik Sekali / B,-
615,UNIVERSITAS MUHAMMADIYAH CILEUNGSI,JAWA BARAT,INFORMATIKA,BAIK,10500000.0,JAWA BARAT | Komputer & Teknologi | Menengah (10-20jt) | Baik Sekali / B,-
615,UNIVERSITAS MUHAMMADIYAH CILEUNGSI,JAWA BARAT,REKAYASA PERANGKAT LUNAK,BAIK,10500000.0,JAWA BARAT | Komputer & Teknologi | Menengah (10-20jt) | Baik Sekali / B,-
665,UNIVERSITAS INFORMATIKA DAN BISNIS INDONESIA,JAWA BARAT,INFORMATIKA,BAIK SEKALI,9700000.0,JAWA BARAT | Komputer & Teknologi | Terjangkau (5-10jt) | Baik Sekali / B,-
665,UNIVERSITAS INFORMATIKA DAN BISNIS INDONESIA,JAWA BARAT,SISTEM INFORMASI,BAIK SEKALI,9700000.0,JAWA BARAT | Komputer & Teknologi | Terjangkau (5-10jt) | Baik Sekali / B,-
676,UNIVERSITAS HALIM SANUSI,JAWA BARAT,INFORMATIKA,TIDAK TERAKREDITASI,9516000.0,JAWA BARAT | Komputer & Teknologi | Terjangkau (5-10jt) | Baik Sekali / B,-
677,INSTITUT TEKNOLOGI DAN BISNIS DEWANTARA,JAWA BARAT,SISTEM INFORMASI,BAIK,9510000.0,JAWA BARAT | Komputer & Teknologi | Terjangkau (5-10jt) | Baik Sekali / B,-
707,UNIVERSITAS YAYASAN PENDIDIKAN IMAM BONJOL MAJALENGKA,JAWA BARAT,KOMPUTER,BAIK,9100000.0,JAWA BARAT | Komputer & Teknologi | Terjangkau (5-10jt) | Baik Sekali / B,-
711,INSTITUT TEKNOLOGI SAINS BANDUNG,JAWA BARAT,INFORMATIKA,BAIK,9050000.0,JAWA BARAT | Komputer & Teknologi | Terjangkau (5-10jt) | Baik Sekali / B,-
711,INSTITUT TEKNOLOGI SAINS BANDUNG,JAWA BARAT,SAINS DATA,BAIK,9050000.0,JAWA BARAT | Komputer & Teknologi | Terjangkau (5-10jt) | Baik Sekali / B,-
719,UNIVERSITAS ADHIRAJASA RESWARA SANJAYA,JAWA BARAT,INFORMATIKA,BAIK,9000000.0,JAWA BARAT | Komputer & Teknologi | Terjangkau (5-10jt) | Baik Sekali / B,-
719,UNIVERSITAS ADHIRAJASA RESWARA SANJAYA,JAWA BARAT,SISTEM INFORMASI,BAIK,9000000.0,JAWA BARAT | Komputer & Teknologi | Terjangkau (5-10jt) | Baik Sekali / B,-
726,INSTITUT TEKNOLOGI GARUT,JAWA BARAT,INFORMATIKA,BAIK SEKALI,8960000.0,JAWA BARAT | Komputer & Teknologi | Terjangkau (5-10jt) | Baik Sekali / B,-
726,INSTITUT TEKNOLOGI GARUT,JAWA BARAT,SISTEM INFORMASI,BAIK SEKALI,8960000.0,JAWA BARAT | Komputer & Teknologi | Terjangkau (5-10jt) | Baik Sekali / B,-
734,UNIVERSITAS MUHAMMADIYAH CIREBON,JAWA BARAT,INFORMATIKA,BAIK SEKALI,8850000.0,JAWA BARAT | Komputer & Teknologi | Terjangkau (5-10jt) | Baik Sekali / B,-
736,UNIVERSITAS CATUR INSAN CENDEKIA,JAWA BARAT,INFORMATIKA,B,8820000.0,JAWA BARAT | Komputer & Teknologi | Terjangkau (5-10jt) | Baik Sekali / B,-
736,UNIVERSITAS CATUR INSAN CENDEKIA,JAWA BARAT,SISTEM INFORMASI,BAIK SEKALI,8820000.0,JAWA BARAT | Komputer & Teknologi | Terjangkau (5-10jt) | Baik Sekali / B,-
737,UNIVERSITAS ISLAM AS-SYAFIIYAH,JAWA BARAT,INFORMATIKA,BAIK,8812500.0,JAWA BARAT | Komputer & Teknologi | Terjangkau (5-10jt) | Baik Sekali / B,-
18,INSTITUT TEKNOLOGI DAN KESEHATAN MAHARDIKA,JAWA BARAT,INFORMATIKA,BAIK,8600000.0,JAWA BARAT | Komputer & Teknologi | Terjangkau (5-10jt) | Baik Sekali / B,-
755,UNIVERSITAS SINDANG KASIH MAJALENGKA,JAWA BARAT,INFORMATIKA,BAIK,8500000.0,JAWA BARAT | Komputer & Teknologi | Terjangkau (5-10jt) | Baik Sekali / B,-
757,UNIVERSITAS WIRALODRA,JAWA BARAT,KOMPUTER,BAIK,8480000.0,JAWA BARAT | Komputer & Teknologi | Terjangkau (5-10jt) | Baik Sekali / B,https://rencanamu.id/cari-kampus/universitas-wiralodra
759,STMIK PAMITRAN,JAWA BARAT,INFORMATIKA,BAIK,8400000.0,JAWA BARAT | Komputer & Teknologi | Terjangkau (5-10jt) | Baik Sekali / B,-
759,STMIK PAMITRAN,JAWA BARAT,KECERDASAN BUATAN,BAIK,8400000.0,JAWA BARAT | Komputer & Teknologi | Terjangkau (5-10jt) | Baik Sekali / B,-
759,STMIK PAMITRAN,JAWA BARAT,REKAYASA PERANGKAT LUNAK,BAIK,8400000.0,JAWA BARAT | Komputer & Teknologi | Terjangkau (5-10jt) | Baik Sekali / B,-
759,STMIK PAMITRAN,JAWA BARAT,SISTEM INFORMASI,BAIK,8400000.0,JAWA BARAT | Komputer & Teknologi | Terjangkau (5-10jt) | Baik Sekali / B,-
776,UNIVERSITAS SURYAKANCANA,JAWA BARAT,INFORMATIKA,BAIK SEKALI,8160000.0,JAWA BARAT | Komputer & Teknologi | Terjangkau (5-10jt) | Baik Sekali / B,-
778,INSTITUT PENDIDIKAN INDONESIA GARUT,JAWA BARAT,SISTEM INFORMASI,BAIK SEKALI,8110000.0,JAWA BARAT | Komputer & Teknologi | Terjangkau (5-10jt) | Baik Sekali / B,-
778,INSTITUT PENDIDIKAN INDONESIA GARUT,JAWA BARAT,TEKNOLOGI INFORMASI,UNGGUL,8110000.0,JAWA BARAT | Komputer & Teknologi | Terjangkau (5-10jt) | Unggul / A,-
916,UNIVERSITAS TEKNOLOGI DIGITAL,JAWA BARAT,INFORMATIKA,BAIK,8100000.0,JAWA BARAT | Komputer & Teknologi | Terjangkau (5-10jt) | Baik Sekali / B,-
788,STMIK DCI,JAWA BARAT,INFORMATIKA,BAIK SEKALI,8000000.0,JAWA BARAT | Komputer & Teknologi | Terjangkau (5-10jt) | Baik Sekali / B,-
797,STMIK IM,JAWA BARAT,INFORMATIKA,BAIK,8000000.0,JAWA BARAT | Komputer & Teknologi | Terjangkau (5-10jt) | Baik Sekali / B,-
797,STMIK IM,JAWA BARAT,SISTEM INFORMASI,BAIK,8000000.0,JAWA BARAT | Komputer & Teknologi | Terjangkau (5-10jt) | Baik Sekali / B,-
820,UNIVERSITAS SEBELAS APRIL,JAWA BARAT,INFORMATIKA,B,8000000.0,JAWA BARAT | Komputer & Teknologi | Terjangkau (5-10jt) | Baik Sekali / B,-
820,UNIVERSITAS SEBELAS APRIL,JAWA BARAT,SISTEM INFORMASI,B,8000000.0,JAWA BARAT | Komputer & Teknologi | Terjangkau (5-10jt) | Baik Sekali / B,-
822,STMIK PRANATA INDONESIA,JAWA BARAT,INFORMATIKA,BAIK,7994000.0,JAWA BARAT | Komputer & Teknologi | Terjangkau (5-10jt) | Baik Sekali / B,-
822,STMIK PRANATA INDONESIA,JAWA BARAT,SISTEM INFORMASI,BAIK,7994000.0,JAWA BARAT | Komputer & Teknologi | Terjangkau (5-10jt) | Baik Sekali / B,-
853,STMIK MARDIRA INDONESIA,JAWA BARAT,INFORMATIKA,BAIK SEKALI,7600000.0,JAWA BARAT | Komputer & Teknologi | Terjangkau (5-10jt) | Baik Sekali / B,-
854,UNIVERSITAS NUSA PUTRA,JAWA BARAT,INFORMATIKA,UNGGUL,7600000.0,JAWA BARAT | Komputer & Teknologi | Terjangkau (5-10jt) | Unggul / A,-
854,UNIVERSITAS NUSA PUTRA,JAWA BARAT,SISTEM INFORMASI,UNGGUL,7600000.0,JAWA BARAT | Komputer & Teknologi | Terjangkau (5-10jt) | Unggul / A,-
865,INSTITUT PRIMA BANGSA,JAWA BARAT,INFORMATIKA,BAIK SEKALI,7500000.0,JAWA BARAT | Komputer & Teknologi | Terjangkau (5-10jt) | Baik Sekali / B,-
877,UNIVERSITAS PERSATUAN ISLAM,JAWA BARAT,INFORMATIKA,BAIK,7500000.0,JAWA BARAT | Komputer & Teknologi | Terjangkau (5-10jt) | Baik Sekali / B,-
938,INSTITUT PENDIDIKAN DAN BAHASA INVADA,JAWA BARAT,INFORMATIKA,BAIK,7000000.0,JAWA BARAT | Komputer & Teknologi | Terjangkau (5-10jt) | Baik Sekali / B,https://campus.quipper.com/directory/institut-pendidikan-dan-bahasa-invada-ipb-cirebon
920,INSTITUT TEKNOLOGI AL-MUHAJIRIN,JAWA BARAT,SISTEM INFORMASI,BAIK,7000000.0,JAWA BARAT | Komputer & Teknologi | Terjangkau (5-10jt) | Baik Sekali / B,-
945,UNIVERSITAS LANGLANG BUANA,JAWA BARAT,INFORMATIKA,BAIK SEKALI,7000000.0,JAWA BARAT | Komputer & Teknologi | Terjangkau (5-10jt) | Baik Sekali / B,-
932,UNIVERSITAS PERJUANGAN TASIKMALAYA,JAWA BARAT,INFORMATIKA,BAIK SEKALI,7000000.0,JAWA BARAT | Komputer & Teknologi | Terjangkau (5-10jt) | Baik Sekali / B,-
955,UNIVERSITAS MUHAMMADIYAH BOGOR RAYA,JAWA BARAT,KOMPUTER,BAIK,6900000.0,JAWA BARAT | Komputer & Teknologi | Terjangkau (5-10jt) | Baik Sekali / B,-
985,UNIVERSITAS MAYASARI BAKTI,JAWA BARAT,INFORMATIKA,BAIK,6575000.0,JAWA BARAT | Komputer & Teknologi | Terjangkau (5-10jt) | Baik Sekali / B,-
1041,UNIVERSITAS BINANIAGA INDONESIA,JAWA BARAT,INFORMATIKA,BAIK,6275000.0,JAWA BARAT | Komputer & Teknologi | Terjangkau (5-10jt) | Baik Sekali / B,-
1041,UNIVERSITAS BINANIAGA INDONESIA,JAWA BARAT,SISTEM INFORMASI,BAIK SEKALI,6275000.0,JAWA BARAT | Komputer & Teknologi | Terjangkau (5-10jt) | Baik Sekali / B,-
1041,UNIVERSITAS BINANIAGA INDONESIA,JAWA BARAT,TEKNOLOGI INFORMASI,BAIK,6275000.0,JAWA BARAT | Komputer & Teknologi | Terjangkau (5-10jt) | Baik Sekali / B,-
1051,SEKOLAH TINGGI TEKNOLOGI WASTUKANCANA,JAWA BARAT,INFORMATIKA,BAIK SEKALI,6250000.0,JAWA BARAT | Komputer & Teknologi | Terjangkau (5-10jt) | Baik Sekali / B,-
1050,UNIVERSITAS BINA INSANI,JAWA BARAT,INFORMATIKA,BAIK SEKALI,6250000.0,JAWA BARAT | Komputer & Teknologi | Terjangkau (5-10jt) | Baik Sekali / B,-
1050,UNIVERSITAS BINA INSANI,JAWA BARAT,REKAYASA PERANGKAT LUNAK,BAIK,6250000.0,JAWA BARAT | Komputer & Teknologi | Terjangkau (5-10jt) | Baik Sekali / B,-
1050,UNIVERSITAS BINA INSANI,JAWA BARAT,SISTEM INFORMASI,BAIK SEKALI,6250000.0,JAWA BARAT | Komputer & Teknologi | Terjangkau (5-10jt) | Baik Sekali / B,-
1077,UNIVERSITAS MAJALENGKA,JAWA BARAT,INFORMATIKA,C,6025000.0,JAWA BARAT | Komputer & Teknologi | Terjangkau (5-10jt) | Baik Sekali / B,https://rencanamu.id/cari-kampus/universitas-majalengka
1075,STMIK IKMI CIREBON,JAWA BARAT,INFORMATIKA,BAIK SEKALI,6000000.0,JAWA BARAT | Komputer & Teknologi | Terjangkau (5-10jt) | Baik Sekali / B,-
1075,STMIK IKMI CIREBON,JAWA BARAT,REKAYASA PERANGKAT LUNAK,BAIK,6000000.0,JAWA BARAT | Komputer & Teknologi | Terjangkau (5-10jt) | Baik Sekali / B,-
1075,STMIK IKMI CIREBON,JAWA BARAT,SISTEM INFORMASI,BAIK,6000000.0,JAWA BARAT | Komputer & Teknologi | Terjangkau (5-10jt) | Baik Sekali / B,-
1122,UNIVERSITAS BALE BANDUNG,JAWA BARAT,INFORMATIKA,BAIK,6000000.0,JAWA BARAT | Komputer & Teknologi | Terjangkau (5-10jt) | Baik Sekali / B,https://campus.quipper.com/directory/universitas-bale-bandung
1122,UNIVERSITAS BALE BANDUNG,JAWA BARAT,SISTEM INFORMASI,BAIK,6000000.0,JAWA BARAT | Komputer & Teknologi | Terjangkau (5-10jt) | Baik Sekali / B,https://campus.quipper.com/directory/universitas-bale-bandung
1117,UNIVERSITAS SUBANG,JAWA BARAT,SISTEM INFORMASI,BAIK SEKALI,6000000.0,JAWA BARAT | Komputer & Teknologi | Terjangkau (5-10jt) | Baik Sekali / B,https://campus.quipper.com/directory/universitas-subang
1140,UNIVERSITAS PELITA BANGSA,JAWA BARAT,INFORMATIKA,B,5800000.0,JAWA BARAT | Komputer & Teknologi | Terjangkau (5-10jt) | Baik Sekali / B,https://campus.quipper.com/directory/universitas-pelita-bangsa
1180,SEKOLAH TINGGI TEKNOLOGI PRATAMA ADI,JAWA BARAT,INFORMATIKA,BAIK,5400000.0,JAWA BARAT | Komputer & Teknologi | Terjangkau (5-10jt) | Baik Sekali / B,-
1226,INSTITUT BISNIS MUHAMMADIYAH BEKASI,JAWA BARAT,INFORMATIKA,BAIK,5000000.0,JAWA BARAT | Komputer & Teknologi | Terjangkau (5-10jt) | Baik Sekali / B,-
1227,SEKOLAH TINGGI TEKNOLOGI INFORMATIKA SONY SUGEMA,JAWA BARAT,INFORMATIKA,BAIK,5000000.0,JAWA BARAT | Komputer & Teknologi | Terjangkau (5-10jt) | Baik Sekali / B,-
1247,UNIVERSITAS MA'SOEM,JAWA BARAT,INFORMATIKA,BAIK,5000000.0,JAWA BARAT | Komputer & Teknologi | Terjangkau (5-10jt) | Baik Sekali / B,-
1247,UNIVERSITAS MA'SOEM,JAWA BARAT,SISTEM INFORMASI,BAIK,5000000.0,JAWA BARAT | Komputer & Teknologi | Terjangkau (5-10jt) | Baik Sekali / B,-
1261,UNIVERSITAS MANDIRI,JAWA BARAT,INFORMATIKA,BAIK,5000000.0,JAWA BARAT | Komputer & Teknologi | Terjangkau (5-10jt) | Baik Sekali / B,-
1261,UNIVERSITAS MANDIRI,JAWA BARAT,SISTEM INFORMASI,BAIK,5000000.0,JAWA BARAT | Komputer & Teknologi | Terjangkau (5-10jt) | Baik Sekali / B,-
1276,STMIK MERCUSUAR,JAWA BARAT,INFORMATIKA,BAIK,4800000.0,JAWA BARAT | Komputer & Teknologi | Hemat (<5jt) | Baik Sekali / B,-
1276,STMIK MERCUSUAR,JAWA BARAT,SISTEM INFORMASI,BAIK,4800000.0,JAWA BARAT | Komputer & Teknologi | Hemat (<5jt) | Baik Sekali / B,-
1376,UNIVERSITAS CIPASUNG TASIKMALAYA,JAWA BARAT,REKAYASA PERANGKAT LUNAK,BAIK,4340000.0,JAWA BARAT | Komputer & Teknologi | Hemat (<5jt) | Baik Sekali / B,-
1376,UNIVERSITAS CIPASUNG TASIKMALAYA,JAWA BARAT,SISTEM INFORMASI,BAIK,4340000.0,JAWA BARAT | Komputer & Teknologi | Hemat (<5jt) | Baik Sekali / B,-
16,UNIVERSITAS BSI BANDUNG,JAWA BARAT,INFORMATIKA,B,4150000.0,JAWA BARAT | Komputer & Teknologi | Hemat (<5jt) | Baik Sekali / B,https://rencanamu.id/cari-kampus/universitas-bsi-bandung
16,UNIVERSITAS BSI BANDUNG,JAWA BARAT,REKAYASA PERANGKAT LUNAK,B,4150000.0,JAWA BARAT | Komputer & Teknologi | Hemat (<5jt) | Baik Sekali / B,https://rencanamu.id/cari-kampus/universitas-bsi-bandung
16,UNIVERSITAS BSI BANDUNG,JAWA BARAT,SISTEM INFORMASI,B,4150000.0,JAWA BARAT | Komputer & Teknologi | Hemat (<5jt) | Baik Sekali / B,https://rencanamu.id/cari-kampus/universitas-bsi-bandung
16,UNIVERSITAS BSI BANDUNG,JAWA BARAT,SISTEM INFORMASI AKUNTANSI,B,4150000.0,JAWA BARAT | Komputer & Teknologi | Hemat (<5jt) | Baik Sekali / B,https://rencanamu.id/cari-kampus/universitas-bsi-bandung
1397,UNIVERSITAS NAHDLATUL ULAMA CIREBON,JAWA BARAT,INFORMATIKA,BAIK,4000146.0,JAWA BARAT | Komputer & Teknologi | Hemat (<5jt) | Baik Sekali / B,-
1397,UNIVERSITAS NAHDLATUL ULAMA CIREBON,JAWA BARAT,SISTEM INFORMASI,BAIK,4000146.0,JAWA BARAT | Komputer & Teknologi | Hemat (<5jt) | Baik Sekali / B,-
20,UNIVERSITAS NASIONAL PASIM,JAWA BARAT,INFORMATIKA,BAIK SEKALI,3600000.0,JAWA BARAT | Komputer & Teknologi | Hemat (<5jt) | Baik Sekali / B,-
1507,SEKOLAH TINGGI TEKNOLOGI CIPASUNG,JAWA BARAT,INFORMATIKA,BAIK,2250000.0,JAWA BARAT | Komputer & Teknologi | Hemat (<5jt) | Baik Sekali / B,-
1513,SEKOLAH TINGGI TEKNOLOGI INDONESIA,JAWA BARAT,INFORMATIKA,TIDAK TERAKREDITASI,2000000.0,JAWA BARAT | Komputer & Teknologi | Hemat (<5jt) | Baik Sekali / B,-
1526,UNIVERSITAS BAKTI TUNAS HUSADA,JAWA BARAT,SISTEM INFORMASI,BAIK,900000.0,JAWA BARAT | Komputer & Teknologi | Hemat (<5jt) | Baik Sekali / B,-
64,UNIVERSITAS ISLAM NUSANTARA,JAWA BARAT,ILMU PERPUSTAKAAN,C,67040000.0,JAWA BARAT | Lainnya | Sangat Mahal (>50jt) | Baik Sekali / B,https://rencanamu.id/cari-kampus/universitas-islam-nusantara
64,UNIVERSITAS ISLAM NUSANTARA,JAWA BARAT,MASYARAKAT,BAIK SEKALI,67040000.0,JAWA BARAT | Lainnya | Sangat Mahal (>50jt) | Baik Sekali / B,https://rencanamu.id/cari-kampus/universitas-islam-nusantara
75,UNIVERSITAS KOPERASI INDONESIA,JAWA BARAT,TEKNOLOGI PANGAN,BAIK,57050000.0,JAWA BARAT | Lainnya | Sangat Mahal (>50jt) | Baik Sekali / B,-
81,UNIVERSITAS KRISTEN MARANATHA,JAWA BARAT,BIOTEKNOLOGI,BAIK,52352500.0,JAWA BARAT | Lainnya | Sangat Mahal (>50jt) | Baik Sekali / B,https://rencanamu.id/cari-kampus/universitas-kristen-maranatha
129,UNIVERSITAS PAKUAN,JAWA BARAT,PERENCANAAN WILAYAH KOTA,B,35000006.0,JAWA BARAT | Lainnya | Mahal (20-50jt) | Baik Sekali / B,https://rencanamu.id/cari-kampus/universitas-pakuan
150,UNIVERSITAS SALI AL-AITAAM,JAWA BARAT,PERENCANAAN WILAYAH KOTA,BAIK,31515000.0,JAWA BARAT | Lainnya | Mahal (20-50jt) | Baik Sekali / B,-
196,UNIVERSITAS ISLAM AL-IHYA KUNINGAN,JAWA BARAT,TEKNOLOGI PANGAN,BAIK,26118000.0,JAWA BARAT | Lainnya | Mahal (20-50jt) | Baik Sekali / B,-
197,UNIVERSITAS TELKOM,JAWA BARAT,TEKNOLOGI PANGAN,BAIK,26000000.0,JAWA BARAT | Lainnya | Mahal (20-50jt) | Baik Sekali / B,https://campus.quipper.com/directory/universitas-telkom
212,UNIVERSITAS KOMPUTER INDONESIA,JAWA BARAT,PERENCANAAN WILAYAH KOTA,B,24950000.0,JAWA BARAT | Lainnya | Mahal (20-50jt) | Baik Sekali / B,https://rencanamu.id/cari-kampus/universitas-komputer-indonesia
257,UNIVERSITAS JENDERAL ACHMAD YANI,JAWA BARAT,GEOMATIKA,BAIK,21504000.0,JAWA BARAT | Lainnya | Mahal (20-50jt) | Baik Sekali / B,https://rencanamu.id/cari-kampus/universitas-jenderal-achmad-yani
456,INSTITUT KEGURUAN DAN ILMU PENDIDIKAN SILIWANGI,JAWA BARAT,MASYARAKAT,UNGGUL,13800000.0,JAWA BARAT | Lainnya | Menengah (10-20jt) | Baik Sekali / B,-
481,INSTITUT TEKNOLOGI DAN SAINS BANDUNG,JAWA BARAT,,C,13000000.0,JAWA BARAT | Lainnya | Menengah (10-20jt) | Baik Sekali / B,https://campus.quipper.com/directory/institut-teknologi-dan-sains-bandung
481,INSTITUT TEKNOLOGI DAN SAINS BANDUNG,JAWA BARAT,PERENCANAAN WILAYAH KOTA,B,13000000.0,JAWA BARAT | Lainnya | Menengah (10-20jt) | Baik Sekali / B,https://campus.quipper.com/directory/institut-teknologi-dan-sains-bandung
534,UNIVERSITAS ISLAM 45 BEKASI,JAWA BARAT,,B,12000000.0,JAWA BARAT | Lainnya | Menengah (10-20jt) | Baik Sekali / B,https://campus.quipper.com/directory/universitas-islam-45-bekasi
580,UNIVERSITAS WIDYATAMA,JAWA BARAT,,B,11100000.0,JAWA BARAT | Lainnya | Menengah (10-20jt) | Baik Sekali / B,https://rencanamu.id/cari-kampus/universitas-widyatama
580,UNIVERSITAS WIDYATAMA,JAWA BARAT,ILMU PERPUSTAKAAN,BAIK,11100000.0,JAWA BARAT | Lainnya | Menengah (10-20jt) | Baik Sekali / B,https://rencanamu.id/cari-kampus/universitas-widyatama
599,UNIVERSITAS DJUANDA,JAWA BARAT,BUDIDAYA PERAIRAN,UNGGUL,10800000.0,JAWA BARAT | Lainnya | Menengah (10-20jt) | Baik Sekali / B,https://campus.quipper.com/directory/universitas-djuanda
599,UNIVERSITAS DJUANDA,JAWA BARAT,TEKNOLOGI PANGAN,B,10800000.0,JAWA BARAT | Lainnya | Menengah (10-20jt) | Baik Sekali / B,https://campus.quipper.com/directory/universitas-djuanda
603,UNIVERSITAS AL-GHIFARI,JAWA BARAT,TEKNOLOGI PANGAN,BAIK,10690000.0,JAWA BARAT | Lainnya | Menengah (10-20jt) | Baik Sekali / B,-
52,UNIVERSITAS ISLAM BANDUNG,JAWA BARAT,GURU PAUD,B,93250000.0,JAWA BARAT | Pendidikan | Sangat Mahal (>50jt) | Baik Sekali / B,https://rencanamu.id/cari-kampus/universitas-islam-bandung
59,UNIVERSITAS 17 AGUSTUS 1945 CIREBON,JAWA BARAT,JASMANI,BAIK SEKALI,75500000.0,JAWA BARAT | Pendidikan | Sangat Mahal (>50jt) | Baik Sekali / B,https://campus.quipper.com/directory/universitas-17-agustus-1945-cirebon
64,UNIVERSITAS ISLAM NUSANTARA,JAWA BARAT,GURU ANAK USIA DINI,BAIK SEKALI,67040000.0,JAWA BARAT | Pendidikan | Sangat Mahal (>50jt) | Baik Sekali / B,https://rencanamu.id/cari-kampus/universitas-islam-nusantara
64,UNIVERSITAS ISLAM NUSANTARA,JAWA BARAT,GURU PAUD,B,67040000.0,JAWA BARAT | Pendidikan | Sangat Mahal (>50jt) | Baik Sekali / B,https://rencanamu.id/cari-kampus/universitas-islam-nusantara
26,UNIVERSITAS PASUNDAN,JAWA BARAT,GURU,A,48250000.0,JAWA BARAT | Pendidikan | Mahal (20-50jt) | Baik / C,https://rencanamu.id/cari-kampus/universitas-pasundan
26,UNIVERSITAS PASUNDAN,JAWA BARAT,GURU SEKOLAH DASAR,C,48250000.0,JAWA BARAT | Pendidikan | Mahal (20-50jt) | Baik / C,https://rencanamu.id/cari-kampus/universitas-pasundan
2,PRESIDENT UNIVERSITY,JAWA BARAT,GURU,A,36000000.0,JAWA BARAT | Pendidikan | Mahal (20-50jt) | Baik / C,https://rencanamu.id/cari-kampus/president-university
129,UNIVERSITAS PAKUAN,JAWA BARAT,GURU SEKOLAH DASAR,C,35000006.0,JAWA BARAT | Pendidikan | Mahal (20-50jt) | Baik / C,https://rencanamu.id/cari-kampus/universitas-pakuan
150,UNIVERSITAS SALI AL-AITAAM,JAWA BARAT,OLAHRAGA,BAIK,31515000.0,JAWA BARAT | Pendidikan | Mahal (20-50jt) | Baik Sekali / B,-
196,UNIVERSITAS ISLAM AL-IHYA KUNINGAN,JAWA BARAT,GURU ANAK USIA DINI,B,26118000.0,JAWA BARAT | Pendidikan | Mahal (20-50jt) | Baik Sekali / B,-
196,UNIVERSITAS ISLAM AL-IHYA KUNINGAN,JAWA BARAT,GURU SEKOLAH DASAR,BAIK SEKALI,26118000.0,JAWA BARAT | Pendidikan | Mahal (20-50jt) | Baik Sekali / B,-
196,UNIVERSITAS ISLAM AL-IHYA KUNINGAN,JAWA BARAT,JASMANI,BAIK,26118000.0,JAWA BARAT | Pendidikan | Mahal (20-50jt) | Baik Sekali / B,-
1531,UNIVERSITAS BANI SALEH,JAWA BARAT,GURU ANAK USIA DINI,BAIK,25450000.0,JAWA BARAT | Pendidikan | Mahal (20-50jt) | Baik Sekali / B,-
1531,UNIVERSITAS BANI SALEH,JAWA BARAT,GURU SEKOLAH DASAR,BAIK,25450000.0,JAWA BARAT | Pendidikan | Mahal (20-50jt) | Baik Sekali / B,-
204,SEKOLAH TINGGI KEGURUAN DAN ILMU PENDIDIKAN PASUNDAN,JAWA BARAT,JASMANI,UNGGUL,25150000.0,JAWA BARAT | Pendidikan | Mahal (20-50jt) | Baik Sekali / B,-
279,UNIVERSITAS PANCA SAKTI BEKASI,JAWA BARAT,GURU ANAK USIA DINI,BAIK SEKALI,20200000.0,JAWA BARAT | Pendidikan | Mahal (20-50jt) | Baik Sekali / B,-
456,INSTITUT KEGURUAN DAN ILMU PENDIDIKAN SILIWANGI,JAWA BARAT,BIMBINGAN KONSELING,BAIK SEKALI,13800000.0,JAWA BARAT | Pendidikan | Menengah (10-20jt) | Baik Sekali / B,-
456,INSTITUT KEGURUAN DAN ILMU PENDIDIKAN SILIWANGI,JAWA BARAT,GURU ANAK USIA DINI,BAIK SEKALI,13800000.0,JAWA BARAT | Pendidikan | Menengah (10-20jt) | Baik Sekali / B,-
456,INSTITUT KEGURUAN DAN ILMU PENDIDIKAN SILIWANGI,JAWA BARAT,GURU SEKOLAH DASAR,BAIK SEKALI,13800000.0,JAWA BARAT | Pendidikan | Menengah (10-20jt) | Baik Sekali / B,-
490,UNIVERSITAS AN NASHER,JAWA BARAT,GURU SEKOLAH DASAR,BAIK,12750000.0,JAWA BARAT | Pendidikan | Menengah (10-20jt) | Baik Sekali / B,-
524,UNIVERSITAS KUNINGAN,JAWA BARAT,GURU SEKOLAH DASAR,B,12150000.0,JAWA BARAT | Pendidikan | Menengah (10-20jt) | Baik Sekali / B,https://rencanamu.id/cari-kampus/universitas-kuningan
539,UNIVERSITAS GALUH,JAWA BARAT,JASMANI,B,12000000.0,JAWA BARAT | Pendidikan | Menengah (10-20jt) | Baik Sekali / B,-
534,UNIVERSITAS ISLAM 45 BEKASI,JAWA BARAT,GURU SEKOLAH DASAR,B,12000000.0,JAWA BARAT | Pendidikan | Menengah (10-20jt) | Baik Sekali / B,https://campus.quipper.com/directory/universitas-islam-45-bekasi
534,UNIVERSITAS ISLAM 45 BEKASI,JAWA BARAT,OLAHRAGA,B,12000000.0,JAWA BARAT | Pendidikan | Menengah (10-20jt) | Baik Sekali / B,https://campus.quipper.com/directory/universitas-islam-45-bekasi
567,UNIVERSITAS LANGLANGBUANA,JAWA BARAT,GURU SEKOLAH DASAR,B,11500000.0,JAWA BARAT | Pendidikan | Menengah (10-20jt) | Baik Sekali / B,https://campus.quipper.com/directory/universitas-langlangbuana
596,UNIVERSITAS MUHAMMADIYAH SUKABUMI,JAWA BARAT,GURU ANAK USIA DINI,BAIK SEKALI,10836000.0,JAWA BARAT | Pendidikan | Menengah (10-20jt) | Baik Sekali / B,-
596,UNIVERSITAS MUHAMMADIYAH SUKABUMI,JAWA BARAT,JASMANI,BAIK SEKALI,10836000.0,JAWA BARAT | Pendidikan | Menengah (10-20jt) | Baik Sekali / B,-
599,UNIVERSITAS DJUANDA,JAWA BARAT,GURU SEKOLAH DASAR,B,10800000.0,JAWA BARAT | Pendidikan | Menengah (10-20jt) | Baik Sekali / B,https://campus.quipper.com/directory/universitas-djuanda
676,UNIVERSITAS HALIM SANUSI,JAWA BARAT,GURU SEKOLAH DASAR,BAIK,9516000.0,JAWA BARAT | Pendidikan | Terjangkau (5-10jt) | Baik Sekali / B,-
734,UNIVERSITAS MUHAMMADIYAH CIREBON,JAWA BARAT,GURU SEKOLAH DASAR,BAIK SEKALI,8850000.0,JAWA BARAT | Pendidikan | Terjangkau (5-10jt) | Baik Sekali / B,-
734,UNIVERSITAS MUHAMMADIYAH CIREBON,JAWA BARAT,OLAHRAGA,BAIK,8850000.0,JAWA BARAT | Pendidikan | Terjangkau (5-10jt) | Baik Sekali / B,-
736,UNIVERSITAS CATUR INSAN CENDEKIA,JAWA BARAT,OLAHRAGA,BAIK,8820000.0,JAWA BARAT | Pendidikan | Terjangkau (5-10jt) | Baik Sekali / B,-
737,UNIVERSITAS ISLAM AS-SYAFIIYAH,JAWA BARAT,BIMBINGAN KONSELING,BAIK SEKALI,8812500.0,JAWA BARAT | Pendidikan | Terjangkau (5-10jt) | Baik Sekali / B,-
776,UNIVERSITAS SURYAKANCANA,JAWA BARAT,JASMANI,B,8160000.0,JAWA BARAT | Pendidikan | Terjangkau (5-10jt) | Baik Sekali / B,-
820,UNIVERSITAS SEBELAS APRIL,JAWA BARAT,GURU ANAK USIA DINI,BAIK SEKALI,8000000.0,JAWA BARAT | Pendidikan | Terjangkau (5-10jt) | Baik Sekali / B,-
820,UNIVERSITAS SEBELAS APRIL,JAWA BARAT,GURU SEKOLAH DASAR,B,8000000.0,JAWA BARAT | Pendidikan | Terjangkau (5-10jt) | Baik Sekali / B,-
820,UNIVERSITAS SEBELAS APRIL,JAWA BARAT,JASMANI,B,8000000.0,JAWA BARAT | Pendidikan | Terjangkau (5-10jt) | Baik Sekali / B,-
854,UNIVERSITAS NUSA PUTRA,JAWA BARAT,GURU SEKOLAH DASAR,BAIK SEKALI,7600000.0,JAWA BARAT | Pendidikan | Terjangkau (5-10jt) | Baik Sekali / B,-
865,INSTITUT PRIMA BANGSA,JAWA BARAT,GURU SEKOLAH DASAR,BAIK SEKALI,7500000.0,JAWA BARAT | Pendidikan | Terjangkau (5-10jt) | Baik Sekali / B,-
938,INSTITUT PENDIDIKAN DAN BAHASA INVADA,JAWA BARAT,GURU SEKOLAH DASAR,BAIK,7000000.0,JAWA BARAT | Pendidikan | Terjangkau (5-10jt) | Baik Sekali / B,https://campus.quipper.com/directory/institut-pendidikan-dan-bahasa-invada-ipb-cirebon
945,UNIVERSITAS LANGLANG BUANA,JAWA BARAT,GURU SEKOLAH DASAR,BAIK,7000000.0,JAWA BARAT | Pendidikan | Terjangkau (5-10jt) | Baik Sekali / B,-
932,UNIVERSITAS PERJUANGAN TASIKMALAYA,JAWA BARAT,GURU SEKOLAH DASAR,BAIK SEKALI,7000000.0,JAWA BARAT | Pendidikan | Terjangkau (5-10jt) | Baik Sekali / B,-
955,UNIVERSITAS MUHAMMADIYAH BOGOR RAYA,JAWA BARAT,GURU ANAK USIA DINI,BAIK,6900000.0,JAWA BARAT | Pendidikan | Terjangkau (5-10jt) | Baik Sekali / B,-
1077,UNIVERSITAS MAJALENGKA,JAWA BARAT,GURU SEKOLAH DASAR,BAIK SEKALI,6025000.0,JAWA BARAT | Pendidikan | Terjangkau (5-10jt) | Baik Sekali / B,https://rencanamu.id/cari-kampus/universitas-majalengka
1077,UNIVERSITAS MAJALENGKA,JAWA BARAT,JASMANI,BAIK SEKALI,6025000.0,JAWA BARAT | Pendidikan | Terjangkau (5-10jt) | Baik Sekali / B,https://rencanamu.id/cari-kampus/universitas-majalengka
1117,UNIVERSITAS SUBANG,JAWA BARAT,JASMANI,BAIK SEKALI,6000000.0,JAWA BARAT | Pendidikan | Terjangkau (5-10jt) | Baik Sekali / B,https://campus.quipper.com/directory/universitas-subang
1117,UNIVERSITAS SUBANG,JAWA BARAT,OLAHRAGA,BAIK SEKALI,6000000.0,JAWA BARAT | Pendidikan | Terjangkau (5-10jt) | Baik Sekali / B,https://campus.quipper.com/directory/universitas-subang
1140,UNIVERSITAS PELITA BANGSA,JAWA BARAT,GURU ANAK USIA DINI,BAIK,5800000.0,JAWA BARAT | Pendidikan | Terjangkau (5-10jt) | Baik Sekali / B,https://campus.quipper.com/directory/universitas-pelita-bangsa
1140,UNIVERSITAS PELITA BANGSA,JAWA BARAT,GURU SEKOLAH DASAR,BAIK,5800000.0,JAWA BARAT | Pendidikan | Terjangkau (5-10jt) | Baik Sekali / B,https://campus.quipper.com/directory/universitas-pelita-bangsa
1247,UNIVERSITAS MA'SOEM,JAWA BARAT,BIMBINGAN KONSELING,BAIK,5000000.0,JAWA BARAT | Pendidikan | Terjangkau (5-10jt) | Baik Sekali / B,-
1261,UNIVERSITAS MANDIRI,JAWA BARAT,GURU SEKOLAH DASAR,BAIK,5000000.0,JAWA BARAT | Pendidikan | Terjangkau (5-10jt) | Baik Sekali / B,-
1261,UNIVERSITAS MANDIRI,JAWA BARAT,OLAHRAGA,BAIK,5000000.0,JAWA BARAT | Pendidikan | Terjangkau (5-10jt) | Baik Sekali / B,-
1383,UNIVERSITAS GALUH CIAMIS,JAWA BARAT,GURU,B,4250000.0,JAWA BARAT | Pendidikan | Hemat (<5jt) | Baik Sekali / B,https://campus.quipper.com/directory/universitas-galuh-ciamis
1383,UNIVERSITAS GALUH CIAMIS,JAWA BARAT,JASMANI,B,4250000.0,JAWA BARAT | Pendidikan | Hemat (<5jt) | Baik Sekali / B,https://campus.quipper.com/directory/universitas-galuh-ciamis
1383,UNIVERSITAS GALUH CIAMIS,JAWA BARAT,OLAHRAGA,B,4250000.0,JAWA BARAT | Pendidikan | Hemat (<5jt) | Baik Sekali / B,https://campus.quipper.com/directory/universitas-galuh-ciamis
1460,STKIP SEBELAS APRIL,JAWA BARAT,GURU SEKOLAH DASAR,B,3200000.0,JAWA BARAT | Pendidikan | Hemat (<5jt) | Baik Sekali / B,https://campus.quipper.com/directory/stkip-sebelas-april
1460,STKIP SEBELAS APRIL,JAWA BARAT,JASMANI,B,3200000.0,JAWA BARAT | Pendidikan | Hemat (<5jt) | Baik Sekali / B,https://campus.quipper.com/directory/stkip-sebelas-april
1460,STKIP SEBELAS APRIL,JAWA BARAT,OLAHRAGA,BAIK,3200000.0,JAWA BARAT | Pendidikan | Hemat (<5jt) | Baik Sekali / B,https://campus.quipper.com/directory/stkip-sebelas-april
59,UNIVERSITAS 17 AGUSTUS 1945 CIREBON,JAWA BARAT,PERIKANAN,B,75500000.0,JAWA BARAT | Sains & Agro | Sangat Mahal (>50jt) | Baik Sekali / B,https://campus.quipper.com/directory/universitas-17-agustus-1945-cirebon
64,UNIVERSITAS ISLAM NUSANTARA,JAWA BARAT,AGROTEKNOLOGI,B,67040000.0,JAWA BARAT | Sains & Agro | Sangat Mahal (>50jt) | Baik Sekali / B,https://rencanamu.id/cari-kampus/universitas-islam-nusantara
64,UNIVERSITAS ISLAM NUSANTARA,JAWA BARAT,MATEMATIKA,B,67040000.0,JAWA BARAT | Sains & Agro | Sangat Mahal (>50jt) | Baik Sekali / B,https://rencanamu.id/cari-kampus/universitas-islam-nusantara
66,UNIVERSITAS KEBANGSAAN REPUBLIK INDONESIA,JAWA BARAT,FISIKA,BAIK,66200003.0,JAWA BARAT | Sains & Agro | Sangat Mahal (>50jt) | Baik Sekali / B,-
66,UNIVERSITAS KEBANGSAAN REPUBLIK INDONESIA,JAWA BARAT,MATEMATIKA,BAIK,66200003.0,JAWA BARAT | Sains & Agro | Sangat Mahal (>50jt) | Baik Sekali / B,-
92,INSTITUT TEKNOLOGI NASIONAL BANDUNG,JAWA BARAT,KIMIA,BAIK SEKALI,48335000.0,JAWA BARAT | Sains & Agro | Mahal (20-50jt) | Baik Sekali / B,-
26,UNIVERSITAS PASUNDAN,JAWA BARAT,BIOLOGI,A,48250000.0,JAWA BARAT | Sains & Agro | Mahal (20-50jt) | Baik Sekali / B,https://rencanamu.id/cari-kampus/universitas-pasundan
26,UNIVERSITAS PASUNDAN,JAWA BARAT,MATEMATIKA,B,48250000.0,JAWA BARAT | Sains & Agro | Mahal (20-50jt) | Baik Sekali / B,https://rencanamu.id/cari-kampus/universitas-pasundan
129,UNIVERSITAS PAKUAN,JAWA BARAT,BIOLOGI,B,35000006.0,JAWA BARAT | Sains & Agro | Mahal (20-50jt) | Baik Sekali / B,https://rencanamu.id/cari-kampus/universitas-pakuan
129,UNIVERSITAS PAKUAN,JAWA BARAT,GEOLOGI,C,35000006.0,JAWA BARAT | Sains & Agro | Mahal (20-50jt) | Baik Sekali / B,https://rencanamu.id/cari-kampus/universitas-pakuan
129,UNIVERSITAS PAKUAN,JAWA BARAT,KIMIA,B,35000006.0,JAWA BARAT | Sains & Agro | Mahal (20-50jt) | Baik Sekali / B,https://rencanamu.id/cari-kampus/universitas-pakuan
129,UNIVERSITAS PAKUAN,JAWA BARAT,MATEMATIKA,B,35000006.0,JAWA BARAT | Sains & Agro | Mahal (20-50jt) | Baik Sekali / B,https://rencanamu.id/cari-kampus/universitas-pakuan
129,UNIVERSITAS PAKUAN,JAWA BARAT,PENGETAHUAN ALAM,BAIK,35000006.0,JAWA BARAT | Sains & Agro | Mahal (20-50jt) | Baik Sekali / B,https://rencanamu.id/cari-kampus/universitas-pakuan
150,UNIVERSITAS SALI AL-AITAAM,JAWA BARAT,AGROTEKNOLOGI,BAIK,31515000.0,JAWA BARAT | Sains & Agro | Mahal (20-50jt) | Baik Sekali / B,-
150,UNIVERSITAS SALI AL-AITAAM,JAWA BARAT,BIOLOGI,BAIK,31515000.0,JAWA BARAT | Sains & Agro | Mahal (20-50jt) | Baik Sekali / B,-
180,UNIVERSITAS ADVENT INDONESIA,JAWA BARAT,BIOLOGI,B,27520000.0,JAWA BARAT | Sains & Agro | Mahal (20-50jt) | Baik Sekali / B,https://campus.quipper.com/directory/universitas-advent-indonesia
180,UNIVERSITAS ADVENT INDONESIA,JAWA BARAT,MATEMATIKA,B,27520000.0,JAWA BARAT | Sains & Agro | Mahal (20-50jt) | Baik Sekali / B,https://campus.quipper.com/directory/universitas-advent-indonesia
197,UNIVERSITAS TELKOM,JAWA BARAT,BIOLOGI,BAIK,26000000.0,JAWA BARAT | Sains & Agro | Mahal (20-50jt) | Baik Sekali / B,https://campus.quipper.com/directory/universitas-telkom
197,UNIVERSITAS TELKOM,JAWA BARAT,FISIKA,UNGGUL,26000000.0,JAWA BARAT | Sains & Agro | Mahal (20-50jt) | Baik Sekali / B,https://campus.quipper.com/directory/universitas-telkom
257,UNIVERSITAS JENDERAL ACHMAD YANI,JAWA BARAT,KIMIA,B,21504000.0,JAWA BARAT | Sains & Agro | Mahal (20-50jt) | Baik Sekali / B,https://rencanamu.id/cari-kampus/universitas-jenderal-achmad-yani
336,UNIVERSITAS WINAYA MUKTI,JAWA BARAT,AGROTEKNOLOGI,B,17900000.0,JAWA BARAT | Sains & Agro | Menengah (10-20jt) | Baik Sekali / B,-
336,UNIVERSITAS WINAYA MUKTI,JAWA BARAT,KEHUTANAN,B,17900000.0,JAWA BARAT | Sains & Agro | Menengah (10-20jt) | Baik Sekali / B,-
368,UNIVERSITAS GUNADARMA,JAWA BARAT,AGROTEKNOLOGI,BAIK SEKALI,16100000.0,JAWA BARAT | Sains & Agro | Menengah (10-20jt) | Baik Sekali / B,https://rencanamu.id/cari-kampus/universitas-gunadarma
370,INSTITUT BISNIS DAN INFORMATIKA KESATUAN,JAWA BARAT,BIOKIMIA,BAIK,16000000.0,JAWA BARAT | Sains & Agro | Menengah (10-20jt) | Baik Sekali / B,https://campus.quipper.com/directory/sekolah-tinggi-ilmu-ekonomi-kesatuan
712,UNIVERSITAS ISLAM 45,JAWA BARAT,GEOGRAFI,BAIK SEKALI,14527000.0,JAWA BARAT | Sains & Agro | Menengah (10-20jt) | Baik Sekali / B,-
456,INSTITUT KEGURUAN DAN ILMU PENDIDIKAN SILIWANGI,JAWA BARAT,MATEMATIKA,UNGGUL,13800000.0,JAWA BARAT | Sains & Agro | Menengah (10-20jt) | Unggul / A,-
517,INSTITUT TEKNOLOGI DAN BISNIS RIYADLUL ULUM,JAWA BARAT,AGROTEKNOLOGI,BAIK,12232000.0,JAWA BARAT | Sains & Agro | Menengah (10-20jt) | Baik Sekali / B,-
524,UNIVERSITAS KUNINGAN,JAWA BARAT,BIOLOGI,B,12150000.0,JAWA BARAT | Sains & Agro | Menengah (10-20jt) | Baik Sekali / B,https://rencanamu.id/cari-kampus/universitas-kuningan
524,UNIVERSITAS KUNINGAN,JAWA BARAT,KEHUTANAN,B,12150000.0,JAWA BARAT | Sains & Agro | Menengah (10-20jt) | Baik Sekali / B,https://rencanamu.id/cari-kampus/universitas-kuningan
524,UNIVERSITAS KUNINGAN,JAWA BARAT,MATEMATIKA,B,12150000.0,JAWA BARAT | Sains & Agro | Menengah (10-20jt) | Baik Sekali / B,https://rencanamu.id/cari-kampus/universitas-kuningan
539,UNIVERSITAS GALUH,JAWA BARAT,MATEMATIKA,BAIK SEKALI,12000000.0,JAWA BARAT | Sains & Agro | Menengah (10-20jt) | Baik Sekali / B,-
534,UNIVERSITAS ISLAM 45 BEKASI,JAWA BARAT,GEOGRAFI,B,12000000.0,JAWA BARAT | Sains & Agro | Menengah (10-20jt) | Baik Sekali / B,https://campus.quipper.com/directory/universitas-islam-45-bekasi
567,UNIVERSITAS LANGLANGBUANA,JAWA BARAT,MATEMATIKA,B,11500000.0,JAWA BARAT | Sains & Agro | Menengah (10-20jt) | Baik Sekali / B,https://campus.quipper.com/directory/universitas-langlangbuana
596,UNIVERSITAS MUHAMMADIYAH SUKABUMI,JAWA BARAT,AKUAKULTUR,B,10836000.0,JAWA BARAT | Sains & Agro | Menengah (10-20jt) | Baik Sekali / B,-
596,UNIVERSITAS MUHAMMADIYAH SUKABUMI,JAWA BARAT,BIOLOGI,UNGGUL,10836000.0,JAWA BARAT | Sains & Agro | Menengah (10-20jt) | Unggul / A,-
596,UNIVERSITAS MUHAMMADIYAH SUKABUMI,JAWA BARAT,KIMIA,BAIK SEKALI,10836000.0,JAWA BARAT | Sains & Agro | Menengah (10-20jt) | Baik Sekali / B,-
596,UNIVERSITAS MUHAMMADIYAH SUKABUMI,JAWA BARAT,MATEMATIKA,UNGGUL,10836000.0,JAWA BARAT | Sains & Agro | Menengah (10-20jt) | Unggul / A,-
599,UNIVERSITAS DJUANDA,JAWA BARAT,AGROTEKNOLOGI,B,10800000.0,JAWA BARAT | Sains & Agro | Menengah (10-20jt) | Baik Sekali / B,https://campus.quipper.com/directory/universitas-djuanda
599,UNIVERSITAS DJUANDA,JAWA BARAT,AKUAKULTUR,B,10800000.0,JAWA BARAT | Sains & Agro | Menengah (10-20jt) | Baik Sekali / B,https://campus.quipper.com/directory/universitas-djuanda
599,UNIVERSITAS DJUANDA,JAWA BARAT,PERTANIAN,B,10800000.0,JAWA BARAT | Sains & Agro | Menengah (10-20jt) | Baik Sekali / B,https://campus.quipper.com/directory/universitas-djuanda
599,UNIVERSITAS DJUANDA,JAWA BARAT,PETERNAKAN,A,10800000.0,JAWA BARAT | Sains & Agro | Menengah (10-20jt) | Unggul / A,https://campus.quipper.com/directory/universitas-djuanda
603,UNIVERSITAS AL-GHIFARI,JAWA BARAT,PERTANIAN,BAIK,10690000.0,JAWA BARAT | Sains & Agro | Menengah (10-20jt) | Baik Sekali / B,-
676,UNIVERSITAS HALIM SANUSI,JAWA BARAT,AGROTEKNOLOGI,BAIK,9516000.0,JAWA BARAT | Sains & Agro | Terjangkau (5-10jt) | Baik Sekali / B,-
676,UNIVERSITAS HALIM SANUSI,JAWA BARAT,BIOLOGI,BAIK,9516000.0,JAWA BARAT | Sains & Agro | Terjangkau (5-10jt) | Baik Sekali / B,-
676,UNIVERSITAS HALIM SANUSI,JAWA BARAT,FISIKA,BAIK,9516000.0,JAWA BARAT | Sains & Agro | Terjangkau (5-10jt) | Baik Sekali / B,-
734,UNIVERSITAS MUHAMMADIYAH CIREBON,JAWA BARAT,KIMIA,BAIK SEKALI,8850000.0,JAWA BARAT | Sains & Agro | Terjangkau (5-10jt) | Baik Sekali / B,-
734,UNIVERSITAS MUHAMMADIYAH CIREBON,JAWA BARAT,MATEMATIKA,BAIK,8850000.0,JAWA BARAT | Sains & Agro | Terjangkau (5-10jt) | Baik Sekali / B,-
734,UNIVERSITAS MUHAMMADIYAH CIREBON,JAWA BARAT,PENGETAHUAN ALAM,B,8850000.0,JAWA BARAT | Sains & Agro | Terjangkau (5-10jt) | Baik Sekali / B,-
734,UNIVERSITAS MUHAMMADIYAH CIREBON,JAWA BARAT,PETERNAKAN,BAIK SEKALI,8850000.0,JAWA BARAT | Sains & Agro | Terjangkau (5-10jt) | Baik Sekali / B,-
1459,UNIVERSITAS TEKNOLOGI NUSANTARA,JAWA BARAT,BIOLOGI,BAIK,8750000.0,JAWA BARAT | Sains & Agro | Terjangkau (5-10jt) | Baik Sekali / B,-
1459,UNIVERSITAS TEKNOLOGI NUSANTARA,JAWA BARAT,KIMIA,BAIK,8750000.0,JAWA BARAT | Sains & Agro | Terjangkau (5-10jt) | Baik Sekali / B,-
1459,UNIVERSITAS TEKNOLOGI NUSANTARA,JAWA BARAT,PERTANIAN,BAIK,8750000.0,JAWA BARAT | Sains & Agro | Terjangkau (5-10jt) | Baik Sekali / B,-
755,UNIVERSITAS SINDANG KASIH MAJALENGKA,JAWA BARAT,BIOLOGI,BAIK,8500000.0,JAWA BARAT | Sains & Agro | Terjangkau (5-10jt) | Baik Sekali / B,-
755,UNIVERSITAS SINDANG KASIH MAJALENGKA,JAWA BARAT,MATEMATIKA,BAIK SEKALI,8500000.0,JAWA BARAT | Sains & Agro | Terjangkau (5-10jt) | Baik Sekali / B,-
757,UNIVERSITAS WIRALODRA,JAWA BARAT,AGROBISNIS,C,8480000.0,JAWA BARAT | Sains & Agro | Terjangkau (5-10jt) | Baik / C,https://rencanamu.id/cari-kampus/universitas-wiralodra
757,UNIVERSITAS WIRALODRA,JAWA BARAT,AGROTEKNOLOGI,BAIK,8480000.0,JAWA BARAT | Sains & Agro | Terjangkau (5-10jt) | Baik Sekali / B,https://rencanamu.id/cari-kampus/universitas-wiralodra
757,UNIVERSITAS WIRALODRA,JAWA BARAT,BIOLOGI,C,8480000.0,JAWA BARAT | Sains & Agro | Terjangkau (5-10jt) | Baik / C,https://rencanamu.id/cari-kampus/universitas-wiralodra
757,UNIVERSITAS WIRALODRA,JAWA BARAT,MATEMATIKA,C,8480000.0,JAWA BARAT | Sains & Agro | Terjangkau (5-10jt) | Baik / C,https://rencanamu.id/cari-kampus/universitas-wiralodra
776,UNIVERSITAS SURYAKANCANA,JAWA BARAT,AGROTEKNOLOGI,B,8160000.0,JAWA BARAT | Sains & Agro | Terjangkau (5-10jt) | Baik Sekali / B,-
776,UNIVERSITAS SURYAKANCANA,JAWA BARAT,MATEMATIKA,B,8160000.0,JAWA BARAT | Sains & Agro | Terjangkau (5-10jt) | Baik Sekali / B,-
778,INSTITUT PENDIDIKAN INDONESIA GARUT,JAWA BARAT,FISIKA,BAIK SEKALI,8110000.0,JAWA BARAT | Sains & Agro | Terjangkau (5-10jt) | Baik Sekali / B,-
820,UNIVERSITAS SEBELAS APRIL,JAWA BARAT,MATEMATIKA,BAIK SEKALI,8000000.0,JAWA BARAT | Sains & Agro | Terjangkau (5-10jt) | Baik Sekali / B,-
858,UNIVERSITAS NUSA BANGSA,JAWA BARAT,AGROTEKNOLOGI,B,7550000.0,JAWA BARAT | Sains & Agro | Terjangkau (5-10jt) | Baik Sekali / B,-
858,UNIVERSITAS NUSA BANGSA,JAWA BARAT,BIOLOGI,BAIK,7550000.0,JAWA BARAT | Sains & Agro | Terjangkau (5-10jt) | Baik Sekali / B,-
858,UNIVERSITAS NUSA BANGSA,JAWA BARAT,KEHUTANAN,B,7550000.0,JAWA BARAT | Sains & Agro | Terjangkau (5-10jt) | Baik Sekali / B,-
858,UNIVERSITAS NUSA BANGSA,JAWA BARAT,KIMIA,BAIK SEKALI,7550000.0,JAWA BARAT | Sains & Agro | Terjangkau (5-10jt) | Baik Sekali / B,-
877,UNIVERSITAS PERSATUAN ISLAM,JAWA BARAT,PETERNAKAN,BAIK,7500000.0,JAWA BARAT | Sains & Agro | Terjangkau (5-10jt) | Baik Sekali / B,-
945,UNIVERSITAS LANGLANG BUANA,JAWA BARAT,MATEMATIKA,B,7000000.0,JAWA BARAT | Sains & Agro | Terjangkau (5-10jt) | Baik Sekali / B,-
932,UNIVERSITAS PERJUANGAN TASIKMALAYA,JAWA BARAT,AGROTEKNOLOGI,BAIK,7000000.0,JAWA BARAT | Sains & Agro | Terjangkau (5-10jt) | Baik Sekali / B,-
932,UNIVERSITAS PERJUANGAN TASIKMALAYA,JAWA BARAT,PETERNAKAN,BAIK SEKALI,7000000.0,JAWA BARAT | Sains & Agro | Terjangkau (5-10jt) | Baik Sekali / B,-
955,UNIVERSITAS MUHAMMADIYAH BOGOR RAYA,JAWA BARAT,PENGETAHUAN ALAM,BAIK,6900000.0,JAWA BARAT | Sains & Agro | Terjangkau (5-10jt) | Baik Sekali / B,-
1077,UNIVERSITAS MAJALENGKA,JAWA BARAT,AGROTEKNOLOGI,B,6025000.0,JAWA BARAT | Sains & Agro | Terjangkau (5-10jt) | Baik Sekali / B,https://rencanamu.id/cari-kampus/universitas-majalengka
1077,UNIVERSITAS MAJALENGKA,JAWA BARAT,BIOLOGI,B,6025000.0,JAWA BARAT | Sains & Agro | Terjangkau (5-10jt) | Baik Sekali / B,https://rencanamu.id/cari-kampus/universitas-majalengka
1077,UNIVERSITAS MAJALENGKA,JAWA BARAT,MATEMATIKA,B,6025000.0,JAWA BARAT | Sains & Agro | Terjangkau (5-10jt) | Baik Sekali / B,https://rencanamu.id/cari-kampus/universitas-majalengka
1077,UNIVERSITAS MAJALENGKA,JAWA BARAT,PETERNAKAN,B,6025000.0,JAWA BARAT | Sains & Agro | Terjangkau (5-10jt) | Baik Sekali / B,https://rencanamu.id/cari-kampus/universitas-majalengka
1122,UNIVERSITAS BALE BANDUNG,JAWA BARAT,AGROTEKNOLOGI,BAIK SEKALI,6000000.0,JAWA BARAT | Sains & Agro | Terjangkau (5-10jt) | Baik Sekali / B,https://campus.quipper.com/directory/universitas-bale-bandung
1122,UNIVERSITAS BALE BANDUNG,JAWA BARAT,GEOGRAFI,B,6000000.0,JAWA BARAT | Sains & Agro | Terjangkau (5-10jt) | Baik Sekali / B,https://campus.quipper.com/directory/universitas-bale-bandung
1122,UNIVERSITAS BALE BANDUNG,JAWA BARAT,MATEMATIKA,BAIK,6000000.0,JAWA BARAT | Sains & Agro | Terjangkau (5-10jt) | Baik Sekali / B,https://campus.quipper.com/directory/universitas-bale-bandung
1117,UNIVERSITAS SUBANG,JAWA BARAT,AGROTEKNOLOGI,BAIK,6000000.0,JAWA BARAT | Sains & Agro | Terjangkau (5-10jt) | Baik Sekali / B,https://campus.quipper.com/directory/universitas-subang
1117,UNIVERSITAS SUBANG,JAWA BARAT,MATEMATIKA,BAIK,6000000.0,JAWA BARAT | Sains & Agro | Terjangkau (5-10jt) | Baik Sekali / B,https://campus.quipper.com/directory/universitas-subang
1140,UNIVERSITAS PELITA BANGSA,JAWA BARAT,PERTANIAN,BAIK,5800000.0,JAWA BARAT | Sains & Agro | Terjangkau (5-10jt) | Baik Sekali / B,https://campus.quipper.com/directory/universitas-pelita-bangsa
1261,UNIVERSITAS MANDIRI,JAWA BARAT,FISIKA,BAIK,5000000.0,JAWA BARAT | Sains & Agro | Terjangkau (5-10jt) | Baik Sekali / B,-
1261,UNIVERSITAS MANDIRI,JAWA BARAT,MATEMATIKA,BAIK,5000000.0,JAWA BARAT | Sains & Agro | Terjangkau (5-10jt) | Baik Sekali / B,-
1357,SEKOLAH TINGGI KEGURUAN DAN ILMU PENDIDIKAN AL-AMIN INDRAMAYU,JAWA BARAT,PENGETAHUAN ALAM,BAIK,4500000.0,JAWA BARAT | Sains & Agro | Hemat (<5jt) | Baik Sekali / B,-
1376,UNIVERSITAS CIPASUNG TASIKMALAYA,JAWA BARAT,BIOLOGI,BAIK,4340000.0,JAWA BARAT | Sains & Agro | Hemat (<5jt) | Baik Sekali / B,-
1376,UNIVERSITAS CIPASUNG TASIKMALAYA,JAWA BARAT,MATEMATIKA,BAIK,4340000.0,JAWA BARAT | Sains & Agro | Hemat (<5jt) | Baik Sekali / B,-
1383,UNIVERSITAS GALUH CIAMIS,JAWA BARAT,BIOLOGI,B,4250000.0,JAWA BARAT | Sains & Agro | Hemat (<5jt) | Baik Sekali / B,https://campus.quipper.com/directory/universitas-galuh-ciamis
1397,UNIVERSITAS NAHDLATUL ULAMA CIREBON,JAWA BARAT,FISIKA,BAIK SEKALI,4000146.0,JAWA BARAT | Sains & Agro | Hemat (<5jt) | Baik Sekali / B,-
1397,UNIVERSITAS NAHDLATUL ULAMA CIREBON,JAWA BARAT,PERIKANAN,BAIK,4000146.0,JAWA BARAT | Sains & Agro | Hemat (<5jt) | Baik Sekali / B,-
1397,UNIVERSITAS NAHDLATUL ULAMA CIREBON,JAWA BARAT,PETERNAKAN,BAIK,4000146.0,JAWA BARAT | Sains & Agro | Hemat (<5jt) | Baik Sekali / B,-
1431,UNIVERSITAS INSAN CENDEKIA MANDIRI,JAWA BARAT,AGROTEKNOLOGI,BAIK,3700000.0,JAWA BARAT | Sains & Agro | Hemat (<5jt) | Baik Sekali / B,-
1431,UNIVERSITAS INSAN CENDEKIA MANDIRI,JAWA BARAT,KIMIA,BAIK,3700000.0,JAWA BARAT | Sains & Agro | Hemat (<5jt) | Baik Sekali / B,-
1431,UNIVERSITAS INSAN CENDEKIA MANDIRI,JAWA BARAT,PERTANIAN,BAIK,3700000.0,JAWA BARAT | Sains & Agro | Hemat (<5jt) | Baik Sekali / B,-
37,INSTITUT TEKNOLOGI HARAPAN BANGSA,JAWA BARAT,DESAIN,BAIK SEKALI,243400000.0,JAWA BARAT | Seni & Pariwisata | Sangat Mahal (>50jt) | Baik Sekali / B,https://rencanamu.id/cari-kampus/institut-teknologi-harapan-bangsa
37,INSTITUT TEKNOLOGI HARAPAN BANGSA,JAWA BARAT,DESAIN KOMUNIKASI VISUAL,B,243400000.0,JAWA BARAT | Seni & Pariwisata | Sangat Mahal (>50jt) | Baik Sekali / B,https://rencanamu.id/cari-kampus/institut-teknologi-harapan-bangsa
37,INSTITUT TEKNOLOGI HARAPAN BANGSA,JAWA BARAT,DESAIN PRODUK,BAIK,243400000.0,JAWA BARAT | Seni & Pariwisata | Sangat Mahal (>50jt) | Baik Sekali / B,https://rencanamu.id/cari-kampus/institut-teknologi-harapan-bangsa
37,INSTITUT TEKNOLOGI HARAPAN BANGSA,JAWA BARAT,FASHION,BAIK SEKALI,243400000.0,JAWA BARAT | Seni & Pariwisata | Sangat Mahal (>50jt) | Baik Sekali / B,https://rencanamu.id/cari-kampus/institut-teknologi-harapan-bangsa
59,UNIVERSITAS 17 AGUSTUS 1945 CIREBON,JAWA BARAT,PERHOTELAN,BAIK SEKALI,75500000.0,JAWA BARAT | Seni & Pariwisata | Sangat Mahal (>50jt) | Baik Sekali / B,https://campus.quipper.com/directory/universitas-17-agustus-1945-cirebon
66,UNIVERSITAS KEBANGSAAN REPUBLIK INDONESIA,JAWA BARAT,SASTRA INGGRIS,BAIK SEKALI,66200003.0,JAWA BARAT | Seni & Pariwisata | Sangat Mahal (>50jt) | Baik Sekali / B,-
81,UNIVERSITAS KRISTEN MARANATHA,JAWA BARAT,DESAIN KOMUNIKASI VISUAL,B,52352500.0,JAWA BARAT | Seni & Pariwisata | Sangat Mahal (>50jt) | Baik Sekali / B,https://rencanamu.id/cari-kampus/universitas-kristen-maranatha
81,UNIVERSITAS KRISTEN MARANATHA,JAWA BARAT,SASTRA CINA,B,52352500.0,JAWA BARAT | Seni & Pariwisata | Sangat Mahal (>50jt) | Baik Sekali / B,https://rencanamu.id/cari-kampus/universitas-kristen-maranatha
81,UNIVERSITAS KRISTEN MARANATHA,JAWA BARAT,SASTRA INGGRIS,B,52352500.0,JAWA BARAT | Seni & Pariwisata | Sangat Mahal (>50jt) | Baik Sekali / B,https://rencanamu.id/cari-kampus/universitas-kristen-maranatha
81,UNIVERSITAS KRISTEN MARANATHA,JAWA BARAT,SASTRA JEPANG,B,52352500.0,JAWA BARAT | Seni & Pariwisata | Sangat Mahal (>50jt) | Baik Sekali / B,https://rencanamu.id/cari-kampus/universitas-kristen-maranatha
92,INSTITUT TEKNOLOGI NASIONAL BANDUNG,JAWA BARAT,DESAIN INTERIOR,UNGGUL,48335000.0,JAWA BARAT | Seni & Pariwisata | Mahal (20-50jt) | Unggul / A,-
92,INSTITUT TEKNOLOGI NASIONAL BANDUNG,JAWA BARAT,DESAIN KOMUNIKASI VISUAL,A,48335000.0,JAWA BARAT | Seni & Pariwisata | Mahal (20-50jt) | Unggul / A,-
92,INSTITUT TEKNOLOGI NASIONAL BANDUNG,JAWA BARAT,DESAIN PRODUK,A,48335000.0,JAWA BARAT | Seni & Pariwisata | Mahal (20-50jt) | Unggul / A,-
26,UNIVERSITAS PASUNDAN,JAWA BARAT,DESAIN,A,48250000.0,JAWA BARAT | Seni & Pariwisata | Mahal (20-50jt) | Unggul / A,https://rencanamu.id/cari-kampus/universitas-pasundan
26,UNIVERSITAS PASUNDAN,JAWA BARAT,DESAIN KOMUNIKASI VISUAL,B,48250000.0,JAWA BARAT | Seni & Pariwisata | Mahal (20-50jt) | Baik Sekali / B,https://rencanamu.id/cari-kampus/universitas-pasundan
26,UNIVERSITAS PASUNDAN,JAWA BARAT,FILM,A,48250000.0,JAWA BARAT | Seni & Pariwisata | Mahal (20-50jt) | Unggul / A,https://rencanamu.id/cari-kampus/universitas-pasundan
26,UNIVERSITAS PASUNDAN,JAWA BARAT,SASTRA INGGRIS,B,48250000.0,JAWA BARAT | Seni & Pariwisata | Mahal (20-50jt) | Baik Sekali / B,https://rencanamu.id/cari-kampus/universitas-pasundan
26,UNIVERSITAS PASUNDAN,JAWA BARAT,SENI MUSIK,B,48250000.0,JAWA BARAT | Seni & Pariwisata | Mahal (20-50jt) | Baik Sekali / B,https://rencanamu.id/cari-kampus/universitas-pasundan
129,UNIVERSITAS PAKUAN,JAWA BARAT,SASTRA INDONESIA,B,35000006.0,JAWA BARAT | Seni & Pariwisata | Mahal (20-50jt) | Baik Sekali / B,https://rencanamu.id/cari-kampus/universitas-pakuan
197,UNIVERSITAS TELKOM,JAWA BARAT,DESAIN,UNGGUL,26000000.0,JAWA BARAT | Seni & Pariwisata | Mahal (20-50jt) | Unggul / A,https://campus.quipper.com/directory/universitas-telkom
197,UNIVERSITAS TELKOM,JAWA BARAT,DESAIN INTERIOR,A,26000000.0,JAWA BARAT | Seni & Pariwisata | Mahal (20-50jt) | Unggul / A,https://campus.quipper.com/directory/universitas-telkom
197,UNIVERSITAS TELKOM,JAWA BARAT,DESAIN KOMUNIKASI VISUAL,UNGGUL,26000000.0,JAWA BARAT | Seni & Pariwisata | Mahal (20-50jt) | Unggul / A,https://campus.quipper.com/directory/universitas-telkom
197,UNIVERSITAS TELKOM,JAWA BARAT,DESAIN PRODUK,BAIK,26000000.0,JAWA BARAT | Seni & Pariwisata | Mahal (20-50jt) | Baik Sekali / B,https://campus.quipper.com/directory/universitas-telkom
197,UNIVERSITAS TELKOM,JAWA BARAT,FASHION,UNGGUL,26000000.0,JAWA BARAT | Seni & Pariwisata | Mahal (20-50jt) | Unggul / A,https://campus.quipper.com/directory/universitas-telkom
197,UNIVERSITAS TELKOM,JAWA BARAT,FILM,BAIK,26000000.0,JAWA BARAT | Seni & Pariwisata | Mahal (20-50jt) | Baik Sekali / B,https://campus.quipper.com/directory/universitas-telkom
197,UNIVERSITAS TELKOM,JAWA BARAT,PERHOTELAN,UNGGUL,26000000.0,JAWA BARAT | Seni & Pariwisata | Mahal (20-50jt) | Unggul / A,https://campus.quipper.com/directory/universitas-telkom
197,UNIVERSITAS TELKOM,JAWA BARAT,SENI,UNGGUL,26000000.0,JAWA BARAT | Seni & Pariwisata | Mahal (20-50jt) | Unggul / A,https://campus.quipper.com/directory/universitas-telkom
211,UNIVERSITAS INTERNASIONAL JAKARTA,JAWA BARAT,DESAIN KOMUNIKASI VISUAL,BAIK,25000000.0,JAWA BARAT | Seni & Pariwisata | Mahal (20-50jt) | Baik Sekali / B,-
211,UNIVERSITAS INTERNASIONAL JAKARTA,JAWA BARAT,SASTRA INGGRIS,BAIK,25000000.0,JAWA BARAT | Seni & Pariwisata | Mahal (20-50jt) | Baik Sekali / B,-
211,UNIVERSITAS INTERNASIONAL JAKARTA,JAWA BARAT,SASTRA JEPANG,BAIK,25000000.0,JAWA BARAT | Seni & Pariwisata | Mahal (20-50jt) | Baik Sekali / B,-
212,UNIVERSITAS KOMPUTER INDONESIA,JAWA BARAT,DESAIN INTERIOR,B,24950000.0,JAWA BARAT | Seni & Pariwisata | Mahal (20-50jt) | Baik Sekali / B,https://rencanamu.id/cari-kampus/universitas-komputer-indonesia
212,UNIVERSITAS KOMPUTER INDONESIA,JAWA BARAT,DESAIN KOMUNIKASI VISUAL,B,24950000.0,JAWA BARAT | Seni & Pariwisata | Mahal (20-50jt) | Baik Sekali / B,https://rencanamu.id/cari-kampus/universitas-komputer-indonesia
212,UNIVERSITAS KOMPUTER INDONESIA,JAWA BARAT,SASTRA INGGRIS,B,24950000.0,JAWA BARAT | Seni & Pariwisata | Mahal (20-50jt) | Baik Sekali / B,https://rencanamu.id/cari-kampus/universitas-komputer-indonesia
212,UNIVERSITAS KOMPUTER INDONESIA,JAWA BARAT,SASTRA JEPANG,B,24950000.0,JAWA BARAT | Seni & Pariwisata | Mahal (20-50jt) | Baik Sekali / B,https://rencanamu.id/cari-kampus/universitas-komputer-indonesia
249,UNIVERSITAS BHAKTI HUSADA INDONESIA,JAWA BARAT,PARIWISATA,TERAKREDITASI SEMENTARA,22350000.0,JAWA BARAT | Seni & Pariwisata | Mahal (20-50jt) | Unggul / A,-
263,UNIVERSITAS HORIZON INDONESIA,JAWA BARAT,PARIWISATA,TERAKREDITASI SEMENTARA,21196000.0,JAWA BARAT | Seni & Pariwisata | Mahal (20-50jt) | Unggul / A,-
268,SEKOLAH TINGGI DESAIN INDONESIA BANDUNG,JAWA BARAT,DESAIN INTERIOR,BAIK,20827000.0,JAWA BARAT | Seni & Pariwisata | Mahal (20-50jt) | Baik Sekali / B,-
268,SEKOLAH TINGGI DESAIN INDONESIA BANDUNG,JAWA BARAT,DESAIN KOMUNIKASI VISUAL,BAIK,20827000.0,JAWA BARAT | Seni & Pariwisata | Mahal (20-50jt) | Baik Sekali / B,-
285,SEKOLAH TINGGI PARIWISATA BOGOR,JAWA BARAT,PARIWISATA,BAIK,20000000.0,JAWA BARAT | Seni & Pariwisata | Mahal (20-50jt) | Baik Sekali / B,https://campus.quipper.com/directory/sekolah-tinggi-pariwisata-bogor
344,UNIVERSITAS MUHAMMADIYAH TASIKMALAYA,JAWA BARAT,SENI,BAIK SEKALI,17450000.0,JAWA BARAT | Seni & Pariwisata | Menengah (10-20jt) | Baik Sekali / B,https://campus.quipper.com/directory/universitas-muhammadiyah-tasikmalaya
344,UNIVERSITAS MUHAMMADIYAH TASIKMALAYA,JAWA BARAT,SENI MUSIK,BAIK,17450000.0,JAWA BARAT | Seni & Pariwisata | Menengah (10-20jt) | Baik Sekali / B,https://campus.quipper.com/directory/universitas-muhammadiyah-tasikmalaya
344,UNIVERSITAS MUHAMMADIYAH TASIKMALAYA,JAWA BARAT,TEATER,BAIK,17450000.0,JAWA BARAT | Seni & Pariwisata | Menengah (10-20jt) | Baik Sekali / B,https://campus.quipper.com/directory/universitas-muhammadiyah-tasikmalaya
368,UNIVERSITAS GUNADARMA,JAWA BARAT,DESAIN INTERIOR,B,16100000.0,JAWA BARAT | Seni & Pariwisata | Menengah (10-20jt) | Baik Sekali / B,https://rencanamu.id/cari-kampus/universitas-gunadarma
368,UNIVERSITAS GUNADARMA,JAWA BARAT,PARIWISATA,BAIK SEKALI,16100000.0,JAWA BARAT | Seni & Pariwisata | Menengah (10-20jt) | Baik Sekali / B,https://rencanamu.id/cari-kampus/universitas-gunadarma
368,UNIVERSITAS GUNADARMA,JAWA BARAT,SASTRA CINA,BAIK SEKALI,16100000.0,JAWA BARAT | Seni & Pariwisata | Menengah (10-20jt) | Baik Sekali / B,https://rencanamu.id/cari-kampus/universitas-gunadarma
368,UNIVERSITAS GUNADARMA,JAWA BARAT,SASTRA INGGRIS,A,16100000.0,JAWA BARAT | Seni & Pariwisata | Menengah (10-20jt) | Baik Sekali / B,https://rencanamu.id/cari-kampus/universitas-gunadarma
370,INSTITUT BISNIS DAN INFORMATIKA KESATUAN,JAWA BARAT,PARIWISATA,BAIK,16000000.0,JAWA BARAT | Seni & Pariwisata | Menengah (10-20jt) | Baik Sekali / B,https://campus.quipper.com/directory/sekolah-tinggi-ilmu-ekonomi-kesatuan
738,UNIVERSITAS TARUNA BAKTI,JAWA BARAT,SENI MUSIK,BAIK,15650000.0,JAWA BARAT | Seni & Pariwisata | Menengah (10-20jt) | Baik Sekali / B,-
402,SEKOLAH TINGGI BAHASA ASING JIA,JAWA BARAT,SASTRA INGGRIS,BAIK,15000000.0,JAWA BARAT | Seni & Pariwisata | Menengah (10-20jt) | Baik Sekali / B,https://campus.quipper.com/directory/sekolah-tinggi-bahasa-asing-jia
402,SEKOLAH TINGGI BAHASA ASING JIA,JAWA BARAT,SASTRA JEPANG,BAIK,15000000.0,JAWA BARAT | Seni & Pariwisata | Menengah (10-20jt) | Baik Sekali / B,https://campus.quipper.com/directory/sekolah-tinggi-bahasa-asing-jia
712,UNIVERSITAS ISLAM 45,JAWA BARAT,SASTRA INGGRIS,BAIK SEKALI,14527000.0,JAWA BARAT | Seni & Pariwisata | Menengah (10-20jt) | Baik Sekali / B,-
481,INSTITUT TEKNOLOGI DAN SAINS BANDUNG,JAWA BARAT,DESAIN PRODUK,B,13000000.0,JAWA BARAT | Seni & Pariwisata | Menengah (10-20jt) | Baik Sekali / B,https://campus.quipper.com/directory/institut-teknologi-dan-sains-bandung
524,UNIVERSITAS KUNINGAN,JAWA BARAT,DESAIN KOMUNIKASI VISUAL,BAIK,12150000.0,JAWA BARAT | Seni & Pariwisata | Menengah (10-20jt) | Baik Sekali / B,https://rencanamu.id/cari-kampus/universitas-kuningan
534,UNIVERSITAS ISLAM 45 BEKASI,JAWA BARAT,SASTRA INGGRIS,B,12000000.0,JAWA BARAT | Seni & Pariwisata | Menengah (10-20jt) | Baik Sekali / B,https://campus.quipper.com/directory/universitas-islam-45-bekasi
551,UNIVERSITAS PUTRA INDONESIA,JAWA BARAT,SASTRA INGGRIS,BAIK,11841500.0,JAWA BARAT | Seni & Pariwisata | Menengah (10-20jt) | Baik Sekali / B,-
580,UNIVERSITAS WIDYATAMA,JAWA BARAT,DESAIN,B,11100000.0,JAWA BARAT | Seni & Pariwisata | Menengah (10-20jt) | Baik Sekali / B,https://rencanamu.id/cari-kampus/universitas-widyatama
580,UNIVERSITAS WIDYATAMA,JAWA BARAT,SASTRA INGGRIS,B,11100000.0,JAWA BARAT | Seni & Pariwisata | Menengah (10-20jt) | Baik Sekali / B,https://rencanamu.id/cari-kampus/universitas-widyatama
589,UNIVERSITAS TEKNOLOGI BANDUNG,JAWA BARAT,DESAIN KOMUNIKASI VISUAL,BAIK,11000000.0,JAWA BARAT | Seni & Pariwisata | Menengah (10-20jt) | Baik Sekali / B,-
596,UNIVERSITAS MUHAMMADIYAH SUKABUMI,JAWA BARAT,SASTRA INGGRIS,BAIK SEKALI,10836000.0,JAWA BARAT | Seni & Pariwisata | Menengah (10-20jt) | Baik Sekali / B,-
603,UNIVERSITAS AL-GHIFARI,JAWA BARAT,SASTRA INGGRIS,BAIK SEKALI,10690000.0,JAWA BARAT | Seni & Pariwisata | Menengah (10-20jt) | Baik Sekali / B,-
610,UNIVERSITAS PERTIWI,JAWA BARAT,DESAIN KOMUNIKASI VISUAL,BAIK,10600000.0,JAWA BARAT | Seni & Pariwisata | Menengah (10-20jt) | Baik Sekali / B,-
610,UNIVERSITAS PERTIWI,JAWA BARAT,SASTRA INGGRIS,BAIK,10600000.0,JAWA BARAT | Seni & Pariwisata | Menengah (10-20jt) | Baik Sekali / B,-
711,INSTITUT TEKNOLOGI SAINS BANDUNG,JAWA BARAT,DESAIN PRODUK,BAIK SEKALI,9050000.0,JAWA BARAT | Seni & Pariwisata | Terjangkau (5-10jt) | Baik Sekali / B,-
719,UNIVERSITAS ADHIRAJASA RESWARA SANJAYA,JAWA BARAT,DESAIN KOMUNIKASI VISUAL,BAIK,9000000.0,JAWA BARAT | Seni & Pariwisata | Terjangkau (5-10jt) | Baik Sekali / B,-
736,UNIVERSITAS CATUR INSAN CENDEKIA,JAWA BARAT,DESAIN KOMUNIKASI VISUAL,BAIK,8820000.0,JAWA BARAT | Seni & Pariwisata | Terjangkau (5-10jt) | Baik Sekali / B,-
743,SEKOLAH TINGGI BAHASA ASING YAPARI,JAWA BARAT,SASTRA INGGRIS,B,8750000.0,JAWA BARAT | Seni & Pariwisata | Terjangkau (5-10jt) | Baik Sekali / B,-
743,SEKOLAH TINGGI BAHASA ASING YAPARI,JAWA BARAT,SASTRA JEPANG,B,8750000.0,JAWA BARAT | Seni & Pariwisata | Terjangkau (5-10jt) | Baik Sekali / B,-
916,UNIVERSITAS TEKNOLOGI DIGITAL,JAWA BARAT,DESAIN KOMUNIKASI VISUAL,BAIK,8100000.0,JAWA BARAT | Seni & Pariwisata | Terjangkau (5-10jt) | Baik Sekali / B,-
820,UNIVERSITAS SEBELAS APRIL,JAWA BARAT,SASTRA INGGRIS,B,8000000.0,JAWA BARAT | Seni & Pariwisata | Terjangkau (5-10jt) | Baik Sekali / B,-
827,SEKOLAH TINGGI BAHASA ASING CIPTO HADI PRANOTO,JAWA BARAT,SASTRA INGGRIS,BAIK,7850000.0,JAWA BARAT | Seni & Pariwisata | Terjangkau (5-10jt) | Baik Sekali / B,-
854,UNIVERSITAS NUSA PUTRA,JAWA BARAT,DESAIN KOMUNIKASI VISUAL,B,7600000.0,JAWA BARAT | Seni & Pariwisata | Terjangkau (5-10jt) | Baik Sekali / B,-
865,INSTITUT PRIMA BANGSA,JAWA BARAT,SASTRA INGGRIS,B,7500000.0,JAWA BARAT | Seni & Pariwisata | Terjangkau (5-10jt) | Baik Sekali / B,-
865,INSTITUT PRIMA BANGSA,JAWA BARAT,SASTRA JEPANG,B,7500000.0,JAWA BARAT | Seni & Pariwisata | Terjangkau (5-10jt) | Baik Sekali / B,-
877,UNIVERSITAS PERSATUAN ISLAM,JAWA BARAT,PARIWISATA,BAIK,7500000.0,JAWA BARAT | Seni & Pariwisata | Terjangkau (5-10jt) | Baik Sekali / B,-
52,UNIVERSITAS ISLAM BANDUNG,JAWA BARAT,HUKUM,A,93250000.0,JAWA BARAT | Sosial & Hukum | Sangat Mahal (>50jt) | Baik Sekali / B,https://rencanamu.id/cari-kampus/universitas-islam-bandung
52,UNIVERSITAS ISLAM BANDUNG,JAWA BARAT,ILMU KOMUNIKASI,A,93250000.0,JAWA BARAT | Sosial & Hukum | Sangat Mahal (>50jt) | Baik Sekali / B,https://rencanamu.id/cari-kampus/universitas-islam-bandung
52,UNIVERSITAS ISLAM BANDUNG,JAWA BARAT,PSIKOLOGI,A,93250000.0,JAWA BARAT | Sosial & Hukum | Sangat Mahal (>50jt) | Baik Sekali / B,https://rencanamu.id/cari-kampus/universitas-islam-bandung
59,UNIVERSITAS 17 AGUSTUS 1945 CIREBON,JAWA BARAT,ADMINISTRASI NEGARA,B,75500000.0,JAWA BARAT | Sosial & Hukum | Sangat Mahal (>50jt) | Baik Sekali / B,https://campus.quipper.com/directory/universitas-17-agustus-1945-cirebon
59,UNIVERSITAS 17 AGUSTUS 1945 CIREBON,JAWA BARAT,ADMINISTRASI PUBLIK,BAIK SEKALI,75500000.0,JAWA BARAT | Sosial & Hukum | Sangat Mahal (>50jt) | Baik Sekali / B,https://campus.quipper.com/directory/universitas-17-agustus-1945-cirebon
59,UNIVERSITAS 17 AGUSTUS 1945 CIREBON,JAWA BARAT,HUKUM,B,75500000.0,JAWA BARAT | Sosial & Hukum | Sangat Mahal (>50jt) | Baik Sekali / B,https://campus.quipper.com/directory/universitas-17-agustus-1945-cirebon
64,UNIVERSITAS ISLAM NUSANTARA,JAWA BARAT,HUKUM,B,67040000.0,JAWA BARAT | Sosial & Hukum | Sangat Mahal (>50jt) | Baik Sekali / B,https://rencanamu.id/cari-kampus/universitas-islam-nusantara
64,UNIVERSITAS ISLAM NUSANTARA,JAWA BARAT,ILMU KOMUNIKASI,C,67040000.0,JAWA BARAT | Sosial & Hukum | Sangat Mahal (>50jt) | Baik Sekali / B,https://rencanamu.id/cari-kampus/universitas-islam-nusantara
64,UNIVERSITAS ISLAM NUSANTARA,JAWA BARAT,PANCASILA KEWARGANEGARAAN,B,67040000.0,JAWA BARAT | Sosial & Hukum | Sangat Mahal (>50jt) | Baik Sekali / B,https://rencanamu.id/cari-kampus/universitas-islam-nusantara
65,UNIVERSITAS KATOLIK PARAHYANGAN,JAWA BARAT,ADMINISTRASI PUBLIK,A,66400000.0,JAWA BARAT | Sosial & Hukum | Sangat Mahal (>50jt) | Baik Sekali / B,https://campus.quipper.com/directory/universitas-katolik-parahyangan
65,UNIVERSITAS KATOLIK PARAHYANGAN,JAWA BARAT,STUDI HUMANITAS,BAIK,66400000.0,JAWA BARAT | Sosial & Hukum | Sangat Mahal (>50jt) | Baik Sekali / B,https://campus.quipper.com/directory/universitas-katolik-parahyangan
66,UNIVERSITAS KEBANGSAAN REPUBLIK INDONESIA,JAWA BARAT,ILMU KOMUNIKASI,BAIK SEKALI,66200003.0,JAWA BARAT | Sosial & Hukum | Sangat Mahal (>50jt) | Baik Sekali / B,-
81,UNIVERSITAS KRISTEN MARANATHA,JAWA BARAT,HUKUM,B,52352500.0,JAWA BARAT | Sosial & Hukum | Sangat Mahal (>50jt) | Baik Sekali / B,https://rencanamu.id/cari-kampus/universitas-kristen-maranatha
81,UNIVERSITAS KRISTEN MARANATHA,JAWA BARAT,PSIKOLOGI,B,52352500.0,JAWA BARAT | Sosial & Hukum | Sangat Mahal (>50jt) | Baik Sekali / B,https://rencanamu.id/cari-kampus/universitas-kristen-maranatha
26,UNIVERSITAS PASUNDAN,JAWA BARAT,ADMINISTRASI NEGARA,A,48250000.0,JAWA BARAT | Sosial & Hukum | Mahal (20-50jt) | Unggul / A,https://rencanamu.id/cari-kampus/universitas-pasundan
26,UNIVERSITAS PASUNDAN,JAWA BARAT,HUBUNGAN INTERNASIONAL,A,48250000.0,JAWA BARAT | Sosial & Hukum | Mahal (20-50jt) | Unggul / A,https://rencanamu.id/cari-kampus/universitas-pasundan
26,UNIVERSITAS PASUNDAN,JAWA BARAT,HUKUM,A,48250000.0,JAWA BARAT | Sosial & Hukum | Mahal (20-50jt) | Unggul / A,https://rencanamu.id/cari-kampus/universitas-pasundan
26,UNIVERSITAS PASUNDAN,JAWA BARAT,ILMU KOMUNIKASI,A,48250000.0,JAWA BARAT | Sosial & Hukum | Mahal (20-50jt) | Unggul / A,https://rencanamu.id/cari-kampus/universitas-pasundan
26,UNIVERSITAS PASUNDAN,JAWA BARAT,KESEJAHTERAAN SOSIAL,A,48250000.0,JAWA BARAT | Sosial & Hukum | Mahal (20-50jt) | Unggul / A,https://rencanamu.id/cari-kampus/universitas-pasundan
26,UNIVERSITAS PASUNDAN,JAWA BARAT,PANCASILA KEWARGANEGARAAN,A,48250000.0,JAWA BARAT | Sosial & Hukum | Mahal (20-50jt) | Unggul / A,https://rencanamu.id/cari-kampus/universitas-pasundan
2,PRESIDENT UNIVERSITY,JAWA BARAT,HUBUNGAN INTERNASIONAL,B,36000000.0,JAWA BARAT | Sosial & Hukum | Mahal (20-50jt) | Baik Sekali / B,https://rencanamu.id/cari-kampus/president-university
2,PRESIDENT UNIVERSITY,JAWA BARAT,HUKUM,B,36000000.0,JAWA BARAT | Sosial & Hukum | Mahal (20-50jt) | Baik Sekali / B,https://rencanamu.id/cari-kampus/president-university
2,PRESIDENT UNIVERSITY,JAWA BARAT,ILMU KOMUNIKASI,B,36000000.0,JAWA BARAT | Sosial & Hukum | Mahal (20-50jt) | Baik Sekali / B,https://rencanamu.id/cari-kampus/president-university
129,UNIVERSITAS PAKUAN,JAWA BARAT,HUKUM,B,35000006.0,JAWA BARAT | Sosial & Hukum | Mahal (20-50jt) | Baik Sekali / B,https://rencanamu.id/cari-kampus/universitas-pakuan
129,UNIVERSITAS PAKUAN,JAWA BARAT,ILMU KOMUNIKASI,B,35000006.0,JAWA BARAT | Sosial & Hukum | Mahal (20-50jt) | Baik Sekali / B,https://rencanamu.id/cari-kampus/universitas-pakuan
150,UNIVERSITAS SALI AL-AITAAM,JAWA BARAT,HUKUM,BAIK,31515000.0,JAWA BARAT | Sosial & Hukum | Mahal (20-50jt) | Baik Sekali / B,-
150,UNIVERSITAS SALI AL-AITAAM,JAWA BARAT,ILMU KOMUNIKASI,BAIK,31515000.0,JAWA BARAT | Sosial & Hukum | Mahal (20-50jt) | Baik Sekali / B,-
225,SEKOLAH TINGGI ILMU ADMINISTRASI CIMAHI,JAWA BARAT,ADMINISTRASI NEGARA,BAIK,27000002.0,JAWA BARAT | Sosial & Hukum | Mahal (20-50jt) | Baik Sekali / B,-
197,UNIVERSITAS TELKOM,JAWA BARAT,HUBUNGAN MASYARAKAT,UNGGUL,26000000.0,JAWA BARAT | Sosial & Hukum | Mahal (20-50jt) | Unggul / A,https://campus.quipper.com/directory/universitas-telkom
197,UNIVERSITAS TELKOM,JAWA BARAT,ILMU KOMUNIKASI,UNGGUL,26000000.0,JAWA BARAT | Sosial & Hukum | Mahal (20-50jt) | Unggul / A,https://campus.quipper.com/directory/universitas-telkom
204,SEKOLAH TINGGI KEGURUAN DAN ILMU PENDIDIKAN PASUNDAN,JAWA BARAT,PANCASILA KEWARGANEGARAAN,UNGGUL,25150000.0,JAWA BARAT | Sosial & Hukum | Mahal (20-50jt) | Unggul / A,-
212,UNIVERSITAS KOMPUTER INDONESIA,JAWA BARAT,HUBUNGAN INTERNASIONAL,B,24950000.0,JAWA BARAT | Sosial & Hukum | Mahal (20-50jt) | Baik Sekali / B,https://rencanamu.id/cari-kampus/universitas-komputer-indonesia
212,UNIVERSITAS KOMPUTER INDONESIA,JAWA BARAT,HUKUM,B,24950000.0,JAWA BARAT | Sosial & Hukum | Mahal (20-50jt) | Baik Sekali / B,https://rencanamu.id/cari-kampus/universitas-komputer-indonesia
212,UNIVERSITAS KOMPUTER INDONESIA,JAWA BARAT,ILMU KOMUNIKASI,B,24950000.0,JAWA BARAT | Sosial & Hukum | Mahal (20-50jt) | Baik Sekali / B,https://rencanamu.id/cari-kampus/universitas-komputer-indonesia
212,UNIVERSITAS KOMPUTER INDONESIA,JAWA BARAT,PEMERINTAHAN,B,24950000.0,JAWA BARAT | Sosial & Hukum | Mahal (20-50jt) | Baik Sekali / B,https://rencanamu.id/cari-kampus/universitas-komputer-indonesia
232,UNIVERSITAS BHAKTI KENCANA,JAWA BARAT,ILMU KOMUNIKASI,BAIK,23600000.0,JAWA BARAT | Sosial & Hukum | Mahal (20-50jt) | Baik Sekali / B,-
232,UNIVERSITAS BHAKTI KENCANA,JAWA BARAT,PSIKOLOGI,BAIK,23600000.0,JAWA BARAT | Sosial & Hukum | Mahal (20-50jt) | Baik Sekali / B,-
361,UNIVERSITAS SANGGA BUANA,JAWA BARAT,ILMU KOMUNIKASI,B,21940000.0,JAWA BARAT | Sosial & Hukum | Mahal (20-50jt) | Baik Sekali / B,-
257,UNIVERSITAS JENDERAL ACHMAD YANI,JAWA BARAT,HUKUM,BAIK,21504000.0,JAWA BARAT | Sosial & Hukum | Mahal (20-50jt) | Baik Sekali / B,https://rencanamu.id/cari-kampus/universitas-jenderal-achmad-yani
257,UNIVERSITAS JENDERAL ACHMAD YANI,JAWA BARAT,PEMERINTAHAN,B,21504000.0,JAWA BARAT | Sosial & Hukum | Mahal (20-50jt) | Baik Sekali / B,https://rencanamu.id/cari-kampus/universitas-jenderal-achmad-yani
257,UNIVERSITAS JENDERAL ACHMAD YANI,JAWA BARAT,PSIKOLOGI,B,21504000.0,JAWA BARAT | Sosial & Hukum | Mahal (20-50jt) | Baik Sekali / B,https://rencanamu.id/cari-kampus/universitas-jenderal-achmad-yani
368,UNIVERSITAS GUNADARMA,JAWA BARAT,ILMU KOMUNIKASI,A,16100000.0,JAWA BARAT | Sosial & Hukum | Menengah (10-20jt) | Baik Sekali / B,https://rencanamu.id/cari-kampus/universitas-gunadarma
368,UNIVERSITAS GUNADARMA,JAWA BARAT,PSIKOLOGI,A,16100000.0,JAWA BARAT | Sosial & Hukum | Menengah (10-20jt) | Baik Sekali / B,https://rencanamu.id/cari-kampus/universitas-gunadarma
407,SEKOLAH TINGGI HUKUM BANDUNG,JAWA BARAT,HUKUM,A,15000000.0,JAWA BARAT | Sosial & Hukum | Menengah (10-20jt) | Baik Sekali / B,https://rencanamu.id/cari-kampus/sekolah-tinggi-hukum-bandung
712,UNIVERSITAS ISLAM 45,JAWA BARAT,ADMINISTRASI NEGARA,BAIK,14527000.0,JAWA BARAT | Sosial & Hukum | Menengah (10-20jt) | Baik Sekali / B,-
712,UNIVERSITAS ISLAM 45,JAWA BARAT,HUKUM,BAIK SEKALI,14527000.0,JAWA BARAT | Sosial & Hukum | Menengah (10-20jt) | Baik Sekali / B,-
712,UNIVERSITAS ISLAM 45,JAWA BARAT,PEMERINTAHAN,B,14527000.0,JAWA BARAT | Sosial & Hukum | Menengah (10-20jt) | Baik Sekali / B,-
468,UNIVERSITAS SEHATI INDONESIA,JAWA BARAT,HUKUM,BAIK,13500000.0,JAWA BARAT | Sosial & Hukum | Menengah (10-20jt) | Baik Sekali / B,-
524,UNIVERSITAS KUNINGAN,JAWA BARAT,HUKUM,B,12150000.0,JAWA BARAT | Sosial & Hukum | Menengah (10-20jt) | Baik Sekali / B,https://rencanamu.id/cari-kampus/universitas-kuningan
539,UNIVERSITAS GALUH,JAWA BARAT,HUKUM,B,12000000.0,JAWA BARAT | Sosial & Hukum | Menengah (10-20jt) | Baik Sekali / B,-
539,UNIVERSITAS GALUH,JAWA BARAT,PEMERINTAHAN,B,12000000.0,JAWA BARAT | Sosial & Hukum | Menengah (10-20jt) | Baik Sekali / B,-
539,UNIVERSITAS GALUH,JAWA BARAT,SEJARAH,B,12000000.0,JAWA BARAT | Sosial & Hukum | Menengah (10-20jt) | Baik Sekali / B,-
534,UNIVERSITAS ISLAM 45 BEKASI,JAWA BARAT,ADMINISTRASI NEGARA,B,12000000.0,JAWA BARAT | Sosial & Hukum | Menengah (10-20jt) | Baik Sekali / B,https://campus.quipper.com/directory/universitas-islam-45-bekasi
534,UNIVERSITAS ISLAM 45 BEKASI,JAWA BARAT,HUKUM,B,12000000.0,JAWA BARAT | Sosial & Hukum | Menengah (10-20jt) | Baik Sekali / B,https://campus.quipper.com/directory/universitas-islam-45-bekasi
534,UNIVERSITAS ISLAM 45 BEKASI,JAWA BARAT,ILMU KOMUNIKASI,B,12000000.0,JAWA BARAT | Sosial & Hukum | Menengah (10-20jt) | Baik Sekali / B,https://campus.quipper.com/directory/universitas-islam-45-bekasi
534,UNIVERSITAS ISLAM 45 BEKASI,JAWA BARAT,PEMERINTAHAN,B,12000000.0,JAWA BARAT | Sosial & Hukum | Menengah (10-20jt) | Baik Sekali / B,https://campus.quipper.com/directory/universitas-islam-45-bekasi
534,UNIVERSITAS ISLAM 45 BEKASI,JAWA BARAT,PSIKOLOGI,B,12000000.0,JAWA BARAT | Sosial & Hukum | Menengah (10-20jt) | Baik Sekali / B,https://campus.quipper.com/directory/universitas-islam-45-bekasi
551,UNIVERSITAS PUTRA INDONESIA,JAWA BARAT,ILMU KOMUNIKASI,BAIK,11841500.0,JAWA BARAT | Sosial & Hukum | Menengah (10-20jt) | Baik Sekali / B,-
567,UNIVERSITAS LANGLANGBUANA,JAWA BARAT,HUKUM,B,11500000.0,JAWA BARAT | Sosial & Hukum | Menengah (10-20jt) | Baik Sekali / B,https://campus.quipper.com/directory/universitas-langlangbuana
567,UNIVERSITAS LANGLANGBUANA,JAWA BARAT,ILMU KOMUNIKASI,B,11500000.0,JAWA BARAT | Sosial & Hukum | Menengah (10-20jt) | Baik Sekali / B,https://campus.quipper.com/directory/universitas-langlangbuana
567,UNIVERSITAS LANGLANGBUANA,JAWA BARAT,KESEJAHTERAAN SOSIAL,B,11500000.0,JAWA BARAT | Sosial & Hukum | Menengah (10-20jt) | Baik Sekali / B,https://campus.quipper.com/directory/universitas-langlangbuana
567,UNIVERSITAS LANGLANGBUANA,JAWA BARAT,PEMERINTAHAN,A,11500000.0,JAWA BARAT | Sosial & Hukum | Menengah (10-20jt) | Baik Sekali / B,https://campus.quipper.com/directory/universitas-langlangbuana
576,UNIVERSITAS INDONESIA MEMBANGUN,JAWA BARAT,ILMU KOMUNIKASI,TERAKREDITASI,11200000.0,JAWA BARAT | Sosial & Hukum | Menengah (10-20jt) | Baik Sekali / B,-
576,UNIVERSITAS INDONESIA MEMBANGUN,JAWA BARAT,PSIKOLOGI,BAIK,11200000.0,JAWA BARAT | Sosial & Hukum | Menengah (10-20jt) | Baik Sekali / B,-
596,UNIVERSITAS MUHAMMADIYAH SUKABUMI,JAWA BARAT,ADMINISTRASI PUBLIK,BAIK SEKALI,10836000.0,JAWA BARAT | Sosial & Hukum | Menengah (10-20jt) | Baik Sekali / B,-
596,UNIVERSITAS MUHAMMADIYAH SUKABUMI,JAWA BARAT,HUKUM,B,10836000.0,JAWA BARAT | Sosial & Hukum | Menengah (10-20jt) | Baik Sekali / B,-
599,UNIVERSITAS DJUANDA,JAWA BARAT,ADMINISTRASI NEGARA,B,10800000.0,JAWA BARAT | Sosial & Hukum | Menengah (10-20jt) | Baik Sekali / B,https://campus.quipper.com/directory/universitas-djuanda
599,UNIVERSITAS DJUANDA,JAWA BARAT,ADMINISTRASI PUBLIK,UNGGUL,10800000.0,JAWA BARAT | Sosial & Hukum | Menengah (10-20jt) | Baik Sekali / B,https://campus.quipper.com/directory/universitas-djuanda
599,UNIVERSITAS DJUANDA,JAWA BARAT,HUKUM,B,10800000.0,JAWA BARAT | Sosial & Hukum | Menengah (10-20jt) | Baik Sekali / B,https://campus.quipper.com/directory/universitas-djuanda
599,UNIVERSITAS DJUANDA,JAWA BARAT,ILMU KOMUNIKASI,B,10800000.0,JAWA BARAT | Sosial & Hukum | Menengah (10-20jt) | Baik Sekali / B,https://campus.quipper.com/directory/universitas-djuanda
603,UNIVERSITAS AL-GHIFARI,JAWA BARAT,ADMINISTRASI NEGARA,BAIK,10690000.0,JAWA BARAT | Sosial & Hukum | Menengah (10-20jt) | Baik Sekali / B,-
603,UNIVERSITAS AL-GHIFARI,JAWA BARAT,HUBUNGAN INTERNASIONAL,BAIK,10690000.0,JAWA BARAT | Sosial & Hukum | Menengah (10-20jt) | Baik Sekali / B,-
615,UNIVERSITAS MUHAMMADIYAH CILEUNGSI,JAWA BARAT,HUKUM,TERAKREDITASI SEMENTARA,10500000.0,JAWA BARAT | Sosial & Hukum | Menengah (10-20jt) | Baik Sekali / B,-
615,UNIVERSITAS MUHAMMADIYAH CILEUNGSI,JAWA BARAT,ILMU KOMUNIKASI,TERAKREDITASI SEMENTARA,10500000.0,JAWA BARAT | Sosial & Hukum | Menengah (10-20jt) | Baik Sekali / B,-
665,UNIVERSITAS INFORMATIKA DAN BISNIS INDONESIA,JAWA BARAT,ILMU KOMUNIKASI,UNGGUL,9700000.0,JAWA BARAT | Sosial & Hukum | Terjangkau (5-10jt) | Unggul / A,-
665,UNIVERSITAS INFORMATIKA DAN BISNIS INDONESIA,JAWA BARAT,PSIKOLOGI,BAIK,9700000.0,JAWA BARAT | Sosial & Hukum | Terjangkau (5-10jt) | Baik Sekali / B,-
668,SEKOLAH TINGGI ILMU HUKUM DAN POLITIK PELOPOR BANGSA,JAWA BARAT,HUKUM,BAIK,9600000.0,JAWA BARAT | Sosial & Hukum | Terjangkau (5-10jt) | Baik Sekali / B,-
668,SEKOLAH TINGGI ILMU HUKUM DAN POLITIK PELOPOR BANGSA,JAWA BARAT,POLITIK,BAIK,9600000.0,JAWA BARAT | Sosial & Hukum | Terjangkau (5-10jt) | Baik Sekali / B,-
676,UNIVERSITAS HALIM SANUSI,JAWA BARAT,ILMU KOMUNIKASI,BAIK,9516000.0,JAWA BARAT | Sosial & Hukum | Terjangkau (5-10jt) | Baik Sekali / B,-
681,STISIP TASIKMALAYA,JAWA BARAT,PEMERINTAHAN,B,9460000.0,JAWA BARAT | Sosial & Hukum | Terjangkau (5-10jt) | Baik Sekali / B,-
707,UNIVERSITAS YAYASAN PENDIDIKAN IMAM BONJOL MAJALENGKA,JAWA BARAT,PSIKOLOGI,BAIK,9100000.0,JAWA BARAT | Sosial & Hukum | Terjangkau (5-10jt) | Baik Sekali / B,-
719,UNIVERSITAS ADHIRAJASA RESWARA SANJAYA,JAWA BARAT,ILMU KOMUNIKASI,BAIK,9000000.0,JAWA BARAT | Sosial & Hukum | Terjangkau (5-10jt) | Baik Sekali / B,-
734,UNIVERSITAS MUHAMMADIYAH CIREBON,JAWA BARAT,HUKUM,B,8850000.0,JAWA BARAT | Sosial & Hukum | Terjangkau (5-10jt) | Baik Sekali / B,-
734,UNIVERSITAS MUHAMMADIYAH CIREBON,JAWA BARAT,ILMU KOMUNIKASI,UNGGUL,8850000.0,JAWA BARAT | Sosial & Hukum | Terjangkau (5-10jt) | Unggul / A,-
734,UNIVERSITAS MUHAMMADIYAH CIREBON,JAWA BARAT,PEMERINTAHAN,TERAKREDITASI,8850000.0,JAWA BARAT | Sosial & Hukum | Terjangkau (5-10jt) | Unggul / A,-
737,UNIVERSITAS ISLAM AS-SYAFIIYAH,JAWA BARAT,HUKUM,BAIK,8812500.0,JAWA BARAT | Sosial & Hukum | Terjangkau (5-10jt) | Baik Sekali / B,-
1459,UNIVERSITAS TEKNOLOGI NUSANTARA,JAWA BARAT,PSIKOLOGI,BAIK,8750000.0,JAWA BARAT | Sosial & Hukum | Terjangkau (5-10jt) | Baik Sekali / B,-
749,SEKOLAH TINGGI HUKUM GARUT,JAWA BARAT,HUKUM,B,8500000.0,JAWA BARAT | Sosial & Hukum | Terjangkau (5-10jt) | Baik Sekali / B,-
757,UNIVERSITAS WIRALODRA,JAWA BARAT,HUKUM,B,8480000.0,JAWA BARAT | Sosial & Hukum | Terjangkau (5-10jt) | Baik Sekali / B,https://rencanamu.id/cari-kampus/universitas-wiralodra
757,UNIVERSITAS WIRALODRA,JAWA BARAT,PEMERINTAHAN,C,8480000.0,JAWA BARAT | Sosial & Hukum | Terjangkau (5-10jt) | Baik Sekali / B,https://rencanamu.id/cari-kampus/universitas-wiralodra
776,UNIVERSITAS SURYAKANCANA,JAWA BARAT,HUKUM,A,8160000.0,JAWA BARAT | Sosial & Hukum | Terjangkau (5-10jt) | Unggul / A,-
776,UNIVERSITAS SURYAKANCANA,JAWA BARAT,PANCASILA KEWARGANEGARAAN,B,8160000.0,JAWA BARAT | Sosial & Hukum | Terjangkau (5-10jt) | Baik Sekali / B,-
778,INSTITUT PENDIDIKAN INDONESIA GARUT,JAWA BARAT,PANCASILA KEWARGANEGARAAN,UNGGUL,8110000.0,JAWA BARAT | Sosial & Hukum | Terjangkau (5-10jt) | Unggul / A,-
778,INSTITUT PENDIDIKAN INDONESIA GARUT,JAWA BARAT,PENGETAHUAN SOSIAL,UNGGUL,8110000.0,JAWA BARAT | Sosial & Hukum | Terjangkau (5-10jt) | Unggul / A,-
916,UNIVERSITAS TEKNOLOGI DIGITAL,JAWA BARAT,HUKUM,BAIK,8100000.0,JAWA BARAT | Sosial & Hukum | Terjangkau (5-10jt) | Baik Sekali / B,-
796,STISIP WIDYAPURI MANDIRI,JAWA BARAT,ILMU KOMUNIKASI,B,8000000.0,JAWA BARAT | Sosial & Hukum | Terjangkau (5-10jt) | Baik Sekali / B,-
796,STISIP WIDYAPURI MANDIRI,JAWA BARAT,PEMERINTAHAN,B,8000000.0,JAWA BARAT | Sosial & Hukum | Terjangkau (5-10jt) | Baik Sekali / B,-
817,STKIP ARRAHMANIYAH,JAWA BARAT,PANCASILA KEWARGANEGARAAN,B,8000000.0,JAWA BARAT | Sosial & Hukum | Terjangkau (5-10jt) | Baik Sekali / B,-
820,UNIVERSITAS SEBELAS APRIL,JAWA BARAT,ADMINISTRASI PUBLIK,B,8000000.0,JAWA BARAT | Sosial & Hukum | Terjangkau (5-10jt) | Baik Sekali / B,-
854,UNIVERSITAS NUSA PUTRA,JAWA BARAT,HUKUM,BAIK SEKALI,7600000.0,JAWA BARAT | Sosial & Hukum | Terjangkau (5-10jt) | Baik Sekali / B,-
877,UNIVERSITAS PERSATUAN ISLAM,JAWA BARAT,SEJARAH,BAIK SEKALI,7500000.0,JAWA BARAT | Sosial & Hukum | Terjangkau (5-10jt) | Baik Sekali / B,-
938,INSTITUT PENDIDIKAN DAN BAHASA INVADA,JAWA BARAT,ILMU KOMUNIKASI,B,7000000.0,JAWA BARAT | Sosial & Hukum | Terjangkau (5-10jt) | Baik Sekali / B,https://campus.quipper.com/directory/institut-pendidikan-dan-bahasa-invada-ipb-cirebon
945,UNIVERSITAS LANGLANG BUANA,JAWA BARAT,HUKUM,UNGGUL,7000000.0,JAWA BARAT | Sosial & Hukum | Terjangkau (5-10jt) | Unggul / A,-
945,UNIVERSITAS LANGLANG BUANA,JAWA BARAT,ILMU KOMUNIKASI,B,7000000.0,JAWA BARAT | Sosial & Hukum | Terjangkau (5-10jt) | Baik Sekali / B,-
945,UNIVERSITAS LANGLANG BUANA,JAWA BARAT,KESEJAHTERAAN SOSIAL,B,7000000.0,JAWA BARAT | Sosial & Hukum | Terjangkau (5-10jt) | Baik Sekali / B,-
945,UNIVERSITAS LANGLANG BUANA,JAWA BARAT,PEMERINTAHAN,A,7000000.0,JAWA BARAT | Sosial & Hukum | Terjangkau (5-10jt) | Unggul / A,-
985,UNIVERSITAS MAYASARI BAKTI,JAWA BARAT,HUKUM,BAIK,6575000.0,JAWA BARAT | Sosial & Hukum | Terjangkau (5-10jt) | Baik Sekali / B,-
1077,UNIVERSITAS MAJALENGKA,JAWA BARAT,ADMINISTRASI NEGARA,B,6025000.0,JAWA BARAT | Sosial & Hukum | Terjangkau (5-10jt) | Baik Sekali / B,https://rencanamu.id/cari-kampus/universitas-majalengka
1077,UNIVERSITAS MAJALENGKA,JAWA BARAT,ADMINISTRASI PUBLIK,B,6025000.0,JAWA BARAT | Sosial & Hukum | Terjangkau (5-10jt) | Baik Sekali / B,https://rencanamu.id/cari-kampus/universitas-majalengka
1077,UNIVERSITAS MAJALENGKA,JAWA BARAT,HUBUNGAN INTERNASIONAL,B,6025000.0,JAWA BARAT | Sosial & Hukum | Terjangkau (5-10jt) | Baik Sekali / B,https://rencanamu.id/cari-kampus/universitas-majalengka
1077,UNIVERSITAS MAJALENGKA,JAWA BARAT,HUKUM,B,6025000.0,JAWA BARAT | Sosial & Hukum | Terjangkau (5-10jt) | Baik Sekali / B,https://rencanamu.id/cari-kampus/universitas-majalengka
1077,UNIVERSITAS MAJALENGKA,JAWA BARAT,ILMU KOMUNIKASI,B,6025000.0,JAWA BARAT | Sosial & Hukum | Terjangkau (5-10jt) | Baik Sekali / B,https://rencanamu.id/cari-kampus/universitas-majalengka
1083,STISIP GUNA NUSANTARA,JAWA BARAT,PEMERINTAHAN,BAIK,6000000.0,JAWA BARAT | Sosial & Hukum | Terjangkau (5-10jt) | Baik Sekali / B,-
1122,UNIVERSITAS BALE BANDUNG,JAWA BARAT,PEMERINTAHAN,BAIK,6000000.0,JAWA BARAT | Sosial & Hukum | Terjangkau (5-10jt) | Baik Sekali / B,https://campus.quipper.com/directory/universitas-bale-bandung
1122,UNIVERSITAS BALE BANDUNG,JAWA BARAT,PENGETAHUAN SOSIAL,BAIK SEKALI,6000000.0,JAWA BARAT | Sosial & Hukum | Terjangkau (5-10jt) | Baik Sekali / B,https://campus.quipper.com/directory/universitas-bale-bandung
1117,UNIVERSITAS SUBANG,JAWA BARAT,ADMINISTRASI NEGARA,B,6000000.0,JAWA BARAT | Sosial & Hukum | Terjangkau (5-10jt) | Baik Sekali / B,https://campus.quipper.com/directory/universitas-subang
1117,UNIVERSITAS SUBANG,JAWA BARAT,ADMINISTRASI PUBLIK,BAIK SEKALI,6000000.0,JAWA BARAT | Sosial & Hukum | Terjangkau (5-10jt) | Baik Sekali / B,https://campus.quipper.com/directory/universitas-subang
1117,UNIVERSITAS SUBANG,JAWA BARAT,HUKUM,BAIK,6000000.0,JAWA BARAT | Sosial & Hukum | Terjangkau (5-10jt) | Baik Sekali / B,https://campus.quipper.com/directory/universitas-subang
1117,UNIVERSITAS SUBANG,JAWA BARAT,ILMU KOMUNIKASI,B,6000000.0,JAWA BARAT | Sosial & Hukum | Terjangkau (5-10jt) | Baik Sekali / B,https://campus.quipper.com/directory/universitas-subang
1140,UNIVERSITAS PELITA BANGSA,JAWA BARAT,HUKUM,BAIK,5800000.0,JAWA BARAT | Sosial & Hukum | Terjangkau (5-10jt) | Baik Sekali / B,https://campus.quipper.com/directory/universitas-pelita-bangsa
1226,INSTITUT BISNIS MUHAMMADIYAH BEKASI,JAWA BARAT,ILMU KOMUNIKASI,BAIK,5000000.0,JAWA BARAT | Sosial & Hukum | Terjangkau (5-10jt) | Baik Sekali / B,-
1234,STISIP SYAMSUL ULUM,JAWA BARAT,ADMINISTRASI NEGARA,B,5000000.0,JAWA BARAT | Sosial & Hukum | Terjangkau (5-10jt) | Baik Sekali / B,-
1261,UNIVERSITAS MANDIRI,JAWA BARAT,PANCASILA KEWARGANEGARAAN,BAIK,5000000.0,JAWA BARAT | Sosial & Hukum | Terjangkau (5-10jt) | Baik Sekali / B,-
1296,STISIP SAMUDERA INDONESIA SELATAN,JAWA BARAT,ADMINISTRASI PUBLIK,BAIK,4800000.0,JAWA BARAT | Sosial & Hukum | Hemat (<5jt) | Baik Sekali / B,-
1357,SEKOLAH TINGGI KEGURUAN DAN ILMU PENDIDIKAN AL-AMIN INDRAMAYU,JAWA BARAT,PENGETAHUAN SOSIAL,BAIK SEKALI,4500000.0,JAWA BARAT | Sosial & Hukum | Hemat (<5jt) | Baik Sekali / B,-
1383,UNIVERSITAS GALUH CIAMIS,JAWA BARAT,ADMINISTRASI NEGARA,B,4250000.0,JAWA BARAT | Sosial & Hukum | Hemat (<5jt) | Baik Sekali / B,https://campus.quipper.com/directory/universitas-galuh-ciamis
1383,UNIVERSITAS GALUH CIAMIS,JAWA BARAT,HUKUM,B,4250000.0,JAWA BARAT | Sosial & Hukum | Hemat (<5jt) | Baik Sekali / B,https://campus.quipper.com/directory/universitas-galuh-ciamis
1383,UNIVERSITAS GALUH CIAMIS,JAWA BARAT,PEMERINTAHAN,B,4250000.0,JAWA BARAT | Sosial & Hukum | Hemat (<5jt) | Baik Sekali / B,https://campus.quipper.com/directory/universitas-galuh-ciamis
1383,UNIVERSITAS GALUH CIAMIS,JAWA BARAT,SEJARAH,B,4250000.0,JAWA BARAT | Sosial & Hukum | Hemat (<5jt) | Baik Sekali / B,https://campus.quipper.com/directory/universitas-galuh-ciamis
16,UNIVERSITAS BSI BANDUNG,JAWA BARAT,HUBUNGAN MASYARAKAT,B,4150000.0,JAWA BARAT | Sosial & Hukum | Hemat (<5jt) | Baik Sekali / B,https://rencanamu.id/cari-kampus/universitas-bsi-bandung
16,UNIVERSITAS BSI BANDUNG,JAWA BARAT,ILMU KOMUNIKASI,B,4150000.0,JAWA BARAT | Sosial & Hukum | Hemat (<5jt) | Baik Sekali / B,https://rencanamu.id/cari-kampus/universitas-bsi-bandung
1395,SEKOLAH TINGGI ILMU ADMINISTRASI MENARA SISWA,JAWA BARAT,ADMINISTRASI NEGARA,BAIK,4100000.0,JAWA BARAT | Sosial & Hukum | Hemat (<5jt) | Baik Sekali / B,-
1397,UNIVERSITAS NAHDLATUL ULAMA CIREBON,JAWA BARAT,HUKUM,BAIK,4000146.0,JAWA BARAT | Sosial & Hukum | Hemat (<5jt) | Baik Sekali / B,-
20,UNIVERSITAS NASIONAL PASIM,JAWA BARAT,PSIKOLOGI,BAIK,3600000.0,JAWA BARAT | Sosial & Hukum | Hemat (<5jt) | Baik Sekali / B,-
52,UNIVERSITAS ISLAM BANDUNG,JAWA BARAT,INDUSTRI,B,93250000.0,JAWA BARAT | Teknik & Arsitektur | Sangat Mahal (>50jt) | Baik Sekali / B,https://rencanamu.id/cari-kampus/universitas-islam-bandung
52,UNIVERSITAS ISLAM BANDUNG,JAWA BARAT,PERTAMBANGAN,B,93250000.0,JAWA BARAT | Teknik & Arsitektur | Sangat Mahal (>50jt) | Baik Sekali / B,https://rencanamu.id/cari-kampus/universitas-islam-bandung
59,UNIVERSITAS 17 AGUSTUS 1945 CIREBON,JAWA BARAT,ELEKTRO,B,75500000.0,JAWA BARAT | Teknik & Arsitektur | Sangat Mahal (>50jt) | Baik Sekali / B,https://campus.quipper.com/directory/universitas-17-agustus-1945-cirebon
59,UNIVERSITAS 17 AGUSTUS 1945 CIREBON,JAWA BARAT,MESIN,BAIK SEKALI,75500000.0,JAWA BARAT | Teknik & Arsitektur | Sangat Mahal (>50jt) | Baik Sekali / B,https://campus.quipper.com/directory/universitas-17-agustus-1945-cirebon
64,UNIVERSITAS ISLAM NUSANTARA,JAWA BARAT,ELEKTRO,C,67040000.0,JAWA BARAT | Teknik & Arsitektur | Sangat Mahal (>50jt) | Baik Sekali / B,https://rencanamu.id/cari-kampus/universitas-islam-nusantara
64,UNIVERSITAS ISLAM NUSANTARA,JAWA BARAT,INDUSTRI,C,67040000.0,JAWA BARAT | Teknik & Arsitektur | Sangat Mahal (>50jt) | Baik Sekali / B,https://rencanamu.id/cari-kampus/universitas-islam-nusantara
66,UNIVERSITAS KEBANGSAAN REPUBLIK INDONESIA,JAWA BARAT,ARSITEKTUR,BAIK SEKALI,66200003.0,JAWA BARAT | Teknik & Arsitektur | Sangat Mahal (>50jt) | Baik Sekali / B,-
66,UNIVERSITAS KEBANGSAAN REPUBLIK INDONESIA,JAWA BARAT,ELEKTRO,BAIK SEKALI,66200003.0,JAWA BARAT | Teknik & Arsitektur | Sangat Mahal (>50jt) | Baik Sekali / B,-
66,UNIVERSITAS KEBANGSAAN REPUBLIK INDONESIA,JAWA BARAT,INDUSTRI,BAIK,66200003.0,JAWA BARAT | Teknik & Arsitektur | Sangat Mahal (>50jt) | Baik Sekali / B,-
66,UNIVERSITAS KEBANGSAAN REPUBLIK INDONESIA,JAWA BARAT,LINGKUNGAN,BAIK SEKALI,66200003.0,JAWA BARAT | Teknik & Arsitektur | Sangat Mahal (>50jt) | Baik Sekali / B,-
66,UNIVERSITAS KEBANGSAAN REPUBLIK INDONESIA,JAWA BARAT,MESIN,BAIK SEKALI,66200003.0,JAWA BARAT | Teknik & Arsitektur | Sangat Mahal (>50jt) | Baik Sekali / B,-
79,UNIVERSITAS LOGISTIK DAN BISNIS INTERNASIONAL,JAWA BARAT,MANAJEMEN REKAYASA,BAIK,53900000.0,JAWA BARAT | Teknik & Arsitektur | Sangat Mahal (>50jt) | Baik Sekali / B,-
79,UNIVERSITAS LOGISTIK DAN BISNIS INTERNASIONAL,JAWA BARAT,TRANSPORTASI,BAIK SEKALI,53900000.0,JAWA BARAT | Teknik & Arsitektur | Sangat Mahal (>50jt) | Baik Sekali / B,-
81,UNIVERSITAS KRISTEN MARANATHA,JAWA BARAT,ARSITEKTUR,BAIK,52352500.0,JAWA BARAT | Teknik & Arsitektur | Sangat Mahal (>50jt) | Baik Sekali / B,https://rencanamu.id/cari-kampus/universitas-kristen-maranatha
81,UNIVERSITAS KRISTEN MARANATHA,JAWA BARAT,ELEKTRO,A,52352500.0,JAWA BARAT | Teknik & Arsitektur | Sangat Mahal (>50jt) | Baik Sekali / B,https://rencanamu.id/cari-kampus/universitas-kristen-maranatha
81,UNIVERSITAS KRISTEN MARANATHA,JAWA BARAT,INDUSTRI,B,52352500.0,JAWA BARAT | Teknik & Arsitektur | Sangat Mahal (>50jt) | Baik Sekali / B,https://rencanamu.id/cari-kampus/universitas-kristen-maranatha
81,UNIVERSITAS KRISTEN MARANATHA,JAWA BARAT,SIPIL,B,52352500.0,JAWA BARAT | Teknik & Arsitektur | Sangat Mahal (>50jt) | Baik Sekali / B,https://rencanamu.id/cari-kampus/universitas-kristen-maranatha
92,INSTITUT TEKNOLOGI NASIONAL BANDUNG,JAWA BARAT,ARSITEKTUR,B,48335000.0,JAWA BARAT | Teknik & Arsitektur | Mahal (20-50jt) | Baik Sekali / B,-
92,INSTITUT TEKNOLOGI NASIONAL BANDUNG,JAWA BARAT,ELEKTRO,BAIK SEKALI,48335000.0,JAWA BARAT | Teknik & Arsitektur | Mahal (20-50jt) | Baik Sekali / B,-
92,INSTITUT TEKNOLOGI NASIONAL BANDUNG,JAWA BARAT,GEODESI,UNGGUL,48335000.0,JAWA BARAT | Teknik & Arsitektur | Mahal (20-50jt) | Unggul / A,-
92,INSTITUT TEKNOLOGI NASIONAL BANDUNG,JAWA BARAT,INDUSTRI,A,48335000.0,JAWA BARAT | Teknik & Arsitektur | Mahal (20-50jt) | Baik Sekali / B,-
92,INSTITUT TEKNOLOGI NASIONAL BANDUNG,JAWA BARAT,LINGKUNGAN,UNGGUL,48335000.0,JAWA BARAT | Teknik & Arsitektur | Mahal (20-50jt) | Unggul / A,-
92,INSTITUT TEKNOLOGI NASIONAL BANDUNG,JAWA BARAT,MESIN,UNGGUL,48335000.0,JAWA BARAT | Teknik & Arsitektur | Mahal (20-50jt) | Unggul / A,-
92,INSTITUT TEKNOLOGI NASIONAL BANDUNG,JAWA BARAT,SIPIL,UNGGUL,48335000.0,JAWA BARAT | Teknik & Arsitektur | Mahal (20-50jt) | Unggul / A,-
26,UNIVERSITAS PASUNDAN,JAWA BARAT,INDUSTRI,A,48250000.0,JAWA BARAT | Teknik & Arsitektur | Mahal (20-50jt) | Baik Sekali / B,https://rencanamu.id/cari-kampus/universitas-pasundan
26,UNIVERSITAS PASUNDAN,JAWA BARAT,LINGKUNGAN,B,48250000.0,JAWA BARAT | Teknik & Arsitektur | Mahal (20-50jt) | Baik Sekali / B,https://rencanamu.id/cari-kampus/universitas-pasundan
26,UNIVERSITAS PASUNDAN,JAWA BARAT,MESIN,A,48250000.0,JAWA BARAT | Teknik & Arsitektur | Mahal (20-50jt) | Baik Sekali / B,https://rencanamu.id/cari-kampus/universitas-pasundan
2,PRESIDENT UNIVERSITY,JAWA BARAT,ELEKTRO,B,36000000.0,JAWA BARAT | Teknik & Arsitektur | Mahal (20-50jt) | Baik Sekali / B,https://rencanamu.id/cari-kampus/president-university
2,PRESIDENT UNIVERSITY,JAWA BARAT,INDUSTRI,B,36000000.0,JAWA BARAT | Teknik & Arsitektur | Mahal (20-50jt) | Baik Sekali / B,https://rencanamu.id/cari-kampus/president-university
2,PRESIDENT UNIVERSITY,JAWA BARAT,MESIN,B,36000000.0,JAWA BARAT | Teknik & Arsitektur | Mahal (20-50jt) | Baik Sekali / B,https://rencanamu.id/cari-kampus/president-university
129,UNIVERSITAS PAKUAN,JAWA BARAT,ELEKTRO,B,35000006.0,JAWA BARAT | Teknik & Arsitektur | Mahal (20-50jt) | Baik Sekali / B,https://rencanamu.id/cari-kampus/universitas-pakuan
129,UNIVERSITAS PAKUAN,JAWA BARAT,SIPIL,B,35000006.0,JAWA BARAT | Teknik & Arsitektur | Mahal (20-50jt) | Baik Sekali / B,https://rencanamu.id/cari-kampus/universitas-pakuan
150,UNIVERSITAS SALI AL-AITAAM,JAWA BARAT,INDUSTRI,BAIK,31515000.0,JAWA BARAT | Teknik & Arsitektur | Mahal (20-50jt) | Baik Sekali / B,-
196,UNIVERSITAS ISLAM AL-IHYA KUNINGAN,JAWA BARAT,MESIN,BAIK,26118000.0,JAWA BARAT | Teknik & Arsitektur | Mahal (20-50jt) | Baik Sekali / B,-
197,UNIVERSITAS TELKOM,JAWA BARAT,INDUSTRI,BAIK,26000000.0,JAWA BARAT | Teknik & Arsitektur | Mahal (20-50jt) | Baik Sekali / B,https://campus.quipper.com/directory/universitas-telkom
197,UNIVERSITAS TELKOM,JAWA BARAT,MANAJEMEN REKAYASA,BAIK,26000000.0,JAWA BARAT | Teknik & Arsitektur | Mahal (20-50jt) | Baik Sekali / B,https://campus.quipper.com/directory/universitas-telkom
197,UNIVERSITAS TELKOM,JAWA BARAT,SISTEM ENERGI,BAIK,26000000.0,JAWA BARAT | Teknik & Arsitektur | Mahal (20-50jt) | Baik Sekali / B,https://campus.quipper.com/directory/universitas-telkom
212,UNIVERSITAS KOMPUTER INDONESIA,JAWA BARAT,ELEKTRO,B,24950000.0,JAWA BARAT | Teknik & Arsitektur | Mahal (20-50jt) | Baik Sekali / B,https://rencanamu.id/cari-kampus/universitas-komputer-indonesia
212,UNIVERSITAS KOMPUTER INDONESIA,JAWA BARAT,INDUSTRI,B,24950000.0,JAWA BARAT | Teknik & Arsitektur | Mahal (20-50jt) | Baik Sekali / B,https://rencanamu.id/cari-kampus/universitas-komputer-indonesia
212,UNIVERSITAS KOMPUTER INDONESIA,JAWA BARAT,SIPIL,B,24950000.0,JAWA BARAT | Teknik & Arsitektur | Mahal (20-50jt) | Baik Sekali / B,https://rencanamu.id/cari-kampus/universitas-komputer-indonesia
240,UNIVERSITAS GLOBAL JAKARTA,JAWA BARAT,ELEKTRO,BAIK SEKALI,22801250.0,JAWA BARAT | Teknik & Arsitektur | Mahal (20-50jt) | Baik Sekali / B,-
240,UNIVERSITAS GLOBAL JAKARTA,JAWA BARAT,INDUSTRI,BAIK,22801250.0,JAWA BARAT | Teknik & Arsitektur | Mahal (20-50jt) | Baik Sekali / B,-
240,UNIVERSITAS GLOBAL JAKARTA,JAWA BARAT,MESIN,BAIK SEKALI,22801250.0,JAWA BARAT | Teknik & Arsitektur | Mahal (20-50jt) | Baik Sekali / B,-
240,UNIVERSITAS GLOBAL JAKARTA,JAWA BARAT,SIPIL,BAIK SEKALI,22801250.0,JAWA BARAT | Teknik & Arsitektur | Mahal (20-50jt) | Baik Sekali / B,-
361,UNIVERSITAS SANGGA BUANA,JAWA BARAT,ELEKTRO,BAIK SEKALI,21940000.0,JAWA BARAT | Teknik & Arsitektur | Mahal (20-50jt) | Baik Sekali / B,-
361,UNIVERSITAS SANGGA BUANA,JAWA BARAT,INDUSTRI,BAIK SEKALI,21940000.0,JAWA BARAT | Teknik & Arsitektur | Mahal (20-50jt) | Baik Sekali / B,-
361,UNIVERSITAS SANGGA BUANA,JAWA BARAT,MESIN,BAIK SEKALI,21940000.0,JAWA BARAT | Teknik & Arsitektur | Mahal (20-50jt) | Baik Sekali / B,-
361,UNIVERSITAS SANGGA BUANA,JAWA BARAT,SIPIL,B,21940000.0,JAWA BARAT | Teknik & Arsitektur | Mahal (20-50jt) | Baik Sekali / B,-
257,UNIVERSITAS JENDERAL ACHMAD YANI,JAWA BARAT,ELEKTRO,B,21504000.0,JAWA BARAT | Teknik & Arsitektur | Mahal (20-50jt) | Baik Sekali / B,https://rencanamu.id/cari-kampus/universitas-jenderal-achmad-yani
257,UNIVERSITAS JENDERAL ACHMAD YANI,JAWA BARAT,INDUSTRI,B,21504000.0,JAWA BARAT | Teknik & Arsitektur | Mahal (20-50jt) | Baik Sekali / B,https://rencanamu.id/cari-kampus/universitas-jenderal-achmad-yani
257,UNIVERSITAS JENDERAL ACHMAD YANI,JAWA BARAT,MESIN,B,21504000.0,JAWA BARAT | Teknik & Arsitektur | Mahal (20-50jt) | Baik Sekali / B,https://rencanamu.id/cari-kampus/universitas-jenderal-achmad-yani
257,UNIVERSITAS JENDERAL ACHMAD YANI,JAWA BARAT,METALURGI,B,21504000.0,JAWA BARAT | Teknik & Arsitektur | Mahal (20-50jt) | Baik Sekali / B,https://rencanamu.id/cari-kampus/universitas-jenderal-achmad-yani
257,UNIVERSITAS JENDERAL ACHMAD YANI,JAWA BARAT,SIPIL,B,21504000.0,JAWA BARAT | Teknik & Arsitektur | Mahal (20-50jt) | Baik Sekali / B,https://rencanamu.id/cari-kampus/universitas-jenderal-achmad-yani
336,UNIVERSITAS WINAYA MUKTI,JAWA BARAT,ARSITEKTUR,BAIK,17900000.0,JAWA BARAT | Teknik & Arsitektur | Menengah (10-20jt) | Baik Sekali / B,-
336,UNIVERSITAS WINAYA MUKTI,JAWA BARAT,GEODESI,BAIK SEKALI,17900000.0,JAWA BARAT | Teknik & Arsitektur | Menengah (10-20jt) | Baik Sekali / B,-
336,UNIVERSITAS WINAYA MUKTI,JAWA BARAT,LINGKUNGAN,BAIK SEKALI,17900000.0,JAWA BARAT | Teknik & Arsitektur | Menengah (10-20jt) | Baik Sekali / B,-
336,UNIVERSITAS WINAYA MUKTI,JAWA BARAT,SIPIL,BAIK SEKALI,17900000.0,JAWA BARAT | Teknik & Arsitektur | Menengah (10-20jt) | Baik Sekali / B,-
344,UNIVERSITAS MUHAMMADIYAH TASIKMALAYA,JAWA BARAT,ELEKTRO,BAIK SEKALI,17450000.0,JAWA BARAT | Teknik & Arsitektur | Menengah (10-20jt) | Baik Sekali / B,https://campus.quipper.com/directory/universitas-muhammadiyah-tasikmalaya
344,UNIVERSITAS MUHAMMADIYAH TASIKMALAYA,JAWA BARAT,LINGKUNGAN,BAIK SEKALI,17450000.0,JAWA BARAT | Teknik & Arsitektur | Menengah (10-20jt) | Baik Sekali / B,https://campus.quipper.com/directory/universitas-muhammadiyah-tasikmalaya
344,UNIVERSITAS MUHAMMADIYAH TASIKMALAYA,JAWA BARAT,MESIN,BAIK SEKALI,17450000.0,JAWA BARAT | Teknik & Arsitektur | Menengah (10-20jt) | Baik Sekali / B,https://campus.quipper.com/directory/universitas-muhammadiyah-tasikmalaya
344,UNIVERSITAS MUHAMMADIYAH TASIKMALAYA,JAWA BARAT,PERTAMBANGAN,BAIK SEKALI,17450000.0,JAWA BARAT | Teknik & Arsitektur | Menengah (10-20jt) | Baik Sekali / B,https://campus.quipper.com/directory/universitas-muhammadiyah-tasikmalaya
368,UNIVERSITAS GUNADARMA,JAWA BARAT,ARSITEKTUR,A,16100000.0,JAWA BARAT | Teknik & Arsitektur | Menengah (10-20jt) | Unggul / A,https://rencanamu.id/cari-kampus/universitas-gunadarma
368,UNIVERSITAS GUNADARMA,JAWA BARAT,ELEKTRO,A,16100000.0,JAWA BARAT | Teknik & Arsitektur | Menengah (10-20jt) | Unggul / A,https://rencanamu.id/cari-kampus/universitas-gunadarma
368,UNIVERSITAS GUNADARMA,JAWA BARAT,INDUSTRI,A,16100000.0,JAWA BARAT | Teknik & Arsitektur | Menengah (10-20jt) | Unggul / A,https://rencanamu.id/cari-kampus/universitas-gunadarma
368,UNIVERSITAS GUNADARMA,JAWA BARAT,MESIN,A,16100000.0,JAWA BARAT | Teknik & Arsitektur | Menengah (10-20jt) | Unggul / A,https://rencanamu.id/cari-kampus/universitas-gunadarma
368,UNIVERSITAS GUNADARMA,JAWA BARAT,SIPIL,A,16100000.0,JAWA BARAT | Teknik & Arsitektur | Menengah (10-20jt) | Unggul / A,https://rencanamu.id/cari-kampus/universitas-gunadarma
712,UNIVERSITAS ISLAM 45,JAWA BARAT,ELEKTRO,BAIK SEKALI,14527000.0,JAWA BARAT | Teknik & Arsitektur | Menengah (10-20jt) | Baik Sekali / B,-
712,UNIVERSITAS ISLAM 45,JAWA BARAT,INDUSTRI,TERAKREDITASI PERTAMA,14527000.0,JAWA BARAT | Teknik & Arsitektur | Menengah (10-20jt) | Unggul / A,-
712,UNIVERSITAS ISLAM 45,JAWA BARAT,MESIN,BAIK SEKALI,14527000.0,JAWA BARAT | Teknik & Arsitektur | Menengah (10-20jt) | Baik Sekali / B,-
712,UNIVERSITAS ISLAM 45,JAWA BARAT,SIPIL,BAIK SEKALI,14527000.0,JAWA BARAT | Teknik & Arsitektur | Menengah (10-20jt) | Baik Sekali / B,-
468,UNIVERSITAS SEHATI INDONESIA,JAWA BARAT,REKAYASA INDUSTRI,BAIK,13500000.0,JAWA BARAT | Teknik & Arsitektur | Menengah (10-20jt) | Baik Sekali / B,-
481,INSTITUT TEKNOLOGI DAN SAINS BANDUNG,JAWA BARAT,ARSITEKTUR,C,13000000.0,JAWA BARAT | Teknik & Arsitektur | Menengah (10-20jt) | Baik / C,https://campus.quipper.com/directory/institut-teknologi-dan-sains-bandung
481,INSTITUT TEKNOLOGI DAN SAINS BANDUNG,JAWA BARAT,LINGKUNGAN,C,13000000.0,JAWA BARAT | Teknik & Arsitektur | Menengah (10-20jt) | Baik / C,https://campus.quipper.com/directory/institut-teknologi-dan-sains-bandung
481,INSTITUT TEKNOLOGI DAN SAINS BANDUNG,JAWA BARAT,METALURGI,C,13000000.0,JAWA BARAT | Teknik & Arsitektur | Menengah (10-20jt) | Baik / C,https://campus.quipper.com/directory/institut-teknologi-dan-sains-bandung
481,INSTITUT TEKNOLOGI DAN SAINS BANDUNG,JAWA BARAT,PERMINYAKAN,C,13000000.0,JAWA BARAT | Teknik & Arsitektur | Menengah (10-20jt) | Baik / C,https://campus.quipper.com/directory/institut-teknologi-dan-sains-bandung
481,INSTITUT TEKNOLOGI DAN SAINS BANDUNG,JAWA BARAT,PERTAMBANGAN,C,13000000.0,JAWA BARAT | Teknik & Arsitektur | Menengah (10-20jt) | Baik / C,https://campus.quipper.com/directory/institut-teknologi-dan-sains-bandung
481,INSTITUT TEKNOLOGI DAN SAINS BANDUNG,JAWA BARAT,SIPIL,C,13000000.0,JAWA BARAT | Teknik & Arsitektur | Menengah (10-20jt) | Baik / C,https://campus.quipper.com/directory/institut-teknologi-dan-sains-bandung
495,SEKOLAH TINGGI TEKNOLOGI DUTA BANGSA,JAWA BARAT,ELEKTRO,BAIK SEKALI,12645000.0,JAWA BARAT | Teknik & Arsitektur | Menengah (10-20jt) | Baik Sekali / B,-
495,SEKOLAH TINGGI TEKNOLOGI DUTA BANGSA,JAWA BARAT,MESIN,BAIK SEKALI,12645000.0,JAWA BARAT | Teknik & Arsitektur | Menengah (10-20jt) | Baik Sekali / B,-
512,SEKOLAH TINGGI TEKNOLOGI CIREBON,JAWA BARAT,ARSITEKTUR,BAIK,12350000.0,JAWA BARAT | Teknik & Arsitektur | Menengah (10-20jt) | Baik Sekali / B,-
512,SEKOLAH TINGGI TEKNOLOGI CIREBON,JAWA BARAT,SIPIL,B,12350000.0,JAWA BARAT | Teknik & Arsitektur | Menengah (10-20jt) | Baik Sekali / B,-
524,UNIVERSITAS KUNINGAN,JAWA BARAT,LINGKUNGAN,BAIK,12150000.0,JAWA BARAT | Teknik & Arsitektur | Menengah (10-20jt) | Baik Sekali / B,https://rencanamu.id/cari-kampus/universitas-kuningan
534,UNIVERSITAS ISLAM 45 BEKASI,JAWA BARAT,ELEKTRO,B,12000000.0,JAWA BARAT | Teknik & Arsitektur | Menengah (10-20jt) | Baik Sekali / B,https://campus.quipper.com/directory/universitas-islam-45-bekasi
534,UNIVERSITAS ISLAM 45 BEKASI,JAWA BARAT,MESIN,B,12000000.0,JAWA BARAT | Teknik & Arsitektur | Menengah (10-20jt) | Baik Sekali / B,https://campus.quipper.com/directory/universitas-islam-45-bekasi
534,UNIVERSITAS ISLAM 45 BEKASI,JAWA BARAT,SIPIL,B,12000000.0,JAWA BARAT | Teknik & Arsitektur | Menengah (10-20jt) | Baik Sekali / B,https://campus.quipper.com/directory/universitas-islam-45-bekasi
567,UNIVERSITAS LANGLANGBUANA,JAWA BARAT,ARSITEKTUR,B,11500000.0,JAWA BARAT | Teknik & Arsitektur | Menengah (10-20jt) | Baik Sekali / B,https://campus.quipper.com/directory/universitas-langlangbuana
567,UNIVERSITAS LANGLANGBUANA,JAWA BARAT,ELEKTRO,B,11500000.0,JAWA BARAT | Teknik & Arsitektur | Menengah (10-20jt) | Baik Sekali / B,https://campus.quipper.com/directory/universitas-langlangbuana
567,UNIVERSITAS LANGLANGBUANA,JAWA BARAT,INDUSTRI,B,11500000.0,JAWA BARAT | Teknik & Arsitektur | Menengah (10-20jt) | Baik Sekali / B,https://campus.quipper.com/directory/universitas-langlangbuana
567,UNIVERSITAS LANGLANGBUANA,JAWA BARAT,SIPIL,B,11500000.0,JAWA BARAT | Teknik & Arsitektur | Menengah (10-20jt) | Baik Sekali / B,https://campus.quipper.com/directory/universitas-langlangbuana
580,UNIVERSITAS WIDYATAMA,JAWA BARAT,ELEKTRO,C,11100000.0,JAWA BARAT | Teknik & Arsitektur | Menengah (10-20jt) | Baik / C,https://rencanamu.id/cari-kampus/universitas-widyatama
580,UNIVERSITAS WIDYATAMA,JAWA BARAT,INDUSTRI,B,11100000.0,JAWA BARAT | Teknik & Arsitektur | Menengah (10-20jt) | Baik Sekali / B,https://rencanamu.id/cari-kampus/universitas-widyatama
580,UNIVERSITAS WIDYATAMA,JAWA BARAT,MESIN,C,11100000.0,JAWA BARAT | Teknik & Arsitektur | Menengah (10-20jt) | Baik / C,https://rencanamu.id/cari-kampus/universitas-widyatama
580,UNIVERSITAS WIDYATAMA,JAWA BARAT,SIPIL,C,11100000.0,JAWA BARAT | Teknik & Arsitektur | Menengah (10-20jt) | Baik / C,https://rencanamu.id/cari-kampus/universitas-widyatama
589,UNIVERSITAS TEKNOLOGI BANDUNG,JAWA BARAT,INDUSTRI,B,11000000.0,JAWA BARAT | Teknik & Arsitektur | Menengah (10-20jt) | Baik Sekali / B,-
596,UNIVERSITAS MUHAMMADIYAH SUKABUMI,JAWA BARAT,SIPIL,BAIK,10836000.0,JAWA BARAT | Teknik & Arsitektur | Menengah (10-20jt) | Baik Sekali / B,-
599,UNIVERSITAS DJUANDA,JAWA BARAT,KELAUTAN,B,10800000.0,JAWA BARAT | Teknik & Arsitektur | Menengah (10-20jt) | Baik Sekali / B,https://campus.quipper.com/directory/universitas-djuanda
615,UNIVERSITAS MUHAMMADIYAH CILEUNGSI,JAWA BARAT,INDUSTRI,BAIK,10500000.0,JAWA BARAT | Teknik & Arsitektur | Menengah (10-20jt) | Baik Sekali / B,-
615,UNIVERSITAS MUHAMMADIYAH CILEUNGSI,JAWA BARAT,MESIN,BAIK,10500000.0,JAWA BARAT | Teknik & Arsitektur | Menengah (10-20jt) | Baik Sekali / B,-
711,INSTITUT TEKNOLOGI SAINS BANDUNG,JAWA BARAT,METALURGI,BAIK,9050000.0,JAWA BARAT | Teknik & Arsitektur | Terjangkau (5-10jt) | Baik Sekali / B,-
711,INSTITUT TEKNOLOGI SAINS BANDUNG,JAWA BARAT,PERMINYAKAN,BAIK SEKALI,9050000.0,JAWA BARAT | Teknik & Arsitektur | Terjangkau (5-10jt) | Baik Sekali / B,-
711,INSTITUT TEKNOLOGI SAINS BANDUNG,JAWA BARAT,PERTAMBANGAN,BAIK,9050000.0,JAWA BARAT | Teknik & Arsitektur | Terjangkau (5-10jt) | Baik Sekali / B,-
711,INSTITUT TEKNOLOGI SAINS BANDUNG,JAWA BARAT,SIPIL,BAIK,9050000.0,JAWA BARAT | Teknik & Arsitektur | Terjangkau (5-10jt) | Baik Sekali / B,-
726,INSTITUT TEKNOLOGI GARUT,JAWA BARAT,ARSITEKTUR,BAIK,8960000.0,JAWA BARAT | Teknik & Arsitektur | Terjangkau (5-10jt) | Baik Sekali / B,-
726,INSTITUT TEKNOLOGI GARUT,JAWA BARAT,INDUSTRI,BAIK SEKALI,8960000.0,JAWA BARAT | Teknik & Arsitektur | Terjangkau (5-10jt) | Baik Sekali / B,-
726,INSTITUT TEKNOLOGI GARUT,JAWA BARAT,SIPIL,BAIK SEKALI,8960000.0,JAWA BARAT | Teknik & Arsitektur | Terjangkau (5-10jt) | Baik Sekali / B,-
734,UNIVERSITAS MUHAMMADIYAH CIREBON,JAWA BARAT,INDUSTRI,BAIK SEKALI,8850000.0,JAWA BARAT | Teknik & Arsitektur | Terjangkau (5-10jt) | Baik Sekali / B,-
737,UNIVERSITAS ISLAM AS-SYAFIIYAH,JAWA BARAT,INDUSTRI,BAIK,8812500.0,JAWA BARAT | Teknik & Arsitektur | Terjangkau (5-10jt) | Baik Sekali / B,-
737,UNIVERSITAS ISLAM AS-SYAFIIYAH,JAWA BARAT,MESIN,BAIK,8812500.0,JAWA BARAT | Teknik & Arsitektur | Terjangkau (5-10jt) | Baik Sekali / B,-
1459,UNIVERSITAS TEKNOLOGI NUSANTARA,JAWA BARAT,ELEKTRO,BAIK,8750000.0,JAWA BARAT | Teknik & Arsitektur | Terjangkau (5-10jt) | Baik Sekali / B,-
1459,UNIVERSITAS TEKNOLOGI NUSANTARA,JAWA BARAT,INDUSTRI,BAIK,8750000.0,JAWA BARAT | Teknik & Arsitektur | Terjangkau (5-10jt) | Baik Sekali / B,-
755,UNIVERSITAS SINDANG KASIH MAJALENGKA,JAWA BARAT,INDUSTRI,BAIK,8500000.0,JAWA BARAT | Teknik & Arsitektur | Terjangkau (5-10jt) | Baik Sekali / B,-
776,UNIVERSITAS SURYAKANCANA,JAWA BARAT,INDUSTRI,BAIK SEKALI,8160000.0,JAWA BARAT | Teknik & Arsitektur | Terjangkau (5-10jt) | Baik Sekali / B,-
776,UNIVERSITAS SURYAKANCANA,JAWA BARAT,SIPIL,BAIK,8160000.0,JAWA BARAT | Teknik & Arsitektur | Terjangkau (5-10jt) | Baik Sekali / B,-
916,UNIVERSITAS TEKNOLOGI DIGITAL,JAWA BARAT,INDUSTRI,BAIK,8100000.0,JAWA BARAT | Teknik & Arsitektur | Terjangkau (5-10jt) | Baik Sekali / B,-
820,UNIVERSITAS SEBELAS APRIL,JAWA BARAT,MESIN,BAIK SEKALI,8000000.0,JAWA BARAT | Teknik & Arsitektur | Terjangkau (5-10jt) | Baik Sekali / B,-
854,UNIVERSITAS NUSA PUTRA,JAWA BARAT,ELEKTRO,BAIK,7600000.0,JAWA BARAT | Teknik & Arsitektur | Terjangkau (5-10jt) | Baik Sekali / B,-
854,UNIVERSITAS NUSA PUTRA,JAWA BARAT,MESIN,BAIK,7600000.0,JAWA BARAT | Teknik & Arsitektur | Terjangkau (5-10jt) | Baik Sekali / B,-
854,UNIVERSITAS NUSA PUTRA,JAWA BARAT,SIPIL,BAIK SEKALI,7600000.0,JAWA BARAT | Teknik & Arsitektur | Terjangkau (5-10jt) | Baik Sekali / B,-
877,UNIVERSITAS PERSATUAN ISLAM,JAWA BARAT,LINGKUNGAN,BAIK,7500000.0,JAWA BARAT | Teknik & Arsitektur | Terjangkau (5-10jt) | Baik Sekali / B,-
920,INSTITUT TEKNOLOGI AL-MUHAJIRIN,JAWA BARAT,INDUSTRI,BAIK,7000000.0,JAWA BARAT | Teknik & Arsitektur | Terjangkau (5-10jt) | Baik Sekali / B,-
945,UNIVERSITAS LANGLANG BUANA,JAWA BARAT,ARSITEKTUR,B,7000000.0,JAWA BARAT | Teknik & Arsitektur | Terjangkau (5-10jt) | Baik Sekali / B,-
945,UNIVERSITAS LANGLANG BUANA,JAWA BARAT,ELEKTRO,BAIK SEKALI,7000000.0,JAWA BARAT | Teknik & Arsitektur | Terjangkau (5-10jt) | Baik Sekali / B,-
945,UNIVERSITAS LANGLANG BUANA,JAWA BARAT,INDUSTRI,BAIK SEKALI,7000000.0,JAWA BARAT | Teknik & Arsitektur | Terjangkau (5-10jt) | Baik Sekali / B,-
945,UNIVERSITAS LANGLANG BUANA,JAWA BARAT,SIPIL,BAIK SEKALI,7000000.0,JAWA BARAT | Teknik & Arsitektur | Terjangkau (5-10jt) | Baik Sekali / B,-
932,UNIVERSITAS PERJUANGAN TASIKMALAYA,JAWA BARAT,SIPIL,BAIK,7000000.0,JAWA BARAT | Teknik & Arsitektur | Terjangkau (5-10jt) | Baik Sekali / B,-
985,UNIVERSITAS MAYASARI BAKTI,JAWA BARAT,MESIN,BAIK,6575000.0,JAWA BARAT | Teknik & Arsitektur | Terjangkau (5-10jt) | Baik Sekali / B,-
1051,SEKOLAH TINGGI TEKNOLOGI WASTUKANCANA,JAWA BARAT,INDUSTRI,BAIK,6250000.0,JAWA BARAT | Teknik & Arsitektur | Terjangkau (5-10jt) | Baik Sekali / B,-
1051,SEKOLAH TINGGI TEKNOLOGI WASTUKANCANA,JAWA BARAT,MESIN,BAIK SEKALI,6250000.0,JAWA BARAT | Teknik & Arsitektur | Terjangkau (5-10jt) | Baik Sekali / B,-
1077,UNIVERSITAS MAJALENGKA,JAWA BARAT,MESIN,B,6025000.0,JAWA BARAT | Teknik & Arsitektur | Terjangkau (5-10jt) | Baik Sekali / B,https://rencanamu.id/cari-kampus/universitas-majalengka
1077,UNIVERSITAS MAJALENGKA,JAWA BARAT,SIPIL,B,6025000.0,JAWA BARAT | Teknik & Arsitektur | Terjangkau (5-10jt) | Baik Sekali / B,https://rencanamu.id/cari-kampus/universitas-majalengka
1117,UNIVERSITAS SUBANG,JAWA BARAT,ARSITEKTUR,BAIK,6000000.0,JAWA BARAT | Teknik & Arsitektur | Terjangkau (5-10jt) | Baik Sekali / B,https://campus.quipper.com/directory/universitas-subang
1117,UNIVERSITAS SUBANG,JAWA BARAT,ELEKTRO,BAIK,6000000.0,JAWA BARAT | Teknik & Arsitektur | Terjangkau (5-10jt) | Baik Sekali / B,https://campus.quipper.com/directory/universitas-subang
1117,UNIVERSITAS SUBANG,JAWA BARAT,MESIN,BAIK,6000000.0,JAWA BARAT | Teknik & Arsitektur | Terjangkau (5-10jt) | Baik Sekali / B,https://campus.quipper.com/directory/universitas-subang
1117,UNIVERSITAS SUBANG,JAWA BARAT,SIPIL,BAIK,6000000.0,JAWA BARAT | Teknik & Arsitektur | Terjangkau (5-10jt) | Baik Sekali / B,https://campus.quipper.com/directory/universitas-subang
1140,UNIVERSITAS PELITA BANGSA,JAWA BARAT,ARSITEKTUR,BAIK,5800000.0,JAWA BARAT | Teknik & Arsitektur | Terjangkau (5-10jt) | Baik Sekali / B,https://campus.quipper.com/directory/universitas-pelita-bangsa
1140,UNIVERSITAS PELITA BANGSA,JAWA BARAT,INDUSTRI,BAIK,5800000.0,JAWA BARAT | Teknik & Arsitektur | Terjangkau (5-10jt) | Baik Sekali / B,https://campus.quipper.com/directory/universitas-pelita-bangsa
1140,UNIVERSITAS PELITA BANGSA,JAWA BARAT,LINGKUNGAN,BAIK SEKALI,5800000.0,JAWA BARAT | Teknik & Arsitektur | Terjangkau (5-10jt) | Baik Sekali / B,https://campus.quipper.com/directory/universitas-pelita-bangsa
1140,UNIVERSITAS PELITA BANGSA,JAWA BARAT,SIPIL,BAIK,5800000.0,JAWA BARAT | Teknik & Arsitektur | Terjangkau (5-10jt) | Baik Sekali / B,https://campus.quipper.com/directory/universitas-pelita-bangsa
1291,SEKOLAH TINGGI TEKNOLOGI TEXMACO,JAWA BARAT,ELEKTRO,BAIK,4800000.0,JAWA BARAT | Teknik & Arsitektur | Hemat (<5jt) | Baik Sekali / B,-
1291,SEKOLAH TINGGI TEKNOLOGI TEXMACO,JAWA BARAT,INDUSTRI,BAIK,4800000.0,JAWA BARAT | Teknik & Arsitektur | Hemat (<5jt) | Baik Sekali / B,-
1291,SEKOLAH TINGGI TEKNOLOGI TEXMACO,JAWA BARAT,MESIN,BAIK,4800000.0,JAWA BARAT | Teknik & Arsitektur | Hemat (<5jt) | Baik Sekali / B,-
1383,UNIVERSITAS GALUH CIAMIS,JAWA BARAT,ELEKTRO,B,4250000.0,JAWA BARAT | Teknik & Arsitektur | Hemat (<5jt) | Baik Sekali / B,https://campus.quipper.com/directory/universitas-galuh-ciamis
1383,UNIVERSITAS GALUH CIAMIS,JAWA BARAT,INDUSTRI,B,4250000.0,JAWA BARAT | Teknik & Arsitektur | Hemat (<5jt) | Baik Sekali / B,https://campus.quipper.com/directory/universitas-galuh-ciamis
1383,UNIVERSITAS GALUH CIAMIS,JAWA BARAT,MESIN,BAIK,4250000.0,JAWA BARAT | Teknik & Arsitektur | Hemat (<5jt) | Baik Sekali / B,https://campus.quipper.com/directory/universitas-galuh-ciamis
1383,UNIVERSITAS GALUH CIAMIS,JAWA BARAT,SIPIL,B,4250000.0,JAWA BARAT | Teknik & Arsitektur | Hemat (<5jt) | Baik Sekali / B,https://campus.quipper.com/directory/universitas-galuh-ciamis
16,UNIVERSITAS BSI BANDUNG,JAWA BARAT,ELEKTRO,B,4150000.0,JAWA BARAT | Teknik & Arsitektur | Hemat (<5jt) | Baik Sekali / B,https://rencanamu.id/cari-kampus/universitas-bsi-bandung
16,UNIVERSITAS BSI BANDUNG,JAWA BARAT,INDUSTRI,B,4150000.0,JAWA BARAT | Teknik & Arsitektur | Hemat (<5jt) | Baik Sekali / B,https://rencanamu.id/cari-kampus/universitas-bsi-bandung
1397,UNIVERSITAS NAHDLATUL ULAMA CIREBON,JAWA BARAT,KELAUTAN,BAIK,4000146.0,JAWA BARAT | Teknik & Arsitektur | Hemat (<5jt) | Baik Sekali / B,-
1431,UNIVERSITAS INSAN CENDEKIA MANDIRI,JAWA BARAT,INDUSTRI,BAIK,3700000.0,JAWA BARAT | Teknik & Arsitektur | Hemat (<5jt) | Baik Sekali / B,-
20,UNIVERSITAS NASIONAL PASIM,JAWA BARAT,INDUSTRI,BAIK,3600000.0,JAWA BARAT | Teknik & Arsitektur | Hemat (<5jt) | Baik Sekali / B,-
1460,STKIP SEBELAS APRIL,JAWA BARAT,MESIN,BAIK,3200000.0,JAWA BARAT | Teknik & Arsitektur | Hemat (<5jt) | Baik Sekali / B,https://campus.quipper.com/directory/stkip-sebelas-april
1507,SEKOLAH TINGGI TEKNOLOGI CIPASUNG,JAWA BARAT,REKAYASA INDUSTRI,BAIK,2250000.0,JAWA BARAT | Teknik & Arsitektur | Hemat (<5jt) | Baik Sekali / B,-
1513,SEKOLAH TINGGI TEKNOLOGI INDONESIA,JAWA BARAT,ELEKTRO,BAIK,2000000.0,JAWA BARAT | Teknik & Arsitektur | Hemat (<5jt) | Baik Sekali / B,-
1513,SEKOLAH TINGGI TEKNOLOGI INDONESIA,JAWA BARAT,MESIN,BAIK,2000000.0,JAWA BARAT | Teknik & Arsitektur | Hemat (<5jt) | Baik Sekali / B,-
34,UNIVERSITAS KRISTEN SATYA WACANA,JAWA TENGAH,AGRIBISNIS,B,276850001.0,JAWA TENGAH | Ekonomi & Bisnis | Sangat Mahal (>50jt) | Baik Sekali / B,https://campus.quipper.com/directory/universitas-kristen-satya-wacana
34,UNIVERSITAS KRISTEN SATYA WACANA,JAWA TENGAH,BISNIS DIGITAL,BAIK SEKALI,276850001.0,JAWA TENGAH | Ekonomi & Bisnis | Sangat Mahal (>50jt) | Baik Sekali / B,https://campus.quipper.com/directory/universitas-kristen-satya-wacana
34,UNIVERSITAS KRISTEN SATYA WACANA,JAWA TENGAH,EKONOMI,B,276850001.0,JAWA TENGAH | Ekonomi & Bisnis | Sangat Mahal (>50jt) | Baik Sekali / B,https://campus.quipper.com/directory/universitas-kristen-satya-wacana
34,UNIVERSITAS KRISTEN SATYA WACANA,JAWA TENGAH,EKONOMI PEMBANGUNAN,A,276850001.0,JAWA TENGAH | Ekonomi & Bisnis | Sangat Mahal (>50jt) | Unggul / A,https://campus.quipper.com/directory/universitas-kristen-satya-wacana
34,UNIVERSITAS KRISTEN SATYA WACANA,JAWA TENGAH,MANAJEMEN,A,276850001.0,JAWA TENGAH | Ekonomi & Bisnis | Sangat Mahal (>50jt) | Unggul / A,https://campus.quipper.com/directory/universitas-kristen-satya-wacana
41,UNIVERSITAS ISLAM SULTAN AGUNG,JAWA TENGAH,AKUNTANSI,A,201750001.0,JAWA TENGAH | Ekonomi & Bisnis | Sangat Mahal (>50jt) | Unggul / A,https://rencanamu.id/cari-kampus/universitas-islam-sultan-agung
41,UNIVERSITAS ISLAM SULTAN AGUNG,JAWA TENGAH,MANAJEMEN,A,201750001.0,JAWA TENGAH | Ekonomi & Bisnis | Sangat Mahal (>50jt) | Unggul / A,https://rencanamu.id/cari-kampus/universitas-islam-sultan-agung
30,UNIVERSITAS MUHAMMADIYAH PURWOKERTO,JAWA TENGAH,AKUNTANSI,B,91025000.0,JAWA TENGAH | Ekonomi & Bisnis | Sangat Mahal (>50jt) | Baik Sekali / B,https://rencanamu.id/cari-kampus/universitas-muhammadiyah-purwokerto
30,UNIVERSITAS MUHAMMADIYAH PURWOKERTO,JAWA TENGAH,BISNIS DIGITAL,BAIK SEKALI,91025000.0,JAWA TENGAH | Ekonomi & Bisnis | Sangat Mahal (>50jt) | Baik Sekali / B,https://rencanamu.id/cari-kampus/universitas-muhammadiyah-purwokerto
30,UNIVERSITAS MUHAMMADIYAH PURWOKERTO,JAWA TENGAH,MANAJEMEN,B,91025000.0,JAWA TENGAH | Ekonomi & Bisnis | Sangat Mahal (>50jt) | Baik Sekali / B,https://rencanamu.id/cari-kampus/universitas-muhammadiyah-purwokerto
54,UNIVERSITAS AL-IRSYAD CILACAP,JAWA TENGAH,BISNIS DIGITAL,BAIK,85250000.0,JAWA TENGAH | Ekonomi & Bisnis | Sangat Mahal (>50jt) | Baik Sekali / B,-
54,UNIVERSITAS AL-IRSYAD CILACAP,JAWA TENGAH,KEWIRAUSAHAAN,BAIK,85250000.0,JAWA TENGAH | Ekonomi & Bisnis | Sangat Mahal (>50jt) | Baik Sekali / B,-
60,UNIVERSITAS MUHAMMADIYAH SURAKARTA,JAWA TENGAH,AKUNTANSI,A,72100000.0,JAWA TENGAH | Ekonomi & Bisnis | Sangat Mahal (>50jt) | Unggul / A,https://rencanamu.id/cari-kampus/universitas-muhammadiyah-surakarta
60,UNIVERSITAS MUHAMMADIYAH SURAKARTA,JAWA TENGAH,BISNIS,BAIK,72100000.0,JAWA TENGAH | Ekonomi & Bisnis | Sangat Mahal (>50jt) | Baik Sekali / B,https://rencanamu.id/cari-kampus/universitas-muhammadiyah-surakarta
60,UNIVERSITAS MUHAMMADIYAH SURAKARTA,JAWA TENGAH,BISNIS DIGITAL,BAIK,72100000.0,JAWA TENGAH | Ekonomi & Bisnis | Sangat Mahal (>50jt) | Baik Sekali / B,https://rencanamu.id/cari-kampus/universitas-muhammadiyah-surakarta
60,UNIVERSITAS MUHAMMADIYAH SURAKARTA,JAWA TENGAH,EKONOMI,A,72100000.0,JAWA TENGAH | Ekonomi & Bisnis | Sangat Mahal (>50jt) | Unggul / A,https://rencanamu.id/cari-kampus/universitas-muhammadiyah-surakarta
60,UNIVERSITAS MUHAMMADIYAH SURAKARTA,JAWA TENGAH,EKONOMI PEMBANGUNAN,A,72100000.0,JAWA TENGAH | Ekonomi & Bisnis | Sangat Mahal (>50jt) | Unggul / A,https://rencanamu.id/cari-kampus/universitas-muhammadiyah-surakarta
60,UNIVERSITAS MUHAMMADIYAH SURAKARTA,JAWA TENGAH,MANAJEMEN,A,72100000.0,JAWA TENGAH | Ekonomi & Bisnis | Sangat Mahal (>50jt) | Unggul / A,https://rencanamu.id/cari-kampus/universitas-muhammadiyah-surakarta
123,UNIVERSITAS SETIA BUDI,JAWA TENGAH,AKUNTANSI,B,36300000.0,JAWA TENGAH | Ekonomi & Bisnis | Mahal (20-50jt) | Baik Sekali / B,-
123,UNIVERSITAS SETIA BUDI,JAWA TENGAH,MANAJEMEN,BAIK SEKALI,36300000.0,JAWA TENGAH | Ekonomi & Bisnis | Mahal (20-50jt) | Baik Sekali / B,-
125,UNIVERSITAS WAHID HASYIM,JAWA TENGAH,AGRIBISNIS,B,36170000.0,JAWA TENGAH | Ekonomi & Bisnis | Mahal (20-50jt) | Baik Sekali / B,https://rencanamu.id/cari-kampus/universitas-wahid-hasyim
125,UNIVERSITAS WAHID HASYIM,JAWA TENGAH,AKUNTANSI,B,36170000.0,JAWA TENGAH | Ekonomi & Bisnis | Mahal (20-50jt) | Baik Sekali / B,https://rencanamu.id/cari-kampus/universitas-wahid-hasyim
125,UNIVERSITAS WAHID HASYIM,JAWA TENGAH,MANAJEMEN,B,36170000.0,JAWA TENGAH | Ekonomi & Bisnis | Mahal (20-50jt) | Baik Sekali / B,https://rencanamu.id/cari-kampus/universitas-wahid-hasyim
128,SEKOLAH TINGGI ILMU EKONOMI DHARMA PUTRA SEMARANG,JAWA TENGAH,MANAJEMEN,B,35500000.0,JAWA TENGAH | Ekonomi & Bisnis | Mahal (20-50jt) | Baik Sekali / B,-
138,UNIVERSITAS SAINS DAN TEKNOLOGI KOMPUTER,JAWA TENGAH,AKUNTANSI,BAIK,33048600.0,JAWA TENGAH | Ekonomi & Bisnis | Mahal (20-50jt) | Baik Sekali / B,-
138,UNIVERSITAS SAINS DAN TEKNOLOGI KOMPUTER,JAWA TENGAH,BISNIS,BAIK SEKALI,33048600.0,JAWA TENGAH | Ekonomi & Bisnis | Mahal (20-50jt) | Baik Sekali / B,-
140,SEKOLAH TINGGI ILMU EKONOMI STUDI EKONOMI MODERN,JAWA TENGAH,AKUNTANSI,BAIK,32610000.0,JAWA TENGAH | Ekonomi & Bisnis | Mahal (20-50jt) | Baik Sekali / B,-
140,SEKOLAH TINGGI ILMU EKONOMI STUDI EKONOMI MODERN,JAWA TENGAH,MANAJEMEN,BAIK,32610000.0,JAWA TENGAH | Ekonomi & Bisnis | Mahal (20-50jt) | Baik Sekali / B,-
149,UNIVERSITAS NGUDI WALUYO,JAWA TENGAH,BISNIS DIGITAL,BAIK SEKALI,31600000.0,JAWA TENGAH | Ekonomi & Bisnis | Mahal (20-50jt) | Baik Sekali / B,-
163,UNIVERSITAS MUHAMMADIYAH MAGELANG,JAWA TENGAH,AKUNTANSI,B,29580000.0,JAWA TENGAH | Ekonomi & Bisnis | Mahal (20-50jt) | Baik Sekali / B,https://campus.quipper.com/directory/universitas-muhammadiyah-magelang
163,UNIVERSITAS MUHAMMADIYAH MAGELANG,JAWA TENGAH,MANAJEMEN,B,29580000.0,JAWA TENGAH | Ekonomi & Bisnis | Mahal (20-50jt) | Baik Sekali / B,https://campus.quipper.com/directory/universitas-muhammadiyah-magelang
198,UNIVERSITAS  HARAPAN BANGSA,JAWA TENGAH,AKUNTANSI,BAIK,25620000.0,JAWA TENGAH | Ekonomi & Bisnis | Mahal (20-50jt) | Baik Sekali / B,-
198,UNIVERSITAS  HARAPAN BANGSA,JAWA TENGAH,MANAJEMEN,BAIK,25620000.0,JAWA TENGAH | Ekonomi & Bisnis | Mahal (20-50jt) | Baik Sekali / B,-
203,UNIVERSITAS MUHAMMADIYAH SEMARANG,JAWA TENGAH,AGRIBISNIS,BAIK,25200000.0,JAWA TENGAH | Ekonomi & Bisnis | Mahal (20-50jt) | Baik Sekali / B,https://campus.quipper.com/directory/universitas-muhammadiyah-semarang
229,UNIVERSITAS MUHAMMADIYAH GOMBONG,JAWA TENGAH,ADMINISTRASI RUMAH SAKIT,BAIK,23750000.0,JAWA TENGAH | Ekonomi & Bisnis | Mahal (20-50jt) | Baik Sekali / B,-
229,UNIVERSITAS MUHAMMADIYAH GOMBONG,JAWA TENGAH,MANAJEMEN,BAIK,23750000.0,JAWA TENGAH | Ekonomi & Bisnis | Mahal (20-50jt) | Baik Sekali / B,-
286,UNIVERSITAS PEKALONGAN,JAWA TENGAH,MANAJEMEN,B,20000000.0,JAWA TENGAH | Ekonomi & Bisnis | Mahal (20-50jt) | Baik Sekali / B,https://campus.quipper.com/directory/universitas-pekalongan
356,UNIVERSITAS STIKUBANK,JAWA TENGAH,AKUNTANSI,B,16500000.0,JAWA TENGAH | Ekonomi & Bisnis | Menengah (10-20jt) | Baik Sekali / B,https://rencanamu.id/cari-kampus/universitas-stikubank
356,UNIVERSITAS STIKUBANK,JAWA TENGAH,KEUANGAN PERBANKAN,B,16500000.0,JAWA TENGAH | Ekonomi & Bisnis | Menengah (10-20jt) | Baik Sekali / B,https://rencanamu.id/cari-kampus/universitas-stikubank
356,UNIVERSITAS STIKUBANK,JAWA TENGAH,MANAJEMEN,B,16500000.0,JAWA TENGAH | Ekonomi & Bisnis | Menengah (10-20jt) | Baik Sekali / B,https://rencanamu.id/cari-kampus/universitas-stikubank
364,UNIVERSITAS SUGENG HARTONO,JAWA TENGAH,BISNIS DIGITAL,BAIK,16200000.0,JAWA TENGAH | Ekonomi & Bisnis | Menengah (10-20jt) | Baik Sekali / B,-
364,UNIVERSITAS SUGENG HARTONO,JAWA TENGAH,MANAJEMEN BISNIS INTERNASIONAL,BAIK,16200000.0,JAWA TENGAH | Ekonomi & Bisnis | Menengah (10-20jt) | Baik Sekali / B,-
530,UNIVERSITAS AKI,JAWA TENGAH,AKUNTANSI,BAIK SEKALI,15925000.0,JAWA TENGAH | Ekonomi & Bisnis | Menengah (10-20jt) | Baik Sekali / B,-
530,UNIVERSITAS AKI,JAWA TENGAH,MANAJEMEN,BAIK SEKALI,15925000.0,JAWA TENGAH | Ekonomi & Bisnis | Menengah (10-20jt) | Baik Sekali / B,-
530,UNIVERSITAS AKI,JAWA TENGAH,PERPAJAKAN,BAIK SEKALI,15925000.0,JAWA TENGAH | Ekonomi & Bisnis | Menengah (10-20jt) | Baik Sekali / B,-
383,UNIVERSITAS BHAMADA SLAWI,JAWA TENGAH,BISNIS DIGITAL,BAIK,15510000.0,JAWA TENGAH | Ekonomi & Bisnis | Menengah (10-20jt) | Baik Sekali / B,-
383,UNIVERSITAS BHAMADA SLAWI,JAWA TENGAH,KEWIRAUSAHAAN,BAIK,15510000.0,JAWA TENGAH | Ekonomi & Bisnis | Menengah (10-20jt) | Baik Sekali / B,-
386,UNIVERSITAS KATOLIK SOEGIJAPRANATA,JAWA TENGAH,MANAJEMEN,BAIK SEKALI,15500000.0,JAWA TENGAH | Ekonomi & Bisnis | Menengah (10-20jt) | Baik Sekali / B,https://rencanamu.id/cari-kampus/universitas-katolik-soegijapranata
386,UNIVERSITAS KATOLIK SOEGIJAPRANATA,JAWA TENGAH,PERPAJAKAN,B,15500000.0,JAWA TENGAH | Ekonomi & Bisnis | Menengah (10-20jt) | Baik Sekali / B,https://rencanamu.id/cari-kampus/universitas-katolik-soegijapranata
398,UNIVERSITAS MARITIM AMNI,JAWA TENGAH,BISNIS DIGITAL,BAIK,15100000.0,JAWA TENGAH | Ekonomi & Bisnis | Menengah (10-20jt) | Baik Sekali / B,-
398,UNIVERSITAS MARITIM AMNI,JAWA TENGAH,PERDAGANGAN INTERNASIONAL,BAIK,15100000.0,JAWA TENGAH | Ekonomi & Bisnis | Menengah (10-20jt) | Baik Sekali / B,-
479,SEKOLAH TINGGI ILMU EKONOMI SEMARANG,JAWA TENGAH,AKUNTANSI,BAIK SEKALI,15050000.0,JAWA TENGAH | Ekonomi & Bisnis | Menengah (10-20jt) | Baik Sekali / B,-
479,SEKOLAH TINGGI ILMU EKONOMI SEMARANG,JAWA TENGAH,MANAJEMEN,BAIK SEKALI,15050000.0,JAWA TENGAH | Ekonomi & Bisnis | Menengah (10-20jt) | Baik Sekali / B,-
419,SEKOLAH TINGGI ILMU EKONOMI PARIWISATA INDONESIA,JAWA TENGAH,MANAJEMEN,BAIK,14500000.0,JAWA TENGAH | Ekonomi & Bisnis | Menengah (10-20jt) | Baik Sekali / B,-
450,UNIVERSITAS KARYA HUSADA SEMARANG,JAWA TENGAH,MANAJEMEN,BAIK,14000000.0,JAWA TENGAH | Ekonomi & Bisnis | Menengah (10-20jt) | Baik Sekali / B,-
493,SEKOLAH TINGGI ILMU KESEHATAN PANTI KOSALA,JAWA TENGAH,ADMINISTRASI RUMAH SAKIT,BAIK,12700000.0,JAWA TENGAH | Ekonomi & Bisnis | Menengah (10-20jt) | Baik Sekali / B,-
503,UNIVERSITAS DARUL ULUM ISLAMIC CENTRE SUDIRMAN,JAWA TENGAH,MANAJEMEN,B,12550000.0,JAWA TENGAH | Ekonomi & Bisnis | Menengah (10-20jt) | Baik Sekali / B,https://campus.quipper.com/directory/universitas-darul-ulum-islamic-centre-sudirman
511,SEKOLAH TINGGI ILMU KESEHATAN PEMKAB PURWOREJO,JAWA TENGAH,ADMINISTRASI RUMAH SAKIT,BAIK,12350000.0,JAWA TENGAH | Ekonomi & Bisnis | Menengah (10-20jt) | Baik Sekali / B,-
513,UNIVERSITAS WIDYA HUSADA SEMARANG,JAWA TENGAH,KEWIRAUSAHAAN,BAIK,12300000.0,JAWA TENGAH | Ekonomi & Bisnis | Menengah (10-20jt) | Baik Sekali / B,-
513,UNIVERSITAS WIDYA HUSADA SEMARANG,JAWA TENGAH,MANAJEMEN,BAIK,12300000.0,JAWA TENGAH | Ekonomi & Bisnis | Menengah (10-20jt) | Baik Sekali / B,-
516,UNIVERSITAS AN NUUR,JAWA TENGAH,MANAJEMEN,BAIK,12250000.0,JAWA TENGAH | Ekonomi & Bisnis | Menengah (10-20jt) | Baik Sekali / B,-
527,INSTITUT KARYA MULIA BANGSA,JAWA TENGAH,MANAJEMEN,BAIK,12100000.0,JAWA TENGAH | Ekonomi & Bisnis | Menengah (10-20jt) | Baik Sekali / B,-
528,UNIVERSITAS DUTA BANGSA SURAKARTA,JAWA TENGAH,AKUNTANSI,BAIK SEKALI,12100000.0,JAWA TENGAH | Ekonomi & Bisnis | Menengah (10-20jt) | Baik Sekali / B,-
528,UNIVERSITAS DUTA BANGSA SURAKARTA,JAWA TENGAH,MANAJEMEN,BAIK SEKALI,12100000.0,JAWA TENGAH | Ekonomi & Bisnis | Menengah (10-20jt) | Baik Sekali / B,-
536,UNIVERSITAS SAFIN PATI,JAWA TENGAH,ADMINISTRASI NIAGA,BAIK,12000000.0,JAWA TENGAH | Ekonomi & Bisnis | Menengah (10-20jt) | Baik Sekali / B,-
536,UNIVERSITAS SAFIN PATI,JAWA TENGAH,ADMINISTRASI RUMAH SAKIT,BAIK,12000000.0,JAWA TENGAH | Ekonomi & Bisnis | Menengah (10-20jt) | Baik Sekali / B,-
536,UNIVERSITAS SAFIN PATI,JAWA TENGAH,MANAJEMEN,BAIK,12000000.0,JAWA TENGAH | Ekonomi & Bisnis | Menengah (10-20jt) | Baik Sekali / B,-
565,INSTITUT TEKNOLOGI BISNIS AAS INDONESIA,JAWA TENGAH,AKUNTANSI,BAIK SEKALI,11500000.0,JAWA TENGAH | Ekonomi & Bisnis | Menengah (10-20jt) | Baik Sekali / B,-
565,INSTITUT TEKNOLOGI BISNIS AAS INDONESIA,JAWA TENGAH,MANAJEMEN,BAIK,11500000.0,JAWA TENGAH | Ekonomi & Bisnis | Menengah (10-20jt) | Baik Sekali / B,-
566,UNIVERSITAS SRAGEN,JAWA TENGAH,ADMINISTRASI RUMAH SAKIT,BAIK,11500000.0,JAWA TENGAH | Ekonomi & Bisnis | Menengah (10-20jt) | Baik Sekali / B,-
575,UNIVERSITAS 17 AGUSTUS 1945 SEMARANG,JAWA TENGAH,ADMINISTRASI BISNIS,B,11250000.0,JAWA TENGAH | Ekonomi & Bisnis | Menengah (10-20jt) | Baik Sekali / B,https://rencanamu.id/cari-kampus/universitas-17-agustus-1945-semarang
575,UNIVERSITAS 17 AGUSTUS 1945 SEMARANG,JAWA TENGAH,ADMINISTRASI NIAGA,B,11250000.0,JAWA TENGAH | Ekonomi & Bisnis | Menengah (10-20jt) | Baik Sekali / B,https://rencanamu.id/cari-kampus/universitas-17-agustus-1945-semarang
575,UNIVERSITAS 17 AGUSTUS 1945 SEMARANG,JAWA TENGAH,AKUNTANSI,B,11250000.0,JAWA TENGAH | Ekonomi & Bisnis | Menengah (10-20jt) | Baik Sekali / B,https://rencanamu.id/cari-kampus/universitas-17-agustus-1945-semarang
575,UNIVERSITAS 17 AGUSTUS 1945 SEMARANG,JAWA TENGAH,BISNIS DIGITAL,BAIK,11250000.0,JAWA TENGAH | Ekonomi & Bisnis | Menengah (10-20jt) | Baik Sekali / B,https://rencanamu.id/cari-kampus/universitas-17-agustus-1945-semarang
575,UNIVERSITAS 17 AGUSTUS 1945 SEMARANG,JAWA TENGAH,MANAJEMEN,B,11250000.0,JAWA TENGAH | Ekonomi & Bisnis | Menengah (10-20jt) | Baik Sekali / B,https://rencanamu.id/cari-kampus/universitas-17-agustus-1945-semarang
1516,UNIVERSITAS PUTRA BANGSA,JAWA TENGAH,AGRIBISNIS,BAIK,10100000.0,JAWA TENGAH | Ekonomi & Bisnis | Menengah (10-20jt) | Baik Sekali / B,-
1516,UNIVERSITAS PUTRA BANGSA,JAWA TENGAH,AKUNTANSI,BAIK,10100000.0,JAWA TENGAH | Ekonomi & Bisnis | Menengah (10-20jt) | Baik Sekali / B,-
1516,UNIVERSITAS PUTRA BANGSA,JAWA TENGAH,BISNIS DIGITAL,BAIK,10100000.0,JAWA TENGAH | Ekonomi & Bisnis | Menengah (10-20jt) | Baik Sekali / B,-
1516,UNIVERSITAS PUTRA BANGSA,JAWA TENGAH,MANAJEMEN,BAIK SEKALI,10100000.0,JAWA TENGAH | Ekonomi & Bisnis | Menengah (10-20jt) | Baik Sekali / B,-
655,UNIVERSITAS ISLAM NAHDLATUL ULAMA JEPARA,JAWA TENGAH,AKUNTANSI,B,9886000.0,JAWA TENGAH | Ekonomi & Bisnis | Terjangkau (5-10jt) | Baik Sekali / B,-
655,UNIVERSITAS ISLAM NAHDLATUL ULAMA JEPARA,JAWA TENGAH,MANAJEMEN,B,9886000.0,JAWA TENGAH | Ekonomi & Bisnis | Terjangkau (5-10jt) | Baik Sekali / B,-
658,UNIVERSITAS MUHAMMADIYAH TEGAL,JAWA TENGAH,AKUNTANSI,BAIK,9800000.0,JAWA TENGAH | Ekonomi & Bisnis | Terjangkau (5-10jt) | Baik Sekali / B,-
658,UNIVERSITAS MUHAMMADIYAH TEGAL,JAWA TENGAH,MANAJEMEN,BAIK,9800000.0,JAWA TENGAH | Ekonomi & Bisnis | Terjangkau (5-10jt) | Baik Sekali / B,-
662,UNIVERSITAS SEMARANG,JAWA TENGAH,AKUNTANSI,B,9740000.0,JAWA TENGAH | Ekonomi & Bisnis | Terjangkau (5-10jt) | Baik Sekali / B,https://campus.quipper.com/directory/universitas-semarang
662,UNIVERSITAS SEMARANG,JAWA TENGAH,MANAJEMEN,B,9740000.0,JAWA TENGAH | Ekonomi & Bisnis | Terjangkau (5-10jt) | Baik Sekali / B,https://campus.quipper.com/directory/universitas-semarang
678,SEKOLAH TINGGI ILMU PERTANIAN FARMING,JAWA TENGAH,AGRIBISNIS,B,9500000.0,JAWA TENGAH | Ekonomi & Bisnis | Terjangkau (5-10jt) | Baik Sekali / B,-
687,UNIVERSITAS SURAKARTA,JAWA TENGAH,AKUNTANSI,BAIK SEKALI,9390000.0,JAWA TENGAH | Ekonomi & Bisnis | Terjangkau (5-10jt) | Baik Sekali / B,https://campus.quipper.com/directory/universitas-surakarta
687,UNIVERSITAS SURAKARTA,JAWA TENGAH,MANAJEMEN,BAIK SEKALI,9390000.0,JAWA TENGAH | Ekonomi & Bisnis | Terjangkau (5-10jt) | Baik Sekali / B,https://campus.quipper.com/directory/universitas-surakarta
689,UNIVERSITAS SLAMET RIYADI,JAWA TENGAH,AKUNTANSI,BAIK SEKALI,9340000.0,JAWA TENGAH | Ekonomi & Bisnis | Terjangkau (5-10jt) | Baik Sekali / B,-
689,UNIVERSITAS SLAMET RIYADI,JAWA TENGAH,MANAJEMEN,BAIK SEKALI,9340000.0,JAWA TENGAH | Ekonomi & Bisnis | Terjangkau (5-10jt) | Baik Sekali / B,-
698,UNIVERSITAS MURIA KUDUS,JAWA TENGAH,AGRIBISNIS,BAIK,9200000.0,JAWA TENGAH | Ekonomi & Bisnis | Terjangkau (5-10jt) | Baik Sekali / B,https://campus.quipper.com/directory/universitas-muria-kudus
699,UNIVERSITAS NASIONAL KARANGTURI SEMARANG,JAWA TENGAH,AKUNTANSI,BAIK,9200000.0,JAWA TENGAH | Ekonomi & Bisnis | Terjangkau (5-10jt) | Baik Sekali / B,-
699,UNIVERSITAS NASIONAL KARANGTURI SEMARANG,JAWA TENGAH,MANAJEMEN,BAIK,9200000.0,JAWA TENGAH | Ekonomi & Bisnis | Terjangkau (5-10jt) | Baik Sekali / B,-
706,SEKOLAH TINGGI ILMU EKONOMI TOTALWIN,JAWA TENGAH,AKUNTANSI,BAIK SEKALI,9100000.0,JAWA TENGAH | Ekonomi & Bisnis | Terjangkau (5-10jt) | Baik Sekali / B,-
706,SEKOLAH TINGGI ILMU EKONOMI TOTALWIN,JAWA TENGAH,MANAJEMEN,BAIK SEKALI,9100000.0,JAWA TENGAH | Ekonomi & Bisnis | Terjangkau (5-10jt) | Baik Sekali / B,-
739,UNIVERSITAS IVET,JAWA TENGAH,BISNIS DIGITAL,BAIK,8800000.0,JAWA TENGAH | Ekonomi & Bisnis | Terjangkau (5-10jt) | Baik Sekali / B,-
739,UNIVERSITAS IVET,JAWA TENGAH,EKONOMI,BAIK SEKALI,8800000.0,JAWA TENGAH | Ekonomi & Bisnis | Terjangkau (5-10jt) | Baik Sekali / B,-
748,UNIVERSITAS MUHAMMADIYAH KUDUS,JAWA TENGAH,ADMINISTRASI RUMAH SAKIT,BAIK,8500000.0,JAWA TENGAH | Ekonomi & Bisnis | Terjangkau (5-10jt) | Baik Sekali / B,-
748,UNIVERSITAS MUHAMMADIYAH KUDUS,JAWA TENGAH,AKUNTANSI,BAIK,8500000.0,JAWA TENGAH | Ekonomi & Bisnis | Terjangkau (5-10jt) | Baik Sekali / B,-
748,UNIVERSITAS MUHAMMADIYAH KUDUS,JAWA TENGAH,BISNIS DIGITAL,BAIK,8500000.0,JAWA TENGAH | Ekonomi & Bisnis | Terjangkau (5-10jt) | Baik Sekali / B,-
751,UNIVERSITAS WIJAYAKUSUMA PURWOKERTO,JAWA TENGAH,MANAJEMEN,BAIK SEKALI,8500000.0,JAWA TENGAH | Ekonomi & Bisnis | Terjangkau (5-10jt) | Baik Sekali / B,-
756,UNIVERSITAS TUNAS PEMBANGUNAN SURAKARTA,JAWA TENGAH,AGRIBISNIS,B,8483000.0,JAWA TENGAH | Ekonomi & Bisnis | Terjangkau (5-10jt) | Baik Sekali / B,-
756,UNIVERSITAS TUNAS PEMBANGUNAN SURAKARTA,JAWA TENGAH,AKUNTANSI,BAIK SEKALI,8483000.0,JAWA TENGAH | Ekonomi & Bisnis | Terjangkau (5-10jt) | Baik Sekali / B,-
756,UNIVERSITAS TUNAS PEMBANGUNAN SURAKARTA,JAWA TENGAH,MANAJEMEN,BAIK SEKALI,8483000.0,JAWA TENGAH | Ekonomi & Bisnis | Terjangkau (5-10jt) | Baik Sekali / B,-
770,UNIVERSITAS VETERAN BANGUN NUSANTARA,JAWA TENGAH,AGRIBISNIS,BAIK SEKALI,8350000.0,JAWA TENGAH | Ekonomi & Bisnis | Terjangkau (5-10jt) | Baik Sekali / B,-
770,UNIVERSITAS VETERAN BANGUN NUSANTARA,JAWA TENGAH,AKUNTANSI,BAIK,8350000.0,JAWA TENGAH | Ekonomi & Bisnis | Terjangkau (5-10jt) | Baik Sekali / B,-
770,UNIVERSITAS VETERAN BANGUN NUSANTARA,JAWA TENGAH,MANAJEMEN,BAIK SEKALI,8350000.0,JAWA TENGAH | Ekonomi & Bisnis | Terjangkau (5-10jt) | Baik Sekali / B,-
782,UNIVERSITAS BPD,JAWA TENGAH,AKUNTANSI,BAIK SEKALI,8080000.0,JAWA TENGAH | Ekonomi & Bisnis | Terjangkau (5-10jt) | Baik Sekali / B,-
782,UNIVERSITAS BPD,JAWA TENGAH,MANAJEMEN,BAIK SEKALI,8080000.0,JAWA TENGAH | Ekonomi & Bisnis | Terjangkau (5-10jt) | Baik Sekali / B,-
976,UNIVERSITAS YPPI REMBANG,JAWA TENGAH,AKUNTANSI,BAIK SEKALI,7805000.0,JAWA TENGAH | Ekonomi & Bisnis | Terjangkau (5-10jt) | Baik Sekali / B,-
976,UNIVERSITAS YPPI REMBANG,JAWA TENGAH,MANAJEMEN,BAIK SEKALI,7805000.0,JAWA TENGAH | Ekonomi & Bisnis | Terjangkau (5-10jt) | Baik Sekali / B,-
852,UNIVERSITAS PANDANARAN,JAWA TENGAH,AKUNTANSI,BAIK,7600000.0,JAWA TENGAH | Ekonomi & Bisnis | Terjangkau (5-10jt) | Baik Sekali / B,-
852,UNIVERSITAS PANDANARAN,JAWA TENGAH,KEWIRAUSAHAAN,BAIK,7600000.0,JAWA TENGAH | Ekonomi & Bisnis | Terjangkau (5-10jt) | Baik Sekali / B,-
852,UNIVERSITAS PANDANARAN,JAWA TENGAH,MANAJEMEN,B,7600000.0,JAWA TENGAH | Ekonomi & Bisnis | Terjangkau (5-10jt) | Baik Sekali / B,-
855,UNIVERSITAS KUSUMA HUSADA SURAKARTA,JAWA TENGAH,ADMINISTRASI RUMAH SAKIT,BAIK SEKALI,7550000.0,JAWA TENGAH | Ekonomi & Bisnis | Terjangkau (5-10jt) | Baik Sekali / B,-
871,INSTITUT TEKNOLOGI DAN BISNIS KRISTEN BUKIT PENGHARAPAN,JAWA TENGAH,KEWIRAUSAHAAN,BAIK,7500000.0,JAWA TENGAH | Ekonomi & Bisnis | Terjangkau (5-10jt) | Baik Sekali / B,-
874,SEKOLAH TINGGI ILMU EKONOMI MUHAMMADIYAH CILACAP,JAWA TENGAH,AKUNTANSI,BAIK,7500000.0,JAWA TENGAH | Ekonomi & Bisnis | Terjangkau (5-10jt) | Baik Sekali / B,-
874,SEKOLAH TINGGI ILMU EKONOMI MUHAMMADIYAH CILACAP,JAWA TENGAH,MANAJEMEN,BAIK SEKALI,7500000.0,JAWA TENGAH | Ekonomi & Bisnis | Terjangkau (5-10jt) | Baik Sekali / B,-
884,UNIVERSITAS BOYOLALI,JAWA TENGAH,AKUNTANSI,B,7450000.0,JAWA TENGAH | Ekonomi & Bisnis | Terjangkau (5-10jt) | Baik Sekali / B,https://rencanamu.id/cari-kampus/universitas-boyolali
884,UNIVERSITAS BOYOLALI,JAWA TENGAH,MANAJEMEN,B,7450000.0,JAWA TENGAH | Ekonomi & Bisnis | Terjangkau (5-10jt) | Baik Sekali / B,https://rencanamu.id/cari-kampus/universitas-boyolali
893,UNIVERSITAS MUHADI SETIABUDI,JAWA TENGAH,AGRIBISNIS,BAIK SEKALI,7351000.0,JAWA TENGAH | Ekonomi & Bisnis | Terjangkau (5-10jt) | Baik Sekali / B,-
893,UNIVERSITAS MUHADI SETIABUDI,JAWA TENGAH,AKUNTANSI,BAIK SEKALI,7351000.0,JAWA TENGAH | Ekonomi & Bisnis | Terjangkau (5-10jt) | Baik Sekali / B,-
893,UNIVERSITAS MUHADI SETIABUDI,JAWA TENGAH,MANAJEMEN,BAIK SEKALI,7351000.0,JAWA TENGAH | Ekonomi & Bisnis | Terjangkau (5-10jt) | Baik Sekali / B,-
895,INSTITUT TEKNOLOGI STATISTIKA DAN BISNIS MUHAMMADIYAH SEMARANG,JAWA TENGAH,AKTUARIA,BAIK,7350000.0,JAWA TENGAH | Ekonomi & Bisnis | Terjangkau (5-10jt) | Baik Sekali / B,-
895,INSTITUT TEKNOLOGI STATISTIKA DAN BISNIS MUHAMMADIYAH SEMARANG,JAWA TENGAH,MANAJEMEN RITEL,BAIK,7350000.0,JAWA TENGAH | Ekonomi & Bisnis | Terjangkau (5-10jt) | Baik Sekali / B,-
956,UNIVERSITAS DHARMA AUB SURAKARTA,JAWA TENGAH,AKUNTANSI,BAIK SEKALI,6900000.0,JAWA TENGAH | Ekonomi & Bisnis | Terjangkau (5-10jt) | Baik Sekali / B,-
956,UNIVERSITAS DHARMA AUB SURAKARTA,JAWA TENGAH,MANAJEMEN,B,6900000.0,JAWA TENGAH | Ekonomi & Bisnis | Terjangkau (5-10jt) | Baik Sekali / B,-
962,UNIVERSITAS NAHDLATUL ULAMA SURAKARTA,JAWA TENGAH,MANAJEMEN,BAIK SEKALI,6820000.0,JAWA TENGAH | Ekonomi & Bisnis | Terjangkau (5-10jt) | Baik Sekali / B,-
967,UNIVERSITAS MUHAMMADIYAH KENDAL BATANG,JAWA TENGAH,AKUNTANSI,BAIK,6795000.0,JAWA TENGAH | Ekonomi & Bisnis | Terjangkau (5-10jt) | Baik Sekali / B,-
967,UNIVERSITAS MUHAMMADIYAH KENDAL BATANG,JAWA TENGAH,MANAJEMEN,BAIK,6795000.0,JAWA TENGAH | Ekonomi & Bisnis | Terjangkau (5-10jt) | Baik Sekali / B,-
978,UNIVERSITAS NAHDLATUL ULAMA AL GHAZALI CILACAP,JAWA TENGAH,EKONOMI PEMBANGUNAN,BAIK,6630000.0,JAWA TENGAH | Ekonomi & Bisnis | Terjangkau (5-10jt) | Baik Sekali / B,-
978,UNIVERSITAS NAHDLATUL ULAMA AL GHAZALI CILACAP,JAWA TENGAH,MANAJEMEN,BAIK SEKALI,6630000.0,JAWA TENGAH | Ekonomi & Bisnis | Terjangkau (5-10jt) | Baik Sekali / B,-
989,UNIVERSITAS KRISTEN TEKNOLOGI SOLO,JAWA TENGAH,AKUNTANSI,BAIK,6535000.0,JAWA TENGAH | Ekonomi & Bisnis | Terjangkau (5-10jt) | Baik Sekali / B,-
989,UNIVERSITAS KRISTEN TEKNOLOGI SOLO,JAWA TENGAH,MANAJEMEN,BAIK,6535000.0,JAWA TENGAH | Ekonomi & Bisnis | Terjangkau (5-10jt) | Baik Sekali / B,-
990,UNIVERSITAS TIGA SERANGKAI,JAWA TENGAH,MANAJEMEN,BAIK,6520000.0,JAWA TENGAH | Ekonomi & Bisnis | Terjangkau (5-10jt) | Baik Sekali / B,-
996,UNIVERSITAS NAHDLATUL ULAMA PURWOKERTO,JAWA TENGAH,MANAJEMEN,BAIK SEKALI,6500000.0,JAWA TENGAH | Ekonomi & Bisnis | Terjangkau (5-10jt) | Baik Sekali / B,-
1007,INSTITUT TEKNOLOGI BISNIS DAN KESEHATAN BHAKTI PUTRA BANGSA INDONESIA,JAWA TENGAH,BISNIS DIGITAL,BAIK,6400000.0,JAWA TENGAH | Ekonomi & Bisnis | Terjangkau (5-10jt) | Baik Sekali / B,-
1044,SEKOLAH TINGGI ILMU EKONOMI WIDYA MANGGALIA,JAWA TENGAH,MANAJEMEN,BAIK,6270000.0,JAWA TENGAH | Ekonomi & Bisnis | Terjangkau (5-10jt) | Baik Sekali / B,-
1043,SEKOLAH TINGGI ILMU EKONOMI WIJAYA MULYA,JAWA TENGAH,AKUNTANSI,BAIK,6270000.0,JAWA TENGAH | Ekonomi & Bisnis | Terjangkau (5-10jt) | Baik Sekali / B,-
1043,SEKOLAH TINGGI ILMU EKONOMI WIJAYA MULYA,JAWA TENGAH,MANAJEMEN,BAIK,6270000.0,JAWA TENGAH | Ekonomi & Bisnis | Terjangkau (5-10jt) | Baik Sekali / B,-
1058,UNIVERSITAS MUHAMMADIYAH BREBES,JAWA TENGAH,MANAJEMEN,BAIK,6200000.0,JAWA TENGAH | Ekonomi & Bisnis | Terjangkau (5-10jt) | Baik Sekali / B,-
1112,SEKOLAH TINGGI ILMU EKONOMI SATRIA,JAWA TENGAH,MANAJEMEN,BAIK,6000000.0,JAWA TENGAH | Ekonomi & Bisnis | Terjangkau (5-10jt) | Baik Sekali / B,-
1128,SEKOLAH TINGGI ILMU EKONOMI CENDEKIA KARYA UTAMA,JAWA TENGAH,AKUNTANSI,BAIK,5900000.0,JAWA TENGAH | Ekonomi & Bisnis | Terjangkau (5-10jt) | Baik Sekali / B,-
1128,SEKOLAH TINGGI ILMU EKONOMI CENDEKIA KARYA UTAMA,JAWA TENGAH,MANAJEMEN,BAIK,5900000.0,JAWA TENGAH | Ekonomi & Bisnis | Terjangkau (5-10jt) | Baik Sekali / B,-
1173,UNIVERSITAS ISLAM BATIK,JAWA TENGAH,AKUNTANSI,A,5550000.0,JAWA TENGAH | Ekonomi & Bisnis | Terjangkau (5-10jt) | Baik Sekali / B,https://rencanamu.id/cari-kampus/universitas-islam-batik
1173,UNIVERSITAS ISLAM BATIK,JAWA TENGAH,MANAJEMEN,B,5550000.0,JAWA TENGAH | Ekonomi & Bisnis | Terjangkau (5-10jt) | Baik Sekali / B,https://rencanamu.id/cari-kampus/universitas-islam-batik
1192,UNIVERSITAS PANCASAKTI TEGAL,JAWA TENGAH,AKUNTANSI,B,5300000.0,JAWA TENGAH | Ekonomi & Bisnis | Terjangkau (5-10jt) | Baik Sekali / B,https://rencanamu.id/cari-kampus/universitas-pancasakti
1192,UNIVERSITAS PANCASAKTI TEGAL,JAWA TENGAH,BISNIS DIGITAL,BAIK SEKALI,5300000.0,JAWA TENGAH | Ekonomi & Bisnis | Terjangkau (5-10jt) | Baik Sekali / B,https://rencanamu.id/cari-kampus/universitas-pancasakti
1192,UNIVERSITAS PANCASAKTI TEGAL,JAWA TENGAH,EKONOMI,B,5300000.0,JAWA TENGAH | Ekonomi & Bisnis | Terjangkau (5-10jt) | Baik Sekali / B,https://rencanamu.id/cari-kampus/universitas-pancasakti
1192,UNIVERSITAS PANCASAKTI TEGAL,JAWA TENGAH,MANAJEMEN,BAIK SEKALI,5300000.0,JAWA TENGAH | Ekonomi & Bisnis | Terjangkau (5-10jt) | Baik Sekali / B,https://rencanamu.id/cari-kampus/universitas-pancasakti
1196,UNIVERSITAS PIGNATELLI TRIPUTRA,JAWA TENGAH,AKUNTANSI,BAIK SEKALI,5250000.0,JAWA TENGAH | Ekonomi & Bisnis | Terjangkau (5-10jt) | Baik Sekali / B,-
1196,UNIVERSITAS PIGNATELLI TRIPUTRA,JAWA TENGAH,MANAJEMEN,BAIK,5250000.0,JAWA TENGAH | Ekonomi & Bisnis | Terjangkau (5-10jt) | Baik Sekali / B,-
1202,UNIVERSITAS AL HIKMAH JEPARA,JAWA TENGAH,BISNIS DIGITAL,BAIK,5245000.0,JAWA TENGAH | Ekonomi & Bisnis | Terjangkau (5-10jt) | Baik Sekali / B,-
1202,UNIVERSITAS AL HIKMAH JEPARA,JAWA TENGAH,PERDAGANGAN INTERNASIONAL,BAIK,5245000.0,JAWA TENGAH | Ekonomi & Bisnis | Terjangkau (5-10jt) | Baik Sekali / B,-
1213,SEKOLAH TINGGI ILMU EKONOMI SURAKARTA,JAWA TENGAH,AKUNTANSI,BAIK SEKALI,5100000.0,JAWA TENGAH | Ekonomi & Bisnis | Terjangkau (5-10jt) | Baik Sekali / B,https://campus.quipper.com/directory/sekolah-tinggi-ilmu-ekonomi-surakarta
1213,SEKOLAH TINGGI ILMU EKONOMI SURAKARTA,JAWA TENGAH,MANAJEMEN,BAIK SEKALI,5100000.0,JAWA TENGAH | Ekonomi & Bisnis | Terjangkau (5-10jt) | Baik Sekali / B,https://campus.quipper.com/directory/sekolah-tinggi-ilmu-ekonomi-surakarta
1218,INSTITUT TEKNOLOGI DAN BISNIS ADIAS,JAWA TENGAH,AKUNTANSI,BAIK,5050000.0,JAWA TENGAH | Ekonomi & Bisnis | Terjangkau (5-10jt) | Baik Sekali / B,-
1218,INSTITUT TEKNOLOGI DAN BISNIS ADIAS,JAWA TENGAH,MANAJEMEN,B,5050000.0,JAWA TENGAH | Ekonomi & Bisnis | Terjangkau (5-10jt) | Baik Sekali / B,-
1235,SEKOLAH TINGGI ILMU EKONOMI AMA,JAWA TENGAH,AKUNTANSI,BAIK SEKALI,5000000.0,JAWA TENGAH | Ekonomi & Bisnis | Terjangkau (5-10jt) | Baik Sekali / B,-
1235,SEKOLAH TINGGI ILMU EKONOMI AMA,JAWA TENGAH,MANAJEMEN,BAIK SEKALI,5000000.0,JAWA TENGAH | Ekonomi & Bisnis | Terjangkau (5-10jt) | Baik Sekali / B,-
1224,UNIVERSITAS MUHAMMADIYAH PURWOREJO,JAWA TENGAH,AGRIBISNIS,B,5000000.0,JAWA TENGAH | Ekonomi & Bisnis | Terjangkau (5-10jt) | Baik Sekali / B,https://rencanamu.id/cari-kampus/universitas-muhammadiyah-purworejo
1224,UNIVERSITAS MUHAMMADIYAH PURWOREJO,JAWA TENGAH,EKONOMI,B,5000000.0,JAWA TENGAH | Ekonomi & Bisnis | Terjangkau (5-10jt) | Baik Sekali / B,https://rencanamu.id/cari-kampus/universitas-muhammadiyah-purworejo
1224,UNIVERSITAS MUHAMMADIYAH PURWOREJO,JAWA TENGAH,MANAJEMEN,B,5000000.0,JAWA TENGAH | Ekonomi & Bisnis | Terjangkau (5-10jt) | Baik Sekali / B,https://rencanamu.id/cari-kampus/universitas-muhammadiyah-purworejo
1306,SEKOLAH TINGGI ILMU EKONOMI ANINDYAGUNA,JAWA TENGAH,MANAJEMEN,BAIK SEKALI,4800000.0,JAWA TENGAH | Ekonomi & Bisnis | Hemat (<5jt) | Baik Sekali / B,-
1310,SEKOLAH TINGGI ILMU EKONOMI SWASTA MANDIRI,JAWA TENGAH,AKUNTANSI,B,4800000.0,JAWA TENGAH | Ekonomi & Bisnis | Hemat (<5jt) | Baik Sekali / B,-
1328,STKIP NAHDLATUL ULAMA KABUPATEN TEGAL,JAWA TENGAH,EKONOMI,BAIK,4800000.0,JAWA TENGAH | Ekonomi & Bisnis | Hemat (<5jt) | Baik Sekali / B,-
1302,UNIVERSITAS PERWIRA PURBALINGGA,JAWA TENGAH,AGRIBISNIS,BAIK,4800000.0,JAWA TENGAH | Ekonomi & Bisnis | Hemat (<5jt) | Baik Sekali / B,-
1302,UNIVERSITAS PERWIRA PURBALINGGA,JAWA TENGAH,AKUNTANSI,BAIK,4800000.0,JAWA TENGAH | Ekonomi & Bisnis | Hemat (<5jt) | Baik Sekali / B,-
1302,UNIVERSITAS PERWIRA PURBALINGGA,JAWA TENGAH,MANAJEMEN,BAIK,4800000.0,JAWA TENGAH | Ekonomi & Bisnis | Hemat (<5jt) | Baik Sekali / B,-
1283,UNIVERSITAS SULTAN FATAH,JAWA TENGAH,ADMINISTRASI NIAGA,BAIK,4800000.0,JAWA TENGAH | Ekonomi & Bisnis | Hemat (<5jt) | Baik Sekali / B,-
1283,UNIVERSITAS SULTAN FATAH,JAWA TENGAH,EKONOMI PEMBANGUNAN,BAIK,4800000.0,JAWA TENGAH | Ekonomi & Bisnis | Hemat (<5jt) | Baik Sekali / B,-
1335,INSTITUT TEKNOLOGI DAN BISNIS MUHAMMADIYAH GROBOGAN,JAWA TENGAH,BISNIS DIGITAL,BAIK,4750000.0,JAWA TENGAH | Ekonomi & Bisnis | Hemat (<5jt) | Baik Sekali / B,-
1335,INSTITUT TEKNOLOGI DAN BISNIS MUHAMMADIYAH GROBOGAN,JAWA TENGAH,MANAJEMEN RITEL,BAIK,4750000.0,JAWA TENGAH | Ekonomi & Bisnis | Hemat (<5jt) | Baik Sekali / B,-
1345,UNIVERSITAS MUHAMMADIYAH KLATEN,JAWA TENGAH,MANAJEMEN,BAIK,4550000.0,JAWA TENGAH | Ekonomi & Bisnis | Hemat (<5jt) | Baik Sekali / B,-
1396,UNIVERSITAS SELAMAT SRI,JAWA TENGAH,AKUNTANSI,BAIK,4075000.0,JAWA TENGAH | Ekonomi & Bisnis | Hemat (<5jt) | Baik Sekali / B,-
1396,UNIVERSITAS SELAMAT SRI,JAWA TENGAH,BISNIS DIGITAL,BAIK,4075000.0,JAWA TENGAH | Ekonomi & Bisnis | Hemat (<5jt) | Baik Sekali / B,-
1396,UNIVERSITAS SELAMAT SRI,JAWA TENGAH,MANAJEMEN,BAIK,4075000.0,JAWA TENGAH | Ekonomi & Bisnis | Hemat (<5jt) | Baik Sekali / B,-
1399,SEKOLAH TINGGI ILMU EKONOMI PELITA NUSANTARA,JAWA TENGAH,AKUNTANSI,B,4000000.0,JAWA TENGAH | Ekonomi & Bisnis | Hemat (<5jt) | Baik Sekali / B,https://campus.quipper.com/directory/sekolah-tinggi-ilmu-ekonomi-pelita-nusantara
1399,SEKOLAH TINGGI ILMU EKONOMI PELITA NUSANTARA,JAWA TENGAH,MANAJEMEN,B,4000000.0,JAWA TENGAH | Ekonomi & Bisnis | Hemat (<5jt) | Baik Sekali / B,https://campus.quipper.com/directory/sekolah-tinggi-ilmu-ekonomi-pelita-nusantara
1425,UNIVERSITAS PERADABAN,JAWA TENGAH,AGRIBISNIS,BAIK,3800000.0,JAWA TENGAH | Ekonomi & Bisnis | Hemat (<5jt) | Baik Sekali / B,-
1425,UNIVERSITAS PERADABAN,JAWA TENGAH,AKUNTANSI,B,3800000.0,JAWA TENGAH | Ekonomi & Bisnis | Hemat (<5jt) | Baik Sekali / B,-
1425,UNIVERSITAS PERADABAN,JAWA TENGAH,MANAJEMEN,BAIK SEKALI,3800000.0,JAWA TENGAH | Ekonomi & Bisnis | Hemat (<5jt) | Baik Sekali / B,-
1433,SEKOLAH TINGGI ILMU ADMINISTRASI MADANI,JAWA TENGAH,ADMINISTRASI BISNIS,BAIK SEKALI,3692500.0,JAWA TENGAH | Ekonomi & Bisnis | Hemat (<5jt) | Baik Sekali / B,-
1433,SEKOLAH TINGGI ILMU ADMINISTRASI MADANI,JAWA TENGAH,ADMINISTRASI NIAGA,BAIK SEKALI,3692500.0,JAWA TENGAH | Ekonomi & Bisnis | Hemat (<5jt) | Baik Sekali / B,-
1461,SEKOLAH TINGGI ILMU EKONOMI WIDYA MANGGALA,JAWA TENGAH,AKUNTANSI,B,3200000.0,JAWA TENGAH | Ekonomi & Bisnis | Hemat (<5jt) | Baik Sekali / B,-
1461,SEKOLAH TINGGI ILMU EKONOMI WIDYA MANGGALA,JAWA TENGAH,BISNIS DIGITAL,BAIK,3200000.0,JAWA TENGAH | Ekonomi & Bisnis | Hemat (<5jt) | Baik Sekali / B,-
1461,SEKOLAH TINGGI ILMU EKONOMI WIDYA MANGGALA,JAWA TENGAH,MANAJEMEN,B,3200000.0,JAWA TENGAH | Ekonomi & Bisnis | Hemat (<5jt) | Baik Sekali / B,-
34,UNIVERSITAS KRISTEN SATYA WACANA,JAWA TENGAH,KEPERAWATAN,B,276850001.0,JAWA TENGAH | Kesehatan | Sangat Mahal (>50jt) | Baik Sekali / B,https://campus.quipper.com/directory/universitas-kristen-satya-wacana
41,UNIVERSITAS ISLAM SULTAN AGUNG,JAWA TENGAH,FARMASI,B,201750001.0,JAWA TENGAH | Kesehatan | Sangat Mahal (>50jt) | Baik Sekali / B,https://rencanamu.id/cari-kampus/universitas-islam-sultan-agung
41,UNIVERSITAS ISLAM SULTAN AGUNG,JAWA TENGAH,KEDOKTERAN,B,201750001.0,JAWA TENGAH | Kesehatan | Sangat Mahal (>50jt) | Baik Sekali / B,https://rencanamu.id/cari-kampus/universitas-islam-sultan-agung
41,UNIVERSITAS ISLAM SULTAN AGUNG,JAWA TENGAH,KEDOKTERAN GIGI,B,201750001.0,JAWA TENGAH | Kesehatan | Sangat Mahal (>50jt) | Baik Sekali / B,https://rencanamu.id/cari-kampus/universitas-islam-sultan-agung
41,UNIVERSITAS ISLAM SULTAN AGUNG,JAWA TENGAH,KEPERAWATAN,B,201750001.0,JAWA TENGAH | Kesehatan | Sangat Mahal (>50jt) | Baik Sekali / B,https://rencanamu.id/cari-kampus/universitas-islam-sultan-agung
30,UNIVERSITAS MUHAMMADIYAH PURWOKERTO,JAWA TENGAH,FARMASI,B,91025000.0,JAWA TENGAH | Kesehatan | Sangat Mahal (>50jt) | Baik Sekali / B,https://rencanamu.id/cari-kampus/universitas-muhammadiyah-purwokerto
30,UNIVERSITAS MUHAMMADIYAH PURWOKERTO,JAWA TENGAH,KEDOKTERAN,UNGGUL,91025000.0,JAWA TENGAH | Kesehatan | Sangat Mahal (>50jt) | Unggul / A,https://rencanamu.id/cari-kampus/universitas-muhammadiyah-purwokerto
55,INSTITUT TEKNOLOGI KESEHATAN CENDEKIA UTAMA KUDUS,JAWA TENGAH,FARMASI,BAIK SEKALI,89700000.0,JAWA TENGAH | Kesehatan | Sangat Mahal (>50jt) | Baik Sekali / B,-
55,INSTITUT TEKNOLOGI KESEHATAN CENDEKIA UTAMA KUDUS,JAWA TENGAH,KEPERAWATAN,BAIK SEKALI,89700000.0,JAWA TENGAH | Kesehatan | Sangat Mahal (>50jt) | Baik Sekali / B,-
55,INSTITUT TEKNOLOGI KESEHATAN CENDEKIA UTAMA KUDUS,JAWA TENGAH,KESEHATAN MASYARAKAT,BAIK SEKALI,89700000.0,JAWA TENGAH | Kesehatan | Sangat Mahal (>50jt) | Baik Sekali / B,-
54,UNIVERSITAS AL-IRSYAD CILACAP,JAWA TENGAH,FARMASI,BAIK SEKALI,85250000.0,JAWA TENGAH | Kesehatan | Sangat Mahal (>50jt) | Baik Sekali / B,-
54,UNIVERSITAS AL-IRSYAD CILACAP,JAWA TENGAH,KEBIDANAN,BAIK SEKALI,85250000.0,JAWA TENGAH | Kesehatan | Sangat Mahal (>50jt) | Baik Sekali / B,-
54,UNIVERSITAS AL-IRSYAD CILACAP,JAWA TENGAH,KEPERAWATAN,BAIK SEKALI,85250000.0,JAWA TENGAH | Kesehatan | Sangat Mahal (>50jt) | Baik Sekali / B,-
60,UNIVERSITAS MUHAMMADIYAH SURAKARTA,JAWA TENGAH,FARMASI,A,72100000.0,JAWA TENGAH | Kesehatan | Sangat Mahal (>50jt) | Unggul / A,https://rencanamu.id/cari-kampus/universitas-muhammadiyah-surakarta
60,UNIVERSITAS MUHAMMADIYAH SURAKARTA,JAWA TENGAH,FISIOTERAPI,A,72100000.0,JAWA TENGAH | Kesehatan | Sangat Mahal (>50jt) | Unggul / A,https://rencanamu.id/cari-kampus/universitas-muhammadiyah-surakarta
60,UNIVERSITAS MUHAMMADIYAH SURAKARTA,JAWA TENGAH,GIZI,B,72100000.0,JAWA TENGAH | Kesehatan | Sangat Mahal (>50jt) | Baik Sekali / B,https://rencanamu.id/cari-kampus/universitas-muhammadiyah-surakarta
60,UNIVERSITAS MUHAMMADIYAH SURAKARTA,JAWA TENGAH,KEDOKTERAN,B,72100000.0,JAWA TENGAH | Kesehatan | Sangat Mahal (>50jt) | Baik Sekali / B,https://rencanamu.id/cari-kampus/universitas-muhammadiyah-surakarta
60,UNIVERSITAS MUHAMMADIYAH SURAKARTA,JAWA TENGAH,KEDOKTERAN GIGI,B,72100000.0,JAWA TENGAH | Kesehatan | Sangat Mahal (>50jt) | Baik Sekali / B,https://rencanamu.id/cari-kampus/universitas-muhammadiyah-surakarta
60,UNIVERSITAS MUHAMMADIYAH SURAKARTA,JAWA TENGAH,KEPERAWATAN,A,72100000.0,JAWA TENGAH | Kesehatan | Sangat Mahal (>50jt) | Unggul / A,https://rencanamu.id/cari-kampus/universitas-muhammadiyah-surakarta
60,UNIVERSITAS MUHAMMADIYAH SURAKARTA,JAWA TENGAH,KESEHATAN MASYARAKAT,B,72100000.0,JAWA TENGAH | Kesehatan | Sangat Mahal (>50jt) | Baik Sekali / B,https://rencanamu.id/cari-kampus/universitas-muhammadiyah-surakarta
123,UNIVERSITAS SETIA BUDI,JAWA TENGAH,FARMASI,BAIK SEKALI,36300000.0,JAWA TENGAH | Kesehatan | Mahal (20-50jt) | Baik Sekali / B,-
125,UNIVERSITAS WAHID HASYIM,JAWA TENGAH,FARMASI,B,36170000.0,JAWA TENGAH | Kesehatan | Mahal (20-50jt) | Baik Sekali / B,https://rencanamu.id/cari-kampus/universitas-wahid-hasyim
125,UNIVERSITAS WAHID HASYIM,JAWA TENGAH,KEDOKTERAN,BAIK SEKALI,36170000.0,JAWA TENGAH | Kesehatan | Mahal (20-50jt) | Baik Sekali / B,https://rencanamu.id/cari-kampus/universitas-wahid-hasyim
131,SEKOLAH TINGGI ILMU KESEHATAN SERULINGMAS,JAWA TENGAH,FARMASI,BAIK SEKALI,34070000.0,JAWA TENGAH | Kesehatan | Mahal (20-50jt) | Baik Sekali / B,-
149,UNIVERSITAS NGUDI WALUYO,JAWA TENGAH,FARMASI,BAIK SEKALI,31600000.0,JAWA TENGAH | Kesehatan | Mahal (20-50jt) | Baik Sekali / B,-
149,UNIVERSITAS NGUDI WALUYO,JAWA TENGAH,GIZI,BAIK SEKALI,31600000.0,JAWA TENGAH | Kesehatan | Mahal (20-50jt) | Baik Sekali / B,-
149,UNIVERSITAS NGUDI WALUYO,JAWA TENGAH,KEBIDANAN,BAIK SEKALI,31600000.0,JAWA TENGAH | Kesehatan | Mahal (20-50jt) | Baik Sekali / B,-
163,UNIVERSITAS MUHAMMADIYAH MAGELANG,JAWA TENGAH,KEPERAWATAN,B,29580000.0,JAWA TENGAH | Kesehatan | Mahal (20-50jt) | Baik Sekali / B,https://campus.quipper.com/directory/universitas-muhammadiyah-magelang
198,UNIVERSITAS  HARAPAN BANGSA,JAWA TENGAH,FARMASI,BAIK SEKALI,25620000.0,JAWA TENGAH | Kesehatan | Mahal (20-50jt) | Baik Sekali / B,-
198,UNIVERSITAS  HARAPAN BANGSA,JAWA TENGAH,KEPERAWATAN,BAIK SEKALI,25620000.0,JAWA TENGAH | Kesehatan | Mahal (20-50jt) | Baik Sekali / B,-
203,UNIVERSITAS MUHAMMADIYAH SEMARANG,JAWA TENGAH,GIZI,UNGGUL,25200000.0,JAWA TENGAH | Kesehatan | Mahal (20-50jt) | Unggul / A,https://campus.quipper.com/directory/universitas-muhammadiyah-semarang
203,UNIVERSITAS MUHAMMADIYAH SEMARANG,JAWA TENGAH,KEBIDANAN,UNGGUL,25200000.0,JAWA TENGAH | Kesehatan | Mahal (20-50jt) | Unggul / A,https://campus.quipper.com/directory/universitas-muhammadiyah-semarang
203,UNIVERSITAS MUHAMMADIYAH SEMARANG,JAWA TENGAH,KEDOKTERAN,UNGGUL,25200000.0,JAWA TENGAH | Kesehatan | Mahal (20-50jt) | Unggul / A,https://campus.quipper.com/directory/universitas-muhammadiyah-semarang
203,UNIVERSITAS MUHAMMADIYAH SEMARANG,JAWA TENGAH,KEDOKTERAN GIGI,BAIK SEKALI,25200000.0,JAWA TENGAH | Kesehatan | Mahal (20-50jt) | Baik Sekali / B,https://campus.quipper.com/directory/universitas-muhammadiyah-semarang
203,UNIVERSITAS MUHAMMADIYAH SEMARANG,JAWA TENGAH,KEPERAWATAN,UNGGUL,25200000.0,JAWA TENGAH | Kesehatan | Mahal (20-50jt) | Unggul / A,https://campus.quipper.com/directory/universitas-muhammadiyah-semarang
203,UNIVERSITAS MUHAMMADIYAH SEMARANG,JAWA TENGAH,KESEHATAN MASYARAKAT,UNGGUL,25200000.0,JAWA TENGAH | Kesehatan | Mahal (20-50jt) | Unggul / A,https://campus.quipper.com/directory/universitas-muhammadiyah-semarang
229,UNIVERSITAS MUHAMMADIYAH GOMBONG,JAWA TENGAH,FARMASI,BAIK SEKALI,23750000.0,JAWA TENGAH | Kesehatan | Mahal (20-50jt) | Baik Sekali / B,-
229,UNIVERSITAS MUHAMMADIYAH GOMBONG,JAWA TENGAH,KEBIDANAN,BAIK SEKALI,23750000.0,JAWA TENGAH | Kesehatan | Mahal (20-50jt) | Baik Sekali / B,-
229,UNIVERSITAS MUHAMMADIYAH GOMBONG,JAWA TENGAH,KEPERAWATAN,B,23750000.0,JAWA TENGAH | Kesehatan | Mahal (20-50jt) | Baik Sekali / B,-
265,SEKOLAH TINGGI ILMU KESEHATAN KENDAL,JAWA TENGAH,FARMASI,BAIK SEKALI,21042000.0,JAWA TENGAH | Kesehatan | Mahal (20-50jt) | Baik Sekali / B,-
265,SEKOLAH TINGGI ILMU KESEHATAN KENDAL,JAWA TENGAH,KEPERAWATAN,BAIK SEKALI,21042000.0,JAWA TENGAH | Kesehatan | Mahal (20-50jt) | Baik Sekali / B,-
265,SEKOLAH TINGGI ILMU KESEHATAN KENDAL,JAWA TENGAH,KESEHATAN MASYARAKAT,BAIK SEKALI,21042000.0,JAWA TENGAH | Kesehatan | Mahal (20-50jt) | Baik Sekali / B,-
286,UNIVERSITAS PEKALONGAN,JAWA TENGAH,FARMASI,C,20000000.0,JAWA TENGAH | Kesehatan | Mahal (20-50jt) | Baik / C,https://campus.quipper.com/directory/universitas-pekalongan
286,UNIVERSITAS PEKALONGAN,JAWA TENGAH,FISIOTERAPI,C,20000000.0,JAWA TENGAH | Kesehatan | Mahal (20-50jt) | Baik / C,https://campus.quipper.com/directory/universitas-pekalongan
286,UNIVERSITAS PEKALONGAN,JAWA TENGAH,KEPERAWATAN,C,20000000.0,JAWA TENGAH | Kesehatan | Mahal (20-50jt) | Baik / C,https://campus.quipper.com/directory/universitas-pekalongan
286,UNIVERSITAS PEKALONGAN,JAWA TENGAH,KESEHATAN MASYARAKAT,C,20000000.0,JAWA TENGAH | Kesehatan | Mahal (20-50jt) | Baik / C,https://campus.quipper.com/directory/universitas-pekalongan
364,UNIVERSITAS SUGENG HARTONO,JAWA TENGAH,GIZI,BAIK,16200000.0,JAWA TENGAH | Kesehatan | Menengah (10-20jt) | Baik Sekali / B,-
383,UNIVERSITAS BHAMADA SLAWI,JAWA TENGAH,FARMASI,BAIK SEKALI,15510000.0,JAWA TENGAH | Kesehatan | Menengah (10-20jt) | Baik Sekali / B,-
383,UNIVERSITAS BHAMADA SLAWI,JAWA TENGAH,KEPERAWATAN,BAIK SEKALI,15510000.0,JAWA TENGAH | Kesehatan | Menengah (10-20jt) | Baik Sekali / B,-
386,UNIVERSITAS KATOLIK SOEGIJAPRANATA,JAWA TENGAH,GIZI,A,15500000.0,JAWA TENGAH | Kesehatan | Menengah (10-20jt) | Baik Sekali / B,https://rencanamu.id/cari-kampus/universitas-katolik-soegijapranata
386,UNIVERSITAS KATOLIK SOEGIJAPRANATA,JAWA TENGAH,KEDOKTERAN,BAIK,15500000.0,JAWA TENGAH | Kesehatan | Menengah (10-20jt) | Baik Sekali / B,https://rencanamu.id/cari-kampus/universitas-katolik-soegijapranata
408,SEKOLAH TINGGI ILMU KESEHATAN KESDAM IV / DIPONEGORO,JAWA TENGAH,FISIOTERAPI,BAIK,15000000.0,JAWA TENGAH | Kesehatan | Menengah (10-20jt) | Baik Sekali / B,-
450,UNIVERSITAS KARYA HUSADA SEMARANG,JAWA TENGAH,BIOMEDIS,BAIK,14000000.0,JAWA TENGAH | Kesehatan | Menengah (10-20jt) | Baik Sekali / B,-
450,UNIVERSITAS KARYA HUSADA SEMARANG,JAWA TENGAH,KEBIDANAN,BAIK SEKALI,14000000.0,JAWA TENGAH | Kesehatan | Menengah (10-20jt) | Baik Sekali / B,-
450,UNIVERSITAS KARYA HUSADA SEMARANG,JAWA TENGAH,KEPERAWATAN,BAIK SEKALI,14000000.0,JAWA TENGAH | Kesehatan | Menengah (10-20jt) | Baik Sekali / B,-
451,SEKOLAH TINGGI ILMU KESEHATAN NASIONAL,JAWA TENGAH,FARMASI,BAIK SEKALI,13970000.0,JAWA TENGAH | Kesehatan | Menengah (10-20jt) | Baik Sekali / B,-
493,SEKOLAH TINGGI ILMU KESEHATAN PANTI KOSALA,JAWA TENGAH,KEPERAWATAN,BAIK,12700000.0,JAWA TENGAH | Kesehatan | Menengah (10-20jt) | Baik Sekali / B,-
513,UNIVERSITAS WIDYA HUSADA SEMARANG,JAWA TENGAH,FISIOTERAPI,BAIK,12300000.0,JAWA TENGAH | Kesehatan | Menengah (10-20jt) | Baik Sekali / B,-
513,UNIVERSITAS WIDYA HUSADA SEMARANG,JAWA TENGAH,INFORMATIKA MEDIS,BAIK,12300000.0,JAWA TENGAH | Kesehatan | Menengah (10-20jt) | Baik Sekali / B,-
513,UNIVERSITAS WIDYA HUSADA SEMARANG,JAWA TENGAH,KEPERAWATAN,BAIK SEKALI,12300000.0,JAWA TENGAH | Kesehatan | Menengah (10-20jt) | Baik Sekali / B,-
516,UNIVERSITAS AN NUUR,JAWA TENGAH,FARMASI,BAIK SEKALI,12250000.0,JAWA TENGAH | Kesehatan | Menengah (10-20jt) | Baik Sekali / B,-
516,UNIVERSITAS AN NUUR,JAWA TENGAH,KEBIDANAN,BAIK,12250000.0,JAWA TENGAH | Kesehatan | Menengah (10-20jt) | Baik Sekali / B,-
516,UNIVERSITAS AN NUUR,JAWA TENGAH,KEPERAWATAN,BAIK SEKALI,12250000.0,JAWA TENGAH | Kesehatan | Menengah (10-20jt) | Baik Sekali / B,-
527,INSTITUT KARYA MULIA BANGSA,JAWA TENGAH,BIOMEDIS,BAIK,12100000.0,JAWA TENGAH | Kesehatan | Menengah (10-20jt) | Baik Sekali / B,-
527,INSTITUT KARYA MULIA BANGSA,JAWA TENGAH,KEBIDANAN,BAIK,12100000.0,JAWA TENGAH | Kesehatan | Menengah (10-20jt) | Baik Sekali / B,-
528,UNIVERSITAS DUTA BANGSA SURAKARTA,JAWA TENGAH,KEBIDANAN,BAIK,12100000.0,JAWA TENGAH | Kesehatan | Menengah (10-20jt) | Baik Sekali / B,-
528,UNIVERSITAS DUTA BANGSA SURAKARTA,JAWA TENGAH,KEPERAWATAN,BAIK SEKALI,12100000.0,JAWA TENGAH | Kesehatan | Menengah (10-20jt) | Baik Sekali / B,-
536,UNIVERSITAS SAFIN PATI,JAWA TENGAH,KEPERAWATAN,BAIK SEKALI,12000000.0,JAWA TENGAH | Kesehatan | Menengah (10-20jt) | Baik Sekali / B,-
566,UNIVERSITAS SRAGEN,JAWA TENGAH,FISIOTERAPI,BAIK,11500000.0,JAWA TENGAH | Kesehatan | Menengah (10-20jt) | Baik Sekali / B,-
608,SEKOLAH TINGGI ILMU FARMASI NUSAPUTERA,JAWA TENGAH,FARMASI,BAIK,10600000.0,JAWA TENGAH | Kesehatan | Menengah (10-20jt) | Baik Sekali / B,-
633,SEKOLAH TINGGI ILMU KESEHATAN TUJUH BELAS,JAWA TENGAH,FARMASI,BAIK,10050000.0,JAWA TENGAH | Kesehatan | Menengah (10-20jt) | Baik Sekali / B,-
633,SEKOLAH TINGGI ILMU KESEHATAN TUJUH BELAS,JAWA TENGAH,KEPERAWATAN,BAIK,10050000.0,JAWA TENGAH | Kesehatan | Menengah (10-20jt) | Baik Sekali / B,-
748,UNIVERSITAS MUHAMMADIYAH KUDUS,JAWA TENGAH,FARMASI,BAIK SEKALI,8500000.0,JAWA TENGAH | Kesehatan | Terjangkau (5-10jt) | Baik Sekali / B,-
748,UNIVERSITAS MUHAMMADIYAH KUDUS,JAWA TENGAH,GIZI,BAIK,8500000.0,JAWA TENGAH | Kesehatan | Terjangkau (5-10jt) | Baik Sekali / B,-
748,UNIVERSITAS MUHAMMADIYAH KUDUS,JAWA TENGAH,KEBIDANAN,BAIK SEKALI,8500000.0,JAWA TENGAH | Kesehatan | Terjangkau (5-10jt) | Baik Sekali / B,-
748,UNIVERSITAS MUHAMMADIYAH KUDUS,JAWA TENGAH,KEPERAWATAN,BAIK SEKALI,8500000.0,JAWA TENGAH | Kesehatan | Terjangkau (5-10jt) | Baik Sekali / B,-
770,UNIVERSITAS VETERAN BANGUN NUSANTARA,JAWA TENGAH,KESEHATAN MASYARAKAT,BAIK SEKALI,8350000.0,JAWA TENGAH | Kesehatan | Terjangkau (5-10jt) | Baik Sekali / B,-
855,UNIVERSITAS KUSUMA HUSADA SURAKARTA,JAWA TENGAH,ADMINISTRASI KESEHATAN,BAIK SEKALI,7550000.0,JAWA TENGAH | Kesehatan | Terjangkau (5-10jt) | Baik Sekali / B,-
855,UNIVERSITAS KUSUMA HUSADA SURAKARTA,JAWA TENGAH,FARMASI,BAIK SEKALI,7550000.0,JAWA TENGAH | Kesehatan | Terjangkau (5-10jt) | Baik Sekali / B,-
855,UNIVERSITAS KUSUMA HUSADA SURAKARTA,JAWA TENGAH,GIZI,B,7550000.0,JAWA TENGAH | Kesehatan | Terjangkau (5-10jt) | Baik Sekali / B,-
855,UNIVERSITAS KUSUMA HUSADA SURAKARTA,JAWA TENGAH,KEBIDANAN,BAIK SEKALI,7550000.0,JAWA TENGAH | Kesehatan | Terjangkau (5-10jt) | Baik Sekali / B,-
855,UNIVERSITAS KUSUMA HUSADA SURAKARTA,JAWA TENGAH,KEPERAWATAN,BAIK SEKALI,7550000.0,JAWA TENGAH | Kesehatan | Terjangkau (5-10jt) | Baik Sekali / B,-
893,UNIVERSITAS MUHADI SETIABUDI,JAWA TENGAH,GIZI,BAIK SEKALI,7351000.0,JAWA TENGAH | Kesehatan | Terjangkau (5-10jt) | Baik Sekali / B,-
942,SEKOLAH TINGGI ILMU KESEHATAN AR-RUM,JAWA TENGAH,FARMASI,BAIK,7000000.0,JAWA TENGAH | Kesehatan | Terjangkau (5-10jt) | Baik Sekali / B,-
958,SEKOLAH TINGGI ILMU KESEHATAN MUHAMMADIYAH WONOSOBO,JAWA TENGAH,FARMASI,BAIK,6900000.0,JAWA TENGAH | Kesehatan | Terjangkau (5-10jt) | Baik Sekali / B,-
967,UNIVERSITAS MUHAMMADIYAH KENDAL BATANG,JAWA TENGAH,GIZI,BAIK SEKALI,6795000.0,JAWA TENGAH | Kesehatan | Terjangkau (5-10jt) | Baik Sekali / B,-
967,UNIVERSITAS MUHAMMADIYAH KENDAL BATANG,JAWA TENGAH,KEPERAWATAN,BAIK,6795000.0,JAWA TENGAH | Kesehatan | Terjangkau (5-10jt) | Baik Sekali / B,-
1408,UNIVERSITAS DIAN NUSWANTORO,JAWA TENGAH,BIOMEDIS,BAIK SEKALI,4000000.0,JAWA TENGAH | Kesehatan | Hemat (<5jt) | Baik Sekali / B,https://campus.quipper.com/directory/universitas-dian-nuswantoro
1408,UNIVERSITAS DIAN NUSWANTORO,JAWA TENGAH,KEDOKTERAN,BAIK SEKALI,4000000.0,JAWA TENGAH | Kesehatan | Hemat (<5jt) | Baik Sekali / B,https://campus.quipper.com/directory/universitas-dian-nuswantoro
1408,UNIVERSITAS DIAN NUSWANTORO,JAWA TENGAH,KESEHATAN LINGKUNGAN,UNGGUL,4000000.0,JAWA TENGAH | Kesehatan | Hemat (<5jt) | Baik Sekali / B,https://campus.quipper.com/directory/universitas-dian-nuswantoro
1408,UNIVERSITAS DIAN NUSWANTORO,JAWA TENGAH,KESEHATAN MASYARAKAT,B,4000000.0,JAWA TENGAH | Kesehatan | Hemat (<5jt) | Baik Sekali / B,https://campus.quipper.com/directory/universitas-dian-nuswantoro
1408,UNIVERSITAS DIAN NUSWANTORO,JAWA TENGAH,REKAM MEDIS,A,4000000.0,JAWA TENGAH | Kesehatan | Hemat (<5jt) | Baik Sekali / B,https://campus.quipper.com/directory/universitas-dian-nuswantoro
1425,UNIVERSITAS PERADABAN,JAWA TENGAH,FARMASI,BAIK,3800000.0,JAWA TENGAH | Kesehatan | Hemat (<5jt) | Baik Sekali / B,-
54,UNIVERSITAS AL-IRSYAD CILACAP,JAWA TENGAH,INFORMATIKA,BAIK,85250000.0,JAWA TENGAH | Komputer & Teknologi | Sangat Mahal (>50jt) | Baik Sekali / B,-
60,UNIVERSITAS MUHAMMADIYAH SURAKARTA,JAWA TENGAH,INFORMATIKA,B,72100000.0,JAWA TENGAH | Komputer & Teknologi | Sangat Mahal (>50jt) | Baik Sekali / B,https://rencanamu.id/cari-kampus/universitas-muhammadiyah-surakarta
60,UNIVERSITAS MUHAMMADIYAH SURAKARTA,JAWA TENGAH,SISTEM INFORMASI,BAIK,72100000.0,JAWA TENGAH | Komputer & Teknologi | Sangat Mahal (>50jt) | Baik Sekali / B,https://rencanamu.id/cari-kampus/universitas-muhammadiyah-surakarta
138,UNIVERSITAS SAINS DAN TEKNOLOGI KOMPUTER,JAWA TENGAH,INFORMATIKA,BAIK,33048600.0,JAWA TENGAH | Komputer & Teknologi | Mahal (20-50jt) | Baik Sekali / B,-
138,UNIVERSITAS SAINS DAN TEKNOLOGI KOMPUTER,JAWA TENGAH,SISTEM INFORMASI,BAIK,33048600.0,JAWA TENGAH | Komputer & Teknologi | Mahal (20-50jt) | Baik Sekali / B,-
149,UNIVERSITAS NGUDI WALUYO,JAWA TENGAH,INFORMATIKA,BAIK SEKALI,31600000.0,JAWA TENGAH | Komputer & Teknologi | Mahal (20-50jt) | Baik Sekali / B,-
163,UNIVERSITAS MUHAMMADIYAH MAGELANG,JAWA TENGAH,INFORMATIKA,B,29580000.0,JAWA TENGAH | Komputer & Teknologi | Mahal (20-50jt) | Baik Sekali / B,https://campus.quipper.com/directory/universitas-muhammadiyah-magelang
208,UNIVERSITAS SAINS ALQUR AN,JAWA TENGAH,INFORMATIKA,BAIK SEKALI,25745000.0,JAWA TENGAH | Komputer & Teknologi | Mahal (20-50jt) | Baik Sekali / B,-
198,UNIVERSITAS  HARAPAN BANGSA,JAWA TENGAH,INFORMATIKA,BAIK,25620000.0,JAWA TENGAH | Komputer & Teknologi | Mahal (20-50jt) | Baik Sekali / B,-
198,UNIVERSITAS  HARAPAN BANGSA,JAWA TENGAH,SISTEM INFORMASI,BAIK,25620000.0,JAWA TENGAH | Komputer & Teknologi | Mahal (20-50jt) | Baik Sekali / B,-
198,UNIVERSITAS  HARAPAN BANGSA,JAWA TENGAH,TEKNOLOGI INFORMASI,BAIK,25620000.0,JAWA TENGAH | Komputer & Teknologi | Mahal (20-50jt) | Baik Sekali / B,-
203,UNIVERSITAS MUHAMMADIYAH SEMARANG,JAWA TENGAH,INFORMATIKA,BAIK SEKALI,25200000.0,JAWA TENGAH | Komputer & Teknologi | Mahal (20-50jt) | Baik Sekali / B,https://campus.quipper.com/directory/universitas-muhammadiyah-semarang
203,UNIVERSITAS MUHAMMADIYAH SEMARANG,JAWA TENGAH,SAINS DATA,BAIK SEKALI,25200000.0,JAWA TENGAH | Komputer & Teknologi | Mahal (20-50jt) | Baik Sekali / B,https://campus.quipper.com/directory/universitas-muhammadiyah-semarang
203,UNIVERSITAS MUHAMMADIYAH SEMARANG,JAWA TENGAH,TEKNOLOGI INFORMASI,BAIK,25200000.0,JAWA TENGAH | Komputer & Teknologi | Mahal (20-50jt) | Baik Sekali / B,https://campus.quipper.com/directory/universitas-muhammadiyah-semarang
229,UNIVERSITAS MUHAMMADIYAH GOMBONG,JAWA TENGAH,TEKNOLOGI INFORMASI,BAIK,23750000.0,JAWA TENGAH | Komputer & Teknologi | Mahal (20-50jt) | Baik Sekali / B,-
307,UNIVERSITAS MUHAMMADIYAH PEKAJANGAN PEKALONGAN,JAWA TENGAH,INFORMATIKA,BAIK,19050000.0,JAWA TENGAH | Komputer & Teknologi | Menengah (10-20jt) | Baik Sekali / B,-
352,UNIVERSITAS PGRI SEMARANG,JAWA TENGAH,INFORMATIKA,BAIK SEKALI,16900000.0,JAWA TENGAH | Komputer & Teknologi | Menengah (10-20jt) | Baik Sekali / B,https://rencanamu.id/cari-kampus/universitas-pgri-semarang
356,UNIVERSITAS STIKUBANK,JAWA TENGAH,INFORMATIKA,B,16500000.0,JAWA TENGAH | Komputer & Teknologi | Menengah (10-20jt) | Baik Sekali / B,https://rencanamu.id/cari-kampus/universitas-stikubank
356,UNIVERSITAS STIKUBANK,JAWA TENGAH,SISTEM INFORMASI,B,16500000.0,JAWA TENGAH | Komputer & Teknologi | Menengah (10-20jt) | Baik Sekali / B,https://rencanamu.id/cari-kampus/universitas-stikubank
364,UNIVERSITAS SUGENG HARTONO,JAWA TENGAH,KOMPUTER,BAIK,16200000.0,JAWA TENGAH | Komputer & Teknologi | Menengah (10-20jt) | Baik Sekali / B,-
530,UNIVERSITAS AKI,JAWA TENGAH,INFORMATIKA,BAIK SEKALI,15925000.0,JAWA TENGAH | Komputer & Teknologi | Menengah (10-20jt) | Baik Sekali / B,-
530,UNIVERSITAS AKI,JAWA TENGAH,SISTEM INFORMASI,BAIK SEKALI,15925000.0,JAWA TENGAH | Komputer & Teknologi | Menengah (10-20jt) | Baik Sekali / B,-
383,UNIVERSITAS BHAMADA SLAWI,JAWA TENGAH,INFORMATIKA,BAIK,15510000.0,JAWA TENGAH | Komputer & Teknologi | Menengah (10-20jt) | Baik Sekali / B,-
386,UNIVERSITAS KATOLIK SOEGIJAPRANATA,JAWA TENGAH,INFORMATIKA,B,15500000.0,JAWA TENGAH | Komputer & Teknologi | Menengah (10-20jt) | Baik Sekali / B,https://rencanamu.id/cari-kampus/universitas-katolik-soegijapranata
450,UNIVERSITAS KARYA HUSADA SEMARANG,JAWA TENGAH,INFORMATIKA,BAIK,14000000.0,JAWA TENGAH | Komputer & Teknologi | Menengah (10-20jt) | Baik Sekali / B,-
513,UNIVERSITAS WIDYA HUSADA SEMARANG,JAWA TENGAH,SISTEM INFORMASI,BAIK,12300000.0,JAWA TENGAH | Komputer & Teknologi | Menengah (10-20jt) | Baik Sekali / B,-
516,UNIVERSITAS AN NUUR,JAWA TENGAH,KOMPUTER,BAIK,12250000.0,JAWA TENGAH | Komputer & Teknologi | Menengah (10-20jt) | Baik Sekali / B,-
528,UNIVERSITAS DUTA BANGSA SURAKARTA,JAWA TENGAH,INFORMATIKA,BAIK SEKALI,12100000.0,JAWA TENGAH | Komputer & Teknologi | Menengah (10-20jt) | Baik Sekali / B,-
528,UNIVERSITAS DUTA BANGSA SURAKARTA,JAWA TENGAH,SISTEM INFORMASI,BAIK SEKALI,12100000.0,JAWA TENGAH | Komputer & Teknologi | Menengah (10-20jt) | Baik Sekali / B,-
536,UNIVERSITAS SAFIN PATI,JAWA TENGAH,INFORMATIKA,BAIK,12000000.0,JAWA TENGAH | Komputer & Teknologi | Menengah (10-20jt) | Baik Sekali / B,-
1534,SEKOLAH TINGGI ILMU KOMPUTER YOS SUDARSO,JAWA TENGAH,INFORMATIKA,BAIK SEKALI,11965000.0,JAWA TENGAH | Komputer & Teknologi | Menengah (10-20jt) | Baik Sekali / B,-
1534,SEKOLAH TINGGI ILMU KOMPUTER YOS SUDARSO,JAWA TENGAH,MULTIMEDIA,BAIK,11965000.0,JAWA TENGAH | Komputer & Teknologi | Menengah (10-20jt) | Baik Sekali / B,-
1534,SEKOLAH TINGGI ILMU KOMPUTER YOS SUDARSO,JAWA TENGAH,SISTEM INFORMASI,B,11965000.0,JAWA TENGAH | Komputer & Teknologi | Menengah (10-20jt) | Baik Sekali / B,-
565,INSTITUT TEKNOLOGI BISNIS AAS INDONESIA,JAWA TENGAH,INFORMATIKA,BAIK,11500000.0,JAWA TENGAH | Komputer & Teknologi | Menengah (10-20jt) | Baik Sekali / B,-
566,UNIVERSITAS SRAGEN,JAWA TENGAH,INFORMATIKA,BAIK,11500000.0,JAWA TENGAH | Komputer & Teknologi | Menengah (10-20jt) | Baik Sekali / B,-
1516,UNIVERSITAS PUTRA BANGSA,JAWA TENGAH,KOMPUTER,BAIK,10100000.0,JAWA TENGAH | Komputer & Teknologi | Menengah (10-20jt) | Baik Sekali / B,-
1516,UNIVERSITAS PUTRA BANGSA,JAWA TENGAH,SAINS DATA,BAIK,10100000.0,JAWA TENGAH | Komputer & Teknologi | Menengah (10-20jt) | Baik Sekali / B,-
655,UNIVERSITAS ISLAM NAHDLATUL ULAMA JEPARA,JAWA TENGAH,INFORMATIKA,BAIK SEKALI,9886000.0,JAWA TENGAH | Komputer & Teknologi | Terjangkau (5-10jt) | Baik Sekali / B,-
655,UNIVERSITAS ISLAM NAHDLATUL ULAMA JEPARA,JAWA TENGAH,SISTEM INFORMASI,BAIK SEKALI,9886000.0,JAWA TENGAH | Komputer & Teknologi | Terjangkau (5-10jt) | Baik Sekali / B,-
658,UNIVERSITAS MUHAMMADIYAH TEGAL,JAWA TENGAH,INFORMATIKA,BAIK,9800000.0,JAWA TENGAH | Komputer & Teknologi | Terjangkau (5-10jt) | Baik Sekali / B,-
662,UNIVERSITAS SEMARANG,JAWA TENGAH,INFORMATIKA,B,9740000.0,JAWA TENGAH | Komputer & Teknologi | Terjangkau (5-10jt) | Baik Sekali / B,https://campus.quipper.com/directory/universitas-semarang
662,UNIVERSITAS SEMARANG,JAWA TENGAH,SISTEM INFORMASI,B,9740000.0,JAWA TENGAH | Komputer & Teknologi | Terjangkau (5-10jt) | Baik Sekali / B,https://campus.quipper.com/directory/universitas-semarang
687,UNIVERSITAS SURAKARTA,JAWA TENGAH,INFORMATIKA,BAIK SEKALI,9390000.0,JAWA TENGAH | Komputer & Teknologi | Terjangkau (5-10jt) | Baik Sekali / B,https://campus.quipper.com/directory/universitas-surakarta
687,UNIVERSITAS SURAKARTA,JAWA TENGAH,KOMPUTER,BAIK,9390000.0,JAWA TENGAH | Komputer & Teknologi | Terjangkau (5-10jt) | Baik Sekali / B,https://campus.quipper.com/directory/universitas-surakarta
687,UNIVERSITAS SURAKARTA,JAWA TENGAH,SISTEM KOMPUTER,BAIK SEKALI,9390000.0,JAWA TENGAH | Komputer & Teknologi | Terjangkau (5-10jt) | Baik Sekali / B,https://campus.quipper.com/directory/universitas-surakarta
689,UNIVERSITAS SLAMET RIYADI,JAWA TENGAH,TEKNOLOGI INFORMASI,BAIK SEKALI,9340000.0,JAWA TENGAH | Komputer & Teknologi | Terjangkau (5-10jt) | Baik Sekali / B,-
699,UNIVERSITAS NASIONAL KARANGTURI SEMARANG,JAWA TENGAH,SISTEM INFORMASI,BAIK,9200000.0,JAWA TENGAH | Komputer & Teknologi | Terjangkau (5-10jt) | Baik Sekali / B,-
739,UNIVERSITAS IVET,JAWA TENGAH,INFORMATIKA,BAIK SEKALI,8800000.0,JAWA TENGAH | Komputer & Teknologi | Terjangkau (5-10jt) | Baik Sekali / B,-
739,UNIVERSITAS IVET,JAWA TENGAH,SISTEM INFORMASI,BAIK,8800000.0,JAWA TENGAH | Komputer & Teknologi | Terjangkau (5-10jt) | Baik Sekali / B,-
748,UNIVERSITAS MUHAMMADIYAH KUDUS,JAWA TENGAH,KOMPUTER,BAIK SEKALI,8500000.0,JAWA TENGAH | Komputer & Teknologi | Terjangkau (5-10jt) | Baik Sekali / B,-
748,UNIVERSITAS MUHAMMADIYAH KUDUS,JAWA TENGAH,SISTEM INFORMASI,BAIK SEKALI,8500000.0,JAWA TENGAH | Komputer & Teknologi | Terjangkau (5-10jt) | Baik Sekali / B,-
782,UNIVERSITAS BPD,JAWA TENGAH,INFORMATIKA,BAIK,8080000.0,JAWA TENGAH | Komputer & Teknologi | Terjangkau (5-10jt) | Baik Sekali / B,-
782,UNIVERSITAS BPD,JAWA TENGAH,SAINS DATA,BAIK,8080000.0,JAWA TENGAH | Komputer & Teknologi | Terjangkau (5-10jt) | Baik Sekali / B,-
782,UNIVERSITAS BPD,JAWA TENGAH,SISTEM INFORMASI,BAIK,8080000.0,JAWA TENGAH | Komputer & Teknologi | Terjangkau (5-10jt) | Baik Sekali / B,-
976,UNIVERSITAS YPPI REMBANG,JAWA TENGAH,SISTEM INFORMASI,BAIK,7805000.0,JAWA TENGAH | Komputer & Teknologi | Terjangkau (5-10jt) | Baik Sekali / B,-
893,UNIVERSITAS MUHADI SETIABUDI,JAWA TENGAH,INFORMATIKA,BAIK SEKALI,7351000.0,JAWA TENGAH | Komputer & Teknologi | Terjangkau (5-10jt) | Baik Sekali / B,-
895,INSTITUT TEKNOLOGI STATISTIKA DAN BISNIS MUHAMMADIYAH SEMARANG,JAWA TENGAH,REKAYASA PERANGKAT LUNAK,BAIK SEKALI,7350000.0,JAWA TENGAH | Komputer & Teknologi | Terjangkau (5-10jt) | Baik Sekali / B,-
956,UNIVERSITAS DHARMA AUB SURAKARTA,JAWA TENGAH,INFORMATIKA,BAIK,6900000.0,JAWA TENGAH | Komputer & Teknologi | Terjangkau (5-10jt) | Baik Sekali / B,-
956,UNIVERSITAS DHARMA AUB SURAKARTA,JAWA TENGAH,SISTEM INFORMASI,BAIK SEKALI,6900000.0,JAWA TENGAH | Komputer & Teknologi | Terjangkau (5-10jt) | Baik Sekali / B,-
956,UNIVERSITAS DHARMA AUB SURAKARTA,JAWA TENGAH,SISTEM KOMPUTER,BAIK SEKALI,6900000.0,JAWA TENGAH | Komputer & Teknologi | Terjangkau (5-10jt) | Baik Sekali / B,-
967,UNIVERSITAS MUHAMMADIYAH KENDAL BATANG,JAWA TENGAH,INFORMATIKA,BAIK,6795000.0,JAWA TENGAH | Komputer & Teknologi | Terjangkau (5-10jt) | Baik Sekali / B,-
978,UNIVERSITAS NAHDLATUL ULAMA AL GHAZALI CILACAP,JAWA TENGAH,INFORMATIKA,BAIK SEKALI,6630000.0,JAWA TENGAH | Komputer & Teknologi | Terjangkau (5-10jt) | Baik Sekali / B,-
978,UNIVERSITAS NAHDLATUL ULAMA AL GHAZALI CILACAP,JAWA TENGAH,SISTEM INFORMASI,BAIK,6630000.0,JAWA TENGAH | Komputer & Teknologi | Terjangkau (5-10jt) | Baik Sekali / B,-
989,UNIVERSITAS KRISTEN TEKNOLOGI SOLO,JAWA TENGAH,INFORMATIKA,BAIK,6535000.0,JAWA TENGAH | Komputer & Teknologi | Terjangkau (5-10jt) | Baik Sekali / B,-
990,UNIVERSITAS TIGA SERANGKAI,JAWA TENGAH,INFORMATIKA,BAIK,6520000.0,JAWA TENGAH | Komputer & Teknologi | Terjangkau (5-10jt) | Baik Sekali / B,-
990,UNIVERSITAS TIGA SERANGKAI,JAWA TENGAH,REKAYASA KOMPUTER,BAIK,6520000.0,JAWA TENGAH | Komputer & Teknologi | Terjangkau (5-10jt) | Baik Sekali / B,-
990,UNIVERSITAS TIGA SERANGKAI,JAWA TENGAH,SISTEM INFORMASI,BAIK,6520000.0,JAWA TENGAH | Komputer & Teknologi | Terjangkau (5-10jt) | Baik Sekali / B,-
1007,INSTITUT TEKNOLOGI BISNIS DAN KESEHATAN BHAKTI PUTRA BANGSA INDONESIA,JAWA TENGAH,INFORMATIKA,BAIK,6400000.0,JAWA TENGAH | Komputer & Teknologi | Terjangkau (5-10jt) | Baik Sekali / B,-
1058,UNIVERSITAS MUHAMMADIYAH BREBES,JAWA TENGAH,INFORMATIKA,BAIK,6200000.0,JAWA TENGAH | Komputer & Teknologi | Terjangkau (5-10jt) | Baik Sekali / B,-
1058,UNIVERSITAS MUHAMMADIYAH BREBES,JAWA TENGAH,SISTEM INFORMASI,BAIK,6200000.0,JAWA TENGAH | Komputer & Teknologi | Terjangkau (5-10jt) | Baik Sekali / B,-
1156,SEKOLAH TINGGI MANAJEMEN INFORMATIKA DAN KOMPUTER PGRI ARUNGBINANG KEBUMEN,JAWA TENGAH,TEKNOLOGI INFORMASI,BAIK,5700000.0,JAWA TENGAH | Komputer & Teknologi | Terjangkau (5-10jt) | Baik Sekali / B,-
1173,UNIVERSITAS ISLAM BATIK,JAWA TENGAH,INFORMATIKA,BAIK,5550000.0,JAWA TENGAH | Komputer & Teknologi | Terjangkau (5-10jt) | Baik Sekali / B,https://rencanamu.id/cari-kampus/universitas-islam-batik
1192,UNIVERSITAS PANCASAKTI TEGAL,JAWA TENGAH,INFORMATIKA,BAIK,5300000.0,JAWA TENGAH | Komputer & Teknologi | Terjangkau (5-10jt) | Baik Sekali / B,https://rencanamu.id/cari-kampus/universitas-pancasakti
1192,UNIVERSITAS PANCASAKTI TEGAL,JAWA TENGAH,SISTEM INFORMASI,BAIK,5300000.0,JAWA TENGAH | Komputer & Teknologi | Terjangkau (5-10jt) | Baik Sekali / B,https://rencanamu.id/cari-kampus/universitas-pancasakti
1196,UNIVERSITAS PIGNATELLI TRIPUTRA,JAWA TENGAH,INFORMATIKA,BAIK,5250000.0,JAWA TENGAH | Komputer & Teknologi | Terjangkau (5-10jt) | Baik Sekali / B,-
1196,UNIVERSITAS PIGNATELLI TRIPUTRA,JAWA TENGAH,REKAYASA PERANGKAT LUNAK,BAIK,5250000.0,JAWA TENGAH | Komputer & Teknologi | Terjangkau (5-10jt) | Baik Sekali / B,-
1196,UNIVERSITAS PIGNATELLI TRIPUTRA,JAWA TENGAH,SISTEM INFORMASI,BAIK SEKALI,5250000.0,JAWA TENGAH | Komputer & Teknologi | Terjangkau (5-10jt) | Baik Sekali / B,-
1202,UNIVERSITAS AL HIKMAH JEPARA,JAWA TENGAH,TEKNOLOGI INFORMASI,BAIK,5245000.0,JAWA TENGAH | Komputer & Teknologi | Terjangkau (5-10jt) | Baik Sekali / B,-
1204,SEKOLAH TINGGI TEKNIK PATI,JAWA TENGAH,INFORMATIKA,BAIK,5200000.0,JAWA TENGAH | Komputer & Teknologi | Terjangkau (5-10jt) | Baik Sekali / B,-
1208,SEKOLAH TINGGI MANAJEMEN INFORMATIKA DAN KOMPUTER AMIKOM SURAKARTA,JAWA TENGAH,INFORMATIKA,BAIK,5160000.0,JAWA TENGAH | Komputer & Teknologi | Terjangkau (5-10jt) | Baik Sekali / B,-
1208,SEKOLAH TINGGI MANAJEMEN INFORMATIKA DAN KOMPUTER AMIKOM SURAKARTA,JAWA TENGAH,TEKNOLOGI INFORMASI,BAIK,5160000.0,JAWA TENGAH | Komputer & Teknologi | Terjangkau (5-10jt) | Baik Sekali / B,-
1218,INSTITUT TEKNOLOGI DAN BISNIS ADIAS,JAWA TENGAH,SISTEM INFORMASI,BAIK,5050000.0,JAWA TENGAH | Komputer & Teknologi | Terjangkau (5-10jt) | Baik Sekali / B,-
1260,STMIK BINA PATRIA,JAWA TENGAH,INFORMATIKA,BAIK SEKALI,5000000.0,JAWA TENGAH | Komputer & Teknologi | Terjangkau (5-10jt) | Baik Sekali / B,-
1260,STMIK BINA PATRIA,JAWA TENGAH,SISTEM INFORMASI,BAIK,5000000.0,JAWA TENGAH | Komputer & Teknologi | Terjangkau (5-10jt) | Baik Sekali / B,-
1224,UNIVERSITAS MUHAMMADIYAH PURWOREJO,JAWA TENGAH,TEKNOLOGI INFORMASI,BAIK,5000000.0,JAWA TENGAH | Komputer & Teknologi | Terjangkau (5-10jt) | Baik Sekali / B,https://rencanamu.id/cari-kampus/universitas-muhammadiyah-purworejo
1273,UNIVERSITAS MA'ARIF NAHDLATUL ULAMA KEBUMEN,JAWA TENGAH,INFORMATIKA,BAIK SEKALI,4800000.0,JAWA TENGAH | Komputer & Teknologi | Hemat (<5jt) | Baik Sekali / B,-
1302,UNIVERSITAS PERWIRA PURBALINGGA,JAWA TENGAH,INFORMATIKA,BAIK,4800000.0,JAWA TENGAH | Komputer & Teknologi | Hemat (<5jt) | Baik Sekali / B,-
1283,UNIVERSITAS SULTAN FATAH,JAWA TENGAH,INFORMATIKA,BAIK,4800000.0,JAWA TENGAH | Komputer & Teknologi | Hemat (<5jt) | Baik Sekali / B,-
1283,UNIVERSITAS SULTAN FATAH,JAWA TENGAH,SISTEM KOMPUTER,BAIK,4800000.0,JAWA TENGAH | Komputer & Teknologi | Hemat (<5jt) | Baik Sekali / B,-
1335,INSTITUT TEKNOLOGI DAN BISNIS MUHAMMADIYAH GROBOGAN,JAWA TENGAH,SAINS DATA,BAIK,4750000.0,JAWA TENGAH | Komputer & Teknologi | Hemat (<5jt) | Baik Sekali / B,-
1335,INSTITUT TEKNOLOGI DAN BISNIS MUHAMMADIYAH GROBOGAN,JAWA TENGAH,SISTEM INFORMASI,BAIK,4750000.0,JAWA TENGAH | Komputer & Teknologi | Hemat (<5jt) | Baik Sekali / B,-
1345,UNIVERSITAS MUHAMMADIYAH KLATEN,JAWA TENGAH,TEKNOLOGI INFORMASI,BAIK,4550000.0,JAWA TENGAH | Komputer & Teknologi | Hemat (<5jt) | Baik Sekali / B,-
352,UNIVERSITAS PGRI SEMARANG,JAWA TENGAH,TEKNOLOGI PANGAN,BAIK SEKALI,16900000.0,JAWA TENGAH | Lainnya | Menengah (10-20jt) | Unggul / A,https://rencanamu.id/cari-kampus/universitas-pgri-semarang
364,UNIVERSITAS SUGENG HARTONO,JAWA TENGAH,TEKNOLOGI PANGAN,TERAKREDITASI SEMENTARA,16200000.0,JAWA TENGAH | Lainnya | Menengah (10-20jt) | Unggul / A,-
386,UNIVERSITAS KATOLIK SOEGIJAPRANATA,JAWA TENGAH,PERENCANAAN WILAYAH KOTA,A,15500000.0,JAWA TENGAH | Lainnya | Menengah (10-20jt) | Unggul / A,https://rencanamu.id/cari-kampus/universitas-katolik-soegijapranata
386,UNIVERSITAS KATOLIK SOEGIJAPRANATA,JAWA TENGAH,TEKNOLOGI PANGAN,A,15500000.0,JAWA TENGAH | Lainnya | Menengah (10-20jt) | Unggul / A,https://rencanamu.id/cari-kampus/universitas-katolik-soegijapranata
655,UNIVERSITAS ISLAM NAHDLATUL ULAMA JEPARA,JAWA TENGAH,BUDIDAYA PERAIRAN,BAIK,9886000.0,JAWA TENGAH | Lainnya | Terjangkau (5-10jt) | Baik Sekali / B,-
662,UNIVERSITAS SEMARANG,JAWA TENGAH,PERENCANAAN WILAYAH KOTA,BAIK,9740000.0,JAWA TENGAH | Lainnya | Terjangkau (5-10jt) | Baik Sekali / B,https://campus.quipper.com/directory/universitas-semarang
689,UNIVERSITAS SLAMET RIYADI,JAWA TENGAH,TEKNOLOGI PANGAN,B,9340000.0,JAWA TENGAH | Lainnya | Terjangkau (5-10jt) | Baik Sekali / B,-
699,UNIVERSITAS NASIONAL KARANGTURI SEMARANG,JAWA TENGAH,TEKNOLOGI PANGAN,BAIK,9200000.0,JAWA TENGAH | Lainnya | Terjangkau (5-10jt) | Baik Sekali / B,-
770,UNIVERSITAS VETERAN BANGUN NUSANTARA,JAWA TENGAH,TEKNOLOGI,BAIK SEKALI,8350000.0,JAWA TENGAH | Lainnya | Terjangkau (5-10jt) | Baik Sekali / B,-
34,UNIVERSITAS KRISTEN SATYA WACANA,JAWA TENGAH,BIMBINGAN KONSELING,A,276850001.0,JAWA TENGAH | Pendidikan | Sangat Mahal (>50jt) | Unggul / A,https://campus.quipper.com/directory/universitas-kristen-satya-wacana
34,UNIVERSITAS KRISTEN SATYA WACANA,JAWA TENGAH,GURU,A,276850001.0,JAWA TENGAH | Pendidikan | Sangat Mahal (>50jt) | Unggul / A,https://campus.quipper.com/directory/universitas-kristen-satya-wacana
34,UNIVERSITAS KRISTEN SATYA WACANA,JAWA TENGAH,GURU ANAK USIA DINI,BAIK SEKALI,276850001.0,JAWA TENGAH | Pendidikan | Sangat Mahal (>50jt) | Baik Sekali / B,https://campus.quipper.com/directory/universitas-kristen-satya-wacana
34,UNIVERSITAS KRISTEN SATYA WACANA,JAWA TENGAH,GURU PAUD,B,276850001.0,JAWA TENGAH | Pendidikan | Sangat Mahal (>50jt) | Baik Sekali / B,https://campus.quipper.com/directory/universitas-kristen-satya-wacana
34,UNIVERSITAS KRISTEN SATYA WACANA,JAWA TENGAH,GURU SEKOLAH DASAR,B,276850001.0,JAWA TENGAH | Pendidikan | Sangat Mahal (>50jt) | Baik Sekali / B,https://campus.quipper.com/directory/universitas-kristen-satya-wacana
34,UNIVERSITAS KRISTEN SATYA WACANA,JAWA TENGAH,OLAHRAGA,A,276850001.0,JAWA TENGAH | Pendidikan | Sangat Mahal (>50jt) | Unggul / A,https://campus.quipper.com/directory/universitas-kristen-satya-wacana
41,UNIVERSITAS ISLAM SULTAN AGUNG,JAWA TENGAH,GURU SEKOLAH DASAR,B,201750001.0,JAWA TENGAH | Pendidikan | Sangat Mahal (>50jt) | Baik Sekali / B,https://rencanamu.id/cari-kampus/universitas-islam-sultan-agung
30,UNIVERSITAS MUHAMMADIYAH PURWOKERTO,JAWA TENGAH,GURU ANAK USIA DINI,B,91025000.0,JAWA TENGAH | Pendidikan | Sangat Mahal (>50jt) | Baik Sekali / B,https://rencanamu.id/cari-kampus/universitas-muhammadiyah-purwokerto
30,UNIVERSITAS MUHAMMADIYAH PURWOKERTO,JAWA TENGAH,GURU SEKOLAH DASAR,B,91025000.0,JAWA TENGAH | Pendidikan | Sangat Mahal (>50jt) | Baik Sekali / B,https://rencanamu.id/cari-kampus/universitas-muhammadiyah-purwokerto
60,UNIVERSITAS MUHAMMADIYAH SURAKARTA,JAWA TENGAH,GURU ANAK USIA DINI,B,72100000.0,JAWA TENGAH | Pendidikan | Sangat Mahal (>50jt) | Baik Sekali / B,https://rencanamu.id/cari-kampus/universitas-muhammadiyah-surakarta
149,UNIVERSITAS NGUDI WALUYO,JAWA TENGAH,GURU ANAK USIA DINI,BAIK SEKALI,31600000.0,JAWA TENGAH | Pendidikan | Mahal (20-50jt) | Baik Sekali / B,-
149,UNIVERSITAS NGUDI WALUYO,JAWA TENGAH,GURU SEKOLAH DASAR,BAIK SEKALI,31600000.0,JAWA TENGAH | Pendidikan | Mahal (20-50jt) | Baik Sekali / B,-
149,UNIVERSITAS NGUDI WALUYO,JAWA TENGAH,OLAHRAGA,BAIK,31600000.0,JAWA TENGAH | Pendidikan | Mahal (20-50jt) | Baik Sekali / B,-
163,UNIVERSITAS MUHAMMADIYAH MAGELANG,JAWA TENGAH,BIMBINGAN KONSELING,B,29580000.0,JAWA TENGAH | Pendidikan | Mahal (20-50jt) | Baik Sekali / B,https://campus.quipper.com/directory/universitas-muhammadiyah-magelang
163,UNIVERSITAS MUHAMMADIYAH MAGELANG,JAWA TENGAH,GURU,B,29580000.0,JAWA TENGAH | Pendidikan | Mahal (20-50jt) | Baik Sekali / B,https://campus.quipper.com/directory/universitas-muhammadiyah-magelang
163,UNIVERSITAS MUHAMMADIYAH MAGELANG,JAWA TENGAH,GURU ANAK USIA DINI,BAIK SEKALI,29580000.0,JAWA TENGAH | Pendidikan | Mahal (20-50jt) | Baik Sekali / B,https://campus.quipper.com/directory/universitas-muhammadiyah-magelang
163,UNIVERSITAS MUHAMMADIYAH MAGELANG,JAWA TENGAH,GURU PAUD,B,29580000.0,JAWA TENGAH | Pendidikan | Mahal (20-50jt) | Baik Sekali / B,https://campus.quipper.com/directory/universitas-muhammadiyah-magelang
163,UNIVERSITAS MUHAMMADIYAH MAGELANG,JAWA TENGAH,GURU SEKOLAH DASAR,A,29580000.0,JAWA TENGAH | Pendidikan | Mahal (20-50jt) | Baik Sekali / B,https://campus.quipper.com/directory/universitas-muhammadiyah-magelang
307,UNIVERSITAS MUHAMMADIYAH PEKAJANGAN PEKALONGAN,JAWA TENGAH,JASMANI,BAIK SEKALI,19050000.0,JAWA TENGAH | Pendidikan | Menengah (10-20jt) | Baik Sekali / B,-
352,UNIVERSITAS PGRI SEMARANG,JAWA TENGAH,BIMBINGAN KONSELING,B,16900000.0,JAWA TENGAH | Pendidikan | Menengah (10-20jt) | Baik Sekali / B,https://rencanamu.id/cari-kampus/universitas-pgri-semarang
352,UNIVERSITAS PGRI SEMARANG,JAWA TENGAH,GURU ANAK USIA DINI,B,16900000.0,JAWA TENGAH | Pendidikan | Menengah (10-20jt) | Baik Sekali / B,https://rencanamu.id/cari-kampus/universitas-pgri-semarang
352,UNIVERSITAS PGRI SEMARANG,JAWA TENGAH,JASMANI,B,16900000.0,JAWA TENGAH | Pendidikan | Menengah (10-20jt) | Baik Sekali / B,https://rencanamu.id/cari-kampus/universitas-pgri-semarang
503,UNIVERSITAS DARUL ULUM ISLAMIC CENTRE SUDIRMAN,JAWA TENGAH,GURU,BAIK SEKALI,12550000.0,JAWA TENGAH | Pendidikan | Menengah (10-20jt) | Baik Sekali / B,https://campus.quipper.com/directory/universitas-darul-ulum-islamic-centre-sudirman
503,UNIVERSITAS DARUL ULUM ISLAMIC CENTRE SUDIRMAN,JAWA TENGAH,GURU SEKOLAH DASAR,B,12550000.0,JAWA TENGAH | Pendidikan | Menengah (10-20jt) | Baik Sekali / B,https://campus.quipper.com/directory/universitas-darul-ulum-islamic-centre-sudirman
528,UNIVERSITAS DUTA BANGSA SURAKARTA,JAWA TENGAH,GURU SEKOLAH DASAR,BAIK,12100000.0,JAWA TENGAH | Pendidikan | Menengah (10-20jt) | Baik Sekali / B,-
536,UNIVERSITAS SAFIN PATI,JAWA TENGAH,GURU SEKOLAH DASAR,BAIK,12000000.0,JAWA TENGAH | Pendidikan | Menengah (10-20jt) | Baik Sekali / B,-
536,UNIVERSITAS SAFIN PATI,JAWA TENGAH,JASMANI,BAIK,12000000.0,JAWA TENGAH | Pendidikan | Menengah (10-20jt) | Baik Sekali / B,-
566,UNIVERSITAS SRAGEN,JAWA TENGAH,GURU SEKOLAH DASAR,BAIK,11500000.0,JAWA TENGAH | Pendidikan | Menengah (10-20jt) | Baik Sekali / B,-
655,UNIVERSITAS ISLAM NAHDLATUL ULAMA JEPARA,JAWA TENGAH,GURU ANAK USIA DINI,UNGGUL,9886000.0,JAWA TENGAH | Pendidikan | Terjangkau (5-10jt) | Unggul / A,-
655,UNIVERSITAS ISLAM NAHDLATUL ULAMA JEPARA,JAWA TENGAH,GURU SEKOLAH DASAR,UNGGUL,9886000.0,JAWA TENGAH | Pendidikan | Terjangkau (5-10jt) | Unggul / A,-
689,UNIVERSITAS SLAMET RIYADI,JAWA TENGAH,BIMBINGAN KONSELING,B,9340000.0,JAWA TENGAH | Pendidikan | Terjangkau (5-10jt) | Baik Sekali / B,-
689,UNIVERSITAS SLAMET RIYADI,JAWA TENGAH,GURU ANAK USIA DINI,BAIK SEKALI,9340000.0,JAWA TENGAH | Pendidikan | Terjangkau (5-10jt) | Baik Sekali / B,-
689,UNIVERSITAS SLAMET RIYADI,JAWA TENGAH,GURU SEKOLAH DASAR,BAIK,9340000.0,JAWA TENGAH | Pendidikan | Terjangkau (5-10jt) | Baik Sekali / B,-
698,UNIVERSITAS MURIA KUDUS,JAWA TENGAH,BIMBINGAN KONSELING,B,9200000.0,JAWA TENGAH | Pendidikan | Terjangkau (5-10jt) | Baik Sekali / B,https://campus.quipper.com/directory/universitas-muria-kudus
739,UNIVERSITAS IVET,JAWA TENGAH,BIMBINGAN KONSELING,UNGGUL,8800000.0,JAWA TENGAH | Pendidikan | Terjangkau (5-10jt) | Unggul / A,-
739,UNIVERSITAS IVET,JAWA TENGAH,GURU ANAK USIA DINI,BAIK,8800000.0,JAWA TENGAH | Pendidikan | Terjangkau (5-10jt) | Baik Sekali / B,-
748,UNIVERSITAS MUHAMMADIYAH KUDUS,JAWA TENGAH,GURU SEKOLAH DASAR,BAIK SEKALI,8500000.0,JAWA TENGAH | Pendidikan | Terjangkau (5-10jt) | Baik Sekali / B,-
756,UNIVERSITAS TUNAS PEMBANGUNAN SURAKARTA,JAWA TENGAH,BIMBINGAN KONSELING,BAIK SEKALI,8483000.0,JAWA TENGAH | Pendidikan | Terjangkau (5-10jt) | Baik Sekali / B,-
756,UNIVERSITAS TUNAS PEMBANGUNAN SURAKARTA,JAWA TENGAH,JASMANI,BAIK SEKALI,8483000.0,JAWA TENGAH | Pendidikan | Terjangkau (5-10jt) | Baik Sekali / B,-
756,UNIVERSITAS TUNAS PEMBANGUNAN SURAKARTA,JAWA TENGAH,OLAHRAGA,UNGGUL,8483000.0,JAWA TENGAH | Pendidikan | Terjangkau (5-10jt) | Unggul / A,-
770,UNIVERSITAS VETERAN BANGUN NUSANTARA,JAWA TENGAH,BIMBINGAN KONSELING,B,8350000.0,JAWA TENGAH | Pendidikan | Terjangkau (5-10jt) | Baik Sekali / B,-
770,UNIVERSITAS VETERAN BANGUN NUSANTARA,JAWA TENGAH,GURU ANAK USIA DINI,BAIK,8350000.0,JAWA TENGAH | Pendidikan | Terjangkau (5-10jt) | Baik Sekali / B,-
770,UNIVERSITAS VETERAN BANGUN NUSANTARA,JAWA TENGAH,GURU SEKOLAH DASAR,B,8350000.0,JAWA TENGAH | Pendidikan | Terjangkau (5-10jt) | Baik Sekali / B,-
770,UNIVERSITAS VETERAN BANGUN NUSANTARA,JAWA TENGAH,JASMANI,BAIK,8350000.0,JAWA TENGAH | Pendidikan | Terjangkau (5-10jt) | Baik Sekali / B,-
967,UNIVERSITAS MUHAMMADIYAH KENDAL BATANG,JAWA TENGAH,GURU SEKOLAH DASAR,BAIK,6795000.0,JAWA TENGAH | Pendidikan | Terjangkau (5-10jt) | Baik Sekali / B,-
978,UNIVERSITAS NAHDLATUL ULAMA AL GHAZALI CILACAP,JAWA TENGAH,BIMBINGAN KONSELING,BAIK SEKALI,6630000.0,JAWA TENGAH | Pendidikan | Terjangkau (5-10jt) | Baik Sekali / B,-
978,UNIVERSITAS NAHDLATUL ULAMA AL GHAZALI CILACAP,JAWA TENGAH,GURU SEKOLAH DASAR,BAIK SEKALI,6630000.0,JAWA TENGAH | Pendidikan | Terjangkau (5-10jt) | Baik Sekali / B,-
990,UNIVERSITAS TIGA SERANGKAI,JAWA TENGAH,GURU SEKOLAH DASAR,BAIK,6520000.0,JAWA TENGAH | Pendidikan | Terjangkau (5-10jt) | Baik Sekali / B,-
996,UNIVERSITAS NAHDLATUL ULAMA PURWOKERTO,JAWA TENGAH,OLAHRAGA,TERAKREDITASI SEMENTARA,6500000.0,JAWA TENGAH | Pendidikan | Terjangkau (5-10jt) | Baik Sekali / B,-
1058,UNIVERSITAS MUHAMMADIYAH BREBES,JAWA TENGAH,GURU SEKOLAH DASAR,BAIK,6200000.0,JAWA TENGAH | Pendidikan | Terjangkau (5-10jt) | Baik Sekali / B,-
1058,UNIVERSITAS MUHAMMADIYAH BREBES,JAWA TENGAH,JASMANI,BAIK,6200000.0,JAWA TENGAH | Pendidikan | Terjangkau (5-10jt) | Baik Sekali / B,-
1160,STKIP MUHAMMADIYAH BLORA,JAWA TENGAH,GURU SEKOLAH DASAR,BAIK,5700000.0,JAWA TENGAH | Pendidikan | Terjangkau (5-10jt) | Baik Sekali / B,-
1192,UNIVERSITAS PANCASAKTI TEGAL,JAWA TENGAH,BIMBINGAN KONSELING,B,5300000.0,JAWA TENGAH | Pendidikan | Terjangkau (5-10jt) | Baik Sekali / B,https://rencanamu.id/cari-kampus/universitas-pancasakti
34,UNIVERSITAS KRISTEN SATYA WACANA,JAWA TENGAH,FISIKA,B,276850001.0,JAWA TENGAH | Sains & Agro | Sangat Mahal (>50jt) | Baik Sekali / B,https://campus.quipper.com/directory/universitas-kristen-satya-wacana
34,UNIVERSITAS KRISTEN SATYA WACANA,JAWA TENGAH,KIMIA,B,276850001.0,JAWA TENGAH | Sains & Agro | Sangat Mahal (>50jt) | Baik Sekali / B,https://campus.quipper.com/directory/universitas-kristen-satya-wacana
34,UNIVERSITAS KRISTEN SATYA WACANA,JAWA TENGAH,MATEMATIKA,B,276850001.0,JAWA TENGAH | Sains & Agro | Sangat Mahal (>50jt) | Baik Sekali / B,https://campus.quipper.com/directory/universitas-kristen-satya-wacana
41,UNIVERSITAS ISLAM SULTAN AGUNG,JAWA TENGAH,MATEMATIKA,B,201750001.0,JAWA TENGAH | Sains & Agro | Sangat Mahal (>50jt) | Baik Sekali / B,https://rencanamu.id/cari-kampus/universitas-islam-sultan-agung
30,UNIVERSITAS MUHAMMADIYAH PURWOKERTO,JAWA TENGAH,AGROTEKNOLOGI,B,91025000.0,JAWA TENGAH | Sains & Agro | Sangat Mahal (>50jt) | Baik Sekali / B,https://rencanamu.id/cari-kampus/universitas-muhammadiyah-purwokerto
30,UNIVERSITAS MUHAMMADIYAH PURWOKERTO,JAWA TENGAH,AKUAKULTUR,BAIK,91025000.0,JAWA TENGAH | Sains & Agro | Sangat Mahal (>50jt) | Baik Sekali / B,https://rencanamu.id/cari-kampus/universitas-muhammadiyah-purwokerto
30,UNIVERSITAS MUHAMMADIYAH PURWOKERTO,JAWA TENGAH,BIOLOGI,B,91025000.0,JAWA TENGAH | Sains & Agro | Sangat Mahal (>50jt) | Baik Sekali / B,https://rencanamu.id/cari-kampus/universitas-muhammadiyah-purwokerto
30,UNIVERSITAS MUHAMMADIYAH PURWOKERTO,JAWA TENGAH,GEOGRAFI,B,91025000.0,JAWA TENGAH | Sains & Agro | Sangat Mahal (>50jt) | Baik Sekali / B,https://rencanamu.id/cari-kampus/universitas-muhammadiyah-purwokerto
30,UNIVERSITAS MUHAMMADIYAH PURWOKERTO,JAWA TENGAH,KIMIA,B,91025000.0,JAWA TENGAH | Sains & Agro | Sangat Mahal (>50jt) | Baik Sekali / B,https://rencanamu.id/cari-kampus/universitas-muhammadiyah-purwokerto
30,UNIVERSITAS MUHAMMADIYAH PURWOKERTO,JAWA TENGAH,MATEMATIKA,B,91025000.0,JAWA TENGAH | Sains & Agro | Sangat Mahal (>50jt) | Baik Sekali / B,https://rencanamu.id/cari-kampus/universitas-muhammadiyah-purwokerto
60,UNIVERSITAS MUHAMMADIYAH SURAKARTA,JAWA TENGAH,BIOLOGI,A,72100000.0,JAWA TENGAH | Sains & Agro | Sangat Mahal (>50jt) | Unggul / A,https://rencanamu.id/cari-kampus/universitas-muhammadiyah-surakarta
60,UNIVERSITAS MUHAMMADIYAH SURAKARTA,JAWA TENGAH,GEOGRAFI,A,72100000.0,JAWA TENGAH | Sains & Agro | Sangat Mahal (>50jt) | Unggul / A,https://rencanamu.id/cari-kampus/universitas-muhammadiyah-surakarta
60,UNIVERSITAS MUHAMMADIYAH SURAKARTA,JAWA TENGAH,KIMIA,B,72100000.0,JAWA TENGAH | Sains & Agro | Sangat Mahal (>50jt) | Baik Sekali / B,https://rencanamu.id/cari-kampus/universitas-muhammadiyah-surakarta
60,UNIVERSITAS MUHAMMADIYAH SURAKARTA,JAWA TENGAH,MATEMATIKA,A,72100000.0,JAWA TENGAH | Sains & Agro | Sangat Mahal (>50jt) | Unggul / A,https://rencanamu.id/cari-kampus/universitas-muhammadiyah-surakarta
203,UNIVERSITAS MUHAMMADIYAH SEMARANG,JAWA TENGAH,KIMIA,UNGGUL,25200000.0,JAWA TENGAH | Sains & Agro | Mahal (20-50jt) | Unggul / A,https://campus.quipper.com/directory/universitas-muhammadiyah-semarang
203,UNIVERSITAS MUHAMMADIYAH SEMARANG,JAWA TENGAH,MATEMATIKA,UNGGUL,25200000.0,JAWA TENGAH | Sains & Agro | Mahal (20-50jt) | Unggul / A,https://campus.quipper.com/directory/universitas-muhammadiyah-semarang
203,UNIVERSITAS MUHAMMADIYAH SEMARANG,JAWA TENGAH,STATISTIK,UNGGUL,25200000.0,JAWA TENGAH | Sains & Agro | Mahal (20-50jt) | Unggul / A,https://campus.quipper.com/directory/universitas-muhammadiyah-semarang
286,UNIVERSITAS PEKALONGAN,JAWA TENGAH,AGROTEKNOLOGI,B,20000000.0,JAWA TENGAH | Sains & Agro | Mahal (20-50jt) | Unggul / A,https://campus.quipper.com/directory/universitas-pekalongan
286,UNIVERSITAS PEKALONGAN,JAWA TENGAH,MATEMATIKA,C,20000000.0,JAWA TENGAH | Sains & Agro | Mahal (20-50jt) | Unggul / A,https://campus.quipper.com/directory/universitas-pekalongan
286,UNIVERSITAS PEKALONGAN,JAWA TENGAH,PERIKANAN,UNGGUL,20000000.0,JAWA TENGAH | Sains & Agro | Mahal (20-50jt) | Unggul / A,https://campus.quipper.com/directory/universitas-pekalongan
662,UNIVERSITAS SEMARANG,JAWA TENGAH,PERTANIAN,BAIK SEKALI,9740000.0,JAWA TENGAH | Sains & Agro | Terjangkau (5-10jt) | Baik Sekali / B,https://campus.quipper.com/directory/universitas-semarang
689,UNIVERSITAS SLAMET RIYADI,JAWA TENGAH,AGROTEKNOLOGI,B,9340000.0,JAWA TENGAH | Sains & Agro | Terjangkau (5-10jt) | Baik Sekali / B,-
739,UNIVERSITAS IVET,JAWA TENGAH,GEOGRAFI,B,8800000.0,JAWA TENGAH | Sains & Agro | Terjangkau (5-10jt) | Baik Sekali / B,-
739,UNIVERSITAS IVET,JAWA TENGAH,MATEMATIKA,BAIK SEKALI,8800000.0,JAWA TENGAH | Sains & Agro | Terjangkau (5-10jt) | Baik Sekali / B,-
739,UNIVERSITAS IVET,JAWA TENGAH,PENGETAHUAN ALAM,BAIK SEKALI,8800000.0,JAWA TENGAH | Sains & Agro | Terjangkau (5-10jt) | Baik Sekali / B,-
748,UNIVERSITAS MUHAMMADIYAH KUDUS,JAWA TENGAH,MATEMATIKA,BAIK,8500000.0,JAWA TENGAH | Sains & Agro | Terjangkau (5-10jt) | Baik Sekali / B,-
756,UNIVERSITAS TUNAS PEMBANGUNAN SURAKARTA,JAWA TENGAH,AGROTEKNOLOGI,B,8483000.0,JAWA TENGAH | Sains & Agro | Terjangkau (5-10jt) | Baik Sekali / B,-
770,UNIVERSITAS VETERAN BANGUN NUSANTARA,JAWA TENGAH,MATEMATIKA,BAIK SEKALI,8350000.0,JAWA TENGAH | Sains & Agro | Terjangkau (5-10jt) | Baik Sekali / B,-
770,UNIVERSITAS VETERAN BANGUN NUSANTARA,JAWA TENGAH,PERTANIAN,BAIK SEKALI,8350000.0,JAWA TENGAH | Sains & Agro | Terjangkau (5-10jt) | Baik Sekali / B,-
770,UNIVERSITAS VETERAN BANGUN NUSANTARA,JAWA TENGAH,PETERNAKAN,BAIK SEKALI,8350000.0,JAWA TENGAH | Sains & Agro | Terjangkau (5-10jt) | Baik Sekali / B,-
884,UNIVERSITAS BOYOLALI,JAWA TENGAH,PETERNAKAN,B,7450000.0,JAWA TENGAH | Sains & Agro | Terjangkau (5-10jt) | Baik Sekali / B,https://rencanamu.id/cari-kampus/universitas-boyolali
978,UNIVERSITAS NAHDLATUL ULAMA AL GHAZALI CILACAP,JAWA TENGAH,KIMIA,BAIK SEKALI,6630000.0,JAWA TENGAH | Sains & Agro | Terjangkau (5-10jt) | Baik Sekali / B,-
978,UNIVERSITAS NAHDLATUL ULAMA AL GHAZALI CILACAP,JAWA TENGAH,MATEMATIKA,BAIK,6630000.0,JAWA TENGAH | Sains & Agro | Terjangkau (5-10jt) | Baik Sekali / B,-
996,UNIVERSITAS NAHDLATUL ULAMA PURWOKERTO,JAWA TENGAH,AGROTEKNOLOGI,BAIK SEKALI,6500000.0,JAWA TENGAH | Sains & Agro | Terjangkau (5-10jt) | Baik Sekali / B,-
996,UNIVERSITAS NAHDLATUL ULAMA PURWOKERTO,JAWA TENGAH,BIOLOGI,BAIK SEKALI,6500000.0,JAWA TENGAH | Sains & Agro | Terjangkau (5-10jt) | Baik Sekali / B,-
996,UNIVERSITAS NAHDLATUL ULAMA PURWOKERTO,JAWA TENGAH,MATEMATIKA,BAIK SEKALI,6500000.0,JAWA TENGAH | Sains & Agro | Terjangkau (5-10jt) | Baik Sekali / B,-
996,UNIVERSITAS NAHDLATUL ULAMA PURWOKERTO,JAWA TENGAH,PERIKANAN,BAIK,6500000.0,JAWA TENGAH | Sains & Agro | Terjangkau (5-10jt) | Baik Sekali / B,-
996,UNIVERSITAS NAHDLATUL ULAMA PURWOKERTO,JAWA TENGAH,PERTANIAN,BAIK,6500000.0,JAWA TENGAH | Sains & Agro | Terjangkau (5-10jt) | Baik Sekali / B,-
996,UNIVERSITAS NAHDLATUL ULAMA PURWOKERTO,JAWA TENGAH,PETERNAKAN,BAIK,6500000.0,JAWA TENGAH | Sains & Agro | Terjangkau (5-10jt) | Baik Sekali / B,-
1173,UNIVERSITAS ISLAM BATIK,JAWA TENGAH,AGROTEKNOLOGI,B,5550000.0,JAWA TENGAH | Sains & Agro | Terjangkau (5-10jt) | Baik Sekali / B,https://rencanamu.id/cari-kampus/universitas-islam-batik
1173,UNIVERSITAS ISLAM BATIK,JAWA TENGAH,PETERNAKAN,BAIK,5550000.0,JAWA TENGAH | Sains & Agro | Terjangkau (5-10jt) | Baik Sekali / B,https://rencanamu.id/cari-kampus/universitas-islam-batik
1192,UNIVERSITAS PANCASAKTI TEGAL,JAWA TENGAH,MATEMATIKA,B,5300000.0,JAWA TENGAH | Sains & Agro | Terjangkau (5-10jt) | Baik Sekali / B,https://rencanamu.id/cari-kampus/universitas-pancasakti
1192,UNIVERSITAS PANCASAKTI TEGAL,JAWA TENGAH,PERIKANAN,B,5300000.0,JAWA TENGAH | Sains & Agro | Terjangkau (5-10jt) | Baik Sekali / B,https://rencanamu.id/cari-kampus/universitas-pancasakti
1224,UNIVERSITAS MUHAMMADIYAH PURWOREJO,JAWA TENGAH,FISIKA,B,5000000.0,JAWA TENGAH | Sains & Agro | Terjangkau (5-10jt) | Baik Sekali / B,https://rencanamu.id/cari-kampus/universitas-muhammadiyah-purworejo
1224,UNIVERSITAS MUHAMMADIYAH PURWOREJO,JAWA TENGAH,MATEMATIKA,B,5000000.0,JAWA TENGAH | Sains & Agro | Terjangkau (5-10jt) | Baik Sekali / B,https://rencanamu.id/cari-kampus/universitas-muhammadiyah-purworejo
1224,UNIVERSITAS MUHAMMADIYAH PURWOREJO,JAWA TENGAH,PETERNAKAN,B,5000000.0,JAWA TENGAH | Sains & Agro | Terjangkau (5-10jt) | Baik Sekali / B,https://rencanamu.id/cari-kampus/universitas-muhammadiyah-purworejo
34,UNIVERSITAS KRISTEN SATYA WACANA,JAWA TENGAH,DESAIN,A,276850001.0,JAWA TENGAH | Seni & Pariwisata | Sangat Mahal (>50jt) | Unggul / A,https://campus.quipper.com/directory/universitas-kristen-satya-wacana
34,UNIVERSITAS KRISTEN SATYA WACANA,JAWA TENGAH,DESAIN KOMUNIKASI VISUAL,A,276850001.0,JAWA TENGAH | Seni & Pariwisata | Sangat Mahal (>50jt) | Unggul / A,https://campus.quipper.com/directory/universitas-kristen-satya-wacana
34,UNIVERSITAS KRISTEN SATYA WACANA,JAWA TENGAH,PARIWISATA,A,276850001.0,JAWA TENGAH | Seni & Pariwisata | Sangat Mahal (>50jt) | Unggul / A,https://campus.quipper.com/directory/universitas-kristen-satya-wacana
34,UNIVERSITAS KRISTEN SATYA WACANA,JAWA TENGAH,SASTRA INGGRIS,BAIK SEKALI,276850001.0,JAWA TENGAH | Seni & Pariwisata | Sangat Mahal (>50jt) | Unggul / A,https://campus.quipper.com/directory/universitas-kristen-satya-wacana
34,UNIVERSITAS KRISTEN SATYA WACANA,JAWA TENGAH,SENI MUSIK,BAIK SEKALI,276850001.0,JAWA TENGAH | Seni & Pariwisata | Sangat Mahal (>50jt) | Unggul / A,https://campus.quipper.com/directory/universitas-kristen-satya-wacana
41,UNIVERSITAS ISLAM SULTAN AGUNG,JAWA TENGAH,SASTRA INGGRIS,UNGGUL,201750001.0,JAWA TENGAH | Seni & Pariwisata | Sangat Mahal (>50jt) | Unggul / A,https://rencanamu.id/cari-kampus/universitas-islam-sultan-agung
138,UNIVERSITAS SAINS DAN TEKNOLOGI KOMPUTER,JAWA TENGAH,DESAIN KOMUNIKASI VISUAL,BAIK,33048600.0,JAWA TENGAH | Seni & Pariwisata | Mahal (20-50jt) | Baik Sekali / B,-
149,UNIVERSITAS NGUDI WALUYO,JAWA TENGAH,SASTRA INGGRIS,BAIK,31600000.0,JAWA TENGAH | Seni & Pariwisata | Mahal (20-50jt) | Baik Sekali / B,-
149,UNIVERSITAS NGUDI WALUYO,JAWA TENGAH,SASTRA JEPANG,BAIK,31600000.0,JAWA TENGAH | Seni & Pariwisata | Mahal (20-50jt) | Baik Sekali / B,-
208,UNIVERSITAS SAINS ALQUR AN,JAWA TENGAH,SASTRA INGGRIS,B,25745000.0,JAWA TENGAH | Seni & Pariwisata | Mahal (20-50jt) | Baik Sekali / B,-
203,UNIVERSITAS MUHAMMADIYAH SEMARANG,JAWA TENGAH,SASTRA INGGRIS,UNGGUL,25200000.0,JAWA TENGAH | Seni & Pariwisata | Mahal (20-50jt) | Unggul / A,https://campus.quipper.com/directory/universitas-muhammadiyah-semarang
286,UNIVERSITAS PEKALONGAN,JAWA TENGAH,DESAIN,UNGGUL,20000000.0,JAWA TENGAH | Seni & Pariwisata | Mahal (20-50jt) | Unggul / A,https://campus.quipper.com/directory/universitas-pekalongan
286,UNIVERSITAS PEKALONGAN,JAWA TENGAH,FASHION,UNGGUL,20000000.0,JAWA TENGAH | Seni & Pariwisata | Mahal (20-50jt) | Unggul / A,https://campus.quipper.com/directory/universitas-pekalongan
352,UNIVERSITAS PGRI SEMARANG,JAWA TENGAH,SASTRA INDONESIA,UNGGUL,16900000.0,JAWA TENGAH | Seni & Pariwisata | Menengah (10-20jt) | Baik Sekali / B,https://rencanamu.id/cari-kampus/universitas-pgri-semarang
356,UNIVERSITAS STIKUBANK,JAWA TENGAH,PERHOTELAN,B,16500000.0,JAWA TENGAH | Seni & Pariwisata | Menengah (10-20jt) | Baik Sekali / B,https://rencanamu.id/cari-kampus/universitas-stikubank
356,UNIVERSITAS STIKUBANK,JAWA TENGAH,SASTRA INGGRIS,B,16500000.0,JAWA TENGAH | Seni & Pariwisata | Menengah (10-20jt) | Baik Sekali / B,https://rencanamu.id/cari-kampus/universitas-stikubank
530,UNIVERSITAS AKI,JAWA TENGAH,SASTRA INGGRIS,B,15925000.0,JAWA TENGAH | Seni & Pariwisata | Menengah (10-20jt) | Baik Sekali / B,-
386,UNIVERSITAS KATOLIK SOEGIJAPRANATA,JAWA TENGAH,DESAIN KOMUNIKASI VISUAL,B,15500000.0,JAWA TENGAH | Seni & Pariwisata | Menengah (10-20jt) | Baik Sekali / B,https://rencanamu.id/cari-kampus/universitas-katolik-soegijapranata
386,UNIVERSITAS KATOLIK SOEGIJAPRANATA,JAWA TENGAH,SASTRA INGGRIS,B,15500000.0,JAWA TENGAH | Seni & Pariwisata | Menengah (10-20jt) | Baik Sekali / B,https://rencanamu.id/cari-kampus/universitas-katolik-soegijapranata
419,SEKOLAH TINGGI ILMU EKONOMI PARIWISATA INDONESIA,JAWA TENGAH,PARIWISATA,UNGGUL,14500000.0,JAWA TENGAH | Seni & Pariwisata | Menengah (10-20jt) | Baik Sekali / B,-
655,UNIVERSITAS ISLAM NAHDLATUL ULAMA JEPARA,JAWA TENGAH,DESAIN KOMUNIKASI VISUAL,B,9886000.0,JAWA TENGAH | Seni & Pariwisata | Terjangkau (5-10jt) | Baik Sekali / B,-
655,UNIVERSITAS ISLAM NAHDLATUL ULAMA JEPARA,JAWA TENGAH,DESAIN PRODUK,B,9886000.0,JAWA TENGAH | Seni & Pariwisata | Terjangkau (5-10jt) | Baik Sekali / B,-
662,UNIVERSITAS SEMARANG,JAWA TENGAH,PARIWISATA,BAIK,9740000.0,JAWA TENGAH | Seni & Pariwisata | Terjangkau (5-10jt) | Baik Sekali / B,https://campus.quipper.com/directory/universitas-semarang
687,UNIVERSITAS SURAKARTA,JAWA TENGAH,SASTRA INGGRIS,B,9390000.0,JAWA TENGAH | Seni & Pariwisata | Terjangkau (5-10jt) | Baik Sekali / B,https://campus.quipper.com/directory/universitas-surakarta
1408,UNIVERSITAS DIAN NUSWANTORO,JAWA TENGAH,ANIMASI,A,4000000.0,JAWA TENGAH | Seni & Pariwisata | Hemat (<5jt) | Unggul / A,https://campus.quipper.com/directory/universitas-dian-nuswantoro
1408,UNIVERSITAS DIAN NUSWANTORO,JAWA TENGAH,DESAIN KOMUNIKASI VISUAL,A,4000000.0,JAWA TENGAH | Seni & Pariwisata | Hemat (<5jt) | Unggul / A,https://campus.quipper.com/directory/universitas-dian-nuswantoro
1408,UNIVERSITAS DIAN NUSWANTORO,JAWA TENGAH,FILM,A,4000000.0,JAWA TENGAH | Seni & Pariwisata | Hemat (<5jt) | Unggul / A,https://campus.quipper.com/directory/universitas-dian-nuswantoro
1408,UNIVERSITAS DIAN NUSWANTORO,JAWA TENGAH,PERHOTELAN,A,4000000.0,JAWA TENGAH | Seni & Pariwisata | Hemat (<5jt) | Unggul / A,https://campus.quipper.com/directory/universitas-dian-nuswantoro
1408,UNIVERSITAS DIAN NUSWANTORO,JAWA TENGAH,SASTRA INGGRIS,A,4000000.0,JAWA TENGAH | Seni & Pariwisata | Hemat (<5jt) | Unggul / A,https://campus.quipper.com/directory/universitas-dian-nuswantoro
1408,UNIVERSITAS DIAN NUSWANTORO,JAWA TENGAH,SASTRA JEPANG,A,4000000.0,JAWA TENGAH | Seni & Pariwisata | Hemat (<5jt) | Unggul / A,https://campus.quipper.com/directory/universitas-dian-nuswantoro
34,UNIVERSITAS KRISTEN SATYA WACANA,JAWA TENGAH,HUBUNGAN INTERNASIONAL,B,276850001.0,JAWA TENGAH | Sosial & Hukum | Sangat Mahal (>50jt) | Baik Sekali / B,https://campus.quipper.com/directory/universitas-kristen-satya-wacana
34,UNIVERSITAS KRISTEN SATYA WACANA,JAWA TENGAH,HUBUNGAN MASYARAKAT,UNGGUL,276850001.0,JAWA TENGAH | Sosial & Hukum | Sangat Mahal (>50jt) | Unggul / A,https://campus.quipper.com/directory/universitas-kristen-satya-wacana
34,UNIVERSITAS KRISTEN SATYA WACANA,JAWA TENGAH,HUKUM,A,276850001.0,JAWA TENGAH | Sosial & Hukum | Sangat Mahal (>50jt) | Unggul / A,https://campus.quipper.com/directory/universitas-kristen-satya-wacana
34,UNIVERSITAS KRISTEN SATYA WACANA,JAWA TENGAH,ILMU KOMUNIKASI,B,276850001.0,JAWA TENGAH | Sosial & Hukum | Sangat Mahal (>50jt) | Baik Sekali / B,https://campus.quipper.com/directory/universitas-kristen-satya-wacana
34,UNIVERSITAS KRISTEN SATYA WACANA,JAWA TENGAH,PANCASILA KEWARGANEGARAAN,B,276850001.0,JAWA TENGAH | Sosial & Hukum | Sangat Mahal (>50jt) | Baik Sekali / B,https://campus.quipper.com/directory/universitas-kristen-satya-wacana
34,UNIVERSITAS KRISTEN SATYA WACANA,JAWA TENGAH,PSIKOLOGI,A,276850001.0,JAWA TENGAH | Sosial & Hukum | Sangat Mahal (>50jt) | Unggul / A,https://campus.quipper.com/directory/universitas-kristen-satya-wacana
34,UNIVERSITAS KRISTEN SATYA WACANA,JAWA TENGAH,SEJARAH,BAIK SEKALI,276850001.0,JAWA TENGAH | Sosial & Hukum | Sangat Mahal (>50jt) | Baik Sekali / B,https://campus.quipper.com/directory/universitas-kristen-satya-wacana
34,UNIVERSITAS KRISTEN SATYA WACANA,JAWA TENGAH,SOSIOLOGI,A,276850001.0,JAWA TENGAH | Sosial & Hukum | Sangat Mahal (>50jt) | Unggul / A,https://campus.quipper.com/directory/universitas-kristen-satya-wacana
41,UNIVERSITAS ISLAM SULTAN AGUNG,JAWA TENGAH,HUKUM,A,201750001.0,JAWA TENGAH | Sosial & Hukum | Sangat Mahal (>50jt) | Unggul / A,https://rencanamu.id/cari-kampus/universitas-islam-sultan-agung
41,UNIVERSITAS ISLAM SULTAN AGUNG,JAWA TENGAH,PSIKOLOGI,B,201750001.0,JAWA TENGAH | Sosial & Hukum | Sangat Mahal (>50jt) | Baik Sekali / B,https://rencanamu.id/cari-kampus/universitas-islam-sultan-agung
30,UNIVERSITAS MUHAMMADIYAH PURWOKERTO,JAWA TENGAH,HUKUM,B,91025000.0,JAWA TENGAH | Sosial & Hukum | Sangat Mahal (>50jt) | Baik Sekali / B,https://rencanamu.id/cari-kampus/universitas-muhammadiyah-purwokerto
30,UNIVERSITAS MUHAMMADIYAH PURWOKERTO,JAWA TENGAH,PANCASILA KEWARGANEGARAAN,B,91025000.0,JAWA TENGAH | Sosial & Hukum | Sangat Mahal (>50jt) | Baik Sekali / B,https://rencanamu.id/cari-kampus/universitas-muhammadiyah-purwokerto
30,UNIVERSITAS MUHAMMADIYAH PURWOKERTO,JAWA TENGAH,SEJARAH,B,91025000.0,JAWA TENGAH | Sosial & Hukum | Sangat Mahal (>50jt) | Baik Sekali / B,https://rencanamu.id/cari-kampus/universitas-muhammadiyah-purwokerto
60,UNIVERSITAS MUHAMMADIYAH SURAKARTA,JAWA TENGAH,HUKUM,A,72100000.0,JAWA TENGAH | Sosial & Hukum | Sangat Mahal (>50jt) | Unggul / A,https://rencanamu.id/cari-kampus/universitas-muhammadiyah-surakarta
60,UNIVERSITAS MUHAMMADIYAH SURAKARTA,JAWA TENGAH,ILMU KOMUNIKASI,B,72100000.0,JAWA TENGAH | Sosial & Hukum | Sangat Mahal (>50jt) | Baik Sekali / B,https://rencanamu.id/cari-kampus/universitas-muhammadiyah-surakarta
60,UNIVERSITAS MUHAMMADIYAH SURAKARTA,JAWA TENGAH,KEWARGANEGARAAN,A,72100000.0,JAWA TENGAH | Sosial & Hukum | Sangat Mahal (>50jt) | Unggul / A,https://rencanamu.id/cari-kampus/universitas-muhammadiyah-surakarta
60,UNIVERSITAS MUHAMMADIYAH SURAKARTA,JAWA TENGAH,PANCASILA KEWARGANEGARAAN,UNGGUL,72100000.0,JAWA TENGAH | Sosial & Hukum | Sangat Mahal (>50jt) | Unggul / A,https://rencanamu.id/cari-kampus/universitas-muhammadiyah-surakarta
60,UNIVERSITAS MUHAMMADIYAH SURAKARTA,JAWA TENGAH,PSIKOLOGI,A,72100000.0,JAWA TENGAH | Sosial & Hukum | Sangat Mahal (>50jt) | Unggul / A,https://rencanamu.id/cari-kampus/universitas-muhammadiyah-surakarta
123,UNIVERSITAS SETIA BUDI,JAWA TENGAH,PSIKOLOGI,B,36300000.0,JAWA TENGAH | Sosial & Hukum | Mahal (20-50jt) | Baik Sekali / B,-
125,UNIVERSITAS WAHID HASYIM,JAWA TENGAH,HUBUNGAN INTERNASIONAL,B,36170000.0,JAWA TENGAH | Sosial & Hukum | Mahal (20-50jt) | Baik Sekali / B,https://rencanamu.id/cari-kampus/universitas-wahid-hasyim
125,UNIVERSITAS WAHID HASYIM,JAWA TENGAH,HUKUM,B,36170000.0,JAWA TENGAH | Sosial & Hukum | Mahal (20-50jt) | Baik Sekali / B,https://rencanamu.id/cari-kampus/universitas-wahid-hasyim
125,UNIVERSITAS WAHID HASYIM,JAWA TENGAH,POLITIK,B,36170000.0,JAWA TENGAH | Sosial & Hukum | Mahal (20-50jt) | Baik Sekali / B,https://rencanamu.id/cari-kampus/universitas-wahid-hasyim
208,UNIVERSITAS SAINS ALQUR AN,JAWA TENGAH,HUKUM,B,25745000.0,JAWA TENGAH | Sosial & Hukum | Mahal (20-50jt) | Baik Sekali / B,-
208,UNIVERSITAS SAINS ALQUR AN,JAWA TENGAH,POLITIK,BAIK,25745000.0,JAWA TENGAH | Sosial & Hukum | Mahal (20-50jt) | Baik Sekali / B,-
198,UNIVERSITAS  HARAPAN BANGSA,JAWA TENGAH,HUKUM,BAIK,25620000.0,JAWA TENGAH | Sosial & Hukum | Mahal (20-50jt) | Baik Sekali / B,-
229,UNIVERSITAS MUHAMMADIYAH GOMBONG,JAWA TENGAH,HUKUM,BAIK,23750000.0,JAWA TENGAH | Sosial & Hukum | Mahal (20-50jt) | Baik Sekali / B,-
352,UNIVERSITAS PGRI SEMARANG,JAWA TENGAH,HUKUM,BAIK SEKALI,16900000.0,JAWA TENGAH | Sosial & Hukum | Menengah (10-20jt) | Baik Sekali / B,https://rencanamu.id/cari-kampus/universitas-pgri-semarang
352,UNIVERSITAS PGRI SEMARANG,JAWA TENGAH,PANCASILA KEWARGANEGARAAN,B,16900000.0,JAWA TENGAH | Sosial & Hukum | Menengah (10-20jt) | Baik Sekali / B,https://rencanamu.id/cari-kampus/universitas-pgri-semarang
356,UNIVERSITAS STIKUBANK,JAWA TENGAH,HUKUM,B,16500000.0,JAWA TENGAH | Sosial & Hukum | Menengah (10-20jt) | Baik Sekali / B,https://rencanamu.id/cari-kampus/universitas-stikubank
530,UNIVERSITAS AKI,JAWA TENGAH,PSIKOLOGI,B,15925000.0,JAWA TENGAH | Sosial & Hukum | Menengah (10-20jt) | Baik Sekali / B,-
386,UNIVERSITAS KATOLIK SOEGIJAPRANATA,JAWA TENGAH,ILMU KOMUNIKASI,B,15500000.0,JAWA TENGAH | Sosial & Hukum | Menengah (10-20jt) | Baik Sekali / B,https://rencanamu.id/cari-kampus/universitas-katolik-soegijapranata
386,UNIVERSITAS KATOLIK SOEGIJAPRANATA,JAWA TENGAH,PSIKOLOGI,B,15500000.0,JAWA TENGAH | Sosial & Hukum | Menengah (10-20jt) | Baik Sekali / B,https://rencanamu.id/cari-kampus/universitas-katolik-soegijapranata
450,UNIVERSITAS KARYA HUSADA SEMARANG,JAWA TENGAH,HUKUM,BAIK,14000000.0,JAWA TENGAH | Sosial & Hukum | Menengah (10-20jt) | Baik Sekali / B,-
503,UNIVERSITAS DARUL ULUM ISLAMIC CENTRE SUDIRMAN,JAWA TENGAH,HUKUM,BAIK,12550000.0,JAWA TENGAH | Sosial & Hukum | Menengah (10-20jt) | Baik Sekali / B,https://campus.quipper.com/directory/universitas-darul-ulum-islamic-centre-sudirman
503,UNIVERSITAS DARUL ULUM ISLAMIC CENTRE SUDIRMAN,JAWA TENGAH,PANCASILA KEWARGANEGARAAN,BAIK SEKALI,12550000.0,JAWA TENGAH | Sosial & Hukum | Menengah (10-20jt) | Baik Sekali / B,https://campus.quipper.com/directory/universitas-darul-ulum-islamic-centre-sudirman
527,INSTITUT KARYA MULIA BANGSA,JAWA TENGAH,HUKUM,TERAKREDITASI SEMENTARA,12100000.0,JAWA TENGAH | Sosial & Hukum | Menengah (10-20jt) | Unggul / A,-
527,INSTITUT KARYA MULIA BANGSA,JAWA TENGAH,ILMU KOMUNIKASI,TERAKREDITASI SEMENTARA,12100000.0,JAWA TENGAH | Sosial & Hukum | Menengah (10-20jt) | Unggul / A,-
536,UNIVERSITAS SAFIN PATI,JAWA TENGAH,ADMINISTRASI NEGARA,BAIK,12000000.0,JAWA TENGAH | Sosial & Hukum | Menengah (10-20jt) | Baik Sekali / B,-
536,UNIVERSITAS SAFIN PATI,JAWA TENGAH,HUKUM,BAIK,12000000.0,JAWA TENGAH | Sosial & Hukum | Menengah (10-20jt) | Baik Sekali / B,-
565,INSTITUT TEKNOLOGI BISNIS AAS INDONESIA,JAWA TENGAH,HUKUM,TERAKREDITASI SEMENTARA,11500000.0,JAWA TENGAH | Sosial & Hukum | Menengah (10-20jt) | Unggul / A,-
566,UNIVERSITAS SRAGEN,JAWA TENGAH,HUKUM,TERAKREDITASI SEMENTARA,11500000.0,JAWA TENGAH | Sosial & Hukum | Menengah (10-20jt) | Unggul / A,-
575,UNIVERSITAS 17 AGUSTUS 1945 SEMARANG,JAWA TENGAH,ADMINISTRASI NEGARA,B,11250000.0,JAWA TENGAH | Sosial & Hukum | Menengah (10-20jt) | Baik Sekali / B,https://rencanamu.id/cari-kampus/universitas-17-agustus-1945-semarang
575,UNIVERSITAS 17 AGUSTUS 1945 SEMARANG,JAWA TENGAH,HUKUM,A,11250000.0,JAWA TENGAH | Sosial & Hukum | Menengah (10-20jt) | Unggul / A,https://rencanamu.id/cari-kampus/universitas-17-agustus-1945-semarang
658,UNIVERSITAS MUHAMMADIYAH TEGAL,JAWA TENGAH,HUKUM,TERAKREDITASI SEMENTARA,9800000.0,JAWA TENGAH | Sosial & Hukum | Terjangkau (5-10jt) | Unggul / A,-
662,UNIVERSITAS SEMARANG,JAWA TENGAH,HUKUM,B,9740000.0,JAWA TENGAH | Sosial & Hukum | Terjangkau (5-10jt) | Baik Sekali / B,https://campus.quipper.com/directory/universitas-semarang
687,UNIVERSITAS SURAKARTA,JAWA TENGAH,ADMINISTRASI NEGARA,BAIK SEKALI,9390000.0,JAWA TENGAH | Sosial & Hukum | Terjangkau (5-10jt) | Baik Sekali / B,https://campus.quipper.com/directory/universitas-surakarta
687,UNIVERSITAS SURAKARTA,JAWA TENGAH,HUKUM,B,9390000.0,JAWA TENGAH | Sosial & Hukum | Terjangkau (5-10jt) | Baik Sekali / B,https://campus.quipper.com/directory/universitas-surakarta
687,UNIVERSITAS SURAKARTA,JAWA TENGAH,ILMU KOMUNIKASI,B,9390000.0,JAWA TENGAH | Sosial & Hukum | Terjangkau (5-10jt) | Baik Sekali / B,https://campus.quipper.com/directory/universitas-surakarta
689,UNIVERSITAS SLAMET RIYADI,JAWA TENGAH,ADMINISTRASI NEGARA,B,9340000.0,JAWA TENGAH | Sosial & Hukum | Terjangkau (5-10jt) | Baik Sekali / B,-
689,UNIVERSITAS SLAMET RIYADI,JAWA TENGAH,HUBUNGAN INTERNASIONAL,B,9340000.0,JAWA TENGAH | Sosial & Hukum | Terjangkau (5-10jt) | Baik Sekali / B,-
689,UNIVERSITAS SLAMET RIYADI,JAWA TENGAH,HUKUM,BAIK SEKALI,9340000.0,JAWA TENGAH | Sosial & Hukum | Terjangkau (5-10jt) | Baik Sekali / B,-
689,UNIVERSITAS SLAMET RIYADI,JAWA TENGAH,ILMU KOMUNIKASI,B,9340000.0,JAWA TENGAH | Sosial & Hukum | Terjangkau (5-10jt) | Baik Sekali / B,-
689,UNIVERSITAS SLAMET RIYADI,JAWA TENGAH,PANCASILA KEWARGANEGARAAN,UNGGUL,9340000.0,JAWA TENGAH | Sosial & Hukum | Terjangkau (5-10jt) | Unggul / A,-
699,UNIVERSITAS NASIONAL KARANGTURI SEMARANG,JAWA TENGAH,PSIKOLOGI,BAIK,9200000.0,JAWA TENGAH | Sosial & Hukum | Terjangkau (5-10jt) | Baik Sekali / B,-
739,UNIVERSITAS IVET,JAWA TENGAH,PANCASILA KEWARGANEGARAAN,BAIK SEKALI,8800000.0,JAWA TENGAH | Sosial & Hukum | Terjangkau (5-10jt) | Baik Sekali / B,-
739,UNIVERSITAS IVET,JAWA TENGAH,SEJARAH,B,8800000.0,JAWA TENGAH | Sosial & Hukum | Terjangkau (5-10jt) | Baik Sekali / B,-
748,UNIVERSITAS MUHAMMADIYAH KUDUS,JAWA TENGAH,HUKUM,BAIK,8500000.0,JAWA TENGAH | Sosial & Hukum | Terjangkau (5-10jt) | Baik Sekali / B,-
770,UNIVERSITAS VETERAN BANGUN NUSANTARA,JAWA TENGAH,HUKUM,TERAKREDITASI SEMENTARA,8350000.0,JAWA TENGAH | Sosial & Hukum | Terjangkau (5-10jt) | Unggul / A,-
770,UNIVERSITAS VETERAN BANGUN NUSANTARA,JAWA TENGAH,ILMU KOMUNIKASI,BAIK SEKALI,8350000.0,JAWA TENGAH | Sosial & Hukum | Terjangkau (5-10jt) | Baik Sekali / B,-
770,UNIVERSITAS VETERAN BANGUN NUSANTARA,JAWA TENGAH,PANCASILA KEWARGANEGARAAN,UNGGUL,8350000.0,JAWA TENGAH | Sosial & Hukum | Terjangkau (5-10jt) | Unggul / A,-
770,UNIVERSITAS VETERAN BANGUN NUSANTARA,JAWA TENGAH,SEJARAH,UNGGUL,8350000.0,JAWA TENGAH | Sosial & Hukum | Terjangkau (5-10jt) | Unggul / A,-
884,UNIVERSITAS BOYOLALI,JAWA TENGAH,HUKUM,B,7450000.0,JAWA TENGAH | Sosial & Hukum | Terjangkau (5-10jt) | Baik Sekali / B,https://rencanamu.id/cari-kampus/universitas-boyolali
884,UNIVERSITAS BOYOLALI,JAWA TENGAH,ILMU KOMUNIKASI,BAIK,7450000.0,JAWA TENGAH | Sosial & Hukum | Terjangkau (5-10jt) | Baik Sekali / B,https://rencanamu.id/cari-kampus/universitas-boyolali
962,UNIVERSITAS NAHDLATUL ULAMA SURAKARTA,JAWA TENGAH,HUKUM,BAIK SEKALI,6820000.0,JAWA TENGAH | Sosial & Hukum | Terjangkau (5-10jt) | Baik Sekali / B,-
967,UNIVERSITAS MUHAMMADIYAH KENDAL BATANG,JAWA TENGAH,HUKUM,BAIK,6795000.0,JAWA TENGAH | Sosial & Hukum | Terjangkau (5-10jt) | Baik Sekali / B,-
996,UNIVERSITAS NAHDLATUL ULAMA PURWOKERTO,JAWA TENGAH,ADMINISTRASI PUBLIK,BAIK,6500000.0,JAWA TENGAH | Sosial & Hukum | Terjangkau (5-10jt) | Baik Sekali / B,-
996,UNIVERSITAS NAHDLATUL ULAMA PURWOKERTO,JAWA TENGAH,HUKUM,BAIK,6500000.0,JAWA TENGAH | Sosial & Hukum | Terjangkau (5-10jt) | Baik Sekali / B,-
1173,UNIVERSITAS ISLAM BATIK,JAWA TENGAH,HUKUM,B,5550000.0,JAWA TENGAH | Sosial & Hukum | Terjangkau (5-10jt) | Baik Sekali / B,https://rencanamu.id/cari-kampus/universitas-islam-batik
1192,UNIVERSITAS PANCASAKTI TEGAL,JAWA TENGAH,HUKUM,C,5300000.0,JAWA TENGAH | Sosial & Hukum | Terjangkau (5-10jt) | Baik / C,https://rencanamu.id/cari-kampus/universitas-pancasakti
1192,UNIVERSITAS PANCASAKTI TEGAL,JAWA TENGAH,ILMU KOMUNIKASI,BAIK SEKALI,5300000.0,JAWA TENGAH | Sosial & Hukum | Terjangkau (5-10jt) | Baik Sekali / B,https://rencanamu.id/cari-kampus/universitas-pancasakti
1192,UNIVERSITAS PANCASAKTI TEGAL,JAWA TENGAH,PANCASILA KEWARGANEGARAAN,B,5300000.0,JAWA TENGAH | Sosial & Hukum | Terjangkau (5-10jt) | Baik Sekali / B,https://rencanamu.id/cari-kampus/universitas-pancasakti
1192,UNIVERSITAS PANCASAKTI TEGAL,JAWA TENGAH,PEMERINTAHAN,B,5300000.0,JAWA TENGAH | Sosial & Hukum | Terjangkau (5-10jt) | Baik Sekali / B,https://rencanamu.id/cari-kampus/universitas-pancasakti
1224,UNIVERSITAS MUHAMMADIYAH PURWOREJO,JAWA TENGAH,HUKUM,C,5000000.0,JAWA TENGAH | Sosial & Hukum | Terjangkau (5-10jt) | Baik / C,https://rencanamu.id/cari-kampus/universitas-muhammadiyah-purworejo
1224,UNIVERSITAS MUHAMMADIYAH PURWOREJO,JAWA TENGAH,PSIKOLOGI,C,5000000.0,JAWA TENGAH | Sosial & Hukum | Terjangkau (5-10jt) | Baik / C,https://rencanamu.id/cari-kampus/universitas-muhammadiyah-purworejo
1283,UNIVERSITAS SULTAN FATAH,JAWA TENGAH,ADMINISTRASI NEGARA,C,4800000.0,JAWA TENGAH | Sosial & Hukum | Hemat (<5jt) | Baik Sekali / B,-
1283,UNIVERSITAS SULTAN FATAH,JAWA TENGAH,ILMU KOMUNIKASI,BAIK,4800000.0,JAWA TENGAH | Sosial & Hukum | Hemat (<5jt) | Baik Sekali / B,-
1345,UNIVERSITAS MUHAMMADIYAH KLATEN,JAWA TENGAH,ILMU KOMUNIKASI,BAIK,4550000.0,JAWA TENGAH | Sosial & Hukum | Hemat (<5jt) | Baik Sekali / B,-
1396,UNIVERSITAS SELAMAT SRI,JAWA TENGAH,HUKUM,BAIK,4075000.0,JAWA TENGAH | Sosial & Hukum | Hemat (<5jt) | Baik Sekali / B,-
1396,UNIVERSITAS SELAMAT SRI,JAWA TENGAH,ILMU KOMUNIKASI,TERAKREDITASI,4075000.0,JAWA TENGAH | Sosial & Hukum | Hemat (<5jt) | Baik Sekali / B,-
1396,UNIVERSITAS SELAMAT SRI,JAWA TENGAH,PEMERINTAHAN,BAIK,4075000.0,JAWA TENGAH | Sosial & Hukum | Hemat (<5jt) | Baik Sekali / B,-
1396,UNIVERSITAS SELAMAT SRI,JAWA TENGAH,PSIKOLOGI,BAIK,4075000.0,JAWA TENGAH | Sosial & Hukum | Hemat (<5jt) | Baik Sekali / B,-
1408,UNIVERSITAS DIAN NUSWANTORO,JAWA TENGAH,ILMU KOMUNIKASI,B,4000000.0,JAWA TENGAH | Sosial & Hukum | Hemat (<5jt) | Baik Sekali / B,https://campus.quipper.com/directory/universitas-dian-nuswantoro
1425,UNIVERSITAS PERADABAN,JAWA TENGAH,HUBUNGAN INTERNASIONAL,BAIK,3800000.0,JAWA TENGAH | Sosial & Hukum | Hemat (<5jt) | Baik Sekali / B,-
1425,UNIVERSITAS PERADABAN,JAWA TENGAH,ILMU KOMUNIKASI,BAIK,3800000.0,JAWA TENGAH | Sosial & Hukum | Hemat (<5jt) | Baik Sekali / B,-
41,UNIVERSITAS ISLAM SULTAN AGUNG,JAWA TENGAH,ELEKTRO,B,201750001.0,JAWA TENGAH | Teknik & Arsitektur | Sangat Mahal (>50jt) | Baik Sekali / B,https://rencanamu.id/cari-kampus/universitas-islam-sultan-agung
41,UNIVERSITAS ISLAM SULTAN AGUNG,JAWA TENGAH,INDUSTRI,B,201750001.0,JAWA TENGAH | Teknik & Arsitektur | Sangat Mahal (>50jt) | Baik Sekali / B,https://rencanamu.id/cari-kampus/universitas-islam-sultan-agung
41,UNIVERSITAS ISLAM SULTAN AGUNG,JAWA TENGAH,SIPIL,B,201750001.0,JAWA TENGAH | Teknik & Arsitektur | Sangat Mahal (>50jt) | Baik Sekali / B,https://rencanamu.id/cari-kampus/universitas-islam-sultan-agung
60,UNIVERSITAS MUHAMMADIYAH SURAKARTA,JAWA TENGAH,ELEKTRO,B,72100000.0,JAWA TENGAH | Teknik & Arsitektur | Sangat Mahal (>50jt) | Baik Sekali / B,https://rencanamu.id/cari-kampus/universitas-muhammadiyah-surakarta
60,UNIVERSITAS MUHAMMADIYAH SURAKARTA,JAWA TENGAH,MESIN,B,72100000.0,JAWA TENGAH | Teknik & Arsitektur | Sangat Mahal (>50jt) | Baik Sekali / B,https://rencanamu.id/cari-kampus/universitas-muhammadiyah-surakarta
60,UNIVERSITAS MUHAMMADIYAH SURAKARTA,JAWA TENGAH,SIPIL,B,72100000.0,JAWA TENGAH | Teknik & Arsitektur | Sangat Mahal (>50jt) | Baik Sekali / B,https://rencanamu.id/cari-kampus/universitas-muhammadiyah-surakarta
91,SEKOLAH TINGGI TEKNOLOGI RONGGOLAWE,JAWA TENGAH,ELEKTRO,BAIK,48360000.0,JAWA TENGAH | Teknik & Arsitektur | Mahal (20-50jt) | Baik Sekali / B,-
91,SEKOLAH TINGGI TEKNOLOGI RONGGOLAWE,JAWA TENGAH,MESIN,BAIK SEKALI,48360000.0,JAWA TENGAH | Teknik & Arsitektur | Mahal (20-50jt) | Baik Sekali / B,-
91,SEKOLAH TINGGI TEKNOLOGI RONGGOLAWE,JAWA TENGAH,SIPIL,BAIK SEKALI,48360000.0,JAWA TENGAH | Teknik & Arsitektur | Mahal (20-50jt) | Baik Sekali / B,-
208,UNIVERSITAS SAINS ALQUR AN,JAWA TENGAH,SIPIL,BAIK,25745000.0,JAWA TENGAH | Teknik & Arsitektur | Mahal (20-50jt) | Baik Sekali / B,-
203,UNIVERSITAS MUHAMMADIYAH SEMARANG,JAWA TENGAH,ARSITEKTUR,BAIK,25200000.0,JAWA TENGAH | Teknik & Arsitektur | Mahal (20-50jt) | Baik Sekali / B,https://campus.quipper.com/directory/universitas-muhammadiyah-semarang
203,UNIVERSITAS MUHAMMADIYAH SEMARANG,JAWA TENGAH,ELEKTRO,BAIK SEKALI,25200000.0,JAWA TENGAH | Teknik & Arsitektur | Mahal (20-50jt) | Baik Sekali / B,https://campus.quipper.com/directory/universitas-muhammadiyah-semarang
203,UNIVERSITAS MUHAMMADIYAH SEMARANG,JAWA TENGAH,KELAUTAN,BAIK,25200000.0,JAWA TENGAH | Teknik & Arsitektur | Mahal (20-50jt) | Baik Sekali / B,https://campus.quipper.com/directory/universitas-muhammadiyah-semarang
203,UNIVERSITAS MUHAMMADIYAH SEMARANG,JAWA TENGAH,MESIN,BAIK SEKALI,25200000.0,JAWA TENGAH | Teknik & Arsitektur | Mahal (20-50jt) | Baik Sekali / B,https://campus.quipper.com/directory/universitas-muhammadiyah-semarang
203,UNIVERSITAS MUHAMMADIYAH SEMARANG,JAWA TENGAH,SIPIL,BAIK,25200000.0,JAWA TENGAH | Teknik & Arsitektur | Mahal (20-50jt) | Baik Sekali / B,https://campus.quipper.com/directory/universitas-muhammadiyah-semarang
229,UNIVERSITAS MUHAMMADIYAH GOMBONG,JAWA TENGAH,INDUSTRI,BAIK,23750000.0,JAWA TENGAH | Teknik & Arsitektur | Mahal (20-50jt) | Baik Sekali / B,-
352,UNIVERSITAS PGRI SEMARANG,JAWA TENGAH,ARSITEKTUR,BAIK SEKALI,16900000.0,JAWA TENGAH | Teknik & Arsitektur | Menengah (10-20jt) | Baik Sekali / B,https://rencanamu.id/cari-kampus/universitas-pgri-semarang
352,UNIVERSITAS PGRI SEMARANG,JAWA TENGAH,ELEKTRO,BAIK,16900000.0,JAWA TENGAH | Teknik & Arsitektur | Menengah (10-20jt) | Baik Sekali / B,https://rencanamu.id/cari-kampus/universitas-pgri-semarang
352,UNIVERSITAS PGRI SEMARANG,JAWA TENGAH,MESIN,BAIK SEKALI,16900000.0,JAWA TENGAH | Teknik & Arsitektur | Menengah (10-20jt) | Baik Sekali / B,https://rencanamu.id/cari-kampus/universitas-pgri-semarang
352,UNIVERSITAS PGRI SEMARANG,JAWA TENGAH,SIPIL,BAIK SEKALI,16900000.0,JAWA TENGAH | Teknik & Arsitektur | Menengah (10-20jt) | Baik Sekali / B,https://rencanamu.id/cari-kampus/universitas-pgri-semarang
386,UNIVERSITAS KATOLIK SOEGIJAPRANATA,JAWA TENGAH,ARSITEKTUR,A,15500000.0,JAWA TENGAH | Teknik & Arsitektur | Menengah (10-20jt) | Baik Sekali / B,https://rencanamu.id/cari-kampus/universitas-katolik-soegijapranata
386,UNIVERSITAS KATOLIK SOEGIJAPRANATA,JAWA TENGAH,ELEKTRO,B,15500000.0,JAWA TENGAH | Teknik & Arsitektur | Menengah (10-20jt) | Baik Sekali / B,https://rencanamu.id/cari-kampus/universitas-katolik-soegijapranata
386,UNIVERSITAS KATOLIK SOEGIJAPRANATA,JAWA TENGAH,REKAYASA INFRASTRUKTUR LINGKUNGAN,BAIK,15500000.0,JAWA TENGAH | Teknik & Arsitektur | Menengah (10-20jt) | Baik Sekali / B,https://rencanamu.id/cari-kampus/universitas-katolik-soegijapranata
386,UNIVERSITAS KATOLIK SOEGIJAPRANATA,JAWA TENGAH,SIPIL,B,15500000.0,JAWA TENGAH | Teknik & Arsitektur | Menengah (10-20jt) | Baik Sekali / B,https://rencanamu.id/cari-kampus/universitas-katolik-soegijapranata
398,UNIVERSITAS MARITIM AMNI,JAWA TENGAH,KELAUTAN,BAIK,15100000.0,JAWA TENGAH | Teknik & Arsitektur | Menengah (10-20jt) | Baik Sekali / B,-
398,UNIVERSITAS MARITIM AMNI,JAWA TENGAH,MESIN,BAIK,15100000.0,JAWA TENGAH | Teknik & Arsitektur | Menengah (10-20jt) | Baik Sekali / B,-
398,UNIVERSITAS MARITIM AMNI,JAWA TENGAH,TRANSPORTASI,BAIK SEKALI,15100000.0,JAWA TENGAH | Teknik & Arsitektur | Menengah (10-20jt) | Baik Sekali / B,-
503,UNIVERSITAS DARUL ULUM ISLAMIC CENTRE SUDIRMAN,JAWA TENGAH,SIPIL,BAIK SEKALI,12550000.0,JAWA TENGAH | Teknik & Arsitektur | Menengah (10-20jt) | Baik Sekali / B,https://campus.quipper.com/directory/universitas-darul-ulum-islamic-centre-sudirman
528,UNIVERSITAS DUTA BANGSA SURAKARTA,JAWA TENGAH,INDUSTRI,BAIK,12100000.0,JAWA TENGAH | Teknik & Arsitektur | Menengah (10-20jt) | Baik Sekali / B,-
574,STT MINYAK DAN GAS CILACAP,JAWA TENGAH,PERMINYAKAN,BAIK,11300000.0,JAWA TENGAH | Teknik & Arsitektur | Menengah (10-20jt) | Baik Sekali / B,-
575,UNIVERSITAS 17 AGUSTUS 1945 SEMARANG,JAWA TENGAH,ARSITEKTUR,B,11250000.0,JAWA TENGAH | Teknik & Arsitektur | Menengah (10-20jt) | Baik Sekali / B,https://rencanamu.id/cari-kampus/universitas-17-agustus-1945-semarang
575,UNIVERSITAS 17 AGUSTUS 1945 SEMARANG,JAWA TENGAH,SIPIL,B,11250000.0,JAWA TENGAH | Teknik & Arsitektur | Menengah (10-20jt) | Baik Sekali / B,https://rencanamu.id/cari-kampus/universitas-17-agustus-1945-semarang
655,UNIVERSITAS ISLAM NAHDLATUL ULAMA JEPARA,JAWA TENGAH,ELEKTRO,BAIK SEKALI,9886000.0,JAWA TENGAH | Teknik & Arsitektur | Terjangkau (5-10jt) | Baik Sekali / B,-
655,UNIVERSITAS ISLAM NAHDLATUL ULAMA JEPARA,JAWA TENGAH,INDUSTRI,BAIK SEKALI,9886000.0,JAWA TENGAH | Teknik & Arsitektur | Terjangkau (5-10jt) | Baik Sekali / B,-
655,UNIVERSITAS ISLAM NAHDLATUL ULAMA JEPARA,JAWA TENGAH,SIPIL,BAIK SEKALI,9886000.0,JAWA TENGAH | Teknik & Arsitektur | Terjangkau (5-10jt) | Baik Sekali / B,-
658,UNIVERSITAS MUHAMMADIYAH TEGAL,JAWA TENGAH,MESIN,BAIK,9800000.0,JAWA TENGAH | Teknik & Arsitektur | Terjangkau (5-10jt) | Baik Sekali / B,-
662,UNIVERSITAS SEMARANG,JAWA TENGAH,SIPIL,B,9740000.0,JAWA TENGAH | Teknik & Arsitektur | Terjangkau (5-10jt) | Baik Sekali / B,https://campus.quipper.com/directory/universitas-semarang
687,UNIVERSITAS SURAKARTA,JAWA TENGAH,ARSITEKTUR,B,9390000.0,JAWA TENGAH | Teknik & Arsitektur | Terjangkau (5-10jt) | Baik Sekali / B,https://campus.quipper.com/directory/universitas-surakarta
687,UNIVERSITAS SURAKARTA,JAWA TENGAH,ELEKTRO,BAIK,9390000.0,JAWA TENGAH | Teknik & Arsitektur | Terjangkau (5-10jt) | Baik Sekali / B,https://campus.quipper.com/directory/universitas-surakarta
687,UNIVERSITAS SURAKARTA,JAWA TENGAH,MESIN,BAIK,9390000.0,JAWA TENGAH | Teknik & Arsitektur | Terjangkau (5-10jt) | Baik Sekali / B,https://campus.quipper.com/directory/universitas-surakarta
687,UNIVERSITAS SURAKARTA,JAWA TENGAH,SIPIL,BAIK SEKALI,9390000.0,JAWA TENGAH | Teknik & Arsitektur | Terjangkau (5-10jt) | Baik Sekali / B,https://campus.quipper.com/directory/universitas-surakarta
739,UNIVERSITAS IVET,JAWA TENGAH,LINGKUNGAN,BAIK,8800000.0,JAWA TENGAH | Teknik & Arsitektur | Terjangkau (5-10jt) | Baik Sekali / B,-
748,UNIVERSITAS MUHAMMADIYAH KUDUS,JAWA TENGAH,INDUSTRI,BAIK,8500000.0,JAWA TENGAH | Teknik & Arsitektur | Terjangkau (5-10jt) | Baik Sekali / B,-
751,UNIVERSITAS WIJAYAKUSUMA PURWOKERTO,JAWA TENGAH,ARSITEKTUR,BAIK,8500000.0,JAWA TENGAH | Teknik & Arsitektur | Terjangkau (5-10jt) | Baik Sekali / B,-
756,UNIVERSITAS TUNAS PEMBANGUNAN SURAKARTA,JAWA TENGAH,ARSITEKTUR,B,8483000.0,JAWA TENGAH | Teknik & Arsitektur | Terjangkau (5-10jt) | Baik Sekali / B,-
756,UNIVERSITAS TUNAS PEMBANGUNAN SURAKARTA,JAWA TENGAH,SIPIL,BAIK SEKALI,8483000.0,JAWA TENGAH | Teknik & Arsitektur | Terjangkau (5-10jt) | Baik Sekali / B,-
770,UNIVERSITAS VETERAN BANGUN NUSANTARA,JAWA TENGAH,INDUSTRI,B,8350000.0,JAWA TENGAH | Teknik & Arsitektur | Terjangkau (5-10jt) | Baik Sekali / B,-
770,UNIVERSITAS VETERAN BANGUN NUSANTARA,JAWA TENGAH,SIPIL,B,8350000.0,JAWA TENGAH | Teknik & Arsitektur | Terjangkau (5-10jt) | Baik Sekali / B,-
852,UNIVERSITAS PANDANARAN,JAWA TENGAH,ARSITEKTUR,BAIK,7600000.0,JAWA TENGAH | Teknik & Arsitektur | Terjangkau (5-10jt) | Baik Sekali / B,-
852,UNIVERSITAS PANDANARAN,JAWA TENGAH,SIPIL,BAIK,7600000.0,JAWA TENGAH | Teknik & Arsitektur | Terjangkau (5-10jt) | Baik Sekali / B,-
893,UNIVERSITAS MUHADI SETIABUDI,JAWA TENGAH,SIPIL,BAIK SEKALI,7351000.0,JAWA TENGAH | Teknik & Arsitektur | Terjangkau (5-10jt) | Baik Sekali / B,-
899,SEKOLAH TINGGI TEKNIK WIWOROTOMO,JAWA TENGAH,ELEKTRO,BAIK,7315000.0,JAWA TENGAH | Teknik & Arsitektur | Terjangkau (5-10jt) | Baik Sekali / B,-
899,SEKOLAH TINGGI TEKNIK WIWOROTOMO,JAWA TENGAH,INDUSTRI,BAIK,7315000.0,JAWA TENGAH | Teknik & Arsitektur | Terjangkau (5-10jt) | Baik Sekali / B,-
899,SEKOLAH TINGGI TEKNIK WIWOROTOMO,JAWA TENGAH,MESIN,BAIK SEKALI,7315000.0,JAWA TENGAH | Teknik & Arsitektur | Terjangkau (5-10jt) | Baik Sekali / B,-
962,UNIVERSITAS NAHDLATUL ULAMA SURAKARTA,JAWA TENGAH,INDUSTRI,BAIK,6820000.0,JAWA TENGAH | Teknik & Arsitektur | Terjangkau (5-10jt) | Baik Sekali / B,-
962,UNIVERSITAS NAHDLATUL ULAMA SURAKARTA,JAWA TENGAH,MESIN,BAIK,6820000.0,JAWA TENGAH | Teknik & Arsitektur | Terjangkau (5-10jt) | Baik Sekali / B,-
978,UNIVERSITAS NAHDLATUL ULAMA AL GHAZALI CILACAP,JAWA TENGAH,INDUSTRI,BAIK,6630000.0,JAWA TENGAH | Teknik & Arsitektur | Terjangkau (5-10jt) | Baik Sekali / B,-
978,UNIVERSITAS NAHDLATUL ULAMA AL GHAZALI CILACAP,JAWA TENGAH,MESIN,BAIK,6630000.0,JAWA TENGAH | Teknik & Arsitektur | Terjangkau (5-10jt) | Baik Sekali / B,-
989,UNIVERSITAS KRISTEN TEKNOLOGI SOLO,JAWA TENGAH,LINGKUNGAN,BAIK,6535000.0,JAWA TENGAH | Teknik & Arsitektur | Terjangkau (5-10jt) | Baik Sekali / B,-
1058,UNIVERSITAS MUHAMMADIYAH BREBES,JAWA TENGAH,MESIN,TERAKREDITASI PERTAMA,6200000.0,JAWA TENGAH | Teknik & Arsitektur | Terjangkau (5-10jt) | Baik Sekali / B,-
1173,UNIVERSITAS ISLAM BATIK,JAWA TENGAH,INDUSTRI,C,5550000.0,JAWA TENGAH | Teknik & Arsitektur | Terjangkau (5-10jt) | Baik / C,https://rencanamu.id/cari-kampus/universitas-islam-batik
1173,UNIVERSITAS ISLAM BATIK,JAWA TENGAH,SIPIL,BAIK,5550000.0,JAWA TENGAH | Teknik & Arsitektur | Terjangkau (5-10jt) | Baik Sekali / B,https://rencanamu.id/cari-kampus/universitas-islam-batik
1192,UNIVERSITAS PANCASAKTI TEGAL,JAWA TENGAH,INDUSTRI,C,5300000.0,JAWA TENGAH | Teknik & Arsitektur | Terjangkau (5-10jt) | Baik / C,https://rencanamu.id/cari-kampus/universitas-pancasakti
1192,UNIVERSITAS PANCASAKTI TEGAL,JAWA TENGAH,MESIN,C,5300000.0,JAWA TENGAH | Teknik & Arsitektur | Terjangkau (5-10jt) | Baik / C,https://rencanamu.id/cari-kampus/universitas-pancasakti
1192,UNIVERSITAS PANCASAKTI TEGAL,JAWA TENGAH,SIPIL,BAIK SEKALI,5300000.0,JAWA TENGAH | Teknik & Arsitektur | Terjangkau (5-10jt) | Baik Sekali / B,https://rencanamu.id/cari-kampus/universitas-pancasakti
1202,UNIVERSITAS AL HIKMAH JEPARA,JAWA TENGAH,MESIN,BAIK,5245000.0,JAWA TENGAH | Teknik & Arsitektur | Terjangkau (5-10jt) | Baik Sekali / B,-
1204,SEKOLAH TINGGI TEKNIK PATI,JAWA TENGAH,ELEKTRO,BAIK,5200000.0,JAWA TENGAH | Teknik & Arsitektur | Terjangkau (5-10jt) | Baik Sekali / B,-
1224,UNIVERSITAS MUHAMMADIYAH PURWOREJO,JAWA TENGAH,OTOMOTIF,B,5000000.0,JAWA TENGAH | Teknik & Arsitektur | Terjangkau (5-10jt) | Baik Sekali / B,https://rencanamu.id/cari-kampus/universitas-muhammadiyah-purworejo
1224,UNIVERSITAS MUHAMMADIYAH PURWOREJO,JAWA TENGAH,SIPIL,B,5000000.0,JAWA TENGAH | Teknik & Arsitektur | Terjangkau (5-10jt) | Baik Sekali / B,https://rencanamu.id/cari-kampus/universitas-muhammadiyah-purworejo
1273,UNIVERSITAS MA'ARIF NAHDLATUL ULAMA KEBUMEN,JAWA TENGAH,SIPIL,BAIK,4800000.0,JAWA TENGAH | Teknik & Arsitektur | Hemat (<5jt) | Baik Sekali / B,-
1302,UNIVERSITAS PERWIRA PURBALINGGA,JAWA TENGAH,MESIN,BAIK,4800000.0,JAWA TENGAH | Teknik & Arsitektur | Hemat (<5jt) | Baik Sekali / B,-
1283,UNIVERSITAS SULTAN FATAH,JAWA TENGAH,ELEKTRO,BAIK,4800000.0,JAWA TENGAH | Teknik & Arsitektur | Hemat (<5jt) | Baik Sekali / B,-
1283,UNIVERSITAS SULTAN FATAH,JAWA TENGAH,MESIN,BAIK,4800000.0,JAWA TENGAH | Teknik & Arsitektur | Hemat (<5jt) | Baik Sekali / B,-
1283,UNIVERSITAS SULTAN FATAH,JAWA TENGAH,SIPIL,BAIK,4800000.0,JAWA TENGAH | Teknik & Arsitektur | Hemat (<5jt) | Baik Sekali / B,-
1396,UNIVERSITAS SELAMAT SRI,JAWA TENGAH,INDUSTRI,BAIK,4075000.0,JAWA TENGAH | Teknik & Arsitektur | Hemat (<5jt) | Baik Sekali / B,-
1396,UNIVERSITAS SELAMAT SRI,JAWA TENGAH,SIPIL,BAIK,4075000.0,JAWA TENGAH | Teknik & Arsitektur | Hemat (<5jt) | Baik Sekali / B,-
1408,UNIVERSITAS DIAN NUSWANTORO,JAWA TENGAH,ELEKTRO,B,4000000.0,JAWA TENGAH | Teknik & Arsitektur | Hemat (<5jt) | Baik Sekali / B,https://campus.quipper.com/directory/universitas-dian-nuswantoro
1408,UNIVERSITAS DIAN NUSWANTORO,JAWA TENGAH,INDUSTRI,B,4000000.0,JAWA TENGAH | Teknik & Arsitektur | Hemat (<5jt) | Baik Sekali / B,https://campus.quipper.com/directory/universitas-dian-nuswantoro
1425,UNIVERSITAS PERADABAN,JAWA TENGAH,ELEKTRO,BAIK,3800000.0,JAWA TENGAH | Teknik & Arsitektur | Hemat (<5jt) | Baik Sekali / B,-
39,UNIVERSITAS KATOLIK WIDYA MANDALA SURABAYA,JAWA TIMUR,AKUNTANSI,A,234470600.0,JAWA TIMUR | Ekonomi & Bisnis | Sangat Mahal (>50jt) | Unggul / A,https://campus.quipper.com/directory/universitas-katolik-widya-mandala-surabaya
39,UNIVERSITAS KATOLIK WIDYA MANDALA SURABAYA,JAWA TIMUR,KEWIRAUSAHAAN,BAIK SEKALI,234470600.0,JAWA TIMUR | Ekonomi & Bisnis | Sangat Mahal (>50jt) | Baik Sekali / B,https://campus.quipper.com/directory/universitas-katolik-widya-mandala-surabaya
39,UNIVERSITAS KATOLIK WIDYA MANDALA SURABAYA,JAWA TIMUR,MANAJEMEN,A,234470600.0,JAWA TIMUR | Ekonomi & Bisnis | Sangat Mahal (>50jt) | Unggul / A,https://campus.quipper.com/directory/universitas-katolik-widya-mandala-surabaya
39,UNIVERSITAS KATOLIK WIDYA MANDALA SURABAYA,JAWA TIMUR,MANAJEMEN BISNIS INTERNASIONAL,A,234470600.0,JAWA TIMUR | Ekonomi & Bisnis | Sangat Mahal (>50jt) | Unggul / A,https://campus.quipper.com/directory/universitas-katolik-widya-mandala-surabaya
44,UNIVERSITAS HANG TUAH,JAWA TIMUR,ADMINISTRASI NIAGA,B,146900000.0,JAWA TIMUR | Ekonomi & Bisnis | Sangat Mahal (>50jt) | Baik Sekali / B,https://campus.quipper.com/directory/universitas-hang-tuah
45,UNIVERSITAS MUHAMMADIYAH SURABAYA,JAWA TIMUR,AKUNTANSI,B,142200000.0,JAWA TIMUR | Ekonomi & Bisnis | Sangat Mahal (>50jt) | Baik Sekali / B,https://campus.quipper.com/directory/universitas-muhammadiyah-surabaya
61,UNIVERSITAS KADIRI,JAWA TIMUR,AGRIBISNIS,BAIK SEKALI,71250000.0,JAWA TIMUR | Ekonomi & Bisnis | Sangat Mahal (>50jt) | Baik Sekali / B,https://campus.quipper.com/directory/universitas-kadiri
61,UNIVERSITAS KADIRI,JAWA TIMUR,AKUNTANSI,BAIK SEKALI,71250000.0,JAWA TIMUR | Ekonomi & Bisnis | Sangat Mahal (>50jt) | Baik Sekali / B,https://campus.quipper.com/directory/universitas-kadiri
61,UNIVERSITAS KADIRI,JAWA TIMUR,EKONOMI PEMBANGUNAN,BAIK SEKALI,71250000.0,JAWA TIMUR | Ekonomi & Bisnis | Sangat Mahal (>50jt) | Baik Sekali / B,https://campus.quipper.com/directory/universitas-kadiri
61,UNIVERSITAS KADIRI,JAWA TIMUR,MANAJEMEN,BAIK SEKALI,71250000.0,JAWA TIMUR | Ekonomi & Bisnis | Sangat Mahal (>50jt) | Baik Sekali / B,https://campus.quipper.com/directory/universitas-kadiri
80,UNIVERSITAS 17 AGUSTUS 1945 SURABAYA,JAWA TIMUR,AKUNTANSI,B,53150000.0,JAWA TIMUR | Ekonomi & Bisnis | Sangat Mahal (>50jt) | Baik Sekali / B,https://rencanamu.id/cari-kampus/universitas-17-agustus-1945-surabaya
80,UNIVERSITAS 17 AGUSTUS 1945 SURABAYA,JAWA TIMUR,MANAJEMEN,B,53150000.0,JAWA TIMUR | Ekonomi & Bisnis | Sangat Mahal (>50jt) | Baik Sekali / B,https://rencanamu.id/cari-kampus/universitas-17-agustus-1945-surabaya
1535,UNIVERSITAS MUHAMMADIYAH SIDOARJO,JAWA TIMUR,AKUNTANSI,UNGGUL,48525000.0,JAWA TIMUR | Ekonomi & Bisnis | Mahal (20-50jt) | Unggul / A,https://rencanamu.id/cari-kampus/universitas-muhammadiyah-sidoarjo
1535,UNIVERSITAS MUHAMMADIYAH SIDOARJO,JAWA TIMUR,BISNIS DIGITAL,BAIK SEKALI,48525000.0,JAWA TIMUR | Ekonomi & Bisnis | Mahal (20-50jt) | Baik Sekali / B,https://rencanamu.id/cari-kampus/universitas-muhammadiyah-sidoarjo
1535,UNIVERSITAS MUHAMMADIYAH SIDOARJO,JAWA TIMUR,MANAJEMEN,UNGGUL,48525000.0,JAWA TIMUR | Ekonomi & Bisnis | Mahal (20-50jt) | Unggul / A,https://rencanamu.id/cari-kampus/universitas-muhammadiyah-sidoarjo
95,UNIVERSITAS NAHDLATUL ULAMA SURABAYA,JAWA TIMUR,AKUNTANSI,UNGGUL,47476000.0,JAWA TIMUR | Ekonomi & Bisnis | Mahal (20-50jt) | Unggul / A,https://campus.quipper.com/directory/universitas-nahdlatul-ulama-surabaya
95,UNIVERSITAS NAHDLATUL ULAMA SURABAYA,JAWA TIMUR,BISNIS DIGITAL,BAIK,47476000.0,JAWA TIMUR | Ekonomi & Bisnis | Mahal (20-50jt) | Baik Sekali / B,https://campus.quipper.com/directory/universitas-nahdlatul-ulama-surabaya
95,UNIVERSITAS NAHDLATUL ULAMA SURABAYA,JAWA TIMUR,MANAJEMEN,BAIK SEKALI,47476000.0,JAWA TIMUR | Ekonomi & Bisnis | Mahal (20-50jt) | Baik Sekali / B,https://campus.quipper.com/directory/universitas-nahdlatul-ulama-surabaya
96,UNIVERSITAS MUHAMMADIYAH JEMBER,JAWA TIMUR,AGRIBISNIS,B,46860200.0,JAWA TIMUR | Ekonomi & Bisnis | Mahal (20-50jt) | Baik Sekali / B,https://rencanamu.id/cari-kampus/universitas-muhammadiyah-jember
96,UNIVERSITAS MUHAMMADIYAH JEMBER,JAWA TIMUR,AKUNTANSI,A,46860200.0,JAWA TIMUR | Ekonomi & Bisnis | Mahal (20-50jt) | Unggul / A,https://rencanamu.id/cari-kampus/universitas-muhammadiyah-jember
96,UNIVERSITAS MUHAMMADIYAH JEMBER,JAWA TIMUR,MANAJEMEN,B,46860200.0,JAWA TIMUR | Ekonomi & Bisnis | Mahal (20-50jt) | Baik Sekali / B,https://rencanamu.id/cari-kampus/universitas-muhammadiyah-jember
110,UNIVERSITAS PGRI RONGGOLAWE,JAWA TIMUR,EKONOMI,BAIK SEKALI,40364875.0,JAWA TIMUR | Ekonomi & Bisnis | Mahal (20-50jt) | Baik Sekali / B,-
118,UNIVERSITAS SURABAYA,JAWA TIMUR,AKUNTANSI,A,38850250.0,JAWA TIMUR | Ekonomi & Bisnis | Mahal (20-50jt) | Unggul / A,https://campus.quipper.com/directory/universitas-surabaya
118,UNIVERSITAS SURABAYA,JAWA TIMUR,BISNIS,A,38850250.0,JAWA TIMUR | Ekonomi & Bisnis | Mahal (20-50jt) | Unggul / A,https://campus.quipper.com/directory/universitas-surabaya
118,UNIVERSITAS SURABAYA,JAWA TIMUR,BISNIS DIGITAL,A,38850250.0,JAWA TIMUR | Ekonomi & Bisnis | Mahal (20-50jt) | Unggul / A,https://campus.quipper.com/directory/universitas-surabaya
118,UNIVERSITAS SURABAYA,JAWA TIMUR,EKONOMI PEMBANGUNAN,B,38850250.0,JAWA TIMUR | Ekonomi & Bisnis | Mahal (20-50jt) | Baik Sekali / B,https://campus.quipper.com/directory/universitas-surabaya
118,UNIVERSITAS SURABAYA,JAWA TIMUR,KEUANGAN,A,38850250.0,JAWA TIMUR | Ekonomi & Bisnis | Mahal (20-50jt) | Unggul / A,https://campus.quipper.com/directory/universitas-surabaya
118,UNIVERSITAS SURABAYA,JAWA TIMUR,KEUANGAN PERBANKAN,A,38850250.0,JAWA TIMUR | Ekonomi & Bisnis | Mahal (20-50jt) | Unggul / A,https://campus.quipper.com/directory/universitas-surabaya
118,UNIVERSITAS SURABAYA,JAWA TIMUR,KEWIRAUSAHAAN,A,38850250.0,JAWA TIMUR | Ekonomi & Bisnis | Mahal (20-50jt) | Unggul / A,https://campus.quipper.com/directory/universitas-surabaya
118,UNIVERSITAS SURABAYA,JAWA TIMUR,MANAJEMEN,A,38850250.0,JAWA TIMUR | Ekonomi & Bisnis | Mahal (20-50jt) | Unggul / A,https://campus.quipper.com/directory/universitas-surabaya
118,UNIVERSITAS SURABAYA,JAWA TIMUR,MARKETING,A,38850250.0,JAWA TIMUR | Ekonomi & Bisnis | Mahal (20-50jt) | Unggul / A,https://campus.quipper.com/directory/universitas-surabaya
118,UNIVERSITAS SURABAYA,JAWA TIMUR,PEMASARAN,A,38850250.0,JAWA TIMUR | Ekonomi & Bisnis | Mahal (20-50jt) | Unggul / A,https://campus.quipper.com/directory/universitas-surabaya
119,UNIVERSITAS WIJAYA KUSUMA SURABAYA,JAWA TIMUR,AGRIBISNIS,B,38400000.0,JAWA TIMUR | Ekonomi & Bisnis | Mahal (20-50jt) | Baik Sekali / B,https://campus.quipper.com/directory/universitas-wijaya-kusuma-surabaya
119,UNIVERSITAS WIJAYA KUSUMA SURABAYA,JAWA TIMUR,AKUNTANSI,B,38400000.0,JAWA TIMUR | Ekonomi & Bisnis | Mahal (20-50jt) | Baik Sekali / B,https://campus.quipper.com/directory/universitas-wijaya-kusuma-surabaya
119,UNIVERSITAS WIJAYA KUSUMA SURABAYA,JAWA TIMUR,EKONOMI,B,38400000.0,JAWA TIMUR | Ekonomi & Bisnis | Mahal (20-50jt) | Baik Sekali / B,https://campus.quipper.com/directory/universitas-wijaya-kusuma-surabaya
119,UNIVERSITAS WIJAYA KUSUMA SURABAYA,JAWA TIMUR,EKONOMI PEMBANGUNAN,B,38400000.0,JAWA TIMUR | Ekonomi & Bisnis | Mahal (20-50jt) | Baik Sekali / B,https://campus.quipper.com/directory/universitas-wijaya-kusuma-surabaya
119,UNIVERSITAS WIJAYA KUSUMA SURABAYA,JAWA TIMUR,MANAJEMEN,B,38400000.0,JAWA TIMUR | Ekonomi & Bisnis | Mahal (20-50jt) | Baik Sekali / B,https://campus.quipper.com/directory/universitas-wijaya-kusuma-surabaya
127,UNIVERSITAS BHAYANGKARA SURABAYA,JAWA TIMUR,ADMINISTRASI,B,35502000.0,JAWA TIMUR | Ekonomi & Bisnis | Mahal (20-50jt) | Baik Sekali / B,https://campus.quipper.com/directory/universitas-bhayangkara-surabaya
127,UNIVERSITAS BHAYANGKARA SURABAYA,JAWA TIMUR,AKUNTANSI,B,35502000.0,JAWA TIMUR | Ekonomi & Bisnis | Mahal (20-50jt) | Baik Sekali / B,https://campus.quipper.com/directory/universitas-bhayangkara-surabaya
127,UNIVERSITAS BHAYANGKARA SURABAYA,JAWA TIMUR,EKONOMI,B,35502000.0,JAWA TIMUR | Ekonomi & Bisnis | Mahal (20-50jt) | Baik Sekali / B,https://campus.quipper.com/directory/universitas-bhayangkara-surabaya
127,UNIVERSITAS BHAYANGKARA SURABAYA,JAWA TIMUR,EKONOMI PEMBANGUNAN,B,35502000.0,JAWA TIMUR | Ekonomi & Bisnis | Mahal (20-50jt) | Baik Sekali / B,https://campus.quipper.com/directory/universitas-bhayangkara-surabaya
127,UNIVERSITAS BHAYANGKARA SURABAYA,JAWA TIMUR,MANAJEMEN,B,35502000.0,JAWA TIMUR | Ekonomi & Bisnis | Mahal (20-50jt) | Baik Sekali / B,https://campus.quipper.com/directory/universitas-bhayangkara-surabaya
134,UNIVERSITAS ISLAM MALANG,JAWA TIMUR,ADMINISTRASI,B,33550000.0,JAWA TIMUR | Ekonomi & Bisnis | Mahal (20-50jt) | Baik Sekali / B,https://campus.quipper.com/directory/universitas-islam-malang
134,UNIVERSITAS ISLAM MALANG,JAWA TIMUR,ADMINISTRASI BISNIS,B,33550000.0,JAWA TIMUR | Ekonomi & Bisnis | Mahal (20-50jt) | Baik Sekali / B,https://campus.quipper.com/directory/universitas-islam-malang
134,UNIVERSITAS ISLAM MALANG,JAWA TIMUR,ADMINISTRASI NIAGA,B,33550000.0,JAWA TIMUR | Ekonomi & Bisnis | Mahal (20-50jt) | Baik Sekali / B,https://campus.quipper.com/directory/universitas-islam-malang
134,UNIVERSITAS ISLAM MALANG,JAWA TIMUR,ADMINISTRASI RUMAH SAKIT,BAIK,33550000.0,JAWA TIMUR | Ekonomi & Bisnis | Mahal (20-50jt) | Baik Sekali / B,https://campus.quipper.com/directory/universitas-islam-malang
134,UNIVERSITAS ISLAM MALANG,JAWA TIMUR,AGRIBISNIS,A,33550000.0,JAWA TIMUR | Ekonomi & Bisnis | Mahal (20-50jt) | Unggul / A,https://campus.quipper.com/directory/universitas-islam-malang
134,UNIVERSITAS ISLAM MALANG,JAWA TIMUR,AKUNTANSI,A,33550000.0,JAWA TIMUR | Ekonomi & Bisnis | Mahal (20-50jt) | Unggul / A,https://campus.quipper.com/directory/universitas-islam-malang
134,UNIVERSITAS ISLAM MALANG,JAWA TIMUR,MANAJEMEN,A,33550000.0,JAWA TIMUR | Ekonomi & Bisnis | Mahal (20-50jt) | Unggul / A,https://campus.quipper.com/directory/universitas-islam-malang
153,INSTITUT TEKNOLOGI INSAN CENDEKIA MANDIRI,JAWA TIMUR,BISNIS DIGITAL,BAIK,31050000.0,JAWA TIMUR | Ekonomi & Bisnis | Mahal (20-50jt) | Baik Sekali / B,-
153,INSTITUT TEKNOLOGI INSAN CENDEKIA MANDIRI,JAWA TIMUR,LOGISTIK,BAIK,31050000.0,JAWA TIMUR | Ekonomi & Bisnis | Mahal (20-50jt) | Baik Sekali / B,-
162,UNIVERSITAS HASYIM ASY'ARI TEBUIRENG JOMBANG,JAWA TIMUR,AKUNTANSI,BAIK,29750000.0,JAWA TIMUR | Ekonomi & Bisnis | Mahal (20-50jt) | Baik Sekali / B,-
162,UNIVERSITAS HASYIM ASY'ARI TEBUIRENG JOMBANG,JAWA TIMUR,MANAJEMEN,BAIK,29750000.0,JAWA TIMUR | Ekonomi & Bisnis | Mahal (20-50jt) | Baik Sekali / B,-
172,UNIVERSITAS WIDYA GAMA,JAWA TIMUR,AKUNTANSI,A,28500000.0,JAWA TIMUR | Ekonomi & Bisnis | Mahal (20-50jt) | Unggul / A,https://campus.quipper.com/directory/universitas-widya-gama
172,UNIVERSITAS WIDYA GAMA,JAWA TIMUR,BISNIS DIGITAL,BAIK,28500000.0,JAWA TIMUR | Ekonomi & Bisnis | Mahal (20-50jt) | Baik Sekali / B,https://campus.quipper.com/directory/universitas-widya-gama
172,UNIVERSITAS WIDYA GAMA,JAWA TIMUR,MANAJEMEN,UNGGUL,28500000.0,JAWA TIMUR | Ekonomi & Bisnis | Mahal (20-50jt) | Unggul / A,https://campus.quipper.com/directory/universitas-widya-gama
176,UNIVERSITAS KRISTEN PETRA,JAWA TIMUR,AKUNTANSI,A,28000000.0,JAWA TIMUR | Ekonomi & Bisnis | Mahal (20-50jt) | Unggul / A,https://campus.quipper.com/directory/universitas-kristen-petra
176,UNIVERSITAS KRISTEN PETRA,JAWA TIMUR,BISNIS,A,28000000.0,JAWA TIMUR | Ekonomi & Bisnis | Mahal (20-50jt) | Unggul / A,https://campus.quipper.com/directory/universitas-kristen-petra
176,UNIVERSITAS KRISTEN PETRA,JAWA TIMUR,KEUANGAN PERBANKAN,A,28000000.0,JAWA TIMUR | Ekonomi & Bisnis | Mahal (20-50jt) | Unggul / A,https://campus.quipper.com/directory/universitas-kristen-petra
176,UNIVERSITAS KRISTEN PETRA,JAWA TIMUR,LOGISTIK,A,28000000.0,JAWA TIMUR | Ekonomi & Bisnis | Mahal (20-50jt) | Unggul / A,https://campus.quipper.com/directory/universitas-kristen-petra
176,UNIVERSITAS KRISTEN PETRA,JAWA TIMUR,MANAJEMEN,A,28000000.0,JAWA TIMUR | Ekonomi & Bisnis | Mahal (20-50jt) | Unggul / A,https://campus.quipper.com/directory/universitas-kristen-petra
176,UNIVERSITAS KRISTEN PETRA,JAWA TIMUR,MANAJEMEN BISNIS INTERNASIONAL,A,28000000.0,JAWA TIMUR | Ekonomi & Bisnis | Mahal (20-50jt) | Unggul / A,https://campus.quipper.com/directory/universitas-kristen-petra
176,UNIVERSITAS KRISTEN PETRA,JAWA TIMUR,MARKETING,A,28000000.0,JAWA TIMUR | Ekonomi & Bisnis | Mahal (20-50jt) | Unggul / A,https://campus.quipper.com/directory/universitas-kristen-petra
176,UNIVERSITAS KRISTEN PETRA,JAWA TIMUR,PERPAJAKAN,A,28000000.0,JAWA TIMUR | Ekonomi & Bisnis | Mahal (20-50jt) | Unggul / A,https://campus.quipper.com/directory/universitas-kristen-petra
4,UNIVERSITAS CIPUTRA,JAWA TIMUR,AKUNTANSI,B,27200000.0,JAWA TIMUR | Ekonomi & Bisnis | Mahal (20-50jt) | Baik Sekali / B,https://rencanamu.id/cari-kampus/universitas-ciputra
4,UNIVERSITAS CIPUTRA,JAWA TIMUR,MANAJEMEN,A,27200000.0,JAWA TIMUR | Ekonomi & Bisnis | Mahal (20-50jt) | Unggul / A,https://rencanamu.id/cari-kampus/universitas-ciputra
218,INSTITUT TEKNOLOGI NASIONAL MALANG,JAWA TIMUR,BISNIS DIGITAL,BAIK SEKALI,24550000.0,JAWA TIMUR | Ekonomi & Bisnis | Mahal (20-50jt) | Baik Sekali / B,https://campus.quipper.com/directory/institut-teknologi-nasional-malang
226,INSTITUT ILMU KESEHATAN BHAKTI WIYATA KEDIRI,JAWA TIMUR,ADMINISTRASI RUMAH SAKIT,BAIK,24000000.0,JAWA TIMUR | Ekonomi & Bisnis | Mahal (20-50jt) | Baik Sekali / B,https://campus.quipper.com/directory/institut-ilmu-kesehatan-bhakti-wiyata-kediri
236,UNIVERSITAS BHINNEKA NUSANTARA,JAWA TIMUR,BISNIS DIGITAL,BAIK,23100000.0,JAWA TIMUR | Ekonomi & Bisnis | Mahal (20-50jt) | Baik Sekali / B,-
236,UNIVERSITAS BHINNEKA NUSANTARA,JAWA TIMUR,PERDAGANGAN INTERNASIONAL,BAIK,23100000.0,JAWA TIMUR | Ekonomi & Bisnis | Mahal (20-50jt) | Baik Sekali / B,-
251,UNIVERSITAS ANWAR MEDIKA,JAWA TIMUR,BISNIS DIGITAL,BAIK,22111250.0,JAWA TIMUR | Ekonomi & Bisnis | Mahal (20-50jt) | Baik Sekali / B,-
251,UNIVERSITAS ANWAR MEDIKA,JAWA TIMUR,KEWIRAUSAHAAN,BAIK,22111250.0,JAWA TIMUR | Ekonomi & Bisnis | Mahal (20-50jt) | Baik Sekali / B,-
253,UNIVERSITAS DINAMIKA,JAWA TIMUR,AKUNTANSI,BAIK,22000000.0,JAWA TIMUR | Ekonomi & Bisnis | Mahal (20-50jt) | Baik Sekali / B,https://campus.quipper.com/directory/universitas-dinamika
253,UNIVERSITAS DINAMIKA,JAWA TIMUR,BISNIS,BAIK SEKALI,22000000.0,JAWA TIMUR | Ekonomi & Bisnis | Mahal (20-50jt) | Baik Sekali / B,https://campus.quipper.com/directory/universitas-dinamika
253,UNIVERSITAS DINAMIKA,JAWA TIMUR,MANAJEMEN,BAIK SEKALI,22000000.0,JAWA TIMUR | Ekonomi & Bisnis | Mahal (20-50jt) | Baik Sekali / B,https://campus.quipper.com/directory/universitas-dinamika
256,UNIVERSITAS IBRAHIMY,JAWA TIMUR,AKUNTANSI,BAIK,21600000.0,JAWA TIMUR | Ekonomi & Bisnis | Mahal (20-50jt) | Baik Sekali / B,-
260,UNIVERSITAS HAYAM WURUK PERBANAS,JAWA TIMUR,AKUNTANSI,UNGGUL,21310000.0,JAWA TIMUR | Ekonomi & Bisnis | Mahal (20-50jt) | Unggul / A,https://campus.quipper.com/directory/sekolah-tinggi-ilmu-ekonomi-perbanas-surabaya
260,UNIVERSITAS HAYAM WURUK PERBANAS,JAWA TIMUR,EKONOMI,A,21310000.0,JAWA TIMUR | Ekonomi & Bisnis | Mahal (20-50jt) | Unggul / A,https://campus.quipper.com/directory/sekolah-tinggi-ilmu-ekonomi-perbanas-surabaya
260,UNIVERSITAS HAYAM WURUK PERBANAS,JAWA TIMUR,MANAJEMEN,UNGGUL,21310000.0,JAWA TIMUR | Ekonomi & Bisnis | Mahal (20-50jt) | Unggul / A,https://campus.quipper.com/directory/sekolah-tinggi-ilmu-ekonomi-perbanas-surabaya
260,UNIVERSITAS HAYAM WURUK PERBANAS,JAWA TIMUR,PERBANKAN,A,21310000.0,JAWA TIMUR | Ekonomi & Bisnis | Mahal (20-50jt) | Unggul / A,https://campus.quipper.com/directory/sekolah-tinggi-ilmu-ekonomi-perbanas-surabaya
273,UNIVERSITAS DARUSSALAM GONTOR,JAWA TIMUR,MANAJEMEN,UNGGUL,20500000.0,JAWA TIMUR | Ekonomi & Bisnis | Mahal (20-50jt) | Unggul / A,-
276,UNIVERSITAS MA CHUNG,JAWA TIMUR,AKUNTANSI,B,20400000.0,JAWA TIMUR | Ekonomi & Bisnis | Mahal (20-50jt) | Baik Sekali / B,https://campus.quipper.com/directory/universitas-ma-chung
276,UNIVERSITAS MA CHUNG,JAWA TIMUR,MANAJEMEN,B,20400000.0,JAWA TIMUR | Ekonomi & Bisnis | Mahal (20-50jt) | Baik Sekali / B,https://campus.quipper.com/directory/universitas-ma-chung
287,UNIVERSITAS MUHAMMADIYAH MALANG,JAWA TIMUR,AGRIBISNIS,A,20000000.0,JAWA TIMUR | Ekonomi & Bisnis | Mahal (20-50jt) | Unggul / A,https://rencanamu.id/cari-kampus/universitas-muhammadiyah-malang
287,UNIVERSITAS MUHAMMADIYAH MALANG,JAWA TIMUR,AKUNTANSI,A,20000000.0,JAWA TIMUR | Ekonomi & Bisnis | Mahal (20-50jt) | Unggul / A,https://rencanamu.id/cari-kampus/universitas-muhammadiyah-malang
287,UNIVERSITAS MUHAMMADIYAH MALANG,JAWA TIMUR,EKONOMI PEMBANGUNAN,B,20000000.0,JAWA TIMUR | Ekonomi & Bisnis | Mahal (20-50jt) | Baik Sekali / B,https://rencanamu.id/cari-kampus/universitas-muhammadiyah-malang
287,UNIVERSITAS MUHAMMADIYAH MALANG,JAWA TIMUR,KEUANGAN PERBANKAN,A,20000000.0,JAWA TIMUR | Ekonomi & Bisnis | Mahal (20-50jt) | Unggul / A,https://rencanamu.id/cari-kampus/universitas-muhammadiyah-malang
287,UNIVERSITAS MUHAMMADIYAH MALANG,JAWA TIMUR,MANAJEMEN,A,20000000.0,JAWA TIMUR | Ekonomi & Bisnis | Mahal (20-50jt) | Unggul / A,https://rencanamu.id/cari-kampus/universitas-muhammadiyah-malang
7,UNIVERSITAS PELITA HARAPAN SURABAYA,JAWA TIMUR,AKUNTANSI,B,19750000.0,JAWA TIMUR | Ekonomi & Bisnis | Menengah (10-20jt) | Baik Sekali / B,https://rencanamu.id/cari-kampus/universitas-pelita-harapan-surabaya
7,UNIVERSITAS PELITA HARAPAN SURABAYA,JAWA TIMUR,MANAJEMEN,B,19750000.0,JAWA TIMUR | Ekonomi & Bisnis | Menengah (10-20jt) | Baik Sekali / B,https://rencanamu.id/cari-kampus/universitas-pelita-harapan-surabaya
292,UNIVERSITAS MAARIF HASYIM LATIF,JAWA TIMUR,ADMINISTRASI RUMAH SAKIT,BAIK,19710000.0,JAWA TIMUR | Ekonomi & Bisnis | Menengah (10-20jt) | Baik Sekali / B,-
292,UNIVERSITAS MAARIF HASYIM LATIF,JAWA TIMUR,AKUNTANSI,BAIK SEKALI,19710000.0,JAWA TIMUR | Ekonomi & Bisnis | Menengah (10-20jt) | Baik Sekali / B,-
292,UNIVERSITAS MAARIF HASYIM LATIF,JAWA TIMUR,KEWIRAUSAHAAN,BAIK SEKALI,19710000.0,JAWA TIMUR | Ekonomi & Bisnis | Menengah (10-20jt) | Baik Sekali / B,-
292,UNIVERSITAS MAARIF HASYIM LATIF,JAWA TIMUR,MANAJEMEN,BAIK SEKALI,19710000.0,JAWA TIMUR | Ekonomi & Bisnis | Menengah (10-20jt) | Baik Sekali / B,-
306,UNIVERSITAS WIDYA KARTIKA,JAWA TIMUR,AKUNTANSI,BAIK SEKALI,19198000.0,JAWA TIMUR | Ekonomi & Bisnis | Menengah (10-20jt) | Baik Sekali / B,-
306,UNIVERSITAS WIDYA KARTIKA,JAWA TIMUR,MANAJEMEN,B,19198000.0,JAWA TIMUR | Ekonomi & Bisnis | Menengah (10-20jt) | Baik Sekali / B,-
308,UNIVERSITAS MERDEKA MALANG,JAWA TIMUR,ADMINISTRASI BISNIS,BAIK SEKALI,19000001.0,JAWA TIMUR | Ekonomi & Bisnis | Menengah (10-20jt) | Baik Sekali / B,https://rencanamu.id/cari-kampus/universitas-merdeka-malang
308,UNIVERSITAS MERDEKA MALANG,JAWA TIMUR,ADMINISTRASI NIAGA,B,19000001.0,JAWA TIMUR | Ekonomi & Bisnis | Menengah (10-20jt) | Baik Sekali / B,https://rencanamu.id/cari-kampus/universitas-merdeka-malang
308,UNIVERSITAS MERDEKA MALANG,JAWA TIMUR,AKUNTANSI,A,19000001.0,JAWA TIMUR | Ekonomi & Bisnis | Menengah (10-20jt) | Baik Sekali / B,https://rencanamu.id/cari-kampus/universitas-merdeka-malang
308,UNIVERSITAS MERDEKA MALANG,JAWA TIMUR,EKONOMI,B,19000001.0,JAWA TIMUR | Ekonomi & Bisnis | Menengah (10-20jt) | Baik Sekali / B,https://rencanamu.id/cari-kampus/universitas-merdeka-malang
308,UNIVERSITAS MERDEKA MALANG,JAWA TIMUR,EKONOMI PEMBANGUNAN,B,19000001.0,JAWA TIMUR | Ekonomi & Bisnis | Menengah (10-20jt) | Baik Sekali / B,https://rencanamu.id/cari-kampus/universitas-merdeka-malang
308,UNIVERSITAS MERDEKA MALANG,JAWA TIMUR,KEUANGAN PERBANKAN,A,19000001.0,JAWA TIMUR | Ekonomi & Bisnis | Menengah (10-20jt) | Baik Sekali / B,https://rencanamu.id/cari-kampus/universitas-merdeka-malang
308,UNIVERSITAS MERDEKA MALANG,JAWA TIMUR,MANAJEMEN,B,19000001.0,JAWA TIMUR | Ekonomi & Bisnis | Menengah (10-20jt) | Baik Sekali / B,https://rencanamu.id/cari-kampus/universitas-merdeka-malang
308,UNIVERSITAS MERDEKA MALANG,JAWA TIMUR,PERPAJAKAN,B,19000001.0,JAWA TIMUR | Ekonomi & Bisnis | Menengah (10-20jt) | Baik Sekali / B,https://rencanamu.id/cari-kampus/universitas-merdeka-malang
317,UNIVERSITAS DR. SOEBANDI,JAWA TIMUR,BISNIS DIGITAL,BAIK,18700000.0,JAWA TIMUR | Ekonomi & Bisnis | Menengah (10-20jt) | Baik Sekali / B,https://campus.quipper.com/directory/universitas-dr-soebandi
317,UNIVERSITAS DR. SOEBANDI,JAWA TIMUR,KEWIRAUSAHAAN,BAIK,18700000.0,JAWA TIMUR | Ekonomi & Bisnis | Menengah (10-20jt) | Baik Sekali / B,https://campus.quipper.com/directory/universitas-dr-soebandi
342,UNIVERSITAS DR SOETOMO,JAWA TIMUR,ADMINISTRASI,BAIK SEKALI,17520000.0,JAWA TIMUR | Ekonomi & Bisnis | Menengah (10-20jt) | Baik Sekali / B,https://campus.quipper.com/directory/universitas-dr-soetomo
342,UNIVERSITAS DR SOETOMO,JAWA TIMUR,ADMINISTRASI NIAGA,B,17520000.0,JAWA TIMUR | Ekonomi & Bisnis | Menengah (10-20jt) | Baik Sekali / B,https://campus.quipper.com/directory/universitas-dr-soetomo
342,UNIVERSITAS DR SOETOMO,JAWA TIMUR,AKUNTANSI,BAIK SEKALI,17520000.0,JAWA TIMUR | Ekonomi & Bisnis | Menengah (10-20jt) | Baik Sekali / B,https://campus.quipper.com/directory/universitas-dr-soetomo
342,UNIVERSITAS DR SOETOMO,JAWA TIMUR,EKONOMI PEMBANGUNAN,BAIK SEKALI,17520000.0,JAWA TIMUR | Ekonomi & Bisnis | Menengah (10-20jt) | Baik Sekali / B,https://campus.quipper.com/directory/universitas-dr-soetomo
342,UNIVERSITAS DR SOETOMO,JAWA TIMUR,MANAJEMEN,BAIK SEKALI,17520000.0,JAWA TIMUR | Ekonomi & Bisnis | Menengah (10-20jt) | Baik Sekali / B,https://campus.quipper.com/directory/universitas-dr-soetomo
342,UNIVERSITAS DR SOETOMO,JAWA TIMUR,SEKRETARIAT,BAIK SEKALI,17520000.0,JAWA TIMUR | Ekonomi & Bisnis | Menengah (10-20jt) | Baik Sekali / B,https://campus.quipper.com/directory/universitas-dr-soetomo
350,UNIVERSITAS GRESIK,JAWA TIMUR,ADMINISTRASI,BAIK SEKALI,17000000.0,JAWA TIMUR | Ekonomi & Bisnis | Menengah (10-20jt) | Baik Sekali / B,-
350,UNIVERSITAS GRESIK,JAWA TIMUR,AKUNTANSI,BAIK,17000000.0,JAWA TIMUR | Ekonomi & Bisnis | Menengah (10-20jt) | Baik Sekali / B,-
350,UNIVERSITAS GRESIK,JAWA TIMUR,MANAJEMEN,BAIK SEKALI,17000000.0,JAWA TIMUR | Ekonomi & Bisnis | Menengah (10-20jt) | Baik Sekali / B,-
388,SEKOLAH TINGGI ILMU KESEHATAN KEPANJEN,JAWA TIMUR,ADMINISTRASI RUMAH SAKIT,BAIK,15450000.0,JAWA TIMUR | Ekonomi & Bisnis | Menengah (10-20jt) | Baik Sekali / B,https://campus.quipper.com/directory/sekolah-tinggi-ilmu-kesehatan-kepanjen
389,UNIVERSITAS ISLAM BALITAR,JAWA TIMUR,ADMINISTRASI BISNIS,B,15375000.0,JAWA TIMUR | Ekonomi & Bisnis | Menengah (10-20jt) | Baik Sekali / B,https://rencanamu.id/cari-kampus/universitas-islam-balitar
389,UNIVERSITAS ISLAM BALITAR,JAWA TIMUR,ADMINISTRASI NIAGA,B,15375000.0,JAWA TIMUR | Ekonomi & Bisnis | Menengah (10-20jt) | Baik Sekali / B,https://rencanamu.id/cari-kampus/universitas-islam-balitar
389,UNIVERSITAS ISLAM BALITAR,JAWA TIMUR,AGRIBISNIS,B,15375000.0,JAWA TIMUR | Ekonomi & Bisnis | Menengah (10-20jt) | Baik Sekali / B,https://rencanamu.id/cari-kampus/universitas-islam-balitar
389,UNIVERSITAS ISLAM BALITAR,JAWA TIMUR,AKUNTANSI,B,15375000.0,JAWA TIMUR | Ekonomi & Bisnis | Menengah (10-20jt) | Baik Sekali / B,https://rencanamu.id/cari-kampus/universitas-islam-balitar
389,UNIVERSITAS ISLAM BALITAR,JAWA TIMUR,MANAJEMEN,B,15375000.0,JAWA TIMUR | Ekonomi & Bisnis | Menengah (10-20jt) | Baik Sekali / B,https://rencanamu.id/cari-kampus/universitas-islam-balitar
395,UNIVERSITAS NAZHATUT THULLAB AL-MUAFA SAMPANG,JAWA TIMUR,AGRIBISNIS,BAIK,15200000.0,JAWA TIMUR | Ekonomi & Bisnis | Menengah (10-20jt) | Baik Sekali / B,-
395,UNIVERSITAS NAZHATUT THULLAB AL-MUAFA SAMPANG,JAWA TIMUR,BISNIS DIGITAL,BAIK,15200000.0,JAWA TIMUR | Ekonomi & Bisnis | Menengah (10-20jt) | Baik Sekali / B,-
395,UNIVERSITAS NAZHATUT THULLAB AL-MUAFA SAMPANG,JAWA TIMUR,KEWIRAUSAHAAN,BAIK,15200000.0,JAWA TIMUR | Ekonomi & Bisnis | Menengah (10-20jt) | Baik Sekali / B,-
416,UNIVERSITAS KATOLIK DARMA CENDIKA,JAWA TIMUR,AKUNTANSI,B,14775000.0,JAWA TIMUR | Ekonomi & Bisnis | Menengah (10-20jt) | Baik Sekali / B,https://campus.quipper.com/directory/universitas-katolik-darma-cendika
416,UNIVERSITAS KATOLIK DARMA CENDIKA,JAWA TIMUR,MANAJEMEN,B,14775000.0,JAWA TIMUR | Ekonomi & Bisnis | Menengah (10-20jt) | Baik Sekali / B,https://campus.quipper.com/directory/universitas-katolik-darma-cendika
423,UNIVERSITAS PGRI ADI BUANA,JAWA TIMUR,AKUNTANSI,A,14450000.0,JAWA TIMUR | Ekonomi & Bisnis | Menengah (10-20jt) | Baik Sekali / B,https://campus.quipper.com/directory/universitas-pgri-adi-buana-unipa-surabaya
423,UNIVERSITAS PGRI ADI BUANA,JAWA TIMUR,EKONOMI,BAIK SEKALI,14450000.0,JAWA TIMUR | Ekonomi & Bisnis | Menengah (10-20jt) | Baik Sekali / B,https://campus.quipper.com/directory/universitas-pgri-adi-buana-unipa-surabaya
432,UNIVERSITAS TRIBHUWANA TUNGGA DEWI,JAWA TIMUR,AGRIBISNIS,BAIK SEKALI,14250000.0,JAWA TIMUR | Ekonomi & Bisnis | Menengah (10-20jt) | Baik Sekali / B,https://rencanamu.id/cari-kampus/universitas-tribhuwana-tungga-dewi
432,UNIVERSITAS TRIBHUWANA TUNGGA DEWI,JAWA TIMUR,AKUNTANSI,B,14250000.0,JAWA TIMUR | Ekonomi & Bisnis | Menengah (10-20jt) | Baik Sekali / B,https://rencanamu.id/cari-kampus/universitas-tribhuwana-tungga-dewi
432,UNIVERSITAS TRIBHUWANA TUNGGA DEWI,JAWA TIMUR,MANAJEMEN,BAIK SEKALI,14250000.0,JAWA TIMUR | Ekonomi & Bisnis | Menengah (10-20jt) | Baik Sekali / B,https://rencanamu.id/cari-kampus/universitas-tribhuwana-tungga-dewi
433,IKIP PGRI BOJONEGORO,JAWA TIMUR,EKONOMI,B,14180000.0,JAWA TIMUR | Ekonomi & Bisnis | Menengah (10-20jt) | Baik Sekali / B,-
435,UNIVERSITAS NAROTAMA,JAWA TIMUR,AKUNTANSI,B,14100000.0,JAWA TIMUR | Ekonomi & Bisnis | Menengah (10-20jt) | Baik Sekali / B,https://campus.quipper.com/directory/universitas-narotama
435,UNIVERSITAS NAROTAMA,JAWA TIMUR,MANAJEMEN,B,14100000.0,JAWA TIMUR | Ekonomi & Bisnis | Menengah (10-20jt) | Baik Sekali / B,https://campus.quipper.com/directory/universitas-narotama
1533,UNIVERSITAS NURUL JADID,JAWA TIMUR,EKONOMI,BAIK,14100000.0,JAWA TIMUR | Ekonomi & Bisnis | Menengah (10-20jt) | Baik Sekali / B,-
440,UNIVERSITAS INTERNASIONAL SEMEN INDONESIA,JAWA TIMUR,AKUNTANSI,B,14000000.0,JAWA TIMUR | Ekonomi & Bisnis | Menengah (10-20jt) | Baik Sekali / B,https://campus.quipper.com/directory/universitas-internasional-semen-indonesia
458,UNIVERSITAS KEPANJEN,JAWA TIMUR,ADMINISTRASI RUMAH SAKIT,BAIK,13800000.0,JAWA TIMUR | Ekonomi & Bisnis | Menengah (10-20jt) | Baik Sekali / B,-
458,UNIVERSITAS KEPANJEN,JAWA TIMUR,BISNIS DIGITAL,BAIK,13800000.0,JAWA TIMUR | Ekonomi & Bisnis | Menengah (10-20jt) | Baik Sekali / B,-
458,UNIVERSITAS KEPANJEN,JAWA TIMUR,KEWIRAUSAHAAN,BAIK,13800000.0,JAWA TIMUR | Ekonomi & Bisnis | Menengah (10-20jt) | Baik Sekali / B,-
457,UNIVERSITAS WISNUWARDHANA,JAWA TIMUR,AGRIBISNIS,BAIK,13800000.0,JAWA TIMUR | Ekonomi & Bisnis | Menengah (10-20jt) | Baik Sekali / B,https://campus.quipper.com/directory/universitas-wisnuwardhana
457,UNIVERSITAS WISNUWARDHANA,JAWA TIMUR,AKUNTANSI,BAIK SEKALI,13800000.0,JAWA TIMUR | Ekonomi & Bisnis | Menengah (10-20jt) | Baik Sekali / B,https://campus.quipper.com/directory/universitas-wisnuwardhana
457,UNIVERSITAS WISNUWARDHANA,JAWA TIMUR,MANAJEMEN,BAIK SEKALI,13800000.0,JAWA TIMUR | Ekonomi & Bisnis | Menengah (10-20jt) | Baik Sekali / B,https://campus.quipper.com/directory/universitas-wisnuwardhana
476,STIKES ADI HUSADA,JAWA TIMUR,ADMINISTRASI RUMAH SAKIT,BAIK SEKALI,13200000.0,JAWA TIMUR | Ekonomi & Bisnis | Menengah (10-20jt) | Baik Sekali / B,https://campus.quipper.com/directory/stikes-adi-husada
486,UNIVERSITAS HAFSHAWATY ZAINUL HASAN,JAWA TIMUR,BISNIS DIGITAL,BAIK SEKALI,12900000.0,JAWA TIMUR | Ekonomi & Bisnis | Menengah (10-20jt) | Baik Sekali / B,-
504,UNIVERSITAS PESANTREN TINGGI DARUL  ULUM,JAWA TIMUR,ADMINISTRASI NIAGA,B,12525000.0,JAWA TIMUR | Ekonomi & Bisnis | Menengah (10-20jt) | Baik Sekali / B,-
509,UNIVERSITAS NOOR HUDA MUSTOFA,JAWA TIMUR,BISNIS DIGITAL,BAIK,12400000.0,JAWA TIMUR | Ekonomi & Bisnis | Menengah (10-20jt) | Baik Sekali / B,-
509,UNIVERSITAS NOOR HUDA MUSTOFA,JAWA TIMUR,KEWIRAUSAHAAN,BAIK,12400000.0,JAWA TIMUR | Ekonomi & Bisnis | Menengah (10-20jt) | Baik Sekali / B,-
532,UNIVERSITAS PGRI KANJURUHAN MALANG,JAWA TIMUR,AKUNTANSI,B,12040000.0,JAWA TIMUR | Ekonomi & Bisnis | Menengah (10-20jt) | Baik Sekali / B,https://campus.quipper.com/directory/universitas-pgri-kanjuruhan-malang
532,UNIVERSITAS PGRI KANJURUHAN MALANG,JAWA TIMUR,EKONOMI,BAIK SEKALI,12040000.0,JAWA TIMUR | Ekonomi & Bisnis | Menengah (10-20jt) | Baik Sekali / B,https://campus.quipper.com/directory/universitas-pgri-kanjuruhan-malang
532,UNIVERSITAS PGRI KANJURUHAN MALANG,JAWA TIMUR,MANAJEMEN,B,12040000.0,JAWA TIMUR | Ekonomi & Bisnis | Menengah (10-20jt) | Baik Sekali / B,https://campus.quipper.com/directory/universitas-pgri-kanjuruhan-malang
544,UNIVERSITAS GAJAYANA,JAWA TIMUR,AKUNTANSI,UNGGUL,12000000.0,JAWA TIMUR | Ekonomi & Bisnis | Menengah (10-20jt) | Unggul / A,https://campus.quipper.com/directory/universitas-gajayana
544,UNIVERSITAS GAJAYANA,JAWA TIMUR,EKONOMI PEMBANGUNAN,BAIK,12000000.0,JAWA TIMUR | Ekonomi & Bisnis | Menengah (10-20jt) | Baik Sekali / B,https://campus.quipper.com/directory/universitas-gajayana
544,UNIVERSITAS GAJAYANA,JAWA TIMUR,MANAJEMEN,BAIK SEKALI,12000000.0,JAWA TIMUR | Ekonomi & Bisnis | Menengah (10-20jt) | Baik Sekali / B,https://campus.quipper.com/directory/universitas-gajayana
557,UNIVERSITAS WIJAYA PUTRA,JAWA TIMUR,AGRIBISNIS,B,11600100.0,JAWA TIMUR | Ekonomi & Bisnis | Menengah (10-20jt) | Baik Sekali / B,https://campus.quipper.com/directory/universitas-wijaya-putra
557,UNIVERSITAS WIJAYA PUTRA,JAWA TIMUR,AKUNTANSI,BAIK SEKALI,11600100.0,JAWA TIMUR | Ekonomi & Bisnis | Menengah (10-20jt) | Baik Sekali / B,https://campus.quipper.com/directory/universitas-wijaya-putra
557,UNIVERSITAS WIJAYA PUTRA,JAWA TIMUR,EKONOMI PEMBANGUNAN,BAIK SEKALI,11600100.0,JAWA TIMUR | Ekonomi & Bisnis | Menengah (10-20jt) | Baik Sekali / B,https://campus.quipper.com/directory/universitas-wijaya-putra
557,UNIVERSITAS WIJAYA PUTRA,JAWA TIMUR,MANAJEMEN,B,11600100.0,JAWA TIMUR | Ekonomi & Bisnis | Menengah (10-20jt) | Baik Sekali / B,https://campus.quipper.com/directory/universitas-wijaya-putra
558,INSTITUT KESEHATAN DAN BISNIS SURABAYA,JAWA TIMUR,AKUNTANSI,BAIK SEKALI,11600000.0,JAWA TIMUR | Ekonomi & Bisnis | Menengah (10-20jt) | Baik Sekali / B,-
558,INSTITUT KESEHATAN DAN BISNIS SURABAYA,JAWA TIMUR,MANAJEMEN,BAIK SEKALI,11600000.0,JAWA TIMUR | Ekonomi & Bisnis | Menengah (10-20jt) | Baik Sekali / B,-
578,UNIVERSITAS MUHAMMADIYAH PONOROGO,JAWA TIMUR,AKUNTANSI,UNGGUL,11200000.0,JAWA TIMUR | Ekonomi & Bisnis | Menengah (10-20jt) | Unggul / A,https://campus.quipper.com/directory/universitas-muhammadiyah-ponorogo
578,UNIVERSITAS MUHAMMADIYAH PONOROGO,JAWA TIMUR,EKONOMI,UNGGUL,11200000.0,JAWA TIMUR | Ekonomi & Bisnis | Menengah (10-20jt) | Unggul / A,https://campus.quipper.com/directory/universitas-muhammadiyah-ponorogo
578,UNIVERSITAS MUHAMMADIYAH PONOROGO,JAWA TIMUR,EKONOMI PEMBANGUNAN,UNGGUL,11200000.0,JAWA TIMUR | Ekonomi & Bisnis | Menengah (10-20jt) | Unggul / A,https://campus.quipper.com/directory/universitas-muhammadiyah-ponorogo
578,UNIVERSITAS MUHAMMADIYAH PONOROGO,JAWA TIMUR,MANAJEMEN,UNGGUL,11200000.0,JAWA TIMUR | Ekonomi & Bisnis | Menengah (10-20jt) | Unggul / A,https://campus.quipper.com/directory/universitas-muhammadiyah-ponorogo
579,UNIVERSITAS MUHAMMADIYAH GRESIK,JAWA TIMUR,AGRIBISNIS,BAIK,11150000.0,JAWA TIMUR | Ekonomi & Bisnis | Menengah (10-20jt) | Baik Sekali / B,-
579,UNIVERSITAS MUHAMMADIYAH GRESIK,JAWA TIMUR,AKUNTANSI,BAIK SEKALI,11150000.0,JAWA TIMUR | Ekonomi & Bisnis | Menengah (10-20jt) | Baik Sekali / B,-
579,UNIVERSITAS MUHAMMADIYAH GRESIK,JAWA TIMUR,KEWIRAUSAHAAN,B,11150000.0,JAWA TIMUR | Ekonomi & Bisnis | Menengah (10-20jt) | Baik Sekali / B,-
579,UNIVERSITAS MUHAMMADIYAH GRESIK,JAWA TIMUR,MANAJEMEN,B,11150000.0,JAWA TIMUR | Ekonomi & Bisnis | Menengah (10-20jt) | Baik Sekali / B,-
587,SEKOLAH TINGGI ILMU EKONOMI INDONESIA SURABAYA,JAWA TIMUR,AKUNTANSI,UNGGUL,11000000.0,JAWA TIMUR | Ekonomi & Bisnis | Menengah (10-20jt) | Unggul / A,https://campus.quipper.com/directory/sekolah-tinggi-ilmu-ekonomi-indonesia-surabaya
587,SEKOLAH TINGGI ILMU EKONOMI INDONESIA SURABAYA,JAWA TIMUR,MANAJEMEN,UNGGUL,11000000.0,JAWA TIMUR | Ekonomi & Bisnis | Menengah (10-20jt) | Unggul / A,https://campus.quipper.com/directory/sekolah-tinggi-ilmu-ekonomi-indonesia-surabaya
587,SEKOLAH TINGGI ILMU EKONOMI INDONESIA SURABAYA,JAWA TIMUR,PERPAJAKAN,B,11000000.0,JAWA TIMUR | Ekonomi & Bisnis | Menengah (10-20jt) | Baik Sekali / B,https://campus.quipper.com/directory/sekolah-tinggi-ilmu-ekonomi-indonesia-surabaya
628,STIA DAN MANAJEMEN KEPELABUHAN BARUNAWATI,JAWA TIMUR,ADMINISTRASI BISNIS,BAIK SEKALI,10200000.0,JAWA TIMUR | Ekonomi & Bisnis | Menengah (10-20jt) | Baik Sekali / B,-
629,SEKOLAH TINGGI ILMU EKONOMI MAHARDHIKA,JAWA TIMUR,AKUNTANSI,BAIK SEKALI,10100000.0,JAWA TIMUR | Ekonomi & Bisnis | Menengah (10-20jt) | Baik Sekali / B,https://campus.quipper.com/directory/sekolah-tinggi-ilmu-ekonomi-mahardhika
629,SEKOLAH TINGGI ILMU EKONOMI MAHARDHIKA,JAWA TIMUR,BISNIS DIGITAL,BAIK,10100000.0,JAWA TIMUR | Ekonomi & Bisnis | Menengah (10-20jt) | Baik Sekali / B,https://campus.quipper.com/directory/sekolah-tinggi-ilmu-ekonomi-mahardhika
629,SEKOLAH TINGGI ILMU EKONOMI MAHARDHIKA,JAWA TIMUR,KEWIRAUSAHAAN,BAIK,10100000.0,JAWA TIMUR | Ekonomi & Bisnis | Menengah (10-20jt) | Baik Sekali / B,https://campus.quipper.com/directory/sekolah-tinggi-ilmu-ekonomi-mahardhika
629,SEKOLAH TINGGI ILMU EKONOMI MAHARDHIKA,JAWA TIMUR,MANAJEMEN,BAIK SEKALI,10100000.0,JAWA TIMUR | Ekonomi & Bisnis | Menengah (10-20jt) | Baik Sekali / B,https://campus.quipper.com/directory/sekolah-tinggi-ilmu-ekonomi-mahardhika
631,UNIVERSITAS PGRI MADIUN,JAWA TIMUR,AKUNTANSI,B,10091000.0,JAWA TIMUR | Ekonomi & Bisnis | Menengah (10-20jt) | Baik Sekali / B,https://campus.quipper.com/directory/universitas-pgri-madiun-unipma
631,UNIVERSITAS PGRI MADIUN,JAWA TIMUR,EKONOMI,B,10091000.0,JAWA TIMUR | Ekonomi & Bisnis | Menengah (10-20jt) | Baik Sekali / B,https://campus.quipper.com/directory/universitas-pgri-madiun-unipma
631,UNIVERSITAS PGRI MADIUN,JAWA TIMUR,MANAJEMEN,B,10091000.0,JAWA TIMUR | Ekonomi & Bisnis | Menengah (10-20jt) | Baik Sekali / B,https://campus.quipper.com/directory/universitas-pgri-madiun-unipma
649,UNIVERSITAS MADURA,JAWA TIMUR,AGRIBISNIS,BAIK,10000000.0,JAWA TIMUR | Ekonomi & Bisnis | Menengah (10-20jt) | Baik Sekali / B,https://rencanamu.id/cari-kampus/universitas-madura
649,UNIVERSITAS MADURA,JAWA TIMUR,AKUNTANSI,B,10000000.0,JAWA TIMUR | Ekonomi & Bisnis | Menengah (10-20jt) | Baik Sekali / B,https://rencanamu.id/cari-kampus/universitas-madura
649,UNIVERSITAS MADURA,JAWA TIMUR,BISNIS DIGITAL,BAIK,10000000.0,JAWA TIMUR | Ekonomi & Bisnis | Menengah (10-20jt) | Baik Sekali / B,https://rencanamu.id/cari-kampus/universitas-madura
649,UNIVERSITAS MADURA,JAWA TIMUR,MANAJEMEN,B,10000000.0,JAWA TIMUR | Ekonomi & Bisnis | Menengah (10-20jt) | Baik Sekali / B,https://rencanamu.id/cari-kampus/universitas-madura
638,UNIVERSITAS MOCHAMMAD SROEDJI,JAWA TIMUR,MANAJEMEN,B,10000000.0,JAWA TIMUR | Ekonomi & Bisnis | Menengah (10-20jt) | Baik Sekali / B,https://campus.quipper.com/directory/universitas-mochammad-sroedji
637,UNIVERSITAS PGRI ARGOPURO JEMBER,JAWA TIMUR,BISNIS DIGITAL,BAIK,10000000.0,JAWA TIMUR | Ekonomi & Bisnis | Menengah (10-20jt) | Baik Sekali / B,-
637,UNIVERSITAS PGRI ARGOPURO JEMBER,JAWA TIMUR,EKONOMI,BAIK SEKALI,10000000.0,JAWA TIMUR | Ekonomi & Bisnis | Menengah (10-20jt) | Baik Sekali / B,-
637,UNIVERSITAS PGRI ARGOPURO JEMBER,JAWA TIMUR,MANAJEMEN,BAIK SEKALI,10000000.0,JAWA TIMUR | Ekonomi & Bisnis | Menengah (10-20jt) | Baik Sekali / B,-
671,INSTITUT TEKNOLOGI SAINS DAN KESEHATAN INSAN CENDEKIA MEDIKA JOMBANG,JAWA TIMUR,BISNIS DIGITAL,BAIK SEKALI,9600000.0,JAWA TIMUR | Ekonomi & Bisnis | Terjangkau (5-10jt) | Baik Sekali / B,-
672,SEKOLAH TINGGI ILMU EKONOMI GEMPOL,JAWA TIMUR,AKUNTANSI,BAIK,9600000.0,JAWA TIMUR | Ekonomi & Bisnis | Terjangkau (5-10jt) | Baik Sekali / B,-
672,SEKOLAH TINGGI ILMU EKONOMI GEMPOL,JAWA TIMUR,MANAJEMEN,BAIK SEKALI,9600000.0,JAWA TIMUR | Ekonomi & Bisnis | Terjangkau (5-10jt) | Baik Sekali / B,-
684,UNIVERSITAS 45 SURABAYA,JAWA TIMUR,AKUNTANSI,BAIK SEKALI,9450000.0,JAWA TIMUR | Ekonomi & Bisnis | Terjangkau (5-10jt) | Baik Sekali / B,-
684,UNIVERSITAS 45 SURABAYA,JAWA TIMUR,MANAJEMEN,BAIK,9450000.0,JAWA TIMUR | Ekonomi & Bisnis | Terjangkau (5-10jt) | Baik Sekali / B,-
685,UNIVERSITAS ISLAM MADURA,JAWA TIMUR,AGRIBISNIS,BAIK SEKALI,9435000.0,JAWA TIMUR | Ekonomi & Bisnis | Terjangkau (5-10jt) | Baik Sekali / B,-
685,UNIVERSITAS ISLAM MADURA,JAWA TIMUR,AKUNTANSI,B,9435000.0,JAWA TIMUR | Ekonomi & Bisnis | Terjangkau (5-10jt) | Baik Sekali / B,-
690,UNIVERSITAS WIRARAJA,JAWA TIMUR,AGRIBISNIS,BAIK SEKALI,9313750.0,JAWA TIMUR | Ekonomi & Bisnis | Terjangkau (5-10jt) | Baik Sekali / B,-
690,UNIVERSITAS WIRARAJA,JAWA TIMUR,AKUNTANSI,BAIK SEKALI,9313750.0,JAWA TIMUR | Ekonomi & Bisnis | Terjangkau (5-10jt) | Baik Sekali / B,-
690,UNIVERSITAS WIRARAJA,JAWA TIMUR,BISNIS DIGITAL,BAIK,9313750.0,JAWA TIMUR | Ekonomi & Bisnis | Terjangkau (5-10jt) | Baik Sekali / B,-
690,UNIVERSITAS WIRARAJA,JAWA TIMUR,MANAJEMEN,BAIK SEKALI,9313750.0,JAWA TIMUR | Ekonomi & Bisnis | Terjangkau (5-10jt) | Baik Sekali / B,-
696,UNIVERSITAS KATOLIK WIDYA KARYA,JAWA TIMUR,AGRIBISNIS,B,9250000.0,JAWA TIMUR | Ekonomi & Bisnis | Terjangkau (5-10jt) | Baik Sekali / B,-
696,UNIVERSITAS KATOLIK WIDYA KARYA,JAWA TIMUR,AKUNTANSI,BAIK,9250000.0,JAWA TIMUR | Ekonomi & Bisnis | Terjangkau (5-10jt) | Baik Sekali / B,-
696,UNIVERSITAS KATOLIK WIDYA KARYA,JAWA TIMUR,MANAJEMEN,B,9250000.0,JAWA TIMUR | Ekonomi & Bisnis | Terjangkau (5-10jt) | Baik Sekali / B,-
697,INSTITUT TEKNOLOGI DAN SAINS MANDALA,JAWA TIMUR,AKUNTANSI,BAIK SEKALI,9200000.0,JAWA TIMUR | Ekonomi & Bisnis | Terjangkau (5-10jt) | Baik Sekali / B,https://campus.quipper.com/directory/institut-teknologi-dan-sains-mandala
697,INSTITUT TEKNOLOGI DAN SAINS MANDALA,JAWA TIMUR,EKONOMI PEMBANGUNAN,BAIK SEKALI,9200000.0,JAWA TIMUR | Ekonomi & Bisnis | Terjangkau (5-10jt) | Baik Sekali / B,https://campus.quipper.com/directory/institut-teknologi-dan-sains-mandala
697,INSTITUT TEKNOLOGI DAN SAINS MANDALA,JAWA TIMUR,MANAJEMEN,BAIK SEKALI,9200000.0,JAWA TIMUR | Ekonomi & Bisnis | Terjangkau (5-10jt) | Baik Sekali / B,https://campus.quipper.com/directory/institut-teknologi-dan-sains-mandala
710,UNIVERSITAS YUDHARTA PASURUAN,JAWA TIMUR,ADMINISTRASI BISNIS,BAIK SEKALI,9050000.0,JAWA TIMUR | Ekonomi & Bisnis | Terjangkau (5-10jt) | Baik Sekali / B,-
710,UNIVERSITAS YUDHARTA PASURUAN,JAWA TIMUR,AGRIBISNIS,B,9050000.0,JAWA TIMUR | Ekonomi & Bisnis | Terjangkau (5-10jt) | Baik Sekali / B,-
727,SEKOLAH TINGGI ILMU KOMUNIKASI ALMAMATER WARTAWAN SURABAYA,JAWA TIMUR,BISNIS DIGITAL,BAIK,8950000.0,JAWA TIMUR | Ekonomi & Bisnis | Terjangkau (5-10jt) | Baik Sekali / B,https://campus.quipper.com/directory/sekolah-tinggi-ilmu-komunikasi-almamater-wartawan-surabaya
730,UNIVERSITAS WAHIDIYAH,JAWA TIMUR,AGRIBISNIS,BAIK,8910000.0,JAWA TIMUR | Ekonomi & Bisnis | Terjangkau (5-10jt) | Baik Sekali / B,https://campus.quipper.com/directory/universitas-wahidiyah
730,UNIVERSITAS WAHIDIYAH,JAWA TIMUR,AKUNTANSI,BAIK,8910000.0,JAWA TIMUR | Ekonomi & Bisnis | Terjangkau (5-10jt) | Baik Sekali / B,https://campus.quipper.com/directory/universitas-wahidiyah
730,UNIVERSITAS WAHIDIYAH,JAWA TIMUR,MANAJEMEN,BAIK,8910000.0,JAWA TIMUR | Ekonomi & Bisnis | Terjangkau (5-10jt) | Baik Sekali / B,https://campus.quipper.com/directory/universitas-wahidiyah
741,UNIVERSITAS KH. BAHAUDIN MUDHARY MADURA,JAWA TIMUR,AKUNTANSI,BAIK,8800000.0,JAWA TIMUR | Ekonomi & Bisnis | Terjangkau (5-10jt) | Baik Sekali / B,-
741,UNIVERSITAS KH. BAHAUDIN MUDHARY MADURA,JAWA TIMUR,MANAJEMEN,BAIK,8800000.0,JAWA TIMUR | Ekonomi & Bisnis | Terjangkau (5-10jt) | Baik Sekali / B,-
10,UNIVERSITAS GAJAYANA MALANG,JAWA TIMUR,AKUNTANSI,B,8500000.0,JAWA TIMUR | Ekonomi & Bisnis | Terjangkau (5-10jt) | Baik Sekali / B,https://rencanamu.id/cari-kampus/universitas-gajayana-malang
10,UNIVERSITAS GAJAYANA MALANG,JAWA TIMUR,EKONOMI PEMBANGUNAN,B,8500000.0,JAWA TIMUR | Ekonomi & Bisnis | Terjangkau (5-10jt) | Baik Sekali / B,https://rencanamu.id/cari-kampus/universitas-gajayana-malang
10,UNIVERSITAS GAJAYANA MALANG,JAWA TIMUR,MANAJEMEN,B,8500000.0,JAWA TIMUR | Ekonomi & Bisnis | Terjangkau (5-10jt) | Baik Sekali / B,https://rencanamu.id/cari-kampus/universitas-gajayana-malang
768,UNIVERSITAS MERDEKA PASURUAN,JAWA TIMUR,MANAJEMEN,BAIK,8370000.0,JAWA TIMUR | Ekonomi & Bisnis | Terjangkau (5-10jt) | Baik Sekali / B,-
786,UNIVERSITAS BOJONEGORO,JAWA TIMUR,AGRIBISNIS,B,8000000.0,JAWA TIMUR | Ekonomi & Bisnis | Terjangkau (5-10jt) | Baik Sekali / B,-
786,UNIVERSITAS BOJONEGORO,JAWA TIMUR,EKONOMI PEMBANGUNAN,BAIK SEKALI,8000000.0,JAWA TIMUR | Ekonomi & Bisnis | Terjangkau (5-10jt) | Baik Sekali / B,-
786,UNIVERSITAS BOJONEGORO,JAWA TIMUR,MANAJEMEN RITEL,BAIK,8000000.0,JAWA TIMUR | Ekonomi & Bisnis | Terjangkau (5-10jt) | Baik Sekali / B,-
839,INSTITUT SAINS TEKNOLOGI DAN KESEHATAN INSAN CENDEKIA HUSADA BOJONEGORO,JAWA TIMUR,BISNIS DIGITAL,BAIK,7800000.0,JAWA TIMUR | Ekonomi & Bisnis | Terjangkau (5-10jt) | Baik Sekali / B,-
841,SEKOLAH TINGGI ILMU EKONOMI CENDEKIA BOJONEGORO,JAWA TIMUR,AKUNTANSI,BAIK SEKALI,7800000.0,JAWA TIMUR | Ekonomi & Bisnis | Terjangkau (5-10jt) | Baik Sekali / B,-
841,SEKOLAH TINGGI ILMU EKONOMI CENDEKIA BOJONEGORO,JAWA TIMUR,MANAJEMEN,BAIK,7800000.0,JAWA TIMUR | Ekonomi & Bisnis | Terjangkau (5-10jt) | Baik Sekali / B,-
835,UNIVERSITAS NUSANTARA PGRI KEDIRI,JAWA TIMUR,AKUNTANSI,BAIK SEKALI,7800000.0,JAWA TIMUR | Ekonomi & Bisnis | Terjangkau (5-10jt) | Baik Sekali / B,https://campus.quipper.com/directory/universitas-nusantara-pgri-kediri
835,UNIVERSITAS NUSANTARA PGRI KEDIRI,JAWA TIMUR,EKONOMI,BAIK SEKALI,7800000.0,JAWA TIMUR | Ekonomi & Bisnis | Terjangkau (5-10jt) | Baik Sekali / B,https://campus.quipper.com/directory/universitas-nusantara-pgri-kediri
835,UNIVERSITAS NUSANTARA PGRI KEDIRI,JAWA TIMUR,MANAJEMEN,BAIK SEKALI,7800000.0,JAWA TIMUR | Ekonomi & Bisnis | Terjangkau (5-10jt) | Baik Sekali / B,https://campus.quipper.com/directory/universitas-nusantara-pgri-kediri
842,SEKOLAH TINGGI ILMU EKONOMI NU TRATE,JAWA TIMUR,MANAJEMEN,BAIK SEKALI,7775000.0,JAWA TIMUR | Ekonomi & Bisnis | Terjangkau (5-10jt) | Baik Sekali / B,-
843,SEKOLAH TINGGI ILMU EKONOMI ARTHA BODHI ISWARA,JAWA TIMUR,MANAJEMEN,BAIK,7750000.0,JAWA TIMUR | Ekonomi & Bisnis | Terjangkau (5-10jt) | Baik Sekali / B,-
918,INSTITUT TEKNOLOGI DAN BISNIS ASIA MALANG,JAWA TIMUR,AKUNTANSI,BAIK SEKALI,7600000.0,JAWA TIMUR | Ekonomi & Bisnis | Terjangkau (5-10jt) | Baik Sekali / B,-
918,INSTITUT TEKNOLOGI DAN BISNIS ASIA MALANG,JAWA TIMUR,MANAJEMEN,BAIK SEKALI,7600000.0,JAWA TIMUR | Ekonomi & Bisnis | Terjangkau (5-10jt) | Baik Sekali / B,-
872,SEKOLAH TINGGI ILMU ADMINISTRASI MALANG,JAWA TIMUR,ADMINISTRASI BISNIS,B,7500000.0,JAWA TIMUR | Ekonomi & Bisnis | Terjangkau (5-10jt) | Baik Sekali / B,-
859,SEKOLAH TINGGI ILMU EKONOMI PEMNAS INDONESIA,JAWA TIMUR,MANAJEMEN,BAIK SEKALI,7500000.0,JAWA TIMUR | Ekonomi & Bisnis | Terjangkau (5-10jt) | Baik Sekali / B,-
879,UNIVERSITAS ABDURACHMAN SALEH SITUBONDO,JAWA TIMUR,AGRIBISNIS,BAIK SEKALI,7500000.0,JAWA TIMUR | Ekonomi & Bisnis | Terjangkau (5-10jt) | Baik Sekali / B,-
879,UNIVERSITAS ABDURACHMAN SALEH SITUBONDO,JAWA TIMUR,BISNIS DIGITAL,BAIK SEKALI,7500000.0,JAWA TIMUR | Ekonomi & Bisnis | Terjangkau (5-10jt) | Baik Sekali / B,-
879,UNIVERSITAS ABDURACHMAN SALEH SITUBONDO,JAWA TIMUR,MANAJEMEN,BAIK SEKALI,7500000.0,JAWA TIMUR | Ekonomi & Bisnis | Terjangkau (5-10jt) | Baik Sekali / B,-
870,UNIVERSITAS ISLAM LAMONGAN,JAWA TIMUR,AKUNTANSI,B,7500000.0,JAWA TIMUR | Ekonomi & Bisnis | Terjangkau (5-10jt) | Baik Sekali / B,https://rencanamu.id/cari-kampus/universitas-islam-lamongan
870,UNIVERSITAS ISLAM LAMONGAN,JAWA TIMUR,MANAJEMEN,B,7500000.0,JAWA TIMUR | Ekonomi & Bisnis | Terjangkau (5-10jt) | Baik Sekali / B,https://rencanamu.id/cari-kampus/universitas-islam-lamongan
883,UNIVERSITAS ANNUQAYAH,JAWA TIMUR,BISNIS DIGITAL,BAIK,7450000.0,JAWA TIMUR | Ekonomi & Bisnis | Terjangkau (5-10jt) | Baik Sekali / B,-
890,UNIVERSITAS KH. A. WAHAB HASBULLAH,JAWA TIMUR,AGRIBISNIS,BAIK,7400000.0,JAWA TIMUR | Ekonomi & Bisnis | Terjangkau (5-10jt) | Baik Sekali / B,-
890,UNIVERSITAS KH. A. WAHAB HASBULLAH,JAWA TIMUR,MANAJEMEN,BAIK,7400000.0,JAWA TIMUR | Ekonomi & Bisnis | Terjangkau (5-10jt) | Baik Sekali / B,-
913,UNIVERSITAS 17 AGUSTUS 1945 BANYUWANGI,JAWA TIMUR,AKUNTANSI,BAIK,7100000.0,JAWA TIMUR | Ekonomi & Bisnis | Terjangkau (5-10jt) | Baik Sekali / B,-
913,UNIVERSITAS 17 AGUSTUS 1945 BANYUWANGI,JAWA TIMUR,MANAJEMEN,BAIK,7100000.0,JAWA TIMUR | Ekonomi & Bisnis | Terjangkau (5-10jt) | Baik Sekali / B,-
931,UNIVERSITAS ABDURACHMAN SALEH,JAWA TIMUR,ADMINISTRASI,B,7000000.0,JAWA TIMUR | Ekonomi & Bisnis | Terjangkau (5-10jt) | Baik Sekali / B,https://campus.quipper.com/directory/universitas-abdurachman-saleh
931,UNIVERSITAS ABDURACHMAN SALEH,JAWA TIMUR,AGRIBISNIS,B,7000000.0,JAWA TIMUR | Ekonomi & Bisnis | Terjangkau (5-10jt) | Baik Sekali / B,https://campus.quipper.com/directory/universitas-abdurachman-saleh
931,UNIVERSITAS ABDURACHMAN SALEH,JAWA TIMUR,MANAJEMEN,B,7000000.0,JAWA TIMUR | Ekonomi & Bisnis | Terjangkau (5-10jt) | Baik Sekali / B,https://campus.quipper.com/directory/universitas-abdurachman-saleh
944,UNIVERSITAS PGRI MPU SINDOK,JAWA TIMUR,AGRIBISNIS,TERAKREDITASI SEMENTARA,7000000.0,JAWA TIMUR | Ekonomi & Bisnis | Terjangkau (5-10jt) | Baik Sekali / B,-
944,UNIVERSITAS PGRI MPU SINDOK,JAWA TIMUR,AKUNTANSI,BAIK,7000000.0,JAWA TIMUR | Ekonomi & Bisnis | Terjangkau (5-10jt) | Baik Sekali / B,-
944,UNIVERSITAS PGRI MPU SINDOK,JAWA TIMUR,BISNIS DIGITAL,BAIK,7000000.0,JAWA TIMUR | Ekonomi & Bisnis | Terjangkau (5-10jt) | Baik Sekali / B,-
944,UNIVERSITAS PGRI MPU SINDOK,JAWA TIMUR,EKONOMI,BAIK SEKALI,7000000.0,JAWA TIMUR | Ekonomi & Bisnis | Terjangkau (5-10jt) | Baik Sekali / B,-
944,UNIVERSITAS PGRI MPU SINDOK,JAWA TIMUR,MANAJEMEN,BAIK,7000000.0,JAWA TIMUR | Ekonomi & Bisnis | Terjangkau (5-10jt) | Baik Sekali / B,-
926,UNIVERSITAS WASKITA DHARMA,JAWA TIMUR,BISNIS DIGITAL,BAIK,7000000.0,JAWA TIMUR | Ekonomi & Bisnis | Terjangkau (5-10jt) | Baik Sekali / B,-
952,UNIVERSITAS KAHURIPAN KEDIRI,JAWA TIMUR,AGRIBISNIS,BAIK,6950000.0,JAWA TIMUR | Ekonomi & Bisnis | Terjangkau (5-10jt) | Baik Sekali / B,-
952,UNIVERSITAS KAHURIPAN KEDIRI,JAWA TIMUR,AKUNTANSI,B,6950000.0,JAWA TIMUR | Ekonomi & Bisnis | Terjangkau (5-10jt) | Baik Sekali / B,-
952,UNIVERSITAS KAHURIPAN KEDIRI,JAWA TIMUR,MANAJEMEN,BAIK,6950000.0,JAWA TIMUR | Ekonomi & Bisnis | Terjangkau (5-10jt) | Baik Sekali / B,-
951,UNIVERSITAS MUHAMMADIYAH MADIUN,JAWA TIMUR,AKTUARIA,BAIK,6950000.0,JAWA TIMUR | Ekonomi & Bisnis | Terjangkau (5-10jt) | Baik Sekali / B,-
954,SEKOLAH TINGGI ILMU KESEHATAN GRIYA HUSADA SURABAYA,JAWA TIMUR,ADMINISTRASI RUMAH SAKIT,BAIK,6900000.0,JAWA TIMUR | Ekonomi & Bisnis | Terjangkau (5-10jt) | Baik Sekali / B,-
964,INSTITUT TEKNOLOGI DAN BISNIS PGRI DEWANTARA JOMBANG,JAWA TIMUR,AKUNTANSI,BAIK SEKALI,6800000.0,JAWA TIMUR | Ekonomi & Bisnis | Terjangkau (5-10jt) | Baik Sekali / B,-
964,INSTITUT TEKNOLOGI DAN BISNIS PGRI DEWANTARA JOMBANG,JAWA TIMUR,BISNIS DIGITAL,BAIK,6800000.0,JAWA TIMUR | Ekonomi & Bisnis | Terjangkau (5-10jt) | Baik Sekali / B,-
964,INSTITUT TEKNOLOGI DAN BISNIS PGRI DEWANTARA JOMBANG,JAWA TIMUR,MANAJEMEN,B,6800000.0,JAWA TIMUR | Ekonomi & Bisnis | Terjangkau (5-10jt) | Baik Sekali / B,-
980,UNIVERSITAS MAYJEN SUNGKONO,JAWA TIMUR,AGRIBISNIS,B,6600000.0,JAWA TIMUR | Ekonomi & Bisnis | Terjangkau (5-10jt) | Baik Sekali / B,-
980,UNIVERSITAS MAYJEN SUNGKONO,JAWA TIMUR,AKUNTANSI,BAIK,6600000.0,JAWA TIMUR | Ekonomi & Bisnis | Terjangkau (5-10jt) | Baik Sekali / B,-
980,UNIVERSITAS MAYJEN SUNGKONO,JAWA TIMUR,MANAJEMEN,BAIK SEKALI,6600000.0,JAWA TIMUR | Ekonomi & Bisnis | Terjangkau (5-10jt) | Baik Sekali / B,-
1003,SEKOLAH TINGGI ILMU KESEHATAN RS BAPTIS KEDIRI,JAWA TIMUR,ADMINISTRASI RUMAH SAKIT,BAIK,6500000.0,JAWA TIMUR | Ekonomi & Bisnis | Terjangkau (5-10jt) | Baik Sekali / B,https://campus.quipper.com/directory/sekolah-tinggi-ilmu-kesehatan-rs-baptis-kediri
1004,UNIVERSITAS MERDEKA MADIUN,JAWA TIMUR,AKUNTANSI,B,6500000.0,JAWA TIMUR | Ekonomi & Bisnis | Terjangkau (5-10jt) | Baik Sekali / B,-
1004,UNIVERSITAS MERDEKA MADIUN,JAWA TIMUR,MANAJEMEN,BAIK SEKALI,6500000.0,JAWA TIMUR | Ekonomi & Bisnis | Terjangkau (5-10jt) | Baik Sekali / B,-
1017,SEKOLAH TINGGI ILMU ADMINISTRASI PEMBANGUNAN,JAWA TIMUR,ADMINISTRASI NIAGA,B,6400000.0,JAWA TIMUR | Ekonomi & Bisnis | Terjangkau (5-10jt) | Baik Sekali / B,-
1005,SEKOLAH TINGGI ILMU EKONOMI KOPERASI MALANG,JAWA TIMUR,MANAJEMEN,BAIK,6400000.0,JAWA TIMUR | Ekonomi & Bisnis | Terjangkau (5-10jt) | Baik Sekali / B,-
1033,UNIVERSITAS ISLAM KADIRI,JAWA TIMUR,AGRIBISNIS,B,6387500.0,JAWA TIMUR | Ekonomi & Bisnis | Terjangkau (5-10jt) | Baik Sekali / B,https://rencanamu.id/cari-kampus/universitas-islam-kadiri
1033,UNIVERSITAS ISLAM KADIRI,JAWA TIMUR,AKUNTANSI,B,6387500.0,JAWA TIMUR | Ekonomi & Bisnis | Terjangkau (5-10jt) | Baik Sekali / B,https://rencanamu.id/cari-kampus/universitas-islam-kadiri
1033,UNIVERSITAS ISLAM KADIRI,JAWA TIMUR,MANAJEMEN,B,6387500.0,JAWA TIMUR | Ekonomi & Bisnis | Terjangkau (5-10jt) | Baik Sekali / B,https://rencanamu.id/cari-kampus/universitas-islam-kadiri
1042,UNIVERSITAS PAWYATAN DAHA,JAWA TIMUR,ADMINISTRASI BISNIS,B,6275000.0,JAWA TIMUR | Ekonomi & Bisnis | Terjangkau (5-10jt) | Baik Sekali / B,-
1042,UNIVERSITAS PAWYATAN DAHA,JAWA TIMUR,AKUNTANSI,BAIK,6275000.0,JAWA TIMUR | Ekonomi & Bisnis | Terjangkau (5-10jt) | Baik Sekali / B,-
1042,UNIVERSITAS PAWYATAN DAHA,JAWA TIMUR,MANAJEMEN,BAIK,6275000.0,JAWA TIMUR | Ekonomi & Bisnis | Terjangkau (5-10jt) | Baik Sekali / B,-
1046,INSTITUT TEKNOLOGI DAN BISNIS YADIKA PASURUAN,JAWA TIMUR,AKUNTANSI,B,6265000.0,JAWA TIMUR | Ekonomi & Bisnis | Terjangkau (5-10jt) | Baik Sekali / B,-
1046,INSTITUT TEKNOLOGI DAN BISNIS YADIKA PASURUAN,JAWA TIMUR,MANAJEMEN,BAIK SEKALI,6265000.0,JAWA TIMUR | Ekonomi & Bisnis | Terjangkau (5-10jt) | Baik Sekali / B,-
1047,INSTITUT TEKNOLOGI DAN BISNIS WIDYA GAMA LUMAJANG,JAWA TIMUR,AKUNTANSI,BAIK SEKALI,6250000.0,JAWA TIMUR | Ekonomi & Bisnis | Terjangkau (5-10jt) | Baik Sekali / B,-
1047,INSTITUT TEKNOLOGI DAN BISNIS WIDYA GAMA LUMAJANG,JAWA TIMUR,MANAJEMEN,BAIK SEKALI,6250000.0,JAWA TIMUR | Ekonomi & Bisnis | Terjangkau (5-10jt) | Baik Sekali / B,-
1062,UNIVERSITAS BHINNEKA PGRI,JAWA TIMUR,EKONOMI,BAIK SEKALI,6175000.0,JAWA TIMUR | Ekonomi & Bisnis | Terjangkau (5-10jt) | Baik Sekali / B,-
1111,INSTITUT PERTANIAN MALANG,JAWA TIMUR,AGRIBISNIS,BAIK,6000000.0,JAWA TIMUR | Ekonomi & Bisnis | Terjangkau (5-10jt) | Baik Sekali / B,-
1081,SEKOLAH TINGGI ILMU EKONOMI PEMUDA,JAWA TIMUR,MANAJEMEN,BAIK,6000000.0,JAWA TIMUR | Ekonomi & Bisnis | Terjangkau (5-10jt) | Baik Sekali / B,-
1103,UNIVERSITAS ISLAM RADEN RAHMAT,JAWA TIMUR,MANAJEMEN,BAIK SEKALI,6000000.0,JAWA TIMUR | Ekonomi & Bisnis | Terjangkau (5-10jt) | Baik Sekali / B,-
1098,UNIVERSITAS NAHDLATUL ULAMA SIDOARJO,JAWA TIMUR,AKUNTANSI,BAIK,6000000.0,JAWA TIMUR | Ekonomi & Bisnis | Terjangkau (5-10jt) | Baik Sekali / B,-
1098,UNIVERSITAS NAHDLATUL ULAMA SIDOARJO,JAWA TIMUR,MANAJEMEN,BAIK,6000000.0,JAWA TIMUR | Ekonomi & Bisnis | Terjangkau (5-10jt) | Baik Sekali / B,-
1092,UNIVERSITAS TEKNOLOGI SURABAYA,JAWA TIMUR,AKUNTANSI,BAIK,6000000.0,JAWA TIMUR | Ekonomi & Bisnis | Terjangkau (5-10jt) | Baik Sekali / B,-
1092,UNIVERSITAS TEKNOLOGI SURABAYA,JAWA TIMUR,MANAJEMEN,BAIK,6000000.0,JAWA TIMUR | Ekonomi & Bisnis | Terjangkau (5-10jt) | Baik Sekali / B,-
1099,UNIVERSITAS W R SUPRATMAN,JAWA TIMUR,ADMINISTRASI,BAIK,6000000.0,JAWA TIMUR | Ekonomi & Bisnis | Terjangkau (5-10jt) | Baik Sekali / B,-
1144,SEKOLAH TINGGI ILMU EKONOMI WIDYA GAMA,JAWA TIMUR,AKUNTANSI,B,5800000.0,JAWA TIMUR | Ekonomi & Bisnis | Terjangkau (5-10jt) | Baik Sekali / B,https://campus.quipper.com/directory/sekolah-tinggi-ilmu-ekonomi-widya-gama
1144,SEKOLAH TINGGI ILMU EKONOMI WIDYA GAMA,JAWA TIMUR,MANAJEMEN,BAIK,5800000.0,JAWA TIMUR | Ekonomi & Bisnis | Terjangkau (5-10jt) | Baik Sekali / B,https://campus.quipper.com/directory/sekolah-tinggi-ilmu-ekonomi-widya-gama
1147,SEKOLAH TINGGI ILMU EKONOMI IBMT,JAWA TIMUR,MANAJEMEN,BAIK,5750000.0,JAWA TIMUR | Ekonomi & Bisnis | Terjangkau (5-10jt) | Baik Sekali / B,-
1158,UNIVERSITAS ISLAM JEMBER,JAWA TIMUR,ADMINISTRASI,BAIK,5700000.0,JAWA TIMUR | Ekonomi & Bisnis | Terjangkau (5-10jt) | Baik Sekali / B,https://campus.quipper.com/directory/universitas-islam-jember
1158,UNIVERSITAS ISLAM JEMBER,JAWA TIMUR,AGRIBISNIS,B,5700000.0,JAWA TIMUR | Ekonomi & Bisnis | Terjangkau (5-10jt) | Baik Sekali / B,https://campus.quipper.com/directory/universitas-islam-jember
1158,UNIVERSITAS ISLAM JEMBER,JAWA TIMUR,MANAJEMEN,BAIK,5700000.0,JAWA TIMUR | Ekonomi & Bisnis | Terjangkau (5-10jt) | Baik Sekali / B,https://campus.quipper.com/directory/universitas-islam-jember
783,UNIVERSITAS BAKTI INDONESIA,JAWA TIMUR,AKUNTANSI,BAIK,5600000.0,JAWA TIMUR | Ekonomi & Bisnis | Terjangkau (5-10jt) | Baik Sekali / B,-
783,UNIVERSITAS BAKTI INDONESIA,JAWA TIMUR,MANAJEMEN,BAIK,5600000.0,JAWA TIMUR | Ekonomi & Bisnis | Terjangkau (5-10jt) | Baik Sekali / B,-
1174,UNIVERSITAS PANCA MARGA,JAWA TIMUR,AGRIBISNIS,BAIK,5550000.0,JAWA TIMUR | Ekonomi & Bisnis | Terjangkau (5-10jt) | Baik Sekali / B,https://rencanamu.id/cari-kampus/universitas-panca-marga
1174,UNIVERSITAS PANCA MARGA,JAWA TIMUR,AKUNTANSI,C,5550000.0,JAWA TIMUR | Ekonomi & Bisnis | Terjangkau (5-10jt) | Baik Sekali / B,https://rencanamu.id/cari-kampus/universitas-panca-marga
1174,UNIVERSITAS PANCA MARGA,JAWA TIMUR,BISNIS DIGITAL,BAIK,5550000.0,JAWA TIMUR | Ekonomi & Bisnis | Terjangkau (5-10jt) | Baik Sekali / B,https://rencanamu.id/cari-kampus/universitas-panca-marga
1174,UNIVERSITAS PANCA MARGA,JAWA TIMUR,MANAJEMEN,B,5550000.0,JAWA TIMUR | Ekonomi & Bisnis | Terjangkau (5-10jt) | Baik Sekali / B,https://rencanamu.id/cari-kampus/universitas-panca-marga
1201,SEKOLAH TINGGI ILMU EKONOMI KESUMANEGARA,JAWA TIMUR,AKUNTANSI,BAIK,5250000.0,JAWA TIMUR | Ekonomi & Bisnis | Terjangkau (5-10jt) | Baik Sekali / B,-
1201,SEKOLAH TINGGI ILMU EKONOMI KESUMANEGARA,JAWA TIMUR,MANAJEMEN,BAIK,5250000.0,JAWA TIMUR | Ekonomi & Bisnis | Terjangkau (5-10jt) | Baik Sekali / B,-
15,UNIVERSITAS DR. SOETOMO,JAWA TIMUR,ADMINISTRASI NIAGA,B,5100000.0,JAWA TIMUR | Ekonomi & Bisnis | Terjangkau (5-10jt) | Baik Sekali / B,https://rencanamu.id/cari-kampus/universitas-dr-soetomo
15,UNIVERSITAS DR. SOETOMO,JAWA TIMUR,AKUNTANSI,B,5100000.0,JAWA TIMUR | Ekonomi & Bisnis | Terjangkau (5-10jt) | Baik Sekali / B,https://rencanamu.id/cari-kampus/universitas-dr-soetomo
15,UNIVERSITAS DR. SOETOMO,JAWA TIMUR,EKONOMI PEMBANGUNAN,B,5100000.0,JAWA TIMUR | Ekonomi & Bisnis | Terjangkau (5-10jt) | Baik Sekali / B,https://rencanamu.id/cari-kampus/universitas-dr-soetomo
15,UNIVERSITAS DR. SOETOMO,JAWA TIMUR,MANAJEMEN,B,5100000.0,JAWA TIMUR | Ekonomi & Bisnis | Terjangkau (5-10jt) | Baik Sekali / B,https://rencanamu.id/cari-kampus/universitas-dr-soetomo
1220,SEKOLAH TINGGI ILMU EKONOMI JAYA NEGARA TAMANSISWA,JAWA TIMUR,AKUNTANSI,BAIK,5050000.0,JAWA TIMUR | Ekonomi & Bisnis | Terjangkau (5-10jt) | Baik Sekali / B,-
1220,SEKOLAH TINGGI ILMU EKONOMI JAYA NEGARA TAMANSISWA,JAWA TIMUR,MANAJEMEN,BAIK SEKALI,5050000.0,JAWA TIMUR | Ekonomi & Bisnis | Terjangkau (5-10jt) | Baik Sekali / B,-
1265,INSTITUT TEKNOLOGI DAN BISNIS TUBAN,JAWA TIMUR,BISNIS DIGITAL,BAIK,5000000.0,JAWA TIMUR | Ekonomi & Bisnis | Terjangkau (5-10jt) | Baik Sekali / B,-
1265,INSTITUT TEKNOLOGI DAN BISNIS TUBAN,JAWA TIMUR,KEWIRAUSAHAAN,BAIK,5000000.0,JAWA TIMUR | Ekonomi & Bisnis | Terjangkau (5-10jt) | Baik Sekali / B,-
1265,INSTITUT TEKNOLOGI DAN BISNIS TUBAN,JAWA TIMUR,MANAJEMEN RITEL,BAIK,5000000.0,JAWA TIMUR | Ekonomi & Bisnis | Terjangkau (5-10jt) | Baik Sekali / B,-
1232,SEKOLAH TINGGI ILMU EKONOMI AL-ANWAR,JAWA TIMUR,AKUNTANSI,BAIK,5000000.0,JAWA TIMUR | Ekonomi & Bisnis | Terjangkau (5-10jt) | Baik Sekali / B,-
1232,SEKOLAH TINGGI ILMU EKONOMI AL-ANWAR,JAWA TIMUR,MANAJEMEN,BAIK,5000000.0,JAWA TIMUR | Ekonomi & Bisnis | Terjangkau (5-10jt) | Baik Sekali / B,-
1315,SEKOLAH TINGGI ILMU ADMINISTRASI BAYUANGGA,JAWA TIMUR,ADMINISTRASI NIAGA,BAIK SEKALI,4800000.0,JAWA TIMUR | Ekonomi & Bisnis | Hemat (<5jt) | Baik Sekali / B,-
1312,SEKOLAH TINGGI ILMU EKONOMI DHARMA NASIONAL JEMBER,JAWA TIMUR,MANAJEMEN,BAIK,4800000.0,JAWA TIMUR | Ekonomi & Bisnis | Hemat (<5jt) | Baik Sekali / B,-
1274,SEKOLAH TINGGI ILMU EKONOMI KERTANEGARA,JAWA TIMUR,MANAJEMEN,BAIK,4800000.0,JAWA TIMUR | Ekonomi & Bisnis | Hemat (<5jt) | Baik Sekali / B,-
1341,SEKOLAH TINGGI ILMU EKONOMI INDOCAKTI,JAWA TIMUR,AKUNTANSI,BAIK,4650000.0,JAWA TIMUR | Ekonomi & Bisnis | Hemat (<5jt) | Baik Sekali / B,-
1350,UNIVERSITAS BONDOWOSO,JAWA TIMUR,AGRIBISNIS,BAIK,4500000.0,JAWA TIMUR | Ekonomi & Bisnis | Hemat (<5jt) | Baik Sekali / B,-
1385,UNIVERSITAS DARUL  ULUM,JAWA TIMUR,AGRIBISNIS,BAIK,4250000.0,JAWA TIMUR | Ekonomi & Bisnis | Hemat (<5jt) | Baik Sekali / B,-
1394,UNIVERSITAS TULUNGAGUNG,JAWA TIMUR,AGRIBISNIS,B,4100000.0,JAWA TIMUR | Ekonomi & Bisnis | Hemat (<5jt) | Baik Sekali / B,-
1394,UNIVERSITAS TULUNGAGUNG,JAWA TIMUR,AKUNTANSI,BAIK SEKALI,4100000.0,JAWA TIMUR | Ekonomi & Bisnis | Hemat (<5jt) | Baik Sekali / B,-
1394,UNIVERSITAS TULUNGAGUNG,JAWA TIMUR,MANAJEMEN,BAIK SEKALI,4100000.0,JAWA TIMUR | Ekonomi & Bisnis | Hemat (<5jt) | Baik Sekali / B,-
1422,UNIVERSITAS LUMAJANG,JAWA TIMUR,AGRIBISNIS,BAIK,3900000.0,JAWA TIMUR | Ekonomi & Bisnis | Hemat (<5jt) | Baik Sekali / B,-
1496,STIE BAKTI BANGSA,JAWA TIMUR,EKONOMI PEMBANGUNAN,BAIK,2600000.0,JAWA TIMUR | Ekonomi & Bisnis | Hemat (<5jt) | Baik Sekali / B,-
1525,SEKOLAH TINGGI ILMU EKONOMI DARUL FALAH,JAWA TIMUR,AKUNTANSI,BAIK,900000.0,JAWA TIMUR | Ekonomi & Bisnis | Hemat (<5jt) | Baik Sekali / B,-
1525,SEKOLAH TINGGI ILMU EKONOMI DARUL FALAH,JAWA TIMUR,MANAJEMEN,BAIK,900000.0,JAWA TIMUR | Ekonomi & Bisnis | Hemat (<5jt) | Baik Sekali / B,-
39,UNIVERSITAS KATOLIK WIDYA MANDALA SURABAYA,JAWA TIMUR,FARMASI,A,234470600.0,JAWA TIMUR | Kesehatan | Sangat Mahal (>50jt) | Baik Sekali / B,https://campus.quipper.com/directory/universitas-katolik-widya-mandala-surabaya
39,UNIVERSITAS KATOLIK WIDYA MANDALA SURABAYA,JAWA TIMUR,KEDOKTERAN,B,234470600.0,JAWA TIMUR | Kesehatan | Sangat Mahal (>50jt) | Baik Sekali / B,https://campus.quipper.com/directory/universitas-katolik-widya-mandala-surabaya
39,UNIVERSITAS KATOLIK WIDYA MANDALA SURABAYA,JAWA TIMUR,KEPERAWATAN,B,234470600.0,JAWA TIMUR | Kesehatan | Sangat Mahal (>50jt) | Baik Sekali / B,https://campus.quipper.com/directory/universitas-katolik-widya-mandala-surabaya
44,UNIVERSITAS HANG TUAH,JAWA TIMUR,FARMASI,B,146900000.0,JAWA TIMUR | Kesehatan | Sangat Mahal (>50jt) | Baik Sekali / B,https://campus.quipper.com/directory/universitas-hang-tuah
44,UNIVERSITAS HANG TUAH,JAWA TIMUR,KEDOKTERAN,B,146900000.0,JAWA TIMUR | Kesehatan | Sangat Mahal (>50jt) | Baik Sekali / B,https://campus.quipper.com/directory/universitas-hang-tuah
45,UNIVERSITAS MUHAMMADIYAH SURABAYA,JAWA TIMUR,FARMASI,BAIK SEKALI,142200000.0,JAWA TIMUR | Kesehatan | Sangat Mahal (>50jt) | Baik Sekali / B,https://campus.quipper.com/directory/universitas-muhammadiyah-surabaya
45,UNIVERSITAS MUHAMMADIYAH SURABAYA,JAWA TIMUR,FISIOTERAPI,BAIK SEKALI,142200000.0,JAWA TIMUR | Kesehatan | Sangat Mahal (>50jt) | Baik Sekali / B,https://campus.quipper.com/directory/universitas-muhammadiyah-surabaya
45,UNIVERSITAS MUHAMMADIYAH SURABAYA,JAWA TIMUR,INFORMATIKA MEDIS,UNGGUL,142200000.0,JAWA TIMUR | Kesehatan | Sangat Mahal (>50jt) | Unggul / A,https://campus.quipper.com/directory/universitas-muhammadiyah-surabaya
45,UNIVERSITAS MUHAMMADIYAH SURABAYA,JAWA TIMUR,KEBIDANAN,BAIK,142200000.0,JAWA TIMUR | Kesehatan | Sangat Mahal (>50jt) | Baik Sekali / B,https://campus.quipper.com/directory/universitas-muhammadiyah-surabaya
45,UNIVERSITAS MUHAMMADIYAH SURABAYA,JAWA TIMUR,KEDOKTERAN,UNGGUL,142200000.0,JAWA TIMUR | Kesehatan | Sangat Mahal (>50jt) | Unggul / A,https://campus.quipper.com/directory/universitas-muhammadiyah-surabaya
45,UNIVERSITAS MUHAMMADIYAH SURABAYA,JAWA TIMUR,KEDOKTERAN GIGI,BAIK,142200000.0,JAWA TIMUR | Kesehatan | Sangat Mahal (>50jt) | Baik Sekali / B,https://campus.quipper.com/directory/universitas-muhammadiyah-surabaya
45,UNIVERSITAS MUHAMMADIYAH SURABAYA,JAWA TIMUR,KEPERAWATAN,UNGGUL,142200000.0,JAWA TIMUR | Kesehatan | Sangat Mahal (>50jt) | Unggul / A,https://campus.quipper.com/directory/universitas-muhammadiyah-surabaya
61,UNIVERSITAS KADIRI,JAWA TIMUR,FARMASI,BAIK SEKALI,71250000.0,JAWA TIMUR | Kesehatan | Sangat Mahal (>50jt) | Baik Sekali / B,https://campus.quipper.com/directory/universitas-kadiri
61,UNIVERSITAS KADIRI,JAWA TIMUR,INFORMATIKA MEDIS,BAIK SEKALI,71250000.0,JAWA TIMUR | Kesehatan | Sangat Mahal (>50jt) | Baik Sekali / B,https://campus.quipper.com/directory/universitas-kadiri
61,UNIVERSITAS KADIRI,JAWA TIMUR,KEBIDANAN,BAIK SEKALI,71250000.0,JAWA TIMUR | Kesehatan | Sangat Mahal (>50jt) | Baik Sekali / B,https://campus.quipper.com/directory/universitas-kadiri
61,UNIVERSITAS KADIRI,JAWA TIMUR,KEDOKTERAN,BAIK SEKALI,71250000.0,JAWA TIMUR | Kesehatan | Sangat Mahal (>50jt) | Baik Sekali / B,https://campus.quipper.com/directory/universitas-kadiri
61,UNIVERSITAS KADIRI,JAWA TIMUR,KEPERAWATAN,BAIK SEKALI,71250000.0,JAWA TIMUR | Kesehatan | Sangat Mahal (>50jt) | Baik Sekali / B,https://campus.quipper.com/directory/universitas-kadiri
61,UNIVERSITAS KADIRI,JAWA TIMUR,KESEHATAN MASYARAKAT,BAIK SEKALI,71250000.0,JAWA TIMUR | Kesehatan | Sangat Mahal (>50jt) | Baik Sekali / B,https://campus.quipper.com/directory/universitas-kadiri
72,UNIVERSITAS CIPUTRA SURABAYA,JAWA TIMUR,KEDOKTERAN,BAIK SEKALI,59000000.0,JAWA TIMUR | Kesehatan | Sangat Mahal (>50jt) | Baik Sekali / B,https://campus.quipper.com/directory/universitas-ciputra-surabaya
72,UNIVERSITAS CIPUTRA SURABAYA,JAWA TIMUR,KEDOKTERAN GIGI,BAIK,59000000.0,JAWA TIMUR | Kesehatan | Sangat Mahal (>50jt) | Baik Sekali / B,https://campus.quipper.com/directory/universitas-ciputra-surabaya
1535,UNIVERSITAS MUHAMMADIYAH SIDOARJO,JAWA TIMUR,FISIOTERAPI,BAIK SEKALI,48525000.0,JAWA TIMUR | Kesehatan | Mahal (20-50jt) | Baik Sekali / B,https://rencanamu.id/cari-kampus/universitas-muhammadiyah-sidoarjo
1535,UNIVERSITAS MUHAMMADIYAH SIDOARJO,JAWA TIMUR,KEBIDANAN,BAIK SEKALI,48525000.0,JAWA TIMUR | Kesehatan | Mahal (20-50jt) | Baik Sekali / B,https://rencanamu.id/cari-kampus/universitas-muhammadiyah-sidoarjo
1535,UNIVERSITAS MUHAMMADIYAH SIDOARJO,JAWA TIMUR,KEDOKTERAN GIGI,BAIK,48525000.0,JAWA TIMUR | Kesehatan | Mahal (20-50jt) | Baik Sekali / B,https://rencanamu.id/cari-kampus/universitas-muhammadiyah-sidoarjo
1535,UNIVERSITAS MUHAMMADIYAH SIDOARJO,JAWA TIMUR,KESEHATAN MASYARAKAT,B,48525000.0,JAWA TIMUR | Kesehatan | Mahal (20-50jt) | Baik Sekali / B,https://rencanamu.id/cari-kampus/universitas-muhammadiyah-sidoarjo
95,UNIVERSITAS NAHDLATUL ULAMA SURABAYA,JAWA TIMUR,GIZI,UNGGUL,47476000.0,JAWA TIMUR | Kesehatan | Mahal (20-50jt) | Unggul / A,https://campus.quipper.com/directory/universitas-nahdlatul-ulama-surabaya
95,UNIVERSITAS NAHDLATUL ULAMA SURABAYA,JAWA TIMUR,KEBIDANAN,UNGGUL,47476000.0,JAWA TIMUR | Kesehatan | Mahal (20-50jt) | Unggul / A,https://campus.quipper.com/directory/universitas-nahdlatul-ulama-surabaya
95,UNIVERSITAS NAHDLATUL ULAMA SURABAYA,JAWA TIMUR,KEDOKTERAN,UNGGUL,47476000.0,JAWA TIMUR | Kesehatan | Mahal (20-50jt) | Unggul / A,https://campus.quipper.com/directory/universitas-nahdlatul-ulama-surabaya
95,UNIVERSITAS NAHDLATUL ULAMA SURABAYA,JAWA TIMUR,KEPERAWATAN,UNGGUL,47476000.0,JAWA TIMUR | Kesehatan | Mahal (20-50jt) | Unggul / A,https://campus.quipper.com/directory/universitas-nahdlatul-ulama-surabaya
95,UNIVERSITAS NAHDLATUL ULAMA SURABAYA,JAWA TIMUR,KESEHATAN MASYARAKAT,UNGGUL,47476000.0,JAWA TIMUR | Kesehatan | Mahal (20-50jt) | Unggul / A,https://campus.quipper.com/directory/universitas-nahdlatul-ulama-surabaya
96,UNIVERSITAS MUHAMMADIYAH JEMBER,JAWA TIMUR,KEPERAWATAN,B,46860200.0,JAWA TIMUR | Kesehatan | Mahal (20-50jt) | Baik Sekali / B,https://rencanamu.id/cari-kampus/universitas-muhammadiyah-jember
118,UNIVERSITAS SURABAYA,JAWA TIMUR,APOTEKER,A,38850250.0,JAWA TIMUR | Kesehatan | Mahal (20-50jt) | Baik Sekali / B,https://campus.quipper.com/directory/universitas-surabaya
118,UNIVERSITAS SURABAYA,JAWA TIMUR,FARMASI,A,38850250.0,JAWA TIMUR | Kesehatan | Mahal (20-50jt) | Baik Sekali / B,https://campus.quipper.com/directory/universitas-surabaya
118,UNIVERSITAS SURABAYA,JAWA TIMUR,KEDOKTERAN,BAIK SEKALI,38850250.0,JAWA TIMUR | Kesehatan | Mahal (20-50jt) | Baik Sekali / B,https://campus.quipper.com/directory/universitas-surabaya
119,UNIVERSITAS WIJAYA KUSUMA SURABAYA,JAWA TIMUR,KEDOKTERAN,B,38400000.0,JAWA TIMUR | Kesehatan | Mahal (20-50jt) | Baik Sekali / B,https://campus.quipper.com/directory/universitas-wijaya-kusuma-surabaya
119,UNIVERSITAS WIJAYA KUSUMA SURABAYA,JAWA TIMUR,KEDOKTERAN HEWAN,C,38400000.0,JAWA TIMUR | Kesehatan | Mahal (20-50jt) | Baik / C,https://campus.quipper.com/directory/universitas-wijaya-kusuma-surabaya
134,UNIVERSITAS ISLAM MALANG,JAWA TIMUR,FARMASI,BAIK SEKALI,33550000.0,JAWA TIMUR | Kesehatan | Mahal (20-50jt) | Baik Sekali / B,https://campus.quipper.com/directory/universitas-islam-malang
134,UNIVERSITAS ISLAM MALANG,JAWA TIMUR,KEDOKTERAN,B,33550000.0,JAWA TIMUR | Kesehatan | Mahal (20-50jt) | Baik Sekali / B,https://campus.quipper.com/directory/universitas-islam-malang
176,UNIVERSITAS KRISTEN PETRA,JAWA TIMUR,KEDOKTERAN,BAIK,28000000.0,JAWA TIMUR | Kesehatan | Mahal (20-50jt) | Baik Sekali / B,https://campus.quipper.com/directory/universitas-kristen-petra
176,UNIVERSITAS KRISTEN PETRA,JAWA TIMUR,KEDOKTERAN GIGI,BAIK,28000000.0,JAWA TIMUR | Kesehatan | Mahal (20-50jt) | Baik Sekali / B,https://campus.quipper.com/directory/universitas-kristen-petra
213,SEKOLAH TINGGI ILMU KESEHATAN MAJAPAHIT,JAWA TIMUR,KEBIDANAN,BAIK SEKALI,24900000.0,JAWA TIMUR | Kesehatan | Mahal (20-50jt) | Baik Sekali / B,-
213,SEKOLAH TINGGI ILMU KESEHATAN MAJAPAHIT,JAWA TIMUR,KEPERAWATAN,BAIK SEKALI,24900000.0,JAWA TIMUR | Kesehatan | Mahal (20-50jt) | Baik Sekali / B,-
213,SEKOLAH TINGGI ILMU KESEHATAN MAJAPAHIT,JAWA TIMUR,KESEHATAN MASYARAKAT,BAIK SEKALI,24900000.0,JAWA TIMUR | Kesehatan | Mahal (20-50jt) | Baik Sekali / B,-
226,INSTITUT ILMU KESEHATAN BHAKTI WIYATA KEDIRI,JAWA TIMUR,FARMASI,BAIK SEKALI,24000000.0,JAWA TIMUR | Kesehatan | Mahal (20-50jt) | Baik Sekali / B,https://campus.quipper.com/directory/institut-ilmu-kesehatan-bhakti-wiyata-kediri
226,INSTITUT ILMU KESEHATAN BHAKTI WIYATA KEDIRI,JAWA TIMUR,FISIOTERAPI,BAIK,24000000.0,JAWA TIMUR | Kesehatan | Mahal (20-50jt) | Baik Sekali / B,https://campus.quipper.com/directory/institut-ilmu-kesehatan-bhakti-wiyata-kediri
226,INSTITUT ILMU KESEHATAN BHAKTI WIYATA KEDIRI,JAWA TIMUR,GIZI,BAIK SEKALI,24000000.0,JAWA TIMUR | Kesehatan | Mahal (20-50jt) | Baik Sekali / B,https://campus.quipper.com/directory/institut-ilmu-kesehatan-bhakti-wiyata-kediri
226,INSTITUT ILMU KESEHATAN BHAKTI WIYATA KEDIRI,JAWA TIMUR,INFORMATIKA MEDIS,UNGGUL,24000000.0,JAWA TIMUR | Kesehatan | Mahal (20-50jt) | Unggul / A,https://campus.quipper.com/directory/institut-ilmu-kesehatan-bhakti-wiyata-kediri
226,INSTITUT ILMU KESEHATAN BHAKTI WIYATA KEDIRI,JAWA TIMUR,KEBIDANAN,BAIK,24000000.0,JAWA TIMUR | Kesehatan | Mahal (20-50jt) | Baik Sekali / B,https://campus.quipper.com/directory/institut-ilmu-kesehatan-bhakti-wiyata-kediri
226,INSTITUT ILMU KESEHATAN BHAKTI WIYATA KEDIRI,JAWA TIMUR,KEDOKTERAN GIGI,BAIK SEKALI,24000000.0,JAWA TIMUR | Kesehatan | Mahal (20-50jt) | Baik Sekali / B,https://campus.quipper.com/directory/institut-ilmu-kesehatan-bhakti-wiyata-kediri
226,INSTITUT ILMU KESEHATAN BHAKTI WIYATA KEDIRI,JAWA TIMUR,KEPERAWATAN,BAIK SEKALI,24000000.0,JAWA TIMUR | Kesehatan | Mahal (20-50jt) | Baik Sekali / B,https://campus.quipper.com/directory/institut-ilmu-kesehatan-bhakti-wiyata-kediri
226,INSTITUT ILMU KESEHATAN BHAKTI WIYATA KEDIRI,JAWA TIMUR,KESEHATAN MASYARAKAT,UNGGUL,24000000.0,JAWA TIMUR | Kesehatan | Mahal (20-50jt) | Unggul / A,https://campus.quipper.com/directory/institut-ilmu-kesehatan-bhakti-wiyata-kediri
226,INSTITUT ILMU KESEHATAN BHAKTI WIYATA KEDIRI,JAWA TIMUR,REKAM MEDIS INFORMASI KESEHATAN,UNGGUL,24000000.0,JAWA TIMUR | Kesehatan | Mahal (20-50jt) | Unggul / A,https://campus.quipper.com/directory/institut-ilmu-kesehatan-bhakti-wiyata-kediri
251,UNIVERSITAS ANWAR MEDIKA,JAWA TIMUR,FARMASI,BAIK SEKALI,22111250.0,JAWA TIMUR | Kesehatan | Mahal (20-50jt) | Baik Sekali / B,-
256,UNIVERSITAS IBRAHIMY,JAWA TIMUR,FARMASI,BAIK SEKALI,21600000.0,JAWA TIMUR | Kesehatan | Mahal (20-50jt) | Baik Sekali / B,-
256,UNIVERSITAS IBRAHIMY,JAWA TIMUR,KEBIDANAN,BAIK SEKALI,21600000.0,JAWA TIMUR | Kesehatan | Mahal (20-50jt) | Baik Sekali / B,-
273,UNIVERSITAS DARUSSALAM GONTOR,JAWA TIMUR,FARMASI,B,20500000.0,JAWA TIMUR | Kesehatan | Mahal (20-50jt) | Baik Sekali / B,-
273,UNIVERSITAS DARUSSALAM GONTOR,JAWA TIMUR,GIZI,UNGGUL,20500000.0,JAWA TIMUR | Kesehatan | Mahal (20-50jt) | Unggul / A,-
273,UNIVERSITAS DARUSSALAM GONTOR,JAWA TIMUR,KEDOKTERAN,BAIK,20500000.0,JAWA TIMUR | Kesehatan | Mahal (20-50jt) | Baik Sekali / B,-
276,UNIVERSITAS MA CHUNG,JAWA TIMUR,FARMASI,C,20400000.0,JAWA TIMUR | Kesehatan | Mahal (20-50jt) | Baik / C,https://campus.quipper.com/directory/universitas-ma-chung
287,UNIVERSITAS MUHAMMADIYAH MALANG,JAWA TIMUR,FARMASI,B,20000000.0,JAWA TIMUR | Kesehatan | Mahal (20-50jt) | Baik Sekali / B,https://rencanamu.id/cari-kampus/universitas-muhammadiyah-malang
287,UNIVERSITAS MUHAMMADIYAH MALANG,JAWA TIMUR,FISIOTERAPI,C,20000000.0,JAWA TIMUR | Kesehatan | Mahal (20-50jt) | Baik / C,https://rencanamu.id/cari-kampus/universitas-muhammadiyah-malang
287,UNIVERSITAS MUHAMMADIYAH MALANG,JAWA TIMUR,KEDOKTERAN,B,20000000.0,JAWA TIMUR | Kesehatan | Mahal (20-50jt) | Baik Sekali / B,https://rencanamu.id/cari-kampus/universitas-muhammadiyah-malang
287,UNIVERSITAS MUHAMMADIYAH MALANG,JAWA TIMUR,KEPERAWATAN,B,20000000.0,JAWA TIMUR | Kesehatan | Mahal (20-50jt) | Baik Sekali / B,https://rencanamu.id/cari-kampus/universitas-muhammadiyah-malang
317,UNIVERSITAS DR. SOEBANDI,JAWA TIMUR,FARMASI,BAIK SEKALI,18700000.0,JAWA TIMUR | Kesehatan | Menengah (10-20jt) | Baik Sekali / B,https://campus.quipper.com/directory/universitas-dr-soebandi
317,UNIVERSITAS DR. SOEBANDI,JAWA TIMUR,INFORMATIKA MEDIS,BAIK SEKALI,18700000.0,JAWA TIMUR | Kesehatan | Menengah (10-20jt) | Baik Sekali / B,https://campus.quipper.com/directory/universitas-dr-soebandi
317,UNIVERSITAS DR. SOEBANDI,JAWA TIMUR,KEBIDANAN,BAIK SEKALI,18700000.0,JAWA TIMUR | Kesehatan | Menengah (10-20jt) | Baik Sekali / B,https://campus.quipper.com/directory/universitas-dr-soebandi
317,UNIVERSITAS DR. SOEBANDI,JAWA TIMUR,KEPERAWATAN,BAIK SEKALI,18700000.0,JAWA TIMUR | Kesehatan | Menengah (10-20jt) | Baik Sekali / B,https://campus.quipper.com/directory/universitas-dr-soebandi
342,UNIVERSITAS DR SOETOMO,JAWA TIMUR,KEBIDANAN,BAIK SEKALI,17520000.0,JAWA TIMUR | Kesehatan | Menengah (10-20jt) | Baik Sekali / B,https://campus.quipper.com/directory/universitas-dr-soetomo
349,UNIVERSITAS BINA SEHAT PPNI MOJOKERTO,JAWA TIMUR,KEBIDANAN,BAIK SEKALI,17000000.0,JAWA TIMUR | Kesehatan | Menengah (10-20jt) | Baik Sekali / B,-
350,UNIVERSITAS GRESIK,JAWA TIMUR,KEPERAWATAN,B,17000000.0,JAWA TIMUR | Kesehatan | Menengah (10-20jt) | Baik Sekali / B,-
388,SEKOLAH TINGGI ILMU KESEHATAN KEPANJEN,JAWA TIMUR,KEPERAWATAN,BAIK SEKALI,15450000.0,JAWA TIMUR | Kesehatan | Menengah (10-20jt) | Baik Sekali / B,https://campus.quipper.com/directory/sekolah-tinggi-ilmu-kesehatan-kepanjen
395,UNIVERSITAS NAZHATUT THULLAB AL-MUAFA SAMPANG,JAWA TIMUR,KEPERAWATAN,BAIK SEKALI,15200000.0,JAWA TIMUR | Kesehatan | Menengah (10-20jt) | Baik Sekali / B,-
399,SEKOLAH TINGGI ILMU KESEHATAN HANG TUAH SURABAYA,JAWA TIMUR,GIZI,BAIK SEKALI,15050000.0,JAWA TIMUR | Kesehatan | Menengah (10-20jt) | Baik Sekali / B,-
416,UNIVERSITAS KATOLIK DARMA CENDIKA,JAWA TIMUR,KEDOKTERAN,B,14775000.0,JAWA TIMUR | Kesehatan | Menengah (10-20jt) | Baik Sekali / B,https://campus.quipper.com/directory/universitas-katolik-darma-cendika
423,UNIVERSITAS PGRI ADI BUANA,JAWA TIMUR,FARMASI,BAIK SEKALI,14450000.0,JAWA TIMUR | Kesehatan | Menengah (10-20jt) | Baik Sekali / B,https://campus.quipper.com/directory/universitas-pgri-adi-buana-unipa-surabaya
423,UNIVERSITAS PGRI ADI BUANA,JAWA TIMUR,KEBIDANAN,BAIK SEKALI,14450000.0,JAWA TIMUR | Kesehatan | Menengah (10-20jt) | Baik Sekali / B,https://campus.quipper.com/directory/universitas-pgri-adi-buana-unipa-surabaya
432,UNIVERSITAS TRIBHUWANA TUNGGA DEWI,JAWA TIMUR,KEBIDANAN,B,14250000.0,JAWA TIMUR | Kesehatan | Menengah (10-20jt) | Baik Sekali / B,https://rencanamu.id/cari-kampus/universitas-tribhuwana-tungga-dewi
432,UNIVERSITAS TRIBHUWANA TUNGGA DEWI,JAWA TIMUR,KEPERAWATAN,B,14250000.0,JAWA TIMUR | Kesehatan | Menengah (10-20jt) | Baik Sekali / B,https://rencanamu.id/cari-kampus/universitas-tribhuwana-tungga-dewi
1533,UNIVERSITAS NURUL JADID,JAWA TIMUR,KEPERAWATAN,BAIK SEKALI,14100000.0,JAWA TIMUR | Kesehatan | Menengah (10-20jt) | Baik Sekali / B,-
458,UNIVERSITAS KEPANJEN,JAWA TIMUR,KEPERAWATAN,BAIK SEKALI,13800000.0,JAWA TIMUR | Kesehatan | Menengah (10-20jt) | Baik Sekali / B,-
486,UNIVERSITAS HAFSHAWATY ZAINUL HASAN,JAWA TIMUR,FARMASI,BAIK,12900000.0,JAWA TIMUR | Kesehatan | Menengah (10-20jt) | Baik Sekali / B,-
486,UNIVERSITAS HAFSHAWATY ZAINUL HASAN,JAWA TIMUR,KEBIDANAN,BAIK SEKALI,12900000.0,JAWA TIMUR | Kesehatan | Menengah (10-20jt) | Baik Sekali / B,-
486,UNIVERSITAS HAFSHAWATY ZAINUL HASAN,JAWA TIMUR,KEPERAWATAN,BAIK SEKALI,12900000.0,JAWA TIMUR | Kesehatan | Menengah (10-20jt) | Baik Sekali / B,-
509,UNIVERSITAS NOOR HUDA MUSTOFA,JAWA TIMUR,ADMINISTRASI KESEHATAN,BAIK SEKALI,12400000.0,JAWA TIMUR | Kesehatan | Menengah (10-20jt) | Baik Sekali / B,-
509,UNIVERSITAS NOOR HUDA MUSTOFA,JAWA TIMUR,FARMASI,BAIK,12400000.0,JAWA TIMUR | Kesehatan | Menengah (10-20jt) | Baik Sekali / B,-
509,UNIVERSITAS NOOR HUDA MUSTOFA,JAWA TIMUR,KEBIDANAN,BAIK SEKALI,12400000.0,JAWA TIMUR | Kesehatan | Menengah (10-20jt) | Baik Sekali / B,-
509,UNIVERSITAS NOOR HUDA MUSTOFA,JAWA TIMUR,KEPERAWATAN,UNGGUL,12400000.0,JAWA TIMUR | Kesehatan | Menengah (10-20jt) | Unggul / A,-
558,INSTITUT KESEHATAN DAN BISNIS SURABAYA,JAWA TIMUR,GIZI,BAIK SEKALI,11600000.0,JAWA TIMUR | Kesehatan | Menengah (10-20jt) | Baik Sekali / B,-
558,INSTITUT KESEHATAN DAN BISNIS SURABAYA,JAWA TIMUR,KEPERAWATAN,BAIK,11600000.0,JAWA TIMUR | Kesehatan | Menengah (10-20jt) | Baik Sekali / B,-
578,UNIVERSITAS MUHAMMADIYAH PONOROGO,JAWA TIMUR,FISIOTERAPI,BAIK,11200000.0,JAWA TIMUR | Kesehatan | Menengah (10-20jt) | Baik Sekali / B,https://campus.quipper.com/directory/universitas-muhammadiyah-ponorogo
578,UNIVERSITAS MUHAMMADIYAH PONOROGO,JAWA TIMUR,KEBIDANAN,UNGGUL,11200000.0,JAWA TIMUR | Kesehatan | Menengah (10-20jt) | Unggul / A,https://campus.quipper.com/directory/universitas-muhammadiyah-ponorogo
578,UNIVERSITAS MUHAMMADIYAH PONOROGO,JAWA TIMUR,KEPERAWATAN,BAIK SEKALI,11200000.0,JAWA TIMUR | Kesehatan | Menengah (10-20jt) | Baik Sekali / B,https://campus.quipper.com/directory/universitas-muhammadiyah-ponorogo
579,UNIVERSITAS MUHAMMADIYAH GRESIK,JAWA TIMUR,GIZI,TERAKREDITASI UNGGUL,11150000.0,JAWA TIMUR | Kesehatan | Menengah (10-20jt) | Unggul / A,-
579,UNIVERSITAS MUHAMMADIYAH GRESIK,JAWA TIMUR,KEBIDANAN,BAIK,11150000.0,JAWA TIMUR | Kesehatan | Menengah (10-20jt) | Baik Sekali / B,-
579,UNIVERSITAS MUHAMMADIYAH GRESIK,JAWA TIMUR,KEPERAWATAN,B,11150000.0,JAWA TIMUR | Kesehatan | Menengah (10-20jt) | Baik Sekali / B,-
579,UNIVERSITAS MUHAMMADIYAH GRESIK,JAWA TIMUR,KESEHATAN MASYARAKAT,BAIK SEKALI,11150000.0,JAWA TIMUR | Kesehatan | Menengah (10-20jt) | Baik Sekali / B,-
585,SEKOLAH TINGGI ILMU KESEHATAN WILLIAM BOOTH,JAWA TIMUR,KEPERAWATAN,BAIK SEKALI,11000000.0,JAWA TIMUR | Kesehatan | Menengah (10-20jt) | Baik Sekali / B,https://campus.quipper.com/directory/sekolah-tinggi-ilmu-kesehatan-william-booth
640,SEKOLAH TINGGI ILMU KESEHATAN RAJEKWESI BOJONEGORO,JAWA TIMUR,FARMASI,BAIK,10000000.0,JAWA TIMUR | Kesehatan | Menengah (10-20jt) | Baik Sekali / B,-
640,SEKOLAH TINGGI ILMU KESEHATAN RAJEKWESI BOJONEGORO,JAWA TIMUR,KEBIDANAN,BAIK SEKALI,10000000.0,JAWA TIMUR | Kesehatan | Menengah (10-20jt) | Baik Sekali / B,-
640,SEKOLAH TINGGI ILMU KESEHATAN RAJEKWESI BOJONEGORO,JAWA TIMUR,KEPERAWATAN,BAIK SEKALI,10000000.0,JAWA TIMUR | Kesehatan | Menengah (10-20jt) | Baik Sekali / B,-
671,INSTITUT TEKNOLOGI SAINS DAN KESEHATAN INSAN CENDEKIA MEDIKA JOMBANG,JAWA TIMUR,KEPERAWATAN,B,9600000.0,JAWA TIMUR | Kesehatan | Terjangkau (5-10jt) | Baik Sekali / B,-
690,UNIVERSITAS WIRARAJA,JAWA TIMUR,KEBIDANAN,BAIK SEKALI,9313750.0,JAWA TIMUR | Kesehatan | Terjangkau (5-10jt) | Baik Sekali / B,-
690,UNIVERSITAS WIRARAJA,JAWA TIMUR,KEPERAWATAN,BAIK SEKALI,9313750.0,JAWA TIMUR | Kesehatan | Terjangkau (5-10jt) | Baik Sekali / B,-
717,SEKOLAH TINGGI ILMU KESEHATAN ARTHA BODHI ISWARA,JAWA TIMUR,KEPERAWATAN,BAIK,9000000.0,JAWA TIMUR | Kesehatan | Terjangkau (5-10jt) | Baik Sekali / B,https://campus.quipper.com/directory/sekolah-tinggi-ilmu-kesehatan-artha-bodhi-iswara
731,INSTITUT TEKNOLOGI KESEHATAN MALANG WIDYA CIPTA HUSADA,JAWA TIMUR,GIZI,BAIK SEKALI,8900000.0,JAWA TIMUR | Kesehatan | Terjangkau (5-10jt) | Baik Sekali / B,-
731,INSTITUT TEKNOLOGI KESEHATAN MALANG WIDYA CIPTA HUSADA,JAWA TIMUR,KEBIDANAN,BAIK,8900000.0,JAWA TIMUR | Kesehatan | Terjangkau (5-10jt) | Baik Sekali / B,-
731,INSTITUT TEKNOLOGI KESEHATAN MALANG WIDYA CIPTA HUSADA,JAWA TIMUR,KEPERAWATAN,BAIK SEKALI,8900000.0,JAWA TIMUR | Kesehatan | Terjangkau (5-10jt) | Baik Sekali / B,-
839,INSTITUT SAINS TEKNOLOGI DAN KESEHATAN INSAN CENDEKIA HUSADA BOJONEGORO,JAWA TIMUR,KEPERAWATAN,BAIK SEKALI,7800000.0,JAWA TIMUR | Kesehatan | Terjangkau (5-10jt) | Baik Sekali / B,-
870,UNIVERSITAS ISLAM LAMONGAN,JAWA TIMUR,KEBIDANAN,BAIK SEKALI,7500000.0,JAWA TIMUR | Kesehatan | Terjangkau (5-10jt) | Baik Sekali / B,https://rencanamu.id/cari-kampus/universitas-islam-lamongan
870,UNIVERSITAS ISLAM LAMONGAN,JAWA TIMUR,KESEHATAN LINGKUNGAN,BAIK SEKALI,7500000.0,JAWA TIMUR | Kesehatan | Terjangkau (5-10jt) | Baik Sekali / B,https://rencanamu.id/cari-kampus/universitas-islam-lamongan
72,UNIVERSITAS CIPUTRA SURABAYA,JAWA TIMUR,INFORMATIKA,BAIK SEKALI,59000000.0,JAWA TIMUR | Komputer & Teknologi | Sangat Mahal (>50jt) | Baik Sekali / B,https://campus.quipper.com/directory/universitas-ciputra-surabaya
72,UNIVERSITAS CIPUTRA SURABAYA,JAWA TIMUR,SISTEM INFORMASI,BAIK SEKALI,59000000.0,JAWA TIMUR | Komputer & Teknologi | Sangat Mahal (>50jt) | Baik Sekali / B,https://campus.quipper.com/directory/universitas-ciputra-surabaya
80,UNIVERSITAS 17 AGUSTUS 1945 SURABAYA,JAWA TIMUR,INFORMATIKA,B,53150000.0,JAWA TIMUR | Komputer & Teknologi | Sangat Mahal (>50jt) | Baik Sekali / B,https://rencanamu.id/cari-kampus/universitas-17-agustus-1945-surabaya
80,UNIVERSITAS 17 AGUSTUS 1945 SURABAYA,JAWA TIMUR,ROBOTIKA,BAIK,53150000.0,JAWA TIMUR | Komputer & Teknologi | Sangat Mahal (>50jt) | Baik Sekali / B,https://rencanamu.id/cari-kampus/universitas-17-agustus-1945-surabaya
80,UNIVERSITAS 17 AGUSTUS 1945 SURABAYA,JAWA TIMUR,SISTEM INFORMASI,BAIK,53150000.0,JAWA TIMUR | Komputer & Teknologi | Sangat Mahal (>50jt) | Baik Sekali / B,https://rencanamu.id/cari-kampus/universitas-17-agustus-1945-surabaya
1535,UNIVERSITAS MUHAMMADIYAH SIDOARJO,JAWA TIMUR,INFORMATIKA,C,48525000.0,JAWA TIMUR | Komputer & Teknologi | Mahal (20-50jt) | Baik Sekali / B,https://rencanamu.id/cari-kampus/universitas-muhammadiyah-sidoarjo
1535,UNIVERSITAS MUHAMMADIYAH SIDOARJO,JAWA TIMUR,TEKNOLOGI INFORMASI,BAIK SEKALI,48525000.0,JAWA TIMUR | Komputer & Teknologi | Mahal (20-50jt) | Baik Sekali / B,https://rencanamu.id/cari-kampus/universitas-muhammadiyah-sidoarjo
90,UNIVERSITAS PGRI DELTA,JAWA TIMUR,INFORMATIKA,BAIK,48480000.0,JAWA TIMUR | Komputer & Teknologi | Mahal (20-50jt) | Baik Sekali / B,-
90,UNIVERSITAS PGRI DELTA,JAWA TIMUR,SISTEM INFORMASI,BAIK,48480000.0,JAWA TIMUR | Komputer & Teknologi | Mahal (20-50jt) | Baik Sekali / B,-
95,UNIVERSITAS NAHDLATUL ULAMA SURABAYA,JAWA TIMUR,SISTEM INFORMASI,BAIK SEKALI,47476000.0,JAWA TIMUR | Komputer & Teknologi | Mahal (20-50jt) | Baik Sekali / B,https://campus.quipper.com/directory/universitas-nahdlatul-ulama-surabaya
96,UNIVERSITAS MUHAMMADIYAH JEMBER,JAWA TIMUR,INFORMATIKA,B,46860200.0,JAWA TIMUR | Komputer & Teknologi | Mahal (20-50jt) | Baik Sekali / B,https://rencanamu.id/cari-kampus/universitas-muhammadiyah-jember
96,UNIVERSITAS MUHAMMADIYAH JEMBER,JAWA TIMUR,MANAJEMEN INFORMATIKA,B,46860200.0,JAWA TIMUR | Komputer & Teknologi | Mahal (20-50jt) | Baik Sekali / B,https://rencanamu.id/cari-kampus/universitas-muhammadiyah-jember
96,UNIVERSITAS MUHAMMADIYAH JEMBER,JAWA TIMUR,SISTEM INFORMASI,BAIK SEKALI,46860200.0,JAWA TIMUR | Komputer & Teknologi | Mahal (20-50jt) | Baik Sekali / B,https://rencanamu.id/cari-kampus/universitas-muhammadiyah-jember
110,UNIVERSITAS PGRI RONGGOLAWE,JAWA TIMUR,INFORMATIKA,BAIK SEKALI,40364875.0,JAWA TIMUR | Komputer & Teknologi | Mahal (20-50jt) | Baik Sekali / B,-
118,UNIVERSITAS SURABAYA,JAWA TIMUR,INFORMATIKA,A,38850250.0,JAWA TIMUR | Komputer & Teknologi | Mahal (20-50jt) | Unggul / A,https://campus.quipper.com/directory/universitas-surabaya
118,UNIVERSITAS SURABAYA,JAWA TIMUR,MULTIMEDIA,A,38850250.0,JAWA TIMUR | Komputer & Teknologi | Mahal (20-50jt) | Unggul / A,https://campus.quipper.com/directory/universitas-surabaya
118,UNIVERSITAS SURABAYA,JAWA TIMUR,ROBOTIKA,A,38850250.0,JAWA TIMUR | Komputer & Teknologi | Mahal (20-50jt) | Unggul / A,https://campus.quipper.com/directory/universitas-surabaya
118,UNIVERSITAS SURABAYA,JAWA TIMUR,SISTEM INFORMASI,A,38850250.0,JAWA TIMUR | Komputer & Teknologi | Mahal (20-50jt) | Unggul / A,https://campus.quipper.com/directory/universitas-surabaya
118,UNIVERSITAS SURABAYA,JAWA TIMUR,TEKNOLOGI INFORMASI,A,38850250.0,JAWA TIMUR | Komputer & Teknologi | Mahal (20-50jt) | Unggul / A,https://campus.quipper.com/directory/universitas-surabaya
119,UNIVERSITAS WIJAYA KUSUMA SURABAYA,JAWA TIMUR,INFORMATIKA,B,38400000.0,JAWA TIMUR | Komputer & Teknologi | Mahal (20-50jt) | Unggul / A,https://campus.quipper.com/directory/universitas-wijaya-kusuma-surabaya
127,UNIVERSITAS BHAYANGKARA SURABAYA,JAWA TIMUR,INFORMATIKA,B,35502000.0,JAWA TIMUR | Komputer & Teknologi | Mahal (20-50jt) | Baik Sekali / B,https://campus.quipper.com/directory/universitas-bhayangkara-surabaya
134,UNIVERSITAS ISLAM MALANG,JAWA TIMUR,INFORMATIKA,BAIK,33550000.0,JAWA TIMUR | Komputer & Teknologi | Mahal (20-50jt) | Baik Sekali / B,https://campus.quipper.com/directory/universitas-islam-malang
153,INSTITUT TEKNOLOGI INSAN CENDEKIA MANDIRI,JAWA TIMUR,INFORMATIKA,BAIK,31050000.0,JAWA TIMUR | Komputer & Teknologi | Mahal (20-50jt) | Baik Sekali / B,-
162,UNIVERSITAS HASYIM ASY'ARI TEBUIRENG JOMBANG,JAWA TIMUR,INFORMATIKA,BAIK,29750000.0,JAWA TIMUR | Komputer & Teknologi | Mahal (20-50jt) | Baik Sekali / B,-
162,UNIVERSITAS HASYIM ASY'ARI TEBUIRENG JOMBANG,JAWA TIMUR,SISTEM INFORMASI,BAIK SEKALI,29750000.0,JAWA TIMUR | Komputer & Teknologi | Mahal (20-50jt) | Baik Sekali / B,-
162,UNIVERSITAS HASYIM ASY'ARI TEBUIRENG JOMBANG,JAWA TIMUR,TEKNOLOGI INFORMASI,BAIK,29750000.0,JAWA TIMUR | Komputer & Teknologi | Mahal (20-50jt) | Baik Sekali / B,-
172,UNIVERSITAS WIDYA GAMA,JAWA TIMUR,INFORMATIKA,BAIK SEKALI,28500000.0,JAWA TIMUR | Komputer & Teknologi | Mahal (20-50jt) | Baik Sekali / B,https://campus.quipper.com/directory/universitas-widya-gama
175,INSTITUT SAINS DAN TEKNOLOGI TERPADU SURABAYA,JAWA TIMUR,INFORMATIKA,UNGGUL,28200000.0,JAWA TIMUR | Komputer & Teknologi | Mahal (20-50jt) | Unggul / A,https://campus.quipper.com/directory/institut-sains-dan-teknologi-terpadu-surabaya
175,INSTITUT SAINS DAN TEKNOLOGI TERPADU SURABAYA,JAWA TIMUR,SISTEM INFORMASI,BAIK SEKALI,28200000.0,JAWA TIMUR | Komputer & Teknologi | Mahal (20-50jt) | Baik Sekali / B,https://campus.quipper.com/directory/institut-sains-dan-teknologi-terpadu-surabaya
176,UNIVERSITAS KRISTEN PETRA,JAWA TIMUR,DATA SAINS,A,28000000.0,JAWA TIMUR | Komputer & Teknologi | Mahal (20-50jt) | Unggul / A,https://campus.quipper.com/directory/universitas-kristen-petra
176,UNIVERSITAS KRISTEN PETRA,JAWA TIMUR,INFORMATIKA,A,28000000.0,JAWA TIMUR | Komputer & Teknologi | Mahal (20-50jt) | Unggul / A,https://campus.quipper.com/directory/universitas-kristen-petra
176,UNIVERSITAS KRISTEN PETRA,JAWA TIMUR,SISTEM INFORMASI,A,28000000.0,JAWA TIMUR | Komputer & Teknologi | Mahal (20-50jt) | Unggul / A,https://campus.quipper.com/directory/universitas-kristen-petra
181,UNIVERSITAS DOKTOR NUGROHO MAGETAN,JAWA TIMUR,INFORMATIKA,BAIK,27500000.0,JAWA TIMUR | Komputer & Teknologi | Mahal (20-50jt) | Baik Sekali / B,-
4,UNIVERSITAS CIPUTRA,JAWA TIMUR,INFORMATIKA,B,27200000.0,JAWA TIMUR | Komputer & Teknologi | Mahal (20-50jt) | Baik Sekali / B,https://rencanamu.id/cari-kampus/universitas-ciputra
321,INSTITUT INFORMATIKA INDONESIA SURABAYA,JAWA TIMUR,INFORMATIKA,BAIK SEKALI,24000000.0,JAWA TIMUR | Komputer & Teknologi | Mahal (20-50jt) | Baik Sekali / B,-
321,INSTITUT INFORMATIKA INDONESIA SURABAYA,JAWA TIMUR,KOMPUTER,BAIK,24000000.0,JAWA TIMUR | Komputer & Teknologi | Mahal (20-50jt) | Baik Sekali / B,-
321,INSTITUT INFORMATIKA INDONESIA SURABAYA,JAWA TIMUR,SISTEM INFORMASI,BAIK SEKALI,24000000.0,JAWA TIMUR | Komputer & Teknologi | Mahal (20-50jt) | Baik Sekali / B,-
236,UNIVERSITAS BHINNEKA NUSANTARA,JAWA TIMUR,INFORMATIKA,BAIK SEKALI,23100000.0,JAWA TIMUR | Komputer & Teknologi | Mahal (20-50jt) | Baik Sekali / B,-
236,UNIVERSITAS BHINNEKA NUSANTARA,JAWA TIMUR,SISTEM INFORMASI,B,23100000.0,JAWA TIMUR | Komputer & Teknologi | Mahal (20-50jt) | Baik Sekali / B,-
251,UNIVERSITAS ANWAR MEDIKA,JAWA TIMUR,REKAYASA PERANGKAT LUNAK,BAIK,22111250.0,JAWA TIMUR | Komputer & Teknologi | Mahal (20-50jt) | Baik Sekali / B,-
251,UNIVERSITAS ANWAR MEDIKA,JAWA TIMUR,SISTEM INFORMASI,BAIK,22111250.0,JAWA TIMUR | Komputer & Teknologi | Mahal (20-50jt) | Baik Sekali / B,-
253,UNIVERSITAS DINAMIKA,JAWA TIMUR,KOMPUTER,B,22000000.0,JAWA TIMUR | Komputer & Teknologi | Mahal (20-50jt) | Baik Sekali / B,https://campus.quipper.com/directory/universitas-dinamika
253,UNIVERSITAS DINAMIKA,JAWA TIMUR,SISTEM INFORMASI,UNGGUL,22000000.0,JAWA TIMUR | Komputer & Teknologi | Mahal (20-50jt) | Unggul / A,https://campus.quipper.com/directory/universitas-dinamika
256,UNIVERSITAS IBRAHIMY,JAWA TIMUR,KOMPUTER,BAIK,21600000.0,JAWA TIMUR | Komputer & Teknologi | Mahal (20-50jt) | Baik Sekali / B,-
256,UNIVERSITAS IBRAHIMY,JAWA TIMUR,SISTEM INFORMASI,BAIK,21600000.0,JAWA TIMUR | Komputer & Teknologi | Mahal (20-50jt) | Baik Sekali / B,-
256,UNIVERSITAS IBRAHIMY,JAWA TIMUR,TEKNOLOGI INFORMASI,BAIK,21600000.0,JAWA TIMUR | Komputer & Teknologi | Mahal (20-50jt) | Baik Sekali / B,-
260,UNIVERSITAS HAYAM WURUK PERBANAS,JAWA TIMUR,INFORMATIKA,BAIK SEKALI,21310000.0,JAWA TIMUR | Komputer & Teknologi | Mahal (20-50jt) | Baik Sekali / B,https://campus.quipper.com/directory/sekolah-tinggi-ilmu-ekonomi-perbanas-surabaya
260,UNIVERSITAS HAYAM WURUK PERBANAS,JAWA TIMUR,SISTEM INFORMASI,BAIK SEKALI,21310000.0,JAWA TIMUR | Komputer & Teknologi | Mahal (20-50jt) | Baik Sekali / B,https://campus.quipper.com/directory/sekolah-tinggi-ilmu-ekonomi-perbanas-surabaya
273,UNIVERSITAS DARUSSALAM GONTOR,JAWA TIMUR,INFORMATIKA,BAIK SEKALI,20500000.0,JAWA TIMUR | Komputer & Teknologi | Mahal (20-50jt) | Baik Sekali / B,-
276,UNIVERSITAS MA CHUNG,JAWA TIMUR,INFORMATIKA,B,20400000.0,JAWA TIMUR | Komputer & Teknologi | Mahal (20-50jt) | Baik Sekali / B,https://campus.quipper.com/directory/universitas-ma-chung
276,UNIVERSITAS MA CHUNG,JAWA TIMUR,SISTEM INFORMASI,B,20400000.0,JAWA TIMUR | Komputer & Teknologi | Mahal (20-50jt) | Baik Sekali / B,https://campus.quipper.com/directory/universitas-ma-chung
287,UNIVERSITAS MUHAMMADIYAH MALANG,JAWA TIMUR,INFORMATIKA,B,20000000.0,JAWA TIMUR | Komputer & Teknologi | Mahal (20-50jt) | Baik Sekali / B,https://rencanamu.id/cari-kampus/universitas-muhammadiyah-malang
292,UNIVERSITAS MAARIF HASYIM LATIF,JAWA TIMUR,INFORMATIKA,BAIK SEKALI,19710000.0,JAWA TIMUR | Komputer & Teknologi | Menengah (10-20jt) | Baik Sekali / B,-
306,UNIVERSITAS WIDYA KARTIKA,JAWA TIMUR,INFORMATIKA,BAIK,19198000.0,JAWA TIMUR | Komputer & Teknologi | Menengah (10-20jt) | Baik Sekali / B,-
308,UNIVERSITAS MERDEKA MALANG,JAWA TIMUR,MANAJEMEN INFORMATIKA,B,19000001.0,JAWA TIMUR | Komputer & Teknologi | Menengah (10-20jt) | Baik Sekali / B,https://rencanamu.id/cari-kampus/universitas-merdeka-malang
308,UNIVERSITAS MERDEKA MALANG,JAWA TIMUR,SISTEM INFORMASI,B,19000001.0,JAWA TIMUR | Komputer & Teknologi | Menengah (10-20jt) | Baik Sekali / B,https://rencanamu.id/cari-kampus/universitas-merdeka-malang
342,UNIVERSITAS DR SOETOMO,JAWA TIMUR,INFORMATIKA,BAIK SEKALI,17520000.0,JAWA TIMUR | Komputer & Teknologi | Menengah (10-20jt) | Baik Sekali / B,https://campus.quipper.com/directory/universitas-dr-soetomo
349,UNIVERSITAS BINA SEHAT PPNI MOJOKERTO,JAWA TIMUR,INFORMATIKA,BAIK,17000000.0,JAWA TIMUR | Komputer & Teknologi | Menengah (10-20jt) | Baik Sekali / B,-
350,UNIVERSITAS GRESIK,JAWA TIMUR,KOMPUTER,BAIK,17000000.0,JAWA TIMUR | Komputer & Teknologi | Menengah (10-20jt) | Baik Sekali / B,-
389,UNIVERSITAS ISLAM BALITAR,JAWA TIMUR,INFORMATIKA,B,15375000.0,JAWA TIMUR | Komputer & Teknologi | Menengah (10-20jt) | Baik Sekali / B,https://rencanamu.id/cari-kampus/universitas-islam-balitar
389,UNIVERSITAS ISLAM BALITAR,JAWA TIMUR,SISTEM INFORMASI,B,15375000.0,JAWA TIMUR | Komputer & Teknologi | Menengah (10-20jt) | Baik Sekali / B,https://rencanamu.id/cari-kampus/universitas-islam-balitar
389,UNIVERSITAS ISLAM BALITAR,JAWA TIMUR,SISTEM KOMPUTER,BAIK SEKALI,15375000.0,JAWA TIMUR | Komputer & Teknologi | Menengah (10-20jt) | Baik Sekali / B,https://rencanamu.id/cari-kampus/universitas-islam-balitar
416,UNIVERSITAS KATOLIK DARMA CENDIKA,JAWA TIMUR,INFORMATIKA,BAIK,14775000.0,JAWA TIMUR | Komputer & Teknologi | Menengah (10-20jt) | Baik Sekali / B,https://campus.quipper.com/directory/universitas-katolik-darma-cendika
418,INSTITUT TEKNOLOGI ADHI TAMA SURABAYA,JAWA TIMUR,INFORMATIKA,C,14600000.0,JAWA TIMUR | Komputer & Teknologi | Menengah (10-20jt) | Baik / C,https://campus.quipper.com/directory/institut-teknologi-adhi-tama-surabaya
418,INSTITUT TEKNOLOGI ADHI TAMA SURABAYA,JAWA TIMUR,SISTEM INFORMASI,C,14600000.0,JAWA TIMUR | Komputer & Teknologi | Menengah (10-20jt) | Baik / C,https://campus.quipper.com/directory/institut-teknologi-adhi-tama-surabaya
418,INSTITUT TEKNOLOGI ADHI TAMA SURABAYA,JAWA TIMUR,SISTEM KOMPUTER,C,14600000.0,JAWA TIMUR | Komputer & Teknologi | Menengah (10-20jt) | Baik / C,https://campus.quipper.com/directory/institut-teknologi-adhi-tama-surabaya
435,UNIVERSITAS NAROTAMA,JAWA TIMUR,INFORMATIKA,BAIK,14100000.0,JAWA TIMUR | Komputer & Teknologi | Menengah (10-20jt) | Baik Sekali / B,https://campus.quipper.com/directory/universitas-narotama
435,UNIVERSITAS NAROTAMA,JAWA TIMUR,SISTEM INFORMASI,B,14100000.0,JAWA TIMUR | Komputer & Teknologi | Menengah (10-20jt) | Baik Sekali / B,https://campus.quipper.com/directory/universitas-narotama
435,UNIVERSITAS NAROTAMA,JAWA TIMUR,SISTEM KOMPUTER,B,14100000.0,JAWA TIMUR | Komputer & Teknologi | Menengah (10-20jt) | Baik Sekali / B,https://campus.quipper.com/directory/universitas-narotama
1533,UNIVERSITAS NURUL JADID,JAWA TIMUR,INFORMATIKA,BAIK SEKALI,14100000.0,JAWA TIMUR | Komputer & Teknologi | Menengah (10-20jt) | Baik Sekali / B,-
1533,UNIVERSITAS NURUL JADID,JAWA TIMUR,REKAYASA PERANGKAT LUNAK,BAIK,14100000.0,JAWA TIMUR | Komputer & Teknologi | Menengah (10-20jt) | Baik Sekali / B,-
1533,UNIVERSITAS NURUL JADID,JAWA TIMUR,SISTEM INFORMASI,BAIK,14100000.0,JAWA TIMUR | Komputer & Teknologi | Menengah (10-20jt) | Baik Sekali / B,-
1533,UNIVERSITAS NURUL JADID,JAWA TIMUR,TEKNOLOGI INFORMASI,BAIK,14100000.0,JAWA TIMUR | Komputer & Teknologi | Menengah (10-20jt) | Baik Sekali / B,-
440,UNIVERSITAS INTERNASIONAL SEMEN INDONESIA,JAWA TIMUR,INFORMATIKA,C,14000000.0,JAWA TIMUR | Komputer & Teknologi | Menengah (10-20jt) | Baik / C,https://campus.quipper.com/directory/universitas-internasional-semen-indonesia
440,UNIVERSITAS INTERNASIONAL SEMEN INDONESIA,JAWA TIMUR,SISTEM INFORMASI,C,14000000.0,JAWA TIMUR | Komputer & Teknologi | Menengah (10-20jt) | Baik / C,https://campus.quipper.com/directory/universitas-internasional-semen-indonesia
504,UNIVERSITAS PESANTREN TINGGI DARUL  ULUM,JAWA TIMUR,SISTEM INFORMASI,BAIK SEKALI,12525000.0,JAWA TIMUR | Komputer & Teknologi | Menengah (10-20jt) | Baik Sekali / B,-
532,UNIVERSITAS PGRI KANJURUHAN MALANG,JAWA TIMUR,INFORMATIKA,BAIK SEKALI,12040000.0,JAWA TIMUR | Komputer & Teknologi | Menengah (10-20jt) | Baik Sekali / B,https://campus.quipper.com/directory/universitas-pgri-kanjuruhan-malang
532,UNIVERSITAS PGRI KANJURUHAN MALANG,JAWA TIMUR,SISTEM INFORMASI,B,12040000.0,JAWA TIMUR | Komputer & Teknologi | Menengah (10-20jt) | Baik Sekali / B,https://campus.quipper.com/directory/universitas-pgri-kanjuruhan-malang
544,UNIVERSITAS GAJAYANA,JAWA TIMUR,SISTEM INFORMASI,BAIK SEKALI,12000000.0,JAWA TIMUR | Komputer & Teknologi | Menengah (10-20jt) | Baik Sekali / B,https://campus.quipper.com/directory/universitas-gajayana
557,UNIVERSITAS WIJAYA PUTRA,JAWA TIMUR,INFORMATIKA,BAIK,11600100.0,JAWA TIMUR | Komputer & Teknologi | Menengah (10-20jt) | Baik Sekali / B,https://campus.quipper.com/directory/universitas-wijaya-putra
578,UNIVERSITAS MUHAMMADIYAH PONOROGO,JAWA TIMUR,INFORMATIKA,B,11200000.0,JAWA TIMUR | Komputer & Teknologi | Menengah (10-20jt) | Baik Sekali / B,https://campus.quipper.com/directory/universitas-muhammadiyah-ponorogo
579,UNIVERSITAS MUHAMMADIYAH GRESIK,JAWA TIMUR,INFORMATIKA,B,11150000.0,JAWA TIMUR | Komputer & Teknologi | Menengah (10-20jt) | Baik Sekali / B,-
579,UNIVERSITAS MUHAMMADIYAH GRESIK,JAWA TIMUR,SISTEM INFORMASI,BAIK,11150000.0,JAWA TIMUR | Komputer & Teknologi | Menengah (10-20jt) | Baik Sekali / B,-
631,UNIVERSITAS PGRI MADIUN,JAWA TIMUR,INFORMATIKA,C,10091000.0,JAWA TIMUR | Komputer & Teknologi | Menengah (10-20jt) | Baik / C,https://campus.quipper.com/directory/universitas-pgri-madiun-unipma
631,UNIVERSITAS PGRI MADIUN,JAWA TIMUR,SISTEM INFORMASI,C,10091000.0,JAWA TIMUR | Komputer & Teknologi | Menengah (10-20jt) | Baik / C,https://campus.quipper.com/directory/universitas-pgri-madiun-unipma
649,UNIVERSITAS MADURA,JAWA TIMUR,INFORMATIKA,C,10000000.0,JAWA TIMUR | Komputer & Teknologi | Menengah (10-20jt) | Baik / C,https://rencanamu.id/cari-kampus/universitas-madura
684,UNIVERSITAS 45 SURABAYA,JAWA TIMUR,INFORMATIKA,BAIK,9450000.0,JAWA TIMUR | Komputer & Teknologi | Terjangkau (5-10jt) | Baik Sekali / B,-
685,UNIVERSITAS ISLAM MADURA,JAWA TIMUR,INFORMATIKA,B,9435000.0,JAWA TIMUR | Komputer & Teknologi | Terjangkau (5-10jt) | Baik Sekali / B,-
685,UNIVERSITAS ISLAM MADURA,JAWA TIMUR,SISTEM INFORMASI,BAIK SEKALI,9435000.0,JAWA TIMUR | Komputer & Teknologi | Terjangkau (5-10jt) | Baik Sekali / B,-
690,UNIVERSITAS WIRARAJA,JAWA TIMUR,INFORMATIKA,BAIK,9313750.0,JAWA TIMUR | Komputer & Teknologi | Terjangkau (5-10jt) | Baik Sekali / B,-
690,UNIVERSITAS WIRARAJA,JAWA TIMUR,SISTEM INFORMASI,BAIK,9313750.0,JAWA TIMUR | Komputer & Teknologi | Terjangkau (5-10jt) | Baik Sekali / B,-
696,UNIVERSITAS KATOLIK WIDYA KARYA,JAWA TIMUR,SISTEM INFORMASI,BAIK,9250000.0,JAWA TIMUR | Komputer & Teknologi | Terjangkau (5-10jt) | Baik Sekali / B,-
697,INSTITUT TEKNOLOGI DAN SAINS MANDALA,JAWA TIMUR,REKAYASA PERANGKAT LUNAK,BAIK,9200000.0,JAWA TIMUR | Komputer & Teknologi | Terjangkau (5-10jt) | Baik Sekali / B,https://campus.quipper.com/directory/institut-teknologi-dan-sains-mandala
697,INSTITUT TEKNOLOGI DAN SAINS MANDALA,JAWA TIMUR,SISTEM INFORMASI,BAIK,9200000.0,JAWA TIMUR | Komputer & Teknologi | Terjangkau (5-10jt) | Baik Sekali / B,https://campus.quipper.com/directory/institut-teknologi-dan-sains-mandala
710,UNIVERSITAS YUDHARTA PASURUAN,JAWA TIMUR,INFORMATIKA,BAIK SEKALI,9050000.0,JAWA TIMUR | Komputer & Teknologi | Terjangkau (5-10jt) | Baik Sekali / B,-
730,UNIVERSITAS WAHIDIYAH,JAWA TIMUR,INFORMATIKA,BAIK,8910000.0,JAWA TIMUR | Komputer & Teknologi | Terjangkau (5-10jt) | Baik Sekali / B,https://campus.quipper.com/directory/universitas-wahidiyah
741,UNIVERSITAS KH. BAHAUDIN MUDHARY MADURA,JAWA TIMUR,INFORMATIKA,BAIK,8800000.0,JAWA TIMUR | Komputer & Teknologi | Terjangkau (5-10jt) | Baik Sekali / B,-
741,UNIVERSITAS KH. BAHAUDIN MUDHARY MADURA,JAWA TIMUR,SISTEM INFORMASI,BAIK,8800000.0,JAWA TIMUR | Komputer & Teknologi | Terjangkau (5-10jt) | Baik Sekali / B,-
10,UNIVERSITAS GAJAYANA MALANG,JAWA TIMUR,SISTEM INFORMASI,B,8500000.0,JAWA TIMUR | Komputer & Teknologi | Terjangkau (5-10jt) | Baik Sekali / B,https://rencanamu.id/cari-kampus/universitas-gajayana-malang
768,UNIVERSITAS MERDEKA PASURUAN,JAWA TIMUR,INFORMATIKA,BAIK SEKALI,8370000.0,JAWA TIMUR | Komputer & Teknologi | Terjangkau (5-10jt) | Baik Sekali / B,-
768,UNIVERSITAS MERDEKA PASURUAN,JAWA TIMUR,REKAYASA PERANGKAT LUNAK,BAIK,8370000.0,JAWA TIMUR | Komputer & Teknologi | Terjangkau (5-10jt) | Baik Sekali / B,-
772,UNIVERSITAS NAHDLATUL ULAMA SUNAN GIRI,JAWA TIMUR,INFORMATIKA,BAIK SEKALI,8300000.0,JAWA TIMUR | Komputer & Teknologi | Terjangkau (5-10jt) | Baik Sekali / B,-
772,UNIVERSITAS NAHDLATUL ULAMA SUNAN GIRI,JAWA TIMUR,SISTEM INFORMASI,BAIK,8300000.0,JAWA TIMUR | Komputer & Teknologi | Terjangkau (5-10jt) | Baik Sekali / B,-
772,UNIVERSITAS NAHDLATUL ULAMA SUNAN GIRI,JAWA TIMUR,SISTEM KOMPUTER,BAIK,8300000.0,JAWA TIMUR | Komputer & Teknologi | Terjangkau (5-10jt) | Baik Sekali / B,-
807,SEKOLAH TINGGI ILMU KOMPUTER PGRI BANYUWANGI,JAWA TIMUR,INFORMATIKA,BAIK SEKALI,8000000.0,JAWA TIMUR | Komputer & Teknologi | Terjangkau (5-10jt) | Baik Sekali / B,-
839,INSTITUT SAINS TEKNOLOGI DAN KESEHATAN INSAN CENDEKIA HUSADA BOJONEGORO,JAWA TIMUR,REKAYASA PERANGKAT LUNAK,BAIK,7800000.0,JAWA TIMUR | Komputer & Teknologi | Terjangkau (5-10jt) | Baik Sekali / B,-
835,UNIVERSITAS NUSANTARA PGRI KEDIRI,JAWA TIMUR,INFORMATIKA,BAIK SEKALI,7800000.0,JAWA TIMUR | Komputer & Teknologi | Terjangkau (5-10jt) | Baik Sekali / B,https://campus.quipper.com/directory/universitas-nusantara-pgri-kediri
835,UNIVERSITAS NUSANTARA PGRI KEDIRI,JAWA TIMUR,SISTEM INFORMASI,BAIK SEKALI,7800000.0,JAWA TIMUR | Komputer & Teknologi | Terjangkau (5-10jt) | Baik Sekali / B,https://campus.quipper.com/directory/universitas-nusantara-pgri-kediri
918,INSTITUT TEKNOLOGI DAN BISNIS ASIA MALANG,JAWA TIMUR,INFORMATIKA,BAIK SEKALI,7600000.0,JAWA TIMUR | Komputer & Teknologi | Terjangkau (5-10jt) | Baik Sekali / B,-
918,INSTITUT TEKNOLOGI DAN BISNIS ASIA MALANG,JAWA TIMUR,SISTEM KOMPUTER,BAIK SEKALI,7600000.0,JAWA TIMUR | Komputer & Teknologi | Terjangkau (5-10jt) | Baik Sekali / B,-
883,UNIVERSITAS ANNUQAYAH,JAWA TIMUR,TEKNOLOGI INFORMASI,BAIK,7450000.0,JAWA TIMUR | Komputer & Teknologi | Terjangkau (5-10jt) | Baik Sekali / B,-
890,UNIVERSITAS KH. A. WAHAB HASBULLAH,JAWA TIMUR,INFORMATIKA,BAIK SEKALI,7400000.0,JAWA TIMUR | Komputer & Teknologi | Terjangkau (5-10jt) | Baik Sekali / B,-
890,UNIVERSITAS KH. A. WAHAB HASBULLAH,JAWA TIMUR,SISTEM INFORMASI,BAIK,7400000.0,JAWA TIMUR | Komputer & Teknologi | Terjangkau (5-10jt) | Baik Sekali / B,-
930,UNIVERSITAS BILLFATH,JAWA TIMUR,INFORMATIKA,BAIK,7000000.0,JAWA TIMUR | Komputer & Teknologi | Terjangkau (5-10jt) | Baik Sekali / B,-
944,UNIVERSITAS PGRI MPU SINDOK,JAWA TIMUR,TEKNOLOGI INFORMASI,BAIK,7000000.0,JAWA TIMUR | Komputer & Teknologi | Terjangkau (5-10jt) | Baik Sekali / B,-
926,UNIVERSITAS WASKITA DHARMA,JAWA TIMUR,TEKNOLOGI INFORMASI,BAIK,7000000.0,JAWA TIMUR | Komputer & Teknologi | Terjangkau (5-10jt) | Baik Sekali / B,-
952,UNIVERSITAS KAHURIPAN KEDIRI,JAWA TIMUR,INFORMATIKA,BAIK,6950000.0,JAWA TIMUR | Komputer & Teknologi | Terjangkau (5-10jt) | Baik Sekali / B,-
951,UNIVERSITAS MUHAMMADIYAH MADIUN,JAWA TIMUR,INFORMATIKA,BAIK,6950000.0,JAWA TIMUR | Komputer & Teknologi | Terjangkau (5-10jt) | Baik Sekali / B,-
964,INSTITUT TEKNOLOGI DAN BISNIS PGRI DEWANTARA JOMBANG,JAWA TIMUR,SISTEM INFORMASI,BAIK,6800000.0,JAWA TIMUR | Komputer & Teknologi | Terjangkau (5-10jt) | Baik Sekali / B,-
1033,UNIVERSITAS ISLAM KADIRI,JAWA TIMUR,KOMPUTER,BAIK,6387500.0,JAWA TIMUR | Komputer & Teknologi | Terjangkau (5-10jt) | Baik Sekali / B,https://rencanamu.id/cari-kampus/universitas-islam-kadiri
1046,INSTITUT TEKNOLOGI DAN BISNIS YADIKA PASURUAN,JAWA TIMUR,SISTEM INFORMASI,B,6265000.0,JAWA TIMUR | Komputer & Teknologi | Terjangkau (5-10jt) | Baik Sekali / B,-
1047,INSTITUT TEKNOLOGI DAN BISNIS WIDYA GAMA LUMAJANG,JAWA TIMUR,INFORMATIKA,BAIK,6250000.0,JAWA TIMUR | Komputer & Teknologi | Terjangkau (5-10jt) | Baik Sekali / B,-
1059,UNIVERSITAS QOMARUDDIN,JAWA TIMUR,INFORMATIKA,BAIK,6200000.0,JAWA TIMUR | Komputer & Teknologi | Terjangkau (5-10jt) | Baik Sekali / B,-
1062,UNIVERSITAS BHINNEKA PGRI,JAWA TIMUR,INFORMATIKA,BAIK,6175000.0,JAWA TIMUR | Komputer & Teknologi | Terjangkau (5-10jt) | Baik Sekali / B,-
1062,UNIVERSITAS BHINNEKA PGRI,JAWA TIMUR,TEKNOLOGI INFORMASI,B,6175000.0,JAWA TIMUR | Komputer & Teknologi | Terjangkau (5-10jt) | Baik Sekali / B,-
1103,UNIVERSITAS ISLAM RADEN RAHMAT,JAWA TIMUR,INFORMATIKA,BAIK,6000000.0,JAWA TIMUR | Komputer & Teknologi | Terjangkau (5-10jt) | Baik Sekali / B,-
1103,UNIVERSITAS ISLAM RADEN RAHMAT,JAWA TIMUR,SISTEM INFORMASI,BAIK,6000000.0,JAWA TIMUR | Komputer & Teknologi | Terjangkau (5-10jt) | Baik Sekali / B,-
1098,UNIVERSITAS NAHDLATUL ULAMA SIDOARJO,JAWA TIMUR,INFORMATIKA,BAIK,6000000.0,JAWA TIMUR | Komputer & Teknologi | Terjangkau (5-10jt) | Baik Sekali / B,-
1098,UNIVERSITAS NAHDLATUL ULAMA SIDOARJO,JAWA TIMUR,SISTEM INFORMASI,BAIK,6000000.0,JAWA TIMUR | Komputer & Teknologi | Terjangkau (5-10jt) | Baik Sekali / B,-
1138,SEKOLAH TINGGI TEKNOLOGI STIKMA INTERNASIONAL,JAWA TIMUR,INFORMATIKA,BAIK,5900000.0,JAWA TIMUR | Komputer & Teknologi | Terjangkau (5-10jt) | Baik Sekali / B,-
1150,STMIK PPKIA PRADNYA PARAMITA,JAWA TIMUR,INFORMATIKA,BAIK,5750000.0,JAWA TIMUR | Komputer & Teknologi | Terjangkau (5-10jt) | Baik Sekali / B,-
1150,STMIK PPKIA PRADNYA PARAMITA,JAWA TIMUR,TEKNOLOGI INFORMASI,BAIK SEKALI,5750000.0,JAWA TIMUR | Komputer & Teknologi | Terjangkau (5-10jt) | Baik Sekali / B,-
783,UNIVERSITAS BAKTI INDONESIA,JAWA TIMUR,INFORMATIKA,BAIK,5600000.0,JAWA TIMUR | Komputer & Teknologi | Terjangkau (5-10jt) | Baik Sekali / B,-
783,UNIVERSITAS BAKTI INDONESIA,JAWA TIMUR,SISTEM INFORMASI,BAIK,5600000.0,JAWA TIMUR | Komputer & Teknologi | Terjangkau (5-10jt) | Baik Sekali / B,-
1174,UNIVERSITAS PANCA MARGA,JAWA TIMUR,INFORMATIKA,BAIK,5550000.0,JAWA TIMUR | Komputer & Teknologi | Terjangkau (5-10jt) | Baik Sekali / B,https://rencanamu.id/cari-kampus/universitas-panca-marga
15,UNIVERSITAS DR. SOETOMO,JAWA TIMUR,INFORMATIKA,B,5100000.0,JAWA TIMUR | Komputer & Teknologi | Terjangkau (5-10jt) | Baik Sekali / B,https://rencanamu.id/cari-kampus/universitas-dr-soetomo
1265,INSTITUT TEKNOLOGI DAN BISNIS TUBAN,JAWA TIMUR,SISTEM INFORMASI,BAIK,5000000.0,JAWA TIMUR | Komputer & Teknologi | Terjangkau (5-10jt) | Baik Sekali / B,-
181,UNIVERSITAS DOKTOR NUGROHO MAGETAN,JAWA TIMUR,TEKNOLOGI PANGAN,BAIK,27500000.0,JAWA TIMUR | Lainnya | Mahal (20-50jt) | Baik Sekali / B,-
218,INSTITUT TEKNOLOGI NASIONAL MALANG,JAWA TIMUR,KELISTRIKAN,B,24550000.0,JAWA TIMUR | Lainnya | Mahal (20-50jt) | Baik Sekali / B,https://campus.quipper.com/directory/institut-teknologi-nasional-malang
218,INSTITUT TEKNOLOGI NASIONAL MALANG,JAWA TIMUR,PERENCANAAN WILAYAH KOTA,B,24550000.0,JAWA TIMUR | Lainnya | Mahal (20-50jt) | Baik Sekali / B,https://campus.quipper.com/directory/institut-teknologi-nasional-malang
342,UNIVERSITAS DR SOETOMO,JAWA TIMUR,BUDIDAYA PERAIRAN,BAIK SEKALI,17520000.0,JAWA TIMUR | Lainnya | Menengah (10-20jt) | Baik Sekali / B,https://campus.quipper.com/directory/universitas-dr-soetomo
342,UNIVERSITAS DR SOETOMO,JAWA TIMUR,GEOMATIKA,BAIK,17520000.0,JAWA TIMUR | Lainnya | Menengah (10-20jt) | Baik Sekali / B,https://campus.quipper.com/directory/universitas-dr-soetomo
342,UNIVERSITAS DR SOETOMO,JAWA TIMUR,TEKNOLOGI,BAIK SEKALI,17520000.0,JAWA TIMUR | Lainnya | Menengah (10-20jt) | Baik Sekali / B,https://campus.quipper.com/directory/universitas-dr-soetomo
342,UNIVERSITAS DR SOETOMO,JAWA TIMUR,TEKNOLOGI PANGAN,B,17520000.0,JAWA TIMUR | Lainnya | Menengah (10-20jt) | Baik Sekali / B,https://campus.quipper.com/directory/universitas-dr-soetomo
696,UNIVERSITAS KATOLIK WIDYA KARYA,JAWA TIMUR,TEKNOLOGI PANGAN,BAIK,9250000.0,JAWA TIMUR | Lainnya | Terjangkau (5-10jt) | Baik Sekali / B,-
710,UNIVERSITAS YUDHARTA PASURUAN,JAWA TIMUR,TEKNOLOGI PANGAN,B,9050000.0,JAWA TIMUR | Lainnya | Terjangkau (5-10jt) | Baik Sekali / B,-
870,UNIVERSITAS ISLAM LAMONGAN,JAWA TIMUR,BUDIDAYA PERAIRAN,B,7500000.0,JAWA TIMUR | Lainnya | Terjangkau (5-10jt) | Baik Sekali / B,https://rencanamu.id/cari-kampus/universitas-islam-lamongan
1535,UNIVERSITAS MUHAMMADIYAH SIDOARJO,JAWA TIMUR,GURU ANAK USIA DINI,B,48525000.0,JAWA TIMUR | Pendidikan | Mahal (20-50jt) | Baik Sekali / B,https://rencanamu.id/cari-kampus/universitas-muhammadiyah-sidoarjo
1535,UNIVERSITAS MUHAMMADIYAH SIDOARJO,JAWA TIMUR,GURU SEKOLAH DASAR,B,48525000.0,JAWA TIMUR | Pendidikan | Mahal (20-50jt) | Baik Sekali / B,https://rencanamu.id/cari-kampus/universitas-muhammadiyah-sidoarjo
90,UNIVERSITAS PGRI DELTA,JAWA TIMUR,GURU SEKOLAH DASAR,BAIK SEKALI,48480000.0,JAWA TIMUR | Pendidikan | Mahal (20-50jt) | Baik Sekali / B,-
96,UNIVERSITAS MUHAMMADIYAH JEMBER,JAWA TIMUR,GURU ANAK USIA DINI,B,46860200.0,JAWA TIMUR | Pendidikan | Mahal (20-50jt) | Baik Sekali / B,https://rencanamu.id/cari-kampus/universitas-muhammadiyah-jember
96,UNIVERSITAS MUHAMMADIYAH JEMBER,JAWA TIMUR,GURU PAUD,B,46860200.0,JAWA TIMUR | Pendidikan | Mahal (20-50jt) | Baik Sekali / B,https://rencanamu.id/cari-kampus/universitas-muhammadiyah-jember
96,UNIVERSITAS MUHAMMADIYAH JEMBER,JAWA TIMUR,GURU SEKOLAH DASAR,BAIK,46860200.0,JAWA TIMUR | Pendidikan | Mahal (20-50jt) | Baik Sekali / B,https://rencanamu.id/cari-kampus/universitas-muhammadiyah-jember
96,UNIVERSITAS MUHAMMADIYAH JEMBER,JAWA TIMUR,JASMANI,BAIK,46860200.0,JAWA TIMUR | Pendidikan | Mahal (20-50jt) | Baik Sekali / B,https://rencanamu.id/cari-kampus/universitas-muhammadiyah-jember
96,UNIVERSITAS MUHAMMADIYAH JEMBER,JAWA TIMUR,OLAHRAGA,BAIK,46860200.0,JAWA TIMUR | Pendidikan | Mahal (20-50jt) | Baik Sekali / B,https://rencanamu.id/cari-kampus/universitas-muhammadiyah-jember
110,UNIVERSITAS PGRI RONGGOLAWE,JAWA TIMUR,GURU ANAK USIA DINI,BAIK SEKALI,40364875.0,JAWA TIMUR | Pendidikan | Mahal (20-50jt) | Baik Sekali / B,-
110,UNIVERSITAS PGRI RONGGOLAWE,JAWA TIMUR,GURU SEKOLAH DASAR,BAIK SEKALI,40364875.0,JAWA TIMUR | Pendidikan | Mahal (20-50jt) | Baik Sekali / B,-
119,UNIVERSITAS WIJAYA KUSUMA SURABAYA,JAWA TIMUR,GURU SEKOLAH DASAR,B,38400000.0,JAWA TIMUR | Pendidikan | Mahal (20-50jt) | Baik Sekali / B,https://campus.quipper.com/directory/universitas-wijaya-kusuma-surabaya
162,UNIVERSITAS HASYIM ASY'ARI TEBUIRENG JOMBANG,JAWA TIMUR,GURU SEKOLAH DASAR,BAIK SEKALI,29750000.0,JAWA TIMUR | Pendidikan | Mahal (20-50jt) | Baik Sekali / B,-
176,UNIVERSITAS KRISTEN PETRA,JAWA TIMUR,GURU ANAK USIA DINI,BAIK,28000000.0,JAWA TIMUR | Pendidikan | Mahal (20-50jt) | Baik Sekali / B,https://campus.quipper.com/directory/universitas-kristen-petra
181,UNIVERSITAS DOKTOR NUGROHO MAGETAN,JAWA TIMUR,GURU ANAK USIA DINI,BAIK SEKALI,27500000.0,JAWA TIMUR | Pendidikan | Mahal (20-50jt) | Baik Sekali / B,-
181,UNIVERSITAS DOKTOR NUGROHO MAGETAN,JAWA TIMUR,JASMANI,BAIK SEKALI,27500000.0,JAWA TIMUR | Pendidikan | Mahal (20-50jt) | Baik Sekali / B,-
389,UNIVERSITAS ISLAM BALITAR,JAWA TIMUR,GURU SEKOLAH DASAR,B,15375000.0,JAWA TIMUR | Pendidikan | Menengah (10-20jt) | Baik Sekali / B,https://rencanamu.id/cari-kampus/universitas-islam-balitar
423,UNIVERSITAS PGRI ADI BUANA,JAWA TIMUR,BIMBINGAN KONSELING,UNGGUL,14450000.0,JAWA TIMUR | Pendidikan | Menengah (10-20jt) | Unggul / A,https://campus.quipper.com/directory/universitas-pgri-adi-buana-unipa-surabaya
423,UNIVERSITAS PGRI ADI BUANA,JAWA TIMUR,GURU ANAK USIA DINI,UNGGUL,14450000.0,JAWA TIMUR | Pendidikan | Menengah (10-20jt) | Unggul / A,https://campus.quipper.com/directory/universitas-pgri-adi-buana-unipa-surabaya
423,UNIVERSITAS PGRI ADI BUANA,JAWA TIMUR,GURU SEKOLAH DASAR,UNGGUL,14450000.0,JAWA TIMUR | Pendidikan | Menengah (10-20jt) | Unggul / A,https://campus.quipper.com/directory/universitas-pgri-adi-buana-unipa-surabaya
423,UNIVERSITAS PGRI ADI BUANA,JAWA TIMUR,JASMANI,UNGGUL,14450000.0,JAWA TIMUR | Pendidikan | Menengah (10-20jt) | Unggul / A,https://campus.quipper.com/directory/universitas-pgri-adi-buana-unipa-surabaya
432,UNIVERSITAS TRIBHUWANA TUNGGA DEWI,JAWA TIMUR,GURU SEKOLAH DASAR,BAIK,14250000.0,JAWA TIMUR | Pendidikan | Menengah (10-20jt) | Baik Sekali / B,https://rencanamu.id/cari-kampus/universitas-tribhuwana-tungga-dewi
435,UNIVERSITAS NAROTAMA,JAWA TIMUR,GURU ANAK USIA DINI,B,14100000.0,JAWA TIMUR | Pendidikan | Menengah (10-20jt) | Baik Sekali / B,https://campus.quipper.com/directory/universitas-narotama
486,UNIVERSITAS HAFSHAWATY ZAINUL HASAN,JAWA TIMUR,OLAHRAGA,BAIK,12900000.0,JAWA TIMUR | Pendidikan | Menengah (10-20jt) | Baik Sekali / B,-
532,UNIVERSITAS PGRI KANJURUHAN MALANG,JAWA TIMUR,BIMBINGAN KONSELING,BAIK SEKALI,12040000.0,JAWA TIMUR | Pendidikan | Menengah (10-20jt) | Baik Sekali / B,https://campus.quipper.com/directory/universitas-pgri-kanjuruhan-malang
532,UNIVERSITAS PGRI KANJURUHAN MALANG,JAWA TIMUR,GURU ANAK USIA DINI,BAIK SEKALI,12040000.0,JAWA TIMUR | Pendidikan | Menengah (10-20jt) | Baik Sekali / B,https://campus.quipper.com/directory/universitas-pgri-kanjuruhan-malang
578,UNIVERSITAS MUHAMMADIYAH PONOROGO,JAWA TIMUR,GURU ANAK USIA DINI,BAIK SEKALI,11200000.0,JAWA TIMUR | Pendidikan | Menengah (10-20jt) | Baik Sekali / B,https://campus.quipper.com/directory/universitas-muhammadiyah-ponorogo
579,UNIVERSITAS MUHAMMADIYAH GRESIK,JAWA TIMUR,GURU SEKOLAH DASAR,BAIK SEKALI,11150000.0,JAWA TIMUR | Pendidikan | Menengah (10-20jt) | Baik Sekali / B,-
631,UNIVERSITAS PGRI MADIUN,JAWA TIMUR,BIMBINGAN KONSELING,B,10091000.0,JAWA TIMUR | Pendidikan | Menengah (10-20jt) | Baik Sekali / B,https://campus.quipper.com/directory/universitas-pgri-madiun-unipma
631,UNIVERSITAS PGRI MADIUN,JAWA TIMUR,GURU ANAK USIA DINI,B,10091000.0,JAWA TIMUR | Pendidikan | Menengah (10-20jt) | Baik Sekali / B,https://campus.quipper.com/directory/universitas-pgri-madiun-unipma
631,UNIVERSITAS PGRI MADIUN,JAWA TIMUR,GURU SEKOLAH DASAR,B,10091000.0,JAWA TIMUR | Pendidikan | Menengah (10-20jt) | Baik Sekali / B,https://campus.quipper.com/directory/universitas-pgri-madiun-unipma
631,UNIVERSITAS PGRI MADIUN,JAWA TIMUR,OLAHRAGA,BAIK,10091000.0,JAWA TIMUR | Pendidikan | Menengah (10-20jt) | Baik Sekali / B,https://campus.quipper.com/directory/universitas-pgri-madiun-unipma
638,UNIVERSITAS MOCHAMMAD SROEDJI,JAWA TIMUR,BIMBINGAN KONSELING,B,10000000.0,JAWA TIMUR | Pendidikan | Menengah (10-20jt) | Baik Sekali / B,https://campus.quipper.com/directory/universitas-mochammad-sroedji
637,UNIVERSITAS PGRI ARGOPURO JEMBER,JAWA TIMUR,BIMBINGAN KONSELING,BAIK SEKALI,10000000.0,JAWA TIMUR | Pendidikan | Menengah (10-20jt) | Baik Sekali / B,-
637,UNIVERSITAS PGRI ARGOPURO JEMBER,JAWA TIMUR,GURU ANAK USIA DINI,B,10000000.0,JAWA TIMUR | Pendidikan | Menengah (10-20jt) | Baik Sekali / B,-
685,UNIVERSITAS ISLAM MADURA,JAWA TIMUR,GURU ANAK USIA DINI,B,9435000.0,JAWA TIMUR | Pendidikan | Terjangkau (5-10jt) | Baik Sekali / B,-
690,UNIVERSITAS WIRARAJA,JAWA TIMUR,GURU SEKOLAH DASAR,BAIK SEKALI,9313750.0,JAWA TIMUR | Pendidikan | Terjangkau (5-10jt) | Baik Sekali / B,-
730,UNIVERSITAS WAHIDIYAH,JAWA TIMUR,GURU ANAK USIA DINI,BAIK,8910000.0,JAWA TIMUR | Pendidikan | Terjangkau (5-10jt) | Baik Sekali / B,https://campus.quipper.com/directory/universitas-wahidiyah
742,STKIP PGRI PONOROGO,JAWA TIMUR,GURU ANAK USIA DINI,BAIK,8770000.0,JAWA TIMUR | Pendidikan | Terjangkau (5-10jt) | Baik Sekali / B,-
772,UNIVERSITAS NAHDLATUL ULAMA SUNAN GIRI,JAWA TIMUR,BIMBINGAN KONSELING,BAIK SEKALI,8300000.0,JAWA TIMUR | Pendidikan | Terjangkau (5-10jt) | Baik Sekali / B,-
772,UNIVERSITAS NAHDLATUL ULAMA SUNAN GIRI,JAWA TIMUR,JASMANI,BAIK SEKALI,8300000.0,JAWA TIMUR | Pendidikan | Terjangkau (5-10jt) | Baik Sekali / B,-
804,STKIP AL HIKMAH SURABAYA,JAWA TIMUR,GURU SEKOLAH DASAR,BAIK,8000000.0,JAWA TIMUR | Pendidikan | Terjangkau (5-10jt) | Baik Sekali / B,https://campus.quipper.com/directory/stkip-al-hikmah-surabaya
835,UNIVERSITAS NUSANTARA PGRI KEDIRI,JAWA TIMUR,BIMBINGAN KONSELING,BAIK SEKALI,7800000.0,JAWA TIMUR | Pendidikan | Terjangkau (5-10jt) | Baik Sekali / B,https://campus.quipper.com/directory/universitas-nusantara-pgri-kediri
835,UNIVERSITAS NUSANTARA PGRI KEDIRI,JAWA TIMUR,GURU ANAK USIA DINI,UNGGUL,7800000.0,JAWA TIMUR | Pendidikan | Terjangkau (5-10jt) | Unggul / A,https://campus.quipper.com/directory/universitas-nusantara-pgri-kediri
835,UNIVERSITAS NUSANTARA PGRI KEDIRI,JAWA TIMUR,GURU SEKOLAH DASAR,B,7800000.0,JAWA TIMUR | Pendidikan | Terjangkau (5-10jt) | Baik Sekali / B,https://campus.quipper.com/directory/universitas-nusantara-pgri-kediri
835,UNIVERSITAS NUSANTARA PGRI KEDIRI,JAWA TIMUR,JASMANI,BAIK SEKALI,7800000.0,JAWA TIMUR | Pendidikan | Terjangkau (5-10jt) | Baik Sekali / B,https://campus.quipper.com/directory/universitas-nusantara-pgri-kediri
835,UNIVERSITAS NUSANTARA PGRI KEDIRI,JAWA TIMUR,OLAHRAGA,BAIK SEKALI,7800000.0,JAWA TIMUR | Pendidikan | Terjangkau (5-10jt) | Baik Sekali / B,https://campus.quipper.com/directory/universitas-nusantara-pgri-kediri
879,UNIVERSITAS ABDURACHMAN SALEH SITUBONDO,JAWA TIMUR,GURU SEKOLAH DASAR,BAIK SEKALI,7500000.0,JAWA TIMUR | Pendidikan | Terjangkau (5-10jt) | Baik Sekali / B,-
931,UNIVERSITAS ABDURACHMAN SALEH,JAWA TIMUR,GURU SEKOLAH DASAR,B,7000000.0,JAWA TIMUR | Pendidikan | Terjangkau (5-10jt) | Baik Sekali / B,https://campus.quipper.com/directory/universitas-abdurachman-saleh
952,UNIVERSITAS KAHURIPAN KEDIRI,JAWA TIMUR,JASMANI,BAIK,6950000.0,JAWA TIMUR | Pendidikan | Terjangkau (5-10jt) | Baik Sekali / B,-
1062,UNIVERSITAS BHINNEKA PGRI,JAWA TIMUR,GURU SEKOLAH DASAR,UNGGUL,6175000.0,JAWA TIMUR | Pendidikan | Terjangkau (5-10jt) | Unggul / A,-
1103,UNIVERSITAS ISLAM RADEN RAHMAT,JAWA TIMUR,GURU SEKOLAH DASAR,BAIK SEKALI,6000000.0,JAWA TIMUR | Pendidikan | Terjangkau (5-10jt) | Baik Sekali / B,-
1098,UNIVERSITAS NAHDLATUL ULAMA SIDOARJO,JAWA TIMUR,GURU SEKOLAH DASAR,UNGGUL,6000000.0,JAWA TIMUR | Pendidikan | Terjangkau (5-10jt) | Unggul / A,-
1158,UNIVERSITAS ISLAM JEMBER,JAWA TIMUR,BIMBINGAN KONSELING,BAIK SEKALI,5700000.0,JAWA TIMUR | Pendidikan | Terjangkau (5-10jt) | Baik Sekali / B,https://campus.quipper.com/directory/universitas-islam-jember
1158,UNIVERSITAS ISLAM JEMBER,JAWA TIMUR,GURU,BAIK,5700000.0,JAWA TIMUR | Pendidikan | Terjangkau (5-10jt) | Baik Sekali / B,https://campus.quipper.com/directory/universitas-islam-jember
1158,UNIVERSITAS ISLAM JEMBER,JAWA TIMUR,GURU SEKOLAH DASAR,BAIK,5700000.0,JAWA TIMUR | Pendidikan | Terjangkau (5-10jt) | Baik Sekali / B,https://campus.quipper.com/directory/universitas-islam-jember
783,UNIVERSITAS BAKTI INDONESIA,JAWA TIMUR,GURU ANAK USIA DINI,BAIK,5600000.0,JAWA TIMUR | Pendidikan | Terjangkau (5-10jt) | Baik Sekali / B,-
783,UNIVERSITAS BAKTI INDONESIA,JAWA TIMUR,GURU SEKOLAH DASAR,BAIK,5600000.0,JAWA TIMUR | Pendidikan | Terjangkau (5-10jt) | Baik Sekali / B,-
783,UNIVERSITAS BAKTI INDONESIA,JAWA TIMUR,JASMANI,BAIK,5600000.0,JAWA TIMUR | Pendidikan | Terjangkau (5-10jt) | Baik Sekali / B,-
1174,UNIVERSITAS PANCA MARGA,JAWA TIMUR,GURU SEKOLAH DASAR,BAIK SEKALI,5550000.0,JAWA TIMUR | Pendidikan | Terjangkau (5-10jt) | Baik Sekali / B,https://rencanamu.id/cari-kampus/universitas-panca-marga
1184,UNIVERSITAS PGRI BANYUWANGI,JAWA TIMUR,BIMBINGAN KONSELING,BAIK SEKALI,5400000.0,JAWA TIMUR | Pendidikan | Terjangkau (5-10jt) | Baik Sekali / B,-
1184,UNIVERSITAS PGRI BANYUWANGI,JAWA TIMUR,JASMANI,BAIK SEKALI,5400000.0,JAWA TIMUR | Pendidikan | Terjangkau (5-10jt) | Baik Sekali / B,-
1464,STKIP MODERN NGAWI,JAWA TIMUR,GURU ANAK USIA DINI,BAIK,3150000.0,JAWA TIMUR | Pendidikan | Hemat (<5jt) | Baik Sekali / B,-
1464,STKIP MODERN NGAWI,JAWA TIMUR,GURU SEKOLAH DASAR,BAIK,3150000.0,JAWA TIMUR | Pendidikan | Hemat (<5jt) | Baik Sekali / B,-
1464,STKIP MODERN NGAWI,JAWA TIMUR,JASMANI,BAIK SEKALI,3150000.0,JAWA TIMUR | Pendidikan | Hemat (<5jt) | Baik Sekali / B,-
39,UNIVERSITAS KATOLIK WIDYA MANDALA SURABAYA,JAWA TIMUR,BIOLOGI,BAIK SEKALI,234470600.0,JAWA TIMUR | Sains & Agro | Sangat Mahal (>50jt) | Baik Sekali / B,https://campus.quipper.com/directory/universitas-katolik-widya-mandala-surabaya
39,UNIVERSITAS KATOLIK WIDYA MANDALA SURABAYA,JAWA TIMUR,FISIKA,B,234470600.0,JAWA TIMUR | Sains & Agro | Sangat Mahal (>50jt) | Baik Sekali / B,https://campus.quipper.com/directory/universitas-katolik-widya-mandala-surabaya
39,UNIVERSITAS KATOLIK WIDYA MANDALA SURABAYA,JAWA TIMUR,KIMIA,B,234470600.0,JAWA TIMUR | Sains & Agro | Sangat Mahal (>50jt) | Baik Sekali / B,https://campus.quipper.com/directory/universitas-katolik-widya-mandala-surabaya
39,UNIVERSITAS KATOLIK WIDYA MANDALA SURABAYA,JAWA TIMUR,MATEMATIKA,BAIK SEKALI,234470600.0,JAWA TIMUR | Sains & Agro | Sangat Mahal (>50jt) | Baik Sekali / B,https://campus.quipper.com/directory/universitas-katolik-widya-mandala-surabaya
1535,UNIVERSITAS MUHAMMADIYAH SIDOARJO,JAWA TIMUR,AGROTEKNOLOGI,B,48525000.0,JAWA TIMUR | Sains & Agro | Mahal (20-50jt) | Baik Sekali / B,https://rencanamu.id/cari-kampus/universitas-muhammadiyah-sidoarjo
1535,UNIVERSITAS MUHAMMADIYAH SIDOARJO,JAWA TIMUR,PENGETAHUAN ALAM,UNGGUL,48525000.0,JAWA TIMUR | Sains & Agro | Mahal (20-50jt) | Unggul / A,https://rencanamu.id/cari-kampus/universitas-muhammadiyah-sidoarjo
1535,UNIVERSITAS MUHAMMADIYAH SIDOARJO,JAWA TIMUR,PERTANIAN,B,48525000.0,JAWA TIMUR | Sains & Agro | Mahal (20-50jt) | Baik Sekali / B,https://rencanamu.id/cari-kampus/universitas-muhammadiyah-sidoarjo
90,UNIVERSITAS PGRI DELTA,JAWA TIMUR,STATISTIK,BAIK,48480000.0,JAWA TIMUR | Sains & Agro | Mahal (20-50jt) | Baik Sekali / B,-
96,UNIVERSITAS MUHAMMADIYAH JEMBER,JAWA TIMUR,AGROTEKNOLOGI,B,46860200.0,JAWA TIMUR | Sains & Agro | Mahal (20-50jt) | Baik Sekali / B,https://rencanamu.id/cari-kampus/universitas-muhammadiyah-jember
96,UNIVERSITAS MUHAMMADIYAH JEMBER,JAWA TIMUR,BIOLOGI,B,46860200.0,JAWA TIMUR | Sains & Agro | Mahal (20-50jt) | Baik Sekali / B,https://rencanamu.id/cari-kampus/universitas-muhammadiyah-jember
96,UNIVERSITAS MUHAMMADIYAH JEMBER,JAWA TIMUR,KIMIA,BAIK,46860200.0,JAWA TIMUR | Sains & Agro | Mahal (20-50jt) | Baik Sekali / B,https://rencanamu.id/cari-kampus/universitas-muhammadiyah-jember
96,UNIVERSITAS MUHAMMADIYAH JEMBER,JAWA TIMUR,MATEMATIKA,B,46860200.0,JAWA TIMUR | Sains & Agro | Mahal (20-50jt) | Baik Sekali / B,https://rencanamu.id/cari-kampus/universitas-muhammadiyah-jember
96,UNIVERSITAS MUHAMMADIYAH JEMBER,JAWA TIMUR,PERTANIAN,BAIK,46860200.0,JAWA TIMUR | Sains & Agro | Mahal (20-50jt) | Baik Sekali / B,https://rencanamu.id/cari-kampus/universitas-muhammadiyah-jember
110,UNIVERSITAS PGRI RONGGOLAWE,JAWA TIMUR,BIOLOGI,BAIK SEKALI,40364875.0,JAWA TIMUR | Sains & Agro | Mahal (20-50jt) | Baik Sekali / B,-
110,UNIVERSITAS PGRI RONGGOLAWE,JAWA TIMUR,MATEMATIKA,BAIK,40364875.0,JAWA TIMUR | Sains & Agro | Mahal (20-50jt) | Baik Sekali / B,-
110,UNIVERSITAS PGRI RONGGOLAWE,JAWA TIMUR,PERIKANAN,B,40364875.0,JAWA TIMUR | Sains & Agro | Mahal (20-50jt) | Baik Sekali / B,-
118,UNIVERSITAS SURABAYA,JAWA TIMUR,BIOLOGI,A,38850250.0,JAWA TIMUR | Sains & Agro | Mahal (20-50jt) | Unggul / A,https://campus.quipper.com/directory/universitas-surabaya
118,UNIVERSITAS SURABAYA,JAWA TIMUR,KIMIA,A,38850250.0,JAWA TIMUR | Sains & Agro | Mahal (20-50jt) | Unggul / A,https://campus.quipper.com/directory/universitas-surabaya
119,UNIVERSITAS WIJAYA KUSUMA SURABAYA,JAWA TIMUR,AGROTEKNOLOGI,B,38400000.0,JAWA TIMUR | Sains & Agro | Mahal (20-50jt) | Baik Sekali / B,https://campus.quipper.com/directory/universitas-wijaya-kusuma-surabaya
119,UNIVERSITAS WIJAYA KUSUMA SURABAYA,JAWA TIMUR,BIOLOGI,B,38400000.0,JAWA TIMUR | Sains & Agro | Mahal (20-50jt) | Baik Sekali / B,https://campus.quipper.com/directory/universitas-wijaya-kusuma-surabaya
119,UNIVERSITAS WIJAYA KUSUMA SURABAYA,JAWA TIMUR,MATEMATIKA,B,38400000.0,JAWA TIMUR | Sains & Agro | Mahal (20-50jt) | Baik Sekali / B,https://campus.quipper.com/directory/universitas-wijaya-kusuma-surabaya
119,UNIVERSITAS WIJAYA KUSUMA SURABAYA,JAWA TIMUR,PERTANIAN,B,38400000.0,JAWA TIMUR | Sains & Agro | Mahal (20-50jt) | Baik Sekali / B,https://campus.quipper.com/directory/universitas-wijaya-kusuma-surabaya
134,UNIVERSITAS ISLAM MALANG,JAWA TIMUR,AGROTEKNOLOGI,B,33550000.0,JAWA TIMUR | Sains & Agro | Mahal (20-50jt) | Baik Sekali / B,https://campus.quipper.com/directory/universitas-islam-malang
134,UNIVERSITAS ISLAM MALANG,JAWA TIMUR,BIOLOGI,B,33550000.0,JAWA TIMUR | Sains & Agro | Mahal (20-50jt) | Baik Sekali / B,https://campus.quipper.com/directory/universitas-islam-malang
134,UNIVERSITAS ISLAM MALANG,JAWA TIMUR,MATEMATIKA,B,33550000.0,JAWA TIMUR | Sains & Agro | Mahal (20-50jt) | Baik Sekali / B,https://campus.quipper.com/directory/universitas-islam-malang
134,UNIVERSITAS ISLAM MALANG,JAWA TIMUR,PETERNAKAN,A,33550000.0,JAWA TIMUR | Sains & Agro | Mahal (20-50jt) | Unggul / A,https://campus.quipper.com/directory/universitas-islam-malang
162,UNIVERSITAS HASYIM ASY'ARI TEBUIRENG JOMBANG,JAWA TIMUR,MATEMATIKA,BAIK,29750000.0,JAWA TIMUR | Sains & Agro | Mahal (20-50jt) | Baik Sekali / B,-
162,UNIVERSITAS HASYIM ASY'ARI TEBUIRENG JOMBANG,JAWA TIMUR,PENGETAHUAN ALAM,BAIK,29750000.0,JAWA TIMUR | Sains & Agro | Mahal (20-50jt) | Baik Sekali / B,-
172,UNIVERSITAS WIDYA GAMA,JAWA TIMUR,AGROTEKNOLOGI,B,28500000.0,JAWA TIMUR | Sains & Agro | Mahal (20-50jt) | Baik Sekali / B,https://campus.quipper.com/directory/universitas-widya-gama
181,UNIVERSITAS DOKTOR NUGROHO MAGETAN,JAWA TIMUR,MATEMATIKA,TIDAK TERAKREDITASI,27500000.0,JAWA TIMUR | Sains & Agro | Mahal (20-50jt) | Unggul / A,-
181,UNIVERSITAS DOKTOR NUGROHO MAGETAN,JAWA TIMUR,SOSIAL EKONOMI PERTANIAN,BAIK,27500000.0,JAWA TIMUR | Sains & Agro | Mahal (20-50jt) | Baik Sekali / B,-
218,INSTITUT TEKNOLOGI NASIONAL MALANG,JAWA TIMUR,KIMIA,B,24550000.0,JAWA TIMUR | Sains & Agro | Mahal (20-50jt) | Baik Sekali / B,https://campus.quipper.com/directory/institut-teknologi-nasional-malang
226,INSTITUT ILMU KESEHATAN BHAKTI WIYATA KEDIRI,JAWA TIMUR,BIOLOGI,B,24000000.0,JAWA TIMUR | Sains & Agro | Mahal (20-50jt) | Baik Sekali / B,https://campus.quipper.com/directory/institut-ilmu-kesehatan-bhakti-wiyata-kediri
226,INSTITUT ILMU KESEHATAN BHAKTI WIYATA KEDIRI,JAWA TIMUR,KIMIA,B,24000000.0,JAWA TIMUR | Sains & Agro | Mahal (20-50jt) | Baik Sekali / B,https://campus.quipper.com/directory/institut-ilmu-kesehatan-bhakti-wiyata-kediri
256,UNIVERSITAS IBRAHIMY,JAWA TIMUR,TEKNOLOGI HASIL PERIKANAN,BAIK,21600000.0,JAWA TIMUR | Sains & Agro | Mahal (20-50jt) | Baik Sekali / B,-
273,UNIVERSITAS DARUSSALAM GONTOR,JAWA TIMUR,AGROTEKNOLOGI,BAIK,20500000.0,JAWA TIMUR | Sains & Agro | Mahal (20-50jt) | Baik Sekali / B,-
273,UNIVERSITAS DARUSSALAM GONTOR,JAWA TIMUR,PERTANIAN,BAIK,20500000.0,JAWA TIMUR | Sains & Agro | Mahal (20-50jt) | Baik Sekali / B,-
276,UNIVERSITAS MA CHUNG,JAWA TIMUR,KIMIA,B,20400000.0,JAWA TIMUR | Sains & Agro | Mahal (20-50jt) | Baik Sekali / B,https://campus.quipper.com/directory/universitas-ma-chung
287,UNIVERSITAS MUHAMMADIYAH MALANG,JAWA TIMUR,AGRONOMI,A,20000000.0,JAWA TIMUR | Sains & Agro | Mahal (20-50jt) | Unggul / A,https://rencanamu.id/cari-kampus/universitas-muhammadiyah-malang
287,UNIVERSITAS MUHAMMADIYAH MALANG,JAWA TIMUR,AGROTEKNOLOGI,A,20000000.0,JAWA TIMUR | Sains & Agro | Mahal (20-50jt) | Unggul / A,https://rencanamu.id/cari-kampus/universitas-muhammadiyah-malang
287,UNIVERSITAS MUHAMMADIYAH MALANG,JAWA TIMUR,AKUAKULTUR,UNGGUL,20000000.0,JAWA TIMUR | Sains & Agro | Mahal (20-50jt) | Unggul / A,https://rencanamu.id/cari-kampus/universitas-muhammadiyah-malang
287,UNIVERSITAS MUHAMMADIYAH MALANG,JAWA TIMUR,BIOLOGI,A,20000000.0,JAWA TIMUR | Sains & Agro | Mahal (20-50jt) | Unggul / A,https://rencanamu.id/cari-kampus/universitas-muhammadiyah-malang
287,UNIVERSITAS MUHAMMADIYAH MALANG,JAWA TIMUR,KEHUTANAN,B,20000000.0,JAWA TIMUR | Sains & Agro | Mahal (20-50jt) | Baik Sekali / B,https://rencanamu.id/cari-kampus/universitas-muhammadiyah-malang
287,UNIVERSITAS MUHAMMADIYAH MALANG,JAWA TIMUR,MATEMATIKA,A,20000000.0,JAWA TIMUR | Sains & Agro | Mahal (20-50jt) | Unggul / A,https://rencanamu.id/cari-kampus/universitas-muhammadiyah-malang
287,UNIVERSITAS MUHAMMADIYAH MALANG,JAWA TIMUR,PETERNAKAN,A,20000000.0,JAWA TIMUR | Sains & Agro | Mahal (20-50jt) | Unggul / A,https://rencanamu.id/cari-kampus/universitas-muhammadiyah-malang
292,UNIVERSITAS MAARIF HASYIM LATIF,JAWA TIMUR,BIOLOGI,BAIK,19710000.0,JAWA TIMUR | Sains & Agro | Menengah (10-20jt) | Baik Sekali / B,-
342,UNIVERSITAS DR SOETOMO,JAWA TIMUR,MATEMATIKA,BAIK SEKALI,17520000.0,JAWA TIMUR | Sains & Agro | Menengah (10-20jt) | Baik Sekali / B,https://campus.quipper.com/directory/universitas-dr-soetomo
342,UNIVERSITAS DR SOETOMO,JAWA TIMUR,PERIKANAN,UNGGUL,17520000.0,JAWA TIMUR | Sains & Agro | Menengah (10-20jt) | Baik Sekali / B,https://campus.quipper.com/directory/universitas-dr-soetomo
389,UNIVERSITAS ISLAM BALITAR,JAWA TIMUR,AGROTEKNOLOGI,C,15375000.0,JAWA TIMUR | Sains & Agro | Menengah (10-20jt) | Baik / C,https://rencanamu.id/cari-kampus/universitas-islam-balitar
389,UNIVERSITAS ISLAM BALITAR,JAWA TIMUR,BIOLOGI,B,15375000.0,JAWA TIMUR | Sains & Agro | Menengah (10-20jt) | Baik Sekali / B,https://rencanamu.id/cari-kampus/universitas-islam-balitar
389,UNIVERSITAS ISLAM BALITAR,JAWA TIMUR,PETERNAKAN,B,15375000.0,JAWA TIMUR | Sains & Agro | Menengah (10-20jt) | Baik Sekali / B,https://rencanamu.id/cari-kampus/universitas-islam-balitar
418,INSTITUT TEKNOLOGI ADHI TAMA SURABAYA,JAWA TIMUR,GEOLOGI,C,14600000.0,JAWA TIMUR | Sains & Agro | Menengah (10-20jt) | Baik / C,https://campus.quipper.com/directory/institut-teknologi-adhi-tama-surabaya
418,INSTITUT TEKNOLOGI ADHI TAMA SURABAYA,JAWA TIMUR,KIMIA,B,14600000.0,JAWA TIMUR | Sains & Agro | Menengah (10-20jt) | Baik Sekali / B,https://campus.quipper.com/directory/institut-teknologi-adhi-tama-surabaya
423,UNIVERSITAS PGRI ADI BUANA,JAWA TIMUR,MATEMATIKA,BAIK SEKALI,14450000.0,JAWA TIMUR | Sains & Agro | Menengah (10-20jt) | Baik Sekali / B,https://campus.quipper.com/directory/universitas-pgri-adi-buana-unipa-surabaya
423,UNIVERSITAS PGRI ADI BUANA,JAWA TIMUR,STATISTIK,B,14450000.0,JAWA TIMUR | Sains & Agro | Menengah (10-20jt) | Baik Sekali / B,https://campus.quipper.com/directory/universitas-pgri-adi-buana-unipa-surabaya
432,UNIVERSITAS TRIBHUWANA TUNGGA DEWI,JAWA TIMUR,AGROTEKNOLOGI,B,14250000.0,JAWA TIMUR | Sains & Agro | Menengah (10-20jt) | Baik Sekali / B,https://rencanamu.id/cari-kampus/universitas-tribhuwana-tungga-dewi
432,UNIVERSITAS TRIBHUWANA TUNGGA DEWI,JAWA TIMUR,BIOLOGI,BAIK SEKALI,14250000.0,JAWA TIMUR | Sains & Agro | Menengah (10-20jt) | Baik Sekali / B,https://rencanamu.id/cari-kampus/universitas-tribhuwana-tungga-dewi
432,UNIVERSITAS TRIBHUWANA TUNGGA DEWI,JAWA TIMUR,KIMIA,B,14250000.0,JAWA TIMUR | Sains & Agro | Menengah (10-20jt) | Baik Sekali / B,https://rencanamu.id/cari-kampus/universitas-tribhuwana-tungga-dewi
432,UNIVERSITAS TRIBHUWANA TUNGGA DEWI,JAWA TIMUR,MATEMATIKA,BAIK,14250000.0,JAWA TIMUR | Sains & Agro | Menengah (10-20jt) | Baik Sekali / B,https://rencanamu.id/cari-kampus/universitas-tribhuwana-tungga-dewi
432,UNIVERSITAS TRIBHUWANA TUNGGA DEWI,JAWA TIMUR,PERTANIAN,B,14250000.0,JAWA TIMUR | Sains & Agro | Menengah (10-20jt) | Baik Sekali / B,https://rencanamu.id/cari-kampus/universitas-tribhuwana-tungga-dewi
432,UNIVERSITAS TRIBHUWANA TUNGGA DEWI,JAWA TIMUR,PETERNAKAN,B,14250000.0,JAWA TIMUR | Sains & Agro | Menengah (10-20jt) | Baik Sekali / B,https://rencanamu.id/cari-kampus/universitas-tribhuwana-tungga-dewi
433,IKIP PGRI BOJONEGORO,JAWA TIMUR,MATEMATIKA,B,14180000.0,JAWA TIMUR | Sains & Agro | Menengah (10-20jt) | Baik Sekali / B,-
1533,UNIVERSITAS NURUL JADID,JAWA TIMUR,MATEMATIKA,BAIK,14100000.0,JAWA TIMUR | Sains & Agro | Menengah (10-20jt) | Baik Sekali / B,-
440,UNIVERSITAS INTERNASIONAL SEMEN INDONESIA,JAWA TIMUR,AGROTEKNOLOGI,BAIK SEKALI,14000000.0,JAWA TIMUR | Sains & Agro | Menengah (10-20jt) | Baik Sekali / B,https://campus.quipper.com/directory/universitas-internasional-semen-indonesia
440,UNIVERSITAS INTERNASIONAL SEMEN INDONESIA,JAWA TIMUR,KIMIA,C,14000000.0,JAWA TIMUR | Sains & Agro | Menengah (10-20jt) | Baik / C,https://campus.quipper.com/directory/universitas-internasional-semen-indonesia
440,UNIVERSITAS INTERNASIONAL SEMEN INDONESIA,JAWA TIMUR,PERTANIAN,C,14000000.0,JAWA TIMUR | Sains & Agro | Menengah (10-20jt) | Baik / C,https://campus.quipper.com/directory/universitas-internasional-semen-indonesia
457,UNIVERSITAS WISNUWARDHANA,JAWA TIMUR,AGROTEKNOLOGI,B,13800000.0,JAWA TIMUR | Sains & Agro | Menengah (10-20jt) | Baik Sekali / B,https://campus.quipper.com/directory/universitas-wisnuwardhana
457,UNIVERSITAS WISNUWARDHANA,JAWA TIMUR,MATEMATIKA,B,13800000.0,JAWA TIMUR | Sains & Agro | Menengah (10-20jt) | Baik Sekali / B,https://campus.quipper.com/directory/universitas-wisnuwardhana
504,UNIVERSITAS PESANTREN TINGGI DARUL  ULUM,JAWA TIMUR,MATEMATIKA,BAIK,12525000.0,JAWA TIMUR | Sains & Agro | Menengah (10-20jt) | Baik Sekali / B,-
532,UNIVERSITAS PGRI KANJURUHAN MALANG,JAWA TIMUR,FISIKA,B,12040000.0,JAWA TIMUR | Sains & Agro | Menengah (10-20jt) | Baik Sekali / B,https://campus.quipper.com/directory/universitas-pgri-kanjuruhan-malang
532,UNIVERSITAS PGRI KANJURUHAN MALANG,JAWA TIMUR,GEOGRAFI,BAIK SEKALI,12040000.0,JAWA TIMUR | Sains & Agro | Menengah (10-20jt) | Baik Sekali / B,https://campus.quipper.com/directory/universitas-pgri-kanjuruhan-malang
532,UNIVERSITAS PGRI KANJURUHAN MALANG,JAWA TIMUR,MATEMATIKA,BAIK,12040000.0,JAWA TIMUR | Sains & Agro | Menengah (10-20jt) | Baik Sekali / B,https://campus.quipper.com/directory/universitas-pgri-kanjuruhan-malang
532,UNIVERSITAS PGRI KANJURUHAN MALANG,JAWA TIMUR,PENGETAHUAN ALAM,BAIK,12040000.0,JAWA TIMUR | Sains & Agro | Menengah (10-20jt) | Baik Sekali / B,https://campus.quipper.com/directory/universitas-pgri-kanjuruhan-malang
532,UNIVERSITAS PGRI KANJURUHAN MALANG,JAWA TIMUR,PETERNAKAN,B,12040000.0,JAWA TIMUR | Sains & Agro | Menengah (10-20jt) | Baik Sekali / B,https://campus.quipper.com/directory/universitas-pgri-kanjuruhan-malang
544,UNIVERSITAS GAJAYANA,JAWA TIMUR,FISIKA,B,12000000.0,JAWA TIMUR | Sains & Agro | Menengah (10-20jt) | Baik Sekali / B,https://campus.quipper.com/directory/universitas-gajayana
578,UNIVERSITAS MUHAMMADIYAH PONOROGO,JAWA TIMUR,MATEMATIKA,B,11200000.0,JAWA TIMUR | Sains & Agro | Menengah (10-20jt) | Baik Sekali / B,https://campus.quipper.com/directory/universitas-muhammadiyah-ponorogo
579,UNIVERSITAS MUHAMMADIYAH GRESIK,JAWA TIMUR,AGROTEKNOLOGI,B,11150000.0,JAWA TIMUR | Sains & Agro | Menengah (10-20jt) | Baik Sekali / B,-
579,UNIVERSITAS MUHAMMADIYAH GRESIK,JAWA TIMUR,KIMIA,BAIK,11150000.0,JAWA TIMUR | Sains & Agro | Menengah (10-20jt) | Baik Sekali / B,-
579,UNIVERSITAS MUHAMMADIYAH GRESIK,JAWA TIMUR,MATEMATIKA,UNGGUL,11150000.0,JAWA TIMUR | Sains & Agro | Menengah (10-20jt) | Baik Sekali / B,-
579,UNIVERSITAS MUHAMMADIYAH GRESIK,JAWA TIMUR,PERIKANAN,B,11150000.0,JAWA TIMUR | Sains & Agro | Menengah (10-20jt) | Baik Sekali / B,-
631,UNIVERSITAS PGRI MADIUN,JAWA TIMUR,BIOLOGI,B,10091000.0,JAWA TIMUR | Sains & Agro | Menengah (10-20jt) | Baik Sekali / B,https://campus.quipper.com/directory/universitas-pgri-madiun-unipma
631,UNIVERSITAS PGRI MADIUN,JAWA TIMUR,MATEMATIKA,B,10091000.0,JAWA TIMUR | Sains & Agro | Menengah (10-20jt) | Baik Sekali / B,https://campus.quipper.com/directory/universitas-pgri-madiun-unipma
631,UNIVERSITAS PGRI MADIUN,JAWA TIMUR,PENGETAHUAN ALAM,BAIK,10091000.0,JAWA TIMUR | Sains & Agro | Menengah (10-20jt) | Baik Sekali / B,https://campus.quipper.com/directory/universitas-pgri-madiun-unipma
649,UNIVERSITAS MADURA,JAWA TIMUR,MATEMATIKA,B,10000000.0,JAWA TIMUR | Sains & Agro | Menengah (10-20jt) | Baik Sekali / B,https://rencanamu.id/cari-kampus/universitas-madura
649,UNIVERSITAS MADURA,JAWA TIMUR,PETERNAKAN,B,10000000.0,JAWA TIMUR | Sains & Agro | Menengah (10-20jt) | Baik Sekali / B,https://rencanamu.id/cari-kampus/universitas-madura
637,UNIVERSITAS PGRI ARGOPURO JEMBER,JAWA TIMUR,BIOLOGI,B,10000000.0,JAWA TIMUR | Sains & Agro | Menengah (10-20jt) | Baik Sekali / B,-
637,UNIVERSITAS PGRI ARGOPURO JEMBER,JAWA TIMUR,MATEMATIKA,BAIK SEKALI,10000000.0,JAWA TIMUR | Sains & Agro | Menengah (10-20jt) | Baik Sekali / B,-
637,UNIVERSITAS PGRI ARGOPURO JEMBER,JAWA TIMUR,STATISTIK,BAIK,10000000.0,JAWA TIMUR | Sains & Agro | Menengah (10-20jt) | Baik Sekali / B,-
685,UNIVERSITAS ISLAM MADURA,JAWA TIMUR,AGROTEKNOLOGI,B,9435000.0,JAWA TIMUR | Sains & Agro | Terjangkau (5-10jt) | Baik Sekali / B,-
685,UNIVERSITAS ISLAM MADURA,JAWA TIMUR,BIOLOGI,BAIK SEKALI,9435000.0,JAWA TIMUR | Sains & Agro | Terjangkau (5-10jt) | Baik Sekali / B,-
685,UNIVERSITAS ISLAM MADURA,JAWA TIMUR,FISIKA,BAIK SEKALI,9435000.0,JAWA TIMUR | Sains & Agro | Terjangkau (5-10jt) | Baik Sekali / B,-
685,UNIVERSITAS ISLAM MADURA,JAWA TIMUR,MATEMATIKA,BAIK,9435000.0,JAWA TIMUR | Sains & Agro | Terjangkau (5-10jt) | Baik Sekali / B,-
685,UNIVERSITAS ISLAM MADURA,JAWA TIMUR,PERIKANAN,BAIK SEKALI,9435000.0,JAWA TIMUR | Sains & Agro | Terjangkau (5-10jt) | Baik Sekali / B,-
690,UNIVERSITAS WIRARAJA,JAWA TIMUR,PENGETAHUAN ALAM,BAIK SEKALI,9313750.0,JAWA TIMUR | Sains & Agro | Terjangkau (5-10jt) | Baik Sekali / B,-
690,UNIVERSITAS WIRARAJA,JAWA TIMUR,PERTANIAN,BAIK,9313750.0,JAWA TIMUR | Sains & Agro | Terjangkau (5-10jt) | Baik Sekali / B,-
710,UNIVERSITAS YUDHARTA PASURUAN,JAWA TIMUR,TEKNOLOGI HASIL PERIKANAN,B,9050000.0,JAWA TIMUR | Sains & Agro | Terjangkau (5-10jt) | Baik Sekali / B,-
730,UNIVERSITAS WAHIDIYAH,JAWA TIMUR,AGROTEKNOLOGI,BAIK,8910000.0,JAWA TIMUR | Sains & Agro | Terjangkau (5-10jt) | Baik Sekali / B,https://campus.quipper.com/directory/universitas-wahidiyah
730,UNIVERSITAS WAHIDIYAH,JAWA TIMUR,KIMIA,BAIK,8910000.0,JAWA TIMUR | Sains & Agro | Terjangkau (5-10jt) | Baik Sekali / B,https://campus.quipper.com/directory/universitas-wahidiyah
730,UNIVERSITAS WAHIDIYAH,JAWA TIMUR,MATEMATIKA,BAIK,8910000.0,JAWA TIMUR | Sains & Agro | Terjangkau (5-10jt) | Baik Sekali / B,https://campus.quipper.com/directory/universitas-wahidiyah
744,UNIVERSITAS NAHDLATUL ULAMA PASURUAN,JAWA TIMUR,BIOLOGI,BAIK,8750000.0,JAWA TIMUR | Sains & Agro | Terjangkau (5-10jt) | Baik Sekali / B,-
744,UNIVERSITAS NAHDLATUL ULAMA PASURUAN,JAWA TIMUR,FISIKA,BAIK,8750000.0,JAWA TIMUR | Sains & Agro | Terjangkau (5-10jt) | Baik Sekali / B,-
744,UNIVERSITAS NAHDLATUL ULAMA PASURUAN,JAWA TIMUR,KIMIA,BAIK,8750000.0,JAWA TIMUR | Sains & Agro | Terjangkau (5-10jt) | Baik Sekali / B,-
744,UNIVERSITAS NAHDLATUL ULAMA PASURUAN,JAWA TIMUR,MATEMATIKA,BAIK,8750000.0,JAWA TIMUR | Sains & Agro | Terjangkau (5-10jt) | Baik Sekali / B,-
744,UNIVERSITAS NAHDLATUL ULAMA PASURUAN,JAWA TIMUR,PERTANIAN,BAIK,8750000.0,JAWA TIMUR | Sains & Agro | Terjangkau (5-10jt) | Baik Sekali / B,-
768,UNIVERSITAS MERDEKA PASURUAN,JAWA TIMUR,AGROTEKNOLOGI,BAIK,8370000.0,JAWA TIMUR | Sains & Agro | Terjangkau (5-10jt) | Baik Sekali / B,-
772,UNIVERSITAS NAHDLATUL ULAMA SUNAN GIRI,JAWA TIMUR,MATEMATIKA,BAIK SEKALI,8300000.0,JAWA TIMUR | Sains & Agro | Terjangkau (5-10jt) | Baik Sekali / B,-
772,UNIVERSITAS NAHDLATUL ULAMA SUNAN GIRI,JAWA TIMUR,STATISTIK,BAIK SEKALI,8300000.0,JAWA TIMUR | Sains & Agro | Terjangkau (5-10jt) | Baik Sekali / B,-
804,STKIP AL HIKMAH SURABAYA,JAWA TIMUR,FISIKA,BAIK,8000000.0,JAWA TIMUR | Sains & Agro | Terjangkau (5-10jt) | Baik Sekali / B,https://campus.quipper.com/directory/stkip-al-hikmah-surabaya
804,STKIP AL HIKMAH SURABAYA,JAWA TIMUR,MATEMATIKA,BAIK,8000000.0,JAWA TIMUR | Sains & Agro | Terjangkau (5-10jt) | Baik Sekali / B,https://campus.quipper.com/directory/stkip-al-hikmah-surabaya
786,UNIVERSITAS BOJONEGORO,JAWA TIMUR,KIMIA,BAIK,8000000.0,JAWA TIMUR | Sains & Agro | Terjangkau (5-10jt) | Baik Sekali / B,-
835,UNIVERSITAS NUSANTARA PGRI KEDIRI,JAWA TIMUR,BIOLOGI,B,7800000.0,JAWA TIMUR | Sains & Agro | Terjangkau (5-10jt) | Baik Sekali / B,https://campus.quipper.com/directory/universitas-nusantara-pgri-kediri
835,UNIVERSITAS NUSANTARA PGRI KEDIRI,JAWA TIMUR,MATEMATIKA,BAIK SEKALI,7800000.0,JAWA TIMUR | Sains & Agro | Terjangkau (5-10jt) | Baik Sekali / B,https://campus.quipper.com/directory/universitas-nusantara-pgri-kediri
835,UNIVERSITAS NUSANTARA PGRI KEDIRI,JAWA TIMUR,PETERNAKAN,BAIK,7800000.0,JAWA TIMUR | Sains & Agro | Terjangkau (5-10jt) | Baik Sekali / B,https://campus.quipper.com/directory/universitas-nusantara-pgri-kediri
879,UNIVERSITAS ABDURACHMAN SALEH SITUBONDO,JAWA TIMUR,BIOLOGI,BAIK,7500000.0,JAWA TIMUR | Sains & Agro | Terjangkau (5-10jt) | Baik Sekali / B,-
879,UNIVERSITAS ABDURACHMAN SALEH SITUBONDO,JAWA TIMUR,MATEMATIKA,BAIK,7500000.0,JAWA TIMUR | Sains & Agro | Terjangkau (5-10jt) | Baik Sekali / B,-
870,UNIVERSITAS ISLAM LAMONGAN,JAWA TIMUR,AGROBISNIS,B,7500000.0,JAWA TIMUR | Sains & Agro | Terjangkau (5-10jt) | Baik Sekali / B,https://rencanamu.id/cari-kampus/universitas-islam-lamongan
870,UNIVERSITAS ISLAM LAMONGAN,JAWA TIMUR,MATEMATIKA,BAIK,7500000.0,JAWA TIMUR | Sains & Agro | Terjangkau (5-10jt) | Baik Sekali / B,https://rencanamu.id/cari-kampus/universitas-islam-lamongan
870,UNIVERSITAS ISLAM LAMONGAN,JAWA TIMUR,PENGETAHUAN ALAM,BAIK,7500000.0,JAWA TIMUR | Sains & Agro | Terjangkau (5-10jt) | Baik Sekali / B,https://rencanamu.id/cari-kampus/universitas-islam-lamongan
870,UNIVERSITAS ISLAM LAMONGAN,JAWA TIMUR,PERIKANAN,B,7500000.0,JAWA TIMUR | Sains & Agro | Terjangkau (5-10jt) | Baik Sekali / B,https://rencanamu.id/cari-kampus/universitas-islam-lamongan
870,UNIVERSITAS ISLAM LAMONGAN,JAWA TIMUR,PETERNAKAN,B,7500000.0,JAWA TIMUR | Sains & Agro | Terjangkau (5-10jt) | Baik Sekali / B,https://rencanamu.id/cari-kampus/universitas-islam-lamongan
883,UNIVERSITAS ANNUQAYAH,JAWA TIMUR,BIOLOGI,BAIK SEKALI,7450000.0,JAWA TIMUR | Sains & Agro | Terjangkau (5-10jt) | Baik Sekali / B,-
883,UNIVERSITAS ANNUQAYAH,JAWA TIMUR,KIMIA,BAIK,7450000.0,JAWA TIMUR | Sains & Agro | Terjangkau (5-10jt) | Baik Sekali / B,-
883,UNIVERSITAS ANNUQAYAH,JAWA TIMUR,MATEMATIKA,BAIK,7450000.0,JAWA TIMUR | Sains & Agro | Terjangkau (5-10jt) | Baik Sekali / B,-
883,UNIVERSITAS ANNUQAYAH,JAWA TIMUR,PERTANIAN,BAIK,7450000.0,JAWA TIMUR | Sains & Agro | Terjangkau (5-10jt) | Baik Sekali / B,-
892,STKIP PGRI SIDOARJO,JAWA TIMUR,MATEMATIKA,BAIK,7400000.0,JAWA TIMUR | Sains & Agro | Terjangkau (5-10jt) | Baik Sekali / B,-
890,UNIVERSITAS KH. A. WAHAB HASBULLAH,JAWA TIMUR,AGROTEKNOLOGI,BAIK,7400000.0,JAWA TIMUR | Sains & Agro | Terjangkau (5-10jt) | Baik Sekali / B,-
890,UNIVERSITAS KH. A. WAHAB HASBULLAH,JAWA TIMUR,BIOLOGI,BAIK SEKALI,7400000.0,JAWA TIMUR | Sains & Agro | Terjangkau (5-10jt) | Baik Sekali / B,-
890,UNIVERSITAS KH. A. WAHAB HASBULLAH,JAWA TIMUR,FISIKA,BAIK SEKALI,7400000.0,JAWA TIMUR | Sains & Agro | Terjangkau (5-10jt) | Baik Sekali / B,-
890,UNIVERSITAS KH. A. WAHAB HASBULLAH,JAWA TIMUR,MATEMATIKA,BAIK SEKALI,7400000.0,JAWA TIMUR | Sains & Agro | Terjangkau (5-10jt) | Baik Sekali / B,-
890,UNIVERSITAS KH. A. WAHAB HASBULLAH,JAWA TIMUR,PERTANIAN,BAIK,7400000.0,JAWA TIMUR | Sains & Agro | Terjangkau (5-10jt) | Baik Sekali / B,-
913,UNIVERSITAS 17 AGUSTUS 1945 BANYUWANGI,JAWA TIMUR,AGROTEKNOLOGI,BAIK SEKALI,7100000.0,JAWA TIMUR | Sains & Agro | Terjangkau (5-10jt) | Baik Sekali / B,-
913,UNIVERSITAS 17 AGUSTUS 1945 BANYUWANGI,JAWA TIMUR,BIOLOGI,BAIK SEKALI,7100000.0,JAWA TIMUR | Sains & Agro | Terjangkau (5-10jt) | Baik Sekali / B,-
913,UNIVERSITAS 17 AGUSTUS 1945 BANYUWANGI,JAWA TIMUR,PERIKANAN,BAIK,7100000.0,JAWA TIMUR | Sains & Agro | Terjangkau (5-10jt) | Baik Sekali / B,-
930,UNIVERSITAS BILLFATH,JAWA TIMUR,BIOLOGI,BAIK,7000000.0,JAWA TIMUR | Sains & Agro | Terjangkau (5-10jt) | Baik Sekali / B,-
930,UNIVERSITAS BILLFATH,JAWA TIMUR,KIMIA,BAIK,7000000.0,JAWA TIMUR | Sains & Agro | Terjangkau (5-10jt) | Baik Sekali / B,-
930,UNIVERSITAS BILLFATH,JAWA TIMUR,MATEMATIKA,BAIK,7000000.0,JAWA TIMUR | Sains & Agro | Terjangkau (5-10jt) | Baik Sekali / B,-
944,UNIVERSITAS PGRI MPU SINDOK,JAWA TIMUR,MATEMATIKA,BAIK SEKALI,7000000.0,JAWA TIMUR | Sains & Agro | Terjangkau (5-10jt) | Baik Sekali / B,-
944,UNIVERSITAS PGRI MPU SINDOK,JAWA TIMUR,PENGETAHUAN ALAM,BAIK SEKALI,7000000.0,JAWA TIMUR | Sains & Agro | Terjangkau (5-10jt) | Baik Sekali / B,-
926,UNIVERSITAS WASKITA DHARMA,JAWA TIMUR,KIMIA,BAIK,7000000.0,JAWA TIMUR | Sains & Agro | Terjangkau (5-10jt) | Baik Sekali / B,-
952,UNIVERSITAS KAHURIPAN KEDIRI,JAWA TIMUR,AGROTEKNOLOGI,BAIK,6950000.0,JAWA TIMUR | Sains & Agro | Terjangkau (5-10jt) | Baik Sekali / B,-
952,UNIVERSITAS KAHURIPAN KEDIRI,JAWA TIMUR,PETERNAKAN,BAIK,6950000.0,JAWA TIMUR | Sains & Agro | Terjangkau (5-10jt) | Baik Sekali / B,-
951,UNIVERSITAS MUHAMMADIYAH MADIUN,JAWA TIMUR,BIOKIMIA,BAIK,6950000.0,JAWA TIMUR | Sains & Agro | Terjangkau (5-10jt) | Baik Sekali / B,-
1004,UNIVERSITAS MERDEKA MADIUN,JAWA TIMUR,AGROTEKNOLOGI,B,6500000.0,JAWA TIMUR | Sains & Agro | Terjangkau (5-10jt) | Baik Sekali / B,-
1033,UNIVERSITAS ISLAM KADIRI,JAWA TIMUR,AGROTEKNOLOGI,B,6387500.0,JAWA TIMUR | Sains & Agro | Terjangkau (5-10jt) | Baik Sekali / B,https://rencanamu.id/cari-kampus/universitas-islam-kadiri
1033,UNIVERSITAS ISLAM KADIRI,JAWA TIMUR,KIMIA,BAIK,6387500.0,JAWA TIMUR | Sains & Agro | Terjangkau (5-10jt) | Baik Sekali / B,https://rencanamu.id/cari-kampus/universitas-islam-kadiri
1033,UNIVERSITAS ISLAM KADIRI,JAWA TIMUR,PETERNAKAN,B,6387500.0,JAWA TIMUR | Sains & Agro | Terjangkau (5-10jt) | Baik Sekali / B,https://rencanamu.id/cari-kampus/universitas-islam-kadiri
1042,UNIVERSITAS PAWYATAN DAHA,JAWA TIMUR,MATEMATIKA,BAIK,6275000.0,JAWA TIMUR | Sains & Agro | Terjangkau (5-10jt) | Baik Sekali / B,-
1059,UNIVERSITAS QOMARUDDIN,JAWA TIMUR,MATEMATIKA,BAIK SEKALI,6200000.0,JAWA TIMUR | Sains & Agro | Terjangkau (5-10jt) | Baik Sekali / B,-
1062,UNIVERSITAS BHINNEKA PGRI,JAWA TIMUR,MATEMATIKA,BAIK SEKALI,6175000.0,JAWA TIMUR | Sains & Agro | Terjangkau (5-10jt) | Baik Sekali / B,-
1062,UNIVERSITAS BHINNEKA PGRI,JAWA TIMUR,PENGETAHUAN ALAM,BAIK,6175000.0,JAWA TIMUR | Sains & Agro | Terjangkau (5-10jt) | Baik Sekali / B,-
1111,INSTITUT PERTANIAN MALANG,JAWA TIMUR,KEHUTANAN,BAIK,6000000.0,JAWA TIMUR | Sains & Agro | Terjangkau (5-10jt) | Baik Sekali / B,-
1111,INSTITUT PERTANIAN MALANG,JAWA TIMUR,PERTANIAN,BAIK,6000000.0,JAWA TIMUR | Sains & Agro | Terjangkau (5-10jt) | Baik Sekali / B,-
1103,UNIVERSITAS ISLAM RADEN RAHMAT,JAWA TIMUR,AGROTEKNOLOGI,BAIK,6000000.0,JAWA TIMUR | Sains & Agro | Terjangkau (5-10jt) | Baik Sekali / B,-
1098,UNIVERSITAS NAHDLATUL ULAMA SIDOARJO,JAWA TIMUR,KIMIA,BAIK,6000000.0,JAWA TIMUR | Sains & Agro | Terjangkau (5-10jt) | Baik Sekali / B,-
1104,UNIVERSITAS SOERJO,JAWA TIMUR,AGROTEKNOLOGI,BAIK,6000000.0,JAWA TIMUR | Sains & Agro | Terjangkau (5-10jt) | Baik Sekali / B,-
1099,UNIVERSITAS W R SUPRATMAN,JAWA TIMUR,KIMIA,BAIK,6000000.0,JAWA TIMUR | Sains & Agro | Terjangkau (5-10jt) | Baik Sekali / B,-
1158,UNIVERSITAS ISLAM JEMBER,JAWA TIMUR,AGROTEKNOLOGI,B,5700000.0,JAWA TIMUR | Sains & Agro | Terjangkau (5-10jt) | Baik Sekali / B,https://campus.quipper.com/directory/universitas-islam-jember
1158,UNIVERSITAS ISLAM JEMBER,JAWA TIMUR,BIOLOGI,B,5700000.0,JAWA TIMUR | Sains & Agro | Terjangkau (5-10jt) | Baik Sekali / B,https://campus.quipper.com/directory/universitas-islam-jember
1158,UNIVERSITAS ISLAM JEMBER,JAWA TIMUR,MATEMATIKA,B,5700000.0,JAWA TIMUR | Sains & Agro | Terjangkau (5-10jt) | Baik Sekali / B,https://campus.quipper.com/directory/universitas-islam-jember
783,UNIVERSITAS BAKTI INDONESIA,JAWA TIMUR,BIOLOGI,BAIK,5600000.0,JAWA TIMUR | Sains & Agro | Terjangkau (5-10jt) | Baik Sekali / B,-
783,UNIVERSITAS BAKTI INDONESIA,JAWA TIMUR,KIMIA,BAIK,5600000.0,JAWA TIMUR | Sains & Agro | Terjangkau (5-10jt) | Baik Sekali / B,-
783,UNIVERSITAS BAKTI INDONESIA,JAWA TIMUR,MATEMATIKA,BAIK,5600000.0,JAWA TIMUR | Sains & Agro | Terjangkau (5-10jt) | Baik Sekali / B,-
1174,UNIVERSITAS PANCA MARGA,JAWA TIMUR,AGROTEKNOLOGI,B,5550000.0,JAWA TIMUR | Sains & Agro | Terjangkau (5-10jt) | Baik Sekali / B,https://rencanamu.id/cari-kampus/universitas-panca-marga
1184,UNIVERSITAS PGRI BANYUWANGI,JAWA TIMUR,BIOLOGI,B,5400000.0,JAWA TIMUR | Sains & Agro | Terjangkau (5-10jt) | Baik Sekali / B,-
1184,UNIVERSITAS PGRI BANYUWANGI,JAWA TIMUR,KIMIA,BAIK,5400000.0,JAWA TIMUR | Sains & Agro | Terjangkau (5-10jt) | Baik Sekali / B,-
1184,UNIVERSITAS PGRI BANYUWANGI,JAWA TIMUR,MATEMATIKA,BAIK SEKALI,5400000.0,JAWA TIMUR | Sains & Agro | Terjangkau (5-10jt) | Baik Sekali / B,-
1184,UNIVERSITAS PGRI BANYUWANGI,JAWA TIMUR,PERTANIAN,BAIK,5400000.0,JAWA TIMUR | Sains & Agro | Terjangkau (5-10jt) | Baik Sekali / B,-
1184,UNIVERSITAS PGRI BANYUWANGI,JAWA TIMUR,TEKNOLOGI HASIL PERIKANAN,BAIK,5400000.0,JAWA TIMUR | Sains & Agro | Terjangkau (5-10jt) | Baik Sekali / B,-
15,UNIVERSITAS DR. SOETOMO,JAWA TIMUR,MATEMATIKA,B,5100000.0,JAWA TIMUR | Sains & Agro | Terjangkau (5-10jt) | Baik Sekali / B,https://rencanamu.id/cari-kampus/universitas-dr-soetomo
15,UNIVERSITAS DR. SOETOMO,JAWA TIMUR,PERIKANAN,B,5100000.0,JAWA TIMUR | Sains & Agro | Terjangkau (5-10jt) | Baik Sekali / B,https://rencanamu.id/cari-kampus/universitas-dr-soetomo
1428,UNIVERSITAS NAHDLATUL ULAMA BLITAR,JAWA TIMUR,FISIKA,BAIK SEKALI,3750000.0,JAWA TIMUR | Sains & Agro | Hemat (<5jt) | Baik Sekali / B,-
1428,UNIVERSITAS NAHDLATUL ULAMA BLITAR,JAWA TIMUR,MATEMATIKA,BAIK SEKALI,3750000.0,JAWA TIMUR | Sains & Agro | Hemat (<5jt) | Baik Sekali / B,-
1428,UNIVERSITAS NAHDLATUL ULAMA BLITAR,JAWA TIMUR,PETERNAKAN,BAIK,3750000.0,JAWA TIMUR | Sains & Agro | Hemat (<5jt) | Baik Sekali / B,-
72,UNIVERSITAS CIPUTRA SURABAYA,JAWA TIMUR,DESAIN KOMUNIKASI VISUAL,BAIK,59000000.0,JAWA TIMUR | Seni & Pariwisata | Sangat Mahal (>50jt) | Baik Sekali / B,https://campus.quipper.com/directory/universitas-ciputra-surabaya
72,UNIVERSITAS CIPUTRA SURABAYA,JAWA TIMUR,DESAIN PRODUK,BAIK,59000000.0,JAWA TIMUR | Seni & Pariwisata | Sangat Mahal (>50jt) | Baik Sekali / B,https://campus.quipper.com/directory/universitas-ciputra-surabaya
72,UNIVERSITAS CIPUTRA SURABAYA,JAWA TIMUR,PARIWISATA,BAIK SEKALI,59000000.0,JAWA TIMUR | Seni & Pariwisata | Sangat Mahal (>50jt) | Baik Sekali / B,https://campus.quipper.com/directory/universitas-ciputra-surabaya
96,UNIVERSITAS MUHAMMADIYAH JEMBER,JAWA TIMUR,PERHOTELAN,B,46860200.0,JAWA TIMUR | Seni & Pariwisata | Mahal (20-50jt) | Unggul / A,https://rencanamu.id/cari-kampus/universitas-muhammadiyah-jember
118,UNIVERSITAS SURABAYA,JAWA TIMUR,DESAIN KOMUNIKASI VISUAL,TERAKREDITASI SEMENTARA,38850250.0,JAWA TIMUR | Seni & Pariwisata | Mahal (20-50jt) | Unggul / A,https://campus.quipper.com/directory/universitas-surabaya
118,UNIVERSITAS SURABAYA,JAWA TIMUR,DESAIN PRODUK,C,38850250.0,JAWA TIMUR | Seni & Pariwisata | Mahal (20-50jt) | Unggul / A,https://campus.quipper.com/directory/universitas-surabaya
118,UNIVERSITAS SURABAYA,JAWA TIMUR,FASHION,A,38850250.0,JAWA TIMUR | Seni & Pariwisata | Mahal (20-50jt) | Unggul / A,https://campus.quipper.com/directory/universitas-surabaya
118,UNIVERSITAS SURABAYA,JAWA TIMUR,PERHOTELAN PARIWISATA,A,38850250.0,JAWA TIMUR | Seni & Pariwisata | Mahal (20-50jt) | Unggul / A,https://campus.quipper.com/directory/universitas-surabaya
175,INSTITUT SAINS DAN TEKNOLOGI TERPADU SURABAYA,JAWA TIMUR,DESAIN KOMUNIKASI VISUAL,BAIK,28200000.0,JAWA TIMUR | Seni & Pariwisata | Mahal (20-50jt) | Baik Sekali / B,https://campus.quipper.com/directory/institut-sains-dan-teknologi-terpadu-surabaya
175,INSTITUT SAINS DAN TEKNOLOGI TERPADU SURABAYA,JAWA TIMUR,DESAIN PRODUK,BAIK,28200000.0,JAWA TIMUR | Seni & Pariwisata | Mahal (20-50jt) | Baik Sekali / B,https://campus.quipper.com/directory/institut-sains-dan-teknologi-terpadu-surabaya
176,UNIVERSITAS KRISTEN PETRA,JAWA TIMUR,DESAIN INTERIOR,A,28000000.0,JAWA TIMUR | Seni & Pariwisata | Mahal (20-50jt) | Baik Sekali / B,https://campus.quipper.com/directory/universitas-kristen-petra
176,UNIVERSITAS KRISTEN PETRA,JAWA TIMUR,DESAIN KOMUNIKASI VISUAL,A,28000000.0,JAWA TIMUR | Seni & Pariwisata | Mahal (20-50jt) | Baik Sekali / B,https://campus.quipper.com/directory/universitas-kristen-petra
176,UNIVERSITAS KRISTEN PETRA,JAWA TIMUR,FASHION,A,28000000.0,JAWA TIMUR | Seni & Pariwisata | Mahal (20-50jt) | Baik Sekali / B,https://campus.quipper.com/directory/universitas-kristen-petra
176,UNIVERSITAS KRISTEN PETRA,JAWA TIMUR,PARIWISATA,A,28000000.0,JAWA TIMUR | Seni & Pariwisata | Mahal (20-50jt) | Baik Sekali / B,https://campus.quipper.com/directory/universitas-kristen-petra
176,UNIVERSITAS KRISTEN PETRA,JAWA TIMUR,PERHOTELAN,A,28000000.0,JAWA TIMUR | Seni & Pariwisata | Mahal (20-50jt) | Baik Sekali / B,https://campus.quipper.com/directory/universitas-kristen-petra
176,UNIVERSITAS KRISTEN PETRA,JAWA TIMUR,SASTRA CINA,B,28000000.0,JAWA TIMUR | Seni & Pariwisata | Mahal (20-50jt) | Baik Sekali / B,https://campus.quipper.com/directory/universitas-kristen-petra
176,UNIVERSITAS KRISTEN PETRA,JAWA TIMUR,SASTRA INGGRIS,A,28000000.0,JAWA TIMUR | Seni & Pariwisata | Mahal (20-50jt) | Baik Sekali / B,https://campus.quipper.com/directory/universitas-kristen-petra
4,UNIVERSITAS CIPUTRA,JAWA TIMUR,DESAIN KOMUNIKASI VISUAL,A,27200000.0,JAWA TIMUR | Seni & Pariwisata | Mahal (20-50jt) | Baik Sekali / B,https://rencanamu.id/cari-kampus/universitas-ciputra
321,INSTITUT INFORMATIKA INDONESIA SURABAYA,JAWA TIMUR,DESAIN KOMUNIKASI VISUAL,B,24000000.0,JAWA TIMUR | Seni & Pariwisata | Mahal (20-50jt) | Baik Sekali / B,-
321,INSTITUT INFORMATIKA INDONESIA SURABAYA,JAWA TIMUR,DESAIN PRODUK,TIDAK TERAKREDITASI,24000000.0,JAWA TIMUR | Seni & Pariwisata | Mahal (20-50jt) | Baik Sekali / B,-
236,UNIVERSITAS BHINNEKA NUSANTARA,JAWA TIMUR,DESAIN KOMUNIKASI VISUAL,BAIK SEKALI,23100000.0,JAWA TIMUR | Seni & Pariwisata | Mahal (20-50jt) | Baik Sekali / B,-
253,UNIVERSITAS DINAMIKA,JAWA TIMUR,DESAIN KOMUNIKASI VISUAL,UNGGUL,22000000.0,JAWA TIMUR | Seni & Pariwisata | Mahal (20-50jt) | Baik Sekali / B,https://campus.quipper.com/directory/universitas-dinamika
253,UNIVERSITAS DINAMIKA,JAWA TIMUR,DESAIN PRODUK,BAIK SEKALI,22000000.0,JAWA TIMUR | Seni & Pariwisata | Mahal (20-50jt) | Baik Sekali / B,https://campus.quipper.com/directory/universitas-dinamika
253,UNIVERSITAS DINAMIKA,JAWA TIMUR,FILM,BAIK SEKALI,22000000.0,JAWA TIMUR | Seni & Pariwisata | Mahal (20-50jt) | Baik Sekali / B,https://campus.quipper.com/directory/universitas-dinamika
253,UNIVERSITAS DINAMIKA,JAWA TIMUR,PARIWISATA,BAIK SEKALI,22000000.0,JAWA TIMUR | Seni & Pariwisata | Mahal (20-50jt) | Baik Sekali / B,https://campus.quipper.com/directory/universitas-dinamika
260,UNIVERSITAS HAYAM WURUK PERBANAS,JAWA TIMUR,DESAIN KOMUNIKASI VISUAL,BAIK,21310000.0,JAWA TIMUR | Seni & Pariwisata | Mahal (20-50jt) | Baik Sekali / B,https://campus.quipper.com/directory/sekolah-tinggi-ilmu-ekonomi-perbanas-surabaya
276,UNIVERSITAS MA CHUNG,JAWA TIMUR,DESAIN KOMUNIKASI VISUAL,B,20400000.0,JAWA TIMUR | Seni & Pariwisata | Mahal (20-50jt) | Baik Sekali / B,https://campus.quipper.com/directory/universitas-ma-chung
276,UNIVERSITAS MA CHUNG,JAWA TIMUR,SASTRA INGGRIS,A,20400000.0,JAWA TIMUR | Seni & Pariwisata | Mahal (20-50jt) | Baik Sekali / B,https://campus.quipper.com/directory/universitas-ma-chung
292,UNIVERSITAS MAARIF HASYIM LATIF,JAWA TIMUR,DESAIN KOMUNIKASI VISUAL,BAIK SEKALI,19710000.0,JAWA TIMUR | Seni & Pariwisata | Menengah (10-20jt) | Baik Sekali / B,-
306,UNIVERSITAS WIDYA KARTIKA,JAWA TIMUR,SASTRA INGGRIS,BAIK SEKALI,19198000.0,JAWA TIMUR | Seni & Pariwisata | Menengah (10-20jt) | Baik Sekali / B,-
308,UNIVERSITAS MERDEKA MALANG,JAWA TIMUR,PARIWISATA,B,19000001.0,JAWA TIMUR | Seni & Pariwisata | Menengah (10-20jt) | Baik Sekali / B,https://rencanamu.id/cari-kampus/universitas-merdeka-malang
308,UNIVERSITAS MERDEKA MALANG,JAWA TIMUR,PERHOTELAN,B,19000001.0,JAWA TIMUR | Seni & Pariwisata | Menengah (10-20jt) | Baik Sekali / B,https://rencanamu.id/cari-kampus/universitas-merdeka-malang
342,UNIVERSITAS DR SOETOMO,JAWA TIMUR,SASTRA INGGRIS,B,17520000.0,JAWA TIMUR | Seni & Pariwisata | Menengah (10-20jt) | Baik Sekali / B,https://campus.quipper.com/directory/universitas-dr-soetomo
342,UNIVERSITAS DR SOETOMO,JAWA TIMUR,SASTRA JEPANG,B,17520000.0,JAWA TIMUR | Seni & Pariwisata | Menengah (10-20jt) | Baik Sekali / B,https://campus.quipper.com/directory/universitas-dr-soetomo
350,UNIVERSITAS GRESIK,JAWA TIMUR,SASTRA INGGRIS,BAIK,17000000.0,JAWA TIMUR | Seni & Pariwisata | Menengah (10-20jt) | Baik Sekali / B,-
440,UNIVERSITAS INTERNASIONAL SEMEN INDONESIA,JAWA TIMUR,DESAIN KOMUNIKASI VISUAL,B,14000000.0,JAWA TIMUR | Seni & Pariwisata | Menengah (10-20jt) | Baik Sekali / B,https://campus.quipper.com/directory/universitas-internasional-semen-indonesia
504,UNIVERSITAS PESANTREN TINGGI DARUL  ULUM,JAWA TIMUR,SASTRA INGGRIS,B,12525000.0,JAWA TIMUR | Seni & Pariwisata | Menengah (10-20jt) | Baik Sekali / B,-
532,UNIVERSITAS PGRI KANJURUHAN MALANG,JAWA TIMUR,SASTRA INGGRIS,B,12040000.0,JAWA TIMUR | Seni & Pariwisata | Menengah (10-20jt) | Baik Sekali / B,https://campus.quipper.com/directory/universitas-pgri-kanjuruhan-malang
533,SEKOLAH TINGGI ILMU BAHASA DAN SASTRA SATYA WIDYA,JAWA TIMUR,SASTRA INGGRIS,BAIK,12000000.0,JAWA TIMUR | Seni & Pariwisata | Menengah (10-20jt) | Baik Sekali / B,-
557,UNIVERSITAS WIJAYA PUTRA,JAWA TIMUR,SASTRA INGGRIS,B,11600100.0,JAWA TIMUR | Seni & Pariwisata | Menengah (10-20jt) | Baik Sekali / B,https://campus.quipper.com/directory/universitas-wijaya-putra
690,UNIVERSITAS WIRARAJA,JAWA TIMUR,DESAIN KOMUNIKASI VISUAL,BAIK,9313750.0,JAWA TIMUR | Seni & Pariwisata | Terjangkau (5-10jt) | Baik Sekali / B,-
744,UNIVERSITAS NAHDLATUL ULAMA PASURUAN,JAWA TIMUR,DESAIN KOMUNIKASI VISUAL,BAIK,8750000.0,JAWA TIMUR | Seni & Pariwisata | Terjangkau (5-10jt) | Baik Sekali / B,-
10,UNIVERSITAS GAJAYANA MALANG,JAWA TIMUR,SASTRA INGGRIS,B,8500000.0,JAWA TIMUR | Seni & Pariwisata | Terjangkau (5-10jt) | Baik Sekali / B,https://rencanamu.id/cari-kampus/universitas-gajayana-malang
918,INSTITUT TEKNOLOGI DAN BISNIS ASIA MALANG,JAWA TIMUR,DESAIN KOMUNIKASI VISUAL,B,7600000.0,JAWA TIMUR | Seni & Pariwisata | Terjangkau (5-10jt) | Baik Sekali / B,-
879,UNIVERSITAS ABDURACHMAN SALEH SITUBONDO,JAWA TIMUR,SASTRA INGGRIS,BAIK,7500000.0,JAWA TIMUR | Seni & Pariwisata | Terjangkau (5-10jt) | Baik Sekali / B,-
931,UNIVERSITAS ABDURACHMAN SALEH,JAWA TIMUR,SASTRA INGGRIS,B,7000000.0,JAWA TIMUR | Seni & Pariwisata | Terjangkau (5-10jt) | Baik Sekali / B,https://campus.quipper.com/directory/universitas-abdurachman-saleh
1098,UNIVERSITAS NAHDLATUL ULAMA SIDOARJO,JAWA TIMUR,DESAIN KOMUNIKASI VISUAL,BAIK,6000000.0,JAWA TIMUR | Seni & Pariwisata | Terjangkau (5-10jt) | Baik Sekali / B,-
783,UNIVERSITAS BAKTI INDONESIA,JAWA TIMUR,SASTRA INGGRIS,BAIK,5600000.0,JAWA TIMUR | Seni & Pariwisata | Terjangkau (5-10jt) | Baik Sekali / B,-
15,UNIVERSITAS DR. SOETOMO,JAWA TIMUR,SASTRA INGGRIS,B,5100000.0,JAWA TIMUR | Seni & Pariwisata | Terjangkau (5-10jt) | Baik Sekali / B,https://rencanamu.id/cari-kampus/universitas-dr-soetomo
15,UNIVERSITAS DR. SOETOMO,JAWA TIMUR,SASTRA JEPANG,B,5100000.0,JAWA TIMUR | Seni & Pariwisata | Terjangkau (5-10jt) | Baik Sekali / B,https://rencanamu.id/cari-kampus/universitas-dr-soetomo
1265,INSTITUT TEKNOLOGI DAN BISNIS TUBAN,JAWA TIMUR,DESAIN KOMUNIKASI VISUAL,BAIK,5000000.0,JAWA TIMUR | Seni & Pariwisata | Terjangkau (5-10jt) | Baik Sekali / B,-
44,UNIVERSITAS HANG TUAH,JAWA TIMUR,ADMINISTRASI PUBLIK,UNGGUL,146900000.0,JAWA TIMUR | Sosial & Hukum | Sangat Mahal (>50jt) | Unggul / A,https://campus.quipper.com/directory/universitas-hang-tuah
44,UNIVERSITAS HANG TUAH,JAWA TIMUR,HUKUM,B,146900000.0,JAWA TIMUR | Sosial & Hukum | Sangat Mahal (>50jt) | Baik Sekali / B,https://campus.quipper.com/directory/universitas-hang-tuah
44,UNIVERSITAS HANG TUAH,JAWA TIMUR,PSIKOLOGI,B,146900000.0,JAWA TIMUR | Sosial & Hukum | Sangat Mahal (>50jt) | Baik Sekali / B,https://campus.quipper.com/directory/universitas-hang-tuah
45,UNIVERSITAS MUHAMMADIYAH SURABAYA,JAWA TIMUR,HUKUM,UNGGUL,142200000.0,JAWA TIMUR | Sosial & Hukum | Sangat Mahal (>50jt) | Unggul / A,https://campus.quipper.com/directory/universitas-muhammadiyah-surabaya
45,UNIVERSITAS MUHAMMADIYAH SURABAYA,JAWA TIMUR,PSIKOLOGI,BAIK SEKALI,142200000.0,JAWA TIMUR | Sosial & Hukum | Sangat Mahal (>50jt) | Baik Sekali / B,https://campus.quipper.com/directory/universitas-muhammadiyah-surabaya
61,UNIVERSITAS KADIRI,JAWA TIMUR,ADMINISTRASI PUBLIK,BAIK SEKALI,71250000.0,JAWA TIMUR | Sosial & Hukum | Sangat Mahal (>50jt) | Baik Sekali / B,https://campus.quipper.com/directory/universitas-kadiri
61,UNIVERSITAS KADIRI,JAWA TIMUR,HUKUM,UNGGUL,71250000.0,JAWA TIMUR | Sosial & Hukum | Sangat Mahal (>50jt) | Unggul / A,https://campus.quipper.com/directory/universitas-kadiri
72,UNIVERSITAS CIPUTRA SURABAYA,JAWA TIMUR,ILMU KOMUNIKASI,BAIK,59000000.0,JAWA TIMUR | Sosial & Hukum | Sangat Mahal (>50jt) | Baik Sekali / B,https://campus.quipper.com/directory/universitas-ciputra-surabaya
72,UNIVERSITAS CIPUTRA SURABAYA,JAWA TIMUR,PSIKOLOGI,BAIK SEKALI,59000000.0,JAWA TIMUR | Sosial & Hukum | Sangat Mahal (>50jt) | Baik Sekali / B,https://campus.quipper.com/directory/universitas-ciputra-surabaya
80,UNIVERSITAS 17 AGUSTUS 1945 SURABAYA,JAWA TIMUR,ADMINISTRASI NEGARA,A,53150000.0,JAWA TIMUR | Sosial & Hukum | Sangat Mahal (>50jt) | Unggul / A,https://rencanamu.id/cari-kampus/universitas-17-agustus-1945-surabaya
80,UNIVERSITAS 17 AGUSTUS 1945 SURABAYA,JAWA TIMUR,HUKUM,A,53150000.0,JAWA TIMUR | Sosial & Hukum | Sangat Mahal (>50jt) | Unggul / A,https://rencanamu.id/cari-kampus/universitas-17-agustus-1945-surabaya
80,UNIVERSITAS 17 AGUSTUS 1945 SURABAYA,JAWA TIMUR,ILMU KOMUNIKASI,A,53150000.0,JAWA TIMUR | Sosial & Hukum | Sangat Mahal (>50jt) | Unggul / A,https://rencanamu.id/cari-kampus/universitas-17-agustus-1945-surabaya
80,UNIVERSITAS 17 AGUSTUS 1945 SURABAYA,JAWA TIMUR,PSIKOLOGI,B,53150000.0,JAWA TIMUR | Sosial & Hukum | Sangat Mahal (>50jt) | Baik Sekali / B,https://rencanamu.id/cari-kampus/universitas-17-agustus-1945-surabaya
1535,UNIVERSITAS MUHAMMADIYAH SIDOARJO,JAWA TIMUR,ADMINISTRASI NEGARA,B,48525000.0,JAWA TIMUR | Sosial & Hukum | Mahal (20-50jt) | Baik Sekali / B,https://rencanamu.id/cari-kampus/universitas-muhammadiyah-sidoarjo
1535,UNIVERSITAS MUHAMMADIYAH SIDOARJO,JAWA TIMUR,ADMINISTRASI PUBLIK,UNGGUL,48525000.0,JAWA TIMUR | Sosial & Hukum | Mahal (20-50jt) | Unggul / A,https://rencanamu.id/cari-kampus/universitas-muhammadiyah-sidoarjo
1535,UNIVERSITAS MUHAMMADIYAH SIDOARJO,JAWA TIMUR,HUKUM,B,48525000.0,JAWA TIMUR | Sosial & Hukum | Mahal (20-50jt) | Baik Sekali / B,https://rencanamu.id/cari-kampus/universitas-muhammadiyah-sidoarjo
1535,UNIVERSITAS MUHAMMADIYAH SIDOARJO,JAWA TIMUR,ILMU KOMUNIKASI,UNGGUL,48525000.0,JAWA TIMUR | Sosial & Hukum | Mahal (20-50jt) | Unggul / A,https://rencanamu.id/cari-kampus/universitas-muhammadiyah-sidoarjo
1535,UNIVERSITAS MUHAMMADIYAH SIDOARJO,JAWA TIMUR,PSIKOLOGI,B,48525000.0,JAWA TIMUR | Sosial & Hukum | Mahal (20-50jt) | Baik Sekali / B,https://rencanamu.id/cari-kampus/universitas-muhammadiyah-sidoarjo
90,UNIVERSITAS PGRI DELTA,JAWA TIMUR,SEJARAH,BAIK SEKALI,48480000.0,JAWA TIMUR | Sosial & Hukum | Mahal (20-50jt) | Baik Sekali / B,-
96,UNIVERSITAS MUHAMMADIYAH JEMBER,JAWA TIMUR,HUKUM,B,46860200.0,JAWA TIMUR | Sosial & Hukum | Mahal (20-50jt) | Baik Sekali / B,https://rencanamu.id/cari-kampus/universitas-muhammadiyah-jember
96,UNIVERSITAS MUHAMMADIYAH JEMBER,JAWA TIMUR,ILMU KOMUNIKASI,A,46860200.0,JAWA TIMUR | Sosial & Hukum | Mahal (20-50jt) | Unggul / A,https://rencanamu.id/cari-kampus/universitas-muhammadiyah-jember
96,UNIVERSITAS MUHAMMADIYAH JEMBER,JAWA TIMUR,PEMERINTAHAN,B,46860200.0,JAWA TIMUR | Sosial & Hukum | Mahal (20-50jt) | Baik Sekali / B,https://rencanamu.id/cari-kampus/universitas-muhammadiyah-jember
96,UNIVERSITAS MUHAMMADIYAH JEMBER,JAWA TIMUR,PSIKOLOGI,B,46860200.0,JAWA TIMUR | Sosial & Hukum | Mahal (20-50jt) | Baik Sekali / B,https://rencanamu.id/cari-kampus/universitas-muhammadiyah-jember
110,UNIVERSITAS PGRI RONGGOLAWE,JAWA TIMUR,ILMU KOMUNIKASI,BAIK SEKALI,40364875.0,JAWA TIMUR | Sosial & Hukum | Mahal (20-50jt) | Baik Sekali / B,-
110,UNIVERSITAS PGRI RONGGOLAWE,JAWA TIMUR,PANCASILA KEWARGANEGARAAN,BAIK SEKALI,40364875.0,JAWA TIMUR | Sosial & Hukum | Mahal (20-50jt) | Baik Sekali / B,-
110,UNIVERSITAS PGRI RONGGOLAWE,JAWA TIMUR,POLITIK,BAIK,40364875.0,JAWA TIMUR | Sosial & Hukum | Mahal (20-50jt) | Baik Sekali / B,-
118,UNIVERSITAS SURABAYA,JAWA TIMUR,HUKUM,A,38850250.0,JAWA TIMUR | Sosial & Hukum | Mahal (20-50jt) | Unggul / A,https://campus.quipper.com/directory/universitas-surabaya
118,UNIVERSITAS SURABAYA,JAWA TIMUR,PSIKOLOGI,A,38850250.0,JAWA TIMUR | Sosial & Hukum | Mahal (20-50jt) | Unggul / A,https://campus.quipper.com/directory/universitas-surabaya
119,UNIVERSITAS WIJAYA KUSUMA SURABAYA,JAWA TIMUR,HUKUM,A,38400000.0,JAWA TIMUR | Sosial & Hukum | Mahal (20-50jt) | Unggul / A,https://campus.quipper.com/directory/universitas-wijaya-kusuma-surabaya
119,UNIVERSITAS WIJAYA KUSUMA SURABAYA,JAWA TIMUR,KESEJAHTERAAN SOSIAL,B,38400000.0,JAWA TIMUR | Sosial & Hukum | Mahal (20-50jt) | Baik Sekali / B,https://campus.quipper.com/directory/universitas-wijaya-kusuma-surabaya
119,UNIVERSITAS WIJAYA KUSUMA SURABAYA,JAWA TIMUR,POLITIK,A,38400000.0,JAWA TIMUR | Sosial & Hukum | Mahal (20-50jt) | Unggul / A,https://campus.quipper.com/directory/universitas-wijaya-kusuma-surabaya
119,UNIVERSITAS WIJAYA KUSUMA SURABAYA,JAWA TIMUR,SOSIOLOGI,B,38400000.0,JAWA TIMUR | Sosial & Hukum | Mahal (20-50jt) | Baik Sekali / B,https://campus.quipper.com/directory/universitas-wijaya-kusuma-surabaya
127,UNIVERSITAS BHAYANGKARA SURABAYA,JAWA TIMUR,ADMINISTRASI NEGARA,B,35502000.0,JAWA TIMUR | Sosial & Hukum | Mahal (20-50jt) | Baik Sekali / B,https://campus.quipper.com/directory/universitas-bhayangkara-surabaya
127,UNIVERSITAS BHAYANGKARA SURABAYA,JAWA TIMUR,ADMINISTRASI PUBLIK,BAIK SEKALI,35502000.0,JAWA TIMUR | Sosial & Hukum | Mahal (20-50jt) | Baik Sekali / B,https://campus.quipper.com/directory/universitas-bhayangkara-surabaya
127,UNIVERSITAS BHAYANGKARA SURABAYA,JAWA TIMUR,HUKUM,B,35502000.0,JAWA TIMUR | Sosial & Hukum | Mahal (20-50jt) | Baik Sekali / B,https://campus.quipper.com/directory/universitas-bhayangkara-surabaya
127,UNIVERSITAS BHAYANGKARA SURABAYA,JAWA TIMUR,ILMU KOMUNIKASI,A,35502000.0,JAWA TIMUR | Sosial & Hukum | Mahal (20-50jt) | Unggul / A,https://campus.quipper.com/directory/universitas-bhayangkara-surabaya
134,UNIVERSITAS ISLAM MALANG,JAWA TIMUR,ADMINISTRASI NEGARA,B,33550000.0,JAWA TIMUR | Sosial & Hukum | Mahal (20-50jt) | Baik Sekali / B,https://campus.quipper.com/directory/universitas-islam-malang
134,UNIVERSITAS ISLAM MALANG,JAWA TIMUR,ADMINISTRASI PUBLIK,UNGGUL,33550000.0,JAWA TIMUR | Sosial & Hukum | Mahal (20-50jt) | Unggul / A,https://campus.quipper.com/directory/universitas-islam-malang
134,UNIVERSITAS ISLAM MALANG,JAWA TIMUR,HUKUM,A,33550000.0,JAWA TIMUR | Sosial & Hukum | Mahal (20-50jt) | Unggul / A,https://campus.quipper.com/directory/universitas-islam-malang
162,UNIVERSITAS HASYIM ASY'ARI TEBUIRENG JOMBANG,JAWA TIMUR,HUKUM,B,29750000.0,JAWA TIMUR | Sosial & Hukum | Mahal (20-50jt) | Baik Sekali / B,-
172,UNIVERSITAS WIDYA GAMA,JAWA TIMUR,HUKUM,B,28500000.0,JAWA TIMUR | Sosial & Hukum | Mahal (20-50jt) | Baik Sekali / B,https://campus.quipper.com/directory/universitas-widya-gama
176,UNIVERSITAS KRISTEN PETRA,JAWA TIMUR,ILMU KOMUNIKASI,A,28000000.0,JAWA TIMUR | Sosial & Hukum | Mahal (20-50jt) | Unggul / A,https://campus.quipper.com/directory/universitas-kristen-petra
4,UNIVERSITAS CIPUTRA,JAWA TIMUR,PSIKOLOGI,B,27200000.0,JAWA TIMUR | Sosial & Hukum | Mahal (20-50jt) | Baik Sekali / B,https://rencanamu.id/cari-kampus/universitas-ciputra
226,INSTITUT ILMU KESEHATAN BHAKTI WIYATA KEDIRI,JAWA TIMUR,PSIKOLOGI,BAIK,24000000.0,JAWA TIMUR | Sosial & Hukum | Mahal (20-50jt) | Baik Sekali / B,https://campus.quipper.com/directory/institut-ilmu-kesehatan-bhakti-wiyata-kediri
256,UNIVERSITAS IBRAHIMY,JAWA TIMUR,HUKUM,BAIK,21600000.0,JAWA TIMUR | Sosial & Hukum | Mahal (20-50jt) | Baik Sekali / B,-
256,UNIVERSITAS IBRAHIMY,JAWA TIMUR,PSIKOLOGI,BAIK,21600000.0,JAWA TIMUR | Sosial & Hukum | Mahal (20-50jt) | Baik Sekali / B,-
273,UNIVERSITAS DARUSSALAM GONTOR,JAWA TIMUR,HUBUNGAN INTERNASIONAL,B,20500000.0,JAWA TIMUR | Sosial & Hukum | Mahal (20-50jt) | Baik Sekali / B,-
273,UNIVERSITAS DARUSSALAM GONTOR,JAWA TIMUR,ILMU KOMUNIKASI,BAIK SEKALI,20500000.0,JAWA TIMUR | Sosial & Hukum | Mahal (20-50jt) | Baik Sekali / B,-
287,UNIVERSITAS MUHAMMADIYAH MALANG,JAWA TIMUR,HUBUNGAN INTERNASIONAL,A,20000000.0,JAWA TIMUR | Sosial & Hukum | Mahal (20-50jt) | Unggul / A,https://rencanamu.id/cari-kampus/universitas-muhammadiyah-malang
287,UNIVERSITAS MUHAMMADIYAH MALANG,JAWA TIMUR,HUKUM,A,20000000.0,JAWA TIMUR | Sosial & Hukum | Mahal (20-50jt) | Unggul / A,https://rencanamu.id/cari-kampus/universitas-muhammadiyah-malang
287,UNIVERSITAS MUHAMMADIYAH MALANG,JAWA TIMUR,ILMU KOMUNIKASI,A,20000000.0,JAWA TIMUR | Sosial & Hukum | Mahal (20-50jt) | Unggul / A,https://rencanamu.id/cari-kampus/universitas-muhammadiyah-malang
287,UNIVERSITAS MUHAMMADIYAH MALANG,JAWA TIMUR,KESEJAHTERAAN SOSIAL,A,20000000.0,JAWA TIMUR | Sosial & Hukum | Mahal (20-50jt) | Unggul / A,https://rencanamu.id/cari-kampus/universitas-muhammadiyah-malang
287,UNIVERSITAS MUHAMMADIYAH MALANG,JAWA TIMUR,PANCASILA KEWARGANEGARAAN,B,20000000.0,JAWA TIMUR | Sosial & Hukum | Mahal (20-50jt) | Baik Sekali / B,https://rencanamu.id/cari-kampus/universitas-muhammadiyah-malang
287,UNIVERSITAS MUHAMMADIYAH MALANG,JAWA TIMUR,PEMERINTAHAN,A,20000000.0,JAWA TIMUR | Sosial & Hukum | Mahal (20-50jt) | Unggul / A,https://rencanamu.id/cari-kampus/universitas-muhammadiyah-malang
287,UNIVERSITAS MUHAMMADIYAH MALANG,JAWA TIMUR,PSIKOLOGI,A,20000000.0,JAWA TIMUR | Sosial & Hukum | Mahal (20-50jt) | Unggul / A,https://rencanamu.id/cari-kampus/universitas-muhammadiyah-malang
287,UNIVERSITAS MUHAMMADIYAH MALANG,JAWA TIMUR,SOSIOLOGI,A,20000000.0,JAWA TIMUR | Sosial & Hukum | Mahal (20-50jt) | Unggul / A,https://rencanamu.id/cari-kampus/universitas-muhammadiyah-malang
7,UNIVERSITAS PELITA HARAPAN SURABAYA,JAWA TIMUR,HUKUM,A,19750000.0,JAWA TIMUR | Sosial & Hukum | Menengah (10-20jt) | Unggul / A,https://rencanamu.id/cari-kampus/universitas-pelita-harapan-surabaya
7,UNIVERSITAS PELITA HARAPAN SURABAYA,JAWA TIMUR,PSIKOLOGI,B,19750000.0,JAWA TIMUR | Sosial & Hukum | Menengah (10-20jt) | Baik Sekali / B,https://rencanamu.id/cari-kampus/universitas-pelita-harapan-surabaya
292,UNIVERSITAS MAARIF HASYIM LATIF,JAWA TIMUR,HUKUM,B,19710000.0,JAWA TIMUR | Sosial & Hukum | Menengah (10-20jt) | Baik Sekali / B,-
308,UNIVERSITAS MERDEKA MALANG,JAWA TIMUR,ADMINISTRASI NEGARA,A,19000001.0,JAWA TIMUR | Sosial & Hukum | Menengah (10-20jt) | Unggul / A,https://rencanamu.id/cari-kampus/universitas-merdeka-malang
308,UNIVERSITAS MERDEKA MALANG,JAWA TIMUR,ADMINISTRASI PUBLIK,B,19000001.0,JAWA TIMUR | Sosial & Hukum | Menengah (10-20jt) | Baik Sekali / B,https://rencanamu.id/cari-kampus/universitas-merdeka-malang
308,UNIVERSITAS MERDEKA MALANG,JAWA TIMUR,HUKUM,A,19000001.0,JAWA TIMUR | Sosial & Hukum | Menengah (10-20jt) | Unggul / A,https://rencanamu.id/cari-kampus/universitas-merdeka-malang
308,UNIVERSITAS MERDEKA MALANG,JAWA TIMUR,ILMU KOMUNIKASI,B,19000001.0,JAWA TIMUR | Sosial & Hukum | Menengah (10-20jt) | Baik Sekali / B,https://rencanamu.id/cari-kampus/universitas-merdeka-malang
308,UNIVERSITAS MERDEKA MALANG,JAWA TIMUR,PSIKOLOGI,B,19000001.0,JAWA TIMUR | Sosial & Hukum | Menengah (10-20jt) | Baik Sekali / B,https://rencanamu.id/cari-kampus/universitas-merdeka-malang
342,UNIVERSITAS DR SOETOMO,JAWA TIMUR,ADMINISTRASI NEGARA,BAIK SEKALI,17520000.0,JAWA TIMUR | Sosial & Hukum | Menengah (10-20jt) | Baik Sekali / B,https://campus.quipper.com/directory/universitas-dr-soetomo
342,UNIVERSITAS DR SOETOMO,JAWA TIMUR,ILMU KOMUNIKASI,BAIK SEKALI,17520000.0,JAWA TIMUR | Sosial & Hukum | Menengah (10-20jt) | Baik Sekali / B,https://campus.quipper.com/directory/universitas-dr-soetomo
350,UNIVERSITAS GRESIK,JAWA TIMUR,HUKUM,BAIK SEKALI,17000000.0,JAWA TIMUR | Sosial & Hukum | Menengah (10-20jt) | Baik Sekali / B,-
389,UNIVERSITAS ISLAM BALITAR,JAWA TIMUR,ADMINISTRASI NEGARA,BAIK SEKALI,15375000.0,JAWA TIMUR | Sosial & Hukum | Menengah (10-20jt) | Baik Sekali / B,https://rencanamu.id/cari-kampus/universitas-islam-balitar
389,UNIVERSITAS ISLAM BALITAR,JAWA TIMUR,ADMINISTRASI PUBLIK,B,15375000.0,JAWA TIMUR | Sosial & Hukum | Menengah (10-20jt) | Baik Sekali / B,https://rencanamu.id/cari-kampus/universitas-islam-balitar
389,UNIVERSITAS ISLAM BALITAR,JAWA TIMUR,HUKUM,B,15375000.0,JAWA TIMUR | Sosial & Hukum | Menengah (10-20jt) | Baik Sekali / B,https://rencanamu.id/cari-kampus/universitas-islam-balitar
389,UNIVERSITAS ISLAM BALITAR,JAWA TIMUR,ILMU KOMUNIKASI,B,15375000.0,JAWA TIMUR | Sosial & Hukum | Menengah (10-20jt) | Baik Sekali / B,https://rencanamu.id/cari-kampus/universitas-islam-balitar
389,UNIVERSITAS ISLAM BALITAR,JAWA TIMUR,PANCASILA KEWARGANEGARAAN,B,15375000.0,JAWA TIMUR | Sosial & Hukum | Menengah (10-20jt) | Baik Sekali / B,https://rencanamu.id/cari-kampus/universitas-islam-balitar
389,UNIVERSITAS ISLAM BALITAR,JAWA TIMUR,SOSIOLOGI,B,15375000.0,JAWA TIMUR | Sosial & Hukum | Menengah (10-20jt) | Baik Sekali / B,https://rencanamu.id/cari-kampus/universitas-islam-balitar
416,UNIVERSITAS KATOLIK DARMA CENDIKA,JAWA TIMUR,HUKUM,B,14775000.0,JAWA TIMUR | Sosial & Hukum | Menengah (10-20jt) | Baik Sekali / B,https://campus.quipper.com/directory/universitas-katolik-darma-cendika
423,UNIVERSITAS PGRI ADI BUANA,JAWA TIMUR,PANCASILA KEWARGANEGARAAN,BAIK SEKALI,14450000.0,JAWA TIMUR | Sosial & Hukum | Menengah (10-20jt) | Baik Sekali / B,https://campus.quipper.com/directory/universitas-pgri-adi-buana-unipa-surabaya
432,UNIVERSITAS TRIBHUWANA TUNGGA DEWI,JAWA TIMUR,ADMINISTRASI NEGARA,B,14250000.0,JAWA TIMUR | Sosial & Hukum | Menengah (10-20jt) | Baik Sekali / B,https://rencanamu.id/cari-kampus/universitas-tribhuwana-tungga-dewi
432,UNIVERSITAS TRIBHUWANA TUNGGA DEWI,JAWA TIMUR,ADMINISTRASI PUBLIK,B,14250000.0,JAWA TIMUR | Sosial & Hukum | Menengah (10-20jt) | Baik Sekali / B,https://rencanamu.id/cari-kampus/universitas-tribhuwana-tungga-dewi
432,UNIVERSITAS TRIBHUWANA TUNGGA DEWI,JAWA TIMUR,ILMU KOMUNIKASI,B,14250000.0,JAWA TIMUR | Sosial & Hukum | Menengah (10-20jt) | Baik Sekali / B,https://rencanamu.id/cari-kampus/universitas-tribhuwana-tungga-dewi
435,UNIVERSITAS NAROTAMA,JAWA TIMUR,HUKUM,B,14100000.0,JAWA TIMUR | Sosial & Hukum | Menengah (10-20jt) | Baik Sekali / B,https://campus.quipper.com/directory/universitas-narotama
1533,UNIVERSITAS NURUL JADID,JAWA TIMUR,HUKUM,BAIK,14100000.0,JAWA TIMUR | Sosial & Hukum | Menengah (10-20jt) | Baik Sekali / B,-
457,UNIVERSITAS WISNUWARDHANA,JAWA TIMUR,HUKUM,B,13800000.0,JAWA TIMUR | Sosial & Hukum | Menengah (10-20jt) | Baik Sekali / B,https://campus.quipper.com/directory/universitas-wisnuwardhana
457,UNIVERSITAS WISNUWARDHANA,JAWA TIMUR,PANCASILA KEWARGANEGARAAN,B,13800000.0,JAWA TIMUR | Sosial & Hukum | Menengah (10-20jt) | Baik Sekali / B,https://campus.quipper.com/directory/universitas-wisnuwardhana
457,UNIVERSITAS WISNUWARDHANA,JAWA TIMUR,PSIKOLOGI,B,13800000.0,JAWA TIMUR | Sosial & Hukum | Menengah (10-20jt) | Baik Sekali / B,https://campus.quipper.com/directory/universitas-wisnuwardhana
504,UNIVERSITAS PESANTREN TINGGI DARUL  ULUM,JAWA TIMUR,HUKUM,BAIK,12525000.0,JAWA TIMUR | Sosial & Hukum | Menengah (10-20jt) | Baik Sekali / B,-
532,UNIVERSITAS PGRI KANJURUHAN MALANG,JAWA TIMUR,HUKUM,B,12040000.0,JAWA TIMUR | Sosial & Hukum | Menengah (10-20jt) | Baik Sekali / B,https://campus.quipper.com/directory/universitas-pgri-kanjuruhan-malang
532,UNIVERSITAS PGRI KANJURUHAN MALANG,JAWA TIMUR,PANCASILA KEWARGANEGARAAN,BAIK SEKALI,12040000.0,JAWA TIMUR | Sosial & Hukum | Menengah (10-20jt) | Baik Sekali / B,https://campus.quipper.com/directory/universitas-pgri-kanjuruhan-malang
544,UNIVERSITAS GAJAYANA,JAWA TIMUR,ILMU KOMUNIKASI,BAIK,12000000.0,JAWA TIMUR | Sosial & Hukum | Menengah (10-20jt) | Baik Sekali / B,https://campus.quipper.com/directory/universitas-gajayana
544,UNIVERSITAS GAJAYANA,JAWA TIMUR,PSIKOLOGI,BAIK SEKALI,12000000.0,JAWA TIMUR | Sosial & Hukum | Menengah (10-20jt) | Baik Sekali / B,https://campus.quipper.com/directory/universitas-gajayana
557,UNIVERSITAS WIJAYA PUTRA,JAWA TIMUR,ADMINISTRASI NEGARA,A,11600100.0,JAWA TIMUR | Sosial & Hukum | Menengah (10-20jt) | Unggul / A,https://campus.quipper.com/directory/universitas-wijaya-putra
557,UNIVERSITAS WIJAYA PUTRA,JAWA TIMUR,ADMINISTRASI PUBLIK,A,11600100.0,JAWA TIMUR | Sosial & Hukum | Menengah (10-20jt) | Unggul / A,https://campus.quipper.com/directory/universitas-wijaya-putra
557,UNIVERSITAS WIJAYA PUTRA,JAWA TIMUR,HUKUM,B,11600100.0,JAWA TIMUR | Sosial & Hukum | Menengah (10-20jt) | Baik Sekali / B,https://campus.quipper.com/directory/universitas-wijaya-putra
557,UNIVERSITAS WIJAYA PUTRA,JAWA TIMUR,PSIKOLOGI,BAIK,11600100.0,JAWA TIMUR | Sosial & Hukum | Menengah (10-20jt) | Baik Sekali / B,https://campus.quipper.com/directory/universitas-wijaya-putra
578,UNIVERSITAS MUHAMMADIYAH PONOROGO,JAWA TIMUR,HUKUM,BAIK SEKALI,11200000.0,JAWA TIMUR | Sosial & Hukum | Menengah (10-20jt) | Baik Sekali / B,https://campus.quipper.com/directory/universitas-muhammadiyah-ponorogo
578,UNIVERSITAS MUHAMMADIYAH PONOROGO,JAWA TIMUR,ILMU KOMUNIKASI,BAIK SEKALI,11200000.0,JAWA TIMUR | Sosial & Hukum | Menengah (10-20jt) | Baik Sekali / B,https://campus.quipper.com/directory/universitas-muhammadiyah-ponorogo
578,UNIVERSITAS MUHAMMADIYAH PONOROGO,JAWA TIMUR,PANCASILA KEWARGANEGARAAN,UNGGUL,11200000.0,JAWA TIMUR | Sosial & Hukum | Menengah (10-20jt) | Unggul / A,https://campus.quipper.com/directory/universitas-muhammadiyah-ponorogo
578,UNIVERSITAS MUHAMMADIYAH PONOROGO,JAWA TIMUR,PEMERINTAHAN,BAIK SEKALI,11200000.0,JAWA TIMUR | Sosial & Hukum | Menengah (10-20jt) | Baik Sekali / B,https://campus.quipper.com/directory/universitas-muhammadiyah-ponorogo
579,UNIVERSITAS MUHAMMADIYAH GRESIK,JAWA TIMUR,HUKUM,B,11150000.0,JAWA TIMUR | Sosial & Hukum | Menengah (10-20jt) | Baik Sekali / B,-
579,UNIVERSITAS MUHAMMADIYAH GRESIK,JAWA TIMUR,PSIKOLOGI,B,11150000.0,JAWA TIMUR | Sosial & Hukum | Menengah (10-20jt) | Baik Sekali / B,-
631,UNIVERSITAS PGRI MADIUN,JAWA TIMUR,HUKUM,BAIK,10091000.0,JAWA TIMUR | Sosial & Hukum | Menengah (10-20jt) | Baik Sekali / B,https://campus.quipper.com/directory/universitas-pgri-madiun-unipma
631,UNIVERSITAS PGRI MADIUN,JAWA TIMUR,PANCASILA KEWARGANEGARAAN,B,10091000.0,JAWA TIMUR | Sosial & Hukum | Menengah (10-20jt) | Baik Sekali / B,https://campus.quipper.com/directory/universitas-pgri-madiun-unipma
631,UNIVERSITAS PGRI MADIUN,JAWA TIMUR,SEJARAH,B,10091000.0,JAWA TIMUR | Sosial & Hukum | Menengah (10-20jt) | Baik Sekali / B,https://campus.quipper.com/directory/universitas-pgri-madiun-unipma
649,UNIVERSITAS MADURA,JAWA TIMUR,ADMINISTRASI PUBLIK,B,10000000.0,JAWA TIMUR | Sosial & Hukum | Menengah (10-20jt) | Baik Sekali / B,https://rencanamu.id/cari-kampus/universitas-madura
649,UNIVERSITAS MADURA,JAWA TIMUR,HUKUM,B,10000000.0,JAWA TIMUR | Sosial & Hukum | Menengah (10-20jt) | Baik Sekali / B,https://rencanamu.id/cari-kampus/universitas-madura
638,UNIVERSITAS MOCHAMMAD SROEDJI,JAWA TIMUR,ADMINISTRASI NEGARA,B,10000000.0,JAWA TIMUR | Sosial & Hukum | Menengah (10-20jt) | Baik Sekali / B,https://campus.quipper.com/directory/universitas-mochammad-sroedji
638,UNIVERSITAS MOCHAMMAD SROEDJI,JAWA TIMUR,HUKUM,BAIK,10000000.0,JAWA TIMUR | Sosial & Hukum | Menengah (10-20jt) | Baik Sekali / B,https://campus.quipper.com/directory/universitas-mochammad-sroedji
637,UNIVERSITAS PGRI ARGOPURO JEMBER,JAWA TIMUR,PANCASILA KEWARGANEGARAAN,BAIK SEKALI,10000000.0,JAWA TIMUR | Sosial & Hukum | Menengah (10-20jt) | Baik Sekali / B,-
637,UNIVERSITAS PGRI ARGOPURO JEMBER,JAWA TIMUR,SEJARAH,B,10000000.0,JAWA TIMUR | Sosial & Hukum | Menengah (10-20jt) | Baik Sekali / B,-
684,UNIVERSITAS 45 SURABAYA,JAWA TIMUR,HUKUM,BAIK,9450000.0,JAWA TIMUR | Sosial & Hukum | Terjangkau (5-10jt) | Baik Sekali / B,-
684,UNIVERSITAS 45 SURABAYA,JAWA TIMUR,PSIKOLOGI,BAIK,9450000.0,JAWA TIMUR | Sosial & Hukum | Terjangkau (5-10jt) | Baik Sekali / B,-
685,UNIVERSITAS ISLAM MADURA,JAWA TIMUR,HUKUM,BAIK,9435000.0,JAWA TIMUR | Sosial & Hukum | Terjangkau (5-10jt) | Baik Sekali / B,-
690,UNIVERSITAS WIRARAJA,JAWA TIMUR,ADMINISTRASI PUBLIK,BAIK SEKALI,9313750.0,JAWA TIMUR | Sosial & Hukum | Terjangkau (5-10jt) | Baik Sekali / B,-
690,UNIVERSITAS WIRARAJA,JAWA TIMUR,HUKUM,A,9313750.0,JAWA TIMUR | Sosial & Hukum | Terjangkau (5-10jt) | Baik Sekali / B,-
696,UNIVERSITAS KATOLIK WIDYA KARYA,JAWA TIMUR,HUKUM,B,9250000.0,JAWA TIMUR | Sosial & Hukum | Terjangkau (5-10jt) | Baik Sekali / B,-
710,UNIVERSITAS YUDHARTA PASURUAN,JAWA TIMUR,ADMINISTRASI PUBLIK,B,9050000.0,JAWA TIMUR | Sosial & Hukum | Terjangkau (5-10jt) | Baik Sekali / B,-
710,UNIVERSITAS YUDHARTA PASURUAN,JAWA TIMUR,ILMU KOMUNIKASI,B,9050000.0,JAWA TIMUR | Sosial & Hukum | Terjangkau (5-10jt) | Baik Sekali / B,-
710,UNIVERSITAS YUDHARTA PASURUAN,JAWA TIMUR,PSIKOLOGI,B,9050000.0,JAWA TIMUR | Sosial & Hukum | Terjangkau (5-10jt) | Baik Sekali / B,-
727,SEKOLAH TINGGI ILMU KOMUNIKASI ALMAMATER WARTAWAN SURABAYA,JAWA TIMUR,ILMU KOMUNIKASI,BAIK,8950000.0,JAWA TIMUR | Sosial & Hukum | Terjangkau (5-10jt) | Baik Sekali / B,https://campus.quipper.com/directory/sekolah-tinggi-ilmu-komunikasi-almamater-wartawan-surabaya
741,UNIVERSITAS KH. BAHAUDIN MUDHARY MADURA,JAWA TIMUR,HUKUM,TERAKREDITASI SEMENTARA,8800000.0,JAWA TIMUR | Sosial & Hukum | Terjangkau (5-10jt) | Baik Sekali / B,-
10,UNIVERSITAS GAJAYANA MALANG,JAWA TIMUR,PSIKOLOGI,B,8500000.0,JAWA TIMUR | Sosial & Hukum | Terjangkau (5-10jt) | Baik Sekali / B,https://rencanamu.id/cari-kampus/universitas-gajayana-malang
768,UNIVERSITAS MERDEKA PASURUAN,JAWA TIMUR,HUKUM,B,8370000.0,JAWA TIMUR | Sosial & Hukum | Terjangkau (5-10jt) | Baik Sekali / B,-
786,UNIVERSITAS BOJONEGORO,JAWA TIMUR,ADMINISTRASI PUBLIK,B,8000000.0,JAWA TIMUR | Sosial & Hukum | Terjangkau (5-10jt) | Baik Sekali / B,-
786,UNIVERSITAS BOJONEGORO,JAWA TIMUR,HUKUM,B,8000000.0,JAWA TIMUR | Sosial & Hukum | Terjangkau (5-10jt) | Baik Sekali / B,-
835,UNIVERSITAS NUSANTARA PGRI KEDIRI,JAWA TIMUR,PANCASILA KEWARGANEGARAAN,BAIK SEKALI,7800000.0,JAWA TIMUR | Sosial & Hukum | Terjangkau (5-10jt) | Baik Sekali / B,https://campus.quipper.com/directory/universitas-nusantara-pgri-kediri
835,UNIVERSITAS NUSANTARA PGRI KEDIRI,JAWA TIMUR,SEJARAH,BAIK SEKALI,7800000.0,JAWA TIMUR | Sosial & Hukum | Terjangkau (5-10jt) | Baik Sekali / B,https://campus.quipper.com/directory/universitas-nusantara-pgri-kediri
872,SEKOLAH TINGGI ILMU ADMINISTRASI MALANG,JAWA TIMUR,ADMINISTRASI PUBLIK,BAIK SEKALI,7500000.0,JAWA TIMUR | Sosial & Hukum | Terjangkau (5-10jt) | Baik Sekali / B,-
879,UNIVERSITAS ABDURACHMAN SALEH SITUBONDO,JAWA TIMUR,ADMINISTRASI PUBLIK,B,7500000.0,JAWA TIMUR | Sosial & Hukum | Terjangkau (5-10jt) | Baik Sekali / B,-
879,UNIVERSITAS ABDURACHMAN SALEH SITUBONDO,JAWA TIMUR,HUKUM,BAIK SEKALI,7500000.0,JAWA TIMUR | Sosial & Hukum | Terjangkau (5-10jt) | Baik Sekali / B,-
870,UNIVERSITAS ISLAM LAMONGAN,JAWA TIMUR,HUKUM,B,7500000.0,JAWA TIMUR | Sosial & Hukum | Terjangkau (5-10jt) | Baik Sekali / B,https://rencanamu.id/cari-kampus/universitas-islam-lamongan
883,UNIVERSITAS ANNUQAYAH,JAWA TIMUR,ILMU KOMUNIKASI,TERAKREDITASI SEMENTARA,7450000.0,JAWA TIMUR | Sosial & Hukum | Terjangkau (5-10jt) | Baik Sekali / B,-
913,UNIVERSITAS 17 AGUSTUS 1945 BANYUWANGI,JAWA TIMUR,ADMINISTRASI PUBLIK,BAIK,7100000.0,JAWA TIMUR | Sosial & Hukum | Terjangkau (5-10jt) | Baik Sekali / B,-
913,UNIVERSITAS 17 AGUSTUS 1945 BANYUWANGI,JAWA TIMUR,HUKUM,B,7100000.0,JAWA TIMUR | Sosial & Hukum | Terjangkau (5-10jt) | Baik Sekali / B,-
913,UNIVERSITAS 17 AGUSTUS 1945 BANYUWANGI,JAWA TIMUR,SEJARAH,BAIK SEKALI,7100000.0,JAWA TIMUR | Sosial & Hukum | Terjangkau (5-10jt) | Baik Sekali / B,-
919,SEKOLAH TINGGI ILMU HUKUM JENDERAL SUDIRMAN,JAWA TIMUR,HUKUM,BAIK,7000000.0,JAWA TIMUR | Sosial & Hukum | Terjangkau (5-10jt) | Baik Sekali / B,-
931,UNIVERSITAS ABDURACHMAN SALEH,JAWA TIMUR,ADMINISTRASI NEGARA,B,7000000.0,JAWA TIMUR | Sosial & Hukum | Terjangkau (5-10jt) | Baik Sekali / B,https://campus.quipper.com/directory/universitas-abdurachman-saleh
931,UNIVERSITAS ABDURACHMAN SALEH,JAWA TIMUR,HUKUM,B,7000000.0,JAWA TIMUR | Sosial & Hukum | Terjangkau (5-10jt) | Baik Sekali / B,https://campus.quipper.com/directory/universitas-abdurachman-saleh
930,UNIVERSITAS BILLFATH,JAWA TIMUR,HUKUM,BAIK,7000000.0,JAWA TIMUR | Sosial & Hukum | Terjangkau (5-10jt) | Baik Sekali / B,-
944,UNIVERSITAS PGRI MPU SINDOK,JAWA TIMUR,HUKUM,TERAKREDITASI SEMENTARA,7000000.0,JAWA TIMUR | Sosial & Hukum | Terjangkau (5-10jt) | Baik Sekali / B,-
944,UNIVERSITAS PGRI MPU SINDOK,JAWA TIMUR,PANCASILA KEWARGANEGARAAN,BAIK SEKALI,7000000.0,JAWA TIMUR | Sosial & Hukum | Terjangkau (5-10jt) | Baik Sekali / B,-
926,UNIVERSITAS WASKITA DHARMA,JAWA TIMUR,ADMINISTRASI NEGARA,B,7000000.0,JAWA TIMUR | Sosial & Hukum | Terjangkau (5-10jt) | Baik Sekali / B,-
952,UNIVERSITAS KAHURIPAN KEDIRI,JAWA TIMUR,PANCASILA KEWARGANEGARAAN,BAIK,6950000.0,JAWA TIMUR | Sosial & Hukum | Terjangkau (5-10jt) | Baik Sekali / B,-
951,UNIVERSITAS MUHAMMADIYAH MADIUN,JAWA TIMUR,ILMU KOMUNIKASI,BAIK SEKALI,6950000.0,JAWA TIMUR | Sosial & Hukum | Terjangkau (5-10jt) | Baik Sekali / B,-
951,UNIVERSITAS MUHAMMADIYAH MADIUN,JAWA TIMUR,KESEJAHTERAAN SOSIAL,BAIK SEKALI,6950000.0,JAWA TIMUR | Sosial & Hukum | Terjangkau (5-10jt) | Baik Sekali / B,-
970,SEKOLAH TINGGI ILMU KOMUNIKASI,JAWA TIMUR,ILMU KOMUNIKASI,BAIK,6750000.0,JAWA TIMUR | Sosial & Hukum | Terjangkau (5-10jt) | Baik Sekali / B,https://rencanamu.id/cari-kampus/sekolah-tinggi-ilmu-komunikasi-almamater-wartawan-surabaya
970,SEKOLAH TINGGI ILMU KOMUNIKASI,JAWA TIMUR,JURNALISTIK,B,6750000.0,JAWA TIMUR | Sosial & Hukum | Terjangkau (5-10jt) | Baik Sekali / B,https://rencanamu.id/cari-kampus/sekolah-tinggi-ilmu-komunikasi-almamater-wartawan-surabaya
970,SEKOLAH TINGGI ILMU KOMUNIKASI,JAWA TIMUR,STUDI HUMANITAS,B,6750000.0,JAWA TIMUR | Sosial & Hukum | Terjangkau (5-10jt) | Baik Sekali / B,https://rencanamu.id/cari-kampus/sekolah-tinggi-ilmu-komunikasi-almamater-wartawan-surabaya
980,UNIVERSITAS MAYJEN SUNGKONO,JAWA TIMUR,HUKUM,B,6600000.0,JAWA TIMUR | Sosial & Hukum | Terjangkau (5-10jt) | Baik Sekali / B,-
1004,UNIVERSITAS MERDEKA MADIUN,JAWA TIMUR,ADMINISTRASI NEGARA,B,6500000.0,JAWA TIMUR | Sosial & Hukum | Terjangkau (5-10jt) | Baik Sekali / B,-
1004,UNIVERSITAS MERDEKA MADIUN,JAWA TIMUR,HUKUM,B,6500000.0,JAWA TIMUR | Sosial & Hukum | Terjangkau (5-10jt) | Baik Sekali / B,-
1004,UNIVERSITAS MERDEKA MADIUN,JAWA TIMUR,ILMU KOMUNIKASI,B,6500000.0,JAWA TIMUR | Sosial & Hukum | Terjangkau (5-10jt) | Baik Sekali / B,-
1017,SEKOLAH TINGGI ILMU ADMINISTRASI PEMBANGUNAN,JAWA TIMUR,ADMINISTRASI NEGARA,B,6400000.0,JAWA TIMUR | Sosial & Hukum | Terjangkau (5-10jt) | Baik Sekali / B,-
1033,UNIVERSITAS ISLAM KADIRI,JAWA TIMUR,HUKUM,B,6387500.0,JAWA TIMUR | Sosial & Hukum | Terjangkau (5-10jt) | Baik Sekali / B,https://rencanamu.id/cari-kampus/universitas-islam-kadiri
1042,UNIVERSITAS PAWYATAN DAHA,JAWA TIMUR,ADMINISTRASI PUBLIK,BAIK,6275000.0,JAWA TIMUR | Sosial & Hukum | Terjangkau (5-10jt) | Baik Sekali / B,-
1042,UNIVERSITAS PAWYATAN DAHA,JAWA TIMUR,HUKUM,BAIK,6275000.0,JAWA TIMUR | Sosial & Hukum | Terjangkau (5-10jt) | Baik Sekali / B,-
1046,INSTITUT TEKNOLOGI DAN BISNIS YADIKA PASURUAN,JAWA TIMUR,HUKUM,BAIK,6265000.0,JAWA TIMUR | Sosial & Hukum | Terjangkau (5-10jt) | Baik Sekali / B,-
1056,STKIP PGRI SAMPANG,JAWA TIMUR,PANCASILA KEWARGANEGARAAN,BAIK,6215000.0,JAWA TIMUR | Sosial & Hukum | Terjangkau (5-10jt) | Baik Sekali / B,-
1062,UNIVERSITAS BHINNEKA PGRI,JAWA TIMUR,PANCASILA KEWARGANEGARAAN,BAIK SEKALI,6175000.0,JAWA TIMUR | Sosial & Hukum | Terjangkau (5-10jt) | Baik Sekali / B,-
1089,SEKOLAH TINGGI ILMU HUKUM SUNAN GIRI,JAWA TIMUR,HUKUM,BAIK,6000000.0,JAWA TIMUR | Sosial & Hukum | Terjangkau (5-10jt) | Baik Sekali / B,-
1103,UNIVERSITAS ISLAM RADEN RAHMAT,JAWA TIMUR,PEMERINTAHAN,BAIK,6000000.0,JAWA TIMUR | Sosial & Hukum | Terjangkau (5-10jt) | Baik Sekali / B,-
1103,UNIVERSITAS ISLAM RADEN RAHMAT,JAWA TIMUR,PENGETAHUAN SOSIAL,BAIK SEKALI,6000000.0,JAWA TIMUR | Sosial & Hukum | Terjangkau (5-10jt) | Baik Sekali / B,-
1103,UNIVERSITAS ISLAM RADEN RAHMAT,JAWA TIMUR,PSIKOLOGI,BAIK,6000000.0,JAWA TIMUR | Sosial & Hukum | Terjangkau (5-10jt) | Baik Sekali / B,-
1104,UNIVERSITAS SOERJO,JAWA TIMUR,ADMINISTRASI NEGARA,BAIK,6000000.0,JAWA TIMUR | Sosial & Hukum | Terjangkau (5-10jt) | Baik Sekali / B,-
1104,UNIVERSITAS SOERJO,JAWA TIMUR,HUKUM,BAIK SEKALI,6000000.0,JAWA TIMUR | Sosial & Hukum | Terjangkau (5-10jt) | Baik Sekali / B,-
1092,UNIVERSITAS TEKNOLOGI SURABAYA,JAWA TIMUR,ADMINISTRASI NEGARA,TERAKREDITASI,6000000.0,JAWA TIMUR | Sosial & Hukum | Terjangkau (5-10jt) | Baik Sekali / B,-
1092,UNIVERSITAS TEKNOLOGI SURABAYA,JAWA TIMUR,HUKUM,BAIK,6000000.0,JAWA TIMUR | Sosial & Hukum | Terjangkau (5-10jt) | Baik Sekali / B,-
1099,UNIVERSITAS W R SUPRATMAN,JAWA TIMUR,ADMINISTRASI PUBLIK,B,6000000.0,JAWA TIMUR | Sosial & Hukum | Terjangkau (5-10jt) | Baik Sekali / B,-
1158,UNIVERSITAS ISLAM JEMBER,JAWA TIMUR,ADMINISTRASI NEGARA,B,5700000.0,JAWA TIMUR | Sosial & Hukum | Terjangkau (5-10jt) | Baik Sekali / B,https://campus.quipper.com/directory/universitas-islam-jember
1158,UNIVERSITAS ISLAM JEMBER,JAWA TIMUR,HUKUM,B,5700000.0,JAWA TIMUR | Sosial & Hukum | Terjangkau (5-10jt) | Baik Sekali / B,https://campus.quipper.com/directory/universitas-islam-jember
1158,UNIVERSITAS ISLAM JEMBER,JAWA TIMUR,ILMU KOMUNIKASI,B,5700000.0,JAWA TIMUR | Sosial & Hukum | Terjangkau (5-10jt) | Baik Sekali / B,https://campus.quipper.com/directory/universitas-islam-jember
783,UNIVERSITAS BAKTI INDONESIA,JAWA TIMUR,HUKUM,BAIK,5600000.0,JAWA TIMUR | Sosial & Hukum | Terjangkau (5-10jt) | Baik Sekali / B,-
1174,UNIVERSITAS PANCA MARGA,JAWA TIMUR,ADMINISTRASI NEGARA,B,5550000.0,JAWA TIMUR | Sosial & Hukum | Terjangkau (5-10jt) | Baik Sekali / B,https://rencanamu.id/cari-kampus/universitas-panca-marga
1174,UNIVERSITAS PANCA MARGA,JAWA TIMUR,ADMINISTRASI PUBLIK,BAIK,5550000.0,JAWA TIMUR | Sosial & Hukum | Terjangkau (5-10jt) | Baik Sekali / B,https://rencanamu.id/cari-kampus/universitas-panca-marga
1174,UNIVERSITAS PANCA MARGA,JAWA TIMUR,HUKUM,B,5550000.0,JAWA TIMUR | Sosial & Hukum | Terjangkau (5-10jt) | Baik Sekali / B,https://rencanamu.id/cari-kampus/universitas-panca-marga
1174,UNIVERSITAS PANCA MARGA,JAWA TIMUR,PANCASILA KEWARGANEGARAAN,C,5550000.0,JAWA TIMUR | Sosial & Hukum | Terjangkau (5-10jt) | Baik Sekali / B,https://rencanamu.id/cari-kampus/universitas-panca-marga
1184,UNIVERSITAS PGRI BANYUWANGI,JAWA TIMUR,PANCASILA KEWARGANEGARAAN,BAIK SEKALI,5400000.0,JAWA TIMUR | Sosial & Hukum | Terjangkau (5-10jt) | Baik Sekali / B,-
1184,UNIVERSITAS PGRI BANYUWANGI,JAWA TIMUR,SEJARAH,BAIK SEKALI,5400000.0,JAWA TIMUR | Sosial & Hukum | Terjangkau (5-10jt) | Baik Sekali / B,-
15,UNIVERSITAS DR. SOETOMO,JAWA TIMUR,ADMINISTRASI NEGARA,A,5100000.0,JAWA TIMUR | Sosial & Hukum | Terjangkau (5-10jt) | Baik Sekali / B,https://rencanamu.id/cari-kampus/universitas-dr-soetomo
15,UNIVERSITAS DR. SOETOMO,JAWA TIMUR,HUKUM,B,5100000.0,JAWA TIMUR | Sosial & Hukum | Terjangkau (5-10jt) | Baik Sekali / B,https://rencanamu.id/cari-kampus/universitas-dr-soetomo
15,UNIVERSITAS DR. SOETOMO,JAWA TIMUR,ILMU KOMUNIKASI,B,5100000.0,JAWA TIMUR | Sosial & Hukum | Terjangkau (5-10jt) | Baik Sekali / B,https://rencanamu.id/cari-kampus/universitas-dr-soetomo
1385,UNIVERSITAS DARUL  ULUM,JAWA TIMUR,HUKUM,BAIK SEKALI,4250000.0,JAWA TIMUR | Sosial & Hukum | Hemat (<5jt) | Baik Sekali / B,-
1385,UNIVERSITAS DARUL  ULUM,JAWA TIMUR,PSIKOLOGI,BAIK SEKALI,4250000.0,JAWA TIMUR | Sosial & Hukum | Hemat (<5jt) | Baik Sekali / B,-
1394,UNIVERSITAS TULUNGAGUNG,JAWA TIMUR,ADMINISTRASI PUBLIK,B,4100000.0,JAWA TIMUR | Sosial & Hukum | Hemat (<5jt) | Baik Sekali / B,-
1394,UNIVERSITAS TULUNGAGUNG,JAWA TIMUR,HUKUM,B,4100000.0,JAWA TIMUR | Sosial & Hukum | Hemat (<5jt) | Baik Sekali / B,-
39,UNIVERSITAS KATOLIK WIDYA MANDALA SURABAYA,JAWA TIMUR,ELEKTRO,B,234470600.0,JAWA TIMUR | Teknik & Arsitektur | Sangat Mahal (>50jt) | Baik Sekali / B,https://campus.quipper.com/directory/universitas-katolik-widya-mandala-surabaya
39,UNIVERSITAS KATOLIK WIDYA MANDALA SURABAYA,JAWA TIMUR,INDUSTRI,B,234470600.0,JAWA TIMUR | Teknik & Arsitektur | Sangat Mahal (>50jt) | Baik Sekali / B,https://campus.quipper.com/directory/universitas-katolik-widya-mandala-surabaya
39,UNIVERSITAS KATOLIK WIDYA MANDALA SURABAYA,JAWA TIMUR,REKAYASA INDUSTRI,BAIK,234470600.0,JAWA TIMUR | Teknik & Arsitektur | Sangat Mahal (>50jt) | Baik Sekali / B,https://campus.quipper.com/directory/universitas-katolik-widya-mandala-surabaya
44,UNIVERSITAS HANG TUAH,JAWA TIMUR,ELEKTRO,B,146900000.0,JAWA TIMUR | Teknik & Arsitektur | Sangat Mahal (>50jt) | Baik Sekali / B,https://campus.quipper.com/directory/universitas-hang-tuah
44,UNIVERSITAS HANG TUAH,JAWA TIMUR,KELAUTAN,B,146900000.0,JAWA TIMUR | Teknik & Arsitektur | Sangat Mahal (>50jt) | Baik Sekali / B,https://campus.quipper.com/directory/universitas-hang-tuah
44,UNIVERSITAS HANG TUAH,JAWA TIMUR,PERKAPALAN,B,146900000.0,JAWA TIMUR | Teknik & Arsitektur | Sangat Mahal (>50jt) | Baik Sekali / B,https://campus.quipper.com/directory/universitas-hang-tuah
45,UNIVERSITAS MUHAMMADIYAH SURABAYA,JAWA TIMUR,ARSITEKTUR,BAIK SEKALI,142200000.0,JAWA TIMUR | Teknik & Arsitektur | Sangat Mahal (>50jt) | Baik Sekali / B,https://campus.quipper.com/directory/universitas-muhammadiyah-surabaya
45,UNIVERSITAS MUHAMMADIYAH SURABAYA,JAWA TIMUR,ELEKTRO,BAIK SEKALI,142200000.0,JAWA TIMUR | Teknik & Arsitektur | Sangat Mahal (>50jt) | Baik Sekali / B,https://campus.quipper.com/directory/universitas-muhammadiyah-surabaya
45,UNIVERSITAS MUHAMMADIYAH SURABAYA,JAWA TIMUR,INDUSTRI,BAIK SEKALI,142200000.0,JAWA TIMUR | Teknik & Arsitektur | Sangat Mahal (>50jt) | Baik Sekali / B,https://campus.quipper.com/directory/universitas-muhammadiyah-surabaya
45,UNIVERSITAS MUHAMMADIYAH SURABAYA,JAWA TIMUR,MESIN,BAIK SEKALI,142200000.0,JAWA TIMUR | Teknik & Arsitektur | Sangat Mahal (>50jt) | Baik Sekali / B,https://campus.quipper.com/directory/universitas-muhammadiyah-surabaya
45,UNIVERSITAS MUHAMMADIYAH SURABAYA,JAWA TIMUR,PERKAPALAN,BAIK SEKALI,142200000.0,JAWA TIMUR | Teknik & Arsitektur | Sangat Mahal (>50jt) | Baik Sekali / B,https://campus.quipper.com/directory/universitas-muhammadiyah-surabaya
45,UNIVERSITAS MUHAMMADIYAH SURABAYA,JAWA TIMUR,SIPIL,BAIK SEKALI,142200000.0,JAWA TIMUR | Teknik & Arsitektur | Sangat Mahal (>50jt) | Baik Sekali / B,https://campus.quipper.com/directory/universitas-muhammadiyah-surabaya
72,UNIVERSITAS CIPUTRA SURABAYA,JAWA TIMUR,ARSITEKTUR,BAIK SEKALI,59000000.0,JAWA TIMUR | Teknik & Arsitektur | Sangat Mahal (>50jt) | Baik Sekali / B,https://campus.quipper.com/directory/universitas-ciputra-surabaya
80,UNIVERSITAS 17 AGUSTUS 1945 SURABAYA,JAWA TIMUR,ARSITEKTUR,B,53150000.0,JAWA TIMUR | Teknik & Arsitektur | Sangat Mahal (>50jt) | Baik Sekali / B,https://rencanamu.id/cari-kampus/universitas-17-agustus-1945-surabaya
80,UNIVERSITAS 17 AGUSTUS 1945 SURABAYA,JAWA TIMUR,ELEKTRO,B,53150000.0,JAWA TIMUR | Teknik & Arsitektur | Sangat Mahal (>50jt) | Baik Sekali / B,https://rencanamu.id/cari-kampus/universitas-17-agustus-1945-surabaya
80,UNIVERSITAS 17 AGUSTUS 1945 SURABAYA,JAWA TIMUR,SIPIL,B,53150000.0,JAWA TIMUR | Teknik & Arsitektur | Sangat Mahal (>50jt) | Baik Sekali / B,https://rencanamu.id/cari-kampus/universitas-17-agustus-1945-surabaya
1535,UNIVERSITAS MUHAMMADIYAH SIDOARJO,JAWA TIMUR,ELEKTRO,B,48525000.0,JAWA TIMUR | Teknik & Arsitektur | Mahal (20-50jt) | Baik Sekali / B,https://rencanamu.id/cari-kampus/universitas-muhammadiyah-sidoarjo
1535,UNIVERSITAS MUHAMMADIYAH SIDOARJO,JAWA TIMUR,INDUSTRI,BAIK SEKALI,48525000.0,JAWA TIMUR | Teknik & Arsitektur | Mahal (20-50jt) | Baik Sekali / B,https://rencanamu.id/cari-kampus/universitas-muhammadiyah-sidoarjo
1535,UNIVERSITAS MUHAMMADIYAH SIDOARJO,JAWA TIMUR,MESIN,B,48525000.0,JAWA TIMUR | Teknik & Arsitektur | Mahal (20-50jt) | Baik Sekali / B,https://rencanamu.id/cari-kampus/universitas-muhammadiyah-sidoarjo
1535,UNIVERSITAS MUHAMMADIYAH SIDOARJO,JAWA TIMUR,SIPIL,BAIK,48525000.0,JAWA TIMUR | Teknik & Arsitektur | Mahal (20-50jt) | Baik Sekali / B,https://rencanamu.id/cari-kampus/universitas-muhammadiyah-sidoarjo
96,UNIVERSITAS MUHAMMADIYAH JEMBER,JAWA TIMUR,ELEKTRO,B,46860200.0,JAWA TIMUR | Teknik & Arsitektur | Mahal (20-50jt) | Baik Sekali / B,https://rencanamu.id/cari-kampus/universitas-muhammadiyah-jember
96,UNIVERSITAS MUHAMMADIYAH JEMBER,JAWA TIMUR,INDUSTRI,BAIK,46860200.0,JAWA TIMUR | Teknik & Arsitektur | Mahal (20-50jt) | Baik Sekali / B,https://rencanamu.id/cari-kampus/universitas-muhammadiyah-jember
96,UNIVERSITAS MUHAMMADIYAH JEMBER,JAWA TIMUR,LINGKUNGAN,BAIK,46860200.0,JAWA TIMUR | Teknik & Arsitektur | Mahal (20-50jt) | Baik Sekali / B,https://rencanamu.id/cari-kampus/universitas-muhammadiyah-jember
96,UNIVERSITAS MUHAMMADIYAH JEMBER,JAWA TIMUR,MESIN,BAIK SEKALI,46860200.0,JAWA TIMUR | Teknik & Arsitektur | Mahal (20-50jt) | Baik Sekali / B,https://rencanamu.id/cari-kampus/universitas-muhammadiyah-jember
96,UNIVERSITAS MUHAMMADIYAH JEMBER,JAWA TIMUR,SIPIL,B,46860200.0,JAWA TIMUR | Teknik & Arsitektur | Mahal (20-50jt) | Baik Sekali / B,https://rencanamu.id/cari-kampus/universitas-muhammadiyah-jember
110,UNIVERSITAS PGRI RONGGOLAWE,JAWA TIMUR,INDUSTRI,BAIK SEKALI,40364875.0,JAWA TIMUR | Teknik & Arsitektur | Mahal (20-50jt) | Baik Sekali / B,-
110,UNIVERSITAS PGRI RONGGOLAWE,JAWA TIMUR,KELAUTAN,B,40364875.0,JAWA TIMUR | Teknik & Arsitektur | Mahal (20-50jt) | Baik Sekali / B,-
118,UNIVERSITAS SURABAYA,JAWA TIMUR,ELEKTRO,A,38850250.0,JAWA TIMUR | Teknik & Arsitektur | Mahal (20-50jt) | Baik Sekali / B,https://campus.quipper.com/directory/universitas-surabaya
118,UNIVERSITAS SURABAYA,JAWA TIMUR,INDUSTRI,A,38850250.0,JAWA TIMUR | Teknik & Arsitektur | Mahal (20-50jt) | Baik Sekali / B,https://campus.quipper.com/directory/universitas-surabaya
118,UNIVERSITAS SURABAYA,JAWA TIMUR,MANUFAKTUR,A,38850250.0,JAWA TIMUR | Teknik & Arsitektur | Mahal (20-50jt) | Baik Sekali / B,https://campus.quipper.com/directory/universitas-surabaya
118,UNIVERSITAS SURABAYA,JAWA TIMUR,MESIN,BAIK,38850250.0,JAWA TIMUR | Teknik & Arsitektur | Mahal (20-50jt) | Baik Sekali / B,https://campus.quipper.com/directory/universitas-surabaya
127,UNIVERSITAS BHAYANGKARA SURABAYA,JAWA TIMUR,ELEKTRO,B,35502000.0,JAWA TIMUR | Teknik & Arsitektur | Mahal (20-50jt) | Baik Sekali / B,https://campus.quipper.com/directory/universitas-bhayangkara-surabaya
127,UNIVERSITAS BHAYANGKARA SURABAYA,JAWA TIMUR,SIPIL,B,35502000.0,JAWA TIMUR | Teknik & Arsitektur | Mahal (20-50jt) | Baik Sekali / B,https://campus.quipper.com/directory/universitas-bhayangkara-surabaya
134,UNIVERSITAS ISLAM MALANG,JAWA TIMUR,MESIN,B,33550000.0,JAWA TIMUR | Teknik & Arsitektur | Mahal (20-50jt) | Baik Sekali / B,https://campus.quipper.com/directory/universitas-islam-malang
134,UNIVERSITAS ISLAM MALANG,JAWA TIMUR,SIPIL,B,33550000.0,JAWA TIMUR | Teknik & Arsitektur | Mahal (20-50jt) | Baik Sekali / B,https://campus.quipper.com/directory/universitas-islam-malang
162,UNIVERSITAS HASYIM ASY'ARI TEBUIRENG JOMBANG,JAWA TIMUR,ELEKTRO,BAIK SEKALI,29750000.0,JAWA TIMUR | Teknik & Arsitektur | Mahal (20-50jt) | Baik Sekali / B,-
162,UNIVERSITAS HASYIM ASY'ARI TEBUIRENG JOMBANG,JAWA TIMUR,INDUSTRI,BAIK,29750000.0,JAWA TIMUR | Teknik & Arsitektur | Mahal (20-50jt) | Baik Sekali / B,-
162,UNIVERSITAS HASYIM ASY'ARI TEBUIRENG JOMBANG,JAWA TIMUR,MESIN,BAIK,29750000.0,JAWA TIMUR | Teknik & Arsitektur | Mahal (20-50jt) | Baik Sekali / B,-
162,UNIVERSITAS HASYIM ASY'ARI TEBUIRENG JOMBANG,JAWA TIMUR,SIPIL,BAIK,29750000.0,JAWA TIMUR | Teknik & Arsitektur | Mahal (20-50jt) | Baik Sekali / B,-
172,UNIVERSITAS WIDYA GAMA,JAWA TIMUR,ELEKTRO,B,28500000.0,JAWA TIMUR | Teknik & Arsitektur | Mahal (20-50jt) | Baik Sekali / B,https://campus.quipper.com/directory/universitas-widya-gama
172,UNIVERSITAS WIDYA GAMA,JAWA TIMUR,INDUSTRI,BAIK SEKALI,28500000.0,JAWA TIMUR | Teknik & Arsitektur | Mahal (20-50jt) | Baik Sekali / B,https://campus.quipper.com/directory/universitas-widya-gama
172,UNIVERSITAS WIDYA GAMA,JAWA TIMUR,MESIN,BAIK,28500000.0,JAWA TIMUR | Teknik & Arsitektur | Mahal (20-50jt) | Baik Sekali / B,https://campus.quipper.com/directory/universitas-widya-gama
172,UNIVERSITAS WIDYA GAMA,JAWA TIMUR,SIPIL,BAIK SEKALI,28500000.0,JAWA TIMUR | Teknik & Arsitektur | Mahal (20-50jt) | Baik Sekali / B,https://campus.quipper.com/directory/universitas-widya-gama
175,INSTITUT SAINS DAN TEKNOLOGI TERPADU SURABAYA,JAWA TIMUR,ELEKTRO,BAIK,28200000.0,JAWA TIMUR | Teknik & Arsitektur | Mahal (20-50jt) | Baik Sekali / B,https://campus.quipper.com/directory/institut-sains-dan-teknologi-terpadu-surabaya
175,INSTITUT SAINS DAN TEKNOLOGI TERPADU SURABAYA,JAWA TIMUR,INDUSTRI,B,28200000.0,JAWA TIMUR | Teknik & Arsitektur | Mahal (20-50jt) | Baik Sekali / B,https://campus.quipper.com/directory/institut-sains-dan-teknologi-terpadu-surabaya
176,UNIVERSITAS KRISTEN PETRA,JAWA TIMUR,ARSITEKTUR,A,28000000.0,JAWA TIMUR | Teknik & Arsitektur | Mahal (20-50jt) | Unggul / A,https://campus.quipper.com/directory/universitas-kristen-petra
176,UNIVERSITAS KRISTEN PETRA,JAWA TIMUR,ELEKTRO,A,28000000.0,JAWA TIMUR | Teknik & Arsitektur | Mahal (20-50jt) | Unggul / A,https://campus.quipper.com/directory/universitas-kristen-petra
176,UNIVERSITAS KRISTEN PETRA,JAWA TIMUR,INDUSTRI,A,28000000.0,JAWA TIMUR | Teknik & Arsitektur | Mahal (20-50jt) | Unggul / A,https://campus.quipper.com/directory/universitas-kristen-petra
176,UNIVERSITAS KRISTEN PETRA,JAWA TIMUR,MESIN,A,28000000.0,JAWA TIMUR | Teknik & Arsitektur | Mahal (20-50jt) | Unggul / A,https://campus.quipper.com/directory/universitas-kristen-petra
176,UNIVERSITAS KRISTEN PETRA,JAWA TIMUR,OTOMOTIF,A,28000000.0,JAWA TIMUR | Teknik & Arsitektur | Mahal (20-50jt) | Unggul / A,https://campus.quipper.com/directory/universitas-kristen-petra
176,UNIVERSITAS KRISTEN PETRA,JAWA TIMUR,SIPIL,A,28000000.0,JAWA TIMUR | Teknik & Arsitektur | Mahal (20-50jt) | Unggul / A,https://campus.quipper.com/directory/universitas-kristen-petra
181,UNIVERSITAS DOKTOR NUGROHO MAGETAN,JAWA TIMUR,INDUSTRI,TIDAK TERAKREDITASI,27500000.0,JAWA TIMUR | Teknik & Arsitektur | Mahal (20-50jt) | Unggul / A,-
181,UNIVERSITAS DOKTOR NUGROHO MAGETAN,JAWA TIMUR,SIPIL,BAIK,27500000.0,JAWA TIMUR | Teknik & Arsitektur | Mahal (20-50jt) | Baik Sekali / B,-
4,UNIVERSITAS CIPUTRA,JAWA TIMUR,ARSITEKTUR,B,27200000.0,JAWA TIMUR | Teknik & Arsitektur | Mahal (20-50jt) | Baik Sekali / B,https://rencanamu.id/cari-kampus/universitas-ciputra
218,INSTITUT TEKNOLOGI NASIONAL MALANG,JAWA TIMUR,ARSITEKTUR,B,24550000.0,JAWA TIMUR | Teknik & Arsitektur | Mahal (20-50jt) | Baik Sekali / B,https://campus.quipper.com/directory/institut-teknologi-nasional-malang
218,INSTITUT TEKNOLOGI NASIONAL MALANG,JAWA TIMUR,ELEKTRO,B,24550000.0,JAWA TIMUR | Teknik & Arsitektur | Mahal (20-50jt) | Baik Sekali / B,https://campus.quipper.com/directory/institut-teknologi-nasional-malang
218,INSTITUT TEKNOLOGI NASIONAL MALANG,JAWA TIMUR,GEODESI,B,24550000.0,JAWA TIMUR | Teknik & Arsitektur | Mahal (20-50jt) | Baik Sekali / B,https://campus.quipper.com/directory/institut-teknologi-nasional-malang
218,INSTITUT TEKNOLOGI NASIONAL MALANG,JAWA TIMUR,INDUSTRI,B,24550000.0,JAWA TIMUR | Teknik & Arsitektur | Mahal (20-50jt) | Baik Sekali / B,https://campus.quipper.com/directory/institut-teknologi-nasional-malang
218,INSTITUT TEKNOLOGI NASIONAL MALANG,JAWA TIMUR,LINGKUNGAN,B,24550000.0,JAWA TIMUR | Teknik & Arsitektur | Mahal (20-50jt) | Baik Sekali / B,https://campus.quipper.com/directory/institut-teknologi-nasional-malang
218,INSTITUT TEKNOLOGI NASIONAL MALANG,JAWA TIMUR,MESIN,B,24550000.0,JAWA TIMUR | Teknik & Arsitektur | Mahal (20-50jt) | Baik Sekali / B,https://campus.quipper.com/directory/institut-teknologi-nasional-malang
218,INSTITUT TEKNOLOGI NASIONAL MALANG,JAWA TIMUR,SIPIL,B,24550000.0,JAWA TIMUR | Teknik & Arsitektur | Mahal (20-50jt) | Baik Sekali / B,https://campus.quipper.com/directory/institut-teknologi-nasional-malang
256,UNIVERSITAS IBRAHIMY,JAWA TIMUR,ARSITEKTUR,BAIK,21600000.0,JAWA TIMUR | Teknik & Arsitektur | Mahal (20-50jt) | Baik Sekali / B,-
276,UNIVERSITAS MA CHUNG,JAWA TIMUR,INDUSTRI,B,20400000.0,JAWA TIMUR | Teknik & Arsitektur | Mahal (20-50jt) | Baik Sekali / B,https://campus.quipper.com/directory/universitas-ma-chung
287,UNIVERSITAS MUHAMMADIYAH MALANG,JAWA TIMUR,ELEKTRO,B,20000000.0,JAWA TIMUR | Teknik & Arsitektur | Mahal (20-50jt) | Baik Sekali / B,https://rencanamu.id/cari-kampus/universitas-muhammadiyah-malang
287,UNIVERSITAS MUHAMMADIYAH MALANG,JAWA TIMUR,INDUSTRI,B,20000000.0,JAWA TIMUR | Teknik & Arsitektur | Mahal (20-50jt) | Baik Sekali / B,https://rencanamu.id/cari-kampus/universitas-muhammadiyah-malang
287,UNIVERSITAS MUHAMMADIYAH MALANG,JAWA TIMUR,MESIN,A,20000000.0,JAWA TIMUR | Teknik & Arsitektur | Mahal (20-50jt) | Unggul / A,https://rencanamu.id/cari-kampus/universitas-muhammadiyah-malang
287,UNIVERSITAS MUHAMMADIYAH MALANG,JAWA TIMUR,SIPIL,B,20000000.0,JAWA TIMUR | Teknik & Arsitektur | Mahal (20-50jt) | Baik Sekali / B,https://rencanamu.id/cari-kampus/universitas-muhammadiyah-malang
292,UNIVERSITAS MAARIF HASYIM LATIF,JAWA TIMUR,INDUSTRI,BAIK SEKALI,19710000.0,JAWA TIMUR | Teknik & Arsitektur | Menengah (10-20jt) | Baik Sekali / B,-
292,UNIVERSITAS MAARIF HASYIM LATIF,JAWA TIMUR,MESIN,BAIK SEKALI,19710000.0,JAWA TIMUR | Teknik & Arsitektur | Menengah (10-20jt) | Baik Sekali / B,-
306,UNIVERSITAS WIDYA KARTIKA,JAWA TIMUR,ARSITEKTUR,B,19198000.0,JAWA TIMUR | Teknik & Arsitektur | Menengah (10-20jt) | Baik Sekali / B,-
306,UNIVERSITAS WIDYA KARTIKA,JAWA TIMUR,ELEKTRO,BAIK,19198000.0,JAWA TIMUR | Teknik & Arsitektur | Menengah (10-20jt) | Baik Sekali / B,-
306,UNIVERSITAS WIDYA KARTIKA,JAWA TIMUR,SIPIL,BAIK SEKALI,19198000.0,JAWA TIMUR | Teknik & Arsitektur | Menengah (10-20jt) | Baik Sekali / B,-
308,UNIVERSITAS MERDEKA MALANG,JAWA TIMUR,ARSITEKTUR,B,19000001.0,JAWA TIMUR | Teknik & Arsitektur | Menengah (10-20jt) | Baik Sekali / B,https://rencanamu.id/cari-kampus/universitas-merdeka-malang
308,UNIVERSITAS MERDEKA MALANG,JAWA TIMUR,ELEKTRO,B,19000001.0,JAWA TIMUR | Teknik & Arsitektur | Menengah (10-20jt) | Baik Sekali / B,https://rencanamu.id/cari-kampus/universitas-merdeka-malang
308,UNIVERSITAS MERDEKA MALANG,JAWA TIMUR,INDUSTRI,B,19000001.0,JAWA TIMUR | Teknik & Arsitektur | Menengah (10-20jt) | Baik Sekali / B,https://rencanamu.id/cari-kampus/universitas-merdeka-malang
308,UNIVERSITAS MERDEKA MALANG,JAWA TIMUR,MESIN,B,19000001.0,JAWA TIMUR | Teknik & Arsitektur | Menengah (10-20jt) | Baik Sekali / B,https://rencanamu.id/cari-kampus/universitas-merdeka-malang
308,UNIVERSITAS MERDEKA MALANG,JAWA TIMUR,SIPIL,B,19000001.0,JAWA TIMUR | Teknik & Arsitektur | Menengah (10-20jt) | Baik Sekali / B,https://rencanamu.id/cari-kampus/universitas-merdeka-malang
342,UNIVERSITAS DR SOETOMO,JAWA TIMUR,SIPIL,BAIK SEKALI,17520000.0,JAWA TIMUR | Teknik & Arsitektur | Menengah (10-20jt) | Baik Sekali / B,https://campus.quipper.com/directory/universitas-dr-soetomo
350,UNIVERSITAS GRESIK,JAWA TIMUR,MESIN,BAIK,17000000.0,JAWA TIMUR | Teknik & Arsitektur | Menengah (10-20jt) | Baik Sekali / B,-
350,UNIVERSITAS GRESIK,JAWA TIMUR,SIPIL,BAIK,17000000.0,JAWA TIMUR | Teknik & Arsitektur | Menengah (10-20jt) | Baik Sekali / B,-
389,UNIVERSITAS ISLAM BALITAR,JAWA TIMUR,ELEKTRO,B,15375000.0,JAWA TIMUR | Teknik & Arsitektur | Menengah (10-20jt) | Baik Sekali / B,https://rencanamu.id/cari-kampus/universitas-islam-balitar
389,UNIVERSITAS ISLAM BALITAR,JAWA TIMUR,SIPIL,C,15375000.0,JAWA TIMUR | Teknik & Arsitektur | Menengah (10-20jt) | Baik / C,https://rencanamu.id/cari-kampus/universitas-islam-balitar
416,UNIVERSITAS KATOLIK DARMA CENDIKA,JAWA TIMUR,ARSITEKTUR,B,14775000.0,JAWA TIMUR | Teknik & Arsitektur | Menengah (10-20jt) | Baik Sekali / B,https://campus.quipper.com/directory/universitas-katolik-darma-cendika
416,UNIVERSITAS KATOLIK DARMA CENDIKA,JAWA TIMUR,INDUSTRI,C,14775000.0,JAWA TIMUR | Teknik & Arsitektur | Menengah (10-20jt) | Baik / C,https://campus.quipper.com/directory/universitas-katolik-darma-cendika
418,INSTITUT TEKNOLOGI ADHI TAMA SURABAYA,JAWA TIMUR,ARSITEKTUR,B,14600000.0,JAWA TIMUR | Teknik & Arsitektur | Menengah (10-20jt) | Baik Sekali / B,https://campus.quipper.com/directory/institut-teknologi-adhi-tama-surabaya
418,INSTITUT TEKNOLOGI ADHI TAMA SURABAYA,JAWA TIMUR,ELEKTRO,B,14600000.0,JAWA TIMUR | Teknik & Arsitektur | Menengah (10-20jt) | Baik Sekali / B,https://campus.quipper.com/directory/institut-teknologi-adhi-tama-surabaya
418,INSTITUT TEKNOLOGI ADHI TAMA SURABAYA,JAWA TIMUR,INDUSTRI,C,14600000.0,JAWA TIMUR | Teknik & Arsitektur | Menengah (10-20jt) | Baik / C,https://campus.quipper.com/directory/institut-teknologi-adhi-tama-surabaya
418,INSTITUT TEKNOLOGI ADHI TAMA SURABAYA,JAWA TIMUR,LINGKUNGAN,B,14600000.0,JAWA TIMUR | Teknik & Arsitektur | Menengah (10-20jt) | Baik Sekali / B,https://campus.quipper.com/directory/institut-teknologi-adhi-tama-surabaya
418,INSTITUT TEKNOLOGI ADHI TAMA SURABAYA,JAWA TIMUR,MESIN,B,14600000.0,JAWA TIMUR | Teknik & Arsitektur | Menengah (10-20jt) | Baik Sekali / B,https://campus.quipper.com/directory/institut-teknologi-adhi-tama-surabaya
418,INSTITUT TEKNOLOGI ADHI TAMA SURABAYA,JAWA TIMUR,PERKAPALAN,B,14600000.0,JAWA TIMUR | Teknik & Arsitektur | Menengah (10-20jt) | Baik Sekali / B,https://campus.quipper.com/directory/institut-teknologi-adhi-tama-surabaya
418,INSTITUT TEKNOLOGI ADHI TAMA SURABAYA,JAWA TIMUR,PERTAMBANGAN,C,14600000.0,JAWA TIMUR | Teknik & Arsitektur | Menengah (10-20jt) | Baik / C,https://campus.quipper.com/directory/institut-teknologi-adhi-tama-surabaya
418,INSTITUT TEKNOLOGI ADHI TAMA SURABAYA,JAWA TIMUR,SIPIL,B,14600000.0,JAWA TIMUR | Teknik & Arsitektur | Menengah (10-20jt) | Baik Sekali / B,https://campus.quipper.com/directory/institut-teknologi-adhi-tama-surabaya
423,UNIVERSITAS PGRI ADI BUANA,JAWA TIMUR,ELEKTRO,BAIK SEKALI,14450000.0,JAWA TIMUR | Teknik & Arsitektur | Menengah (10-20jt) | Baik Sekali / B,https://campus.quipper.com/directory/universitas-pgri-adi-buana-unipa-surabaya
423,UNIVERSITAS PGRI ADI BUANA,JAWA TIMUR,LINGKUNGAN,BAIK SEKALI,14450000.0,JAWA TIMUR | Teknik & Arsitektur | Menengah (10-20jt) | Baik Sekali / B,https://campus.quipper.com/directory/universitas-pgri-adi-buana-unipa-surabaya
432,UNIVERSITAS TRIBHUWANA TUNGGA DEWI,JAWA TIMUR,ARSITEKTUR,BAIK,14250000.0,JAWA TIMUR | Teknik & Arsitektur | Menengah (10-20jt) | Baik Sekali / B,https://rencanamu.id/cari-kampus/universitas-tribhuwana-tungga-dewi
432,UNIVERSITAS TRIBHUWANA TUNGGA DEWI,JAWA TIMUR,SIPIL,B,14250000.0,JAWA TIMUR | Teknik & Arsitektur | Menengah (10-20jt) | Baik Sekali / B,https://rencanamu.id/cari-kampus/universitas-tribhuwana-tungga-dewi
435,UNIVERSITAS NAROTAMA,JAWA TIMUR,SIPIL,B,14100000.0,JAWA TIMUR | Teknik & Arsitektur | Menengah (10-20jt) | Baik Sekali / B,https://campus.quipper.com/directory/universitas-narotama
1533,UNIVERSITAS NURUL JADID,JAWA TIMUR,ELEKTRO,BAIK SEKALI,14100000.0,JAWA TIMUR | Teknik & Arsitektur | Menengah (10-20jt) | Baik Sekali / B,-
440,UNIVERSITAS INTERNASIONAL SEMEN INDONESIA,JAWA TIMUR,MANAJEMEN REKAYASA,C,14000000.0,JAWA TIMUR | Teknik & Arsitektur | Menengah (10-20jt) | Baik / C,https://campus.quipper.com/directory/universitas-internasional-semen-indonesia
457,UNIVERSITAS WISNUWARDHANA,JAWA TIMUR,ELEKTRO,B,13800000.0,JAWA TIMUR | Teknik & Arsitektur | Menengah (10-20jt) | Baik Sekali / B,https://campus.quipper.com/directory/universitas-wisnuwardhana
457,UNIVERSITAS WISNUWARDHANA,JAWA TIMUR,INDUSTRI,BAIK SEKALI,13800000.0,JAWA TIMUR | Teknik & Arsitektur | Menengah (10-20jt) | Baik Sekali / B,https://campus.quipper.com/directory/universitas-wisnuwardhana
457,UNIVERSITAS WISNUWARDHANA,JAWA TIMUR,SIPIL,B,13800000.0,JAWA TIMUR | Teknik & Arsitektur | Menengah (10-20jt) | Baik Sekali / B,https://campus.quipper.com/directory/universitas-wisnuwardhana
544,UNIVERSITAS GAJAYANA,JAWA TIMUR,ELEKTRO,B,12000000.0,JAWA TIMUR | Teknik & Arsitektur | Menengah (10-20jt) | Baik Sekali / B,https://campus.quipper.com/directory/universitas-gajayana
544,UNIVERSITAS GAJAYANA,JAWA TIMUR,INDUSTRI,BAIK,12000000.0,JAWA TIMUR | Teknik & Arsitektur | Menengah (10-20jt) | Baik Sekali / B,https://campus.quipper.com/directory/universitas-gajayana
544,UNIVERSITAS GAJAYANA,JAWA TIMUR,MESIN,B,12000000.0,JAWA TIMUR | Teknik & Arsitektur | Menengah (10-20jt) | Baik Sekali / B,https://campus.quipper.com/directory/universitas-gajayana
557,UNIVERSITAS WIJAYA PUTRA,JAWA TIMUR,INDUSTRI,BAIK SEKALI,11600100.0,JAWA TIMUR | Teknik & Arsitektur | Menengah (10-20jt) | Baik Sekali / B,https://campus.quipper.com/directory/universitas-wijaya-putra
557,UNIVERSITAS WIJAYA PUTRA,JAWA TIMUR,MESIN,BAIK SEKALI,11600100.0,JAWA TIMUR | Teknik & Arsitektur | Menengah (10-20jt) | Baik Sekali / B,https://campus.quipper.com/directory/universitas-wijaya-putra
578,UNIVERSITAS MUHAMMADIYAH PONOROGO,JAWA TIMUR,ELEKTRO,BAIK SEKALI,11200000.0,JAWA TIMUR | Teknik & Arsitektur | Menengah (10-20jt) | Baik Sekali / B,https://campus.quipper.com/directory/universitas-muhammadiyah-ponorogo
579,UNIVERSITAS MUHAMMADIYAH GRESIK,JAWA TIMUR,ELEKTRO,B,11150000.0,JAWA TIMUR | Teknik & Arsitektur | Menengah (10-20jt) | Baik Sekali / B,-
579,UNIVERSITAS MUHAMMADIYAH GRESIK,JAWA TIMUR,INDUSTRI,BAIK SEKALI,11150000.0,JAWA TIMUR | Teknik & Arsitektur | Menengah (10-20jt) | Baik Sekali / B,-
579,UNIVERSITAS MUHAMMADIYAH GRESIK,JAWA TIMUR,MESIN,BAIK,11150000.0,JAWA TIMUR | Teknik & Arsitektur | Menengah (10-20jt) | Baik Sekali / B,-
579,UNIVERSITAS MUHAMMADIYAH GRESIK,JAWA TIMUR,PERKAPALAN,BAIK,11150000.0,JAWA TIMUR | Teknik & Arsitektur | Menengah (10-20jt) | Baik Sekali / B,-
579,UNIVERSITAS MUHAMMADIYAH GRESIK,JAWA TIMUR,SIPIL,BAIK,11150000.0,JAWA TIMUR | Teknik & Arsitektur | Menengah (10-20jt) | Baik Sekali / B,-
631,UNIVERSITAS PGRI MADIUN,JAWA TIMUR,ELEKTRO,B,10091000.0,JAWA TIMUR | Teknik & Arsitektur | Menengah (10-20jt) | Baik Sekali / B,https://campus.quipper.com/directory/universitas-pgri-madiun-unipma
631,UNIVERSITAS PGRI MADIUN,JAWA TIMUR,INDUSTRI,C,10091000.0,JAWA TIMUR | Teknik & Arsitektur | Menengah (10-20jt) | Baik / C,https://campus.quipper.com/directory/universitas-pgri-madiun-unipma
649,UNIVERSITAS MADURA,JAWA TIMUR,INDUSTRI,BAIK,10000000.0,JAWA TIMUR | Teknik & Arsitektur | Menengah (10-20jt) | Baik Sekali / B,https://rencanamu.id/cari-kampus/universitas-madura
649,UNIVERSITAS MADURA,JAWA TIMUR,SIPIL,B,10000000.0,JAWA TIMUR | Teknik & Arsitektur | Menengah (10-20jt) | Baik Sekali / B,https://rencanamu.id/cari-kampus/universitas-madura
638,UNIVERSITAS MOCHAMMAD SROEDJI,JAWA TIMUR,SIPIL,BAIK,10000000.0,JAWA TIMUR | Teknik & Arsitektur | Menengah (10-20jt) | Baik Sekali / B,https://campus.quipper.com/directory/universitas-mochammad-sroedji
637,UNIVERSITAS PGRI ARGOPURO JEMBER,JAWA TIMUR,LINGKUNGAN,BAIK,10000000.0,JAWA TIMUR | Teknik & Arsitektur | Menengah (10-20jt) | Baik Sekali / B,-
684,UNIVERSITAS 45 SURABAYA,JAWA TIMUR,INDUSTRI,BAIK,9450000.0,JAWA TIMUR | Teknik & Arsitektur | Terjangkau (5-10jt) | Baik Sekali / B,-
684,UNIVERSITAS 45 SURABAYA,JAWA TIMUR,MESIN,BAIK,9450000.0,JAWA TIMUR | Teknik & Arsitektur | Terjangkau (5-10jt) | Baik Sekali / B,-
690,UNIVERSITAS WIRARAJA,JAWA TIMUR,SIPIL,BAIK SEKALI,9313750.0,JAWA TIMUR | Teknik & Arsitektur | Terjangkau (5-10jt) | Baik Sekali / B,-
696,UNIVERSITAS KATOLIK WIDYA KARYA,JAWA TIMUR,MESIN,BAIK,9250000.0,JAWA TIMUR | Teknik & Arsitektur | Terjangkau (5-10jt) | Baik Sekali / B,-
696,UNIVERSITAS KATOLIK WIDYA KARYA,JAWA TIMUR,SIPIL,BAIK SEKALI,9250000.0,JAWA TIMUR | Teknik & Arsitektur | Terjangkau (5-10jt) | Baik Sekali / B,-
708,SEKOLAH TINGGI TEKNOLOGI GEMPOL,JAWA TIMUR,MESIN,BAIK,9100000.0,JAWA TIMUR | Teknik & Arsitektur | Terjangkau (5-10jt) | Baik Sekali / B,-
710,UNIVERSITAS YUDHARTA PASURUAN,JAWA TIMUR,INDUSTRI,BAIK SEKALI,9050000.0,JAWA TIMUR | Teknik & Arsitektur | Terjangkau (5-10jt) | Baik Sekali / B,-
710,UNIVERSITAS YUDHARTA PASURUAN,JAWA TIMUR,MESIN,BAIK,9050000.0,JAWA TIMUR | Teknik & Arsitektur | Terjangkau (5-10jt) | Baik Sekali / B,-
710,UNIVERSITAS YUDHARTA PASURUAN,JAWA TIMUR,SIPIL,B,9050000.0,JAWA TIMUR | Teknik & Arsitektur | Terjangkau (5-10jt) | Baik Sekali / B,-
730,UNIVERSITAS WAHIDIYAH,JAWA TIMUR,INDUSTRI,BAIK,8910000.0,JAWA TIMUR | Teknik & Arsitektur | Terjangkau (5-10jt) | Baik Sekali / B,https://campus.quipper.com/directory/universitas-wahidiyah
730,UNIVERSITAS WAHIDIYAH,JAWA TIMUR,MESIN,BAIK,8910000.0,JAWA TIMUR | Teknik & Arsitektur | Terjangkau (5-10jt) | Baik Sekali / B,https://campus.quipper.com/directory/universitas-wahidiyah
730,UNIVERSITAS WAHIDIYAH,JAWA TIMUR,SIPIL,BAIK,8910000.0,JAWA TIMUR | Teknik & Arsitektur | Terjangkau (5-10jt) | Baik Sekali / B,https://campus.quipper.com/directory/universitas-wahidiyah
741,UNIVERSITAS KH. BAHAUDIN MUDHARY MADURA,JAWA TIMUR,INDUSTRI,TIDAK TERAKREDITASI,8800000.0,JAWA TIMUR | Teknik & Arsitektur | Terjangkau (5-10jt) | Baik Sekali / B,-
744,UNIVERSITAS NAHDLATUL ULAMA PASURUAN,JAWA TIMUR,INDUSTRI,BAIK,8750000.0,JAWA TIMUR | Teknik & Arsitektur | Terjangkau (5-10jt) | Baik Sekali / B,-
10,UNIVERSITAS GAJAYANA MALANG,JAWA TIMUR,ELEKTRO,B,8500000.0,JAWA TIMUR | Teknik & Arsitektur | Terjangkau (5-10jt) | Baik Sekali / B,https://rencanamu.id/cari-kampus/universitas-gajayana-malang
10,UNIVERSITAS GAJAYANA MALANG,JAWA TIMUR,MESIN,B,8500000.0,JAWA TIMUR | Teknik & Arsitektur | Terjangkau (5-10jt) | Baik Sekali / B,https://rencanamu.id/cari-kampus/universitas-gajayana-malang
772,UNIVERSITAS NAHDLATUL ULAMA SUNAN GIRI,JAWA TIMUR,MESIN,BAIK SEKALI,8300000.0,JAWA TIMUR | Teknik & Arsitektur | Terjangkau (5-10jt) | Baik Sekali / B,-
786,UNIVERSITAS BOJONEGORO,JAWA TIMUR,INDUSTRI,BAIK,8000000.0,JAWA TIMUR | Teknik & Arsitektur | Terjangkau (5-10jt) | Baik Sekali / B,-
786,UNIVERSITAS BOJONEGORO,JAWA TIMUR,LINGKUNGAN,BAIK,8000000.0,JAWA TIMUR | Teknik & Arsitektur | Terjangkau (5-10jt) | Baik Sekali / B,-
786,UNIVERSITAS BOJONEGORO,JAWA TIMUR,SIPIL,BAIK,8000000.0,JAWA TIMUR | Teknik & Arsitektur | Terjangkau (5-10jt) | Baik Sekali / B,-
835,UNIVERSITAS NUSANTARA PGRI KEDIRI,JAWA TIMUR,ELEKTRO,BAIK SEKALI,7800000.0,JAWA TIMUR | Teknik & Arsitektur | Terjangkau (5-10jt) | Baik Sekali / B,https://campus.quipper.com/directory/universitas-nusantara-pgri-kediri
835,UNIVERSITAS NUSANTARA PGRI KEDIRI,JAWA TIMUR,INDUSTRI,BAIK SEKALI,7800000.0,JAWA TIMUR | Teknik & Arsitektur | Terjangkau (5-10jt) | Baik Sekali / B,https://campus.quipper.com/directory/universitas-nusantara-pgri-kediri
835,UNIVERSITAS NUSANTARA PGRI KEDIRI,JAWA TIMUR,MESIN,BAIK SEKALI,7800000.0,JAWA TIMUR | Teknik & Arsitektur | Terjangkau (5-10jt) | Baik Sekali / B,https://campus.quipper.com/directory/universitas-nusantara-pgri-kediri
879,UNIVERSITAS ABDURACHMAN SALEH SITUBONDO,JAWA TIMUR,KELAUTAN,BAIK,7500000.0,JAWA TIMUR | Teknik & Arsitektur | Terjangkau (5-10jt) | Baik Sekali / B,-
870,UNIVERSITAS ISLAM LAMONGAN,JAWA TIMUR,ELEKTRO,C,7500000.0,JAWA TIMUR | Teknik & Arsitektur | Terjangkau (5-10jt) | Baik / C,https://rencanamu.id/cari-kampus/universitas-islam-lamongan
870,UNIVERSITAS ISLAM LAMONGAN,JAWA TIMUR,SIPIL,C,7500000.0,JAWA TIMUR | Teknik & Arsitektur | Terjangkau (5-10jt) | Baik / C,https://rencanamu.id/cari-kampus/universitas-islam-lamongan
883,UNIVERSITAS ANNUQAYAH,JAWA TIMUR,SIPIL,BAIK,7450000.0,JAWA TIMUR | Teknik & Arsitektur | Terjangkau (5-10jt) | Baik Sekali / B,-
913,UNIVERSITAS 17 AGUSTUS 1945 BANYUWANGI,JAWA TIMUR,INDUSTRI,B,7100000.0,JAWA TIMUR | Teknik & Arsitektur | Terjangkau (5-10jt) | Baik Sekali / B,-
913,UNIVERSITAS 17 AGUSTUS 1945 BANYUWANGI,JAWA TIMUR,SIPIL,B,7100000.0,JAWA TIMUR | Teknik & Arsitektur | Terjangkau (5-10jt) | Baik Sekali / B,-
930,UNIVERSITAS BILLFATH,JAWA TIMUR,ELEKTRO,BAIK,7000000.0,JAWA TIMUR | Teknik & Arsitektur | Terjangkau (5-10jt) | Baik Sekali / B,-
930,UNIVERSITAS BILLFATH,JAWA TIMUR,MESIN,BAIK,7000000.0,JAWA TIMUR | Teknik & Arsitektur | Terjangkau (5-10jt) | Baik Sekali / B,-
944,UNIVERSITAS PGRI MPU SINDOK,JAWA TIMUR,INDUSTRI,BAIK,7000000.0,JAWA TIMUR | Teknik & Arsitektur | Terjangkau (5-10jt) | Baik Sekali / B,-
952,UNIVERSITAS KAHURIPAN KEDIRI,JAWA TIMUR,ELEKTRO,BAIK,6950000.0,JAWA TIMUR | Teknik & Arsitektur | Terjangkau (5-10jt) | Baik Sekali / B,-
952,UNIVERSITAS KAHURIPAN KEDIRI,JAWA TIMUR,SIPIL,BAIK,6950000.0,JAWA TIMUR | Teknik & Arsitektur | Terjangkau (5-10jt) | Baik Sekali / B,-
951,UNIVERSITAS MUHAMMADIYAH MADIUN,JAWA TIMUR,LINGKUNGAN,BAIK,6950000.0,JAWA TIMUR | Teknik & Arsitektur | Terjangkau (5-10jt) | Baik Sekali / B,-
1004,UNIVERSITAS MERDEKA MADIUN,JAWA TIMUR,MESIN,BAIK SEKALI,6500000.0,JAWA TIMUR | Teknik & Arsitektur | Terjangkau (5-10jt) | Baik Sekali / B,-
1004,UNIVERSITAS MERDEKA MADIUN,JAWA TIMUR,SIPIL,BAIK SEKALI,6500000.0,JAWA TIMUR | Teknik & Arsitektur | Terjangkau (5-10jt) | Baik Sekali / B,-
1033,UNIVERSITAS ISLAM KADIRI,JAWA TIMUR,ELEKTRO,B,6387500.0,JAWA TIMUR | Teknik & Arsitektur | Terjangkau (5-10jt) | Baik Sekali / B,https://rencanamu.id/cari-kampus/universitas-islam-kadiri
1033,UNIVERSITAS ISLAM KADIRI,JAWA TIMUR,INDUSTRI,BAIK,6387500.0,JAWA TIMUR | Teknik & Arsitektur | Terjangkau (5-10jt) | Baik Sekali / B,https://rencanamu.id/cari-kampus/universitas-islam-kadiri
1042,UNIVERSITAS PAWYATAN DAHA,JAWA TIMUR,ELEKTRO,BAIK,6275000.0,JAWA TIMUR | Teknik & Arsitektur | Terjangkau (5-10jt) | Baik Sekali / B,-
1042,UNIVERSITAS PAWYATAN DAHA,JAWA TIMUR,MESIN,BAIK,6275000.0,JAWA TIMUR | Teknik & Arsitektur | Terjangkau (5-10jt) | Baik Sekali / B,-
1059,UNIVERSITAS QOMARUDDIN,JAWA TIMUR,ELEKTRO,BAIK,6200000.0,JAWA TIMUR | Teknik & Arsitektur | Terjangkau (5-10jt) | Baik Sekali / B,-
1059,UNIVERSITAS QOMARUDDIN,JAWA TIMUR,INDUSTRI,BAIK,6200000.0,JAWA TIMUR | Teknik & Arsitektur | Terjangkau (5-10jt) | Baik Sekali / B,-
1059,UNIVERSITAS QOMARUDDIN,JAWA TIMUR,MESIN,BAIK,6200000.0,JAWA TIMUR | Teknik & Arsitektur | Terjangkau (5-10jt) | Baik Sekali / B,-
1062,UNIVERSITAS BHINNEKA PGRI,JAWA TIMUR,ARSITEKTUR,BAIK,6175000.0,JAWA TIMUR | Teknik & Arsitektur | Terjangkau (5-10jt) | Baik Sekali / B,-
1103,UNIVERSITAS ISLAM RADEN RAHMAT,JAWA TIMUR,ELEKTRO,BAIK,6000000.0,JAWA TIMUR | Teknik & Arsitektur | Terjangkau (5-10jt) | Baik Sekali / B,-
1103,UNIVERSITAS ISLAM RADEN RAHMAT,JAWA TIMUR,MESIN,BAIK,6000000.0,JAWA TIMUR | Teknik & Arsitektur | Terjangkau (5-10jt) | Baik Sekali / B,-
1098,UNIVERSITAS NAHDLATUL ULAMA SIDOARJO,JAWA TIMUR,INDUSTRI,BAIK,6000000.0,JAWA TIMUR | Teknik & Arsitektur | Terjangkau (5-10jt) | Baik Sekali / B,-
1098,UNIVERSITAS NAHDLATUL ULAMA SIDOARJO,JAWA TIMUR,LINGKUNGAN,BAIK,6000000.0,JAWA TIMUR | Teknik & Arsitektur | Terjangkau (5-10jt) | Baik Sekali / B,-
1104,UNIVERSITAS SOERJO,JAWA TIMUR,MESIN,BAIK,6000000.0,JAWA TIMUR | Teknik & Arsitektur | Terjangkau (5-10jt) | Baik Sekali / B,-
1104,UNIVERSITAS SOERJO,JAWA TIMUR,SIPIL,BAIK,6000000.0,JAWA TIMUR | Teknik & Arsitektur | Terjangkau (5-10jt) | Baik Sekali / B,-
1092,UNIVERSITAS TEKNOLOGI SURABAYA,JAWA TIMUR,ELEKTRO,BAIK,6000000.0,JAWA TIMUR | Teknik & Arsitektur | Terjangkau (5-10jt) | Baik Sekali / B,-
1099,UNIVERSITAS W R SUPRATMAN,JAWA TIMUR,INDUSTRI,C,6000000.0,JAWA TIMUR | Teknik & Arsitektur | Terjangkau (5-10jt) | Baik / C,-
783,UNIVERSITAS BAKTI INDONESIA,JAWA TIMUR,INDUSTRI,BAIK,5600000.0,JAWA TIMUR | Teknik & Arsitektur | Terjangkau (5-10jt) | Baik Sekali / B,-
1174,UNIVERSITAS PANCA MARGA,JAWA TIMUR,ELEKTRO,C,5550000.0,JAWA TIMUR | Teknik & Arsitektur | Terjangkau (5-10jt) | Baik / C,https://rencanamu.id/cari-kampus/universitas-panca-marga
1174,UNIVERSITAS PANCA MARGA,JAWA TIMUR,INDUSTRI,C,5550000.0,JAWA TIMUR | Teknik & Arsitektur | Terjangkau (5-10jt) | Baik / C,https://rencanamu.id/cari-kampus/universitas-panca-marga
1174,UNIVERSITAS PANCA MARGA,JAWA TIMUR,MESIN,C,5550000.0,JAWA TIMUR | Teknik & Arsitektur | Terjangkau (5-10jt) | Baik / C,https://rencanamu.id/cari-kampus/universitas-panca-marga
1184,UNIVERSITAS PGRI BANYUWANGI,JAWA TIMUR,ELEKTRO,BAIK,5400000.0,JAWA TIMUR | Teknik & Arsitektur | Terjangkau (5-10jt) | Baik Sekali / B,-
1184,UNIVERSITAS PGRI BANYUWANGI,JAWA TIMUR,MESIN,BAIK SEKALI,5400000.0,JAWA TIMUR | Teknik & Arsitektur | Terjangkau (5-10jt) | Baik Sekali / B,-
15,UNIVERSITAS DR. SOETOMO,JAWA TIMUR,SIPIL,B,5100000.0,JAWA TIMUR | Teknik & Arsitektur | Terjangkau (5-10jt) | Baik Sekali / B,https://rencanamu.id/cari-kampus/universitas-dr-soetomo
1329,SEKOLAH TINGGI TEKNOLOGI POMOSDA,JAWA TIMUR,INDUSTRI,BAIK,4800000.0,JAWA TIMUR | Teknik & Arsitektur | Hemat (<5jt) | Baik Sekali / B,-
1350,UNIVERSITAS BONDOWOSO,JAWA TIMUR,SIPIL,BAIK,4500000.0,JAWA TIMUR | Teknik & Arsitektur | Hemat (<5jt) | Baik Sekali / B,-
1385,UNIVERSITAS DARUL  ULUM,JAWA TIMUR,ELEKTRO,BAIK,4250000.0,JAWA TIMUR | Teknik & Arsitektur | Hemat (<5jt) | Baik Sekali / B,-
1385,UNIVERSITAS DARUL  ULUM,JAWA TIMUR,MESIN,BAIK,4250000.0,JAWA TIMUR | Teknik & Arsitektur | Hemat (<5jt) | Baik Sekali / B,-
1385,UNIVERSITAS DARUL  ULUM,JAWA TIMUR,SIPIL,BAIK,4250000.0,JAWA TIMUR | Teknik & Arsitektur | Hemat (<5jt) | Baik Sekali / B,-
1394,UNIVERSITAS TULUNGAGUNG,JAWA TIMUR,ELEKTRO,BAIK,4100000.0,JAWA TIMUR | Teknik & Arsitektur | Hemat (<5jt) | Baik Sekali / B,-
1394,UNIVERSITAS TULUNGAGUNG,JAWA TIMUR,SIPIL,BAIK,4100000.0,JAWA TIMUR | Teknik & Arsitektur | Hemat (<5jt) | Baik Sekali / B,-
1428,UNIVERSITAS NAHDLATUL ULAMA BLITAR,JAWA TIMUR,MESIN,BAIK,3750000.0,JAWA TIMUR | Teknik & Arsitektur | Hemat (<5jt) | Baik Sekali / B,-
1428,UNIVERSITAS NAHDLATUL ULAMA BLITAR,JAWA TIMUR,SIPIL,BAIK,3750000.0,JAWA TIMUR | Teknik & Arsitektur | Hemat (<5jt) | Baik Sekali / B,-
