wilayah,nama_kampus,akreditasi,jumlah_prodi,biaya_tahunan,provinsi
Bali-Nusa Tenggara,UNIVERSITAS MUHAMMADIYAH MATARAM,Baik Sekali,21,8000000.0,Nusa Tenggara Barat
Bali-Nusa Tenggara,UNIVERSITAS NUSA NIPA,Baik Sekali,20,6220000.0,Nusa Tenggara Timur
Bali-Nusa Tenggara,UNIVERSITAS HAMZANWADI,Baik Sekali,18,46850000.0,Nusa Tenggara Barat
Bali-Nusa Tenggara,UNIVERSITAS KATOLIK WIDYA MANDIRA KUPANG,Baik Sekali,16,7725000.0,Nusa Tenggara Timur
Bali-Nusa Tenggara,UNIVERSITAS PENDIDIKAN MANDALIKA,Baik Sekali,16,7050000.0,Nusa Tenggara Barat
Bali-Nusa Tenggara,UNIVERSITAS MAHASARASWATI DENPASAR,Baik Sekali,15,13344800.0,Bali
Bali-Nusa Tenggara,UNIVERSITAS BUMIGORA,Baik Sekali,14,6160000.0,Nusa Tenggara Barat
Bali-Nusa Tenggara,UNIVERSITAS KRISTEN ARTHA WACANA,Baik Sekali,13,4400000.0,Nusa Tenggara Timur
Bali-Nusa Tenggara,UNIVERSITAS SAMAWA,Baik Sekali,13,16755000.0,Nusa Tenggara Barat
Bali-Nusa Tenggara,UNIVERSITAS NAHDLATUL WATHAN MATARAM,Baik Sekali,12,8000000.0,Nusa Tenggara Barat
Bali-Nusa Tenggara,UNIVERSITAS NGGUSUWARU,Baik Sekali,12,6400000.0,Nusa Tenggara Barat
Bali-Nusa Tenggara,UNIVERSITAS KRISTEN WIRA WACANA SUMBA,Baik Sekali,11,19330000.0,Nusa Tenggara Timur
Bali-Nusa Tenggara,UNIVERSITAS MUHAMMADIYAH KUPANG,Baik Sekali,11,22700000.0,Nusa Tenggara Timur
Bali-Nusa Tenggara,UNIVERSITAS TRIBUANA KALABAHI,Baik Sekali,11,5040000.0,Nusa Tenggara Timur
Bali-Nusa Tenggara,UNIVERSITAS WARMADEWA,Unggul,11,13675000.0,Bali
Bali-Nusa Tenggara,UNIVERSITAS PGRI MAHADEWA INDONESIA,Baik Sekali,10,14350000.0,Bali
Bali-Nusa Tenggara,UNIVERSITAS BALI DWIPA,Baik Sekali,9,12350000.0,Bali
Bali-Nusa Tenggara,UNIVERSITAS CITRA BANGSA,Baik Sekali,9,11600000.0,Nusa Tenggara Timur
Bali-Nusa Tenggara,UNIVERSITAS CORDOVA,Baik Sekali,9,9724000.0,Nusa Tenggara Barat
Bali-Nusa Tenggara,UNIVERSITAS DHYANA PURA,Baik Sekali,9,13500000.0,Bali
Bali-Nusa Tenggara,UNIVERSITAS FLORES,Baik Sekali,9,9305000.0,Nusa Tenggara Timur
Bali-Nusa Tenggara,UNIVERSITAS PERSATUAN GURU 1945 NTT,Baik Sekali,9,3002112.0,Nusa Tenggara Timur
Bali-Nusa Tenggara,UNIVERSITAS QAMARUL HUDA BADARUDDIN BAGU,Baik Sekali,9,26500000.0,Nusa Tenggara Barat
Bali-Nusa Tenggara,UNIVERSITAS TRIATMA MULYA,Baik Sekali,9,7400000.0,Bali
Bali-Nusa Tenggara,UNIVERSITAS ISLAM AL-AZHAR,Baik Sekali,8,115100000.0,Nusa Tenggara Barat
Bali-Nusa Tenggara,UNIVERSITAS KATOLIK INDONESIA SANTU PAULUS RUTENG,Baik Sekali,8,5800000.0,Nusa Tenggara Timur
Bali-Nusa Tenggara,UNIVERSITAS KATOLIK WEETEBULA,Baik Sekali,8,5370000.0,Nusa Tenggara Timur
Bali-Nusa Tenggara,UNIVERSITAS MUHAMMADIYAH MAUMERE,Baik Sekali,8,5610000.0,Nusa Tenggara Timur
Bali-Nusa Tenggara,UNIVERSITAS NAHDLATUL ULAMA NUSA TENGGARA BARAT,Baik Sekali,8,8200000.0,Nusa Tenggara Barat
Bali-Nusa Tenggara,UNIVERSITAS FLORES,C,7,9305000.0,Nusa Tenggara Timur
Bali-Nusa Tenggara,UNIVERSITAS PENDIDIKAN NASIONAL,Baik Sekali,7,29000000.0,Bali
Bali-Nusa Tenggara,UNIVERSITAS PRIMAKARA,Baik Sekali,7,32470000.0,Bali
Bali-Nusa Tenggara,SEKOLAH TINGGI KEGURUAN DAN ILMU PENDIDIKAN CITRA BAKTI,Baik Sekali,6,6320000.0,Nusa Tenggara Timur
Bali-Nusa Tenggara,UNIVERSITAS 45 MATARAM,Baik Sekali,6,4200000.0,Nusa Tenggara Barat
Bali-Nusa Tenggara,UNIVERSITAS ARYASATYA DEO MURI,Baik Sekali,6,5000000.0,Nusa Tenggara Timur
Bali-Nusa Tenggara,UNIVERSITAS DHYANA PURA,C,6,13500000.0,Bali
Bali-Nusa Tenggara,UNIVERSITAS DWIJENDRA,Baik Sekali,6,11000000.0,Bali
Bali-Nusa Tenggara,UNIVERSITAS GUNUNG RINJANI,Baik Sekali,6,4800000.0,Nusa Tenggara Barat
Bali-Nusa Tenggara,UNIVERSITAS HINDU INDONESIA,Baik Sekali,6,142175000.0,Bali
Bali-Nusa Tenggara,UNIVERSITAS PANJI SAKTI SINGARAJA,Baik Sekali,6,3855000.0,Bali
Bali-Nusa Tenggara,UNIVERSITAS TABANAN,Baik Sekali,6,10000000.0,Bali
Bali-Nusa Tenggara,UNIVERSITAS TEKNOLOGI MATARAM,Baik Sekali,6,5064000.0,Nusa Tenggara Barat
Bali-Nusa Tenggara,INSTITUT TEKNOLOGI SOSIAL DAN KESEHATAN MUHAMMADIYAH SELONG,Baik Sekali,5,3400000.0,Nusa Tenggara Barat
Bali-Nusa Tenggara,UNIVERSITAS MAHENDRADATTA,Baik Sekali,5,7250000.0,Bali
Bali-Nusa Tenggara,UNIVERSITAS MUHAMMADIYAH BIMA,Baik Sekali,5,1800000.0,Nusa Tenggara Barat
Bali-Nusa Tenggara,UNIVERSITAS MUHAMMADIYAH MATARAM,C,5,8000000.0,Nusa Tenggara Barat
Bali-Nusa Tenggara,UNIVERSITAS NGURAH RAI,Baik Sekali,5,6900000.0,Bali
Bali-Nusa Tenggara,UNIVERSITAS WARMADEWA,Baik Sekali,5,13675000.0,Bali
Bali-Nusa Tenggara,INSTITUT FILSAFAT DAN TEKNOLOGI KREATIF LEDALERO,Baik Sekali,4,6150000.0,Nusa Tenggara Timur
Bali-Nusa Tenggara,INSTITUT PENDIDIKAN NUSANTARA GLOBAL,Baik Sekali,4,26400000.0,Nusa Tenggara Barat
Bali-Nusa Tenggara,INSTITUT PENDIDIKAN SOE,Baik Sekali,4,9075000.0,Nusa Tenggara Timur
Bali-Nusa Tenggara,INSTITUT TEKNOLOGI DAN BISNIS STIKOM BALI,Baik Sekali,4,13900000.0,Bali
Bali-Nusa Tenggara,INSTITUT TEKNOLOGI DAN KESEHATAN ASPIRASI,Baik Sekali,4,1500000.0,Nusa Tenggara Barat
Bali-Nusa Tenggara,INSTITUT TEKNOLOGI DAN KESEHATAN BALI,Baik Sekali,4,22400000.0,Bali
Bali-Nusa Tenggara,INSTITUT TEKNOLOGI DAN KESEHATAN BINTANG PERSADA,Baik Sekali,4,8900000.0,Bali
Bali-Nusa Tenggara,INSTITUT TEKNOLOGI DAN PENDIDIKAN MARKANDEYA BALI,Baik Sekali,4,4432000.0,Bali
Bali-Nusa Tenggara,STKIP HARAPAN BIMA,Baik Sekali,4,2800000.0,Nusa Tenggara Barat
Bali-Nusa Tenggara,STKIP TAMAN SISWA BIMA,Baik Sekali,4,13900000.0,Nusa Tenggara Barat
Bali-Nusa Tenggara,UNIVERSITAS KATOLIK WIDYA MANDIRA KUPANG,C,4,7725000.0,Nusa Tenggara Timur
Bali-Nusa Tenggara,INSTITUT DESAIN DAN BISNIS BALI,Baik Sekali,3,12750000.0,Bali
Bali-Nusa Tenggara,INSTITUT KESEHATAN YARSI MATARAM,Baik Sekali,3,19904000.0,Nusa Tenggara Barat
Bali-Nusa Tenggara,INSTITUT NASIONAL FLORES,Baik Sekali,3,7830000.0,Nusa Tenggara Timur
Bali-Nusa Tenggara,INSTITUT TEKNOLOGI ALBERTH FOENAY,Baik Sekali,3,6000000.0,Nusa Tenggara Timur
Bali-Nusa Tenggara,INSTITUT TEKNOLOGI LOMBOK,Baik Sekali,3,7840000.0,Nusa Tenggara Barat
Bali-Nusa Tenggara,STKIP AL AMIN DOMPU,Baik Sekali,3,3600000.0,Nusa Tenggara Barat
Bali-Nusa Tenggara,STKIP SINAR PANCASILA,Baik Sekali,3,24000024.0,Nusa Tenggara Timur
Bali-Nusa Tenggara,UNIVERSITAS HAMZANWADI,C,3,46850000.0,Nusa Tenggara Barat
Bali-Nusa Tenggara,UNIVERSITAS KARYADARMA KUPANG,Baik Sekali,3,33660000.0,Nusa Tenggara Timur
Bali-Nusa Tenggara,UNIVERSITAS PENDIDIKAN NASIONAL,Unggul,3,29000000.0,Bali
Bali-Nusa Tenggara,INSTITUT PARIWISATA DAN BISNIS INTERNASIONAL,Baik Sekali,2,39000000.0,Bali
Bali-Nusa Tenggara,SEKOLAH TINGGI BISNIS RUNATA,Baik Sekali,2,4900000.0,Bali
Bali-Nusa Tenggara,SEKOLAH TINGGI ILMU ADMINISTRASI MATARAM,Baik Sekali,2,26400000.0,Nusa Tenggara Barat
Bali-Nusa Tenggara,SEKOLAH TINGGI ILMU EKONOMI AMM,Baik Sekali,2,4700000.0,Nusa Tenggara Barat
Bali-Nusa Tenggara,SEKOLAH TINGGI ILMU EKONOMI KARYA,Baik Sekali,2,6800000.0,Nusa Tenggara Timur
Bali-Nusa Tenggara,SEKOLAH TINGGI ILMU KESEHATAN KESDAM IX/UDAYANA,Baik Sekali,2,13300000.0,Bali
Bali-Nusa Tenggara,SEKOLAH TINGGI ILMU KESEHATAN MATARAM,Baik Sekali,2,13500000.0,Nusa Tenggara Barat
Bali-Nusa Tenggara,SEKOLAH TINGGI ILMU KESEHATAN NUSANTARA,Baik Sekali,2,8000000.0,Nusa Tenggara Timur
Bali-Nusa Tenggara,SEKOLAH TINGGI ILMU SOSIAL DAN ILMU POLITIK WIRA BHAKTI,Baik Sekali,2,8400000.0,Bali
Bali-Nusa Tenggara,SEKOLAH TINGGI MANAJEMEN INFORMATIKA KOMPUTER UYELINDO KUPANG,Baik Sekali,2,5250000.0,Nusa Tenggara Timur
Bali-Nusa Tenggara,STMIK LOMBOK,Baik Sekali,2,7200000.0,Nusa Tenggara Barat
Bali-Nusa Tenggara,STMIK SYAIKH ZAINUDDIN NAHDLATUL WATHAN,Baik Sekali,2,4800000.0,Nusa Tenggara Barat
Bali-Nusa Tenggara,UNIVERSITAS BUMIGORA,A,2,6160000.0,Nusa Tenggara Barat
Bali-Nusa Tenggara,UNIVERSITAS KARYADARMA KUPANG,A,2,33660000.0,Nusa Tenggara Timur
Bali-Nusa Tenggara,UNIVERSITAS NGURAH RAI,Unggul,2,6900000.0,Bali
Bali-Nusa Tenggara,UNIVERSITAS TEKNOLOGI INDONESIA,A,2,5900000.0,Bali
Bali-Nusa Tenggara,UNIVERSITAS TEKNOLOGI INDONESIA,Baik Sekali,2,5900000.0,Bali
Bali-Nusa Tenggara,INSTITUT DESAIN DAN BISNIS BALI,A,1,12750000.0,Bali
Bali-Nusa Tenggara,INSTITUT DESAIN DAN BISNIS BALI,Unggul,1,12750000.0,Bali
Bali-Nusa Tenggara,INSTITUT PARIWISATA DAN BISNIS INTERNASIONAL,Unggul,1,39000000.0,Bali
Bali-Nusa Tenggara,INSTITUT TEKNOLOGI DAN KESEHATAN BALI,Unggul,1,22400000.0,Bali
Bali-Nusa Tenggara,INSTITUT TEKNOLOGI SOSIAL DAN KESEHATAN MUHAMMADIYAH SELONG,A,1,3400000.0,Nusa Tenggara Barat
Bali-Nusa Tenggara,SEKOLAH TINGGI FARMASI MAHAGANESHA,Baik Sekali,1,16000000.0,Bali
Bali-Nusa Tenggara,SEKOLAH TINGGI ILMU EKONOMI BIMA,Baik Sekali,1,2350000.0,Nusa Tenggara Barat
Bali-Nusa Tenggara,SEKOLAH TINGGI ILMU EKONOMI NASIONAL,Baik Sekali,1,4800000.0,Nusa Tenggara Barat
Bali-Nusa Tenggara,SEKOLAH TINGGI ILMU EKONOMI OEMATHONIS,Baik Sekali,1,6350000.0,Nusa Tenggara Timur
Bali-Nusa Tenggara,SEKOLAH TINGGI ILMU EKONOMI PUTRA TIMOR,Baik Sekali,1,4800000.0,Nusa Tenggara Timur
Bali-Nusa Tenggara,SEKOLAH TINGGI ILMU EKONOMI SATYA DHARMA,Baik Sekali,1,7000000.0,Bali
Bali-Nusa Tenggara,SEKOLAH TINGGI ILMU HUKUM CENDANA WANGI,Baik Sekali,1,4700000.0,Nusa Tenggara Timur
Bali-Nusa Tenggara,SEKOLAH TINGGI ILMU MANAJEMEN INDONESIA HANDAYANI,Baik Sekali,1,8000000.0,Bali
Bali-Nusa Tenggara,SEKOLAH TINGGI KEGURUAN DAN ILMU PENDIDIKAN SURYA KASIH,Baik Sekali,1,4800000.0,Nusa Tenggara Timur
Bali-Nusa Tenggara,SEKOLAH TINGGI PARIWISATA  SOROMANDI BIMA,Baik Sekali,1,3500082.0,Nusa Tenggara Barat
Bali-Nusa Tenggara,SEKOLAH TINGGI PARIWISATA MATARAM,Baik Sekali,1,10225000.0,Nusa Tenggara Barat
Bali-Nusa Tenggara,SEKOLAH TINGGI PEMBANGUNAN MASYARAKAT SANTA URSULA,Baik Sekali,1,7100000.0,Nusa Tenggara Timur
Bali-Nusa Tenggara,SEKOLAH TINGGI TEKNIK LINGKUNGAN MATARAM,Baik Sekali,1,7800000.0,Nusa Tenggara Barat
Bali-Nusa Tenggara,STIKES KUSUMA BANGSA,Baik Sekali,1,14300000.0,Nusa Tenggara Barat
Bali-Nusa Tenggara,STISIP MARGARANA,Baik Sekali,1,7350000.0,Bali
Bali-Nusa Tenggara,STKIP AGAMA HINDU AMLAPURA,Baik Sekali,1,6290000.0,Bali
Bali-Nusa Tenggara,STKIP HAMZAR,C,1,6250000.0,Nusa Tenggara Barat
Bali-Nusa Tenggara,STKIP NUSA TIMOR,Baik Sekali,1,3500000.0,Nusa Tenggara Timur
Bali-Nusa Tenggara,UNIVERSITAS ARYASATYA DEO MURI,A,1,5000000.0,Nusa Tenggara Timur
Bali-Nusa Tenggara,UNIVERSITAS DWIJENDRA,C,1,11000000.0,Bali
Bali-Nusa Tenggara,UNIVERSITAS KATOLIK INDONESIA SANTU PAULUS RUTENG,A,1,5800000.0,Nusa Tenggara Timur
Bali-Nusa Tenggara,UNIVERSITAS KATOLIK INDONESIA SANTU PAULUS RUTENG,Unggul,1,5800000.0,Nusa Tenggara Timur
Bali-Nusa Tenggara,UNIVERSITAS MAHASARASWATI DENPASAR,A,1,13344800.0,Bali
Bali-Nusa Tenggara,UNIVERSITAS MAHASARASWATI DENPASAR,Unggul,1,13344800.0,Bali
Bali-Nusa Tenggara,UNIVERSITAS NAHDLATUL WATHAN MATARAM,Unggul,1,8000000.0,Nusa Tenggara Barat
Bali-Nusa Tenggara,UNIVERSITAS PENDIDIKAN NASIONAL,A,1,29000000.0,Bali
Bali-Nusa Tenggara,UNIVERSITAS PGRI MAHADEWA INDONESIA,Unggul,1,14350000.0,Bali
Bali-Nusa Tenggara,UNIVERSITAS QAMARUL HUDA BADARUDDIN BAGU,A,1,26500000.0,Nusa Tenggara Barat
Bali-Nusa Tenggara,UNIVERSITAS STELLA MARIS SUMBA,Baik Sekali,1,6000000.0,Nusa Tenggara Timur
Bali-Nusa Tenggara,UNIVERSITAS TRIATMA MULYA,A,1,7400000.0,Bali
Jabodetabek,UNIVERSITAS BINA NUSANTARA,Unggul,23,95259501.0,DKI Jakarta
Jabodetabek,UNIVERSITAS MUHAMMADIYAH JAKARTA,Baik Sekali,22,24511201.0,DKI Jakarta
Jabodetabek,UNIVERSITAS MUHAMMADIYAH PROF DR HAMKA,Unggul,20,75800000.0,DKI Jakarta
Jabodetabek,UNIVERSITAS NASIONAL,Baik Sekali,18,25501000.0,DKI Jakarta
Jabodetabek,UNIVERSITAS 17 AGUSTUS 1945 JAKARTA,Baik Sekali,17,114980000.0,DKI Jakarta
Jabodetabek,UNIVERSITAS ESA UNGGUL,Baik Sekali,17,31025000.0,DKI Jakarta
Jabodetabek,UNIVERSITAS KRISTEN INDONESIA,Baik Sekali,15,30000000.0,DKI Jakarta
Jabodetabek,UNIVERSITAS BINA NUSANTARA,Baik Sekali,14,95259501.0,DKI Jakarta
Jabodetabek,UNIVERSITAS BUDI LUHUR,Baik Sekali,14,23000000.0,DKI Jakarta
Jabodetabek,UNIVERSITAS INDRAPRASTA PGRI,Baik Sekali,14,9150000.0,DKI Jakarta
Jabodetabek,UNIVERSITAS AL AZHAR INDONESIA,Baik Sekali,13,20000000.0,DKI Jakarta
Jabodetabek,UNIVERSITAS BUNDA MULIA,Baik Sekali,13,20500000.0,DKI Jakarta
Jabodetabek,UNIVERSITAS TRISAKTI,A,12,168450000.0,DKI Jakarta
Jabodetabek,UNIVERSITAS AL-AZHAR INDONESIA,Baik Sekali,11,19230000.0,DKI Jakarta
Jabodetabek,UNIVERSITAS JAYABAYA,Baik Sekali,11,26750000.0,DKI Jakarta
Jabodetabek,UNIVERSITAS PERTAMINA,Baik Sekali,11,126000000.0,DKI Jakarta
Jabodetabek,UNIVERSITAS TANRI ABENG,Baik Sekali,11,24000000.0,DKI Jakarta
Jabodetabek,UNIVERSITAS TARUMANAGARA,A,11,60100000.0,DKI Jakarta
Jabodetabek,INSTITUT SAINS DAN TEKNOLOGI AL-KAMAL,Baik Sekali,10,7700000.0,DKI Jakarta
Jabodetabek,INSTITUT TEKNOLOGI PERUSAHAAN LISTRIK NEGARA,Baik Sekali,10,21500000.0,DKI Jakarta
Jabodetabek,UNIVERSITAS BHAYANGKARA JAKARTA RAYA,Baik Sekali,10,22075000.0,DKI Jakarta
Jabodetabek,UNIVERSITAS DARMA PERSADA,Baik Sekali,10,12200000.0,DKI Jakarta
Jabodetabek,UNIVERSITAS KATOLIK INDONESIA ATMA JAYA,A,10,289650000.0,DKI Jakarta
Jabodetabek,UNIVERSITAS KATOLIK INDONESIA ATMA JAYA,Baik Sekali,10,289650000.0,DKI Jakarta
Jabodetabek,UNIVERSITAS MERCU BUANA,Unggul,10,10000000.0,DKI Jakarta
Jabodetabek,UNIVERSITAS SATYAGAMA,C,10,21600000.0,DKI Jakarta
Jabodetabek,UNIVERSITAS TAMA JAGAKARSA,Baik Sekali,10,12200000.0,DKI Jakarta
Jabodetabek,UNIVERSITAS TRISAKTI,Baik Sekali,10,168450000.0,DKI Jakarta
Jabodetabek,UNIVERSITAS BINAWAN,Baik Sekali,9,23100000.0,DKI Jakarta
Jabodetabek,UNIVERSITAS BUNG KARNO,Baik Sekali,9,10000000.0,DKI Jakarta
Jabodetabek,UNIVERSITAS DIRGANTARA MARSEKAL SURYADARMA,Baik Sekali,9,19225001.0,DKI Jakarta
Jabodetabek,UNIVERSITAS ESA UNGGUL,A,9,31025000.0,DKI Jakarta
Jabodetabek,UNIVERSITAS INDONESIA MAJU,Baik Sekali,9,12000000.0,DKI Jakarta
Jabodetabek,UNIVERSITAS KRISNADWIPAYANA,Baik Sekali,9,40500000.0,DKI Jakarta
Jabodetabek,UNIVERSITAS PANCASILA,A,9,136680000.0,DKI Jakarta
Jabodetabek,UNIVERSITAS SAHID JAKARTA,Baik Sekali,9,14500000.0,DKI Jakarta
Jabodetabek,UNIVERSITAS SATYA NEGARA INDONESIA,Baik Sekali,9,18250000.0,DKI Jakarta
Jabodetabek,INSTITUT SAINS DAN TEKNOLOGI NASIONAL,Baik Sekali,8,55500000.0,DKI Jakarta
Jabodetabek,UNIVERSITAS BINA SARANA INFORMATIKA,Baik Sekali,8,5760000.0,DKI Jakarta
Jabodetabek,UNIVERSITAS DIAN NUSANTARA,Baik Sekali,8,9400000.0,DKI Jakarta
Jabodetabek,UNIVERSITAS KRISTEN KRIDA WACANA,Baik Sekali,8,56000000.0,DKI Jakarta
Jabodetabek,UNIVERSITAS MUHAMMADIYAH JAKARTA,A,8,24511201.0,DKI Jakarta
Jabodetabek,UNIVERSITAS NASIONAL,A,8,25501000.0,DKI Jakarta
Jabodetabek,UNIVERSITAS PRASETIYA MULYA,C,8,51000000.0,DKI Jakarta
Jabodetabek,UNIVERSITAS BAKRIE,Baik Sekali,7,32750000.0,DKI Jakarta
Jabodetabek,UNIVERSITAS BOROBUDUR,Baik Sekali,7,30600000.0,DKI Jakarta
Jabodetabek,UNIVERSITAS MEDIA NUSANTARA CITRA,Baik Sekali,7,18650000.0,DKI Jakarta
Jabodetabek,UNIVERSITAS NAHDLATUL ULAMA INDONESIA,Baik Sekali,7,31100000.0,DKI Jakarta
Jabodetabek,UNIVERSITAS PRASETIYA MULYA,Baik Sekali,7,51000000.0,DKI Jakarta
Jabodetabek,UNIVERSITAS SAHID,Baik Sekali,7,15450000.0,DKI Jakarta
Jabodetabek,UNIVERSITAS SATYAGAMA,Baik Sekali,7,21600000.0,DKI Jakarta
Jabodetabek,INSTITUT KESEHATAN INDONESIA,Baik Sekali,6,15000000.0,DKI Jakarta
Jabodetabek,INSTITUT TEKNOLOGI DAN BISNIS AHMAD DAHLAN,Baik Sekali,6,14000000.0,DKI Jakarta
Jabodetabek,SEKOLAH TINGGI DESAIN INTERSTUDI,Baik Sekali,6,18900000.0,DKI Jakarta
Jabodetabek,UNIVERSITAS IBNU CHALDUN,Baik Sekali,6,12600000.0,DKI Jakarta
Jabodetabek,UNIVERSITAS KRISNADWIPAYANA,C,6,40500000.0,DKI Jakarta
Jabodetabek,UNIVERSITAS MERCU BUANA,Baik Sekali,6,10000000.0,DKI Jakarta
Jabodetabek,UNIVERSITAS MPU TANTULAR,Baik Sekali,6,11337000.0,DKI Jakarta
Jabodetabek,UNIVERSITAS PARAMADINA,Baik Sekali,6,34550000.0,DKI Jakarta
Jabodetabek,UNIVERSITAS PERSADA INDONESIA YAI,A,6,22250000.0,DKI Jakarta
Jabodetabek,UNIVERSITAS PERSADA INDONESIA YAI,Baik Sekali,6,22250000.0,DKI Jakarta
Jabodetabek,UNIVERSITAS RESPATI INDONESIA,Baik Sekali,6,14400000.0,DKI Jakarta
Jabodetabek,UNIVERSITAS TEKNOLOGI MUHAMMADIYAH JAKARTA,Baik Sekali,6,13805000.0,DKI Jakarta
Jabodetabek,UNIVERSITAS TRILOGI,Baik Sekali,6,12750000.0,DKI Jakarta
Jabodetabek,UNIVERSITAS TRILOGI,C,6,12750000.0,DKI Jakarta
Jabodetabek,UNIVERSITAS YARSI,Baik Sekali,6,262250000.0,DKI Jakarta
Jabodetabek,INSTITUT BIO SCIENTIA INTERNASIONAL INDONESIA,Baik Sekali,5,51500000.0,DKI Jakarta
Jabodetabek,INSTITUT ILMU SOSIAL DAN ILMU POLITIK JAKARTA,Baik Sekali,5,16000000.0,DKI Jakarta
Jabodetabek,INSTITUT TEKNOLOGI DAN BISNIS KALBIS,Baik Sekali,5,20500000.0,DKI Jakarta
Jabodetabek,INSTITUT TEKNOLOGI DAN BISNIS SWADHARMA,Baik Sekali,5,15160000.0,DKI Jakarta
Jabodetabek,UNIVERSITAS AGUNG PODOMORO,C,5,28000000.0,DKI Jakarta
Jabodetabek,UNIVERSITAS ARY GINANJAR,Baik Sekali,5,38200000.0,DKI Jakarta
Jabodetabek,UNIVERSITAS ASA INDONESIA,Baik Sekali,5,10650000.0,DKI Jakarta
Jabodetabek,UNIVERSITAS BOROBUDUR,C,5,30600000.0,DKI Jakarta
Jabodetabek,UNIVERSITAS DARUNNAJAH,Baik Sekali,5,4800000.0,DKI Jakarta
Jabodetabek,UNIVERSITAS ISLAM AS,Baik Sekali,5,5850000.0,DKI Jakarta
Jabodetabek,UNIVERSITAS ISLAM AS,C,5,5850000.0,DKI Jakarta
Jabodetabek,UNIVERSITAS KALBIS,Baik Sekali,5,78860000.0,DKI Jakarta
Jabodetabek,UNIVERSITAS MPU TANTULAR,C,5,11337000.0,DKI Jakarta
Jabodetabek,UNIVERSITAS MULTIMEDIA NUSANTARA JAKARTA,Baik Sekali,5,32325000.0,DKI Jakarta
Jabodetabek,UNIVERSITAS NUSA MANDIRI,Baik Sekali,5,23000000.0,DKI Jakarta
Jabodetabek,UNIVERSITAS SAINTEK MUHAMMADIYAH,Baik Sekali,5,4800000.0,DKI Jakarta
Jabodetabek,UNIVERSITAS SIBER ASIA,Baik Sekali,5,6000000.0,DKI Jakarta
Jabodetabek,UNIVERSITAS TARUMANAGARA,Baik Sekali,5,60100000.0,DKI Jakarta
Jabodetabek,INSTITUT BISNIS DAN MULTIMEDIA ASMI JAKARTA,Baik Sekali,4,12630000.0,DKI Jakarta
Jabodetabek,INSTITUT TEKNOLOGI DAN BISNIS KALBIS,C,4,20500000.0,DKI Jakarta
Jabodetabek,INSTITUT TRANSPORTASI  DAN LOGISTIK TRISAKTI,Baik Sekali,4,48675030.0,DKI Jakarta
Jabodetabek,LONDON SCHOOL OF PUBLIC RELATIONS,A,4,52500000.0,DKI Jakarta
Jabodetabek,UNIVERSITAS BHAKTI PERTIWI INDONESIA,Baik Sekali,4,28000000.0,DKI Jakarta
Jabodetabek,UNIVERSITAS BINAWAN,C,4,23100000.0,DKI Jakarta
Jabodetabek,UNIVERSITAS ISLAM JAKARTA,Baik Sekali,4,12950000.0,DKI Jakarta
Jabodetabek,UNIVERSITAS KRISTEN INDONESIA,C,4,30000000.0,DKI Jakarta
Jabodetabek,UNIVERSITAS MITRA BANGSA,Baik Sekali,4,11600000.0,DKI Jakarta
Jabodetabek,UNIVERSITAS PANCASILA,Baik Sekali,4,136680000.0,DKI Jakarta
Jabodetabek,UNIVERSITAS PERTAMINA,Unggul,4,126000000.0,DKI Jakarta
Jabodetabek,UNIVERSITAS SIBER INDONESIA,Baik Sekali,4,20000000.0,DKI Jakarta
Jabodetabek,INSTITUT BISNIS DAN INFORMATIKA KWIK KIAN GIE,A,3,29000000.0,DKI Jakarta
Jabodetabek,INSTITUT BISNIS DAN INFORMATIKA KWIK KIAN GIE,Baik Sekali,3,29000000.0,DKI Jakarta
Jabodetabek,INSTITUT BISNIS NUSANTARA,Baik Sekali,3,14472500.0,DKI Jakarta
Jabodetabek,INSTITUT BISNIS NUSANTARA,C,3,14472500.0,DKI Jakarta
Jabodetabek,INSTITUT ILMU SOSIAL DAN MANAJEMEN STIAMI,Baik Sekali,3,10831250.0,DKI Jakarta
Jabodetabek,PPM SCHOOL OF MANAGEMENT,A,3,23500000.0,DKI Jakarta
Jabodetabek,SAE INDONESIA,Baik Sekali,3,50000000.0,DKI Jakarta
Jabodetabek,SEKOLAH TINGGI ILMU KESEHATAN RS HUSADA,Baik Sekali,3,18000000.0,DKI Jakarta
Jabodetabek,SEKOLAH TINGGI TEKNOLOGI PEKERJAAN UMUM,Baik Sekali,3,15225000.0,DKI Jakarta
Jabodetabek,SEKOLAH TINGGI TEKNOLOGI SAPTA TARUNA,Baik Sekali,3,4400000.0,DKI Jakarta
Jabodetabek,UNIVERSITAS AGUNG PODOMORO,Baik Sekali,3,28000000.0,DKI Jakarta
Jabodetabek,UNIVERSITAS AL AZHAR INDONESIA,A,3,20000000.0,DKI Jakarta
Jabodetabek,UNIVERSITAS BAKRIE,A,3,32750000.0,DKI Jakarta
Jabodetabek,UNIVERSITAS BINA NUSANTARA,A,3,95259501.0,DKI Jakarta
Jabodetabek,UNIVERSITAS DARMA PERSADA,C,3,12200000.0,DKI Jakarta
Jabodetabek,UNIVERSITAS KRISTEN INDONESIA,A,3,30000000.0,DKI Jakarta
Jabodetabek,UNIVERSITAS KRISTEN KRIDA WACANA,A,3,56000000.0,DKI Jakarta
Jabodetabek,UNIVERSITAS LIA,Baik Sekali,3,12400000.0,DKI Jakarta
Jabodetabek,UNIVERSITAS MUHAMMADIYAH PROF DR HAMKA,Baik Sekali,3,75800000.0,DKI Jakarta
Jabodetabek,UNIVERSITAS PROF DR MOESTOPO,A,3,31000000.0,DKI Jakarta
Jabodetabek,INSTITUT BIO SCIENTIA INTERNASIONAL INDONESIA,Unggul,2,51500000.0,DKI Jakarta
Jabodetabek,INSTITUT ILMU SOSIAL DAN MANAJEMEN STIAMI,A,2,10831250.0,DKI Jakarta
Jabodetabek,INSTITUT IPMI,Baik Sekali,2,65000000.0,DKI Jakarta
Jabodetabek,INSTITUT KESEHATAN DAN TEKNOLOGI PONDOK KARYA PEMBANGUNAN,Baik Sekali,2,25200000.0,DKI Jakarta
Jabodetabek,INSTITUT PARIWISATA TRISAKTI,Baik Sekali,2,64250000.0,DKI Jakarta
Jabodetabek,INSTITUT SAINS DAN TEKNOLOGI NASIONAL,C,2,55500000.0,DKI Jakarta
Jabodetabek,SEKOLAH TINGGI FILSAFAT DRIYARKARA,Unggul,2,20450000.0,DKI Jakarta
Jabodetabek,SEKOLAH TINGGI ILMU EKONOMI BHAKTI PEMBANGUNAN,Baik Sekali,2,9870000.0,DKI Jakarta
Jabodetabek,SEKOLAH TINGGI ILMU EKONOMI BISNIS INDONESIA,Baik Sekali,2,6000000.0,DKI Jakarta
Jabodetabek,SEKOLAH TINGGI ILMU EKONOMI DHARMA BUMI PUTRA,Baik Sekali,2,7075000.0,DKI Jakarta
Jabodetabek,SEKOLAH TINGGI ILMU EKONOMI IGI,Baik Sekali,2,4450000.0,DKI Jakarta
Jabodetabek,SEKOLAH TINGGI ILMU EKONOMI INDONESIA JAKARTA,Baik Sekali,2,16162500.0,DKI Jakarta
Jabodetabek,SEKOLAH TINGGI ILMU EKONOMI KASIH BANGSA,Baik Sekali,2,7300000.0,DKI Jakarta
Jabodetabek,SEKOLAH TINGGI ILMU EKONOMI TRI DHARMA WIDYA,Baik Sekali,2,7800000.0,DKI Jakarta
Jabodetabek,SEKOLAH TINGGI ILMU EKONOMI TRIANANDRA,Baik Sekali,2,4700000.0,DKI Jakarta
Jabodetabek,SEKOLAH TINGGI ILMU EKONOMI WIDYA PERSADA,Baik Sekali,2,5000000.0,DKI Jakarta
Jabodetabek,SEKOLAH TINGGI ILMU EKONOMI WIYATAMANDALA,Baik Sekali,2,10050000.0,DKI Jakarta
Jabodetabek,SEKOLAH TINGGI ILMU EKONOMI YAI,Baik Sekali,2,12100000.0,DKI Jakarta
Jabodetabek,SEKOLAH TINGGI ILMU KESEHATAN PERTAMEDIKA,Baik Sekali,2,22800000.0,DKI Jakarta
Jabodetabek,SEKOLAH TINGGI ILMU KESEHATAN RSPAD GATOT SOEBROTO,Baik Sekali,2,40600000.0,DKI Jakarta
Jabodetabek,SEKOLAH TINGGI ILMU KESEHATAN SINT CAROLUS,Baik Sekali,2,32400000.0,DKI Jakarta
Jabodetabek,SEKOLAH TINGGI ILMU KESEHATAN SUMBER WARAS,Baik Sekali,2,22460000.0,DKI Jakarta
Jabodetabek,SEKOLAH TINGGI ILMU KOMUNIKASI PROFESI INDONESIA,Baik Sekali,2,8000000.0,DKI Jakarta
Jabodetabek,SEKOLAH TINGGI ILMU PEMERINTAHAN ABDI NEGARA,Baik Sekali,2,5350000.0,DKI Jakarta
Jabodetabek,SEKOLAH TINGGI MANAJEMEN ASURANSI TRISAKTI,Baik Sekali,2,16000000.0,DKI Jakarta
Jabodetabek,SEKOLAH TINGGI MANAJEMEN INFORMATIKA DAN KOMPUTER JAKARTA STI&K,Baik Sekali,2,1750000.0,DKI Jakarta
Jabodetabek,SEKOLAH TINGGI MANAJEMEN PARIWISATA DAN LOGISTIK LENTERA MONDIAL,Baik Sekali,2,12000000.0,DKI Jakarta
Jabodetabek,SEKOLAH TINGGI MANAJEMEN PPM,Unggul,2,32250000.0,DKI Jakarta
Jabodetabek,STIE INDONESIA BANKING SCHOOL,Baik Sekali,2,24300000.0,DKI Jakarta
Jabodetabek,STIE JAKARTA INTERNATIONAL COLLEGE,Baik Sekali,2,9685000.0,DKI Jakarta
Jabodetabek,STIE UNISADHUGUNA,Baik Sekali,2,12600000.0,DKI Jakarta
Jabodetabek,TRISAKTI SCHOOL OF MANAGEMENT,A,2,26500000.0,DKI Jakarta
Jabodetabek,UNIVERSITAS ARY GINANJAR,A,2,38200000.0,DKI Jakarta
Jabodetabek,UNIVERSITAS BINA SARANA INFORMATIKA,A,2,5760000.0,DKI Jakarta
Jabodetabek,UNIVERSITAS BINA SARANA INFORMATIKA,Unggul,2,5760000.0,DKI Jakarta
Jabodetabek,UNIVERSITAS BUNDA MULIA,A,2,20500000.0,DKI Jakarta
Jabodetabek,UNIVERSITAS BUNDA MULIA,Unggul,2,20500000.0,DKI Jakarta
Jabodetabek,UNIVERSITAS BUNG KARNO,C,2,10000000.0,DKI Jakarta
Jabodetabek,UNIVERSITAS INDRAPRASTA PGRI,A,2,9150000.0,DKI Jakarta
Jabodetabek,UNIVERSITAS KALBIS,A,2,78860000.0,DKI Jakarta
Jabodetabek,UNIVERSITAS KATOLIK INDONESIA ATMA JAYA,C,2,289650000.0,DKI Jakarta
Jabodetabek,UNIVERSITAS MUHAMMADIYAH JAKARTA,Unggul,2,24511201.0,DKI Jakarta
Jabodetabek,UNIVERSITAS MULTIMEDIA NUSANTARA JAKARTA,Unggul,2,32325000.0,DKI Jakarta
Jabodetabek,UNIVERSITAS NUSA MANDIRI,Unggul,2,23000000.0,DKI Jakarta
Jabodetabek,UNIVERSITAS RESPATI INDONESIA,Unggul,2,14400000.0,DKI Jakarta
Jabodetabek,UNIVERSITAS SATYA NEGARA INDONESIA,C,2,18250000.0,DKI Jakarta
Jabodetabek,UNIVERSITAS YARSI,A,2,262250000.0,DKI Jakarta
Jabodetabek,INSTITUT BISNIS DAN INFORMATIKA KWIK KIAN GIE,Unggul,1,29000000.0,DKI Jakarta
Jabodetabek,INSTITUT ILMU SOSIAL DAN ILMU POLITIK JAKARTA,A,1,16000000.0,DKI Jakarta
Jabodetabek,INSTITUT ILMU SOSIAL DAN ILMU POLITIK JAKARTA,C,1,16000000.0,DKI Jakarta
Jabodetabek,INSTITUT IPMI,Unggul,1,65000000.0,DKI Jakarta
Jabodetabek,INSTITUT KESEHATAN INDONESIA,C,1,15000000.0,DKI Jakarta
Jabodetabek,INSTITUT MEDIA DIGITAL EMTEK,Baik Sekali,1,18730000.0,DKI Jakarta
Jabodetabek,INSTITUT PARIWISATA TRISAKTI,Unggul,1,64250000.0,DKI Jakarta
Jabodetabek,INSTITUT TEKNOLOGI PERUSAHAAN LISTRIK NEGARA,Unggul,1,21500000.0,DKI Jakarta
Jabodetabek,SEKOLAH TINGGI BAHASA ASING IEC JAKARTA,Baik Sekali,1,7800000.0,DKI Jakarta
Jabodetabek,SEKOLAH TINGGI DESAIN LASALLE,Baik Sekali,1,19979220.0,DKI Jakarta
Jabodetabek,SEKOLAH TINGGI FILSAFAT THEOLOGI JAKARTA,A,1,39250000.0,DKI Jakarta
Jabodetabek,SEKOLAH TINGGI ILMU EKONOMI BPKP,Baik Sekali,1,3498000.0,DKI Jakarta
Jabodetabek,SEKOLAH TINGGI ILMU EKONOMI JAYAKUSUMA,Baik Sekali,1,5350000.0,DKI Jakarta
Jabodetabek,SEKOLAH TINGGI ILMU EKONOMI KUSUMA NEGARA,Baik Sekali,1,45000000.0,DKI Jakarta
Jabodetabek,SEKOLAH TINGGI ILMU EKONOMI TRISAKTI,A,1,19780000.0,DKI Jakarta
Jabodetabek,SEKOLAH TINGGI ILMU EKONOMI TRISAKTI,Unggul,1,19780000.0,DKI Jakarta
Jabodetabek,SEKOLAH TINGGI ILMU HUKUM ADHYAKSA,Baik Sekali,1,12000000.0,DKI Jakarta
Jabodetabek,SEKOLAH TINGGI ILMU HUKUM IBLAM,Baik Sekali,1,7625000.0,DKI Jakarta
Jabodetabek,SEKOLAH TINGGI ILMU HUKUM PROFESOR GAYUS LUMBUUN,Baik Sekali,1,7000000.0,DKI Jakarta
Jabodetabek,SEKOLAH TINGGI ILMU KESEHATAN ABDI NUSANTARA,Baik Sekali,1,26400000.0,DKI Jakarta
Jabodetabek,SEKOLAH TINGGI ILMU KESEHATAN BUDI KEMULIAAN,Baik Sekali,1,85850000.0,DKI Jakarta
Jabodetabek,SEKOLAH TINGGI ILMU KESEHATAN FATMAWATI,Baik Sekali,1,18950000.0,DKI Jakarta
Jabodetabek,SEKOLAH TINGGI ILMU KESEHATAN IKIFA,Baik Sekali,1,27600000.0,DKI Jakarta
Jabodetabek,SEKOLAH TINGGI ILMU KESEHATAN MAYAPADA,Baik Sekali,1,14300000.0,DKI Jakarta
Jabodetabek,SEKOLAH TINGGI ILMU KESEHATAN PASAR REBO,Baik Sekali,1,29000000.0,DKI Jakarta
Jabodetabek,SEKOLAH TINGGI ILMU KESEHATAN SINT CAROLUS,A,1,32400000.0,DKI Jakarta
Jabodetabek,SEKOLAH TINGGI ILMU KESEHATAN SUMBER WARAS,A,1,22460000.0,DKI Jakarta
Jabodetabek,SEKOLAH TINGGI ILMU KOMUNIKASI INTER STUDI,Baik Sekali,1,18900000.0,DKI Jakarta
Jabodetabek,SEKOLAH TINGGI MANAJEMEN IMMI,C,1,1900000.0,DKI Jakarta
Jabodetabek,SEKOLAH TINGGI MANAJEMEN LABORA,Baik Sekali,1,9000000.0,DKI Jakarta
Jabodetabek,SEKOLAH TINGGI MANAJEMEN RISIKO DAN ASURANSI,Baik Sekali,1,15000000.0,DKI Jakarta
Jabodetabek,SEKOLAH TINGGI MANAJEMEN TRANSPORTASI MALAHAYATI,Baik Sekali,1,6400000.0,DKI Jakarta
Jabodetabek,SEKOLAH TINGGI MEDIA KOMUNIKASI TRISAKTI,Baik Sekali,1,14300000.0,DKI Jakarta
Jabodetabek,STIH LITIGASI,Baik Sekali,1,9750000.0,DKI Jakarta
Jabodetabek,STMIK KUWERA,Baik Sekali,1,12775000.0,DKI Jakarta
Jabodetabek,UNIVERSITAS AL AZHAR INDONESIA,C,1,20000000.0,DKI Jakarta
Jabodetabek,UNIVERSITAS AL-AZHAR INDONESIA,Unggul,1,19230000.0,DKI Jakarta
Jabodetabek,UNIVERSITAS BAKRIE,Unggul,1,32750000.0,DKI Jakarta
Jabodetabek,UNIVERSITAS BHAKTI PERTIWI INDONESIA,Unggul,1,28000000.0,DKI Jakarta
Jabodetabek,UNIVERSITAS BHAYANGKARA JAKARTA RAYA,C,1,22075000.0,DKI Jakarta
Jabodetabek,UNIVERSITAS BHAYANGKARA JAKARTA RAYA,Unggul,1,22075000.0,DKI Jakarta
Jabodetabek,UNIVERSITAS BINAWAN,A,1,23100000.0,DKI Jakarta
Jabodetabek,UNIVERSITAS BOROBUDUR,A,1,30600000.0,DKI Jakarta
Jabodetabek,UNIVERSITAS BUDI LUHUR,A,1,23000000.0,DKI Jakarta
Jabodetabek,UNIVERSITAS ESA UNGGUL,C,1,31025000.0,DKI Jakarta
Jabodetabek,UNIVERSITAS ESA UNGGUL,Unggul,1,31025000.0,DKI Jakarta
Jabodetabek,UNIVERSITAS INDONESIA MAJU,Unggul,1,12000000.0,DKI Jakarta
Jabodetabek,UNIVERSITAS ISLAM JAKARTA,C,1,12950000.0,DKI Jakarta
Jabodetabek,UNIVERSITAS JAYABAYA,A,1,26750000.0,DKI Jakarta
Jabodetabek,UNIVERSITAS JAYABAYA,C,1,26750000.0,DKI Jakarta
Jabodetabek,UNIVERSITAS JAYABAYA,Unggul,1,26750000.0,DKI Jakarta
Jabodetabek,UNIVERSITAS KALBIS,Unggul,1,78860000.0,DKI Jakarta
Jabodetabek,UNIVERSITAS KRISNADWIPAYANA,A,1,40500000.0,DKI Jakarta
Jabodetabek,UNIVERSITAS LIA,A,1,12400000.0,DKI Jakarta
Jabodetabek,UNIVERSITAS MERCU BUANA,A,1,10000000.0,DKI Jakarta
Jabodetabek,UNIVERSITAS MITRA BANGSA,A,1,11600000.0,DKI Jakarta
Jabodetabek,UNIVERSITAS MUHAMMADIYAH JAKARTA,C,1,24511201.0,DKI Jakarta
Jabodetabek,UNIVERSITAS MUHAMMADIYAH PROF DR HAMKA,A,1,75800000.0,DKI Jakarta
Jabodetabek,UNIVERSITAS NAHDLATUL ULAMA INDONESIA,A,1,31100000.0,DKI Jakarta
Jabodetabek,UNIVERSITAS PANCASILA,C,1,136680000.0,DKI Jakarta
Jabodetabek,UNIVERSITAS PARAMADINA,A,1,34550000.0,DKI Jakarta
Jabodetabek,UNIVERSITAS PRASETIYA MULYA,A,1,51000000.0,DKI Jakarta
Jabodetabek,UNIVERSITAS PRASETIYA MULYA,Unggul,1,51000000.0,DKI Jakarta
Jabodetabek,UNIVERSITAS PROF DR MOESTOPO,Baik Sekali,1,31000000.0,DKI Jakarta
Jabodetabek,UNIVERSITAS SAHID,A,1,15450000.0,DKI Jakarta
Jabodetabek,UNIVERSITAS SAHID,Unggul,1,15450000.0,DKI Jakarta
Jabodetabek,UNIVERSITAS TRILOGI,Unggul,1,12750000.0,DKI Jakarta
Jawa,UNIVERSITAS KRISTEN PETRA,A,26,28000000.0,Jawa Timur
Jawa,UNIVERSITAS SURABAYA,A,26,38850250.0,Jawa Timur
Jawa,UNIVERSITAS BINA BANGSA,Baik Sekali,25,7700077.0,Banten
Jawa,UNIVERSITAS MUHAMMADIYAH JEMBER,Baik Sekali,25,46860200.0,Jawa Timur
Jawa,UNIVERSITAS KRISTEN SATYA WACANA,Baik Sekali,21,276850001.0,Jawa Tengah
Jawa,UNIVERSITAS MUHAMMADIYAH GRESIK,Baik Sekali,21,11150000.0,Jawa Timur
Jawa,UNIVERSITAS MUHAMMADIYAH MALANG,A,20,20000000.0,Jawa Timur
Jawa,UNIVERSITAS PASUNDAN,A,20,48250000.0,Jawa Barat
Jawa,UNIVERSITAS PELITA HARAPAN,Baik Sekali,20,61000000.0,Banten
Jawa,UNIVERSITAS TELKOM,Unggul,20,26000000.0,Jawa Barat
Jawa,UNIVERSITAS KOMPUTER INDONESIA,Baik Sekali,19,24950000.0,Jawa Barat
Jawa,UNIVERSITAS AHMAD DAHLAN,Baik Sekali,18,16000000.0,D.I. Yogyakarta
Jawa,UNIVERSITAS DR SOETOMO,Baik Sekali,18,17520000.0,Jawa Timur
Jawa,UNIVERSITAS ISLAM 45 BEKASI,Baik Sekali,18,12000000.0,Jawa Barat
Jawa,UNIVERSITAS ISLAM BALITAR,Baik Sekali,18,15375000.0,Jawa Timur
Jawa,UNIVERSITAS JENDERAL ACHMAD YANI,Baik Sekali,18,21504000.0,Jawa Barat
Jawa,UNIVERSITAS MERDEKA MALANG,Baik Sekali,18,19000001.0,Jawa Timur
Jawa,UNIVERSITAS MUHAMMADIYAH PURWOKERTO,Baik Sekali,18,91025000.0,Jawa Tengah
Jawa,UNIVERSITAS MUHAMMADIYAH SIDOARJO,Baik Sekali,18,48525000.0,Jawa Timur
Jawa,UNIVERSITAS NUSANTARA PGRI KEDIRI,Baik Sekali,17,7800000.0,Jawa Timur
Jawa,UNIVERSITAS TRIBHUWANA TUNGGA DEWI,Baik Sekali,17,14250000.0,Jawa Timur
Jawa,UNIVERSITAS GALUH CIAMIS,Baik Sekali,16,4250000.0,Jawa Barat
Jawa,UNIVERSITAS ISLAM INDONESIA,A,16,25000000.0,D.I. Yogyakarta
Jawa,UNIVERSITAS KATOLIK WIDYA MANDALA SURABAYA,Baik Sekali,16,234470600.0,Jawa Timur
Jawa,UNIVERSITAS MAJALENGKA,Baik Sekali,16,6025000.0,Jawa Barat
Jawa,UNIVERSITAS MUHAMMADIYAH SURAKARTA,A,16,72100000.0,Jawa Tengah
Jawa,UNIVERSITAS PGRI YOGYAKARTA,Baik Sekali,16,12100000.0,D.I. Yogyakarta
Jawa,UNIVERSITAS BAKTI INDONESIA,Baik Sekali,15,5600000.0,Jawa Timur
Jawa,UNIVERSITAS BSI BANDUNG,Baik Sekali,15,4150000.0,Jawa Barat
Jawa,UNIVERSITAS GUNADARMA,A,15,16100000.0,Jawa Barat
Jawa,UNIVERSITAS KRISTEN MARANATHA,Baik Sekali,15,52352500.0,Jawa Barat
Jawa,UNIVERSITAS KRISTEN SATYA WACANA,A,15,276850001.0,Jawa Tengah
Jawa,UNIVERSITAS PAKUAN,Baik Sekali,15,35000006.0,Jawa Barat
Jawa,UNIVERSITAS PAMULANG,Baik Sekali,15,7300000.0,Banten
Jawa,UNIVERSITAS PGRI KANJURUHAN MALANG,Baik Sekali,15,12040000.0,Jawa Timur
Jawa,UNIVERSITAS SUBANG,Baik Sekali,15,6000000.0,Jawa Barat
Jawa,UNIVERSITAS VETERAN BANGUN NUSANTARA,Baik Sekali,15,8350000.0,Jawa Tengah
Jawa,UNIVERSITAS WIJAYA KUSUMA SURABAYA,Baik Sekali,15,38400000.0,Jawa Timur
Jawa,INSTITUT TEKNOLOGI HARAPAN BANGSA,Baik Sekali,14,243400000.0,Jawa Barat
Jawa,UNIVERSITAS DR. SOETOMO,Baik Sekali,14,5100000.0,Jawa Timur
Jawa,UNIVERSITAS KADIRI,Baik Sekali,14,71250000.0,Jawa Timur
Jawa,UNIVERSITAS KATOLIK PARAHYANGAN,A,14,66400000.0,Jawa Barat
Jawa,UNIVERSITAS MUHAMMADIYAH SUKABUMI,Baik Sekali,14,10836000.0,Jawa Barat
Jawa,UNIVERSITAS MUHAMMADIYAH SURABAYA,Baik Sekali,14,142200000.0,Jawa Timur
Jawa,UNIVERSITAS MUHAMMADIYAH SURAKARTA,Baik Sekali,14,72100000.0,Jawa Tengah
Jawa,UNIVERSITAS PANCASAKTI TEGAL,Baik Sekali,14,5300000.0,Jawa Tengah
Jawa,UNIVERSITAS PGRI MADIUN,Baik Sekali,14,10091000.0,Jawa Timur
Jawa,UNIVERSITAS WIRARAJA,Baik Sekali,14,9313750.0,Jawa Timur
Jawa,UNIVERSITAS DJUANDA,Baik Sekali,13,10800000.0,Jawa Barat
Jawa,UNIVERSITAS HASYIM ASY'ARI TEBUIRENG JOMBANG,Baik Sekali,13,29750000.0,Jawa Timur
Jawa,UNIVERSITAS ISLAM MALANG,Baik Sekali,13,33550000.0,Jawa Timur
Jawa,UNIVERSITAS IVET,Baik Sekali,13,8800000.0,Jawa Tengah
Jawa,UNIVERSITAS LANGLANGBUANA,Baik Sekali,13,11500000.0,Jawa Barat
Jawa,UNIVERSITAS MUHAMMADIYAH CIREBON,Baik Sekali,13,8850000.0,Jawa Barat
Jawa,UNIVERSITAS MUHAMMADIYAH KUDUS,Baik Sekali,13,8500000.0,Jawa Tengah
Jawa,UNIVERSITAS MUHAMMADIYAH TASIKMALAYA,Baik Sekali,13,17450000.0,Jawa Barat
Jawa,UNIVERSITAS MUHAMMADIYAH YOGYAKARTA,A,13,27000000.0,D.I. Yogyakarta
Jawa,UNIVERSITAS PGRI SEMARANG,Baik Sekali,13,16900000.0,Jawa Tengah
Jawa,UNIVERSITAS SURAKARTA,Baik Sekali,13,9390000.0,Jawa Tengah
Jawa,UNIVERSITAS TELKOM,Baik Sekali,13,26000000.0,Jawa Barat
Jawa,UNIVERSITAS 17 AGUSTUS 1945 CIREBON,Baik Sekali,12,75500000.0,Jawa Barat
Jawa,UNIVERSITAS AMIKOM YOGYAKARTA,Baik Sekali,12,10300000.0,D.I. Yogyakarta
Jawa,UNIVERSITAS ATMA JAYA YOGYAKARTA,A,12,18000000.0,D.I. Yogyakarta
Jawa,UNIVERSITAS ISLAM 45,Baik Sekali,12,14527000.0,Jawa Barat
Jawa,UNIVERSITAS ISLAM JEMBER,Baik Sekali,12,5700000.0,Jawa Timur
Jawa,UNIVERSITAS KEBANGSAAN REPUBLIK INDONESIA,Baik Sekali,12,66200003.0,Jawa Barat
Jawa,UNIVERSITAS KUNINGAN,Baik Sekali,12,12150000.0,Jawa Barat
Jawa,UNIVERSITAS LANGLANG BUANA,Baik Sekali,12,7000000.0,Jawa Barat
Jawa,UNIVERSITAS MUHAMMADIYAH SEMARANG,Unggul,12,25200000.0,Jawa Tengah
Jawa,UNIVERSITAS PELITA BANGSA,Baik Sekali,12,5800000.0,Jawa Barat
Jawa,UNIVERSITAS PGRI RONGGOLAWE,Baik Sekali,12,40364875.0,Jawa Timur
Jawa,UNIVERSITAS SLAMET RIYADI,Baik Sekali,12,9340000.0,Jawa Tengah
Jawa,UNIVERSITAS SURYA,Baik Sekali,12,36600000.0,Banten
Jawa,UNIVERSITAS TEKNOLOGI YOGYAKARTA,Baik Sekali,12,12200000.0,D.I. Yogyakarta
Jawa,INSTITUT TEKNOLOGI NASIONAL MALANG,Baik Sekali,11,24550000.0,Jawa Timur
Jawa,UNIVERSITAS 17 AGUSTUS 1945 SURABAYA,Baik Sekali,11,53150000.0,Jawa Timur
Jawa,UNIVERSITAS BHAYANGKARA SURABAYA,Baik Sekali,11,35502000.0,Jawa Timur
Jawa,UNIVERSITAS BUDDHI DHARMA,Baik Sekali,11,10390000.0,Banten
Jawa,UNIVERSITAS CIPUTRA SURABAYA,Baik Sekali,11,59000000.0,Jawa Timur
Jawa,UNIVERSITAS DIAN NUSWANTORO,A,11,4000000.0,Jawa Tengah
Jawa,UNIVERSITAS ISLAM LAMONGAN,Baik Sekali,11,7500000.0,Jawa Timur
Jawa,UNIVERSITAS ISLAM MADURA,Baik Sekali,11,9435000.0,Jawa Timur
Jawa,UNIVERSITAS ISLAM SULTAN AGUNG,Baik Sekali,11,201750001.0,Jawa Tengah
Jawa,UNIVERSITAS JENDERAL ACHMAD YANI YOGYAKARTA,Baik Sekali,11,19000000.0,D.I. Yogyakarta
Jawa,UNIVERSITAS KATOLIK SOEGIJAPRANATA,Baik Sekali,11,15500000.0,Jawa Tengah
Jawa,UNIVERSITAS MATANA,Baik Sekali,11,22985000.0,Banten
Jawa,UNIVERSITAS MUHAMMADIYAH MAGELANG,Baik Sekali,11,29580000.0,Jawa Tengah
Jawa,UNIVERSITAS MUHAMMADIYAH SEMARANG,Baik Sekali,11,25200000.0,Jawa Tengah
Jawa,UNIVERSITAS MURIA KUDUS,Baik Sekali,11,9200000.0,Jawa Tengah
Jawa,UNIVERSITAS NGUDI WALUYO,Baik Sekali,11,31600000.0,Jawa Tengah
Jawa,UNIVERSITAS PERADABAN,Baik Sekali,11,3800000.0,Jawa Tengah
Jawa,UNIVERSITAS PGRI ARGOPURO JEMBER,Baik Sekali,11,10000000.0,Jawa Timur
Jawa,UNIVERSITAS PGRI BANYUWANGI,Baik Sekali,11,5400000.0,Jawa Timur
Jawa,UNIVERSITAS SANATA DHARMA,A,11,18925000.0,D.I. Yogyakarta
Jawa,UNIVERSITAS SEBELAS APRIL,Baik Sekali,11,8000000.0,Jawa Barat
Jawa,UNIVERSITAS TANGERANG RAYA,Baik Sekali,11,7500000.0,Banten
Jawa,UNIVERSITAS WAHIDIYAH,Baik Sekali,11,8910000.0,Jawa Timur
Jawa,UNIVERSITAS WISNUWARDHANA,Baik Sekali,11,13800000.0,Jawa Timur
Jawa,UNIVERSITAS YUDHARTA PASURUAN,Baik Sekali,11,9050000.0,Jawa Timur
Jawa,INSTITUT ILMU KESEHATAN BHAKTI WIYATA KEDIRI,Baik Sekali,10,24000000.0,Jawa Timur
Jawa,UNIVERSITAS 17 AGUSTUS 1945 BANYUWANGI,Baik Sekali,10,7100000.0,Jawa Timur
Jawa,UNIVERSITAS 17 AGUSTUS 1945 SEMARANG,Baik Sekali,10,11250000.0,Jawa Tengah
Jawa,UNIVERSITAS ABDURACHMAN SALEH SITUBONDO,Baik Sekali,10,7500000.0,Jawa Timur
Jawa,UNIVERSITAS ADVENT INDONESIA,Baik Sekali,10,27520000.0,Jawa Barat
Jawa,UNIVERSITAS BALE BANDUNG,Baik Sekali,10,6000000.0,Jawa Barat
Jawa,UNIVERSITAS BANTEN JAYA,Baik Sekali,10,6800000.0,Banten
Jawa,UNIVERSITAS IBRAHIMY,Baik Sekali,10,21600000.0,Jawa Timur
Jawa,UNIVERSITAS ISLAM KADIRI,Baik Sekali,10,6387500.0,Jawa Timur
Jawa,UNIVERSITAS ISLAM NAHDLATUL ULAMA JEPARA,Baik Sekali,10,9886000.0,Jawa Tengah
Jawa,UNIVERSITAS ISLAM RADEN RAHMAT,Baik Sekali,10,6000000.0,Jawa Timur
Jawa,UNIVERSITAS KAHURIPAN KEDIRI,Baik Sekali,10,6950000.0,Jawa Timur
Jawa,UNIVERSITAS LINTAS INTERNASIONAL INDONESIA,Baik Sekali,10,61000000.0,Banten
Jawa,UNIVERSITAS MAARIF HASYIM LATIF,Baik Sekali,10,19710000.0,Jawa Timur
Jawa,UNIVERSITAS MADURA,Baik Sekali,10,10000000.0,Jawa Timur
Jawa,UNIVERSITAS MUHAMMADIYAH MALANG,Baik Sekali,10,20000000.0,Jawa Timur
Jawa,UNIVERSITAS MUHAMMADIYAH TANGERANG,Baik Sekali,10,68250000.0,Banten
Jawa,UNIVERSITAS NAHDLATUL ULAMA AL GHAZALI CILACAP,Baik Sekali,10,6630000.0,Jawa Tengah
Jawa,UNIVERSITAS PEMBANGUNAN JAYA,Baik Sekali,10,14960000.0,Banten
Jawa,UNIVERSITAS PEMBANGUNAN JAYA TANGERANG,Baik Sekali,10,7500000.0,Banten
Jawa,UNIVERSITAS SELAMAT SRI,Baik Sekali,10,4075000.0,Jawa Tengah
Jawa,UNIVERSITAS WIJAYA PUTRA,Baik Sekali,10,11600100.0,Jawa Timur
Jawa,UNIVERSITAS WINAYA MUKTI,Baik Sekali,10,17900000.0,Jawa Barat
Jawa,INSTITUT TEKNOLOGI DAN SAINS BANDUNG,C,9,13000000.0,Jawa Barat
Jawa,INSTITUT TEKNOLOGI INDONESIA,Baik Sekali,9,14000000.0,Banten
Jawa,UNIVERSITAS AHMAD DAHLAN,A,9,16000000.0,D.I. Yogyakarta
Jawa,UNIVERSITAS AKPRIND INDONESIA,Baik Sekali,9,10630000.0,D.I. Yogyakarta
Jawa,UNIVERSITAS AL-GHIFARI,Baik Sekali,9,10690000.0,Jawa Barat
Jawa,UNIVERSITAS BOJONEGORO,Baik Sekali,9,8000000.0,Jawa Timur
Jawa,UNIVERSITAS FALETEHAN,Baik Sekali,9,19200000.0,Banten
Jawa,UNIVERSITAS GAJAYANA,Baik Sekali,9,12000000.0,Jawa Timur
Jawa,UNIVERSITAS GALUH,Baik Sekali,9,12000000.0,Jawa Barat
Jawa,UNIVERSITAS GRESIK,Baik Sekali,9,17000000.0,Jawa Timur
Jawa,UNIVERSITAS HANG TUAH,Baik Sekali,9,146900000.0,Jawa Timur
Jawa,UNIVERSITAS KH. A. WAHAB HASBULLAH,Baik Sekali,9,7400000.0,Jawa Timur
Jawa,UNIVERSITAS MANDIRI,Baik Sekali,9,5000000.0,Jawa Barat
Jawa,UNIVERSITAS MUHAMMADIYAH PONOROGO,Baik Sekali,9,11200000.0,Jawa Timur
Jawa,UNIVERSITAS MUHAMMADIYAH PURWOREJO,Baik Sekali,9,5000000.0,Jawa Tengah
Jawa,UNIVERSITAS MUHAMMADIYAH SURABAYA,Unggul,9,142200000.0,Jawa Timur
Jawa,UNIVERSITAS MULTIMEDIA NUSANTARA,Baik Sekali,9,27000000.0,Banten
Jawa,UNIVERSITAS NAHDLATUL ULAMA CIREBON,Baik Sekali,9,4000146.0,Jawa Barat
Jawa,UNIVERSITAS NAHDLATUL ULAMA PURWOKERTO,Baik Sekali,9,6500000.0,Jawa Tengah
Jawa,UNIVERSITAS NAHDLATUL ULAMA SUNAN GIRI,Baik Sekali,9,8300000.0,Jawa Timur
Jawa,UNIVERSITAS NAHDLATUL ULAMA YOGYAKARTA,Baik Sekali,9,12000000.0,D.I. Yogyakarta
Jawa,UNIVERSITAS NURUL JADID,Baik Sekali,9,14100000.0,Jawa Timur
Jawa,UNIVERSITAS PANCA MARGA,Baik Sekali,9,5550000.0,Jawa Timur
Jawa,UNIVERSITAS PERJUANGAN TASIKMALAYA,Baik Sekali,9,7000000.0,Jawa Barat
Jawa,UNIVERSITAS PGRI MPU SINDOK,Baik Sekali,9,7000000.0,Jawa Timur
Jawa,UNIVERSITAS PRIMAGRAHA,Baik Sekali,9,1100000.0,Banten
Jawa,UNIVERSITAS RESPATI YOGYAKARTA,Baik Sekali,9,17800000.0,D.I. Yogyakarta
Jawa,UNIVERSITAS SAFIN PATI,Baik Sekali,9,12000000.0,Jawa Tengah
Jawa,UNIVERSITAS SALI AL-AITAAM,Baik Sekali,9,31515000.0,Jawa Barat
Jawa,UNIVERSITAS SANGGA BUANA,Baik Sekali,9,21940000.0,Jawa Barat
Jawa,UNIVERSITAS SARJANAWIYATA TAMANSISWA,Baik Sekali,9,14430003.0,D.I. Yogyakarta
Jawa,UNIVERSITAS SEMARANG,Baik Sekali,9,9740000.0,Jawa Tengah
Jawa,UNIVERSITAS SETIA BUDHI RANGKASBITUNG,Baik Sekali,9,10920000.0,Banten
Jawa,UNIVERSITAS WAHID HASYIM,Baik Sekali,9,36170000.0,Jawa Tengah
Jawa,UNIVERSITAS WIDYATAMA,Baik Sekali,9,11100000.0,Jawa Barat
Jawa,INSTITUT TEKNOLOGI SAINS BANDUNG,Baik Sekali,8,9050000.0,Jawa Barat
Jawa,PRESIDENT UNIVERSITY,Baik Sekali,8,36000000.0,Jawa Barat
Jawa,UNIVERSITAS  HARAPAN BANGSA,Baik Sekali,8,25620000.0,Jawa Tengah
Jawa,UNIVERSITAS AISYIYAH YOGYAKARTA,Baik Sekali,8,5000000.0,D.I. Yogyakarta
Jawa,UNIVERSITAS CIPASUNG TASIKMALAYA,Baik Sekali,8,4340000.0,Jawa Barat
Jawa,UNIVERSITAS DARUL  ULUM,Baik Sekali,8,4250000.0,Jawa Timur
Jawa,UNIVERSITAS DUTA BANGSA SURAKARTA,Baik Sekali,8,12100000.0,Jawa Tengah
Jawa,UNIVERSITAS GAJAYANA MALANG,Baik Sekali,8,8500000.0,Jawa Timur
Jawa,UNIVERSITAS GLOBAL JAKARTA,Baik Sekali,8,22801250.0,Jawa Barat
Jawa,UNIVERSITAS INSAN CENDEKIA MANDIRI,Baik Sekali,8,3700000.0,Jawa Barat
Jawa,UNIVERSITAS ISLAM AL-IHYA KUNINGAN,Baik Sekali,8,26118000.0,Jawa Barat
Jawa,UNIVERSITAS ISLAM SYEKH YUSUF,Baik Sekali,8,15000000.0,Banten
Jawa,UNIVERSITAS KATOLIK WIDYA KARYA,Baik Sekali,8,9250000.0,Jawa Timur
Jawa,UNIVERSITAS MAHAKARYA ASIA,Baik Sekali,8,2990000.0,D.I. Yogyakarta
Jawa,UNIVERSITAS MATHLA UL ANWAR,Baik Sekali,8,4800000.0,Banten
Jawa,UNIVERSITAS MERDEKA MADIUN,Baik Sekali,8,6500000.0,Jawa Timur
Jawa,UNIVERSITAS MUHAMMADIYAH GOMBONG,Baik Sekali,8,23750000.0,Jawa Tengah
Jawa,UNIVERSITAS MUHAMMADIYAH PONOROGO,Unggul,8,11200000.0,Jawa Timur
Jawa,UNIVERSITAS MUHAMMADIYAH TANGERANG,C,8,68250000.0,Banten
Jawa,UNIVERSITAS NAHDLATUL ULAMA BLITAR,Baik Sekali,8,3750000.0,Jawa Timur
Jawa,UNIVERSITAS NAHDLATUL ULAMA SIDOARJO,Baik Sekali,8,6000000.0,Jawa Timur
Jawa,UNIVERSITAS NAHDLATUL ULAMA SURABAYA,Unggul,8,47476000.0,Jawa Timur
Jawa,UNIVERSITAS NAROTAMA,Baik Sekali,8,14100000.0,Jawa Timur
Jawa,UNIVERSITAS NUSA PUTRA,Baik Sekali,8,7600000.0,Jawa Barat
Jawa,UNIVERSITAS PAMULANG,C,8,7300000.0,Banten
Jawa,UNIVERSITAS PASUNDAN,Baik Sekali,8,48250000.0,Jawa Barat
Jawa,UNIVERSITAS PAWYATAN DAHA,Baik Sekali,8,6275000.0,Jawa Timur
Jawa,UNIVERSITAS PELITA HARAPAN,Unggul,8,61000000.0,Banten
Jawa,UNIVERSITAS PGRI ADI BUANA,Baik Sekali,8,14450000.0,Jawa Timur
Jawa,UNIVERSITAS PRAMITA INDONESIA,Baik Sekali,8,9000000.0,Banten
Jawa,UNIVERSITAS PRESIDEN,Baik Sekali,8,79700500.0,Jawa Barat
Jawa,UNIVERSITAS PRESIDEN,Unggul,8,79700500.0,Jawa Barat
Jawa,UNIVERSITAS PROKLAMASI 45,Baik Sekali,8,4000000.0,D.I. Yogyakarta
Jawa,UNIVERSITAS RAHARJA,Baik Sekali,8,12375870.0,Banten
Jawa,UNIVERSITAS SANATA DHARMA,Baik Sekali,8,18925000.0,D.I. Yogyakarta
Jawa,UNIVERSITAS SERANG RAYA,Baik Sekali,8,10524500.0,Banten
Jawa,UNIVERSITAS SERANG RAYA,C,8,10524500.0,Banten
Jawa,UNIVERSITAS STIKUBANK,Baik Sekali,8,16500000.0,Jawa Tengah
Jawa,UNIVERSITAS SULTAN FATAH,Baik Sekali,8,4800000.0,Jawa Tengah
Jawa,UNIVERSITAS SURYAKANCANA,Baik Sekali,8,8160000.0,Jawa Barat
Jawa,UNIVERSITAS TEKNOLOGI NUSANTARA,Baik Sekali,8,8750000.0,Jawa Barat
Jawa,UNIVERSITAS TUNAS PEMBANGUNAN SURAKARTA,Baik Sekali,8,8483000.0,Jawa Tengah
Jawa,UNIVERSITAS WIDYA GAMA,Baik Sekali,8,28500000.0,Jawa Timur
Jawa,UNIVERSITAS WIRALODRA,C,8,8480000.0,Jawa Barat
Jawa,INSTITUT TEKNOLOGI ADHI TAMA SURABAYA,Baik Sekali,7,14600000.0,Jawa Timur
Jawa,INSTITUT TEKNOLOGI ADHI TAMA SURABAYA,C,7,14600000.0,Jawa Timur
Jawa,UNIVERSITAS 17 AGUSTUS 1945 SURABAYA,A,7,53150000.0,Jawa Timur
Jawa,UNIVERSITAS 45 SURABAYA,Baik Sekali,7,9450000.0,Jawa Timur
Jawa,UNIVERSITAS ABDURACHMAN SALEH,Baik Sekali,7,7000000.0,Jawa Timur
Jawa,UNIVERSITAS ADHIRAJASA RESWARA SANJAYA,Baik Sekali,7,9000000.0,Jawa Barat
Jawa,UNIVERSITAS AKI,Baik Sekali,7,15925000.0,Jawa Tengah
Jawa,UNIVERSITAS ANNUQAYAH,Baik Sekali,7,7450000.0,Jawa Timur
Jawa,UNIVERSITAS BHINNEKA PGRI,Baik Sekali,7,6175000.0,Jawa Timur
Jawa,UNIVERSITAS BILLFATH,Baik Sekali,7,7000000.0,Jawa Timur
Jawa,UNIVERSITAS CATUR INSAN CENDEKIA,Baik Sekali,7,8820000.0,Jawa Barat
Jawa,UNIVERSITAS COKROAMINOTO YOGYAKARTA,Baik Sekali,7,7500000.0,D.I. Yogyakarta
Jawa,UNIVERSITAS DARUL ULUM ISLAMIC CENTRE SUDIRMAN,Baik Sekali,7,12550000.0,Jawa Tengah
Jawa,UNIVERSITAS DARUSSALAM GONTOR,Baik Sekali,7,20500000.0,Jawa Timur
Jawa,UNIVERSITAS DIAN NUSWANTORO,Baik Sekali,7,4000000.0,Jawa Tengah
Jawa,UNIVERSITAS DINAMIKA,Baik Sekali,7,22000000.0,Jawa Timur
Jawa,UNIVERSITAS GUNADARMA,Baik Sekali,7,16100000.0,Jawa Barat
Jawa,UNIVERSITAS HALIM SANUSI,Baik Sekali,7,9516000.0,Jawa Barat
Jawa,UNIVERSITAS HORIZON INDONESIA,Baik Sekali,7,21196000.0,Jawa Barat
Jawa,UNIVERSITAS INTERNASIONAL SEMEN INDONESIA,C,7,14000000.0,Jawa Timur
Jawa,UNIVERSITAS ISLAM AS-SYAFIIYAH,Baik Sekali,7,8812500.0,Jawa Barat
Jawa,UNIVERSITAS ISLAM BANDUNG,A,7,93250000.0,Jawa Barat
Jawa,UNIVERSITAS ISLAM BANDUNG,Baik Sekali,7,93250000.0,Jawa Barat
Jawa,UNIVERSITAS ISLAM NUSANTARA,Baik Sekali,7,67040000.0,Jawa Barat
Jawa,UNIVERSITAS ISLAM NUSANTARA,C,7,67040000.0,Jawa Barat
Jawa,UNIVERSITAS JANABADRA,Baik Sekali,7,9700000.0,D.I. Yogyakarta
Jawa,UNIVERSITAS KRISTEN DUTA WACANA,Baik Sekali,7,16000000.0,D.I. Yogyakarta
Jawa,UNIVERSITAS LA TANSA MASHIRO,Baik Sekali,7,3900000.0,Banten
Jawa,UNIVERSITAS MA CHUNG,Baik Sekali,7,20400000.0,Jawa Timur
Jawa,UNIVERSITAS MUHADI SETIABUDI,Baik Sekali,7,7351000.0,Jawa Tengah
Jawa,UNIVERSITAS MUHAMMADIYAH KENDAL BATANG,Baik Sekali,7,6795000.0,Jawa Tengah
Jawa,UNIVERSITAS MUHAMMADIYAH MADIUN,Baik Sekali,7,6950000.0,Jawa Timur
Jawa,UNIVERSITAS MUHAMMADIYAH PEKAJANGAN PEKALONGAN,Baik Sekali,7,19050000.0,Jawa Tengah
Jawa,UNIVERSITAS MUHAMMADIYAH PURWOKERTO,C,7,91025000.0,Jawa Tengah
Jawa,UNIVERSITAS NAHDLATUL ULAMA PASURUAN,Baik Sekali,7,8750000.0,Jawa Timur
Jawa,UNIVERSITAS NUSA BANGSA,Baik Sekali,7,7550000.0,Jawa Barat
Jawa,UNIVERSITAS TULUNGAGUNG,Baik Sekali,7,4100000.0,Jawa Timur
Jawa,UNIVERSITAS WIDYA KARTIKA,Baik Sekali,7,19198000.0,Jawa Timur
Jawa,INSTITUT BISNIS DAN INFORMATIKA KESATUAN,Baik Sekali,6,16000000.0,Jawa Barat
Jawa,INSTITUT PENDIDIKAN INDONESIA GARUT,Unggul,6,8110000.0,Jawa Barat
Jawa,INSTITUT TEKNOLOGI NASIONAL BANDUNG,Unggul,6,48335000.0,Jawa Barat
Jawa,INSTITUT TEKNOLOGI NASIONAL YOGYAKARTA,Baik Sekali,6,18225000.0,D.I. Yogyakarta
Jawa,SEKOLAH TINGGI TEKNOLOGI NASIONAL,Baik Sekali,6,4000000.0,D.I. Yogyakarta
Jawa,UNIVERSITAS AL-IRSYAD CILACAP,Baik Sekali,6,85250000.0,Jawa Tengah
Jawa,UNIVERSITAS AL-KHAIRIYAH,Baik Sekali,6,5235000.0,Banten
Jawa,UNIVERSITAS ALMA ATA,C,6,8000000.0,D.I. Yogyakarta
Jawa,UNIVERSITAS BAKTI TUNAS HUSADA,Baik Sekali,6,900000.0,Jawa Barat
Jawa,UNIVERSITAS BINA INSANI,Baik Sekali,6,6250000.0,Jawa Barat
Jawa,UNIVERSITAS BONDOWOSO,Baik Sekali,6,4500000.0,Jawa Timur
Jawa,UNIVERSITAS DOKTOR NUGROHO MAGETAN,Baik Sekali,6,27500000.0,Jawa Timur
Jawa,UNIVERSITAS DR. SOEBANDI,Baik Sekali,6,18700000.0,Jawa Timur
Jawa,UNIVERSITAS INFORMATIKA DAN BISNIS INDONESIA,Baik Sekali,6,9700000.0,Jawa Barat
Jawa,UNIVERSITAS INTERNASIONAL JAKARTA,Baik Sekali,6,25000000.0,Jawa Barat
Jawa,UNIVERSITAS ISLAM BATIK,Baik Sekali,6,5550000.0,Jawa Tengah
Jawa,UNIVERSITAS KARYA HUSADA SEMARANG,Baik Sekali,6,14000000.0,Jawa Tengah
Jawa,UNIVERSITAS KATOLIK DARMA CENDIKA,Baik Sekali,6,14775000.0,Jawa Timur
Jawa,UNIVERSITAS KATOLIK SOEGIJAPRANATA,A,6,15500000.0,Jawa Tengah
Jawa,UNIVERSITAS KUSUMA HUSADA SURAKARTA,Baik Sekali,6,7550000.0,Jawa Tengah
Jawa,UNIVERSITAS MA'ARIF NAHDLATUL ULAMA KEBUMEN,Baik Sekali,6,4800000.0,Jawa Tengah
Jawa,UNIVERSITAS MA'SOEM,Baik Sekali,6,5000000.0,Jawa Barat
Jawa,UNIVERSITAS MUHAMMADIYAH BOGOR RAYA,Baik Sekali,6,6900000.0,Jawa Barat
Jawa,UNIVERSITAS MUHAMMADIYAH YOGYAKARTA,Baik Sekali,6,27000000.0,D.I. Yogyakarta
Jawa,UNIVERSITAS PANCA MARGA,C,6,5550000.0,Jawa Timur
Jawa,UNIVERSITAS PANCA SAKTI BEKASI,Baik Sekali,6,20200000.0,Jawa Barat
Jawa,UNIVERSITAS PEKALONGAN,C,6,20000000.0,Jawa Tengah
Jawa,UNIVERSITAS PERSATUAN ISLAM,Baik Sekali,6,7500000.0,Jawa Barat
Jawa,UNIVERSITAS PERTIWI,Baik Sekali,6,10600000.0,Jawa Barat
Jawa,UNIVERSITAS PGRI ADI BUANA,Unggul,6,14450000.0,Jawa Timur
Jawa,UNIVERSITAS PGRI MADIUN,C,6,10091000.0,Jawa Timur
Jawa,UNIVERSITAS PUTRA BANGSA,Baik Sekali,6,10100000.0,Jawa Tengah
Jawa,UNIVERSITAS SAINS DAN TEKNOLOGI KOMPUTER,Baik Sekali,6,33048600.0,Jawa Tengah
Jawa,UNIVERSITAS SIBER MUHAMMADIYAH,Baik Sekali,6,2340000.0,D.I. Yogyakarta
Jawa,UNIVERSITAS TEKNOLOGI DIGITAL,Baik Sekali,6,8100000.0,Jawa Barat
Jawa,UNIVERSITAS TEKNOLOGI YOGYAKARTA,A,6,12200000.0,D.I. Yogyakarta
Jawa,UNIVERSITAS WIDYA HUSADA SEMARANG,Baik Sekali,6,12300000.0,Jawa Tengah
Jawa,UNIVERSITAS WIDYA MATARAM,Baik Sekali,6,4250000.0,D.I. Yogyakarta
Jawa,UNIVERSITAS YATSI MADANI,Baik Sekali,6,11000000.0,Banten
Jawa,INSTITUT PENDIDIKAN DAN BAHASA INVADA,Baik Sekali,5,7000000.0,Jawa Barat
Jawa,INSTITUT SAINS DAN TEKNOLOGI TERPADU SURABAYA,Baik Sekali,5,28200000.0,Jawa Timur
Jawa,INSTITUT TEKNOLOGI DAN BISNIS ASIA MALANG,Baik Sekali,5,7600000.0,Jawa Timur
Jawa,INSTITUT TEKNOLOGI DAN BISNIS TUBAN,Baik Sekali,5,5000000.0,Jawa Timur
Jawa,INSTITUT TEKNOLOGI DAN SAINS MANDALA,Baik Sekali,5,9200000.0,Jawa Timur
Jawa,INSTITUT TEKNOLOGI DIRGANTARA ADISUTJIPTO,Baik Sekali,5,29500000.0,D.I. Yogyakarta
Jawa,INSTITUT TEKNOLOGI GARUT,Baik Sekali,5,8960000.0,Jawa Barat
Jawa,INSTITUT TEKNOLOGI NASIONAL BANDUNG,Baik Sekali,5,48335000.0,Jawa Barat
Jawa,INSTITUT TEKNOLOGI YOGYAKARTA,Baik Sekali,5,12600000.0,D.I. Yogyakarta
Jawa,STKIP MODERN NGAWI,Baik Sekali,5,3150000.0,Jawa Timur
Jawa,STKIP SEBELAS APRIL,Baik Sekali,5,3200000.0,Jawa Barat
Jawa,UNIVERSITAS AL HIKMAH JEPARA,Baik Sekali,5,5245000.0,Jawa Tengah
Jawa,UNIVERSITAS ALMA ATA,Baik Sekali,5,8000000.0,D.I. Yogyakarta
Jawa,UNIVERSITAS AN NASHER,Baik Sekali,5,12750000.0,Jawa Barat
Jawa,UNIVERSITAS AN NUUR,Baik Sekali,5,12250000.0,Jawa Tengah
Jawa,UNIVERSITAS ANWAR MEDIKA,Baik Sekali,5,22111250.0,Jawa Timur
Jawa,UNIVERSITAS BANI SALEH,Baik Sekali,5,25450000.0,Jawa Barat
Jawa,UNIVERSITAS BHAKTI KENCANA,Baik Sekali,5,23600000.0,Jawa Barat
Jawa,UNIVERSITAS BHAMADA SLAWI,Baik Sekali,5,15510000.0,Jawa Tengah
Jawa,UNIVERSITAS BHINNEKA NUSANTARA,Baik Sekali,5,23100000.0,Jawa Timur
Jawa,UNIVERSITAS BINANIAGA INDONESIA,Baik Sekali,5,6275000.0,Jawa Barat
Jawa,UNIVERSITAS BOYOLALI,Baik Sekali,5,7450000.0,Jawa Tengah
Jawa,UNIVERSITAS BPD,Baik Sekali,5,8080000.0,Jawa Tengah
Jawa,UNIVERSITAS CENDEKIA ABDITAMA,Baik Sekali,5,24000000.0,Banten
Jawa,UNIVERSITAS DHARMA AUB SURAKARTA,Baik Sekali,5,6900000.0,Jawa Tengah
Jawa,UNIVERSITAS GUNUNG KIDUL,Baik Sekali,5,5200000.0,D.I. Yogyakarta
Jawa,UNIVERSITAS HAFSHAWATY ZAINUL HASAN,Baik Sekali,5,12900000.0,Jawa Timur
Jawa,UNIVERSITAS INDONESIA MEMBANGUN,Baik Sekali,5,11200000.0,Jawa Barat
Jawa,UNIVERSITAS INSAN PEMBANGUNAN INDONESIA,Baik Sekali,5,12255000.0,Banten
Jawa,UNIVERSITAS IPWIJA,Baik Sekali,5,32200000.0,Jawa Barat
Jawa,UNIVERSITAS ISLAM INDONESIA,Baik Sekali,5,25000000.0,D.I. Yogyakarta
Jawa,UNIVERSITAS ISLAM MALANG,A,5,33550000.0,Jawa Timur
Jawa,UNIVERSITAS ISLAM MULIA YOGYAKARTA,Baik Sekali,5,6500000.0,D.I. Yogyakarta
Jawa,UNIVERSITAS KATOLIK WIDYA MANDALA SURABAYA,A,5,234470600.0,Jawa Timur
Jawa,UNIVERSITAS KOPERASI INDONESIA,Baik Sekali,5,57050000.0,Jawa Barat
Jawa,UNIVERSITAS KRISTEN IMMANUEL,Baik Sekali,5,13575923.0,D.I. Yogyakarta
Jawa,UNIVERSITAS LOGISTIK DAN BISNIS INTERNASIONAL,Baik Sekali,5,53900000.0,Jawa Barat
Jawa,UNIVERSITAS MARITIM AMNI,Baik Sekali,5,15100000.0,Jawa Tengah
Jawa,UNIVERSITAS MAYASARI BAKTI,Baik Sekali,5,6575000.0,Jawa Barat
Jawa,UNIVERSITAS MEDIKA SUHERMAN,Baik Sekali,5,20293750.0,Jawa Barat
Jawa,UNIVERSITAS MERCU BUANA YOGYAKARTA,Baik Sekali,5,33065000.0,D.I. Yogyakarta
Jawa,UNIVERSITAS MERDEKA PASURUAN,Baik Sekali,5,8370000.0,Jawa Timur
Jawa,UNIVERSITAS MOCHAMMAD SROEDJI,Baik Sekali,5,10000000.0,Jawa Timur
Jawa,UNIVERSITAS MUHAMMADIYAH BREBES,Baik Sekali,5,6200000.0,Jawa Tengah
Jawa,UNIVERSITAS MUHAMMADIYAH CILEUNGSI,Baik Sekali,5,10500000.0,Jawa Barat
Jawa,UNIVERSITAS MUHAMMADIYAH KLATEN,Baik Sekali,5,4550000.0,Jawa Tengah
Jawa,UNIVERSITAS MUHAMMADIYAH SIDOARJO,Unggul,5,48525000.0,Jawa Timur
Jawa,UNIVERSITAS MUHAMMADIYAH TEGAL,Baik Sekali,5,9800000.0,Jawa Tengah
Jawa,UNIVERSITAS MULTIMEDIA NUSANTARA,A,5,27000000.0,Banten
Jawa,UNIVERSITAS NASIONAL KARANGTURI SEMARANG,Baik Sekali,5,9200000.0,Jawa Tengah
Jawa,UNIVERSITAS NASIONAL PASIM,Baik Sekali,5,3600000.0,Jawa Barat
Jawa,UNIVERSITAS NOOR HUDA MUSTOFA,Baik Sekali,5,12400000.0,Jawa Timur
Jawa,UNIVERSITAS NUSA MEGARKENCANA,Baik Sekali,5,36200000.0,D.I. Yogyakarta
Jawa,UNIVERSITAS PAKUAN,C,5,35000006.0,Jawa Barat
Jawa,UNIVERSITAS PANDANARAN,Baik Sekali,5,7600000.0,Jawa Tengah
Jawa,UNIVERSITAS PERWIRA PURBALINGGA,Baik Sekali,5,4800000.0,Jawa Tengah
Jawa,UNIVERSITAS PESANTREN TINGGI DARUL  ULUM,Baik Sekali,5,12525000.0,Jawa Timur
Jawa,UNIVERSITAS PGRI DELTA,Baik Sekali,5,48480000.0,Jawa Timur
Jawa,UNIVERSITAS PIGNATELLI TRIPUTRA,Baik Sekali,5,5250000.0,Jawa Tengah
Jawa,UNIVERSITAS PUTRA INDONESIA,Baik Sekali,5,11841500.0,Jawa Barat
Jawa,UNIVERSITAS QOMARUDDIN,Baik Sekali,5,6200000.0,Jawa Timur
Jawa,UNIVERSITAS SAINS ALQUR AN,Baik Sekali,5,25745000.0,Jawa Tengah
Jawa,UNIVERSITAS SARJANAWIYATA TAMANSISWA,A,5,14430003.0,D.I. Yogyakarta
Jawa,UNIVERSITAS SEHATI INDONESIA,Baik Sekali,5,13500000.0,Jawa Barat
Jawa,UNIVERSITAS SETIA BUDI,Baik Sekali,5,36300000.0,Jawa Tengah
Jawa,UNIVERSITAS SOERJO,Baik Sekali,5,6000000.0,Jawa Timur
Jawa,UNIVERSITAS SWISS GERMAN,Baik Sekali,5,59000000.0,Banten
Jawa,UNIVERSITAS SWISS GERMAN,C,5,59000000.0,Banten
Jawa,UNIVERSITAS TARUNA BAKTI,Baik Sekali,5,15650000.0,Jawa Barat
Jawa,UNIVERSITAS TEKNOLOGI BANDUNG,Baik Sekali,5,11000000.0,Jawa Barat
Jawa,UNIVERSITAS TEKNOLOGI DIGITAL INDONESIA,Baik Sekali,5,11669000.0,D.I. Yogyakarta
Jawa,UNIVERSITAS TIGA SERANGKAI,Baik Sekali,5,6520000.0,Jawa Tengah
Jawa,UNIVERSITAS WIDYA MATARAM,C,5,4250000.0,D.I. Yogyakarta
Jawa,UNIVERSITAS YAYASAN PENDIDIKAN IMAM BONJOL MAJALENGKA,Baik Sekali,5,9100000.0,Jawa Barat
Jawa,UNIVERSITAS YUPPENTEK INDONESIA,Baik Sekali,5,10850000.0,Banten
Jawa,INSTITUT BISNIS MUHAMMADIYAH BEKASI,Baik Sekali,4,5000000.0,Jawa Barat
Jawa,INSTITUT DIGITAL EKONOMI LPKIA,Baik Sekali,4,13600000.0,Jawa Barat
Jawa,INSTITUT INFORMATIKA INDONESIA SURABAYA,Baik Sekali,4,24000000.0,Jawa Timur
Jawa,INSTITUT KARYA MULIA BANGSA,Baik Sekali,4,12100000.0,Jawa Tengah
Jawa,INSTITUT KESEHATAN DAN BISNIS SURABAYA,Baik Sekali,4,11600000.0,Jawa Timur
Jawa,INSTITUT PRIMA BANGSA,Baik Sekali,4,7500000.0,Jawa Barat
Jawa,INSTITUT TEKNOLOGI DAN BISNIS BINA SARANA GLOBAL,Baik Sekali,4,14000000.0,Banten
Jawa,INSTITUT TEKNOLOGI DAN BISNIS MUHAMMADIYAH GROBOGAN,Baik Sekali,4,4750000.0,Jawa Tengah
Jawa,INSTITUT TEKNOLOGI DAN BISNIS PGRI DEWANTARA JOMBANG,Baik Sekali,4,6800000.0,Jawa Timur
Jawa,INSTITUT TEKNOLOGI DAN BISNIS YADIKA PASURUAN,Baik Sekali,4,6265000.0,Jawa Timur
Jawa,PRESIDENT UNIVERSITY,A,4,36000000.0,Jawa Barat
Jawa,SEKOLAH TINGGI ILMU EKONOMI MAHARDHIKA,Baik Sekali,4,10100000.0,Jawa Timur
Jawa,SEKOLAH TINGGI ILMU KESEHATAN BETHESDA YAKKUM,Baik Sekali,4,17995000.0,D.I. Yogyakarta
Jawa,SEKOLAH TINGGI TEKNOLOGI RONGGOLAWE,Baik Sekali,4,48360000.0,Jawa Tengah
Jawa,STMIK PAMITRAN,Baik Sekali,4,8400000.0,Jawa Barat
Jawa,UNIVERSITAS BHAKTI ASIH TANGERANG,Baik Sekali,4,18000000.0,Banten
Jawa,UNIVERSITAS CIPUTRA,Baik Sekali,4,27200000.0,Jawa Timur
Jawa,UNIVERSITAS DUTA BANGSA SURAKARTA,Unggul,4,12100000.0,Jawa Tengah
Jawa,UNIVERSITAS INTERNASIONAL SEMEN INDONESIA,Baik Sekali,4,14000000.0,Jawa Timur
Jawa,UNIVERSITAS ISLAM SYEKH YUSUF,C,4,15000000.0,Banten
Jawa,UNIVERSITAS KATOLIK PARAHYANGAN,Baik Sekali,4,66400000.0,Jawa Barat
Jawa,UNIVERSITAS KEPANJEN,Baik Sekali,4,13800000.0,Jawa Timur
Jawa,UNIVERSITAS KH. BAHAUDIN MUDHARY MADURA,Baik Sekali,4,8800000.0,Jawa Timur
Jawa,UNIVERSITAS KOMPUTER INDONESIA,A,4,24950000.0,Jawa Barat
Jawa,UNIVERSITAS KRISTEN MARANATHA,A,4,52352500.0,Jawa Barat
Jawa,UNIVERSITAS KRISTEN PETRA,Baik Sekali,4,28000000.0,Jawa Timur
Jawa,UNIVERSITAS KRISTEN TEKNOLOGI SOLO,Baik Sekali,4,6535000.0,Jawa Tengah
Jawa,UNIVERSITAS MAYJEN SUNGKONO,Baik Sekali,4,6600000.0,Jawa Timur
Jawa,UNIVERSITAS MEDIKA SUHERMAN,C,4,20293750.0,Jawa Barat
Jawa,UNIVERSITAS MERCU BUANA YOGYAKARTA,C,4,33065000.0,D.I. Yogyakarta
Jawa,UNIVERSITAS MERDEKA MALANG,A,4,19000001.0,Jawa Timur
Jawa,UNIVERSITAS MUHAMMADIYAH AHMAD DAHLAN CIREBON,Baik Sekali,4,19450000.0,Jawa Barat
Jawa,UNIVERSITAS MUHAMMADIYAH SUKABUMI,Unggul,4,10836000.0,Jawa Barat
Jawa,UNIVERSITAS NAHDLATUL ULAMA SURAKARTA,Baik Sekali,4,6820000.0,Jawa Tengah
Jawa,UNIVERSITAS NAZHATUT THULLAB AL-MUAFA SAMPANG,Baik Sekali,4,15200000.0,Jawa Timur
Jawa,UNIVERSITAS PEKALONGAN,Baik Sekali,4,20000000.0,Jawa Tengah
Jawa,UNIVERSITAS PGRI SEMARANG,Unggul,4,16900000.0,Jawa Tengah
Jawa,UNIVERSITAS SALAKANAGARA,Baik Sekali,4,11400000.0,Banten
Jawa,UNIVERSITAS SINDANG KASIH MAJALENGKA,Baik Sekali,4,8500000.0,Jawa Barat
Jawa,UNIVERSITAS SRAGEN,Baik Sekali,4,11500000.0,Jawa Tengah
Jawa,UNIVERSITAS SUGENG HARTONO,Baik Sekali,4,16200000.0,Jawa Tengah
Jawa,UNIVERSITAS SURABAYA,Baik Sekali,4,38850250.0,Jawa Timur
Jawa,UNIVERSITAS TEKNOLOGI SURABAYA,Baik Sekali,4,6000000.0,Jawa Timur
Jawa,UNIVERSITAS UTPADAKA SWASTIKA,Baik Sekali,4,4790000.0,Banten
Jawa,UNIVERSITAS VETERAN BANGUN NUSANTARA,Unggul,4,8350000.0,Jawa Tengah
Jawa,UNIVERSITAS WAHID HASYIM,C,4,36170000.0,Jawa Tengah
Jawa,UNIVERSITAS WASKITA DHARMA,Baik Sekali,4,7000000.0,Jawa Timur
Jawa,UNIVERSITAS WIRALODRA,Baik Sekali,4,8480000.0,Jawa Barat
Jawa,UNIVERSITAS YARSI PRATAMA,Baik Sekali,4,7200000.0,Banten
Jawa,INSTITUT ILMU KESEHATAN BHAKTI WIYATA KEDIRI,Unggul,3,24000000.0,Jawa Timur
Jawa,INSTITUT KEGURUAN DAN ILMU PENDIDIKAN SILIWANGI,Baik Sekali,3,13800000.0,Jawa Barat
Jawa,INSTITUT KESEHATAN DAN BISNIS ANNISA,Baik Sekali,3,13255000.0,Jawa Barat
Jawa,INSTITUT KESEHATAN IMMANUEL,Baik Sekali,3,18500000.0,Jawa Barat
Jawa,INSTITUT PERTANIAN MALANG,Baik Sekali,3,6000000.0,Jawa Timur
Jawa,INSTITUT SAINS TEKNOLOGI DAN KESEHATAN INSAN CENDEKIA HUSADA BOJONEGORO,Baik Sekali,3,7800000.0,Jawa Timur
Jawa,INSTITUT TEKNOLOGI AL-MUHAJIRIN,Baik Sekali,3,7000000.0,Jawa Barat
Jawa,INSTITUT TEKNOLOGI BISNIS AAS INDONESIA,Baik Sekali,3,11500000.0,Jawa Tengah
Jawa,INSTITUT TEKNOLOGI DAN BISNIS ADIAS,Baik Sekali,3,5050000.0,Jawa Tengah
Jawa,INSTITUT TEKNOLOGI DAN BISNIS BANTEN,Baik Sekali,3,4800000.0,Banten
Jawa,INSTITUT TEKNOLOGI DAN BISNIS KRISTEN BUKIT PENGHARAPAN,Baik Sekali,3,7500000.0,Jawa Tengah
Jawa,INSTITUT TEKNOLOGI DAN BISNIS WIDYA GAMA LUMAJANG,Baik Sekali,3,6250000.0,Jawa Timur
Jawa,INSTITUT TEKNOLOGI DAN KESEHATAN MAHARDIKA,Baik Sekali,3,8600000.0,Jawa Barat
Jawa,INSTITUT TEKNOLOGI INDONESIA,C,3,14000000.0,Banten
Jawa,INSTITUT TEKNOLOGI INSAN CENDEKIA MANDIRI,Baik Sekali,3,31050000.0,Jawa Timur
Jawa,INSTITUT TEKNOLOGI KESEHATAN CENDEKIA UTAMA KUDUS,Baik Sekali,3,89700000.0,Jawa Tengah
Jawa,INSTITUT TEKNOLOGI KESEHATAN MALANG WIDYA CIPTA HUSADA,Baik Sekali,3,8900000.0,Jawa Timur
Jawa,INSTITUT TEKNOLOGI MOJOSARI,Baik Sekali,3,2640000.0,Jawa Timur
Jawa,INSTITUT TEKNOLOGI NASIONAL BANDUNG,A,3,48335000.0,Jawa Barat
Jawa,INSTITUT TEKNOLOGI STATISTIKA DAN BISNIS MUHAMMADIYAH SEMARANG,Baik Sekali,3,7350000.0,Jawa Tengah
Jawa,SEKOLAH TINGGI ILMU EKONOMI WIDYA MANGGALA,Baik Sekali,3,3200000.0,Jawa Tengah
Jawa,SEKOLAH TINGGI ILMU EKONOMI WIDYA WIWAHA,Baik Sekali,3,6250000.0,D.I. Yogyakarta
Jawa,SEKOLAH TINGGI ILMU KESEHATAN INDRAMAYU,Baik Sekali,3,17675000.0,Jawa Barat
Jawa,SEKOLAH TINGGI ILMU KESEHATAN KENDAL,Baik Sekali,3,21042000.0,Jawa Tengah
Jawa,SEKOLAH TINGGI ILMU KESEHATAN MAJAPAHIT,Baik Sekali,3,24900000.0,Jawa Timur
Jawa,SEKOLAH TINGGI ILMU KESEHATAN MEDISTRA INDONESIA,Baik Sekali,3,28500000.0,Jawa Barat
Jawa,SEKOLAH TINGGI ILMU KESEHATAN MITRA KELUARGA,Baik Sekali,3,17640000.0,Jawa Barat
Jawa,SEKOLAH TINGGI ILMU KESEHATAN RAJEKWESI BOJONEGORO,Baik Sekali,3,10000000.0,Jawa Timur
Jawa,SEKOLAH TINGGI ILMU KESEHATAN SUKABUMI,Baik Sekali,3,13560000.0,Jawa Barat
Jawa,SEKOLAH TINGGI ILMU KOMPUTER YOS SUDARSO,Baik Sekali,3,11965000.0,Jawa Tengah
Jawa,SEKOLAH TINGGI ILMU KOMUNIKASI,Baik Sekali,3,6750000.0,Jawa Timur
Jawa,SEKOLAH TINGGI KEGURUAN DAN ILMU PENDIDIKAN AL-AMIN INDRAMAYU,Baik Sekali,3,4500000.0,Jawa Barat
Jawa,SEKOLAH TINGGI TEKNIK WIWOROTOMO,Baik Sekali,3,7315000.0,Jawa Tengah
Jawa,SEKOLAH TINGGI TEKNOLOGI DUTA BANGSA,Baik Sekali,3,12645000.0,Jawa Barat
Jawa,SEKOLAH TINGGI TEKNOLOGI TEXMACO,Baik Sekali,3,4800000.0,Jawa Barat
Jawa,SEKOLAH TINGGI TEKNOLOGI WASTUKANCANA,Baik Sekali,3,6250000.0,Jawa Barat
Jawa,STKIP AL HIKMAH SURABAYA,Baik Sekali,3,8000000.0,Jawa Timur
Jawa,STKIP BINA INSAN MANDIRI,Baik Sekali,3,1200000.0,Jawa Timur
Jawa,STMIK IKMI CIREBON,Baik Sekali,3,6000000.0,Jawa Barat
Jawa,UNIVERSITAS BHAKTI HUSADA INDONESIA,Baik Sekali,3,22350000.0,Jawa Barat
Jawa,UNIVERSITAS CENDEKIA MITRA INDONESIA,Baik Sekali,3,6950000.0,D.I. Yogyakarta
Jawa,UNIVERSITAS HAYAM WURUK PERBANAS,Baik Sekali,3,21310000.0,Jawa Timur
Jawa,UNIVERSITAS ICHSAN SATYA,Baik Sekali,3,6515000.0,Banten
Jawa,UNIVERSITAS ISLAM BANDUNG,Unggul,3,93250000.0,Jawa Barat
Jawa,UNIVERSITAS ISLAM LAMONGAN,C,3,7500000.0,Jawa Timur
Jawa,UNIVERSITAS ISLAM SULTAN AGUNG,A,3,201750001.0,Jawa Tengah
Jawa,UNIVERSITAS JENDERAL ACHMAD YANI,A,3,21504000.0,Jawa Barat
Jawa,UNIVERSITAS KH. BAHAUDIN MUDHARY MADURA,A,3,8800000.0,Jawa Timur
Jawa,UNIVERSITAS KRISTEN DUTA WACANA,A,3,16000000.0,D.I. Yogyakarta
Jawa,UNIVERSITAS LUMAJANG,Baik Sekali,3,3900000.0,Jawa Timur
Jawa,UNIVERSITAS MUHAMMADIYAH BANTEN,Baik Sekali,3,6000000.0,Banten
Jawa,UNIVERSITAS MUHAMMADIYAH MAGELANG,A,3,29580000.0,Jawa Tengah
Jawa,UNIVERSITAS MUHAMMADIYAH PURWOREJO,C,3,5000000.0,Jawa Tengah
Jawa,UNIVERSITAS MUHAMMADIYAH SURAKARTA,Unggul,3,72100000.0,Jawa Tengah
Jawa,UNIVERSITAS NAHDLATUL ULAMA SURABAYA,Baik Sekali,3,47476000.0,Jawa Timur
Jawa,UNIVERSITAS PANCASAKTI TEGAL,C,3,5300000.0,Jawa Tengah
Jawa,UNIVERSITAS PEKALONGAN,Unggul,3,20000000.0,Jawa Tengah
Jawa,UNIVERSITAS PELITA HARAPAN SURABAYA,Baik Sekali,3,19750000.0,Jawa Timur
Jawa,UNIVERSITAS PRESIDEN,A,3,79700500.0,Jawa Barat
Jawa,UNIVERSITAS RESPATI YOGYAKARTA,C,3,17800000.0,D.I. Yogyakarta
Jawa,UNIVERSITAS SEMARANG,C,3,9740000.0,Jawa Tengah
Jawa,UNIVERSITAS TEKNOLOGI YOGYAKARTA,Unggul,3,12200000.0,D.I. Yogyakarta
Jawa,UNIVERSITAS W R SUPRATMAN,Baik Sekali,3,6000000.0,Jawa Timur
Jawa,UNIVERSITAS WIDYATAMA,C,3,11100000.0,Jawa Barat
Jawa,UNIVERSITAS YPPI REMBANG,Baik Sekali,3,7805000.0,Jawa Tengah
Jawa,IKIP PGRI BOJONEGORO,Baik Sekali,2,14180000.0,Jawa Timur
Jawa,INSTITUT BUDI UTOMO NASIONAL,Baik Sekali,2,6810000.0,Jawa Barat
Jawa,INSTITUT KARYA MULIA BANGSA,A,2,12100000.0,Jawa Tengah
Jawa,INSTITUT KEGURUAN DAN ILMU PENDIDIKAN SILIWANGI,Unggul,2,13800000.0,Jawa Barat
Jawa,INSTITUT KESEHATAN RAJAWALI,Baik Sekali,2,28236000.0,Jawa Barat
Jawa,INSTITUT KESEHATAN RAJAWALI,Unggul,2,28236000.0,Jawa Barat
Jawa,INSTITUT PENDIDIKAN INDONESIA GARUT,Baik Sekali,2,8110000.0,Jawa Barat
Jawa,INSTITUT PERTANIAN STIPER,A,2,10356250.0,D.I. Yogyakarta
Jawa,INSTITUT PERTANIAN STIPER,Baik Sekali,2,10356250.0,D.I. Yogyakarta
Jawa,INSTITUT TEKNOLOGI BISNIS DAN KESEHATAN BHAKTI PUTRA BANGSA INDONESIA,Baik Sekali,2,6400000.0,Jawa Tengah
Jawa,INSTITUT TEKNOLOGI DAN BISNIS DEWANTARA,Baik Sekali,2,9510000.0,Jawa Barat
Jawa,INSTITUT TEKNOLOGI DAN BISNIS RIYADLUL ULUM,Baik Sekali,2,12232000.0,Jawa Barat
Jawa,INSTITUT TEKNOLOGI DAN SAINS BANDUNG,Baik Sekali,2,13000000.0,Jawa Barat
Jawa,INSTITUT TEKNOLOGI SAINS DAN KESEHATAN INSAN CENDEKIA MEDIKA JOMBANG,Baik Sekali,2,9600000.0,Jawa Timur
Jawa,SEKOLAH TINGGI BAHASA ASING JIA,Baik Sekali,2,15000000.0,Jawa Barat
Jawa,SEKOLAH TINGGI BAHASA ASING YAPARI,Baik Sekali,2,8750000.0,Jawa Barat
Jawa,SEKOLAH TINGGI DESAIN INDONESIA BANDUNG,Baik Sekali,2,20827000.0,Jawa Barat
Jawa,SEKOLAH TINGGI ILMU ADMINISTRASI CIMAHI,Baik Sekali,2,27000002.0,Jawa Barat
Jawa,SEKOLAH TINGGI ILMU ADMINISTRASI MADANI,Baik Sekali,2,3692500.0,Jawa Tengah
Jawa,SEKOLAH TINGGI ILMU ADMINISTRASI MALANG,Baik Sekali,2,7500000.0,Jawa Timur
Jawa,SEKOLAH TINGGI ILMU ADMINISTRASI PEMBANGUNAN,Baik Sekali,2,6400000.0,Jawa Timur
Jawa,SEKOLAH TINGGI ILMU EKONOMI AL-ANWAR,Baik Sekali,2,5000000.0,Jawa Timur
Jawa,SEKOLAH TINGGI ILMU EKONOMI AMA,Baik Sekali,2,5000000.0,Jawa Tengah
Jawa,SEKOLAH TINGGI ILMU EKONOMI BII BEKASI,Baik Sekali,2,6710000.0,Jawa Barat
Jawa,SEKOLAH TINGGI ILMU EKONOMI BISMA LEPISI,Baik Sekali,2,6000000.0,Jawa Barat
Jawa,SEKOLAH TINGGI ILMU EKONOMI CENDEKIA BOJONEGORO,Baik Sekali,2,7800000.0,Jawa Timur
Jawa,SEKOLAH TINGGI ILMU EKONOMI CENDEKIA KARYA UTAMA,Baik Sekali,2,5900000.0,Jawa Tengah
Jawa,SEKOLAH TINGGI ILMU EKONOMI CIREBON,Baik Sekali,2,20000000.0,Jawa Barat
Jawa,SEKOLAH TINGGI ILMU EKONOMI DARUL FALAH,Baik Sekali,2,900000.0,Jawa Timur
Jawa,SEKOLAH TINGGI ILMU EKONOMI DHARMA AGUNG INDONESIA,Baik Sekali,2,9920000.0,Jawa Barat
Jawa,SEKOLAH TINGGI ILMU EKONOMI DWIMULYA,Baik Sekali,2,11600000.0,Banten
Jawa,SEKOLAH TINGGI ILMU EKONOMI EKADHARMA INDONESIA,Baik Sekali,2,5400000.0,Jawa Barat
Jawa,SEKOLAH TINGGI ILMU EKONOMI GEMPOL,Baik Sekali,2,9600000.0,Jawa Timur
Jawa,SEKOLAH TINGGI ILMU EKONOMI GICI,Baik Sekali,2,5950000.0,Jawa Barat
Jawa,SEKOLAH TINGGI ILMU EKONOMI HARAPAN BANGSA,Baik Sekali,2,22640000.0,Jawa Barat
Jawa,SEKOLAH TINGGI ILMU EKONOMI HIDAYATULLAH DEPOK,Baik Sekali,2,6400000.0,Jawa Barat
Jawa,SEKOLAH TINGGI ILMU EKONOMI INDONESIA SURABAYA,Unggul,2,11000000.0,Jawa Timur
Jawa,SEKOLAH TINGGI ILMU EKONOMI JAYA NEGARA TAMANSISWA,Baik Sekali,2,5050000.0,Jawa Timur
Jawa,SEKOLAH TINGGI ILMU EKONOMI KALPATARU,Baik Sekali,2,8400000.0,Jawa Barat
Jawa,SEKOLAH TINGGI ILMU EKONOMI KESUMANEGARA,Baik Sekali,2,5250000.0,Jawa Timur
Jawa,SEKOLAH TINGGI ILMU EKONOMI MALANGKUCECWARA,Unggul,2,9000000.0,Jawa Timur
Jawa,SEKOLAH TINGGI ILMU EKONOMI MANAJEMEN BISNIS INDONESIA,Baik Sekali,2,8100000.0,Jawa Barat
Jawa,SEKOLAH TINGGI ILMU EKONOMI MIFTAHUL HUDA,Baik Sekali,2,5900000.0,Jawa Barat
Jawa,SEKOLAH TINGGI ILMU EKONOMI MUHAMMADIYAH CILACAP,Baik Sekali,2,7500000.0,Jawa Tengah
Jawa,SEKOLAH TINGGI ILMU EKONOMI MULIA PRATAMA,Baik Sekali,2,10040000.0,Jawa Barat
Jawa,SEKOLAH TINGGI ILMU EKONOMI PARIWISATA YAPARI,Baik Sekali,2,9300000.0,Jawa Barat
Jawa,SEKOLAH TINGGI ILMU EKONOMI PASUNDAN,Baik Sekali,2,3000000.0,Jawa Barat
Jawa,SEKOLAH TINGGI ILMU EKONOMI PELITA NUSANTARA,Baik Sekali,2,4000000.0,Jawa Tengah
Jawa,SEKOLAH TINGGI ILMU EKONOMI PPI,Baik Sekali,2,4950000.0,Banten
Jawa,SEKOLAH TINGGI ILMU EKONOMI RAJAWALI,Baik Sekali,2,2700000.0,Jawa Tengah
Jawa,SEKOLAH TINGGI ILMU EKONOMI SBI,Baik Sekali,2,4565000.0,D.I. Yogyakarta
Jawa,SEKOLAH TINGGI ILMU EKONOMI SEMARANG,Baik Sekali,2,15050000.0,Jawa Tengah
Jawa,SEKOLAH TINGGI ILMU EKONOMI STAN IM,Baik Sekali,2,42400000.0,Jawa Barat
Jawa,SEKOLAH TINGGI ILMU EKONOMI STUDI EKONOMI MODERN,Baik Sekali,2,32610000.0,Jawa Tengah
Jawa,SEKOLAH TINGGI ILMU EKONOMI SURAKARTA,Baik Sekali,2,5100000.0,Jawa Tengah
Jawa,SEKOLAH TINGGI ILMU EKONOMI SUTAATMADJA,Baik Sekali,2,10325000.0,Jawa Barat
Jawa,SEKOLAH TINGGI ILMU EKONOMI TOTALWIN,Baik Sekali,2,9100000.0,Jawa Tengah
Jawa,SEKOLAH TINGGI ILMU EKONOMI TRI BHAKTI,Baik Sekali,2,6400000.0,Jawa Barat
Jawa,SEKOLAH TINGGI ILMU EKONOMI WIDYA GAMA,Baik Sekali,2,5800000.0,Jawa Timur
Jawa,SEKOLAH TINGGI ILMU EKONOMI WIJAYA MULYA,Baik Sekali,2,6270000.0,Jawa Tengah
Jawa,SEKOLAH TINGGI ILMU EKONOMI YKP,Baik Sekali,2,9990000.0,D.I. Yogyakarta
Jawa,SEKOLAH TINGGI ILMU EKONOMI YKPN,A,2,14000000.0,D.I. Yogyakarta
Jawa,SEKOLAH TINGGI ILMU HUKUM DAN POLITIK PELOPOR BANGSA,Baik Sekali,2,9600000.0,Jawa Barat
Jawa,SEKOLAH TINGGI ILMU KESEHATAN AKBIDYO,Baik Sekali,2,27400000.0,D.I. Yogyakarta
Jawa,SEKOLAH TINGGI ILMU KESEHATAN BANTEN,Baik Sekali,2,10800000.0,Banten
Jawa,SEKOLAH TINGGI ILMU KESEHATAN BHAKTI HUSADA CIKARANG,Baik Sekali,2,18000000.0,Jawa Barat
Jawa,SEKOLAH TINGGI ILMU KESEHATAN BOGOR HUSADA,Baik Sekali,2,20000000.0,Jawa Barat
Jawa,SEKOLAH TINGGI ILMU KESEHATAN KEPANJEN,Baik Sekali,2,15450000.0,Jawa Timur
Jawa,SEKOLAH TINGGI ILMU KESEHATAN MAHARDIKA CIREBON,Baik Sekali,2,11700000.0,Jawa Barat
Jawa,SEKOLAH TINGGI ILMU KESEHATAN NOTOKUSUMO YOGYAKARTA,Baik Sekali,2,7950000.0,D.I. Yogyakarta
Jawa,SEKOLAH TINGGI ILMU KESEHATAN PANTI KOSALA,Baik Sekali,2,12700000.0,Jawa Tengah
Jawa,SEKOLAH TINGGI ILMU KESEHATAN PANTI RAPIH YOGYAKARTA,Baik Sekali,2,19370000.0,D.I. Yogyakarta
Jawa,SEKOLAH TINGGI ILMU KESEHATAN PELITA ILMU DEPOK,Baik Sekali,2,15300000.0,Jawa Barat
Jawa,SEKOLAH TINGGI ILMU KESEHATAN RS DUSTIRA,Baik Sekali,2,16500000.0,Jawa Barat
Jawa,SEKOLAH TINGGI ILMU KESEHATAN SALSABILA SERANG,Baik Sekali,2,19600000.0,Banten
Jawa,SEKOLAH TINGGI ILMU KESEHATAN SISMADI,Baik Sekali,2,10000000.0,Jawa Barat
Jawa,SEKOLAH TINGGI ILMU KESEHATAN TUJUH BELAS,Baik Sekali,2,10050000.0,Jawa Tengah
Jawa,SEKOLAH TINGGI ILMU KESEHATAN WIDYA DHARMA HUSADA TANGERANG,Baik Sekali,2,13500000.0,Banten
Jawa,SEKOLAH TINGGI ILMU KOMPUTER POLTEK CIREBON,Baik Sekali,2,12000000.0,Jawa Barat
Jawa,SEKOLAH TINGGI ILMU KOMUNIKASI ALMAMATER WARTAWAN SURABAYA,Baik Sekali,2,8950000.0,Jawa Timur
Jawa,SEKOLAH TINGGI KEGURUAN DAN ILMU PENDIDIKAN PASUNDAN,Unggul,2,25150000.0,Jawa Barat
Jawa,SEKOLAH TINGGI KESENIAN WILWATIKTA,Baik Sekali,2,3950000.0,Jawa Timur
Jawa,SEKOLAH TINGGI MANAJEMEN INFORMATIKA DAN KOMPUTER AMIKOM SURAKARTA,Baik Sekali,2,5160000.0,Jawa Tengah
Jawa,SEKOLAH TINGGI MARITIM YOGYAKARTA,Baik Sekali,2,6250000.0,D.I. Yogyakarta
Jawa,SEKOLAH TINGGI PEMBANGUNAN MASYARAKAT DESA APMD,Baik Sekali,2,9150000.0,D.I. Yogyakarta
Jawa,SEKOLAH TINGGI TEKNIK PATI,Baik Sekali,2,5200000.0,Jawa Tengah
Jawa,SEKOLAH TINGGI TEKNOLOGI CIPASUNG,Baik Sekali,2,2250000.0,Jawa Barat
Jawa,SEKOLAH TINGGI TEKNOLOGI CIREBON,Baik Sekali,2,12350000.0,Jawa Barat
Jawa,SEKOLAH TINGGI TEKNOLOGI INDONESIA,Baik Sekali,2,2000000.0,Jawa Barat
Jawa,SEKOLAH TINGGI TEKNOLOGI POMOSDA,Baik Sekali,2,4800000.0,Jawa Timur
Jawa,SEKOLAH TINGGI TEKNOLOGI PRATAMA ADI,Baik Sekali,2,5400000.0,Jawa Barat
Jawa,SEKOLAH TINGGI TEKNOLOGI TERPADU NURUL FIKRI,Baik Sekali,2,16000000.0,Jawa Barat
Jawa,STIE PASIM SUKABUMI,Baik Sekali,2,4800000.0,Jawa Barat
Jawa,STIEB PERDANA MANDIRI,Baik Sekali,2,8638000.0,Jawa Barat
Jawa,STIKES MUHAMMADIYAH CIREBON,Baik Sekali,2,23600000.0,Jawa Barat
Jawa,STISIP WIDYAPURI MANDIRI,Baik Sekali,2,8000000.0,Jawa Barat
Jawa,STKIP BABUNNAJAH PANDEGLANG,Baik Sekali,2,4800000.0,Banten
Jawa,STKIP MUTIARA BANTEN,Baik Sekali,2,8000000.0,Banten
Jawa,STKIP NAHDLATUL ULAMA KABUPATEN TEGAL,Baik Sekali,2,4800000.0,Jawa Tengah
Jawa,STKIP SINAR CENDEKIA,Baik Sekali,2,4800000.0,Banten
Jawa,STMIK AKI PATI,Baik Sekali,2,3500000.0,Jawa Tengah
Jawa,STMIK ANTAR BANGSA,Baik Sekali,2,5100000.0,Banten
Jawa,STMIK BANDUNG,Baik Sekali,2,50250000.0,Jawa Barat
Jawa,STMIK BINA PATRIA,Baik Sekali,2,5000000.0,Jawa Tengah
Jawa,STMIK IM,Baik Sekali,2,8000000.0,Jawa Barat
Jawa,STMIK MASA DEPAN,Baik Sekali,2,4300000.0,Banten
Jawa,STMIK MERCUSUAR,Baik Sekali,2,4800000.0,Jawa Barat
Jawa,STMIK PGRI TANGERANG,Baik Sekali,2,4800000.0,Banten
Jawa,STMIK PPKIA PRADNYA PARAMITA,Baik Sekali,2,5750000.0,Jawa Timur
Jawa,STMIK PRANATA INDONESIA,Baik Sekali,2,7994000.0,Jawa Barat
Jawa,STMIK WIDYA UTAMA,Baik Sekali,2,2600000.0,Jawa Tengah
Jawa,UNIVERSITAS AISYIYAH YOGYAKARTA,Unggul,2,5000000.0,D.I. Yogyakarta
Jawa,UNIVERSITAS AKPRIND INDONESIA,Unggul,2,10630000.0,D.I. Yogyakarta
Jawa,UNIVERSITAS ATMA JAYA YOGYAKARTA,Baik Sekali,2,18000000.0,D.I. Yogyakarta
Jawa,UNIVERSITAS BANTEN,Baik Sekali,2,2900000.0,Banten
Jawa,UNIVERSITAS BINA SEHAT PPNI MOJOKERTO,Baik Sekali,2,17000000.0,Jawa Timur
Jawa,UNIVERSITAS BOYOLALI,C,2,7450000.0,Jawa Tengah
Jawa,UNIVERSITAS CIPUTRA,A,2,27200000.0,Jawa Timur
Jawa,UNIVERSITAS CIPUTRA SURABAYA,Unggul,2,59000000.0,Jawa Timur
Jawa,UNIVERSITAS DARUSSALAM GONTOR,Unggul,2,20500000.0,Jawa Timur
Jawa,UNIVERSITAS DINAMIKA,Unggul,2,22000000.0,Jawa Timur
Jawa,UNIVERSITAS DJUANDA,Unggul,2,10800000.0,Jawa Barat
Jawa,UNIVERSITAS DOKTOR NUGROHO MAGETAN,A,2,27500000.0,Jawa Timur
Jawa,UNIVERSITAS DR SOETOMO,Unggul,2,17520000.0,Jawa Timur
Jawa,UNIVERSITAS GALUH CIAMIS,C,2,4250000.0,Jawa Barat
Jawa,UNIVERSITAS HANG TUAH,A,2,146900000.0,Jawa Timur
Jawa,UNIVERSITAS HANG TUAH,Unggul,2,146900000.0,Jawa Timur
Jawa,UNIVERSITAS HAYAM WURUK PERBANAS,A,2,21310000.0,Jawa Timur
Jawa,UNIVERSITAS HAYAM WURUK PERBANAS,Unggul,2,21310000.0,Jawa Timur
Jawa,UNIVERSITAS ISLAM 45,Unggul,2,14527000.0,Jawa Barat
Jawa,UNIVERSITAS ISLAM BALITAR,C,2,15375000.0,Jawa Timur
Jawa,UNIVERSITAS ISLAM BATIK,C,2,5550000.0,Jawa Tengah
Jawa,UNIVERSITAS ISLAM NAHDLATUL ULAMA JEPARA,Unggul,2,9886000.0,Jawa Tengah
Jawa,UNIVERSITAS ISLAM SULTAN AGUNG,C,2,201750001.0,Jawa Tengah
Jawa,UNIVERSITAS ISLAM SULTAN AGUNG,Unggul,2,201750001.0,Jawa Tengah
Jawa,UNIVERSITAS JANABADRA,A,2,9700000.0,D.I. Yogyakarta
Jawa,UNIVERSITAS KEBANGSAAN REPUBLIK INDONESIA,A,2,66200003.0,Jawa Barat
Jawa,UNIVERSITAS KRISTEN SATYA WACANA,C,2,276850001.0,Jawa Tengah
Jawa,UNIVERSITAS KRISTEN SATYA WACANA,Unggul,2,276850001.0,Jawa Tengah
Jawa,UNIVERSITAS KUNINGAN,C,2,12150000.0,Jawa Barat
Jawa,UNIVERSITAS MAJALENGKA,C,2,6025000.0,Jawa Barat
Jawa,UNIVERSITAS MANGKU WIYATA,Baik Sekali,2,7350000.0,Banten
Jawa,UNIVERSITAS MERCU BUANA YOGYAKARTA,A,2,33065000.0,D.I. Yogyakarta
Jawa,UNIVERSITAS MUHAMMADIYAH CILEUNGSI,A,2,10500000.0,Jawa Barat
Jawa,UNIVERSITAS MUHAMMADIYAH CIREBON,Unggul,2,8850000.0,Jawa Barat
Jawa,UNIVERSITAS MUHAMMADIYAH GRESIK,Unggul,2,11150000.0,Jawa Timur
Jawa,UNIVERSITAS MUHAMMADIYAH JEMBER,A,2,46860200.0,Jawa Timur
Jawa,UNIVERSITAS MUHAMMADIYAH MAGELANG,C,2,29580000.0,Jawa Tengah
Jawa,UNIVERSITAS MUHAMMADIYAH PEKAJANGAN PEKALONGAN,Unggul,2,19050000.0,Jawa Tengah
Jawa,UNIVERSITAS MUHAMMADIYAH TASIKMALAYA,Unggul,2,17450000.0,Jawa Barat
Jawa,UNIVERSITAS MUHAMMADIYAH YOGYAKARTA,Unggul,2,27000000.0,D.I. Yogyakarta
Jawa,UNIVERSITAS MURIA KUDUS,Unggul,2,9200000.0,Jawa Tengah
Jawa,UNIVERSITAS NGUDI WALUYO,Unggul,2,31600000.0,Jawa Tengah
Jawa,UNIVERSITAS NUSA PUTRA,Unggul,2,7600000.0,Jawa Barat
Jawa,UNIVERSITAS PELITA HARAPAN SURABAYA,C,2,19750000.0,Jawa Timur
Jawa,UNIVERSITAS PGRI MPU SINDOK,A,2,7000000.0,Jawa Timur
Jawa,UNIVERSITAS PGRI SEMARANG,C,2,16900000.0,Jawa Tengah
Jawa,UNIVERSITAS PGRI YOGYAKARTA,A,2,12100000.0,D.I. Yogyakarta
Jawa,UNIVERSITAS RAHARJA,C,2,12375870.0,Banten
Jawa,UNIVERSITAS SUGENG HARTONO,A,2,16200000.0,Jawa Tengah
Jawa,UNIVERSITAS TELKOM,A,2,26000000.0,Jawa Barat
Jawa,UNIVERSITAS WIDYATAMA,A,2,11100000.0,Jawa Barat
Jawa,UNIVERSITAS WIJAYA KUSUMA SURABAYA,A,2,38400000.0,Jawa Timur
Jawa,UNIVERSITAS WIJAYA KUSUMA SURABAYA,C,2,38400000.0,Jawa Timur
Jawa,UNIVERSITAS WIJAYA PUTRA,A,2,11600100.0,Jawa Timur
Jawa,UNIVERSITAS WIJAYAKUSUMA PURWOKERTO,Baik Sekali,2,8500000.0,Jawa Tengah
Jawa,INSTITUT BISNIS DAN INFORMATIKA KESATUAN,Unggul,1,16000000.0,Jawa Barat
Jawa,INSTITUT INFORMATIKA INDONESIA SURABAYA,A,1,24000000.0,Jawa Timur
Jawa,INSTITUT SAINS DAN TEKNOLOGI TERPADU SURABAYA,Unggul,1,28200000.0,Jawa Timur
Jawa,INSTITUT TEKNOLOGI BISNIS AAS INDONESIA,A,1,11500000.0,Jawa Tengah
Jawa,INSTITUT TEKNOLOGI DAN BISNIS BINA SARANA GLOBAL,A,1,14000000.0,Banten
Jawa,INSTITUT TEKNOLOGI NASIONAL MALANG,C,1,24550000.0,Jawa Timur
Jawa,PRESIDENT UNIVERSITY,C,1,36000000.0,Jawa Barat
Jawa,SEKOLAH TINGGI ARSITEKTUR YKPN YOGYAKARTA,Baik Sekali,1,10500000.0,D.I. Yogyakarta
Jawa,SEKOLAH TINGGI BAHASA ASING CIPTO HADI PRANOTO,Baik Sekali,1,7850000.0,Jawa Barat
Jawa,SEKOLAH TINGGI BAHASA ASING LIA YOGYAKARTA,Baik Sekali,1,10950000.0,D.I. Yogyakarta
Jawa,SEKOLAH TINGGI BAHASA ASING TECHNOCRAT,Baik Sekali,1,6500000.0,Banten
Jawa,SEKOLAH TINGGI FARMASI INDONESIA,Baik Sekali,1,84000000.0,Jawa Barat
Jawa,SEKOLAH TINGGI HUKUM BANDUNG,A,1,15000000.0,Jawa Barat
Jawa,SEKOLAH TINGGI HUKUM GALUNGGUNG,Baik Sekali,1,1500000.0,Jawa Barat
Jawa,SEKOLAH TINGGI HUKUM GARUT,Baik Sekali,1,8500000.0,Jawa Barat
Jawa,SEKOLAH TINGGI ILMU ADMINISTRASI AAN,Baik Sekali,1,17005000.0,D.I. Yogyakarta
Jawa,SEKOLAH TINGGI ILMU ADMINISTRASI BAYUANGGA,Baik Sekali,1,4800000.0,Jawa Timur
Jawa,SEKOLAH TINGGI ILMU ADMINISTRASI MAULANA YUSUF BANTEN,Baik Sekali,1,1200000.0,Banten
Jawa,SEKOLAH TINGGI ILMU ADMINISTRASI MENARA SISWA,Baik Sekali,1,4100000.0,Jawa Barat
Jawa,SEKOLAH TINGGI ILMU BAHASA DAN SASTRA SATYA WIDYA,Baik Sekali,1,12000000.0,Jawa Timur
Jawa,SEKOLAH TINGGI ILMU BISNIS KUMALA NUSA,Baik Sekali,1,7340000.0,D.I. Yogyakarta
Jawa,SEKOLAH TINGGI ILMU EKONOMI ANINDYAGUNA,Baik Sekali,1,4800000.0,Jawa Tengah
Jawa,SEKOLAH TINGGI ILMU EKONOMI ARTHA BODHI ISWARA,Baik Sekali,1,7750000.0,Jawa Timur
Jawa,SEKOLAH TINGGI ILMU EKONOMI BUDI PERTIWI,Baik Sekali,1,5500000.0,Jawa Barat
Jawa,SEKOLAH TINGGI ILMU EKONOMI DHARMA NASIONAL JEMBER,Baik Sekali,1,4800000.0,Jawa Timur
Jawa,SEKOLAH TINGGI ILMU EKONOMI DHARMA PUTRA SEMARANG,Baik Sekali,1,35500000.0,Jawa Tengah
Jawa,SEKOLAH TINGGI ILMU EKONOMI EKUITAS,Baik Sekali,1,27454200.0,Jawa Barat
Jawa,SEKOLAH TINGGI ILMU EKONOMI EKUITAS,Unggul,1,27454200.0,Jawa Barat
Jawa,SEKOLAH TINGGI ILMU EKONOMI IBMT,Baik Sekali,1,5750000.0,Jawa Timur
Jawa,SEKOLAH TINGGI ILMU EKONOMI IEU,A,1,2400000.0,Jawa Timur
Jawa,SEKOLAH TINGGI ILMU EKONOMI INDOCAKTI,Baik Sekali,1,4650000.0,Jawa Timur
Jawa,SEKOLAH TINGGI ILMU EKONOMI INDONESIA SURABAYA,Baik Sekali,1,11000000.0,Jawa Timur
Jawa,SEKOLAH TINGGI ILMU EKONOMI INSAN PEMBANGUNAN,Baik Sekali,1,8000000.0,Jawa Barat
Jawa,SEKOLAH TINGGI ILMU EKONOMI ISTI EKATANA UPAWEDA,Baik Sekali,1,5600000.0,D.I. Yogyakarta
Jawa,SEKOLAH TINGGI ILMU EKONOMI KERTANEGARA,Baik Sekali,1,4800000.0,Jawa Timur
Jawa,SEKOLAH TINGGI ILMU EKONOMI KOPERASI MALANG,Baik Sekali,1,6400000.0,Jawa Timur
Jawa,SEKOLAH TINGGI ILMU EKONOMI LATIFAH MUBAROKIYAH,Baik Sekali,1,16500000.0,Jawa Barat
Jawa,SEKOLAH TINGGI ILMU EKONOMI NU TRATE,Baik Sekali,1,7775000.0,Jawa Timur
Jawa,SEKOLAH TINGGI ILMU EKONOMI PARIPURNA,Baik Sekali,1,4500000.0,Jawa Barat
Jawa,SEKOLAH TINGGI ILMU EKONOMI PARIWISATA INDONESIA,Baik Sekali,1,14500000.0,Jawa Tengah
Jawa,SEKOLAH TINGGI ILMU EKONOMI PARIWISATA INDONESIA,Unggul,1,14500000.0,Jawa Tengah
Jawa,SEKOLAH TINGGI ILMU EKONOMI PEMNAS INDONESIA,Baik Sekali,1,7500000.0,Jawa Timur
Jawa,SEKOLAH TINGGI ILMU EKONOMI PEMUDA,Baik Sekali,1,6000000.0,Jawa Timur
Jawa,SEKOLAH TINGGI ILMU EKONOMI SATRIA,Baik Sekali,1,6000000.0,Jawa Tengah
Jawa,SEKOLAH TINGGI ILMU EKONOMI SWASTA MANDIRI,Baik Sekali,1,4800000.0,Jawa Tengah
Jawa,SEKOLAH TINGGI ILMU EKONOMI WIDYA MANGGALIA,Baik Sekali,1,6270000.0,Jawa Tengah
Jawa,SEKOLAH TINGGI ILMU EKONOMI YASA ANGGANA,Baik Sekali,1,10600000.0,Jawa Barat
Jawa,SEKOLAH TINGGI ILMU EKONOMI YASMI,Baik Sekali,1,4800000.0,Jawa Barat
Jawa,SEKOLAH TINGGI ILMU EKONOMI YKPN,Baik Sekali,1,14000000.0,D.I. Yogyakarta
Jawa,SEKOLAH TINGGI ILMU FARMASI NUSAPUTERA,Baik Sekali,1,10600000.0,Jawa Tengah
Jawa,SEKOLAH TINGGI ILMU HUKUM GUNUNG JATI,Baik Sekali,1,251500000.0,Banten
Jawa,SEKOLAH TINGGI ILMU HUKUM JENDERAL SUDIRMAN,Baik Sekali,1,7000000.0,Jawa Timur
Jawa,SEKOLAH TINGGI ILMU HUKUM SUNAN GIRI,Baik Sekali,1,6000000.0,Jawa Timur
Jawa,SEKOLAH TINGGI ILMU HUKUM ZAINUL HASAN,Baik Sekali,1,4800000.0,Jawa Timur
Jawa,SEKOLAH TINGGI ILMU KEPERAWATAN PPNI JAWA BARAT,Unggul,1,15000000.0,Jawa Barat
Jawa,SEKOLAH TINGGI ILMU KESEHATAN AHMAD DAHLAN CIREBON,Baik Sekali,1,20850000.0,Jawa Barat
Jawa,SEKOLAH TINGGI ILMU KESEHATAN AR-RUM,Baik Sekali,1,7000000.0,Jawa Tengah
Jawa,SEKOLAH TINGGI ILMU KESEHATAN ARTHA BODHI ISWARA,Baik Sekali,1,9000000.0,Jawa Timur
Jawa,SEKOLAH TINGGI ILMU KESEHATAN BANTUL,Baik Sekali,1,8800000.0,D.I. Yogyakarta
Jawa,SEKOLAH TINGGI ILMU KESEHATAN CIANJUR,Baik Sekali,1,15000000.0,Jawa Barat
Jawa,SEKOLAH TINGGI ILMU KESEHATAN GRIYA HUSADA SURABAYA,Baik Sekali,1,6900000.0,Jawa Timur
Jawa,SEKOLAH TINGGI ILMU KESEHATAN HAKLI,Baik Sekali,1,9600000.0,Jawa Tengah
Jawa,SEKOLAH TINGGI ILMU KESEHATAN HANG TUAH SURABAYA,Baik Sekali,1,15050000.0,Jawa Timur
Jawa,SEKOLAH TINGGI ILMU KESEHATAN HANG TUAH SURABAYA,Unggul,1,15050000.0,Jawa Timur
Jawa,SEKOLAH TINGGI ILMU KESEHATAN HARAPAN BANGSA,C,1,11000000.0,Jawa Timur
Jawa,SEKOLAH TINGGI ILMU KESEHATAN HOLISTIK,Baik Sekali,1,16000000.0,Jawa Barat
Jawa,SEKOLAH TINGGI ILMU KESEHATAN KESDAM IV / DIPONEGORO,Baik Sekali,1,15000000.0,Jawa Tengah
Jawa,SEKOLAH TINGGI ILMU KESEHATAN MAHARANI,Baik Sekali,1,6750000.0,Jawa Timur
Jawa,SEKOLAH TINGGI ILMU KESEHATAN MUHAMMADIYAH WONOSOBO,Baik Sekali,1,6900000.0,Jawa Tengah
Jawa,SEKOLAH TINGGI ILMU KESEHATAN NASIONAL,Baik Sekali,1,13970000.0,Jawa Tengah
Jawa,SEKOLAH TINGGI ILMU KESEHATAN PEMKAB PURWOREJO,Baik Sekali,1,12350000.0,Jawa Tengah
Jawa,SEKOLAH TINGGI ILMU KESEHATAN RS BAPTIS KEDIRI,Baik Sekali,1,6500000.0,Jawa Timur
Jawa,SEKOLAH TINGGI ILMU KESEHATAN SERULINGMAS,Baik Sekali,1,34070000.0,Jawa Tengah
Jawa,SEKOLAH TINGGI ILMU KESEHATAN WIDYA DHARMA HUSADA TANGERANG,Unggul,1,13500000.0,Banten
Jawa,SEKOLAH TINGGI ILMU KESEHATAN WILLIAM BOOTH,Baik Sekali,1,11000000.0,Jawa Timur
Jawa,SEKOLAH TINGGI ILMU KOMPUTER PGRI BANYUWANGI,Baik Sekali,1,8000000.0,Jawa Timur
Jawa,SEKOLAH TINGGI ILMU MANAJEMEN BUDI BAKTI,Baik Sekali,1,3000000.0,Jawa Barat
Jawa,SEKOLAH TINGGI ILMU MANAJEMEN YKPN YOGYAKARTA,Baik Sekali,1,8300000.0,D.I. Yogyakarta
Jawa,SEKOLAH TINGGI ILMU PERTANIAN FARMING,Baik Sekali,1,9500000.0,Jawa Tengah
Jawa,SEKOLAH TINGGI KESENIAN WILWATIKTA,Unggul,1,3950000.0,Jawa Timur
Jawa,SEKOLAH TINGGI MANAJEMEN INFORMATIKA DAN KOMPUTER AL-FATH,Baik Sekali,1,24240000.0,Jawa Barat
Jawa,SEKOLAH TINGGI MANAJEMEN INFORMATIKA DAN KOMPUTER PGRI ARUNGBINANG KEBUMEN,Baik Sekali,1,5700000.0,Jawa Tengah
Jawa,SEKOLAH TINGGI PARIWISATA AMBARRUKMO YOGYAKARTA,A,1,14450000.0,D.I. Yogyakarta
Jawa,SEKOLAH TINGGI PARIWISATA AMBARRUKMO YOGYAKARTA,Baik Sekali,1,14450000.0,D.I. Yogyakarta
Jawa,SEKOLAH TINGGI PARIWISATA ARS INTERNASIONAL,Baik Sekali,1,7450000.0,Jawa Barat
Jawa,SEKOLAH TINGGI PARIWISATA BOGOR,Baik Sekali,1,20000000.0,Jawa Barat
Jawa,SEKOLAH TINGGI PEMBANGUNAN MASYARAKAT DESA APMD,A,1,9150000.0,D.I. Yogyakarta
Jawa,SEKOLAH TINGGI SENI RUPA DAN DESAIN VISI INDONESIA,Baik Sekali,1,6050000.0,D.I. Yogyakarta
Jawa,SEKOLAH TINGGI TEKNOLOGI CAHAYA SURYA,Baik Sekali,1,3300000.0,Jawa Timur
Jawa,SEKOLAH TINGGI TEKNOLOGI GEMPOL,Baik Sekali,1,9100000.0,Jawa Timur
Jawa,SEKOLAH TINGGI TEKNOLOGI INDONESIA,A,1,2000000.0,Jawa Barat
Jawa,SEKOLAH TINGGI TEKNOLOGI INDUSTRI DAN FARMASI BOGOR,Baik Sekali,1,6000000.0,Jawa Barat
Jawa,SEKOLAH TINGGI TEKNOLOGI INFORMATIKA SONY SUGEMA,Baik Sekali,1,5000000.0,Jawa Barat
Jawa,SEKOLAH TINGGI TEKNOLOGI STIKMA INTERNASIONAL,Baik Sekali,1,5900000.0,Jawa Timur
Jawa,SEKOLAH TINGGI TEKNOLOGI TERPADU NURUL FIKRI,C,1,16000000.0,Jawa Barat
Jawa,STIA DAN MANAJEMEN KEPELABUHAN BARUNAWATI,Baik Sekali,1,10200000.0,Jawa Timur
Jawa,STIE BAKTI BANGSA,Baik Sekali,1,2600000.0,Jawa Timur
Jawa,STIKES ADI HUSADA,Baik Sekali,1,13200000.0,Jawa Timur
Jawa,STIKES MAMBA UL ULUM SURAKARTA,C,1,15250000.0,Jawa Tengah
Jawa,STISIP GUNA NUSANTARA,Baik Sekali,1,6000000.0,Jawa Barat
Jawa,STISIP SAMUDERA INDONESIA SELATAN,Baik Sekali,1,4800000.0,Jawa Barat
Jawa,STISIP SYAMSUL ULUM,Baik Sekali,1,5000000.0,Jawa Barat
Jawa,STISIP TASIKMALAYA,Baik Sekali,1,9460000.0,Jawa Barat
Jawa,STKIP ARRAHMANIYAH,Baik Sekali,1,8000000.0,Jawa Barat
Jawa,STKIP MUHAMMADIYAH BLORA,Baik Sekali,1,5700000.0,Jawa Tengah
Jawa,STKIP PGRI PONOROGO,Baik Sekali,1,8770000.0,Jawa Timur
Jawa,STKIP PGRI SAMPANG,Baik Sekali,1,6215000.0,Jawa Timur
Jawa,STKIP PGRI SIDOARJO,Baik Sekali,1,7400000.0,Jawa Timur
Jawa,STKIP WIDYA YUWANA,Baik Sekali,1,10000000.0,Jawa Timur
Jawa,STMIK AMIK BANDUNG,A,1,12000000.0,Jawa Barat
Jawa,STMIK AMIK BANDUNG,Baik Sekali,1,12000000.0,Jawa Barat
Jawa,STMIK DCI,Baik Sekali,1,8000000.0,Jawa Barat
Jawa,STMIK MARDIRA INDONESIA,Baik Sekali,1,7600000.0,Jawa Barat
Jawa,STT MINYAK DAN GAS CILACAP,Baik Sekali,1,11300000.0,Jawa Tengah
Jawa,UNIVERSITAS 17 AGUSTUS 1945 SEMARANG,A,1,11250000.0,Jawa Tengah
Jawa,UNIVERSITAS 17 AGUSTUS 1945 SEMARANG,C,1,11250000.0,Jawa Tengah
Jawa,UNIVERSITAS 17 AGUSTUS 1945 SEMARANG,Unggul,1,11250000.0,Jawa Tengah
Jawa,UNIVERSITAS ADVENT INDONESIA,C,1,27520000.0,Jawa Barat
Jawa,UNIVERSITAS AMIKOM YOGYAKARTA,Unggul,1,10300000.0,D.I. Yogyakarta
Jawa,UNIVERSITAS ANNUQAYAH,A,1,7450000.0,Jawa Timur
Jawa,UNIVERSITAS ATMA JAYA YOGYAKARTA,Unggul,1,18000000.0,D.I. Yogyakarta
Jawa,UNIVERSITAS BANI SALEH,C,1,25450000.0,Jawa Barat
Jawa,UNIVERSITAS BHAKTI ASIH TANGERANG,A,1,18000000.0,Banten
Jawa,UNIVERSITAS BHAKTI HUSADA INDONESIA,A,1,22350000.0,Jawa Barat
Jawa,UNIVERSITAS BHAKTI HUSADA INDONESIA,Unggul,1,22350000.0,Jawa Barat
Jawa,UNIVERSITAS BHAKTI KENCANA,Unggul,1,23600000.0,Jawa Barat
Jawa,UNIVERSITAS BHAYANGKARA SURABAYA,A,1,35502000.0,Jawa Timur
Jawa,UNIVERSITAS BHINNEKA PGRI,Unggul,1,6175000.0,Jawa Timur
Jawa,UNIVERSITAS BINA INSANI,A,1,6250000.0,Jawa Barat
Jawa,UNIVERSITAS BINA SEHAT PPNI MOJOKERTO,Unggul,1,17000000.0,Jawa Timur
Jawa,UNIVERSITAS BSI BANDUNG,C,1,4150000.0,Jawa Barat
Jawa,UNIVERSITAS DARUL MA`ARIF,A,1,5000000.0,Jawa Barat
Jawa,UNIVERSITAS DIAN NUSWANTORO,Unggul,1,4000000.0,Jawa Tengah
Jawa,UNIVERSITAS DJUANDA,A,1,10800000.0,Jawa Barat
Jawa,UNIVERSITAS DOKTOR NUGROHO MAGETAN,Unggul,1,27500000.0,Jawa Timur
Jawa,UNIVERSITAS DR. SOETOMO,A,1,5100000.0,Jawa Timur
Jawa,UNIVERSITAS GAJAYANA,Unggul,1,12000000.0,Jawa Timur
Jawa,UNIVERSITAS GALUH,Unggul,1,12000000.0,Jawa Barat
Jawa,UNIVERSITAS HALIM SANUSI,A,1,9516000.0,Jawa Barat
Jawa,UNIVERSITAS HORIZON INDONESIA,A,1,21196000.0,Jawa Barat
Jawa,UNIVERSITAS INDONESIA MEMBANGUN,C,1,11200000.0,Jawa Barat
Jawa,UNIVERSITAS INFORMATIKA DAN BISNIS INDONESIA,Unggul,1,9700000.0,Jawa Barat
Jawa,UNIVERSITAS ISLAM 45,A,1,14527000.0,Jawa Barat
Jawa,UNIVERSITAS ISLAM BATIK,A,1,5550000.0,Jawa Tengah
Jawa,UNIVERSITAS ISLAM MALANG,C,1,33550000.0,Jawa Timur
Jawa,UNIVERSITAS ISLAM MALANG,Unggul,1,33550000.0,Jawa Timur
Jawa,UNIVERSITAS ISLAM MULIA YOGYAKARTA,A,1,6500000.0,D.I. Yogyakarta
Jawa,UNIVERSITAS IVET,Unggul,1,8800000.0,Jawa Tengah
Jawa,UNIVERSITAS JENDERAL ACHMAD YANI,Unggul,1,21504000.0,Jawa Barat
Jawa,UNIVERSITAS KADIRI,C,1,71250000.0,Jawa Timur
Jawa,UNIVERSITAS KADIRI,Unggul,1,71250000.0,Jawa Timur
Jawa,UNIVERSITAS KATOLIK DARMA CENDIKA,C,1,14775000.0,Jawa Timur
Jawa,UNIVERSITAS KATOLIK SOEGIJAPRANATA,C,1,15500000.0,Jawa Tengah
Jawa,UNIVERSITAS KEPANJEN,A,1,13800000.0,Jawa Timur
Jawa,UNIVERSITAS KRISTEN PETRA,C,1,28000000.0,Jawa Timur
Jawa,UNIVERSITAS LANGLANG BUANA,A,1,7000000.0,Jawa Barat
Jawa,UNIVERSITAS LANGLANG BUANA,Unggul,1,7000000.0,Jawa Barat
Jawa,UNIVERSITAS LANGLANGBUANA,A,1,11500000.0,Jawa Barat
Jawa,UNIVERSITAS MA CHUNG,A,1,20400000.0,Jawa Timur
Jawa,UNIVERSITAS MA CHUNG,C,1,20400000.0,Jawa Timur
Jawa,UNIVERSITAS MA'ARIF NAHDLATUL ULAMA KEBUMEN,A,1,4800000.0,Jawa Tengah
Jawa,UNIVERSITAS MADURA,C,1,10000000.0,Jawa Timur
Jawa,UNIVERSITAS MERCU BUANA YOGYAKARTA,Unggul,1,33065000.0,D.I. Yogyakarta
Jawa,UNIVERSITAS MUHAMMADIYAH AHMAD DAHLAN CIREBON,C,1,19450000.0,Jawa Barat
Jawa,UNIVERSITAS MUHAMMADIYAH BREBES,A,1,6200000.0,Jawa Tengah
Jawa,UNIVERSITAS MUHAMMADIYAH CIREBON,C,1,8850000.0,Jawa Barat
Jawa,UNIVERSITAS MUHAMMADIYAH MALANG,C,1,20000000.0,Jawa Timur
Jawa,UNIVERSITAS MUHAMMADIYAH MALANG,Unggul,1,20000000.0,Jawa Timur
Jawa,UNIVERSITAS MUHAMMADIYAH PURWOKERTO,A,1,91025000.0,Jawa Tengah
Jawa,UNIVERSITAS MUHAMMADIYAH PURWOKERTO,Unggul,1,91025000.0,Jawa Tengah
Jawa,UNIVERSITAS MUHAMMADIYAH SIDOARJO,C,1,48525000.0,Jawa Timur
Jawa,UNIVERSITAS MUHAMMADIYAH TANGERANG,Unggul,1,68250000.0,Banten
Jawa,UNIVERSITAS MUHAMMADIYAH TEGAL,A,1,9800000.0,Jawa Tengah
Jawa,UNIVERSITAS MULTIMEDIA NUSANTARA,C,1,27000000.0,Banten
Jawa,UNIVERSITAS MURIA KUDUS,C,1,9200000.0,Jawa Tengah
Jawa,UNIVERSITAS NAHDLATUL ULAMA CIREBON,Unggul,1,4000146.0,Jawa Barat
Jawa,UNIVERSITAS NAHDLATUL ULAMA PURWOKERTO,A,1,6500000.0,Jawa Tengah
Jawa,UNIVERSITAS NAHDLATUL ULAMA SIDOARJO,Unggul,1,6000000.0,Jawa Timur
Jawa,UNIVERSITAS NAROTAMA,C,1,14100000.0,Jawa Timur
Jawa,UNIVERSITAS NASIONAL KARANGTURI SEMARANG,C,1,9200000.0,Jawa Tengah
Jawa,UNIVERSITAS NOOR HUDA MUSTOFA,Unggul,1,12400000.0,Jawa Timur
Jawa,UNIVERSITAS NUSANTARA PGRI KEDIRI,Unggul,1,7800000.0,Jawa Timur
Jawa,UNIVERSITAS PAKUAN,Unggul,1,35000006.0,Jawa Barat
Jawa,UNIVERSITAS PANCASAKTI TEGAL,Unggul,1,5300000.0,Jawa Tengah
Jawa,UNIVERSITAS PASUNDAN,C,1,48250000.0,Jawa Barat
Jawa,UNIVERSITAS PASUNDAN,Unggul,1,48250000.0,Jawa Barat
Jawa,UNIVERSITAS PELITA HARAPAN,A,1,61000000.0,Banten
Jawa,UNIVERSITAS PELITA HARAPAN SURABAYA,A,1,19750000.0,Jawa Timur
Jawa,UNIVERSITAS PGRI ADI BUANA,A,1,14450000.0,Jawa Timur
Jawa,UNIVERSITAS PGRI KANJURUHAN MALANG,Unggul,1,12040000.0,Jawa Timur
Jawa,UNIVERSITAS PGRI YOGYAKARTA,C,1,12100000.0,D.I. Yogyakarta
Jawa,UNIVERSITAS RAHARJA,Unggul,1,12375870.0,Banten
Jawa,UNIVERSITAS SAINS ALQUR AN,A,1,25745000.0,Jawa Tengah
Jawa,UNIVERSITAS SAINS ALQUR AN,Unggul,1,25745000.0,Jawa Tengah
Jawa,UNIVERSITAS SAINS DAN TEKNOLOGI KOMPUTER,A,1,33048600.0,Jawa Tengah
Jawa,UNIVERSITAS SALAKANAGARA,A,1,11400000.0,Banten
Jawa,UNIVERSITAS SANGGA BUANA,Unggul,1,21940000.0,Jawa Barat
Jawa,UNIVERSITAS SEBELAS APRIL,C,1,8000000.0,Jawa Barat
Jawa,UNIVERSITAS SELAMAT SRI,A,1,4075000.0,Jawa Tengah
Jawa,UNIVERSITAS SELAMAT SRI,C,1,4075000.0,Jawa Tengah
Jawa,UNIVERSITAS SLAMET RIYADI,Unggul,1,9340000.0,Jawa Tengah
Jawa,UNIVERSITAS SRAGEN,A,1,11500000.0,Jawa Tengah
Jawa,UNIVERSITAS STIKUBANK,C,1,16500000.0,Jawa Tengah
Jawa,UNIVERSITAS SULTAN FATAH,C,1,4800000.0,Jawa Tengah
Jawa,UNIVERSITAS SURABAYA,C,1,38850250.0,Jawa Timur
Jawa,UNIVERSITAS SURYAKANCANA,A,1,8160000.0,Jawa Barat
Jawa,UNIVERSITAS TANGERANG RAYA,C,1,7500000.0,Banten
Jawa,UNIVERSITAS TEKNOLOGI SURABAYA,C,1,6000000.0,Jawa Timur
Jawa,UNIVERSITAS TUNAS PEMBANGUNAN SURAKARTA,Unggul,1,8483000.0,Jawa Tengah
Jawa,UNIVERSITAS VETERAN BANGUN NUSANTARA,A,1,8350000.0,Jawa Tengah
Jawa,UNIVERSITAS W R SUPRATMAN,C,1,6000000.0,Jawa Timur
Jawa,UNIVERSITAS WIDYA GAMA,A,1,28500000.0,Jawa Timur
Jawa,UNIVERSITAS WIDYA GAMA,Unggul,1,28500000.0,Jawa Timur
Jawa,UNIVERSITAS WIRARAJA,A,1,9313750.0,Jawa Timur
Jawa,UNIVERSITAS YARSI PRATAMA,A,1,7200000.0,Banten
Kalimantan,UNIVERSITAS MUHAMMADIYAH KALIMANTAN TIMUR,Baik Sekali,15,11985000.0,Kalimantan Timur
Kalimantan,UNIVERSITAS ISLAM KALIMANTAN MUHAMMAD ARSYAD AL BANJARI BANJARMASIN,Baik Sekali,14,8095000.0,Kalimantan Selatan
Kalimantan,UNIVERSITAS PGRI PONTIANAK,Baik Sekali,14,6560000.0,Kalimantan Barat
Kalimantan,UNIVERSITAS BALIKPAPAN,Baik Sekali,13,9900000.0,Kalimantan Timur
Kalimantan,UNIVERSITAS MUHAMMADIYAH PALANGKA RAYA,Baik Sekali,13,20743000.0,Kalimantan Tengah
Kalimantan,IKIP PGRI PONTIANAK,Baik Sekali,10,7400000.0,Kalimantan
Kalimantan,UNIVERSITAS MUHAMMADIYAH PONTIANAK,Baik Sekali,10,8000000.0,Kalimantan Barat
Kalimantan,UNIVERSITAS MULIA,Baik Sekali,10,5900000.0,Kalimantan Timur
Kalimantan,UNIVERSITAS NAHDLATUL ULAMA KALIMANTAN TIMUR,Baik Sekali,10,8480000.0,Kalimantan Timur
Kalimantan,UNIVERSITAS ACHMAD YANI BANJARMASIN,Baik Sekali,9,4400000.0,Kalimantan Selatan
Kalimantan,UNIVERSITAS ANTAKUSUMA,Baik Sekali,9,4000000.0,Kalimantan Tengah
Kalimantan,UNIVERSITAS NAHDLATUL ULAMA KALIMANTAN BARAT,Baik Sekali,9,25500000.0,Kalimantan Barat
Kalimantan,UNIVERSITAS NAHDLATUL ULAMA KALIMANTAN SELATAN,Baik Sekali,9,7750000.0,Kalimantan Selatan
Kalimantan,UNIVERSITAS SARI MULIA,Baik Sekali,9,41850000.0,Kalimantan Selatan
Kalimantan,UNIVERSITAS WIDYA GAMA MAHAKAM SAMARINDA,Baik Sekali,9,6950000.0,Kalimantan Timur
Kalimantan,UNIVERSITAS KALTARA,Baik Sekali,8,8400000.0,Kalimantan Utara
Kalimantan,UNIVERSITAS KUTAI KARTANEGARA TENGGARONG,Baik Sekali,8,8355000.0,Kalimantan Timur
Kalimantan,UNIVERSITAS MUHAMMADIYAH BERAU,Baik Sekali,8,5000000.0,Kalimantan Timur
Kalimantan,UNIVERSITAS 17 AGUSTUS 1945 SAMARINDA,Baik Sekali,7,12501870.0,Kalimantan Timur
Kalimantan,UNIVERSITAS BORNEO LESTARI,Baik Sekali,7,25100000.0,Kalimantan Selatan
Kalimantan,UNIVERSITAS MUHAMMADIYAH BANJARMASIN,Baik Sekali,7,30355000.0,Kalimantan Selatan
Kalimantan,UNIVERSITAS PANCA BHAKTI,Baik Sekali,7,9590000.0,Kalimantan Barat
Kalimantan,UNIVERSITAS PGRI KALIMANTAN,Baik Sekali,7,5275000.0,Kalimantan Selatan
Kalimantan,UNIVERSITAS PGRI PALANGKA RAYA,Baik Sekali,7,287400000.0,Kalimantan Tengah
Kalimantan,UNIVERSITAS SAPTA MANDIRI,Baik Sekali,6,5400000.0,Kalimantan Selatan
Kalimantan,INSTITUT SAINS DAN BISNIS INTERNASIONAL SINGKAWANG,Baik Sekali,5,7190000.0,Kalimantan Barat
Kalimantan,SEKOLAH TINGGI KEGURUAN DAN ILMU PENDIDIKAN MELAWI,Baik Sekali,5,6600000.0,Kalimantan Barat
Kalimantan,SEKOLAH TINGGI PERTANIAN KUTAI TIMUR,Baik Sekali,5,9416250.0,Kalimantan Timur
Kalimantan,UNIVERSITAS CAHAYA BANGSA,Baik Sekali,5,6400000.0,Kalimantan Selatan
Kalimantan,UNIVERSITAS KATOLIK SANTO AGUSTINUS HIPPO,Baik Sekali,5,20420000.0,Kalimantan Barat
Kalimantan,UNIVERSITAS MUHAMMADIYAH SAMPIT,Baik Sekali,5,6500000.0,Kalimantan Tengah
Kalimantan,UNIVERSITAS OSO,Baik Sekali,5,6400000.0,Kalimantan Barat
Kalimantan,UNIVERSITAS WIDYA DHARMA PONTIANAK,Baik Sekali,5,10400000.0,Kalimantan Barat
Kalimantan,INSTITUT SHANTI BHUANA,Baik Sekali,4,13625000.0,Kalimantan Barat
Kalimantan,INSTITUT TEKNOLOGI KESEHATAN DAN SAINS WIYATA HUSADA SAMARINDA,Baik Sekali,4,7000000.0,Kalimantan Timur
Kalimantan,SEKOLAH TINGGI TEKNOLOGI BONTANG,Baik Sekali,4,8850000.0,Kalimantan Timur
Kalimantan,UNIVERSITAS MUHAMMADIYAH PALANGKA RAYA,A,4,20743000.0,Kalimantan Tengah
Kalimantan,INSTITUT TEKNOLOGI DAN BISNIS SABDA SETIA,Baik Sekali,3,5750000.0,Kalimantan Barat
Kalimantan,INSTITUT TEKNOLOGI DAN SAINS NAHDLATUL ULAMA KALIMANTAN,Baik Sekali,3,5000000.0,Kalimantan Tengah
Kalimantan,INSTITUT TEKNOLOGI KELING KUMANG,Baik Sekali,3,5900000.0,Kalimantan Barat
Kalimantan,SEKOLAH TINGGI TEKNOLOGI MIGAS,Baik Sekali,3,7550000.0,Kalimantan Timur
Kalimantan,STMIK WIDYA CIPTA DHARMA,Baik Sekali,3,6500000.0,Kalimantan Timur
Kalimantan,UNIVERSITAS 17 AGUSTUS 1945 SAMARINDA,C,3,12501870.0,Kalimantan Timur
Kalimantan,UNIVERSITAS DARWAN ALI,Baik Sekali,3,14895000.0,Kalimantan Tengah
Kalimantan,UNIVERSITAS MUHAMMADIYAH KALIMANTAN TIMUR,Unggul,3,11985000.0,Kalimantan Timur
Kalimantan,UNIVERSITAS MUHAMMADIYAH PONTIANAK,Unggul,3,8000000.0,Kalimantan Barat
Kalimantan,INSTITUT BISNIS DAN EKONOMI INDONESIA,Baik Sekali,2,6143000.0,Kalimantan Barat
Kalimantan,INSTITUT TEKNOLOGI DAN KESEHATAN MUHAMMADIYAH KALIMANTAN BARAT,Baik Sekali,2,21249000.0,Kalimantan Barat
Kalimantan,SEKOLAH TINGGI ILMU ADMINISTRASI TABALONG,C,2,6962500.0,Kalimantan Selatan
Kalimantan,SEKOLAH TINGGI ILMU EKONOMI BALIKPAPAN,Baik Sekali,2,8925000.0,Kalimantan Timur
Kalimantan,SEKOLAH TINGGI ILMU EKONOMI BULUNGAN TARAKAN,Baik Sekali,2,8000000.0,Kalimantan Utara
Kalimantan,SEKOLAH TINGGI ILMU EKONOMI NASIONAL BANJARMASIN,Baik Sekali,2,5980000.0,Kalimantan Selatan
Kalimantan,SEKOLAH TINGGI ILMU EKONOMI NUSANTARA SANGATTA,Baik Sekali,2,6400000.0,Kalimantan Timur
Kalimantan,SEKOLAH TINGGI ILMU EKONOMI PALANGKA RAYA,Baik Sekali,2,5750000.0,Kalimantan Tengah
Kalimantan,SEKOLAH TINGGI ILMU EKONOMI PANCASETIA,Baik Sekali,2,11457143.0,Kalimantan Selatan
Kalimantan,SEKOLAH TINGGI ILMU EKONOMI SAMPIT,Baik Sekali,2,11325000.0,Kalimantan Tengah
Kalimantan,SEKOLAH TINGGI ILMU KESEHATAN INTAN MARTAPURA,Baik Sekali,2,6400000.0,Kalimantan Selatan
Kalimantan,SEKOLAH TINGGI ILMU KESEHATAN SAMARINDA,Baik Sekali,2,14000000.0,Kalimantan Timur
Kalimantan,SEKOLAH TINGGI ILMU PERTANIAN AMUNTAI,Baik Sekali,2,3650000.0,Kalimantan Selatan
Kalimantan,SEKOLAH TINGGI ILMU PERTANIAN BERAU,Baik Sekali,2,6267000.0,Kalimantan Timur
Kalimantan,SEKOLAH TINGGI KEGURUAN DAN ILMU PENDIDIKAN TANJUNGPURA,Baik Sekali,2,3500000.0,Kalimantan Barat
Kalimantan,SEKOLAH TINGGI TEKNOLOGI INDUSTRI BONTANG,Baik Sekali,2,2400132.0,Kalimantan Timur
Kalimantan,STIE MADANI BALIKPAPAN,Baik Sekali,2,5800000.0,Kalimantan Timur
Kalimantan,STKIP ISLAM SABILAL MUHTADIN BANJARMASIN,Baik Sekali,2,5000000.0,Kalimantan Selatan
Kalimantan,STMIK BANJARBARU,Baik Sekali,2,7875000.0,Kalimantan Selatan
Kalimantan,STMIK INDONESIA BANJARMASIN,Baik Sekali,2,4668000.0,Kalimantan Selatan
Kalimantan,STMIK PALANGKA RAYA,Baik Sekali,2,6400000.0,Kalimantan Tengah
Kalimantan,UNIVERSITAS ISLAM KALIMANTAN MUHAMMAD ARSYAD AL BANJARI BANJARMASIN,Unggul,2,8095000.0,Kalimantan Selatan
Kalimantan,UNIVERSITAS KRISTEN PALANGKA RAYA,Baik Sekali,2,13350001.0,Kalimantan Tengah
Kalimantan,UNIVERSITAS MULIA,A,2,5900000.0,Kalimantan Timur
Kalimantan,UNIVERSITAS PANCA BHAKTI,C,2,9590000.0,Kalimantan Barat
Kalimantan,INSTITUT TEKNOLOGI DAN KESEHATAN MUHAMMADIYAH KALIMANTAN BARAT,Unggul,1,21249000.0,Kalimantan Barat
Kalimantan,SEKOLAH TINGGI BAHASA ASING PONTIANAK,Baik Sekali,1,4800000.0,Kalimantan Barat
Kalimantan,SEKOLAH TINGGI ILMU ADMINISTRASI AMUNTAI,Baik Sekali,1,5730000.0,Kalimantan Selatan
Kalimantan,SEKOLAH TINGGI ILMU EKONOMI BOEDI OETOMO,Baik Sekali,1,6087000.0,Kalimantan Barat
Kalimantan,SEKOLAH TINGGI ILMU EKONOMI DAHANI DAHANAI BUNTOK,Baik Sekali,1,13750000.0,Kalimantan Tengah
Kalimantan,SEKOLAH TINGGI ILMU EKONOMI INDONESIA PONTIANAK,Baik Sekali,1,8000000.0,Kalimantan Barat
Kalimantan,SEKOLAH TINGGI ILMU EKONOMI KUALA KAPUAS,Baik Sekali,1,3900000.0,Kalimantan Tengah
Kalimantan,SEKOLAH TINGGI ILMU EKONOMI MULIA SINGKAWANG,Baik Sekali,1,4250006.0,Kalimantan Barat
Kalimantan,SEKOLAH TINGGI ILMU EKONOMI NASIONAL SAMARINDA,Baik Sekali,1,4500000.0,Kalimantan Timur
Kalimantan,SEKOLAH TINGGI ILMU EKONOMI SAMARINDA,Baik Sekali,1,4950000.0,Kalimantan Timur
Kalimantan,SEKOLAH TINGGI ILMU HUKUM AWANG LONG,Unggul,1,6000000.0,Kalimantan Timur
Kalimantan,SEKOLAH TINGGI ILMU HUKUM HABARING HURUNG SAMPIT,Baik Sekali,1,6750000.0,Kalimantan Tengah
Kalimantan,SEKOLAH TINGGI ILMU HUKUM SOELTHAN M TSJAFIOEDDIN,Baik Sekali,1,7500000.0,Kalimantan Barat
Kalimantan,SEKOLAH TINGGI ILMU HUKUM TAMBUN BUNGAI,Baik Sekali,1,6300000.0,Kalimantan Tengah
Kalimantan,SEKOLAH TINGGI ILMU KESEHATAN ABDI PERSADA BANJARMASIN,Baik Sekali,1,12900000.0,Kalimantan Selatan
Kalimantan,SEKOLAH TINGGI ILMU KESEHATAN ISFI BANJARMASIN,Baik Sekali,1,13850000.0,Kalimantan Selatan
Kalimantan,SEKOLAH TINGGI ILMU KESEHATAN MUTIARA MAHAKAM SAMARINDA,Baik Sekali,1,13500000.0,Kalimantan Timur
Kalimantan,SEKOLAH TINGGI ILMU KESEHATAN MUTIARA MAHAKAM SAMARINDA,Unggul,1,13500000.0,Kalimantan Timur
Kalimantan,SEKOLAH TINGGI ILMU KESEHATAN SAMBAS,Baik Sekali,1,14400000.0,Kalimantan Barat
Kalimantan,STIMI BANJARMASIN,Baik Sekali,1,8000000.0,Kalimantan Selatan
Kalimantan,STIMI SAMARINDA,Baik Sekali,1,4500000.0,Kalimantan Timur
Kalimantan,STMIK BORNEO INTERNASIONAL,Baik Sekali,1,6400000.0,Kalimantan Timur
Kalimantan,STMIK PONTIANAK,Baik Sekali,1,8000000.0,Kalimantan Barat
Kalimantan,STMIK SAMARINDA,Baik Sekali,1,9100000.0,Kalimantan Timur
Kalimantan,UNIVERSITAS 17 AGUSTUS 1945 SAMARINDA,A,1,12501870.0,Kalimantan Timur
Kalimantan,UNIVERSITAS DARWAN ALI,A,1,14895000.0,Kalimantan Tengah
Kalimantan,UNIVERSITAS MUHAMMADIYAH BANJARMASIN,C,1,30355000.0,Kalimantan Selatan
Kalimantan,UNIVERSITAS MUHAMMADIYAH BANJARMASIN,Unggul,1,30355000.0,Kalimantan Selatan
Kalimantan,UNIVERSITAS MUHAMMADIYAH PALANGKA RAYA,Unggul,1,20743000.0,Kalimantan Tengah
Kalimantan,UNIVERSITAS PGRI KALIMANTAN,A,1,5275000.0,Kalimantan Selatan
Maluku-Papua,UNIVERSITAS PENDIDIKAN MUHAMMADIYAH SORONG,Baik Sekali,20,4000000.0,Papua Barat
Maluku-Papua,UNIVERSITAS MUHAMMADIYAH SORONG,Baik Sekali,17,18700000.0,Papua Barat
Maluku-Papua,UNIVERSITAS HALMAHERA,Baik Sekali,13,15260000.0,Maluku Utara
Maluku-Papua,UNIVERSITAS IQRA BURU,Baik Sekali,13,4650000.0,Maluku
Maluku-Papua,UNIVERSITAS DARUSSALAM AMBON,Baik Sekali,11,6000000.0,Maluku
Maluku-Papua,UNIVERSITAS MUHAMMADIYAH MALUKU UTARA,C,11,7886750.0,Maluku Utara
Maluku-Papua,UNIVERSITAS YAPIS PAPUA,Baik Sekali,11,5600000.0,Papua
Maluku-Papua,UNIVERSITAS BUMI HIJRAH TIDORE,Baik Sekali,10,2700000.0,Maluku Utara
Maluku-Papua,UNIVERSITAS OTTOW GEISSLER,Baik Sekali,10,12000000.0,Papua
Maluku-Papua,UNIVERSITAS PASIFIK MOROTAI,Baik Sekali,10,6000000.0,Maluku Utara
Maluku-Papua,UNIVERSITAS SAINS DAN TEKNOLOGI JAYAPURA,Baik Sekali,10,10500000.0,Papua
Maluku-Papua,UNIVERSITAS SATYA WIYATA MANDALA,Baik Sekali,10,4950000.0,Papua
Maluku-Papua,UNIVERSITAS LELEMUKU SAUMLAKI,Baik Sekali,9,2640000.0,Maluku
Maluku-Papua,UNIVERSITAS NANI BILI NUSANTARA,Baik Sekali,9,4000000.0,Papua Barat
Maluku-Papua,UNIVERSITAS NUKU,Baik Sekali,9,2250000.0,Maluku Utara
Maluku-Papua,UNIVERSITAS DOKTOR HUSNI INGRATUBUN TUAL,Baik Sekali,8,6400000.0,Maluku
Maluku-Papua,UNIVERSITAS AMAL ILMIAH YAPIS WAMENA,Baik Sekali,6,34250000.0,Papua
Maluku-Papua,UNIVERSITAS DOKTOR HUSNI INGRATUBUN PAPUA,Baik Sekali,6,6000000.0,Papua
Maluku-Papua,UNIVERSITAS MUHAMMADIYAH PAPUA,Baik Sekali,6,9750000.0,Papua
Maluku-Papua,UNIVERSITAS DR. DJAR WATTIHELUW,Baik Sekali,5,4400000.0,Maluku
Maluku-Papua,UNIVERSITAS KRISTEN PAPUA,Baik Sekali,5,5625000.0,Papua Barat
Maluku-Papua,UNIVERSITAS MUHAMMADIYAH MALUKU,Baik Sekali,5,4250000.0,Maluku
Maluku-Papua,UNIVERSITAS MUHAMMADIYAH MALUKU UTARA,Baik Sekali,5,7886750.0,Maluku Utara
Maluku-Papua,UNIVERSITAS SAINS DAN TEKNOLOGI JAYAPURA,C,5,10500000.0,Papua
Maluku-Papua,UNIVERSITAS SEPULUH NOPEMBER PAPUA,Baik Sekali,5,6562500.0,Papua
Maluku-Papua,STIPER SANTO THOMAS AQUINAS JAYAPURA,Baik Sekali,4,7460000.0,Papua
Maluku-Papua,STKIP HUNIMUA,Baik Sekali,4,4000000.0,Maluku
Maluku-Papua,INSTITUT SAINS DAN KEPENDIDIKAN KIE RAHA MALUKU UTARA,Baik Sekali,3,4150000.0,Maluku Utara
Maluku-Papua,INSTITUT TEKNOLOGI DAN BISNIS KARYA PEMBANGUNAN PAPUA,Baik Sekali,3,800000.0,Papua
Maluku-Papua,SEKOLAH TINGGI ILMU EKONOMI BUKIT ZAITUN SORONG,Baik Sekali,3,3800000.0,Papua Barat
Maluku-Papua,SEKOLAH TINGGI ILMU EKONOMI JAMBATAN BULAN,Baik Sekali,3,14630000.0,Papua
Maluku-Papua,SEKOLAH TINGGI KEGURUAN DAN ILMU PENDIDIKAN SERAM RAYA,Baik Sekali,3,5000000.0,Maluku
Maluku-Papua,STMIK KREATINDO MANOKWARI,Baik Sekali,3,3500000.0,Papua Barat
Maluku-Papua,UNIVERSITAS CARITAS INDONESIA,Baik Sekali,3,8000000.0,Papua Barat
Maluku-Papua,UNIVERSITAS NAHDLATUL ULAMA MALUKU UTARA,Baik Sekali,3,6600000.0,Maluku Utara
Maluku-Papua,SEKOLAH TINGGI ILMU ADMINISTRASI DARUL RACHMAN TUAL,Baik Sekali,2,3000000.0,Maluku
Maluku-Papua,SEKOLAH TINGGI ILMU ADMINISTRASI LANGGUR,Baik Sekali,2,4200000.0,Maluku
Maluku-Papua,SEKOLAH TINGGI ILMU ADMINISTRASI TRINITAS,Baik Sekali,2,4400000.0,Maluku
Maluku-Papua,SEKOLAH TINGGI ILMU EKONOMI OTTOW & GEISSLER SERUI,Baik Sekali,2,5000000.0,Papua
Maluku-Papua,SEKOLAH TINGGI ILMU EKONOMI PORT NUMBAY JAYAPURA,Baik Sekali,2,13030000.0,Papua
Maluku-Papua,SEKOLAH TINGGI ILMU KESEHATAN PAPUA,Baik Sekali,2,29900000.0,Papua Barat
Maluku-Papua,SEKOLAH TINGGI ILMU PERTANIAN PETRA BALIEM WAMENA,Baik Sekali,2,4000000.0,Papua
Maluku-Papua,SEKOLAH TINGGI KEGURUAN DAN ILMU PENDIDIKAN NUUWAR,Baik Sekali,2,1650000.0,Papua Barat
Maluku-Papua,SEKOLAH TINGGI KEGURUAN DAN ILMU PENDIDIKAN PGRI PAPUA,Baik Sekali,2,19250000.0,Papua
Maluku-Papua,SEKOLAH TINGGI PERTANIAN KEWIRAUSAHAAN BANAU,Baik Sekali,2,10000000.0,Maluku Utara
Maluku-Papua,STIA ABDUL AZIS KATALOKA,Baik Sekali,2,5568750.0,Maluku
Maluku-Papua,STIE OTTOW & GEISSLER FAK-FAK,Baik Sekali,2,4000000.0,Papua Barat
Maluku-Papua,STISIPOL YALEKA MARO,Baik Sekali,2,3650000.0,Papua
Maluku-Papua,STKIP HERMON TIMIKA,Baik Sekali,2,5160000.0,Papua
Maluku-Papua,UNIVERSITAS CARITAS INDONESIA,A,2,8000000.0,Papua Barat
Maluku-Papua,UNIVERSITAS INTERNASIONAL PAPUA,Baik Sekali,2,8400000.0,Papua
Maluku-Papua,UNIVERSITAS PENDIDIKAN MUHAMMADIYAH SORONG,Unggul,2,4000000.0,Papua Barat
Maluku-Papua,UNIVERSITAS TIMIKA,Baik Sekali,2,9800000.0,Papua
Maluku-Papua,SEKOLAH TINGGI FILSAFAT TEOLOGI FAJAR TIMUR,Baik Sekali,1,9000000.0,Papua
Maluku-Papua,SEKOLAH TINGGI ILMU EKONOMI PELITA HARAPAN NABIRE,Baik Sekali,1,6640000.0,Papua
Maluku-Papua,SEKOLAH TINGGI ILMU HUKUM BIAK-PAPUA,Baik Sekali,1,6200000.0,Papua
Maluku-Papua,SEKOLAH TINGGI ILMU HUKUM MANOKWARI,Baik Sekali,1,7000000.0,Papua Barat
Maluku-Papua,SEKOLAH TINGGI ILMU HUKUM MIMIKA,Baik Sekali,1,7000000.0,Papua
Maluku-Papua,SEKOLAH TINGGI ILMU KESEHATAN MAKARIWO HALMAHERA,Baik Sekali,1,41500000.0,Maluku Utara
Maluku-Papua,SEKOLAH TINGGI ILMU KESEHATAN RS PROF. DR. J.A. LATUMETEN,Baik Sekali,1,16000000.0,Maluku
Maluku-Papua,SEKOLAH TINGGI ILMU MARITIM INDONESIA TERNATE,Baik Sekali,1,4900000.0,Maluku Utara
Maluku-Papua,SEKOLAH TINGGI ILMU SOSIAL TEMINABUAN,Baik Sekali,1,3000000.0,Papua Barat
Maluku-Papua,SEKOLAH TINGGI KEGURUAN DAN ILMU PENDIDIKAN NABIRE,Baik Sekali,1,6000000.0,Papua
Maluku-Papua,SEKOLAH TINGGI KEGURUAN DAN ILMU PENDIDIKAN PERSADA EVAV TUAL,Baik Sekali,1,1826000.0,Maluku
Maluku-Papua,SEKOLAH TINGGI MANAJEMEN INFORMATIKA DAN KOMPUTER PESAT NABIRE,Baik Sekali,1,7550000.0,Papua
Maluku-Papua,SEKOLAH TINGGI TEKNIK ATLAS NUSANTARA,Baik Sekali,1,4000000.0,Maluku Utara
Maluku-Papua,STFT GKI IZAAK SAMUEL KIJNE JAYAPURA,Baik Sekali,1,29350000.0,Papua
Maluku-Papua,STKIP KRISTEN WAMENA,Baik Sekali,1,11500000.0,Papua
Maluku-Papua,STMIK TIDORE MANDIRI,Baik Sekali,1,4800000.0,Maluku Utara
Maluku-Papua,UNIVERSITAS AMAL ILMIAH YAPIS WAMENA,A,1,34250000.0,Papua
Maluku-Papua,UNIVERSITAS MUHAMMADIYAH SORONG,Unggul,1,18700000.0,Papua Barat
Maluku-Papua,UNIVERSITAS NANI BILI NUSANTARA,A,1,4000000.0,Papua Barat
Maluku-Papua,UNIVERSITAS TIMIKA,C,1,9800000.0,Papua
Maluku-Papua,UNIVERSITAS WERISAR,Baik Sekali,1,5200000.0,Papua Barat
Sulawesi,UNIVERSITAS MUHAMMADIYAH MAKASSAR,Baik Sekali,28,22600000.0,Sulawesi Selatan
Sulawesi,UNIVERSITAS MUHAMMADIYAH GORONTALO,Baik Sekali,25,11000000.0,Gorontalo
Sulawesi,UNIVERSITAS BOSOWA,Baik Sekali,23,168250000.0,Sulawesi Selatan
Sulawesi,UNIVERSITAS ISLAM MAKASSAR,Baik Sekali,19,7000000.0,Sulawesi Selatan
Sulawesi,UNIVERSITAS MUSLIM INDONESIA,Unggul,17,6000000.0,Sulawesi Selatan
Sulawesi,UNIVERSITAS INDONESIA TIMUR,Baik Sekali,16,21700000.0,Sulawesi Selatan
Sulawesi,UNIVERSITAS PEJUANG REPUBLIK INDONESIA,Baik Sekali,15,6250000.0,Sulawesi Selatan
Sulawesi,UNIVERSITAS DAYANU IKHSANUDDIN,C,14,18700000.0,Sulawesi Tenggara
Sulawesi,UNIVERSITAS GORONTALO,Baik Sekali,14,13500000.0,Gorontalo
Sulawesi,UNIVERSITAS MUHAMMADIYAH PARE-PARE,Baik Sekali,14,4600000.0,Sulawesi Selatan
Sulawesi,UNIVERSITAS MUSLIM INDONESIA MAKASSAR,Baik Sekali,14,7950000.0,Sulawesi Selatan
Sulawesi,UNIVERSITAS ICHSAN GORONTALO,Baik Sekali,13,7250000.0,Gorontalo
Sulawesi,UNIVERSITAS KATOLIK DE LA SALLE,Baik Sekali,13,19270000.0,Sulawesi Utara
Sulawesi,UNIVERSITAS MEGAREZKY,Baik Sekali,13,33600000.0,Sulawesi Selatan
Sulawesi,UNIVERSITAS MUHAMMADIYAH PALOPO,Baik Sekali,13,15600000.0,Sulawesi Selatan
Sulawesi,UNIVERSITAS MUSLIM INDONESIA,Baik Sekali,13,6000000.0,Sulawesi Selatan
Sulawesi,UNIVERSITAS AL ASYARIAH MANDAR,Baik Sekali,12,4219925.0,Sulawesi Barat
Sulawesi,UNIVERSITAS POHUWATO,Baik Sekali,12,3000000.0,Gorontalo
Sulawesi,UNIVERSITAS MUHAMMADIYAH SIDENRENG RAPPANG,Baik Sekali,11,18300000.0,Sulawesi Selatan
Sulawesi,UNIVERSITAS MUSLIM INDONESIA MAKASSAR,A,11,7950000.0,Sulawesi Selatan
Sulawesi,UNIVERSITAS KRISTEN INDONESIA TOMOHON,Baik Sekali,10,52160000.0,Sulawesi Utara
Sulawesi,UNIVERSITAS KRISTEN INDONESIA TORAJA,Baik Sekali,10,6000000.0,Sulawesi Selatan
Sulawesi,UNIVERSITAS MUHAMMADIYAH ENREKANG,Baik Sekali,10,6400000.0,Sulawesi Selatan
Sulawesi,UNIVERSITAS MUHAMMADIYAH SINJAI,Baik Sekali,10,5400000.0,Sulawesi Selatan
Sulawesi,UNIVERSITAS TOMAKAKA,Baik Sekali,10,5920000.0,Sulawesi Barat
Sulawesi,UNIVERSITAS ALKHAIRAAT,Baik Sekali,9,16700000.0,Sulawesi Tengah
Sulawesi,UNIVERSITAS KLABAT,Baik Sekali,9,18125000.0,Sulawesi Utara
Sulawesi,UNIVERSITAS KRISTEN INDONESIA PAULUS,Baik Sekali,9,13400000.0,Sulawesi Selatan
Sulawesi,UNIVERSITAS MUHAMMADIYAH BONE,Baik Sekali,9,5500000.0,Sulawesi Selatan
Sulawesi,UNIVERSITAS MUHAMMADIYAH KENDARI,C,9,40250000.0,Sulawesi Tenggara
Sulawesi,UNIVERSITAS PRISMA,Baik Sekali,9,9000000.0,Sulawesi Utara
Sulawesi,UNIVERSITAS PUANGRIMAGGALATUNG,Baik Sekali,9,6000000.0,Sulawesi Selatan
Sulawesi,UNIVERSITAS TEKNOLOGI SULAWESI,Baik Sekali,9,5200000.0,Sulawesi Selatan
Sulawesi,UNIVERSITAS ATMA JAYA MAKASSAR,Baik Sekali,8,11200000.0,Sulawesi Selatan
Sulawesi,UNIVERSITAS COKROAMINOTO PALOPO,Baik Sekali,8,7750000.0,Sulawesi Selatan
Sulawesi,UNIVERSITAS FAJAR,Baik Sekali,8,7500000.0,Sulawesi Selatan
Sulawesi,UNIVERSITAS ICHSAN SIDENRENG RAPPANG,Baik Sekali,8,8000000.0,Sulawesi Selatan
Sulawesi,UNIVERSITAS MEGA BUANA PALOPO,Baik Sekali,8,8000000.0,Sulawesi Selatan
Sulawesi,UNIVERSITAS MUHAMMADIYAH BUTON,Baik Sekali,8,7700000.0,Sulawesi Tenggara
Sulawesi,UNIVERSITAS SIPATOKKONG MAMBO,Baik Sekali,8,4800000.0,Sulawesi Selatan
Sulawesi,UNIVERSITAS TRINITA,Baik Sekali,8,4000000.0,Sulawesi Utara
Sulawesi,INSTITUT TEKNOLOGI DAN BISNIS NOBEL INDONESIA,Baik Sekali,7,9300000.0,Sulawesi Selatan
Sulawesi,UNIVERSITAS COKROAMINOTO MAKASSAR,Baik Sekali,7,6000000.0,Sulawesi Selatan
Sulawesi,UNIVERSITAS DUMOGA KOTAMOBAGU,Baik Sekali,7,5250000.0,Sulawesi Utara
Sulawesi,UNIVERSITAS MUHAMMADIYAH KENDARI,Baik Sekali,7,40250000.0,Sulawesi Tenggara
Sulawesi,UNIVERSITAS MUHAMMADIYAH PALU,Baik Sekali,7,36000019.0,Sulawesi Tengah
Sulawesi,UNIVERSITAS MUSLIM BUTON,Baik Sekali,7,5000000.0,Sulawesi Tenggara
Sulawesi,UNIVERSITAS MUSLIM MAROS,Baik Sekali,7,6000000.0,Sulawesi Selatan
Sulawesi,UNIVERSITAS PATOMPO,Baik Sekali,7,4200000.0,Sulawesi Selatan
Sulawesi,INSTITUT KESEHATAN DAN TEKNOLOGI GRAHA MEDIKA,Baik Sekali,6,4000000.0,Sulawesi Utara
Sulawesi,UNIVERSITAS ALMARISAH MADANI,Baik Sekali,6,10000000.0,Sulawesi Selatan
Sulawesi,UNIVERSITAS BINA TARUNA GORONTALO,Baik Sekali,6,32050000.0,Gorontalo
Sulawesi,UNIVERSITAS KRISTEN TENTENA,Baik Sekali,6,4800000.0,Sulawesi Tengah
Sulawesi,UNIVERSITAS MUHAMMADIYAH BUTON,C,6,7700000.0,Sulawesi Tenggara
Sulawesi,UNIVERSITAS MUHAMMADIYAH MAMUJU,Baik Sekali,6,7000000.0,Sulawesi Barat
Sulawesi,UNIVERSITAS NUSANTARA MANADO,Baik Sekali,6,5835000.0,Sulawesi Utara
Sulawesi,UNIVERSITAS WIDYA NUSANTARA,Baik Sekali,6,15750000.0,Sulawesi Tengah
Sulawesi,INSTITUT BISNIS DAN KEUANGAN NITRO,Baik Sekali,5,57900000.0,Sulawesi Selatan
Sulawesi,INSTITUT COKROAMINOTO PINRANG,Baik Sekali,5,26400000.0,Sulawesi Selatan
Sulawesi,UNIVERSITAS HANDAYANI MAKASSAR,Baik Sekali,5,8700000.0,Sulawesi Selatan
Sulawesi,UNIVERSITAS KARYA PERSADA MUNA,Baik Sekali,5,4800000.0,Sulawesi Tenggara
Sulawesi,UNIVERSITAS LAMAPPAPOLEONRO,Baik Sekali,5,7500000.0,Sulawesi Selatan
Sulawesi,UNIVERSITAS MUHAMMADIYAH BULUKUMBA,Baik Sekali,5,40805000.0,Sulawesi Selatan
Sulawesi,UNIVERSITAS MUHAMMADIYAH PALU,C,5,36000019.0,Sulawesi Tengah
Sulawesi,UNIVERSITAS PANCASAKTI,Baik Sekali,5,6350000.0,Sulawesi Selatan
Sulawesi,UNIVERSITAS PARNA RAYA,Baik Sekali,5,4540000.0,Sulawesi Utara
Sulawesi,UNIVERSITAS PEPABRI MAKASSAR,Baik Sekali,5,6000000.0,Sulawesi Selatan
Sulawesi,INSTITUT KESEHATAN DAN BISNIS ST. FATIMAH MAMUJU,Baik Sekali,4,5000000.0,Sulawesi Barat
Sulawesi,INSTITUT TEKNOLOGI DAN BISNIS KALLA,Baik Sekali,4,20004000.0,Sulawesi Selatan
Sulawesi,INSTITUT TEKNOLOGI DAN BISNIS MUHAMMADIYAH POLEWALI MANDAR,Baik Sekali,4,4800000.0,Sulawesi Barat
Sulawesi,INSTITUT TEKNOLOGI KESEHATAN DAN SAINS MUHAMMADIYAH SIDRAP,Baik Sekali,4,14500000.0,Sulawesi Selatan
Sulawesi,INSTITUT TEKNOLOGI MINAESA,Baik Sekali,4,10000000.0,Sulawesi Utara
Sulawesi,INSTITUT TEKNOLOGI PERTANIAN,Baik Sekali,4,3000000.0,Sulawesi Selatan
Sulawesi,INSTITUT TEKNOLOGI SAINS DAN BISNIS MUHAMMADIYAH SELAYAR,Baik Sekali,4,3300000.0,Sulawesi Selatan
Sulawesi,INSTITUT TURATEA INDONESIA,Baik Sekali,4,3250000.0,Sulawesi Selatan
Sulawesi,SEKOLAH TINGGI ILMU EKONOMI AMKOP MAKASSAR,Baik Sekali,4,4500000.0,Sulawesi Selatan
Sulawesi,STITEK DHARMA YADI MAKASSAR,Baik Sekali,4,3600000.0,Sulawesi Selatan
Sulawesi,UNIVERSITAS ABDUL AZIS LAMADJIDO,A,4,4000000.0,Sulawesi Tengah
Sulawesi,UNIVERSITAS ABDUL AZIS LAMADJIDO,Baik Sekali,4,4000000.0,Sulawesi Tengah
Sulawesi,UNIVERSITAS DIPA MAKASSAR,Baik Sekali,4,13250000.0,Sulawesi Selatan
Sulawesi,UNIVERSITAS MUHAMMADIYAH MAKASSAR,Unggul,4,22600000.0,Sulawesi Selatan
Sulawesi,UNIVERSITAS SAINS ISLAM AL MAWADDAH WARRAHMAH KOLAKA,Baik Sekali,4,5160000.0,Sulawesi Tenggara
Sulawesi,UNIVERSITAS TEKNOLOGI AKBA MAKASSAR,Baik Sekali,4,15190000.0,Sulawesi Selatan
Sulawesi,INSTITUT ILMU SOSIAL DAN BISNIS ANDI SAPADA,Baik Sekali,3,8000000.0,Sulawesi Selatan
Sulawesi,INSTITUT KESEHATAN DAN TEKNOLOGI BUTON RAYA,Baik Sekali,3,26400000.0,Sulawesi Tenggara
Sulawesi,INSTITUT SAINS DAN TEKNOLOGI ESA TRINITA,Baik Sekali,3,5000000.0,Sulawesi Utara
Sulawesi,INSTITUT SAINS TEKNOLOGI DAN KESEHATAN 'AISYIYAH KENDARI,Baik Sekali,3,12500000.0,Sulawesi Tenggara
Sulawesi,INSTITUT TEKNOLOGI BISNIS DAN ADMINISTRASI AL GAZALI BARRU,Baik Sekali,3,4225000.0,Sulawesi Selatan
Sulawesi,INSTITUT TEKNOLOGI BISNIS DAN KESEHATAN MUHAMMADIYAH MUNA BARAT,Baik Sekali,3,4800000.0,Sulawesi Tenggara
Sulawesi,INSTITUT TEKNOLOGI DAN BISNIS BINA ADINATA,Baik Sekali,3,3177500.0,Sulawesi Selatan
Sulawesi,INSTITUT TEKNOLOGI DAN BISNIS MUHAMMADIYAH WAKATOBI,Baik Sekali,3,2189999.0,Sulawesi Tenggara
Sulawesi,INSTITUT TEKNOLOGI DAN KESEHATAN PERMATA ILMU MAROS,Baik Sekali,3,4400000.0,Sulawesi Selatan
Sulawesi,SEKOLAH TINGGI ILMU KESEHATAN MAKASSAR,Baik Sekali,3,10900000.0,Sulawesi Selatan
Sulawesi,SEKOLAH TINGGI ILMU KESEHATAN PANRITA HUSADA BULUKUMBA,Baik Sekali,3,5750000.0,Sulawesi Selatan
Sulawesi,SEKOLAH TINGGI ILMU PERTANIAN MUJAHIDIN TOLI-TOLI,Baik Sekali,3,5600000.0,Sulawesi Tengah
Sulawesi,SEKOLAH TINGGI ILMU PERTANIAN YAPI BONE,Baik Sekali,3,3900000.0,Sulawesi Selatan
Sulawesi,SEKOLAH TINGGI KEGURUAN DAN ILMU PENDIDIKAN ABDUL MUJIB LAEWANG DAMPAL SELATAN,Baik Sekali,3,4800000.0,Sulawesi Tengah
Sulawesi,STMIK KHARISMA MAKASSAR,Baik Sekali,3,8500000.0,Sulawesi Selatan
Sulawesi,UNIVERSITAS BOSOWA,Unggul,3,168250000.0,Sulawesi Selatan
Sulawesi,UNIVERSITAS DAYANU IKHSANUDDIN,Baik Sekali,3,18700000.0,Sulawesi Tenggara
Sulawesi,UNIVERSITAS FAMIKA,Baik Sekali,3,4400000.0,Sulawesi Selatan
Sulawesi,UNIVERSITAS MEGAREZKY,Unggul,3,33600000.0,Sulawesi Selatan
Sulawesi,UNIVERSITAS MUHAMMADIYAH MANADO,Baik Sekali,3,17850000.0,Sulawesi Utara
Sulawesi,UNIVERSITAS MUHAMMADIYAH PALOPO,Unggul,3,15600000.0,Sulawesi Selatan
Sulawesi,UNIVERSITAS WALLACEA,Baik Sekali,3,4800000.0,Sulawesi Barat
Sulawesi,UNIVERSITAS WIRA BHAKTI,Baik Sekali,3,6700000.0,Sulawesi Selatan
Sulawesi,INSTITUT BATARI TOJA BONE,Baik Sekali,2,2630000.0,Sulawesi Selatan
Sulawesi,INSTITUT MEKONGGA,Baik Sekali,2,2777000.0,Sulawesi Tenggara
Sulawesi,INSTITUT TEKNOLOGI DAN KESEHATAN TRI TUNAS NASIONAL,Baik Sekali,2,6500000.0,Sulawesi Selatan
Sulawesi,INSTITUT TEKNOLOGI KELAUTAN BUTON,Baik Sekali,2,2000000.0,Sulawesi Tenggara
Sulawesi,SEKOLAH TINGGI BISNIS DAN MANAJEMEN DUA SAUDARA,Baik Sekali,2,16750000.0,Sulawesi Utara
Sulawesi,SEKOLAH TINGGI FILSAFAT SEMINARI PINELENG,Baik Sekali,2,3870000.0,Sulawesi Utara
Sulawesi,SEKOLAH TINGGI ILMU EKONOMI EBEN HAEZER MANADO,Baik Sekali,2,5600000.0,Sulawesi Utara
Sulawesi,SEKOLAH TINGGI ILMU EKONOMI INDONESIA MAKASSAR,Baik Sekali,2,5000000.0,Sulawesi Selatan
Sulawesi,SEKOLAH TINGGI ILMU EKONOMI MAKASSAR BONGAYA,Baik Sekali,2,13100000.0,Sulawesi Selatan
Sulawesi,SEKOLAH TINGGI ILMU EKONOMI PELITA BUANA,Baik Sekali,2,242400055.0,Sulawesi Selatan
Sulawesi,SEKOLAH TINGGI ILMU EKONOMI PIONER MANADO,Baik Sekali,2,5000000.0,Sulawesi Utara
Sulawesi,SEKOLAH TINGGI ILMU EKONOMI TRI DHARMA NUSANTARA,Baik Sekali,2,4000000.0,Sulawesi Selatan
Sulawesi,SEKOLAH TINGGI ILMU EKONOMI WIDYA DARMA KOTAMOBAGU,Baik Sekali,2,4800000.0,Sulawesi Utara
Sulawesi,SEKOLAH TINGGI ILMU EKONOMI YAPI BONE,Baik Sekali,2,4800000.0,Sulawesi Selatan
Sulawesi,SEKOLAH TINGGI ILMU EKONOMI YPUP MAKASSAR,Baik Sekali,2,6300000.0,Sulawesi Selatan
Sulawesi,SEKOLAH TINGGI ILMU KESEHATAN BARAMULI,Baik Sekali,2,8000000.0,Sulawesi Selatan
Sulawesi,SEKOLAH TINGGI ILMU KESEHATAN BETHESDA TOMOHON,Baik Sekali,2,9350000.0,Sulawesi Utara
Sulawesi,SEKOLAH TINGGI ILMU KESEHATAN DATU KAMANRE,Baik Sekali,2,3600000.0,Sulawesi Selatan
Sulawesi,SEKOLAH TINGGI ILMU KESEHATAN GUNUNG SARI,Baik Sekali,2,6400000.0,Sulawesi Selatan
Sulawesi,SEKOLAH TINGGI ILMU KESEHATAN KARYA KESEHATAN,Baik Sekali,2,5500000.0,Sulawesi Tenggara
Sulawesi,SEKOLAH TINGGI ILMU KESEHATAN NANI HASANUDDIN,Baik Sekali,2,14375000.0,Sulawesi Selatan
Sulawesi,SEKOLAH TINGGI ILMU KOMPUTER 22 JANUARI KENDARI,Baik Sekali,2,5000000.0,Sulawesi Tenggara
Sulawesi,SEKOLAH TINGGI TEKNOLOGI NUSANTARA INDONESIA,Baik Sekali,2,4800000.0,Sulawesi Selatan
Sulawesi,STISIP BINA GENERASI POLEWALI,Baik Sekali,2,4800000.0,Sulawesi Barat
Sulawesi,STKIP PELITA NUSANTARA BUTON,Baik Sekali,2,5100000.0,Sulawesi Tenggara
Sulawesi,STMIK ADHI GUNA,Baik Sekali,2,7512000.0,Sulawesi Tengah
Sulawesi,STMIK BINA MULIA,Baik Sekali,2,5750000.0,Sulawesi Tengah
Sulawesi,STMIK CATUR SAKTI KENDARI,Baik Sekali,2,4300000.0,Sulawesi Tenggara
Sulawesi,STMIK MULTICOM BOLAAN MONGONDOW,Baik Sekali,2,8000000.0,Sulawesi Utara
Sulawesi,STMIK PROFESIONAL MAKASSAR,Baik Sekali,2,6200000.0,Sulawesi Selatan
Sulawesi,UNIVERSITAS FAJAR,C,2,7500000.0,Sulawesi Selatan
Sulawesi,UNIVERSITAS ISLAM MAKASSAR,Unggul,2,7000000.0,Sulawesi Selatan
Sulawesi,UNIVERSITAS KRISTEN INDONESIA PAULUS,C,2,13400000.0,Sulawesi Selatan
Sulawesi,UNIVERSITAS KRISTEN INDONESIA TORAJA,Unggul,2,6000000.0,Sulawesi Selatan
Sulawesi,UNIVERSITAS MEGA BUANA PALOPO,Unggul,2,8000000.0,Sulawesi Selatan
Sulawesi,UNIVERSITAS MUHAMMADIYAH MAKASSAR,A,2,22600000.0,Sulawesi Selatan
Sulawesi,UNIVERSITAS WIRA BHAKTI,A,2,6700000.0,Sulawesi Selatan
Sulawesi,INSTITUT ILMU SOSIAL DAN BISNIS ANDI SAPADA,A,1,8000000.0,Sulawesi Selatan
Sulawesi,INSTITUT TEKNOLOGI DAN BISNIS ARUNGPALAKKA,Baik Sekali,1,5400000.0,Sulawesi Selatan
Sulawesi,SEKOLAH TINGGI ILMU EKONOMI ENAM ENAM KENDARI,Baik Sekali,1,9000000.0,Sulawesi Tenggara
Sulawesi,SEKOLAH TINGGI ILMU EKONOMI NUSANTARA MAKASSAR,A,1,4800000.0,Sulawesi Selatan
Sulawesi,SEKOLAH TINGGI ILMU EKONOMI NUSANTARA MAKASSAR,Baik Sekali,1,4800000.0,Sulawesi Selatan
Sulawesi,SEKOLAH TINGGI ILMU EKONOMI PARIWISATA,Baik Sekali,1,7000000.0,Sulawesi Utara
Sulawesi,SEKOLAH TINGGI ILMU EKONOMI YAPMAN MAJENE,Baik Sekali,1,3500000.0,Sulawesi Barat
Sulawesi,SEKOLAH TINGGI ILMU KESEHATAN BALA KESELAMATAN PALU,Unggul,1,5900000.0,Sulawesi Tengah
Sulawesi,SEKOLAH TINGGI ILMU KESEHATAN FATIMA PAREPARE,Baik Sekali,1,8400000.0,Sulawesi Selatan
Sulawesi,SEKOLAH TINGGI ILMU KESEHATAN GUNUNG MARIA TOMOHON,Baik Sekali,1,6200000.0,Sulawesi Utara
Sulawesi,SEKOLAH TINGGI ILMU KESEHATAN KAMUS ARUNIKA,Baik Sekali,1,2900000.0,Sulawesi Selatan
Sulawesi,SEKOLAH TINGGI ILMU MARITIM MEGA BUANA,A,1,3600000.0,Sulawesi Barat
Sulawesi,SEKOLAH TINGGI KEGURUAN DAN ILMU PENDIDIKAN BINA HARAPAN CELEBES,Baik Sekali,1,6000000.0,Sulawesi Selatan
Sulawesi,SEKOLAH TINGGI MANAJEMEN INFORMATIKA DAN KOMPUTER AMIKA SOPPENG,Baik Sekali,1,3200000.0,Sulawesi Selatan
Sulawesi,SEKOLAH TINGGI PERIKANAN DAN KELAUTAN PALU,Baik Sekali,1,2300000.0,Sulawesi Tengah
Sulawesi,SEKOLAH TINGGI TEKNIK BARAMULI,Baik Sekali,1,4450000.0,Sulawesi Selatan
Sulawesi,STIKES LAKIPADADA,Baik Sekali,1,4500000.0,Sulawesi Selatan
Sulawesi,STIKS TAMALANREA MAKASSAR,Baik Sekali,1,5000000.0,Sulawesi Selatan
Sulawesi,STISIP MERDEKA MANADO,Baik Sekali,1,5000000.0,Sulawesi Utara
Sulawesi,STKIP VETERAN SIDRAP,Baik Sekali,1,7100000.0,Sulawesi Selatan
Sulawesi,UNIVERSITAS ALMARISAH MADANI,A,1,10000000.0,Sulawesi Selatan
Sulawesi,UNIVERSITAS ATMA JAYA MAKASSAR,C,1,11200000.0,Sulawesi Selatan
Sulawesi,UNIVERSITAS BOSOWA,A,1,168250000.0,Sulawesi Selatan
Sulawesi,UNIVERSITAS COKROAMINOTO PALOPO,C,1,7750000.0,Sulawesi Selatan
Sulawesi,UNIVERSITAS DIPA MAKASSAR,Unggul,1,13250000.0,Sulawesi Selatan
Sulawesi,UNIVERSITAS DUMOGA KOTAMOBAGU,A,1,5250000.0,Sulawesi Utara
Sulawesi,UNIVERSITAS FAMIKA,A,1,4400000.0,Sulawesi Selatan
Sulawesi,UNIVERSITAS ICHSAN SIDENRENG RAPPANG,A,1,8000000.0,Sulawesi Selatan
Sulawesi,UNIVERSITAS KLABAT,A,1,18125000.0,Sulawesi Utara
Sulawesi,UNIVERSITAS KLABAT,C,1,18125000.0,Sulawesi Utara
Sulawesi,UNIVERSITAS KRISTEN TENTENA,C,1,4800000.0,Sulawesi Tengah
Sulawesi,UNIVERSITAS MUHAMMADIYAH GORONTALO,Unggul,1,11000000.0,Gorontalo
Sulawesi,UNIVERSITAS MUHAMMADIYAH MAKASSAR,C,1,22600000.0,Sulawesi Selatan
Sulawesi,UNIVERSITAS MUHAMMADIYAH SIDENRENG RAPPANG,Unggul,1,18300000.0,Sulawesi Selatan
Sulawesi,UNIVERSITAS MUSLIM INDONESIA,A,1,6000000.0,Sulawesi Selatan
Sulawesi,UNIVERSITAS MUSLIM INDONESIA MAKASSAR,C,1,7950000.0,Sulawesi Selatan
Sulawesi,UNIVERSITAS MUSLIM MAROS,C,1,6000000.0,Sulawesi Selatan
Sulawesi,UNIVERSITAS PRISMA,A,1,9000000.0,Sulawesi Utara
Sulawesi,UNIVERSITAS PRISMA,C,1,9000000.0,Sulawesi Utara
Sulawesi,UNIVERSITAS WALLACEA,A,1,4800000.0,Sulawesi Barat
Sumatera,UNIVERSITAS HKBP NOMMENSEN,Baik Sekali,30,7000000.0,Sumatera Utara
Sumatera,UNIVERSITAS BUNG HATTA,Baik Sekali,24,17804000.0,Sumatera Barat
Sumatera,UNIVERSITAS ISLAM SUMATERA UTARA,Baik Sekali,22,25000001.0,Sumatera Utara
Sumatera,UNIVERSITAS MUHAMMADIYAH SUMATERA UTARA,Baik Sekali,21,12000000.0,Sumatera Utara
Sumatera,UNIVERSITAS JABAL GHAFUR,Baik Sekali,19,10000000.0,Aceh
Sumatera,UNIVERSITAS MUHAMMADIYAH BENGKULU,Baik Sekali,19,6600000.0,Bengkulu
Sumatera,UNIVERSITAS MUHAMMADIYAH PALEMBANG,Baik Sekali,19,38610000.0,Sumatera Selatan
Sumatera,UNIVERSITAS DEHASEN BENGKULU,Baik Sekali,18,16995000.0,Bengkulu
Sumatera,UNIVERSITAS SERAMBI MEKKAH,Baik Sekali,18,6300000.0,Aceh
Sumatera,UNIVERSITAS EKASAKTI,Baik Sekali,17,5750000.0,Sumatera Barat
Sumatera,UNIVERSITAS AL MUSLIM,Baik Sekali,15,2200000.0,Aceh
Sumatera,UNIVERSITAS MEDAN AREA,Baik Sekali,15,17250000.0,Sumatera Utara
Sumatera,UNIVERSITAS PRIMA INDONESIA,Baik Sekali,15,30000001.0,Sumatera Utara
Sumatera,UNIVERSITAS DARMA AGUNG,Baik Sekali,14,21200000.0,Sumatera Utara
Sumatera,UNIVERSITAS INDO GLOBAL MANDIRI,Baik Sekali,14,55000000.0,Sumatera Selatan
Sumatera,UNIVERSITAS PEMBANGUNAN PANCA BUDI,Baik Sekali,14,15000000.0,Sumatera Utara
Sumatera,UNIVERSITAS PGRI SUMATERA BARAT,Baik Sekali,14,10100000.0,Sumatera Barat
Sumatera,UNIVERSITAS SIMALUNGUN,Baik Sekali,14,30275000.0,Sumatera Utara
Sumatera,UNIVERSITAS BINA DARMA,Baik Sekali,13,11500000.0,Sumatera Selatan
Sumatera,UNIVERSITAS KATOLIK SANTO THOMAS,Baik Sekali,13,40335000.0,Sumatera Utara
Sumatera,UNIVERSITAS MUHAMMADIYAH SUMATERA BARAT,Baik Sekali,13,13287500.0,Sumatera Barat
Sumatera,UNIVERSITAS BATANGHARI JAMBI,Baik Sekali,12,7900500.0,Jambi
Sumatera,UNIVERSITAS BATURAJA,Baik Sekali,12,4800000.0,Sumatera Selatan
Sumatera,UNIVERSITAS DHARMA ANDALAS,Baik Sekali,12,8300000.0,Sumatera Barat
Sumatera,UNIVERSITAS MUHAMMADIYAH ACEH,Baik Sekali,12,15505000.0,Aceh
Sumatera,UNIVERSITAS MUHAMMADIYAH METRO,C,12,48115001.0,Lampung
Sumatera,UNIVERSITAS NAHDLATUL ULAMA LAMPUNG,Baik Sekali,12,6600000.0,Lampung
Sumatera,UNIVERSITAS PGRI SILAMPARI,Baik Sekali,12,28572900.0,Sumatera Selatan
Sumatera,UNIVERSITAS POTENSI UTAMA,Baik Sekali,12,10325000.0,Sumatera Utara
Sumatera,UNIVERSITAS TAMANSISWA,Baik Sekali,12,6500001.0,Sumatera Barat
Sumatera,INSTITUT INFORMATIKA DAN BISNIS DARMAJAYA,Baik Sekali,11,10252000.0,Lampung
Sumatera,UNIVERSITAS MUHAMMADIYAH METRO,Baik Sekali,11,48115001.0,Lampung
Sumatera,UNIVERSITAS MUHAMMADIYAH TAPANULI SELATAN,Baik Sekali,11,6166000.0,Sumatera Utara
Sumatera,UNIVERSITAS MUSI RAWAS,Baik Sekali,11,7500000.0,Sumatera Selatan
Sumatera,UNIVERSITAS NIAS,Baik Sekali,11,4500000.0,Sumatera Utara
Sumatera,UNIVERSITAS PGRI PALEMBANG,Baik Sekali,11,401975000.0,Sumatera Selatan
Sumatera,UNIVERSITAS AISYAH PRINGSEWU,Baik Sekali,10,26550000.0,Lampung
Sumatera,UNIVERSITAS ALWASHLIYAH,Baik Sekali,10,4250000.0,Sumatera Utara
Sumatera,UNIVERSITAS AUDI INDONESIA,Baik Sekali,10,10600000.0,Sumatera Utara
Sumatera,UNIVERSITAS HARAPAN MEDAN,Baik Sekali,10,7000000.0,Sumatera Utara
Sumatera,UNIVERSITAS HKBP NOMMENSEN PEMATANGSIANTAR,Baik Sekali,10,7800000.0,Sumatera Utara
Sumatera,UNIVERSITAS KATOLIK MUSI CHARITAS,Baik Sekali,10,18000000.0,Sumatera Selatan
Sumatera,UNIVERSITAS MITRA INDONESIA,Baik Sekali,10,9180000.0,Lampung
Sumatera,UNIVERSITAS MUHAMMADIYAH KOTABUMI,Baik Sekali,10,11950000.0,Lampung
Sumatera,UNIVERSITAS MUHAMMADIYAH MAHAKARYA ACEH,Baik Sekali,10,6600000.0,Aceh
Sumatera,UNIVERSITAS PGRI PALEMBANG,C,10,401975000.0,Sumatera Selatan
Sumatera,UNIVERSITAS PROF DR HAZAIRIN SH,Baik Sekali,10,20575000.0,Bengkulu
Sumatera,UNIVERSITAS QUALITY,C,10,7400001.0,Sumatera Utara
Sumatera,UNIVERSITAS SJAKHYAKIRTI,Baik Sekali,10,5400000.0,Sumatera Selatan
Sumatera,INSTITUT KESEHATAN HELVETIA,Baik Sekali,9,42400000.0,Sumatera Utara
Sumatera,UNIVERSITAS ADZKIA,Baik Sekali,9,8300000.0,Sumatera Barat
Sumatera,UNIVERSITAS ASAHAN,Baik Sekali,9,5000000.0,Sumatera Utara
Sumatera,UNIVERSITAS BATTUTA,Baik Sekali,9,9000000.0,Sumatera Utara
Sumatera,UNIVERSITAS GAJAH PUTIH,Baik Sekali,9,5900000.0,Aceh
Sumatera,UNIVERSITAS ISKANDAR MUDA,Baik Sekali,9,6000000.0,Aceh
Sumatera,UNIVERSITAS ISLAM KEBANGSAAN INDONESIA,Baik Sekali,9,6400000.0,Aceh
Sumatera,UNIVERSITAS LABUHANBATU,Baik Sekali,9,13500000.0,Sumatera Utara
Sumatera,UNIVERSITAS MAHAPUTRA MUHAMMAD YAMIN,Baik Sekali,9,24850000.0,Sumatera Barat
Sumatera,UNIVERSITAS MALAHAYATI,Baik Sekali,9,27000000.0,Lampung
Sumatera,UNIVERSITAS MERANGIN,Baik Sekali,9,5020000.0,Jambi
Sumatera,UNIVERSITAS METHODIST INDONESIA,Baik Sekali,9,50000000.0,Sumatera Utara
Sumatera,UNIVERSITAS MUSLIM NUSANTARA AL,Baik Sekali,9,8000000.0,Sumatera Utara
Sumatera,UNIVERSITAS MUSLIM NUSANTARA AL-WASHLIYAH,Baik Sekali,9,16575000.0,Sumatera Utara
Sumatera,UNIVERSITAS NIAS RAYA,Baik Sekali,9,2150000.0,Sumatera Utara
Sumatera,UNIVERSITAS PEMBINAAN MASYARAKAT INDONESIA,Baik Sekali,9,6560000.0,Sumatera Utara
Sumatera,UNIVERSITAS PUTRA INDONESIA YPTK PADANG,Baik Sekali,9,6950000.0,Sumatera Barat
Sumatera,UNIVERSITAS SAINS CUT NYAK DHIEN,Baik Sekali,9,9000000.0,Aceh
Sumatera,INSTITUT PENDIDIKAN TAPANULI SELATAN,Baik Sekali,8,5373000.0,Sumatera Utara
Sumatera,UNIVERSITAS AL-AZHAR,Baik Sekali,8,7500000.0,Sumatera Utara
Sumatera,UNIVERSITAS BAITURRAHMAH,Baik Sekali,8,36300000.0,Sumatera Barat
Sumatera,UNIVERSITAS BINA BANGSA GETSEMPENA,Baik Sekali,8,9300000.0,Aceh
Sumatera,UNIVERSITAS BINA INSAN,Baik Sekali,8,4620000.0,Sumatera Selatan
Sumatera,UNIVERSITAS DHARMAS INDONESIA,Baik Sekali,8,10297500.0,Sumatera Barat
Sumatera,UNIVERSITAS GRAHA NUSANTARA,Baik Sekali,8,2400000.0,Sumatera Utara
Sumatera,UNIVERSITAS MOHAMMAD NATSIR BUKITTINGGI,Baik Sekali,8,12160000.0,Sumatera Barat
Sumatera,UNIVERSITAS MUHAMMADIYAH BANGKA BELITUNG,Baik Sekali,8,4480000.0,Bangka Belitung
Sumatera,UNIVERSITAS MUHAMMADIYAH LAMPUNG,Baik Sekali,8,9450000.0,Lampung
Sumatera,UNIVERSITAS NAHDLATUL ULAMA SUMATERA UTARA,Baik Sekali,8,4800000.0,Sumatera Utara
Sumatera,UNIVERSITAS QUALITY BERASTAGI,Baik Sekali,8,5700000.0,Sumatera Utara
Sumatera,INSTITUT SAINS DAN TEKNOLOGI TD PARDEDE,C,7,9750000.0,Sumatera Utara
Sumatera,UNIVERSITAS ALIFAH PADANG,Baik Sekali,7,15000000.0,Sumatera Barat
Sumatera,UNIVERSITAS GRAHA KARYA MUARA BULIAN,Baik Sekali,7,5300000.0,Jambi
Sumatera,UNIVERSITAS HAJI SUMATERA UTARA,Baik Sekali,7,6100000.0,Sumatera Utara
Sumatera,UNIVERSITAS ISLAM LABUHAN BATU,Baik Sekali,7,4800000.0,Sumatera Utara
Sumatera,UNIVERSITAS NAHDLATUL ULAMA SUMATERA BARAT,Baik Sekali,7,4800000.0,Sumatera Barat
Sumatera,UNIVERSITAS PRIMA INDONESIA,C,7,30000001.0,Sumatera Utara
Sumatera,UNIVERSITAS PRIMA NUSANTARA BUKITTINGGI,Baik Sekali,7,7410000.0,Sumatera Barat
Sumatera,INSTITUT TEKNOLOGI PADANG,Baik Sekali,6,14000000.0,Sumatera Barat
Sumatera,UNIVERSITAS AL MUSLIM,C,6,2200000.0,Aceh
Sumatera,UNIVERSITAS AMIR HAMZAH,Baik Sekali,6,12350000.0,Sumatera Utara
Sumatera,UNIVERSITAS BANDAR LAMPUNG,Baik Sekali,6,5800000.0,Lampung
Sumatera,UNIVERSITAS DELI SUMATERA,Baik Sekali,6,5500000.0,Sumatera Utara
Sumatera,UNIVERSITAS DHARMA WACANA,Baik Sekali,6,7500000.0,Lampung
Sumatera,UNIVERSITAS FORT DE KOCK,Baik Sekali,6,19500000.0,Sumatera Barat
Sumatera,UNIVERSITAS GRAHA NUSANTARA,C,6,2400000.0,Sumatera Utara
Sumatera,UNIVERSITAS IBA,Baik Sekali,6,9181250.0,Sumatera Selatan
Sumatera,UNIVERSITAS METAMEDIA,Baik Sekali,6,7500000.0,Sumatera Barat
Sumatera,UNIVERSITAS MUHAMMADIYAH MUARA BUNGO,Baik Sekali,6,9150000.0,Jambi
Sumatera,UNIVERSITAS MURNI TEGUH,Baik Sekali,6,6890000.0,Sumatera Utara
Sumatera,UNIVERSITAS NURUL HASANAH KUTACANE,Baik Sekali,6,4400000.0,Aceh
Sumatera,UNIVERSITAS NURUL HUDA,Baik Sekali,6,7120000.0,Sumatera Selatan
Sumatera,UNIVERSITAS PRABUMULIH,Baik Sekali,6,6800000.0,Sumatera Selatan
Sumatera,UNIVERSITAS ROYAL,Baik Sekali,6,4500000.0,Sumatera Utara
Sumatera,UNIVERSITAS SANG BUMI RUWA JURAI,Baik Sekali,6,9500000.0,Lampung
Sumatera,UNIVERSITAS SATU NUSA LAMPUNG,Baik Sekali,6,6400000.0,Lampung
Sumatera,UNIVERSITAS SERASAN,Baik Sekali,6,8500000.0,Sumatera Selatan
Sumatera,UNIVERSITAS SISINGAMANGARAJA XII TAPANULI UTARA,Baik Sekali,6,3750000.0,Sumatera Utara
Sumatera,UNIVERSITAS SYEDZA SAINTIKA,Baik Sekali,6,20000000.0,Sumatera Barat
Sumatera,UNIVERSITAS TRIDINANTI,Baik Sekali,6,7000000.0,Sumatera Selatan
Sumatera,UNIVERSITAS TRIDINANTI,C,6,7000000.0,Sumatera Selatan
Sumatera,INSTITUT BISNIS INFORMASI TEKNOLOGI DAN BISNIS,Baik Sekali,5,21000000.0,Sumatera Utara
Sumatera,INSTITUT KESEHATAN DELI HUSADA DELI TUA,Baik Sekali,5,33500000.0,Sumatera Utara
Sumatera,INSTITUT KESEHATAN MEDISTRA LUBUK PAKAM,Baik Sekali,5,62000000.0,Sumatera Utara
Sumatera,INSTITUT TEKNOLOGI DEL,Baik Sekali,5,7650000.0,Sumatera Utara
Sumatera,UNIVERSITAS AISYIYAH PALEMBANG,Baik Sekali,5,45650000.0,Sumatera Selatan
Sumatera,UNIVERSITAS AUFA ROYHAN,Baik Sekali,5,4500000.0,Sumatera Utara
Sumatera,UNIVERSITAS BANDAR LAMPUNG,Unggul,5,5800000.0,Lampung
Sumatera,UNIVERSITAS BUMI PERSADA,Baik Sekali,5,5600000.0,Aceh
Sumatera,UNIVERSITAS CIPTA MANDIRI,Baik Sekali,5,3800000.0,Aceh
Sumatera,UNIVERSITAS DEZTRON INDONESIA,Baik Sekali,5,5600000.0,Sumatera Utara
Sumatera,UNIVERSITAS INDONESIA MANDIRI,Baik Sekali,5,4800000.0,Lampung
Sumatera,UNIVERSITAS KADER BANGSA,Baik Sekali,5,10700000.0,Sumatera Selatan
Sumatera,UNIVERSITAS MAHKOTA TRICOM UNGGUL,Baik Sekali,5,5300000.0,Sumatera Utara
Sumatera,UNIVERSITAS MANDIRI BINA PRESTASI,Baik Sekali,5,6400000.0,Sumatera Utara
Sumatera,UNIVERSITAS MIKROSKIL,Baik Sekali,5,12500000.0,Sumatera Utara
Sumatera,UNIVERSITAS MUHAMMADIYAH ASAHAN,Baik Sekali,5,4000000.0,Sumatera Utara
Sumatera,UNIVERSITAS MUHAMMADIYAH JAMBI,Baik Sekali,5,6110000.0,Jambi
Sumatera,UNIVERSITAS MUHAMMADIYAH SUMATERA UTARA,A,5,12000000.0,Sumatera Utara
Sumatera,UNIVERSITAS MULTI DATA PALEMBANG,Baik Sekali,5,16500000.0,Sumatera Selatan
Sumatera,UNIVERSITAS NURDIN HAMZAH,Baik Sekali,5,10000000.0,Jambi
Sumatera,UNIVERSITAS PALEMBANG,Baik Sekali,5,2500000.0,Sumatera Selatan
Sumatera,UNIVERSITAS PERINTIS INDONESIA,Baik Sekali,5,33500000.0,Sumatera Barat
Sumatera,UNIVERSITAS PERTIBA,Baik Sekali,5,18000000.0,Bangka Belitung
Sumatera,UNIVERSITAS PUTRA ABADI LANGKAT,Baik Sekali,5,8000000.0,Sumatera Utara
Sumatera,UNIVERSITAS SATYA TERRA BHINNEKA,Baik Sekali,5,9600000.0,Sumatera Utara
Sumatera,UNIVERSITAS SUMATERA SELATAN,Baik Sekali,5,4350000.0,Sumatera Selatan
Sumatera,UNIVERSITAS WIRAHUSADA MEDAN,Baik Sekali,5,3300000.0,Sumatera Utara
Sumatera,INSTITUT MODERN ARSITEKTUR DAN TEKNOLOGI,Baik Sekali,4,14000000.0,Sumatera Utara
Sumatera,INSTITUT TEKNOLOGI DAN SAINS NAHDLATUL ULAMA LAMPUNG,Baik Sekali,4,4800000.0,Lampung
Sumatera,INSTITUT TEKNOLOGI DAN SAINS PADANG LAWAS UTARA,Baik Sekali,4,22000000.0,Sumatera Utara
Sumatera,INSTITUT TEKNOLOGI PAGAR ALAM,Baik Sekali,4,6500000.0,Sumatera Selatan
Sumatera,INSTITUT TEKNOLOGI SAWIT INDONESIA,Baik Sekali,4,28250000.0,Sumatera Utara
Sumatera,SEKOLAH TINGGI KEGURUAN DAN ILMU PENDIDIKAN ROSALIA LAMPUNG,Baik Sekali,4,8000000.0,Lampung
Sumatera,STMIK TRIGUNA DHARMA,Baik Sekali,4,7136000.0,Sumatera Utara
Sumatera,UNIVERSITAS AL WASHLIYAH,Baik Sekali,4,19500000.0,Sumatera Utara
Sumatera,UNIVERSITAS BUDI DARMA,Baik Sekali,4,32500000.0,Sumatera Utara
Sumatera,UNIVERSITAS IMELDA MEDAN,Baik Sekali,4,14500000.0,Sumatera Utara
Sumatera,UNIVERSITAS ISLAM SUMATERA BARAT,Baik Sekali,4,5000000.0,Sumatera Barat
Sumatera,UNIVERSITAS MALAHAYATI,C,4,27000000.0,Lampung
Sumatera,UNIVERSITAS MUHAMMADIYAH PRINGSEWU LAMPUNG,Baik Sekali,4,16485000.0,Lampung
Sumatera,UNIVERSITAS MUSLIM NUSANTARA AL,C,4,8000000.0,Sumatera Utara
Sumatera,UNIVERSITAS MUSLIM NUSANTARA AL-WASHLIYAH,Unggul,4,16575000.0,Sumatera Utara
Sumatera,UNIVERSITAS PAT PETULAI,Baik Sekali,4,6350000.0,Bengkulu
Sumatera,UNIVERSITAS PUTRA INDONESIA YPTK PADANG,C,4,6950000.0,Sumatera Barat
Sumatera,UNIVERSITAS SERELO LAHAT,Baik Sekali,4,39700000.0,Sumatera Selatan
Sumatera,UNIVERSITAS SUMATERA BARAT,Baik Sekali,4,7350000.0,Sumatera Barat
Sumatera,INSTITUT ADMINISTRASI DAN KESEHATAN SETIH SETIO MUARA BUNGO,Baik Sekali,3,12285000.0,Jambi
Sumatera,INSTITUT BAKTI NUSANTARA,Baik Sekali,3,6520000.0,Lampung
Sumatera,INSTITUT CITRA INTERNASIONAL,Baik Sekali,3,20350000.0,Bangka Belitung
Sumatera,INSTITUT INFORMATIKA DAN BISNIS DARMAJAYA,C,3,10252000.0,Lampung
Sumatera,INSTITUT KESEHATAN SUMATERA UTARA,Baik Sekali,3,12200000.0,Sumatera Utara
Sumatera,INSTITUT PAHLAWAN 12,Baik Sekali,3,12900000.0,Bangka Belitung
Sumatera,INSTITUT RAHMANIYAH SEKAYU,Baik Sekali,3,5000000.0,Sumatera Selatan
Sumatera,INSTITUT SAINS DAN BISNIS ATMA LUHUR,Baik Sekali,3,6400000.0,Bangka Belitung
Sumatera,INSTITUT TEKNOLOGI BISNIS DAN BAHASA DIAN CIPTA CENDIKIA,Baik Sekali,3,8400000.0,Lampung
Sumatera,INSTITUT TEKNOLOGI DAN BISNIS BINA SRIWIJAYA PALEMBANG,Baik Sekali,3,4800000.0,Sumatera Selatan
Sumatera,INSTITUT TEKNOLOGI DAN BISNIS CARNEGIE,Baik Sekali,3,6000000.0,Sumatera Utara
Sumatera,INSTITUT TEKNOLOGI DAN BISNIS DINIYYAH LAMPUNG,Baik Sekali,3,6707500.0,Lampung
Sumatera,INSTITUT TEKNOLOGI DAN BISNIS HAJI AGUS SALIM BUKITTINGGI,Baik Sekali,3,10500000.0,Sumatera Barat
Sumatera,INSTITUT TEKNOLOGI DAN BISNIS NUSANTARA,Baik Sekali,3,5000000.0,Lampung
Sumatera,INSTITUT TEKNOLOGI DAN ILMU SOSIAL KHATULISTIWA,Baik Sekali,3,7500000.0,Sumatera Barat
Sumatera,INSTITUT TEKNOLOGI DAN KESEHATAN SUMATERA UTARA,Baik Sekali,3,6500000.0,Sumatera Utara
Sumatera,INSTITUT TEKNOLOGI DAN SAINS NAHDLATUL ULAMA JAMBI,Baik Sekali,3,4800000.0,Jambi
Sumatera,INSTITUT TEKNOLOGI DAN SAINS NAHDLATUL ULAMA SRIWIJAYA SUMATERA SELATAN,Baik Sekali,3,5000000.0,Sumatera Selatan
Sumatera,INSTITUT TEKNOLOGI MUHAMMADIYAH SUMATERA,Baik Sekali,3,2640000.0,Sumatera Selatan
Sumatera,SEKOLAH TINGGI ILMU EKONOMI SAKTI ALAM KERINCI,Baik Sekali,3,12000000.0,Jambi
Sumatera,SEKOLAH TINGGI ILMU KESEHATAN HARAPAN IBU JAMBI,Baik Sekali,3,14950000.0,Jambi
Sumatera,SEKOLAH TINGGI ILMU KESEHATAN SITI KHADIJAH,Baik Sekali,3,24025000.0,Sumatera Selatan
Sumatera,SEKOLAH TINGGI KEGURUAN DAN ILMU PENDIDIKAN AL MAKSUM,Baik Sekali,3,5000000.0,Sumatera Utara
Sumatera,SEKOLAH TINGGI KEGURUAN DAN ILMU PENDIDIKAN MUHAMMADIYAH OKU TIMUR,Baik Sekali,3,6000000.0,Sumatera Selatan
Sumatera,STKIP AHLUSSUNNAH,Baik Sekali,3,6400000.0,Sumatera Barat
Sumatera,STKIP PANGERAN ANTASARI,Baik Sekali,3,3700000.0,Sumatera Utara
Sumatera,UNIVERSITAS BUNG HATTA,A,3,17804000.0,Sumatera Barat
Sumatera,UNIVERSITAS DEZTRON INDONESIA,A,3,5600000.0,Sumatera Utara
Sumatera,UNIVERSITAS FORT DE KOCK,A,3,19500000.0,Sumatera Barat
Sumatera,UNIVERSITAS IBBI,Baik Sekali,3,8925000.0,Sumatera Utara
Sumatera,UNIVERSITAS ISLAM SUMATERA UTARA,C,3,25000001.0,Sumatera Utara
Sumatera,UNIVERSITAS KATOLIK SANTO THOMAS,C,3,40335000.0,Sumatera Utara
Sumatera,UNIVERSITAS MEDAN AREA,A,3,17250000.0,Sumatera Utara
Sumatera,UNIVERSITAS MERCUBAKTIJAYA,Baik Sekali,3,12622500.0,Sumatera Barat
Sumatera,UNIVERSITAS MUHAMMADIYAH PRINGSEWU LAMPUNG,Unggul,3,16485000.0,Lampung
Sumatera,UNIVERSITAS MUHAMMADIYAH SUMATERA UTARA,Unggul,3,12000000.0,Sumatera Utara
Sumatera,UNIVERSITAS PEMBANGUNAN PANCA BUDI,A,3,15000000.0,Sumatera Utara
Sumatera,UNIVERSITAS SERAMBI MEKKAH,C,3,6300000.0,Aceh
Sumatera,INSTITUT BISNIS DAN KOMPUTER INDONESIA,Baik Sekali,2,9500000.0,Sumatera Utara
Sumatera,INSTITUT SAINS DAN TEKNOLOGI TD PARDEDE,Baik Sekali,2,9750000.0,Sumatera Utara
Sumatera,SEKOLAH TINGGI ILMU EKONOMI AL-MADANI,Baik Sekali,2,4800000.0,Lampung
Sumatera,SEKOLAH TINGGI ILMU EKONOMI BINA KARYA,Baik Sekali,2,5500000.0,Sumatera Utara
Sumatera,SEKOLAH TINGGI ILMU EKONOMI EKA PRASETYA,Baik Sekali,2,6250000.0,Sumatera Utara
Sumatera,SEKOLAH TINGGI ILMU EKONOMI GENTIARAS,Baik Sekali,2,9450000.0,Lampung
Sumatera,SEKOLAH TINGGI ILMU EKONOMI KBP,Baik Sekali,2,10000000.0,Sumatera Barat
Sumatera,SEKOLAH TINGGI ILMU EKONOMI KRAKATAU,Baik Sekali,2,4350000.0,Lampung
Sumatera,SEKOLAH TINGGI ILMU EKONOMI MARS,Baik Sekali,2,6000000.0,Sumatera Utara
Sumatera,SEKOLAH TINGGI ILMU EKONOMI MULIA DARMA PRATAMA,Baik Sekali,2,6100000.0,Sumatera Selatan
Sumatera,SEKOLAH TINGGI ILMU EKONOMI PERBANKAN INDONESIA,Baik Sekali,2,8200000.0,Sumatera Barat
Sumatera,SEKOLAH TINGGI ILMU EKONOMI RAGAM TUNAS,Baik Sekali,2,6750000.0,Lampung
Sumatera,SEKOLAH TINGGI ILMU EKONOMI SULTAN AGUNG,Baik Sekali,2,8000000.0,Sumatera Utara
Sumatera,SEKOLAH TINGGI ILMU KESEHATAN ABDURAHMAN PALEMBANG,Baik Sekali,2,21350000.0,Sumatera Selatan
Sumatera,SEKOLAH TINGGI ILMU KESEHATAN AL-SU'AIBAH,Baik Sekali,2,11650000.0,Sumatera Selatan
Sumatera,SEKOLAH TINGGI ILMU KESEHATAN ARTA KABANJAHE,Baik Sekali,2,8000000.0,Sumatera Utara
Sumatera,SEKOLAH TINGGI ILMU KESEHATAN BINA HUSADA,Baik Sekali,2,18365000.0,Sumatera Selatan
Sumatera,SEKOLAH TINGGI ILMU KESEHATAN COLUMBIA ASIA,Baik Sekali,2,6973500.0,Sumatera Utara
Sumatera,SEKOLAH TINGGI ILMU KESEHATAN FLORA,Baik Sekali,2,6000000.0,Sumatera Utara
Sumatera,SEKOLAH TINGGI ILMU KESEHATAN KELUARGA BUNDA JAMBI,Baik Sekali,2,14000000.0,Jambi
Sumatera,SEKOLAH TINGGI ILMU KESEHATAN PANCA BHAKTI,Baik Sekali,2,9000000.0,Lampung
Sumatera,SEKOLAH TINGGI ILMU KESEHATAN SAPTA BAKTI,Baik Sekali,2,14000000.0,Bengkulu
Sumatera,SEKOLAH TINGGI ILMU MANAJEMEN SUKMA,Baik Sekali,2,8000000.0,Sumatera Utara
Sumatera,SEKOLAH TINGGI ILMU PERTANIAN SRIWIGAMA,Baik Sekali,2,5600000.0,Sumatera Selatan
Sumatera,SEKOLAH TINGGI ILMU PERTANIAN YASHAFA,Baik Sekali,2,5000000.0,Aceh
Sumatera,SEKOLAH TINGGI KEGURUAN DAN ILMU PENDIDIKAN PADANG LAWAS,Baik Sekali,2,4800000.0,Sumatera Utara
Sumatera,SEKOLAH TINGGI MANAJEMEN INFORMATIKA DAN KOMPUTER KALIREJO LAMPUNG,Baik Sekali,2,6000000.0,Lampung
Sumatera,SEKOLAH TINGGI MANAJEMEN INFORMATIKA DAN KOMPUTER MULIA DARMA,Baik Sekali,2,6150000.0,Sumatera Utara
Sumatera,SEKOLAH TINGGI TEKNIK ISKANDAR THANI,Baik Sekali,2,32400000.0,Aceh
Sumatera,STIE IBMI MEDAN,Baik Sekali,2,4400000.0,Sumatera Utara
Sumatera,STIE WIDYASWARA INDONESIA,Baik Sekali,2,4600000.0,Sumatera Barat
Sumatera,STIE YA BANGKO,Baik Sekali,2,4800000.0,Jambi
Sumatera,STISIP IMAM BONJOL,Baik Sekali,2,4000000.0,Sumatera Barat
Sumatera,STKIP WIDYASWARA INDONESIA,Baik Sekali,2,2700000.0,Sumatera Barat
Sumatera,STMIK CITRA MANDIRI PADANGSIDIMPUAN,Baik Sekali,2,4800000.0,Sumatera Utara
Sumatera,STMIK INDONESIA BANDA ACEH,Baik Sekali,2,4800000.0,Aceh
Sumatera,STMIK KAPUTAMA,Baik Sekali,2,5700000.0,Sumatera Utara
Sumatera,STMIK METHODIST BINJAI,Baik Sekali,2,5000000.0,Sumatera Utara
Sumatera,STMIK SURYA INTAN,Baik Sekali,2,4800000.0,Lampung
Sumatera,UNIVERSITAS ADVENT SURYA NUSANTARA,Baik Sekali,2,14100000.0,Sumatera Utara
Sumatera,UNIVERSITAS BINA DARMA,A,2,11500000.0,Sumatera Selatan
Sumatera,UNIVERSITAS ISLAM SUMATERA UTARA,Unggul,2,25000001.0,Sumatera Utara
Sumatera,UNIVERSITAS KADER BANGSA,C,2,10700000.0,Sumatera Selatan
Sumatera,UNIVERSITAS MUHAMMADIYAH BENGKULU,C,2,6600000.0,Bengkulu
Sumatera,UNIVERSITAS MUHAMMADIYAH TAPANULI SELATAN,C,2,6166000.0,Sumatera Utara
Sumatera,UNIVERSITAS PGRI PALEMBANG,A,2,401975000.0,Sumatera Selatan
Sumatera,UNIVERSITAS PGRI PALEMBANG,Unggul,2,401975000.0,Sumatera Selatan
Sumatera,UNIVERSITAS PGRI SUMATERA BARAT,Unggul,2,10100000.0,Sumatera Barat
Sumatera,UNIVERSITAS PRIMA NUSANTARA BUKITTINGGI,Unggul,2,7410000.0,Sumatera Barat
Sumatera,UNIVERSITAS SIMALUNGUN,C,2,30275000.0,Sumatera Utara
Sumatera,INSTITUT KESEHATAN DELI HUSADA DELI TUA,Unggul,1,33500000.0,Sumatera Utara
Sumatera,INSTITUT KESEHATAN HELVETIA,C,1,42400000.0,Sumatera Utara
Sumatera,INSTITUT KESEHATAN MEDISTRA LUBUK PAKAM,Unggul,1,62000000.0,Sumatera Utara
Sumatera,INSTITUT KESEHATAN SUMATERA UTARA,C,1,12200000.0,Sumatera Utara
Sumatera,INSTITUT MODERN ARSITEKTUR DAN TEKNOLOGI,A,1,14000000.0,Sumatera Utara
Sumatera,SEKOLAH TINGGI BAHASA ASING PRAYOGA,Baik Sekali,1,5150000.0,Sumatera Barat
Sumatera,SEKOLAH TINGGI ILMU ADMINISTRASI ADABIAH,Baik Sekali,1,5250000.0,Sumatera Barat
Sumatera,SEKOLAH TINGGI ILMU ADMINISTRASI ADABIAH,C,1,5250000.0,Sumatera Barat
Sumatera,SEKOLAH TINGGI ILMU ADMINISTRASI ISKANDAR THANI,Baik Sekali,1,5000000.0,Aceh
Sumatera,SEKOLAH TINGGI ILMU ADMINISTRASI PELITA NUSANTARA,Baik Sekali,1,5000000.0,Aceh
Sumatera,SEKOLAH TINGGI ILMU ADMINISTRASI SATYA NEGARA,Baik Sekali,1,6400000.0,Sumatera Selatan
Sumatera,SEKOLAH TINGGI ILMU EKONOMI APRIN,Baik Sekali,1,45500000.0,Sumatera Selatan
Sumatera,SEKOLAH TINGGI ILMU EKONOMI DWI SAKTI BATURAJA,Baik Sekali,1,26800000.0,Sumatera Selatan
Sumatera,SEKOLAH TINGGI ILMU EKONOMI EL HAKIM,Baik Sekali,1,2640000.0,Sumatera Barat
Sumatera,SEKOLAH TINGGI ILMU EKONOMI PERDAGANGAN,Baik Sekali,1,11082500.0,Sumatera Barat
Sumatera,SEKOLAH TINGGI ILMU EKONOMI PROFESSIONAL MANAJEMEN COLLEGE INDONESIA,Baik Sekali,1,10800000.0,Sumatera Utara
Sumatera,SEKOLAH TINGGI ILMU EKONOMI TRISNA NEGARA,Baik Sekali,1,17500000.0,Sumatera Selatan
Sumatera,SEKOLAH TINGGI ILMU EKONOMI YPHB,Baik Sekali,1,5000000.0,Aceh
Sumatera,SEKOLAH TINGGI ILMU FARMASI BHAKTI PERTIWI,Baik Sekali,1,12550000.0,Sumatera Selatan
Sumatera,SEKOLAH TINGGI ILMU FARMASI PADANG,Baik Sekali,1,16100000.0,Sumatera Barat
Sumatera,SEKOLAH TINGGI ILMU HUKUM AL-BANNA,Baik Sekali,1,5000000.0,Aceh
Sumatera,SEKOLAH TINGGI ILMU HUKUM GRAHA KIRANA,Baik Sekali,1,2000000.0,Sumatera Utara
Sumatera,SEKOLAH TINGGI ILMU KEHUTANAN PANTE KULU,Baik Sekali,1,4800000.0,Aceh
Sumatera,SEKOLAH TINGGI ILMU KESEHATAN AN NUR HUSADA LAMPUNG UTARA,Baik Sekali,1,6900000.0,Lampung
Sumatera,SEKOLAH TINGGI ILMU KESEHATAN ARJUNA,Baik Sekali,1,4500000.0,Sumatera Utara
Sumatera,SEKOLAH TINGGI ILMU KESEHATAN BINALITA SUDAMA,Baik Sekali,1,16000000.0,Sumatera Utara
Sumatera,SEKOLAH TINGGI ILMU KESEHATAN DARMO,Baik Sekali,1,7000000.0,Sumatera Utara
Sumatera,SEKOLAH TINGGI ILMU KESEHATAN HESTI WIRA SRIWIJAYA,Baik Sekali,1,25100000.0,Sumatera Selatan
Sumatera,SEKOLAH TINGGI ILMU KESEHATAN INDAH MEDAN,Baik Sekali,1,8100000.0,Sumatera Utara
Sumatera,SEKOLAH TINGGI ILMU KESEHATAN JABAL GHAFUR,Baik Sekali,1,5900000.0,Aceh
Sumatera,SEKOLAH TINGGI ILMU KESEHATAN KESEHATAN BARU,Baik Sekali,1,5700000.0,Sumatera Utara
Sumatera,SEKOLAH TINGGI ILMU KESEHATAN MERANGIN,Baik Sekali,1,11400000.0,Jambi
Sumatera,SEKOLAH TINGGI ILMU KESEHATAN MERANGIN,C,1,11400000.0,Jambi
Sumatera,SEKOLAH TINGGI ILMU KESEHATAN MITRA ADIGUNA,Baik Sekali,1,6750000.0,Sumatera Selatan
Sumatera,SEKOLAH TINGGI ILMU KESEHATAN MITRA HUSADA MEDAN,Baik Sekali,1,11750000.0,Sumatera Utara
Sumatera,SEKOLAH TINGGI ILMU KESEHATAN MITRA SEJATI,Baik Sekali,1,24600000.0,Sumatera Utara
Sumatera,SEKOLAH TINGGI ILMU KESEHATAN PATRIOT BANGSA LAMPUNG,Baik Sekali,1,11000000.0,Lampung
Sumatera,SEKOLAH TINGGI ILMU KESEHATAN SEHAT MEDAN,Baik Sekali,1,7000000.0,Sumatera Utara
Sumatera,SEKOLAH TINGGI ILMU KESEHATAN SEHATI,Baik Sekali,1,10050000.0,Sumatera Utara
Sumatera,SEKOLAH TINGGI ILMU KESEHATAN SENTRAL,A,1,6000000.0,Sumatera Utara
Sumatera,SEKOLAH TINGGI ILMU KESEHATAN SENTRAL,Baik Sekali,1,6000000.0,Sumatera Utara
Sumatera,SEKOLAH TINGGI ILMU KESEHATAN SIHAT BEURATA BANDA ACEH,Baik Sekali,1,6000000.0,Aceh
Sumatera,SEKOLAH TINGGI ILMU KOMUNIKASI PEMBANGUNAN,Baik Sekali,1,7000000.0,Sumatera Utara
Sumatera,SEKOLAH TINGGI ILMU MANAJEMEN INDONESIA MEULABOH,Baik Sekali,1,4800000.0,Aceh
Sumatera,SEKOLAH TINGGI ILMU PERTANIAN BELITANG,Baik Sekali,1,5000000.0,Sumatera Selatan
Sumatera,SEKOLAH TINGGI KEGURUAN DAN ILMU PENDIDIKAN AN-NUR NANGGROE ACEH DARUSSALAM,Baik Sekali,1,3150000.0,Aceh
Sumatera,SEKOLAH TINGGI KESEHATAN AL-FATAH BENGKULU,Baik Sekali,1,18000000.0,Bengkulu
Sumatera,SEKOLAH TINGGI PERIKANAN SIBOLGA,Baik Sekali,1,3500000.0,Sumatera Utara
Sumatera,SEKOLAH TINGGI TEKNOLOGI IMMANUEL,Baik Sekali,1,6000000.0,Sumatera Utara
Sumatera,STIA BINA NUSANTARA MANDIRI PARIAMAN,Baik Sekali,1,4400000.0,Sumatera Barat
Sumatera,STIH PUTRI MAHARAJA,Baik Sekali,1,7250000.0,Sumatera Barat
Sumatera,STIKES DHARMA LANDBOUW,Baik Sekali,1,13000000.0,Sumatera Barat
Sumatera,STKIP BUDIDAYA,Baik Sekali,1,6860000.0,Sumatera Utara
Sumatera,STMIK KRISTEN NEUMANN INDONESIA,Baik Sekali,1,6000000.0,Sumatera Utara
Sumatera,STMIK KRISTEN NEUMANN INDONESIA,C,1,6000000.0,Sumatera Utara
Sumatera,STMIK PELITA NUSANTARA,Baik Sekali,1,6875000.0,Sumatera Utara
Sumatera,UNIVERSITAS ADZKIA,A,1,8300000.0,Sumatera Barat
Sumatera,UNIVERSITAS AISYAH PRINGSEWU,Unggul,1,26550000.0,Lampung
Sumatera,UNIVERSITAS AISYIYAH PALEMBANG,A,1,45650000.0,Sumatera Selatan
Sumatera,UNIVERSITAS AL MUSLIM,A,1,2200000.0,Aceh
Sumatera,UNIVERSITAS BAITURRAHMAH,A,1,36300000.0,Sumatera Barat
Sumatera,UNIVERSITAS BANDAR LAMPUNG,A,1,5800000.0,Lampung
Sumatera,UNIVERSITAS BATANGHARI JAMBI,C,1,7900500.0,Jambi
Sumatera,UNIVERSITAS BATURAJA,A,1,4800000.0,Sumatera Selatan
Sumatera,UNIVERSITAS BATURAJA,C,1,4800000.0,Sumatera Selatan
Sumatera,UNIVERSITAS BINA BANGSA GETSEMPENA,Unggul,1,9300000.0,Aceh
Sumatera,UNIVERSITAS BINA DARMA,C,1,11500000.0,Sumatera Selatan
Sumatera,UNIVERSITAS CIPTA MANDIRI,A,1,3800000.0,Aceh
Sumatera,UNIVERSITAS DHARMA ANDALAS,A,1,8300000.0,Sumatera Barat
Sumatera,UNIVERSITAS EKASAKTI,C,1,5750000.0,Sumatera Barat
Sumatera,UNIVERSITAS FORT DE KOCK,Unggul,1,19500000.0,Sumatera Barat
Sumatera,UNIVERSITAS INDONESIA MANDIRI,A,1,4800000.0,Lampung
Sumatera,UNIVERSITAS ISLAM LABUHAN BATU,A,1,4800000.0,Sumatera Utara
Sumatera,UNIVERSITAS MEDAN AREA,C,1,17250000.0,Sumatera Utara
Sumatera,UNIVERSITAS METHODIST INDONESIA,C,1,50000000.0,Sumatera Utara
Sumatera,UNIVERSITAS MUHAMMADIYAH ACEH,Unggul,1,15505000.0,Aceh
Sumatera,UNIVERSITAS MUHAMMADIYAH ASAHAN,A,1,4000000.0,Sumatera Utara
Sumatera,UNIVERSITAS MUHAMMADIYAH BANGKA BELITUNG,Unggul,1,4480000.0,Bangka Belitung
Sumatera,UNIVERSITAS MUHAMMADIYAH JAMBI,A,1,6110000.0,Jambi
Sumatera,UNIVERSITAS MUHAMMADIYAH PALEMBANG,C,1,38610000.0,Sumatera Selatan
Sumatera,UNIVERSITAS MUHAMMADIYAH PALEMBANG,Unggul,1,38610000.0,Sumatera Selatan
Sumatera,UNIVERSITAS PEMBANGUNAN PANCA BUDI,C,1,15000000.0,Sumatera Utara
Sumatera,UNIVERSITAS PRIMA NUSANTARA BUKITTINGGI,A,1,7410000.0,Sumatera Barat
Sumatera,UNIVERSITAS PROF DR HAZAIRIN SH,A,1,20575000.0,Bengkulu
Sumatera,UNIVERSITAS QUALITY,Baik Sekali,1,7400001.0,Sumatera Utara
Sumatera,UNIVERSITAS ROYAL,A,1,4500000.0,Sumatera Utara
Sumatera,UNIVERSITAS SAINS CUT NYAK DHIEN,A,1,9000000.0,Aceh
Sumatera,UNIVERSITAS SERAMBI MEKKAH,A,1,6300000.0,Aceh
Sumatera,UNIVERSITAS SERELO LAHAT,A,1,39700000.0,Sumatera Selatan
Sumatera,UNIVERSITAS TAMANSISWA,C,1,6500001.0,Sumatera Barat
