institution_name,province,campus_accreditation,average_yearly_fee,kategori_final,link
SEKOLAH TINGGI TEKNIK ISKANDAR THANI,ACEH,BAIK,32400000.0,ACEH - Menengah (15-40 Jt) - Baik,-
STIKES DARUSSALAM LHOKSEUMAWE,ACEH,BAIK,28000000.0,ACEH - Menengah (15-40 Jt) - Baik,-
UNIVERSITAS MUHAMMADIYAH ACEH,ACEH,BAIK SEKALI,15505000.0,ACEH - Terjangkau (5-15 Jt) - Baik Sekali (B),https://campus.quipper.com/directory/universitas-muhammadiyah-aceh
STIKES MEDIKA SERAMOE BARAT,ACEH,BAIK,11400000.0,ACEH - Terjangkau (5-15 Jt) - Baik,-
UNIVERSITAS JABAL GHAFUR,ACEH,BAIK SEKALI,10000000.0,ACEH - Terjangkau (5-15 Jt) - Baik Sekali (B),https://campus.quipper.com/directory/universitas-jabal-ghafur
UNIVERSITAS BINA BANGSA GETSEMPENA,ACEH,TERAKREDITASI,9300000.0,ACEH - Terjangkau (5-15 Jt) - Baik,-
UNIVERSITAS SAINS CUT NYAK DHIEN,ACEH,BAIK,9000000.0,ACEH - Terjangkau (5-15 Jt) - Baik,-
STIKES MEDIKA NURUL ISLAM,ACEH,BAIK,8000000.0,ACEH - Terjangkau (5-15 Jt) - Baik,-
STKIP MUHAMMADIYAH ACEH BARAT DAYA,ACEH,BAIK,7000000.0,ACEH - Terjangkau (5-15 Jt) - Baik,-
STIKES BUSTANUL ULUM LANGSA,ACEH,BAIK,6600000.0,ACEH - Terjangkau (5-15 Jt) - Baik,-
UNIVERSITAS MUHAMMADIYAH MAHAKARYA ACEH,ACEH,BAIK SEKALI,6600000.0,ACEH - Sangat Hemat (< 5 Jt) - Baik Sekali (B),-
UNIVERSITAS ISLAM KEBANGSAAN INDONESIA,ACEH,BAIK,6400000.0,ACEH - Terjangkau (5-15 Jt) - Baik,-
STIKES ASSYIFA ACEH,ACEH,BAIK,6400000.0,ACEH - Terjangkau (5-15 Jt) - Baik,-
UNIVERSITAS SERAMBI MEKKAH,ACEH,BAIK,6300000.0,ACEH - Terjangkau (5-15 Jt) - Baik,https://campus.quipper.com/directory/universitas-serambi-mekkah
UNIVERSITAS ISKANDAR MUDA,ACEH,BAIK,6000000.0,ACEH - Terjangkau (5-15 Jt) - Baik,-
STIKES MUHAMMADIYAH LHOKSEUMAWE,ACEH,BAIK,6000000.0,ACEH - Terjangkau (5-15 Jt) - Baik,-
SEKOLAH TINGGI ILMU KESEHATAN SIHAT BEURATA BANDA ACEH,ACEH,BAIK,6000000.0,ACEH - Terjangkau (5-15 Jt) - Baik,-
AMIK JABAL GHAFUR,ACEH,TIDAK TERAKREDITASI,5900000.0,ACEH - Terjangkau (5-15 Jt) - Baik,-
SEKOLAH TINGGI ILMU KESEHATAN JABAL GHAFUR,ACEH,BAIK,5900000.0,ACEH - Terjangkau (5-15 Jt) - Baik,-
UNIVERSITAS GAJAH PUTIH,ACEH,BAIK,5900000.0,ACEH - Terjangkau (5-15 Jt) - Baik,-
UNIVERSITAS BUMI PERSADA,ACEH,BAIK,5600000.0,ACEH - Terjangkau (5-15 Jt) - Baik,-
SEKOLAH TINGGI ILMU EKONOMI YPHB,ACEH,BAIK,5000000.0,ACEH - Terjangkau (5-15 Jt) - Baik,-
SEKOLAH TINGGI ILMU ADMINISTRASI ISKANDAR THANI,ACEH,BAIK,5000000.0,ACEH - Terjangkau (5-15 Jt) - Baik,-
SEKOLAH TINGGI ILMU HUKUM AL-BANNA,ACEH,BAIK,5000000.0,ACEH - Terjangkau (5-15 Jt) - Baik,-
SEKOLAH TINGGI ILMU PERTANIAN YASHAFA,ACEH,BAIK,5000000.0,ACEH - Terjangkau (5-15 Jt) - Baik,-
SEKOLAH TINGGI ILMU ADMINISTRASI PELITA NUSANTARA,ACEH,BAIK,5000000.0,ACEH - Terjangkau (5-15 Jt) - Baik,-
STMIK INDONESIA BANDA ACEH,ACEH,BAIK,4800000.0,ACEH - Terjangkau (5-15 Jt) - Baik,-
SEKOLAH TINGGI ILMU MANAJEMEN INDONESIA MEULABOH,ACEH,BAIK,4800000.0,ACEH - Terjangkau (5-15 Jt) - Baik,-
SEKOLAH TINGGI ILMU KEHUTANAN PANTE KULU,ACEH,BAIK,4800000.0,ACEH - Terjangkau (5-15 Jt) - Baik,-
STKIP USMAN SAFRI KUTACANE,ACEH,BAIK,4800000.0,ACEH - Terjangkau (5-15 Jt) - Baik,-
UNIVERSITAS NURUL HASANAH KUTACANE,ACEH,BAIK,4400000.0,ACEH - Terjangkau (5-15 Jt) - Baik,-
UNIVERSITAS CIPTA MANDIRI,ACEH,BAIK,3800000.0,ACEH - Terjangkau (5-15 Jt) - Baik,-
SEKOLAH TINGGI KEGURUAN DAN ILMU PENDIDIKAN AN-NUR NANGGROE ACEH DARUSSALAM,ACEH,BAIK,3150000.0,ACEH - Terjangkau (5-15 Jt) - Baik,-
UNIVERSITAS AL MUSLIM,ACEH,B,2200000.0,ACEH - Sangat Hemat (< 5 Jt) - Baik Sekali (B),https://rencanamu.id/cari-kampus/universitas-al-muslim
UNIVERSITAS HINDU INDONESIA,BALI,B,142175000.0,BALI - Sultan (> 100 Jt) - Baik Sekali (B),-
INSTITUT PARIWISATA DAN BISNIS INTERNASIONAL,BALI,UNGGUL,39000000.0,BALI - Menengah (15-40 Jt) - Unggul (A),-
UNIVERSITAS PRIMAKARA,BALI,BAIK SEKALI,32470000.0,BALI - Menengah (15-40 Jt) - Baik Sekali (B),-
UNIVERSITAS PENDIDIKAN NASIONAL,BALI,UNGGUL,29000000.0,BALI - Menengah (15-40 Jt) - Unggul (A),-
INSTITUT TEKNOLOGI DAN KESEHATAN BALI,BALI,UNGGUL,22400000.0,BALI - Menengah (15-40 Jt) - Unggul (A),-
STIKES BINA USADA BALI,BALI,BAIK SEKALI,18672000.0,BALI - Terjangkau (5-15 Jt) - Baik Sekali (B),-
SEKOLAH TINGGI FARMASI MAHAGANESHA,BALI,BAIK,16000000.0,BALI - Terjangkau (5-15 Jt) - Baik,-
STIKES WIRA MEDIKA BALI,BALI,BAIK SEKALI,15000001.0,BALI - Terjangkau (5-15 Jt) - Baik Sekali (B),-
UNIVERSITAS PGRI MAHADEWA INDONESIA,BALI,B,14350000.0,BALI - Terjangkau (5-15 Jt) - Baik Sekali (B),-
INSTITUT TEKNOLOGI DAN BISNIS STIKOM BALI,BALI,B,13900000.0,BALI - Terjangkau (5-15 Jt) - Baik Sekali (B),-
UNIVERSITAS WARMADEWA,BALI,UNGGUL,13675000.0,BALI - Menengah (15-40 Jt) - Unggul (A),-
UNIVERSITAS DHYANA PURA,BALI,B,13500000.0,BALI - Terjangkau (5-15 Jt) - Baik Sekali (B),https://rencanamu.id/cari-kampus/universitas-dhyana-pura
UNIVERSITAS MAHASARASWATI DENPASAR,BALI,UNGGUL,13344800.0,BALI - Menengah (15-40 Jt) - Unggul (A),https://campus.quipper.com/directory/universitas-mahasaraswati-denpasar
SEKOLAH TINGGI ILMU KESEHATAN KESDAM IX/UDAYANA,BALI,BAIK,13300000.0,BALI - Terjangkau (5-15 Jt) - Baik,-
INSTITUT DESAIN DAN BISNIS BALI,BALI,BAIK,12750000.0,BALI - Terjangkau (5-15 Jt) - Baik,-
AKTEK RADIODIAGNOSTIK DAN RADIOTERAPI BALI,BALI,BAIK,12700000.0,BALI - Terjangkau (5-15 Jt) - Baik,-
UNIVERSITAS BALI DWIPA,BALI,BAIK,12350000.0,BALI - Terjangkau (5-15 Jt) - Baik,-
STIKES ADVAITA MEDIKA TABANAN,BALI,BAIK,11650000.0,BALI - Terjangkau (5-15 Jt) - Baik,-
UNIVERSITAS DWIJENDRA,BALI,B,11000000.0,BALI - Terjangkau (5-15 Jt) - Baik Sekali (B),https://rencanamu.id/cari-kampus/universitas-dwijendra
UNIVERSITAS TABANAN,BALI,BAIK SEKALI,10000000.0,BALI - Terjangkau (5-15 Jt) - Baik Sekali (B),-
INSTITUT TEKNOLOGI DAN KESEHATAN BINTANG PERSADA,BALI,BAIK,8900000.0,BALI - Terjangkau (5-15 Jt) - Baik,-
SEKOLAH TINGGI ILMU SOSIAL DAN ILMU POLITIK WIRA BHAKTI,BALI,BAIK,8400000.0,BALI - Terjangkau (5-15 Jt) - Baik,-
SEKOLAH TINGGI ILMU MANAJEMEN INDONESIA HANDAYANI,BALI,BAIK,8000000.0,BALI - Terjangkau (5-15 Jt) - Baik,-
UNIVERSITAS TRIATMA MULYA,BALI,BAIK SEKALI,7400000.0,BALI - Terjangkau (5-15 Jt) - Baik Sekali (B),-
STISIP MARGARANA,BALI,BAIK,7350000.0,BALI - Terjangkau (5-15 Jt) - Baik,-
UNIVERSITAS MAHENDRADATTA,BALI,BAIK SEKALI,7250000.0,BALI - Terjangkau (5-15 Jt) - Baik Sekali (B),-
SEKOLAH TINGGI ILMU EKONOMI SATYA DHARMA,BALI,BAIK,7000000.0,BALI - Terjangkau (5-15 Jt) - Baik,-
UNIVERSITAS NGURAH RAI,BALI,BAIK SEKALI,6900000.0,BALI - Terjangkau (5-15 Jt) - Baik Sekali (B),https://campus.quipper.com/directory/universitas-ngurah-rai
STKIP AGAMA HINDU AMLAPURA,BALI,BAIK,6290000.0,BALI - Terjangkau (5-15 Jt) - Baik,-
UNIVERSITAS TEKNOLOGI INDONESIA,BALI,BAIK,5900000.0,BALI - Terjangkau (5-15 Jt) - Baik,-
SEKOLAH TINGGI BISNIS RUNATA,BALI,BAIK,4900000.0,BALI - Terjangkau (5-15 Jt) - Baik,-
INSTITUT TEKNOLOGI DAN PENDIDIKAN MARKANDEYA BALI,BALI,BAIK,4432000.0,BALI - Terjangkau (5-15 Jt) - Baik,-
UNIVERSITAS PANJI SAKTI SINGARAJA,BALI,BAIK,3855000.0,BALI - Terjangkau (5-15 Jt) - Baik,-
INSTITUT CITRA INTERNASIONAL,BANGKA BELITUNG,BAIK,20350000.0,BANGKA BELITUNG - Menengah (15-40 Jt) - Baik,-
UNIVERSITAS PERTIBA,BANGKA BELITUNG,BAIK SEKALI,18000000.0,BANGKA BELITUNG - Menengah (15-40 Jt) - Baik Sekali (B),-
INSTITUT PAHLAWAN 12,BANGKA BELITUNG,BAIK,12900000.0,BANGKA BELITUNG - Menengah (15-40 Jt) - Baik,-
INSTITUT SAINS DAN BISNIS ATMA LUHUR,BANGKA BELITUNG,B,6400000.0,BANGKA BELITUNG - Terjangkau (5-15 Jt) - Baik Sekali (B),-
UNIVERSITAS MUHAMMADIYAH BANGKA BELITUNG,BANGKA BELITUNG,BAIK SEKALI,4480000.0,BANGKA BELITUNG - Terjangkau (5-15 Jt) - Baik Sekali (B),-
SEKOLAH TINGGI ILMU HUKUM GUNUNG JATI,BANTEN,BAIK,251500000.0,BANTEN - Sultan (> 100 Jt) - Baik,-
UNIVERSITAS MUHAMMADIYAH TANGERANG,BANTEN,B,68250000.0,BANTEN - Mahal (40-100 Jt) - Baik Sekali (B),https://rencanamu.id/cari-kampus/universitas-muhammadiyah-tangerang
UNIVERSITAS PELITA HARAPAN,BANTEN,B,61000000.0,BANTEN - Mahal (40-100 Jt) - Baik Sekali (B),https://rencanamu.id/cari-kampus/universitas-pelita-harapan
UNIVERSITAS LINTAS INTERNASIONAL INDONESIA,BANTEN,BAIK SEKALI,61000000.0,BANTEN - Mahal (40-100 Jt) - Baik Sekali (B),-
UNIVERSITAS SWISS GERMAN,BANTEN,BAIK SEKALI,59000000.0,BANTEN - Mahal (40-100 Jt) - Baik Sekali (B),https://rencanamu.id/cari-kampus/universitas-swiss-german
UNIVERSITAS SURYA,BANTEN,BAIK,36600000.0,BANTEN - Terjangkau (5-15 Jt) - Baik,https://campus.quipper.com/directory/universitas-surya
UNIVERSITAS MULTIMEDIA NUSANTARA,BANTEN,A,27000000.0,BANTEN - Terjangkau (5-15 Jt) - Baik Sekali (B),https://campus.quipper.com/directory/universitas-multimedia-nusantara
UNIVERSITAS CENDEKIA ABDITAMA,BANTEN,BAIK,24000000.0,BANTEN - Terjangkau (5-15 Jt) - Baik,https://campus.quipper.com/directory/universitas-cendekia-abditama
UNIVERSITAS MATANA,BANTEN,BAIK,22985000.0,BANTEN - Terjangkau (5-15 Jt) - Baik,https://rencanamu.id/cari-kampus/universitas-matana
SEKOLAH TINGGI ILMU KESEHATAN SALSABILA SERANG,BANTEN,BAIK,19600000.0,BANTEN - Terjangkau (5-15 Jt) - Baik,-
UNIVERSITAS FALETEHAN,BANTEN,BAIK,19200000.0,BANTEN - Terjangkau (5-15 Jt) - Baik,-
UNIVERSITAS BHAKTI ASIH TANGERANG,BANTEN,BAIK,18000000.0,BANTEN - Terjangkau (5-15 Jt) - Baik,-
UNIVERSITAS ISLAM SYEKH YUSUF,BANTEN,B,15000000.0,BANTEN - Terjangkau (5-15 Jt) - Baik Sekali (B),https://rencanamu.id/cari-kampus/universitas-islam-syekh-yusuf
UNIVERSITAS PEMBANGUNAN JAYA,BANTEN,BAIK SEKALI,14960000.0,BANTEN - Terjangkau (5-15 Jt) - Baik Sekali (B),-
STIKES FAATHIR HUSADA,BANTEN,BAIK,14000000.0,BANTEN - Terjangkau (5-15 Jt) - Baik,-
INSTITUT TEKNOLOGI INDONESIA,BANTEN,BAIK SEKALI,14000000.0,BANTEN - Terjangkau (5-15 Jt) - Baik Sekali (B),https://campus.quipper.com/directory/institut-teknologi-indonesia
INSTITUT TEKNOLOGI DAN BISNIS BINA SARANA GLOBAL,BANTEN,B,14000000.0,BANTEN - Terjangkau (5-15 Jt) - Baik Sekali (B),-
SEKOLAH TINGGI ILMU KESEHATAN WIDYA DHARMA HUSADA TANGERANG,BANTEN,BAIK SEKALI,13500000.0,BANTEN - Terjangkau (5-15 Jt) - Baik Sekali (B),-
UNIVERSITAS RAHARJA,BANTEN,TERAKREDITASI,12375870.0,BANTEN - Terjangkau (5-15 Jt) - Baik,https://campus.quipper.com/directory/universitas-raharja
UNIVERSITAS INSAN PEMBANGUNAN INDONESIA,BANTEN,BAIK,12255000.0,BANTEN - Terjangkau (5-15 Jt) - Baik,-
SEKOLAH TINGGI ILMU EKONOMI DWIMULYA,BANTEN,BAIK,11600000.0,BANTEN - Terjangkau (5-15 Jt) - Baik,-
UNIVERSITAS SALAKANAGARA,BANTEN,B,11400000.0,BANTEN - Terjangkau (5-15 Jt) - Baik Sekali (B),-
UNIVERSITAS YATSI MADANI,BANTEN,BAIK SEKALI,11000000.0,BANTEN - Terjangkau (5-15 Jt) - Baik Sekali (B),https://campus.quipper.com/directory/universitas-yatsi-madani
UNIVERSITAS SETIA BUDHI RANGKASBITUNG,BANTEN,BAIK,10920000.0,BANTEN - Terjangkau (5-15 Jt) - Baik,-
UNIVERSITAS YUPPENTEK INDONESIA,BANTEN,BAIK,10850000.0,BANTEN - Terjangkau (5-15 Jt) - Baik,-
SEKOLAH TINGGI ILMU KESEHATAN BANTEN,BANTEN,BAIK,10800000.0,BANTEN - Terjangkau (5-15 Jt) - Baik,-
UNIVERSITAS SERANG RAYA,BANTEN,B,10524500.0,BANTEN - Terjangkau (5-15 Jt) - Baik Sekali (B),https://campus.quipper.com/directory/universitas-serang-raya
UNIVERSITAS BUDDHI DHARMA,BANTEN,BAIK,10390000.0,BANTEN - Terjangkau (5-15 Jt) - Baik,https://campus.quipper.com/directory/universitas-buddhi-dharma
UNIVERSITAS PRAMITA INDONESIA,BANTEN,BAIK,9000000.0,BANTEN - Terjangkau (5-15 Jt) - Baik,https://campus.quipper.com/directory/universitas-pramita-indonesia
STKIP MUTIARA BANTEN,BANTEN,BAIK,8000000.0,BANTEN - Terjangkau (5-15 Jt) - Baik,-
UNIVERSITAS BINA BANGSA,BANTEN,BAIK,7700077.0,BANTEN - Terjangkau (5-15 Jt) - Baik,https://rencanamu.id/cari-kampus/sekolah-tinggi-ilmu-ekonomi-bina-bangsa
UNIVERSITAS PEMBANGUNAN JAYA TANGERANG,BANTEN,B,7500000.0,BANTEN - Terjangkau (5-15 Jt) - Baik Sekali (B),https://rencanamu.id/cari-kampus/universitas-pembangunan-jaya-tangerang
UNIVERSITAS TANGERANG RAYA,BANTEN,BAIK,7500000.0,BANTEN - Terjangkau (5-15 Jt) - Baik,-
UNIVERSITAS MANGKU WIYATA,BANTEN,TIDAK TERAKREDITASI,7350000.0,BANTEN - Terjangkau (5-15 Jt) - Baik,-
UNIVERSITAS PAMULANG,BANTEN,C,7300000.0,BANTEN - Terjangkau (5-15 Jt) - Baik,https://rencanamu.id/cari-kampus/universitas-pamulang
UNIVERSITAS YARSI PRATAMA,BANTEN,BAIK,7200000.0,BANTEN - Terjangkau (5-15 Jt) - Baik,-
UNIVERSITAS BANTEN JAYA,BANTEN,BAIK,6800000.0,BANTEN - Terjangkau (5-15 Jt) - Baik,-
UNIVERSITAS ICHSAN SATYA,BANTEN,BAIK,6515000.0,BANTEN - Terjangkau (5-15 Jt) - Baik,-
SEKOLAH TINGGI BAHASA ASING TECHNOCRAT,BANTEN,BAIK,6500000.0,BANTEN - Terjangkau (5-15 Jt) - Baik,-
UNIVERSITAS MUHAMMADIYAH BANTEN,BANTEN,BAIK,6000000.0,BANTEN - Terjangkau (5-15 Jt) - Baik,-
AMIK MAPAN TANGERANG,BANTEN,BAIK,5250000.0,BANTEN - Terjangkau (5-15 Jt) - Baik,-
UNIVERSITAS AL-KHAIRIYAH,BANTEN,BAIK,5235000.0,BANTEN - Terjangkau (5-15 Jt) - Baik,-
STMIK ANTAR BANGSA,BANTEN,BAIK,5100000.0,BANTEN - Terjangkau (5-15 Jt) - Baik,-
SEKOLAH TINGGI ILMU EKONOMI PPI,BANTEN,B,4950000.0,BANTEN - Terjangkau (5-15 Jt) - Baik Sekali (B),-
INSTITUT TEKNOLOGI DAN BISNIS BANTEN,BANTEN,BAIK,4800000.0,BANTEN - Terjangkau (5-15 Jt) - Baik,-
UNIVERSITAS MATHLA UL ANWAR,BANTEN,BAIK SEKALI,4800000.0,BANTEN - Terjangkau (5-15 Jt) - Baik Sekali (B),-
STMIK PGRI TANGERANG,BANTEN,BAIK,4800000.0,BANTEN - Terjangkau (5-15 Jt) - Baik,-
STKIP SINAR CENDEKIA,BANTEN,BAIK,4800000.0,BANTEN - Terjangkau (5-15 Jt) - Baik,-
STKIP BABUNNAJAH PANDEGLANG,BANTEN,BAIK,4800000.0,BANTEN - Terjangkau (5-15 Jt) - Baik,-
UNIVERSITAS UTPADAKA SWASTIKA,BANTEN,BAIK,4790000.0,BANTEN - Terjangkau (5-15 Jt) - Baik,-
STMIK MASA DEPAN,BANTEN,BAIK,4300000.0,BANTEN - Terjangkau (5-15 Jt) - Baik,-
STKIP SITUS BANTEN DI SERANG,BANTEN,BAIK,4200000.0,BANTEN - Terjangkau (5-15 Jt) - Baik,-
UNIVERSITAS LA TANSA MASHIRO,BANTEN,BAIK,3900000.0,BANTEN - Terjangkau (5-15 Jt) - Baik,-
UNIVERSITAS BANTEN,BANTEN,BAIK,2900000.0,BANTEN - Terjangkau (5-15 Jt) - Baik,-
SEKOLAH TINGGI ILMU ADMINISTRASI MAULANA YUSUF BANTEN,BANTEN,BAIK,1200000.0,BANTEN - Terjangkau (5-15 Jt) - Baik,-
UNIVERSITAS PRIMAGRAHA,BANTEN,BAIK,1100000.0,BANTEN - Terjangkau (5-15 Jt) - Baik,-
STISIP BANTEN RAYA,BANTEN,BAIK,300000.0,BANTEN - Terjangkau (5-15 Jt) - Baik,-
UNIVERSITAS PROF DR HAZAIRIN SH,BENGKULU,BAIK SEKALI,20575000.0,BENGKULU - Menengah (15-40 Jt) - Baik Sekali (B),-
SEKOLAH TINGGI KESEHATAN AL-FATAH BENGKULU,BENGKULU,BAIK,18000000.0,BENGKULU - Menengah (15-40 Jt) - Baik,-
UNIVERSITAS DEHASEN BENGKULU,BENGKULU,BAIK SEKALI,16995000.0,BENGKULU - Menengah (15-40 Jt) - Baik Sekali (B),-
SEKOLAH TINGGI ILMU KESEHATAN SAPTA BAKTI,BENGKULU,BAIK,14000000.0,BENGKULU - Menengah (15-40 Jt) - Baik,-
UNIVERSITAS MUHAMMADIYAH BENGKULU,BENGKULU,B,6600000.0,BENGKULU - Terjangkau (5-15 Jt) - Baik,https://campus.quipper.com/directory/universitas-muhammadiyah-bengkulu
UNIVERSITAS PAT PETULAI,BENGKULU,BAIK,6350000.0,BENGKULU - Terjangkau (5-15 Jt) - Baik,-
UNIVERSITAS NUSA MEGARKENCANA,DI YOGYAKARTA,B,36200000.0,DI YOGYAKARTA - Menengah (15-40 Jt) - Baik Sekali (B),-
UNIVERSITAS MERCU BUANA YOGYAKARTA,DI YOGYAKARTA,A,33065000.0,DI YOGYAKARTA - Menengah (15-40 Jt) - Baik Sekali (B),https://rencanamu.id/cari-kampus/universitas-mercu-buana-yogyakarta
INSTITUT TEKNOLOGI DIRGANTARA ADISUTJIPTO,DI YOGYAKARTA,BAIK SEKALI,29500000.0,DI YOGYAKARTA - Menengah (15-40 Jt) - Baik Sekali (B),-
SEKOLAH TINGGI ILMU KESEHATAN AKBIDYO,DI YOGYAKARTA,B,27400000.0,DI YOGYAKARTA - Menengah (15-40 Jt) - Baik Sekali (B),https://campus.quipper.com/directory/sekolah-tinggi-ilmu-kesehatan-akbidyo
UNIVERSITAS MUHAMMADIYAH YOGYAKARTA,DI YOGYAKARTA,A,27000000.0,DI YOGYAKARTA - Menengah (15-40 Jt) - Baik Sekali (B),https://campus.quipper.com/directory/universitas-muhammadiyah-yogyakarta
UNIVERSITAS ISLAM INDONESIA,DI YOGYAKARTA,A,25000000.0,DI YOGYAKARTA - Menengah (15-40 Jt) - Baik Sekali (B),https://campus.quipper.com/directory/universitas-islam-indonesia
SEKOLAH TINGGI ILMU KESEHATAN YKY YOGYAKARTA,DI YOGYAKARTA,BAIK SEKALI,24750000.0,DI YOGYAKARTA - Menengah (15-40 Jt) - Baik Sekali (B),-
SEKOLAH TINGGI ILMU KESEHATAN PANTI RAPIH YOGYAKARTA,DI YOGYAKARTA,BAIK SEKALI,19370000.0,DI YOGYAKARTA - Menengah (15-40 Jt) - Baik Sekali (B),-
UNIVERSITAS JENDERAL ACHMAD YANI YOGYAKARTA,DI YOGYAKARTA,BAIK SEKALI,19000000.0,DI YOGYAKARTA - Menengah (15-40 Jt) - Baik Sekali (B),-
UNIVERSITAS SANATA DHARMA,DI YOGYAKARTA,A,18925000.0,DI YOGYAKARTA - Menengah (15-40 Jt) - Unggul (A),https://campus.quipper.com/directory/universitas-sanata-dharma
INSTITUT TEKNOLOGI NASIONAL YOGYAKARTA,DI YOGYAKARTA,B,18225000.0,DI YOGYAKARTA - Menengah (15-40 Jt) - Baik Sekali (B),-
UNIVERSITAS ATMA JAYA YOGYAKARTA,DI YOGYAKARTA,A,18000000.0,DI YOGYAKARTA - Menengah (15-40 Jt) - Unggul (A),https://campus.quipper.com/directory/universitas-atma-jaya-yogyakarta
SEKOLAH TINGGI ILMU KESEHATAN BETHESDA YAKKUM,DI YOGYAKARTA,B,17995000.0,DI YOGYAKARTA - Menengah (15-40 Jt) - Baik Sekali (B),-
UNIVERSITAS RESPATI YOGYAKARTA,DI YOGYAKARTA,B,17800000.0,DI YOGYAKARTA - Menengah (15-40 Jt) - Baik Sekali (B),https://rencanamu.id/cari-kampus/universitas-respati-yogyakarta
STIKES YOGYAKARTA,DI YOGYAKARTA,BAIK,17225000.0,DI YOGYAKARTA - Terjangkau (5-15 Jt) - Baik,-
SEKOLAH TINGGI ILMU ADMINISTRASI AAN,DI YOGYAKARTA,BAIK SEKALI,17005000.0,DI YOGYAKARTA - Menengah (15-40 Jt) - Baik Sekali (B),-
UNIVERSITAS KRISTEN DUTA WACANA,DI YOGYAKARTA,A,16000000.0,DI YOGYAKARTA - Menengah (15-40 Jt) - Unggul (A),https://campus.quipper.com/directory/universitas-kristen-duta-wacana
UNIVERSITAS AHMAD DAHLAN,DI YOGYAKARTA,A,16000000.0,DI YOGYAKARTA - Menengah (15-40 Jt) - Unggul (A),https://campus.quipper.com/directory/universitas-ahmad-dahlan
SEKOLAH TINGGI PARIWISATA AMBARRUKMO YOGYAKARTA,DI YOGYAKARTA,B,14450000.0,DI YOGYAKARTA - Menengah (15-40 Jt) - Baik Sekali (B),https://rencanamu.id/cari-kampus/sekolah-tinggi-pariwisata-ambarrukmo-yogyakarta
UNIVERSITAS SARJANAWIYATA TAMANSISWA,DI YOGYAKARTA,B,14430003.0,DI YOGYAKARTA - Menengah (15-40 Jt) - Baik Sekali (B),https://campus.quipper.com/directory/universitas-sarjanawiyata-tamansiswa
SEKOLAH TINGGI ILMU EKONOMI YKPN,DI YOGYAKARTA,UNGGUL,14000000.0,DI YOGYAKARTA - Menengah (15-40 Jt) - Unggul (A),https://campus.quipper.com/directory/sekolah-tinggi-ilmu-ekonomi-ykpn
UNIVERSITAS KRISTEN IMMANUEL,DI YOGYAKARTA,B,13575923.0,DI YOGYAKARTA - Menengah (15-40 Jt) - Baik Sekali (B),-
INSTITUT TEKNOLOGI YOGYAKARTA,DI YOGYAKARTA,BAIK,12600000.0,DI YOGYAKARTA - Terjangkau (5-15 Jt) - Baik,https://campus.quipper.com/directory/institut-teknologi-yogyakarta
UNIVERSITAS TEKNOLOGI YOGYAKARTA,DI YOGYAKARTA,B,12200000.0,DI YOGYAKARTA - Terjangkau (5-15 Jt) - Baik Sekali (B),https://rencanamu.id/cari-kampus/universitas-teknologi-yogyakarta
UNIVERSITAS PGRI YOGYAKARTA,DI YOGYAKARTA,BAIK SEKALI,12100000.0,DI YOGYAKARTA - Terjangkau (5-15 Jt) - Baik Sekali (B),https://rencanamu.id/cari-kampus/universitas-pgri-yogyakarta
UNIVERSITAS NAHDLATUL ULAMA YOGYAKARTA,DI YOGYAKARTA,BAIK,12000000.0,DI YOGYAKARTA - Terjangkau (5-15 Jt) - Baik,-
UNIVERSITAS TEKNOLOGI DIGITAL INDONESIA,DI YOGYAKARTA,B,11669000.0,DI YOGYAKARTA - Terjangkau (5-15 Jt) - Baik Sekali (B),-
SEKOLAH TINGGI BAHASA ASING LIA YOGYAKARTA,DI YOGYAKARTA,B,10950000.0,DI YOGYAKARTA - Terjangkau (5-15 Jt) - Baik Sekali (B),https://campus.quipper.com/directory/sekolah-tinggi-bahasa-asing-lia-yogyakarta
UNIVERSITAS AKPRIND INDONESIA,DI YOGYAKARTA,BAIK SEKALI,10630000.0,DI YOGYAKARTA - Terjangkau (5-15 Jt) - Baik Sekali (B),-
SEKOLAH TINGGI ARSITEKTUR YKPN YOGYAKARTA,DI YOGYAKARTA,BAIK,10500000.0,DI YOGYAKARTA - Terjangkau (5-15 Jt) - Baik,-
INSTITUT PERTANIAN STIPER,DI YOGYAKARTA,B,10356250.0,DI YOGYAKARTA - Terjangkau (5-15 Jt) - Baik Sekali (B),https://campus.quipper.com/directory/institut-pertanian-stiper
UNIVERSITAS AMIKOM YOGYAKARTA,DI YOGYAKARTA,BAIK SEKALI,10300000.0,DI YOGYAKARTA - Terjangkau (5-15 Jt) - Baik Sekali (B),https://campus.quipper.com/directory/universitas-amikom-yogyakarta
SEKOLAH TINGGI ILMU EKONOMI YKP,DI YOGYAKARTA,B,9990000.0,DI YOGYAKARTA - Terjangkau (5-15 Jt) - Baik Sekali (B),-
UNIVERSITAS JANABADRA,DI YOGYAKARTA,B,9700000.0,DI YOGYAKARTA - Terjangkau (5-15 Jt) - Baik Sekali (B),https://campus.quipper.com/directory/universitas-janabadra
STIKES AL-ISLAM YOGYAKARTA,DI YOGYAKARTA,BAIK,9600000.0,DI YOGYAKARTA - Terjangkau (5-15 Jt) - Baik,-
ASM MARSUDIRINI SANTA MARIA,DI YOGYAKARTA,BAIK,9580000.0,DI YOGYAKARTA - Terjangkau (5-15 Jt) - Baik,-
SEKOLAH TINGGI ILMU KESEHATAN SURYA GLOBAL YOGYAKARTA,DI YOGYAKARTA,BAIK,9300000.0,DI YOGYAKARTA - Terjangkau (5-15 Jt) - Baik,-
SEKOLAH TINGGI PEMBANGUNAN MASYARAKAT DESA APMD,DI YOGYAKARTA,B,9150000.0,DI YOGYAKARTA - Terjangkau (5-15 Jt) - Baik Sekali (B),-
SEKOLAH TINGGI ILMU KESEHATAN BANTUL,DI YOGYAKARTA,BAIK,8800000.0,DI YOGYAKARTA - Terjangkau (5-15 Jt) - Baik,-
SEKOLAH TINGGI ILMU MANAJEMEN YKPN YOGYAKARTA,DI YOGYAKARTA,BAIK SEKALI,8300000.0,DI YOGYAKARTA - Terjangkau (5-15 Jt) - Baik Sekali (B),-
UNIVERSITAS ALMA ATA,DI YOGYAKARTA,B,8000000.0,DI YOGYAKARTA - Terjangkau (5-15 Jt) - Baik Sekali (B),https://campus.quipper.com/directory/universitas-alma-ata
STIKIP CATUR SAKTI,DI YOGYAKARTA,BAIK,8000000.0,DI YOGYAKARTA - Terjangkau (5-15 Jt) - Baik,-
SEKOLAH TINGGI ILMU KESEHATAN NOTOKUSUMO YOGYAKARTA,DI YOGYAKARTA,BAIK SEKALI,7950000.0,DI YOGYAKARTA - Terjangkau (5-15 Jt) - Baik Sekali (B),-
UNIVERSITAS COKROAMINOTO YOGYAKARTA,DI YOGYAKARTA,BAIK SEKALI,7500000.0,DI YOGYAKARTA - Terjangkau (5-15 Jt) - Baik Sekali (B),https://campus.quipper.com/directory/universitas-cokroaminoto-yogyakarta
SEKOLAH TINGGI ILMU BISNIS KUMALA NUSA,DI YOGYAKARTA,BAIK,7340000.0,DI YOGYAKARTA - Terjangkau (5-15 Jt) - Baik,-
UNIVERSITAS CENDEKIA MITRA INDONESIA,DI YOGYAKARTA,BAIK,6950000.0,DI YOGYAKARTA - Terjangkau (5-15 Jt) - Baik,-
UNIVERSITAS ISLAM MULIA YOGYAKARTA,DI YOGYAKARTA,BAIK,6500000.0,DI YOGYAKARTA - Terjangkau (5-15 Jt) - Baik,-
SEKOLAH TINGGI MARITIM YOGYAKARTA,DI YOGYAKARTA,TERAKREDITASI,6250000.0,DI YOGYAKARTA - Terjangkau (5-15 Jt) - Baik,-
SEKOLAH TINGGI ILMU EKONOMI WIDYA WIWAHA,DI YOGYAKARTA,B,6250000.0,DI YOGYAKARTA - Terjangkau (5-15 Jt) - Baik Sekali (B),https://campus.quipper.com/directory/sekolah-tinggi-ilmu-ekonomi-widya-wiwaha
IKIP PGRI WATES,DI YOGYAKARTA,BAIK SEKALI,6140000.0,DI YOGYAKARTA - Terjangkau (5-15 Jt) - Baik Sekali (B),-
SEKOLAH TINGGI SENI RUPA DAN DESAIN VISI INDONESIA,DI YOGYAKARTA,B,6050000.0,DI YOGYAKARTA - Terjangkau (5-15 Jt) - Baik Sekali (B),-
SEKOLAH TINGGI ILMU EKONOMI ISTI EKATANA UPAWEDA,DI YOGYAKARTA,BAIK,5600000.0,DI YOGYAKARTA - Terjangkau (5-15 Jt) - Baik,-
UNIVERSITAS GUNUNG KIDUL,DI YOGYAKARTA,BAIK,5200000.0,DI YOGYAKARTA - Terjangkau (5-15 Jt) - Baik,-
UNIVERSITAS AISYIYAH YOGYAKARTA,DI YOGYAKARTA,UNGGUL,5000000.0,DI YOGYAKARTA - Menengah (15-40 Jt) - Unggul (A),-
SEKOLAH TINGGI ILMU EKONOMI SBI,DI YOGYAKARTA,B,4565000.0,DI YOGYAKARTA - Terjangkau (5-15 Jt) - Baik Sekali (B),-
UNIVERSITAS WIDYA MATARAM,DI YOGYAKARTA,B,4250000.0,DI YOGYAKARTA - Terjangkau (5-15 Jt) - Baik Sekali (B),https://rencanamu.id/cari-kampus/universitas-widya-mataram
SEKOLAH TINGGI TEKNOLOGI NASIONAL,DI YOGYAKARTA,BAIK,4000000.0,DI YOGYAKARTA - Terjangkau (5-15 Jt) - Baik,https://campus.quipper.com/directory/sekolah-tinggi-teknologi-nasional
UNIVERSITAS PROKLAMASI 45,DI YOGYAKARTA,B,4000000.0,DI YOGYAKARTA - Terjangkau (5-15 Jt) - Baik Sekali (B),https://campus.quipper.com/directory/universitas-proklamasi-45
UNIVERSITAS MAHAKARYA ASIA,DI YOGYAKARTA,BAIK,2990000.0,DI YOGYAKARTA - Terjangkau (5-15 Jt) - Baik,-
UNIVERSITAS SIBER MUHAMMADIYAH,DI YOGYAKARTA,BAIK,2340000.0,DI YOGYAKARTA - Terjangkau (5-15 Jt) - Baik,-
UNIVERSITAS KATOLIK INDONESIA ATMA JAYA,DKI JAKARTA,A,289650000.0,DKI JAKARTA - Sultan (> 100 Jt) - Baik Sekali (B),https://rencanamu.id/cari-kampus/universitas-katolik-indonesia-atma-jaya
UNIVERSITAS YARSI,DKI JAKARTA,B,262250000.0,DKI JAKARTA - Sultan (> 100 Jt) - Baik Sekali (B),https://campus.quipper.com/directory/universitas-yarsi
UNIVERSITAS TRISAKTI,DKI JAKARTA,A,168450000.0,DKI JAKARTA - Sultan (> 100 Jt) - Unggul (A),https://rencanamu.id/cari-kampus/universitas-trisakti
UNIVERSITAS PANCASILA,DKI JAKARTA,A,136680000.0,DKI JAKARTA - Sultan (> 100 Jt) - Unggul (A),https://campus.quipper.com/directory/universitas-pancasila
UNIVERSITAS PERTAMINA,DKI JAKARTA,BAIK,126000000.0,DKI JAKARTA - Sultan (> 100 Jt) - Unggul (A),https://rencanamu.id/cari-kampus/universitas-pertamina
UNIVERSITAS 17 AGUSTUS 1945 JAKARTA,DKI JAKARTA,BAIK SEKALI,114980000.0,DKI JAKARTA - Sultan (> 100 Jt) - Unggul (A),https://rencanamu.id/cari-kampus/universitas-17-agustus-1945-jakarta
UNIVERSITAS BINA NUSANTARA,DKI JAKARTA,UNGGUL,95259501.0,DKI JAKARTA - Sultan (> 100 Jt) - Unggul (A),https://campus.quipper.com/directory/binus-university
SEKOLAH TINGGI ILMU KESEHATAN BUDI KEMULIAAN,DKI JAKARTA,BAIK,85850000.0,DKI JAKARTA - Terjangkau (5-15 Jt) - Baik,-
UNIVERSITAS KALBIS,DKI JAKARTA,BAIK SEKALI,78860000.0,DKI JAKARTA - Sultan (> 100 Jt) - Unggul (A),-
UNIVERSITAS MUHAMMADIYAH PROF DR HAMKA,DKI JAKARTA,UNGGUL,75800000.0,DKI JAKARTA - Menengah (15-40 Jt) - Unggul (A),https://campus.quipper.com/directory/universitas-muhammadiyah-prof-dr-hamka
INSTITUT IPMI,DKI JAKARTA,BAIK SEKALI,65000000.0,DKI JAKARTA - Menengah (15-40 Jt) - Baik Sekali (B),-
INSTITUT PARIWISATA TRISAKTI,DKI JAKARTA,UNGGUL,64250000.0,DKI JAKARTA - Menengah (15-40 Jt) - Unggul (A),-
UNIVERSITAS TARUMANAGARA,DKI JAKARTA,A,60100000.0,DKI JAKARTA - Menengah (15-40 Jt) - Unggul (A),https://rencanamu.id/cari-kampus/universitas-tarumanagara
UNIVERSITAS KRISTEN KRIDA WACANA,DKI JAKARTA,C,56000000.0,DKI JAKARTA - Terjangkau (5-15 Jt) - Baik,https://campus.quipper.com/directory/universitas-kristen-krida-wacana
INSTITUT SAINS DAN TEKNOLOGI NASIONAL,DKI JAKARTA,B,55500000.0,DKI JAKARTA - Menengah (15-40 Jt) - Baik Sekali (B),https://campus.quipper.com/directory/institut-sains-dan-teknologi-nasional
LONDON SCHOOL OF PUBLIC RELATIONS,DKI JAKARTA,A,52500000.0,DKI JAKARTA - Menengah (15-40 Jt) - Unggul (A),https://rencanamu.id/cari-kampus/london-school-of-public-relations
INSTITUT BIO SCIENTIA INTERNASIONAL INDONESIA,DKI JAKARTA,BAIK SEKALI,51500000.0,DKI JAKARTA - Menengah (15-40 Jt) - Baik Sekali (B),-
UNIVERSITAS PRASETIYA MULYA,DKI JAKARTA,BAIK SEKALI,51000000.0,DKI JAKARTA - Menengah (15-40 Jt) - Baik Sekali (B),https://campus.quipper.com/directory/universitas-prasetiya-mulya
SAE INDONESIA,DKI JAKARTA,B,50000000.0,DKI JAKARTA - Menengah (15-40 Jt) - Baik Sekali (B),https://campus.quipper.com/directory/sae-indonesia
INSTITUT TRANSPORTASI  DAN LOGISTIK TRISAKTI,DKI JAKARTA,BAIK SEKALI,48675030.0,DKI JAKARTA - Menengah (15-40 Jt) - Baik Sekali (B),-
SEKOLAH TINGGI ILMU EKONOMI KUSUMA NEGARA,DKI JAKARTA,BAIK,45000000.0,DKI JAKARTA - Terjangkau (5-15 Jt) - Baik,-
SEKOLAH TINGGI ILMU KESEHATAN RSPAD GATOT SOEBROTO,DKI JAKARTA,BAIK,40600000.0,DKI JAKARTA - Terjangkau (5-15 Jt) - Baik,-
UNIVERSITAS KRISNADWIPAYANA,DKI JAKARTA,B,40500000.0,DKI JAKARTA - Menengah (15-40 Jt) - Baik Sekali (B),https://campus.quipper.com/directory/universitas-krisnadwipayana
SEKOLAH TINGGI FILSAFAT THEOLOGI JAKARTA,DKI JAKARTA,B,39250000.0,DKI JAKARTA - Menengah (15-40 Jt) - Baik Sekali (B),https://campus.quipper.com/directory/sekolah-tinggi-filsafat-theologi-jakarta
UNIVERSITAS ARY GINANJAR,DKI JAKARTA,BAIK,38200000.0,DKI JAKARTA - Terjangkau (5-15 Jt) - Baik,-
BINUS UNIVERSITY,DKI JAKARTA,A,35300000.0,DKI JAKARTA - Menengah (15-40 Jt) - Unggul (A),https://rencanamu.id/cari-kampus/binus-university
UNIVERSITAS PARAMADINA,DKI JAKARTA,B,34550000.0,DKI JAKARTA - Menengah (15-40 Jt) - Baik Sekali (B),https://rencanamu.id/cari-kampus/universitas-paramadina
UNIVERSITAS BAKRIE,DKI JAKARTA,B,32750000.0,DKI JAKARTA - Menengah (15-40 Jt) - Baik Sekali (B),https://campus.quipper.com/directory/universitas-bakrie
SEKOLAH TINGGI ILMU KESEHATAN SINT CAROLUS,DKI JAKARTA,B,32400000.0,DKI JAKARTA - Menengah (15-40 Jt) - Baik Sekali (B),https://campus.quipper.com/directory/sekolah-tinggi-ilmu-kesehatan-sint-carolus
UNIVERSITAS MULTIMEDIA NUSANTARA JAKARTA,DKI JAKARTA,UNGGUL,32325000.0,DKI JAKARTA - Menengah (15-40 Jt) - Unggul (A),-
SEKOLAH TINGGI MANAJEMEN PPM,DKI JAKARTA,UNGGUL,32250000.0,DKI JAKARTA - Menengah (15-40 Jt) - Unggul (A),-
UNIVERSITAS NAHDLATUL ULAMA INDONESIA,DKI JAKARTA,BAIK SEKALI,31100000.0,DKI JAKARTA - Menengah (15-40 Jt) - Baik Sekali (B),-
UNIVERSITAS ESA UNGGUL,DKI JAKARTA,B,31025000.0,DKI JAKARTA - Menengah (15-40 Jt) - Baik Sekali (B),https://campus.quipper.com/directory/universitas-esa-unggul
UNIVERSITAS PROF DR MOESTOPO,DKI JAKARTA,B,31000000.0,DKI JAKARTA - Menengah (15-40 Jt) - Baik Sekali (B),-
UNIVERSITAS BOROBUDUR,DKI JAKARTA,C,30600000.0,DKI JAKARTA - Terjangkau (5-15 Jt) - Baik,https://rencanamu.id/cari-kampus/universitas-borobudur
UNIVERSITAS KRISTEN INDONESIA,DKI JAKARTA,B,30000000.0,DKI JAKARTA - Menengah (15-40 Jt) - Baik Sekali (B),https://campus.quipper.com/directory/universitas-kristen-indonesia
SEKOLAH TINGGI ILMU KESEHATAN PASAR REBO,DKI JAKARTA,BAIK,29000000.0,DKI JAKARTA - Terjangkau (5-15 Jt) - Baik,-
INSTITUT BISNIS DAN INFORMATIKA KWIK KIAN GIE,DKI JAKARTA,BAIK SEKALI,29000000.0,DKI JAKARTA - Menengah (15-40 Jt) - Baik Sekali (B),https://campus.quipper.com/directory/institut-bisnis-dan-informatika-kwik-kian-gie
UNIVERSITAS AGUNG PODOMORO,DKI JAKARTA,BAIK SEKALI,28000000.0,DKI JAKARTA - Menengah (15-40 Jt) - Baik Sekali (B),https://campus.quipper.com/directory/universitas-podomoro
UNIVERSITAS BHAKTI PERTIWI INDONESIA,DKI JAKARTA,BAIK,28000000.0,DKI JAKARTA - Terjangkau (5-15 Jt) - Baik,-
SEKOLAH TINGGI ILMU KESEHATAN IKIFA,DKI JAKARTA,BAIK,27600000.0,DKI JAKARTA - Terjangkau (5-15 Jt) - Baik,-
UNIVERSITAS JAYABAYA,DKI JAKARTA,UNGGUL,26750000.0,DKI JAKARTA - Menengah (15-40 Jt) - Unggul (A),https://campus.quipper.com/directory/universitas-jayabaya
TRISAKTI SCHOOL OF MANAGEMENT,DKI JAKARTA,A,26500000.0,DKI JAKARTA - Menengah (15-40 Jt) - Unggul (A),https://rencanamu.id/cari-kampus/trisakti-school-of-management
SEKOLAH TINGGI ILMU KESEHATAN ABDI NUSANTARA,DKI JAKARTA,BAIK,26400000.0,DKI JAKARTA - Terjangkau (5-15 Jt) - Baik,-
UNIVERSITAS NASIONAL,DKI JAKARTA,A,25501000.0,DKI JAKARTA - Menengah (15-40 Jt) - Unggul (A),https://campus.quipper.com/directory/universitas-nasional
INSTITUT KESEHATAN DAN TEKNOLOGI PONDOK KARYA PEMBANGUNAN,DKI JAKARTA,BAIK,25200000.0,DKI JAKARTA - Terjangkau (5-15 Jt) - Baik,-
UNIVERSITAS MUHAMMADIYAH JAKARTA,DKI JAKARTA,B,24511201.0,DKI JAKARTA - Menengah (15-40 Jt) - Baik Sekali (B),https://campus.quipper.com/directory/universitas-muhammadiyah-jakarta
STIE INDONESIA BANKING SCHOOL,DKI JAKARTA,B,24300000.0,DKI JAKARTA - Menengah (15-40 Jt) - Baik Sekali (B),https://rencanamu.id/cari-kampus/stie-indonesia-banking-school
UNIVERSITAS TANRI ABENG,DKI JAKARTA,BAIK SEKALI,24000000.0,DKI JAKARTA - Menengah (15-40 Jt) - Baik Sekali (B),https://campus.quipper.com/directory/universitas-tanri-abeng
PPM SCHOOL OF MANAGEMENT,DKI JAKARTA,A,23500000.0,DKI JAKARTA - Menengah (15-40 Jt) - Unggul (A),https://rencanamu.id/cari-kampus/sekolah-tinggi-manajemen-ppm
UNIVERSITAS BINAWAN,DKI JAKARTA,C,23100000.0,DKI JAKARTA - Terjangkau (5-15 Jt) - Baik,https://campus.quipper.com/directory/universitas-binawan
UNIVERSITAS NUSA MANDIRI,DKI JAKARTA,B,23000000.0,DKI JAKARTA - Menengah (15-40 Jt) - Baik Sekali (B),https://campus.quipper.com/directory/stmik-nusa-mandiri
UNIVERSITAS BUDI LUHUR,DKI JAKARTA,B,23000000.0,DKI JAKARTA - Menengah (15-40 Jt) - Baik Sekali (B),https://campus.quipper.com/directory/universitas-budi-luhur
SEKOLAH TINGGI ILMU KESEHATAN PERTAMEDIKA,DKI JAKARTA,B,22800000.0,DKI JAKARTA - Menengah (15-40 Jt) - Baik Sekali (B),https://campus.quipper.com/directory/sekolah-tinggi-ilmu-kesehatan-pertamina-bina-medika
SEKOLAH TINGGI ILMU KESEHATAN SUMBER WARAS,DKI JAKARTA,BAIK,22460000.0,DKI JAKARTA - Terjangkau (5-15 Jt) - Baik,-
UNIVERSITAS PERSADA INDONESIA YAI,DKI JAKARTA,BAIK SEKALI,22250000.0,DKI JAKARTA - Menengah (15-40 Jt) - Baik Sekali (B),https://campus.quipper.com/directory/universitas-persada-indonesia-yai
UNIVERSITAS BHAYANGKARA JAKARTA RAYA,DKI JAKARTA,B,22075000.0,DKI JAKARTA - Menengah (15-40 Jt) - Baik Sekali (B),https://campus.quipper.com/directory/universitas-bhayangkara-jakarta-raya
UNIVERSITAS SATYAGAMA,DKI JAKARTA,BAIK,21600000.0,DKI JAKARTA - Terjangkau (5-15 Jt) - Baik,https://campus.quipper.com/directory/universitas-satyagama
INSTITUT TEKNOLOGI PERUSAHAAN LISTRIK NEGARA,DKI JAKARTA,B,21500000.0,DKI JAKARTA - Menengah (15-40 Jt) - Baik Sekali (B),-
UNIVERSITAS BUNDA MULIA,DKI JAKARTA,B,20500000.0,DKI JAKARTA - Menengah (15-40 Jt) - Baik Sekali (B),https://campus.quipper.com/directory/universitas-bunda-mulia-ubm
INSTITUT TEKNOLOGI DAN BISNIS KALBIS,DKI JAKARTA,C,20500000.0,DKI JAKARTA - Terjangkau (5-15 Jt) - Baik,https://rencanamu.id/cari-kampus/institut-teknologi-dan-bisnis-kalbis
SEKOLAH TINGGI FILSAFAT DRIYARKARA,DKI JAKARTA,UNGGUL,20450000.0,DKI JAKARTA - Menengah (15-40 Jt) - Unggul (A),https://campus.quipper.com/directory/sekolah-tinggi-filsafat-driyarkara
UNIVERSITAS AL AZHAR INDONESIA,DKI JAKARTA,B,20000000.0,DKI JAKARTA - Menengah (15-40 Jt) - Baik Sekali (B),https://campus.quipper.com/directory/universitas-al-azhar-indonesia
UNIVERSITAS SIBER INDONESIA,DKI JAKARTA,BAIK,20000000.0,DKI JAKARTA - Terjangkau (5-15 Jt) - Baik,-
SEKOLAH TINGGI DESAIN LASALLE,DKI JAKARTA,BAIK,19979220.0,DKI JAKARTA - Terjangkau (5-15 Jt) - Baik,-
SEKOLAH TINGGI ILMU EKONOMI TRISAKTI,DKI JAKARTA,UNGGUL,19780000.0,DKI JAKARTA - Menengah (15-40 Jt) - Unggul (A),-
SEKOLAH TINGGI ILMU KESEHATAN KERIS HUSADA,DKI JAKARTA,BAIK,19500000.0,DKI JAKARTA - Terjangkau (5-15 Jt) - Baik,-
UNIVERSITAS AL-AZHAR INDONESIA,DKI JAKARTA,UNGGUL,19230000.0,DKI JAKARTA - Menengah (15-40 Jt) - Unggul (A),-
UNIVERSITAS DIRGANTARA MARSEKAL SURYADARMA,DKI JAKARTA,B,19225001.0,DKI JAKARTA - Menengah (15-40 Jt) - Baik Sekali (B),https://campus.quipper.com/directory/universitas-marsekal-suryadarma
INSTITUT TEKNOLOGI PLN,DKI JAKARTA,B,19000000.0,DKI JAKARTA - Menengah (15-40 Jt) - Baik Sekali (B),https://campus.quipper.com/directory/institut-teknologi-pln
SEKOLAH TINGGI ILMU KESEHATAN FATMAWATI,DKI JAKARTA,BAIK,18950000.0,DKI JAKARTA - Terjangkau (5-15 Jt) - Baik,-
SEKOLAH TINGGI ILMU KOMUNIKASI INTER STUDI,DKI JAKARTA,BAIK,18900000.0,DKI JAKARTA - Terjangkau (5-15 Jt) - Baik,-
SEKOLAH TINGGI DESAIN INTERSTUDI,DKI JAKARTA,B,18900000.0,DKI JAKARTA - Menengah (15-40 Jt) - Baik Sekali (B),https://campus.quipper.com/directory/sekolah-tinggi-desain-interstudi
INSTITUT MEDIA DIGITAL EMTEK,DKI JAKARTA,BAIK,18730000.0,DKI JAKARTA - Terjangkau (5-15 Jt) - Baik,-
UNIVERSITAS MEDIA NUSANTARA CITRA,DKI JAKARTA,BAIK SEKALI,18650000.0,DKI JAKARTA - Menengah (15-40 Jt) - Baik Sekali (B),-
UNIVERSITAS SATYA NEGARA INDONESIA,DKI JAKARTA,B,18250000.0,DKI JAKARTA - Menengah (15-40 Jt) - Baik Sekali (B),https://rencanamu.id/cari-kampus/universitas-satya-negara-indonesia
SEKOLAH TINGGI ILMU KESEHATAN RS HUSADA,DKI JAKARTA,BAIK,18000000.0,DKI JAKARTA - Terjangkau (5-15 Jt) - Baik,https://campus.quipper.com/directory/sekolah-tinggi-ilmu-kesehatan-rs-husada
SEKOLAH TINGGI ILMU EKONOMI INDONESIA JAKARTA,DKI JAKARTA,BAIK SEKALI,16162500.0,DKI JAKARTA - Menengah (15-40 Jt) - Baik Sekali (B),-
INSTITUT ILMU SOSIAL DAN ILMU POLITIK JAKARTA,DKI JAKARTA,BAIK,16000000.0,DKI JAKARTA - Terjangkau (5-15 Jt) - Baik,https://rencanamu.id/cari-kampus/institut-ilmu-sosial-dan-ilmu-politik-jakarta
SEKOLAH TINGGI MANAJEMEN ASURANSI TRISAKTI,DKI JAKARTA,BAIK SEKALI,16000000.0,DKI JAKARTA - Menengah (15-40 Jt) - Baik Sekali (B),https://campus.quipper.com/directory/sekolah-tinggi-manajemen-asuransi-trisakti
UNIVERSITAS SAHID,DKI JAKARTA,UNGGUL,15450000.0,DKI JAKARTA - Menengah (15-40 Jt) - Unggul (A),https://campus.quipper.com/directory/universitas-sahid
SEKOLAH TINGGI TEKNOLOGI PEKERJAAN UMUM,DKI JAKARTA,BAIK,15225000.0,DKI JAKARTA - Terjangkau (5-15 Jt) - Baik,-
INSTITUT TEKNOLOGI DAN BISNIS SWADHARMA,DKI JAKARTA,BAIK,15160000.0,DKI JAKARTA - Terjangkau (5-15 Jt) - Baik,-
SEKOLAH TINGGI ILMU KESEHATAN PAMENTAS,DKI JAKARTA,BAIK,15000000.0,DKI JAKARTA - Terjangkau (5-15 Jt) - Baik,-
INSTITUT KESEHATAN INDONESIA,DKI JAKARTA,BAIK,15000000.0,DKI JAKARTA - Terjangkau (5-15 Jt) - Baik,https://campus.quipper.com/directory/institut-kesehatan-indonesia
SEKOLAH TINGGI MANAJEMEN RISIKO DAN ASURANSI,DKI JAKARTA,C,15000000.0,DKI JAKARTA - Terjangkau (5-15 Jt) - Baik,https://rencanamu.id/cari-kampus/sekolah-tinggi-manajemen-risiko-dan-asuransi
UNIVERSITAS SAHID JAKARTA,DKI JAKARTA,B,14500000.0,DKI JAKARTA - Menengah (15-40 Jt) - Baik Sekali (B),https://rencanamu.id/cari-kampus/universitas-sahid-jakarta
INSTITUT BISNIS NUSANTARA,DKI JAKARTA,BAIK,14472500.0,DKI JAKARTA - Terjangkau (5-15 Jt) - Baik,https://campus.quipper.com/directory/institut-bisnis-nusantara
UNIVERSITAS RESPATI INDONESIA,DKI JAKARTA,B,14400000.0,DKI JAKARTA - Menengah (15-40 Jt) - Baik Sekali (B),https://campus.quipper.com/directory/universitas-respati-indonesia
SEKOLAH TINGGI ILMU KESEHATAN MAYAPADA,DKI JAKARTA,BAIK,14300000.0,DKI JAKARTA - Terjangkau (5-15 Jt) - Baik,-
SEKOLAH TINGGI MEDIA KOMUNIKASI TRISAKTI,DKI JAKARTA,BAIK,14300000.0,DKI JAKARTA - Terjangkau (5-15 Jt) - Baik,-
SEKOLAH TINGGI PERPAJAKAN INDONESIA,DKI JAKARTA,B,14150000.0,DKI JAKARTA - Menengah (15-40 Jt) - Baik Sekali (B),https://campus.quipper.com/directory/sekolah-tinggi-perpajakan-indonesia
INSTITUT TEKNOLOGI DAN BISNIS AHMAD DAHLAN,DKI JAKARTA,B,14000000.0,DKI JAKARTA - Menengah (15-40 Jt) - Baik Sekali (B),-
UNIVERSITAS TEKNOLOGI MUHAMMADIYAH JAKARTA,DKI JAKARTA,BAIK SEKALI,13805000.0,DKI JAKARTA - Menengah (15-40 Jt) - Baik Sekali (B),-
SEKOLAH TINGGI ILMU KESEHATAN PGI CIKINI,DKI JAKARTA,BAIK,13000000.0,DKI JAKARTA - Terjangkau (5-15 Jt) - Baik,-
UNIVERSITAS ISLAM JAKARTA,DKI JAKARTA,B,12950000.0,DKI JAKARTA - Menengah (15-40 Jt) - Baik Sekali (B),https://campus.quipper.com/directory/universitas-islam-jakarta
STMIK KUWERA,DKI JAKARTA,BAIK,12775000.0,DKI JAKARTA - Terjangkau (5-15 Jt) - Baik,-
UNIVERSITAS TRILOGI,DKI JAKARTA,B,12750000.0,DKI JAKARTA - Menengah (15-40 Jt) - Baik Sekali (B),https://campus.quipper.com/directory/universitas-trilogi
INSTITUT BISNIS DAN MULTIMEDIA ASMI JAKARTA,DKI JAKARTA,BAIK,12630000.0,DKI JAKARTA - Terjangkau (5-15 Jt) - Baik,-
STIE UNISADHUGUNA,DKI JAKARTA,BAIK,12600000.0,DKI JAKARTA - Terjangkau (5-15 Jt) - Baik,-
UNIVERSITAS IBNU CHALDUN,DKI JAKARTA,BAIK,12600000.0,DKI JAKARTA - Terjangkau (5-15 Jt) - Baik,-
UNIVERSITAS LIA,DKI JAKARTA,BAIK,12400000.0,DKI JAKARTA - Terjangkau (5-15 Jt) - Baik,-
UNIVERSITAS DARMA PERSADA,DKI JAKARTA,B,12200000.0,DKI JAKARTA - Menengah (15-40 Jt) - Baik Sekali (B),https://campus.quipper.com/directory/universitas-darma-persada
UNIVERSITAS TAMA JAGAKARSA,DKI JAKARTA,BAIK,12200000.0,DKI JAKARTA - Terjangkau (5-15 Jt) - Baik,-
SEKOLAH TINGGI ILMU EKONOMI YAI,DKI JAKARTA,BAIK,12100000.0,DKI JAKARTA - Terjangkau (5-15 Jt) - Baik,-
SEKOLAH TINGGI MANAJEMEN PARIWISATA DAN LOGISTIK LENTERA MONDIAL,DKI JAKARTA,BAIK,12000000.0,DKI JAKARTA - Terjangkau (5-15 Jt) - Baik,-
SEKOLAH TINGGI ILMU HUKUM ADHYAKSA,DKI JAKARTA,BAIK SEKALI,12000000.0,DKI JAKARTA - Menengah (15-40 Jt) - Baik Sekali (B),-
UNIVERSITAS INDONESIA MAJU,DKI JAKARTA,BAIK,12000000.0,DKI JAKARTA - Terjangkau (5-15 Jt) - Baik,https://campus.quipper.com/directory/universitas-indonesia-maju
UNIVERSITAS MITRA BANGSA,DKI JAKARTA,BAIK SEKALI,11600000.0,DKI JAKARTA - Menengah (15-40 Jt) - Baik Sekali (B),-
UNIVERSITAS MPU TANTULAR,DKI JAKARTA,B,11337000.0,DKI JAKARTA - Menengah (15-40 Jt) - Baik Sekali (B),https://campus.quipper.com/directory/universitas-mpu-tantular
INSTITUT ILMU SOSIAL DAN MANAJEMEN STIAMI,DKI JAKARTA,BAIK SEKALI,10831250.0,DKI JAKARTA - Menengah (15-40 Jt) - Baik Sekali (B),-
UNIVERSITAS ASA INDONESIA,DKI JAKARTA,BAIK SEKALI,10650000.0,DKI JAKARTA - Menengah (15-40 Jt) - Baik Sekali (B),-
SEKOLAH TINGGI ILMU EKONOMI WIYATAMANDALA,DKI JAKARTA,BAIK,10050000.0,DKI JAKARTA - Terjangkau (5-15 Jt) - Baik,-
UNIVERSITAS MERCU BUANA,DKI JAKARTA,UNGGUL,10000000.0,DKI JAKARTA - Menengah (15-40 Jt) - Unggul (A),https://campus.quipper.com/directory/universitas-mercu-buana
UNIVERSITAS BUNG KARNO,DKI JAKARTA,B,10000000.0,DKI JAKARTA - Menengah (15-40 Jt) - Baik Sekali (B),https://campus.quipper.com/directory/universitas-bung-karno
SEKOLAH TINGGI ILMU EKONOMI BHAKTI PEMBANGUNAN,DKI JAKARTA,B,9870000.0,DKI JAKARTA - Menengah (15-40 Jt) - Baik Sekali (B),-
STIH LITIGASI,DKI JAKARTA,BAIK,9750000.0,DKI JAKARTA - Terjangkau (5-15 Jt) - Baik,-
STIE JAKARTA INTERNATIONAL COLLEGE,DKI JAKARTA,B,9685000.0,DKI JAKARTA - Menengah (15-40 Jt) - Baik Sekali (B),https://campus.quipper.com/directory/stie-jakarta-international-college
UNIVERSITAS DIAN NUSANTARA,DKI JAKARTA,BAIK SEKALI,9400000.0,DKI JAKARTA - Menengah (15-40 Jt) - Baik Sekali (B),-
UNIVERSITAS INDRAPRASTA PGRI,DKI JAKARTA,B,9150000.0,DKI JAKARTA - Menengah (15-40 Jt) - Baik Sekali (B),https://campus.quipper.com/directory/universitas-indraprasta-pgri
SEKOLAH TINGGI MANAJEMEN LABORA,DKI JAKARTA,B,9000000.0,DKI JAKARTA - Menengah (15-40 Jt) - Baik Sekali (B),https://campus.quipper.com/directory/sekolah-tinggi-manajemen-labora
STIKES PERSADA HUSADA INDONESIA,DKI JAKARTA,BAIK,8400000.0,DKI JAKARTA - Terjangkau (5-15 Jt) - Baik,-
SEKOLAH TINGGI ILMU KOMUNIKASI PROFESI INDONESIA,DKI JAKARTA,BAIK,8000000.0,DKI JAKARTA - Terjangkau (5-15 Jt) - Baik,https://campus.quipper.com/directory/sekolah-tinggi-ilmu-komunikasi-profesi-indonesia
SEKOLAH TINGGI BAHASA ASING IEC JAKARTA,DKI JAKARTA,BAIK,7800000.0,DKI JAKARTA - Terjangkau (5-15 Jt) - Baik,-
SEKOLAH TINGGI ILMU EKONOMI TRI DHARMA WIDYA,DKI JAKARTA,BAIK,7800000.0,DKI JAKARTA - Terjangkau (5-15 Jt) - Baik,-
INSTITUT SAINS DAN TEKNOLOGI AL-KAMAL,DKI JAKARTA,BAIK,7700000.0,DKI JAKARTA - Terjangkau (5-15 Jt) - Baik,https://campus.quipper.com/directory/institut-sains-dan-teknologi-al-kamal
SEKOLAH TINGGI ILMU HUKUM IBLAM,DKI JAKARTA,BAIK SEKALI,7625000.0,DKI JAKARTA - Menengah (15-40 Jt) - Baik Sekali (B),-
STMIK JAYAKARTA,DKI JAKARTA,BAIK,7400000.0,DKI JAKARTA - Terjangkau (5-15 Jt) - Baik,-
SEKOLAH TINGGI ILMU EKONOMI KASIH BANGSA,DKI JAKARTA,BAIK,7300000.0,DKI JAKARTA - Terjangkau (5-15 Jt) - Baik,-
SEKOLAH TINGGI ILMU EKONOMI DHARMA BUMI PUTRA,DKI JAKARTA,BAIK,7075000.0,DKI JAKARTA - Terjangkau (5-15 Jt) - Baik,-
SEKOLAH TINGGI ILMU HUKUM PROFESOR GAYUS LUMBUUN,DKI JAKARTA,BAIK SEKALI,7000000.0,DKI JAKARTA - Menengah (15-40 Jt) - Baik Sekali (B),-
SEKOLAH TINGGI PENERBANGAN AVIASI,DKI JAKARTA,BAIK,6550000.0,DKI JAKARTA - Terjangkau (5-15 Jt) - Baik,-
SEKOLAH TINGGI MANAJEMEN TRANSPORTASI MALAHAYATI,DKI JAKARTA,BAIK,6400000.0,DKI JAKARTA - Terjangkau (5-15 Jt) - Baik,-
UNIVERSITAS SIBER ASIA,DKI JAKARTA,BAIK SEKALI,6000000.0,DKI JAKARTA - Menengah (15-40 Jt) - Baik Sekali (B),-
SEKOLAH TINGGI ILMU EKONOMI BISNIS INDONESIA,DKI JAKARTA,BAIK,6000000.0,DKI JAKARTA - Terjangkau (5-15 Jt) - Baik,-
UNIVERSITAS ISLAM AS,DKI JAKARTA,C,5850000.0,DKI JAKARTA - Terjangkau (5-15 Jt) - Baik,https://rencanamu.id/cari-kampus/universitas-islam-as-syafi-iyah
UNIVERSITAS BINA SARANA INFORMATIKA,DKI JAKARTA,UNGGUL,5760000.0,DKI JAKARTA - Menengah (15-40 Jt) - Unggul (A),-
SEKOLAH TINGGI ILMU PEMERINTAHAN ABDI NEGARA,DKI JAKARTA,BAIK,5350000.0,DKI JAKARTA - Terjangkau (5-15 Jt) - Baik,-
SEKOLAH TINGGI ILMU EKONOMI JAYAKUSUMA,DKI JAKARTA,BAIK,5350000.0,DKI JAKARTA - Terjangkau (5-15 Jt) - Baik,-
SEKOLAH TINGGI ILMU EKONOMI WIDYA PERSADA,DKI JAKARTA,BAIK,5000000.0,DKI JAKARTA - Terjangkau (5-15 Jt) - Baik,-
UNIVERSITAS SAINTEK MUHAMMADIYAH,DKI JAKARTA,BAIK,4800000.0,DKI JAKARTA - Terjangkau (5-15 Jt) - Baik,-
UNIVERSITAS DARUNNAJAH,DKI JAKARTA,BAIK,4800000.0,DKI JAKARTA - Terjangkau (5-15 Jt) - Baik,-
SEKOLAH TINGGI ILMU EKONOMI TRIANANDRA,DKI JAKARTA,BAIK,4700000.0,DKI JAKARTA - Terjangkau (5-15 Jt) - Baik,-
SEKOLAH TINGGI ILMU EKONOMI IGI,DKI JAKARTA,BAIK,4450000.0,DKI JAKARTA - Terjangkau (5-15 Jt) - Baik,-
SEKOLAH TINGGI TEKNOLOGI SAPTA TARUNA,DKI JAKARTA,BAIK,4400000.0,DKI JAKARTA - Terjangkau (5-15 Jt) - Baik,https://campus.quipper.com/directory/sekolah-tinggi-teknologi-sapta-taruna
SEKOLAH TINGGI ILMU EKONOMI BPKP,DKI JAKARTA,BAIK,3498000.0,DKI JAKARTA - Terjangkau (5-15 Jt) - Baik,-
SEKOLAH TINGGI MANAJEMEN IMMI,DKI JAKARTA,BAIK SEKALI,1900000.0,DKI JAKARTA - Menengah (15-40 Jt) - Baik Sekali (B),https://rencanamu.id/cari-kampus/sekolah-tinggi-manajemen-immi
SEKOLAH TINGGI MANAJEMEN INFORMATIKA DAN KOMPUTER JAKARTA STI&K,DKI JAKARTA,B,1750000.0,DKI JAKARTA - Menengah (15-40 Jt) - Baik Sekali (B),https://campus.quipper.com/directory/sekolah-tinggi-manajemen-informatika-dan-komputer-jakarta-sti-k
UNIVERSITAS BINA TARUNA GORONTALO,GORONTALO,BAIK,32050000.0,GORONTALO - Menengah (15-40 Jt) - Baik,-
UNIVERSITAS GORONTALO,GORONTALO,B,13500000.0,GORONTALO - Terjangkau (5-15 Jt) - Baik Sekali (B),-
UNIVERSITAS MUHAMMADIYAH GORONTALO,GORONTALO,BAIK SEKALI,11000000.0,GORONTALO - Terjangkau (5-15 Jt) - Baik Sekali (B),https://campus.quipper.com/directory/universitas-muhammadiyah-gorontalo
STIKES BAKTI NUSANTARA GORONTALO,GORONTALO,BAIK,8000000.0,GORONTALO - Terjangkau (5-15 Jt) - Baik,-
UNIVERSITAS ICHSAN GORONTALO,GORONTALO,B,7250000.0,GORONTALO - Terjangkau (5-15 Jt) - Baik Sekali (B),https://rencanamu.id/cari-kampus/universitas-ichsan-gorontalo
UNIVERSITAS POHUWATO,GORONTALO,BAIK,3000000.0,GORONTALO - Terjangkau (5-15 Jt) - Baik,-
SEKOLAH TINGGI ILMU KESEHATAN HARAPAN IBU JAMBI,JAMBI,BAIK SEKALI,14950000.0,JAMBI - Terjangkau (5-15 Jt) - Baik Sekali (B),-
SEKOLAH TINGGI ILMU KESEHATAN KELUARGA BUNDA JAMBI,JAMBI,BAIK,14000000.0,JAMBI - Terjangkau (5-15 Jt) - Baik,-
INSTITUT ADMINISTRASI DAN KESEHATAN SETIH SETIO MUARA BUNGO,JAMBI,B,12285000.0,JAMBI - Terjangkau (5-15 Jt) - Baik Sekali (B),-
SEKOLAH TINGGI ILMU EKONOMI SAKTI ALAM KERINCI,JAMBI,B,12000000.0,JAMBI - Terjangkau (5-15 Jt) - Baik Sekali (B),-
SEKOLAH TINGGI ILMU KESEHATAN MERANGIN,JAMBI,BAIK,11400000.0,JAMBI - Terjangkau (5-15 Jt) - Baik,-
UNIVERSITAS NURDIN HAMZAH,JAMBI,BAIK,10000000.0,JAMBI - Terjangkau (5-15 Jt) - Baik,-
UNIVERSITAS MUHAMMADIYAH MUARA BUNGO,JAMBI,BAIK SEKALI,9150000.0,JAMBI - Terjangkau (5-15 Jt) - Baik Sekali (B),-
UNIVERSITAS BATANGHARI JAMBI,JAMBI,BAIK SEKALI,7900500.0,JAMBI - Terjangkau (5-15 Jt) - Baik Sekali (B),https://rencanamu.id/cari-kampus/universitas-batanghari-jambi
UNIVERSITAS MUHAMMADIYAH JAMBI,JAMBI,BAIK SEKALI,6110000.0,JAMBI - Terjangkau (5-15 Jt) - Baik Sekali (B),-
UNIVERSITAS GRAHA KARYA MUARA BULIAN,JAMBI,BAIK,5300000.0,JAMBI - Sangat Hemat (< 5 Jt) - Baik,-
UNIVERSITAS MERANGIN,JAMBI,BAIK SEKALI,5020000.0,JAMBI - Terjangkau (5-15 Jt) - Baik Sekali (B),-
INSTITUT TEKNOLOGI DAN SAINS NAHDLATUL ULAMA JAMBI,JAMBI,BAIK,4800000.0,JAMBI - Sangat Hemat (< 5 Jt) - Baik,-
STIE YA BANGKO,JAMBI,BAIK,4800000.0,JAMBI - Sangat Hemat (< 5 Jt) - Baik,-
AMIK DEPATI PARBO KERINCI,JAMBI,BAIK,4800000.0,JAMBI - Sangat Hemat (< 5 Jt) - Baik,-
INSTITUT TEKNOLOGI DAN BISNIS MUHAMMADIYAH SAROLANGUN,JAMBI,BAIK,4500000.0,JAMBI - Sangat Hemat (< 5 Jt) - Baik,-
STKIP MUHAMMADIYAH SUNGAI PENUH,JAMBI,BAIK,3700000.0,JAMBI - Sangat Hemat (< 5 Jt) - Baik,-
INSTITUT TEKNOLOGI HARAPAN BANGSA,JAWA BARAT,BAIK SEKALI,243400000.0,JAWA BARAT - Sultan (> 100 Jt) - Baik Sekali (B),https://rencanamu.id/cari-kampus/institut-teknologi-harapan-bangsa
UNIVERSITAS ISLAM BANDUNG,JAWA BARAT,UNGGUL,93250000.0,JAWA BARAT - Mahal (40-100 Jt) - Baik Sekali (B),https://rencanamu.id/cari-kampus/universitas-islam-bandung
SEKOLAH TINGGI FARMASI INDONESIA,JAWA BARAT,B,84000000.0,JAWA BARAT - Mahal (40-100 Jt) - Baik Sekali (B),-
UNIVERSITAS PRESIDEN,JAWA BARAT,UNGGUL,79700500.0,JAWA BARAT - Mahal (40-100 Jt) - Baik Sekali (B),https://campus.quipper.com/directory/president-university
UNIVERSITAS 17 AGUSTUS 1945 CIREBON,JAWA BARAT,BAIK SEKALI,75500000.0,JAWA BARAT - Mahal (40-100 Jt) - Baik Sekali (B),https://campus.quipper.com/directory/universitas-17-agustus-1945-cirebon
UNIVERSITAS ISLAM NUSANTARA,JAWA BARAT,BAIK SEKALI,67040000.0,JAWA BARAT - Mahal (40-100 Jt) - Baik Sekali (B),https://rencanamu.id/cari-kampus/universitas-islam-nusantara
UNIVERSITAS KATOLIK PARAHYANGAN,JAWA BARAT,A,66400000.0,JAWA BARAT - Mahal (40-100 Jt) - Baik Sekali (B),https://campus.quipper.com/directory/universitas-katolik-parahyangan
UNIVERSITAS KEBANGSAAN REPUBLIK INDONESIA,JAWA BARAT,BAIK SEKALI,66200003.0,JAWA BARAT - Mahal (40-100 Jt) - Baik Sekali (B),-
UNIVERSITAS KOPERASI INDONESIA,JAWA BARAT,BAIK SEKALI,57050000.0,JAWA BARAT - Mahal (40-100 Jt) - Baik Sekali (B),-
UNIVERSITAS LOGISTIK DAN BISNIS INTERNASIONAL,JAWA BARAT,B,53900000.0,JAWA BARAT - Mahal (40-100 Jt) - Baik Sekali (B),-
UNIVERSITAS KRISTEN MARANATHA,JAWA BARAT,B,52352500.0,JAWA BARAT - Mahal (40-100 Jt) - Baik Sekali (B),https://rencanamu.id/cari-kampus/universitas-kristen-maranatha
STMIK BANDUNG,JAWA BARAT,BAIK,50250000.0,JAWA BARAT - Terjangkau (5-15 Jt) - Baik,-
INSTITUT TEKNOLOGI NASIONAL BANDUNG,JAWA BARAT,UNGGUL,48335000.0,JAWA BARAT - Menengah (15-40 Jt) - Unggul (A),-
UNIVERSITAS PASUNDAN,JAWA BARAT,A,48250000.0,JAWA BARAT - Menengah (15-40 Jt) - Unggul (A),https://rencanamu.id/cari-kampus/universitas-pasundan
SEKOLAH TINGGI ILMU EKONOMI STAN IM,JAWA BARAT,BAIK,42400000.0,JAWA BARAT - Terjangkau (5-15 Jt) - Baik,-
PRESIDENT UNIVERSITY,JAWA BARAT,A,36000000.0,JAWA BARAT - Menengah (15-40 Jt) - Unggul (A),https://rencanamu.id/cari-kampus/president-university
UNIVERSITAS PAKUAN,JAWA BARAT,B,35000006.0,JAWA BARAT - Terjangkau (5-15 Jt) - Baik Sekali (B),https://rencanamu.id/cari-kampus/universitas-pakuan
UNIVERSITAS IPWIJA,JAWA BARAT,B,32200000.0,JAWA BARAT - Terjangkau (5-15 Jt) - Baik Sekali (B),-
UNIVERSITAS SALI AL-AITAAM,JAWA BARAT,BAIK,31515000.0,JAWA BARAT - Terjangkau (5-15 Jt) - Baik,-
SEKOLAH TINGGI ILMU KESEHATAN MEDISTRA INDONESIA,JAWA BARAT,UNGGUL,28500000.0,JAWA BARAT - Menengah (15-40 Jt) - Unggul (A),-
INSTITUT KESEHATAN RAJAWALI,JAWA BARAT,BAIK,28236000.0,JAWA BARAT - Terjangkau (5-15 Jt) - Baik,-
STIKES RAFLESIA,JAWA BARAT,BAIK,27870000.0,JAWA BARAT - Terjangkau (5-15 Jt) - Baik,-
UNIVERSITAS ADVENT INDONESIA,JAWA BARAT,B,27520000.0,JAWA BARAT - Terjangkau (5-15 Jt) - Baik Sekali (B),https://campus.quipper.com/directory/universitas-advent-indonesia
SEKOLAH TINGGI ILMU EKONOMI EKUITAS,JAWA BARAT,B,27454200.0,JAWA BARAT - Terjangkau (5-15 Jt) - Baik Sekali (B),-
SEKOLAH TINGGI ILMU ADMINISTRASI CIMAHI,JAWA BARAT,BAIK,27000002.0,JAWA BARAT - Terjangkau (5-15 Jt) - Baik,-
UNIVERSITAS ISLAM AL-IHYA KUNINGAN,JAWA BARAT,BAIK,26118000.0,JAWA BARAT - Terjangkau (5-15 Jt) - Baik,-
UNIVERSITAS TELKOM,JAWA BARAT,UNGGUL,26000000.0,JAWA BARAT - Menengah (15-40 Jt) - Unggul (A),https://campus.quipper.com/directory/universitas-telkom
UNIVERSITAS BANI SALEH,JAWA BARAT,BAIK SEKALI,25450000.0,JAWA BARAT - Terjangkau (5-15 Jt) - Baik Sekali (B),-
SEKOLAH TINGGI KEGURUAN DAN ILMU PENDIDIKAN PASUNDAN,JAWA BARAT,B,25150000.0,JAWA BARAT - Terjangkau (5-15 Jt) - Baik Sekali (B),-
UNIVERSITAS INTERNASIONAL JAKARTA,JAWA BARAT,BAIK,25000000.0,JAWA BARAT - Terjangkau (5-15 Jt) - Baik,-
UNIVERSITAS KOMPUTER INDONESIA,JAWA BARAT,B,24950000.0,JAWA BARAT - Terjangkau (5-15 Jt) - Baik Sekali (B),https://rencanamu.id/cari-kampus/universitas-komputer-indonesia
SEKOLAH TINGGI MANAJEMEN INFORMATIKA DAN KOMPUTER AL-FATH,JAWA BARAT,BAIK,24240000.0,JAWA BARAT - Terjangkau (5-15 Jt) - Baik,-
STIKES MUHAMMADIYAH CIREBON,JAWA BARAT,BAIK,23600000.0,JAWA BARAT - Terjangkau (5-15 Jt) - Baik,https://campus.quipper.com/directory/stikes-muhammadiyah-cirebon
UNIVERSITAS BHAKTI KENCANA,JAWA BARAT,BAIK,23600000.0,JAWA BARAT - Terjangkau (5-15 Jt) - Baik,-
UNIVERSITAS GLOBAL JAKARTA,JAWA BARAT,BAIK,22801250.0,JAWA BARAT - Terjangkau (5-15 Jt) - Baik,-
SEKOLAH TINGGI ILMU EKONOMI HARAPAN BANGSA,JAWA BARAT,BAIK SEKALI,22640000.0,JAWA BARAT - Terjangkau (5-15 Jt) - Baik Sekali (B),-
UNIVERSITAS BHAKTI HUSADA INDONESIA,JAWA BARAT,B,22350000.0,JAWA BARAT - Terjangkau (5-15 Jt) - Baik Sekali (B),-
TELKOM UNIVERSITY,JAWA BARAT,A,22000000.0,JAWA BARAT - Menengah (15-40 Jt) - Unggul (A),https://rencanamu.id/cari-kampus/telkom-university
UNIVERSITAS SANGGA BUANA,JAWA BARAT,UNGGUL,21940000.0,JAWA BARAT - Menengah (15-40 Jt) - Unggul (A),-
UNIVERSITAS JENDERAL ACHMAD YANI,JAWA BARAT,B,21504000.0,JAWA BARAT - Terjangkau (5-15 Jt) - Baik Sekali (B),https://rencanamu.id/cari-kampus/universitas-jenderal-achmad-yani
UNIVERSITAS HORIZON INDONESIA,JAWA BARAT,BAIK,21196000.0,JAWA BARAT - Terjangkau (5-15 Jt) - Baik,-
SEKOLAH TINGGI ILMU KESEHATAN AHMAD DAHLAN CIREBON,JAWA BARAT,BAIK,20850000.0,JAWA BARAT - Terjangkau (5-15 Jt) - Baik,https://campus.quipper.com/directory/sekolah-tinggi-ilmu-kesehatan-ahmad-dahlan-cirebon
SEKOLAH TINGGI DESAIN INDONESIA BANDUNG,JAWA BARAT,BAIK,20827000.0,JAWA BARAT - Terjangkau (5-15 Jt) - Baik,-
UNIVERSITAS MEDIKA SUHERMAN,JAWA BARAT,BAIK SEKALI,20293750.0,JAWA BARAT - Terjangkau (5-15 Jt) - Baik Sekali (B),-
UNIVERSITAS PANCA SAKTI BEKASI,JAWA BARAT,BAIK SEKALI,20200000.0,JAWA BARAT - Terjangkau (5-15 Jt) - Baik Sekali (B),-
SEKOLAH TINGGI ILMU KESEHATAN BOGOR HUSADA,JAWA BARAT,BAIK,20000000.0,JAWA BARAT - Terjangkau (5-15 Jt) - Baik,-
SEKOLAH TINGGI ILMU EKONOMI CIREBON,JAWA BARAT,BAIK,20000000.0,JAWA BARAT - Terjangkau (5-15 Jt) - Baik,https://campus.quipper.com/directory/sekolah-tinggi-ilmu-ekonomi-cirebon
SEKOLAH TINGGI PARIWISATA BOGOR,JAWA BARAT,BAIK SEKALI,20000000.0,JAWA BARAT - Terjangkau (5-15 Jt) - Baik Sekali (B),https://campus.quipper.com/directory/sekolah-tinggi-pariwisata-bogor
UNIVERSITAS MUHAMMADIYAH AHMAD DAHLAN CIREBON,JAWA BARAT,BAIK SEKALI,19450000.0,JAWA BARAT - Terjangkau (5-15 Jt) - Baik Sekali (B),-
STIKES MUHAMMADIYAH CIAMIS,JAWA BARAT,BAIK SEKALI,18950000.0,JAWA BARAT - Terjangkau (5-15 Jt) - Baik Sekali (B),-
INSTITUT KESEHATAN IMMANUEL,JAWA BARAT,BAIK SEKALI,18500000.0,JAWA BARAT - Terjangkau (5-15 Jt) - Baik Sekali (B),-
SEKOLAH TINGGI ILMU KESEHATAN BHAKTI HUSADA CIKARANG,JAWA BARAT,BAIK,18000000.0,JAWA BARAT - Terjangkau (5-15 Jt) - Baik,-
UNIVERSITAS WINAYA MUKTI,JAWA BARAT,BAIK SEKALI,17900000.0,JAWA BARAT - Terjangkau (5-15 Jt) - Baik Sekali (B),-
SEKOLAH TINGGI ILMU KESEHATAN INDRAMAYU,JAWA BARAT,BAIK,17675000.0,JAWA BARAT - Terjangkau (5-15 Jt) - Baik,-
SEKOLAH TINGGI ILMU KESEHATAN MITRA KELUARGA,JAWA BARAT,TERAKREDITASI,17640000.0,JAWA BARAT - Terjangkau (5-15 Jt) - Baik,-
UNIVERSITAS MUHAMMADIYAH TASIKMALAYA,JAWA BARAT,BAIK,17450000.0,JAWA BARAT - Terjangkau (5-15 Jt) - Baik,https://campus.quipper.com/directory/universitas-muhammadiyah-tasikmalaya
INSTITUT TEKNOLOGI NASIONAL,JAWA BARAT,B,16725000.0,JAWA BARAT - Terjangkau (5-15 Jt) - Baik Sekali (B),https://rencanamu.id/cari-kampus/institut-teknologi-nasional
SEKOLAH TINGGI ILMU KESEHATAN RS DUSTIRA,JAWA BARAT,BAIK,16500000.0,JAWA BARAT - Terjangkau (5-15 Jt) - Baik,-
SEKOLAH TINGGI ILMU EKONOMI LATIFAH MUBAROKIYAH,JAWA BARAT,BAIK,16500000.0,JAWA BARAT - Terjangkau (5-15 Jt) - Baik,-
UNIVERSITAS GUNADARMA,JAWA BARAT,A,16100000.0,JAWA BARAT - Menengah (15-40 Jt) - Unggul (A),https://rencanamu.id/cari-kampus/universitas-gunadarma
INSTITUT BISNIS DAN INFORMATIKA KESATUAN,JAWA BARAT,B,16000000.0,JAWA BARAT - Terjangkau (5-15 Jt) - Baik Sekali (B),https://campus.quipper.com/directory/sekolah-tinggi-ilmu-ekonomi-kesatuan
SEKOLAH TINGGI TEKNOLOGI TERPADU NURUL FIKRI,JAWA BARAT,C,16000000.0,JAWA BARAT - Terjangkau (5-15 Jt) - Baik,https://campus.quipper.com/directory/sekolah-tinggi-teknologi-terpadu-nurul-fikri
SEKOLAH TINGGI ILMU KESEHATAN HOLISTIK,JAWA BARAT,BAIK,16000000.0,JAWA BARAT - Terjangkau (5-15 Jt) - Baik,-
UNIVERSITAS TARUNA BAKTI,JAWA BARAT,BAIK,15650000.0,JAWA BARAT - Terjangkau (5-15 Jt) - Baik,-
SEKOLAH TINGGI ILMU KESEHATAN PELITA ILMU DEPOK,JAWA BARAT,BAIK,15300000.0,JAWA BARAT - Terjangkau (5-15 Jt) - Baik,-
SEKOLAH TINGGI BAHASA ASING JIA,JAWA BARAT,BAIK,15000000.0,JAWA BARAT - Terjangkau (5-15 Jt) - Baik,https://campus.quipper.com/directory/sekolah-tinggi-bahasa-asing-jia
SEKOLAH TINGGI ILMU KESEHATAN CIANJUR,JAWA BARAT,BAIK,15000000.0,JAWA BARAT - Terjangkau (5-15 Jt) - Baik,-
SEKOLAH TINGGI ILMU KEPERAWATAN PPNI JAWA BARAT,JAWA BARAT,TERAKREDITASI,15000000.0,JAWA BARAT - Terjangkau (5-15 Jt) - Baik,-
SEKOLAH TINGGI HUKUM BANDUNG,JAWA BARAT,A,15000000.0,JAWA BARAT - Menengah (15-40 Jt) - Unggul (A),https://rencanamu.id/cari-kampus/sekolah-tinggi-hukum-bandung
UNIVERSITAS ISLAM 45,JAWA BARAT,B,14527000.0,JAWA BARAT - Terjangkau (5-15 Jt) - Baik Sekali (B),-
INSTITUT KEGURUAN DAN ILMU PENDIDIKAN SILIWANGI,JAWA BARAT,BAIK SEKALI,13800000.0,JAWA BARAT - Terjangkau (5-15 Jt) - Baik Sekali (B),-
INSTITUT DIGITAL EKONOMI LPKIA,JAWA BARAT,BAIK,13600000.0,JAWA BARAT - Terjangkau (5-15 Jt) - Baik,-
SEKOLAH TINGGI ILMU KESEHATAN SUKABUMI,JAWA BARAT,B,13560000.0,JAWA BARAT - Terjangkau (5-15 Jt) - Baik Sekali (B),-
UNIVERSITAS SEHATI INDONESIA,JAWA BARAT,BAIK,13500000.0,JAWA BARAT - Terjangkau (5-15 Jt) - Baik,-
INSTITUT KESEHATAN DAN BISNIS ANNISA,JAWA BARAT,BAIK,13255000.0,JAWA BARAT - Terjangkau (5-15 Jt) - Baik,-
INSTITUT TEKNOLOGI DAN SAINS BANDUNG,JAWA BARAT,C,13000000.0,JAWA BARAT - Terjangkau (5-15 Jt) - Baik,https://campus.quipper.com/directory/institut-teknologi-dan-sains-bandung
UNIVERSITAS AN NASHER,JAWA BARAT,BAIK,12750000.0,JAWA BARAT - Terjangkau (5-15 Jt) - Baik,-
SEKOLAH TINGGI TEKNOLOGI DUTA BANGSA,JAWA BARAT,BAIK,12645000.0,JAWA BARAT - Terjangkau (5-15 Jt) - Baik,-
SEKOLAH TINGGI TEKNOLOGI CIREBON,JAWA BARAT,BAIK,12350000.0,JAWA BARAT - Terjangkau (5-15 Jt) - Baik,-
INSTITUT TEKNOLOGI DAN BISNIS RIYADLUL ULUM,JAWA BARAT,BAIK,12232000.0,JAWA BARAT - Terjangkau (5-15 Jt) - Baik,-
UNIVERSITAS KUNINGAN,JAWA BARAT,B,12150000.0,JAWA BARAT - Terjangkau (5-15 Jt) - Baik Sekali (B),https://rencanamu.id/cari-kampus/universitas-kuningan
UNIVERSITAS ISLAM 45 BEKASI,JAWA BARAT,B,12000000.0,JAWA BARAT - Terjangkau (5-15 Jt) - Baik Sekali (B),https://campus.quipper.com/directory/universitas-islam-45-bekasi
STMIK AMIK BANDUNG,JAWA BARAT,BAIK SEKALI,12000000.0,JAWA BARAT - Terjangkau (5-15 Jt) - Baik Sekali (B),-
UNIVERSITAS GALUH,JAWA BARAT,BAIK SEKALI,12000000.0,JAWA BARAT - Terjangkau (5-15 Jt) - Baik Sekali (B),-
SEKOLAH TINGGI ILMU KOMPUTER POLTEK CIREBON,JAWA BARAT,BAIK,12000000.0,JAWA BARAT - Terjangkau (5-15 Jt) - Baik,https://campus.quipper.com/directory/sekolah-tinggi-ilmu-komputer-poltek-cirebon
UNIVERSITAS PUTRA INDONESIA,JAWA BARAT,BAIK,11841500.0,JAWA BARAT - Terjangkau (5-15 Jt) - Baik,-
SEKOLAH TINGGI ILMU KESEHATAN MAHARDIKA CIREBON,JAWA BARAT,BAIK,11700000.0,JAWA BARAT - Terjangkau (5-15 Jt) - Baik,https://campus.quipper.com/directory/sekolah-tinggi-ilmu-kesehatan-mahardika-cirebon
UNIVERSITAS LANGLANGBUANA,JAWA BARAT,B,11500000.0,JAWA BARAT - Terjangkau (5-15 Jt) - Baik Sekali (B),https://campus.quipper.com/directory/universitas-langlangbuana
UNIVERSITAS INDONESIA MEMBANGUN,JAWA BARAT,B,11200000.0,JAWA BARAT - Terjangkau (5-15 Jt) - Baik Sekali (B),-
UNIVERSITAS WIDYATAMA,JAWA BARAT,B,11100000.0,JAWA BARAT - Terjangkau (5-15 Jt) - Baik Sekali (B),https://rencanamu.id/cari-kampus/universitas-widyatama
SEKOLAH TINGGI ILMU KESEHATAN AKSARI,JAWA BARAT,BAIK,11000000.0,JAWA BARAT - Terjangkau (5-15 Jt) - Baik,-
STIKES KARSA HUSADA GARUT,JAWA BARAT,BAIK,11000000.0,JAWA BARAT - Terjangkau (5-15 Jt) - Baik,-
UNIVERSITAS TEKNOLOGI BANDUNG,JAWA BARAT,BAIK,11000000.0,JAWA BARAT - Terjangkau (5-15 Jt) - Baik,-
UNIVERSITAS MUHAMMADIYAH SUKABUMI,JAWA BARAT,BAIK SEKALI,10836000.0,JAWA BARAT - Terjangkau (5-15 Jt) - Baik Sekali (B),-
UNIVERSITAS DJUANDA,JAWA BARAT,B,10800000.0,JAWA BARAT - Terjangkau (5-15 Jt) - Baik Sekali (B),https://campus.quipper.com/directory/universitas-djuanda
UNIVERSITAS AL-GHIFARI,JAWA BARAT,BAIK,10690000.0,JAWA BARAT - Terjangkau (5-15 Jt) - Baik,-
SEKOLAH TINGGI ILMU EKONOMI YASA ANGGANA,JAWA BARAT,BAIK,10600000.0,JAWA BARAT - Terjangkau (5-15 Jt) - Baik,-
UNIVERSITAS PERTIWI,JAWA BARAT,BAIK,10600000.0,JAWA BARAT - Terjangkau (5-15 Jt) - Baik,-
UNIVERSITAS MUHAMMADIYAH CILEUNGSI,JAWA BARAT,BAIK,10500000.0,JAWA BARAT - Terjangkau (5-15 Jt) - Baik,-
SEKOLAH TINGGI ILMU EKONOMI SUTAATMADJA,JAWA BARAT,BAIK SEKALI,10325000.0,JAWA BARAT - Terjangkau (5-15 Jt) - Baik Sekali (B),-
SEKOLAH TINGGI ILMU EKONOMI MULIA PRATAMA,JAWA BARAT,BAIK,10040000.0,JAWA BARAT - Terjangkau (5-15 Jt) - Baik,https://campus.quipper.com/directory/sekolah-tinggi-ilmu-ekonomi-mulia-pratama
SEKOLAH TINGGI ILMU KESEHATAN SISMADI,JAWA BARAT,BAIK,10000000.0,JAWA BARAT - Terjangkau (5-15 Jt) - Baik,https://campus.quipper.com/directory/sekolah-tinggi-ilmu-kesehatan-sismadi
SEKOLAH TINGGI ILMU EKONOMI DHARMA AGUNG INDONESIA,JAWA BARAT,BAIK,9920000.0,JAWA BARAT - Terjangkau (5-15 Jt) - Baik,-
UNIVERSITAS INFORMATIKA DAN BISNIS INDONESIA,JAWA BARAT,BAIK SEKALI,9700000.0,JAWA BARAT - Terjangkau (5-15 Jt) - Baik Sekali (B),-
SEKOLAH TINGGI ILMU HUKUM DAN POLITIK PELOPOR BANGSA,JAWA BARAT,BAIK,9600000.0,JAWA BARAT - Terjangkau (5-15 Jt) - Baik,-
UNIVERSITAS HALIM SANUSI,JAWA BARAT,BAIK,9516000.0,JAWA BARAT - Terjangkau (5-15 Jt) - Baik,-
INSTITUT TEKNOLOGI DAN BISNIS DEWANTARA,JAWA BARAT,BAIK,9510000.0,JAWA BARAT - Terjangkau (5-15 Jt) - Baik,-
STISIP TASIKMALAYA,JAWA BARAT,BAIK,9460000.0,JAWA BARAT - Terjangkau (5-15 Jt) - Baik,-
SEKOLAH TINGGI ILMU EKONOMI PARIWISATA YAPARI,JAWA BARAT,BAIK,9300000.0,JAWA BARAT - Terjangkau (5-15 Jt) - Baik,-
UNIVERSITAS YAYASAN PENDIDIKAN IMAM BONJOL MAJALENGKA,JAWA BARAT,BAIK,9100000.0,JAWA BARAT - Terjangkau (5-15 Jt) - Baik,-
INSTITUT TEKNOLOGI SAINS BANDUNG,JAWA BARAT,BAIK,9050000.0,JAWA BARAT - Terjangkau (5-15 Jt) - Baik,-
UNIVERSITAS ADHIRAJASA RESWARA SANJAYA,JAWA BARAT,B,9000000.0,JAWA BARAT - Terjangkau (5-15 Jt) - Baik Sekali (B),-
INSTITUT TEKNOLOGI GARUT,JAWA BARAT,BAIK SEKALI,8960000.0,JAWA BARAT - Terjangkau (5-15 Jt) - Baik Sekali (B),-
UNIVERSITAS MUHAMMADIYAH CIREBON,JAWA BARAT,B,8850000.0,JAWA BARAT - Terjangkau (5-15 Jt) - Baik Sekali (B),-
UNIVERSITAS CATUR INSAN CENDEKIA,JAWA BARAT,BAIK,8820000.0,JAWA BARAT - Terjangkau (5-15 Jt) - Baik,-
UNIVERSITAS ISLAM AS-SYAFIIYAH,JAWA BARAT,BAIK SEKALI,8812500.0,JAWA BARAT - Terjangkau (5-15 Jt) - Baik Sekali (B),-
SEKOLAH TINGGI BAHASA ASING YAPARI,JAWA BARAT,BAIK,8750000.0,JAWA BARAT - Terjangkau (5-15 Jt) - Baik,-
UNIVERSITAS TEKNOLOGI NUSANTARA,JAWA BARAT,BAIK,8750000.0,JAWA BARAT - Terjangkau (5-15 Jt) - Baik,-
STIEB PERDANA MANDIRI,JAWA BARAT,BAIK,8638000.0,JAWA BARAT - Terjangkau (5-15 Jt) - Baik,-
INSTITUT TEKNOLOGI DAN KESEHATAN MAHARDIKA,JAWA BARAT,BAIK SEKALI,8600000.0,JAWA BARAT - Terjangkau (5-15 Jt) - Baik Sekali (B),-
SEKOLAH TINGGI HUKUM GARUT,JAWA BARAT,BAIK,8500000.0,JAWA BARAT - Terjangkau (5-15 Jt) - Baik,-
UNIVERSITAS SINDANG KASIH MAJALENGKA,JAWA BARAT,BAIK,8500000.0,JAWA BARAT - Terjangkau (5-15 Jt) - Baik,-
UNIVERSITAS WIRALODRA,JAWA BARAT,B,8480000.0,JAWA BARAT - Terjangkau (5-15 Jt) - Baik Sekali (B),https://rencanamu.id/cari-kampus/universitas-wiralodra
STMIK PAMITRAN,JAWA BARAT,BAIK,8400000.0,JAWA BARAT - Terjangkau (5-15 Jt) - Baik,-
SEKOLAH TINGGI ILMU EKONOMI KALPATARU,JAWA BARAT,BAIK,8400000.0,JAWA BARAT - Terjangkau (5-15 Jt) - Baik,-
UNIVERSITAS SURYAKANCANA,JAWA BARAT,B,8160000.0,JAWA BARAT - Terjangkau (5-15 Jt) - Baik Sekali (B),-
INSTITUT PENDIDIKAN INDONESIA GARUT,JAWA BARAT,BAIK SEKALI,8110000.0,JAWA BARAT - Terjangkau (5-15 Jt) - Baik Sekali (B),-
SEKOLAH TINGGI ILMU EKONOMI MANAJEMEN BISNIS INDONESIA,JAWA BARAT,BAIK,8100000.0,JAWA BARAT - Terjangkau (5-15 Jt) - Baik,-
UNIVERSITAS TEKNOLOGI DIGITAL,JAWA BARAT,BAIK,8100000.0,JAWA BARAT - Terjangkau (5-15 Jt) - Baik,-
STMIK DCI,JAWA BARAT,BAIK,8000000.0,JAWA BARAT - Terjangkau (5-15 Jt) - Baik,-
SEKOLAH TINGGI ILMU EKONOMI INSAN PEMBANGUNAN,JAWA BARAT,BAIK,8000000.0,JAWA BARAT - Terjangkau (5-15 Jt) - Baik,https://campus.quipper.com/directory/sekolah-tinggi-ilmu-ekonomi-insan-pembangunan
STISIP WIDYAPURI MANDIRI,JAWA BARAT,BAIK,8000000.0,JAWA BARAT - Terjangkau (5-15 Jt) - Baik,-
STMIK IM,JAWA BARAT,TIDAK TERAKREDITASI,8000000.0,JAWA BARAT - Terjangkau (5-15 Jt) - Baik,-
STKIP ARRAHMANIYAH,JAWA BARAT,BAIK,8000000.0,JAWA BARAT - Terjangkau (5-15 Jt) - Baik,-
UNIVERSITAS SEBELAS APRIL,JAWA BARAT,BAIK SEKALI,8000000.0,JAWA BARAT - Terjangkau (5-15 Jt) - Baik Sekali (B),-
STMIK PRANATA INDONESIA,JAWA BARAT,BAIK,7994000.0,JAWA BARAT - Terjangkau (5-15 Jt) - Baik,-
SEKOLAH TINGGI BAHASA ASING CIPTO HADI PRANOTO,JAWA BARAT,BAIK,7850000.0,JAWA BARAT - Terjangkau (5-15 Jt) - Baik,-
STMIK MARDIRA INDONESIA,JAWA BARAT,BAIK,7600000.0,JAWA BARAT - Terjangkau (5-15 Jt) - Baik,-
UNIVERSITAS NUSA PUTRA,JAWA BARAT,UNGGUL,7600000.0,JAWA BARAT - Menengah (15-40 Jt) - Unggul (A),-
UNIVERSITAS NUSA BANGSA,JAWA BARAT,BAIK,7550000.0,JAWA BARAT - Terjangkau (5-15 Jt) - Baik,-
INSTITUT PRIMA BANGSA,JAWA BARAT,B,7500000.0,JAWA BARAT - Terjangkau (5-15 Jt) - Baik Sekali (B),-
UNIVERSITAS PERSATUAN ISLAM,JAWA BARAT,BAIK SEKALI,7500000.0,JAWA BARAT - Terjangkau (5-15 Jt) - Baik Sekali (B),-
SEKOLAH TINGGI PARIWISATA ARS INTERNASIONAL,JAWA BARAT,BAIK,7450000.0,JAWA BARAT - Terjangkau (5-15 Jt) - Baik,-
INSTITUT TEKNOLOGI AL-MUHAJIRIN,JAWA BARAT,BAIK,7000000.0,JAWA BARAT - Terjangkau (5-15 Jt) - Baik,-
UNIVERSITAS PERJUANGAN TASIKMALAYA,JAWA BARAT,BAIK,7000000.0,JAWA BARAT - Terjangkau (5-15 Jt) - Baik,-
INSTITUT PENDIDIKAN DAN BAHASA INVADA,JAWA BARAT,B,7000000.0,JAWA BARAT - Terjangkau (5-15 Jt) - Baik Sekali (B),https://campus.quipper.com/directory/institut-pendidikan-dan-bahasa-invada-ipb-cirebon
UNIVERSITAS LANGLANG BUANA,JAWA BARAT,BAIK SEKALI,7000000.0,JAWA BARAT - Terjangkau (5-15 Jt) - Baik Sekali (B),-
UNIVERSITAS MUHAMMADIYAH BOGOR RAYA,JAWA BARAT,BAIK SEKALI,6900000.0,JAWA BARAT - Terjangkau (5-15 Jt) - Baik Sekali (B),-
INSTITUT BUDI UTOMO NASIONAL,JAWA BARAT,BAIK,6810000.0,JAWA BARAT - Terjangkau (5-15 Jt) - Baik,-
SEKOLAH TINGGI ILMU EKONOMI BII BEKASI,JAWA BARAT,BAIK,6710000.0,JAWA BARAT - Terjangkau (5-15 Jt) - Baik,-
UNIVERSITAS MAYASARI BAKTI,JAWA BARAT,BAIK,6575000.0,JAWA BARAT - Terjangkau (5-15 Jt) - Baik,-
SEKOLAH TINGGI ILMU EKONOMI TRI BHAKTI,JAWA BARAT,BAIK SEKALI,6400000.0,JAWA BARAT - Terjangkau (5-15 Jt) - Baik Sekali (B),-
SEKOLAH TINGGI ILMU EKONOMI HIDAYATULLAH DEPOK,JAWA BARAT,BAIK,6400000.0,JAWA BARAT - Terjangkau (5-15 Jt) - Baik,-
UNIVERSITAS BINANIAGA INDONESIA,JAWA BARAT,BAIK,6275000.0,JAWA BARAT - Terjangkau (5-15 Jt) - Baik,-
UNIVERSITAS BINA INSANI,JAWA BARAT,B,6250000.0,JAWA BARAT - Terjangkau (5-15 Jt) - Baik Sekali (B),-
SEKOLAH TINGGI TEKNOLOGI WASTUKANCANA,JAWA BARAT,BAIK,6250000.0,JAWA BARAT - Terjangkau (5-15 Jt) - Baik,-
UNIVERSITAS MAJALENGKA,JAWA BARAT,B,6025000.0,JAWA BARAT - Terjangkau (5-15 Jt) - Baik Sekali (B),https://rencanamu.id/cari-kampus/universitas-majalengka
STMIK IKMI CIREBON,JAWA BARAT,BAIK,6000000.0,JAWA BARAT - Terjangkau (5-15 Jt) - Baik,-
STISIP GUNA NUSANTARA,JAWA BARAT,BAIK,6000000.0,JAWA BARAT - Terjangkau (5-15 Jt) - Baik,-
UNIVERSITAS SUBANG,JAWA BARAT,BAIK SEKALI,6000000.0,JAWA BARAT - Terjangkau (5-15 Jt) - Baik Sekali (B),https://campus.quipper.com/directory/universitas-subang
SEKOLAH TINGGI ILMU EKONOMI BISMA LEPISI,JAWA BARAT,BAIK,6000000.0,JAWA BARAT - Terjangkau (5-15 Jt) - Baik,https://campus.quipper.com/directory/sekolah-tinggi-ilmu-ekonomi-bisma-lepisi
SEKOLAH TINGGI TEKNOLOGI INDUSTRI DAN FARMASI BOGOR,JAWA BARAT,BAIK,6000000.0,JAWA BARAT - Terjangkau (5-15 Jt) - Baik,-
UNIVERSITAS BALE BANDUNG,JAWA BARAT,BAIK SEKALI,6000000.0,JAWA BARAT - Terjangkau (5-15 Jt) - Baik Sekali (B),https://campus.quipper.com/directory/universitas-bale-bandung
SEKOLAH TINGGI ILMU EKONOMI FAJAR,JAWA BARAT,BAIK,6000000.0,JAWA BARAT - Terjangkau (5-15 Jt) - Baik,-
SEKOLAH TINGGI ILMU EKONOMI GICI,JAWA BARAT,BAIK,5950000.0,JAWA BARAT - Terjangkau (5-15 Jt) - Baik,-
SEKOLAH TINGGI ILMU EKONOMI MIFTAHUL HUDA,JAWA BARAT,BAIK,5900000.0,JAWA BARAT - Terjangkau (5-15 Jt) - Baik,-
UNIVERSITAS PELITA BANGSA,JAWA BARAT,BAIK,5800000.0,JAWA BARAT - Terjangkau (5-15 Jt) - Baik,https://campus.quipper.com/directory/universitas-pelita-bangsa
SEKOLAH TINGGI ILMU EKONOMI BUDI PERTIWI,JAWA BARAT,BAIK,5500000.0,JAWA BARAT - Terjangkau (5-15 Jt) - Baik,-
SEKOLAH TINGGI TEKNOLOGI PRATAMA ADI,JAWA BARAT,BAIK,5400000.0,JAWA BARAT - Terjangkau (5-15 Jt) - Baik,-
SEKOLAH TINGGI ILMU EKONOMI EKADHARMA INDONESIA,JAWA BARAT,BAIK,5400000.0,JAWA BARAT - Terjangkau (5-15 Jt) - Baik,-
AMIK PURNAMA NIAGA,JAWA BARAT,BAIK,5050000.0,JAWA BARAT - Terjangkau (5-15 Jt) - Baik,-
INSTITUT BISNIS MUHAMMADIYAH BEKASI,JAWA BARAT,BAIK,5000000.0,JAWA BARAT - Terjangkau (5-15 Jt) - Baik,-
SEKOLAH TINGGI TEKNOLOGI INFORMATIKA SONY SUGEMA,JAWA BARAT,BAIK,5000000.0,JAWA BARAT - Terjangkau (5-15 Jt) - Baik,-
STISIP SYAMSUL ULUM,JAWA BARAT,BAIK,5000000.0,JAWA BARAT - Terjangkau (5-15 Jt) - Baik,-
UNIVERSITAS DARUL MA`ARIF,JAWA BARAT,BAIK,5000000.0,JAWA BARAT - Terjangkau (5-15 Jt) - Baik,-
UNIVERSITAS MA'SOEM,JAWA BARAT,BAIK,5000000.0,JAWA BARAT - Terjangkau (5-15 Jt) - Baik,-
UNIVERSITAS MANDIRI,JAWA BARAT,BAIK,5000000.0,JAWA BARAT - Terjangkau (5-15 Jt) - Baik,-
STIE PASIM SUKABUMI,JAWA BARAT,BAIK,4800000.0,JAWA BARAT - Terjangkau (5-15 Jt) - Baik,-
STMIK MERCUSUAR,JAWA BARAT,BAIK,4800000.0,JAWA BARAT - Terjangkau (5-15 Jt) - Baik,-
SEKOLAH TINGGI ILMU EKONOMI YASMI,JAWA BARAT,BAIK,4800000.0,JAWA BARAT - Terjangkau (5-15 Jt) - Baik,-
AMIK BUMI NUSANTARA,JAWA BARAT,BAIK,4800000.0,JAWA BARAT - Terjangkau (5-15 Jt) - Baik,-
SEKOLAH TINGGI TEKNOLOGI TEXMACO,JAWA BARAT,BAIK,4800000.0,JAWA BARAT - Terjangkau (5-15 Jt) - Baik,-
STISIP SAMUDERA INDONESIA SELATAN,JAWA BARAT,BAIK,4800000.0,JAWA BARAT - Terjangkau (5-15 Jt) - Baik,-
INSTITUT TEKNOLOGI DAN BISNIS VISI NUSANTARA BOGOR,JAWA BARAT,BAIK,4800000.0,JAWA BARAT - Terjangkau (5-15 Jt) - Baik,-
SEKOLAH TINGGI ILMU EKONOMI PARIPURNA,JAWA BARAT,BAIK,4500000.0,JAWA BARAT - Terjangkau (5-15 Jt) - Baik,-
SEKOLAH TINGGI KEGURUAN DAN ILMU PENDIDIKAN AL-AMIN INDRAMAYU,JAWA BARAT,BAIK,4500000.0,JAWA BARAT - Terjangkau (5-15 Jt) - Baik,-
UNIVERSITAS CIPASUNG TASIKMALAYA,JAWA BARAT,BAIK,4340000.0,JAWA BARAT - Terjangkau (5-15 Jt) - Baik,-
UNIVERSITAS GALUH CIAMIS,JAWA BARAT,B,4250000.0,JAWA BARAT - Terjangkau (5-15 Jt) - Baik Sekali (B),https://campus.quipper.com/directory/universitas-galuh-ciamis
UNIVERSITAS BSI BANDUNG,JAWA BARAT,B,4150000.0,JAWA BARAT - Terjangkau (5-15 Jt) - Baik Sekali (B),https://rencanamu.id/cari-kampus/universitas-bsi-bandung
SEKOLAH TINGGI ILMU ADMINISTRASI MENARA SISWA,JAWA BARAT,B,4100000.0,JAWA BARAT - Terjangkau (5-15 Jt) - Baik Sekali (B),-
UNIVERSITAS NAHDLATUL ULAMA CIREBON,JAWA BARAT,BAIK,4000146.0,JAWA BARAT - Terjangkau (5-15 Jt) - Baik,-
UNIVERSITAS INSAN CENDEKIA MANDIRI,JAWA BARAT,BAIK,3700000.0,JAWA BARAT - Terjangkau (5-15 Jt) - Baik,-
UNIVERSITAS NASIONAL PASIM,JAWA BARAT,BAIK,3600000.0,JAWA BARAT - Terjangkau (5-15 Jt) - Baik,-
AMIK CITRA BUANA INDONESIA,JAWA BARAT,BAIK,3600000.0,JAWA BARAT - Terjangkau (5-15 Jt) - Baik,-
STKIP SEBELAS APRIL,JAWA BARAT,BAIK,3200000.0,JAWA BARAT - Terjangkau (5-15 Jt) - Baik,https://campus.quipper.com/directory/stkip-sebelas-april
SEKOLAH TINGGI ILMU EKONOMI PASUNDAN,JAWA BARAT,BAIK SEKALI,3000000.0,JAWA BARAT - Terjangkau (5-15 Jt) - Baik Sekali (B),-
SEKOLAH TINGGI ILMU MANAJEMEN BUDI BAKTI,JAWA BARAT,BAIK,3000000.0,JAWA BARAT - Terjangkau (5-15 Jt) - Baik,https://campus.quipper.com/directory/sekolah-tinggi-ilmu-manajemen-budi-bakti
SEKOLAH TINGGI TEKNOLOGI CIPASUNG,JAWA BARAT,BAIK,2250000.0,JAWA BARAT - Terjangkau (5-15 Jt) - Baik,-
STKIP PANCAKARYA,JAWA BARAT,BAIK,2000000.0,JAWA BARAT - Terjangkau (5-15 Jt) - Baik,-
SEKOLAH TINGGI TEKNOLOGI INDONESIA,JAWA BARAT,BAIK,2000000.0,JAWA BARAT - Terjangkau (5-15 Jt) - Baik,-
SEKOLAH TINGGI HUKUM GALUNGGUNG,JAWA BARAT,B,1500000.0,JAWA BARAT - Terjangkau (5-15 Jt) - Baik Sekali (B),-
UNIVERSITAS BAKTI TUNAS HUSADA,JAWA BARAT,TERAKREDITASI,900000.0,JAWA BARAT - Terjangkau (5-15 Jt) - Baik,-
UNIVERSITAS KRISTEN SATYA WACANA,JAWA TENGAH,A,276850001.0,JAWA TENGAH - Sultan (> 100 Jt) - Baik Sekali (B),https://campus.quipper.com/directory/universitas-kristen-satya-wacana
UNIVERSITAS ISLAM SULTAN AGUNG,JAWA TENGAH,B,201750001.0,JAWA TENGAH - Sultan (> 100 Jt) - Baik Sekali (B),https://rencanamu.id/cari-kampus/universitas-islam-sultan-agung
UNIVERSITAS MUHAMMADIYAH PURWOKERTO,JAWA TENGAH,B,91025000.0,JAWA TENGAH - Mahal (40-100 Jt) - Baik Sekali (B),https://rencanamu.id/cari-kampus/universitas-muhammadiyah-purwokerto
INSTITUT TEKNOLOGI KESEHATAN CENDEKIA UTAMA KUDUS,JAWA TENGAH,BAIK SEKALI,89700000.0,JAWA TENGAH - Mahal (40-100 Jt) - Baik Sekali (B),-
UNIVERSITAS AL-IRSYAD CILACAP,JAWA TENGAH,BAIK,85250000.0,JAWA TENGAH - Mahal (40-100 Jt) - Baik Sekali (B),-
UNIVERSITAS MUHAMMADIYAH SURAKARTA,JAWA TENGAH,A,72100000.0,JAWA TENGAH - Menengah (15-40 Jt) - Unggul (A),https://rencanamu.id/cari-kampus/universitas-muhammadiyah-surakarta
SEKOLAH TINGGI TEKNOLOGI RONGGOLAWE,JAWA TENGAH,BAIK,48360000.0,JAWA TENGAH - Terjangkau (5-15 Jt) - Baik,-
UNIVERSITAS SETIA BUDI,JAWA TENGAH,BAIK SEKALI,36300000.0,JAWA TENGAH - Terjangkau (5-15 Jt) - Baik Sekali (B),-
UNIVERSITAS WAHID HASYIM,JAWA TENGAH,UNGGUL,36170000.0,JAWA TENGAH - Menengah (15-40 Jt) - Unggul (A),https://rencanamu.id/cari-kampus/universitas-wahid-hasyim
SEKOLAH TINGGI ILMU EKONOMI DHARMA PUTRA SEMARANG,JAWA TENGAH,BAIK,35500000.0,JAWA TENGAH - Terjangkau (5-15 Jt) - Baik,-
SEKOLAH TINGGI ILMU KESEHATAN SERULINGMAS,JAWA TENGAH,BAIK SEKALI,34070000.0,JAWA TENGAH - Terjangkau (5-15 Jt) - Baik Sekali (B),-
UNIVERSITAS SAINS DAN TEKNOLOGI KOMPUTER,JAWA TENGAH,BAIK,33048600.0,JAWA TENGAH - Terjangkau (5-15 Jt) - Baik,-
SEKOLAH TINGGI ILMU EKONOMI STUDI EKONOMI MODERN,JAWA TENGAH,BAIK,32610000.0,JAWA TENGAH - Terjangkau (5-15 Jt) - Baik,-
UNIVERSITAS NGUDI WALUYO,JAWA TENGAH,BAIK SEKALI,31600000.0,JAWA TENGAH - Terjangkau (5-15 Jt) - Baik Sekali (B),-
UNIVERSITAS MUHAMMADIYAH MAGELANG,JAWA TENGAH,B,29580000.0,JAWA TENGAH - Terjangkau (5-15 Jt) - Baik Sekali (B),https://campus.quipper.com/directory/universitas-muhammadiyah-magelang
UNIVERSITAS SAINS ALQUR AN,JAWA TENGAH,UNGGUL,25745000.0,JAWA TENGAH - Menengah (15-40 Jt) - Unggul (A),-
UNIVERSITAS  HARAPAN BANGSA,JAWA TENGAH,BAIK SEKALI,25620000.0,JAWA TENGAH - Terjangkau (5-15 Jt) - Baik Sekali (B),-
UNIVERSITAS MUHAMMADIYAH SEMARANG,JAWA TENGAH,UNGGUL,25200000.0,JAWA TENGAH - Menengah (15-40 Jt) - Unggul (A),https://campus.quipper.com/directory/universitas-muhammadiyah-semarang
UNIVERSITAS MUHAMMADIYAH GOMBONG,JAWA TENGAH,BAIK SEKALI,23750000.0,JAWA TENGAH - Terjangkau (5-15 Jt) - Baik Sekali (B),-
SEKOLAH TINGGI ILMU KESEHATAN KENDAL,JAWA TENGAH,BAIK,21042000.0,JAWA TENGAH - Terjangkau (5-15 Jt) - Baik,-
UNIVERSITAS PEKALONGAN,JAWA TENGAH,UNGGUL,20000000.0,JAWA TENGAH - Menengah (15-40 Jt) - Unggul (A),https://campus.quipper.com/directory/universitas-pekalongan
UNIVERSITAS MUHAMMADIYAH PEKAJANGAN PEKALONGAN,JAWA TENGAH,BAIK SEKALI,19050000.0,JAWA TENGAH - Terjangkau (5-15 Jt) - Baik Sekali (B),-
STIKES ESTU UTOMO,JAWA TENGAH,BAIK SEKALI,18000000.0,JAWA TENGAH - Terjangkau (5-15 Jt) - Baik Sekali (B),-
UNIVERSITAS PGRI SEMARANG,JAWA TENGAH,UNGGUL,16900000.0,JAWA TENGAH - Menengah (15-40 Jt) - Unggul (A),https://rencanamu.id/cari-kampus/universitas-pgri-semarang
UNIVERSITAS STIKUBANK,JAWA TENGAH,BAIK SEKALI,16500000.0,JAWA TENGAH - Terjangkau (5-15 Jt) - Baik Sekali (B),https://rencanamu.id/cari-kampus/universitas-stikubank
SEKOLAH TINGGI ILMU KESEHATAN ELISABETH SEMARANG,JAWA TENGAH,B,16275000.0,JAWA TENGAH - Terjangkau (5-15 Jt) - Baik Sekali (B),-
UNIVERSITAS SUGENG HARTONO,JAWA TENGAH,BAIK,16200000.0,JAWA TENGAH - Terjangkau (5-15 Jt) - Baik,-
UNIVERSITAS AKI,JAWA TENGAH,BAIK SEKALI,15925000.0,JAWA TENGAH - Terjangkau (5-15 Jt) - Baik Sekali (B),-
UNIVERSITAS BHAMADA SLAWI,JAWA TENGAH,BAIK SEKALI,15510000.0,JAWA TENGAH - Terjangkau (5-15 Jt) - Baik Sekali (B),-
UNIVERSITAS KATOLIK SOEGIJAPRANATA,JAWA TENGAH,A,15500000.0,JAWA TENGAH - Menengah (15-40 Jt) - Unggul (A),https://rencanamu.id/cari-kampus/universitas-katolik-soegijapranata
STIKES MAMBA UL ULUM SURAKARTA,JAWA TENGAH,B,15250000.0,JAWA TENGAH - Terjangkau (5-15 Jt) - Baik Sekali (B),-
UNIVERSITAS MARITIM AMNI,JAWA TENGAH,BAIK SEKALI,15100000.0,JAWA TENGAH - Terjangkau (5-15 Jt) - Baik Sekali (B),-
SEKOLAH TINGGI ILMU EKONOMI SEMARANG,JAWA TENGAH,BAIK SEKALI,15050000.0,JAWA TENGAH - Terjangkau (5-15 Jt) - Baik Sekali (B),-
SEKOLAH TINGGI ILMU KESEHATAN KESDAM IV / DIPONEGORO,JAWA TENGAH,BAIK,15000000.0,JAWA TENGAH - Terjangkau (5-15 Jt) - Baik,-
SEKOLAH TINGGI ILMU EKONOMI PARIWISATA INDONESIA,JAWA TENGAH,B,14500000.0,JAWA TENGAH - Terjangkau (5-15 Jt) - Baik Sekali (B),-
SEKOLAH TINGGI PARIWISATA SAHID SURAKARTA,JAWA TENGAH,B,14000000.0,JAWA TENGAH - Terjangkau (5-15 Jt) - Baik Sekali (B),-
UNIVERSITAS KARYA HUSADA SEMARANG,JAWA TENGAH,BAIK,14000000.0,JAWA TENGAH - Terjangkau (5-15 Jt) - Baik,-
SEKOLAH TINGGI ILMU KESEHATAN NASIONAL,JAWA TENGAH,BAIK,13970000.0,JAWA TENGAH - Terjangkau (5-15 Jt) - Baik,-
SEKOLAH TINGGI ILMU KESEHATAN PANTI KOSALA,JAWA TENGAH,BAIK SEKALI,12700000.0,JAWA TENGAH - Terjangkau (5-15 Jt) - Baik Sekali (B),-
STIKES IBNU SINA AJIBARANG,JAWA TENGAH,BAIK,12600000.0,JAWA TENGAH - Terjangkau (5-15 Jt) - Baik,-
UNIVERSITAS DARUL ULUM ISLAMIC CENTRE SUDIRMAN,JAWA TENGAH,BAIK SEKALI,12550000.0,JAWA TENGAH - Terjangkau (5-15 Jt) - Baik Sekali (B),https://campus.quipper.com/directory/universitas-darul-ulum-islamic-centre-sudirman
SEKOLAH TINGGI ILMU KESEHATAN PEMKAB PURWOREJO,JAWA TENGAH,BAIK SEKALI,12350000.0,JAWA TENGAH - Terjangkau (5-15 Jt) - Baik Sekali (B),-
UNIVERSITAS WIDYA HUSADA SEMARANG,JAWA TENGAH,B,12300000.0,JAWA TENGAH - Terjangkau (5-15 Jt) - Baik Sekali (B),-
UNIVERSITAS AN NUUR,JAWA TENGAH,BAIK,12250000.0,JAWA TENGAH - Terjangkau (5-15 Jt) - Baik,-
INSTITUT KARYA MULIA BANGSA,JAWA TENGAH,BAIK,12100000.0,JAWA TENGAH - Terjangkau (5-15 Jt) - Baik,-
UNIVERSITAS DUTA BANGSA SURAKARTA,JAWA TENGAH,UNGGUL,12100000.0,JAWA TENGAH - Menengah (15-40 Jt) - Unggul (A),-
UNIVERSITAS SAFIN PATI,JAWA TENGAH,BAIK,12000000.0,JAWA TENGAH - Terjangkau (5-15 Jt) - Baik,-
SEKOLAH TINGGI ILMU KESEHATAN SEMARANG,JAWA TENGAH,BAIK,12000000.0,JAWA TENGAH - Terjangkau (5-15 Jt) - Baik,-
SEKOLAH TINGGI ILMU KOMPUTER YOS SUDARSO,JAWA TENGAH,BAIK,11965000.0,JAWA TENGAH - Terjangkau (5-15 Jt) - Baik,-
INSTITUT TEKNOLOGI BISNIS AAS INDONESIA,JAWA TENGAH,BAIK,11500000.0,JAWA TENGAH - Terjangkau (5-15 Jt) - Baik,-
UNIVERSITAS SRAGEN,JAWA TENGAH,BAIK,11500000.0,JAWA TENGAH - Terjangkau (5-15 Jt) - Baik,-
STT MINYAK DAN GAS CILACAP,JAWA TENGAH,BAIK,11300000.0,JAWA TENGAH - Terjangkau (5-15 Jt) - Baik,-
UNIVERSITAS 17 AGUSTUS 1945 SEMARANG,JAWA TENGAH,BAIK SEKALI,11250000.0,JAWA TENGAH - Terjangkau (5-15 Jt) - Baik Sekali (B),https://rencanamu.id/cari-kampus/universitas-17-agustus-1945-semarang
SEKOLAH TINGGI ILMU FARMASI NUSAPUTERA,JAWA TENGAH,BAIK,10600000.0,JAWA TENGAH - Terjangkau (5-15 Jt) - Baik,-
UNIVERSITAS PUTRA BANGSA,JAWA TENGAH,BAIK SEKALI,10100000.0,JAWA TENGAH - Terjangkau (5-15 Jt) - Baik Sekali (B),-
SEKOLAH TINGGI ILMU KESEHATAN TUJUH BELAS,JAWA TENGAH,BAIK,10050000.0,JAWA TENGAH - Terjangkau (5-15 Jt) - Baik,-
UNIVERSITAS ISLAM NAHDLATUL ULAMA JEPARA,JAWA TENGAH,BAIK SEKALI,9886000.0,JAWA TENGAH - Terjangkau (5-15 Jt) - Baik Sekali (B),-
UNIVERSITAS MUHAMMADIYAH TEGAL,JAWA TENGAH,BAIK,9800000.0,JAWA TENGAH - Terjangkau (5-15 Jt) - Baik,-
UNIVERSITAS SEMARANG,JAWA TENGAH,B,9740000.0,JAWA TENGAH - Terjangkau (5-15 Jt) - Baik Sekali (B),https://campus.quipper.com/directory/universitas-semarang
SEKOLAH TINGGI ILMU KESEHATAN HAKLI,JAWA TENGAH,BAIK,9600000.0,JAWA TENGAH - Terjangkau (5-15 Jt) - Baik,-
SEKOLAH TINGGI ILMU PERTANIAN FARMING,JAWA TENGAH,BAIK,9500000.0,JAWA TENGAH - Terjangkau (5-15 Jt) - Baik,-
UNIVERSITAS SURAKARTA,JAWA TENGAH,BAIK,9390000.0,JAWA TENGAH - Terjangkau (5-15 Jt) - Baik,https://campus.quipper.com/directory/universitas-surakarta
UNIVERSITAS SLAMET RIYADI,JAWA TENGAH,BAIK SEKALI,9340000.0,JAWA TENGAH - Terjangkau (5-15 Jt) - Baik Sekali (B),-
UNIVERSITAS MURIA KUDUS,JAWA TENGAH,B,9200000.0,JAWA TENGAH - Terjangkau (5-15 Jt) - Baik Sekali (B),https://campus.quipper.com/directory/universitas-muria-kudus
UNIVERSITAS NASIONAL KARANGTURI SEMARANG,JAWA TENGAH,BAIK,9200000.0,JAWA TENGAH - Terjangkau (5-15 Jt) - Baik,-
SEKOLAH TINGGI ILMU EKONOMI TOTALWIN,JAWA TENGAH,BAIK,9100000.0,JAWA TENGAH - Terjangkau (5-15 Jt) - Baik,-
UNIVERSITAS IVET,JAWA TENGAH,B,8800000.0,JAWA TENGAH - Terjangkau (5-15 Jt) - Baik Sekali (B),-
UNIVERSITAS MUHAMMADIYAH KUDUS,JAWA TENGAH,BAIK SEKALI,8500000.0,JAWA TENGAH - Terjangkau (5-15 Jt) - Baik Sekali (B),-
UNIVERSITAS WIJAYAKUSUMA PURWOKERTO,JAWA TENGAH,BAIK SEKALI,8500000.0,JAWA TENGAH - Terjangkau (5-15 Jt) - Baik Sekali (B),-
UNIVERSITAS TUNAS PEMBANGUNAN SURAKARTA,JAWA TENGAH,BAIK SEKALI,8483000.0,JAWA TENGAH - Terjangkau (5-15 Jt) - Baik Sekali (B),-
UNIVERSITAS VETERAN BANGUN NUSANTARA,JAWA TENGAH,BAIK SEKALI,8350000.0,JAWA TENGAH - Terjangkau (5-15 Jt) - Baik Sekali (B),-
UNIVERSITAS BPD,JAWA TENGAH,BAIK SEKALI,8080000.0,JAWA TENGAH - Terjangkau (5-15 Jt) - Baik Sekali (B),-
UNIVERSITAS YPPI REMBANG,JAWA TENGAH,BAIK,7805000.0,JAWA TENGAH - Terjangkau (5-15 Jt) - Baik,-
UNIVERSITAS PANDANARAN,JAWA TENGAH,B,7600000.0,JAWA TENGAH - Terjangkau (5-15 Jt) - Baik Sekali (B),-
UNIVERSITAS KUSUMA HUSADA SURAKARTA,JAWA TENGAH,BAIK,7550000.0,JAWA TENGAH - Terjangkau (5-15 Jt) - Baik,-
INSTITUT TEKNOLOGI DAN BISNIS KRISTEN BUKIT PENGHARAPAN,JAWA TENGAH,BAIK,7500000.0,JAWA TENGAH - Terjangkau (5-15 Jt) - Baik,-
SEKOLAH TINGGI ILMU EKONOMI MUHAMMADIYAH CILACAP,JAWA TENGAH,BAIK,7500000.0,JAWA TENGAH - Terjangkau (5-15 Jt) - Baik,-
UNIVERSITAS BOYOLALI,JAWA TENGAH,B,7450000.0,JAWA TENGAH - Terjangkau (5-15 Jt) - Baik Sekali (B),https://rencanamu.id/cari-kampus/universitas-boyolali
UNIVERSITAS MUHADI SETIABUDI,JAWA TENGAH,BAIK SEKALI,7351000.0,JAWA TENGAH - Terjangkau (5-15 Jt) - Baik Sekali (B),-
INSTITUT TEKNOLOGI STATISTIKA DAN BISNIS MUHAMMADIYAH SEMARANG,JAWA TENGAH,BAIK SEKALI,7350000.0,JAWA TENGAH - Terjangkau (5-15 Jt) - Baik Sekali (B),-
SEKOLAH TINGGI TEKNIK WIWOROTOMO,JAWA TENGAH,BAIK,7315000.0,JAWA TENGAH - Terjangkau (5-15 Jt) - Baik,-
SEKOLAH TINGGI ILMU KESEHATAN AR-RUM,JAWA TENGAH,BAIK,7000000.0,JAWA TENGAH - Terjangkau (5-15 Jt) - Baik,-
UNIVERSITAS DHARMA AUB SURAKARTA,JAWA TENGAH,BAIK SEKALI,6900000.0,JAWA TENGAH - Terjangkau (5-15 Jt) - Baik Sekali (B),-
SEKOLAH TINGGI ILMU KESEHATAN MUHAMMADIYAH WONOSOBO,JAWA TENGAH,BAIK SEKALI,6900000.0,JAWA TENGAH - Terjangkau (5-15 Jt) - Baik Sekali (B),-
UNIVERSITAS NAHDLATUL ULAMA SURAKARTA,JAWA TENGAH,BAIK SEKALI,6820000.0,JAWA TENGAH - Terjangkau (5-15 Jt) - Baik Sekali (B),-
UNIVERSITAS MUHAMMADIYAH KENDAL BATANG,JAWA TENGAH,BAIK,6795000.0,JAWA TENGAH - Terjangkau (5-15 Jt) - Baik,-
UNIVERSITAS NAHDLATUL ULAMA AL GHAZALI CILACAP,JAWA TENGAH,BAIK SEKALI,6630000.0,JAWA TENGAH - Terjangkau (5-15 Jt) - Baik Sekali (B),-
UNIVERSITAS KRISTEN TEKNOLOGI SOLO,JAWA TENGAH,BAIK,6535000.0,JAWA TENGAH - Terjangkau (5-15 Jt) - Baik,-
UNIVERSITAS TIGA SERANGKAI,JAWA TENGAH,BAIK,6520000.0,JAWA TENGAH - Terjangkau (5-15 Jt) - Baik,-
UNIVERSITAS NAHDLATUL ULAMA PURWOKERTO,JAWA TENGAH,BAIK,6500000.0,JAWA TENGAH - Terjangkau (5-15 Jt) - Baik,-
INSTITUT TEKNOLOGI BISNIS DAN KESEHATAN BHAKTI PUTRA BANGSA INDONESIA,JAWA TENGAH,BAIK,6400000.0,JAWA TENGAH - Terjangkau (5-15 Jt) - Baik,-
STKIP DARUSSALAM CILACAP,JAWA TENGAH,BAIK,6400000.0,JAWA TENGAH - Terjangkau (5-15 Jt) - Baik,-
SEKOLAH TINGGI ILMU EKONOMI WIJAYA MULYA,JAWA TENGAH,BAIK,6270000.0,JAWA TENGAH - Terjangkau (5-15 Jt) - Baik,-
SEKOLAH TINGGI ILMU EKONOMI WIDYA MANGGALIA,JAWA TENGAH,BAIK,6270000.0,JAWA TENGAH - Terjangkau (5-15 Jt) - Baik,-
UNIVERSITAS MUHAMMADIYAH BREBES,JAWA TENGAH,BAIK,6200000.0,JAWA TENGAH - Terjangkau (5-15 Jt) - Baik,-
STIKES MUHAMMADIYAH TEGAL,JAWA TENGAH,BAIK,6150000.0,JAWA TENGAH - Terjangkau (5-15 Jt) - Baik,-
SEKOLAH TINGGI ILMU EKONOMI SATRIA,JAWA TENGAH,BAIK,6000000.0,JAWA TENGAH - Terjangkau (5-15 Jt) - Baik,-
SEKOLAH TINGGI ILMU EKONOMI CENDEKIA KARYA UTAMA,JAWA TENGAH,B,5900000.0,JAWA TENGAH - Terjangkau (5-15 Jt) - Baik Sekali (B),-
SEKOLAH TINGGI MANAJEMEN INFORMATIKA DAN KOMPUTER PGRI ARUNGBINANG KEBUMEN,JAWA TENGAH,BAIK,5700000.0,JAWA TENGAH - Terjangkau (5-15 Jt) - Baik,-
STKIP MUHAMMADIYAH BLORA,JAWA TENGAH,BAIK,5700000.0,JAWA TENGAH - Terjangkau (5-15 Jt) - Baik,-
UNIVERSITAS ISLAM BATIK,JAWA TENGAH,B,5550000.0,JAWA TENGAH - Terjangkau (5-15 Jt) - Baik Sekali (B),https://rencanamu.id/cari-kampus/universitas-islam-batik
UNIVERSITAS PANCASAKTI TEGAL,JAWA TENGAH,UNGGUL,5300000.0,JAWA TENGAH - Menengah (15-40 Jt) - Unggul (A),https://rencanamu.id/cari-kampus/universitas-pancasakti
UNIVERSITAS PIGNATELLI TRIPUTRA,JAWA TENGAH,BAIK,5250000.0,JAWA TENGAH - Terjangkau (5-15 Jt) - Baik,-
UNIVERSITAS AL HIKMAH JEPARA,JAWA TENGAH,BAIK,5245000.0,JAWA TENGAH - Terjangkau (5-15 Jt) - Baik,-
SEKOLAH TINGGI TEKNIK PATI,JAWA TENGAH,BAIK,5200000.0,JAWA TENGAH - Terjangkau (5-15 Jt) - Baik,-
SEKOLAH TINGGI MANAJEMEN INFORMATIKA DAN KOMPUTER AMIKOM SURAKARTA,JAWA TENGAH,BAIK,5160000.0,JAWA TENGAH - Terjangkau (5-15 Jt) - Baik,-
SEKOLAH TINGGI ILMU EKONOMI SURAKARTA,JAWA TENGAH,B,5100000.0,JAWA TENGAH - Terjangkau (5-15 Jt) - Baik Sekali (B),https://campus.quipper.com/directory/sekolah-tinggi-ilmu-ekonomi-surakarta
INSTITUT TEKNOLOGI DAN BISNIS ADIAS,JAWA TENGAH,BAIK,5050000.0,JAWA TENGAH - Terjangkau (5-15 Jt) - Baik,-
UNIVERSITAS MUHAMMADIYAH PURWOREJO,JAWA TENGAH,B,5000000.0,JAWA TENGAH - Terjangkau (5-15 Jt) - Baik Sekali (B),https://rencanamu.id/cari-kampus/universitas-muhammadiyah-purworejo
SEKOLAH TINGGI ILMU EKONOMI AMA,JAWA TENGAH,BAIK,5000000.0,JAWA TENGAH - Terjangkau (5-15 Jt) - Baik,-
STMIK BINA PATRIA,JAWA TENGAH,BAIK,5000000.0,JAWA TENGAH - Terjangkau (5-15 Jt) - Baik,-
UNIVERSITAS MA'ARIF NAHDLATUL ULAMA KEBUMEN,JAWA TENGAH,BAIK,4800000.0,JAWA TENGAH - Terjangkau (5-15 Jt) - Baik,-
UNIVERSITAS SULTAN FATAH,JAWA TENGAH,BAIK,4800000.0,JAWA TENGAH - Terjangkau (5-15 Jt) - Baik,-
UNIVERSITAS PERWIRA PURBALINGGA,JAWA TENGAH,BAIK,4800000.0,JAWA TENGAH - Terjangkau (5-15 Jt) - Baik,-
SEKOLAH TINGGI ILMU EKONOMI ANINDYAGUNA,JAWA TENGAH,BAIK,4800000.0,JAWA TENGAH - Terjangkau (5-15 Jt) - Baik,-
SEKOLAH TINGGI ILMU EKONOMI SWASTA MANDIRI,JAWA TENGAH,BAIK,4800000.0,JAWA TENGAH - Terjangkau (5-15 Jt) - Baik,-
STKIP NAHDLATUL ULAMA KABUPATEN TEGAL,JAWA TENGAH,BAIK,4800000.0,JAWA TENGAH - Terjangkau (5-15 Jt) - Baik,-
INSTITUT TEKNOLOGI DAN BISNIS MUHAMMADIYAH GROBOGAN,JAWA TENGAH,BAIK,4750000.0,JAWA TENGAH - Terjangkau (5-15 Jt) - Baik,-
UNIVERSITAS MUHAMMADIYAH KLATEN,JAWA TENGAH,BAIK SEKALI,4550000.0,JAWA TENGAH - Terjangkau (5-15 Jt) - Baik Sekali (B),-
STKIP MAJENANG,JAWA TENGAH,BAIK,4500000.0,JAWA TENGAH - Terjangkau (5-15 Jt) - Baik,-
UNIVERSITAS SELAMAT SRI,JAWA TENGAH,BAIK,4075000.0,JAWA TENGAH - Terjangkau (5-15 Jt) - Baik,-
SEKOLAH TINGGI ILMU EKONOMI PELITA NUSANTARA,JAWA TENGAH,B,4000000.0,JAWA TENGAH - Terjangkau (5-15 Jt) - Baik Sekali (B),https://campus.quipper.com/directory/sekolah-tinggi-ilmu-ekonomi-pelita-nusantara
UNIVERSITAS DIAN NUSWANTORO,JAWA TENGAH,A,4000000.0,JAWA TENGAH - Menengah (15-40 Jt) - Unggul (A),https://campus.quipper.com/directory/universitas-dian-nuswantoro
UNIVERSITAS PERADABAN,JAWA TENGAH,BAIK,3800000.0,JAWA TENGAH - Terjangkau (5-15 Jt) - Baik,-
SEKOLAH TINGGI ILMU ADMINISTRASI MADANI,JAWA TENGAH,BAIK,3692500.0,JAWA TENGAH - Terjangkau (5-15 Jt) - Baik,-
STMIK AKI PATI,JAWA TENGAH,BAIK,3500000.0,JAWA TENGAH - Terjangkau (5-15 Jt) - Baik,-
SEKOLAH TINGGI ILMU EKONOMI WIDYA MANGGALA,JAWA TENGAH,BAIK SEKALI,3200000.0,JAWA TENGAH - Terjangkau (5-15 Jt) - Baik Sekali (B),-
SEKOLAH TINGGI ILMU EKONOMI RAJAWALI,JAWA TENGAH,BAIK,2700000.0,JAWA TENGAH - Terjangkau (5-15 Jt) - Baik,-
STMIK WIDYA UTAMA,JAWA TENGAH,BAIK,2600000.0,JAWA TENGAH - Terjangkau (5-15 Jt) - Baik,-
UNIVERSITAS KATOLIK WIDYA MANDALA SURABAYA,JAWA TIMUR,A,234470600.0,JAWA TIMUR - Sultan (> 100 Jt) - Unggul (A),https://campus.quipper.com/directory/universitas-katolik-widya-mandala-surabaya
UNIVERSITAS HANG TUAH,JAWA TIMUR,B,146900000.0,JAWA TIMUR - Sultan (> 100 Jt) - Unggul (A),https://campus.quipper.com/directory/universitas-hang-tuah
UNIVERSITAS MUHAMMADIYAH SURABAYA,JAWA TIMUR,UNGGUL,142200000.0,JAWA TIMUR - Sultan (> 100 Jt) - Unggul (A),https://campus.quipper.com/directory/universitas-muhammadiyah-surabaya
UNIVERSITAS KADIRI,JAWA TIMUR,BAIK SEKALI,71250000.0,JAWA TIMUR - Menengah (15-40 Jt) - Baik Sekali (B),https://campus.quipper.com/directory/universitas-kadiri
UNIVERSITAS CIPUTRA SURABAYA,JAWA TIMUR,UNGGUL,59000000.0,JAWA TIMUR - Menengah (15-40 Jt) - Unggul (A),https://campus.quipper.com/directory/universitas-ciputra-surabaya
UNIVERSITAS 17 AGUSTUS 1945 SURABAYA,JAWA TIMUR,A,53150000.0,JAWA TIMUR - Menengah (15-40 Jt) - Unggul (A),https://rencanamu.id/cari-kampus/universitas-17-agustus-1945-surabaya
UNIVERSITAS MUHAMMADIYAH SIDOARJO,JAWA TIMUR,B,48525000.0,JAWA TIMUR - Menengah (15-40 Jt) - Baik Sekali (B),https://rencanamu.id/cari-kampus/universitas-muhammadiyah-sidoarjo
STIKES HUTAMA ABDI HUSADA TULUNGAGUNG,JAWA TIMUR,BAIK SEKALI,48500000.0,JAWA TIMUR - Menengah (15-40 Jt) - Baik Sekali (B),-
UNIVERSITAS PGRI DELTA,JAWA TIMUR,BAIK SEKALI,48480000.0,JAWA TIMUR - Menengah (15-40 Jt) - Baik Sekali (B),-
UNIVERSITAS NAHDLATUL ULAMA SURABAYA,JAWA TIMUR,UNGGUL,47476000.0,JAWA TIMUR - Menengah (15-40 Jt) - Unggul (A),https://campus.quipper.com/directory/universitas-nahdlatul-ulama-surabaya
UNIVERSITAS MUHAMMADIYAH JEMBER,JAWA TIMUR,B,46860200.0,JAWA TIMUR - Menengah (15-40 Jt) - Baik Sekali (B),https://rencanamu.id/cari-kampus/universitas-muhammadiyah-jember
UNIVERSITAS PGRI RONGGOLAWE,JAWA TIMUR,BAIK SEKALI,40364875.0,JAWA TIMUR - Menengah (15-40 Jt) - Baik Sekali (B),-
UNIVERSITAS SURABAYA,JAWA TIMUR,A,38850250.0,JAWA TIMUR - Menengah (15-40 Jt) - Unggul (A),https://campus.quipper.com/directory/universitas-surabaya
UNIVERSITAS WIJAYA KUSUMA SURABAYA,JAWA TIMUR,B,38400000.0,JAWA TIMUR - Menengah (15-40 Jt) - Baik Sekali (B),https://campus.quipper.com/directory/universitas-wijaya-kusuma-surabaya
UNIVERSITAS BHAYANGKARA SURABAYA,JAWA TIMUR,B,35502000.0,JAWA TIMUR - Menengah (15-40 Jt) - Baik Sekali (B),https://campus.quipper.com/directory/universitas-bhayangkara-surabaya
UNIVERSITAS ISLAM MALANG,JAWA TIMUR,B,33550000.0,JAWA TIMUR - Menengah (15-40 Jt) - Baik Sekali (B),https://campus.quipper.com/directory/universitas-islam-malang
INSTITUT TEKNOLOGI INSAN CENDEKIA MANDIRI,JAWA TIMUR,BAIK,31050000.0,JAWA TIMUR - Terjangkau (5-15 Jt) - Baik,-
UNIVERSITAS HASYIM ASY'ARI TEBUIRENG JOMBANG,JAWA TIMUR,BAIK SEKALI,29750000.0,JAWA TIMUR - Menengah (15-40 Jt) - Baik Sekali (B),-
UNIVERSITAS WIDYA GAMA,JAWA TIMUR,B,28500000.0,JAWA TIMUR - Menengah (15-40 Jt) - Baik Sekali (B),https://campus.quipper.com/directory/universitas-widya-gama
INSTITUT SAINS DAN TEKNOLOGI TERPADU SURABAYA,JAWA TIMUR,B,28200000.0,JAWA TIMUR - Menengah (15-40 Jt) - Baik Sekali (B),https://campus.quipper.com/directory/institut-sains-dan-teknologi-terpadu-surabaya
UNIVERSITAS KRISTEN PETRA,JAWA TIMUR,A,28000000.0,JAWA TIMUR - Menengah (15-40 Jt) - Unggul (A),https://campus.quipper.com/directory/universitas-kristen-petra
UNIVERSITAS DOKTOR NUGROHO MAGETAN,JAWA TIMUR,BAIK,27500000.0,JAWA TIMUR - Terjangkau (5-15 Jt) - Baik,-
UNIVERSITAS CIPUTRA,JAWA TIMUR,A,27200000.0,JAWA TIMUR - Menengah (15-40 Jt) - Unggul (A),https://rencanamu.id/cari-kampus/universitas-ciputra
SEKOLAH TINGGI ILMU PERTANIAN,JAWA TIMUR,BAIK,25400000.0,JAWA TIMUR - Terjangkau (5-15 Jt) - Baik,-
SEKOLAH TINGGI ILMU KESEHATAN MAJAPAHIT,JAWA TIMUR,B,24900000.0,JAWA TIMUR - Terjangkau (5-15 Jt) - Baik Sekali (B),-
STIKES KATOLIK ST VINCENTIUS A PAULO SURABAYA,JAWA TIMUR,BAIK,24825000.0,JAWA TIMUR - Terjangkau (5-15 Jt) - Baik,-
INSTITUT TEKNOLOGI NASIONAL MALANG,JAWA TIMUR,B,24550000.0,JAWA TIMUR - Terjangkau (5-15 Jt) - Baik Sekali (B),https://campus.quipper.com/directory/institut-teknologi-nasional-malang
STIKES GANESHA HUSADA KEDIRI,JAWA TIMUR,BAIK,24500000.0,JAWA TIMUR - Terjangkau (5-15 Jt) - Baik,-
INSTITUT ILMU KESEHATAN BHAKTI WIYATA KEDIRI,JAWA TIMUR,UNGGUL,24000000.0,JAWA TIMUR - Menengah (15-40 Jt) - Unggul (A),https://campus.quipper.com/directory/institut-ilmu-kesehatan-bhakti-wiyata-kediri
INSTITUT INFORMATIKA INDONESIA SURABAYA,JAWA TIMUR,BAIK,24000000.0,JAWA TIMUR - Terjangkau (5-15 Jt) - Baik,-
STIKES PANTI WALUYA MALANG,JAWA TIMUR,B,23700000.0,JAWA TIMUR - Terjangkau (5-15 Jt) - Baik Sekali (B),https://campus.quipper.com/directory/stikes-panti-waluya-malang
STIKES BHAKTI HUSADA MULIA,JAWA TIMUR,BAIK,23300000.0,JAWA TIMUR - Terjangkau (5-15 Jt) - Baik,-
UNIVERSITAS BHINNEKA NUSANTARA,JAWA TIMUR,BAIK SEKALI,23100000.0,JAWA TIMUR - Terjangkau (5-15 Jt) - Baik Sekali (B),-
STIKES WIDYAGAMA HUSADA MALANG,JAWA TIMUR,BAIK,22360000.0,JAWA TIMUR - Terjangkau (5-15 Jt) - Baik,-
UNIVERSITAS ANWAR MEDIKA,JAWA TIMUR,BAIK,22111250.0,JAWA TIMUR - Terjangkau (5-15 Jt) - Baik,-
UNIVERSITAS DINAMIKA,JAWA TIMUR,BAIK SEKALI,22000000.0,JAWA TIMUR - Terjangkau (5-15 Jt) - Baik Sekali (B),https://campus.quipper.com/directory/universitas-dinamika
UNIVERSITAS IBRAHIMY,JAWA TIMUR,B,21600000.0,JAWA TIMUR - Terjangkau (5-15 Jt) - Baik Sekali (B),-
UNIVERSITAS HAYAM WURUK PERBANAS,JAWA TIMUR,A,21310000.0,JAWA TIMUR - Menengah (15-40 Jt) - Unggul (A),https://campus.quipper.com/directory/sekolah-tinggi-ilmu-ekonomi-perbanas-surabaya
UNIVERSITAS DARUSSALAM GONTOR,JAWA TIMUR,UNGGUL,20500000.0,JAWA TIMUR - Menengah (15-40 Jt) - Unggul (A),-
UNIVERSITAS MA CHUNG,JAWA TIMUR,B,20400000.0,JAWA TIMUR - Terjangkau (5-15 Jt) - Baik Sekali (B),https://campus.quipper.com/directory/universitas-ma-chung
UNIVERSITAS MUHAMMADIYAH MALANG,JAWA TIMUR,A,20000000.0,JAWA TIMUR - Menengah (15-40 Jt) - Unggul (A),https://rencanamu.id/cari-kampus/universitas-muhammadiyah-malang
UNIVERSITAS PELITA HARAPAN SURABAYA,JAWA TIMUR,C,19750000.0,JAWA TIMUR - Terjangkau (5-15 Jt) - Baik,https://rencanamu.id/cari-kampus/universitas-pelita-harapan-surabaya
UNIVERSITAS MAARIF HASYIM LATIF,JAWA TIMUR,BAIK SEKALI,19710000.0,JAWA TIMUR - Terjangkau (5-15 Jt) - Baik Sekali (B),-
UNIVERSITAS WIDYA KARTIKA,JAWA TIMUR,BAIK,19198000.0,JAWA TIMUR - Terjangkau (5-15 Jt) - Baik,-
UNIVERSITAS MERDEKA MALANG,JAWA TIMUR,B,19000001.0,JAWA TIMUR - Terjangkau (5-15 Jt) - Baik Sekali (B),https://rencanamu.id/cari-kampus/universitas-merdeka-malang
UNIVERSITAS DR. SOEBANDI,JAWA TIMUR,BAIK SEKALI,18700000.0,JAWA TIMUR - Terjangkau (5-15 Jt) - Baik Sekali (B),https://campus.quipper.com/directory/universitas-dr-soebandi
UNIVERSITAS DR SOETOMO,JAWA TIMUR,BAIK SEKALI,17520000.0,JAWA TIMUR - Terjangkau (5-15 Jt) - Baik Sekali (B),https://campus.quipper.com/directory/universitas-dr-soetomo
UNIVERSITAS BINA SEHAT PPNI MOJOKERTO,JAWA TIMUR,BAIK,17000000.0,JAWA TIMUR - Terjangkau (5-15 Jt) - Baik,-
UNIVERSITAS GRESIK,JAWA TIMUR,BAIK SEKALI,17000000.0,JAWA TIMUR - Terjangkau (5-15 Jt) - Baik Sekali (B),-
STIKES KARYA PUTRA BANGSA TULUNGAGUNG,JAWA TIMUR,BAIK,16150000.0,JAWA TIMUR - Terjangkau (5-15 Jt) - Baik,-
SEKOLAH TINGGI ILMU KESEHATAN KEPANJEN,JAWA TIMUR,BAIK SEKALI,15450000.0,JAWA TIMUR - Terjangkau (5-15 Jt) - Baik Sekali (B),https://campus.quipper.com/directory/sekolah-tinggi-ilmu-kesehatan-kepanjen
UNIVERSITAS ISLAM BALITAR,JAWA TIMUR,B,15375000.0,JAWA TIMUR - Terjangkau (5-15 Jt) - Baik Sekali (B),https://rencanamu.id/cari-kampus/universitas-islam-balitar
STIKES BHAKTI MULIA,JAWA TIMUR,BAIK,15200000.0,JAWA TIMUR - Terjangkau (5-15 Jt) - Baik,https://campus.quipper.com/directory/stikes-bhakti-mulia
UNIVERSITAS NAZHATUT THULLAB AL-MUAFA SAMPANG,JAWA TIMUR,BAIK,15200000.0,JAWA TIMUR - Terjangkau (5-15 Jt) - Baik,-
SEKOLAH TINGGI ILMU KESEHATAN HANG TUAH SURABAYA,JAWA TIMUR,BAIK,15050000.0,JAWA TIMUR - Terjangkau (5-15 Jt) - Baik,-
UNIVERSITAS KATOLIK DARMA CENDIKA,JAWA TIMUR,B,14775000.0,JAWA TIMUR - Terjangkau (5-15 Jt) - Baik Sekali (B),https://campus.quipper.com/directory/universitas-katolik-darma-cendika
INSTITUT TEKNOLOGI ADHI TAMA SURABAYA,JAWA TIMUR,BAIK SEKALI,14600000.0,JAWA TIMUR - Terjangkau (5-15 Jt) - Baik Sekali (B),https://campus.quipper.com/directory/institut-teknologi-adhi-tama-surabaya
UNIVERSITAS PGRI ADI BUANA,JAWA TIMUR,BAIK SEKALI,14450000.0,JAWA TIMUR - Terjangkau (5-15 Jt) - Baik Sekali (B),https://campus.quipper.com/directory/universitas-pgri-adi-buana-unipa-surabaya
UNIVERSITAS TRIBHUWANA TUNGGA DEWI,JAWA TIMUR,C,14250000.0,JAWA TIMUR - Terjangkau (5-15 Jt) - Baik,https://rencanamu.id/cari-kampus/universitas-tribhuwana-tungga-dewi
IKIP PGRI BOJONEGORO,JAWA TIMUR,BAIK,14180000.0,JAWA TIMUR - Terjangkau (5-15 Jt) - Baik,-
UNIVERSITAS NAROTAMA,JAWA TIMUR,B,14100000.0,JAWA TIMUR - Terjangkau (5-15 Jt) - Baik Sekali (B),https://campus.quipper.com/directory/universitas-narotama
UNIVERSITAS NURUL JADID,JAWA TIMUR,BAIK SEKALI,14100000.0,JAWA TIMUR - Terjangkau (5-15 Jt) - Baik Sekali (B),-
UNIVERSITAS INTERNASIONAL SEMEN INDONESIA,JAWA TIMUR,BAIK SEKALI,14000000.0,JAWA TIMUR - Terjangkau (5-15 Jt) - Baik Sekali (B),https://campus.quipper.com/directory/universitas-internasional-semen-indonesia
UNIVERSITAS WISNUWARDHANA,JAWA TIMUR,B,13800000.0,JAWA TIMUR - Terjangkau (5-15 Jt) - Baik Sekali (B),https://campus.quipper.com/directory/universitas-wisnuwardhana
UNIVERSITAS KEPANJEN,JAWA TIMUR,B,13800000.0,JAWA TIMUR - Terjangkau (5-15 Jt) - Baik Sekali (B),-
STIKES ADI HUSADA,JAWA TIMUR,BAIK SEKALI,13200000.0,JAWA TIMUR - Terjangkau (5-15 Jt) - Baik Sekali (B),https://campus.quipper.com/directory/stikes-adi-husada
UNIVERSITAS HAFSHAWATY ZAINUL HASAN,JAWA TIMUR,BAIK,12900000.0,JAWA TIMUR - Terjangkau (5-15 Jt) - Baik,-
STIKES KARYA HUSADA KEDIRI,JAWA TIMUR,B,12805000.0,JAWA TIMUR - Terjangkau (5-15 Jt) - Baik Sekali (B),https://campus.quipper.com/directory/stikes-karya-husada-kediri
UNIVERSITAS PESANTREN TINGGI DARUL  ULUM,JAWA TIMUR,BAIK SEKALI,12525000.0,JAWA TIMUR - Terjangkau (5-15 Jt) - Baik Sekali (B),-
STIKES BANYUWANGI,JAWA TIMUR,BAIK,12500000.0,JAWA TIMUR - Terjangkau (5-15 Jt) - Baik,-
UNIVERSITAS NOOR HUDA MUSTOFA,JAWA TIMUR,B,12400000.0,JAWA TIMUR - Terjangkau (5-15 Jt) - Baik Sekali (B),-
STIKES MUHAMMADIYAH BOJONEGORO,JAWA TIMUR,BAIK,12150000.0,JAWA TIMUR - Terjangkau (5-15 Jt) - Baik,-
UNIVERSITAS PGRI KANJURUHAN MALANG,JAWA TIMUR,TERAKREDITASI,12040000.0,JAWA TIMUR - Terjangkau (5-15 Jt) - Baik,https://campus.quipper.com/directory/universitas-pgri-kanjuruhan-malang
SEKOLAH TINGGI ILMU BAHASA DAN SASTRA SATYA WIDYA,JAWA TIMUR,BAIK,12000000.0,JAWA TIMUR - Terjangkau (5-15 Jt) - Baik,-
UNIVERSITAS GAJAYANA,JAWA TIMUR,B,12000000.0,JAWA TIMUR - Terjangkau (5-15 Jt) - Baik Sekali (B),https://campus.quipper.com/directory/universitas-gajayana
UNIVERSITAS WIJAYA PUTRA,JAWA TIMUR,BAIK SEKALI,11600100.0,JAWA TIMUR - Terjangkau (5-15 Jt) - Baik Sekali (B),https://campus.quipper.com/directory/universitas-wijaya-putra
INSTITUT KESEHATAN DAN BISNIS SURABAYA,JAWA TIMUR,BAIK,11600000.0,JAWA TIMUR - Terjangkau (5-15 Jt) - Baik,-
UNIVERSITAS MUHAMMADIYAH PONOROGO,JAWA TIMUR,UNGGUL,11200000.0,JAWA TIMUR - Menengah (15-40 Jt) - Unggul (A),https://campus.quipper.com/directory/universitas-muhammadiyah-ponorogo
UNIVERSITAS MUHAMMADIYAH GRESIK,JAWA TIMUR,BAIK SEKALI,11150000.0,JAWA TIMUR - Terjangkau (5-15 Jt) - Baik Sekali (B),-
SEKOLAH TINGGI ILMU KESEHATAN HARAPAN BANGSA,JAWA TIMUR,BAIK,11000000.0,JAWA TIMUR - Terjangkau (5-15 Jt) - Baik,-
SEKOLAH TINGGI ILMU KESEHATAN WILLIAM BOOTH,JAWA TIMUR,BAIK SEKALI,11000000.0,JAWA TIMUR - Terjangkau (5-15 Jt) - Baik Sekali (B),https://campus.quipper.com/directory/sekolah-tinggi-ilmu-kesehatan-william-booth
SEKOLAH TINGGI ILMU EKONOMI INDONESIA SURABAYA,JAWA TIMUR,B,11000000.0,JAWA TIMUR - Terjangkau (5-15 Jt) - Baik Sekali (B),https://campus.quipper.com/directory/sekolah-tinggi-ilmu-ekonomi-indonesia-surabaya
SEKOLAH TINGGI FILSAFAT TEOLOGI WIDYA SASANA,JAWA TIMUR,B,10600000.0,JAWA TIMUR - Terjangkau (5-15 Jt) - Baik Sekali (B),-
STIA DAN MANAJEMEN KEPELABUHAN BARUNAWATI,JAWA TIMUR,BAIK SEKALI,10200000.0,JAWA TIMUR - Terjangkau (5-15 Jt) - Baik Sekali (B),-
SEKOLAH TINGGI ILMU EKONOMI MAHARDHIKA,JAWA TIMUR,B,10100000.0,JAWA TIMUR - Terjangkau (5-15 Jt) - Baik Sekali (B),https://campus.quipper.com/directory/sekolah-tinggi-ilmu-ekonomi-mahardhika
UNIVERSITAS PGRI MADIUN,JAWA TIMUR,B,10091000.0,JAWA TIMUR - Terjangkau (5-15 Jt) - Baik Sekali (B),https://campus.quipper.com/directory/universitas-pgri-madiun-unipma
UNIVERSITAS PGRI ARGOPURO JEMBER,JAWA TIMUR,BAIK SEKALI,10000000.0,JAWA TIMUR - Terjangkau (5-15 Jt) - Baik Sekali (B),-
UNIVERSITAS MOCHAMMAD SROEDJI,JAWA TIMUR,BAIK,10000000.0,JAWA TIMUR - Terjangkau (5-15 Jt) - Baik,https://campus.quipper.com/directory/universitas-mochammad-sroedji
STKIP WIDYA YUWANA,JAWA TIMUR,B,10000000.0,JAWA TIMUR - Terjangkau (5-15 Jt) - Baik Sekali (B),https://campus.quipper.com/directory/stkip-widya-yuwana
SEKOLAH TINGGI ILMU KESEHATAN RAJEKWESI BOJONEGORO,JAWA TIMUR,TERAKREDITASI,10000000.0,JAWA TIMUR - Terjangkau (5-15 Jt) - Baik,-
UNIVERSITAS MADURA,JAWA TIMUR,B,10000000.0,JAWA TIMUR - Terjangkau (5-15 Jt) - Baik Sekali (B),https://rencanamu.id/cari-kampus/universitas-madura
INSTITUT TEKNOLOGI SAINS DAN KESEHATAN INSAN CENDEKIA MEDIKA JOMBANG,JAWA TIMUR,TERAKREDITASI,9600000.0,JAWA TIMUR - Terjangkau (5-15 Jt) - Baik,-
SEKOLAH TINGGI ILMU EKONOMI GEMPOL,JAWA TIMUR,BAIK,9600000.0,JAWA TIMUR - Terjangkau (5-15 Jt) - Baik,-
UNIVERSITAS 45 SURABAYA,JAWA TIMUR,BAIK,9450000.0,JAWA TIMUR - Terjangkau (5-15 Jt) - Baik,-
UNIVERSITAS ISLAM MADURA,JAWA TIMUR,BAIK,9435000.0,JAWA TIMUR - Terjangkau (5-15 Jt) - Baik,-
UNIVERSITAS WIRARAJA,JAWA TIMUR,BAIK SEKALI,9313750.0,JAWA TIMUR - Terjangkau (5-15 Jt) - Baik Sekali (B),-
UNIVERSITAS KATOLIK WIDYA KARYA,JAWA TIMUR,BAIK,9250000.0,JAWA TIMUR - Terjangkau (5-15 Jt) - Baik,-
INSTITUT TEKNOLOGI DAN SAINS MANDALA,JAWA TIMUR,BAIK SEKALI,9200000.0,JAWA TIMUR - Terjangkau (5-15 Jt) - Baik Sekali (B),https://campus.quipper.com/directory/institut-teknologi-dan-sains-mandala
SEKOLAH TINGGI TEKNOLOGI GEMPOL,JAWA TIMUR,BAIK,9100000.0,JAWA TIMUR - Terjangkau (5-15 Jt) - Baik,-
UNIVERSITAS YUDHARTA PASURUAN,JAWA TIMUR,BAIK SEKALI,9050000.0,JAWA TIMUR - Terjangkau (5-15 Jt) - Baik Sekali (B),-
STKIP PGRI SUMENEP,JAWA TIMUR,BAIK,9000000.0,JAWA TIMUR - Terjangkau (5-15 Jt) - Baik,-
SEKOLAH TINGGI ILMU KESEHATAN ARTHA BODHI ISWARA,JAWA TIMUR,B,9000000.0,JAWA TIMUR - Terjangkau (5-15 Jt) - Baik Sekali (B),https://campus.quipper.com/directory/sekolah-tinggi-ilmu-kesehatan-artha-bodhi-iswara
SEKOLAH TINGGI ILMU EKONOMI MALANGKUCECWARA,JAWA TIMUR,BAIK SEKALI,9000000.0,JAWA TIMUR - Terjangkau (5-15 Jt) - Baik Sekali (B),-
SEKOLAH TINGGI ILMU KOMUNIKASI ALMAMATER WARTAWAN SURABAYA,JAWA TIMUR,BAIK SEKALI,8950000.0,JAWA TIMUR - Terjangkau (5-15 Jt) - Baik Sekali (B),https://campus.quipper.com/directory/sekolah-tinggi-ilmu-komunikasi-almamater-wartawan-surabaya
UNIVERSITAS WAHIDIYAH,JAWA TIMUR,BAIK,8910000.0,JAWA TIMUR - Terjangkau (5-15 Jt) - Baik,https://campus.quipper.com/directory/universitas-wahidiyah
INSTITUT TEKNOLOGI KESEHATAN MALANG WIDYA CIPTA HUSADA,JAWA TIMUR,BAIK,8900000.0,JAWA TIMUR - Terjangkau (5-15 Jt) - Baik,-
UNIVERSITAS KH. BAHAUDIN MUDHARY MADURA,JAWA TIMUR,BAIK,8800000.0,JAWA TIMUR - Terjangkau (5-15 Jt) - Baik,-
STKIP PGRI PONOROGO,JAWA TIMUR,BAIK SEKALI,8770000.0,JAWA TIMUR - Terjangkau (5-15 Jt) - Baik Sekali (B),-
UNIVERSITAS NAHDLATUL ULAMA PASURUAN,JAWA TIMUR,BAIK,8750000.0,JAWA TIMUR - Terjangkau (5-15 Jt) - Baik,-
STIKES YAYASAN RS. DR. SOETOMO,JAWA TIMUR,BAIK SEKALI,8600000.0,JAWA TIMUR - Terjangkau (5-15 Jt) - Baik Sekali (B),-
UNIVERSITAS GAJAYANA MALANG,JAWA TIMUR,B,8500000.0,JAWA TIMUR - Terjangkau (5-15 Jt) - Baik Sekali (B),https://rencanamu.id/cari-kampus/universitas-gajayana-malang
STIKES PATRIA HUSADA,JAWA TIMUR,BAIK,8375000.0,JAWA TIMUR - Terjangkau (5-15 Jt) - Baik,-
UNIVERSITAS MERDEKA PASURUAN,JAWA TIMUR,BAIK,8370000.0,JAWA TIMUR - Terjangkau (5-15 Jt) - Baik,-
UNIVERSITAS NAHDLATUL ULAMA SUNAN GIRI,JAWA TIMUR,BAIK SEKALI,8300000.0,JAWA TIMUR - Terjangkau (5-15 Jt) - Baik Sekali (B),-
UNIVERSITAS BOJONEGORO,JAWA TIMUR,BAIK,8000000.0,JAWA TIMUR - Terjangkau (5-15 Jt) - Baik,-
STKIP AL HIKMAH SURABAYA,JAWA TIMUR,BAIK,8000000.0,JAWA TIMUR - Terjangkau (5-15 Jt) - Baik,https://campus.quipper.com/directory/stkip-al-hikmah-surabaya
SEKOLAH TINGGI ILMU KOMPUTER PGRI BANYUWANGI,JAWA TIMUR,BAIK,8000000.0,JAWA TIMUR - Terjangkau (5-15 Jt) - Baik,-
STIKES PAMENANG,JAWA TIMUR,BAIK,8000000.0,JAWA TIMUR - Terjangkau (5-15 Jt) - Baik,-
STIKES BUANA HUSADA PONOROGO,JAWA TIMUR,BAIK,8000000.0,JAWA TIMUR - Terjangkau (5-15 Jt) - Baik,-
STIKES SATRIA BHAKTI NGANJUK,JAWA TIMUR,BAIK,7800000.0,JAWA TIMUR - Terjangkau (5-15 Jt) - Baik,-
STIKES DIAN HUSADA,JAWA TIMUR,BAIK,7800000.0,JAWA TIMUR - Terjangkau (5-15 Jt) - Baik,-
UNIVERSITAS NUSANTARA PGRI KEDIRI,JAWA TIMUR,BAIK SEKALI,7800000.0,JAWA TIMUR - Terjangkau (5-15 Jt) - Baik Sekali (B),https://campus.quipper.com/directory/universitas-nusantara-pgri-kediri
STKIP PGRI BANGKALAN,JAWA TIMUR,BAIK SEKALI,7800000.0,JAWA TIMUR - Terjangkau (5-15 Jt) - Baik Sekali (B),-
INSTITUT SAINS TEKNOLOGI DAN KESEHATAN INSAN CENDEKIA HUSADA BOJONEGORO,JAWA TIMUR,BAIK SEKALI,7800000.0,JAWA TIMUR - Terjangkau (5-15 Jt) - Baik Sekali (B),-
SEKOLAH TINGGI ILMU EKONOMI CENDEKIA BOJONEGORO,JAWA TIMUR,BAIK,7800000.0,JAWA TIMUR - Terjangkau (5-15 Jt) - Baik,-
SEKOLAH TINGGI ILMU EKONOMI NU TRATE,JAWA TIMUR,BAIK,7775000.0,JAWA TIMUR - Terjangkau (5-15 Jt) - Baik,-
SEKOLAH TINGGI ILMU EKONOMI ARTHA BODHI ISWARA,JAWA TIMUR,BAIK,7750000.0,JAWA TIMUR - Terjangkau (5-15 Jt) - Baik,-
INSTITUT TEKNOLOGI DAN BISNIS ASIA MALANG,JAWA TIMUR,BAIK,7600000.0,JAWA TIMUR - Terjangkau (5-15 Jt) - Baik,-
SEKOLAH TINGGI ILMU EKONOMI PEMNAS INDONESIA,JAWA TIMUR,BAIK,7500000.0,JAWA TIMUR - Terjangkau (5-15 Jt) - Baik,-
UNIVERSITAS ISLAM LAMONGAN,JAWA TIMUR,BAIK SEKALI,7500000.0,JAWA TIMUR - Terjangkau (5-15 Jt) - Baik Sekali (B),https://rencanamu.id/cari-kampus/universitas-islam-lamongan
SEKOLAH TINGGI ILMU ADMINISTRASI MALANG,JAWA TIMUR,BAIK,7500000.0,JAWA TIMUR - Terjangkau (5-15 Jt) - Baik,-
UNIVERSITAS ABDURACHMAN SALEH SITUBONDO,JAWA TIMUR,B,7500000.0,JAWA TIMUR - Terjangkau (5-15 Jt) - Baik Sekali (B),-
UNIVERSITAS ANNUQAYAH,JAWA TIMUR,BAIK,7450000.0,JAWA TIMUR - Terjangkau (5-15 Jt) - Baik,-
UNIVERSITAS KH. A. WAHAB HASBULLAH,JAWA TIMUR,BAIK SEKALI,7400000.0,JAWA TIMUR - Terjangkau (5-15 Jt) - Baik Sekali (B),-
STKIP PGRI SIDOARJO,JAWA TIMUR,B,7400000.0,JAWA TIMUR - Terjangkau (5-15 Jt) - Baik Sekali (B),-
UNIVERSITAS 17 AGUSTUS 1945 BANYUWANGI,JAWA TIMUR,BAIK SEKALI,7100000.0,JAWA TIMUR - Terjangkau (5-15 Jt) - Baik Sekali (B),-
SEKOLAH TINGGI ILMU HUKUM JENDERAL SUDIRMAN,JAWA TIMUR,BAIK SEKALI,7000000.0,JAWA TIMUR - Terjangkau (5-15 Jt) - Baik Sekali (B),-
UNIVERSITAS WASKITA DHARMA,JAWA TIMUR,BAIK,7000000.0,JAWA TIMUR - Terjangkau (5-15 Jt) - Baik,-
UNIVERSITAS BILLFATH,JAWA TIMUR,BAIK,7000000.0,JAWA TIMUR - Terjangkau (5-15 Jt) - Baik,-
UNIVERSITAS ABDURACHMAN SALEH,JAWA TIMUR,B,7000000.0,JAWA TIMUR - Terjangkau (5-15 Jt) - Baik Sekali (B),https://campus.quipper.com/directory/universitas-abdurachman-saleh
UNIVERSITAS PGRI MPU SINDOK,JAWA TIMUR,BAIK,7000000.0,JAWA TIMUR - Terjangkau (5-15 Jt) - Baik,-
UNIVERSITAS MUHAMMADIYAH MADIUN,JAWA TIMUR,BAIK SEKALI,6950000.0,JAWA TIMUR - Terjangkau (5-15 Jt) - Baik Sekali (B),-
UNIVERSITAS KAHURIPAN KEDIRI,JAWA TIMUR,BAIK,6950000.0,JAWA TIMUR - Terjangkau (5-15 Jt) - Baik,-
SEKOLAH TINGGI ILMU KESEHATAN GRIYA HUSADA SURABAYA,JAWA TIMUR,BAIK,6900000.0,JAWA TIMUR - Terjangkau (5-15 Jt) - Baik,-
INSTITUT TEKNOLOGI DAN BISNIS PGRI DEWANTARA JOMBANG,JAWA TIMUR,BAIK SEKALI,6800000.0,JAWA TIMUR - Terjangkau (5-15 Jt) - Baik Sekali (B),-
SEKOLAH TINGGI ILMU KESEHATAN MAHARANI,JAWA TIMUR,B,6750000.0,JAWA TIMUR - Terjangkau (5-15 Jt) - Baik Sekali (B),https://campus.quipper.com/directory/sekolah-tinggi-ilmu-kesehatan-maharani
SEKOLAH TINGGI ILMU KOMUNIKASI,JAWA TIMUR,BAIK,6750000.0,JAWA TIMUR - Terjangkau (5-15 Jt) - Baik,https://rencanamu.id/cari-kampus/sekolah-tinggi-ilmu-komunikasi-almamater-wartawan-surabaya
UNIVERSITAS MAYJEN SUNGKONO,JAWA TIMUR,BAIK SEKALI,6600000.0,JAWA TIMUR - Terjangkau (5-15 Jt) - Baik Sekali (B),-
SEKOLAH TINGGI ILMU KESEHATAN RS BAPTIS KEDIRI,JAWA TIMUR,B,6500000.0,JAWA TIMUR - Terjangkau (5-15 Jt) - Baik Sekali (B),https://campus.quipper.com/directory/sekolah-tinggi-ilmu-kesehatan-rs-baptis-kediri
UNIVERSITAS MERDEKA MADIUN,JAWA TIMUR,B,6500000.0,JAWA TIMUR - Terjangkau (5-15 Jt) - Baik Sekali (B),-
SEKOLAH TINGGI ILMU EKONOMI KOPERASI MALANG,JAWA TIMUR,BAIK,6400000.0,JAWA TIMUR - Terjangkau (5-15 Jt) - Baik,-
SEKOLAH TINGGI ILMU PERIKANAN MALANG,JAWA TIMUR,BAIK,6400000.0,JAWA TIMUR - Terjangkau (5-15 Jt) - Baik,-
SEKOLAH TINGGI ILMU ADMINISTRASI PEMBANGUNAN,JAWA TIMUR,BAIK SEKALI,6400000.0,JAWA TIMUR - Terjangkau (5-15 Jt) - Baik Sekali (B),-
UNIVERSITAS ISLAM KADIRI,JAWA TIMUR,B,6387500.0,JAWA TIMUR - Terjangkau (5-15 Jt) - Baik Sekali (B),https://rencanamu.id/cari-kampus/universitas-islam-kadiri
UNIVERSITAS PAWYATAN DAHA,JAWA TIMUR,BAIK,6275000.0,JAWA TIMUR - Terjangkau (5-15 Jt) - Baik,-
INSTITUT TEKNOLOGI DAN BISNIS YADIKA PASURUAN,JAWA TIMUR,BAIK,6265000.0,JAWA TIMUR - Terjangkau (5-15 Jt) - Baik,-
INSTITUT TEKNOLOGI DAN BISNIS WIDYA GAMA LUMAJANG,JAWA TIMUR,BAIK,6250000.0,JAWA TIMUR - Terjangkau (5-15 Jt) - Baik,-
STKIP PGRI SAMPANG,JAWA TIMUR,BAIK,6215000.0,JAWA TIMUR - Terjangkau (5-15 Jt) - Baik,-
UNIVERSITAS QOMARUDDIN,JAWA TIMUR,BAIK,6200000.0,JAWA TIMUR - Terjangkau (5-15 Jt) - Baik,-
UNIVERSITAS BHINNEKA PGRI,JAWA TIMUR,B,6175000.0,JAWA TIMUR - Terjangkau (5-15 Jt) - Baik Sekali (B),-
SEKOLAH TINGGI ILMU EKONOMI PEMUDA,JAWA TIMUR,BAIK,6000000.0,JAWA TIMUR - Terjangkau (5-15 Jt) - Baik,-
SEKOLAH TINGGI ILMU HUKUM SUNAN GIRI,JAWA TIMUR,BAIK,6000000.0,JAWA TIMUR - Terjangkau (5-15 Jt) - Baik,-
UNIVERSITAS TEKNOLOGI SURABAYA,JAWA TIMUR,BAIK,6000000.0,JAWA TIMUR - Terjangkau (5-15 Jt) - Baik,-
UNIVERSITAS NAHDLATUL ULAMA SIDOARJO,JAWA TIMUR,BAIK SEKALI,6000000.0,JAWA TIMUR - Terjangkau (5-15 Jt) - Baik Sekali (B),-
UNIVERSITAS W R SUPRATMAN,JAWA TIMUR,BAIK,6000000.0,JAWA TIMUR - Terjangkau (5-15 Jt) - Baik,-
UNIVERSITAS ISLAM RADEN RAHMAT,JAWA TIMUR,BAIK,6000000.0,JAWA TIMUR - Terjangkau (5-15 Jt) - Baik,-
UNIVERSITAS SOERJO,JAWA TIMUR,BAIK,6000000.0,JAWA TIMUR - Terjangkau (5-15 Jt) - Baik,-
INSTITUT PERTANIAN MALANG,JAWA TIMUR,BAIK,6000000.0,JAWA TIMUR - Terjangkau (5-15 Jt) - Baik,-
SEKOLAH TINGGI TEKNOLOGI STIKMA INTERNASIONAL,JAWA TIMUR,BAIK,5900000.0,JAWA TIMUR - Terjangkau (5-15 Jt) - Baik,-
SEKOLAH TINGGI ILMU EKONOMI WIDYA GAMA,JAWA TIMUR,BAIK,5800000.0,JAWA TIMUR - Terjangkau (5-15 Jt) - Baik,https://campus.quipper.com/directory/sekolah-tinggi-ilmu-ekonomi-widya-gama
SEKOLAH TINGGI ILMU EKONOMI IBMT,JAWA TIMUR,BAIK,5750000.0,JAWA TIMUR - Terjangkau (5-15 Jt) - Baik,-
IKIP WIDYA DARMA,JAWA TIMUR,BAIK,5750000.0,JAWA TIMUR - Terjangkau (5-15 Jt) - Baik,-
STMIK PPKIA PRADNYA PARAMITA,JAWA TIMUR,B,5750000.0,JAWA TIMUR - Terjangkau (5-15 Jt) - Baik Sekali (B),-
UNIVERSITAS ISLAM JEMBER,JAWA TIMUR,BAIK,5700000.0,JAWA TIMUR - Terjangkau (5-15 Jt) - Baik,https://campus.quipper.com/directory/universitas-islam-jember
UNIVERSITAS BAKTI INDONESIA,JAWA TIMUR,BAIK,5600000.0,JAWA TIMUR - Terjangkau (5-15 Jt) - Baik,-
STKIP PGRI LUMAJANG,JAWA TIMUR,B,5600000.0,JAWA TIMUR - Terjangkau (5-15 Jt) - Baik Sekali (B),-
UNIVERSITAS PANCA MARGA,JAWA TIMUR,BAIK,5550000.0,JAWA TIMUR - Terjangkau (5-15 Jt) - Baik,https://rencanamu.id/cari-kampus/universitas-panca-marga
UNIVERSITAS PGRI BANYUWANGI,JAWA TIMUR,BAIK,5400000.0,JAWA TIMUR - Terjangkau (5-15 Jt) - Baik,-
SEKOLAH TINGGI ILMU EKONOMI KESUMANEGARA,JAWA TIMUR,BAIK,5250000.0,JAWA TIMUR - Terjangkau (5-15 Jt) - Baik,-
UNIVERSITAS DR. SOETOMO,JAWA TIMUR,B,5100000.0,JAWA TIMUR - Terjangkau (5-15 Jt) - Baik Sekali (B),https://rencanamu.id/cari-kampus/universitas-dr-soetomo
SEKOLAH TINGGI ILMU EKONOMI JAYA NEGARA TAMANSISWA,JAWA TIMUR,BAIK,5050000.0,JAWA TIMUR - Terjangkau (5-15 Jt) - Baik,-
SEKOLAH TINGGI ILMU EKONOMI AL-ANWAR,JAWA TIMUR,BAIK,5000000.0,JAWA TIMUR - Terjangkau (5-15 Jt) - Baik,-
INSTITUT TEKNOLOGI DAN BISNIS TUBAN,JAWA TIMUR,BAIK,5000000.0,JAWA TIMUR - Terjangkau (5-15 Jt) - Baik,-
SEKOLAH TINGGI ILMU EKONOMI KERTANEGARA,JAWA TIMUR,BAIK,4800000.0,JAWA TIMUR - Terjangkau (5-15 Jt) - Baik,-
SEKOLAH TINGGI ILMU EKONOMI DHARMA NASIONAL JEMBER,JAWA TIMUR,BAIK,4800000.0,JAWA TIMUR - Terjangkau (5-15 Jt) - Baik,-
SEKOLAH TINGGI ILMU ADMINISTRASI BAYUANGGA,JAWA TIMUR,BAIK,4800000.0,JAWA TIMUR - Terjangkau (5-15 Jt) - Baik,-
SEKOLAH TINGGI ILMU HUKUM ZAINUL HASAN,JAWA TIMUR,BAIK,4800000.0,JAWA TIMUR - Terjangkau (5-15 Jt) - Baik,-
SEKOLAH TINGGI TEKNOLOGI POMOSDA,JAWA TIMUR,BAIK,4800000.0,JAWA TIMUR - Terjangkau (5-15 Jt) - Baik,-
SEKOLAH TINGGI ILMU EKONOMI INDOCAKTI,JAWA TIMUR,BAIK,4650000.0,JAWA TIMUR - Terjangkau (5-15 Jt) - Baik,-
UNIVERSITAS BONDOWOSO,JAWA TIMUR,BAIK,4500000.0,JAWA TIMUR - Terjangkau (5-15 Jt) - Baik,-
UNIVERSITAS DARUL  ULUM,JAWA TIMUR,B,4250000.0,JAWA TIMUR - Terjangkau (5-15 Jt) - Baik Sekali (B),-
UNIVERSITAS TULUNGAGUNG,JAWA TIMUR,B,4100000.0,JAWA TIMUR - Terjangkau (5-15 Jt) - Baik Sekali (B),-
SEKOLAH TINGGI KESENIAN WILWATIKTA,JAWA TIMUR,BAIK SEKALI,3950000.0,JAWA TIMUR - Terjangkau (5-15 Jt) - Baik Sekali (B),-
UNIVERSITAS LUMAJANG,JAWA TIMUR,BAIK,3900000.0,JAWA TIMUR - Terjangkau (5-15 Jt) - Baik,-
UNIVERSITAS NAHDLATUL ULAMA BLITAR,JAWA TIMUR,BAIK SEKALI,3750000.0,JAWA TIMUR - Terjangkau (5-15 Jt) - Baik Sekali (B),-
SEKOLAH TINGGI TEKNOLOGI CAHAYA SURYA,JAWA TIMUR,BAIK,3300000.0,JAWA TIMUR - Terjangkau (5-15 Jt) - Baik,-
STKIP MODERN NGAWI,JAWA TIMUR,BAIK,3150000.0,JAWA TIMUR - Terjangkau (5-15 Jt) - Baik,-
STKIP MUHAMMADIYAH LUMAJANG,JAWA TIMUR,BAIK,3000000.0,JAWA TIMUR - Terjangkau (5-15 Jt) - Baik,-
STKIP PGRI SITUBONDO,JAWA TIMUR,BAIK,2750000.0,JAWA TIMUR - Terjangkau (5-15 Jt) - Baik,-
INSTITUT TEKNOLOGI MOJOSARI,JAWA TIMUR,BAIK,2640000.0,JAWA TIMUR - Terjangkau (5-15 Jt) - Baik,-
STIE BAKTI BANGSA,JAWA TIMUR,BAIK,2600000.0,JAWA TIMUR - Terjangkau (5-15 Jt) - Baik,-
SEKOLAH TINGGI ILMU EKONOMI IEU,JAWA TIMUR,BAIK,2400000.0,JAWA TIMUR - Terjangkau (5-15 Jt) - Baik,-
STKIP BINA INSAN MANDIRI,JAWA TIMUR,B,1200000.0,JAWA TIMUR - Terjangkau (5-15 Jt) - Baik Sekali (B),https://campus.quipper.com/directory/stkip-bina-insan-mandiri
SEKOLAH TINGGI ILMU EKONOMI DARUL FALAH,JAWA TIMUR,BAIK,900000.0,JAWA TIMUR - Terjangkau (5-15 Jt) - Baik,-
IKIP PGRI PONTIANAK,KALIMANTAN,B,7400000.0,KALIMANTAN - General (Terjangkau),https://campus.quipper.com/directory/ikip-pgri-pontianak
UNIVERSITAS NAHDLATUL ULAMA KALIMANTAN BARAT,KALIMANTAN BARAT,BAIK SEKALI,25500000.0,KALIMANTAN BARAT - Menengah (15-40 Jt) - Baik Sekali (B),-
INSTITUT TEKNOLOGI DAN KESEHATAN MUHAMMADIYAH KALIMANTAN BARAT,KALIMANTAN BARAT,B,21249000.0,KALIMANTAN BARAT - Menengah (15-40 Jt) - Baik Sekali (B),-
STIKES KAPUAS RAYA,KALIMANTAN BARAT,BAIK,21170000.0,KALIMANTAN BARAT - Menengah (15-40 Jt) - Baik,-
UNIVERSITAS KATOLIK SANTO AGUSTINUS HIPPO,KALIMANTAN BARAT,BAIK,20420000.0,KALIMANTAN BARAT - Menengah (15-40 Jt) - Baik,-
STIKES YARSI PONTIANAK,KALIMANTAN BARAT,BAIK,17250000.0,KALIMANTAN BARAT - Menengah (15-40 Jt) - Baik,-
SEKOLAH TINGGI ILMU KESEHATAN SAMBAS,KALIMANTAN BARAT,BAIK,14400000.0,KALIMANTAN BARAT - Menengah (15-40 Jt) - Baik,-
INSTITUT SHANTI BHUANA,KALIMANTAN BARAT,BAIK SEKALI,13625000.0,KALIMANTAN BARAT - Terjangkau (5-15 Jt) - Baik Sekali (B),-
UNIVERSITAS WIDYA DHARMA PONTIANAK,KALIMANTAN BARAT,BAIK,10400000.0,KALIMANTAN BARAT - Terjangkau (5-15 Jt) - Baik,-
UNIVERSITAS PANCA BHAKTI,KALIMANTAN BARAT,TERAKREDITASI,9590000.0,KALIMANTAN BARAT - Terjangkau (5-15 Jt) - Baik,https://rencanamu.id/cari-kampus/universitas-panca-bhakti
SEKOLAH TINGGI BAHASA HARAPAN BERSAMA,KALIMANTAN BARAT,BAIK SEKALI,9000000.0,KALIMANTAN BARAT - Terjangkau (5-15 Jt) - Baik Sekali (B),-
SEKOLAH TINGGI ILMU KESEHATAN PANCA BHAKTI PONTIANAK,KALIMANTAN BARAT,TERAKREDITASI,8900000.0,KALIMANTAN BARAT - Terjangkau (5-15 Jt) - Baik,-
UNIVERSITAS MUHAMMADIYAH PONTIANAK,KALIMANTAN BARAT,B,8000000.0,KALIMANTAN BARAT - Terjangkau (5-15 Jt) - Baik Sekali (B),https://campus.quipper.com/directory/universitas-muhammadiyah-pontianak
STMIK PONTIANAK,KALIMANTAN BARAT,BAIK,8000000.0,KALIMANTAN BARAT - Terjangkau (5-15 Jt) - Baik,-
SEKOLAH TINGGI ILMU EKONOMI INDONESIA PONTIANAK,KALIMANTAN BARAT,BAIK,8000000.0,KALIMANTAN BARAT - Terjangkau (5-15 Jt) - Baik,-
SEKOLAH TINGGI ILMU HUKUM SOELTHAN M TSJAFIOEDDIN,KALIMANTAN BARAT,BAIK,7500000.0,KALIMANTAN BARAT - Terjangkau (5-15 Jt) - Baik,-
INSTITUT SAINS DAN BISNIS INTERNASIONAL SINGKAWANG,KALIMANTAN BARAT,BAIK SEKALI,7190000.0,KALIMANTAN BARAT - Terjangkau (5-15 Jt) - Baik Sekali (B),-
SEKOLAH TINGGI KEGURUAN DAN ILMU PENDIDIKAN MELAWI,KALIMANTAN BARAT,BAIK,6600000.0,KALIMANTAN BARAT - Terjangkau (5-15 Jt) - Baik,-
UNIVERSITAS PGRI PONTIANAK,KALIMANTAN BARAT,B,6560000.0,KALIMANTAN BARAT - Terjangkau (5-15 Jt) - Baik Sekali (B),-
UNIVERSITAS OSO,KALIMANTAN BARAT,BAIK,6400000.0,KALIMANTAN BARAT - Terjangkau (5-15 Jt) - Baik,-
INSTITUT BISNIS DAN EKONOMI INDONESIA,KALIMANTAN BARAT,BAIK,6143000.0,KALIMANTAN BARAT - Terjangkau (5-15 Jt) - Baik,-
SEKOLAH TINGGI ILMU EKONOMI BOEDI OETOMO,KALIMANTAN BARAT,BAIK,6087000.0,KALIMANTAN BARAT - Terjangkau (5-15 Jt) - Baik,-
INSTITUT TEKNOLOGI KELING KUMANG,KALIMANTAN BARAT,BAIK,5900000.0,KALIMANTAN BARAT - Terjangkau (5-15 Jt) - Baik,-
INSTITUT TEKNOLOGI DAN BISNIS SABDA SETIA,KALIMANTAN BARAT,BAIK,5750000.0,KALIMANTAN BARAT - Terjangkau (5-15 Jt) - Baik,-
SEKOLAH TINGGI BAHASA ASING PONTIANAK,KALIMANTAN BARAT,BAIK,4800000.0,KALIMANTAN BARAT - Terjangkau (5-15 Jt) - Baik,-
SEKOLAH TINGGI ILMU EKONOMI MULIA SINGKAWANG,KALIMANTAN BARAT,BAIK,4250006.0,KALIMANTAN BARAT - Terjangkau (5-15 Jt) - Baik,-
SEKOLAH TINGGI KEGURUAN DAN ILMU PENDIDIKAN TANJUNGPURA,KALIMANTAN BARAT,BAIK,3500000.0,KALIMANTAN BARAT - Terjangkau (5-15 Jt) - Baik,-
AMIK PANCA BHAKTI,KALIMANTAN BARAT,TIDAK TERAKREDITASI,2800000.0,KALIMANTAN BARAT - Terjangkau (5-15 Jt) - Baik,-
SEKOLAH TINGGI ILMU KESEHATAN BORNEO NUSANTARA,KALIMANTAN SELATAN,BAIK,50500000.0,KALIMANTAN SELATAN - Mahal (40-100 Jt) - Baik,-
UNIVERSITAS SARI MULIA,KALIMANTAN SELATAN,BAIK,41850000.0,KALIMANTAN SELATAN - Mahal (40-100 Jt) - Baik,-
UNIVERSITAS MUHAMMADIYAH BANJARMASIN,KALIMANTAN SELATAN,BAIK SEKALI,30355000.0,KALIMANTAN SELATAN - Menengah (15-40 Jt) - Baik Sekali (B),-
UNIVERSITAS BORNEO LESTARI,KALIMANTAN SELATAN,BAIK,25100000.0,KALIMANTAN SELATAN - Terjangkau (5-15 Jt) - Baik,-
STIKES HUSADA BORNEO,KALIMANTAN SELATAN,BAIK,16200000.0,KALIMANTAN SELATAN - Terjangkau (5-15 Jt) - Baik,-
STIKES SUAKA INSAN,KALIMANTAN SELATAN,BAIK,15500000.0,KALIMANTAN SELATAN - Terjangkau (5-15 Jt) - Baik,-
STIKES DARUL AZHAR BATULICIN,KALIMANTAN SELATAN,BAIK,14000000.0,KALIMANTAN SELATAN - Terjangkau (5-15 Jt) - Baik,-
SEKOLAH TINGGI ILMU KESEHATAN ISFI BANJARMASIN,KALIMANTAN SELATAN,BAIK,13850000.0,KALIMANTAN SELATAN - Terjangkau (5-15 Jt) - Baik,-
SEKOLAH TINGGI ILMU KESEHATAN ABDI PERSADA BANJARMASIN,KALIMANTAN SELATAN,BAIK,12900000.0,KALIMANTAN SELATAN - Terjangkau (5-15 Jt) - Baik,-
SEKOLAH TINGGI ILMU EKONOMI PANCASETIA,KALIMANTAN SELATAN,BAIK SEKALI,11457143.0,KALIMANTAN SELATAN - Terjangkau (5-15 Jt) - Baik Sekali (B),-
UNIVERSITAS ISLAM KALIMANTAN MUHAMMAD ARSYAD AL BANJARI BANJARMASIN,KALIMANTAN SELATAN,BAIK SEKALI,8095000.0,KALIMANTAN SELATAN - Terjangkau (5-15 Jt) - Baik Sekali (B),-
STIMI BANJARMASIN,KALIMANTAN SELATAN,BAIK SEKALI,8000000.0,KALIMANTAN SELATAN - Terjangkau (5-15 Jt) - Baik Sekali (B),-
STMIK BANJARBARU,KALIMANTAN SELATAN,BAIK,7875000.0,KALIMANTAN SELATAN - Terjangkau (5-15 Jt) - Baik,-
UNIVERSITAS NAHDLATUL ULAMA KALIMANTAN SELATAN,KALIMANTAN SELATAN,BAIK,7750000.0,KALIMANTAN SELATAN - Terjangkau (5-15 Jt) - Baik,-
SEKOLAH TINGGI ILMU ADMINISTRASI TABALONG,KALIMANTAN SELATAN,BAIK,6962500.0,KALIMANTAN SELATAN - Terjangkau (5-15 Jt) - Baik,-
SEKOLAH TINGGI ILMU KESEHATAN INTAN MARTAPURA,KALIMANTAN SELATAN,BAIK,6400000.0,KALIMANTAN SELATAN - Terjangkau (5-15 Jt) - Baik,-
UNIVERSITAS CAHAYA BANGSA,KALIMANTAN SELATAN,BAIK,6400000.0,KALIMANTAN SELATAN - Terjangkau (5-15 Jt) - Baik,-
STKIP PARIS BARANTAI,KALIMANTAN SELATAN,BAIK,6400000.0,KALIMANTAN SELATAN - Terjangkau (5-15 Jt) - Baik,-
SEKOLAH TINGGI ILMU EKONOMI NASIONAL BANJARMASIN,KALIMANTAN SELATAN,BAIK,5980000.0,KALIMANTAN SELATAN - Terjangkau (5-15 Jt) - Baik,-
SEKOLAH TINGGI ILMU ADMINISTRASI AMUNTAI,KALIMANTAN SELATAN,BAIK SEKALI,5730000.0,KALIMANTAN SELATAN - Terjangkau (5-15 Jt) - Baik Sekali (B),-
UNIVERSITAS SAPTA MANDIRI,KALIMANTAN SELATAN,BAIK,5400000.0,KALIMANTAN SELATAN - Terjangkau (5-15 Jt) - Baik,-
UNIVERSITAS PGRI KALIMANTAN,KALIMANTAN SELATAN,B,5275000.0,KALIMANTAN SELATAN - Terjangkau (5-15 Jt) - Baik Sekali (B),-
STKIP ISLAM SABILAL MUHTADIN BANJARMASIN,KALIMANTAN SELATAN,BAIK,5000000.0,KALIMANTAN SELATAN - Terjangkau (5-15 Jt) - Baik,-
STMIK INDONESIA BANJARMASIN,KALIMANTAN SELATAN,BAIK,4668000.0,KALIMANTAN SELATAN - Terjangkau (5-15 Jt) - Baik,-
UNIVERSITAS ACHMAD YANI BANJARMASIN,KALIMANTAN SELATAN,B,4400000.0,KALIMANTAN SELATAN - Terjangkau (5-15 Jt) - Baik Sekali (B),-
SEKOLAH TINGGI ILMU PERTANIAN AMUNTAI,KALIMANTAN SELATAN,BAIK,3650000.0,KALIMANTAN SELATAN - Terjangkau (5-15 Jt) - Baik,-
UNIVERSITAS PGRI PALANGKA RAYA,KALIMANTAN TENGAH,BAIK,287400000.0,KALIMANTAN TENGAH - Sultan (> 100 Jt) - Baik,-
UNIVERSITAS MUHAMMADIYAH PALANGKA RAYA,KALIMANTAN TENGAH,BAIK SEKALI,20743000.0,KALIMANTAN TENGAH - Terjangkau (5-15 Jt) - Baik Sekali (B),-
STIKES EKA HARAP,KALIMANTAN TENGAH,BAIK,19286000.0,KALIMANTAN TENGAH - Terjangkau (5-15 Jt) - Baik,-
STIKES BORNEO CENDEKIA MEDIKA,KALIMANTAN TENGAH,BAIK SEKALI,16000000.0,KALIMANTAN TENGAH - Terjangkau (5-15 Jt) - Baik Sekali (B),-
UNIVERSITAS DARWAN ALI,KALIMANTAN TENGAH,BAIK,14895000.0,KALIMANTAN TENGAH - Terjangkau (5-15 Jt) - Baik,-
SEKOLAH TINGGI ILMU EKONOMI DAHANI DAHANAI BUNTOK,KALIMANTAN TENGAH,BAIK,13750000.0,KALIMANTAN TENGAH - Terjangkau (5-15 Jt) - Baik,-
UNIVERSITAS KRISTEN PALANGKA RAYA,KALIMANTAN TENGAH,BAIK,13350001.0,KALIMANTAN TENGAH - Terjangkau (5-15 Jt) - Baik,-
SEKOLAH TINGGI ILMU EKONOMI SAMPIT,KALIMANTAN TENGAH,BAIK,11325000.0,KALIMANTAN TENGAH - Terjangkau (5-15 Jt) - Baik,-
SEKOLAH TINGGI ILMU EKONOMI MUARA TEWEH,KALIMANTAN TENGAH,BAIK,7000000.0,KALIMANTAN TENGAH - Terjangkau (5-15 Jt) - Baik,-
SEKOLAH TINGGI ILMU HUKUM HABARING HURUNG SAMPIT,KALIMANTAN TENGAH,BAIK SEKALI,6750000.0,KALIMANTAN TENGAH - Terjangkau (5-15 Jt) - Baik Sekali (B),-
UNIVERSITAS MUHAMMADIYAH SAMPIT,KALIMANTAN TENGAH,BAIK SEKALI,6500000.0,KALIMANTAN TENGAH - Terjangkau (5-15 Jt) - Baik Sekali (B),-
STMIK PALANGKA RAYA,KALIMANTAN TENGAH,BAIK,6400000.0,KALIMANTAN TENGAH - Terjangkau (5-15 Jt) - Baik,-
SEKOLAH TINGGI ILMU HUKUM TAMBUN BUNGAI,KALIMANTAN TENGAH,BAIK,6300000.0,KALIMANTAN TENGAH - Terjangkau (5-15 Jt) - Baik,-
SEKOLAH TINGGI ILMU EKONOMI PALANGKA RAYA,KALIMANTAN TENGAH,BAIK,5750000.0,KALIMANTAN TENGAH - Terjangkau (5-15 Jt) - Baik,-
INSTITUT TEKNOLOGI DAN SAINS NAHDLATUL ULAMA KALIMANTAN,KALIMANTAN TENGAH,BAIK,5000000.0,KALIMANTAN TENGAH - Terjangkau (5-15 Jt) - Baik,-
UNIVERSITAS ANTAKUSUMA,KALIMANTAN TENGAH,BAIK,4000000.0,KALIMANTAN TENGAH - Terjangkau (5-15 Jt) - Baik,-
STIE YBPK PALANGKA RAYA,KALIMANTAN TENGAH,BAIK,4000000.0,KALIMANTAN TENGAH - Terjangkau (5-15 Jt) - Baik,-
SEKOLAH TINGGI ILMU EKONOMI KUALA KAPUAS,KALIMANTAN TENGAH,TIDAK TERAKREDITASI,3900000.0,KALIMANTAN TENGAH - Sangat Hemat (< 5 Jt) - Baik,-
SEKOLAH TINGGI ILMU KESEHATAN SAMARINDA,KALIMANTAN TIMUR,BAIK,14000000.0,KALIMANTAN TIMUR - Terjangkau (5-15 Jt) - Baik,-
SEKOLAH TINGGI ILMU KESEHATAN MUTIARA MAHAKAM SAMARINDA,KALIMANTAN TIMUR,BAIK,13500000.0,KALIMANTAN TIMUR - Terjangkau (5-15 Jt) - Baik,-
STIKES DIRGAHAYU SAMARINDA,KALIMANTAN TIMUR,BAIK SEKALI,13000000.0,KALIMANTAN TIMUR - Terjangkau (5-15 Jt) - Baik Sekali (B),-
UNIVERSITAS 17 AGUSTUS 1945 SAMARINDA,KALIMANTAN TIMUR,BAIK SEKALI,12501870.0,KALIMANTAN TIMUR - Terjangkau (5-15 Jt) - Baik Sekali (B),https://rencanamu.id/cari-kampus/universitas-17-agustus-1945-samarinda
UNIVERSITAS MUHAMMADIYAH KALIMANTAN TIMUR,KALIMANTAN TIMUR,BAIK SEKALI,11985000.0,KALIMANTAN TIMUR - Terjangkau (5-15 Jt) - Baik Sekali (B),https://campus.quipper.com/directory/universitas-muhammadiyah-kalimantan-timur
UNIVERSITAS BALIKPAPAN,KALIMANTAN TIMUR,B,9900000.0,KALIMANTAN TIMUR - Terjangkau (5-15 Jt) - Baik Sekali (B),https://rencanamu.id/cari-kampus/universitas-balikpapan
SEKOLAH TINGGI PERTANIAN KUTAI TIMUR,KALIMANTAN TIMUR,BAIK,9416250.0,KALIMANTAN TIMUR - Terjangkau (5-15 Jt) - Baik,-
STMIK SAMARINDA,KALIMANTAN TIMUR,BAIK,9100000.0,KALIMANTAN TIMUR - Terjangkau (5-15 Jt) - Baik,-
SEKOLAH TINGGI ILMU EKONOMI BALIKPAPAN,KALIMANTAN TIMUR,BAIK SEKALI,8925000.0,KALIMANTAN TIMUR - Terjangkau (5-15 Jt) - Baik Sekali (B),-
SEKOLAH TINGGI TEKNOLOGI BONTANG,KALIMANTAN TIMUR,BAIK,8850000.0,KALIMANTAN TIMUR - Terjangkau (5-15 Jt) - Baik,-
UNIVERSITAS NAHDLATUL ULAMA KALIMANTAN TIMUR,KALIMANTAN TIMUR,BAIK,8480000.0,KALIMANTAN TIMUR - Terjangkau (5-15 Jt) - Baik,-
UNIVERSITAS KUTAI KARTANEGARA TENGGARONG,KALIMANTAN TIMUR,BAIK SEKALI,8355000.0,KALIMANTAN TIMUR - Terjangkau (5-15 Jt) - Baik Sekali (B),-
SEKOLAH TINGGI TEKNOLOGI MIGAS,KALIMANTAN TIMUR,B,7550000.0,KALIMANTAN TIMUR - Terjangkau (5-15 Jt) - Baik Sekali (B),-
INSTITUT TEKNOLOGI KESEHATAN DAN SAINS WIYATA HUSADA SAMARINDA,KALIMANTAN TIMUR,BAIK SEKALI,7000000.0,KALIMANTAN TIMUR - Terjangkau (5-15 Jt) - Baik Sekali (B),-
UNIVERSITAS WIDYA GAMA MAHAKAM SAMARINDA,KALIMANTAN TIMUR,BAIK SEKALI,6950000.0,KALIMANTAN TIMUR - Terjangkau (5-15 Jt) - Baik Sekali (B),-
STMIK WIDYA CIPTA DHARMA,KALIMANTAN TIMUR,B,6500000.0,KALIMANTAN TIMUR - Terjangkau (5-15 Jt) - Baik Sekali (B),-
STMIK BORNEO INTERNASIONAL,KALIMANTAN TIMUR,BAIK,6400000.0,KALIMANTAN TIMUR - Terjangkau (5-15 Jt) - Baik,-
SEKOLAH TINGGI ILMU EKONOMI NUSANTARA SANGATTA,KALIMANTAN TIMUR,BAIK,6400000.0,KALIMANTAN TIMUR - Terjangkau (5-15 Jt) - Baik,-
SEKOLAH TINGGI ILMU PERTANIAN BERAU,KALIMANTAN TIMUR,BAIK,6267000.0,KALIMANTAN TIMUR - Terjangkau (5-15 Jt) - Baik,-
SEKOLAH TINGGI ILMU HUKUM AWANG LONG,KALIMANTAN TIMUR,BAIK SEKALI,6000000.0,KALIMANTAN TIMUR - Terjangkau (5-15 Jt) - Baik Sekali (B),-
UNIVERSITAS MULIA,KALIMANTAN TIMUR,BAIK,5900000.0,KALIMANTAN TIMUR - Terjangkau (5-15 Jt) - Baik,-
STIE MADANI BALIKPAPAN,KALIMANTAN TIMUR,BAIK,5800000.0,KALIMANTAN TIMUR - Terjangkau (5-15 Jt) - Baik,-
UNIVERSITAS MUHAMMADIYAH BERAU,KALIMANTAN TIMUR,BAIK SEKALI,5000000.0,KALIMANTAN TIMUR - Terjangkau (5-15 Jt) - Baik Sekali (B),-
SEKOLAH TINGGI ILMU EKONOMI SAMARINDA,KALIMANTAN TIMUR,BAIK,4950000.0,KALIMANTAN TIMUR - Terjangkau (5-15 Jt) - Baik,-
STIMI SAMARINDA,KALIMANTAN TIMUR,BAIK,4500000.0,KALIMANTAN TIMUR - Terjangkau (5-15 Jt) - Baik,-
SEKOLAH TINGGI ILMU EKONOMI NASIONAL SAMARINDA,KALIMANTAN TIMUR,BAIK,4500000.0,KALIMANTAN TIMUR - Terjangkau (5-15 Jt) - Baik,-
IKIP PGRI KALTIM,KALIMANTAN TIMUR,B,3275000.0,KALIMANTAN TIMUR - Terjangkau (5-15 Jt) - Baik Sekali (B),-
SEKOLAH TINGGI TEKNOLOGI INDUSTRI BONTANG,KALIMANTAN TIMUR,BAIK,2400132.0,KALIMANTAN TIMUR - Terjangkau (5-15 Jt) - Baik,-
UNIVERSITAS KALTARA,KALIMANTAN UTARA,BAIK SEKALI,8400000.0,KALIMANTAN UTARA - General (Terjangkau),-
SEKOLAH TINGGI ILMU EKONOMI BULUNGAN TARAKAN,KALIMANTAN UTARA,BAIK,8000000.0,KALIMANTAN UTARA - General (Terjangkau),-
UNIVERSITAS MUHAMMADIYAH METRO,LAMPUNG,BAIK SEKALI,48115001.0,LAMPUNG - Mahal (40-100 Jt) - Baik Sekali (B),https://campus.quipper.com/directory/universitas-muhammadiyah-metro
UNIVERSITAS MALAHAYATI,LAMPUNG,B,27000000.0,LAMPUNG - Menengah (15-40 Jt) - Baik Sekali (B),https://campus.quipper.com/directory/universitas-malahayati
UNIVERSITAS AISYAH PRINGSEWU,LAMPUNG,BAIK SEKALI,26550000.0,LAMPUNG - Menengah (15-40 Jt) - Baik Sekali (B),-
UNIVERSITAS MUHAMMADIYAH PRINGSEWU LAMPUNG,LAMPUNG,BAIK SEKALI,16485000.0,LAMPUNG - Terjangkau (5-15 Jt) - Baik Sekali (B),-
UNIVERSITAS MUHAMMADIYAH KOTABUMI,LAMPUNG,B,11950000.0,LAMPUNG - Terjangkau (5-15 Jt) - Baik Sekali (B),-
SEKOLAH TINGGI ILMU KESEHATAN BAITUL HIKMAH,LAMPUNG,BAIK,11550000.0,LAMPUNG - Terjangkau (5-15 Jt) - Baik,-
SEKOLAH TINGGI ILMU KESEHATAN PATRIOT BANGSA LAMPUNG,LAMPUNG,BAIK,11000000.0,LAMPUNG - Terjangkau (5-15 Jt) - Baik,-
INSTITUT INFORMATIKA DAN BISNIS DARMAJAYA,LAMPUNG,BAIK SEKALI,10252000.0,LAMPUNG - Terjangkau (5-15 Jt) - Baik Sekali (B),https://rencanamu.id/cari-kampus/institut-informatika-dan-bisnis-darmajaya
UNIVERSITAS SANG BUMI RUWA JURAI,LAMPUNG,BAIK SEKALI,9500000.0,LAMPUNG - Terjangkau (5-15 Jt) - Baik Sekali (B),-
UNIVERSITAS MUHAMMADIYAH LAMPUNG,LAMPUNG,B,9450000.0,LAMPUNG - Terjangkau (5-15 Jt) - Baik Sekali (B),-
SEKOLAH TINGGI ILMU EKONOMI GENTIARAS,LAMPUNG,BAIK SEKALI,9450000.0,LAMPUNG - Terjangkau (5-15 Jt) - Baik Sekali (B),-
UNIVERSITAS MITRA INDONESIA,LAMPUNG,BAIK SEKALI,9180000.0,LAMPUNG - Terjangkau (5-15 Jt) - Baik Sekali (B),-
SEKOLAH TINGGI ILMU KESEHATAN PANCA BHAKTI,LAMPUNG,BAIK,9000000.0,LAMPUNG - Terjangkau (5-15 Jt) - Baik,-
INSTITUT TEKNOLOGI BISNIS DAN BAHASA DIAN CIPTA CENDIKIA,LAMPUNG,BAIK,8400000.0,LAMPUNG - Terjangkau (5-15 Jt) - Baik,-
SEKOLAH TINGGI KEGURUAN DAN ILMU PENDIDIKAN ROSALIA LAMPUNG,LAMPUNG,BAIK,8000000.0,LAMPUNG - Terjangkau (5-15 Jt) - Baik,-
UNIVERSITAS DHARMA WACANA,LAMPUNG,B,7500000.0,LAMPUNG - Terjangkau (5-15 Jt) - Baik Sekali (B),-
SEKOLAH TINGGI ILMU KESEHATAN AN NUR HUSADA LAMPUNG UTARA,LAMPUNG,BAIK,6900000.0,LAMPUNG - Terjangkau (5-15 Jt) - Baik,-
SEKOLAH TINGGI ILMU EKONOMI RAGAM TUNAS,LAMPUNG,BAIK,6750000.0,LAMPUNG - Terjangkau (5-15 Jt) - Baik,-
INSTITUT TEKNOLOGI DAN BISNIS DINIYYAH LAMPUNG,LAMPUNG,BAIK,6707500.0,LAMPUNG - Terjangkau (5-15 Jt) - Baik,-
UNIVERSITAS NAHDLATUL ULAMA LAMPUNG,LAMPUNG,BAIK,6600000.0,LAMPUNG - Terjangkau (5-15 Jt) - Baik,-
INSTITUT BAKTI NUSANTARA,LAMPUNG,BAIK,6520000.0,LAMPUNG - Terjangkau (5-15 Jt) - Baik,-
UNIVERSITAS SATU NUSA LAMPUNG,LAMPUNG,BAIK,6400000.0,LAMPUNG - Terjangkau (5-15 Jt) - Baik,-
SEKOLAH TINGGI MANAJEMEN INFORMATIKA DAN KOMPUTER KALIREJO LAMPUNG,LAMPUNG,BAIK,6000000.0,LAMPUNG - Terjangkau (5-15 Jt) - Baik,-
UNIVERSITAS BANDAR LAMPUNG,LAMPUNG,B,5800000.0,LAMPUNG - Terjangkau (5-15 Jt) - Baik Sekali (B),https://campus.quipper.com/directory/universitas-bandar-lampung
INSTITUT TEKNOLOGI DAN BISNIS NUSANTARA,LAMPUNG,BAIK,5000000.0,LAMPUNG - Terjangkau (5-15 Jt) - Baik,-
SEKOLAH TINGGI KEGURUAN DAN ILMU PENDIDIKAN KUMALA LAMPUNG METRO,LAMPUNG,BAIK,5000000.0,LAMPUNG - Terjangkau (5-15 Jt) - Baik,-
STMIK SURYA INTAN,LAMPUNG,BAIK,4800000.0,LAMPUNG - Terjangkau (5-15 Jt) - Baik,-
SEKOLAH TINGGI ILMU EKONOMI AL-MADANI,LAMPUNG,BAIK,4800000.0,LAMPUNG - Terjangkau (5-15 Jt) - Baik,-
INSTITUT TEKNOLOGI DAN SAINS NAHDLATUL ULAMA LAMPUNG,LAMPUNG,BAIK,4800000.0,LAMPUNG - Terjangkau (5-15 Jt) - Baik,-
UNIVERSITAS INDONESIA MANDIRI,LAMPUNG,BAIK,4800000.0,LAMPUNG - Terjangkau (5-15 Jt) - Baik,-
SEKOLAH TINGGI ILMU EKONOMI KRAKATAU,LAMPUNG,BAIK,4350000.0,LAMPUNG - Terjangkau (5-15 Jt) - Baik,-
STIKES PASAPUA AMBON,MALUKU,BAIK,70700004.0,MALUKU - Mahal (40-100 Jt) - Baik,-
SEKOLAH TINGGI ILMU KESEHATAN RS PROF. DR. J.A. LATUMETEN,MALUKU,BAIK,16000000.0,MALUKU - Menengah (15-40 Jt) - Baik,-
STIKES MALUKU HUSADA,MALUKU,B,9725000.0,MALUKU - Terjangkau (5-15 Jt) - Baik Sekali (B),-
UNIVERSITAS DOKTOR HUSNI INGRATUBUN TUAL,MALUKU,BAIK,6400000.0,MALUKU - Sangat Hemat (< 5 Jt) - Baik,-
UNIVERSITAS DARUSSALAM AMBON,MALUKU,BAIK SEKALI,6000000.0,MALUKU - Terjangkau (5-15 Jt) - Baik Sekali (B),-
STIA ABDUL AZIS KATALOKA,MALUKU,BAIK,5568750.0,MALUKU - Sangat Hemat (< 5 Jt) - Baik,-
SEKOLAH TINGGI KEGURUAN DAN ILMU PENDIDIKAN SERAM RAYA,MALUKU,BAIK,5000000.0,MALUKU - Sangat Hemat (< 5 Jt) - Baik,-
UNIVERSITAS IQRA BURU,MALUKU,BAIK,4650000.0,MALUKU - Sangat Hemat (< 5 Jt) - Baik,-
SEKOLAH TINGGI ILMU ADMINISTRASI TRINITAS,MALUKU,BAIK,4400000.0,MALUKU - Sangat Hemat (< 5 Jt) - Baik,-
UNIVERSITAS DR. DJAR WATTIHELUW,MALUKU,BAIK,4400000.0,MALUKU - Sangat Hemat (< 5 Jt) - Baik,-
UNIVERSITAS MUHAMMADIYAH MALUKU,MALUKU,BAIK,4250000.0,MALUKU - Sangat Hemat (< 5 Jt) - Baik,-
SEKOLAH TINGGI ILMU ADMINISTRASI LANGGUR,MALUKU,BAIK,4200000.0,MALUKU - Sangat Hemat (< 5 Jt) - Baik,-
STKIP HUNIMUA,MALUKU,BAIK,4000000.0,MALUKU - Sangat Hemat (< 5 Jt) - Baik,-
STKIP ITA WOTU NUSA,MALUKU,BAIK,3100000.0,MALUKU - Sangat Hemat (< 5 Jt) - Baik,-
SEKOLAH TINGGI ILMU ADMINISTRASI DARUL RACHMAN TUAL,MALUKU,BAIK,3000000.0,MALUKU - Sangat Hemat (< 5 Jt) - Baik,-
UNIVERSITAS LELEMUKU SAUMLAKI,MALUKU,BAIK,2640000.0,MALUKU - Sangat Hemat (< 5 Jt) - Baik,-
SEKOLAH TINGGI KEGURUAN DAN ILMU PENDIDIKAN PERSADA EVAV TUAL,MALUKU,BAIK,1826000.0,MALUKU - Sangat Hemat (< 5 Jt) - Baik,-
SEKOLAH TINGGI ILMU KESEHATAN MAKARIWO HALMAHERA,MALUKU UTARA,BAIK,41500000.0,MALUKU UTARA - Mahal (40-100 Jt) - Baik,-
UNIVERSITAS HALMAHERA,MALUKU UTARA,BAIK SEKALI,15260000.0,MALUKU UTARA - Terjangkau (5-15 Jt) - Baik Sekali (B),-
SEKOLAH TINGGI PERTANIAN KEWIRAUSAHAAN BANAU,MALUKU UTARA,BAIK SEKALI,10000000.0,MALUKU UTARA - Terjangkau (5-15 Jt) - Baik Sekali (B),-
UNIVERSITAS MUHAMMADIYAH MALUKU UTARA,MALUKU UTARA,BAIK SEKALI,7886750.0,MALUKU UTARA - Terjangkau (5-15 Jt) - Baik Sekali (B),https://rencanamu.id/cari-kampus/universitas-muhammadiyah-maluku-utara
UNIVERSITAS NAHDLATUL ULAMA MALUKU UTARA,MALUKU UTARA,BAIK,6600000.0,MALUKU UTARA - Sangat Hemat (< 5 Jt) - Baik,-
UNIVERSITAS PASIFIK MOROTAI,MALUKU UTARA,BAIK,6000000.0,MALUKU UTARA - Sangat Hemat (< 5 Jt) - Baik,-
SEKOLAH TINGGI ILMU MARITIM INDONESIA TERNATE,MALUKU UTARA,BAIK,4900000.0,MALUKU UTARA - Sangat Hemat (< 5 Jt) - Baik,-
STMIK TIDORE MANDIRI,MALUKU UTARA,BAIK,4800000.0,MALUKU UTARA - Sangat Hemat (< 5 Jt) - Baik,-
INSTITUT SAINS DAN KEPENDIDIKAN KIE RAHA MALUKU UTARA,MALUKU UTARA,BAIK,4150000.0,MALUKU UTARA - Sangat Hemat (< 5 Jt) - Baik,-
SEKOLAH TINGGI TEKNIK ATLAS NUSANTARA,MALUKU UTARA,BAIK,4000000.0,MALUKU UTARA - Sangat Hemat (< 5 Jt) - Baik,-
UNIVERSITAS BUMI HIJRAH TIDORE,MALUKU UTARA,BAIK,2700000.0,MALUKU UTARA - Sangat Hemat (< 5 Jt) - Baik,-
UNIVERSITAS NUKU,MALUKU UTARA,BAIK,2250000.0,MALUKU UTARA - Sangat Hemat (< 5 Jt) - Baik,-
UNIVERSITAS ISLAM AL-AZHAR,NUSA TENGGARA BARAT,BAIK SEKALI,115100000.0,NUSA TENGGARA BARAT - Sultan (> 100 Jt) - Baik Sekali (B),-
UNIVERSITAS HAMZANWADI,NUSA TENGGARA BARAT,B,46850000.0,NUSA TENGGARA BARAT - Mahal (40-100 Jt) - Baik Sekali (B),https://rencanamu.id/cari-kampus/universitas-hamzanwadi
UNIVERSITAS QAMARUL HUDA BADARUDDIN BAGU,NUSA TENGGARA BARAT,BAIK,26500000.0,NUSA TENGGARA BARAT - Menengah (15-40 Jt) - Baik,-
SEKOLAH TINGGI ILMU ADMINISTRASI MATARAM,NUSA TENGGARA BARAT,BAIK,26400000.0,NUSA TENGGARA BARAT - Menengah (15-40 Jt) - Baik,-
INSTITUT PENDIDIKAN NUSANTARA GLOBAL,NUSA TENGGARA BARAT,BAIK,26400000.0,NUSA TENGGARA BARAT - Menengah (15-40 Jt) - Baik,-
INSTITUT KESEHATAN YARSI MATARAM,NUSA TENGGARA BARAT,BAIK,19904000.0,NUSA TENGGARA BARAT - Menengah (15-40 Jt) - Baik,-
UNIVERSITAS SAMAWA,NUSA TENGGARA BARAT,BAIK,16755000.0,NUSA TENGGARA BARAT - Menengah (15-40 Jt) - Baik,-
STIKES KUSUMA BANGSA,NUSA TENGGARA BARAT,BAIK,14300000.0,NUSA TENGGARA BARAT - Menengah (15-40 Jt) - Baik,-
STKIP TAMAN SISWA BIMA,NUSA TENGGARA BARAT,BAIK,13900000.0,NUSA TENGGARA BARAT - Menengah (15-40 Jt) - Baik,-
SEKOLAH TINGGI ILMU KESEHATAN MATARAM,NUSA TENGGARA BARAT,BAIK SEKALI,13500000.0,NUSA TENGGARA BARAT - Terjangkau (5-15 Jt) - Baik Sekali (B),-
SEKOLAH TINGGI PARIWISATA MATARAM,NUSA TENGGARA BARAT,BAIK SEKALI,10225000.0,NUSA TENGGARA BARAT - Terjangkau (5-15 Jt) - Baik Sekali (B),-
UNIVERSITAS CORDOVA,NUSA TENGGARA BARAT,BAIK,9724000.0,NUSA TENGGARA BARAT - Sangat Hemat (< 5 Jt) - Baik,-
UNIVERSITAS NAHDLATUL ULAMA NUSA TENGGARA BARAT,NUSA TENGGARA BARAT,BAIK SEKALI,8200000.0,NUSA TENGGARA BARAT - Terjangkau (5-15 Jt) - Baik Sekali (B),-
UNIVERSITAS NAHDLATUL WATHAN MATARAM,NUSA TENGGARA BARAT,BAIK SEKALI,8000000.0,NUSA TENGGARA BARAT - Terjangkau (5-15 Jt) - Baik Sekali (B),-
UNIVERSITAS MUHAMMADIYAH MATARAM,NUSA TENGGARA BARAT,B,8000000.0,NUSA TENGGARA BARAT - Terjangkau (5-15 Jt) - Baik Sekali (B),https://campus.quipper.com/directory/universitas-muhammadiyah-mataram
INSTITUT TEKNOLOGI LOMBOK,NUSA TENGGARA BARAT,BAIK,7840000.0,NUSA TENGGARA BARAT - Sangat Hemat (< 5 Jt) - Baik,-
SEKOLAH TINGGI TEKNIK LINGKUNGAN MATARAM,NUSA TENGGARA BARAT,BAIK,7800000.0,NUSA TENGGARA BARAT - Sangat Hemat (< 5 Jt) - Baik,-
STIKES YAHYA BIMA,NUSA TENGGARA BARAT,BAIK,7500000.0,NUSA TENGGARA BARAT - Sangat Hemat (< 5 Jt) - Baik,-
STMIK LOMBOK,NUSA TENGGARA BARAT,BAIK,7200000.0,NUSA TENGGARA BARAT - Sangat Hemat (< 5 Jt) - Baik,-
UNIVERSITAS PENDIDIKAN MANDALIKA,NUSA TENGGARA BARAT,BAIK SEKALI,7050000.0,NUSA TENGGARA BARAT - Terjangkau (5-15 Jt) - Baik Sekali (B),-
UNIVERSITAS NGGUSUWARU,NUSA TENGGARA BARAT,BAIK,6400000.0,NUSA TENGGARA BARAT - Sangat Hemat (< 5 Jt) - Baik,-
STKIP HAMZAR,NUSA TENGGARA BARAT,BAIK,6250000.0,NUSA TENGGARA BARAT - Sangat Hemat (< 5 Jt) - Baik,-
UNIVERSITAS BUMIGORA,NUSA TENGGARA BARAT,BAIK SEKALI,6160000.0,NUSA TENGGARA BARAT - Terjangkau (5-15 Jt) - Baik Sekali (B),-
UNIVERSITAS TEKNOLOGI MATARAM,NUSA TENGGARA BARAT,BAIK SEKALI,5064000.0,NUSA TENGGARA BARAT - Terjangkau (5-15 Jt) - Baik Sekali (B),-
STKIP PARACENDEKIA N W SUMBAWA,NUSA TENGGARA BARAT,BAIK,5000000.0,NUSA TENGGARA BARAT - Sangat Hemat (< 5 Jt) - Baik,-
UNIVERSITAS GUNUNG RINJANI,NUSA TENGGARA BARAT,BAIK,4800000.0,NUSA TENGGARA BARAT - Sangat Hemat (< 5 Jt) - Baik,https://campus.quipper.com/directory/universitas-gunung-rinjani
SEKOLAH TINGGI ILMU EKONOMI NASIONAL,NUSA TENGGARA BARAT,BAIK,4800000.0,NUSA TENGGARA BARAT - Sangat Hemat (< 5 Jt) - Baik,-
STMIK SYAIKH ZAINUDDIN NAHDLATUL WATHAN,NUSA TENGGARA BARAT,BAIK,4800000.0,NUSA TENGGARA BARAT - Sangat Hemat (< 5 Jt) - Baik,-
SEKOLAH TINGGI ILMU EKONOMI AMM,NUSA TENGGARA BARAT,BAIK,4700000.0,NUSA TENGGARA BARAT - Sangat Hemat (< 5 Jt) - Baik,-
UNIVERSITAS 45 MATARAM,NUSA TENGGARA BARAT,BAIK,4200000.0,NUSA TENGGARA BARAT - Sangat Hemat (< 5 Jt) - Baik,-
STKIP AL AMIN DOMPU,NUSA TENGGARA BARAT,BAIK,3600000.0,NUSA TENGGARA BARAT - Sangat Hemat (< 5 Jt) - Baik,-
SEKOLAH TINGGI PARIWISATA  SOROMANDI BIMA,NUSA TENGGARA BARAT,BAIK,3500082.0,NUSA TENGGARA BARAT - Sangat Hemat (< 5 Jt) - Baik,-
INSTITUT TEKNOLOGI SOSIAL DAN KESEHATAN MUHAMMADIYAH SELONG,NUSA TENGGARA BARAT,BAIK,3400000.0,NUSA TENGGARA BARAT - Sangat Hemat (< 5 Jt) - Baik,-
STKIP HARAPAN BIMA,NUSA TENGGARA BARAT,BAIK,2800000.0,NUSA TENGGARA BARAT - Sangat Hemat (< 5 Jt) - Baik,-
STIKES GRIYA HUSADA SUMBAWA,NUSA TENGGARA BARAT,BAIK,2640000.0,NUSA TENGGARA BARAT - Sangat Hemat (< 5 Jt) - Baik,-
SEKOLAH TINGGI ILMU EKONOMI BIMA,NUSA TENGGARA BARAT,BAIK,2350000.0,NUSA TENGGARA BARAT - Sangat Hemat (< 5 Jt) - Baik,-
UNIVERSITAS MUHAMMADIYAH BIMA,NUSA TENGGARA BARAT,BAIK,1800000.0,NUSA TENGGARA BARAT - Sangat Hemat (< 5 Jt) - Baik,-
INSTITUT TEKNOLOGI DAN KESEHATAN ASPIRASI,NUSA TENGGARA BARAT,BAIK,1500000.0,NUSA TENGGARA BARAT - Sangat Hemat (< 5 Jt) - Baik,-
UNIVERSITAS KARYADARMA KUPANG,NUSA TENGGARA TIMUR,BAIK,33660000.0,NUSA TENGGARA TIMUR - Menengah (15-40 Jt) - Baik,-
STKIP SINAR PANCASILA,NUSA TENGGARA TIMUR,BAIK,24000024.0,NUSA TENGGARA TIMUR - Menengah (15-40 Jt) - Baik,-
UNIVERSITAS MUHAMMADIYAH KUPANG,NUSA TENGGARA TIMUR,B,22700000.0,NUSA TENGGARA TIMUR - Menengah (15-40 Jt) - Baik Sekali (B),-
UNIVERSITAS KRISTEN WIRA WACANA SUMBA,NUSA TENGGARA TIMUR,BAIK,19330000.0,NUSA TENGGARA TIMUR - Menengah (15-40 Jt) - Baik,-
UNIVERSITAS CITRA BANGSA,NUSA TENGGARA TIMUR,BAIK SEKALI,11600000.0,NUSA TENGGARA TIMUR - Terjangkau (5-15 Jt) - Baik Sekali (B),-
UNIVERSITAS FLORES,NUSA TENGGARA TIMUR,B,9305000.0,NUSA TENGGARA TIMUR - Terjangkau (5-15 Jt) - Baik Sekali (B),https://rencanamu.id/cari-kampus/universitas-flores
INSTITUT PENDIDIKAN SOE,NUSA TENGGARA TIMUR,BAIK,9075000.0,NUSA TENGGARA TIMUR - Terjangkau (5-15 Jt) - Baik,-
SEKOLAH TINGGI ILMU KESEHATAN NUSANTARA,NUSA TENGGARA TIMUR,B,8000000.0,NUSA TENGGARA TIMUR - Terjangkau (5-15 Jt) - Baik Sekali (B),-
INSTITUT NASIONAL FLORES,NUSA TENGGARA TIMUR,BAIK,7830000.0,NUSA TENGGARA TIMUR - Terjangkau (5-15 Jt) - Baik,-
UNIVERSITAS KATOLIK WIDYA MANDIRA KUPANG,NUSA TENGGARA TIMUR,B,7725000.0,NUSA TENGGARA TIMUR - Terjangkau (5-15 Jt) - Baik Sekali (B),https://rencanamu.id/cari-kampus/universitas-katolik-widya-mandira-kupang
STIKES MARANATHA KUPANG,NUSA TENGGARA TIMUR,BAIK,7200000.0,NUSA TENGGARA TIMUR - Terjangkau (5-15 Jt) - Baik,-
SEKOLAH TINGGI PEMBANGUNAN MASYARAKAT SANTA URSULA,NUSA TENGGARA TIMUR,BAIK,7100000.0,NUSA TENGGARA TIMUR - Terjangkau (5-15 Jt) - Baik,-
SEKOLAH TINGGI ILMU EKONOMI KARYA,NUSA TENGGARA TIMUR,BAIK,6800000.0,NUSA TENGGARA TIMUR - Terjangkau (5-15 Jt) - Baik,-
SEKOLAH TINGGI ILMU EKONOMI OEMATHONIS,NUSA TENGGARA TIMUR,BAIK,6350000.0,NUSA TENGGARA TIMUR - Terjangkau (5-15 Jt) - Baik,-
SEKOLAH TINGGI KEGURUAN DAN ILMU PENDIDIKAN CITRA BAKTI,NUSA TENGGARA TIMUR,BAIK,6320000.0,NUSA TENGGARA TIMUR - Terjangkau (5-15 Jt) - Baik,-
UNIVERSITAS NUSA NIPA,NUSA TENGGARA TIMUR,BAIK SEKALI,6220000.0,NUSA TENGGARA TIMUR - Terjangkau (5-15 Jt) - Baik Sekali (B),-
INSTITUT FILSAFAT DAN TEKNOLOGI KREATIF LEDALERO,NUSA TENGGARA TIMUR,B,6150000.0,NUSA TENGGARA TIMUR - Terjangkau (5-15 Jt) - Baik Sekali (B),-
UNIVERSITAS STELLA MARIS SUMBA,NUSA TENGGARA TIMUR,BAIK,6000000.0,NUSA TENGGARA TIMUR - Terjangkau (5-15 Jt) - Baik,-
INSTITUT TEKNOLOGI ALBERTH FOENAY,NUSA TENGGARA TIMUR,BAIK,6000000.0,NUSA TENGGARA TIMUR - Terjangkau (5-15 Jt) - Baik,-
UNIVERSITAS KATOLIK INDONESIA SANTU PAULUS RUTENG,NUSA TENGGARA TIMUR,B,5800000.0,NUSA TENGGARA TIMUR - Terjangkau (5-15 Jt) - Baik Sekali (B),-
UNIVERSITAS MUHAMMADIYAH MAUMERE,NUSA TENGGARA TIMUR,BAIK,5610000.0,NUSA TENGGARA TIMUR - Terjangkau (5-15 Jt) - Baik,-
UNIVERSITAS KATOLIK WEETEBULA,NUSA TENGGARA TIMUR,BAIK SEKALI,5370000.0,NUSA TENGGARA TIMUR - Terjangkau (5-15 Jt) - Baik Sekali (B),-
SEKOLAH TINGGI MANAJEMEN INFORMATIKA KOMPUTER UYELINDO KUPANG,NUSA TENGGARA TIMUR,B,5250000.0,NUSA TENGGARA TIMUR - Terjangkau (5-15 Jt) - Baik Sekali (B),-
UNIVERSITAS TRIBUANA KALABAHI,NUSA TENGGARA TIMUR,BAIK,5040000.0,NUSA TENGGARA TIMUR - Terjangkau (5-15 Jt) - Baik,-
UNIVERSITAS ARYASATYA DEO MURI,NUSA TENGGARA TIMUR,BAIK,5000000.0,NUSA TENGGARA TIMUR - Terjangkau (5-15 Jt) - Baik,-
SEKOLAH TINGGI ILMU EKONOMI PUTRA TIMOR,NUSA TENGGARA TIMUR,BAIK,4800000.0,NUSA TENGGARA TIMUR - Terjangkau (5-15 Jt) - Baik,-
SEKOLAH TINGGI KEGURUAN DAN ILMU PENDIDIKAN SURYA KASIH,NUSA TENGGARA TIMUR,BAIK,4800000.0,NUSA TENGGARA TIMUR - Terjangkau (5-15 Jt) - Baik,-
SEKOLAH TINGGI ILMU HUKUM CENDANA WANGI,NUSA TENGGARA TIMUR,BAIK,4700000.0,NUSA TENGGARA TIMUR - Terjangkau (5-15 Jt) - Baik,-
UNIVERSITAS KRISTEN ARTHA WACANA,NUSA TENGGARA TIMUR,B,4400000.0,NUSA TENGGARA TIMUR - Terjangkau (5-15 Jt) - Baik Sekali (B),https://campus.quipper.com/directory/universitas-kristen-artha-wacana
STKIP NUSA TIMOR,NUSA TENGGARA TIMUR,BAIK,3500000.0,NUSA TENGGARA TIMUR - Terjangkau (5-15 Jt) - Baik,-
UNIVERSITAS PERSATUAN GURU 1945 NTT,NUSA TENGGARA TIMUR,BAIK,3002112.0,NUSA TENGGARA TIMUR - Terjangkau (5-15 Jt) - Baik,-
STKIP SIMBIOSIS,NUSA TENGGARA TIMUR,BAIK,2750000.0,NUSA TENGGARA TIMUR - Terjangkau (5-15 Jt) - Baik,-
STKIP MUHAMMADIYAH KALABAHI,NUSA TENGGARA TIMUR,BAIK SEKALI,200000.0,NUSA TENGGARA TIMUR - Terjangkau (5-15 Jt) - Baik Sekali (B),-
UNIVERSITAS AMAL ILMIAH YAPIS WAMENA,PAPUA,BAIK,34250000.0,PAPUA - Menengah (15-40 Jt) - Baik,-
STFT GKI IZAAK SAMUEL KIJNE JAYAPURA,PAPUA,BAIK,29350000.0,PAPUA - Menengah (15-40 Jt) - Baik,-
SEKOLAH TINGGI KEGURUAN DAN ILMU PENDIDIKAN PGRI PAPUA,PAPUA,BAIK,19250000.0,PAPUA - Terjangkau (5-15 Jt) - Baik,-
SEKOLAH TINGGI ILMU EKONOMI JAMBATAN BULAN,PAPUA,BAIK,14630000.0,PAPUA - Terjangkau (5-15 Jt) - Baik,-
SEKOLAH TINGGI ILMU EKONOMI PORT NUMBAY JAYAPURA,PAPUA,BAIK,13030000.0,PAPUA - Terjangkau (5-15 Jt) - Baik,-
UNIVERSITAS OTTOW GEISSLER,PAPUA,BAIK,12000000.0,PAPUA - Terjangkau (5-15 Jt) - Baik,-
STKIP KRISTEN WAMENA,PAPUA,BAIK,11500000.0,PAPUA - Terjangkau (5-15 Jt) - Baik,-
UNIVERSITAS SAINS DAN TEKNOLOGI JAYAPURA,PAPUA,BAIK,10500000.0,PAPUA - Terjangkau (5-15 Jt) - Baik,https://rencanamu.id/cari-kampus/universitas-sains-dan-teknologi-jayapura
UNIVERSITAS TIMIKA,PAPUA,BAIK,9800000.0,PAPUA - Terjangkau (5-15 Jt) - Baik,-
UNIVERSITAS MUHAMMADIYAH PAPUA,PAPUA,BAIK,9750000.0,PAPUA - Terjangkau (5-15 Jt) - Baik,-
SEKOLAH TINGGI FILSAFAT TEOLOGI FAJAR TIMUR,PAPUA,BAIK,9000000.0,PAPUA - Terjangkau (5-15 Jt) - Baik,-
UNIVERSITAS INTERNASIONAL PAPUA,PAPUA,BAIK,8400000.0,PAPUA - Terjangkau (5-15 Jt) - Baik,-
SEKOLAH TINGGI MANAJEMEN INFORMATIKA DAN KOMPUTER PESAT NABIRE,PAPUA,BAIK,7550000.0,PAPUA - Terjangkau (5-15 Jt) - Baik,-
STIPER SANTO THOMAS AQUINAS JAYAPURA,PAPUA,BAIK,7460000.0,PAPUA - Terjangkau (5-15 Jt) - Baik,-
SEKOLAH TINGGI ILMU HUKUM MIMIKA,PAPUA,BAIK,7000000.0,PAPUA - Terjangkau (5-15 Jt) - Baik,-
SEKOLAH TINGGI ILMU EKONOMI PELITA HARAPAN NABIRE,PAPUA,BAIK,6640000.0,PAPUA - Terjangkau (5-15 Jt) - Baik,-
UNIVERSITAS SEPULUH NOPEMBER PAPUA,PAPUA,BAIK,6562500.0,PAPUA - Terjangkau (5-15 Jt) - Baik,-
SEKOLAH TINGGI ILMU HUKUM BIAK-PAPUA,PAPUA,BAIK SEKALI,6200000.0,PAPUA - Terjangkau (5-15 Jt) - Baik Sekali (B),-
UNIVERSITAS DOKTOR HUSNI INGRATUBUN PAPUA,PAPUA,B,6000000.0,PAPUA - Terjangkau (5-15 Jt) - Baik Sekali (B),-
SEKOLAH TINGGI KEGURUAN DAN ILMU PENDIDIKAN NABIRE,PAPUA,BAIK,6000000.0,PAPUA - Terjangkau (5-15 Jt) - Baik,-
UNIVERSITAS YAPIS PAPUA,PAPUA,TERAKREDITASI,5600000.0,PAPUA - Terjangkau (5-15 Jt) - Baik,-
STKIP ABDI WACANA WAMENA,PAPUA,BAIK,5350000.0,PAPUA - Terjangkau (5-15 Jt) - Baik,-
STKIP HERMON TIMIKA,PAPUA,BAIK,5160000.0,PAPUA - Terjangkau (5-15 Jt) - Baik,-
SEKOLAH TINGGI ILMU EKONOMI OTTOW & GEISSLER SERUI,PAPUA,BAIK,5000000.0,PAPUA - Terjangkau (5-15 Jt) - Baik,-
UNIVERSITAS SATYA WIYATA MANDALA,PAPUA,BAIK,4950000.0,PAPUA - Terjangkau (5-15 Jt) - Baik,-
SEKOLAH TINGGI ILMU PERTANIAN PETRA BALIEM WAMENA,PAPUA,BAIK,4000000.0,PAPUA - Terjangkau (5-15 Jt) - Baik,-
STISIPOL YALEKA MARO,PAPUA,BAIK,3650000.0,PAPUA - Terjangkau (5-15 Jt) - Baik,-
INSTITUT TEKNOLOGI DAN BISNIS KARYA PEMBANGUNAN PAPUA,PAPUA,BAIK,800000.0,PAPUA - Terjangkau (5-15 Jt) - Baik,-
SEKOLAH TINGGI ILMU KESEHATAN PAPUA,PAPUA BARAT,BAIK,29900000.0,PAPUA BARAT - Menengah (15-40 Jt) - Baik,-
UNIVERSITAS MUHAMMADIYAH SORONG,PAPUA BARAT,BAIK SEKALI,18700000.0,PAPUA BARAT - Terjangkau (5-15 Jt) - Baik Sekali (B),-
UNIVERSITAS CARITAS INDONESIA,PAPUA BARAT,BAIK,8000000.0,PAPUA BARAT - Sangat Hemat (< 5 Jt) - Baik,-
SEKOLAH TINGGI ILMU HUKUM MANOKWARI,PAPUA BARAT,BAIK SEKALI,7000000.0,PAPUA BARAT - Terjangkau (5-15 Jt) - Baik Sekali (B),-
UNIVERSITAS KRISTEN PAPUA,PAPUA BARAT,BAIK,5625000.0,PAPUA BARAT - Sangat Hemat (< 5 Jt) - Baik,-
UNIVERSITAS WERISAR,PAPUA BARAT,BAIK,5200000.0,PAPUA BARAT - Sangat Hemat (< 5 Jt) - Baik,-
UNIVERSITAS NANI BILI NUSANTARA,PAPUA BARAT,BAIK,4000000.0,PAPUA BARAT - Sangat Hemat (< 5 Jt) - Baik,-
UNIVERSITAS PENDIDIKAN MUHAMMADIYAH SORONG,PAPUA BARAT,B,4000000.0,PAPUA BARAT - Terjangkau (5-15 Jt) - Baik Sekali (B),-
STIE OTTOW & GEISSLER FAK-FAK,PAPUA BARAT,BAIK,4000000.0,PAPUA BARAT - Sangat Hemat (< 5 Jt) - Baik,-
SEKOLAH TINGGI ILMU EKONOMI BUKIT ZAITUN SORONG,PAPUA BARAT,BAIK,3800000.0,PAPUA BARAT - Sangat Hemat (< 5 Jt) - Baik,-
STMIK KREATINDO MANOKWARI,PAPUA BARAT,BAIK,3500000.0,PAPUA BARAT - Sangat Hemat (< 5 Jt) - Baik,-
SEKOLAH TINGGI ILMU SOSIAL TEMINABUAN,PAPUA BARAT,TIDAK TERAKREDITASI,3000000.0,PAPUA BARAT - Sangat Hemat (< 5 Jt) - Baik,-
SEKOLAH TINGGI KEGURUAN DAN ILMU PENDIDIKAN NUUWAR,PAPUA BARAT,BAIK,1650000.0,PAPUA BARAT - Sangat Hemat (< 5 Jt) - Baik,-
UNIVERSITAS MUHAMMADIYAH MAMUJU,SULAWESI BARAT,BAIK,7000000.0,SULAWESI BARAT - Terjangkau (5-15 Jt) - Baik,-
STIKES MARENDENG MAJENE,SULAWESI BARAT,BAIK,6400000.0,SULAWESI BARAT - Terjangkau (5-15 Jt) - Baik,-
UNIVERSITAS TOMAKAKA,SULAWESI BARAT,BAIK,5920000.0,SULAWESI BARAT - Terjangkau (5-15 Jt) - Baik,-
INSTITUT KESEHATAN DAN BISNIS ST. FATIMAH MAMUJU,SULAWESI BARAT,BAIK,5000000.0,SULAWESI BARAT - Sangat Hemat (< 5 Jt) - Baik,-
AMIK TOMAKAKA,SULAWESI BARAT,BAIK,4920000.0,SULAWESI BARAT - Sangat Hemat (< 5 Jt) - Baik,-
INSTITUT TEKNOLOGI DAN BISNIS MUHAMMADIYAH POLEWALI MANDAR,SULAWESI BARAT,BAIK,4800000.0,SULAWESI BARAT - Sangat Hemat (< 5 Jt) - Baik,-
STISIP BINA GENERASI POLEWALI,SULAWESI BARAT,BAIK,4800000.0,SULAWESI BARAT - Sangat Hemat (< 5 Jt) - Baik,-
UNIVERSITAS WALLACEA,SULAWESI BARAT,BAIK,4800000.0,SULAWESI BARAT - Sangat Hemat (< 5 Jt) - Baik,-
UNIVERSITAS AL ASYARIAH MANDAR,SULAWESI BARAT,BAIK SEKALI,4219925.0,SULAWESI BARAT - Sangat Hemat (< 5 Jt) - Baik Sekali (B),https://campus.quipper.com/directory/universitas-al-asyariah-mandar
SEKOLAH TINGGI ILMU MARITIM MEGA BUANA,SULAWESI BARAT,BAIK,3600000.0,SULAWESI BARAT - Sangat Hemat (< 5 Jt) - Baik,-
SEKOLAH TINGGI ILMU EKONOMI YAPMAN MAJENE,SULAWESI BARAT,BAIK,3500000.0,SULAWESI BARAT - Sangat Hemat (< 5 Jt) - Baik,-
SEKOLAH TINGGI ILMU EKONOMI PELITA BUANA,SULAWESI SELATAN,BAIK,242400055.0,SULAWESI SELATAN - Sultan (> 100 Jt) - Baik,-
UNIVERSITAS BOSOWA,SULAWESI SELATAN,BAIK SEKALI,168250000.0,SULAWESI SELATAN - Sultan (> 100 Jt) - Baik,-
INSTITUT BISNIS DAN KEUANGAN NITRO,SULAWESI SELATAN,B,57900000.0,SULAWESI SELATAN - Terjangkau (5-15 Jt) - Baik Sekali (B),-
UNIVERSITAS MUHAMMADIYAH BULUKUMBA,SULAWESI SELATAN,BAIK,40805000.0,SULAWESI SELATAN - Terjangkau (5-15 Jt) - Baik,-
UNIVERSITAS MEGAREZKY,SULAWESI SELATAN,BAIK SEKALI,33600000.0,SULAWESI SELATAN - Terjangkau (5-15 Jt) - Baik Sekali (B),-
INSTITUT COKROAMINOTO PINRANG,SULAWESI SELATAN,BAIK,26400000.0,SULAWESI SELATAN - Terjangkau (5-15 Jt) - Baik,-
UNIVERSITAS MUHAMMADIYAH MAKASSAR,SULAWESI SELATAN,B,22600000.0,SULAWESI SELATAN - Terjangkau (5-15 Jt) - Baik Sekali (B),https://rencanamu.id/cari-kampus/universitas-muhammadiyah-makassar
UNIVERSITAS INDONESIA TIMUR,SULAWESI SELATAN,BAIK SEKALI,21700000.0,SULAWESI SELATAN - Terjangkau (5-15 Jt) - Baik Sekali (B),https://campus.quipper.com/directory/universitas-indonesia-timur
INSTITUT TEKNOLOGI DAN BISNIS KALLA,SULAWESI SELATAN,BAIK,20004000.0,SULAWESI SELATAN - Terjangkau (5-15 Jt) - Baik,-
UNIVERSITAS MUHAMMADIYAH SIDENRENG RAPPANG,SULAWESI SELATAN,BAIK SEKALI,18300000.0,SULAWESI SELATAN - Terjangkau (5-15 Jt) - Baik Sekali (B),-
SEKOLAH TINGGI ILMU KESEHATAN STELLA MARIS MAKASAR,SULAWESI SELATAN,BAIK,16400000.0,SULAWESI SELATAN - Terjangkau (5-15 Jt) - Baik,-
UNIVERSITAS MUHAMMADIYAH PALOPO,SULAWESI SELATAN,BAIK SEKALI,15600000.0,SULAWESI SELATAN - Terjangkau (5-15 Jt) - Baik Sekali (B),-
UNIVERSITAS TEKNOLOGI AKBA MAKASSAR,SULAWESI SELATAN,BAIK,15190000.0,SULAWESI SELATAN - Terjangkau (5-15 Jt) - Baik,-
STIKES PANAKKUKANG,SULAWESI SELATAN,BAIK,14500000.0,SULAWESI SELATAN - Terjangkau (5-15 Jt) - Baik,-
INSTITUT TEKNOLOGI KESEHATAN DAN SAINS MUHAMMADIYAH SIDRAP,SULAWESI SELATAN,BAIK SEKALI,14500000.0,SULAWESI SELATAN - Terjangkau (5-15 Jt) - Baik Sekali (B),-
SEKOLAH TINGGI ILMU KESEHATAN NANI HASANUDDIN,SULAWESI SELATAN,B,14375000.0,SULAWESI SELATAN - Terjangkau (5-15 Jt) - Baik Sekali (B),-
UNIVERSITAS KRISTEN INDONESIA PAULUS,SULAWESI SELATAN,B,13400000.0,SULAWESI SELATAN - Terjangkau (5-15 Jt) - Baik Sekali (B),https://rencanamu.id/cari-kampus/universitas-kristen-indonesia-paulus
UNIVERSITAS DIPA MAKASSAR,SULAWESI SELATAN,B,13250000.0,SULAWESI SELATAN - Terjangkau (5-15 Jt) - Baik Sekali (B),-
SEKOLAH TINGGI ILMU EKONOMI MAKASSAR BONGAYA,SULAWESI SELATAN,BAIK SEKALI,13100000.0,SULAWESI SELATAN - Terjangkau (5-15 Jt) - Baik Sekali (B),-
UNIVERSITAS ATMA JAYA MAKASSAR,SULAWESI SELATAN,C,11200000.0,SULAWESI SELATAN - Terjangkau (5-15 Jt) - Baik,https://rencanamu.id/cari-kampus/universitas-atma-jaya-makassar
SEKOLAH TINGGI ILMU KESEHATAN MAKASSAR,SULAWESI SELATAN,BAIK SEKALI,10900000.0,SULAWESI SELATAN - Terjangkau (5-15 Jt) - Baik Sekali (B),-
UNIVERSITAS ALMARISAH MADANI,SULAWESI SELATAN,BAIK SEKALI,10000000.0,SULAWESI SELATAN - Terjangkau (5-15 Jt) - Baik Sekali (B),-
INSTITUT TEKNOLOGI DAN BISNIS NOBEL INDONESIA,SULAWESI SELATAN,BAIK SEKALI,9300000.0,SULAWESI SELATAN - Terjangkau (5-15 Jt) - Baik Sekali (B),-
UNIVERSITAS HANDAYANI MAKASSAR,SULAWESI SELATAN,BAIK,8700000.0,SULAWESI SELATAN - Terjangkau (5-15 Jt) - Baik,-
STMIK KHARISMA MAKASSAR,SULAWESI SELATAN,BAIK,8500000.0,SULAWESI SELATAN - Terjangkau (5-15 Jt) - Baik,-
SEKOLAH TINGGI ILMU KESEHATAN FATIMA PAREPARE,SULAWESI SELATAN,BAIK,8400000.0,SULAWESI SELATAN - Terjangkau (5-15 Jt) - Baik,-
INSTITUT ILMU SOSIAL DAN BISNIS ANDI SAPADA,SULAWESI SELATAN,B,8000000.0,SULAWESI SELATAN - Terjangkau (5-15 Jt) - Baik Sekali (B),-
UNIVERSITAS MEGA BUANA PALOPO,SULAWESI SELATAN,BAIK SEKALI,8000000.0,SULAWESI SELATAN - Terjangkau (5-15 Jt) - Baik Sekali (B),-
UNIVERSITAS ICHSAN SIDENRENG RAPPANG,SULAWESI SELATAN,BAIK,8000000.0,SULAWESI SELATAN - Terjangkau (5-15 Jt) - Baik,-
SEKOLAH TINGGI ILMU KESEHATAN BARAMULI,SULAWESI SELATAN,BAIK,8000000.0,SULAWESI SELATAN - Terjangkau (5-15 Jt) - Baik,-
UNIVERSITAS MUSLIM INDONESIA MAKASSAR,SULAWESI SELATAN,A,7950000.0,SULAWESI SELATAN - Terjangkau (5-15 Jt) - Unggul (A),https://rencanamu.id/cari-kampus/universitas-muslim-indonesia-makassar
UNIVERSITAS COKROAMINOTO PALOPO,SULAWESI SELATAN,B,7750000.0,SULAWESI SELATAN - Terjangkau (5-15 Jt) - Baik Sekali (B),https://rencanamu.id/cari-kampus/universitas-cokroaminoto-palopo
STIKES TANAWALI TAKALAR,SULAWESI SELATAN,BAIK,7500000.0,SULAWESI SELATAN - Terjangkau (5-15 Jt) - Baik,-
UNIVERSITAS FAJAR,SULAWESI SELATAN,B,7500000.0,SULAWESI SELATAN - Terjangkau (5-15 Jt) - Baik Sekali (B),https://rencanamu.id/cari-kampus/universitas-fajar
UNIVERSITAS LAMAPPAPOLEONRO,SULAWESI SELATAN,B,7500000.0,SULAWESI SELATAN - Terjangkau (5-15 Jt) - Baik Sekali (B),-
SEKOLAH TINGGI ILMU KESEHATAN SALEWANGANG MAROS,SULAWESI SELATAN,BAIK SEKALI,7500000.0,SULAWESI SELATAN - Terjangkau (5-15 Jt) - Baik Sekali (B),-
STKIP VETERAN SIDRAP,SULAWESI SELATAN,BAIK,7100000.0,SULAWESI SELATAN - Terjangkau (5-15 Jt) - Baik,-
UNIVERSITAS ISLAM MAKASSAR,SULAWESI SELATAN,B,7000000.0,SULAWESI SELATAN - Terjangkau (5-15 Jt) - Baik Sekali (B),https://campus.quipper.com/directory/universitas-islam-makassar
UNIVERSITAS WIRA BHAKTI,SULAWESI SELATAN,BAIK,6700000.0,SULAWESI SELATAN - Terjangkau (5-15 Jt) - Baik,-
INSTITUT TEKNOLOGI DAN KESEHATAN TRI TUNAS NASIONAL,SULAWESI SELATAN,BAIK,6500000.0,SULAWESI SELATAN - Terjangkau (5-15 Jt) - Baik,-
SEKOLAH TINGGI ILMU KESEHATAN GUNUNG SARI,SULAWESI SELATAN,BAIK,6400000.0,SULAWESI SELATAN - Terjangkau (5-15 Jt) - Baik,-
STKIP DARUD DA WAH WAL IRSYAD PINRANG,SULAWESI SELATAN,BAIK,6400000.0,SULAWESI SELATAN - Terjangkau (5-15 Jt) - Baik,-
UNIVERSITAS MUHAMMADIYAH ENREKANG,SULAWESI SELATAN,BAIK SEKALI,6400000.0,SULAWESI SELATAN - Terjangkau (5-15 Jt) - Baik Sekali (B),-
UNIVERSITAS PANCASAKTI,SULAWESI SELATAN,BAIK,6350000.0,SULAWESI SELATAN - Terjangkau (5-15 Jt) - Baik,-
STKIP YPUP MAKASSAR,SULAWESI SELATAN,BAIK,6300000.0,SULAWESI SELATAN - Terjangkau (5-15 Jt) - Baik,-
SEKOLAH TINGGI ILMU EKONOMI YPUP MAKASSAR,SULAWESI SELATAN,BAIK,6300000.0,SULAWESI SELATAN - Terjangkau (5-15 Jt) - Baik,-
UNIVERSITAS PEJUANG REPUBLIK INDONESIA,SULAWESI SELATAN,BAIK,6250000.0,SULAWESI SELATAN - Terjangkau (5-15 Jt) - Baik,-
STMIK PROFESIONAL MAKASSAR,SULAWESI SELATAN,BAIK,6200000.0,SULAWESI SELATAN - Terjangkau (5-15 Jt) - Baik,-
UNIVERSITAS MUSLIM MAROS,SULAWESI SELATAN,BAIK SEKALI,6000000.0,SULAWESI SELATAN - Terjangkau (5-15 Jt) - Baik Sekali (B),-
UNIVERSITAS COKROAMINOTO MAKASSAR,SULAWESI SELATAN,BAIK SEKALI,6000000.0,SULAWESI SELATAN - Terjangkau (5-15 Jt) - Baik Sekali (B),-
UNIVERSITAS PEPABRI MAKASSAR,SULAWESI SELATAN,BAIK,6000000.0,SULAWESI SELATAN - Terjangkau (5-15 Jt) - Baik,-
SEKOLAH TINGGI KEGURUAN DAN ILMU PENDIDIKAN BINA HARAPAN CELEBES,SULAWESI SELATAN,BAIK,6000000.0,SULAWESI SELATAN - Terjangkau (5-15 Jt) - Baik,-
UNIVERSITAS KRISTEN INDONESIA TORAJA,SULAWESI SELATAN,BAIK,6000000.0,SULAWESI SELATAN - Terjangkau (5-15 Jt) - Baik,-
UNIVERSITAS MUSLIM INDONESIA,SULAWESI SELATAN,UNGGUL,6000000.0,SULAWESI SELATAN - Terjangkau (5-15 Jt) - Unggul (A),https://campus.quipper.com/directory/universitas-muslim-indonesia
UNIVERSITAS PUANGRIMAGGALATUNG,SULAWESI SELATAN,BAIK SEKALI,6000000.0,SULAWESI SELATAN - Terjangkau (5-15 Jt) - Baik Sekali (B),-
SEKOLAH TINGGI ILMU KESEHATAN PANRITA HUSADA BULUKUMBA,SULAWESI SELATAN,BAIK,5750000.0,SULAWESI SELATAN - Terjangkau (5-15 Jt) - Baik,-
UNIVERSITAS MUHAMMADIYAH BONE,SULAWESI SELATAN,BAIK SEKALI,5500000.0,SULAWESI SELATAN - Terjangkau (5-15 Jt) - Baik Sekali (B),-
INSTITUT TEKNOLOGI DAN BISNIS ARUNGPALAKKA,SULAWESI SELATAN,TIDAK TERAKREDITASI,5400000.0,SULAWESI SELATAN - Sangat Hemat (< 5 Jt) - Baik,-
UNIVERSITAS MUHAMMADIYAH SINJAI,SULAWESI SELATAN,BAIK SEKALI,5400000.0,SULAWESI SELATAN - Terjangkau (5-15 Jt) - Baik Sekali (B),-
UNIVERSITAS TEKNOLOGI SULAWESI,SULAWESI SELATAN,BAIK,5200000.0,SULAWESI SELATAN - Terjangkau (5-15 Jt) - Baik,-
SEKOLAH TINGGI FILSAFAT THEOLOGIA INDONESIA TIMUR,SULAWESI SELATAN,BAIK,5050000.0,SULAWESI SELATAN - Terjangkau (5-15 Jt) - Baik,-
SEKOLAH TINGGI ILMU EKONOMI INDONESIA MAKASSAR,SULAWESI SELATAN,BAIK,5000000.0,SULAWESI SELATAN - Terjangkau (5-15 Jt) - Baik,-
STIKS TAMALANREA MAKASSAR,SULAWESI SELATAN,BAIK,5000000.0,SULAWESI SELATAN - Terjangkau (5-15 Jt) - Baik,-
SEKOLAH TINGGI TEKNOLOGI NUSANTARA INDONESIA,SULAWESI SELATAN,BAIK,4800000.0,SULAWESI SELATAN - Terjangkau (5-15 Jt) - Baik,-
SEKOLAH TINGGI ILMU EKONOMI YAPI BONE,SULAWESI SELATAN,BAIK,4800000.0,SULAWESI SELATAN - Terjangkau (5-15 Jt) - Baik,-
UNIVERSITAS SIPATOKKONG MAMBO,SULAWESI SELATAN,BAIK,4800000.0,SULAWESI SELATAN - Terjangkau (5-15 Jt) - Baik,-
SEKOLAH TINGGI ILMU MANAJEMEN PUBLIK MAKASSAR,SULAWESI SELATAN,TIDAK TERAKREDITASI,4800000.0,SULAWESI SELATAN - Sangat Hemat (< 5 Jt) - Baik,-
SEKOLAH TINGGI ILMU EKONOMI NUSANTARA MAKASSAR,SULAWESI SELATAN,BAIK,4800000.0,SULAWESI SELATAN - Terjangkau (5-15 Jt) - Baik,-
UNIVERSITAS MUHAMMADIYAH PARE-PARE,SULAWESI SELATAN,BAIK SEKALI,4600000.0,SULAWESI SELATAN - Terjangkau (5-15 Jt) - Baik Sekali (B),-
SEKOLAH TINGGI ILMU EKONOMI AMKOP MAKASSAR,SULAWESI SELATAN,BAIK SEKALI,4500000.0,SULAWESI SELATAN - Terjangkau (5-15 Jt) - Baik Sekali (B),-
STIKES LAKIPADADA,SULAWESI SELATAN,BAIK,4500000.0,SULAWESI SELATAN - Terjangkau (5-15 Jt) - Baik,-
SEKOLAH TINGGI TEKNIK BARAMULI,SULAWESI SELATAN,BAIK,4450000.0,SULAWESI SELATAN - Terjangkau (5-15 Jt) - Baik,-
UNIVERSITAS FAMIKA,SULAWESI SELATAN,BAIK,4400000.0,SULAWESI SELATAN - Terjangkau (5-15 Jt) - Baik,-
INSTITUT TEKNOLOGI DAN KESEHATAN PERMATA ILMU MAROS,SULAWESI SELATAN,BAIK,4400000.0,SULAWESI SELATAN - Terjangkau (5-15 Jt) - Baik,-
AKPER MAPPA OUDANG MAKASSAR,SULAWESI SELATAN,BAIK,4250000.0,SULAWESI SELATAN - Terjangkau (5-15 Jt) - Baik,-
INSTITUT TEKNOLOGI BISNIS DAN ADMINISTRASI AL GAZALI BARRU,SULAWESI SELATAN,BAIK,4225000.0,SULAWESI SELATAN - Terjangkau (5-15 Jt) - Baik,-
AKPER PUTRA PERTIWI WATANSOPPENG,SULAWESI SELATAN,BAIK,4200000.0,SULAWESI SELATAN - Terjangkau (5-15 Jt) - Baik,-
UNIVERSITAS PATOMPO,SULAWESI SELATAN,BAIK,4200000.0,SULAWESI SELATAN - Terjangkau (5-15 Jt) - Baik,-
SEKOLAH TINGGI ILMU EKONOMI TRI DHARMA NUSANTARA,SULAWESI SELATAN,BAIK,4000000.0,SULAWESI SELATAN - Terjangkau (5-15 Jt) - Baik,-
STIKES BHAKTI PERTIWI LUWU RAYA,SULAWESI SELATAN,BAIK,4000000.0,SULAWESI SELATAN - Terjangkau (5-15 Jt) - Baik,-
SEKOLAH TINGGI ILMU PERTANIAN YAPI BONE,SULAWESI SELATAN,BAIK,3900000.0,SULAWESI SELATAN - Terjangkau (5-15 Jt) - Baik,-
INSTITUT ILMU KESEHATAN PELAMONIA KESDAM XIV/ HASANUDDIN,SULAWESI SELATAN,B,3700000.0,SULAWESI SELATAN - Terjangkau (5-15 Jt) - Baik Sekali (B),-
SEKOLAH TINGGI ILMU KESEHATAN DATU KAMANRE,SULAWESI SELATAN,BAIK,3600000.0,SULAWESI SELATAN - Terjangkau (5-15 Jt) - Baik,-
STITEK DHARMA YADI MAKASSAR,SULAWESI SELATAN,BAIK,3600000.0,SULAWESI SELATAN - Terjangkau (5-15 Jt) - Baik,-
STIKES BATARAGURU SOROAKA,SULAWESI SELATAN,BAIK,3500000.0,SULAWESI SELATAN - Terjangkau (5-15 Jt) - Baik,-
INSTITUT TEKNOLOGI SAINS DAN BISNIS MUHAMMADIYAH SELAYAR,SULAWESI SELATAN,BAIK,3300000.0,SULAWESI SELATAN - Terjangkau (5-15 Jt) - Baik,-
INSTITUT TURATEA INDONESIA,SULAWESI SELATAN,BAIK SEKALI,3250000.0,SULAWESI SELATAN - Terjangkau (5-15 Jt) - Baik Sekali (B),-
SEKOLAH TINGGI MANAJEMEN INFORMATIKA DAN KOMPUTER AMIKA SOPPENG,SULAWESI SELATAN,BAIK,3200000.0,SULAWESI SELATAN - Terjangkau (5-15 Jt) - Baik,-
INSTITUT TEKNOLOGI DAN BISNIS BINA ADINATA,SULAWESI SELATAN,BAIK,3177500.0,SULAWESI SELATAN - Terjangkau (5-15 Jt) - Baik,-
INSTITUT TEKNOLOGI PERTANIAN,SULAWESI SELATAN,BAIK,3000000.0,SULAWESI SELATAN - Terjangkau (5-15 Jt) - Baik,-
SEKOLAH TINGGI ILMU ADMINISTRASI YAPPI,SULAWESI SELATAN,BAIK,3000000.0,SULAWESI SELATAN - Terjangkau (5-15 Jt) - Baik,-
SEKOLAH TINGGI ILMU ADMINISTRASI ABDUL HARIS,SULAWESI SELATAN,BAIK,3000000.0,SULAWESI SELATAN - Terjangkau (5-15 Jt) - Baik,-
SEKOLAH TINGGI ILMU KESEHATAN KAMUS ARUNIKA,SULAWESI SELATAN,BAIK,2900000.0,SULAWESI SELATAN - Terjangkau (5-15 Jt) - Baik,-
INSTITUT BATARI TOJA BONE,SULAWESI SELATAN,TERAKREDITASI,2630000.0,SULAWESI SELATAN - Sangat Hemat (< 5 Jt) - Baik,-
UNIVERSITAS MUHAMMADIYAH PALU,SULAWESI TENGAH,BAIK SEKALI,36000019.0,SULAWESI TENGAH - Menengah (15-40 Jt) - Baik Sekali (B),https://rencanamu.id/cari-kampus/universitas-muhammadiyah-palu
UNIVERSITAS ALKHAIRAAT,SULAWESI TENGAH,BAIK,16700000.0,SULAWESI TENGAH - Terjangkau (5-15 Jt) - Baik,-
UNIVERSITAS WIDYA NUSANTARA,SULAWESI TENGAH,BAIK SEKALI,15750000.0,SULAWESI TENGAH - Menengah (15-40 Jt) - Baik Sekali (B),-
SEKOLAH TINGGI ILMU KESEHATAN HUSADA MANDIRI POSO,SULAWESI TENGAH,BAIK,12000000.0,SULAWESI TENGAH - Terjangkau (5-15 Jt) - Baik,-
STMIK ADHI GUNA,SULAWESI TENGAH,BAIK,7512000.0,SULAWESI TENGAH - Terjangkau (5-15 Jt) - Baik,-
SEKOLAH TINGGI ILMU KESEHATAN BALA KESELAMATAN PALU,SULAWESI TENGAH,BAIK,5900000.0,SULAWESI TENGAH - Terjangkau (5-15 Jt) - Baik,-
STMIK BINA MULIA,SULAWESI TENGAH,BAIK,5750000.0,SULAWESI TENGAH - Terjangkau (5-15 Jt) - Baik,-
SEKOLAH TINGGI ILMU PERTANIAN MUJAHIDIN TOLI-TOLI,SULAWESI TENGAH,BAIK,5600000.0,SULAWESI TENGAH - Terjangkau (5-15 Jt) - Baik,-
UNIVERSITAS KRISTEN TENTENA,SULAWESI TENGAH,BAIK,4800000.0,SULAWESI TENGAH - Terjangkau (5-15 Jt) - Baik,-
AMIK TRI DHARMA PALU,SULAWESI TENGAH,BAIK,4800000.0,SULAWESI TENGAH - Terjangkau (5-15 Jt) - Baik,-
SEKOLAH TINGGI KEGURUAN DAN ILMU PENDIDIKAN ABDUL MUJIB LAEWANG DAMPAL SELATAN,SULAWESI TENGAH,BAIK,4800000.0,SULAWESI TENGAH - Terjangkau (5-15 Jt) - Baik,-
UNIVERSITAS ABDUL AZIS LAMADJIDO,SULAWESI TENGAH,BAIK,4000000.0,SULAWESI TENGAH - Terjangkau (5-15 Jt) - Baik,-
SEKOLAH TINGGI PERIKANAN DAN KELAUTAN PALU,SULAWESI TENGAH,BAIK,2300000.0,SULAWESI TENGAH - Terjangkau (5-15 Jt) - Baik,-
UNIVERSITAS MUHAMMADIYAH KENDARI,SULAWESI TENGGARA,BAIK SEKALI,40250000.0,SULAWESI TENGGARA - Mahal (40-100 Jt) - Baik Sekali (B),https://rencanamu.id/cari-kampus/universitas-muhammadiyah-kendari
INSTITUT KESEHATAN DAN TEKNOLOGI BUTON RAYA,SULAWESI TENGGARA,TERAKREDITASI,26400000.0,SULAWESI TENGGARA - Menengah (15-40 Jt) - Baik,-
UNIVERSITAS DAYANU IKHSANUDDIN,SULAWESI TENGGARA,BAIK SEKALI,18700000.0,SULAWESI TENGGARA - Menengah (15-40 Jt) - Baik Sekali (B),https://rencanamu.id/cari-kampus/universitas-dayanu-ikhsanuddin
INSTITUT SAINS TEKNOLOGI DAN KESEHATAN 'AISYIYAH KENDARI,SULAWESI TENGGARA,BAIK,12500000.0,SULAWESI TENGGARA - Terjangkau (5-15 Jt) - Baik,-
SEKOLAH TINGGI ILMU EKONOMI ENAM ENAM KENDARI,SULAWESI TENGGARA,BAIK SEKALI,9000000.0,SULAWESI TENGGARA - Terjangkau (5-15 Jt) - Baik Sekali (B),-
UNIVERSITAS MUHAMMADIYAH BUTON,SULAWESI TENGGARA,BAIK SEKALI,7700000.0,SULAWESI TENGGARA - Terjangkau (5-15 Jt) - Baik Sekali (B),https://campus.quipper.com/directory/universitas-muhammadiyah-buton
SEKOLAH TINGGI ILMU KESEHATAN KARYA KESEHATAN,SULAWESI TENGGARA,BAIK,5500000.0,SULAWESI TENGGARA - Terjangkau (5-15 Jt) - Baik,-
UNIVERSITAS SAINS ISLAM AL MAWADDAH WARRAHMAH KOLAKA,SULAWESI TENGGARA,BAIK,5160000.0,SULAWESI TENGGARA - Terjangkau (5-15 Jt) - Baik,-
STKIP PELITA NUSANTARA BUTON,SULAWESI TENGGARA,BAIK,5100000.0,SULAWESI TENGGARA - Terjangkau (5-15 Jt) - Baik,-
SEKOLAH TINGGI ILMU KESEHATAN BUDI MULIA,SULAWESI TENGGARA,BAIK,5000000.0,SULAWESI TENGGARA - Terjangkau (5-15 Jt) - Baik,-
SEKOLAH TINGGI ILMU KOMPUTER 22 JANUARI KENDARI,SULAWESI TENGGARA,BAIK,5000000.0,SULAWESI TENGGARA - Terjangkau (5-15 Jt) - Baik,-
UNIVERSITAS MUSLIM BUTON,SULAWESI TENGGARA,BAIK,5000000.0,SULAWESI TENGGARA - Terjangkau (5-15 Jt) - Baik,-
INSTITUT TEKNOLOGI BISNIS DAN KESEHATAN MUHAMMADIYAH MUNA BARAT,SULAWESI TENGGARA,BAIK,4800000.0,SULAWESI TENGGARA - Terjangkau (5-15 Jt) - Baik,-
UNIVERSITAS KARYA PERSADA MUNA,SULAWESI TENGGARA,BAIK,4800000.0,SULAWESI TENGGARA - Terjangkau (5-15 Jt) - Baik,-
STMIK CATUR SAKTI KENDARI,SULAWESI TENGGARA,BAIK,4300000.0,SULAWESI TENGGARA - Terjangkau (5-15 Jt) - Baik,-
INSTITUT MEKONGGA,SULAWESI TENGGARA,BAIK,2777000.0,SULAWESI TENGGARA - Terjangkau (5-15 Jt) - Baik,-
INSTITUT TEKNOLOGI DAN BISNIS MUHAMMADIYAH WAKATOBI,SULAWESI TENGGARA,BAIK,2189999.0,SULAWESI TENGGARA - Terjangkau (5-15 Jt) - Baik,-
INSTITUT TEKNOLOGI KELAUTAN BUTON,SULAWESI TENGGARA,BAIK,2000000.0,SULAWESI TENGGARA - Terjangkau (5-15 Jt) - Baik,-
UNIVERSITAS KRISTEN INDONESIA TOMOHON,SULAWESI UTARA,BAIK,52160000.0,SULAWESI UTARA - Mahal (40-100 Jt) - Baik,-
UNIVERSITAS KATOLIK DE LA SALLE,SULAWESI UTARA,B,19270000.0,SULAWESI UTARA - Menengah (15-40 Jt) - Baik Sekali (B),https://campus.quipper.com/directory/universitas-katolik-de-la-salle
UNIVERSITAS KLABAT,SULAWESI UTARA,B,18125000.0,SULAWESI UTARA - Menengah (15-40 Jt) - Baik Sekali (B),https://rencanamu.id/cari-kampus/universitas-klabat
UNIVERSITAS MUHAMMADIYAH MANADO,SULAWESI UTARA,BAIK,17850000.0,SULAWESI UTARA - Menengah (15-40 Jt) - Baik,-
SEKOLAH TINGGI BISNIS DAN MANAJEMEN DUA SAUDARA,SULAWESI UTARA,BAIK,16750000.0,SULAWESI UTARA - Menengah (15-40 Jt) - Baik,-
SEKOLAH TINGGI ILMU PARIWISATA MANADO,SULAWESI UTARA,BAIK,10400000.0,SULAWESI UTARA - Terjangkau (5-15 Jt) - Baik,-
INSTITUT TEKNOLOGI MINAESA,SULAWESI UTARA,BAIK,10000000.0,SULAWESI UTARA - Terjangkau (5-15 Jt) - Baik,-
INSTITUT KESEHATAN DAN TEKNOLOGI JAINUDDIN,SULAWESI UTARA,BAIK,10000000.0,SULAWESI UTARA - Terjangkau (5-15 Jt) - Baik,-
SEKOLAH TINGGI ILMU KESEHATAN BETHESDA TOMOHON,SULAWESI UTARA,BAIK,9350000.0,SULAWESI UTARA - Terjangkau (5-15 Jt) - Baik,-
UNIVERSITAS PRISMA,SULAWESI UTARA,TIDAK TERAKREDITASI,9000000.0,SULAWESI UTARA - Terjangkau (5-15 Jt) - Baik,-
STMIK MULTICOM BOLAAN MONGONDOW,SULAWESI UTARA,BAIK,8000000.0,SULAWESI UTARA - Terjangkau (5-15 Jt) - Baik,-
SEKOLAH TINGGI ILMU EKONOMI PARIWISATA,SULAWESI UTARA,BAIK,7000000.0,SULAWESI UTARA - Terjangkau (5-15 Jt) - Baik,-
SEKOLAH TINGGI ILMU KESEHATAN GUNUNG MARIA TOMOHON,SULAWESI UTARA,BAIK,6200000.0,SULAWESI UTARA - Terjangkau (5-15 Jt) - Baik,-
UNIVERSITAS NUSANTARA MANADO,SULAWESI UTARA,BAIK,5835000.0,SULAWESI UTARA - Terjangkau (5-15 Jt) - Baik,-
SEKOLAH TINGGI ILMU EKONOMI EBEN HAEZER MANADO,SULAWESI UTARA,BAIK,5600000.0,SULAWESI UTARA - Terjangkau (5-15 Jt) - Baik,-
UNIVERSITAS DUMOGA KOTAMOBAGU,SULAWESI UTARA,BAIK,5250000.0,SULAWESI UTARA - Terjangkau (5-15 Jt) - Baik,-
STISIP MERDEKA MANADO,SULAWESI UTARA,BAIK,5000000.0,SULAWESI UTARA - Terjangkau (5-15 Jt) - Baik,-
SEKOLAH TINGGI ILMU EKONOMI PIONER MANADO,SULAWESI UTARA,BAIK,5000000.0,SULAWESI UTARA - Terjangkau (5-15 Jt) - Baik,-
INSTITUT SAINS DAN TEKNOLOGI ESA TRINITA,SULAWESI UTARA,BAIK,5000000.0,SULAWESI UTARA - Terjangkau (5-15 Jt) - Baik,-
SEKOLAH TINGGI ILMU EKONOMI WIDYA DARMA KOTAMOBAGU,SULAWESI UTARA,BAIK,4800000.0,SULAWESI UTARA - Terjangkau (5-15 Jt) - Baik,-
UNIVERSITAS PARNA RAYA,SULAWESI UTARA,BAIK,4540000.0,SULAWESI UTARA - Terjangkau (5-15 Jt) - Baik,-
UNIVERSITAS TRINITA,SULAWESI UTARA,BAIK,4000000.0,SULAWESI UTARA - Terjangkau (5-15 Jt) - Baik,-
INSTITUT KESEHATAN DAN TEKNOLOGI GRAHA MEDIKA,SULAWESI UTARA,BAIK,4000000.0,SULAWESI UTARA - Terjangkau (5-15 Jt) - Baik,-
SEKOLAH TINGGI FILSAFAT SEMINARI PINELENG,SULAWESI UTARA,B,3870000.0,SULAWESI UTARA - Menengah (15-40 Jt) - Baik Sekali (B),-
UNIVERSITAS BAITURRAHMAH,SUMATERA BARAT,A,36300000.0,SUMATERA BARAT - Menengah (15-40 Jt) - Baik Sekali (B),https://rencanamu.id/cari-kampus/universitas-baiturrahmah
UNIVERSITAS PERINTIS INDONESIA,SUMATERA BARAT,B,33500000.0,SUMATERA BARAT - Menengah (15-40 Jt) - Baik Sekali (B),-
UNIVERSITAS MAHAPUTRA MUHAMMAD YAMIN,SUMATERA BARAT,BAIK SEKALI,24850000.0,SUMATERA BARAT - Menengah (15-40 Jt) - Baik Sekali (B),-
UNIVERSITAS SYEDZA SAINTIKA,SUMATERA BARAT,B,20000000.0,SUMATERA BARAT - Menengah (15-40 Jt) - Baik Sekali (B),-
UNIVERSITAS FORT DE KOCK,SUMATERA BARAT,BAIK SEKALI,19500000.0,SUMATERA BARAT - Menengah (15-40 Jt) - Baik Sekali (B),-
UNIVERSITAS BUNG HATTA,SUMATERA BARAT,B,17804000.0,SUMATERA BARAT - Menengah (15-40 Jt) - Baik Sekali (B),https://rencanamu.id/cari-kampus/universitas-bung-hatta
SEKOLAH TINGGI ILMU FARMASI PADANG,SUMATERA BARAT,BAIK SEKALI,16100000.0,SUMATERA BARAT - Menengah (15-40 Jt) - Baik Sekali (B),-
UNIVERSITAS ALIFAH PADANG,SUMATERA BARAT,BAIK SEKALI,15000000.0,SUMATERA BARAT - Menengah (15-40 Jt) - Baik Sekali (B),-
INSTITUT TEKNOLOGI PADANG,SUMATERA BARAT,B,14000000.0,SUMATERA BARAT - Terjangkau (5-15 Jt) - Baik Sekali (B),https://campus.quipper.com/directory/institut-teknologi-padang
SEKOLAH TINGGI ILMU KESEHATAN INDONESIA,SUMATERA BARAT,BAIK,13700000.0,SUMATERA BARAT - Terjangkau (5-15 Jt) - Baik,-
UNIVERSITAS MUHAMMADIYAH SUMATERA BARAT,SUMATERA BARAT,BAIK SEKALI,13287500.0,SUMATERA BARAT - Terjangkau (5-15 Jt) - Baik Sekali (B),-
STIKES DHARMA LANDBOUW,SUMATERA BARAT,B,13000000.0,SUMATERA BARAT - Terjangkau (5-15 Jt) - Baik Sekali (B),-
UNIVERSITAS MERCUBAKTIJAYA,SUMATERA BARAT,B,12622500.0,SUMATERA BARAT - Terjangkau (5-15 Jt) - Baik Sekali (B),-
UNIVERSITAS MOHAMMAD NATSIR BUKITTINGGI,SUMATERA BARAT,BAIK SEKALI,12160000.0,SUMATERA BARAT - Terjangkau (5-15 Jt) - Baik Sekali (B),-
SEKOLAH TINGGI ILMU EKONOMI PERDAGANGAN,SUMATERA BARAT,BAIK,11082500.0,SUMATERA BARAT - Terjangkau (5-15 Jt) - Baik,-
STIKES RANAH MINANG,SUMATERA BARAT,BAIK,11000000.0,SUMATERA BARAT - Terjangkau (5-15 Jt) - Baik,-
INSTITUT TEKNOLOGI DAN BISNIS HAJI AGUS SALIM BUKITTINGGI,SUMATERA BARAT,BAIK,10500000.0,SUMATERA BARAT - Terjangkau (5-15 Jt) - Baik,-
UNIVERSITAS DHARMAS INDONESIA,SUMATERA BARAT,BAIK,10297500.0,SUMATERA BARAT - Terjangkau (5-15 Jt) - Baik,-
UNIVERSITAS PGRI SUMATERA BARAT,SUMATERA BARAT,B,10100000.0,SUMATERA BARAT - Terjangkau (5-15 Jt) - Baik Sekali (B),-
SEKOLAH TINGGI ILMU EKONOMI KBP,SUMATERA BARAT,B,10000000.0,SUMATERA BARAT - Terjangkau (5-15 Jt) - Baik Sekali (B),-
UNIVERSITAS DHARMA ANDALAS,SUMATERA BARAT,BAIK SEKALI,8300000.0,SUMATERA BARAT - Terjangkau (5-15 Jt) - Baik Sekali (B),-
UNIVERSITAS ADZKIA,SUMATERA BARAT,B,8300000.0,SUMATERA BARAT - Terjangkau (5-15 Jt) - Baik Sekali (B),-
AMIK BUKITTINGGI,SUMATERA BARAT,BAIK,8300000.0,SUMATERA BARAT - Terjangkau (5-15 Jt) - Baik,-
SEKOLAH TINGGI ILMU EKONOMI PERBANKAN INDONESIA,SUMATERA BARAT,BAIK,8200000.0,SUMATERA BARAT - Terjangkau (5-15 Jt) - Baik,-
UNIVERSITAS METAMEDIA,SUMATERA BARAT,B,7500000.0,SUMATERA BARAT - Terjangkau (5-15 Jt) - Baik Sekali (B),-
INSTITUT TEKNOLOGI DAN ILMU SOSIAL KHATULISTIWA,SUMATERA BARAT,B,7500000.0,SUMATERA BARAT - Terjangkau (5-15 Jt) - Baik Sekali (B),-
UNIVERSITAS PRIMA NUSANTARA BUKITTINGGI,SUMATERA BARAT,UNGGUL,7410000.0,SUMATERA BARAT - Terjangkau (5-15 Jt) - Unggul (A),-
UNIVERSITAS SUMATERA BARAT,SUMATERA BARAT,B,7350000.0,SUMATERA BARAT - Terjangkau (5-15 Jt) - Baik Sekali (B),-
STIH PUTRI MAHARAJA,SUMATERA BARAT,BAIK,7250000.0,SUMATERA BARAT - Terjangkau (5-15 Jt) - Baik,-
STIKES PIALA SAKTI PARIAMAN,SUMATERA BARAT,BAIK,7200000.0,SUMATERA BARAT - Terjangkau (5-15 Jt) - Baik,-
UNIVERSITAS PUTRA INDONESIA YPTK PADANG,SUMATERA BARAT,B,6950000.0,SUMATERA BARAT - Terjangkau (5-15 Jt) - Baik Sekali (B),https://rencanamu.id/cari-kampus/universitas-putra-indonesia-yptk-padang
UNIVERSITAS TAMANSISWA,SUMATERA BARAT,BAIK SEKALI,6500001.0,SUMATERA BARAT - Terjangkau (5-15 Jt) - Baik Sekali (B),-
STKIP AHLUSSUNNAH,SUMATERA BARAT,BAIK,6400000.0,SUMATERA BARAT - Terjangkau (5-15 Jt) - Baik,-
STKIP NASIONAL,SUMATERA BARAT,BAIK,6000000.0,SUMATERA BARAT - Terjangkau (5-15 Jt) - Baik,-
UNIVERSITAS EKASAKTI,SUMATERA BARAT,B,5750000.0,SUMATERA BARAT - Terjangkau (5-15 Jt) - Baik Sekali (B),https://rencanamu.id/cari-kampus/universitas-ekasakti
SEKOLAH TINGGI ILMU ADMINISTRASI ADABIAH,SUMATERA BARAT,BAIK,5250000.0,SUMATERA BARAT - Terjangkau (5-15 Jt) - Baik,-
SEKOLAH TINGGI BAHASA ASING PRAYOGA,SUMATERA BARAT,BAIK,5150000.0,SUMATERA BARAT - Terjangkau (5-15 Jt) - Baik,-
APIKES IRIS,SUMATERA BARAT,BAIK,5050000.0,SUMATERA BARAT - Terjangkau (5-15 Jt) - Baik,-
UNIVERSITAS ISLAM SUMATERA BARAT,SUMATERA BARAT,BAIK,5000000.0,SUMATERA BARAT - Terjangkau (5-15 Jt) - Baik,-
UNIVERSITAS NAHDLATUL ULAMA SUMATERA BARAT,SUMATERA BARAT,BAIK,4800000.0,SUMATERA BARAT - Terjangkau (5-15 Jt) - Baik,-
STIE WIDYASWARA INDONESIA,SUMATERA BARAT,BAIK,4600000.0,SUMATERA BARAT - Terjangkau (5-15 Jt) - Baik,-
STIA BINA NUSANTARA MANDIRI PARIAMAN,SUMATERA BARAT,BAIK,4400000.0,SUMATERA BARAT - Terjangkau (5-15 Jt) - Baik,-
STISIP IMAM BONJOL,SUMATERA BARAT,BAIK,4000000.0,SUMATERA BARAT - Terjangkau (5-15 Jt) - Baik,-
STKIP WIDYASWARA INDONESIA,SUMATERA BARAT,BAIK,2700000.0,SUMATERA BARAT - Terjangkau (5-15 Jt) - Baik,-
SEKOLAH TINGGI ILMU EKONOMI EL HAKIM,SUMATERA BARAT,BAIK,2640000.0,SUMATERA BARAT - Terjangkau (5-15 Jt) - Baik,-
UNIVERSITAS PGRI PALEMBANG,SUMATERA SELATAN,B,401975000.0,SUMATERA SELATAN - Sultan (> 100 Jt) - Baik Sekali (B),https://rencanamu.id/cari-kampus/universitas-pgri-palembang
UNIVERSITAS INDO GLOBAL MANDIRI,SUMATERA SELATAN,TERAKREDITASI,55000000.0,SUMATERA SELATAN - Mahal (40-100 Jt) - Baik,-
UNIVERSITAS AISYIYAH PALEMBANG,SUMATERA SELATAN,BAIK,45650000.0,SUMATERA SELATAN - Terjangkau (5-15 Jt) - Baik,-
SEKOLAH TINGGI ILMU EKONOMI APRIN,SUMATERA SELATAN,B,45500000.0,SUMATERA SELATAN - Terjangkau (5-15 Jt) - Baik Sekali (B),-
SEKOLAH TINGGI ILMU KESEHATAN BUDI MULIA SRIWIJAYA,SUMATERA SELATAN,BAIK,41600000.0,SUMATERA SELATAN - Terjangkau (5-15 Jt) - Baik,-
UNIVERSITAS SERELO LAHAT,SUMATERA SELATAN,BAIK SEKALI,39700000.0,SUMATERA SELATAN - Terjangkau (5-15 Jt) - Baik Sekali (B),-
UNIVERSITAS MUHAMMADIYAH PALEMBANG,SUMATERA SELATAN,UNGGUL,38610000.0,SUMATERA SELATAN - Menengah (15-40 Jt) - Unggul (A),https://rencanamu.id/cari-kampus/universitas-muhammadiyah-palembang
UNIVERSITAS PGRI SILAMPARI,SUMATERA SELATAN,BAIK SEKALI,28572900.0,SUMATERA SELATAN - Terjangkau (5-15 Jt) - Baik Sekali (B),-
SEKOLAH TINGGI ILMU EKONOMI DWI SAKTI BATURAJA,SUMATERA SELATAN,BAIK,26800000.0,SUMATERA SELATAN - Terjangkau (5-15 Jt) - Baik,-
SEKOLAH TINGGI ILMU KESEHATAN HESTI WIRA SRIWIJAYA,SUMATERA SELATAN,BAIK SEKALI,25100000.0,SUMATERA SELATAN - Terjangkau (5-15 Jt) - Baik Sekali (B),-
SEKOLAH TINGGI ILMU KESEHATAN SITI KHADIJAH,SUMATERA SELATAN,BAIK,24025000.0,SUMATERA SELATAN - Terjangkau (5-15 Jt) - Baik,-
INSTITUT TEKNOLOGI DAN BISNIS NASIONAL,SUMATERA SELATAN,BAIK,22800000.0,SUMATERA SELATAN - Terjangkau (5-15 Jt) - Baik,-
SEKOLAH TINGGI ILMU KESEHATAN ABDURAHMAN PALEMBANG,SUMATERA SELATAN,BAIK,21350000.0,SUMATERA SELATAN - Terjangkau (5-15 Jt) - Baik,-
SEKOLAH TINGGI ILMU KESEHATAN BINA HUSADA,SUMATERA SELATAN,BAIK SEKALI,18365000.0,SUMATERA SELATAN - Terjangkau (5-15 Jt) - Baik Sekali (B),-
UNIVERSITAS KATOLIK MUSI CHARITAS,SUMATERA SELATAN,B,18000000.0,SUMATERA SELATAN - Terjangkau (5-15 Jt) - Baik Sekali (B),https://rencanamu.id/cari-kampus/universitas-katolik-musi-charitas
SEKOLAH TINGGI ILMU EKONOMI TRISNA NEGARA,SUMATERA SELATAN,BAIK,17500000.0,SUMATERA SELATAN - Terjangkau (5-15 Jt) - Baik,-
UNIVERSITAS MULTI DATA PALEMBANG,SUMATERA SELATAN,BAIK SEKALI,16500000.0,SUMATERA SELATAN - Terjangkau (5-15 Jt) - Baik Sekali (B),-
SEKOLAH TINGGI ILMU FARMASI BHAKTI PERTIWI,SUMATERA SELATAN,BAIK SEKALI,12550000.0,SUMATERA SELATAN - Terjangkau (5-15 Jt) - Baik Sekali (B),-
SEKOLAH TINGGI ILMU KESEHATAN AL-SU'AIBAH,SUMATERA SELATAN,BAIK,11650000.0,SUMATERA SELATAN - Terjangkau (5-15 Jt) - Baik,-
UNIVERSITAS BINA DARMA,SUMATERA SELATAN,B,11500000.0,SUMATERA SELATAN - Terjangkau (5-15 Jt) - Baik Sekali (B),https://campus.quipper.com/directory/universitas-bina-darma
UNIVERSITAS KADER BANGSA,SUMATERA SELATAN,BAIK SEKALI,10700000.0,SUMATERA SELATAN - Terjangkau (5-15 Jt) - Baik Sekali (B),-
UNIVERSITAS IBA,SUMATERA SELATAN,BAIK,9181250.0,SUMATERA SELATAN - Terjangkau (5-15 Jt) - Baik,-
UNIVERSITAS SERASAN,SUMATERA SELATAN,BAIK,8500000.0,SUMATERA SELATAN - Terjangkau (5-15 Jt) - Baik,-
SEKOLAH TINGGI ILMU KESEHATAN DONA PALEMBANG,SUMATERA SELATAN,BAIK,8500000.0,SUMATERA SELATAN - Terjangkau (5-15 Jt) - Baik,-
SEKOLAH TINGGI ILMU KESEHATAN AL MA ARIF,SUMATERA SELATAN,BAIK,8500000.0,SUMATERA SELATAN - Terjangkau (5-15 Jt) - Baik,-
SEKOLAH TINGGI KESEHATAN PONDOK PESANTREN ASSANADIYAH PALEMBANG,SUMATERA SELATAN,BAIK,7800000.0,SUMATERA SELATAN - Terjangkau (5-15 Jt) - Baik,-
SEKOLAH TINGGI ILMU KESEHATAN FITRAH ALDAR,SUMATERA SELATAN,BAIK,7500000.0,SUMATERA SELATAN - Terjangkau (5-15 Jt) - Baik,-
UNIVERSITAS MUSI RAWAS,SUMATERA SELATAN,BAIK,7500000.0,SUMATERA SELATAN - Terjangkau (5-15 Jt) - Baik,-
UNIVERSITAS NURUL HUDA,SUMATERA SELATAN,BAIK,7120000.0,SUMATERA SELATAN - Terjangkau (5-15 Jt) - Baik,-
UNIVERSITAS TRIDINANTI,SUMATERA SELATAN,B,7000000.0,SUMATERA SELATAN - Terjangkau (5-15 Jt) - Baik Sekali (B),https://rencanamu.id/cari-kampus/universitas-tridinanti
UNIVERSITAS PRABUMULIH,SUMATERA SELATAN,BAIK,6800000.0,SUMATERA SELATAN - Terjangkau (5-15 Jt) - Baik,-
SEKOLAH TINGGI ILMU KESEHATAN MITRA ADIGUNA,SUMATERA SELATAN,BAIK,6750000.0,SUMATERA SELATAN - Terjangkau (5-15 Jt) - Baik,-
INSTITUT TEKNOLOGI PAGAR ALAM,SUMATERA SELATAN,BAIK,6500000.0,SUMATERA SELATAN - Terjangkau (5-15 Jt) - Baik,-
SEKOLAH TINGGI ILMU ADMINISTRASI SATYA NEGARA,SUMATERA SELATAN,BAIK SEKALI,6400000.0,SUMATERA SELATAN - Terjangkau (5-15 Jt) - Baik Sekali (B),-
SEKOLAH TINGGI ILMU EKONOMI MULIA DARMA PRATAMA,SUMATERA SELATAN,BAIK,6100000.0,SUMATERA SELATAN - Terjangkau (5-15 Jt) - Baik,-
SEKOLAH TINGGI KEGURUAN DAN ILMU PENDIDIKAN MUHAMMADIYAH OKU TIMUR,SUMATERA SELATAN,BAIK,6000000.0,SUMATERA SELATAN - Terjangkau (5-15 Jt) - Baik,-
SEKOLAH TINGGI ILMU PERTANIAN SRIWIGAMA,SUMATERA SELATAN,BAIK,5600000.0,SUMATERA SELATAN - Terjangkau (5-15 Jt) - Baik,-
UNIVERSITAS SJAKHYAKIRTI,SUMATERA SELATAN,B,5400000.0,SUMATERA SELATAN - Terjangkau (5-15 Jt) - Baik Sekali (B),https://campus.quipper.com/directory/universitas-sjakhyakirti
INSTITUT RAHMANIYAH SEKAYU,SUMATERA SELATAN,BAIK,5000000.0,SUMATERA SELATAN - Terjangkau (5-15 Jt) - Baik,-
SEKOLAH TINGGI ILMU PERTANIAN BELITANG,SUMATERA SELATAN,BAIK,5000000.0,SUMATERA SELATAN - Terjangkau (5-15 Jt) - Baik,-
INSTITUT TEKNOLOGI DAN SAINS NAHDLATUL ULAMA SRIWIJAYA SUMATERA SELATAN,SUMATERA SELATAN,BAIK,5000000.0,SUMATERA SELATAN - Terjangkau (5-15 Jt) - Baik,-
UNIVERSITAS BATURAJA,SUMATERA SELATAN,BAIK SEKALI,4800000.0,SUMATERA SELATAN - Terjangkau (5-15 Jt) - Baik Sekali (B),https://rencanamu.id/cari-kampus/universitas-baturaja
INSTITUT TEKNOLOGI DAN BISNIS BINA SRIWIJAYA PALEMBANG,SUMATERA SELATAN,BAIK,4800000.0,SUMATERA SELATAN - Terjangkau (5-15 Jt) - Baik,-
UNIVERSITAS BINA INSAN,SUMATERA SELATAN,BAIK,4620000.0,SUMATERA SELATAN - Terjangkau (5-15 Jt) - Baik,-
UNIVERSITAS SUMATERA SELATAN,SUMATERA SELATAN,BAIK,4350000.0,SUMATERA SELATAN - Terjangkau (5-15 Jt) - Baik,-
INSTITUT TEKNOLOGI MUHAMMADIYAH SUMATERA,SUMATERA SELATAN,BAIK,2640000.0,SUMATERA SELATAN - Terjangkau (5-15 Jt) - Baik,-
UNIVERSITAS PALEMBANG,SUMATERA SELATAN,BAIK SEKALI,2500000.0,SUMATERA SELATAN - Terjangkau (5-15 Jt) - Baik Sekali (B),-
INSTITUT KESEHATAN MEDISTRA LUBUK PAKAM,SUMATERA UTARA,UNGGUL,62000000.0,SUMATERA UTARA - Mahal (40-100 Jt) - Baik Sekali (B),-
UNIVERSITAS METHODIST INDONESIA,SUMATERA UTARA,B,50000000.0,SUMATERA UTARA - Mahal (40-100 Jt) - Baik Sekali (B),https://campus.quipper.com/directory/universitas-methodist-indonesia
STIKES SENIOR MEDAN,SUMATERA UTARA,BAIK,46200000.0,SUMATERA UTARA - Mahal (40-100 Jt) - Baik Sekali (B),-
INSTITUT KESEHATAN HELVETIA,SUMATERA UTARA,B,42400000.0,SUMATERA UTARA - Mahal (40-100 Jt) - Baik Sekali (B),-
UNIVERSITAS KATOLIK SANTO THOMAS,SUMATERA UTARA,B,40335000.0,SUMATERA UTARA - Mahal (40-100 Jt) - Baik Sekali (B),https://rencanamu.id/cari-kampus/universitas-katolik-santo-thomas
INSTITUT KESEHATAN DELI HUSADA DELI TUA,SUMATERA UTARA,UNGGUL,33500000.0,SUMATERA UTARA - Menengah (15-40 Jt) - Baik Sekali (B),-
UNIVERSITAS BUDI DARMA,SUMATERA UTARA,BAIK,32500000.0,SUMATERA UTARA - Menengah (15-40 Jt) - Baik,-
UNIVERSITAS SIMALUNGUN,SUMATERA UTARA,B,30275000.0,SUMATERA UTARA - Menengah (15-40 Jt) - Baik Sekali (B),https://campus.quipper.com/directory/universitas-simalungun
UNIVERSITAS PRIMA INDONESIA,SUMATERA UTARA,B,30000001.0,SUMATERA UTARA - Menengah (15-40 Jt) - Baik Sekali (B),https://campus.quipper.com/directory/universitas-prima-indonesia
INSTITUT TEKNOLOGI SAWIT INDONESIA,SUMATERA UTARA,BAIK,28250000.0,SUMATERA UTARA - Menengah (15-40 Jt) - Baik,-
UNIVERSITAS ISLAM SUMATERA UTARA,SUMATERA UTARA,B,25000001.0,SUMATERA UTARA - Menengah (15-40 Jt) - Baik Sekali (B),https://campus.quipper.com/directory/universitas-islam-sumatera-utara-uisu
SEKOLAH TINGGI ILMU KESEHATAN MITRA SEJATI,SUMATERA UTARA,BAIK,24600000.0,SUMATERA UTARA - Menengah (15-40 Jt) - Baik,-
INSTITUT TEKNOLOGI DAN SAINS PADANG LAWAS UTARA,SUMATERA UTARA,BAIK,22000000.0,SUMATERA UTARA - Menengah (15-40 Jt) - Baik,-
UNIVERSITAS DARMA AGUNG,SUMATERA UTARA,BAIK,21200000.0,SUMATERA UTARA - Menengah (15-40 Jt) - Baik,-
INSTITUT BISNIS INFORMASI TEKNOLOGI DAN BISNIS,SUMATERA UTARA,BAIK,21000000.0,SUMATERA UTARA - Menengah (15-40 Jt) - Baik,-
UNIVERSITAS AL WASHLIYAH,SUMATERA UTARA,BAIK,19500000.0,SUMATERA UTARA - Menengah (15-40 Jt) - Baik,-
UNIVERSITAS MEDAN AREA,SUMATERA UTARA,B,17250000.0,SUMATERA UTARA - Terjangkau (5-15 Jt) - Baik Sekali (B),https://rencanamu.id/cari-kampus/universitas-medan-area
UNIVERSITAS MUSLIM NUSANTARA AL-WASHLIYAH,SUMATERA UTARA,UNGGUL,16575000.0,SUMATERA UTARA - Menengah (15-40 Jt) - Baik Sekali (B),-
SEKOLAH TINGGI ILMU KESEHATAN BINALITA SUDAMA,SUMATERA UTARA,BAIK,16000000.0,SUMATERA UTARA - Menengah (15-40 Jt) - Baik,-
UNIVERSITAS PEMBANGUNAN PANCA BUDI,SUMATERA UTARA,B,15000000.0,SUMATERA UTARA - Terjangkau (5-15 Jt) - Baik Sekali (B),https://campus.quipper.com/directory/universitas-pembangunan-panca-budi
UNIVERSITAS IMELDA MEDAN,SUMATERA UTARA,BAIK SEKALI,14500000.0,SUMATERA UTARA - Terjangkau (5-15 Jt) - Baik Sekali (B),-
UNIVERSITAS ADVENT SURYA NUSANTARA,SUMATERA UTARA,BAIK,14100000.0,SUMATERA UTARA - Menengah (15-40 Jt) - Baik,-
INSTITUT MODERN ARSITEKTUR DAN TEKNOLOGI,SUMATERA UTARA,BAIK,14000000.0,SUMATERA UTARA - Menengah (15-40 Jt) - Baik,-
UNIVERSITAS LABUHANBATU,SUMATERA UTARA,B,13500000.0,SUMATERA UTARA - Terjangkau (5-15 Jt) - Baik Sekali (B),-
UNIVERSITAS MIKROSKIL,SUMATERA UTARA,B,12500000.0,SUMATERA UTARA - Terjangkau (5-15 Jt) - Baik Sekali (B),-
UNIVERSITAS AMIR HAMZAH,SUMATERA UTARA,BAIK,12350000.0,SUMATERA UTARA - Terjangkau (5-15 Jt) - Baik,-
INSTITUT KESEHATAN SUMATERA UTARA,SUMATERA UTARA,BAIK,12200000.0,SUMATERA UTARA - Terjangkau (5-15 Jt) - Baik,-
UNIVERSITAS MUHAMMADIYAH SUMATERA UTARA,SUMATERA UTARA,B,12000000.0,SUMATERA UTARA - Terjangkau (5-15 Jt) - Baik Sekali (B),https://campus.quipper.com/directory/universitas-muhammadiyah-sumatera-utara
SEKOLAH TINGGI ILMU KESEHATAN MITRA HUSADA MEDAN,SUMATERA UTARA,UNGGUL,11750000.0,SUMATERA UTARA - Menengah (15-40 Jt) - Baik Sekali (B),-
SEKOLAH TINGGI ILMU EKONOMI PROFESSIONAL MANAJEMEN COLLEGE INDONESIA,SUMATERA UTARA,B,10800000.0,SUMATERA UTARA - Terjangkau (5-15 Jt) - Baik Sekali (B),-
UNIVERSITAS AUDI INDONESIA,SUMATERA UTARA,BAIK,10600000.0,SUMATERA UTARA - Terjangkau (5-15 Jt) - Baik,-
STIKES SITI HAJAR,SUMATERA UTARA,BAIK,10400000.0,SUMATERA UTARA - Terjangkau (5-15 Jt) - Baik,-
UNIVERSITAS POTENSI UTAMA,SUMATERA UTARA,BAIK SEKALI,10325000.0,SUMATERA UTARA - Terjangkau (5-15 Jt) - Baik Sekali (B),-
SEKOLAH TINGGI ILMU KESEHATAN SEHATI,SUMATERA UTARA,BAIK,10050000.0,SUMATERA UTARA - Terjangkau (5-15 Jt) - Baik,-
INSTITUT SAINS DAN TEKNOLOGI TD PARDEDE,SUMATERA UTARA,BAIK,9750000.0,SUMATERA UTARA - Terjangkau (5-15 Jt) - Baik,https://rencanamu.id/cari-kampus/institut-sains-dan-teknologi-td-pardede
UNIVERSITAS SATYA TERRA BHINNEKA,SUMATERA UTARA,BAIK,9600000.0,SUMATERA UTARA - Terjangkau (5-15 Jt) - Baik,-
INSTITUT BISNIS DAN KOMPUTER INDONESIA,SUMATERA UTARA,BAIK,9500000.0,SUMATERA UTARA - Terjangkau (5-15 Jt) - Baik,-
UNIVERSITAS BATTUTA,SUMATERA UTARA,BAIK SEKALI,9000000.0,SUMATERA UTARA - Terjangkau (5-15 Jt) - Baik Sekali (B),-
UNIVERSITAS IBBI,SUMATERA UTARA,BAIK SEKALI,8925000.0,SUMATERA UTARA - Terjangkau (5-15 Jt) - Baik Sekali (B),-
SEKOLAH TINGGI ILMU KESEHATAN INDAH MEDAN,SUMATERA UTARA,BAIK,8100000.0,SUMATERA UTARA - Terjangkau (5-15 Jt) - Baik,-
UNIVERSITAS MUSLIM NUSANTARA AL,SUMATERA UTARA,B,8000000.0,SUMATERA UTARA - Terjangkau (5-15 Jt) - Baik Sekali (B),https://rencanamu.id/cari-kampus/universitas-muslim-nusantara-al-wasliyah
SEKOLAH TINGGI ILMU EKONOMI SULTAN AGUNG,SUMATERA UTARA,BAIK,8000000.0,SUMATERA UTARA - Terjangkau (5-15 Jt) - Baik,-
UNIVERSITAS PUTRA ABADI LANGKAT,SUMATERA UTARA,BAIK,8000000.0,SUMATERA UTARA - Terjangkau (5-15 Jt) - Baik,-
SEKOLAH TINGGI ILMU KESEHATAN ARTA KABANJAHE,SUMATERA UTARA,BAIK,8000000.0,SUMATERA UTARA - Terjangkau (5-15 Jt) - Baik,-
SEKOLAH TINGGI ILMU MANAJEMEN SUKMA,SUMATERA UTARA,B,8000000.0,SUMATERA UTARA - Terjangkau (5-15 Jt) - Baik Sekali (B),-
UNIVERSITAS HKBP NOMMENSEN PEMATANGSIANTAR,SUMATERA UTARA,BAIK SEKALI,7800000.0,SUMATERA UTARA - Terjangkau (5-15 Jt) - Baik Sekali (B),-
INSTITUT TEKNOLOGI DEL,SUMATERA UTARA,BAIK SEKALI,7650000.0,SUMATERA UTARA - Terjangkau (5-15 Jt) - Baik Sekali (B),-
UNIVERSITAS AL-AZHAR,SUMATERA UTARA,BAIK,7500000.0,SUMATERA UTARA - Terjangkau (5-15 Jt) - Baik,-
UNIVERSITAS QUALITY,SUMATERA UTARA,BAIK,7400001.0,SUMATERA UTARA - Terjangkau (5-15 Jt) - Baik,https://rencanamu.id/cari-kampus/universitas-quality
STMIK TRIGUNA DHARMA,SUMATERA UTARA,B,7136000.0,SUMATERA UTARA - Terjangkau (5-15 Jt) - Baik Sekali (B),https://rencanamu.id/cari-kampus/stmik-triguna-dharma
UNIVERSITAS HKBP NOMMENSEN,SUMATERA UTARA,B,7000000.0,SUMATERA UTARA - Terjangkau (5-15 Jt) - Baik Sekali (B),https://campus.quipper.com/directory/universitas-hkbp-nommensen
STIKES SAKINAH HUSADA TANJUNG BALAI,SUMATERA UTARA,BAIK,7000000.0,SUMATERA UTARA - Terjangkau (5-15 Jt) - Baik,-
UNIVERSITAS HARAPAN MEDAN,SUMATERA UTARA,BAIK,7000000.0,SUMATERA UTARA - Terjangkau (5-15 Jt) - Baik,-
SEKOLAH TINGGI ILMU KESEHATAN DARMO,SUMATERA UTARA,BAIK,7000000.0,SUMATERA UTARA - Terjangkau (5-15 Jt) - Baik,-
STIKES NAULI HUSADA,SUMATERA UTARA,BAIK,7000000.0,SUMATERA UTARA - Terjangkau (5-15 Jt) - Baik,-
SEKOLAH TINGGI ILMU KESEHATAN SEHAT MEDAN,SUMATERA UTARA,BAIK,7000000.0,SUMATERA UTARA - Terjangkau (5-15 Jt) - Baik,-
SEKOLAH TINGGI ILMU KOMUNIKASI PEMBANGUNAN,SUMATERA UTARA,BAIK,7000000.0,SUMATERA UTARA - Terjangkau (5-15 Jt) - Baik,-
SEKOLAH TINGGI ILMU KESEHATAN COLUMBIA ASIA,SUMATERA UTARA,BAIK,6973500.0,SUMATERA UTARA - Terjangkau (5-15 Jt) - Baik,-
UNIVERSITAS MURNI TEGUH,SUMATERA UTARA,BAIK SEKALI,6890000.0,SUMATERA UTARA - Terjangkau (5-15 Jt) - Baik Sekali (B),-
STMIK PELITA NUSANTARA,SUMATERA UTARA,BAIK SEKALI,6875000.0,SUMATERA UTARA - Terjangkau (5-15 Jt) - Baik Sekali (B),-
STKIP BUDIDAYA,SUMATERA UTARA,BAIK,6860000.0,SUMATERA UTARA - Terjangkau (5-15 Jt) - Baik,-
UNIVERSITAS PEMBINAAN MASYARAKAT INDONESIA,SUMATERA UTARA,BAIK,6560000.0,SUMATERA UTARA - Terjangkau (5-15 Jt) - Baik,-
INSTITUT TEKNOLOGI DAN KESEHATAN SUMATERA UTARA,SUMATERA UTARA,BAIK,6500000.0,SUMATERA UTARA - Terjangkau (5-15 Jt) - Baik,-
UNIVERSITAS MANDIRI BINA PRESTASI,SUMATERA UTARA,BAIK,6400000.0,SUMATERA UTARA - Terjangkau (5-15 Jt) - Baik,-
SEKOLAH TINGGI ILMU EKONOMI EKA PRASETYA,SUMATERA UTARA,BAIK SEKALI,6250000.0,SUMATERA UTARA - Terjangkau (5-15 Jt) - Baik Sekali (B),-
UNIVERSITAS MUHAMMADIYAH TAPANULI SELATAN,SUMATERA UTARA,B,6166000.0,SUMATERA UTARA - Terjangkau (5-15 Jt) - Baik Sekali (B),https://rencanamu.id/cari-kampus/universitas-muhammadiyah-tapanuli-selatan
SEKOLAH TINGGI MANAJEMEN INFORMATIKA DAN KOMPUTER MULIA DARMA,SUMATERA UTARA,BAIK,6150000.0,SUMATERA UTARA - Terjangkau (5-15 Jt) - Baik,-
UNIVERSITAS HAJI SUMATERA UTARA,SUMATERA UTARA,BAIK SEKALI,6100000.0,SUMATERA UTARA - Terjangkau (5-15 Jt) - Baik Sekali (B),-
STIKES WIDYA HUSADA MEDAN,SUMATERA UTARA,BAIK,6000000.0,SUMATERA UTARA - Terjangkau (5-15 Jt) - Baik,-
SEKOLAH TINGGI ILMU KESEHATAN SENTRAL,SUMATERA UTARA,BAIK,6000000.0,SUMATERA UTARA - Terjangkau (5-15 Jt) - Baik,-
STIKES DARMAIS PADANGSIDIMPUAN,SUMATERA UTARA,BAIK,6000000.0,SUMATERA UTARA - Terjangkau (5-15 Jt) - Baik,-
SEKOLAH TINGGI TEKNOLOGI IMMANUEL,SUMATERA UTARA,BAIK,6000000.0,SUMATERA UTARA - Terjangkau (5-15 Jt) - Baik,-
SEKOLAH TINGGI ILMU EKONOMI MARS,SUMATERA UTARA,BAIK,6000000.0,SUMATERA UTARA - Terjangkau (5-15 Jt) - Baik,-
STMIK KRISTEN NEUMANN INDONESIA,SUMATERA UTARA,BAIK,6000000.0,SUMATERA UTARA - Terjangkau (5-15 Jt) - Baik,-
SEKOLAH TINGGI ILMU KESEHATAN FLORA,SUMATERA UTARA,BAIK,6000000.0,SUMATERA UTARA - Terjangkau (5-15 Jt) - Baik,-
INSTITUT TEKNOLOGI DAN BISNIS CARNEGIE,SUMATERA UTARA,BAIK,6000000.0,SUMATERA UTARA - Terjangkau (5-15 Jt) - Baik,-
SEKOLAH TINGGI ILMU KESEHATAN MALAHAYATI MEDAN,SUMATERA UTARA,BAIK,5900000.0,SUMATERA UTARA - Terjangkau (5-15 Jt) - Baik,-
UNIVERSITAS QUALITY BERASTAGI,SUMATERA UTARA,BAIK,5700000.0,SUMATERA UTARA - Terjangkau (5-15 Jt) - Baik,-
STMIK KAPUTAMA,SUMATERA UTARA,B,5700000.0,SUMATERA UTARA - Terjangkau (5-15 Jt) - Baik Sekali (B),-
SEKOLAH TINGGI ILMU KESEHATAN KESEHATAN BARU,SUMATERA UTARA,BAIK,5700000.0,SUMATERA UTARA - Terjangkau (5-15 Jt) - Baik,-
UNIVERSITAS DEZTRON INDONESIA,SUMATERA UTARA,BAIK,5600000.0,SUMATERA UTARA - Terjangkau (5-15 Jt) - Baik,-
UNIVERSITAS DELI SUMATERA,SUMATERA UTARA,BAIK,5500000.0,SUMATERA UTARA - Terjangkau (5-15 Jt) - Baik,-
SEKOLAH TINGGI ILMU EKONOMI BINA KARYA,SUMATERA UTARA,B,5500000.0,SUMATERA UTARA - Terjangkau (5-15 Jt) - Baik Sekali (B),-
INSTITUT PENDIDIKAN TAPANULI SELATAN,SUMATERA UTARA,B,5373000.0,SUMATERA UTARA - Terjangkau (5-15 Jt) - Baik Sekali (B),-
UNIVERSITAS MAHKOTA TRICOM UNGGUL,SUMATERA UTARA,TERAKREDITASI,5300000.0,SUMATERA UTARA - Terjangkau (5-15 Jt) - Baik,-
SEKOLAH TINGGI KEGURUAN DAN ILMU PENDIDIKAN AL MAKSUM,SUMATERA UTARA,BAIK,5000000.0,SUMATERA UTARA - Terjangkau (5-15 Jt) - Baik,-
UNIVERSITAS ASAHAN,SUMATERA UTARA,B,5000000.0,SUMATERA UTARA - Terjangkau (5-15 Jt) - Baik Sekali (B),-
STMIK METHODIST BINJAI,SUMATERA UTARA,BAIK,5000000.0,SUMATERA UTARA - Terjangkau (5-15 Jt) - Baik,-
SEKOLAH TINGGI KEGURUAN DAN ILMU PENDIDIKAN PADANG LAWAS,SUMATERA UTARA,BAIK,4800000.0,SUMATERA UTARA - Terjangkau (5-15 Jt) - Baik,-
UNIVERSITAS ISLAM LABUHAN BATU,SUMATERA UTARA,BAIK,4800000.0,SUMATERA UTARA - Terjangkau (5-15 Jt) - Baik,-
UNIVERSITAS NAHDLATUL ULAMA SUMATERA UTARA,SUMATERA UTARA,BAIK,4800000.0,SUMATERA UTARA - Terjangkau (5-15 Jt) - Baik,-
STMIK CITRA MANDIRI PADANGSIDIMPUAN,SUMATERA UTARA,BAIK,4800000.0,SUMATERA UTARA - Terjangkau (5-15 Jt) - Baik,-
UNIVERSITAS NIAS,SUMATERA UTARA,BAIK,4500000.0,SUMATERA UTARA - Terjangkau (5-15 Jt) - Baik,-
SEKOLAH TINGGI ILMU KESEHATAN ARJUNA,SUMATERA UTARA,BAIK,4500000.0,SUMATERA UTARA - Terjangkau (5-15 Jt) - Baik,-
UNIVERSITAS ROYAL,SUMATERA UTARA,B,4500000.0,SUMATERA UTARA - Terjangkau (5-15 Jt) - Baik Sekali (B),-
UNIVERSITAS AUFA ROYHAN,SUMATERA UTARA,B,4500000.0,SUMATERA UTARA - Terjangkau (5-15 Jt) - Baik Sekali (B),-
STIE IBMI MEDAN,SUMATERA UTARA,BAIK,4400000.0,SUMATERA UTARA - Terjangkau (5-15 Jt) - Baik,-
UNIVERSITAS ALWASHLIYAH,SUMATERA UTARA,BAIK SEKALI,4250000.0,SUMATERA UTARA - Terjangkau (5-15 Jt) - Baik Sekali (B),-
UNIVERSITAS MUHAMMADIYAH ASAHAN,SUMATERA UTARA,BAIK,4000000.0,SUMATERA UTARA - Terjangkau (5-15 Jt) - Baik,-
UNIVERSITAS SISINGAMANGARAJA XII TAPANULI UTARA,SUMATERA UTARA,B,3750000.0,SUMATERA UTARA - Terjangkau (5-15 Jt) - Baik Sekali (B),-
STKIP PANGERAN ANTASARI,SUMATERA UTARA,BAIK,3700000.0,SUMATERA UTARA - Terjangkau (5-15 Jt) - Baik,-
SEKOLAH TINGGI PERIKANAN SIBOLGA,SUMATERA UTARA,BAIK,3500000.0,SUMATERA UTARA - Terjangkau (5-15 Jt) - Baik,-
AMIK PARBINA NUSANTARA,SUMATERA UTARA,BAIK,3400000.0,SUMATERA UTARA - Terjangkau (5-15 Jt) - Baik,-
UNIVERSITAS WIRAHUSADA MEDAN,SUMATERA UTARA,BAIK,3300000.0,SUMATERA UTARA - Terjangkau (5-15 Jt) - Baik,-
INSTITUT TEKNOLOGI DAN SAINS NAHDLATUL ULAMA PADANGSIDIMPUAN,SUMATERA UTARA,BAIK,3000000.0,SUMATERA UTARA - Terjangkau (5-15 Jt) - Baik,-
STIKES NAMIRA MADINA,SUMATERA UTARA,BAIK,3000000.0,SUMATERA UTARA - Terjangkau (5-15 Jt) - Baik,-
UNIVERSITAS GRAHA NUSANTARA,SUMATERA UTARA,B,2400000.0,SUMATERA UTARA - Terjangkau (5-15 Jt) - Baik Sekali (B),https://rencanamu.id/cari-kampus/universitas-graha-nusantara
UNIVERSITAS NIAS RAYA,SUMATERA UTARA,BAIK SEKALI,2150000.0,SUMATERA UTARA - Terjangkau (5-15 Jt) - Baik Sekali (B),-
SEKOLAH TINGGI ILMU HUKUM GRAHA KIRANA,SUMATERA UTARA,BAIK,2000000.0,SUMATERA UTARA - Terjangkau (5-15 Jt) - Baik,-
