quipper_code,rencanamu_code,banpt_code,pddikti_code,faculty,prodi,prodi_normalized,edu_level,accreditation,institution_code,cluster_kmodes,cluster_category
-,-,banpt-4013,-,-,PENDIDIKAN EKONOMI,EKONOMI,S1,B,433,0,Ekonomi & Bisnis
-,-,banpt-4013,-,-,PENDIDIKAN MATEMATIKA,MATEMATIKA,S1,B,433,0,Ekonomi & Bisnis
-,-,banpt-2207,-,-,BIMBINGAN DAN KONSELING,BIMBINGAN KONSELING,S1,B,887,0,Ekonomi & Bisnis
-,-,banpt-2207,-,-,PENDIDIKAN BIOLOGI,BIOLOGI,S1,BAIK,887,0,Ekonomi & Bisnis
quipper-478,-,banpt-2207,-,FAKULTAS ILMU PENDIDIKAN DAN PENGETAHUAN SOSIAL,GEOGRAFI,GEOGRAFI,S1,B,887,0,Ekonomi & Bisnis
quipper-478,-,-,-,FAKULTAS MIPA DAN TEKNOLOGI,KEGURUAN & PENDIDIKAN,GURU,S1,-,887,0,Ekonomi & Bisnis
quipper-478,-,-,-,FAKULTAS MIPA DAN TEKNOLOGI,TEKNIK INFORMATIKA,INFORMATIKA,S1,-,887,1,Teknik & Rekayasa
-,-,banpt-2207,-,-,PENDIDIKAN JASMANI,JASMANI,S1,B,887,0,Ekonomi & Bisnis
quipper-478,-,banpt-2207,-,FAKULTAS MIPA DAN TEKNOLOGI,PENDIDIKAN MATEMATIKA,MATEMATIKA,S1,B,887,0,Ekonomi & Bisnis
quipper-478,-,-,-,FAKULTAS PENDIDIKAN OLAHRAGA DAN KESEHATAN,PENDIDIKAN OLAHRAGA,OLAHRAGA,S1,-,887,0,Ekonomi & Bisnis
quipper-478,-,-,-,FAKULTAS ILMU PENDIDIKAN DAN PENGETAHUAN SOSIAL,SEJARAH,SEJARAH,S1,-,887,0,Ekonomi & Bisnis
-,-,banpt-2207,-,-,PENDIDIKAN TEKNOLOGI INFORMASI,TEKNOLOGI INFORMASI,S1,B,887,0,Ekonomi & Bisnis
-,-,banpt-2479,-,-,ILMU ADMINISTRASI NEGARA,ADMINISTRASI NEGARA,S1,BAIK,514,0,Ekonomi & Bisnis
-,-,banpt-2479,-,-,ILMU ADMINISTRASI NIAGA,ADMINISTRASI NIAGA,S1,BAIK SEKALI,514,0,Ekonomi & Bisnis
-,-,banpt-2479,-,-,BISNIS DIGITAL,BISNIS DIGITAL,S1,BAIK SEKALI,514,0,Ekonomi & Bisnis
-,-,banpt-1793,-,-,BISNIS DIGITAL,BISNIS DIGITAL,S1,BAIK,991,0,Ekonomi & Bisnis
-,-,banpt-1793,-,-,MANAJEMEN,MANAJEMEN,S1,BAIK,991,0,Ekonomi & Bisnis
-,-,banpt-1793,-,-,SISTEM INFORMASI,SISTEM INFORMASI,S1,BAIK SEKALI,991,0,Ekonomi & Bisnis
-,-,banpt-117,-,-,ADMINISTRASI KESEHATAN,ADMINISTRASI KESEHATAN,S1,BAIK,1495,0,Ekonomi & Bisnis
-,-,banpt-117,-,-,MANAJEMEN,MANAJEMEN,S1,BAIK,1495,0,Ekonomi & Bisnis
-,-,banpt-28,-,-,BIO MEDIS DAN REKAYASA HAYATI,BIOMEDIS,S1,UNGGUL,82,0,Ekonomi & Bisnis
-,-,banpt-28,-,-,BIO TEKNOLOGI,BIOTEKNOLOGI,S1,UNGGUL,82,0,Ekonomi & Bisnis
-,-,banpt-28,-,-,FARMASI,FARMASI,S1,BAIK SEKALI,82,0,Ekonomi & Bisnis
-,-,banpt-28,-,-,BIO INFORMATIKA,INFORMATIKA,S1,BAIK SEKALI,82,0,Ekonomi & Bisnis
-,-,banpt-28,-,-,BIO KEWIRAUSAHAAN,KEWIRAUSAHAAN,S1,B,82,0,Ekonomi & Bisnis
-,-,banpt-28,-,-,MANAJEMEN BISNIS INTERNASIONAL,MANAJEMEN BISNIS INTERNASIONAL,S1,BAIK SEKALI,82,0,Ekonomi & Bisnis
-,-,banpt-28,-,-,PANGAN DAN NUTRISI,TEKNOLOGI PANGAN,S1,B,82,0,Ekonomi & Bisnis
-,-,banpt-1151,-,-,AKUNTANSI,AKUNTANSI,S1,B,1069,0,Ekonomi & Bisnis
-,-,banpt-1151,-,-,MANAJEMEN,MANAJEMEN,S1,B,1069,0,Ekonomi & Bisnis
quipper-82,-,banpt-3325,-,BISNIS,AKUNTANSI,AKUNTANSI,S1,UNGGUL,370,2,Pendidikan & Keguruan
quipper-82,-,banpt-3325,-,BISNIS,BIOKIMIA,BIOKIMIA,S1,BAIK,370,0,Ekonomi & Bisnis
quipper-82,-,-,-,INFORMATIKA & PARIWISATA,TEKNIK INFORMATIKA,INFORMATIKA,S1,-,370,1,Teknik & Rekayasa
quipper-82,-,banpt-3325,-,BISNIS,MANAJEMEN,MANAJEMEN,S1,BAIK SEKALI,370,0,Ekonomi & Bisnis
quipper-82,-,banpt-3325,-,INFORMATIKA & PARIWISATA,PARIWISATA,PARIWISATA,S1,BAIK,370,0,Ekonomi & Bisnis
quipper-82,-,banpt-3325,-,INFORMATIKA & PARIWISATA,SISTEM INFORMASI,SISTEM INFORMASI,S1,BAIK,370,4,Teknologi Industri
-,-,banpt-3325,-,-,TEKNOLOGI INFORMASI,TEKNOLOGI INFORMASI,S1,BAIK,370,0,Ekonomi & Bisnis
quipper-153,-,banpt-661,-,SARJANA,ADMINISTRASI BISNIS,ADMINISTRASI BISNIS,S1,UNGGUL,168,0,Ekonomi & Bisnis
-,rencanamu-16,-,-,-,ILMU ADMINISTRASI NIAGA,ADMINISTRASI NIAGA,S1,A,168,0,Ekonomi & Bisnis
quipper-153,rencanamu-16,banpt-661,-,SARJANA,AKUNTANSI,AKUNTANSI,S1,A,168,2,Pendidikan & Keguruan
quipper-153,rencanamu-16,banpt-661,-,SARJANA,ILMU KOMUNIKASI,ILMU KOMUNIKASI,S1,B,168,0,Ekonomi & Bisnis
quipper-153,rencanamu-16,banpt-661,-,SARJANA,TEKNIK INFORMATIKA,INFORMATIKA,S1,B,168,1,Teknik & Rekayasa
quipper-153,rencanamu-16,banpt-661,-,SARJANA,MANAJEMEN,MANAJEMEN,S1,A,168,0,Ekonomi & Bisnis
quipper-153,rencanamu-16,banpt-661,-,SARJANA,SISTEM INFORMASI,SISTEM INFORMASI,S1,B,168,4,Teknologi Industri
-,-,banpt-248,-,-,BISNIS DIGITAL,BISNIS DIGITAL,S1,BAIK,74,0,Ekonomi & Bisnis
-,-,banpt-248,-,-,KEWIRAUSAHAAN,KEWIRAUSAHAAN,S1,BAIK SEKALI,74,0,Ekonomi & Bisnis
-,-,banpt-248,-,-,MANAJEMEN,MANAJEMEN,S1,BAIK SEKALI,74,0,Ekonomi & Bisnis
-,-,banpt-248,-,-,MANAJEMEN RETAIL,MANAJEMEN RITEL,S1,BAIK,74,0,Ekonomi & Bisnis
-,-,banpt-248,-,-,PERDAGANGAN INTERNASIONAL,PERDAGANGAN INTERNASIONAL,S1,BAIK,74,0,Ekonomi & Bisnis
-,-,banpt-2445,-,-,ILMU KOMPUTER,KOMPUTER,S1,BAIK,680,0,Ekonomi & Bisnis
-,-,banpt-2445,-,-,MANAJEMEN,MANAJEMEN,S1,BAIK,680,0,Ekonomi & Bisnis
-,-,banpt-3814,-,-,ADMINISTRASI BISNIS,ADMINISTRASI BISNIS,S1,BAIK,496,0,Ekonomi & Bisnis
-,-,banpt-3814,-,-,AKUNTANSI,AKUNTANSI,S1,BAIK SEKALI,496,0,Ekonomi & Bisnis
-,-,banpt-3814,-,-,MANAJEMEN,MANAJEMEN,S1,BAIK SEKALI,496,0,Ekonomi & Bisnis
-,-,banpt-3814,-,-,SISTEM INFORMASI,SISTEM INFORMASI,S1,BAIK,496,0,Ekonomi & Bisnis
-,-,banpt-1827,-,-,AKUNTANSI,AKUNTANSI,S1,BAIK SEKALI,266,0,Ekonomi & Bisnis
-,-,banpt-1827,-,-,KEWIRAUSAHAAN,KEWIRAUSAHAAN,S1,BAIK,266,0,Ekonomi & Bisnis
-,-,banpt-1827,-,-,MANAJEMEN,MANAJEMEN,S1,BAIK SEKALI,266,0,Ekonomi & Bisnis
-,-,banpt-1827,-,-,PERDAGANGAN INTERNASIONAL,PERDAGANGAN INTERNASIONAL,S1,BAIK,266,0,Ekonomi & Bisnis
-,-,banpt-1827,-,-,SISTEM INFORMASI,SISTEM INFORMASI,S1,BAIK,266,0,Ekonomi & Bisnis
-,-,banpt-2068,-,-,AKUNTANSI,AKUNTANSI,S1,BAIK,1226,0,Ekonomi & Bisnis
-,-,banpt-2068,-,-,ILMU KOMUNIKASI,ILMU KOMUNIKASI,S1,BAIK,1226,0,Ekonomi & Bisnis
-,-,banpt-2068,-,-,TEKNIK INFORMATIKA,INFORMATIKA,S1,BAIK,1226,0,Ekonomi & Bisnis
-,-,banpt-2068,-,-,MANAJEMEN,MANAJEMEN,S1,BAIK,1226,0,Ekonomi & Bisnis
quipper-635,rencanamu-17,banpt-1918,-,FAKULTAS EKONOMI,AKUNTANSI,AKUNTANSI,S1,B,422,2,Pendidikan & Keguruan
quipper-635,rencanamu-17,banpt-1918,-,FAKULTAS KOMUNIKASI,ILMU KOMUNIKASI,ILMU KOMUNIKASI,S1,B,422,0,Ekonomi & Bisnis
quipper-635,rencanamu-17,banpt-1918,-,FAKULTAS EKONOMI,MANAJEMEN,MANAJEMEN,S1,B,422,0,Ekonomi & Bisnis
-,rencanamu-17,-,-,-,SASTRA INGGRIS,SASTRA INGGRIS,S1,C,422,0,Ekonomi & Bisnis
quipper-635,rencanamu-17,banpt-1918,-,FAKULTAS KOMPUTER,SISTEM INFORMASI,SISTEM INFORMASI,S1,C,422,4,Teknologi Industri
-,rencanamu-17,banpt-1918,-,-,SISTEM KOMPUTER,SISTEM KOMPUTER,S1,C,422,0,Ekonomi & Bisnis
-,-,banpt-2320,-,-,BISNIS DIGITAL,BISNIS DIGITAL,S1,BAIK,963,0,Ekonomi & Bisnis
-,-,banpt-2320,-,-,MANAJEMEN,MANAJEMEN,S1,BAIK,963,0,Ekonomi & Bisnis
-,-,banpt-763,-,-,KEBIDANAN,KEBIDANAN,S1,BAIK SEKALI,277,0,Ekonomi & Bisnis
-,-,banpt-763,-,-,ILMU KEPERAWATAN,KEPERAWATAN,S1,BAIK SEKALI,277,0,Ekonomi & Bisnis
-,-,banpt-763,-,-,PARIWISATA,PARIWISATA,S1,BAIK,277,0,Ekonomi & Bisnis
-,-,banpt-1011,-,-,PENDIDIKAN EKONOMI,EKONOMI,S1,BAIK,193,0,Ekonomi & Bisnis
-,-,banpt-1011,-,-,PENDIDIKAN GURU SEKOLAH DASAR,GURU SEKOLAH DASAR,S1,BAIK,193,0,Ekonomi & Bisnis
-,-,banpt-1011,-,-,ILMU HUKUM,HUKUM,S1,B,193,0,Ekonomi & Bisnis
-,-,banpt-1011,-,-,PENDIDIKAN MATEMATIKA,MATEMATIKA,S1,BAIK,193,0,Ekonomi & Bisnis
-,-,banpt-1011,-,-,PENDIDIKAN PANCASILA DAN KEWARGANEGARAAN,PANCASILA KEWARGANEGARAAN,S1,BAIK,193,0,Ekonomi & Bisnis
-,-,banpt-2310,-,-,ARSITEKTUR,ARSITEKTUR,S1,TERAKREDITASI SEMENTARA,492,0,Ekonomi & Bisnis
-,-,banpt-2310,-,-,BISNIS DIGITAL,BISNIS DIGITAL,S1,BAIK SEKALI,492,0,Ekonomi & Bisnis
-,-,banpt-2310,-,-,DESAIN INTERIOR,DESAIN INTERIOR,S1,UNGGUL,492,0,Ekonomi & Bisnis
-,-,banpt-2310,-,-,DESAIN KOMUNIKASI VISUAL,DESAIN KOMUNIKASI VISUAL,S1,BAIK SEKALI,492,0,Ekonomi & Bisnis
-,-,banpt-2310,-,-,MANAJEMEN RITEL,MANAJEMEN RITEL,S1,BAIK,492,0,Ekonomi & Bisnis
-,-,banpt-1130,-,-,ADMINISTRASI BISNIS,ADMINISTRASI BISNIS,S1,BAIK,462,0,Ekonomi & Bisnis
-,-,banpt-1130,-,-,AKUNTANSI,AKUNTANSI,S1,BAIK,462,0,Ekonomi & Bisnis
-,-,banpt-1130,-,-,TEKNIK INFORMATIKA,INFORMATIKA,S1,BAIK,462,0,Ekonomi & Bisnis
-,-,banpt-1130,-,-,SISTEM INFORMASI,SISTEM INFORMASI,S1,BAIK,462,0,Ekonomi & Bisnis
-,-,banpt-2404,-,-,DESAIN KOMUNIKASI VISUAL,DESAIN KOMUNIKASI VISUAL,S1,BAIK,1066,0,Ekonomi & Bisnis
-,-,banpt-2404,-,-,ILMU FILSAFAT,FILSAFAT,S1,B,1066,0,Ekonomi & Bisnis
-,-,banpt-2404,-,-,KEWIRAUSAHAAN,KEWIRAUSAHAAN,S1,BAIK,1066,0,Ekonomi & Bisnis
-,-,banpt-2404,-,-,SISTEM INFORMASI,SISTEM INFORMASI,S1,BAIK,1066,0,Ekonomi & Bisnis
quipper-89,-,banpt-525,-,TEKNOLOGI DAN MANAJEMEN KESEHATAN,ADMINISTRASI RUMAH SAKIT,ADMINISTRASI RUMAH SAKIT,S1,BAIK,226,0,Ekonomi & Bisnis
-,-,banpt-525,-,-,BIOLOGI,BIOLOGI,S1,B,226,0,Ekonomi & Bisnis
quipper-89,-,banpt-525,-,FARMASI,FARMASI,FARMASI,S1,BAIK SEKALI,226,0,Ekonomi & Bisnis
quipper-89,-,banpt-525,-,KESEHATAN,FISIOTERAPI,FISIOTERAPI,S1,BAIK,226,0,Ekonomi & Bisnis
quipper-89,-,banpt-525,-,KESEHATAN,GIZI,GIZI,S1,BAIK SEKALI,226,0,Ekonomi & Bisnis
quipper-89,-,-,-,TEKNOLOGI DAN MANAJEMEN KESEHATAN,TEKNOLOGI LABORATORIUM MEDIS,INFORMATIKA MEDIS,S1,-,226,0,Ekonomi & Bisnis
quipper-89,-,banpt-525,-,KESEHATAN,KEBIDANAN,KEBIDANAN,S1,BAIK,226,0,Ekonomi & Bisnis
quipper-89,-,banpt-525,-,KEDOKTERAN GIGI,TEKNIK GIGI,KEDOKTERAN GIGI,S1,BAIK SEKALI,226,0,Ekonomi & Bisnis
quipper-89,-,banpt-525,-,KESEHATAN,KEPERAWATAN,KEPERAWATAN,S1,BAIK SEKALI,226,0,Ekonomi & Bisnis
quipper-89,-,banpt-525,-,TEKNOLOGI DAN MANAJEMEN KESEHATAN,KESEHATAN MASYARAKAT,KESEHATAN MASYARAKAT,S1,UNGGUL,226,0,Ekonomi & Bisnis
-,-,banpt-525,-,-,KIMIA,KIMIA,S1,B,226,0,Ekonomi & Bisnis
quipper-89,-,banpt-525,-,KESEHATAN,PSIKOLOGI,PSIKOLOGI,S1,BAIK,226,0,Ekonomi & Bisnis
quipper-89,-,-,-,TEKNOLOGI DAN MANAJEMEN KESEHATAN,REKAM MEDIS DAN INFORMASI KESEHATAN,REKAM MEDIS INFORMASI KESEHATAN,S1,-,226,0,Ekonomi & Bisnis
-,-,banpt-1735,-,-,AKUNTANSI,AKUNTANSI,S1,BAIK SEKALI,790,0,Ekonomi & Bisnis
-,-,banpt-1735,-,-,ILMU HUKUM,HUKUM,S1,B,790,0,Ekonomi & Bisnis
-,-,banpt-1735,-,-,KRIMINOLOGI,KRIMINOLOGI,S1,TERAKREDITASI SEMENTARA,790,0,Ekonomi & Bisnis
-,-,banpt-1735,-,-,MANAJEMEN,MANAJEMEN,S1,BAIK SEKALI,790,0,Ekonomi & Bisnis
quipper-383,-,-,-,FAKULTAS ILMU SOSIAL DAN ILMU POLITIK,ILMU ADMINISTRASI,ADMINISTRASI,S1,-,371,0,Ekonomi & Bisnis
-,rencanamu-18,banpt-1496,-,-,ADMINISTRASI BISNIS,ADMINISTRASI BISNIS,S1,C,371,0,Ekonomi & Bisnis
quipper-383,rencanamu-18,banpt-1496,-,FAKULTAS ILMU SOSIAL DAN ILMU POLITIK,HUBUNGAN INTERNASIONAL,HUBUNGAN INTERNASIONAL,S1,A,371,0,Ekonomi & Bisnis
quipper-383,rencanamu-18,banpt-1496,-,FAKULTAS ILMU KOMUNIKASI,ILMU KOMUNIKASI,ILMU KOMUNIKASI,S1,B,371,0,Ekonomi & Bisnis
quipper-383,rencanamu-18,banpt-1496,-,FAKULTAS ILMU SOSIAL DAN ILMU POLITIK,KESEJAHTERAAN SOSIAL,KESEJAHTERAAN SOSIAL,S1,B,371,0,Ekonomi & Bisnis
quipper-383,rencanamu-18,banpt-1496,-,FAKULTAS ILMU SOSIAL DAN ILMU POLITIK,ILMU POLITIK,POLITIK,S1,B,371,0,Ekonomi & Bisnis
quipper-383,-,-,-,FAKULTAS ILMU KOMUNIKASI,SOSIOLOGI,SOSIOLOGI,S1,-,371,0,Ekonomi & Bisnis
-,-,banpt-3229,-,-,ADMINISTRASI BISNIS,ADMINISTRASI BISNIS,S1,A,597,0,Ekonomi & Bisnis
-,-,banpt-3229,-,-,ADMINISTRASI PUBLIK,ADMINISTRASI PUBLIK,S1,A,597,0,Ekonomi & Bisnis
-,-,banpt-3229,-,-,MANAJEMEN KOMUNIKASI,ILMU KOMUNIKASI,S1,B,597,0,Ekonomi & Bisnis
-,-,banpt-3229,-,-,MANAJEMEN LOGISTIK,LOGISTIK,S1,BAIK SEKALI,597,0,Ekonomi & Bisnis
-,-,banpt-3229,-,-,HOSPITALITI DAN PARIWISATA,PERHOTELAN PARIWISATA,S1,B,597,0,Ekonomi & Bisnis
quipper-347,rencanamu-19,banpt-1321,-,FAKULTAS BISNIS DAN EKONOMI,AKUNTANSI,AKUNTANSI,S1,B,626,2,Pendidikan & Keguruan
-,-,banpt-1321,-,-,BISNIS DIGITAL,BISNIS DIGITAL,S1,BAIK SEKALI,626,0,Ekonomi & Bisnis
-,-,banpt-1321,-,-,DESAIN INTERIOR,DESAIN INTERIOR,S1,BAIK,626,0,Ekonomi & Bisnis
-,-,banpt-1321,-,-,DESAIN KOMUNIKASI VISUAL,DESAIN KOMUNIKASI VISUAL,S1,BAIK,626,0,Ekonomi & Bisnis
-,-,banpt-1321,-,-,HUKUM BISNIS,HUKUM,S1,BAIK,626,0,Ekonomi & Bisnis
quipper-347,rencanamu-19,banpt-1321,-,FAKULTAS ILMU KOMPUTER,TEKNIK INFORMATIKA,INFORMATIKA,S1,B,626,1,Teknik & Rekayasa
quipper-347,rencanamu-19,-,-,FAKULTAS ILMU KOMPUTER,ILMU KOMPUTER,KOMPUTER,S1,B,626,0,Ekonomi & Bisnis
quipper-347,rencanamu-19,banpt-1321,-,FAKULTAS BISNIS DAN EKONOMI,MANAJEMEN,MANAJEMEN,S1,B,626,0,Ekonomi & Bisnis
-,rencanamu-19,-,-,-,MANAJEMEN INFORMATIKA,MANAJEMEN INFORMATIKA,S1,C,626,0,Ekonomi & Bisnis
-,-,banpt-1321,-,-,PARIWISATA,PARIWISATA,S1,BAIK,626,0,Ekonomi & Bisnis
-,-,banpt-1321,-,-,SAINS DATA,SAINS DATA,S1,BAIK,626,0,Ekonomi & Bisnis
quipper-347,rencanamu-19,banpt-1321,-,FAKULTAS ILMU KOMPUTER,SISTEM INFORMASI,SISTEM INFORMASI,S1,C,626,4,Teknologi Industri
-,rencanamu-19,banpt-1321,-,-,SISTEM KOMPUTER,SISTEM KOMPUTER,S1,C,626,0,Ekonomi & Bisnis
-,-,banpt-1321,-,-,PENDIDIKAN TEKNOLOGI INFORMASI,TEKNOLOGI INFORMASI,S1,BAIK,626,0,Ekonomi & Bisnis
-,-,banpt-3976,-,-,DESAIN KOMUNIKASI VISUAL,DESAIN KOMUNIKASI VISUAL,S1,B,321,0,Ekonomi & Bisnis
-,-,banpt-3976,-,-,DESAIN PRODUK,DESAIN PRODUK,S1,TIDAK TERAKREDITASI,321,0,Ekonomi & Bisnis
-,-,banpt-3976,-,-,TEKNIK INFORMATIKA,INFORMATIKA,S1,BAIK SEKALI,321,0,Ekonomi & Bisnis
-,-,banpt-3976,-,-,TEKNIK KOMPUTER,KOMPUTER,S1,BAIK,321,0,Ekonomi & Bisnis
-,-,banpt-3976,-,-,SISTEM INFORMASI,SISTEM INFORMASI,S1,BAIK SEKALI,321,0,Ekonomi & Bisnis
-,-,banpt-708,-,-,ADMINISTRASI BISNIS,ADMINISTRASI BISNIS,S1,UNGGUL,67,0,Ekonomi & Bisnis
-,-,banpt-708,-,-,BISNIS DIGITAL,BISNIS DIGITAL,S1,BAIK,67,0,Ekonomi & Bisnis
-,-,banpt-708,-,-,KEWIRAUSAHAAN,KEWIRAUSAHAAN,S1,BAIK,67,0,Ekonomi & Bisnis
-,-,banpt-1679,-,-,ILMU BIOMEDIS,BIOMEDIS,S1,BAIK,527,0,Ekonomi & Bisnis
-,-,banpt-1679,-,-,BIOTEKNOLOGI,BIOTEKNOLOGI,S1,BAIK,527,0,Ekonomi & Bisnis
-,-,banpt-1679,-,-,HUKUM,HUKUM,S1,TERAKREDITASI SEMENTARA,527,0,Ekonomi & Bisnis
-,-,banpt-1679,-,-,ILMU KOMUNIKASI,ILMU KOMUNIKASI,S1,TERAKREDITASI SEMENTARA,527,0,Ekonomi & Bisnis
-,-,banpt-1679,-,-,KEBIDANAN,KEBIDANAN,S1,BAIK,527,0,Ekonomi & Bisnis
-,-,banpt-1679,-,-,MANAJEMEN,MANAJEMEN,S1,BAIK,527,0,Ekonomi & Bisnis
-,-,banpt-387,-,-,BIMBINGAN DAN KONSELING,BIMBINGAN KONSELING,S1,BAIK SEKALI,456,0,Ekonomi & Bisnis
-,-,banpt-387,-,-,PENDIDIKAN GURU PENDIDIKAN ANAK USIA DINI,GURU ANAK USIA DINI,S1,BAIK SEKALI,456,0,Ekonomi & Bisnis
-,-,banpt-387,-,-,PENDIDIKAN GURU SEKOLAH DASAR,GURU SEKOLAH DASAR,S1,BAIK SEKALI,456,0,Ekonomi & Bisnis
-,-,banpt-387,-,-,PENDIDIKAN MASYARAKAT,MASYARAKAT,S1,UNGGUL,456,0,Ekonomi & Bisnis
-,-,banpt-387,-,-,PENDIDIKAN MATEMATIKA,MATEMATIKA,S1,UNGGUL,456,0,Ekonomi & Bisnis
-,-,banpt-1618,-,-,ADMINISTRASI RUMAH SAKIT,ADMINISTRASI RUMAH SAKIT,S1,BAIK,474,0,Ekonomi & Bisnis
-,-,banpt-1618,-,-,BISNIS DIGITAL,BISNIS DIGITAL,S1,BAIK,474,0,Ekonomi & Bisnis
-,-,banpt-1618,-,-,MANAJEMEN,MANAJEMEN,S1,BAIK,474,0,Ekonomi & Bisnis
-,-,banpt-1332,-,-,AKUNTANSI,AKUNTANSI,S1,BAIK,1242,0,Ekonomi & Bisnis
-,-,banpt-1332,-,-,KEBIDANAN,KEBIDANAN,S1,BAIK,1242,0,Ekonomi & Bisnis
-,-,banpt-1332,-,-,KEPERAWATAN,KEPERAWATAN,S1,BAIK SEKALI,1242,0,Ekonomi & Bisnis
-,-,banpt-1332,-,-,MANAJEMEN,MANAJEMEN,S1,BAIK,1242,0,Ekonomi & Bisnis
-,-,banpt-3078,-,-,AKUNTANSI,AKUNTANSI,S1,BAIK SEKALI,558,0,Ekonomi & Bisnis
-,-,banpt-3078,-,-,ILMU GIZI,GIZI,S1,BAIK SEKALI,558,0,Ekonomi & Bisnis
-,-,banpt-3078,-,-,ILMU KEPERAWATAN,KEPERAWATAN,S1,BAIK,558,0,Ekonomi & Bisnis
-,-,banpt-3078,-,-,MANAJEMEN,MANAJEMEN,S1,BAIK SEKALI,558,0,Ekonomi & Bisnis
-,-,banpt-120,-,-,ADMINISTRASI KESEHATAN,ADMINISTRASI KESEHATAN,S1,BAIK,191,0,Ekonomi & Bisnis
-,-,banpt-120,-,-,GIZI,GIZI,S1,BAIK,191,0,Ekonomi & Bisnis
-,-,banpt-120,-,-,TEKNOLOGI INFORMASI,TEKNOLOGI INFORMASI,S1,BAIK,191,0,Ekonomi & Bisnis
-,-,banpt-1035,-,-,TEKNIK ELEKTRO,ELEKTRO,S1,BAIK,1416,0,Ekonomi & Bisnis
-,-,banpt-1035,-,-,FARMASI,FARMASI,S1,BAIK,1416,0,Ekonomi & Bisnis
-,-,banpt-1035,-,-,KEPERAWATAN,KEPERAWATAN,S1,BAIK SEKALI,1416,0,Ekonomi & Bisnis
-,-,banpt-1035,-,-,KESEHATAN MASYARAKAT,KESEHATAN MASYARAKAT,S1,BAIK,1416,0,Ekonomi & Bisnis
-,-,banpt-1035,-,-,TEKNIK SIPIL,SIPIL,S1,BAIK,1416,0,Ekonomi & Bisnis
-,-,banpt-1035,-,-,TEKNOLOGI INFORMASI,TEKNOLOGI INFORMASI,S1,BAIK,1416,0,Ekonomi & Bisnis
-,-,banpt-1418,-,-,ILMU KEPERAWATAN,KEPERAWATAN,S1,BAIK SEKALI,202,0,Ekonomi & Bisnis
-,-,banpt-1418,-,-,TEKNIK LINGKUNGAN,LINGKUNGAN,S1,BAIK,202,0,Ekonomi & Bisnis
-,-,banpt-470,-,-,ADMINISTRASI RUMAH SAKIT,ADMINISTRASI RUMAH SAKIT,S1,BAIK SEKALI,135,0,Ekonomi & Bisnis
-,-,banpt-470,-,-,FARMASI,FARMASI,S1,BAIK SEKALI,135,0,Ekonomi & Bisnis
-,-,banpt-470,-,-,KEBIDANAN,KEBIDANAN,S1,BAIK SEKALI,135,0,Ekonomi & Bisnis
-,-,banpt-470,-,-,KEDOKTERAN,KEDOKTERAN,S1,BAIK,135,0,Ekonomi & Bisnis
-,-,banpt-470,-,-,ILMU KEPERAWATAN,KEPERAWATAN,S1,BAIK SEKALI,135,0,Ekonomi & Bisnis
-,-,banpt-470,-,-,KESEHATAN MASYARAKAT,KESEHATAN MASYARAKAT,S1,UNGGUL,135,0,Ekonomi & Bisnis
-,-,banpt-2185,-,-,ADMINISTRASI RUMAH SAKIT,ADMINISTRASI RUMAH SAKIT,S1,B,102,0,Ekonomi & Bisnis
-,-,banpt-2185,-,-,FARMASI,FARMASI,S1,BAIK SEKALI,102,0,Ekonomi & Bisnis
-,-,banpt-2185,-,-,FISIOTERAPI,FISIOTERAPI,S1,BAIK,102,0,Ekonomi & Bisnis
-,-,banpt-2185,-,-,GIZI,GIZI,S1,C,102,0,Ekonomi & Bisnis
-,-,banpt-2185,-,-,KEBIDANAN,KEBIDANAN,S1,BAIK,102,0,Ekonomi & Bisnis
-,-,banpt-2185,-,-,KEDOKTERAN,KEDOKTERAN,S1,BAIK,102,0,Ekonomi & Bisnis
-,-,banpt-2185,-,-,KEDOKTERAN GIGI,KEDOKTERAN GIGI,S1,BAIK,102,0,Ekonomi & Bisnis
-,-,banpt-2185,-,-,KEPERAWATAN,KEPERAWATAN,S1,BAIK SEKALI,102,0,Ekonomi & Bisnis
-,-,banpt-2185,-,-,KESEHATAN MASYARAKAT,KESEHATAN MASYARAKAT,S1,B,102,0,Ekonomi & Bisnis
-,-,banpt-2185,-,-,PSIKOLOGI,PSIKOLOGI,S1,BAIK,102,0,Ekonomi & Bisnis
-,-,banpt-2360,-,-,ILMU GIZI,GIZI,S1,BAIK SEKALI,322,0,Ekonomi & Bisnis
-,-,banpt-2360,-,-,ILMU KEPERAWATAN,KEPERAWATAN,S1,BAIK SEKALI,322,0,Ekonomi & Bisnis
-,-,banpt-2360,-,-,ILMU KESEHATAN MASYARAKAT,KESEHATAN MASYARAKAT,S1,BAIK SEKALI,322,0,Ekonomi & Bisnis
quipper-353,-,-,-,ADMINISTRASI RUMAH SAKIT,ADMINISTRASI KESEHATAN,ADMINISTRASI KESEHATAN,S1,-,403,0,Ekonomi & Bisnis
-,-,banpt-3093,-,-,ADMINISTRASI RUMAH SAKIT,ADMINISTRASI RUMAH SAKIT,S1,C,403,0,Ekonomi & Bisnis
quipper-353,-,-,-,FARMASI,FARMASI,FARMASI,S1,-,403,0,Ekonomi & Bisnis
quipper-353,-,-,-,ILMU GIZI,GIZI,GIZI,S1,-,403,0,Ekonomi & Bisnis
quipper-353,-,banpt-3093,-,KESEHATAN LINGKUNGAN,KESEHATAN LINGKUNGAN,KESEHATAN LINGKUNGAN,S1,B,403,0,Ekonomi & Bisnis
quipper-353,-,-,-,KESEHATAN MASYARAKAT,KESEHATAN MASYARAKAT,KESEHATAN MASYARAKAT,S1,-,403,0,Ekonomi & Bisnis
quipper-353,-,banpt-3093,-,PSIKOLOGI,PSIKOLOGI,PSIKOLOGI,S1,BAIK,403,0,Ekonomi & Bisnis
-,-,banpt-627,-,-,FARMASI,FARMASI,S1,BAIK SEKALI,68,0,Ekonomi & Bisnis
-,-,banpt-627,-,-,FISIOTERAPI,FISIOTERAPI,S1,BAIK SEKALI,68,0,Ekonomi & Bisnis
-,-,banpt-627,-,-,GIZI,GIZI,S1,BAIK SEKALI,68,0,Ekonomi & Bisnis
-,-,banpt-627,-,-,KEBIDANAN,KEBIDANAN,S1,BAIK SEKALI,68,0,Ekonomi & Bisnis
-,-,banpt-627,-,-,KEPERAWATAN,KEPERAWATAN,S1,BAIK SEKALI,68,0,Ekonomi & Bisnis
-,-,banpt-627,-,-,KESEHATAN MASYARAKAT,KESEHATAN MASYARAKAT,S1,UNGGUL,68,0,Ekonomi & Bisnis
-,-,banpt-1991,-,-,FARMASI,FARMASI,S1,BAIK SEKALI,174,0,Ekonomi & Bisnis
-,-,banpt-1991,-,-,GIZI,GIZI,S1,TERAKREDITASI UNGGUL,174,0,Ekonomi & Bisnis
-,-,banpt-1991,-,-,KEBIDANAN,KEBIDANAN,S1,BAIK SEKALI,174,0,Ekonomi & Bisnis
-,-,banpt-1991,-,-,ILMU KEPERAWATAN,KEPERAWATAN,S1,UNGGUL,174,0,Ekonomi & Bisnis
-,-,banpt-2860,-,-,GIZI,GIZI,S1,C,519,0,Ekonomi & Bisnis
-,-,banpt-2860,-,-,KEBIDANAN,KEBIDANAN,S1,BAIK,519,0,Ekonomi & Bisnis
-,-,banpt-2860,-,-,ILMU KEPERAWATAN,KEPERAWATAN,S1,BAIK SEKALI,519,0,Ekonomi & Bisnis
-,-,banpt-2860,-,-,KESEHATAN MASYARAKAT,KESEHATAN MASYARAKAT,S1,BAIK SEKALI,519,0,Ekonomi & Bisnis
-,-,banpt-29,-,-,ADMINISTRASI KESEHATAN,ADMINISTRASI KESEHATAN,S1,BAIK,290,0,Ekonomi & Bisnis
-,-,banpt-29,-,-,KEBIDANAN,KEBIDANAN,S1,BAIK,290,0,Ekonomi & Bisnis
-,-,banpt-29,-,-,ILMU KEPERAWATAN,KEPERAWATAN,S1,B,290,0,Ekonomi & Bisnis
-,-,banpt-242,-,-,BISNIS DIGITAL,BISNIS DIGITAL,S1,BAIK,315,0,Ekonomi & Bisnis
-,-,banpt-1281,-,-,TEKNIK MESIN,MESIN,S1,BAIK,1484,0,Ekonomi & Bisnis
-,-,banpt-1281,-,-,TEKNIK SIPIL,SIPIL,S1,BAIK,1484,0,Ekonomi & Bisnis
-,-,banpt-1569,-,-,ARSITEKTUR,ARSITEKTUR,S1,BAIK,438,0,Ekonomi & Bisnis
-,-,banpt-1569,-,-,BISNIS DIGITAL,BISNIS DIGITAL,S1,BAIK,438,0,Ekonomi & Bisnis
-,-,banpt-1569,-,-,DESAIN KOMUNIKASI VISUAL,DESAIN KOMUNIKASI VISUAL,S1,TERAKREDITASI SEMENTARA,438,0,Ekonomi & Bisnis
-,-,banpt-1569,-,-,ILMU KOMPUTER,KOMPUTER,S1,BAIK,438,0,Ekonomi & Bisnis
-,-,banpt-1569,-,-,PERENCANAAN WILAYAH DAN KOTA,PERENCANAAN WILAYAH KOTA,S1,BAIK,438,0,Ekonomi & Bisnis
-,-,banpt-1348,-,-,ILMU PERIKANAN,PERIKANAN,S1,BAIK,829,0,Ekonomi & Bisnis
-,-,banpt-1348,-,-,ILMU PERTANIAN,PERTANIAN,S1,BAIK,829,0,Ekonomi & Bisnis
-,-,banpt-1348,-,-,PETERNAKAN,PETERNAKAN,S1,BAIK,829,0,Ekonomi & Bisnis
-,-,banpt-1161,-,-,ILMU ADMINISTRASI NEGARA,ADMINISTRASI NEGARA,S1,BAIK,485,0,Ekonomi & Bisnis
-,-,banpt-1161,-,-,ILMU KOMUNIKASI,ILMU KOMUNIKASI,S1,BAIK,485,0,Ekonomi & Bisnis
-,-,banpt-1161,-,-,KEWIRAUSAHAAN,KEWIRAUSAHAAN,S1,BAIK,485,0,Ekonomi & Bisnis
-,-,banpt-629,-,-,BISNIS DIGITAL,BISNIS DIGITAL,S1,BAIK,117,0,Ekonomi & Bisnis
-,-,banpt-629,-,-,KEWIRAUSAHAAN,KEWIRAUSAHAAN,S1,BAIK,117,0,Ekonomi & Bisnis
-,-,banpt-629,-,-,PARIWISATA,PARIWISATA,S1,UNGGUL,117,0,Ekonomi & Bisnis
-,-,banpt-2133,-,-,BISNIS DIGITAL,BISNIS DIGITAL,S1,BAIK,113,0,Ekonomi & Bisnis
-,-,banpt-2133,-,-,KEWIRAUSAHAAN,KEWIRAUSAHAAN,S1,BAIK,113,0,Ekonomi & Bisnis
-,-,banpt-2133,-,-,PARIWISATA,PARIWISATA,S1,UNGGUL,113,0,Ekonomi & Bisnis
quipper-69,-,banpt-2936,-,SARJANA,PENDIDIKAN GURU SEKOLAH DASAR,GURU SEKOLAH DASAR,S1,BAIK,938,0,Ekonomi & Bisnis
quipper-69,-,-,-,SARJANA,PENDIDIKAN TEKNOLOGI INFORMASI DAN KOMUNIKASI,ILMU KOMUNIKASI,S1,-,938,0,Ekonomi & Bisnis
-,-,banpt-2936,-,-,PENDIDIKAN TEKNIK INFORMATIKA DAN KOMPUTER,INFORMATIKA,S1,BAIK,938,0,Ekonomi & Bisnis
quipper-69,-,banpt-2936,-,SARJANA,SASTRA INGGRIS,SASTRA INGGRIS,S1,B,938,0,Ekonomi & Bisnis
quipper-69,-,banpt-2936,-,SARJANA,SASTRA JEPANG,SASTRA JEPANG,S1,B,938,0,Ekonomi & Bisnis
-,-,banpt-3825,-,-,PENDIDIKAN BIOLOGI,BIOLOGI,S1,UNGGUL,778,0,Ekonomi & Bisnis
-,-,banpt-3825,-,-,PENDIDIKAN FISIKA,FISIKA,S1,BAIK SEKALI,778,0,Ekonomi & Bisnis
-,-,banpt-3825,-,-,PENDIDIKAN GURU SEKOLAH DASAR,GURU SEKOLAH DASAR,S1,UNGGUL,778,0,Ekonomi & Bisnis
-,-,banpt-3825,-,-,PENDIDIKAN MATEMATIKA,MATEMATIKA,S1,UNGGUL,778,0,Ekonomi & Bisnis
-,-,banpt-3825,-,-,PENDIDIKAN PANCASILA DAN KEWARGANEGARAAN,PANCASILA KEWARGANEGARAAN,S1,UNGGUL,778,0,Ekonomi & Bisnis
-,-,banpt-3825,-,-,PENDIDIKAN ILMU PENGETAHUAN SOSIAL,PENGETAHUAN SOSIAL,S1,UNGGUL,778,0,Ekonomi & Bisnis
-,-,banpt-3825,-,-,SISTEM INFORMASI,SISTEM INFORMASI,S1,BAIK SEKALI,778,0,Ekonomi & Bisnis
-,-,banpt-3825,-,-,PENDIDIKAN TEKNOLOGI INFORMASI,TEKNOLOGI INFORMASI,S1,UNGGUL,778,0,Ekonomi & Bisnis
-,-,banpt-2664,-,-,PENDIDIKAN GURU PENDIDIKAN ANAK USIA DINI,GURU ANAK USIA DINI,S1,BAIK,195,0,Ekonomi & Bisnis
-,-,banpt-2664,-,-,PENDIDIKAN GURU SEKOLAH DASAR,GURU SEKOLAH DASAR,S1,BAIK,195,0,Ekonomi & Bisnis
-,-,banpt-2664,-,-,PENDIDIKAN JASMANI,JASMANI,S1,BAIK,195,0,Ekonomi & Bisnis
-,-,banpt-2664,-,-,PENDIDIKAN ILMU PENGETAHUAN ALAM,PENGETAHUAN ALAM,S1,BAIK,195,0,Ekonomi & Bisnis
-,-,banpt-2396,-,-,PENDIDIKAN BIOLOGI,BIOLOGI,S1,BAIK,1443,0,Ekonomi & Bisnis
-,-,banpt-2396,-,-,PENDIDIKAN FISIKA,FISIKA,S1,BAIK,1443,0,Ekonomi & Bisnis
-,-,banpt-2396,-,-,PENDIDIKAN GURU SEKOLAH DASAR,GURU SEKOLAH DASAR,S1,BAIK,1443,0,Ekonomi & Bisnis
-,-,banpt-2396,-,-,PENDIDIKAN MATEMATIKA,MATEMATIKA,S1,BAIK,1443,0,Ekonomi & Bisnis
-,-,banpt-1740,-,-,PENDIDIKAN BIOLOGI,BIOLOGI,S1,B,1187,0,Ekonomi & Bisnis
-,-,banpt-1740,-,-,PENDIDIKAN EKONOMI,EKONOMI,S1,BAIK SEKALI,1187,0,Ekonomi & Bisnis
-,-,banpt-1740,-,-,PENDIDIKAN FISIKA,FISIKA,S1,B,1187,0,Ekonomi & Bisnis
-,-,banpt-1740,-,-,PENDIDIKAN GURU SEKOLAH DASAR,GURU SEKOLAH DASAR,S1,BAIK SEKALI,1187,0,Ekonomi & Bisnis
-,-,banpt-1740,-,-,PENDIDIKAN KIMIA,KIMIA,S1,BAIK,1187,0,Ekonomi & Bisnis
-,-,banpt-1740,-,-,PENDIDIKAN MATEMATIKA,MATEMATIKA,S1,BAIK SEKALI,1187,0,Ekonomi & Bisnis
-,-,banpt-1740,-,-,PENDIDIKAN PANCASILA DAN KEWARGANEGARAAN,PANCASILA KEWARGANEGARAAN,S1,BAIK SEKALI,1187,0,Ekonomi & Bisnis
-,-,banpt-1740,-,-,PENDIDIKAN SEJARAH,SEJARAH,S1,B,1187,0,Ekonomi & Bisnis
-,-,banpt-3891,-,-,AGRIBISNIS,AGRIBISNIS,S1,BAIK,1111,0,Ekonomi & Bisnis
-,-,banpt-3891,-,-,KEHUTANAN,KEHUTANAN,S1,BAIK,1111,0,Ekonomi & Bisnis
-,-,banpt-3891,-,-,TEKNOLOGI INDUSTRI PERTANIAN,PERTANIAN,S1,BAIK,1111,0,Ekonomi & Bisnis
quipper-723,-,banpt-2971,-,PERTANIAN,AGRIBISNIS,AGRIBISNIS,S1,A,620,0,Ekonomi & Bisnis
quipper-723,-,banpt-2971,-,PERTANIAN,AGROTEKNOLOGI,AGROTEKNOLOGI,S1,A,620,0,Ekonomi & Bisnis
quipper-723,-,banpt-2971,-,KEHUTANAN,KEHUTANAN,KEHUTANAN,S1,B,620,0,Ekonomi & Bisnis
quipper-723,-,banpt-2971,-,TEKNOLOGI PERTANIAN,TEKNIK PERTANIAN,PERTANIAN,S1,B,620,0,Ekonomi & Bisnis
-,-,banpt-1464,-,-,PENDIDIKAN GURU SEKOLAH DASAR,GURU SEKOLAH DASAR,S1,BAIK SEKALI,865,0,Ekonomi & Bisnis
-,-,banpt-1464,-,-,PENDIDIKAN TEKNIK INFORMATIKA DAN KOMPUTER,INFORMATIKA,S1,BAIK SEKALI,865,0,Ekonomi & Bisnis
-,-,banpt-1464,-,-,SASTRA INGGRIS,SASTRA INGGRIS,S1,B,865,0,Ekonomi & Bisnis
-,-,banpt-1464,-,-,SASTRA JEPANG,SASTRA JEPANG,S1,B,865,0,Ekonomi & Bisnis
-,-,banpt-453,-,-,AKUNTANSI,AKUNTANSI,S1,B,1249,0,Ekonomi & Bisnis
-,-,banpt-453,-,-,ILMU HUKUM,HUKUM,S1,B,1249,0,Ekonomi & Bisnis
-,-,banpt-453,-,-,MANAJEMEN,MANAJEMEN,S1,BAIK,1249,0,Ekonomi & Bisnis
-,-,banpt-2124,-,-,BISNIS DIGITAL,BISNIS DIGITAL,S1,BAIK,1024,0,Ekonomi & Bisnis
-,-,banpt-2124,-,-,TEKNIK INFORMATIKA,INFORMATIKA,S1,BAIK SEKALI,1024,0,Ekonomi & Bisnis
-,-,banpt-2124,-,-,SISTEM INFORMASI,SISTEM INFORMASI,S1,BAIK SEKALI,1024,0,Ekonomi & Bisnis
-,-,banpt-1245,-,-,BIMBINGAN KONSELING,BIMBINGAN KONSELING,S1,BAIK,909,0,Ekonomi & Bisnis
-,-,banpt-1245,-,-,PENDIDIKAN FISIKA,FISIKA,S1,BAIK,909,0,Ekonomi & Bisnis
-,-,banpt-1245,-,-,PENDIDIKAN GURU SEKOLAH DASAR,GURU SEKOLAH DASAR,S1,BAIK SEKALI,909,0,Ekonomi & Bisnis
-,-,banpt-1245,-,-,MANAJEMEN BISNIS INTERNASIONAL,MANAJEMEN BISNIS INTERNASIONAL,S1,BAIK,909,0,Ekonomi & Bisnis
-,-,banpt-1245,-,-,PENDIDIKAN MATEMATIKA,MATEMATIKA,S1,BAIK SEKALI,909,0,Ekonomi & Bisnis
-,-,banpt-472,-,-,PENDIDIKAN EKONOMI,EKONOMI,S1,BAIK,1393,0,Ekonomi & Bisnis
-,-,banpt-472,-,-,PENDIDIKAN FISIKA,FISIKA,S1,BAIK,1393,0,Ekonomi & Bisnis
-,-,banpt-472,-,-,PENDIDIKAN SEJARAH,SEJARAH,S1,BAIK,1393,0,Ekonomi & Bisnis
quipper-682,-,-,-,FAKULTAS TEKNOLOGI INFORMASI DAN KOMUNIKASI VISUAL,DESAIN,DESAIN,S1,-,848,0,Ekonomi & Bisnis
-,-,banpt-3530,-,-,DESAIN KOMUNIKASI VISUAL,DESAIN KOMUNIKASI VISUAL,S1,BAIK,848,0,Ekonomi & Bisnis
quipper-682,-,banpt-3530,-,FAKULTAS SAINS DAN TEKNOLOGI,FARMASI,FARMASI,S1,BAIK,848,5,Sains & Teknologi
quipper-682,-,-,-,FAKULTAS TEKNOLOGI INFORMASI DAN KOMUNIKASI VISUAL,ILMU KOMUNIKASI,ILMU KOMUNIKASI,S1,-,848,0,Ekonomi & Bisnis
quipper-682,-,banpt-3530,-,FAKULTAS SAINS DAN TEKNOLOGI,TEKNIK INDUSTRI,INDUSTRI,S1,BAIK,848,5,Sains & Teknologi
quipper-682,-,banpt-3530,-,FAKULTAS TEKNOLOGI INFORMASI DAN KOMUNIKASI VISUAL,TEKNIK INFORMATIKA,INFORMATIKA,S1,BAIK,848,1,Teknik & Rekayasa
quipper-682,-,banpt-3530,-,FAKULTAS SAINS DAN TEKNOLOGI,TEKNIK KIMIA,KIMIA,S1,BAIK SEKALI,848,5,Sains & Teknologi
quipper-682,-,banpt-3530,-,FAKULTAS SAINS DAN TEKNOLOGI,TEKNIK MESIN,MESIN,S1,BAIK,848,5,Sains & Teknologi
quipper-682,-,banpt-3530,-,FAKULTAS SAINS DAN TEKNOLOGI,TEKNIK SIPIL,SIPIL,S1,BAIK,848,5,Sains & Teknologi
quipper-682,-,banpt-3530,-,FAKULTAS TEKNOLOGI INFORMASI DAN KOMUNIKASI VISUAL,SISTEM INFORMASI,SISTEM INFORMASI,S1,BAIK,848,4,Teknologi Industri
-,-,banpt-1534,-,-,INFORMATIKA MEDIS,INFORMATIKA MEDIS,S1,BAIK,1251,0,Ekonomi & Bisnis
-,-,banpt-1534,-,-,SAINS KELAUTAN,KELAUTAN,S1,BAIK,1251,0,Ekonomi & Bisnis
-,-,banpt-1534,-,-,ILMU PERTANIAN,PERTANIAN,S1,BAIK,1251,0,Ekonomi & Bisnis
quipper-465,rencanamu-24,banpt-263,-,FAKULTAS TEKNIK SIPIL DAN PERENCANAAN,ARSITEKTUR,ARSITEKTUR,S1,B,77,0,Ekonomi & Bisnis
quipper-465,rencanamu-24,banpt-263,-,FAKULTAS TEKNOLOGI INDUSTRI,TEKNIK ELEKTRO,ELEKTRO,S1,B,77,4,Teknologi Industri
quipper-465,rencanamu-24,banpt-263,-,FAKULTAS FARMASI,FARMASI,FARMASI,S1,B,77,0,Ekonomi & Bisnis
quipper-465,-,banpt-263,-,FAKULTAS SAINS DAN TEKNOLOGI INFORMASI,FISIKA,FISIKA,S1,BAIK,77,0,Ekonomi & Bisnis
quipper-465,rencanamu-24,-,-,FAKULTAS TEKNOLOGI INDUSTRI,TEKNIK INDUSTRI,INDUSTRI,S1,-,77,4,Teknologi Industri
quipper-465,rencanamu-24,-,-,FAKULTAS SAINS DAN TEKNOLOGI INFORMASI,TEKNIK INFORMATIKA,INFORMATIKA,S1,C,77,1,Teknik & Rekayasa
quipper-465,-,banpt-263,-,FAKULTAS SAINS DAN TEKNOLOGI INFORMASI,MATEMATIKA,MATEMATIKA,S1,BAIK,77,0,Ekonomi & Bisnis
quipper-465,rencanamu-24,banpt-263,-,FAKULTAS TEKNOLOGI INDUSTRI,TEKNIK MESIN,MESIN,S1,B,77,4,Teknologi Industri
quipper-465,rencanamu-24,banpt-263,-,FAKULTAS TEKNIK SIPIL DAN PERENCANAAN,TEKNIK SIPIL,SIPIL,S1,B,77,5,Sains & Teknologi
quipper-465,rencanamu-24,-,-,FAKULTAS SAINS DAN TEKNOLOGI INFORMASI,SISTEM INFORMASI,SISTEM INFORMASI,S1,C,77,4,Teknologi Industri
-,rencanamu-25,banpt-2827,-,-,ARSITEKTUR,ARSITEKTUR,S1,B,661,0,Ekonomi & Bisnis
-,rencanamu-25,-,-,-,DESAIN INTERIOR,DESAIN INTERIOR,S1,C,661,0,Ekonomi & Bisnis
-,-,banpt-2827,-,-,TEKNIK ELEKTRO,ELEKTRO,S1,BAIK,661,0,Ekonomi & Bisnis
-,rencanamu-25,banpt-2827,-,-,TEKNIK GEOLOGI,GEOLOGI,S1,C,661,0,Ekonomi & Bisnis
-,rencanamu-25,banpt-2827,-,-,TEKNIK INDUSTRI,INDUSTRI,S1,C,661,0,Ekonomi & Bisnis
-,rencanamu-25,banpt-2827,-,-,TEKNIK INFORMATIKA,INFORMATIKA,S1,C,661,0,Ekonomi & Bisnis
-,rencanamu-25,-,-,-,MANAJEMEN INFORMATIKA,MANAJEMEN INFORMATIKA,S1,C,661,0,Ekonomi & Bisnis
-,rencanamu-25,banpt-2827,-,-,PERENCANAAN WILAYAH DAN KOTA,PERENCANAAN WILAYAH KOTA,S1,C,661,0,Ekonomi & Bisnis
-,rencanamu-25,banpt-2827,-,-,TEKNIK PERTAMBANGAN,PERTAMBANGAN,S1,C,661,0,Ekonomi & Bisnis
quipper-64,-,banpt-619,-,DESAIN,DESAIN KOMUNIKASI VISUAL,DESAIN KOMUNIKASI VISUAL,S1,BAIK,175,0,Ekonomi & Bisnis
quipper-64,-,banpt-619,-,DESAIN,DESAIN PRODUK,DESAIN PRODUK,S1,BAIK,175,0,Ekonomi & Bisnis
quipper-64,-,banpt-619,-,SAINS DAN TEKNOLOGI,TEKNIK ELEKTRO,ELEKTRO,S1,BAIK,175,0,Ekonomi & Bisnis
quipper-64,-,banpt-619,-,SAINS DAN TEKNOLOGI,TEKNIK INDUSTRI,INDUSTRI,S1,B,175,0,Ekonomi & Bisnis
quipper-64,-,banpt-619,-,SAINS DAN TEKNOLOGI,INFORMATIKA,INFORMATIKA,S1,UNGGUL,175,1,Teknik & Rekayasa
quipper-64,-,banpt-619,-,SAINS DAN TEKNOLOGI,SISTEM INFORMASI,SISTEM INFORMASI,S1,BAIK SEKALI,175,4,Teknologi Industri
-,-,banpt-994,-,-,ADMINISTRASI RUMAH SAKIT,ADMINISTRASI RUMAH SAKIT,S1,BAIK,506,0,Ekonomi & Bisnis
-,-,banpt-994,-,-,KIMIA,KIMIA,S1,BAIK,506,0,Ekonomi & Bisnis
-,-,banpt-994,-,-,TEKNOLOGI INFORMASI,TEKNOLOGI INFORMASI,S1,BAIK,506,0,Ekonomi & Bisnis
-,-,banpt-867,-,-,BISNIS DIGITAL,BISNIS DIGITAL,S1,BAIK,839,0,Ekonomi & Bisnis
-,-,banpt-867,-,-,ILMU KEPERAWATAN,KEPERAWATAN,S1,BAIK SEKALI,839,0,Ekonomi & Bisnis
-,-,banpt-867,-,-,REKAYASA PERANGKAT LUNAK,REKAYASA PERANGKAT LUNAK,S1,BAIK,839,0,Ekonomi & Bisnis
-,-,banpt-2286,-,-,PENDIDIKAN GURU SEKOLAH DASAR,GURU SEKOLAH DASAR,S1,BAIK SEKALI,461,0,Ekonomi & Bisnis
-,-,banpt-2286,-,-,KEWIRAUSAHAAN,KEWIRAUSAHAAN,S1,BAIK SEKALI,461,0,Ekonomi & Bisnis
-,-,banpt-2286,-,-,MANAJEMEN,MANAJEMEN,S1,BAIK SEKALI,461,0,Ekonomi & Bisnis
-,-,banpt-2286,-,-,TEKNOLOGI INFORMASI,TEKNOLOGI INFORMASI,S1,BAIK SEKALI,461,0,Ekonomi & Bisnis
quipper-584,rencanamu-27,banpt-4020,-,FAKULTAS TEKNIK SIPIL DAN PERENCANAAN,ARSITEKTUR,ARSITEKTUR,S1,B,418,0,Ekonomi & Bisnis
quipper-584,rencanamu-27,banpt-4020,-,FAKULTAS TEKNIK SIPIL DAN PERENCANAAN,DESAAIN PRODUK,DESAIN PRODUK,S1,C,418,0,Ekonomi & Bisnis
quipper-584,rencanamu-27,banpt-4020,-,FAKULTAS TEKNIK ELEKTRO DAN TEKNIK INFORMATIKA,TEKNIK ELEKTRO,ELEKTRO,S1,B,418,0,Ekonomi & Bisnis
-,rencanamu-27,-,-,-,TEKNIK GEOLOGI,GEOLOGI,S1,C,418,0,Ekonomi & Bisnis
quipper-584,rencanamu-27,banpt-4020,-,FAKULTAS TEKNOLOGI INDUSTRI,TEKNIK INDUSTRI,INDUSTRI,S1,C,418,4,Teknologi Industri
quipper-584,rencanamu-27,banpt-4020,-,FAKULTAS TEKNIK ELEKTRO DAN TEKNIK INFORMATIKA,TEKNIK INFORMATIKA,INFORMATIKA,S1,C,418,1,Teknik & Rekayasa
quipper-584,rencanamu-27,banpt-4020,-,FAKULTAS TEKNOLOGI INDUSTRI,TEKNIK KIMIA,KIMIA,S1,B,418,4,Teknologi Industri
quipper-584,rencanamu-27,banpt-4020,-,FAKULTAS TEKNIK SIPIL DAN PERENCANAAN,TEKNIK LINGKUNGAN,LINGKUNGAN,S1,B,418,0,Ekonomi & Bisnis
quipper-584,rencanamu-27,banpt-4020,-,FAKULTAS TEKNOLOGI INDUSTRI,TEKNIK MESIN,MESIN,S1,B,418,4,Teknologi Industri
-,rencanamu-27,banpt-4020,-,-,TEKNIK PERKAPALAN,PERKAPALAN,S1,B,418,0,Ekonomi & Bisnis
quipper-584,rencanamu-27,banpt-4020,-,FAKULTAS TEKNOLOGI MINERAL DAN KELAUTAN,TEKNIK PERTAMBANGAN,PERTAMBANGAN,S1,C,418,0,Ekonomi & Bisnis
quipper-584,rencanamu-27,banpt-4020,-,FAKULTAS TEKNIK SIPIL DAN PERENCANAAN,TEKNIK SIPIL,SIPIL,S1,B,418,5,Sains & Teknologi
quipper-584,rencanamu-27,banpt-4020,-,FAKULTAS TEKNIK ELEKTRO DAN TEKNIK INFORMATIKA,SISTEM INFORMASI,SISTEM INFORMASI,S1,C,418,4,Teknologi Industri
-,rencanamu-27,-,-,-,SISTEM KOMPUTER,SISTEM KOMPUTER,S1,C,418,0,Ekonomi & Bisnis
-,-,banpt-1272,-,-,BISNIS DIGITAL,BISNIS DIGITAL,S1,BAIK,920,0,Ekonomi & Bisnis
-,-,banpt-1272,-,-,TEKNIK INDUSTRI,INDUSTRI,S1,BAIK,920,0,Ekonomi & Bisnis
-,-,banpt-1272,-,-,SISTEM INFORMASI,SISTEM INFORMASI,S1,BAIK,920,0,Ekonomi & Bisnis
-,-,banpt-2107,-,-,INFORMATIKA,INFORMATIKA,S1,BAIK,1097,0,Ekonomi & Bisnis
-,-,banpt-2107,-,-,TEKNIK LINGKUNGAN,LINGKUNGAN,S1,BAIK,1097,0,Ekonomi & Bisnis
-,-,banpt-2107,-,-,TEKNIK MESIN,MESIN,S1,BAIK,1097,0,Ekonomi & Bisnis
-,-,banpt-2337,-,-,AKUNTANSI,AKUNTANSI,S1,BAIK SEKALI,565,0,Ekonomi & Bisnis
-,-,banpt-2337,-,-,HUKUM,HUKUM,S1,TERAKREDITASI SEMENTARA,565,0,Ekonomi & Bisnis
-,-,banpt-2337,-,-,INFORMATIKA,INFORMATIKA,S1,BAIK,565,0,Ekonomi & Bisnis
-,-,banpt-2337,-,-,MANAJEMEN,MANAJEMEN,S1,BAIK,565,0,Ekonomi & Bisnis
-,-,banpt-923,-,-,ADMINISTRASI PUBLIK,ADMINISTRASI PUBLIK,S1,B,1386,0,Ekonomi & Bisnis
-,-,banpt-923,-,-,BISNIS DIGITAL,BISNIS DIGITAL,S1,BAIK,1386,0,Ekonomi & Bisnis
-,-,banpt-923,-,-,SISTEM INFORMASI,SISTEM INFORMASI,S1,BAIK,1386,0,Ekonomi & Bisnis
-,-,banpt-724,-,-,BISNIS DIGITAL,BISNIS DIGITAL,S1,BAIK,761,0,Ekonomi & Bisnis
-,-,banpt-724,-,-,SISTEM INFORMASI,SISTEM INFORMASI,S1,BAIK,761,0,Ekonomi & Bisnis
-,-,banpt-724,-,-,TEKNOLOGI INFORMASI,TEKNOLOGI INFORMASI,S1,BAIK,761,0,Ekonomi & Bisnis
-,-,banpt-1871,-,-,BISNIS DIGITAL,BISNIS DIGITAL,S1,BAIK,1007,0,Ekonomi & Bisnis
-,-,banpt-1871,-,-,INFORMATIKA,INFORMATIKA,S1,BAIK,1007,0,Ekonomi & Bisnis
-,-,banpt-727,-,-,ADMINISTRASI KESEHATAN,ADMINISTRASI KESEHATAN,S1,BAIK,1278,0,Ekonomi & Bisnis
-,-,banpt-727,-,-,KEWIRAUSAHAAN,KEWIRAUSAHAAN,S1,BAIK,1278,0,Ekonomi & Bisnis
-,-,banpt-727,-,-,TEKNIK SIPIL,SIPIL,S1,BAIK,1278,0,Ekonomi & Bisnis
-,-,banpt-2160,-,-,AKUNTANSI,AKUNTANSI,S1,BAIK,1218,0,Ekonomi & Bisnis
-,-,banpt-2160,-,-,MANAJEMEN,MANAJEMEN,S1,B,1218,0,Ekonomi & Bisnis
-,-,banpt-2160,-,-,SISTEM INFORMASI,SISTEM INFORMASI,S1,BAIK,1218,0,Ekonomi & Bisnis
-,-,banpt-3560,-,-,AKUNTANSI,AKUNTANSI,S1,BAIK SEKALI,442,0,Ekonomi & Bisnis
-,-,banpt-3560,-,-,ARSITEKTUR,ARSITEKTUR,S1,BAIK,442,0,Ekonomi & Bisnis
-,-,banpt-3560,-,-,DESAIN KOMUNIKASI VISUAL,DESAIN KOMUNIKASI VISUAL,S1,BAIK,442,0,Ekonomi & Bisnis
-,-,banpt-3560,-,-,MANAJEMEN,MANAJEMEN,S1,BAIK SEKALI,442,0,Ekonomi & Bisnis
-,-,banpt-3560,-,-,SISTEM INFORMASI,SISTEM INFORMASI,S1,BAIK,442,0,Ekonomi & Bisnis
-,-,banpt-3560,-,-,TEKNOLOGI INFORMASI,TEKNOLOGI INFORMASI,S1,BAIK,442,0,Ekonomi & Bisnis
-,-,banpt-168,-,-,BISNIS DIGITAL,BISNIS DIGITAL,S1,BAIK,1181,0,Ekonomi & Bisnis
-,-,banpt-3438,-,-,AKUNTANSI,AKUNTANSI,S1,BAIK SEKALI,918,0,Ekonomi & Bisnis
-,-,banpt-3438,-,-,DESAIN KOMUNIKASI VISUAL,DESAIN KOMUNIKASI VISUAL,S1,B,918,0,Ekonomi & Bisnis
-,-,banpt-3438,-,-,TEKNIK INFORMATIKA,INFORMATIKA,S1,BAIK SEKALI,918,0,Ekonomi & Bisnis
-,-,banpt-3438,-,-,MANAJEMEN,MANAJEMEN,S1,BAIK SEKALI,918,0,Ekonomi & Bisnis
-,-,banpt-3438,-,-,SISTEM KOMPUTER,SISTEM KOMPUTER,S1,BAIK SEKALI,918,0,Ekonomi & Bisnis
-,-,banpt-1821,-,-,BISNIS DIGITAL,BISNIS DIGITAL,S1,BAIK,1293,0,Ekonomi & Bisnis
-,-,banpt-1821,-,-,INFORMATIKA,INFORMATIKA,S1,BAIK,1293,0,Ekonomi & Bisnis
-,-,banpt-1821,-,-,SISTEM INFORMASI,SISTEM INFORMASI,S1,BAIK,1293,0,Ekonomi & Bisnis
-,-,banpt-2406,-,-,BISNIS DIGITAL,BISNIS DIGITAL,S1,BAIK,1463,0,Ekonomi & Bisnis
-,-,banpt-2406,-,-,SISTEM INFORMASI,SISTEM INFORMASI,S1,BAIK,1463,0,Ekonomi & Bisnis
-,-,banpt-2406,-,-,SISTEM KOMPUTER,SISTEM KOMPUTER,S1,BAIK,1463,0,Ekonomi & Bisnis
-,-,banpt-2488,-,-,BISNIS DIGITAL,BISNIS DIGITAL,S1,BAIK SEKALI,447,0,Ekonomi & Bisnis
-,-,banpt-2488,-,-,KAJIAN FILM,FILM,S1,TERAKREDITASI SEMENTARA,447,0,Ekonomi & Bisnis
-,-,banpt-2488,-,-,TEKNIK INFORMATIKA,INFORMATIKA,S1,B,447,0,Ekonomi & Bisnis
-,-,banpt-2488,-,-,MANAJEMEN RITEL,MANAJEMEN RITEL,S1,BAIK,447,0,Ekonomi & Bisnis
-,-,banpt-2488,-,-,SISTEM INFORMASI,SISTEM INFORMASI,S1,BAIK,447,0,Ekonomi & Bisnis
-,-,banpt-352,-,-,BISNIS DIGITAL,BISNIS DIGITAL,S1,BAIK,1277,0,Ekonomi & Bisnis
-,-,banpt-352,-,-,MANAJEMEN,MANAJEMEN,S1,BAIK,1277,0,Ekonomi & Bisnis
-,-,banpt-352,-,-,SISTEM INFORMASI,SISTEM INFORMASI,S1,BAIK,1277,0,Ekonomi & Bisnis
-,-,banpt-1367,-,-,KEWIRAUSAHAAN,KEWIRAUSAHAAN,S1,BAIK,1124,0,Ekonomi & Bisnis
-,-,banpt-1367,-,-,SISTEM INFORMASI,SISTEM INFORMASI,S1,BAIK,1124,0,Ekonomi & Bisnis
-,-,banpt-1367,-,-,TEKNOLOGI INFORMASI,TEKNOLOGI INFORMASI,S1,BAIK,1124,0,Ekonomi & Bisnis
-,-,banpt-293,-,-,BISNIS DIGITAL,BISNIS DIGITAL,S1,BAIK,677,0,Ekonomi & Bisnis
-,-,banpt-293,-,-,SISTEM DAN TEKNOLOGI INFORMASI,SISTEM INFORMASI,S1,BAIK,677,0,Ekonomi & Bisnis
-,-,banpt-1596,-,-,KEWIRAUSAHAAN,KEWIRAUSAHAAN,S1,BAIK,1419,0,Ekonomi & Bisnis
-,-,banpt-1596,-,-,MANAJEMEN RITEL,MANAJEMEN RITEL,S1,BAIK,1419,0,Ekonomi & Bisnis
-,-,banpt-1596,-,-,REKAYASA PERANGKAT LUNAK,REKAYASA PERANGKAT LUNAK,S1,BAIK,1419,0,Ekonomi & Bisnis
-,-,banpt-3035,-,-,AKUNTANSI,AKUNTANSI,S1,BAIK SEKALI,613,0,Ekonomi & Bisnis
-,-,banpt-3035,-,-,BISNIS DIGITAL,BISNIS DIGITAL,S1,BAIK SEKALI,613,0,Ekonomi & Bisnis
-,-,banpt-3035,-,-,MANAJEMEN,MANAJEMEN,S1,BAIK SEKALI,613,0,Ekonomi & Bisnis
-,rencanamu-29,-,-,-,AKUNTANSI,AKUNTANSI,S1,B,272,0,Ekonomi & Bisnis
-,rencanamu-29,-,-,-,ARSITEKTUR,ARSITEKTUR,S1,-,272,0,Ekonomi & Bisnis
-,rencanamu-29,-,-,-,BISNIS DI INDUSTRI KREATIF,BISNIS DIGITAL,S1,-,272,0,Ekonomi & Bisnis
-,rencanamu-29,banpt-3413,-,-,DESAIN DAN KOMUNIKASI VISUAL,DESAIN KOMUNIKASI VISUAL,S1,BAIK SEKALI,272,0,Ekonomi & Bisnis
-,rencanamu-29,-,-,-,KOMUNIKASI DIGITAL,ILMU KOMUNIKASI,S1,-,272,0,Ekonomi & Bisnis
-,rencanamu-29,-,-,-,TEKNIK INFORMATIKA,INFORMATIKA,S1,B,272,0,Ekonomi & Bisnis
-,rencanamu-29,banpt-3413,-,-,MANAJEMEN,MANAJEMEN,S1,B,272,0,Ekonomi & Bisnis
-,rencanamu-29,-,-,-,MATEMATIKA BISNIS,MATEMATIKA BISNIS,S1,-,272,0,Ekonomi & Bisnis
-,rencanamu-29,banpt-3413,-,-,SISTEM INFORMASI,SISTEM INFORMASI,S1,B,272,0,Ekonomi & Bisnis
-,-,banpt-2449,-,-,BISNIS DIGITAL,BISNIS DIGITAL,S1,BAIK,280,0,Ekonomi & Bisnis
-,-,banpt-2449,-,-,KEWIRAUSAHAAN,KEWIRAUSAHAAN,S1,BAIK,280,0,Ekonomi & Bisnis
-,-,banpt-2449,-,-,MANAJEMEN RETAIL,MANAJEMEN RITEL,S1,BAIK,280,0,Ekonomi & Bisnis
-,-,banpt-2449,-,-,SISTEM INFORMASI,SISTEM INFORMASI,S1,BAIK,280,0,Ekonomi & Bisnis
-,-,banpt-1948,-,-,KEWIRAUSAHAAN,KEWIRAUSAHAAN,S1,BAIK,1527,0,Ekonomi & Bisnis
-,-,banpt-1948,-,-,PERENCANAAN WILAYAH DAN KOTA,PERENCANAAN WILAYAH KOTA,S1,BAIK,1527,0,Ekonomi & Bisnis
-,-,banpt-1948,-,-,TEKNIK SIPIL,SIPIL,S1,BAIK,1527,0,Ekonomi & Bisnis
-,-,banpt-636,-,-,DESAIN KOMUNIKASI VISUAL,DESAIN KOMUNIKASI VISUAL,S1,BAIK,871,0,Ekonomi & Bisnis
-,-,banpt-636,-,-,KEWIRAUSAHAAN,KEWIRAUSAHAAN,S1,BAIK,871,0,Ekonomi & Bisnis
-,-,banpt-636,-,-,PARIWISATA,PARIWISATA,S1,BAIK,871,0,Ekonomi & Bisnis
-,-,banpt-457,-,-,BISNIS DIGITAL,BISNIS DIGITAL,S1,BAIK,1335,0,Ekonomi & Bisnis
-,-,banpt-457,-,-,MANAJEMEN RITEL,MANAJEMEN RITEL,S1,BAIK,1335,0,Ekonomi & Bisnis
-,-,banpt-457,-,-,SAINS DATA,SAINS DATA,S1,BAIK,1335,0,Ekonomi & Bisnis
-,-,banpt-457,-,-,SISTEM INFORMASI,SISTEM INFORMASI,S1,BAIK,1335,0,Ekonomi & Bisnis
-,-,banpt-1730,-,-,AGRIBISNIS,AGRIBISNIS,S1,BAIK,1281,0,Ekonomi & Bisnis
-,-,banpt-1730,-,-,BISNIS DIGITAL,BISNIS DIGITAL,S1,BAIK,1281,0,Ekonomi & Bisnis
-,-,banpt-1730,-,-,INFORMATIKA,INFORMATIKA,S1,BAIK,1281,0,Ekonomi & Bisnis
-,-,banpt-1730,-,-,KEWIRAUSAHAAN,KEWIRAUSAHAAN,S1,BAIK,1281,0,Ekonomi & Bisnis
-,-,banpt-1520,-,-,KEWIRAUSAHAAN,KEWIRAUSAHAAN,S1,BAIK,1508,0,Ekonomi & Bisnis
-,-,banpt-1520,-,-,ILMU PERIKANAN,PERIKANAN,S1,BAIK,1508,0,Ekonomi & Bisnis
-,-,banpt-1520,-,-,TEKNOLOGI INFORMASI,TEKNOLOGI INFORMASI,S1,BAIK,1508,0,Ekonomi & Bisnis
-,-,banpt-2801,-,-,AKUNTANSI,AKUNTANSI,S1,BAIK SEKALI,695,0,Ekonomi & Bisnis
-,-,banpt-2801,-,-,TEKNIK INDUSTRI,INDUSTRI,S1,BAIK,695,0,Ekonomi & Bisnis
-,-,banpt-2801,-,-,MANAJEMEN,MANAJEMEN,S1,BAIK SEKALI,695,0,Ekonomi & Bisnis
-,-,banpt-2801,-,-,TEKNIK PERTAMBANGAN,PERTAMBANGAN,S1,BAIK,695,0,Ekonomi & Bisnis
-,-,banpt-2801,-,-,SISTEM DAN TEKNOLOGI INFORMASI,SISTEM INFORMASI,S1,BAIK,695,0,Ekonomi & Bisnis
-,-,banpt-2801,-,-,TEKNOLOGI HASIL PERIKANAN,TEKNOLOGI HASIL PERIKANAN,S1,BAIK,695,0,Ekonomi & Bisnis
-,-,banpt-2801,-,-,PENDIDIKAN TEKNOLOGI INFORMASI,TEKNOLOGI INFORMASI,S1,BAIK,695,0,Ekonomi & Bisnis
-,-,banpt-741,-,-,AGRIBISNIS,AGRIBISNIS,S1,BAIK,1252,0,Ekonomi & Bisnis
-,-,banpt-741,-,-,INFORMATIKA,INFORMATIKA,S1,BAIK,1252,0,Ekonomi & Bisnis
-,-,banpt-741,-,-,KEWIRAUSAHAAN,KEWIRAUSAHAAN,S1,BAIK,1252,0,Ekonomi & Bisnis
-,-,banpt-269,-,-,AKUNTANSI,AKUNTANSI,S1,BAIK SEKALI,964,0,Ekonomi & Bisnis
-,-,banpt-269,-,-,BISNIS DIGITAL,BISNIS DIGITAL,S1,BAIK,964,0,Ekonomi & Bisnis
-,-,banpt-269,-,-,MANAJEMEN,MANAJEMEN,S1,B,964,0,Ekonomi & Bisnis
-,-,banpt-269,-,-,SISTEM DAN TEKNOLOGI INFORMASI,SISTEM INFORMASI,S1,BAIK,964,0,Ekonomi & Bisnis
-,-,banpt-562,-,-,AGROTEKNOLOGI,AGROTEKNOLOGI,S1,BAIK,517,0,Ekonomi & Bisnis
-,-,banpt-562,-,-,SISTEM INFORMASI,SISTEM INFORMASI,S1,BAIK,517,0,Ekonomi & Bisnis
-,-,banpt-471,-,-,BISNIS DIGITAL,BISNIS DIGITAL,S1,BAIK,1153,0,Ekonomi & Bisnis
-,-,banpt-471,-,-,KEWIRAUSAHAAN,KEWIRAUSAHAAN,S1,BAIK,1153,0,Ekonomi & Bisnis
-,-,banpt-471,-,-,SISTEM DAN TEKNOLOGI INFORMASI,SISTEM INFORMASI,S1,BAIK,1153,0,Ekonomi & Bisnis
-,-,banpt-2275,-,-,BISNIS DIGITAL,BISNIS DIGITAL,S1,BAIK,452,0,Ekonomi & Bisnis
-,-,banpt-2275,-,-,SISTEM INFORMASI,SISTEM INFORMASI,S1,BAIK SEKALI,452,0,Ekonomi & Bisnis
-,-,banpt-2275,-,-,SISTEM KOMPUTER,SISTEM KOMPUTER,S1,BAIK SEKALI,452,0,Ekonomi & Bisnis
-,-,banpt-2275,-,-,TEKNOLOGI INFORMASI,TEKNOLOGI INFORMASI,S1,BAIK,452,0,Ekonomi & Bisnis
-,-,banpt-3272,-,-,AKUNTANSI,AKUNTANSI,S1,BAIK,397,0,Ekonomi & Bisnis
-,-,banpt-3272,-,-,BISNIS DIGITAL,BISNIS DIGITAL,S1,BAIK,397,0,Ekonomi & Bisnis
-,-,banpt-3272,-,-,TEKNIK INFORMATIKA,INFORMATIKA,S1,BAIK SEKALI,397,0,Ekonomi & Bisnis
-,-,banpt-3272,-,-,SAINS DATA,SAINS DATA,S1,BAIK,397,0,Ekonomi & Bisnis
-,-,banpt-3272,-,-,SISTEM INFORMASI,SISTEM INFORMASI,S1,BAIK SEKALI,397,0,Ekonomi & Bisnis
-,-,banpt-1329,-,-,BISNIS DIGITAL,BISNIS DIGITAL,S1,BAIK,1265,0,Ekonomi & Bisnis
-,-,banpt-1329,-,-,DESAIN KOMUNIKASI VISUAL,DESAIN KOMUNIKASI VISUAL,S1,BAIK,1265,0,Ekonomi & Bisnis
-,-,banpt-1329,-,-,KEWIRAUSAHAAN,KEWIRAUSAHAAN,S1,BAIK,1265,0,Ekonomi & Bisnis
-,-,banpt-1329,-,-,MANAJEMEN RITEL,MANAJEMEN RITEL,S1,BAIK,1265,0,Ekonomi & Bisnis
-,-,banpt-1329,-,-,SISTEM INFORMASI,SISTEM INFORMASI,S1,BAIK,1265,0,Ekonomi & Bisnis
-,-,banpt-3196,-,-,AKUNTANSI,AKUNTANSI,S1,BAIK SEKALI,1047,0,Ekonomi & Bisnis
-,-,banpt-3196,-,-,INFORMATIKA,INFORMATIKA,S1,BAIK,1047,0,Ekonomi & Bisnis
-,-,banpt-3196,-,-,MANAJEMEN,MANAJEMEN,S1,BAIK SEKALI,1047,0,Ekonomi & Bisnis
-,-,banpt-1993,-,-,AKUNTANSI,AKUNTANSI,S1,B,1046,0,Ekonomi & Bisnis
-,-,banpt-1993,-,-,HUKUM BISNIS,HUKUM,S1,BAIK,1046,0,Ekonomi & Bisnis
-,-,banpt-1993,-,-,MANAJEMEN,MANAJEMEN,S1,BAIK SEKALI,1046,0,Ekonomi & Bisnis
-,-,banpt-1993,-,-,SISTEM DAN TEKNOLOGI INFORMASI,SISTEM INFORMASI,S1,B,1046,0,Ekonomi & Bisnis
-,-,banpt-2621,-,-,ILMU HUKUM,HUKUM,S1,B,873,0,Ekonomi & Bisnis
-,-,banpt-2621,-,-,MANAJEMEN,MANAJEMEN,S1,BAIK SEKALI,873,0,Ekonomi & Bisnis
-,-,banpt-2621,-,-,SISTEM INFORMASI,SISTEM INFORMASI,S1,BAIK,873,0,Ekonomi & Bisnis
-,-,banpt-418,-,-,ADMINISTRASI KESEHATAN,ADMINISTRASI KESEHATAN,S1,BAIK,1521,0,Ekonomi & Bisnis
-,-,banpt-418,-,-,TEKNIK SIPIL,SIPIL,S1,BAIK,1521,0,Ekonomi & Bisnis
-,-,banpt-418,-,-,TEKNOLOGI INFORMASI,TEKNOLOGI INFORMASI,S1,BAIK,1521,0,Ekonomi & Bisnis
-,-,banpt-418,-,-,TEKNOLOGI PANGAN,TEKNOLOGI PANGAN,S1,BAIK,1521,0,Ekonomi & Bisnis
-,-,banpt-550,-,-,FARMASI KLINIK DAN KOMUNITAS,FARMASI,S1,BAIK SEKALI,247,0,Ekonomi & Bisnis
-,-,banpt-550,-,-,KEBIDANAN,KEBIDANAN,S1,BAIK SEKALI,247,0,Ekonomi & Bisnis
-,-,banpt-550,-,-,KEPERAWATAN,KEPERAWATAN,S1,UNGGUL,247,0,Ekonomi & Bisnis
-,-,banpt-550,-,-,SISTEM DAN TEKNOLOGI INFORMASI,SISTEM INFORMASI,S1,BAIK,247,0,Ekonomi & Bisnis
-,-,banpt-550,-,-,TEKNOLOGI PANGAN,TEKNOLOGI PANGAN,S1,BAIK,247,0,Ekonomi & Bisnis
-,-,banpt-764,-,-,FARMASI KLINIS DAN KOMUNITAS,FARMASI,S1,BAIK,732,0,Ekonomi & Bisnis
-,-,banpt-764,-,-,INFORMATIKA,INFORMATIKA,S1,BAIK,732,0,Ekonomi & Bisnis
-,-,banpt-764,-,-,ILMU KEPERAWATAN,KEPERAWATAN,S1,BAIK SEKALI,732,0,Ekonomi & Bisnis
-,-,banpt-764,-,-,SISTEM INFORMASI,SISTEM INFORMASI,S1,BAIK,732,0,Ekonomi & Bisnis
-,-,banpt-2083,-,-,INFORMATIKA,INFORMATIKA,S1,BAIK,18,0,Ekonomi & Bisnis
-,-,banpt-2083,-,-,ILMU KEPERAWATAN,KEPERAWATAN,S1,BAIK SEKALI,18,0,Ekonomi & Bisnis
-,-,banpt-2083,-,-,KESEHATAN MASYARAKAT,KESEHATAN MASYARAKAT,S1,BAIK SEKALI,18,0,Ekonomi & Bisnis
-,-,banpt-1771,-,-,ADMINISTRASI KESEHATAN,ADMINISTRASI KESEHATAN,S1,BAIK,261,0,Ekonomi & Bisnis
-,-,banpt-1771,-,-,BIOTEKNOLOGI,BIOTEKNOLOGI,S1,BAIK,261,0,Ekonomi & Bisnis
-,-,banpt-1771,-,-,ILMU KEPERAWATAN,KEPERAWATAN,S1,UNGGUL,261,0,Ekonomi & Bisnis
-,-,banpt-14,-,-,ADMINSTRASI KESEHATAN,INFORMATIKA KESEHATAN,S1,BAIK,1373,0,Ekonomi & Bisnis
-,-,banpt-14,-,-,KEWIRAUSAHAAN,KEWIRAUSAHAAN,S1,BAIK,1373,0,Ekonomi & Bisnis
-,-,banpt-14,-,-,SOSIAL EKONOMI PERIKANAN,PERIKANAN,S1,BAIK,1373,0,Ekonomi & Bisnis
-,-,banpt-1395,-,-,FARMASI,FARMASI,S1,BAIK,995,0,Ekonomi & Bisnis
-,-,banpt-1395,-,-,SISTEM INFORMASI,SISTEM INFORMASI,S1,BAIK,995,0,Ekonomi & Bisnis
-,-,banpt-1395,-,-,TEKNOLOGI INFORMASI,TEKNOLOGI INFORMASI,S1,BAIK,995,0,Ekonomi & Bisnis
-,-,banpt-1278,-,-,ADMINISTRASI RUMAH SAKIT,ADMINISTRASI RUMAH SAKIT,S1,BAIK,1001,0,Ekonomi & Bisnis
-,-,banpt-1278,-,-,GIZI,GIZI,S1,BAIK,1001,0,Ekonomi & Bisnis
-,-,banpt-2231,-,-,PENDIDIKAN GURU SEKOLAH DASAR,GURU SEKOLAH DASAR,S1,B,1363,0,Ekonomi & Bisnis
-,-,banpt-2231,-,-,MANAJEMEN EKONOMI,MANAJEMEN,S1,BAIK,1363,0,Ekonomi & Bisnis
-,-,banpt-2231,-,-,PARIWISATA BUDAYA DAN KEAGAMAAN,PARIWISATA,S1,BAIK,1363,0,Ekonomi & Bisnis
-,-,banpt-2231,-,-,SISTEM INFORMASI,SISTEM INFORMASI,S1,BAIK,1363,0,Ekonomi & Bisnis
quipper-675,-,-,-,FAKULTAS TEKNIK DAN DESAIN,ILMU TEKNIK,,S1,-,481,0,Ekonomi & Bisnis
quipper-675,rencanamu-30,-,-,FAKULTAS TEKNIK DAN DESAIN,ARSITEKTUR,ARSITEKTUR,S1,C,481,0,Ekonomi & Bisnis
quipper-675,-,-,-,FAKULTAS TEKNIK DAN DESAIN,DESAIN,DESAIN,S1,-,481,0,Ekonomi & Bisnis
-,rencanamu-30,-,-,-,DESAIN INTERIOR,DESAIN INTERIOR,S1,C,481,0,Ekonomi & Bisnis
-,rencanamu-30,-,-,-,DESAIN PRODUK,DESAIN PRODUK,S1,B,481,0,Ekonomi & Bisnis
quipper-675,-,-,-,FAKULTAS TEKNIK DAN DESAIN,TEKNIK LINGKUNGAN,LINGKUNGAN,S1,-,481,0,Ekonomi & Bisnis
-,rencanamu-30,-,-,-,TEKNIK METALURGI,METALURGI,S1,C,481,0,Ekonomi & Bisnis
quipper-675,rencanamu-30,-,-,FAKULTAS TEKNIK DAN DESAIN,PERENCANAAN WILAYAH DAN KOTA,PERENCANAAN WILAYAH KOTA,S1,B,481,0,Ekonomi & Bisnis
-,rencanamu-30,-,-,-,TEKNIK PERMINYAKAN,PERMINYAKAN,S1,C,481,0,Ekonomi & Bisnis
quipper-675,rencanamu-30,-,-,FAKULTAS TEKNIK DAN DESAIN,TEKNIK PERTAMBANGAN,PERTAMBANGAN,S1,C,481,0,Ekonomi & Bisnis
quipper-675,rencanamu-30,-,-,FAKULTAS TEKNIK DAN DESAIN,TEKNIK SIPIL,SIPIL,S1,C,481,5,Sains & Teknologi
quipper-36,-,banpt-1123,-,EKONOMI DAN BISNIS,AKUNTANSI,AKUNTANSI,S1,BAIK SEKALI,697,2,Pendidikan & Keguruan
quipper-36,-,banpt-1123,-,EKONOMI DAN BISNIS,EKONOMI PEMBANGUNAN,EKONOMI PEMBANGUNAN,S1,BAIK SEKALI,697,0,Ekonomi & Bisnis
quipper-36,-,banpt-1123,-,EKONOMI DAN BISNIS,MANAJEMEN,MANAJEMEN,S1,BAIK SEKALI,697,0,Ekonomi & Bisnis
quipper-36,-,banpt-1123,-,"SAINS, TEKNOLOGI, DAN INDUSTRI",REKAYASA PERANGKAT LUNAK.,REKAYASA PERANGKAT LUNAK,S1,BAIK,697,0,Ekonomi & Bisnis
quipper-36,-,banpt-1123,-,"SAINS, TEKNOLOGI, DAN INDUSTRI",SISTEM DAN TEKNOLOGI INFORMASI,SISTEM INFORMASI,S1,BAIK,697,4,Teknologi Industri
-,-,banpt-1415,-,-,AGRONOMI,AGRONOMI,S1,BAIK,1294,0,Ekonomi & Bisnis
-,-,banpt-1415,-,-,KEHUTANAN,KEHUTANAN,S1,BAIK,1294,0,Ekonomi & Bisnis
-,-,banpt-1415,-,-,SISTEM INFORMASI,SISTEM INFORMASI,S1,BAIK,1294,0,Ekonomi & Bisnis
-,-,banpt-537,-,-,TEKNIK INDUSTRI,INDUSTRI,S1,BAIK,1256,0,Ekonomi & Bisnis
-,-,banpt-537,-,-,TEKNIK KOMPUTER,KOMPUTER,S1,BAIK,1256,0,Ekonomi & Bisnis
-,-,banpt-537,-,-,TEKNIK LINGKUNGAN,LINGKUNGAN,S1,BAIK,1256,0,Ekonomi & Bisnis
-,-,banpt-1040,-,-,FISIKA,FISIKA,S1,BAIK,1303,0,Ekonomi & Bisnis
-,-,banpt-1040,-,-,TEKNIK KOMPUTER,KOMPUTER,S1,BAIK,1303,0,Ekonomi & Bisnis
-,-,banpt-1040,-,-,MATEMATIKA,MATEMATIKA,S1,BAIK,1303,0,Ekonomi & Bisnis
-,-,banpt-1040,-,-,TEKNOLOGI INFORMASI,TEKNOLOGI INFORMASI,S1,BAIK,1303,0,Ekonomi & Bisnis
-,-,banpt-301,-,-,INFORMATIKA,INFORMATIKA,S1,BAIK,1262,0,Ekonomi & Bisnis
-,-,banpt-301,-,-,TEKNIK SIPIL,SIPIL,S1,BAIK,1262,0,Ekonomi & Bisnis
-,-,banpt-301,-,-,SISTEM INFORMASI,SISTEM INFORMASI,S1,BAIK,1262,0,Ekonomi & Bisnis
-,-,banpt-1592,-,-,AGROTEKNOLOGI,AGROTEKNOLOGI,S1,BAIK,254,0,Ekonomi & Bisnis
-,-,banpt-1592,-,-,PETERNAKAN,PETERNAKAN,S1,BAIK,254,0,Ekonomi & Bisnis
-,-,banpt-1592,-,-,SISTEM INFORMASI,SISTEM INFORMASI,S1,BAIK,254,0,Ekonomi & Bisnis
-,-,banpt-1592,-,-,TEKNOLOGI INFORMASI,TEKNOLOGI INFORMASI,S1,BAIK,254,0,Ekonomi & Bisnis
-,-,banpt-1308,-,-,TEKNIK ELEKTRO,ELEKTRO,S1,BAIK SEKALI,850,0,Ekonomi & Bisnis
-,-,banpt-1308,-,-,INFORMATIKA,INFORMATIKA,S1,BAIK SEKALI,850,0,Ekonomi & Bisnis
-,-,banpt-1308,-,-,MANAJEMEN REKAYASA,MANAJEMEN REKAYASA,S1,BAIK SEKALI,850,0,Ekonomi & Bisnis
-,-,banpt-1308,-,-,TEKNIK METALURGI,METALURGI,S1,BAIK,850,0,Ekonomi & Bisnis
-,-,banpt-1308,-,-,SISTEM INFORMASI,SISTEM INFORMASI,S1,BAIK SEKALI,850,0,Ekonomi & Bisnis
-,-,banpt-1507,-,-,TEKNIK ELEKTRO,ELEKTRO,S1,BAIK SEKALI,164,0,Ekonomi & Bisnis
-,-,banpt-1507,-,-,TEKNIK INDUSTRI,INDUSTRI,S1,BAIK SEKALI,164,0,Ekonomi & Bisnis
-,-,banpt-1507,-,-,INFORMATIKA,INFORMATIKA,S1,BAIK SEKALI,164,0,Ekonomi & Bisnis
-,-,banpt-1507,-,-,TEKNIK MESIN,MESIN,S1,BAIK SEKALI,164,0,Ekonomi & Bisnis
-,-,banpt-1507,-,-,TEKNIK DIRGANTARA,PENERBANGAN,S1,BAIK SEKALI,164,0,Ekonomi & Bisnis
-,-,banpt-3299,-,-,ARSITEKTUR,ARSITEKTUR,S1,BAIK,726,0,Ekonomi & Bisnis
-,-,banpt-3299,-,-,TEKNIK INDUSTRI,INDUSTRI,S1,BAIK SEKALI,726,0,Ekonomi & Bisnis
-,-,banpt-3299,-,-,TEKNIK INFORMATIKA,INFORMATIKA,S1,BAIK SEKALI,726,0,Ekonomi & Bisnis
-,-,banpt-3299,-,-,TEKNIK SIPIL,SIPIL,S1,BAIK SEKALI,726,0,Ekonomi & Bisnis
-,-,banpt-3299,-,-,SISTEM INFORMASI,SISTEM INFORMASI,S1,BAIK SEKALI,726,0,Ekonomi & Bisnis
quipper-365,rencanamu-31,-,-,AKUNTANSI,AKUNTANSI,AKUNTANSI,S1,-,37,2,Pendidikan & Keguruan
quipper-365,-,-,-,DESAIN KOMUNIKASI VISUAL,DESAIN,DESAIN,S1,-,37,0,Ekonomi & Bisnis
-,rencanamu-31,banpt-1774,-,-,DESAIN KOMUNIKASI VISUAL,DESAIN KOMUNIKASI VISUAL,S1,B,37,0,Ekonomi & Bisnis
-,-,banpt-1774,-,-,DESAIN PRODUK,DESAIN PRODUK,S1,BAIK,37,0,Ekonomi & Bisnis
-,rencanamu-31,banpt-1774,-,-,TEKNIK ELEKTRO,ELEKTRO,S1,B,37,0,Ekonomi & Bisnis
quipper-365,rencanamu-31,-,-,FASHION APPAREL DESIGN,RIAS DAN BUSANA,FASHION,S1,-,37,0,Ekonomi & Bisnis
quipper-365,-,-,-,DESAIN KOMUNIKASI VISUAL,ILMU KOMUNIKASI,ILMU KOMUNIKASI,S1,-,37,0,Ekonomi & Bisnis
quipper-365,rencanamu-31,banpt-1774,-,TEKNIK INDUSTRI,TEKNIK INDUSTRI,INDUSTRI,S1,B,37,0,Ekonomi & Bisnis
-,rencanamu-31,banpt-1774,-,-,TEKNIK INFORMATIKA,INFORMATIKA,S1,B,37,0,Ekonomi & Bisnis
-,-,banpt-1774,-,-,TEKNIK KOMPUTER,KOMPUTER,S1,BAIK SEKALI,37,0,Ekonomi & Bisnis
-,-,banpt-1774,-,-,LOGISTIK,LOGISTIK,S1,BAIK,37,0,Ekonomi & Bisnis
quipper-365,rencanamu-31,-,-,MANAJEMEN RANTAI PASOK,MANAJEMEN,MANAJEMEN,S1,-,37,0,Ekonomi & Bisnis
quipper-365,rencanamu-31,banpt-1774,-,TEKNOLOGI INFORMASI,SISTEM INFORMASI,SISTEM INFORMASI,S1,B,37,4,Teknologi Industri
-,rencanamu-31,-,-,-,TEKNOLOGI INFORMASI,TEKNOLOGI INFORMASI,S1,-,37,0,Ekonomi & Bisnis
quipper-681,-,-,-,FAKULTAS PERTANIAN,AGROTEKNOLOGI,AGROTEKNOLOGI,S1,-,446,0,Ekonomi & Bisnis
quipper-681,rencanamu-32,banpt-2433,-,FAKULTAS TEKNIK SIPIL DAN PERENCANAAN,ARSITEKTUR,ARSITEKTUR,S1,B,446,0,Ekonomi & Bisnis
quipper-681,rencanamu-32,banpt-2433,-,FAKULTAS TEKNOLOGI INDUSTRI,TEKNIK ELEKTRO,ELEKTRO,S1,B,446,4,Teknologi Industri
quipper-681,rencanamu-32,banpt-2433,-,FAKULTAS TEKNOLOGI INDUSTRI,TEKNIK INDUSTRI,INDUSTRI,S1,B,446,4,Teknologi Industri
quipper-681,rencanamu-32,banpt-2433,-,FAKULTAS TEKNOLOGI INDUSTRI,TEKNIK INFORMATIKA,INFORMATIKA,S1,B,446,1,Teknik & Rekayasa
quipper-681,rencanamu-32,banpt-2433,-,FAKULTAS TEKNOLOGI INDUSTRI,TEKNIK KIMIA,KIMIA,S1,B,446,4,Teknologi Industri
quipper-681,rencanamu-32,banpt-2433,-,FAKULTAS EKONOMI,MANAJEMEN,MANAJEMEN,S1,C,446,0,Ekonomi & Bisnis
quipper-681,rencanamu-32,banpt-2433,-,FAKULTAS TEKNOLOGI INDUSTRI,TEKNIK MESIN,MESIN,S1,B,446,4,Teknologi Industri
-,rencanamu-32,-,-,-,MESIN OTOMOTIF,OTOMOTIF,S1,C,446,0,Ekonomi & Bisnis
quipper-681,rencanamu-32,banpt-2433,-,FAKULTAS TEKNIK SIPIL DAN PERENCANAAN,PERENCANAAN WILAYAH DAN KOTA,PERENCANAAN WILAYAH KOTA,S1,C,446,0,Ekonomi & Bisnis
quipper-681,rencanamu-32,banpt-2433,-,FAKULTAS PERTANIAN,TEKNIK PERTANIAN,PERTANIAN,S1,B,446,0,Ekonomi & Bisnis
quipper-681,rencanamu-32,banpt-2433,-,FAKULTAS TEKNIK SIPIL DAN PERENCANAAN,TEKNIK SIPIL,SIPIL,S1,B,446,5,Sains & Teknologi
-,-,banpt-400,-,-,BISNIS DIGITAL,BISNIS DIGITAL,S1,BAIK,153,0,Ekonomi & Bisnis
-,-,banpt-400,-,-,INFORMATIKA,INFORMATIKA,S1,BAIK,153,0,Ekonomi & Bisnis
-,-,banpt-400,-,-,TEKNIK LOGISTIK,LOGISTIK,S1,BAIK,153,0,Ekonomi & Bisnis
-,-,banpt-937,-,-,BIOTEKNOLOGI,BIOTEKNOLOGI,S1,BAIK,1510,0,Ekonomi & Bisnis
-,-,banpt-937,-,-,PERIKANAN TANGKAP,PERIKANAN,S1,BAIK,1510,0,Ekonomi & Bisnis
-,-,banpt-1226,-,-,AGROTEKNOLOGI,AGROTEKNOLOGI,S1,BAIK,1131,0,Ekonomi & Bisnis
-,-,banpt-1226,-,-,KEWIRAUSAHAAN,KEWIRAUSAHAAN,S1,BAIK,1131,0,Ekonomi & Bisnis
-,-,banpt-1226,-,-,REKAYASA KOMPUTER,REKAYASA KOMPUTER,S1,BAIK,1131,0,Ekonomi & Bisnis
-,-,banpt-27,-,-,FARMASI,FARMASI,S1,BAIK SEKALI,55,0,Ekonomi & Bisnis
-,-,banpt-27,-,-,KEPERAWATAN,KEPERAWATAN,S1,BAIK SEKALI,55,0,Ekonomi & Bisnis
-,-,banpt-27,-,-,KESEHATAN MASYARAKAT,KESEHATAN MASYARAKAT,S1,BAIK SEKALI,55,0,Ekonomi & Bisnis
-,-,banpt-566,-,-,ADMINISTRASI KESEHATAN,ADMINISTRASI KESEHATAN,S1,BAIK,531,0,Ekonomi & Bisnis
-,-,banpt-566,-,-,FARMASI,FARMASI,S1,BAIK,531,0,Ekonomi & Bisnis
-,-,banpt-566,-,-,KEBIDANAN,KEBIDANAN,S1,BAIK,531,0,Ekonomi & Bisnis
-,-,banpt-566,-,-,ILMU KEPERAWATAN,KEPERAWATAN,S1,BAIK SEKALI,531,0,Ekonomi & Bisnis
-,-,banpt-2555,-,-,ADMINISTRASI KESEHATAN,ADMINISTRASI KESEHATAN,S1,BAIK,940,0,Ekonomi & Bisnis
-,-,banpt-2555,-,-,FISIOTERAPI,FISIOTERAPI,S1,BAIK,940,0,Ekonomi & Bisnis
-,-,banpt-2555,-,-,KEBIDANAN,KEBIDANAN,S1,BAIK SEKALI,940,0,Ekonomi & Bisnis
-,-,banpt-2555,-,-,KEPERAWATAN,KEPERAWATAN,S1,BAIK SEKALI,940,0,Ekonomi & Bisnis
-,-,banpt-599,-,-,ILMU GIZI,GIZI,S1,BAIK SEKALI,731,0,Ekonomi & Bisnis
-,-,banpt-599,-,-,KEBIDANAN,KEBIDANAN,S1,BAIK,731,0,Ekonomi & Bisnis
-,-,banpt-599,-,-,ILMU KEPERAWATAN,KEPERAWATAN,S1,BAIK SEKALI,731,0,Ekonomi & Bisnis
-,-,banpt-939,-,-,REKAYASA HAYATI,REKAYASA HAYATI,S1,BAIK,828,0,Ekonomi & Bisnis
-,-,banpt-939,-,-,TEKNIK SISTEM ENERGI,SISTEM ENERGI,S1,BAIK,828,0,Ekonomi & Bisnis
-,-,banpt-939,-,-,TEKNOLOGI PANGAN,TEKNOLOGI PANGAN,S1,BAIK,828,0,Ekonomi & Bisnis
-,-,banpt-3412,-,-,ARSITEKTUR,ARSITEKTUR,S1,B,643,0,Ekonomi & Bisnis
-,-,banpt-3412,-,-,TEKNIK ELEKTRO,ELEKTRO,S1,B,643,0,Ekonomi & Bisnis
-,-,banpt-3412,-,-,TEKNIK INDUSTRI,INDUSTRI,S1,BAIK,643,0,Ekonomi & Bisnis
-,-,banpt-3412,-,-,TEKNIK KELAUTAN,KELAUTAN,S1,BAIK SEKALI,643,0,Ekonomi & Bisnis
-,-,banpt-833,-,-,TEKNIK INDUSTRI,INDUSTRI,S1,BAIK,1492,0,Ekonomi & Bisnis
-,-,banpt-833,-,-,SISTEM INFORMASI,SISTEM INFORMASI,S1,BAIK,1492,0,Ekonomi & Bisnis
-,-,banpt-833,-,-,PENDIDIKAN TEKNOLOGI INFORMASI,TEKNOLOGI INFORMASI,S1,BAIK,1492,0,Ekonomi & Bisnis
-,-,banpt-123,-,-,BISNIS DIGITAL,BISNIS DIGITAL,S1,BAIK,1491,0,Ekonomi & Bisnis
-,-,banpt-123,-,-,KEWIRAUSAHAAN,KEWIRAUSAHAAN,S1,BAIK,1491,0,Ekonomi & Bisnis
-,-,banpt-123,-,-,REKAYASA HAYATI,REKAYASA HAYATI,S1,BAIK,1491,0,Ekonomi & Bisnis
-,-,banpt-3161,-,-,ARSITEKTUR,ARSITEKTUR,S1,B,92,0,Ekonomi & Bisnis
-,-,banpt-3161,-,-,DESAIN INTERIOR,DESAIN INTERIOR,S1,UNGGUL,92,0,Ekonomi & Bisnis
-,-,banpt-3161,-,-,DESAIN KOMUNIKASI VISUAL,DESAIN KOMUNIKASI VISUAL,S1,A,92,0,Ekonomi & Bisnis
-,-,banpt-3161,-,-,DESAIN PRODUK,DESAIN PRODUK,S1,A,92,0,Ekonomi & Bisnis
-,-,banpt-3161,-,-,TEKNIK ELEKTRO,ELEKTRO,S1,BAIK SEKALI,92,0,Ekonomi & Bisnis
-,-,banpt-3161,-,-,TEKNIK GEODESI,GEODESI,S1,UNGGUL,92,0,Ekonomi & Bisnis
-,-,banpt-3161,-,-,TEKNIK INDUSTRI,INDUSTRI,S1,A,92,0,Ekonomi & Bisnis
-,-,banpt-3161,-,-,INFORMATIKA,INFORMATIKA,S1,UNGGUL,92,0,Ekonomi & Bisnis
-,-,banpt-3161,-,-,TEKNIK KIMIA,KIMIA,S1,BAIK SEKALI,92,0,Ekonomi & Bisnis
-,-,banpt-3161,-,-,TEKNIK LINGKUNGAN,LINGKUNGAN,S1,UNGGUL,92,0,Ekonomi & Bisnis
-,-,banpt-3161,-,-,TEKNIK MESIN,MESIN,S1,UNGGUL,92,0,Ekonomi & Bisnis
-,-,banpt-3161,-,-,PERENCANAAN WILAYAH DAN KOTA,PERENCANAAN WILAYAH KOTA,S1,B,92,0,Ekonomi & Bisnis
-,-,banpt-3161,-,-,TEKNIK SIPIL,SIPIL,S1,UNGGUL,92,0,Ekonomi & Bisnis
-,-,banpt-3161,-,-,SISTEM INFORMASI,SISTEM INFORMASI,S1,BAIK SEKALI,92,0,Ekonomi & Bisnis
quipper-184,rencanamu-35,banpt-372,-,FAKULTAS TEKNIK SIPIL DAN PERENCANAAN,ARSITEKTUR,ARSITEKTUR,S1,B,218,0,Ekonomi & Bisnis
quipper-184,-,banpt-372,-,FAKULTAS TEKNOLOGI INDUSTRI,BISNIS DIGITAL,BISNIS DIGITAL,S1,BAIK SEKALI,218,4,Teknologi Industri
quipper-184,rencanamu-35,banpt-372,-,FAKULTAS TEKNOLOGI INDUSTRI,TEKNIK ELEKTRO,ELEKTRO,S1,B,218,4,Teknologi Industri
quipper-184,rencanamu-35,banpt-372,-,FAKULTAS TEKNIK SIPIL DAN PERENCANAAN,TEKNIK GEODESI,GEODESI,S1,B,218,0,Ekonomi & Bisnis
quipper-184,rencanamu-35,banpt-372,-,FAKULTAS TEKNOLOGI INDUSTRI,TEKNIK INDUSTRI,INDUSTRI,S1,B,218,4,Teknologi Industri
quipper-184,rencanamu-35,banpt-372,-,FAKULTAS TEKNOLOGI INDUSTRI,TEKNIK INFORMATIKA,INFORMATIKA,S1,C,218,1,Teknik & Rekayasa
quipper-184,-,-,-,FAKULTAS TEKNOLOGI INDUSTRI,TEKNIK LISTRIK,KELISTRIKAN,S1,-,218,4,Teknologi Industri
quipper-184,rencanamu-35,banpt-372,-,FAKULTAS TEKNOLOGI INDUSTRI,TEKNIK KIMIA,KIMIA,S1,B,218,4,Teknologi Industri
quipper-184,rencanamu-35,banpt-372,-,FAKULTAS TEKNIK SIPIL DAN PERENCANAAN,TEKNIK LINGKUNGAN,LINGKUNGAN,S1,B,218,0,Ekonomi & Bisnis
quipper-184,rencanamu-35,banpt-372,-,FAKULTAS TEKNOLOGI INDUSTRI,TEKNIK MESIN,MESIN,S1,B,218,4,Teknologi Industri
quipper-184,rencanamu-35,banpt-372,-,FAKULTAS TEKNIK SIPIL DAN PERENCANAAN,PERENCANAAN WILAYAH DAN KOTA,PERENCANAAN WILAYAH KOTA,S1,B,218,0,Ekonomi & Bisnis
quipper-184,rencanamu-35,banpt-372,-,FAKULTAS TEKNIK SIPIL DAN PERENCANAAN,TEKNIK SIPIL,SIPIL,S1,B,218,5,Sains & Teknologi
-,-,banpt-3326,-,-,TEKNIK ELEKTRO,ELEKTRO,S1,BAIK SEKALI,601,0,Ekonomi & Bisnis
-,-,banpt-3326,-,-,TEKNIK GEOLOGI,GEOLOGI,S1,BAIK SEKALI,601,0,Ekonomi & Bisnis
-,-,banpt-3326,-,-,TEKNIK MESIN,MESIN,S1,BAIK SEKALI,601,0,Ekonomi & Bisnis
-,-,banpt-3326,-,-,PERENCANAAN WILAYAH DAN KOTA,PERENCANAAN WILAYAH KOTA,S1,B,601,0,Ekonomi & Bisnis
-,-,banpt-3326,-,-,TEKNIK PERTAMBANGAN,PERTAMBANGAN,S1,BAIK SEKALI,601,0,Ekonomi & Bisnis
-,-,banpt-3326,-,-,TEKNIK SIPIL,SIPIL,S1,BAIK SEKALI,601,0,Ekonomi & Bisnis
quipper-678,-,banpt-3334,-,FAKULTAS TEKNIK,TEKNIK ELEKTRO,ELEKTRO,S1,BAIK SEKALI,448,1,Teknik & Rekayasa
quipper-678,-,banpt-3334,-,FAKULTAS TEKNIK,TEKNIK GEODESI,GEODESI,S1,BAIK SEKALI,448,1,Teknik & Rekayasa
quipper-678,-,banpt-3334,-,FAKULTAS TEKNIK,TEKNIK INFORMATIKA,INFORMATIKA,S1,B,448,1,Teknik & Rekayasa
quipper-678,-,banpt-3334,-,FAKULTAS TEKNIK,TEKNIK LINGKUNGAN,LINGKUNGAN,S1,BAIK,448,1,Teknik & Rekayasa
quipper-678,-,banpt-3334,-,FAKULTAS TEKNIK,TEKNIK MESIN,MESIN,S1,BAIK SEKALI,448,1,Teknik & Rekayasa
quipper-678,-,banpt-3334,-,FAKULTAS TEKNIK,TEKNIK SIPIL,SIPIL,S1,BAIK SEKALI,448,1,Teknik & Rekayasa
-,-,banpt-3208,-,-,TEKNIK INFORMATIKA,INFORMATIKA,S1,BAIK SEKALI,997,0,Ekonomi & Bisnis
-,-,banpt-3208,-,-,KESEJAHTERAAN SOSIAL,KESEJAHTERAAN SOSIAL,S1,BAIK,997,0,Ekonomi & Bisnis
-,-,banpt-3208,-,-,TEKNOLOGI HASIL PERTANIAN,PERTANIAN,S1,BAIK,997,0,Ekonomi & Bisnis
-,-,banpt-3208,-,-,TEKNIK SIPIL,SIPIL,S1,BAIK,997,0,Ekonomi & Bisnis
-,-,banpt-1333,-,-,AGRIBISNIS,AGRIBISNIS,S1,BAIK,1471,0,Ekonomi & Bisnis
-,-,banpt-1333,-,-,BISNIS DIGITAL,BISNIS DIGITAL,S1,BAIK,1471,0,Ekonomi & Bisnis
-,-,banpt-1333,-,-,MANAJEMEN SUMBER DAYA PERAIRAN,BUDIDAYA PERAIRAN,S1,BAIK,1471,0,Ekonomi & Bisnis
-,-,banpt-1333,-,-,NUTRISI DAN TEKNOLOGI PAKAN TERNAK,NUTRISI TEKNOLOGI PAKAN TERNAK,S1,BAIK,1471,0,Ekonomi & Bisnis
-,-,banpt-3271,-,-,TEKNIK ELEKTRO,ELEKTRO,S1,BAIK SEKALI,258,0,Ekonomi & Bisnis
-,-,banpt-3271,-,-,GEOGRAFI,GEOGRAFI,S1,BAIK,258,0,Ekonomi & Bisnis
-,-,banpt-3271,-,-,TEKNIK INDUSTRI,INDUSTRI,S1,BAIK,258,0,Ekonomi & Bisnis
-,-,banpt-3271,-,-,TEKNIK INFORMATIKA,INFORMATIKA,S1,BAIK SEKALI,258,0,Ekonomi & Bisnis
-,-,banpt-3271,-,-,TEKNIK TENAGA LISTRIK,KELISTRIKAN,S1,BAIK,258,0,Ekonomi & Bisnis
-,-,banpt-3271,-,-,KEWIRAUSAHAAN,KEWIRAUSAHAAN,S1,BAIK,258,0,Ekonomi & Bisnis
-,-,banpt-3271,-,-,TEKNIK LINGKUNGAN,LINGKUNGAN,S1,BAIK,258,0,Ekonomi & Bisnis
-,-,banpt-3271,-,-,TEKNIK MESIN,MESIN,S1,UNGGUL,258,0,Ekonomi & Bisnis
-,-,banpt-3271,-,-,TEKNIK SIPIL,SIPIL,S1,BAIK SEKALI,258,0,Ekonomi & Bisnis
-,-,banpt-3271,-,-,TEKNIK SISTEM ENERGI,SISTEM ENERGI,S1,BAIK,258,0,Ekonomi & Bisnis
-,-,banpt-3271,-,-,SISTEM INFORMASI,SISTEM INFORMASI,S1,BAIK,258,0,Ekonomi & Bisnis
-,-,banpt-2376,-,-,DESAIN PRODUK,DESAIN PRODUK,S1,BAIK SEKALI,711,0,Ekonomi & Bisnis
-,-,banpt-2376,-,-,INFORMATIKA,INFORMATIKA,S1,BAIK,711,0,Ekonomi & Bisnis
-,-,banpt-2376,-,-,TEKNIK METALURGI,METALURGI,S1,BAIK,711,0,Ekonomi & Bisnis
-,-,banpt-2376,-,-,PERENCANAAN WILAYAH DAN KOTA,PERENCANAAN WILAYAH KOTA,S1,BAIK,711,0,Ekonomi & Bisnis
-,-,banpt-2376,-,-,TEKNIK PERMINYAKAN,PERMINYAKAN,S1,BAIK SEKALI,711,0,Ekonomi & Bisnis
-,-,banpt-2376,-,-,TEKNIK PERTAMBANGAN,PERTAMBANGAN,S1,BAIK,711,0,Ekonomi & Bisnis
-,-,banpt-2376,-,-,SAINS DATA,SAINS DATA,S1,BAIK,711,0,Ekonomi & Bisnis
-,-,banpt-2376,-,-,TEKNIK SIPIL,SIPIL,S1,BAIK,711,0,Ekonomi & Bisnis
-,-,banpt-317,-,-,ADMINISTRASI KESEHATAN,ADMINISTRASI KESEHATAN,S1,BAIK,1455,0,Ekonomi & Bisnis
-,-,banpt-317,-,-,KEWIRAUSAHAAN,KEWIRAUSAHAAN,S1,BAIK,1455,0,Ekonomi & Bisnis
-,-,banpt-317,-,-,ILMU KOMPUTER,KOMPUTER,S1,BAIK,1455,0,Ekonomi & Bisnis
-,-,banpt-317,-,-,TEKNOLOGI HASIL PERIKANAN,TEKNOLOGI HASIL PERIKANAN,S1,BAIK,1455,0,Ekonomi & Bisnis
-,-,banpt-44,-,-,BISNIS DIGITAL,BISNIS DIGITAL,S1,BAIK SEKALI,671,0,Ekonomi & Bisnis
-,-,banpt-44,-,-,ILMU KEPERAWATAN,KEPERAWATAN,S1,B,671,0,Ekonomi & Bisnis
-,-,banpt-2008,-,-,AGRIBISNIS,AGRIBISNIS,S1,BAIK,173,0,Ekonomi & Bisnis
-,-,banpt-2008,-,-,TEKNIK KIMIA,KIMIA,S1,BAIK,173,0,Ekonomi & Bisnis
-,-,banpt-2008,-,-,PROTEKSI TANAMAN,PROTEKSI TANAMAN,S1,BAIK,173,0,Ekonomi & Bisnis
-,-,banpt-2008,-,-,SISTEM DAN TEKNOLOGI INFORMASI,SISTEM INFORMASI,S1,BAIK,173,0,Ekonomi & Bisnis
-,-,banpt-2079,-,-,ADMINISTRASI KESEHATAN,ADMINISTRASI KESEHATAN,S1,BAIK,1452,0,Ekonomi & Bisnis
-,-,banpt-2079,-,-,ILMU ADMINISTRASI NEGARA,ADMINISTRASI NEGARA,S1,B,1452,0,Ekonomi & Bisnis
-,-,banpt-2079,-,-,ADMINISTRASI PUBLIK,ADMINISTRASI PUBLIK,S1,B,1452,0,Ekonomi & Bisnis
-,-,banpt-2079,-,-,BISNIS DIGITAL,BISNIS DIGITAL,S1,BAIK,1452,0,Ekonomi & Bisnis
-,-,banpt-2079,-,-,HUKUM BISNIS,HUKUM,S1,TERAKREDITASI SEMENTARA,1452,0,Ekonomi & Bisnis
-,-,banpt-2079,-,-,INFORMATIKA,INFORMATIKA,S1,BAIK,1452,0,Ekonomi & Bisnis
-,-,banpt-1844,-,-,SAINS AKTUARIA,AKTUARIA,S1,BAIK,895,0,Ekonomi & Bisnis
-,-,banpt-1844,-,-,MANAJEMEN RITEL,MANAJEMEN RITEL,S1,BAIK,895,0,Ekonomi & Bisnis
-,-,banpt-1844,-,-,REKAYASA PERANGKAT LUNAK,REKAYASA PERANGKAT LUNAK,S1,BAIK SEKALI,895,0,Ekonomi & Bisnis
quipper-377,-,banpt-3939,-,FAKULTAS TEKNIK INDUSTRI,TEKNIK INDUSTRI,INDUSTRI,S1,BAIK SEKALI,500,0,Ekonomi & Bisnis
quipper-377,-,banpt-3939,-,FAKULTAS TEKNOLOGI SUMBER DAYA ALAM,KELAUTAN,KELAUTAN,S1,BAIK,500,0,Ekonomi & Bisnis
quipper-377,-,banpt-3939,-,FAKULTAS TEKNIK LINGKUNGAN,TEKNIK LINGKUNGAN,LINGKUNGAN,S1,B,500,0,Ekonomi & Bisnis
quipper-377,-,banpt-3939,-,FAKULTAS TEKNOLOGI SUMBER DAYA ALAM,TEKNIK PERTAMBANGAN,PERTAMBANGAN,S1,BAIK,500,0,Ekonomi & Bisnis
-,-,banpt-3939,-,-,TEKNIK SISTEM ENERGI,SISTEM ENERGI,S1,BAIK,500,0,Ekonomi & Bisnis
-,-,banpt-3536,-,-,TEKNIK KELAUTAN,KELAUTAN,S1,BAIK SEKALI,88,0,Ekonomi & Bisnis
-,-,banpt-3536,-,-,TEKNIK DIRGANTARA,PENERBANGAN,S1,BAIK SEKALI,88,0,Ekonomi & Bisnis
-,-,banpt-3536,-,-,REKAYASA INFRASTRUKTUR DAN LINGKUNGAN,REKAYASA INFRASTRUKTUR LINGKUNGAN,S1,BAIK SEKALI,88,0,Ekonomi & Bisnis
-,-,banpt-3536,-,-,TRANSPORTASI,TRANSPORTASI,S1,BAIK SEKALI,88,0,Ekonomi & Bisnis
-,-,banpt-1581,-,-,PENDIDIKAN BIOLOGI,BIOLOGI,S1,BAIK SEKALI,1458,0,Ekonomi & Bisnis
-,-,banpt-1581,-,-,EKONOMI PEMBANGUNAN,EKONOMI PEMBANGUNAN,S1,BAIK SEKALI,1458,0,Ekonomi & Bisnis
-,-,banpt-1581,-,-,PENDIDIKAN GURU SEKOLAH DASAR,GURU SEKOLAH DASAR,S1,BAIK,1458,0,Ekonomi & Bisnis
-,-,banpt-1581,-,-,PENDIDIKAN MATEMATIKA,MATEMATIKA,S1,BAIK,1458,0,Ekonomi & Bisnis
-,rencanamu-39,-,-,-,HUBUNGAN INTERNASIONAL,HUBUNGAN INTERNASIONAL,S1,-,1,0,Ekonomi & Bisnis
-,rencanamu-39,-,-,-,HUBUNGAN MASYARAKAT,HUBUNGAN MASYARAKAT,S1,-,1,0,Ekonomi & Bisnis
-,rencanamu-39,-,-,-,KOMUNIKASI MASSA,ILMU KOMUNIKASI,S1,-,1,0,Ekonomi & Bisnis
-,rencanamu-39,-,-,-,KOMUNIKASI PEMASARAN,PEMASARAN,S1,-,1,0,Ekonomi & Bisnis
quipper-1,-,-,-,EKONOMI,AKUNTANSI,AKUNTANSI,S1,-,233,2,Pendidikan & Keguruan
quipper-1,-,-,-,EKONOMI,BISNIS,BISNIS,S1,-,233,0,Ekonomi & Bisnis
quipper-1,-,-,-,EKONOMI,MANAJEMEN,MANAJEMEN,S1,-,233,0,Ekonomi & Bisnis
-,rencanamu-51,-,-,-,ADMINISTRASI BISNIS,ADMINISTRASI BISNIS,S1,B,2,0,Ekonomi & Bisnis
-,rencanamu-51,-,-,-,AKUNTANSI,AKUNTANSI,S1,B,2,0,Ekonomi & Bisnis
-,rencanamu-51,-,-,-,TEKNIK ELEKTRO,ELEKTRO,S1,B,2,0,Ekonomi & Bisnis
-,rencanamu-51,-,-,-,PENDIDIKAN KEGURUAN,GURU,S1,-,2,0,Ekonomi & Bisnis
-,rencanamu-51,-,-,-,HUBUNGAN INTERNASIONAL,HUBUNGAN INTERNASIONAL,S1,B,2,0,Ekonomi & Bisnis
-,rencanamu-51,-,-,-,ILMU HUKUM,HUKUM,S1,B,2,0,Ekonomi & Bisnis
-,rencanamu-51,-,-,-,ILMU KOMUNIKASI,ILMU KOMUNIKASI,S1,B,2,0,Ekonomi & Bisnis
-,rencanamu-51,-,-,-,TEKNIK INDUSTRI,INDUSTRI,S1,B,2,0,Ekonomi & Bisnis
-,rencanamu-51,-,-,-,TEKNIK INFORMATIKA,INFORMATIKA,S1,A,2,0,Ekonomi & Bisnis
-,rencanamu-51,-,-,-,TEKNIK LINGKUNGAN,LINGKUNGAN,S1,C,2,0,Ekonomi & Bisnis
-,rencanamu-51,-,-,-,MANAJEMEN,MANAJEMEN,S1,A,2,0,Ekonomi & Bisnis
-,rencanamu-51,-,-,-,TEKNIK MESIN,MESIN,S1,B,2,0,Ekonomi & Bisnis
-,rencanamu-51,-,-,-,SISTEM INFORMASI,SISTEM INFORMASI,S1,A,2,0,Ekonomi & Bisnis
quipper-556,-,-,-,ANIMASI,ANIMASI,ANIMASI,S1,-,86,0,Ekonomi & Bisnis
quipper-556,-,-,-,FILM,FILM DAN TELEVISI,FILM,S1,-,86,0,Ekonomi & Bisnis
quipper-556,-,-,-,BISNIS MUSIK,MUSIK,SENI MUSIK,S1,-,86,0,Ekonomi & Bisnis
-,-,banpt-1761,-,-,ARSITEKTUR,ARSITEKTUR,S1,BAIK,614,0,Ekonomi & Bisnis
-,-,banpt-417,-,-,SASTRA INGGRIS,SASTRA INGGRIS,S1,BAIK,827,0,Ekonomi & Bisnis
-,-,banpt-2270,-,-,SASTRA INGGRIS,SASTRA INGGRIS,S1,BAIK,831,0,Ekonomi & Bisnis
quipper-270,-,banpt-2090,-,BAHASA ASING,SASTRA INGGRIS,SASTRA INGGRIS,S1,BAIK,402,0,Ekonomi & Bisnis
quipper-270,-,banpt-2090,-,BAHASA ASING,SASTRA JEPANG,SASTRA JEPANG,S1,BAIK,402,0,Ekonomi & Bisnis
quipper-438,-,banpt-3258,-,SASTRA INGGRIS,SASTRA INGGRIS,SASTRA INGGRIS,S1,B,592,0,Ekonomi & Bisnis
-,-,banpt-3374,-,-,SASTRA INGGRIS,SASTRA INGGRIS,S1,BAIK,1309,0,Ekonomi & Bisnis
-,-,banpt-3944,-,-,SASTRA INGGRIS,SASTRA INGGRIS,S1,BAIK,1211,0,Ekonomi & Bisnis
-,-,banpt-3965,-,-,SASTRA INGGRIS,SASTRA INGGRIS,S1,BAIK,1000,0,Ekonomi & Bisnis
-,-,banpt-3043,-,-,SASTRA INGGRIS,SASTRA INGGRIS,S1,B,743,0,Ekonomi & Bisnis
-,-,banpt-3043,-,-,SASTRA JEPANG,SASTRA JEPANG,S1,B,743,0,Ekonomi & Bisnis
-,-,banpt-3183,-,-,ADMINISTRASI BISNIS,ADMINISTRASI BISNIS,S1,BAIK,354,0,Ekonomi & Bisnis
-,-,banpt-3183,-,-,AKUNTANSI,AKUNTANSI,S1,BAIK,354,0,Ekonomi & Bisnis
-,-,banpt-2222,-,-,MANAJEMEN,MANAJEMEN,S1,B,1271,0,Ekonomi & Bisnis
-,-,banpt-2222,-,-,MANAJEMEN PERHOTELAN DAN PARIWISATA,PERHOTELAN,S1,B,1271,0,Ekonomi & Bisnis
-,-,banpt-3465,-,-,DESAIN INTERIOR,DESAIN INTERIOR,S1,BAIK,268,0,Ekonomi & Bisnis
-,-,banpt-3465,-,-,DESAIN KOMUNIKASI VISUAL,DESAIN KOMUNIKASI VISUAL,S1,BAIK,268,0,Ekonomi & Bisnis
quipper-709,-,-,-,DESAIN,DESAIN,DESAIN,S1,-,314,0,Ekonomi & Bisnis
quipper-709,-,banpt-2841,-,DESAIN,DESAIN INTERIOR,DESAIN INTERIOR,S1,BAIK,314,0,Ekonomi & Bisnis
quipper-709,rencanamu-55,banpt-2841,-,DESAIN,DESAIN KOMUNIKASI VISUAL,DESAIN KOMUNIKASI VISUAL,S1,B,314,0,Ekonomi & Bisnis
-,rencanamu-55,banpt-2841,-,-,DESAIN PRODUK,DESAIN PRODUK,S1,B,314,0,Ekonomi & Bisnis
quipper-709,-,-,-,DESAIN,RIAS DAN BUSANA,FASHION,S1,-,314,0,Ekonomi & Bisnis
quipper-709,-,-,-,DESAIN,MULTIMEDIA,MULTIMEDIA,S1,-,314,0,Ekonomi & Bisnis
-,-,banpt-2042,-,-,DESAIN INTERIOR,DESAIN INTERIOR,S1,BAIK,289,0,Ekonomi & Bisnis
-,-,banpt-3120,-,-,FARMASI,FARMASI,S1,BAIK SEKALI,94,0,Ekonomi & Bisnis
-,-,banpt-3921,-,-,FARMASI,FARMASI,S1,BAIK SEKALI,374,0,Ekonomi & Bisnis
quipper-541,-,banpt-1306,-,FAKULTAS ILMU FILSAFAT,FILSAFAT,FILSAFAT,S1,UNGGUL,274,0,Ekonomi & Bisnis
quipper-541,-,banpt-1306,-,FAKULTAS ILMU FILSAFAT,TEOLOGI,TEOLOGI,S1,UNGGUL,274,0,Ekonomi & Bisnis
-,-,banpt-2563,-,-,ILMU FILSAFAT,FILSAFAT,S1,B,1423,0,Ekonomi & Bisnis
-,-,banpt-2563,-,-,TEOLOGI,TEOLOGI,S1,B,1423,0,Ekonomi & Bisnis
-,-,banpt-2218,-,-,ILMU TEOLOGI,TEOLOGI,S1,B,724,0,Ekonomi & Bisnis
quipper-300,-,banpt-3323,-,PROGRAM SARJANA,ILMU TEOLOGI,TEOLOGI,S1,A,116,0,Ekonomi & Bisnis
quipper-462,-,banpt-3968,-,HUKUM,ILMU HUKUM,HUKUM,S1,A,407,3,Hukum
-,-,banpt-1914,-,-,ILMU HUKUM,HUKUM,S1,B,1520,0,Ekonomi & Bisnis
-,-,banpt-2049,-,-,ILMU HUKUM,HUKUM,S1,B,749,0,Ekonomi & Bisnis
-,-,banpt-1024,-,-,ADMINISTRASI PUBLIK,ADMINISTRASI PUBLIK,S1,B,348,0,Ekonomi & Bisnis
-,-,banpt-2269,-,-,ADMINISTRASI BISNIS,ADMINISTRASI BISNIS,S1,BAIK,1198,0,Ekonomi & Bisnis
-,-,banpt-2269,-,-,ILMU ADMINISTRASI NEGARA,ADMINISTRASI NEGARA,S1,TERAKREDITASI,1198,0,Ekonomi & Bisnis
-,-,banpt-478,-,-,ADMINISTRASI PUBLIK,ADMINISTRASI PUBLIK,S1,BAIK,1154,0,Ekonomi & Bisnis
-,-,banpt-1576,-,-,ILMU ADMINISTRASI NIAGA,ADMINISTRASI NIAGA,S1,BAIK SEKALI,1315,0,Ekonomi & Bisnis
-,-,banpt-3977,-,-,ILMU ADMINISTRASI NEGARA,ADMINISTRASI NEGARA,S1,BAIK,225,0,Ekonomi & Bisnis
-,-,banpt-3977,-,-,ILMU ADMINISTRASI NIAGA,ADMINISTRASI NIAGA,S1,BAIK,225,0,Ekonomi & Bisnis
-,-,banpt-2729,-,-,ILMU ADMINISTRASI NEGARA,ADMINISTRASI NEGARA,S1,BAIK,1472,0,Ekonomi & Bisnis
-,-,banpt-2729,-,-,ILMU ADMINISTRASI NIAGA,ADMINISTRASI NIAGA,S1,BAIK,1472,0,Ekonomi & Bisnis
-,-,banpt-3408,-,-,ILMU ADMINISTRASI NEGARA,ADMINISTRASI NEGARA,S1,B,1236,0,Ekonomi & Bisnis
-,-,banpt-1546,-,-,ILMU ADMINISTRASI NEGARA,ADMINISTRASI NEGARA,S1,BAIK,1392,0,Ekonomi & Bisnis
-,-,banpt-1546,-,-,ILMU ADMINISTRASI NIAGA,ADMINISTRASI NIAGA,S1,BAIK,1392,0,Ekonomi & Bisnis
-,-,banpt-2295,-,-,ADMINISTRASI BISNIS,ADMINISTRASI BISNIS,S1,BAIK SEKALI,1433,0,Ekonomi & Bisnis
-,-,banpt-2295,-,-,ILMU ADMINISTRASI NIAGA,ADMINISTRASI NIAGA,S1,BAIK SEKALI,1433,0,Ekonomi & Bisnis
-,-,banpt-3303,-,-,ADMINISTRASI BISNIS,ADMINISTRASI BISNIS,S1,B,872,0,Ekonomi & Bisnis
-,-,banpt-3303,-,-,ADMINISTRASI PUBLIK,ADMINISTRASI PUBLIK,S1,BAIK SEKALI,872,0,Ekonomi & Bisnis
-,-,banpt-2728,-,-,ILMU ADMINISTRASI NEGARA,ADMINISTRASI NEGARA,S1,B,194,0,Ekonomi & Bisnis
-,-,banpt-2728,-,-,ILMU ADMINISTRASI NIAGA,ADMINISTRASI NIAGA,S1,BAIK,194,0,Ekonomi & Bisnis
-,-,banpt-2440,-,-,ADMINISTRASI PUBLIK,ADMINISTRASI PUBLIK,S1,BAIK,1522,0,Ekonomi & Bisnis
-,-,banpt-1825,-,-,ILMU ADMINISTRASI NEGARA,ADMINISTRASI NEGARA,S1,BAIK,1395,0,Ekonomi & Bisnis
-,-,banpt-3052,-,-,ADMINISTRASI BISNIS,ADMINISTRASI BISNIS,S1,BAIK,1248,0,Ekonomi & Bisnis
-,-,banpt-1041,-,-,ILMU ADMINISTRASI NEGARA,ADMINISTRASI NEGARA,S1,B,1017,0,Ekonomi & Bisnis
-,-,banpt-1041,-,-,ILMU ADMINISTRASI NIAGA,ADMINISTRASI NIAGA,S1,B,1017,0,Ekonomi & Bisnis
-,-,banpt-1646,-,-,ADMINISTRASI PUBLIK,ADMINISTRASI PUBLIK,S1,B,1027,0,Ekonomi & Bisnis
-,-,banpt-3062,-,-,ILMU ADMINISTRASI NEGARA,ADMINISTRASI NEGARA,S1,TERAKREDITASI,947,0,Ekonomi & Bisnis
-,-,banpt-3062,-,-,ILMU ADMINISTRASI NIAGA,ADMINISTRASI NIAGA,S1,TERAKREDITASI,947,0,Ekonomi & Bisnis
-,-,banpt-1169,-,-,ILMU ADMINISTRASI NEGARA,ADMINISTRASI NEGARA,S1,BAIK,1368,0,Ekonomi & Bisnis
-,-,banpt-1169,-,-,ILMU ADMINISTRASI NIAGA,ADMINISTRASI NIAGA,S1,BAIK,1368,0,Ekonomi & Bisnis
-,-,banpt-3060,-,-,SASTRA INGGRIS,SASTRA INGGRIS,S1,BAIK,533,0,Ekonomi & Bisnis
-,-,banpt-1869,-,-,MANAJEMEN RETAIL,MANAJEMEN RITEL,S1,BAIK,898,0,Ekonomi & Bisnis
-,-,banpt-3970,-,-,AKUNTANSI,AKUNTANSI,S1,BAIK,1232,0,Ekonomi & Bisnis
-,-,banpt-3970,-,-,MANAJEMEN,MANAJEMEN,S1,BAIK,1232,0,Ekonomi & Bisnis
-,-,banpt-2598,-,-,AKUNTANSI,AKUNTANSI,S1,BAIK,1280,0,Ekonomi & Bisnis
-,-,banpt-2598,-,-,MANAJEMEN,MANAJEMEN,S1,BAIK,1280,0,Ekonomi & Bisnis
-,-,banpt-2161,-,-,AKUNTANSI,AKUNTANSI,S1,BAIK SEKALI,1235,0,Ekonomi & Bisnis
-,-,banpt-2161,-,-,MANAJEMEN,MANAJEMEN,S1,BAIK SEKALI,1235,0,Ekonomi & Bisnis
-,-,banpt-386,-,-,AKUNTANSI,AKUNTANSI,S1,B,1353,0,Ekonomi & Bisnis
-,-,banpt-386,-,-,BISNIS DIGITAL,BISNIS DIGITAL,S1,BAIK SEKALI,1353,0,Ekonomi & Bisnis
-,-,banpt-386,-,-,KEWIRAUSAHAAN,KEWIRAUSAHAAN,S1,BAIK,1353,0,Ekonomi & Bisnis
-,-,banpt-386,-,-,MANAJEMEN,MANAJEMEN,S1,BAIK SEKALI,1353,0,Ekonomi & Bisnis
-,-,banpt-2591,-,-,AKUNTANSI,AKUNTANSI,S1,BAIK,1336,0,Ekonomi & Bisnis
-,-,banpt-2591,-,-,MANAJEMEN,MANAJEMEN,S1,BAIK,1336,0,Ekonomi & Bisnis
-,-,banpt-2774,-,-,MANAJEMEN,MANAJEMEN,S1,BAIK SEKALI,1306,0,Ekonomi & Bisnis
-,-,banpt-3250,-,-,MANAJEMEN,MANAJEMEN,S1,B,100,0,Ekonomi & Bisnis
-,-,banpt-3171,-,-,MANAJEMEN,MANAJEMEN,S1,BAIK,843,0,Ekonomi & Bisnis
-,-,banpt-3946,-,-,AKUNTANSI,AKUNTANSI,S1,B,728,0,Ekonomi & Bisnis
-,-,banpt-3946,-,-,MANAJEMEN,MANAJEMEN,S1,B,728,0,Ekonomi & Bisnis
-,-,banpt-2745,-,-,AKUNTANSI,AKUNTANSI,S1,B,656,0,Ekonomi & Bisnis
-,-,banpt-2745,-,-,MANAJEMEN,MANAJEMEN,S1,B,656,0,Ekonomi & Bisnis
-,-,banpt-2096,-,-,AKUNTANSI,AKUNTANSI,S1,BAIK,974,0,Ekonomi & Bisnis
-,-,banpt-2096,-,-,MANAJEMEN,MANAJEMEN,S1,BAIK,974,0,Ekonomi & Bisnis
-,-,banpt-2189,-,-,MANAJEMEN,MANAJEMEN,S1,BAIK SEKALI,1502,0,Ekonomi & Bisnis
-,-,banpt-3129,-,-,BISNIS DIGITAL,BISNIS DIGITAL,S1,BAIK,1178,0,Ekonomi & Bisnis
-,-,banpt-3129,-,-,MANAJEMEN,MANAJEMEN,S1,BAIK SEKALI,1178,0,Ekonomi & Bisnis
quipper-345,-,-,-,AKUNTANSI,AKUNTANSI,AKUNTANSI,S1,-,1118,2,Pendidikan & Keguruan
quipper-345,-,-,-,MANAJEMEN,MANAJEMEN,MANAJEMEN,S1,-,1118,0,Ekonomi & Bisnis
-,-,banpt-2459,-,-,AKUNTANSI,AKUNTANSI,S1,BAIK,1120,0,Ekonomi & Bisnis
-,-,banpt-2459,-,-,MANAJEMEN,MANAJEMEN,S1,BAIK,1120,0,Ekonomi & Bisnis
-,-,banpt-3692,-,-,MANAJEMEN,MANAJEMEN,S1,BAIK,1074,0,Ekonomi & Bisnis
-,-,banpt-1843,-,-,AKUNTANSI,AKUNTANSI,S1,BAIK,1451,0,Ekonomi & Bisnis
-,-,banpt-1468,-,-,EKONOMI PEMBANGUNAN,EKONOMI PEMBANGUNAN,S1,BAIK,1179,0,Ekonomi & Bisnis
-,-,banpt-289,-,-,AKUNTANSI,AKUNTANSI,S1,BAIK,1426,0,Ekonomi & Bisnis
-,-,banpt-289,-,-,EKONOMI PEMBANGUNAN,EKONOMI PEMBANGUNAN,S1,BAIK,1426,0,Ekonomi & Bisnis
-,-,banpt-289,-,-,MANAJEMEN,MANAJEMEN,S1,BAIK,1426,0,Ekonomi & Bisnis
-,-,banpt-1078,-,-,EKONOMI PEMBANGUNAN,EKONOMI PEMBANGUNAN,S1,BAIK,813,0,Ekonomi & Bisnis
-,-,banpt-1078,-,-,MANAJEMEN,MANAJEMEN,S1,BAIK,813,0,Ekonomi & Bisnis
-,-,banpt-3730,-,-,AKUNTANSI,AKUNTANSI,S1,BAIK SEKALI,841,0,Ekonomi & Bisnis
-,-,banpt-3730,-,-,MANAJEMEN,MANAJEMEN,S1,BAIK,841,0,Ekonomi & Bisnis
-,-,banpt-2172,-,-,AKUNTANSI,AKUNTANSI,S1,BAIK,1128,0,Ekonomi & Bisnis
-,-,banpt-2172,-,-,MANAJEMEN,MANAJEMEN,S1,BAIK,1128,0,Ekonomi & Bisnis
quipper-174,-,banpt-1670,-,SARJANA,AKUNTANSI,AKUNTANSI,S1,BAIK,284,2,Pendidikan & Keguruan
quipper-174,-,banpt-1670,-,SARJANA,MANAJEMEN,MANAJEMEN,S1,BAIK,284,0,Ekonomi & Bisnis
-,-,banpt-422,-,-,MANAJEMEN,MANAJEMEN,S1,BAIK,459,0,Ekonomi & Bisnis
-,-,banpt-2152,-,-,AKUNTANSI,AKUNTANSI,S1,BAIK,1525,0,Ekonomi & Bisnis
-,-,banpt-2152,-,-,MANAJEMEN,MANAJEMEN,S1,BAIK,1525,0,Ekonomi & Bisnis
-,-,banpt-1178,-,-,AKUNTANSI,AKUNTANSI,S1,BAIK,653,0,Ekonomi & Bisnis
-,-,banpt-1178,-,-,MANAJEMEN,MANAJEMEN,S1,BAIK,653,0,Ekonomi & Bisnis
-,-,banpt-897,-,-,AKUNTANSI,AKUNTANSI,S1,B,915,0,Ekonomi & Bisnis
-,-,banpt-897,-,-,MANAJEMEN,MANAJEMEN,S1,BAIK SEKALI,915,0,Ekonomi & Bisnis
-,-,banpt-2635,-,-,MANAJEMEN,MANAJEMEN,S1,BAIK,1312,0,Ekonomi & Bisnis
-,-,banpt-2308,-,-,MANAJEMEN,MANAJEMEN,S1,B,128,0,Ekonomi & Bisnis
-,-,banpt-2443,-,-,MANAJEMEN,MANAJEMEN,S1,BAIK,187,0,Ekonomi & Bisnis
-,-,banpt-3768,-,-,AKUNTANSI,AKUNTANSI,S1,BAIK,560,0,Ekonomi & Bisnis
-,-,banpt-3768,-,-,MANAJEMEN,MANAJEMEN,S1,BAIK,560,0,Ekonomi & Bisnis
-,-,banpt-3984,-,-,AKUNTANSI,AKUNTANSI,S1,BAIK,1165,0,Ekonomi & Bisnis
-,-,banpt-3984,-,-,MANAJEMEN,MANAJEMEN,S1,BAIK,1165,0,Ekonomi & Bisnis
-,-,banpt-1872,-,-,AKUNTANSI,AKUNTANSI,S1,B,1053,0,Ekonomi & Bisnis
-,-,banpt-1872,-,-,MANAJEMEN,MANAJEMEN,S1,BAIK SEKALI,1053,0,Ekonomi & Bisnis
-,-,banpt-2129,-,-,AKUNTANSI,AKUNTANSI,S1,BAIK,1186,0,Ekonomi & Bisnis
-,-,banpt-2129,-,-,MANAJEMEN,MANAJEMEN,S1,BAIK,1186,0,Ekonomi & Bisnis
-,-,banpt-2531,-,-,AKUNTANSI,AKUNTANSI,S1,UNGGUL,182,0,Ekonomi & Bisnis
-,-,banpt-2531,-,-,MANAJEMEN,MANAJEMEN,S1,BAIK SEKALI,182,0,Ekonomi & Bisnis
-,-,banpt-968,-,-,MANAJEMEN,MANAJEMEN,S1,BAIK,1493,0,Ekonomi & Bisnis
-,-,banpt-2887,-,-,AKUNTANSI,AKUNTANSI,S1,BAIK SEKALI,725,0,Ekonomi & Bisnis
-,-,banpt-2894,-,-,AKUNTANSI,AKUNTANSI,S1,BAIK,672,0,Ekonomi & Bisnis
-,-,banpt-2894,-,-,MANAJEMEN,MANAJEMEN,S1,BAIK SEKALI,672,0,Ekonomi & Bisnis
-,-,banpt-1042,-,-,AKUNTANSI,AKUNTANSI,S1,BAIK,683,0,Ekonomi & Bisnis
-,-,banpt-1042,-,-,MANAJEMEN,MANAJEMEN,S1,B,683,0,Ekonomi & Bisnis
-,-,banpt-2327,-,-,AKUNTANSI,AKUNTANSI,S1,BAIK,1126,0,Ekonomi & Bisnis
-,-,banpt-2327,-,-,MANAJEMEN,MANAJEMEN,S1,B,1126,0,Ekonomi & Bisnis
-,-,banpt-1873,-,-,AKUNTANSI,AKUNTANSI,S1,BAIK SEKALI,244,0,Ekonomi & Bisnis
-,-,banpt-1873,-,-,MANAJEMEN,MANAJEMEN,S1,BAIK SEKALI,244,0,Ekonomi & Bisnis
-,-,banpt-1823,-,-,AKUNTANSI,AKUNTANSI,S1,BAIK,1030,0,Ekonomi & Bisnis
-,-,banpt-1823,-,-,MANAJEMEN,MANAJEMEN,S1,B,1030,0,Ekonomi & Bisnis
-,-,banpt-3882,-,-,MANAJEMEN,MANAJEMEN,S1,BAIK,1147,0,Ekonomi & Bisnis
-,-,banpt-3850,-,-,MANAJEMEN,MANAJEMEN,S1,TIDAK TERAKREDITASI,1500,0,Ekonomi & Bisnis
-,-,banpt-1170,-,-,AKUNTANSI,AKUNTANSI,S1,BAIK,1361,0,Ekonomi & Bisnis
-,-,banpt-1170,-,-,MANAJEMEN,MANAJEMEN,S1,BAIK,1361,0,Ekonomi & Bisnis
-,-,banpt-2113,-,-,AKUNTANSI,AKUNTANSI,S1,BAIK,1341,0,Ekonomi & Bisnis
-,-,banpt-1890,-,-,AKUNTANSI,AKUNTANSI,S1,BAIK SEKALI,366,0,Ekonomi & Bisnis
-,-,banpt-1890,-,-,MANAJEMEN,MANAJEMEN,S1,BAIK SEKALI,366,0,Ekonomi & Bisnis
-,-,banpt-1061,-,-,AKUNTANSI,AKUNTANSI,S1,BAIK,1244,0,Ekonomi & Bisnis
-,-,banpt-1061,-,-,MANAJEMEN,MANAJEMEN,S1,BAIK SEKALI,1244,0,Ekonomi & Bisnis
-,-,banpt-3928,-,-,MANAJEMEN,MANAJEMEN,S1,BAIK SEKALI,801,0,Ekonomi & Bisnis
quipper-106,-,banpt-706,-,ILMU EKONOMI,AKUNTANSI,AKUNTANSI,S1,UNGGUL,587,2,Pendidikan & Keguruan
quipper-106,-,banpt-706,-,ILMU EKONOMI,MANAJEMEN,MANAJEMEN,S1,UNGGUL,587,0,Ekonomi & Bisnis
quipper-106,-,-,-,ILMU EKONOMI,PERPAJAKAN,PERPAJAKAN,S1,-,587,0,Ekonomi & Bisnis
quipper-706,-,banpt-2032,-,MANAJEMEN,MANAJEMEN,MANAJEMEN,S1,B,789,0,Ekonomi & Bisnis
-,-,banpt-2077,-,-,MANAJEMEN,MANAJEMEN,S1,BAIK,1166,0,Ekonomi & Bisnis
-,-,banpt-972,-,-,AKUNTANSI,AKUNTANSI,S1,BAIK SEKALI,417,0,Ekonomi & Bisnis
-,-,banpt-972,-,-,EKONOMI PEMBANGUNAN,EKONOMI PEMBANGUNAN,S1,BAIK,417,0,Ekonomi & Bisnis
-,-,banpt-972,-,-,MANAJEMEN,MANAJEMEN,S1,BAIK SEKALI,417,0,Ekonomi & Bisnis
-,-,banpt-2819,-,-,AKUNTANSI,AKUNTANSI,S1,BAIK,1220,0,Ekonomi & Bisnis
-,-,banpt-2819,-,-,MANAJEMEN,MANAJEMEN,S1,BAIK SEKALI,1220,0,Ekonomi & Bisnis
-,-,banpt-1449,-,-,AKUNTANSI,AKUNTANSI,S1,BAIK,1191,0,Ekonomi & Bisnis
-,-,banpt-1384,-,-,AKUNTANSI,AKUNTANSI,S1,BAIK,760,0,Ekonomi & Bisnis
-,-,banpt-1384,-,-,MANAJEMEN,MANAJEMEN,S1,BAIK,760,0,Ekonomi & Bisnis
-,-,banpt-3397,-,-,AKUNTANSI,AKUNTANSI,S1,BAIK,965,0,Ekonomi & Bisnis
-,-,banpt-3397,-,-,MANAJEMEN,MANAJEMEN,S1,BAIK,965,0,Ekonomi & Bisnis
-,-,banpt-327,-,-,AKUNTANSI,AKUNTANSI,S1,BAIK SEKALI,900,0,Ekonomi & Bisnis
-,-,banpt-327,-,-,MANAJEMEN,MANAJEMEN,S1,BAIK SEKALI,900,0,Ekonomi & Bisnis
-,-,banpt-2489,-,-,AKUNTANSI,AKUNTANSI,S1,BAIK,644,0,Ekonomi & Bisnis
-,-,banpt-2489,-,-,MANAJEMEN,MANAJEMEN,S1,B,644,0,Ekonomi & Bisnis
-,-,banpt-1455,-,-,MANAJEMEN,MANAJEMEN,S1,BAIK,1274,0,Ekonomi & Bisnis
-,-,banpt-1768,-,-,AKUNTANSI,AKUNTANSI,S1,BAIK,1201,0,Ekonomi & Bisnis
-,-,banpt-1768,-,-,MANAJEMEN,MANAJEMEN,S1,BAIK,1201,0,Ekonomi & Bisnis
-,-,banpt-3924,-,-,MANAJEMEN,MANAJEMEN,S1,BAIK,1005,0,Ekonomi & Bisnis
-,-,banpt-2518,-,-,BISNIS DIGITAL,BISNIS DIGITAL,S1,BAIK,1374,0,Ekonomi & Bisnis
-,-,banpt-2518,-,-,MANAJEMEN,MANAJEMEN,S1,BAIK SEKALI,1374,0,Ekonomi & Bisnis
-,-,banpt-416,-,-,MANAJEMEN,MANAJEMEN,S1,BAIK,1421,0,Ekonomi & Bisnis
-,-,banpt-2361,-,-,AKUNTANSI,AKUNTANSI,S1,BAIK SEKALI,101,0,Ekonomi & Bisnis
-,-,banpt-2328,-,-,MANAJEMEN,MANAJEMEN,S1,BAIK SEKALI,358,0,Ekonomi & Bisnis
quipper-45,-,banpt-548,-,ILMU EKONOMI,AKUNTANSI,AKUNTANSI,S1,BAIK SEKALI,629,2,Pendidikan & Keguruan
-,-,banpt-548,-,-,BISNIS DIGITAL,BISNIS DIGITAL,S1,BAIK,629,0,Ekonomi & Bisnis
-,-,banpt-548,-,-,KEWIRAUSAHAAN,KEWIRAUSAHAAN,S1,BAIK,629,0,Ekonomi & Bisnis
quipper-45,-,banpt-548,-,ILMU EKONOMI,MANAJEMEN,MANAJEMEN,S1,BAIK SEKALI,629,0,Ekonomi & Bisnis
-,-,banpt-2386,-,-,AKUNTANSI,AKUNTANSI,S1,BAIK SEKALI,477,0,Ekonomi & Bisnis
-,-,banpt-2386,-,-,MANAJEMEN,MANAJEMEN,S1,BAIK SEKALI,477,0,Ekonomi & Bisnis
-,-,banpt-326,-,-,AKUNTANSI,AKUNTANSI,S1,UNGGUL,720,0,Ekonomi & Bisnis
-,-,banpt-326,-,-,MANAJEMEN,MANAJEMEN,S1,UNGGUL,720,0,Ekonomi & Bisnis
-,-,banpt-2636,-,-,AKUNTANSI,AKUNTANSI,S1,B,780,0,Ekonomi & Bisnis
-,-,banpt-2636,-,-,MANAJEMEN,MANAJEMEN,S1,B,780,0,Ekonomi & Bisnis
-,-,banpt-312,-,-,AKUNTANSI,AKUNTANSI,S1,BAIK,1101,0,Ekonomi & Bisnis
-,-,banpt-312,-,-,MANAJEMEN,MANAJEMEN,S1,BAIK,1101,0,Ekonomi & Bisnis
-,-,banpt-3040,-,-,AKUNTANSI,AKUNTANSI,S1,BAIK,1134,0,Ekonomi & Bisnis
-,-,banpt-3040,-,-,MANAJEMEN,MANAJEMEN,S1,BAIK SEKALI,1134,0,Ekonomi & Bisnis
-,-,banpt-152,-,-,AKUNTANSI,AKUNTANSI,S1,BAIK,874,0,Ekonomi & Bisnis
-,-,banpt-152,-,-,MANAJEMEN,MANAJEMEN,S1,BAIK SEKALI,874,0,Ekonomi & Bisnis
-,-,banpt-2865,-,-,AKUNTANSI,AKUNTANSI,S1,BAIK,1073,0,Ekonomi & Bisnis
-,-,banpt-2865,-,-,MANAJEMEN,MANAJEMEN,S1,BAIK SEKALI,1073,0,Ekonomi & Bisnis
quipper-720,-,banpt-723,-,ILMU EKONOMI,AKUNTANSI,AKUNTANSI,S1,BAIK,635,2,Pendidikan & Keguruan
quipper-720,-,banpt-723,-,ILMU EKONOMI,MANAJEMEN,MANAJEMEN,S1,BAIK,635,0,Ekonomi & Bisnis
-,-,banpt-3002,-,-,MANAJEMEN,MANAJEMEN,S1,BAIK,1379,0,Ekonomi & Bisnis
-,-,banpt-2478,-,-,AKUNTANSI,AKUNTANSI,S1,BAIK,1314,0,Ekonomi & Bisnis
-,-,banpt-3852,-,-,AKUNTANSI,AKUNTANSI,S1,BAIK SEKALI,1125,0,Ekonomi & Bisnis
-,-,banpt-3852,-,-,MANAJEMEN,MANAJEMEN,S1,BAIK,1125,0,Ekonomi & Bisnis
-,-,banpt-2424,-,-,MANAJEMEN,MANAJEMEN,S1,BAIK,1356,0,Ekonomi & Bisnis
-,-,banpt-1880,-,-,MANAJEMEN,MANAJEMEN,S1,BAIK SEKALI,842,0,Ekonomi & Bisnis
-,-,banpt-2670,-,-,AKUNTANSI,AKUNTANSI,S1,A,1330,0,Ekonomi & Bisnis
-,-,banpt-2670,-,-,MANAJEMEN,MANAJEMEN,S1,BAIK,1330,0,Ekonomi & Bisnis
-,-,banpt-3887,-,-,AKUNTANSI,AKUNTANSI,S1,BAIK,1028,0,Ekonomi & Bisnis
-,-,banpt-3887,-,-,MANAJEMEN,MANAJEMEN,S1,BAIK SEKALI,1028,0,Ekonomi & Bisnis
-,-,banpt-3988,-,-,AKUNTANSI,AKUNTANSI,S1,BAIK SEKALI,1035,0,Ekonomi & Bisnis
-,-,banpt-2448,-,-,EKONOMI PEMBANGUNAN,EKONOMI PEMBANGUNAN,S1,BAIK,1225,0,Ekonomi & Bisnis
-,-,banpt-2448,-,-,MANAJEMEN,MANAJEMEN,S1,BAIK,1225,0,Ekonomi & Bisnis
-,-,banpt-3694,-,-,EKONOMI PEMBANGUNAN,EKONOMI PEMBANGUNAN,S1,BAIK,1149,0,Ekonomi & Bisnis
-,-,banpt-3694,-,-,MANAJEMEN,MANAJEMEN,S1,BAIK,1149,0,Ekonomi & Bisnis
-,-,banpt-2353,-,-,AKUNTANSI,AKUNTANSI,S1,BAIK SEKALI,568,0,Ekonomi & Bisnis
-,-,banpt-2353,-,-,MANAJEMEN,MANAJEMEN,S1,B,568,0,Ekonomi & Bisnis
-,-,banpt-903,-,-,MANAJEMEN,MANAJEMEN,S1,BAIK,1349,0,Ekonomi & Bisnis
-,-,banpt-1516,-,-,AKUNTANSI,AKUNTANSI,S1,BAIK,941,0,Ekonomi & Bisnis
-,-,banpt-2749,-,-,MANAJEMEN,MANAJEMEN,S1,BAIK,419,0,Ekonomi & Bisnis
-,-,banpt-2749,-,-,PARIWISATA,PARIWISATA,S1,UNGGUL,419,0,Ekonomi & Bisnis
-,-,banpt-3890,-,-,MANAJEMEN,MANAJEMEN,S1,BAIK SEKALI,693,0,Ekonomi & Bisnis
-,-,banpt-3890,-,-,PARIWISATA,PARIWISATA,S1,BAIK,693,0,Ekonomi & Bisnis
-,-,banpt-1023,-,-,AKUNTANSI,AKUNTANSI,S1,BAIK SEKALI,1469,0,Ekonomi & Bisnis
-,-,banpt-1023,-,-,MANAJEMEN,MANAJEMEN,S1,BAIK SEKALI,1469,0,Ekonomi & Bisnis
-,-,banpt-1177,-,-,AKUNTANSI,AKUNTANSI,S1,BAIK,38,0,Ekonomi & Bisnis
-,-,banpt-1177,-,-,MANAJEMEN,MANAJEMEN,S1,BAIK,38,0,Ekonomi & Bisnis
-,-,banpt-404,-,-,MANAJEMEN RITEL,MANAJEMEN RITEL,S1,BAIK,977,0,Ekonomi & Bisnis
quipper-363,-,-,-,ILMU EKONOMI,AKUNTANSI,AKUNTANSI,S1,-,1399,2,Pendidikan & Keguruan
quipper-363,-,-,-,ILMU EKONOMI,MANAJEMEN,MANAJEMEN,S1,-,1399,0,Ekonomi & Bisnis
-,-,banpt-2213,-,-,MANAJEMEN,MANAJEMEN,S1,BAIK SEKALI,859,0,Ekonomi & Bisnis
-,-,banpt-3344,-,-,MANAJEMEN,MANAJEMEN,S1,BAIK,1081,0,Ekonomi & Bisnis
-,-,banpt-2274,-,-,AKUNTANSI,AKUNTANSI,S1,BAIK,775,0,Ekonomi & Bisnis
-,-,banpt-2274,-,-,MANAJEMEN,MANAJEMEN,S1,BAIK,775,0,Ekonomi & Bisnis
-,-,banpt-556,-,-,MANAJEMEN,MANAJEMEN,S1,BAIK,581,0,Ekonomi & Bisnis
-,-,banpt-928,-,-,AKUNTANSI,AKUNTANSI,S1,BAIK,1246,0,Ekonomi & Bisnis
-,-,banpt-928,-,-,MANAJEMEN,MANAJEMEN,S1,BAIK,1246,0,Ekonomi & Bisnis
-,-,banpt-1339,-,-,EKONOMI PEMBANGUNAN,EKONOMI PEMBANGUNAN,S1,BAIK SEKALI,478,0,Ekonomi & Bisnis
-,-,banpt-1339,-,-,MANAJEMEN,MANAJEMEN,S1,BAIK SEKALI,478,0,Ekonomi & Bisnis
-,-,banpt-2254,-,-,AKUNTANSI,AKUNTANSI,S1,B,1266,0,Ekonomi & Bisnis
-,-,banpt-2254,-,-,MANAJEMEN,MANAJEMEN,S1,BAIK SEKALI,1266,0,Ekonomi & Bisnis
-,-,banpt-2255,-,-,MANAJEMEN,MANAJEMEN,S1,B,598,0,Ekonomi & Bisnis
-,-,banpt-1172,-,-,MANAJEMEN,MANAJEMEN,S1,BAIK,1285,0,Ekonomi & Bisnis
-,-,banpt-1776,-,-,EKONOMI PEMBANGUNAN,EKONOMI PEMBANGUNAN,S1,BAIK,971,0,Ekonomi & Bisnis
-,-,banpt-1776,-,-,MANAJEMEN,MANAJEMEN,S1,BAIK,971,0,Ekonomi & Bisnis
-,-,banpt-2580,-,-,AKUNTANSI,AKUNTANSI,S1,BAIK SEKALI,1487,0,Ekonomi & Bisnis
-,-,banpt-2580,-,-,MANAJEMEN,MANAJEMEN,S1,BAIK SEKALI,1487,0,Ekonomi & Bisnis
-,-,banpt-3246,-,-,AKUNTANSI,AKUNTANSI,S1,BAIK SEKALI,540,0,Ekonomi & Bisnis
-,-,banpt-3246,-,-,EKONOMI PEMBANGUNAN,EKONOMI PEMBANGUNAN,S1,BAIK SEKALI,540,0,Ekonomi & Bisnis
-,-,banpt-3246,-,-,MANAJEMEN,MANAJEMEN,S1,BAIK SEKALI,540,0,Ekonomi & Bisnis
-,-,banpt-1479,-,-,MANAJEMEN,MANAJEMEN,S1,BAIK,1267,0,Ekonomi & Bisnis
-,-,banpt-3795,-,-,KEWIRAUSAHAAN,KEWIRAUSAHAAN,S1,BAIK,573,0,Ekonomi & Bisnis
-,-,banpt-3795,-,-,MANAJEMEN,MANAJEMEN,S1,BAIK,573,0,Ekonomi & Bisnis
-,-,banpt-750,-,-,MANAJEMEN,MANAJEMEN,S1,BAIK,1112,0,Ekonomi & Bisnis
-,-,banpt-74,-,-,MANAJEMEN,MANAJEMEN,S1,BAIK SEKALI,936,0,Ekonomi & Bisnis
-,-,banpt-1764,-,-,AKUNTANSI,AKUNTANSI,S1,BAIK SEKALI,1344,0,Ekonomi & Bisnis
-,-,banpt-1764,-,-,MANAJEMEN,MANAJEMEN,S1,BAIK SEKALI,1344,0,Ekonomi & Bisnis
-,-,banpt-1292,-,-,AKUNTANSI,AKUNTANSI,S1,BAIK SEKALI,479,0,Ekonomi & Bisnis
-,-,banpt-1292,-,-,MANAJEMEN,MANAJEMEN,S1,BAIK SEKALI,479,0,Ekonomi & Bisnis
-,-,banpt-1434,-,-,AKUNTANSI,AKUNTANSI,S1,BAIK SEKALI,103,0,Ekonomi & Bisnis
-,-,banpt-1434,-,-,MANAJEMEN,MANAJEMEN,S1,BAIK SEKALI,103,0,Ekonomi & Bisnis
-,-,banpt-2516,-,-,AKUNTANSI,AKUNTANSI,S1,BAIK,140,0,Ekonomi & Bisnis
-,-,banpt-2516,-,-,MANAJEMEN,MANAJEMEN,S1,BAIK,140,0,Ekonomi & Bisnis
-,-,banpt-2224,-,-,AKUNTANSI,AKUNTANSI,S1,BAIK SEKALI,793,0,Ekonomi & Bisnis
-,-,banpt-2224,-,-,MANAJEMEN,MANAJEMEN,S1,BAIK SEKALI,793,0,Ekonomi & Bisnis
quipper-680,-,banpt-3245,-,ILMU EKONOMI,AKUNTANSI,AKUNTANSI,S1,BAIK SEKALI,1213,2,Pendidikan & Keguruan
quipper-680,-,banpt-3245,-,ILMU EKONOMI,MANAJEMEN,MANAJEMEN,S1,BAIK SEKALI,1213,0,Ekonomi & Bisnis
-,-,banpt-2730,-,-,AKUNTANSI,AKUNTANSI,S1,BAIK SEKALI,621,0,Ekonomi & Bisnis
-,-,banpt-2730,-,-,MANAJEMEN,MANAJEMEN,S1,BAIK SEKALI,621,0,Ekonomi & Bisnis
-,-,banpt-2076,-,-,AKUNTANSI,AKUNTANSI,S1,B,1310,0,Ekonomi & Bisnis
-,-,banpt-1936,-,-,AKUNTANSI,AKUNTANSI,S1,BAIK SEKALI,706,0,Ekonomi & Bisnis
-,-,banpt-1936,-,-,MANAJEMEN,MANAJEMEN,S1,BAIK SEKALI,706,0,Ekonomi & Bisnis
-,-,banpt-2890,-,-,AKUNTANSI,AKUNTANSI,S1,BAIK SEKALI,1023,0,Ekonomi & Bisnis
-,-,banpt-2890,-,-,MANAJEMEN,MANAJEMEN,S1,B,1023,0,Ekonomi & Bisnis
-,-,banpt-3926,-,-,AKUNTANSI,AKUNTANSI,S1,B,1405,0,Ekonomi & Bisnis
-,-,banpt-3926,-,-,MANAJEMEN,MANAJEMEN,S1,B,1405,0,Ekonomi & Bisnis
-,-,banpt-1431,-,-,AKUNTANSI,AKUNTANSI,S1,BAIK,833,0,Ekonomi & Bisnis
-,-,banpt-1431,-,-,MANAJEMEN,MANAJEMEN,S1,BAIK,833,0,Ekonomi & Bisnis
-,-,banpt-1488,-,-,AKUNTANSI,AKUNTANSI,S1,BAIK,1337,0,Ekonomi & Bisnis
-,-,banpt-1488,-,-,MANAJEMEN,MANAJEMEN,S1,BAIK,1337,0,Ekonomi & Bisnis
-,-,banpt-1056,-,-,AKUNTANSI,AKUNTANSI,S1,A,291,0,Ekonomi & Bisnis
-,-,banpt-1056,-,-,MANAJEMEN,MANAJEMEN,S1,UNGGUL,291,0,Ekonomi & Bisnis
-,-,banpt-3767,-,-,MANAJEMEN,MANAJEMEN,S1,BAIK,343,0,Ekonomi & Bisnis
-,-,banpt-2864,-,-,AKUNTANSI,AKUNTANSI,S1,BAIK,1331,0,Ekonomi & Bisnis
-,-,banpt-2864,-,-,MANAJEMEN,MANAJEMEN,S1,BAIK,1331,0,Ekonomi & Bisnis
quipper-593,-,banpt-3901,-,ILMU EKONOMI,AKUNTANSI,AKUNTANSI,S1,B,1144,2,Pendidikan & Keguruan
quipper-593,-,-,-,ILMU EKONOMI,MANAJEMEN,MANAJEMEN,S1,-,1144,0,Ekonomi & Bisnis
-,-,banpt-1319,-,-,AKUNTANSI,AKUNTANSI,S1,B,1461,0,Ekonomi & Bisnis
-,-,banpt-1319,-,-,BISNIS DIGITAL,BISNIS DIGITAL,S1,BAIK,1461,0,Ekonomi & Bisnis
-,-,banpt-1319,-,-,MANAJEMEN,MANAJEMEN,S1,B,1461,0,Ekonomi & Bisnis
-,-,banpt-2828,-,-,MANAJEMEN,MANAJEMEN,S1,BAIK,1044,0,Ekonomi & Bisnis
-,-,banpt-817,-,-,AKUNTANSI,AKUNTANSI,S1,BAIK,1255,0,Ekonomi & Bisnis
-,-,banpt-817,-,-,MANAJEMEN,MANAJEMEN,S1,BAIK,1255,0,Ekonomi & Bisnis
quipper-344,-,banpt-3322,-,ILMU EKONOMI,AKUNTANSI,AKUNTANSI,S1,BAIK SEKALI,1054,2,Pendidikan & Keguruan
quipper-344,-,-,-,ILMU EKONOMI,ILMU EKONOMI,EKONOMI,S1,-,1054,0,Ekonomi & Bisnis
quipper-344,-,banpt-3322,-,ILMU EKONOMI,MANAJEMEN,MANAJEMEN,S1,BAIK SEKALI,1054,0,Ekonomi & Bisnis
-,-,banpt-3676,-,-,AKUNTANSI,AKUNTANSI,S1,BAIK,1043,0,Ekonomi & Bisnis
-,-,banpt-3676,-,-,MANAJEMEN,MANAJEMEN,S1,BAIK,1043,0,Ekonomi & Bisnis
-,-,banpt-3053,-,-,AKUNTANSI,AKUNTANSI,S1,BAIK,634,0,Ekonomi & Bisnis
-,-,banpt-3053,-,-,MANAJEMEN,MANAJEMEN,S1,BAIK SEKALI,634,0,Ekonomi & Bisnis
-,-,banpt-4027,-,-,AKUNTANSI,AKUNTANSI,S1,BAIK SEKALI,526,0,Ekonomi & Bisnis
-,-,banpt-4027,-,-,MANAJEMEN,MANAJEMEN,S1,BAIK SEKALI,526,0,Ekonomi & Bisnis
-,-,banpt-146,-,-,AKUNTANSI,AKUNTANSI,S1,BAIK,1290,0,Ekonomi & Bisnis
-,-,banpt-146,-,-,MANAJEMEN,MANAJEMEN,S1,BAIK,1290,0,Ekonomi & Bisnis
-,-,banpt-1858,-,-,MANAJEMEN,MANAJEMEN,S1,BAIK SEKALI,1446,0,Ekonomi & Bisnis
-,-,banpt-2050,-,-,MANAJEMEN,MANAJEMEN,S1,BAIK,609,0,Ekonomi & Bisnis
-,-,banpt-3612,-,-,MANAJEMEN,MANAJEMEN,S1,BAIK,1287,0,Ekonomi & Bisnis
-,-,banpt-2174,-,-,AKUNTANSI,AKUNTANSI,S1,BAIK,652,0,Ekonomi & Bisnis
-,-,banpt-2174,-,-,MANAJEMEN,MANAJEMEN,S1,BAIK SEKALI,652,0,Ekonomi & Bisnis
quipper-658,rencanamu-59,banpt-1451,-,AKUNTANSI,AKUNTANSI,AKUNTANSI,S1,A,443,2,Pendidikan & Keguruan
-,-,banpt-1451,-,-,BISNIS DIGITAL,BISNIS DIGITAL,S1,BAIK SEKALI,443,0,Ekonomi & Bisnis
quipper-658,rencanamu-59,banpt-1451,-,MANAJEMEN,MANAJEMEN,MANAJEMEN,S1,A,443,0,Ekonomi & Bisnis
-,-,banpt-637,-,-,MANAJEMEN,MANAJEMEN,S1,BAIK,1230,0,Ekonomi & Bisnis
-,-,banpt-3908,-,-,AKUNTANSI,AKUNTANSI,S1,BAIK,1040,0,Ekonomi & Bisnis
-,-,banpt-3908,-,-,MANAJEMEN,MANAJEMEN,S1,BAIK,1040,0,Ekonomi & Bisnis
-,-,banpt-1657,-,-,FARMASI,FARMASI,S1,BAIK SEKALI,502,0,Ekonomi & Bisnis
-,-,banpt-2048,-,-,FARMASI,FARMASI,S1,BAIK,608,0,Ekonomi & Bisnis
-,-,banpt-1624,-,-,FARMASI,FARMASI,S1,BAIK SEKALI,369,0,Ekonomi & Bisnis
-,-,banpt-1614,-,-,HUKUM,HUKUM,S1,BAIK SEKALI,541,0,Ekonomi & Bisnis
-,-,banpt-999,-,-,HUKUM,HUKUM,S1,BAIK,1239,0,Ekonomi & Bisnis
-,-,banpt-3347,-,-,HUKUM,HUKUM,S1,UNGGUL,1113,0,Ekonomi & Bisnis
-,-,banpt-1571,-,-,HUKUM,HUKUM,S1,BAIK SEKALI,1061,0,Ekonomi & Bisnis
-,-,banpt-1198,-,-,HUKUM,HUKUM,S1,BAIK,1338,0,Ekonomi & Bisnis
-,-,banpt-1575,-,-,HUKUM,HUKUM,S1,BAIK,668,0,Ekonomi & Bisnis
-,-,banpt-1575,-,-,ILMU POLITIK,POLITIK,S1,BAIK,668,0,Ekonomi & Bisnis
-,-,banpt-3356,-,-,ILMU HUKUM,HUKUM,S1,B,1512,0,Ekonomi & Bisnis
-,-,banpt-2450,-,-,ILMU HUKUM,HUKUM,S1,BAIK,36,0,Ekonomi & Bisnis
-,-,banpt-392,-,-,ILMU HUKUM,HUKUM,S1,B,973,0,Ekonomi & Bisnis
-,-,banpt-1059,-,-,ILMU HUKUM,HUKUM,S1,BAIK SEKALI,851,0,Ekonomi & Bisnis
-,-,banpt-869,-,-,ILMU HUKUM,HUKUM,S1,BAIK,919,0,Ekonomi & Bisnis
-,-,banpt-2674,-,-,ILMU HUKUM,HUKUM,S1,BAIK SEKALI,921,0,Ekonomi & Bisnis
-,-,banpt-1655,-,-,HUKUM,HUKUM,S1,BAIK,939,0,Ekonomi & Bisnis
-,-,banpt-1075,-,-,ILMU HUKUM,HUKUM,S1,BAIK SEKALI,928,0,Ekonomi & Bisnis
-,-,banpt-474,-,-,ILMU HUKUM,HUKUM,S1,B,875,0,Ekonomi & Bisnis
-,-,banpt-3203,-,-,ILMU HUKUM,HUKUM,S1,BAIK,1089,0,Ekonomi & Bisnis
-,-,banpt-3854,-,-,ILMU HUKUM,HUKUM,S1,B,1038,0,Ekonomi & Bisnis
-,-,banpt-3987,-,-,ILMU HUKUM,HUKUM,S1,BAIK,1316,0,Ekonomi & Bisnis
-,-,banpt-3514,-,-,KEHUTANAN,KEHUTANAN,S1,BAIK,1301,0,Ekonomi & Bisnis
-,-,banpt-151,-,-,KEPERAWATAN,KEPERAWATAN,S1,UNGGUL,405,0,Ekonomi & Bisnis
-,-,banpt-3892,-,-,ILMU KEPERAWATAN,KEPERAWATAN,S1,BAIK SEKALI,192,0,Ekonomi & Bisnis
-,-,banpt-1265,-,-,ADMINISTRASI RUMAH SAKIT,ADMINISTRASI RUMAH SAKIT,S1,BAIK,487,0,Ekonomi & Bisnis
-,-,banpt-914,-,-,FARMASI,FARMASI,S1,BAIK,259,0,Ekonomi & Bisnis
-,-,banpt-914,-,-,KEBIDANAN,KEBIDANAN,S1,BAIK,259,0,Ekonomi & Bisnis
quipper-165,-,banpt-1715,-,SARJANA,ADMINISTRASI RUMAH SAKIT,ADMINISTRASI RUMAH SAKIT,S1,BAIK,267,0,Ekonomi & Bisnis
-,-,banpt-3058,-,-,ADMINISTRASI KESEHATAN,ADMINISTRASI KESEHATAN,S1,BAIK,555,0,Ekonomi & Bisnis
-,-,banpt-3058,-,-,KEBIDANAN,KEBIDANAN,S1,BAIK,555,0,Ekonomi & Bisnis
-,-,banpt-1394,-,-,ADMINISTRASI RUMAH SAKIT,ADMINISTRASI RUMAH SAKIT,S1,BAIK,953,0,Ekonomi & Bisnis
-,-,banpt-2682,-,-,FARMASI,FARMASI,S1,BAIK,942,0,Ekonomi & Bisnis
-,-,banpt-1828,-,-,FARMASI,FARMASI,S1,BAIK,1352,0,Ekonomi & Bisnis
-,-,banpt-898,-,-,ADMINISTRASI RUMAH SAKIT,ADMINISTRASI RUMAH SAKIT,S1,BAIK SEKALI,805,0,Ekonomi & Bisnis
-,-,banpt-898,-,-,KEPERAWATAN,KEPERAWATAN,S1,BAIK,805,0,Ekonomi & Bisnis
quipper-140,-,banpt-3870,-,SARJANA,ILMU KEPERAWATAN,KEPERAWATAN,S1,BAIK,717,0,Ekonomi & Bisnis
-,-,banpt-1578,-,-,ADMINISTRASI KESEHATAN,ADMINISTRASI KESEHATAN,S1,TERAKREDITASI UNGGUL,1130,0,Ekonomi & Bisnis
-,-,banpt-3549,-,-,KEPERAWATAN,KEPERAWATAN,S1,BAIK SEKALI,600,0,Ekonomi & Bisnis
-,-,banpt-3549,-,-,KESEHATAN MASYARAKAT,KESEHATAN MASYARAKAT,S1,BAIK SEKALI,600,0,Ekonomi & Bisnis
-,-,banpt-1849,-,-,FARMASI,FARMASI,S1,BAIK,740,0,Ekonomi & Bisnis
-,-,banpt-3578,-,-,KEPERAWATAN,KEPERAWATAN,S1,BAIK,819,0,Ekonomi & Bisnis
-,-,banpt-3578,-,-,KESEHATAN MASYARAKAT,KESEHATAN MASYARAKAT,S1,BAIK SEKALI,819,0,Ekonomi & Bisnis
-,-,banpt-354,-,-,ADMINISTRASI KESEHATAN,ADMINISTRASI KESEHATAN,S1,BAIK,688,0,Ekonomi & Bisnis
-,-,banpt-354,-,-,KEPERAWATAN,KEPERAWATAN,S1,BAIK,688,0,Ekonomi & Bisnis
-,-,banpt-943,-,-,ADMINISTRASI KESEHATAN,ADMINISTRASI KESEHATAN,S1,BAIK,335,0,Ekonomi & Bisnis
-,-,banpt-943,-,-,ADMINISTRASI RUMAH SAKIT,ADMINISTRASI RUMAH SAKIT,S1,BAIK,335,0,Ekonomi & Bisnis
-,-,banpt-943,-,-,FISIOTERAPI,FISIOTERAPI,S1,BAIK,335,0,Ekonomi & Bisnis
-,-,banpt-943,-,-,KEPERAWATAN,KEPERAWATAN,S1,BAIK SEKALI,335,0,Ekonomi & Bisnis
-,-,banpt-2183,-,-,FISIOTERAPI,FISIOTERAPI,S1,BAIK,334,0,Ekonomi & Bisnis
-,-,banpt-2183,-,-,KEPERAWATAN,KEPERAWATAN,S1,BAIK,334,0,Ekonomi & Bisnis
-,-,banpt-3969,-,-,KEPERAWATAN,KEPERAWATAN,S1,BAIK SEKALI,323,0,Ekonomi & Bisnis
-,-,banpt-3969,-,-,KESEHATAN MASYARAKAT,KESEHATAN MASYARAKAT,S1,BAIK SEKALI,323,0,Ekonomi & Bisnis
-,-,banpt-3539,-,-,ILMU KEPERAWATAN,KEPERAWATAN,S1,BAIK,377,0,Ekonomi & Bisnis
-,-,banpt-1131,-,-,FARMASI,FARMASI,S1,BAIK,283,0,Ekonomi & Bisnis
-,-,banpt-1131,-,-,GIZI,GIZI,S1,BAIK,283,0,Ekonomi & Bisnis
-,-,banpt-4004,-,-,KEBIDANAN,KEBIDANAN,S1,BAIK SEKALI,53,0,Ekonomi & Bisnis
-,-,banpt-1354,-,-,KEBIDANAN,KEBIDANAN,S1,BAIK,404,0,Ekonomi & Bisnis
-,-,banpt-309,-,-,ILMU KEPERAWATAN,KEPERAWATAN,S1,BAIK,946,0,Ekonomi & Bisnis
-,-,banpt-309,-,-,KESEHATAN MASYARAKAT,KESEHATAN MASYARAKAT,S1,BAIK,946,0,Ekonomi & Bisnis
-,-,banpt-888,-,-,KEBIDANAN,KEBIDANAN,S1,BAIK,925,0,Ekonomi & Bisnis
-,-,banpt-3173,-,-,ADMINISTRASI KESEHATAN,ADMINISTRASI KESEHATAN,S1,BAIK,1439,0,Ekonomi & Bisnis
-,-,banpt-3173,-,-,KEPERAWATAN,KEPERAWATAN,S1,BAIK,1439,0,Ekonomi & Bisnis
-,-,banpt-1530,-,-,ADMINISTRASI KESEHATAN,ADMINISTRASI KESEHATAN,S1,BAIK,764,0,Ekonomi & Bisnis
-,-,banpt-2934,-,-,ADMINISTRASI RUMAH SAKIT,ADMINISTRASI RUMAH SAKIT,S1,BAIK,310,0,Ekonomi & Bisnis
-,-,banpt-1616,-,-,KEBIDANAN,KEBIDANAN,S1,BAIK,1121,0,Ekonomi & Bisnis
-,-,banpt-1616,-,-,ILMU KEPERAWATAN,KEPERAWATAN,S1,BAIK SEKALI,1121,0,Ekonomi & Bisnis
-,-,banpt-1661,-,-,ADMINISTRASI RUMAH SAKIT,ADMINISTRASI RUMAH SAKIT,S1,BAIK,954,0,Ekonomi & Bisnis
-,-,banpt-1609,-,-,INFORMATIKA KESEHATAN,INFORMATIKA KESEHATAN,S1,BAIK,1060,0,Ekonomi & Bisnis
-,-,banpt-2566,-,-,KEBIDANAN,KEBIDANAN,S1,BAIK,1006,0,Ekonomi & Bisnis
-,-,banpt-2566,-,-,KEPERAWATAN,KEPERAWATAN,S1,BAIK SEKALI,1006,0,Ekonomi & Bisnis
-,-,banpt-1726,-,-,KESEHATAN MASYARAKAT,KESEHATAN MASYARAKAT,S1,BAIK SEKALI,670,0,Ekonomi & Bisnis
-,-,banpt-1935,-,-,GIZI,GIZI,S1,BAIK SEKALI,399,0,Ekonomi & Bisnis
-,-,banpt-1935,-,-,KEPERAWATAN,KEPERAWATAN,S1,UNGGUL,399,0,Ekonomi & Bisnis
-,-,banpt-3355,-,-,FARMASI,FARMASI,S1,C,583,0,Ekonomi & Bisnis
-,-,banpt-2495,-,-,FARMASI,FARMASI,S1,BAIK SEKALI,413,0,Ekonomi & Bisnis
-,-,banpt-2495,-,-,KEPERAWATAN,KEPERAWATAN,S1,BAIK SEKALI,413,0,Ekonomi & Bisnis
-,-,banpt-2495,-,-,KESEHATAN MASYARAKAT,KESEHATAN MASYARAKAT,S1,BAIK SEKALI,413,0,Ekonomi & Bisnis
-,-,banpt-1845,-,-,KEPERAWATAN,KEPERAWATAN,S1,BAIK,206,0,Ekonomi & Bisnis
-,-,banpt-2867,-,-,ILMU GIZI,GIZI,S1,B,379,0,Ekonomi & Bisnis
-,-,banpt-2038,-,-,FARMASI,FARMASI,S1,BAIK SEKALI,179,0,Ekonomi & Bisnis
-,-,banpt-1148,-,-,FARMASI,FARMASI,S1,BAIK,779,0,Ekonomi & Bisnis
-,-,banpt-2346,-,-,KEBIDANAN,KEBIDANAN,S1,BAIK SEKALI,340,0,Ekonomi & Bisnis
-,-,banpt-2346,-,-,KEPERAWATAN,KEPERAWATAN,S1,BAIK SEKALI,340,0,Ekonomi & Bisnis
-,-,banpt-2346,-,-,KESEHATAN MASYARAKAT,KESEHATAN MASYARAKAT,S1,BAIK SEKALI,340,0,Ekonomi & Bisnis
-,-,banpt-3490,-,-,ADMINISTRASI RUMAH SAKIT,ADMINISTRASI RUMAH SAKIT,S1,BAIK,1012,0,Ekonomi & Bisnis
-,-,banpt-3490,-,-,KEPERAWATAN,KEPERAWATAN,S1,BAIK,1012,0,Ekonomi & Bisnis
-,-,banpt-1874,-,-,FARMASI KLINIS DAN KOMUNITAS,FARMASI,S1,BAIK SEKALI,454,0,Ekonomi & Bisnis
-,-,banpt-318,-,-,FARMASI KLINIS,FARMASI,S1,BAIK,1136,0,Ekonomi & Bisnis
-,-,banpt-1246,-,-,ADMINISTRASI KESEHATAN,ADMINISTRASI KESEHATAN,S1,BAIK,1481,0,Ekonomi & Bisnis
-,-,banpt-3000,-,-,GIZI,GIZI,S1,BAIK SEKALI,1177,0,Ekonomi & Bisnis
-,-,banpt-3000,-,-,KEPERAWATAN,KEPERAWATAN,S1,BAIK SEKALI,1177,0,Ekonomi & Bisnis
-,-,banpt-1721,-,-,FARMASI,FARMASI,S1,BAIK,441,0,Ekonomi & Bisnis
-,-,banpt-1721,-,-,KEBIDANAN,KEBIDANAN,S1,BAIK,441,0,Ekonomi & Bisnis
-,-,banpt-2768,-,-,FARMASI,FARMASI,S1,BAIK SEKALI,265,0,Ekonomi & Bisnis
-,-,banpt-2768,-,-,KEPERAWATAN,KEPERAWATAN,S1,BAIK SEKALI,265,0,Ekonomi & Bisnis
-,-,banpt-2768,-,-,KESEHATAN MASYARAKAT,KESEHATAN MASYARAKAT,S1,BAIK SEKALI,265,0,Ekonomi & Bisnis
quipper-42,-,banpt-1697,-,SARJANA,ADMINISTRASI RUMAH SAKIT,ADMINISTRASI RUMAH SAKIT,S1,BAIK,388,0,Ekonomi & Bisnis
quipper-42,-,banpt-1697,-,SARJANA,ILMU KEPERAWATAN,KEPERAWATAN,S1,BAIK SEKALI,388,0,Ekonomi & Bisnis
-,-,banpt-1758,-,-,FISIOTERAPI,FISIOTERAPI,S1,BAIK,408,0,Ekonomi & Bisnis
-,-,banpt-83,-,-,ADMINISTRASI KESEHATAN,ADMINISTRASI KESEHATAN,S1,BAIK,784,0,Ekonomi & Bisnis
-,-,banpt-83,-,-,KEPERAWATAN,KEPERAWATAN,S1,BAIK,784,0,Ekonomi & Bisnis
-,-,banpt-2474,-,-,ADMINISTRASI RUMAH SAKIT,ADMINISTRASI RUMAH SAKIT,S1,BAIK,1159,0,Ekonomi & Bisnis
quipper-134,-,banpt-1778,-,SARJANA,KEPERAWATAN,KEPERAWATAN,S1,BAIK SEKALI,969,0,Ekonomi & Bisnis
quipper-175,-,banpt-1722,-,SARJANA,KEPERAWATAN,KEPERAWATAN,S1,BAIK SEKALI,553,0,Ekonomi & Bisnis
quipper-175,-,banpt-1722,-,SARJANA,KESEHATAN MASYARAKAT,KESEHATAN MASYARAKAT,S1,BAIK SEKALI,553,0,Ekonomi & Bisnis
-,-,banpt-1276,-,-,KEBIDANAN,KEBIDANAN,S1,BAIK SEKALI,213,0,Ekonomi & Bisnis
-,-,banpt-1276,-,-,ILMU KEPERAWATAN,KEPERAWATAN,S1,BAIK SEKALI,213,0,Ekonomi & Bisnis
-,-,banpt-1276,-,-,KESEHATAN MASYARAKAT,KESEHATAN MASYARAKAT,S1,BAIK SEKALI,213,0,Ekonomi & Bisnis
-,-,banpt-2940,-,-,KEPERAWATAN,KEPERAWATAN,S1,BAIK,106,0,Ekonomi & Bisnis
-,-,banpt-2325,-,-,KEBIDANAN,KEBIDANAN,S1,BAIK,594,0,Ekonomi & Bisnis
-,-,banpt-2325,-,-,ILMU KEPERAWATAN,KEPERAWATAN,S1,BAIK SEKALI,594,0,Ekonomi & Bisnis
-,-,banpt-2325,-,-,KESEHATAN MASYARAKAT,KESEHATAN MASYARAKAT,S1,BAIK SEKALI,594,0,Ekonomi & Bisnis
-,-,banpt-3671,-,-,KEBIDANAN,KEBIDANAN,S1,BAIK SEKALI,467,0,Ekonomi & Bisnis
-,-,banpt-3671,-,-,ILMU KEPERAWATAN,KEPERAWATAN,S1,BAIK SEKALI,467,0,Ekonomi & Bisnis
-,-,banpt-1210,-,-,ADMINISTRASI RUMAH SAKIT,ADMINISTRASI RUMAH SAKIT,S1,BAIK,429,0,Ekonomi & Bisnis
-,-,banpt-243,-,-,FARMASI,FARMASI,S1,BAIK,171,0,Ekonomi & Bisnis
-,-,banpt-243,-,-,KEBIDANAN,KEBIDANAN,S1,BAIK SEKALI,171,0,Ekonomi & Bisnis
-,-,banpt-243,-,-,ILMU KEPERAWATAN,KEPERAWATAN,S1,BAIK SEKALI,171,0,Ekonomi & Bisnis
-,-,banpt-2614,-,-,KEBIDANAN,KEBIDANAN,S1,BAIK,570,0,Ekonomi & Bisnis
-,-,banpt-2614,-,-,ILMU KESEHATAN MASYARAKAT,KESEHATAN MASYARAKAT,S1,C,570,0,Ekonomi & Bisnis
-,-,banpt-3033,-,-,ILMU KEPERAWATAN,KEPERAWATAN,S1,BAIK SEKALI,972,0,Ekonomi & Bisnis
-,-,banpt-1135,-,-,KEBIDANAN,KEBIDANAN,S1,BAIK SEKALI,552,0,Ekonomi & Bisnis
-,-,banpt-149,-,-,FARMASI,FARMASI,S1,BAIK SEKALI,341,0,Ekonomi & Bisnis
-,-,banpt-149,-,-,GIZI,GIZI,S1,BAIK SEKALI,341,0,Ekonomi & Bisnis
-,-,banpt-149,-,-,KEPERAWATAN,KEPERAWATAN,S1,BAIK SEKALI,341,0,Ekonomi & Bisnis
-,-,banpt-1363,-,-,INFORMATIKA MEDIS,INFORMATIKA MEDIS,S1,BAIK,217,0,Ekonomi & Bisnis
-,-,banpt-700,-,-,FARMASI,FARMASI,S1,BAIK,958,0,Ekonomi & Bisnis
-,-,banpt-2046,-,-,ADMINISTRASI RUMAH SAKIT,ADMINISTRASI RUMAH SAKIT,S1,UNGGUL,466,0,Ekonomi & Bisnis
-,-,banpt-2046,-,-,KEBIDANAN,KEBIDANAN,S1,BAIK,466,0,Ekonomi & Bisnis
-,-,banpt-224,-,-,GIZI,GIZI,S1,BAIK,427,0,Ekonomi & Bisnis
-,-,banpt-224,-,-,KEBIDANAN,KEBIDANAN,S1,BAIK,427,0,Ekonomi & Bisnis
-,-,banpt-3874,-,-,FARMASI,FARMASI,S1,BAIK SEKALI,451,0,Ekonomi & Bisnis
-,-,banpt-638,-,-,FARMASI,FARMASI,S1,BAIK SEKALI,823,0,Ekonomi & Bisnis
-,-,banpt-638,-,-,KEPERAWATAN,KEPERAWATAN,S1,BAIK,823,0,Ekonomi & Bisnis
-,-,banpt-3534,-,-,GIZI,GIZI,S1,BAIK SEKALI,803,0,Ekonomi & Bisnis
-,-,banpt-3534,-,-,KEPERAWATAN,KEPERAWATAN,S1,BAIK,803,0,Ekonomi & Bisnis
-,-,banpt-2741,-,-,ADMINISTRASI RUMAH SAKIT,ADMINISTRASI RUMAH SAKIT,S1,BAIK,721,0,Ekonomi & Bisnis
-,-,banpt-2741,-,-,KEBIDANAN,KEBIDANAN,S1,BAIK,721,0,Ekonomi & Bisnis
-,-,banpt-666,-,-,FISIOTERAPI,FISIOTERAPI,S1,BAIK,1152,0,Ekonomi & Bisnis
-,-,banpt-666,-,-,KEBIDANAN,KEBIDANAN,S1,BAIK,1152,0,Ekonomi & Bisnis
-,-,banpt-666,-,-,ILMU KEPERAWATAN,KEPERAWATAN,S1,BAIK SEKALI,1152,0,Ekonomi & Bisnis
-,-,banpt-3248,-,-,ADMINISTRASI RUMAH SAKIT,ADMINISTRASI RUMAH SAKIT,S1,BAIK,493,0,Ekonomi & Bisnis
-,-,banpt-3248,-,-,KEPERAWATAN,KEPERAWATAN,S1,BAIK,493,0,Ekonomi & Bisnis
-,-,banpt-2263,-,-,GIZI,GIZI,S1,BAIK SEKALI,298,0,Ekonomi & Bisnis
-,-,banpt-2263,-,-,KEPERAWATAN,KEPERAWATAN,S1,BAIK SEKALI,298,0,Ekonomi & Bisnis
-,-,banpt-3349,-,-,ILMU KEPERAWATAN,KEPERAWATAN,S1,BAIK SEKALI,161,0,Ekonomi & Bisnis
-,-,banpt-3349,-,-,KESEHATAN MASYARAKAT,KESEHATAN MASYARAKAT,S1,BAIK SEKALI,161,0,Ekonomi & Bisnis
-,-,banpt-98,-,-,ADMINISTRASI KESEHATAN,ADMINISTRASI KESEHATAN,S1,BAIK,167,0,Ekonomi & Bisnis
-,-,banpt-462,-,-,ADMINISTRASI KESEHATAN,ADMINISTRASI KESEHATAN,S1,BAIK,590,0,Ekonomi & Bisnis
-,-,banpt-1239,-,-,ADMINISTRASI RUMAH SAKIT,ADMINISTRASI RUMAH SAKIT,S1,BAIK,390,0,Ekonomi & Bisnis
-,-,banpt-1239,-,-,KEBIDANAN,KEBIDANAN,S1,BAIK,390,0,Ekonomi & Bisnis
-,-,banpt-2132,-,-,ADMINISTRASI RUMAH SAKIT,ADMINISTRASI RUMAH SAKIT,S1,BAIK,511,0,Ekonomi & Bisnis
quipper-66,-,banpt-3337,-,ILMU KESEHATAN,GIZI,GIZI,S1,B,241,0,Ekonomi & Bisnis
quipper-66,-,banpt-3337,-,ILMU KESEHATAN,ILMU KEPERAWATAN,KEPERAWATAN,S1,BAIK SEKALI,241,0,Ekonomi & Bisnis
-,-,banpt-116,-,-,FARMASI,FARMASI,S1,BAIK,640,0,Ekonomi & Bisnis
-,-,banpt-116,-,-,KEBIDANAN,KEBIDANAN,S1,BAIK SEKALI,640,0,Ekonomi & Bisnis
-,-,banpt-116,-,-,KEPERAWATAN,KEPERAWATAN,S1,BAIK SEKALI,640,0,Ekonomi & Bisnis
-,-,banpt-3431,-,-,ADMINISTRASI RUMAH SAKIT,ADMINISTRASI RUMAH SAKIT,S1,BAIK,1003,0,Ekonomi & Bisnis
-,-,banpt-2804,-,-,FISIOTERAPI,FISIOTERAPI,S1,BAIK,357,0,Ekonomi & Bisnis
-,-,banpt-2804,-,-,KEPERAWATAN,KEPERAWATAN,S1,BAIK,357,0,Ekonomi & Bisnis
quipper-178,-,banpt-1338,-,SARJANA,ADMINISTRASI KESEHATAN,ADMINISTRASI KESEHATAN,S1,BAIK SEKALI,327,0,Ekonomi & Bisnis
quipper-178,-,banpt-1338,-,SARJANA,FISIOTERAPI,FISIOTERAPI,S1,BAIK,327,0,Ekonomi & Bisnis
quipper-178,-,banpt-1338,-,SARJANA,KEPERAWATAN,KEPERAWATAN,S1,BAIK,327,0,Ekonomi & Bisnis
-,-,banpt-183,-,-,ADMINISTRASI RUMAH SAKIT,ADMINISTRASI RUMAH SAKIT,S1,BAIK,380,0,Ekonomi & Bisnis
-,-,banpt-3487,-,-,KEBIDANAN,KEBIDANAN,S1,BAIK SEKALI,108,0,Ekonomi & Bisnis
-,-,banpt-3487,-,-,KEPERAWATAN,KEPERAWATAN,S1,BAIK,108,0,Ekonomi & Bisnis
-,-,banpt-3425,-,-,FARMASI,FARMASI,S1,BAIK SEKALI,293,0,Ekonomi & Bisnis
-,-,banpt-3425,-,-,KEBIDANAN,KEBIDANAN,S1,BAIK SEKALI,293,0,Ekonomi & Bisnis
-,-,banpt-2026,-,-,FARMASI,FARMASI,S1,BAIK SEKALI,444,0,Ekonomi & Bisnis
-,-,banpt-2026,-,-,GIZI,GIZI,S1,BAIK,444,0,Ekonomi & Bisnis
-,-,banpt-2429,-,-,FARMASI,FARMASI,S1,BAIK,426,0,Ekonomi & Bisnis
-,-,banpt-122,-,-,KEBIDANAN,KEBIDANAN,S1,BAIK,449,0,Ekonomi & Bisnis
-,-,banpt-122,-,-,REKAM MEDIS DAN INFORMASI KESEHATAN,REKAM MEDIS INFORMASI KESEHATAN,S1,BAIK SEKALI,449,0,Ekonomi & Bisnis
-,-,banpt-2016,-,-,FARMASI,FARMASI,S1,BAIK,937,0,Ekonomi & Bisnis
-,-,banpt-2933,-,-,ADMINISTRASI RUMAH SAKIT,ADMINISTRASI RUMAH SAKIT,S1,BAIK,632,0,Ekonomi & Bisnis
-,-,banpt-1647,-,-,ADMINISTRASI RUMAH SAKIT,ADMINISTRASI RUMAH SAKIT,S1,BAIK,1091,0,Ekonomi & Bisnis
-,-,banpt-1647,-,-,KEBIDANAN,KEBIDANAN,S1,TERAKREDITASI PERTAMA,1091,0,Ekonomi & Bisnis
-,-,banpt-1222,-,-,FARMASI,FARMASI,S1,BAIK SEKALI,131,0,Ekonomi & Bisnis
-,-,banpt-511,-,-,ADMINISTRASI KESEHATAN,ADMINISTRASI KESEHATAN,S1,BAIK,1108,0,Ekonomi & Bisnis
quipper-170,-,banpt-1919,-,SARJANA,ILMU GIZI,GIZI,S1,BAIK SEKALI,144,0,Ekonomi & Bisnis
quipper-170,-,banpt-1919,-,SARJANA,KEBIDANAN,KEBIDANAN,S1,BAIK,144,0,Ekonomi & Bisnis
quipper-170,-,banpt-1919,-,SARJANA,ILMU KEPERAWATAN,KEPERAWATAN,S1,A,144,0,Ekonomi & Bisnis
quipper-379,-,banpt-458,-,KEPERAWATAN,ILMU KEPERAWATAN,KEPERAWATAN,S1,BAIK,646,0,Ekonomi & Bisnis
quipper-379,-,-,-,KEPERAWATAN,KESEHATAN MASYARAKAT,KESEHATAN MASYARAKAT,S1,-,646,0,Ekonomi & Bisnis
-,-,banpt-3949,-,-,FARMASI,FARMASI,S1,B,223,0,Ekonomi & Bisnis
-,-,banpt-3949,-,-,KEBIDANAN,KEBIDANAN,S1,BAIK,223,0,Ekonomi & Bisnis
-,-,banpt-3949,-,-,ILMU KEPERAWATAN,KEPERAWATAN,S1,BAIK SEKALI,223,0,Ekonomi & Bisnis
-,-,banpt-2477,-,-,ADMINISTRASI KESEHATAN,ADMINISTRASI KESEHATAN,S1,BAIK,464,0,Ekonomi & Bisnis
-,-,banpt-2477,-,-,KEBIDANAN,KEBIDANAN,S1,BAIK SEKALI,464,0,Ekonomi & Bisnis
-,-,banpt-2477,-,-,KEPERAWATAN,KEPERAWATAN,S1,BAIK SEKALI,464,0,Ekonomi & Bisnis
-,-,banpt-792,-,-,ADMINISTRASI KESEHATAN,ADMINISTRASI KESEHATAN,S1,BAIK,246,0,Ekonomi & Bisnis
-,-,banpt-792,-,-,FISIOTERAPI,FISIOTERAPI,S1,TERAKREDITASI SEMENTARA,246,0,Ekonomi & Bisnis
-,-,banpt-792,-,-,KEPERAWATAN,KEPERAWATAN,S1,BAIK,246,0,Ekonomi & Bisnis
-,-,banpt-1708,-,-,FARMASI,FARMASI,S1,BAIK,633,0,Ekonomi & Bisnis
-,-,banpt-1708,-,-,KEPERAWATAN,KEPERAWATAN,S1,BAIK,633,0,Ekonomi & Bisnis
-,-,banpt-1566,-,-,FARMASI KLINIK DAN KOMUNITAS,FARMASI,S1,BAIK SEKALI,465,0,Ekonomi & Bisnis
-,-,banpt-1566,-,-,KEPERAWATAN,KEPERAWATAN,S1,BAIK SEKALI,465,0,Ekonomi & Bisnis
-,-,banpt-1566,-,-,KESEHATAN MASYARAKAT,KESEHATAN MASYARAKAT,S1,UNGGUL,465,0,Ekonomi & Bisnis
quipper-58,-,banpt-757,-,SARJANA,KEPERAWATAN,KEPERAWATAN,S1,BAIK SEKALI,585,0,Ekonomi & Bisnis
-,-,banpt-1631,-,-,TEKNIK KOMPUTER,KOMPUTER,S1,BAIK,1241,0,Ekonomi & Bisnis
-,-,banpt-1631,-,-,SISTEM INFORMASI,SISTEM INFORMASI,S1,BAIK,1241,0,Ekonomi & Bisnis
-,-,banpt-594,-,-,TEKNIK INFORMATIKA,INFORMATIKA,S1,BAIK SEKALI,807,0,Ekonomi & Bisnis
quipper-39,-,banpt-1863,-,SARJANA,TEKNIK INFORMATIKA,INFORMATIKA,S1,B,548,1,Teknik & Rekayasa
quipper-39,-,banpt-1863,-,SARJANA,SISTEM INFORMASI,SISTEM INFORMASI,S1,BAIK,548,4,Teknologi Industri
-,-,banpt-2239,-,-,TEKNIK INFORMATIKA,INFORMATIKA,S1,BAIK SEKALI,1534,0,Ekonomi & Bisnis
-,-,banpt-2239,-,-,TEKNIK MULTIMEDIA DAN JARINGAN,MULTIMEDIA,S1,BAIK,1534,0,Ekonomi & Bisnis
-,-,banpt-2239,-,-,SISTEM INFORMASI,SISTEM INFORMASI,S1,B,1534,0,Ekonomi & Bisnis
-,-,banpt-2208,-,-,ILMU KOMUNIKASI,ILMU KOMUNIKASI,S1,BAIK,970,0,Ekonomi & Bisnis
-,rencanamu-61,-,-,-,JURNALISTIK,JURNALISTIK,S1,B,970,0,Ekonomi & Bisnis
-,rencanamu-61,-,-,-,KEHUMASAN,STUDI HUMANITAS,S1,B,970,0,Ekonomi & Bisnis
-,-,banpt-3385,-,-,BISNIS DIGITAL,BISNIS DIGITAL,S1,BAIK,727,0,Ekonomi & Bisnis
-,-,banpt-3385,-,-,ILMU KOMUNIKASI,ILMU KOMUNIKASI,S1,BAIK,727,0,Ekonomi & Bisnis
-,-,banpt-3629,-,-,ILMU KOMUNIKASI,ILMU KOMUNIKASI,S1,BAIK,313,0,Ekonomi & Bisnis
-,-,banpt-1698,-,-,ILMU KOMUNIKASI,ILMU KOMUNIKASI,S1,B,943,0,Ekonomi & Bisnis
quipper-487,-,-,-,FAKULTAS ILMU KOMUNIKASI,HUBUNGAN MASYARAKAT,HUBUNGAN MASYARAKAT,S1,-,787,0,Ekonomi & Bisnis
quipper-487,-,-,-,FAKULTAS ILMU KOMUNIKASI,ILMU KOMUNIKASI,ILMU KOMUNIKASI,S1,-,787,0,Ekonomi & Bisnis
quipper-151,-,banpt-1781,-,SARJANA,MANAJEMEN,MANAJEMEN,S1,BAIK,1470,0,Ekonomi & Bisnis
-,-,banpt-3712,-,-,MANAJEMEN,MANAJEMEN,S1,BAIK SEKALI,815,0,Ekonomi & Bisnis
-,-,banpt-1462,-,-,MANAJEMEN,MANAJEMEN,S1,BAIK,1284,0,Ekonomi & Bisnis
-,-,banpt-2529,-,-,BISNIS DIGITAL,BISNIS DIGITAL,S1,BAIK,814,0,Ekonomi & Bisnis
-,-,banpt-2529,-,-,MANAJEMEN,MANAJEMEN,S1,BAIK SEKALI,814,0,Ekonomi & Bisnis
-,-,banpt-2214,-,-,MANAJEMEN,MANAJEMEN,S1,BAIK SEKALI,773,0,Ekonomi & Bisnis
-,-,banpt-1961,-,-,TEKNIK KELAUTAN,KELAUTAN,S1,BAIK,1270,0,Ekonomi & Bisnis
-,-,banpt-1387,-,-,MANAJEMEN KEPELABUHAN DAN PELAYARAN,KELAUTAN,S1,TERAKREDITASI SEMENTARA,1437,0,Ekonomi & Bisnis
-,-,banpt-2496,-,-,ILMU PEMERINTAHAN,PEMERINTAHAN,S1,B,1190,0,Ekonomi & Bisnis
-,-,banpt-2496,-,-,ILMU POLITIK,POLITIK,S1,BAIK,1190,0,Ekonomi & Bisnis
-,-,banpt-107,-,-,AGRIBISNIS,AGRIBISNIS,S1,BAIK,1435,0,Ekonomi & Bisnis
-,-,banpt-107,-,-,AGROTEKNOLOGI,AGROTEKNOLOGI,S1,B,1435,0,Ekonomi & Bisnis
-,-,banpt-2638,-,-,AGRIBISNIS,AGRIBISNIS,S1,BAIK,1257,0,Ekonomi & Bisnis
-,-,banpt-3512,-,-,AGRIBISNIS,AGRIBISNIS,S1,BAIK,1045,0,Ekonomi & Bisnis
-,-,banpt-3512,-,-,AGROTEKNOLOGI,AGROTEKNOLOGI,S1,BAIK,1045,0,Ekonomi & Bisnis
-,-,banpt-2826,-,-,AGRIBISNIS,AGRIBISNIS,S1,B,678,0,Ekonomi & Bisnis
-,-,banpt-660,-,-,AGRIBISNIS,AGRIBISNIS,S1,BAIK,1167,0,Ekonomi & Bisnis
-,-,banpt-660,-,-,AGROTEKNOLOGI,AGROTEKNOLOGI,S1,BAIK,1167,0,Ekonomi & Bisnis
-,-,banpt-660,-,-,PETERNAKAN,PETERNAKAN,S1,BAIK,1167,0,Ekonomi & Bisnis
-,-,banpt-3610,-,-,AGRIBISNIS,AGRIBISNIS,S1,BAIK,1401,0,Ekonomi & Bisnis
-,-,banpt-3610,-,-,AGROTEKNOLOGI,AGROTEKNOLOGI,S1,BAIK,1401,0,Ekonomi & Bisnis
-,-,banpt-3938,-,-,AGRIBISNIS,AGRIBISNIS,S1,BAIK,1170,0,Ekonomi & Bisnis
-,-,banpt-3938,-,-,KEHUTANAN,KEHUTANAN,S1,BAIK,1170,0,Ekonomi & Bisnis
-,-,banpt-1860,-,-,AGRIBISNIS,AGRIBISNIS,S1,BAIK,1418,0,Ekonomi & Bisnis
-,-,banpt-1860,-,-,AGROTEKNOLOGI,AGROTEKNOLOGI,S1,BAIK,1418,0,Ekonomi & Bisnis
-,-,banpt-1860,-,-,AGROBISNIS PERIKANAN,PERIKANAN,S1,BAIK,1418,0,Ekonomi & Bisnis
-,-,banpt-1322,-,-,AGRIBISNIS,AGRIBISNIS,S1,BAIK,1245,0,Ekonomi & Bisnis
-,-,banpt-1322,-,-,AGROTEKNOLOGI,AGROTEKNOLOGI,S1,BAIK,1245,0,Ekonomi & Bisnis
-,-,banpt-2719,-,-,ADMINISTRASI BISNIS,ADMINISTRASI BISNIS,S1,BAIK SEKALI,766,0,Ekonomi & Bisnis
-,-,banpt-2719,-,-,ADMINISTRASI PUBLIK,ADMINISTRASI PUBLIK,S1,BAIK SEKALI,766,0,Ekonomi & Bisnis
-,-,banpt-397,-,-,HUKUM,HUKUM,S1,BAIK,1468,0,Ekonomi & Bisnis
-,-,banpt-877,-,-,PENDIDIKAN GURU PENDIDIKAN ANAK  USIA DINI,GURU ANAK USIA DINI,S1,BAIK,1319,0,Ekonomi & Bisnis
-,-,banpt-877,-,-,PENDIDIKAN MATEMATIKA,MATEMATIKA,S1,BAIK SEKALI,1319,0,Ekonomi & Bisnis
-,-,banpt-877,-,-,PENDIDIKAN PANCASILA DAN KEWARGANEGARAAN,PANCASILA KEWARGANEGARAAN,S1,BAIK SEKALI,1319,0,Ekonomi & Bisnis
-,-,banpt-2808,-,-,PENDIDIKAN GURU SEKOLAH DASAR,GURU SEKOLAH DASAR,S1,BAIK,1223,0,Ekonomi & Bisnis
-,-,banpt-2808,-,-,PENDIDIKAN TEKNIK INFORMATIKA,INFORMATIKA,S1,BAIK,1223,0,Ekonomi & Bisnis
-,-,banpt-2808,-,-,PENDIDIKAN ILMU PENGETAHUAN ALAM,PENGETAHUAN ALAM,S1,BAIK,1223,0,Ekonomi & Bisnis
-,-,banpt-2975,-,-,PENDIDIKAN GURU SEKOLAH DASAR,GURU SEKOLAH DASAR,S1,BAIK SEKALI,1357,0,Ekonomi & Bisnis
-,-,banpt-2975,-,-,PENDIDIKAN ILMU PENGETAHUAN ALAM,PENGETAHUAN ALAM,S1,BAIK,1357,0,Ekonomi & Bisnis
-,-,banpt-2975,-,-,PENDIDIKAN ILMU PENGETAHUAN SOSIAL,PENGETAHUAN SOSIAL,S1,BAIK SEKALI,1357,0,Ekonomi & Bisnis
-,-,banpt-958,-,-,PENDIDIKAN GURU PENDIDIKAN ANAK USIA DINI,GURU ANAK USIA DINI,S1,BAIK,1465,0,Ekonomi & Bisnis
-,-,banpt-131,-,-,PENDIDIKAN GURU SEKOLAH DASAR,GURU SEKOLAH DASAR,S1,BAIK,1102,0,Ekonomi & Bisnis
-,-,banpt-3067,-,-,PENDIDIKAN GURU PENDIDIKAN ANAK USIA DINI,GURU ANAK USIA DINI,S1,BAIK SEKALI,1036,0,Ekonomi & Bisnis
-,-,banpt-3067,-,-,PENDIDIKAN GURU SEKOLAH DASAR,GURU SEKOLAH DASAR,S1,B,1036,0,Ekonomi & Bisnis
-,-,banpt-3067,-,-,PENDIDIKAN JASMANI,JASMANI,S1,BAIK,1036,0,Ekonomi & Bisnis
-,-,banpt-3067,-,-,PENDIDIKAN MATEMATIKA,MATEMATIKA,S1,BAIK SEKALI,1036,0,Ekonomi & Bisnis
-,-,banpt-3067,-,-,PENDIDIKAN IPA,PENGETAHUAN ALAM,S1,BAIK,1036,0,Ekonomi & Bisnis
-,-,banpt-3067,-,-,PENDIDIKAN MUSIK,SENI MUSIK,S1,BAIK SEKALI,1036,0,Ekonomi & Bisnis
-,-,banpt-2980,-,-,PENDIDIKAN FISIKA,FISIKA,S1,BAIK SEKALI,981,0,Ekonomi & Bisnis
-,-,banpt-2980,-,-,PENDIDIKAN GURU PENDIDIKAN ANAK USIA DINI,GURU ANAK USIA DINI,S1,BAIK,981,0,Ekonomi & Bisnis
-,-,banpt-2980,-,-,PENDIDIKAN GURU SEKOLAH DASAR,GURU SEKOLAH DASAR,S1,BAIK SEKALI,981,0,Ekonomi & Bisnis
-,-,banpt-2980,-,-,PENDIDIKAN JASMANI,JASMANI,S1,BAIK,981,0,Ekonomi & Bisnis
-,-,banpt-2980,-,-,PENDIDIKAN MATEMATIKA,MATEMATIKA,S1,BAIK SEKALI,981,0,Ekonomi & Bisnis
-,-,banpt-1134,-,-,PENDIDIKAN GURU SEKOLAH DASAR,GURU SEKOLAH DASAR,S1,BAIK,1110,0,Ekonomi & Bisnis
-,-,banpt-1134,-,-,PENDIDIKAN MATEMATIKA,MATEMATIKA,S1,BAIK,1110,0,Ekonomi & Bisnis
-,-,banpt-1134,-,-,PENDIDIKAN SENI,SENI,S1,BAIK,1110,0,Ekonomi & Bisnis
-,-,banpt-449,-,-,PENDIDIKAN JASMANI,JASMANI,S1,BAIK,1115,0,Ekonomi & Bisnis
-,-,banpt-2193,-,-,PENDIDIKAN GEOGRAFI,GEOGRAFI,S1,BAIK,1519,0,Ekonomi & Bisnis
-,-,banpt-2193,-,-,PENDIDIKAN GURU SEKOLAH DASAR,GURU SEKOLAH DASAR,S1,BAIK,1519,0,Ekonomi & Bisnis
-,-,banpt-2697,-,-,PENDIDIKAN MATEMATIKA,MATEMATIKA,S1,BAIK,1272,0,Ekonomi & Bisnis
-,-,banpt-2697,-,-,PENDIDIKAN TEKNOLOGI INFORMASI,TEKNOLOGI INFORMASI,S1,BAIK,1272,0,Ekonomi & Bisnis
-,-,banpt-2907,-,-,PENDIDIKAN JASMANI,JASMANI,S1,UNGGUL,204,0,Ekonomi & Bisnis
-,-,banpt-2907,-,-,PENDIDIKAN PANCASILA DAN KEWARGANEGARAAN,PANCASILA KEWARGANEGARAAN,S1,UNGGUL,204,0,Ekonomi & Bisnis
-,-,banpt-971,-,-,PENDIDIKAN GURU SEKOLAH DASAR,GURU SEKOLAH DASAR,S1,BAIK,1515,0,Ekonomi & Bisnis
-,-,banpt-2637,-,-,PENDIDIKAN BIOLOGI,BIOLOGI,S1,BAIK,302,0,Ekonomi & Bisnis
-,-,banpt-2637,-,-,PENDIDIKAN GURU SEKOLAH DASAR,GURU SEKOLAH DASAR,S1,BAIK,302,0,Ekonomi & Bisnis
-,-,banpt-1026,-,-,PENDIDIKAN GURU SEKOLAH DASAR,GURU SEKOLAH DASAR,S1,BAIK,811,0,Ekonomi & Bisnis
-,-,banpt-1026,-,-,PENDIDIKAN INFORMATIKA,INFORMATIKA,S1,BAIK,811,0,Ekonomi & Bisnis
-,-,banpt-1026,-,-,PENDIDIKAN OLAHRAGA,OLAHRAGA,S1,BAIK,811,0,Ekonomi & Bisnis
-,-,banpt-1026,-,-,PENDIDIKAN SENI PERTUNJUKAN,SENI,S1,BAIK,811,0,Ekonomi & Bisnis
-,-,banpt-1456,-,-,PENDIDIKAN EKONOMI,EKONOMI,S1,BAIK,1229,0,Ekonomi & Bisnis
-,-,banpt-1456,-,-,PENDIDIKAN GURU SEKOLAH DASAR,GURU SEKOLAH DASAR,S1,BAIK,1229,0,Ekonomi & Bisnis
-,-,banpt-1456,-,-,PENDIDIKAN MATEMATIKA,MATEMATIKA,S1,BAIK,1229,0,Ekonomi & Bisnis
-,-,banpt-1080,-,-,PENDIDIKAN GURU SEKOLAH DASAR,GURU SEKOLAH DASAR,S1,BAIK,1308,0,Ekonomi & Bisnis
-,-,banpt-974,-,-,PENDIDIKAN FISIKA,FISIKA,S1,BAIK,1444,0,Ekonomi & Bisnis
-,-,banpt-974,-,-,PENDIDIKAN MATEMATIKA,MATEMATIKA,S1,BAIK,1444,0,Ekonomi & Bisnis
-,-,banpt-373,-,-,FARMASI KLINIS DAN KOMUNITAS,FARMASI,S1,BAIK,332,0,Ekonomi & Bisnis
-,-,banpt-2754,-,-,SENI RUPA MURNI,DESAIN KOMUNIKASI VISUAL,S1,BAIK SEKALI,1417,0,Ekonomi & Bisnis
-,-,banpt-2754,-,-,SENI TARI,SENI,S1,UNGGUL,1417,0,Ekonomi & Bisnis
-,-,banpt-2754,-,-,SENI TEATER,TEATER,S1,BAIK,1417,0,Ekonomi & Bisnis
quipper-664,-,banpt-1320,-,MANAJEMEN ASURANSI,AKTUARIA,AKTUARIA,S1,BAIK,375,0,Ekonomi & Bisnis
quipper-664,-,banpt-1320,-,MANAJEMEN ASURANSI,MANAJEMEN,MANAJEMEN,S1,BAIK SEKALI,375,0,Ekonomi & Bisnis
-,rencanamu-63,banpt-2945,-,-,MANAJEMEN,MANAJEMEN,S1,C,1514,0,Ekonomi & Bisnis
-,-,banpt-1527,-,-,TEKNIK INFORMATIKA,INFORMATIKA,S1,BAIK,222,0,Ekonomi & Bisnis
-,-,banpt-1964,-,-,BISNIS DIGITAL,BISNIS DIGITAL,S1,BAIK,1462,0,Ekonomi & Bisnis
-,-,banpt-4010,-,-,INFORMATIKA,INFORMATIKA,S1,BAIK,1208,0,Ekonomi & Bisnis
-,-,banpt-4010,-,-,TEKNOLOGI INFORMASI,TEKNOLOGI INFORMASI,S1,BAIK,1208,0,Ekonomi & Bisnis
quipper-147,-,banpt-540,-,PROGRAM SARJANA,SISTEM INFORMASI,SISTEM INFORMASI,S1,BAIK SEKALI,1518,4,Teknologi Industri
quipper-147,-,banpt-540,-,PROGRAM SARJANA,SISTEM KOMPUTER,SISTEM KOMPUTER,S1,BAIK SEKALI,1518,0,Ekonomi & Bisnis
-,-,banpt-872,-,-,INFORMATIKA,INFORMATIKA,S1,BAIK,1106,0,Ekonomi & Bisnis
-,-,banpt-872,-,-,SISTEM INFORMASI,SISTEM INFORMASI,S1,BAIK,1106,0,Ekonomi & Bisnis
-,-,banpt-405,-,-,INFORMATIKA,INFORMATIKA,S1,BAIK,1068,0,Ekonomi & Bisnis
-,-,banpt-405,-,-,SISTEM INFORMASI,SISTEM INFORMASI,S1,BAIK,1068,0,Ekonomi & Bisnis
-,-,banpt-2708,-,-,INFORMATIKA,INFORMATIKA,S1,BAIK,857,0,Ekonomi & Bisnis
-,-,banpt-809,-,-,TEKNOLOGI INFORMASI,TEKNOLOGI INFORMASI,S1,BAIK,1156,0,Ekonomi & Bisnis
-,-,banpt-1875,-,-,TEKNIK INFORMATIKA,INFORMATIKA,S1,BAIK SEKALI,1197,0,Ekonomi & Bisnis
-,-,banpt-1875,-,-,SISTEM INFORMASI,SISTEM INFORMASI,S1,BAIK SEKALI,1197,0,Ekonomi & Bisnis
quipper-336,-,banpt-2126,-,MANAJEMEN,MANAJEMEN,MANAJEMEN,S1,BAIK,714,0,Ekonomi & Bisnis
-,-,banpt-878,-,-,LOGISTIK,LOGISTIK,S1,BAIK,538,0,Ekonomi & Bisnis
-,-,banpt-878,-,-,MANAJEMEN,MANAJEMEN,S1,BAIK,538,0,Ekonomi & Bisnis
-,-,banpt-3927,-,-,AKUNTANSI,AKUNTANSI,S1,UNGGUL,146,0,Ekonomi & Bisnis
-,-,banpt-3927,-,-,MANAJEMEN,MANAJEMEN,S1,UNGGUL,146,0,Ekonomi & Bisnis
-,rencanamu-69,banpt-2411,-,-,MANAJEMEN,MANAJEMEN,S1,B,409,0,Ekonomi & Bisnis
-,-,banpt-587,-,-,MANAJEMEN,MANAJEMEN,S1,BAIK,1018,0,Ekonomi & Bisnis
-,-,banpt-148,-,-,BISNIS MARITIM,KELAUTAN,S1,BAIK SEKALI,1048,0,Ekonomi & Bisnis
-,-,banpt-148,-,-,TRANSPORTASI,TRANSPORTASI,S1,BAIK,1048,0,Ekonomi & Bisnis
-,-,banpt-2961,-,-,DESAIN KOMUNIKASI VISUAL,DESAIN KOMUNIKASI VISUAL,S1,BAIK,430,0,Ekonomi & Bisnis
-,-,banpt-2565,-,-,PARIWISATA,PARIWISATA,S1,BAIK,1442,0,Ekonomi & Bisnis
-,-,banpt-55,-,-,PARIWISATA,PARIWISATA,S1,A,424,0,Ekonomi & Bisnis
-,rencanamu-70,-,-,-,PERHOTELAN,PERHOTELAN,S1,B,424,0,Ekonomi & Bisnis
-,-,banpt-1920,-,-,MANAJEMEN,MANAJEMEN,S1,BAIK SEKALI,882,0,Ekonomi & Bisnis
quipper-137,-,banpt-2608,-,SARJANA,PARIWISATA,PARIWISATA,S1,BAIK,285,0,Ekonomi & Bisnis
-,-,banpt-163,-,-,PARIWISATA,PARIWISATA,S1,BAIK,627,0,Ekonomi & Bisnis
-,-,banpt-3447,-,-,ILMU KOMUNIKASI,ILMU KOMUNIKASI,S1,BAIK SEKALI,702,0,Ekonomi & Bisnis
-,-,banpt-3447,-,-,PEMBANGUNAN SOSIAL,PEMBANGUNAN SOSIAL,S1,BAIK SEKALI,702,0,Ekonomi & Bisnis
-,-,banpt-3447,-,-,ILMU PEMERINTAHAN,PEMERINTAHAN,S1,A,702,0,Ekonomi & Bisnis
-,-,banpt-3055,-,-,ILMU PEMERINTAHAN,PEMERINTAHAN,S1,BAIK,912,0,Ekonomi & Bisnis
-,-,banpt-2673,-,-,TEKNOLOGI HASIL PERIKANAN,TEKNOLOGI HASIL PERIKANAN,S1,BAIK,1504,0,Ekonomi & Bisnis
-,-,banpt-3028,-,-,PEMANFAATAN SUMBER DAYA PERIKANAN,PERIKANAN,S1,BAIK,1448,0,Ekonomi & Bisnis
-,-,banpt-3175,-,-,AGRIBISNIS,AGRIBISNIS,S1,BAIK,651,0,Ekonomi & Bisnis
-,-,banpt-3175,-,-,AGROTEKNOLOGI,AGROTEKNOLOGI,S1,BAIK,651,0,Ekonomi & Bisnis
-,-,banpt-3630,-,-,AGROTEKNOLOGI,AGROTEKNOLOGI,S1,B,686,0,Ekonomi & Bisnis
-,-,banpt-3630,-,-,KEHUTANAN,KEHUTANAN,S1,BAIK,686,0,Ekonomi & Bisnis
-,-,banpt-3630,-,-,ILMU KELAUTAN,KELAUTAN,S1,B,686,0,Ekonomi & Bisnis
-,-,banpt-3630,-,-,TEKNIK PERTANIAN,PERTANIAN,S1,BAIK,686,0,Ekonomi & Bisnis
-,-,banpt-3630,-,-,PETERNAKAN,PETERNAKAN,S1,BAIK,686,0,Ekonomi & Bisnis
-,-,banpt-2005,-,-,DESAIN KOMUNIKASI VISUAL,DESAIN KOMUNIKASI VISUAL,S1,B,1076,0,Ekonomi & Bisnis
-,-,banpt-880,-,-,TEKNIK INFORMATIKA,INFORMATIKA,S1,BAIK,1398,0,Ekonomi & Bisnis
-,-,banpt-1797,-,-,TEKNIK SIPIL,SIPIL,S1,BAIK,1362,0,Ekonomi & Bisnis
-,-,banpt-451,-,-,TEKNIK MESIN,MESIN,S1,BAIK,143,0,Ekonomi & Bisnis
-,-,banpt-451,-,-,TEKNIK SIPIL,SIPIL,S1,BAIK,143,0,Ekonomi & Bisnis
-,-,banpt-1912,-,-,TEKNIK LINGKUNGAN,LINGKUNGAN,S1,BAIK,840,0,Ekonomi & Bisnis
-,-,banpt-1857,-,-,TEKNIK ELEKTRO,ELEKTRO,S1,BAIK,1204,0,Ekonomi & Bisnis
-,-,banpt-1857,-,-,INFORMATIKA,INFORMATIKA,S1,BAIK,1204,0,Ekonomi & Bisnis
-,-,banpt-1904,-,-,TEKNIK ELEKTRO,ELEKTRO,S1,BAIK,899,0,Ekonomi & Bisnis
-,-,banpt-1904,-,-,TEKNIK INDUSTRI,INDUSTRI,S1,BAIK,899,0,Ekonomi & Bisnis
-,-,banpt-1904,-,-,TEKNIK MESIN,MESIN,S1,BAIK SEKALI,899,0,Ekonomi & Bisnis
-,-,banpt-2979,-,-,BISNIS DIGITAL,BISNIS DIGITAL,S1,BAIK,735,0,Ekonomi & Bisnis
-,-,banpt-2979,-,-,TEKNIK ELEKTRO,ELEKTRO,S1,BAIK,735,0,Ekonomi & Bisnis
-,-,banpt-2979,-,-,TEKNIK INFORMATIKA,INFORMATIKA,S1,B,735,0,Ekonomi & Bisnis
-,-,banpt-2979,-,-,SISTEM INFORMASI,SISTEM INFORMASI,S1,BAIK,735,0,Ekonomi & Bisnis
-,-,banpt-4035,-,-,TEKNIK INFORMATIKA,INFORMATIKA,S1,BAIK,1456,0,Ekonomi & Bisnis
-,-,banpt-2211,-,-,INFORMATIKA,INFORMATIKA,S1,BAIK,1507,0,Ekonomi & Bisnis
-,-,banpt-2211,-,-,REKAYASA / TEKNIK INDUSTRI,REKAYASA INDUSTRI,S1,BAIK,1507,0,Ekonomi & Bisnis
-,-,banpt-3880,-,-,ARSITEKTUR,ARSITEKTUR,S1,BAIK,512,0,Ekonomi & Bisnis
-,-,banpt-3880,-,-,TEKNIK SIPIL,SIPIL,S1,B,512,0,Ekonomi & Bisnis
-,-,banpt-541,-,-,TEKNIK ELEKTRO,ELEKTRO,S1,BAIK SEKALI,495,0,Ekonomi & Bisnis
-,-,banpt-541,-,-,TEKNIK INFORMATIKA,INFORMATIKA,S1,BAIK SEKALI,495,0,Ekonomi & Bisnis
-,-,banpt-541,-,-,TEKNIK MESIN,MESIN,S1,BAIK SEKALI,495,0,Ekonomi & Bisnis
-,-,banpt-2345,-,-,TEKNIK MESIN,MESIN,S1,BAIK,708,0,Ekonomi & Bisnis
-,-,banpt-1231,-,-,TEKNIK ELEKTRO,ELEKTRO,S1,BAIK,1100,0,Ekonomi & Bisnis
-,-,banpt-2507,-,-,TEKNIK ELEKTRO,ELEKTRO,S1,BAIK,1513,0,Ekonomi & Bisnis
-,-,banpt-2507,-,-,TEKNIK INFORMATIKA,INFORMATIKA,S1,TIDAK TERAKREDITASI,1513,0,Ekonomi & Bisnis
-,-,banpt-2507,-,-,TEKNIK MESIN,MESIN,S1,BAIK,1513,0,Ekonomi & Bisnis
-,-,banpt-3696,-,-,TEKNIK KIMIA,KIMIA,S1,BAIK,1499,0,Ekonomi & Bisnis
-,-,banpt-3696,-,-,TEKNIK MESIN,MESIN,S1,BAIK,1499,0,Ekonomi & Bisnis
-,-,banpt-2454,-,-,FARMASI,FARMASI,S1,BAIK SEKALI,1119,0,Ekonomi & Bisnis
-,-,banpt-911,-,-,TEKNIK INFORMATIKA,INFORMATIKA,S1,BAIK,1227,0,Ekonomi & Bisnis
-,-,banpt-2268,-,-,GEOLOGI,GEOLOGI,S1,BAIK,856,0,Ekonomi & Bisnis
-,-,banpt-2268,-,-,TEKNIK INDUSTRI,INDUSTRI,S1,BAIK,856,0,Ekonomi & Bisnis
-,-,banpt-2268,-,-,TEKNIK PERMINYAKAN,PERMINYAKAN,S1,BAIK SEKALI,856,0,Ekonomi & Bisnis
quipper-328,rencanamu-72,-,-,TEKNIK,TEKNIK ELEKTRO,ELEKTRO,S1,B,1404,0,Ekonomi & Bisnis
quipper-328,rencanamu-72,-,-,TEKNIK,TEKNIK GEOLOGI,GEOLOGI,S1,B,1404,0,Ekonomi & Bisnis
quipper-328,rencanamu-72,-,-,TEKNIK,TEKNIK MESIN,MESIN,S1,B,1404,0,Ekonomi & Bisnis
quipper-328,-,-,-,TEKNIK,PERENCANAAN WILAYAH DAN KOTA,PERENCANAAN WILAYAH KOTA,S1,-,1404,0,Ekonomi & Bisnis
quipper-328,rencanamu-72,-,-,TEKNIK,TEKNIK PERTAMBANGAN,PERTAMBANGAN,S1,B,1404,0,Ekonomi & Bisnis
quipper-328,rencanamu-72,-,-,TEKNIK,TEKNIK SIPIL,SIPIL,S1,B,1404,5,Sains & Teknologi
-,-,banpt-3181,-,-,TEKNIK INDUSTRI,INDUSTRI,S1,BAIK,1288,0,Ekonomi & Bisnis
-,-,banpt-3181,-,-,TEKNIK LINGKUNGAN,LINGKUNGAN,S1,BAIK,1288,0,Ekonomi & Bisnis
-,-,banpt-12,-,-,TEKNIK INFORMATIKA,INFORMATIKA,S1,BAIK,393,0,Ekonomi & Bisnis
-,-,banpt-12,-,-,TEKNIK LINGKUNGAN,LINGKUNGAN,S1,BAIK,393,0,Ekonomi & Bisnis
-,-,banpt-12,-,-,TEKNIK SIPIL,SIPIL,S1,BAIK,393,0,Ekonomi & Bisnis
-,-,banpt-3992,-,-,TEKNIK INDUSTRI,INDUSTRI,S1,BAIK,1329,0,Ekonomi & Bisnis
-,-,banpt-3992,-,-,TEKNIK INFORMATIKA,INFORMATIKA,S1,BAIK,1329,0,Ekonomi & Bisnis
-,-,banpt-580,-,-,BISNIS DIGITAL,BISNIS DIGITAL,S1,BAIK,1180,0,Ekonomi & Bisnis
-,-,banpt-580,-,-,TEKNIK INFORMATIKA,INFORMATIKA,S1,BAIK,1180,0,Ekonomi & Bisnis
-,-,banpt-1909,-,-,TEKNIK ELEKTRO,ELEKTRO,S1,BAIK,91,0,Ekonomi & Bisnis
-,-,banpt-1909,-,-,INFORMATIKA,INFORMATIKA,S1,BAIK SEKALI,91,0,Ekonomi & Bisnis
-,-,banpt-1909,-,-,TEKNIK MESIN,MESIN,S1,BAIK SEKALI,91,0,Ekonomi & Bisnis
-,-,banpt-1909,-,-,TEKNIK SIPIL,SIPIL,S1,BAIK SEKALI,91,0,Ekonomi & Bisnis
quipper-403,-,banpt-1605,-,TEKNOLOGI,TEKNIK INFORMATIKA,INFORMATIKA,S1,BAIK,1365,1,Teknik & Rekayasa
quipper-403,-,banpt-1605,-,TEKNOLOGI,TEKNIK LINGKUNGAN,LINGKUNGAN,S1,BAIK,1365,0,Ekonomi & Bisnis
quipper-403,-,banpt-1605,-,TEKNOLOGI,TEKNIK SIPIL,SIPIL,S1,BAIK,1365,5,Sains & Teknologi
-,-,banpt-4023,-,-,TEKNIK INFORMATIKA,INFORMATIKA,S1,BAIK,1138,0,Ekonomi & Bisnis
-,-,banpt-3200,-,-,BISNIS DIGITAL,BISNIS DIGITAL,S1,BAIK,373,0,Ekonomi & Bisnis
quipper-571,rencanamu-73,banpt-3200,-,INFORMATIKA,TEKNIK INFORMATIKA,INFORMATIKA,S1,C,373,1,Teknik & Rekayasa
quipper-571,rencanamu-73,banpt-3200,-,SISTEM INFORMASI,SISTEM INFORMASI,SISTEM INFORMASI,S1,B,373,4,Teknologi Industri
-,-,banpt-1039,-,-,TEKNIK ELEKTRO,ELEKTRO,S1,BAIK,1291,0,Ekonomi & Bisnis
-,-,banpt-1039,-,-,TEKNIK INDUSTRI,INDUSTRI,S1,BAIK,1291,0,Ekonomi & Bisnis
-,-,banpt-1039,-,-,TEKNIK MESIN,MESIN,S1,BAIK,1291,0,Ekonomi & Bisnis
-,-,banpt-2431,-,-,TEKNIK INDUSTRI,INDUSTRI,S1,BAIK,1051,0,Ekonomi & Bisnis
-,-,banpt-2431,-,-,TEKNIK INFORMATIKA,INFORMATIKA,S1,BAIK SEKALI,1051,0,Ekonomi & Bisnis
-,-,banpt-2431,-,-,TEKNIK MESIN,MESIN,S1,BAIK SEKALI,1051,0,Ekonomi & Bisnis
-,-,banpt-2419,-,-,ILMU TEOLOGI,TEOLOGI,S1,BAIK,165,0,Ekonomi & Bisnis
-,-,banpt-515,-,-,ILMU ADMINISTRASI NEGARA,ADMINISTRASI NEGARA,S1,B,1172,0,Ekonomi & Bisnis
-,-,banpt-515,-,-,ILMU ADMINISTRASI NIAGA,ADMINISTRASI NIAGA,S1,BAIK,1172,0,Ekonomi & Bisnis
-,-,banpt-4017,-,-,ILMU ADMINISTRASI NEGARA,ADMINISTRASI NEGARA,S1,BAIK,1370,0,Ekonomi & Bisnis
-,-,banpt-3151,-,-,ILMU ADMINISTRASI BISNIS,ADMINISTRASI BISNIS,S1,BAIK SEKALI,628,0,Ekonomi & Bisnis
-,-,banpt-1443,-,-,EKONOMI PEMBANGUNAN,EKONOMI PEMBANGUNAN,S1,BAIK,1496,0,Ekonomi & Bisnis
-,-,banpt-2716,-,-,AKUNTANSI,AKUNTANSI,S1,BAIK,1371,0,Ekonomi & Bisnis
-,-,banpt-2716,-,-,MANAJEMEN,MANAJEMEN,S1,BAIK,1371,0,Ekonomi & Bisnis
-,rencanamu-76,banpt-STIE INDONESIA BANKING SCHOOL,-,-,AKUNTANSI,AKUNTANSI,S1,B,221,0,Ekonomi & Bisnis
-,rencanamu-76,banpt-STIE INDONESIA BANKING SCHOOL,-,-,MANAJEMEN,MANAJEMEN,S1,B,221,0,Ekonomi & Bisnis
quipper-152,-,-,-,SARJANA,AKUNTANSI,AKUNTANSI,S1,-,667,2,Pendidikan & Keguruan
quipper-152,-,banpt-2243,-,SARJANA,MANAJEMEN,MANAJEMEN,S1,BAIK SEKALI,667,0,Ekonomi & Bisnis
-,-,banpt-115,-,-,AKUNTANSI,AKUNTANSI,S1,BAIK,1141,0,Ekonomi & Bisnis
-,-,banpt-115,-,-,MANAJEMEN,MANAJEMEN,S1,BAIK,1141,0,Ekonomi & Bisnis
-,-,banpt-2194,-,-,EKONOMI PEMBANGUNAN,EKONOMI PEMBANGUNAN,S1,BAIK,1410,0,Ekonomi & Bisnis
-,-,banpt-2194,-,-,MANAJEMEN,MANAJEMEN,S1,BAIK,1410,0,Ekonomi & Bisnis
-,-,banpt-2685,-,-,AKUNTANSI,AKUNTANSI,S1,BAIK,993,0,Ekonomi & Bisnis
-,-,banpt-2685,-,-,MANAJEMEN,MANAJEMEN,S1,BAIK,993,0,Ekonomi & Bisnis
-,-,banpt-3978,-,-,EKONOMI PEMBANGUNAN,EKONOMI PEMBANGUNAN,S1,BAIK,498,0,Ekonomi & Bisnis
-,-,banpt-3978,-,-,MANAJEMEN,MANAJEMEN,S1,BAIK,498,0,Ekonomi & Bisnis
-,-,banpt-1901,-,-,AKUNTANSI,AKUNTANSI,S1,BAIK,1342,0,Ekonomi & Bisnis
-,-,banpt-1901,-,-,MANAJEMEN,MANAJEMEN,S1,BAIK,1342,0,Ekonomi & Bisnis
-,-,banpt-895,-,-,EKONOMI PEMBANGUNAN,EKONOMI PEMBANGUNAN,S1,BAIK,1304,0,Ekonomi & Bisnis
-,-,banpt-895,-,-,MANAJEMEN,MANAJEMEN,S1,BAIK,1304,0,Ekonomi & Bisnis
-,-,banpt-2326,-,-,AKUNTANSI,AKUNTANSI,S1,BAIK,746,0,Ekonomi & Bisnis
-,-,banpt-2326,-,-,MANAJEMEN,MANAJEMEN,S1,BAIK,746,0,Ekonomi & Bisnis
-,-,banpt-2244,-,-,ILMU HUKUM,HUKUM,S1,BAIK SEKALI,659,0,Ekonomi & Bisnis
-,-,banpt-739,-,-,ILMU HUKUM,HUKUM,S1,BAIK,903,0,Ekonomi & Bisnis
quipper-139,-,-,-,SARJANA,ADMINISTRASI RUMAH SAKIT,ADMINISTRASI RUMAH SAKIT,S1,-,476,0,Ekonomi & Bisnis
-,-,banpt-2425,-,-,INFORMATIKA KESEHATAN,INFORMATIKA KESEHATAN,S1,BAIK,483,0,Ekonomi & Bisnis
-,-,banpt-2086,-,-,FARMASI,FARMASI,S1,BAIK,431,0,Ekonomi & Bisnis
-,-,banpt-2802,-,-,ILMU KEPERAWATAN,KEPERAWATAN,S1,BAIK,1354,0,Ekonomi & Bisnis
-,-,banpt-2122,-,-,FARMASI,FARMASI,S1,C,392,0,Ekonomi & Bisnis
quipper-14,-,-,-,SARJANA,FARMASI,FARMASI,S1,-,231,0,Ekonomi & Bisnis
quipper-14,-,-,-,SARJANA,KEBIDANAN,KEBIDANAN,S1,-,231,0,Ekonomi & Bisnis
-,-,banpt-1968,-,-,ILMU KESEJAHTERAAN SOSIAL,KESEJAHTERAAN SOSIAL,S1,B,1258,0,Ekonomi & Bisnis
-,-,banpt-1055,-,-,MANAJEMEN,MANAJEMEN,S1,BAIK SEKALI,809,0,Ekonomi & Bisnis
-,-,banpt-3885,-,-,MANAJEMEN,MANAJEMEN,S1,BAIK,23,0,Ekonomi & Bisnis
-,-,banpt-2587,-,-,AGRIBISNIS,AGRIBISNIS,S1,BAIK,881,0,Ekonomi & Bisnis
-,-,banpt-2587,-,-,AGROTEKNOLOGI,AGROTEKNOLOGI,S1,BAIK,881,0,Ekonomi & Bisnis
-,-,banpt-2587,-,-,AKUAKULTUR,AKUAKULTUR,S1,BAIK,881,0,Ekonomi & Bisnis
-,-,banpt-2587,-,-,PETERNAKAN,PETERNAKAN,S1,BAIK,881,0,Ekonomi & Bisnis
-,-,banpt-507,-,-,ILMU ADMINISTRASI NEGARA,ADMINISTRASI NEGARA,S1,BAIK,1305,0,Ekonomi & Bisnis
-,-,banpt-507,-,-,ILMU PEMERINTAHAN,PEMERINTAHAN,S1,BAIK,1305,0,Ekonomi & Bisnis
-,-,banpt-1424,-,-,ILMU PEMERINTAHAN,PEMERINTAHAN,S1,BAIK,1083,0,Ekonomi & Bisnis
-,-,banpt-2288,-,-,ILMU ADMINISTRASI NEGARA,ADMINISTRASI NEGARA,S1,BAIK,1411,0,Ekonomi & Bisnis
-,-,banpt-2288,-,-,ILMU PEMERINTAHAN,PEMERINTAHAN,S1,BAIK,1411,0,Ekonomi & Bisnis
-,-,banpt-1960,-,-,ILMU ADMINISTRASI NEGARA,ADMINISTRASI NEGARA,S1,BAIK,894,0,Ekonomi & Bisnis
-,-,banpt-299,-,-,SOSIOLOGI,SOSIOLOGI,S1,BAIK,1237,0,Ekonomi & Bisnis
-,-,banpt-1037,-,-,ADMINISTRASI PUBLIK,ADMINISTRASI PUBLIK,S1,BAIK,1296,0,Ekonomi & Bisnis
-,-,banpt-2968,-,-,ILMU ADMINISTRASI NEGARA,ADMINISTRASI NEGARA,S1,B,1234,0,Ekonomi & Bisnis
-,-,banpt-2134,-,-,ILMU PEMERINTAHAN,PEMERINTAHAN,S1,B,681,0,Ekonomi & Bisnis
-,-,banpt-2532,-,-,ILMU KOMUNIKASI,ILMU KOMUNIKASI,S1,B,796,0,Ekonomi & Bisnis
-,-,banpt-2532,-,-,ILMU PEMERINTAHAN,PEMERINTAHAN,S1,B,796,0,Ekonomi & Bisnis
-,-,banpt-1632,-,-,ILMU ADMINISTRASI NEGARA,ADMINISTRASI NEGARA,S1,BAIK,1434,0,Ekonomi & Bisnis
-,-,banpt-1632,-,-,ILMU PEMERINTAHAN,PEMERINTAHAN,S1,BAIK,1434,0,Ekonomi & Bisnis
-,-,banpt-1034,-,-,TEKNIK ELEKTRO,ELEKTRO,S1,BAIK,1441,0,Ekonomi & Bisnis
-,-,banpt-1034,-,-,TEKNIK INDUSTRI,INDUSTRI,S1,BAIK,1441,0,Ekonomi & Bisnis
-,-,banpt-1034,-,-,TEKNIK MESIN,MESIN,S1,BAIK,1441,0,Ekonomi & Bisnis
-,-,banpt-1034,-,-,TEKNIK SIPIL,SIPIL,S1,BAIK,1441,0,Ekonomi & Bisnis
-,-,banpt-3281,-,-,PENDIDIKAN GURU SEKOLAH DASAR,GURU SEKOLAH DASAR,S1,BAIK,1532,0,Ekonomi & Bisnis
-,-,banpt-1368,-,-,PENDIDIKAN GEOGRAFI,GEOGRAFI,S1,BAIK,1022,0,Ekonomi & Bisnis
-,-,banpt-1368,-,-,PENDIDIKAN MATEMATIKA,MATEMATIKA,S1,BAIK,1022,0,Ekonomi & Bisnis
-,-,banpt-1368,-,-,PENDIDIKAN PANCASILA DAN KEWARGANEGARAAN,PANCASILA KEWARGANEGARAAN,S1,BAIK,1022,0,Ekonomi & Bisnis
-,-,banpt-4036,-,-,PENDIDIKAN BIOLOGI,BIOLOGI,S1,BAIK,1440,0,Ekonomi & Bisnis
-,-,banpt-4036,-,-,PENDIDIKAN GURU SEKOLAH DASAR,GURU SEKOLAH DASAR,S1,BAIK,1440,0,Ekonomi & Bisnis
-,-,banpt-4036,-,-,PENDIDIKAN MATEMATIKA,MATEMATIKA,S1,BAIK,1440,0,Ekonomi & Bisnis
quipper-118,-,-,-,SARJANA,PENDIDIKAN FISIKA,FISIKA,S1,-,804,0,Ekonomi & Bisnis
quipper-118,-,-,-,SARJANA,PENDIDIKAN GURU SEKOLAH DASAR,GURU SEKOLAH DASAR,S1,-,804,0,Ekonomi & Bisnis
quipper-118,-,-,-,SARJANA,PENDIDIKAN MATEMATIKA,MATEMATIKA,S1,-,804,0,Ekonomi & Bisnis
-,-,banpt-1992,-,-,PENDIDIKAN PANCASILA DAN KEWARGANEGARAAN,PANCASILA KEWARGANEGARAAN,S1,B,817,0,Ekonomi & Bisnis
-,-,banpt-3283,-,-,PENDIDIKAN GURU PENDIDIKAN ANAK USIA DINI,GURU ANAK USIA DINI,S1,BAIK,1323,0,Ekonomi & Bisnis
-,-,banpt-3283,-,-,PENDIDIKAN GURU SEKOLAH DASAR,GURU SEKOLAH DASAR,S1,BAIK,1323,0,Ekonomi & Bisnis
quipper-33,-,banpt-2004,-,SARJANA,PENDIDIKAN GURU PENDIDIKAN ANAK USIA DINI,GURU ANAK USIA DINI,S1,B,1523,0,Ekonomi & Bisnis
quipper-33,-,banpt-2004,-,SARJANA,PENDIDIKAN GURU SEKOLAH DASAR,GURU SEKOLAH DASAR,S1,B,1523,0,Ekonomi & Bisnis
quipper-33,-,-,-,SARJANA,PENDIDIKAN MATEMATIKA,MATEMATIKA,S1,-,1523,0,Ekonomi & Bisnis
-,-,banpt-3523,-,-,PENDIDIKAN MATEMATIKA,MATEMATIKA,S1,BAIK,961,0,Ekonomi & Bisnis
-,-,banpt-3384,-,-,PENDIDIKAN ANAK USIA DINI,GURU ANAK USIA DINI,S1,C,1049,0,Ekonomi & Bisnis
-,-,banpt-2297,-,-,PENDIDIKAN GURU SEKOLAH DASAR,GURU SEKOLAH DASAR,S1,BAIK,1482,0,Ekonomi & Bisnis
-,-,banpt-2297,-,-,PENDIDIKAN MATEMATIKA,MATEMATIKA,S1,BAIK,1482,0,Ekonomi & Bisnis
-,-,banpt-2297,-,-,PENDIDIKAN OLAH RAGA,OLAHRAGA,S1,BAIK,1482,0,Ekonomi & Bisnis
-,-,banpt-2297,-,-,PENDIDIKAN IPA,PENGETAHUAN ALAM,S1,BAIK,1482,0,Ekonomi & Bisnis
-,-,banpt-1951,-,-,PENDIDIKAN JASMANI,JASMANI,S1,BAIK,1209,0,Ekonomi & Bisnis
-,-,banpt-1951,-,-,PENDIDIKAN MATEMATIKA,MATEMATIKA,S1,BAIK,1209,0,Ekonomi & Bisnis
-,-,banpt-1752,-,-,PENDIDIKAN EKONOMI,EKONOMI,S1,BAIK,1412,0,Ekonomi & Bisnis
-,-,banpt-1752,-,-,PENDIDIKAN FISIKA,FISIKA,S1,BAIK,1412,0,Ekonomi & Bisnis
-,-,banpt-1752,-,-,PENDIDIKAN GURU SEKOLAH DASAR,GURU SEKOLAH DASAR,S1,BAIK,1412,0,Ekonomi & Bisnis
-,-,banpt-1752,-,-,PENDIDIKAN MATEMATIKA,MATEMATIKA,S1,BAIK,1412,0,Ekonomi & Bisnis
-,-,banpt-970,-,-,PENDIDIKAN ANAK USIA DINI,GURU ANAK USIA DINI,S1,BAIK,1231,0,Ekonomi & Bisnis
-,-,banpt-970,-,-,PENDIDIKAN GURU SEKOLAH DASAR,GURU SEKOLAH DASAR,S1,BAIK,1231,0,Ekonomi & Bisnis
-,-,banpt-1310,-,-,PENDIDIKAN MATEMATIKA,MATEMATIKA,S1,BAIK,563,0,Ekonomi & Bisnis
-,-,banpt-3107,-,-,PENDIDIKAN GURU PENDIDIKAN ANAK USIA DINI,GURU ANAK USIA DINI,S1,BAIK,1464,0,Ekonomi & Bisnis
-,-,banpt-3107,-,-,PENDIDIKAN GURU SEKOLAH DASAR,GURU SEKOLAH DASAR,S1,BAIK,1464,0,Ekonomi & Bisnis
-,-,banpt-3107,-,-,PENDIDIKAN JASMANI KESEHATAN DAN REKREASI,JASMANI,S1,BAIK SEKALI,1464,0,Ekonomi & Bisnis
-,-,banpt-3107,-,-,PENDIDIKAN MATEMATIKA,MATEMATIKA,S1,BAIK,1464,0,Ekonomi & Bisnis
-,-,banpt-3107,-,-,PENDIDIKAN IPA,PENGETAHUAN ALAM,S1,BAIK,1464,0,Ekonomi & Bisnis
-,-,banpt-3239,-,-,PENDIDIKAN GURU SEKOLAH DASAR,GURU SEKOLAH DASAR,S1,BAIK,1160,0,Ekonomi & Bisnis
-,-,banpt-2797,-,-,PENDIDIKAN ANAK USIA DINI,GURU ANAK USIA DINI,S1,BAIK,810,0,Ekonomi & Bisnis
-,-,banpt-2797,-,-,PENDIDIKAN JASMANI KESEHATAN DAN REKREASI,JASMANI,S1,BAIK SEKALI,810,0,Ekonomi & Bisnis
-,-,banpt-1590,-,-,BIMBINGAN DAN KONSELING,BIMBINGAN KONSELING,S1,BAIK,1328,0,Ekonomi & Bisnis
-,-,banpt-1590,-,-,PENDIDIKAN EKONOMI,EKONOMI,S1,BAIK,1328,0,Ekonomi & Bisnis
-,-,banpt-1229,-,-,PENDIDIKAN GURU SEKOLAH DASAR,GURU SEKOLAH DASAR,S1,BAIK,1449,0,Ekonomi & Bisnis
-,-,banpt-1627,-,-,PENDIDIKAN GURU SEKOLAH DASAR,GURU SEKOLAH DASAR,S1,BAIK,1429,0,Ekonomi & Bisnis
-,-,banpt-1627,-,-,PENDIDIKAN MATEMATIKA,MATEMATIKA,S1,BAIK,1429,0,Ekonomi & Bisnis
-,-,banpt-1627,-,-,PENDIDIKAN TEKNOLOGI INFORMASI,TEKNOLOGI INFORMASI,S1,BAIK,1429,0,Ekonomi & Bisnis
-,-,banpt-1295,-,-,PENDIDIKAN MATEMATIKA,MATEMATIKA,S1,BAIK,1214,0,Ekonomi & Bisnis
-,-,banpt-1295,-,-,PENDIDIKAN OLAHRAGA,OLAHRAGA,S1,BAIK,1214,0,Ekonomi & Bisnis
-,-,banpt-3964,-,-,PENDIDIKAN GURU PENDIDIKAN ANAK USIA DINI,GURU ANAK USIA DINI,S1,BAIK,742,0,Ekonomi & Bisnis
-,-,banpt-3575,-,-,PENDIDIKAN PANCASILA DAN KEWARGANEGARAAN,PANCASILA KEWARGANEGARAAN,S1,BAIK,1056,0,Ekonomi & Bisnis
-,-,banpt-1929,-,-,PENDIDIKAN MATEMATIKA,MATEMATIKA,S1,BAIK,892,0,Ekonomi & Bisnis
quipper-442,-,banpt-3780,-,ILMU PENDIDIKAN,PENDIDIKAN GURU SEKOLAH DASAR,GURU SEKOLAH DASAR,S1,B,1460,0,Ekonomi & Bisnis
-,-,banpt-3780,-,-,PENDIDIKAN JASMANI,JASMANI,S1,B,1460,0,Ekonomi & Bisnis
quipper-442,-,-,-,ILMU PENDIDIKAN,PENDIDIKAN MATEMATIKA,MATEMATIKA,S1,-,1460,0,Ekonomi & Bisnis
quipper-442,-,-,-,ILMU PENDIDIKAN,TEKNIK MESIN,MESIN,S1,-,1460,0,Ekonomi & Bisnis
quipper-442,-,-,-,ILMU PENDIDIKAN,PENDIDIKAN OLAHRAGA,OLAHRAGA,S1,-,1460,0,Ekonomi & Bisnis
-,-,banpt-1196,-,-,PENDIDIKAN MATEMATIKA,MATEMATIKA,S1,BAIK,1321,0,Ekonomi & Bisnis
-,-,banpt-1196,-,-,PENDIDIKAN ILMU PENGETAHUAN ALAM,PENGETAHUAN ALAM,S1,BAIK,1321,0,Ekonomi & Bisnis
-,-,banpt-2151,-,-,PENDIDIKAN GEOGRAFI,GEOGRAFI,S1,BAIK,224,0,Ekonomi & Bisnis
-,-,banpt-2151,-,-,PENDIDIKAN GURU SEKOLAH DASAR,GURU SEKOLAH DASAR,S1,BAIK,224,0,Ekonomi & Bisnis
-,-,banpt-2151,-,-,PENDIDIKAN SEJARAH,SEJARAH,S1,BAIK,224,0,Ekonomi & Bisnis
-,-,banpt-3114,-,-,PENDIDIKAN FISIKA,FISIKA,S1,BAIK,453,0,Ekonomi & Bisnis
-,-,banpt-3114,-,-,PENDIDIKAN MATEMATIKA,MATEMATIKA,S1,B,453,0,Ekonomi & Bisnis
-,-,banpt-3114,-,-,PENDIDIKAN SEJARAH,SEJARAH,S1,BAIK SEKALI,453,0,Ekonomi & Bisnis
-,-,banpt-3114,-,-,PENDIDIKAN TEKNOLOGI INFORMASI,TEKNOLOGI INFORMASI,S1,BAIK,453,0,Ekonomi & Bisnis
-,-,banpt-875,-,-,PENDIDIKAN PANCASILA DAN KEWARGANEGARAAN,PANCASILA KEWARGANEGARAAN,S1,BAIK,914,0,Ekonomi & Bisnis
quipper-41,-,-,-,SARJANA,PENDIDIKAN TEOLOGI,TEOLOGI,S1,-,639,0,Ekonomi & Bisnis
-,-,banpt-1848,-,-,PENDIDIKAN GURU PENDIDIKAN ANAK USIA DINI,GURU ANAK USIA DINI,S1,BAIK,1488,0,Ekonomi & Bisnis
-,-,banpt-1848,-,-,PENDIDIKAN GURU SEKOLAH DASAR,GURU SEKOLAH DASAR,S1,BAIK,1488,0,Ekonomi & Bisnis
-,-,banpt-437,-,-,TEKNIK INFORMATIKA,INFORMATIKA,S1,BAIK,25,0,Ekonomi & Bisnis
-,-,banpt-437,-,-,SISTEM INFORMASI,SISTEM INFORMASI,S1,BAIK,25,0,Ekonomi & Bisnis
-,-,banpt-1805,-,-,TEKNIK INFORMATIKA,INFORMATIKA,S1,BAIK SEKALI,1450,0,Ekonomi & Bisnis
-,-,banpt-1805,-,-,SISTEM INFORMASI,SISTEM INFORMASI,S1,BAIK,1450,0,Ekonomi & Bisnis
-,-,banpt-2352,-,-,DESAIN KOMUNIKASI VISUAL,DESAIN KOMUNIKASI VISUAL,S1,TERAKREDITASI SEMENTARA,537,0,Ekonomi & Bisnis
-,-,banpt-2352,-,-,SISTEM INFORMASI,SISTEM INFORMASI,S1,BAIK SEKALI,537,0,Ekonomi & Bisnis
-,-,banpt-2078,-,-,TEKNIK INFORMATIKA,INFORMATIKA,S1,BAIK,1212,0,Ekonomi & Bisnis
-,-,banpt-2078,-,-,SISTEM INFORMASI,SISTEM INFORMASI,S1,BAIK,1212,0,Ekonomi & Bisnis
-,-,banpt-2232,-,-,TEKNIK INFORMATIKA,INFORMATIKA,S1,BAIK,85,0,Ekonomi & Bisnis
-,-,banpt-2232,-,-,SISTEM INFORMASI,SISTEM INFORMASI,S1,BAIK,85,0,Ekonomi & Bisnis
-,-,banpt-4019,-,-,TEKNIK INFORMATIKA,INFORMATIKA,S1,BAIK SEKALI,826,0,Ekonomi & Bisnis
-,-,banpt-4019,-,-,SISTEM INFORMASI,SISTEM INFORMASI,S1,BAIK SEKALI,826,0,Ekonomi & Bisnis
-,-,banpt-348,-,-,TEKNIK INFORMATIKA,INFORMATIKA,S1,BAIK SEKALI,1146,0,Ekonomi & Bisnis
-,-,banpt-348,-,-,SISTEM INFORMASI,SISTEM INFORMASI,S1,BAIK,1146,0,Ekonomi & Bisnis
-,-,banpt-2407,-,-,TEKNIK INFORMATIKA,INFORMATIKA,S1,BAIK SEKALI,1260,0,Ekonomi & Bisnis
-,-,banpt-2407,-,-,SISTEM INFORMASI,SISTEM INFORMASI,S1,BAIK,1260,0,Ekonomi & Bisnis
-,-,banpt-3698,-,-,SISTEM INFORMASI,SISTEM INFORMASI,S1,BAIK,1014,0,Ekonomi & Bisnis
-,-,banpt-3290,-,-,SISTEM INFORMASI,SISTEM INFORMASI,S1,BAIK,1377,0,Ekonomi & Bisnis
-,-,banpt-3290,-,-,SISTEM KOMPUTER,SISTEM KOMPUTER,S1,BAIK,1377,0,Ekonomi & Bisnis
-,-,banpt-1421,-,-,SISTEM INFORMASI,SISTEM INFORMASI,S1,BAIK,1332,0,Ekonomi & Bisnis
-,-,banpt-1421,-,-,TEKNOLOGI INFORMASI,TEKNOLOGI INFORMASI,S1,BAIK,1332,0,Ekonomi & Bisnis
-,-,banpt-108,-,-,TEKNIK INFORMATIKA,INFORMATIKA,S1,BAIK SEKALI,788,0,Ekonomi & Bisnis
-,-,banpt-2210,-,-,TEKNIK INFORMATIKA,INFORMATIKA,S1,BAIK SEKALI,1075,0,Ekonomi & Bisnis
-,-,banpt-2210,-,-,REKAYASA PERANGKAT LUNAK,REKAYASA PERANGKAT LUNAK,S1,BAIK,1075,0,Ekonomi & Bisnis
-,-,banpt-2210,-,-,SISTEM INFORMASI,SISTEM INFORMASI,S1,BAIK,1075,0,Ekonomi & Bisnis
-,-,banpt-1978,-,-,TEKNIK INFORMATIKA,INFORMATIKA,S1,BAIK,797,0,Ekonomi & Bisnis
-,-,banpt-1978,-,-,SISTEM INFORMASI,SISTEM INFORMASI,S1,BAIK,797,0,Ekonomi & Bisnis
-,-,banpt-3659,-,-,SISTEM INFORMASI,SISTEM INFORMASI,S1,BAIK,1279,0,Ekonomi & Bisnis
-,-,banpt-3659,-,-,SISTEM KOMPUTER,SISTEM KOMPUTER,S1,BAIK,1279,0,Ekonomi & Bisnis
-,-,banpt-2839,-,-,TEKNIK INFORMATIKA,INFORMATIKA,S1,BAIK,1339,0,Ekonomi & Bisnis
-,-,banpt-2839,-,-,SISTEM INFORMASI,SISTEM INFORMASI,S1,BAIK SEKALI,1339,0,Ekonomi & Bisnis
-,-,banpt-1829,-,-,TEKNIK INFORMATIKA,INFORMATIKA,S1,BAIK SEKALI,1157,0,Ekonomi & Bisnis
-,-,banpt-1829,-,-,SISTEM INFORMASI,SISTEM INFORMASI,S1,BAIK SEKALI,1157,0,Ekonomi & Bisnis
-,-,banpt-3137,-,-,BISNIS DIGITAL,BISNIS DIGITAL,S1,BAIK,754,0,Ekonomi & Bisnis
-,-,banpt-3137,-,-,TEKNIK INFORMATIKA,INFORMATIKA,S1,BAIK,754,0,Ekonomi & Bisnis
-,-,banpt-3137,-,-,SISTEM INFORMASI,SISTEM INFORMASI,S1,B,754,0,Ekonomi & Bisnis
-,-,banpt-3667,-,-,ILMU KOMPUTER,KOMPUTER,S1,BAIK,1447,0,Ekonomi & Bisnis
-,-,banpt-3667,-,-,SISTEM INFORMASI,SISTEM INFORMASI,S1,BAIK,1447,0,Ekonomi & Bisnis
-,-,banpt-3667,-,-,TEKNOLOGI INFORMASI,TEKNOLOGI INFORMASI,S1,BAIK,1447,0,Ekonomi & Bisnis
-,-,banpt-1262,-,-,TEKNIK INFORMATIKA,INFORMATIKA,S1,C,1105,0,Ekonomi & Bisnis
-,-,banpt-1262,-,-,SISTEM INFORMASI,SISTEM INFORMASI,S1,BAIK,1105,0,Ekonomi & Bisnis
-,-,banpt-931,-,-,SISTEM INFORMASI,SISTEM INFORMASI,S1,BAIK,489,0,Ekonomi & Bisnis
-,-,banpt-2585,-,-,TEKNIK INFORMATIKA,INFORMATIKA,S1,BAIK SEKALI,908,0,Ekonomi & Bisnis
-,-,banpt-2585,-,-,SISTEM INFORMASI,SISTEM INFORMASI,S1,BAIK SEKALI,908,0,Ekonomi & Bisnis
-,-,banpt-3396,-,-,TEKNIK INFORMATIKA,INFORMATIKA,S1,BAIK SEKALI,853,0,Ekonomi & Bisnis
-,-,banpt-1921,-,-,TEKNIK INFORMATIKA,INFORMATIKA,S1,BAIK SEKALI,1378,0,Ekonomi & Bisnis
-,-,banpt-1921,-,-,SISTEM INFORMASI,SISTEM INFORMASI,S1,BAIK SEKALI,1378,0,Ekonomi & Bisnis
-,-,banpt-2666,-,-,TEKNIK INFORMATIKA,INFORMATIKA,S1,BAIK,1276,0,Ekonomi & Bisnis
-,-,banpt-2666,-,-,SISTEM INFORMASI,SISTEM INFORMASI,S1,BAIK,1276,0,Ekonomi & Bisnis
-,-,banpt-420,-,-,TEKNIK INFORMATIKA,INFORMATIKA,S1,BAIK,1259,0,Ekonomi & Bisnis
-,-,banpt-420,-,-,SISTEM INFORMASI,SISTEM INFORMASI,S1,BAIK,1259,0,Ekonomi & Bisnis
-,-,banpt-759,-,-,TEKNIK INFORMATIKA,INFORMATIKA,S1,BAIK SEKALI,806,0,Ekonomi & Bisnis
-,-,banpt-759,-,-,SISTEM INFORMASI,SISTEM INFORMASI,S1,BAIK,806,0,Ekonomi & Bisnis
-,-,banpt-4003,-,-,TEKNIK INFORMATIKA,INFORMATIKA,S1,BAIK SEKALI,1032,0,Ekonomi & Bisnis
-,-,banpt-4003,-,-,SISTEM INFORMASI,SISTEM INFORMASI,S1,BAIK SEKALI,1032,0,Ekonomi & Bisnis
-,-,banpt-1397,-,-,TEKNIK INFORMATIKA,INFORMATIKA,S1,BAIK,759,0,Ekonomi & Bisnis
-,-,banpt-1397,-,-,KECERDASAN BUATAN,KECERDASAN BUATAN,S1,BAIK,759,0,Ekonomi & Bisnis
-,-,banpt-1397,-,-,REKAYASA PERANGKAT LUNAK,REKAYASA PERANGKAT LUNAK,S1,BAIK,759,0,Ekonomi & Bisnis
-,-,banpt-1397,-,-,SISTEM DAN TEKNOLOGI INFORMASI,SISTEM INFORMASI,S1,BAIK,759,0,Ekonomi & Bisnis
-,-,banpt-2709,-,-,TEKNIK INFORMATIKA,INFORMATIKA,S1,BAIK SEKALI,960,0,Ekonomi & Bisnis
-,-,banpt-1291,-,-,TEKNIK INFORMATIKA,INFORMATIKA,S1,BAIK,1300,0,Ekonomi & Bisnis
-,-,banpt-1291,-,-,SISTEM INFORMASI,SISTEM INFORMASI,S1,BAIK,1300,0,Ekonomi & Bisnis
-,-,banpt-574,-,-,TEKNIK INFORMATIKA,INFORMATIKA,S1,BAIK SEKALI,791,0,Ekonomi & Bisnis
-,-,banpt-2564,-,-,TEKNIK INFORMATIKA,INFORMATIKA,S1,BAIK,1150,0,Ekonomi & Bisnis
-,-,banpt-2564,-,-,TEKNOLOGI INFORMASI,TEKNOLOGI INFORMASI,S1,BAIK SEKALI,1150,0,Ekonomi & Bisnis
-,-,banpt-3216,-,-,TEKNIK INFORMATIKA,INFORMATIKA,S1,BAIK,822,0,Ekonomi & Bisnis
-,-,banpt-3216,-,-,SISTEM INFORMASI,SISTEM INFORMASI,S1,BAIK,822,0,Ekonomi & Bisnis
-,-,banpt-2355,-,-,ILMU KOMPUTER,KOMPUTER,S1,BAIK,1057,0,Ekonomi & Bisnis
-,-,banpt-2355,-,-,SISTEM INFORMASI,SISTEM INFORMASI,S1,BAIK SEKALI,1057,0,Ekonomi & Bisnis
-,-,banpt-1405,-,-,SISTEM INFORMASI,SISTEM INFORMASI,S1,BAIK,705,0,Ekonomi & Bisnis
-,-,banpt-1423,-,-,TEKNIK INFORMATIKA,INFORMATIKA,S1,BAIK,1275,0,Ekonomi & Bisnis
-,-,banpt-1423,-,-,SISTEM INFORMASI,SISTEM INFORMASI,S1,BAIK,1275,0,Ekonomi & Bisnis
-,-,banpt-378,-,-,TEKNIK INFORMATIKA,INFORMATIKA,S1,BAIK,1322,0,Ekonomi & Bisnis
-,-,banpt-378,-,-,SISTEM INFORMASI,SISTEM INFORMASI,S1,BAIK,1322,0,Ekonomi & Bisnis
-,-,banpt-2715,-,-,SISTEM INFORMASI,SISTEM INFORMASI,S1,BAIK,1320,0,Ekonomi & Bisnis
-,rencanamu-84,-,-,-,TEKNIK KOMPUTER,KOMPUTER,S1,B,910,0,Ekonomi & Bisnis
-,rencanamu-84,-,-,-,MANAJEMEN INFORMATIKA,MANAJEMEN INFORMATIKA,S1,B,910,0,Ekonomi & Bisnis
-,rencanamu-84,banpt-1969,-,-,SISTEM INFORMASI,SISTEM INFORMASI,S1,B,910,0,Ekonomi & Bisnis
-,rencanamu-84,banpt-1969,-,-,SISTEM KOMPUTER,SISTEM KOMPUTER,S1,B,910,0,Ekonomi & Bisnis
-,-,banpt-479,-,-,BISNIS DIGITAL,BISNIS DIGITAL,S1,BAIK,998,0,Ekonomi & Bisnis
-,-,banpt-479,-,-,TEKNIK INFORMATIKA,INFORMATIKA,S1,BAIK SEKALI,998,0,Ekonomi & Bisnis
-,-,banpt-479,-,-,SISTEM INFORMASI,SISTEM INFORMASI,S1,BAIK SEKALI,998,0,Ekonomi & Bisnis
-,-,banpt-2554,-,-,TEKNIK INFORMATIKA,INFORMATIKA,S1,BAIK,1497,0,Ekonomi & Bisnis
-,-,banpt-2554,-,-,SISTEM INFORMASI,SISTEM INFORMASI,S1,BAIK,1497,0,Ekonomi & Bisnis
-,-,banpt-1633,-,-,TEKNIK PERMINYAKAN,PERMINYAKAN,S1,BAIK,574,0,Ekonomi & Bisnis
-,rencanamu-87,-,-,-,AKUNTANSI,AKUNTANSI,S1,A,5,0,Ekonomi & Bisnis
-,rencanamu-87,-,-,-,MANAJEMEN,MANAJEMEN,S1,A,5,0,Ekonomi & Bisnis
-,-,banpt-368,-,-,AKUNTANSI,AKUNTANSI,S1,BAIK,198,0,Ekonomi & Bisnis
-,-,banpt-368,-,-,FARMASI,FARMASI,S1,BAIK SEKALI,198,0,Ekonomi & Bisnis
-,-,banpt-368,-,-,HUKUM,HUKUM,S1,BAIK,198,0,Ekonomi & Bisnis
-,-,banpt-368,-,-,INFORMATIKA,INFORMATIKA,S1,BAIK,198,0,Ekonomi & Bisnis
-,-,banpt-368,-,-,KEPERAWATAN,KEPERAWATAN,S1,BAIK SEKALI,198,0,Ekonomi & Bisnis
-,-,banpt-368,-,-,MANAJEMEN,MANAJEMEN,S1,BAIK,198,0,Ekonomi & Bisnis
-,-,banpt-368,-,-,SISTEM INFORMASI,SISTEM INFORMASI,S1,BAIK,198,0,Ekonomi & Bisnis
-,-,banpt-368,-,-,TEKNOLOGI INFORMASI,TEKNOLOGI INFORMASI,S1,BAIK,198,0,Ekonomi & Bisnis
-,-,banpt-2142,-,-,ADMINISTRASI PUBLIK,ADMINISTRASI PUBLIK,S1,BAIK,913,0,Ekonomi & Bisnis
-,-,banpt-2142,-,-,AGROTEKNOLOGI,AGROTEKNOLOGI,S1,BAIK SEKALI,913,0,Ekonomi & Bisnis
-,-,banpt-2142,-,-,AKUNTANSI,AKUNTANSI,S1,BAIK,913,0,Ekonomi & Bisnis
-,-,banpt-2142,-,-,PENDIDIKAN BIOLOGI,BIOLOGI,S1,BAIK SEKALI,913,0,Ekonomi & Bisnis
-,-,banpt-2142,-,-,HUKUM,HUKUM,S1,B,913,0,Ekonomi & Bisnis
-,-,banpt-2142,-,-,TEKNIK INDUSTRI,INDUSTRI,S1,B,913,0,Ekonomi & Bisnis
-,-,banpt-2142,-,-,MANAJEMEN,MANAJEMEN,S1,BAIK,913,0,Ekonomi & Bisnis
-,-,banpt-2142,-,-,ILMU PERIKANAN,PERIKANAN,S1,BAIK,913,0,Ekonomi & Bisnis
-,-,banpt-2142,-,-,PENDIDIKAN SEJARAH,SEJARAH,S1,BAIK SEKALI,913,0,Ekonomi & Bisnis
-,-,banpt-2142,-,-,TEKNIK SIPIL,SIPIL,S1,B,913,0,Ekonomi & Bisnis
quipper-163,-,-,-,FAKULTAS ILMU SOSIAL DAN ILMU POLITIK,ADMINISTRASI BISNIS,ADMINISTRASI BISNIS,S1,-,59,0,Ekonomi & Bisnis
-,-,banpt-21,-,-,ILMU ADMINISTRASI NEGARA,ADMINISTRASI NEGARA,S1,B,59,0,Ekonomi & Bisnis
-,-,banpt-21,-,-,ILMU ADMINISTRASI NIAGA,ADMINISTRASI NIAGA,S1,BAIK SEKALI,59,0,Ekonomi & Bisnis
quipper-163,-,-,-,FAKULTAS ILMU SOSIAL DAN ILMU POLITIK,ADMINISTRASI PUBLIK,ADMINISTRASI PUBLIK,S1,-,59,0,Ekonomi & Bisnis
quipper-163,-,-,-,FAKULTAS EKONOMI DAN BISNIS,AKUNTANSI,AKUNTANSI,S1,-,59,2,Pendidikan & Keguruan
quipper-163,-,banpt-21,-,FAKULTAS TEKNIK,TEKNIK ELEKTRO,ELEKTRO,S1,B,59,1,Teknik & Rekayasa
quipper-163,-,banpt-21,-,FAKULTAS HUKUM,HUKUM,HUKUM,S1,B,59,3,Hukum
quipper-163,-,banpt-21,-,FAKULTAS KEGURUAN DAN ILMU PENDIDIKAN,PENDIDIKAN JASMANI KESEHATAN DAN REKREASI,JASMANI,S1,BAIK SEKALI,59,2,Pendidikan & Keguruan
quipper-163,-,banpt-21,-,FAKULTAS EKONOMI DAN BISNIS,MANAJEMEN,MANAJEMEN,S1,BAIK SEKALI,59,0,Ekonomi & Bisnis
quipper-163,-,banpt-21,-,FAKULTAS TEKNIK,TEKNIK MESIN,MESIN,S1,BAIK SEKALI,59,1,Teknik & Rekayasa
quipper-163,-,-,-,FAKULTAS EKONOMI DAN BISNIS,PERHOTELAN,PERHOTELAN,S1,-,59,0,Ekonomi & Bisnis
quipper-163,-,banpt-21,-,FAKULTAS PERIKANAN DAN ILMU KELAUTAN,PEMANFAATAN SUMBER DAYA PERIKANAN,PERIKANAN,S1,B,59,0,Ekonomi & Bisnis
quipper-598,-,banpt-3990,-,FAKULTAS EKONOMI BISNIS & ILMU SOSIAL,ADMINISTRASI BISNIS,ADMINISTRASI BISNIS,S1,BAIK SEKALI,50,0,Ekonomi & Bisnis
-,rencanamu-88,-,-,-,ILMU ADMINISTRASI NEGARA,ADMINISTRASI NEGARA,S1,B,50,0,Ekonomi & Bisnis
-,rencanamu-88,-,-,-,ILMU ADMINISTRASI NIAGA,ADMINISTRASI NIAGA,S1,B,50,0,Ekonomi & Bisnis
quipper-598,-,banpt-3990,-,FAKULTAS EKONOMI BISNIS & ILMU SOSIAL,ADMINISTRASI PUBLIK,ADMINISTRASI PUBLIK,S1,B,50,0,Ekonomi & Bisnis
quipper-598,rencanamu-88,banpt-3990,-,FAKULTAS EKONOMI BISNIS & ILMU SOSIAL,AKUNTANSI,AKUNTANSI,S1,B,50,2,Pendidikan & Keguruan
quipper-598,-,banpt-3990,-,FAKULTAS EKONOMI BISNIS & ILMU SOSIAL,BISNIS DIGITAL,BISNIS DIGITAL,S1,BAIK SEKALI,50,0,Ekonomi & Bisnis
quipper-598,rencanamu-88,banpt-3990,-,FAKULTAS TEKNIK DAN INFORMATIKA,TEKNIK ELEKTRO,ELEKTRO,S1,B,50,0,Ekonomi & Bisnis
quipper-598,rencanamu-88,banpt-3990,-,FAKULTAS FARMASI,FARMASI,FARMASI,S1,B,50,0,Ekonomi & Bisnis
quipper-598,rencanamu-88,banpt-3990,-,FAKULTAS EKONOMI BISNIS & ILMU SOSIAL,HUBUNGAN INTERNASIONAL,HUBUNGAN INTERNASIONAL,S1,B,50,0,Ekonomi & Bisnis
quipper-598,rencanamu-88,banpt-3990,-,FAKULTAS HUKUM,ILMU HUKUM,HUKUM,S1,B,50,3,Hukum
quipper-598,rencanamu-88,banpt-3990,-,FAKULTAS EKONOMI BISNIS & ILMU SOSIAL,ILMU KOMUNIKASI,ILMU KOMUNIKASI,S1,B,50,0,Ekonomi & Bisnis
quipper-598,-,banpt-3990,-,FAKULTAS TEKNIK DAN INFORMATIKA,TEKNIK INFORMATIKA,INFORMATIKA,S1,BAIK SEKALI,50,1,Teknik & Rekayasa
quipper-598,rencanamu-88,banpt-3990,-,FAKULTAS EKONOMI BISNIS & ILMU SOSIAL,MANAJEMEN,MANAJEMEN,S1,B,50,0,Ekonomi & Bisnis
quipper-598,rencanamu-88,banpt-3990,-,FAKULTAS TEKNIK DAN INFORMATIKA,TEKNIK MESIN,MESIN,S1,B,50,0,Ekonomi & Bisnis
-,rencanamu-88,banpt-3990,-,-,ILMU PEMERINTAHAN,PEMERINTAHAN,S1,B,50,0,Ekonomi & Bisnis
quipper-598,rencanamu-88,-,-,FAKULTAS EKONOMI BISNIS & ILMU SOSIAL,ILMU PEMERINTAHAN & POLITIK,POLITIK,S1,B,50,0,Ekonomi & Bisnis
quipper-598,rencanamu-88,banpt-3990,-,FAKULTAS TEKNIK DAN INFORMATIKA,TEKNIK SIPIL,SIPIL,S1,B,50,5,Sains & Teknologi
-,rencanamu-89,-,-,-,ILMU ADMINISTRASI NEGARA,ADMINISTRASI NEGARA,S1,B,505,0,Ekonomi & Bisnis
-,-,banpt-1227,-,-,ADMINISTRASI PUBLIK,ADMINISTRASI PUBLIK,S1,B,505,0,Ekonomi & Bisnis
-,rencanamu-89,banpt-1227,-,-,AGROTEKNOLOGI,AGROTEKNOLOGI,S1,B,505,0,Ekonomi & Bisnis
-,rencanamu-89,-,-,-,AKUNTANSI,AKUNTANSI,S1,B,505,0,Ekonomi & Bisnis
-,rencanamu-89,banpt-1227,-,-,ARSITEKTUR,ARSITEKTUR,S1,B,505,0,Ekonomi & Bisnis
-,rencanamu-89,banpt-1227,-,-,ILMU HUKUM,HUKUM,S1,B,505,0,Ekonomi & Bisnis
-,rencanamu-89,banpt-1227,-,-,KEHUTANAN,KEHUTANAN,S1,C,505,0,Ekonomi & Bisnis
-,rencanamu-89,banpt-1227,-,-,MANAJEMEN,MANAJEMEN,S1,B,505,0,Ekonomi & Bisnis
-,-,banpt-1227,-,-,PERENCANAAN WILAYAH DAN KOTA,PERENCANAAN WILAYAH KOTA,S1,TERAKREDITASI SEMENTARA,505,0,Ekonomi & Bisnis
-,rencanamu-89,banpt-1227,-,-,PSIKOLOGI,PSIKOLOGI,S1,C,505,0,Ekonomi & Bisnis
-,rencanamu-89,banpt-1227,-,-,TEKNIK SIPIL,SIPIL,S1,C,505,0,Ekonomi & Bisnis
-,rencanamu-90,banpt-2569,-,-,ADMINISTRASI BISNIS,ADMINISTRASI BISNIS,S1,B,575,0,Ekonomi & Bisnis
-,rencanamu-90,-,-,-,ILMU ADMINISTRASI NEGARA,ADMINISTRASI NEGARA,S1,B,575,0,Ekonomi & Bisnis
-,rencanamu-90,-,-,-,ILMU ADMINISTRASI NIAGA,ADMINISTRASI NIAGA,S1,B,575,0,Ekonomi & Bisnis
-,-,banpt-2569,-,-,ADMINISTRASI PUBLIK,ADMINISTRASI PUBLIK,S1,UNGGUL,575,0,Ekonomi & Bisnis
-,rencanamu-90,banpt-2569,-,-,AKUNTANSI,AKUNTANSI,S1,B,575,0,Ekonomi & Bisnis
-,-,banpt-2569,-,-,ARSITEKTUR,ARSITEKTUR,S1,B,575,0,Ekonomi & Bisnis
-,-,banpt-2569,-,-,BISNIS DIGITAL,BISNIS DIGITAL,S1,BAIK,575,0,Ekonomi & Bisnis
-,rencanamu-90,banpt-2569,-,-,ILMU HUKUM,HUKUM,S1,A,575,0,Ekonomi & Bisnis
-,rencanamu-90,banpt-2569,-,-,TEKNIK KIMIA,KIMIA,S1,B,575,0,Ekonomi & Bisnis
-,rencanamu-90,banpt-2569,-,-,MANAJEMEN,MANAJEMEN,S1,B,575,0,Ekonomi & Bisnis
-,rencanamu-90,banpt-2569,-,-,TEKNOLOGI HASIL PERTANIAN,PERTANIAN,S1,C,575,0,Ekonomi & Bisnis
-,rencanamu-90,-,-,-,SASTRA INGGRIS,SASTRA INGGRIS,S1,B,575,0,Ekonomi & Bisnis
-,rencanamu-90,banpt-2569,-,-,TEKNIK SIPIL,SIPIL,S1,B,575,0,Ekonomi & Bisnis
-,rencanamu-91,banpt-2075,-,-,ADMINISTRASI NEGARA,ADMINISTRASI NEGARA,S1,A,80,0,Ekonomi & Bisnis
-,rencanamu-91,banpt-2075,-,-,ILMU ADMINISTRASI NIAGA,ADMINISTRASI NIAGA,S1,A,80,0,Ekonomi & Bisnis
-,rencanamu-91,banpt-2075,-,-,AKUNTANSI,AKUNTANSI,S1,B,80,0,Ekonomi & Bisnis
-,rencanamu-91,banpt-2075,-,-,ARSITEKTUR,ARSITEKTUR,S1,B,80,0,Ekonomi & Bisnis
-,rencanamu-91,banpt-2075,-,-,EKONOMI PEMBANGUNAN,EKONOMI PEMBANGUNAN,S1,A,80,0,Ekonomi & Bisnis
-,rencanamu-91,banpt-2075,-,-,TEKNIK ELEKTRO,ELEKTRO,S1,B,80,0,Ekonomi & Bisnis
-,rencanamu-91,banpt-2075,-,-,ILMU HUKUM,HUKUM,S1,A,80,0,Ekonomi & Bisnis
-,rencanamu-91,banpt-2075,-,-,ILMU KOMUNIKASI,ILMU KOMUNIKASI,S1,A,80,0,Ekonomi & Bisnis
-,rencanamu-91,banpt-2075,-,-,TEKNIK INDUSTRI,INDUSTRI,S1,A,80,0,Ekonomi & Bisnis
-,rencanamu-91,banpt-2075,-,-,TEKNIK INFORMATIKA,INFORMATIKA,S1,B,80,0,Ekonomi & Bisnis
-,rencanamu-91,banpt-2075,-,-,MANAJEMEN,MANAJEMEN,S1,B,80,0,Ekonomi & Bisnis
-,rencanamu-91,banpt-2075,-,-,TEKNIK MESIN,MESIN,S1,A,80,0,Ekonomi & Bisnis
-,rencanamu-91,banpt-2075,-,-,ILMU PSIKOLOGI,PSIKOLOGI,S1,B,80,0,Ekonomi & Bisnis
-,-,banpt-2075,-,-,TEKNIK ROBOTIKA DAN KECERDASAN BUATAN,ROBOTIKA,S1,BAIK,80,0,Ekonomi & Bisnis
-,rencanamu-91,banpt-2075,-,-,SASTRA INGGRIS,SASTRA INGGRIS,S1,B,80,0,Ekonomi & Bisnis
-,rencanamu-91,banpt-2075,-,-,SASTRA JEPANG,SASTRA JEPANG,S1,B,80,0,Ekonomi & Bisnis
-,rencanamu-91,banpt-2075,-,-,TEKNIK SIPIL,SIPIL,S1,B,80,0,Ekonomi & Bisnis
-,-,banpt-2075,-,-,SISTEM DAN TEKNOLOGI INFORMASI,SISTEM INFORMASI,S1,BAIK,80,0,Ekonomi & Bisnis
-,-,banpt-2055,-,-,AGROTEKNOLOGI,AGROTEKNOLOGI,S1,BAIK,1391,0,Ekonomi & Bisnis
-,-,banpt-2055,-,-,BUDIDAYA PERAIRAN,BUDIDAYA PERAIRAN,S1,B,1391,0,Ekonomi & Bisnis
-,-,banpt-2055,-,-,ILMU HUKUM,HUKUM,S1,BAIK SEKALI,1391,0,Ekonomi & Bisnis
-,-,banpt-2055,-,-,ILMU KOMUNIKASI,ILMU KOMUNIKASI,S1,B,1391,0,Ekonomi & Bisnis
-,-,banpt-2055,-,-,ILMU PEMERINTAHAN,PEMERINTAHAN,S1,BAIK,1391,0,Ekonomi & Bisnis
-,-,banpt-2055,-,-,PEMANFAATAN SUMBER DAYA PERIKANAN,PERIKANAN,S1,B,1391,0,Ekonomi & Bisnis
-,-,banpt-1171,-,-,AKUNTANSI,AKUNTANSI,S1,BAIK SEKALI,684,0,Ekonomi & Bisnis
-,-,banpt-1171,-,-,HUKUM,HUKUM,S1,BAIK,684,0,Ekonomi & Bisnis
-,-,banpt-1171,-,-,TEKNIK INDUSTRI,INDUSTRI,S1,BAIK,684,0,Ekonomi & Bisnis
-,-,banpt-1171,-,-,TEKNIK INFORMATIKA,INFORMATIKA,S1,BAIK,684,0,Ekonomi & Bisnis
-,-,banpt-1171,-,-,MANAJEMEN,MANAJEMEN,S1,BAIK,684,0,Ekonomi & Bisnis
-,-,banpt-1171,-,-,TEKNIK MESIN,MESIN,S1,BAIK,684,0,Ekonomi & Bisnis
-,-,banpt-1171,-,-,PSIKOLOGI,PSIKOLOGI,S1,BAIK,684,0,Ekonomi & Bisnis
-,-,banpt-1555,-,-,ILMU ADMINISTRASI NEGARA,ADMINISTRASI NEGARA,S1,B,1402,0,Ekonomi & Bisnis
-,-,banpt-1555,-,-,AGROTEKNOLOGI,AGROTEKNOLOGI,S1,TERAKREDITASI SEMENTARA,1402,0,Ekonomi & Bisnis
-,-,banpt-1555,-,-,AKUNTANSI,AKUNTANSI,S1,BAIK SEKALI,1402,0,Ekonomi & Bisnis
-,-,banpt-1555,-,-,HUKUM BISNIS,HUKUM,S1,TERAKREDITASI SEMENTARA,1402,0,Ekonomi & Bisnis
-,-,banpt-1555,-,-,ILMU KOMUNIKASI,ILMU KOMUNIKASI,S1,BAIK,1402,0,Ekonomi & Bisnis
-,-,banpt-1555,-,-,MANAJEMEN,MANAJEMEN,S1,BAIK SEKALI,1402,0,Ekonomi & Bisnis
-,-,banpt-1555,-,-,SAINS PERTANIAN,PERTANIAN,S1,TERAKREDITASI SEMENTARA,1402,0,Ekonomi & Bisnis
-,-,banpt-1555,-,-,PETERNAKAN,PETERNAKAN,S1,TERAKREDITASI SEMENTARA,1402,0,Ekonomi & Bisnis
quipper-590,-,-,-,FAKULTAS ILMU SOSIAL DAN ILMU POLITIK,ILMU ADMINISTRASI,ADMINISTRASI,S1,-,931,0,Ekonomi & Bisnis
-,rencanamu-92,-,-,-,ILMU ADMINISTRASI NEGARA,ADMINISTRASI NEGARA,S1,B,931,0,Ekonomi & Bisnis
quipper-590,rencanamu-92,-,-,FAKULTAS PERTANIAN,AGRIBISNIS,AGRIBISNIS,S1,B,931,0,Ekonomi & Bisnis
quipper-590,rencanamu-92,-,-,FAKULTAS KEGURUAN DAN PENDIDIKAN,PENDIDIKAN GURU SEKOLAH DASAR,GURU SEKOLAH DASAR,S1,B,931,0,Ekonomi & Bisnis
quipper-590,rencanamu-92,-,-,FAKULTAS HUKUM,ILMU HUKUM,HUKUM,S1,B,931,3,Hukum
quipper-590,rencanamu-92,-,-,FAKULTAS EKONOMI,MANAJEMEN,MANAJEMEN,S1,B,931,0,Ekonomi & Bisnis
quipper-590,rencanamu-92,-,-,FAKULTAS SASTRA,SASTRA INGGRIS,SASTRA INGGRIS,S1,B,931,0,Ekonomi & Bisnis
-,-,banpt-226,-,-,ADMINISTRASI PUBLIK,ADMINISTRASI PUBLIK,S1,B,879,0,Ekonomi & Bisnis
-,-,banpt-226,-,-,AGRIBISNIS,AGRIBISNIS,S1,BAIK SEKALI,879,0,Ekonomi & Bisnis
-,-,banpt-226,-,-,BIOLOGI,BIOLOGI,S1,BAIK,879,0,Ekonomi & Bisnis
-,-,banpt-226,-,-,BISNIS DIGITAL,BISNIS DIGITAL,S1,BAIK SEKALI,879,0,Ekonomi & Bisnis
-,-,banpt-226,-,-,PENDIDIKAN GURU SEKOLAH DASAR,GURU SEKOLAH DASAR,S1,BAIK SEKALI,879,0,Ekonomi & Bisnis
-,-,banpt-226,-,-,ILMU HUKUM,HUKUM,S1,BAIK SEKALI,879,0,Ekonomi & Bisnis
-,-,banpt-226,-,-,TEKNIK KELAUTAN,KELAUTAN,S1,BAIK,879,0,Ekonomi & Bisnis
-,-,banpt-226,-,-,MANAJEMEN,MANAJEMEN,S1,BAIK SEKALI,879,0,Ekonomi & Bisnis
-,-,banpt-226,-,-,MATEMATIKA,MATEMATIKA,S1,BAIK,879,0,Ekonomi & Bisnis
-,-,banpt-226,-,-,SASTRA INGGRIS,SASTRA INGGRIS,S1,BAIK,879,0,Ekonomi & Bisnis
-,-,banpt-1125,-,-,ADMINISTRASI PENDIDIKAN,ADMINISTRASI,S1,BAIK SEKALI,1366,0,Ekonomi & Bisnis
-,-,banpt-1125,-,-,AGRIBISNIS,AGRIBISNIS,S1,B,1366,0,Ekonomi & Bisnis
-,-,banpt-1125,-,-,BIMBINGAN DAN KONSELING,BIMBINGAN KONSELING,S1,BAIK SEKALI,1366,0,Ekonomi & Bisnis
-,-,banpt-1125,-,-,BUDIDAYA PERAIRAN,BUDIDAYA PERAIRAN,S1,B,1366,0,Ekonomi & Bisnis
-,-,banpt-1125,-,-,EKONOMI PEMBANGUNAN,EKONOMI PEMBANGUNAN,S1,BAIK,1366,0,Ekonomi & Bisnis
-,-,banpt-1125,-,-,PENDIDIKAN GURU SEKOLAH DASAR,GURU SEKOLAH DASAR,S1,B,1366,0,Ekonomi & Bisnis
-,-,banpt-1125,-,-,ILMU HUKUM,HUKUM,S1,BAIK SEKALI,1366,0,Ekonomi & Bisnis
-,-,banpt-1125,-,-,MANAJEMEN,MANAJEMEN,S1,BAIK,1366,0,Ekonomi & Bisnis
-,-,banpt-1125,-,-,TEKNIK SIPIL,SIPIL,S1,BAIK,1366,0,Ekonomi & Bisnis
-,-,banpt-1927,-,-,AKUNTANSI,AKUNTANSI,S1,BAIK SEKALI,719,0,Ekonomi & Bisnis
-,-,banpt-1927,-,-,DESAIN KOMUNIKASI VISUAL,DESAIN KOMUNIKASI VISUAL,S1,BAIK,719,0,Ekonomi & Bisnis
-,-,banpt-1927,-,-,ILMU KOMUNIKASI,ILMU KOMUNIKASI,S1,BAIK,719,0,Ekonomi & Bisnis
-,-,banpt-1927,-,-,TEKNIK INFORMATIKA,INFORMATIKA,S1,BAIK,719,0,Ekonomi & Bisnis
-,-,banpt-1927,-,-,ILMU KEPERAWATAN,KEPERAWATAN,S1,BAIK SEKALI,719,0,Ekonomi & Bisnis
-,-,banpt-1927,-,-,MANAJEMEN,MANAJEMEN,S1,BAIK SEKALI,719,0,Ekonomi & Bisnis
-,-,banpt-1927,-,-,SISTEM INFORMASI,SISTEM INFORMASI,S1,BAIK,719,0,Ekonomi & Bisnis
quipper-32,rencanamu-93,banpt-2128,-,FAKULTAS EKONOMI,AKUNTANSI,AKUNTANSI,S1,B,180,2,Pendidikan & Keguruan
quipper-32,rencanamu-93,banpt-2128,-,FAKULTAS MATEMATIKA & ILMU PENGETAHUAN ALAM,BIOLOGI,BIOLOGI,S1,B,180,0,Ekonomi & Bisnis
-,-,banpt-2128,-,-,BISNIS DIGITAL,BISNIS DIGITAL,S1,BAIK,180,0,Ekonomi & Bisnis
quipper-32,rencanamu-93,banpt-2128,-,FAKULTAS MATEMATIKA & ILMU PENGETAHUAN ALAM,FARMASI,FARMASI,S1,BAIK,180,0,Ekonomi & Bisnis
quipper-32,rencanamu-93,banpt-2128,-,FAKULTAS FILSAFAT,ILMU FILSAFAT,FILSAFAT,S1,B,180,0,Ekonomi & Bisnis
quipper-32,-,banpt-2128,-,FAKULTAS TEKNOLOGI INFORMASI,TEKNIK INFORMATIKA,INFORMATIKA,S1,B,180,1,Teknik & Rekayasa
quipper-32,rencanamu-93,banpt-2128,-,FAKULTAS ILMU KEPERAWATAN,KEPERAWATAN UMUM,KEPERAWATAN,S1,B,180,0,Ekonomi & Bisnis
quipper-32,rencanamu-93,banpt-2128,-,FAKULTAS EKONOMI,MANAJEMEN,MANAJEMEN,S1,B,180,0,Ekonomi & Bisnis
quipper-32,rencanamu-93,-,-,FAKULTAS KEGURUAN DAN ILMU PENDIDIKAN,PENDIDIKAN MATEMATIKA,MATEMATIKA,S1,B,180,2,Pendidikan & Keguruan
quipper-32,rencanamu-93,-,-,FAKULTAS EKONOMI,sekretariat,SEKRETARIAT,S1,C,180,0,Ekonomi & Bisnis
quipper-32,-,banpt-2128,-,FAKULTAS TEKNOLOGI INFORMASI,SISTEM INFORMASI,SISTEM INFORMASI,S1,B,180,4,Teknologi Industri
-,-,banpt-297,-,-,ILMU KOMPUTER,KOMPUTER,S1,BAIK,436,0,Ekonomi & Bisnis
-,-,banpt-297,-,-,SISTEM INFORMASI,SISTEM INFORMASI,S1,BAIK,436,0,Ekonomi & Bisnis
-,-,banpt-1897,-,-,AGRIBISNIS,AGRIBISNIS,S1,BAIK,1078,0,Ekonomi & Bisnis
-,-,banpt-1897,-,-,DESAIN KOMUNIKASI VISUAL,DESAIN KOMUNIKASI VISUAL,S1,TERAKREDITASI SEMENTARA,1078,0,Ekonomi & Bisnis
-,-,banpt-1897,-,-,PENDIDIKAN FISIKA,FISIKA,S1,BAIK,1078,0,Ekonomi & Bisnis
-,-,banpt-1897,-,-,PENDIDIKAN GURU PENDIDIKAN ANAK USIA DINI,GURU ANAK USIA DINI,S1,B,1078,0,Ekonomi & Bisnis
-,-,banpt-1897,-,-,PENDIDIKAN GURU SEKOLAH DASAR,GURU SEKOLAH DASAR,S1,B,1078,0,Ekonomi & Bisnis
-,-,banpt-1897,-,-,HUKUM BISNIS,HUKUM,S1,BAIK,1078,0,Ekonomi & Bisnis
-,-,banpt-1897,-,-,TEKNIK INDUSTRI,INDUSTRI,S1,BAIK,1078,0,Ekonomi & Bisnis
-,-,banpt-1897,-,-,INFORMATIKA,INFORMATIKA,S1,BAIK,1078,0,Ekonomi & Bisnis
-,-,banpt-1897,-,-,PENDIDIKAN MATEMATIKA,MATEMATIKA,S1,BAIK,1078,0,Ekonomi & Bisnis
-,-,banpt-1897,-,-,SISTEM INFORMASI,SISTEM INFORMASI,S1,BAIK,1078,0,Ekonomi & Bisnis
quipper-245,rencanamu-94,banpt-3212,-,FAKULTAS EKONOMI DAN BISNIS,AKUNTANSI,AKUNTANSI,S1,C,177,2,Pendidikan & Keguruan
quipper-245,rencanamu-94,banpt-3212,-,FAKULTAS TEKNIK,ARSITEKTUR,ARSITEKTUR,S1,C,177,1,Teknik & Rekayasa
quipper-245,-,banpt-3212,-,FAKULTAS TEKNIK,DESAIN PRODUK,DESAIN PRODUK,S1,BAIK SEKALI,177,1,Teknik & Rekayasa
quipper-245,rencanamu-94,banpt-3212,-,FAKULTAS HUKUM,HUKUM BISNIS,HUKUM,S1,C,177,3,Hukum
quipper-245,rencanamu-94,banpt-3212,-,FAKULTAS EKONOMI DAN BISNIS,KEWIRAUSAHAAN,KEWIRAUSAHAAN,S1,C,177,0,Ekonomi & Bisnis
quipper-245,-,-,-,FAKULTAS TEKNIK,MANAJEMEN REKAYASA DAN KONSTRUKSI,MANAJEMEN,S1,-,177,0,Ekonomi & Bisnis
quipper-245,rencanamu-94,banpt-3212,-,FAKULTAS TEKNIK,PERENCANAAN WILAYAH DAN KOTA,PERENCANAAN WILAYAH KOTA,S1,C,177,1,Teknik & Rekayasa
-,rencanamu-94,-,-,-,TEKNIK SIPIL,SIPIL,S1,-,177,0,Ekonomi & Bisnis
quipper-299,rencanamu-95,banpt-2503,-,FAKULTAS EKONOMI & BISNIS,AKUNTANSI,AKUNTANSI,S1,B,378,2,Pendidikan & Keguruan
quipper-299,-,-,-,FAKULTAS FARMASI,APOTEKER,APOTEKER,S1,-,378,0,Ekonomi & Bisnis
quipper-299,rencanamu-95,banpt-2503,-,FAKULTAS KEGURUAN DAN ILMU PENDIDIKAN,BIMBINGAN DAN KONSELING,BIMBINGAN KONSELING,S1,A,378,2,Pendidikan & Keguruan
quipper-299,rencanamu-95,banpt-2503,-,FAKULTAS SAINS DAN TEKNOLOGI TERAPAN,BIOLOGI,BIOLOGI,S1,A,378,0,Ekonomi & Bisnis
quipper-299,rencanamu-95,banpt-2503,-,FAKULTAS EKONOMI & BISNIS,EKONOMI PEMBANGUNAN,EKONOMI PEMBANGUNAN,S1,B,378,0,Ekonomi & Bisnis
quipper-299,rencanamu-95,banpt-2503,-,FAKULTAS TEKNOLOGI INDUSTRI,TEKNIK ELEKTRO,ELEKTRO,S1,B,378,4,Teknologi Industri
quipper-299,rencanamu-95,banpt-2503,-,FAKULTAS FARMASI,FARMASI,FARMASI,S1,A,378,0,Ekonomi & Bisnis
quipper-299,rencanamu-95,banpt-2503,-,FAKULTAS KEGURUAN DAN ILMU PENDIDIKAN,PENDIDIKAN FISIKA,FISIKA,S1,A,378,2,Pendidikan & Keguruan
quipper-299,-,banpt-2503,-,FAKULTAS KESEHATAN MASYARAKAT,GIZI,GIZI,S1,BAIK SEKALI,378,0,Ekonomi & Bisnis
-,-,banpt-2503,-,-,PENDIDIKAN GURU PENDIDIKAN ANAK USIA DINI,GURU ANAK USIA DINI,S1,B,378,0,Ekonomi & Bisnis
quipper-299,rencanamu-95,-,-,FAKULTAS KEGURUAN DAN ILMU PENDIDIKAN,PENDIDIKAN GURU PAUD,GURU PAUD,S1,B,378,2,Pendidikan & Keguruan
quipper-299,rencanamu-95,banpt-2503,-,FAKULTAS KEGURUAN DAN ILMU PENDIDIKAN,PENDIDIKAN GURU SEKOLAH DASAR,GURU SEKOLAH DASAR,S1,B,378,2,Pendidikan & Keguruan
quipper-299,rencanamu-95,banpt-2503,-,FAKULTAS HUKUM,HUKUM,HUKUM,S1,B,378,3,Hukum
quipper-299,rencanamu-95,banpt-2503,-,FAKULTAS SASTRA BUDAYA DAN KOMUNIKASI,ILMU KOMUNIKASI,ILMU KOMUNIKASI,S1,B,378,0,Ekonomi & Bisnis
-,rencanamu-95,banpt-2503,-,-,TEKNIK INDUSTRI,INDUSTRI,S1,B,378,0,Ekonomi & Bisnis
quipper-299,rencanamu-95,banpt-2503,-,FAKULTAS TEKNOLOGI INDUSTRI,TEKNIK INFORMATIKA,INFORMATIKA,S1,A,378,1,Teknik & Rekayasa
quipper-299,-,banpt-2503,-,KEDOKTERAN,KEDOKTERAN,KEDOKTERAN,S1,BAIK SEKALI,378,0,Ekonomi & Bisnis
quipper-299,rencanamu-95,banpt-2503,-,FAKULTAS KESEHATAN MASYARAKAT,KESEHATAN MASYARAKAT,KESEHATAN MASYARAKAT,S1,B,378,0,Ekonomi & Bisnis
quipper-299,rencanamu-95,banpt-2503,-,FAKULTAS TEKNOLOGI INDUSTRI,TEKNIK KIMIA,KIMIA,S1,B,378,4,Teknologi Industri
quipper-299,rencanamu-95,banpt-2503,-,FAKULTAS EKONOMI & BISNIS,MANAJEMEN,MANAJEMEN,S1,B,378,0,Ekonomi & Bisnis
quipper-299,rencanamu-95,banpt-2503,-,FAKULTAS KEGURUAN DAN ILMU PENDIDIKAN,PENDIDIKAN MATEMATIKA,MATEMATIKA,S1,B,378,2,Pendidikan & Keguruan
quipper-299,rencanamu-95,banpt-2503,-,FAKULTAS KEGURUAN DAN ILMU PENDIDIKAN,PENDIDIKAN PANCASILA DAN KEWARGANEGARAAN,PANCASILA KEWARGANEGARAAN,S1,A,378,2,Pendidikan & Keguruan
quipper-299,rencanamu-95,banpt-2503,-,FAKULTAS PSIKOLOGI,PSIKOLOGI,PSIKOLOGI,S1,A,378,0,Ekonomi & Bisnis
quipper-299,rencanamu-95,banpt-2503,-,FAKULTAS SASTRA BUDAYA DAN KOMUNIKASI,SASTRA INDONESIA,SASTRA INDONESIA,S1,B,378,0,Ekonomi & Bisnis
quipper-299,rencanamu-95,banpt-2503,-,FAKULTAS SASTRA BUDAYA DAN KOMUNIKASI,SASTRA INGGRIS,SASTRA INGGRIS,S1,A,378,0,Ekonomi & Bisnis
quipper-299,rencanamu-95,banpt-2503,-,FAKULTAS SAINS DAN TEKNOLOGI TERAPAN,SISTEM INFORMASI,SISTEM INFORMASI,S1,B,378,4,Teknologi Industri
quipper-299,-,banpt-2503,-,FAKULTAS TEKNOLOGI INDUSTRI,TEKNOLOGI PANGAN,TEKNOLOGI PANGAN,S1,BAIK SEKALI,378,4,Teknologi Industri
-,-,banpt-2341,-,-,AKUNTANSI,AKUNTANSI,S1,BAIK,189,0,Ekonomi & Bisnis
-,-,banpt-2341,-,-,FARMASI,FARMASI,S1,BAIK SEKALI,189,0,Ekonomi & Bisnis
-,-,banpt-2341,-,-,GIZI,GIZI,S1,UNGGUL,189,0,Ekonomi & Bisnis
-,-,banpt-2341,-,-,TEKNIK INFORMATIKA,INFORMATIKA,S1,BAIK SEKALI,189,0,Ekonomi & Bisnis
-,-,banpt-2341,-,-,PENDIDIKAN JASMANI,JASMANI,S1,BAIK,189,0,Ekonomi & Bisnis
-,-,banpt-2341,-,-,KEBIDANAN,KEBIDANAN,S1,BAIK SEKALI,189,0,Ekonomi & Bisnis
-,-,banpt-2341,-,-,KEDOKTERAN,KEDOKTERAN,S1,BAIK,189,0,Ekonomi & Bisnis
-,-,banpt-2341,-,-,KEPERAWATAN,KEPERAWATAN,S1,BAIK SEKALI,189,0,Ekonomi & Bisnis
-,-,banpt-2341,-,-,PSIKOLOGI,PSIKOLOGI,S1,BAIK,189,0,Ekonomi & Bisnis
-,-,banpt-2341,-,-,REKAYASA PERANGKAT LUNAK,REKAYASA PERANGKAT LUNAK,S1,BAIK SEKALI,189,0,Ekonomi & Bisnis
-,-,banpt-2341,-,-,PENDIDIKAN TEKNOLOGI INFORMASI,TEKNOLOGI INFORMASI,S1,BAIK,189,0,Ekonomi & Bisnis
-,-,banpt-294,-,-,FARMASI,FARMASI,S1,BAIK SEKALI,99,0,Ekonomi & Bisnis
-,-,banpt-294,-,-,HUKUM,HUKUM,S1,TERAKREDITASI SEMENTARA,99,0,Ekonomi & Bisnis
-,-,banpt-294,-,-,KEBIDANAN,KEBIDANAN,S1,BAIK,99,0,Ekonomi & Bisnis
-,-,banpt-294,-,-,KEPERAWATAN,KEPERAWATAN,S1,BAIK,99,0,Ekonomi & Bisnis
-,-,banpt-294,-,-,MANAJEMEN,MANAJEMEN,S1,BAIK,99,0,Ekonomi & Bisnis
-,-,banpt-294,-,-,TEKNOLOGI INFORMASI,TEKNOLOGI INFORMASI,S1,BAIK,99,0,Ekonomi & Bisnis
-,-,banpt-1999,-,-,ADMINISTRASI PUBLIK,ADMINISTRASI PUBLIK,S1,B,1238,0,Ekonomi & Bisnis
-,-,banpt-1999,-,-,AKUNTANSI,AKUNTANSI,S1,BAIK SEKALI,1238,0,Ekonomi & Bisnis
-,-,banpt-1999,-,-,ARSITEKTUR,ARSITEKTUR,S1,B,1238,0,Ekonomi & Bisnis
-,-,banpt-1999,-,-,BIOTEKNOLOGI,BIOTEKNOLOGI,S1,B,1238,0,Ekonomi & Bisnis
-,-,banpt-1999,-,-,FISIOTERAPI,FISIOTERAPI,S1,UNGGUL,1238,0,Ekonomi & Bisnis
-,-,banpt-1999,-,-,ILMU KOMUNIKASI,ILMU KOMUNIKASI,S1,BAIK SEKALI,1238,0,Ekonomi & Bisnis
-,-,banpt-1999,-,-,KEDOKTERAN,KEDOKTERAN,S1,BAIK,1238,0,Ekonomi & Bisnis
-,-,banpt-1999,-,-,MANAJEMEN,MANAJEMEN,S1,UNGGUL,1238,0,Ekonomi & Bisnis
-,-,banpt-1999,-,-,PSIKOLOGI,PSIKOLOGI,S1,BAIK SEKALI,1238,0,Ekonomi & Bisnis
-,-,banpt-1999,-,-,TEKNOLOGI INFORMASI,TEKNOLOGI INFORMASI,S1,BAIK SEKALI,1238,0,Ekonomi & Bisnis
-,-,banpt-1915,-,-,AKUNTANSI,AKUNTANSI,S1,BAIK SEKALI,530,0,Ekonomi & Bisnis
-,-,banpt-1915,-,-,TEKNIK INFORMATIKA,INFORMATIKA,S1,BAIK SEKALI,530,0,Ekonomi & Bisnis
-,-,banpt-1915,-,-,MANAJEMEN,MANAJEMEN,S1,BAIK SEKALI,530,0,Ekonomi & Bisnis
-,-,banpt-1915,-,-,PERPAJAKAN,PERPAJAKAN,S1,BAIK SEKALI,530,0,Ekonomi & Bisnis
-,-,banpt-1915,-,-,PSIKOLOGI,PSIKOLOGI,S1,B,530,0,Ekonomi & Bisnis
-,-,banpt-1915,-,-,SASTRA INGGRIS,SASTRA INGGRIS,S1,B,530,0,Ekonomi & Bisnis
-,-,banpt-1915,-,-,SISTEM INFORMASI,SISTEM INFORMASI,S1,BAIK SEKALI,530,0,Ekonomi & Bisnis
-,-,banpt-838,-,-,BISNIS DIGITAL,BISNIS DIGITAL,S1,BAIK SEKALI,605,0,Ekonomi & Bisnis
-,-,banpt-838,-,-,TEKNIK ELEKTRO,ELEKTRO,S1,BAIK SEKALI,605,0,Ekonomi & Bisnis
-,-,banpt-838,-,-,TEKNIK GEOLOGI,GEOLOGI,S1,BAIK SEKALI,605,0,Ekonomi & Bisnis
-,-,banpt-838,-,-,TEKNIK INDUSTRI,INDUSTRI,S1,BAIK SEKALI,605,0,Ekonomi & Bisnis
-,-,banpt-838,-,-,INFORMATIKA,INFORMATIKA,S1,BAIK SEKALI,605,0,Ekonomi & Bisnis
-,-,banpt-838,-,-,TEKNIK KIMIA,KIMIA,S1,BAIK SEKALI,605,0,Ekonomi & Bisnis
-,-,banpt-838,-,-,TEKNIK LINGKUNGAN,LINGKUNGAN,S1,UNGGUL,605,0,Ekonomi & Bisnis
-,-,banpt-838,-,-,MANAJEMEN RITEL,MANAJEMEN RITEL,S1,BAIK,605,0,Ekonomi & Bisnis
-,-,banpt-838,-,-,TEKNIK MESIN,MESIN,S1,BAIK SEKALI,605,0,Ekonomi & Bisnis
-,-,banpt-838,-,-,REKAYASA SISTEM KOMPUTER,REKAYASA PERANGKAT LUNAK,S1,BAIK SEKALI,605,0,Ekonomi & Bisnis
-,-,banpt-838,-,-,STATISTIK,STATISTIK,S1,UNGGUL,605,0,Ekonomi & Bisnis
quipper-540,-,banpt-945,-,FAKULTAS ILMU PERTANIAN,AGRIBISNIS,AGRIBISNIS,S1,BAIK,1387,0,Ekonomi & Bisnis
quipper-540,-,banpt-945,-,FAKULTAS ILMU PERTANIAN,AGROTEKNOLOGI,AGROTEKNOLOGI,S1,BAIK,1387,0,Ekonomi & Bisnis
quipper-540,-,-,-,FAKULTAS KEGURUAN DAN ILMU PENDIDIKAN,KEGURUAN & PENDIDIKAN,GURU,S1,-,1387,2,Pendidikan & Keguruan
quipper-540,-,-,-,FAKULTAS AGAMA ISLAM,ILMU HUKUM,HUKUM,S1,-,1387,3,Hukum
quipper-540,-,banpt-945,-,FAKULTAS ILMU SOSIAL DAN PEMERINTAHAN,ILMU KOMUNIKASI,ILMU KOMUNIKASI,S1,BAIK,1387,0,Ekonomi & Bisnis
quipper-540,-,banpt-945,-,FAKULTAS ILMU KOMPUTER,TEKNIK INFORMATIKA,INFORMATIKA,S1,BAIK SEKALI,1387,1,Teknik & Rekayasa
quipper-540,-,banpt-945,-,FAKULTAS KESEHATAN MASYARAKAT,KESEHATAN MASYARAKAT,KESEHATAN MASYARAKAT,S1,B,1387,0,Ekonomi & Bisnis
quipper-540,-,banpt-945,-,FAKULTAS KEGURUAN DAN ILMU PENDIDIKAN,PENDIDIKAN MATEMATIKA,MATEMATIKA,S1,BAIK SEKALI,1387,2,Pendidikan & Keguruan
-,-,banpt-945,-,-,PENDIDIKAN PANCASILA DAN KEWARGANEGARAAN,PANCASILA KEWARGANEGARAAN,S1,BAIK SEKALI,1387,0,Ekonomi & Bisnis
quipper-540,-,banpt-945,-,FAKULTAS ILMU SOSIAL DAN PEMERINTAHAN,ILMU PEMERINTAHAN,PEMERINTAHAN,S1,B,1387,0,Ekonomi & Bisnis
quipper-540,-,banpt-945,-,FAKULTAS ILMU PERTANIAN,PETERNAKAN,PETERNAKAN,S1,B,1387,0,Ekonomi & Bisnis
quipper-540,-,banpt-945,-,FAKULTAS ILMU KOMPUTER,SISTEM INFORMASI,SISTEM INFORMASI,S1,BAIK,1387,4,Teknologi Industri
quipper-529,rencanamu-96,-,-,FAKUTAS EKONOMI DAN BISNIS,AKUNTANSI,AKUNTANSI,S1,B,282,2,Pendidikan & Keguruan
quipper-529,rencanamu-96,-,-,FAKULTAS SAINS DAN TEKNOLOGI,BIOLOGI,BIOLOGI,S1,A,282,5,Sains & Teknologi
quipper-529,rencanamu-96,-,-,FAKULTAS SAINS DAN TEKNOLOGI,TEKNIK ELEKTRO,ELEKTRO,S1,B,282,5,Sains & Teknologi
quipper-529,-,-,-,FAKULTAS SAINS DAN TEKNOLOGI,GIZI,GIZI,S1,-,282,5,Sains & Teknologi
quipper-529,rencanamu-96,-,-,FAKULTAS PSIKOLOGI DAN PENDIDIKAN,PENDIDIKAN GURU PAUD,GURU PAUD,S1,C,282,0,Ekonomi & Bisnis
quipper-529,rencanamu-96,-,-,FAKULTAS ILMU SOSIAL DAN POLITIK,HUBUNGAN INTERNASIONAL,HUBUNGAN INTERNASIONAL,S1,B,282,0,Ekonomi & Bisnis
quipper-529,rencanamu-96,-,-,FAKULTAS HUKUM,ILMU HUKUM,HUKUM,S1,B,282,3,Hukum
quipper-529,rencanamu-96,banpt-UNIVERSITAS AL AZHAR INDONESIA,-,FAKULTAS ILMU SOSIAL DAN POLITIK,ILMU KOMUNIKASI,ILMU KOMUNIKASI,S1,A,282,0,Ekonomi & Bisnis
quipper-529,rencanamu-96,-,-,FAKULTAS SAINS DAN TEKNOLOGI,TEKNIK INDUSTRI,INDUSTRI,S1,B,282,5,Sains & Teknologi
quipper-529,rencanamu-96,-,-,FAKULTAS SAINS DAN TEKNOLOGI,INFORMATIKA,INFORMATIKA,S1,B,282,1,Teknik & Rekayasa
quipper-529,rencanamu-96,-,-,FAKUTAS EKONOMI DAN BISNIS,MANAJEMEN,MANAJEMEN,S1,-,282,0,Ekonomi & Bisnis
quipper-529,-,-,-,FAKULTAS PSIKOLOGI DAN PENDIDIKAN,PSIKOLOGI,PSIKOLOGI,S1,-,282,0,Ekonomi & Bisnis
-,rencanamu-96,-,-,-,SASTRA ARAB,SASTRA ARAB,S1,A,282,0,Ekonomi & Bisnis
-,rencanamu-96,-,-,-,SASTRA CINA,SASTRA CINA,S1,B,282,0,Ekonomi & Bisnis
-,rencanamu-96,-,-,-,SASTRA INGGRIS,SASTRA INGGRIS,S1,B,282,0,Ekonomi & Bisnis
-,rencanamu-96,-,-,-,SASTRA JEPANG,SASTRA JEPANG,S1,B,282,0,Ekonomi & Bisnis
quipper-529,-,-,-,FAKULTAS SAINS DAN TEKNOLOGI,TEKNOLOGI PANGAN,TEKNOLOGI PANGAN,S1,-,282,5,Sains & Teknologi
-,-,banpt-1336,-,-,BISNIS DIGITAL,BISNIS DIGITAL,S1,BAIK,1202,0,Ekonomi & Bisnis
-,-,banpt-1336,-,-,DESAIN KOMUNIKASI VISUAL,DESAIN KOMUNIKASI VISUAL,S1,BAIK,1202,0,Ekonomi & Bisnis
-,-,banpt-1336,-,-,TEKNIK MESIN,MESIN,S1,BAIK,1202,0,Ekonomi & Bisnis
-,-,banpt-1336,-,-,PERDAGANGAN INTERNASIONAL,PERDAGANGAN INTERNASIONAL,S1,BAIK,1202,0,Ekonomi & Bisnis
-,-,banpt-1336,-,-,TEKNOLOGI INFORMASI,TEKNOLOGI INFORMASI,S1,BAIK,1202,0,Ekonomi & Bisnis
-,rencanamu-97,-,-,-,ILMU ADMINISTRASI NEGARA,ADMINISTRASI NEGARA,S1,B,17,0,Ekonomi & Bisnis
-,rencanamu-97,-,-,-,ILMU ADMINISTRASI NIAGA,ADMINISTRASI NIAGA,S1,B,17,0,Ekonomi & Bisnis
-,rencanamu-97,-,-,-,AGRIBISNIS,AGRIBISNIS,S1,B,17,0,Ekonomi & Bisnis
-,rencanamu-97,-,-,-,AGROTEKNOLOGI,AGROTEKNOLOGI,S1,B,17,0,Ekonomi & Bisnis
-,rencanamu-97,-,-,-,ARSITEKTUR,ARSITEKTUR,S1,C,17,0,Ekonomi & Bisnis
-,rencanamu-97,-,-,-,PENDIDIKAN BIOLOGI,BIOLOGI,S1,B,17,0,Ekonomi & Bisnis
-,rencanamu-97,-,-,-,BUDIDAYA PERAIRAN,BUDIDAYA PERAIRAN,S1,B,17,0,Ekonomi & Bisnis
-,rencanamu-97,-,-,-,PENDIDIKAN EKONOMI,EKONOMI,S1,B,17,0,Ekonomi & Bisnis
-,rencanamu-97,-,-,-,EKONOMI PEMBANGUNAN,EKONOMI PEMBANGUNAN,S1,B,17,0,Ekonomi & Bisnis
-,rencanamu-97,-,-,-,PENDIDIKAN FISIKA,FISIKA,S1,B,17,0,Ekonomi & Bisnis
-,rencanamu-97,-,-,-,PENDIDIKAN GEOGRAFI,GEOGRAFI,S1,B,17,0,Ekonomi & Bisnis
-,rencanamu-97,-,-,-,PENDIDIKAN GURU PAUD,GURU PAUD,S1,C,17,0,Ekonomi & Bisnis
-,rencanamu-97,-,-,-,PENDIDIKAN GURU SD,GURU SEKOLAH DASAR,S1,A,17,0,Ekonomi & Bisnis
-,rencanamu-97,-,-,-,ILMU HUBUNGAN INTERNASIONAL,HUBUNGAN INTERNASIONAL,S1,B,17,0,Ekonomi & Bisnis
-,rencanamu-97,-,-,-,PENDIDIKAN TEKNIK INFORMATIKA,INFORMATIKA,S1,C,17,0,Ekonomi & Bisnis
-,rencanamu-97,-,-,-,KEBIDANAN,KEBIDANAN,S1,C,17,0,Ekonomi & Bisnis
-,rencanamu-97,-,-,-,KEHUTANAN,KEHUTANAN,S1,C,17,0,Ekonomi & Bisnis
-,rencanamu-97,-,-,-,MANAJEMEN INFORMATIKA,MANAJEMEN INFORMATIKA,S1,B,17,0,Ekonomi & Bisnis
-,rencanamu-97,-,-,-,PENDIDIKAN MATEMATIKA,MATEMATIKA,S1,B,17,0,Ekonomi & Bisnis
-,rencanamu-97,-,-,-,TEKNOLOGI INDUSTRI PERTANIAN,PERTANIAN,S1,C,17,0,Ekonomi & Bisnis
-,rencanamu-97,-,-,-,PETERNAKAN,PETERNAKAN,S1,B,17,0,Ekonomi & Bisnis
-,rencanamu-97,banpt-UNIVERSITAS AL MUSLIM,-,-,TEKNIK SIPIL,SIPIL,S1,B,17,0,Ekonomi & Bisnis
-,-,banpt-3656,-,-,PENDIDIKAN BIOLOGI,BIOLOGI,S1,BAIK SEKALI,294,0,Ekonomi & Bisnis
-,-,banpt-3656,-,-,TEKNIK INFORMATIKA,INFORMATIKA,S1,BAIK,294,0,Ekonomi & Bisnis
-,-,banpt-3656,-,-,MANAJEMEN,MANAJEMEN,S1,BAIK SEKALI,294,0,Ekonomi & Bisnis
-,-,banpt-3656,-,-,PENDIDIKAN MATEMATIKA,MATEMATIKA,S1,BAIK,294,0,Ekonomi & Bisnis
-,-,banpt-1807,-,-,AGROTEKNOLOGI,AGROTEKNOLOGI,S1,BAIK SEKALI,861,0,Ekonomi & Bisnis
-,-,banpt-1807,-,-,AKUNTANSI,AKUNTANSI,S1,BAIK SEKALI,861,0,Ekonomi & Bisnis
-,-,banpt-1807,-,-,TEKNIK ELEKTRO,ELEKTRO,S1,BAIK SEKALI,861,0,Ekonomi & Bisnis
-,-,banpt-1807,-,-,ILMU HUKUM,HUKUM,S1,BAIK SEKALI,861,0,Ekonomi & Bisnis
-,-,banpt-1807,-,-,TEKNIK INDUSTRI,INDUSTRI,S1,BAIK SEKALI,861,0,Ekonomi & Bisnis
-,-,banpt-1807,-,-,MANAJEMEN,MANAJEMEN,S1,BAIK SEKALI,861,0,Ekonomi & Bisnis
-,-,banpt-1807,-,-,TEKNIK MESIN,MESIN,S1,BAIK,861,0,Ekonomi & Bisnis
-,-,banpt-1807,-,-,TEKNIK SIPIL,SIPIL,S1,BAIK,861,0,Ekonomi & Bisnis
-,-,banpt-1654,-,-,AKUNTANSI,AKUNTANSI,S1,BAIK SEKALI,303,0,Ekonomi & Bisnis
-,-,banpt-1654,-,-,BIOLOGI,BIOLOGI,S1,BAIK SEKALI,303,0,Ekonomi & Bisnis
-,-,banpt-1654,-,-,TEKNIK ELEKTRO,ELEKTRO,S1,UNGGUL,303,0,Ekonomi & Bisnis
-,-,banpt-1654,-,-,GIZI,GIZI,S1,BAIK SEKALI,303,0,Ekonomi & Bisnis
-,-,banpt-1654,-,-,PENDIDIKAN GURU PENDIDIKAN ANAK USIA DINI,GURU ANAK USIA DINI,S1,BAIK SEKALI,303,0,Ekonomi & Bisnis
-,-,banpt-1654,-,-,ILMU HUBUNGAN INTERNASIONAL,HUBUNGAN INTERNASIONAL,S1,BAIK SEKALI,303,0,Ekonomi & Bisnis
-,-,banpt-1654,-,-,ILMU HUKUM,HUKUM,S1,B,303,0,Ekonomi & Bisnis
-,-,banpt-1654,-,-,TEKNIK INDUSTRI,INDUSTRI,S1,BAIK SEKALI,303,0,Ekonomi & Bisnis
-,-,banpt-1654,-,-,INFORMATIKA,INFORMATIKA,S1,BAIK SEKALI,303,0,Ekonomi & Bisnis
-,-,banpt-1654,-,-,MANAJEMEN,MANAJEMEN,S1,BAIK SEKALI,303,0,Ekonomi & Bisnis
-,-,banpt-1654,-,-,PSIKOLOGI,PSIKOLOGI,S1,BAIK SEKALI,303,0,Ekonomi & Bisnis
-,-,banpt-1654,-,-,TEKNOLOGI PANGAN,TEKNOLOGI PANGAN,S1,BAIK SEKALI,303,0,Ekonomi & Bisnis
-,-,banpt-3699,-,-,ILMU ADMINISTRASI NEGARA,ADMINISTRASI NEGARA,S1,BAIK,603,0,Ekonomi & Bisnis
-,-,banpt-3699,-,-,FARMASI,FARMASI,S1,BAIK SEKALI,603,0,Ekonomi & Bisnis
-,-,banpt-3699,-,-,ILMU HUBUNGAN INTERNASIONAL,HUBUNGAN INTERNASIONAL,S1,BAIK,603,0,Ekonomi & Bisnis
-,-,banpt-3699,-,-,TEKNIK INFORMATIKA,INFORMATIKA,S1,BAIK,603,0,Ekonomi & Bisnis
-,-,banpt-3699,-,-,MANAJEMEN,MANAJEMEN,S1,B,603,0,Ekonomi & Bisnis
-,-,banpt-3699,-,-,TEKNOLOGI INDUSTRI PERTANIAN,PERTANIAN,S1,BAIK,603,0,Ekonomi & Bisnis
-,-,banpt-3699,-,-,SASTRA INGGRIS,SASTRA INGGRIS,S1,BAIK SEKALI,603,0,Ekonomi & Bisnis
-,-,banpt-3699,-,-,SISTEM INFORMASI,SISTEM INFORMASI,S1,B,603,0,Ekonomi & Bisnis
-,-,banpt-3699,-,-,TEKNOLOGI PANGAN,TEKNOLOGI PANGAN,S1,BAIK,603,0,Ekonomi & Bisnis
-,-,banpt-2617,-,-,BISNIS DIGITAL,BISNIS DIGITAL,S1,BAIK,54,0,Ekonomi & Bisnis
-,-,banpt-2617,-,-,FARMASI,FARMASI,S1,BAIK SEKALI,54,0,Ekonomi & Bisnis
-,-,banpt-2617,-,-,INFORMATIKA,INFORMATIKA,S1,BAIK,54,0,Ekonomi & Bisnis
-,-,banpt-2617,-,-,KEBIDANAN,KEBIDANAN,S1,BAIK SEKALI,54,0,Ekonomi & Bisnis
-,-,banpt-2617,-,-,ILMU KEPERAWATAN,KEPERAWATAN,S1,BAIK SEKALI,54,0,Ekonomi & Bisnis
-,-,banpt-2617,-,-,KEWIRAUSAHAAN,KEWIRAUSAHAAN,S1,BAIK,54,0,Ekonomi & Bisnis
-,-,banpt-338,-,-,AKUNTANSI,AKUNTANSI,S1,BAIK,1203,0,Ekonomi & Bisnis
-,-,banpt-338,-,-,BISNIS DIGITAL,BISNIS DIGITAL,S1,BAIK,1203,0,Ekonomi & Bisnis
-,-,banpt-338,-,-,TEKNIK INDUSTRI,INDUSTRI,S1,BAIK,1203,0,Ekonomi & Bisnis
-,-,banpt-338,-,-,TEKNIK INFORMATIKA,INFORMATIKA,S1,BAIK,1203,0,Ekonomi & Bisnis
-,-,banpt-338,-,-,TEKNIK KIMIA,KIMIA,S1,BAIK,1203,0,Ekonomi & Bisnis
-,-,banpt-338,-,-,MANAJEMEN,MANAJEMEN,S1,BAIK,1203,0,Ekonomi & Bisnis
-,-,banpt-170,-,-,INFORMATIKA,INFORMATIKA,S1,BAIK,406,0,Ekonomi & Bisnis
-,-,banpt-170,-,-,KEBIDANAN,KEBIDANAN,S1,BAIK,406,0,Ekonomi & Bisnis
-,-,banpt-170,-,-,ILMU KEPERAWATAN,KEPERAWATAN,S1,B,406,0,Ekonomi & Bisnis
-,-,banpt-170,-,-,KESEHATAN MASYARAKAT,KESEHATAN MASYARAKAT,S1,BAIK SEKALI,406,0,Ekonomi & Bisnis
-,-,banpt-170,-,-,KEWIRAUSAHAAN,KEWIRAUSAHAAN,S1,BAIK,406,0,Ekonomi & Bisnis
-,-,banpt-170,-,-,MANAJEMEN RITEL,MANAJEMEN RITEL,S1,BAIK,406,0,Ekonomi & Bisnis
-,-,banpt-170,-,-,SISTEM INFORMASI,SISTEM INFORMASI,S1,BAIK,406,0,Ekonomi & Bisnis
-,-,banpt-3781,-,-,AGROTEKNOLOGI,AGROTEKNOLOGI,S1,BAIK SEKALI,355,0,Ekonomi & Bisnis
-,-,banpt-3781,-,-,HUKUM KELUARGA,HUKUM,S1,BAIK SEKALI,355,0,Ekonomi & Bisnis
-,-,banpt-3781,-,-,KEDOKTERAN,KEDOKTERAN,S1,BAIK SEKALI,355,0,Ekonomi & Bisnis
-,-,banpt-3781,-,-,SUMBER DAYA AKUATIK,KELAUTAN,S1,BAIK,355,0,Ekonomi & Bisnis
-,-,banpt-3781,-,-,MANAJEMEN,MANAJEMEN,S1,BAIK SEKALI,355,0,Ekonomi & Bisnis
-,-,banpt-3781,-,-,PENDIDIKAN MATEMATIKA,MATEMATIKA,S1,BAIK,355,0,Ekonomi & Bisnis
-,-,banpt-3781,-,-,AGROBISNIS PERIKANAN,PERIKANAN,S1,BAIK SEKALI,355,0,Ekonomi & Bisnis
-,-,banpt-3781,-,-,TEKNOLOGI HASIL PERTANIAN,PERTANIAN,S1,BAIK SEKALI,355,0,Ekonomi & Bisnis
-,-,banpt-3781,-,-,SASTRA INDONESIA,SASTRA INDONESIA,S1,BAIK,355,0,Ekonomi & Bisnis
-,rencanamu-98,banpt-909,-,-,ADMINISTRASI RUMAH SAKIT,ADMINISTRASI RUMAH SAKIT,S1,B,799,0,Ekonomi & Bisnis
-,rencanamu-98,banpt-909,-,-,KEBIDANAN,KEBIDANAN,S1,BAIK,799,0,Ekonomi & Bisnis
-,-,banpt-876,-,-,AKUNTANSI,AKUNTANSI,S1,BAIK,636,0,Ekonomi & Bisnis
-,-,banpt-876,-,-,FARMASI,FARMASI,S1,BAIK SEKALI,636,0,Ekonomi & Bisnis
-,-,banpt-876,-,-,ILMU KOMUNIKASI,ILMU KOMUNIKASI,S1,TERAKREDITASI SEMENTARA,636,0,Ekonomi & Bisnis
-,-,banpt-876,-,-,INFORMATIKA,INFORMATIKA,S1,BAIK,636,0,Ekonomi & Bisnis
-,-,banpt-876,-,-,KEBIDANAN,KEBIDANAN,S1,BAIK,636,0,Ekonomi & Bisnis
-,-,banpt-876,-,-,MANAJEMEN,MANAJEMEN,S1,BAIK,636,0,Ekonomi & Bisnis
-,-,banpt-876,-,-,SISTEM INFORMASI,SISTEM INFORMASI,S1,BAIK,636,0,Ekonomi & Bisnis
-,-,banpt-137,-,-,AGRIBISNIS,AGRIBISNIS,S1,BAIK,1382,0,Ekonomi & Bisnis
-,-,banpt-137,-,-,AGROTEKNOLOGI,AGROTEKNOLOGI,S1,BAIK,1382,0,Ekonomi & Bisnis
-,-,banpt-137,-,-,AKUNTANSI,AKUNTANSI,S1,BAIK SEKALI,1382,0,Ekonomi & Bisnis
-,-,banpt-137,-,-,EKONOMI PEMBANGUNAN,EKONOMI PEMBANGUNAN,S1,BAIK,1382,0,Ekonomi & Bisnis
-,-,banpt-137,-,-,TEKNIK ELEKTRO,ELEKTRO,S1,BAIK,1382,0,Ekonomi & Bisnis
-,-,banpt-137,-,-,ILMU HUKUM,HUKUM,S1,B,1382,0,Ekonomi & Bisnis
-,-,banpt-137,-,-,MANAJEMEN,MANAJEMEN,S1,BAIK SEKALI,1382,0,Ekonomi & Bisnis
-,-,banpt-137,-,-,PENDIDIKAN MATEMATIKA,MATEMATIKA,S1,BAIK SEKALI,1382,0,Ekonomi & Bisnis
-,-,banpt-137,-,-,TEKNIK MESIN,MESIN,S1,BAIK,1382,0,Ekonomi & Bisnis
-,-,banpt-137,-,-,TEKNIK SIPIL,SIPIL,S1,BAIK,1382,0,Ekonomi & Bisnis
-,-,banpt-321,-,-,ADMINISTRASI BISNIS,ADMINISTRASI BISNIS,S1,BAIK,166,0,Ekonomi & Bisnis
-,-,banpt-321,-,-,ADMINISTRASI PUBLIK,ADMINISTRASI PUBLIK,S1,B,166,0,Ekonomi & Bisnis
-,-,banpt-321,-,-,AGRONOMI,AGRONOMI,S1,BAIK,166,0,Ekonomi & Bisnis
-,-,banpt-321,-,-,HUKUM,HUKUM,S1,TERAKREDITASI SEMENTARA,166,0,Ekonomi & Bisnis
-,-,banpt-321,-,-,MANAJEMEN RETAIL,MANAJEMEN RITEL,S1,BAIK,166,0,Ekonomi & Bisnis
-,-,banpt-321,-,-,ILMU PEMERINTAHAN,PEMERINTAHAN,S1,BAIK,166,0,Ekonomi & Bisnis
-,-,banpt-321,-,-,PERENCANAAN WILAYAH DAN KOTA,PERENCANAAN WILAYAH KOTA,S1,BAIK,166,0,Ekonomi & Bisnis
quipper-436,-,banpt-1060,-,FAKULTAS EKONOMI DAN SOSIAL,AKUNTANSI,AKUNTANSI,S1,BAIK SEKALI,624,2,Pendidikan & Keguruan
quipper-436,-,banpt-1060,-,FAKULTAS SAINS DAN TEKNOLOGI,ARSITEKTUR,ARSITEKTUR,S1,BAIK SEKALI,624,5,Sains & Teknologi
quipper-436,-,banpt-1060,-,FAKULTAS EKONOMI DAN SOSIAL,ILMU EKONOMI,EKONOMI,S1,BAIK SEKALI,624,0,Ekonomi & Bisnis
quipper-436,-,banpt-1060,-,FAKULTAS SAINS DAN TEKNOLOGI,GEOGRAFI,GEOGRAFI,S1,BAIK SEKALI,624,5,Sains & Teknologi
quipper-436,-,banpt-1060,-,FAKULTAS EKONOMI DAN SOSIAL,HUBUNGAN INTERNASIONAL,HUBUNGAN INTERNASIONAL,S1,BAIK,624,0,Ekonomi & Bisnis
quipper-436,-,banpt-1060,-,FAKULTAS EKONOMI DAN SOSIAL,ILMU KOMUNIKASI,ILMU KOMUNIKASI,S1,B,624,0,Ekonomi & Bisnis
quipper-436,-,banpt-1060,-,FAKULTAS ILMU KOMPUTER,TEKNIK INFORMATIKA,INFORMATIKA,S1,BAIK SEKALI,624,1,Teknik & Rekayasa
-,-,banpt-1060,-,-,KEWIRAUSAHAAN,KEWIRAUSAHAAN,S1,BAIK SEKALI,624,0,Ekonomi & Bisnis
quipper-436,-,banpt-1060,-,FAKULTAS ILMU KOMPUTER,ILMU KOMPUTER,KOMPUTER,S1,BAIK,624,0,Ekonomi & Bisnis
quipper-436,-,banpt-1060,-,FAKULTAS EKONOMI DAN SOSIAL,ILMU PEMERINTAHAN,PEMERINTAHAN,S1,BAIK,624,0,Ekonomi & Bisnis
quipper-436,-,banpt-1060,-,FAKULTAS SAINS DAN TEKNOLOGI,PERENCANAAN WILAYAH DAN KOTA,PERENCANAAN WILAYAH KOTA,S1,BAIK,624,5,Sains & Teknologi
quipper-436,-,banpt-1060,-,FAKULTAS ILMU KOMPUTER,SISTEM INFORMASI,SISTEM INFORMASI,S1,UNGGUL,624,4,Teknologi Industri
-,-,banpt-1060,-,-,TEKNOLOGI INFORMASI,TEKNOLOGI INFORMASI,S1,BAIK,624,0,Ekonomi & Bisnis
-,-,banpt-2491,-,-,AGROTEKNOLOGI,AGROTEKNOLOGI,S1,BAIK,1528,0,Ekonomi & Bisnis
-,-,banpt-2491,-,-,AKUNTANSI,AKUNTANSI,S1,BAIK,1528,0,Ekonomi & Bisnis
-,-,banpt-2491,-,-,ILMU HUKUM,HUKUM,S1,B,1528,0,Ekonomi & Bisnis
-,-,banpt-2491,-,-,MANAJEMEN,MANAJEMEN,S1,BAIK,1528,0,Ekonomi & Bisnis
-,-,banpt-2491,-,-,TEKNIK MESIN,MESIN,S1,BAIK,1528,0,Ekonomi & Bisnis
-,-,banpt-2491,-,-,TEKNIK SIPIL,SIPIL,S1,BAIK,1528,0,Ekonomi & Bisnis
-,-,banpt-276,-,-,BISNIS DIGITAL,BISNIS DIGITAL,S1,BAIK,490,0,Ekonomi & Bisnis
-,-,banpt-276,-,-,FARMASI,FARMASI,S1,BAIK SEKALI,490,0,Ekonomi & Bisnis
-,-,banpt-276,-,-,PENDIDIKAN GURU SEKOLAH DASAR,GURU SEKOLAH DASAR,S1,BAIK,490,0,Ekonomi & Bisnis
-,-,banpt-276,-,-,ILMU KOMPUTER,KOMPUTER,S1,BAIK,490,0,Ekonomi & Bisnis
-,-,banpt-276,-,-,SAINS DATA,SAINS DATA,S1,BAIK,490,0,Ekonomi & Bisnis
-,-,banpt-3048,-,-,FARMASI,FARMASI,S1,BAIK SEKALI,516,0,Ekonomi & Bisnis
-,-,banpt-3048,-,-,KEBIDANAN,KEBIDANAN,S1,BAIK,516,0,Ekonomi & Bisnis
-,-,banpt-3048,-,-,KEPERAWATAN,KEPERAWATAN,S1,BAIK SEKALI,516,0,Ekonomi & Bisnis
-,-,banpt-3048,-,-,ILMU KOMPUTER,KOMPUTER,S1,BAIK,516,0,Ekonomi & Bisnis
-,-,banpt-3048,-,-,MANAJEMEN,MANAJEMEN,S1,BAIK,516,0,Ekonomi & Bisnis
-,-,banpt-1560,-,-,BIOLOGI,BIOLOGI,S1,BAIK SEKALI,883,0,Ekonomi & Bisnis
-,-,banpt-1560,-,-,BISNIS DIGITAL,BISNIS DIGITAL,S1,BAIK,883,0,Ekonomi & Bisnis
-,-,banpt-1560,-,-,ILMU KOMUNIKASI,ILMU KOMUNIKASI,S1,TERAKREDITASI SEMENTARA,883,0,Ekonomi & Bisnis
-,-,banpt-1560,-,-,KIMIA,KIMIA,S1,BAIK,883,0,Ekonomi & Bisnis
-,-,banpt-1560,-,-,MATEMATIKA,MATEMATIKA,S1,BAIK,883,0,Ekonomi & Bisnis
-,-,banpt-1560,-,-,TEKNOLOGI HASIL PERTANIAN,PERTANIAN,S1,BAIK,883,0,Ekonomi & Bisnis
-,-,banpt-1560,-,-,TEKNIK SIPIL,SIPIL,S1,BAIK,883,0,Ekonomi & Bisnis
-,-,banpt-1560,-,-,TEKNOLOGI INFORMASI,TEKNOLOGI INFORMASI,S1,BAIK,883,0,Ekonomi & Bisnis
-,-,banpt-2553,-,-,AGRIBISNIS,AGRIBISNIS,S1,BAIK,1406,0,Ekonomi & Bisnis
-,-,banpt-2553,-,-,AKUNTANSI,AKUNTANSI,S1,BAIK,1406,0,Ekonomi & Bisnis
-,-,banpt-2553,-,-,BUDIDAYA PERAIRAN,BUDIDAYA PERAIRAN,S1,BAIK,1406,0,Ekonomi & Bisnis
-,-,banpt-2553,-,-,EKONOMI PEMBANGUNAN,EKONOMI PEMBANGUNAN,S1,BAIK,1406,0,Ekonomi & Bisnis
-,-,banpt-2553,-,-,ILMU HUKUM,HUKUM,S1,BAIK,1406,0,Ekonomi & Bisnis
-,-,banpt-2553,-,-,MANAJEMEN,MANAJEMEN,S1,BAIK,1406,0,Ekonomi & Bisnis
-,-,banpt-2553,-,-,TEKNIK MESIN,MESIN,S1,BAIK,1406,0,Ekonomi & Bisnis
-,-,banpt-2553,-,-,PETERNAKAN,PETERNAKAN,S1,BAIK,1406,0,Ekonomi & Bisnis
-,-,banpt-2553,-,-,TEKNIK SIPIL,SIPIL,S1,BAIK,1406,0,Ekonomi & Bisnis
-,-,banpt-3201,-,-,BISNIS DIGITAL,BISNIS DIGITAL,S1,BAIK,251,0,Ekonomi & Bisnis
-,-,banpt-3201,-,-,FARMASI,FARMASI,S1,BAIK SEKALI,251,0,Ekonomi & Bisnis
-,-,banpt-3201,-,-,KEWIRAUSAHAAN,KEWIRAUSAHAAN,S1,BAIK,251,0,Ekonomi & Bisnis
-,-,banpt-3201,-,-,REKAYASA PERANGKAT LUNAK,REKAYASA PERANGKAT LUNAK,S1,BAIK,251,0,Ekonomi & Bisnis
-,-,banpt-3201,-,-,SISTEM INFORMASI,SISTEM INFORMASI,S1,BAIK,251,0,Ekonomi & Bisnis
-,-,banpt-1267,-,-,ILMU KOMUNIKASI,ILMU KOMUNIKASI,S1,TERAKREDITASI SEMENTARA,120,0,Ekonomi & Bisnis
-,-,banpt-1267,-,-,TEKNIK INDUSTRI,INDUSTRI,S1,BAIK,120,0,Ekonomi & Bisnis
-,-,banpt-1267,-,-,ILMU KOMPUTER,KOMPUTER,S1,BAIK,120,0,Ekonomi & Bisnis
-,-,banpt-1267,-,-,MANAJEMEN,MANAJEMEN,S1,BAIK,120,0,Ekonomi & Bisnis
-,-,banpt-1267,-,-,PSIKOLOGI,PSIKOLOGI,S1,TERAKREDITASI SEMENTARA,120,0,Ekonomi & Bisnis
-,-,banpt-1267,-,-,SASTRA INGGRIS,SASTRA INGGRIS,S1,BAIK,120,0,Ekonomi & Bisnis
-,-,banpt-1267,-,-,SISTEM INFORMASI,SISTEM INFORMASI,S1,BAIK,120,0,Ekonomi & Bisnis
-,-,banpt-2179,-,-,AKUNTANSI,AKUNTANSI,S1,BAIK,1233,0,Ekonomi & Bisnis
-,-,banpt-2179,-,-,BIMBINGAN DAN KONSELING,BIMBINGAN KONSELING,S1,BAIK,1233,0,Ekonomi & Bisnis
-,-,banpt-2179,-,-,BIOLOGI,BIOLOGI,S1,TIDAK TERAKREDITASI,1233,0,Ekonomi & Bisnis
-,-,banpt-2179,-,-,ILMU HUKUM,HUKUM,S1,BAIK,1233,0,Ekonomi & Bisnis
-,-,banpt-2179,-,-,PENDIDIKAN JASMANI,JASMANI,S1,BAIK,1233,0,Ekonomi & Bisnis
-,-,banpt-2179,-,-,MANAJEMEN,MANAJEMEN,S1,BAIK,1233,0,Ekonomi & Bisnis
-,-,banpt-2179,-,-,PENDIDIKAN SEJARAH,SEJARAH,S1,BAIK,1233,0,Ekonomi & Bisnis
-,-,banpt-2278,-,-,AKUNTANSI,AKUNTANSI,S1,BAIK,604,0,Ekonomi & Bisnis
-,-,banpt-2278,-,-,MANAJEMEN,MANAJEMEN,S1,BAIK SEKALI,604,0,Ekonomi & Bisnis
-,-,banpt-2278,-,-,SISTEM INFORMASI,SISTEM INFORMASI,S1,BAIK,604,0,Ekonomi & Bisnis
-,-,banpt-2278,-,-,TEKNOLOGI INFORMASI,TEKNOLOGI INFORMASI,S1,BAIK,604,0,Ekonomi & Bisnis
-,-,banpt-2278,-,-,TEKNOLOGI PANGAN,TEKNOLOGI PANGAN,S1,BAIK,604,0,Ekonomi & Bisnis
-,-,banpt-1830,-,-,AGROTEKNOLOGI,AGROTEKNOLOGI,S1,BAIK SEKALI,1240,0,Ekonomi & Bisnis
-,-,banpt-1830,-,-,BUDIDAYA PERAIRAN,BUDIDAYA PERAIRAN,S1,BAIK SEKALI,1240,0,Ekonomi & Bisnis
-,-,banpt-1830,-,-,EKONOMI PEMBANGUNAN,EKONOMI PEMBANGUNAN,S1,BAIK,1240,0,Ekonomi & Bisnis
-,-,banpt-1830,-,-,ILMU HUKUM,HUKUM,S1,B,1240,0,Ekonomi & Bisnis
-,-,banpt-1830,-,-,TEKNIK INFORMATIKA,INFORMATIKA,S1,B,1240,0,Ekonomi & Bisnis
-,-,banpt-1830,-,-,MANAJEMEN,MANAJEMEN,S1,BAIK SEKALI,1240,0,Ekonomi & Bisnis
-,-,banpt-1830,-,-,PENDIDIKAN MATEMATIKA,MATEMATIKA,S1,B,1240,0,Ekonomi & Bisnis
-,-,banpt-1830,-,-,TEKNIK MESIN,MESIN,S1,BAIK SEKALI,1240,0,Ekonomi & Bisnis
-,-,banpt-1830,-,-,TEKNIK SIPIL,SIPIL,S1,BAIK SEKALI,1240,0,Ekonomi & Bisnis
-,rencanamu-99,banpt-3066,-,-,AKUNTANSI,AKUNTANSI,S1,B,577,0,Ekonomi & Bisnis
-,rencanamu-99,banpt-3066,-,-,TEKNIK ELEKTRO,ELEKTRO,S1,B,577,0,Ekonomi & Bisnis
-,rencanamu-99,banpt-3066,-,-,ILMU HUKUM,HUKUM,S1,B,577,0,Ekonomi & Bisnis
-,rencanamu-99,banpt-3066,-,-,TEKNIK INFORMATIKA,INFORMATIKA,S1,C,577,0,Ekonomi & Bisnis
-,rencanamu-99,banpt-3066,-,-,MANAJEMEN,MANAJEMEN,S1,B,577,0,Ekonomi & Bisnis
-,rencanamu-99,banpt-3066,-,-,TEKNIK MESIN,MESIN,S1,B,577,0,Ekonomi & Bisnis
-,rencanamu-99,banpt-3066,-,-,PSIKOLOGI,PSIKOLOGI,S1,BAIK,577,0,Ekonomi & Bisnis
-,rencanamu-99,banpt-3066,-,-,TEKNIK SIPIL,SIPIL,S1,B,577,0,Ekonomi & Bisnis
-,-,banpt-3066,-,-,SISTEM INFORMASI,SISTEM INFORMASI,S1,BAIK,577,0,Ekonomi & Bisnis
quipper-6,rencanamu-100,banpt-2538,-,FAKULTAS BISNIS DAN EKONOMIKA,AKUNTANSI,AKUNTANSI,S1,A,331,2,Pendidikan & Keguruan
quipper-6,rencanamu-100,banpt-2538,-,FAKULTAS TEKNIK,ARSITEKTUR,ARSITEKTUR,S1,A,331,1,Teknik & Rekayasa
quipper-6,rencanamu-100,banpt-2538,-,FAKULTAS TEKNOBIOLOGI,BIOLOGI,BIOLOGI,S1,A,331,0,Ekonomi & Bisnis
quipper-6,rencanamu-100,banpt-2538,-,FAKULTAS BISNIS DAN EKONOMIKA,EKONOMI PEMBANGUNAN,EKONOMI PEMBANGUNAN,S1,A,331,0,Ekonomi & Bisnis
quipper-6,rencanamu-100,banpt-2538,-,FAKULTAS HUKUM,HUKUM,HUKUM,S1,A,331,3,Hukum
quipper-6,rencanamu-100,banpt-2538,-,FAKULTAS ILMU SOSIAL DAN POLITIK,ILMU KOMUNIKASI,ILMU KOMUNIKASI,S1,A,331,0,Ekonomi & Bisnis
quipper-6,rencanamu-100,banpt-2538,-,FAKULTAS TEKNOLOGI INDUSTRI,TEKNIK INDUSTRI,INDUSTRI,S1,A,331,4,Teknologi Industri
quipper-6,rencanamu-100,banpt-2538,-,FAKULTAS TEKNOLOGI INDUSTRI,INFORMATIKA,INFORMATIKA,S1,A,331,1,Teknik & Rekayasa
quipper-6,rencanamu-100,banpt-2538,-,FAKULTAS BISNIS DAN EKONOMIKA,MANAJEMEN,MANAJEMEN,S1,A,331,0,Ekonomi & Bisnis
quipper-6,-,-,-,PROGRAM INTERNASIONAL,PROGRAM MANAJEMEN BISNIS INTERNASIONAL,MANAJEMEN BISNIS INTERNASIONAL,S1,-,331,0,Ekonomi & Bisnis
quipper-6,rencanamu-100,banpt-2538,-,PROGRAM INTERNASIONAL,PROGRAM TEKNIK SIPIL INTERNASIONAL,SIPIL,S1,B,331,5,Sains & Teknologi
quipper-6,-,banpt-2538,-,FAKULTAS TEKNOLOGI INDUSTRI,SISTEM INFORMASI,SISTEM INFORMASI,S1,UNGGUL,331,4,Teknologi Industri
quipper-6,rencanamu-100,banpt-2538,-,FAKULTAS ILMU SOSIAL DAN POLITIK,SOSIOLOGI,SOSIOLOGI,S1,A,331,0,Ekonomi & Bisnis
quipper-6,-,-,-,PROGRAM INTERNASIONAL,PROGRAM TEKNIK INDUSTRI INTERNASIONAL,TEKNIK INDUSTRI,S1,-,331,0,Ekonomi & Bisnis
-,-,banpt-2538,-,-,TEKNOLOGI PANGAN,TEKNOLOGI PANGAN,S1,BAIK,331,0,Ekonomi & Bisnis
-,-,banpt-1376,-,-,AKUNTANSI,AKUNTANSI,S1,BAIK,607,0,Ekonomi & Bisnis
-,-,banpt-1376,-,-,FARMASI,FARMASI,S1,BAIK,607,0,Ekonomi & Bisnis
-,-,banpt-1376,-,-,PENDIDIKAN GURU PENDIDIKAN ANAK  USIA DINI,GURU ANAK USIA DINI,S1,BAIK,607,0,Ekonomi & Bisnis
-,-,banpt-1376,-,-,PENDIDIKAN GURU SEKOLAH DASAR,GURU SEKOLAH DASAR,S1,BAIK,607,0,Ekonomi & Bisnis
-,-,banpt-1376,-,-,HUKUM,HUKUM,S1,BAIK,607,0,Ekonomi & Bisnis
-,-,banpt-1376,-,-,INFORMATIKA,INFORMATIKA,S1,BAIK,607,0,Ekonomi & Bisnis
-,-,banpt-1376,-,-,PENDIDIKAN JASMANI,JASMANI,S1,BAIK,607,0,Ekonomi & Bisnis
-,-,banpt-1376,-,-,KEBIDANAN,KEBIDANAN,S1,BAIK,607,0,Ekonomi & Bisnis
-,-,banpt-1376,-,-,KEPERAWATAN,KEPERAWATAN,S1,BAIK,607,0,Ekonomi & Bisnis
-,-,banpt-1376,-,-,SISTEM INFORMASI,SISTEM INFORMASI,S1,BAIK,607,0,Ekonomi & Bisnis
-,-,banpt-3840,-,-,FARMASI,FARMASI,S1,BAIK SEKALI,1359,0,Ekonomi & Bisnis
-,-,banpt-3840,-,-,KEBIDANAN,KEBIDANAN,S1,BAIK,1359,0,Ekonomi & Bisnis
-,-,banpt-3840,-,-,KEPERAWATAN,KEPERAWATAN,S1,BAIK SEKALI,1359,0,Ekonomi & Bisnis
-,-,banpt-3840,-,-,ILMU KESEHATAN MASYARAKAT,KESEHATAN MASYARAKAT,S1,BAIK SEKALI,1359,0,Ekonomi & Bisnis
-,-,banpt-3840,-,-,KEWIRAUSAHAAAN,KEWIRAUSAHAAN,S1,BAIK,1359,0,Ekonomi & Bisnis
-,rencanamu-102,banpt-2938,-,-,ADMINISTRASI RUMAH SAKIT,ADMINISTRASI RUMAH SAKIT,S1,BAIK,122,0,Ekonomi & Bisnis
-,rencanamu-102,banpt-2938,-,-,FARMASI,FARMASI,S1,BAIK SEKALI,122,0,Ekonomi & Bisnis
-,rencanamu-102,banpt-2938,-,-,KEBIDANAN,KEBIDANAN,S1,B,122,0,Ekonomi & Bisnis
-,rencanamu-102,banpt-2938,-,-,PENDIDIKAN DOKTER,KEDOKTERAN,S1,B,122,0,Ekonomi & Bisnis
-,rencanamu-102,banpt-2938,-,-,ILMU KEDOKTERAN GIGI,KEDOKTERAN GIGI,S1,B,122,0,Ekonomi & Bisnis
-,rencanamu-102,-,-,-,KEPERAWATAN ANESTESIOLOGI,KEPERAWATAN,S1,-,122,0,Ekonomi & Bisnis
-,rencanamu-102,banpt-2938,-,-,KESEHATAN MASYARAKAT,KESEHATAN MASYARAKAT,S1,B,122,0,Ekonomi & Bisnis
-,rencanamu-102,banpt-2938,-,-,KEWIRAUSAHAAN,KEWIRAUSAHAAN,S1,BAIK,122,0,Ekonomi & Bisnis
-,-,banpt-2938,-,-,MANAJEMEN,MANAJEMEN,S1,BAIK SEKALI,122,0,Ekonomi & Bisnis
-,rencanamu-103,-,-,-,AGROTEKNOLOGI,AGROTEKNOLOGI,S1,-,139,0,Ekonomi & Bisnis
quipper-494,rencanamu-103,banpt-1612,-,FAKULTAS EKONOMI DAN ILMU SOSIAL,AKUNTANSI,AKUNTANSI,S1,A,139,2,Pendidikan & Keguruan
quipper-494,rencanamu-103,banpt-1612,-,FAKULTAS EKONOMI DAN ILMU SOSIAL,ILMU KOMUNIKASI,ILMU KOMUNIKASI,S1,A,139,0,Ekonomi & Bisnis
quipper-494,rencanamu-103,banpt-1612,-,FAKULTAS TEKNIK DAN ILMU KOMPUTER,TEKNIK INDUSTRI,INDUSTRI,S1,B,139,0,Ekonomi & Bisnis
quipper-494,rencanamu-103,banpt-1612,-,FAKULTAS TEKNIK DAN ILMU KOMPUTER,TEKNIK INFORMATIKA,INFORMATIKA,S1,B,139,1,Teknik & Rekayasa
quipper-494,rencanamu-103,banpt-1612,-,FAKULTAS TEKNIK DAN ILMU KOMPUTER,TEKNIK LINGKUNGAN,LINGKUNGAN,S1,B,139,0,Ekonomi & Bisnis
quipper-494,rencanamu-103,banpt-1612,-,FAKULTAS EKONOMI DAN ILMU SOSIAL,MANAJEMEN,MANAJEMEN,S1,B,139,0,Ekonomi & Bisnis
quipper-494,rencanamu-103,banpt-1612,-,FAKULTAS EKONOMI DAN ILMU SOSIAL,ILMU POLITIK,POLITIK,S1,A,139,0,Ekonomi & Bisnis
quipper-494,-,banpt-1612,-,FAKULTAS TEKNIK DAN ILMU KOMPUTER,TEKNIK SIPIL,SIPIL,S1,UNGGUL,139,5,Sains & Teknologi
quipper-494,rencanamu-103,banpt-1612,-,FAKULTAS TEKNIK DAN ILMU KOMPUTER,SISTEM INFORMASI,SISTEM INFORMASI,S1,B,139,4,Teknologi Industri
quipper-494,rencanamu-103,banpt-1612,-,FAKULTAS TEKNIK DAN ILMU KOMPUTER,ILMU DAN TEKNOLOGI PANGAN,TEKNOLOGI PANGAN,S1,B,139,0,Ekonomi & Bisnis
-,-,banpt-65,-,-,AKUNTANSI,AKUNTANSI,S1,BAIK,783,0,Ekonomi & Bisnis
-,-,banpt-65,-,-,BIOLOGI,BIOLOGI,S1,BAIK,783,0,Ekonomi & Bisnis
-,-,banpt-65,-,-,PENDIDIKAN GURU PENDIDIKAN ANAK USIA DINI,GURU ANAK USIA DINI,S1,BAIK,783,0,Ekonomi & Bisnis
-,-,banpt-65,-,-,PENDIDIKAN GURU SEKOLAH DASAR,GURU SEKOLAH DASAR,S1,BAIK,783,0,Ekonomi & Bisnis
-,-,banpt-65,-,-,ILMU HUKUM,HUKUM,S1,BAIK,783,0,Ekonomi & Bisnis
-,-,banpt-65,-,-,TEKNIK INDUSTRI,INDUSTRI,S1,BAIK,783,0,Ekonomi & Bisnis
-,-,banpt-65,-,-,TEKNIK INFORMATIKA,INFORMATIKA,S1,BAIK,783,0,Ekonomi & Bisnis
-,-,banpt-65,-,-,PENDIDIKAN JASMANI,JASMANI,S1,BAIK,783,0,Ekonomi & Bisnis
-,-,banpt-65,-,-,KEPERAWATAN,KEPERAWATAN,S1,BAIK,783,0,Ekonomi & Bisnis
-,-,banpt-65,-,-,KESEHATAN MASYARAKAT,KESEHATAN MASYARAKAT,S1,BAIK SEKALI,783,0,Ekonomi & Bisnis
-,-,banpt-65,-,-,KIMIA,KIMIA,S1,BAIK,783,0,Ekonomi & Bisnis
-,-,banpt-65,-,-,MANAJEMEN,MANAJEMEN,S1,BAIK,783,0,Ekonomi & Bisnis
-,-,banpt-65,-,-,PENDIDIKAN MATEMATIKA,MATEMATIKA,S1,BAIK,783,0,Ekonomi & Bisnis
-,-,banpt-65,-,-,SASTRA INGGRIS,SASTRA INGGRIS,S1,BAIK,783,0,Ekonomi & Bisnis
-,-,banpt-65,-,-,SISTEM INFORMASI,SISTEM INFORMASI,S1,BAIK,783,0,Ekonomi & Bisnis
-,-,banpt-48,-,-,BISNIS DIGITAL,BISNIS DIGITAL,S1,BAIK,1526,0,Ekonomi & Bisnis
-,-,banpt-48,-,-,FARMASI,FARMASI,S1,BAIK SEKALI,1526,0,Ekonomi & Bisnis
-,-,banpt-48,-,-,KEPERAWATAN,KEPERAWATAN,S1,BAIK,1526,0,Ekonomi & Bisnis
-,-,banpt-48,-,-,KEWIRAUSAHAAN,KEWIRAUSAHAAN,S1,BAIK,1526,0,Ekonomi & Bisnis
-,-,banpt-48,-,-,SISTEM INFORMASI,SISTEM INFORMASI,S1,BAIK,1526,0,Ekonomi & Bisnis
-,-,banpt-48,-,-,TEKNOLOGI PANGAN,TEKNOLOGI PANGAN,S1,BAIK,1526,0,Ekonomi & Bisnis
quipper-116,-,-,-,FAKULTAS PERTANIAN,AGRIBISNIS,AGRIBISNIS,S1,-,1122,0,Ekonomi & Bisnis
quipper-116,-,banpt-3524,-,FAKULTAS PERTANIAN,AGROTEKNOLOGI,AGROTEKNOLOGI,S1,BAIK SEKALI,1122,0,Ekonomi & Bisnis
quipper-116,-,banpt-3524,-,FAKULTAS EKONOMI,AKUNTANSI,AKUNTANSI,S1,BAIK,1122,2,Pendidikan & Keguruan
quipper-116,-,banpt-3524,-,FAKULTAS KEGURUAN DAN ILMU PENDIDIKAN,PENDIDIKAN GEOGRAFI,GEOGRAFI,S1,B,1122,2,Pendidikan & Keguruan
quipper-116,-,banpt-3524,-,FAKULTAS TEKNOLOGI INFORMASI,TEKNIK INFORMATIKA,INFORMATIKA,S1,BAIK,1122,1,Teknik & Rekayasa
quipper-116,-,banpt-3524,-,FAKULTAS ILMU KESEHATAN,ILMU KEPERAWATAN,KEPERAWATAN,S1,BAIK SEKALI,1122,0,Ekonomi & Bisnis
quipper-116,-,banpt-3524,-,FAKULTAS MATEMATIKA DAN ILMU PENGETAHUAN ALAM,MATEMATIKA,MATEMATIKA,S1,BAIK,1122,0,Ekonomi & Bisnis
quipper-116,-,banpt-3524,-,FAKULTAS ILMU SOSIAL DAN ILMU POLITIK,ILMU PEMERINTAHAN,PEMERINTAHAN,S1,BAIK,1122,0,Ekonomi & Bisnis
quipper-116,-,banpt-3524,-,FAKULTAS KEGURUAN DAN ILMU PENDIDIKAN,PENDIDIKAN ILMU PENGETAHUAN SOSIAL,PENGETAHUAN SOSIAL,S1,BAIK SEKALI,1122,2,Pendidikan & Keguruan
quipper-116,-,banpt-3524,-,FAKULTAS TEKNOLOGI INFORMASI,SISTEM INFORMASI,SISTEM INFORMASI,S1,BAIK,1122,4,Teknologi Industri
-,-,banpt-2138,-,-,AKUNTANSI,AKUNTANSI,S1,BAIK,1063,0,Ekonomi & Bisnis
-,-,banpt-2138,-,-,TEKNIK BIOMEDIS,BIOMEDIS,S1,BAIK,1063,0,Ekonomi & Bisnis
-,-,banpt-2138,-,-,FARMASI,FARMASI,S1,BAIK,1063,0,Ekonomi & Bisnis
-,-,banpt-2138,-,-,GIZI,GIZI,S1,BAIK,1063,0,Ekonomi & Bisnis
-,-,banpt-2138,-,-,HUBUNGAN MASYARAKAT,HUBUNGAN MASYARAKAT,S1,BAIK,1063,0,Ekonomi & Bisnis
-,-,banpt-2138,-,-,HUKUM,HUKUM,S1,BAIK,1063,0,Ekonomi & Bisnis
-,-,banpt-2138,-,-,PSIKOLOGI,PSIKOLOGI,S1,BAIK,1063,0,Ekonomi & Bisnis
-,-,banpt-2138,-,-,SISTEM INFORMASI,SISTEM INFORMASI,S1,BAIK,1063,0,Ekonomi & Bisnis
-,-,banpt-2138,-,-,TEKNOLOGI PANGAN,TEKNOLOGI PANGAN,S1,BAIK,1063,0,Ekonomi & Bisnis
-,rencanamu-104,banpt-2606,-,-,AKUNTANSI,AKUNTANSI,S1,B,654,0,Ekonomi & Bisnis
-,-,banpt-2606,-,-,ARSITEKTUR,ARSITEKTUR,S1,BAIK,654,0,Ekonomi & Bisnis
-,rencanamu-104,banpt-2606,-,-,PENDIDIKAN EKONOMI,EKONOMI,S1,B,654,0,Ekonomi & Bisnis
-,rencanamu-104,banpt-2606,-,-,TEKNIK ELEKTRO,ELEKTRO,S1,B,654,0,Ekonomi & Bisnis
-,rencanamu-104,banpt-2606,-,-,ILMU HUKUM,HUKUM,S1,B,654,0,Ekonomi & Bisnis
-,-,banpt-2606,-,-,TEKNIK INDUSTRI,INDUSTRI,S1,BAIK,654,0,Ekonomi & Bisnis
-,-,banpt-2606,-,-,KEDOKTERAN,KEDOKTERAN,S1,BAIK,654,0,Ekonomi & Bisnis
-,-,banpt-2606,-,-,TEKNIK LINGKUNGAN,LINGKUNGAN,S1,BAIK,654,0,Ekonomi & Bisnis
-,rencanamu-104,banpt-2606,-,-,MANAJEMEN,MANAJEMEN,S1,B,654,0,Ekonomi & Bisnis
-,rencanamu-104,banpt-2606,-,-,PENDIDIKAN MATEMATIKA,MATEMATIKA,S1,B,654,0,Ekonomi & Bisnis
-,rencanamu-104,banpt-2606,-,-,TEKNIK MESIN,MESIN,S1,B,654,0,Ekonomi & Bisnis
-,rencanamu-104,banpt-2606,-,-,SASTRA INGGRIS,SASTRA INGGRIS,S1,B,654,0,Ekonomi & Bisnis
-,rencanamu-104,banpt-2606,-,-,TEKNIK SIPIL,SIPIL,S1,B,654,0,Ekonomi & Bisnis
quipper-669,-,-,-,FAKULTAS ILMU SOSIAL DAN ILMU POLITIK,ILMU ADMINISTRASI,ADMINISTRASI,S1,-,1142,0,Ekonomi & Bisnis
-,-,banpt-2691,-,-,ADMINISTRASI BISNIS,ADMINISTRASI BISNIS,S1,BAIK SEKALI,1142,0,Ekonomi & Bisnis
-,-,banpt-2691,-,-,ADMINISTRASI PUBLIK,ADMINISTRASI PUBLIK,S1,UNGGUL,1142,0,Ekonomi & Bisnis
-,-,banpt-2691,-,-,AKUNTANSI,AKUNTANSI,S1,UNGGUL,1142,0,Ekonomi & Bisnis
quipper-669,-,banpt-2691,-,FAKULTAS TEKNIK,ARSITEKTUR,ARSITEKTUR,S1,BAIK SEKALI,1142,1,Teknik & Rekayasa
quipper-669,-,banpt-2691,-,FAKULTAS HUKUM,ILMU HUKUM,HUKUM,S1,A,1142,3,Hukum
quipper-669,-,banpt-2691,-,FAKULTAS ILMU SOSIAL DAN ILMU POLITIK,ILMU KOMUNIKASI,ILMU KOMUNIKASI,S1,B,1142,0,Ekonomi & Bisnis
quipper-669,-,banpt-2691,-,FAKULTAS ILMU KOMPUTER,TEKNIK INFORMATIKA,INFORMATIKA,S1,B,1142,1,Teknik & Rekayasa
quipper-669,-,banpt-2691,-,FAKULTAS EKONOMI DAN BISNIS,MANAJEMEN,MANAJEMEN,S1,UNGGUL,1142,0,Ekonomi & Bisnis
quipper-669,-,banpt-2691,-,FAKULTAS TEKNIK,TEKNIK MESIN,MESIN,S1,UNGGUL,1142,1,Teknik & Rekayasa
quipper-669,-,banpt-2691,-,FAKULTAS TEKNIK,TEKNIK SIPIL,SIPIL,S1,UNGGUL,1142,1,Teknik & Rekayasa
quipper-669,-,banpt-2691,-,FAKULTAS ILMU KOMPUTER,SISTEM INFORMASI,SISTEM INFORMASI,S1,BAIK SEKALI,1142,4,Teknologi Industri
-,-,banpt-2212,-,-,FARMASI,FARMASI,S1,C,1531,0,Ekonomi & Bisnis
-,-,banpt-2212,-,-,PENDIDIKAN GURU PENDIDIKAN ANAK USIA DINI,GURU ANAK USIA DINI,S1,BAIK,1531,0,Ekonomi & Bisnis
-,-,banpt-2212,-,-,PENDIDIKAN GURU SEKOLAH DASAR,GURU SEKOLAH DASAR,S1,BAIK,1531,0,Ekonomi & Bisnis
-,-,banpt-2212,-,-,TEKNIK INFORMATIKA,INFORMATIKA,S1,BAIK,1531,0,Ekonomi & Bisnis
-,-,banpt-2212,-,-,ILMU KEPERAWATAN,KEPERAWATAN,S1,BAIK SEKALI,1531,0,Ekonomi & Bisnis
-,-,banpt-2212,-,-,SISTEM INFORMASI,SISTEM INFORMASI,S1,BAIK,1531,0,Ekonomi & Bisnis
-,-,banpt-1243,-,-,KESEHATAN MASYARAKAT,KESEHATAN MASYARAKAT,S1,BAIK,1480,0,Ekonomi & Bisnis
-,-,banpt-1243,-,-,MANAJEMEN,MANAJEMEN,S1,BAIK,1480,0,Ekonomi & Bisnis
-,-,banpt-2925,-,-,ADMINISTRASI KESEHATAN,ADMINISTRASI KESEHATAN,S1,BAIK,1346,0,Ekonomi & Bisnis
-,-,banpt-2925,-,-,PENDIDIKAN AKUNTANSI,AKUNTANSI,S1,BAIK SEKALI,1346,0,Ekonomi & Bisnis
-,-,banpt-2925,-,-,TEKNIK INDUSTRI,INDUSTRI,S1,BAIK,1346,0,Ekonomi & Bisnis
-,-,banpt-2925,-,-,TEKNIK INFORMATIKA,INFORMATIKA,S1,B,1346,0,Ekonomi & Bisnis
-,-,banpt-2925,-,-,KEWIRAUSAHAAN,KEWIRAUSAHAAN,S1,BAIK,1346,0,Ekonomi & Bisnis
-,-,banpt-2925,-,-,TEKNIK LINGKUNGAN,LINGKUNGAN,S1,B,1346,0,Ekonomi & Bisnis
-,-,banpt-2925,-,-,MANAJEMEN RETAIL,MANAJEMEN RITEL,S1,BAIK,1346,0,Ekonomi & Bisnis
-,-,banpt-2925,-,-,PENDIDIKAN PANCASILA DAN KEWARGANEGARAAN,PANCASILA KEWARGANEGARAAN,S1,BAIK SEKALI,1346,0,Ekonomi & Bisnis
-,-,banpt-2925,-,-,TEKNIK SIPIL,SIPIL,S1,BAIK SEKALI,1346,0,Ekonomi & Bisnis
-,-,banpt-2925,-,-,SISTEM INFORMASI,SISTEM INFORMASI,S1,B,1346,0,Ekonomi & Bisnis
quipper-705,rencanamu-106,banpt-2497,-,FAKULTAS PERTANIAN,AGRIBISNIS,AGRIBISNIS,S1,B,824,0,Ekonomi & Bisnis
quipper-705,rencanamu-106,-,-,FAKULTAS PERTANIAN,AGROTEKNOLOGI,AGROTEKNOLOGI,S1,-,824,0,Ekonomi & Bisnis
quipper-705,rencanamu-106,banpt-2497,-,FAKULTAS PERTANIAN,BUDIDAYA PERAIRAN,BUDIDAYA PERAIRAN,S1,B,824,0,Ekonomi & Bisnis
quipper-705,rencanamu-106,banpt-2497,-,FAKULTAS EKONOMI,ILMU EKONOMI,EKONOMI,S1,B,824,0,Ekonomi & Bisnis
-,rencanamu-106,banpt-2497,-,-,EKONOMI PEMBANGUNAN,EKONOMI PEMBANGUNAN,S1,BAIK SEKALI,824,0,Ekonomi & Bisnis
quipper-705,-,-,-,FAKULTAS KEGURUAN DAN ILMU PENDIDIKAN,KEGURUAN & PENDIDIKAN,GURU,S1,-,824,2,Pendidikan & Keguruan
quipper-705,rencanamu-106,banpt-2497,-,FAKULTAS HUKUM,ILMU HUKUM,HUKUM,S1,B,824,3,Hukum
-,rencanamu-106,-,-,-,TEKNIK LISTRIK,KELISTRIKAN,S1,C,824,0,Ekonomi & Bisnis
quipper-705,rencanamu-106,banpt-2497,-,FAKULTAS TEKNIK,TEKNIK LINGKUNGAN,LINGKUNGAN,S1,B,824,1,Teknik & Rekayasa
quipper-705,rencanamu-106,banpt-2497,-,FAKULTAS EKONOMI,MANAJEMEN,MANAJEMEN,S1,B,824,0,Ekonomi & Bisnis
quipper-705,rencanamu-106,banpt-2497,-,FAKULTAS KEGURUAN DAN ILMU PENDIDIKAN,PENDIDIKAN MATEMATIKA,MATEMATIKA,S1,BAIK SEKALI,824,2,Pendidikan & Keguruan
quipper-705,rencanamu-106,banpt-2497,-,FAKULTAS KEGURUAN DAN ILMU PENDIDIKAN,SEJARAH,SEJARAH,S1,B,824,2,Pendidikan & Keguruan
quipper-705,rencanamu-106,banpt-2497,-,FAKULTAS TEKNIK,TEKNIK SIPIL,SIPIL,S1,BAIK,824,1,Teknik & Rekayasa
-,-,banpt-1573,-,-,AKUNTANSI,AKUNTANSI,S1,BAIK SEKALI,713,0,Ekonomi & Bisnis
-,-,banpt-1573,-,-,PENDIDIKAN GURU PENDIDIKAN ANAK USIA DINI,GURU ANAK USIA DINI,S1,BAIK SEKALI,713,0,Ekonomi & Bisnis
-,-,banpt-1573,-,-,PENDIDIKAN GURU SEKOLAH DASAR,GURU SEKOLAH DASAR,S1,BAIK SEKALI,713,0,Ekonomi & Bisnis
-,-,banpt-1573,-,-,INFORMATIKA,INFORMATIKA,S1,BAIK SEKALI,713,0,Ekonomi & Bisnis
-,-,banpt-1573,-,-,KEWIRAUSAHAAN,KEWIRAUSAHAAN,S1,BAIK SEKALI,713,0,Ekonomi & Bisnis
-,-,banpt-1573,-,-,MANAJEMEN,MANAJEMEN,S1,BAIK SEKALI,713,0,Ekonomi & Bisnis
-,-,banpt-1573,-,-,MANAJEMEN RETAIL,MANAJEMEN RITEL,S1,BAIK,713,0,Ekonomi & Bisnis
-,-,banpt-1573,-,-,SISTEM INFORMASI,SISTEM INFORMASI,S1,BAIK SEKALI,713,0,Ekonomi & Bisnis
-,-,banpt-1573,-,-,TEKNOLOGI INFORMASI,TEKNOLOGI INFORMASI,S1,BAIK SEKALI,713,0,Ekonomi & Bisnis
-,rencanamu-107,banpt-819,-,-,AGRIBISNIS,AGRIBISNIS,S1,B,27,0,Ekonomi & Bisnis
-,rencanamu-107,banpt-819,-,-,AGROTEKNOLOGI,AGROTEKNOLOGI,S1,B,27,0,Ekonomi & Bisnis
-,-,banpt-819,-,-,AKUNTANSI,AKUNTANSI,S1,BAIK,27,0,Ekonomi & Bisnis
-,-,banpt-819,-,-,BISNIS DIGITAL,BISNIS DIGITAL,S1,BAIK SEKALI,27,0,Ekonomi & Bisnis
-,rencanamu-107,banpt-819,-,-,EKONOMI PEMBANGUNAN,EKONOMI PEMBANGUNAN,S1,B,27,0,Ekonomi & Bisnis
-,rencanamu-107,-,-,-,TEKNIK ELEKTRO,ELEKTRO,S1,C,27,0,Ekonomi & Bisnis
-,-,banpt-819,-,-,HUKUM BISNIS,HUKUM,S1,TERAKREDITASI SEMENTARA,27,0,Ekonomi & Bisnis
-,rencanamu-107,banpt-819,-,-,ILMU KOMUNIKASI,ILMU KOMUNIKASI,S1,B,27,0,Ekonomi & Bisnis
-,-,banpt-819,-,-,INFORMATIKA,INFORMATIKA,S1,BAIK,27,0,Ekonomi & Bisnis
-,-,banpt-819,-,-,TEKNIK LINGKUNGAN,LINGKUNGAN,S1,BAIK,27,0,Ekonomi & Bisnis
-,rencanamu-107,banpt-819,-,-,MANAJEMEN,MANAJEMEN,S1,B,27,0,Ekonomi & Bisnis
-,rencanamu-107,banpt-819,-,-,ILMU PEMERINTAHAN,PEMERINTAHAN,S1,B,27,0,Ekonomi & Bisnis
-,rencanamu-107,banpt-819,-,-,TEKNIK SIPIL,SIPIL,S1,B,27,0,Ekonomi & Bisnis
-,rencanamu-107,banpt-819,-,-,TEKNOLOGI PENDIDIKAN,TEKNOLOGI,S1,B,27,0,Ekonomi & Bisnis
-,-,banpt-1156,-,-,ADMINISTRASI RUMAH SAKIT,ADMINISTRASI RUMAH SAKIT,S1,BAIK,330,0,Ekonomi & Bisnis
-,-,banpt-1156,-,-,HUKUM,HUKUM,S1,TERAKREDITASI SEMENTARA,330,0,Ekonomi & Bisnis
-,-,banpt-1156,-,-,INFORMATIKA,INFORMATIKA,S1,BAIK,330,0,Ekonomi & Bisnis
-,-,banpt-1156,-,-,ILMU KEPERAWATAN,KEPERAWATAN,S1,BAIK SEKALI,330,0,Ekonomi & Bisnis
-,-,banpt-1156,-,-,MANAJEMEN,MANAJEMEN,S1,BAIK,330,0,Ekonomi & Bisnis
-,-,banpt-268,-,-,BISNIS DIGITAL,BISNIS DIGITAL,S1,BAIK,249,0,Ekonomi & Bisnis
-,-,banpt-268,-,-,KEBIDANAN,KEBIDANAN,S1,BAIK SEKALI,249,0,Ekonomi & Bisnis
-,-,banpt-268,-,-,ILMU KEPERAWATAN,KEPERAWATAN,S1,BAIK SEKALI,249,0,Ekonomi & Bisnis
-,-,banpt-268,-,-,ILMU KESEHATAN MASYARAKAT,KESEHATAN MASYARAKAT,S1,UNGGUL,249,0,Ekonomi & Bisnis
-,-,banpt-268,-,-,PARIWISATA,PARIWISATA,S1,TERAKREDITASI SEMENTARA,249,0,Ekonomi & Bisnis
-,-,banpt-695,-,-,FARMASI,FARMASI,S1,UNGGUL,232,0,Ekonomi & Bisnis
-,-,banpt-695,-,-,ILMU KOMUNIKASI,ILMU KOMUNIKASI,S1,BAIK,232,0,Ekonomi & Bisnis
-,-,banpt-695,-,-,KEBIDANAN,KEBIDANAN,S1,BAIK SEKALI,232,0,Ekonomi & Bisnis
-,-,banpt-695,-,-,KEPERAWATAN,KEPERAWATAN,S1,BAIK SEKALI,232,0,Ekonomi & Bisnis
-,-,banpt-695,-,-,KESEHATAN MASYARAKAT,KESEHATAN MASYARAKAT,S1,BAIK SEKALI,232,0,Ekonomi & Bisnis
-,-,banpt-695,-,-,PSIKOLOGI,PSIKOLOGI,S1,BAIK,232,0,Ekonomi & Bisnis
-,-,banpt-275,-,-,BISNIS DIGITAL,BISNIS DIGITAL,S1,BAIK,178,0,Ekonomi & Bisnis
-,-,banpt-275,-,-,TEKNIK INFORMATIKA,INFORMATIKA,S1,BAIK,178,0,Ekonomi & Bisnis
-,-,banpt-275,-,-,KEBIDANAN,KEBIDANAN,S1,BAIK,178,0,Ekonomi & Bisnis
-,-,banpt-275,-,-,ILMU KESEHATAN MASYARAKAT,KESEHATAN MASYARAKAT,S1,UNGGUL,178,0,Ekonomi & Bisnis
-,-,banpt-275,-,-,SISTEM INFORMASI,SISTEM INFORMASI,S1,BAIK,178,0,Ekonomi & Bisnis
-,-,banpt-1696,-,-,BISNIS DIGITAL,BISNIS DIGITAL,S1,BAIK,383,0,Ekonomi & Bisnis
-,-,banpt-1696,-,-,FARMASI,FARMASI,S1,BAIK SEKALI,383,0,Ekonomi & Bisnis
-,-,banpt-1696,-,-,INFORMATIKA,INFORMATIKA,S1,BAIK,383,0,Ekonomi & Bisnis
-,-,banpt-1696,-,-,ILMU KEPERAWATAN,KEPERAWATAN,S1,BAIK SEKALI,383,0,Ekonomi & Bisnis
-,-,banpt-1696,-,-,KEWIRAUSAHAAN,KEWIRAUSAHAAN,S1,BAIK,383,0,Ekonomi & Bisnis
quipper-562,rencanamu-108,banpt-702,-,FAKULTAS EKONOMI DAN BISNIS,AKUNTANSI,AKUNTANSI,S1,B,252,2,Pendidikan & Keguruan
-,-,banpt-702,-,-,PENDIDIKAN GURU SEKOLAH DASAR,GURU SEKOLAH DASAR,S1,UNGGUL,252,0,Ekonomi & Bisnis
quipper-562,rencanamu-108,banpt-702,-,FAKULTAS HUKUM,ILMU HUKUM,HUKUM,S1,B,252,3,Hukum
quipper-562,rencanamu-108,banpt-702,-,FAKULTAS ILMU KOMUNIKASI,ILMU KOMUNIKASI,ILMU KOMUNIKASI,S1,B,252,0,Ekonomi & Bisnis
quipper-562,rencanamu-108,banpt-702,-,FAKULTAS TEKNIK,TEKNIK INDUSTRI,INDUSTRI,S1,B,252,1,Teknik & Rekayasa
quipper-562,rencanamu-108,banpt-702,-,FAKULTAS TEKNIK,TEKNIK INFORMATIKA,INFORMATIKA,S1,B,252,1,Teknik & Rekayasa
quipper-562,rencanamu-108,banpt-702,-,FAKULTAS TEKNIK,TEKNIK KIMIA,KIMIA,S1,B,252,1,Teknik & Rekayasa
quipper-562,rencanamu-108,banpt-702,-,FAKULTAS TEKNIK,TEKNIK LINGKUNGAN,LINGKUNGAN,S1,B,252,1,Teknik & Rekayasa
quipper-562,rencanamu-108,-,-,FAKULTAS EKONOMI DAN BISNIS,MANAJEMEN,MANAJEMEN,S1,B,252,0,Ekonomi & Bisnis
-,-,banpt-702,-,-,PENDIDIKAN KEPELATIHAN OLAH RAGA,OLAHRAGA,S1,BAIK SEKALI,252,0,Ekonomi & Bisnis
quipper-562,rencanamu-108,banpt-702,-,FAKULTAS TEKNIK,TEKNIK PERMINYAKAN,PERMINYAKAN,S1,C,252,1,Teknik & Rekayasa
quipper-562,rencanamu-108,banpt-702,-,FAKULTAS PSIKOLOGI,PSIKOLOGI,PSIKOLOGI,S1,B,252,0,Ekonomi & Bisnis
quipper-76,-,-,-,FAKULTAS ILMU SOSIAL DAN POLITIK,ILMU ADMINISTRASI,ADMINISTRASI,S1,-,127,0,Ekonomi & Bisnis
-,rencanamu-109,-,-,-,ADMINISTRASI NEGARA,ADMINISTRASI NEGARA,S1,B,127,0,Ekonomi & Bisnis
-,-,banpt-254,-,-,ADMINISTRASI PUBLIK,ADMINISTRASI PUBLIK,S1,BAIK SEKALI,127,0,Ekonomi & Bisnis
quipper-76,rencanamu-109,banpt-254,-,FAKULTAS EKONOMI,AKUNTANSI,AKUNTANSI,S1,B,127,2,Pendidikan & Keguruan
quipper-76,-,-,-,FAKULTAS EKONOMI,ILMU EKONOMI,EKONOMI,S1,-,127,0,Ekonomi & Bisnis
-,rencanamu-109,banpt-254,-,-,EKONOMI PEMBANGUNAN,EKONOMI PEMBANGUNAN,S1,B,127,0,Ekonomi & Bisnis
quipper-76,rencanamu-109,banpt-254,-,FAKULTAS TEKNIK,TEKNIK ELEKTRO,ELEKTRO,S1,B,127,1,Teknik & Rekayasa
quipper-76,rencanamu-109,banpt-254,-,FAKULTAS HUKUM,ILMU HUKUM,HUKUM,S1,B,127,3,Hukum
quipper-76,rencanamu-109,banpt-254,-,FAKULTAS ILMU SOSIAL DAN POLITIK,ILMU KOMUNIKASI,ILMU KOMUNIKASI,S1,A,127,0,Ekonomi & Bisnis
quipper-76,rencanamu-109,banpt-254,-,FAKULTAS TEKNIK,TEKNIK INFORMATIKA,INFORMATIKA,S1,B,127,1,Teknik & Rekayasa
quipper-76,rencanamu-109,banpt-254,-,FAKULTAS EKONOMI,MANAJEMEN,MANAJEMEN,S1,B,127,0,Ekonomi & Bisnis
quipper-76,rencanamu-109,banpt-254,-,FAKULTAS TEKNIK,TEKNIK SIPIL,SIPIL,S1,B,127,1,Teknik & Rekayasa
-,-,banpt-103,-,-,BISNIS DIGITAL,BISNIS DIGITAL,S1,BAIK,236,0,Ekonomi & Bisnis
-,-,banpt-103,-,-,DESAIN KOMUNIKASI VISUAL,DESAIN KOMUNIKASI VISUAL,S1,BAIK SEKALI,236,0,Ekonomi & Bisnis
-,-,banpt-103,-,-,INFORMATIKA,INFORMATIKA,S1,BAIK SEKALI,236,0,Ekonomi & Bisnis
-,-,banpt-103,-,-,PERDAGANGAN INTERNASIONAL,PERDAGANGAN INTERNASIONAL,S1,BAIK,236,0,Ekonomi & Bisnis
-,-,banpt-103,-,-,SISTEM INFORMASI,SISTEM INFORMASI,S1,B,236,0,Ekonomi & Bisnis
-,-,banpt-3566,-,-,ARSITEKTUR,ARSITEKTUR,S1,BAIK,1062,0,Ekonomi & Bisnis
-,-,banpt-3566,-,-,PENDIDIKAN EKONOMI,EKONOMI,S1,BAIK SEKALI,1062,0,Ekonomi & Bisnis
-,-,banpt-3566,-,-,PENDIDIKAN GURU SEKOLAH DASAR,GURU SEKOLAH DASAR,S1,UNGGUL,1062,0,Ekonomi & Bisnis
-,-,banpt-3566,-,-,INFORMATIKA,INFORMATIKA,S1,BAIK,1062,0,Ekonomi & Bisnis
-,-,banpt-3566,-,-,PENDIDIKAN MATEMATIKA,MATEMATIKA,S1,BAIK SEKALI,1062,0,Ekonomi & Bisnis
-,-,banpt-3566,-,-,PENDIDIKAN PANCASILA DAN KEWARGANEGARAAN,PANCASILA KEWARGANEGARAAN,S1,BAIK SEKALI,1062,0,Ekonomi & Bisnis
-,-,banpt-3566,-,-,PENDIDIKAN IPA,PENGETAHUAN ALAM,S1,BAIK,1062,0,Ekonomi & Bisnis
-,-,banpt-3566,-,-,PENDIDIKAN TEKNOLOGI INFORMASI,TEKNOLOGI INFORMASI,S1,B,1062,0,Ekonomi & Bisnis
-,-,banpt-3960,-,-,BIOLOGI,BIOLOGI,S1,BAIK,930,0,Ekonomi & Bisnis
-,-,banpt-3960,-,-,TEKNIK ELEKTRO,ELEKTRO,S1,BAIK,930,0,Ekonomi & Bisnis
-,-,banpt-3960,-,-,ILMU HUKUM,HUKUM,S1,BAIK,930,0,Ekonomi & Bisnis
-,-,banpt-3960,-,-,TEKNIK INFORMATIKA,INFORMATIKA,S1,BAIK,930,0,Ekonomi & Bisnis
-,-,banpt-3960,-,-,PENDIDIKAN KIMIA,KIMIA,S1,BAIK,930,0,Ekonomi & Bisnis
-,-,banpt-3960,-,-,MATEMATIKA,MATEMATIKA,S1,BAIK,930,0,Ekonomi & Bisnis
-,-,banpt-3960,-,-,TEKNIK MESIN,MESIN,S1,BAIK,930,0,Ekonomi & Bisnis
-,-,banpt-3456,-,-,ADMINISTRASI PUBLIK,ADMINISTRASI PUBLIK,S1,BAIK,847,0,Ekonomi & Bisnis
-,rencanamu-110,banpt-3456,-,-,AKUNTANSI,AKUNTANSI,S1,B,847,0,Ekonomi & Bisnis
-,-,banpt-3456,-,-,BIMBINGAN DAN KONSELING,BIMBINGAN KONSELING,S1,BAIK,847,0,Ekonomi & Bisnis
-,-,banpt-3456,-,-,PENDIDIKAN BIOLOGI,BIOLOGI,S1,BAIK,847,0,Ekonomi & Bisnis
-,-,banpt-3456,-,-,BISNIS DIGITAL,BISNIS DIGITAL,S1,BAIK,847,0,Ekonomi & Bisnis
-,-,banpt-3456,-,-,EKONOMI,EKONOMI,S1,BAIK SEKALI,847,0,Ekonomi & Bisnis
-,-,banpt-3456,-,-,TEKNIK ELEKTRO,ELEKTRO,S1,BAIK,847,0,Ekonomi & Bisnis
-,-,banpt-3456,-,-,FARMASI,FARMASI,S1,BAIK,847,0,Ekonomi & Bisnis
-,-,banpt-3456,-,-,PENDIDIKAN GURU PENDIDIKAN ANAK USIA DINI,GURU ANAK USIA DINI,S1,BAIK,847,0,Ekonomi & Bisnis
-,-,banpt-3456,-,-,PENDIDIKAN GURU SEKOLAH DASAR,GURU SEKOLAH DASAR,S1,BAIK,847,0,Ekonomi & Bisnis
-,rencanamu-110,banpt-3456,-,-,ILMU HUKUM,HUKUM,S1,BAIK SEKALI,847,0,Ekonomi & Bisnis
-,-,banpt-3456,-,-,ILMU KOMUNIKASI,ILMU KOMUNIKASI,S1,BAIK,847,0,Ekonomi & Bisnis
-,rencanamu-110,banpt-3456,-,-,TEKNIK INDUSTRI,INDUSTRI,S1,BAIK,847,0,Ekonomi & Bisnis
-,-,banpt-3456,-,-,PENDIDIKAN JASMANI,JASMANI,S1,BAIK,847,0,Ekonomi & Bisnis
-,-,banpt-3456,-,-,KEPERAWATAN,KEPERAWATAN,S1,BAIK,847,0,Ekonomi & Bisnis
-,rencanamu-110,banpt-3456,-,-,ILMU KOMPUTER,KOMPUTER,S1,BAIK SEKALI,847,0,Ekonomi & Bisnis
-,rencanamu-110,banpt-3456,-,-,MANAJEMEN,MANAJEMEN,S1,B,847,0,Ekonomi & Bisnis
-,rencanamu-110,banpt-3456,-,-,PENDIDIKAN MATEMATIKA,MATEMATIKA,S1,BAIK,847,0,Ekonomi & Bisnis
-,-,banpt-3456,-,-,ILMU PEMERINTAHAN,PEMERINTAHAN,S1,BAIK,847,0,Ekonomi & Bisnis
-,-,banpt-3456,-,-,PENDIDIKAN ILMU PENGETAHUAN SOSIAL,PENGETAHUAN SOSIAL,S1,BAIK,847,0,Ekonomi & Bisnis
-,-,banpt-3456,-,-,PSIKOLOGI,PSIKOLOGI,S1,BAIK,847,0,Ekonomi & Bisnis
-,rencanamu-110,banpt-3456,-,-,TEKNIK SIPIL,SIPIL,S1,BAIK,847,0,Ekonomi & Bisnis
-,rencanamu-110,banpt-3456,-,-,SISTEM INFORMASI,SISTEM INFORMASI,S1,BAIK SEKALI,847,0,Ekonomi & Bisnis
-,rencanamu-110,banpt-3456,-,-,STATISTIK,STATISTIK,S1,BAIK,847,0,Ekonomi & Bisnis
-,rencanamu-110,banpt-3456,-,-,PENDIDIKAN TEKNOLOGI INFORMASI,TEKNOLOGI INFORMASI,S1,BAIK,847,0,Ekonomi & Bisnis
-,-,banpt-52,-,-,PENDIDIKAN GURU PENDIDIKAN ANAK USIA DINI,GURU ANAK USIA DINI,S1,B,692,0,Ekonomi & Bisnis
-,-,banpt-52,-,-,PENDIDIKAN GURU SEKOLAH DASAR,GURU SEKOLAH DASAR,S1,UNGGUL,692,0,Ekonomi & Bisnis
-,-,banpt-52,-,-,PENDIDIKAN JASMANI,JASMANI,S1,BAIK SEKALI,692,0,Ekonomi & Bisnis
-,-,banpt-52,-,-,KEBIDANAN,KEBIDANAN,S1,BAIK,692,0,Ekonomi & Bisnis
-,-,banpt-52,-,-,KEPERAWATAN,KEPERAWATAN,S1,BAIK SEKALI,692,0,Ekonomi & Bisnis
-,-,banpt-52,-,-,ILMU KOMPUTER,KOMPUTER,S1,BAIK SEKALI,692,0,Ekonomi & Bisnis
-,-,banpt-52,-,-,PENDIDIKAN MATEMATIKA,MATEMATIKA,S1,BAIK SEKALI,692,0,Ekonomi & Bisnis
-,-,banpt-52,-,-,PENDIDIKAN ILMU PENGETAHUAN ALAM,PENGETAHUAN ALAM,S1,BAIK,692,0,Ekonomi & Bisnis
-,-,banpt-52,-,-,PENDIDIKAN SENI PERTUNJUKAN,SENI,S1,BAIK,692,0,Ekonomi & Bisnis
quipper-449,-,-,-,FAKULTAS EKONOMI,ILMU ADMINISTRASI,ADMINISTRASI,S1,-,564,0,Ekonomi & Bisnis
-,rencanamu-111,-,-,-,ADMINISTRASI BISNIS,ADMINISTRASI BISNIS,S1,B,564,0,Ekonomi & Bisnis
quipper-449,rencanamu-111,banpt-523,-,FAKULTAS EKONOMI,AKUNTANSI,AKUNTANSI,S1,B,564,2,Pendidikan & Keguruan
quipper-449,rencanamu-111,-,-,FAKULTAS EKONOMI,BISNIS,BISNIS,S1,B,564,0,Ekonomi & Bisnis
-,rencanamu-111,banpt-523,-,-,TEKNIK ELEKTRO,ELEKTRO,S1,B,564,0,Ekonomi & Bisnis
quipper-449,rencanamu-111,banpt-523,-,FAKULTAS ILMU KOMUNIKASI,ILMU KOMUNIKASI,ILMU KOMUNIKASI,S1,A,564,0,Ekonomi & Bisnis
quipper-449,rencanamu-111,banpt-523,-,FAKULTAS TEKNIK,TEKNIK INDUSTRI,INDUSTRI,S1,C,564,1,Teknik & Rekayasa
quipper-449,rencanamu-111,banpt-523,-,FAKULTAS ILMU KOMPUTER,TEKNIK INFORMATIKA,INFORMATIKA,S1,B,564,1,Teknik & Rekayasa
quipper-449,rencanamu-111,-,-,FAKULTAS ILMU KOMPUTER,ILMU KOMPUTER,KOMPUTER,S1,B,564,0,Ekonomi & Bisnis
quipper-449,rencanamu-111,banpt-523,-,FAKULTAS EKONOMI,MANAJEMEN,MANAJEMEN,S1,B,564,0,Ekonomi & Bisnis
-,rencanamu-111,-,-,-,MANAJEMEN INFORMATIKA,MANAJEMEN INFORMATIKA,S1,B,564,0,Ekonomi & Bisnis
quipper-449,rencanamu-111,banpt-523,-,FAKULTAS ILMU KEGURUAN DAN ILMU PENDIDIKAN,PENDIDIKAN OLAHRAGA,OLAHRAGA,S1,B,564,0,Ekonomi & Bisnis
quipper-449,rencanamu-111,banpt-523,-,FAKULTAS PSIKOLOGI,PSIKOLOGI,PSIKOLOGI,S1,B,564,0,Ekonomi & Bisnis
quipper-449,rencanamu-111,banpt-523,-,FAKULTAS BAHASA DAN SASTRA,SASTRA INGGRIS,SASTRA INGGRIS,S1,B,564,0,Ekonomi & Bisnis
quipper-449,rencanamu-111,banpt-523,-,FAKULTAS TEKNIK,TEKNIK SIPIL,SIPIL,S1,B,564,1,Teknik & Rekayasa
quipper-449,rencanamu-111,banpt-523,-,FAKULTAS ILMU KOMPUTER,SISTEM INFORMASI,SISTEM INFORMASI,S1,A,564,4,Teknologi Industri
-,-,banpt-682,-,-,AGROTEKNOLOGI,AGROTEKNOLOGI,S1,BAIK,28,0,Ekonomi & Bisnis
-,-,banpt-682,-,-,AKUNTANSI,AKUNTANSI,S1,BAIK SEKALI,28,0,Ekonomi & Bisnis
-,-,banpt-682,-,-,HUKUM,HUKUM,S1,BAIK,28,0,Ekonomi & Bisnis
-,-,banpt-682,-,-,INFORMATIKA,INFORMATIKA,S1,B,28,0,Ekonomi & Bisnis
-,-,banpt-682,-,-,MANAJEMEN,MANAJEMEN,S1,B,28,0,Ekonomi & Bisnis
-,-,banpt-682,-,-,ILMU PERIKANAN,PERIKANAN,S1,BAIK,28,0,Ekonomi & Bisnis
-,-,banpt-682,-,-,REKAYASA SISTEM KOMPUTER,REKAYASA PERANGKAT LUNAK,S1,BAIK SEKALI,28,0,Ekonomi & Bisnis
-,-,banpt-682,-,-,SISTEM INFORMASI,SISTEM INFORMASI,S1,BAIK SEKALI,28,0,Ekonomi & Bisnis
-,-,banpt-2200,-,-,AKUNTANSI,AKUNTANSI,S1,BAIK SEKALI,1050,0,Ekonomi & Bisnis
-,-,banpt-2200,-,-,BISNIS DIGITAL,BISNIS DIGITAL,S1,BAIK,1050,0,Ekonomi & Bisnis
-,-,banpt-2200,-,-,DESAIN KOMUNIKASI VISUAL,DESAIN KOMUNIKASI VISUAL,S1,TERAKREDITASI SEMENTARA,1050,0,Ekonomi & Bisnis
-,-,banpt-2200,-,-,TEKNIK INFORMATIKA,INFORMATIKA,S1,BAIK SEKALI,1050,0,Ekonomi & Bisnis
-,-,banpt-2200,-,-,MANAJEMEN,MANAJEMEN,S1,BAIK SEKALI,1050,0,Ekonomi & Bisnis
-,-,banpt-2200,-,-,REKAYASA PERANGKAT LUNAK,REKAYASA PERANGKAT LUNAK,S1,BAIK,1050,0,Ekonomi & Bisnis
-,-,banpt-2200,-,-,SISTEM INFORMASI,SISTEM INFORMASI,S1,BAIK SEKALI,1050,0,Ekonomi & Bisnis
quipper-276,-,banpt-3224,-,SCHOOL OF ACCOUNTING,AKUNTANSI,AKUNTANSI,S1,B,51,2,Pendidikan & Keguruan
quipper-276,-,banpt-3224,-,FACULTY OF ENGINEERING,ARSITEKTUR,ARSITEKTUR,S1,A,51,0,Ekonomi & Bisnis
quipper-276,-,banpt-3224,-,FACULTY OF ENGINEERING,BIOTEKNOLOGI,BIOTEKNOLOGI,S1,BAIK,51,0,Ekonomi & Bisnis
quipper-276,-,-,-,SCHOOL OF INFORMATION SYSTEMS,ANALITIK BISNIS,BISNIS,S1,-,51,0,Ekonomi & Bisnis
quipper-276,-,banpt-3224,-,DOUBLE DEGREE PROGRAMS,INOVASI BISNIS DIGITAL,BISNIS DIGITAL,S1,BAIK,51,0,Ekonomi & Bisnis
quipper-276,-,-,-,DOUBLE DEGREE PROGRAMS,DESAIN DAN TEKNOLOGI INTERAKTIF,DESAIN,S1,-,51,0,Ekonomi & Bisnis
quipper-276,-,banpt-3224,-,SCHOOL OF DESIGN,DESAIN INTERIOR,DESAIN INTERIOR,S1,BAIK,51,0,Ekonomi & Bisnis
quipper-276,-,banpt-3224,-,SCHOOL OF DESIGN,DESAIN KOMUNIKASI VISUAL,DESAIN KOMUNIKASI VISUAL,S1,BAIK,51,0,Ekonomi & Bisnis
-,-,banpt-3224,-,-,DESAIN PRODUK,DESAIN PRODUK,S1,B,51,0,Ekonomi & Bisnis
quipper-276,-,banpt-3224,-,SCHOOL OF DESIGN,FILM,FILM,S1,B,51,0,Ekonomi & Bisnis
quipper-276,-,banpt-3224,-,FACULTY OF HUMANITIES,PENDIDIKAN GURU SEKOLAH DASAR,GURU SEKOLAH DASAR,S1,UNGGUL,51,0,Ekonomi & Bisnis
quipper-276,-,banpt-3224,-,FACULTY OF HUMANITIES,HUBUNGAN INTERNASIONAL,HUBUNGAN INTERNASIONAL,S1,UNGGUL,51,0,Ekonomi & Bisnis
quipper-276,-,banpt-3224,-,FACULTY OF DIGITAL COMMUNICATION AND HOTEL & TOURISM,HUBUNGAN MASYARAKAT,HUBUNGAN MASYARAKAT,S1,B,51,0,Ekonomi & Bisnis
quipper-276,-,banpt-3224,-,FACULTY OF HUMANITIES,HUKUM,HUKUM,S1,UNGGUL,51,3,Hukum
quipper-276,-,banpt-3224,-,FACULTY OF DIGITAL COMMUNICATION AND HOTEL & TOURISM,KOMUNIKASI,ILMU KOMUNIKASI,S1,A,51,0,Ekonomi & Bisnis
quipper-276,-,banpt-3224,-,FACULTY OF ENGINEERING,TEKNIK INDUSTRI,INDUSTRI,S1,B,51,0,Ekonomi & Bisnis
quipper-276,-,banpt-3224,-,SCHOOL OF COMPUTER SCIENCE,KEAMANAN SIBER,INFORMATIKA,S1,BAIK SEKALI,51,1,Teknik & Rekayasa
quipper-276,-,-,-,SCHOOL OF ACCOUNTING,KEUANGAN,KEUANGAN,S1,-,51,0,Ekonomi & Bisnis
quipper-276,-,banpt-3224,-,BUSINESS SCHOOL,KEWIRASWASTAAN,KEWIRAUSAHAAN,S1,UNGGUL,51,0,Ekonomi & Bisnis
quipper-276,-,-,-,FACULTY OF ENGINEERING,TEKNIK KOMPUTER,KOMPUTER,S1,-,51,0,Ekonomi & Bisnis
-,-,banpt-3224,-,-,MANAJEMEN,MANAJEMEN,S1,UNGGUL,51,0,Ekonomi & Bisnis
quipper-276,-,-,-,BUSINESS SCHOOL,MANAJEMEN BISNIS INTERNASIONAL,MANAJEMEN BISNIS INTERNASIONAL,S1,-,51,0,Ekonomi & Bisnis
quipper-276,-,banpt-3224,-,DOUBLE DEGREE PROGRAMS,ILMU KOMPUTER DAN MATEMATIKA,MATEMATIKA,S1,UNGGUL,51,0,Ekonomi & Bisnis
quipper-276,-,banpt-3224,-,FACULTY OF DIGITAL COMMUNICATION AND HOTEL & TOURISM,PARIWISATA,PARIWISATA,S1,B,51,0,Ekonomi & Bisnis
quipper-276,-,-,-,BUSINESS SCHOOL,PEMASARAN BISNIS GLOBAL,PEMASARAN,S1,-,51,0,Ekonomi & Bisnis
-,-,banpt-3224,-,-,PERDAGANGAN INTERNASIONAL,PERDAGANGAN INTERNASIONAL,S1,BAIK,51,0,Ekonomi & Bisnis
-,-,banpt-3224,-,-,TEKNIK INDUSTRI KAMPUS KOTA SEMARANG,PERENCANAAN WILAYAH KOTA,S1,BAIK,51,0,Ekonomi & Bisnis
quipper-276,-,-,-,FACULTY OF DIGITAL COMMUNICATION AND HOTEL & TOURISM,MANAJEMEN HOTEL,PERHOTELAN,S1,-,51,0,Ekonomi & Bisnis
quipper-276,-,-,-,SCHOOL OF ACCOUNTING,PERPAJAKAN,PERPAJAKAN,S1,-,51,0,Ekonomi & Bisnis
quipper-276,-,banpt-3224,-,FACULTY OF HUMANITIES,PSIKOLOGI,PSIKOLOGI,S1,UNGGUL,51,0,Ekonomi & Bisnis
quipper-276,-,banpt-3224,-,FACULTY OF HUMANITIES,SASTRA CINA,SASTRA CINA,S1,A,51,0,Ekonomi & Bisnis
-,-,banpt-3224,-,-,SASTRA INGGRIS,SASTRA INGGRIS,S1,UNGGUL,51,0,Ekonomi & Bisnis
quipper-276,-,banpt-3224,-,FACULTY OF HUMANITIES,SASTRA JEPANG,SASTRA JEPANG,S1,UNGGUL,51,0,Ekonomi & Bisnis
quipper-276,-,banpt-3224,-,FACULTY OF ENGINEERING,TEKNIK SIPIL,SIPIL,S1,UNGGUL,51,5,Sains & Teknologi
quipper-276,-,banpt-3224,-,MASTER TRACK PROGRAMS,MANAJEMEN SISTEM INFORMASI,SISTEM INFORMASI,S1,UNGGUL,51,4,Teknologi Industri
quipper-276,-,-,-,DOUBLE DEGREE PROGRAMS,SISTEM INFORMASI DAN AKUNTANSI,SISTEM INFORMASI AKUNTANSI,S1,-,51,0,Ekonomi & Bisnis
-,-,banpt-3224,-,-,SISTEM KOMPUTER,SISTEM KOMPUTER,S1,UNGGUL,51,0,Ekonomi & Bisnis
quipper-276,-,banpt-3224,-,DOUBLE DEGREE PROGRAMS,ILMU KOMPUTER DAN STATISTIK,STATISTIK,S1,B,51,0,Ekonomi & Bisnis
quipper-276,-,-,-,MASTER TRACK PROGRAMS,TEKNOLOGI INFORMASI,TEKNOLOGI INFORMASI,S1,-,51,0,Ekonomi & Bisnis
quipper-276,-,banpt-3224,-,FACULTY OF ENGINEERING,TEKNOLOGI PANGAN,TEKNOLOGI PANGAN,S1,UNGGUL,51,0,Ekonomi & Bisnis
-,-,banpt-475,-,-,AKUNTANSI,AKUNTANSI,S1,BAIK SEKALI,1145,0,Ekonomi & Bisnis
-,-,banpt-475,-,-,TEKNIK ELEKTRO,ELEKTRO,S1,BAIK,1145,0,Ekonomi & Bisnis
-,-,banpt-475,-,-,HUKUM BISNIS,HUKUM,S1,TERAKREDITASI SEMENTARA,1145,0,Ekonomi & Bisnis
-,-,banpt-475,-,-,ILMU KOMUNIKASI,ILMU KOMUNIKASI,S1,BAIK,1145,0,Ekonomi & Bisnis
-,-,banpt-475,-,-,TEKNIK INDUSTRI,INDUSTRI,S1,BAIK SEKALI,1145,0,Ekonomi & Bisnis
-,-,banpt-475,-,-,INFORMATIKA KAMPUS KOTA PONTIANAK,INFORMATIKA,S1,BAIK SEKALI,1145,0,Ekonomi & Bisnis
-,-,banpt-475,-,-,MANAJEMEN,MANAJEMEN,S1,BAIK SEKALI,1145,0,Ekonomi & Bisnis
-,-,banpt-475,-,-,PARIWISATA,PARIWISATA,S1,TERAKREDITASI SEMENTARA,1145,0,Ekonomi & Bisnis
-,-,banpt-475,-,-,REKAYASA PERANGKAT LUNAK,REKAYASA PERANGKAT LUNAK,S1,UNGGUL,1145,0,Ekonomi & Bisnis
-,-,banpt-475,-,-,SASTRA INGGRIS,SASTRA INGGRIS,S1,B,1145,0,Ekonomi & Bisnis
-,-,banpt-475,-,-,SISTEM INFORMASI KAMPUS KOTA PONTIANAK,SISTEM INFORMASI,S1,BAIK SEKALI,1145,0,Ekonomi & Bisnis
-,-,banpt-475,-,-,TEKNOLOGI INFORMASI,TEKNOLOGI INFORMASI,S1,UNGGUL,1145,0,Ekonomi & Bisnis
-,-,banpt-1553,-,-,INFORMATIKA,INFORMATIKA,S1,BAIK,349,0,Ekonomi & Bisnis
-,-,banpt-1553,-,-,KEBIDANAN,KEBIDANAN,S1,BAIK SEKALI,349,0,Ekonomi & Bisnis
-,-,banpt-1553,-,-,ILMU KEPERAWATAN,KEPERAWATAN,S1,UNGGUL,349,0,Ekonomi & Bisnis
-,-,banpt-3049,-,-,ILMU ADMINISTRASI NEGARA,ADMINISTRASI NEGARA,S1,BAIK SEKALI,148,0,Ekonomi & Bisnis
-,-,banpt-3049,-,-,ILMU ADMINISTRASI NIAGA,ADMINISTRASI NIAGA,S1,BAIK SEKALI,148,0,Ekonomi & Bisnis
-,-,banpt-3049,-,-,ARSITEKTUR,ARSITEKTUR,S1,BAIK,148,0,Ekonomi & Bisnis
-,-,banpt-3049,-,-,HUKUM BISNIS,HUKUM,S1,BAIK,148,0,Ekonomi & Bisnis
-,-,banpt-3049,-,-,PERENCANAAN WILAYAH,PERENCANAAN WILAYA KOTA,S1,BAIK,148,0,Ekonomi & Bisnis
-,-,banpt-3049,-,-,TEKNIK SIPIL,SIPIL,S1,BAIK,148,0,Ekonomi & Bisnis
-,-,banpt-3059,-,-,AKUNTANSI,AKUNTANSI,S1,BAIK,1041,0,Ekonomi & Bisnis
-,-,banpt-3059,-,-,TEKNIK INFORMATIKA,INFORMATIKA,S1,BAIK,1041,0,Ekonomi & Bisnis
-,-,banpt-3059,-,-,MANAJEMEN,MANAJEMEN,S1,BAIK SEKALI,1041,0,Ekonomi & Bisnis
-,-,banpt-3059,-,-,SISTEM INFORMASI,SISTEM INFORMASI,S1,BAIK SEKALI,1041,0,Ekonomi & Bisnis
-,-,banpt-3059,-,-,TEKNOLOGI INFORMASI,TEKNOLOGI INFORMASI,S1,BAIK,1041,0,Ekonomi & Bisnis
quipper-295,rencanamu-112,banpt-2740,-,FAKULTAS SAINS DAN TEKNOLOGI,AKTUARIA,AKTUARIA,S1,TIDAK TERAKREDITASI,235,5,Sains & Teknologi
-,rencanamu-112,-,-,-,BIOTEKNOLOGI,BIOTEKNOLOGI,S1,-,235,0,Ekonomi & Bisnis
-,-,banpt-2740,-,-,BISNIS DIGITAL,BISNIS DIGITAL,S1,BAIK,235,0,Ekonomi & Bisnis
quipper-295,rencanamu-112,banpt-2740,-,FAKULTAS SAINS DAN TEKNOLOGI,FARMASI,FARMASI,S1,BAIK SEKALI,235,5,Sains & Teknologi
-,rencanamu-112,-,-,-,TEKNIK FISIKA,FISIKA,S1,-,235,0,Ekonomi & Bisnis
quipper-295,rencanamu-112,-,-,FAKULTAS FISIOTERAPI,FISIOTERAPI,FISIOTERAPI,S1,B,235,0,Ekonomi & Bisnis
quipper-295,rencanamu-112,banpt-2740,-,FAKULTAS KESEHATAN MASYARAKAT,GIZI,GIZI,S1,B,235,0,Ekonomi & Bisnis
quipper-295,rencanamu-112,-,-,FAKULTAS SAINS DAN TEKNOLOGI,TEKNOLOGI LABORATORIUM MEDIS,INFORMATIKA MEDIS,S1,-,235,5,Sains & Teknologi
quipper-295,-,banpt-2740,-,FAKULTAS KEPERAWATAN DAN KEBIDANAN,KEBIDANAN,KEBIDANAN,S1,BAIK,235,0,Ekonomi & Bisnis
quipper-295,rencanamu-112,banpt-2740,-,FAKULTAS KEPERAWATAN DAN KEBIDANAN,ILMU KEPERAWATAN,KEPERAWATAN,S1,B,235,0,Ekonomi & Bisnis
quipper-295,rencanamu-112,banpt-2740,-,FAKULTAS SOSIAL DAN HUMANIORA,KESEJAHTERAAN SOSIAL,KESEJAHTERAAN SOSIAL,S1,BAIK,235,0,Ekonomi & Bisnis
quipper-295,rencanamu-112,banpt-2740,-,FAKULTAS KESEHATAN MASYARAKAT,TEKNIK LINGKUNGAN,LINGKUNGAN,S1,BAIK,235,0,Ekonomi & Bisnis
quipper-295,rencanamu-112,banpt-2740,-,FAKULTAS EKONOMI BISNIS,MANAJEMEN,MANAJEMEN,S1,C,235,0,Ekonomi & Bisnis
quipper-295,rencanamu-112,banpt-2740,-,FAKULTAS SOSIAL DAN HUMANIORA,PSIKOLOGI,PSIKOLOGI,S1,BAIK,235,0,Ekonomi & Bisnis
-,-,banpt-2966,-,-,ADMINISTRASI PUBLIK,ADMINISTRASI PUBLIK,S1,B,786,0,Ekonomi & Bisnis
-,-,banpt-2966,-,-,AGRIBISNIS,AGRIBISNIS,S1,B,786,0,Ekonomi & Bisnis
-,-,banpt-2966,-,-,EKONOMI PEMBANGUNAN,EKONOMI PEMBANGUNAN,S1,BAIK SEKALI,786,0,Ekonomi & Bisnis
-,-,banpt-2966,-,-,HUKUM,HUKUM,S1,B,786,0,Ekonomi & Bisnis
-,-,banpt-2966,-,-,TEKNIK INDUSTRI,INDUSTRI,S1,BAIK,786,0,Ekonomi & Bisnis
-,-,banpt-2966,-,-,KIMIA,KIMIA,S1,BAIK,786,0,Ekonomi & Bisnis
-,-,banpt-2966,-,-,ILMU LINGKUNGAN,LINGKUNGAN,S1,BAIK,786,0,Ekonomi & Bisnis
-,-,banpt-2966,-,-,MANAJEMEN RITEL,MANAJEMEN RITEL,S1,BAIK,786,0,Ekonomi & Bisnis
-,-,banpt-2966,-,-,TEKNIK SIPIL,SIPIL,S1,BAIK,786,0,Ekonomi & Bisnis
-,-,banpt-2528,-,-,ILMU ADMINISTRASI NEGARA,ADMINISTRASI NEGARA,S1,BAIK,1350,0,Ekonomi & Bisnis
-,-,banpt-2528,-,-,AGRIBISNIS,AGRIBISNIS,S1,BAIK,1350,0,Ekonomi & Bisnis
-,-,banpt-2528,-,-,BIMBINGAN DAN KONSELING,BIMBINGAN KONSELING,S1,BAIK,1350,0,Ekonomi & Bisnis
-,-,banpt-2528,-,-,HUKUM KELUARGA,HUKUM,S1,BAIK,1350,0,Ekonomi & Bisnis
-,-,banpt-2528,-,-,PENDIDIKAN MATEMATIKA,MATEMATIKA,S1,BAIK SEKALI,1350,0,Ekonomi & Bisnis
-,-,banpt-2528,-,-,TEKNIK SIPIL,SIPIL,S1,BAIK,1350,0,Ekonomi & Bisnis
-,-,banpt-1736,-,-,ADMINISTRASI RUMAH SAKIT,ADMINISTRASI RUMAH SAKIT,S1,BAIK,205,0,Ekonomi & Bisnis
-,-,banpt-1736,-,-,BISNIS DIGITAL,BISNIS DIGITAL,S1,BAIK,205,0,Ekonomi & Bisnis
-,-,banpt-1736,-,-,FARMASI,FARMASI,S1,BAIK SEKALI,205,0,Ekonomi & Bisnis
-,-,banpt-1736,-,-,GIZI,GIZI,S1,BAIK,205,0,Ekonomi & Bisnis
-,-,banpt-1736,-,-,PENDIDIKAN GURU SEKOLAH DASAR,GURU SEKOLAH DASAR,S1,BAIK,205,0,Ekonomi & Bisnis
-,-,banpt-1736,-,-,HUKUM,HUKUM,S1,BAIK,205,0,Ekonomi & Bisnis
-,-,banpt-1736,-,-,MANAJEMEN,MANAJEMEN,S1,BAIK,205,0,Ekonomi & Bisnis
-,rencanamu-113,banpt-1001,-,-,AGRIBISNIS,AGRIBISNIS,S1,B,156,0,Ekonomi & Bisnis
-,rencanamu-113,banpt-1001,-,-,AGROTEKNOLOGI,AGROTEKNOLOGI,S1,B,156,0,Ekonomi & Bisnis
-,rencanamu-113,banpt-1001,-,-,AKUNTANSI,AKUNTANSI,S1,B,156,0,Ekonomi & Bisnis
-,rencanamu-113,banpt-1001,-,-,ARSITEKTUR,ARSITEKTUR,S1,B,156,0,Ekonomi & Bisnis
-,rencanamu-113,banpt-1001,-,-,ILMU HUKUM,HUKUM,S1,B,156,0,Ekonomi & Bisnis
-,rencanamu-113,banpt-1001,-,-,TEKNIK INDUSTRI,INDUSTRI,S1,C,156,0,Ekonomi & Bisnis
-,-,banpt-1001,-,-,TEKNIK INFORMATIKA,INFORMATIKA,S1,BAIK SEKALI,156,0,Ekonomi & Bisnis
-,rencanamu-113,banpt-1001,-,-,ILMU KEPERAWATAN,KEPERAWATAN,S1,C,156,0,Ekonomi & Bisnis
-,rencanamu-113,banpt-1001,-,-,MANAJEMEN,MANAJEMEN,S1,A,156,0,Ekonomi & Bisnis
-,rencanamu-113,banpt-1001,-,-,ILMU PSIKOLOGI,PSIKOLOGI,S1,C,156,0,Ekonomi & Bisnis
-,rencanamu-113,banpt-1001,-,-,TEKNIK SIPIL,SIPIL,S1,B,156,0,Ekonomi & Bisnis
-,rencanamu-113,banpt-1001,-,-,SISTEM INFORMASI,SISTEM INFORMASI,S1,C,156,0,Ekonomi & Bisnis
-,rencanamu-113,banpt-1001,-,-,SISTEM KOMPUTER,SISTEM KOMPUTER,S1,C,156,0,Ekonomi & Bisnis
-,-,banpt-3889,-,-,ILMU ADMINISTRASI NEGARA,ADMINISTRASI NEGARA,S1,BAIK SEKALI,43,0,Ekonomi & Bisnis
-,-,banpt-3889,-,-,ADMINISTRASI PUBLIK,ADMINISTRASI PUBLIK,S1,BAIK SEKALI,43,0,Ekonomi & Bisnis
-,-,banpt-3889,-,-,AGRIBISNIS,AGRIBISNIS,S1,BAIK SEKALI,43,0,Ekonomi & Bisnis
-,-,banpt-3889,-,-,AGROTEKNOLOGI,AGROTEKNOLOGI,S1,UNGGUL,43,0,Ekonomi & Bisnis
-,-,banpt-3889,-,-,AKUNTANSI,AKUNTANSI,S1,BAIK SEKALI,43,0,Ekonomi & Bisnis
-,-,banpt-3889,-,-,ARSITEKTUR,ARSITEKTUR,S1,B,43,0,Ekonomi & Bisnis
-,-,banpt-3889,-,-,BUDIDAYA PERAIRAN,BUDIDAYA PERAIRAN,S1,BAIK SEKALI,43,0,Ekonomi & Bisnis
-,-,banpt-3889,-,-,TEKNIK GEOLOGI,GEOLOGI,S1,BAIK,43,0,Ekonomi & Bisnis
-,-,banpt-3889,-,-,PENDIDIKAN GURU SEKOLAH DASAR,GURU SEKOLAH DASAR,S1,UNGGUL,43,0,Ekonomi & Bisnis
-,-,banpt-3889,-,-,ILMU HUBUNGAN INTERNASIONAL,HUBUNGAN INTERNASIONAL,S1,BAIK SEKALI,43,0,Ekonomi & Bisnis
-,-,banpt-3889,-,-,ILMU HUKUM,HUKUM,S1,BAIK SEKALI,43,0,Ekonomi & Bisnis
-,-,banpt-3889,-,-,PENDIDIKAN DOKTER,KEDOKTERAN,S1,B,43,0,Ekonomi & Bisnis
-,-,banpt-3889,-,-,TEKNIK KIMIA,KIMIA,S1,BAIK SEKALI,43,0,Ekonomi & Bisnis
-,-,banpt-3889,-,-,TEKNIK LINGKUNGAN,LINGKUNGAN,S1,BAIK,43,0,Ekonomi & Bisnis
-,-,banpt-3889,-,-,MANAJEMEN,MANAJEMEN,S1,BAIK,43,0,Ekonomi & Bisnis
-,-,banpt-3889,-,-,PENDIDIKAN MATEMATIKA,MATEMATIKA,S1,BAIK SEKALI,43,0,Ekonomi & Bisnis
-,-,banpt-3889,-,-,PENDIDIKAN PANCASILA DAN KEWARGANEGARAAN,PANCASILA KEWARGANEGARAAN,S1,BAIK SEKALI,43,0,Ekonomi & Bisnis
-,-,banpt-3889,-,-,PENDIDIKAN ILMU PENGETAHUAN ALAM,PENGETAHUAN ALAM,S1,BAIK,43,0,Ekonomi & Bisnis
-,-,banpt-3889,-,-,PERENCANAAN WILAYAH DAN KOTA,PERENCANAAN WILAYAH KOTA,S1,UNGGUL,43,0,Ekonomi & Bisnis
-,-,banpt-3889,-,-,TEKNIK PERTAMBANGAN,PERTAMBANGAN,S1,BAIK,43,0,Ekonomi & Bisnis
-,-,banpt-3889,-,-,PETERNAKAN,PETERNAKAN,S1,BAIK SEKALI,43,0,Ekonomi & Bisnis
-,-,banpt-3889,-,-,PSIKOLOGI,PSIKOLOGI,S1,B,43,0,Ekonomi & Bisnis
-,-,banpt-3889,-,-,SASTRA INGGRIS,SASTRA INGGRIS,S1,BAIK,43,0,Ekonomi & Bisnis
-,-,banpt-3889,-,-,TEKNIK SIPIL,SIPIL,S1,BAIK SEKALI,43,0,Ekonomi & Bisnis
-,-,banpt-3889,-,-,SOSIOLOGI,SOSIOLOGI,S1,BAIK SEKALI,43,0,Ekonomi & Bisnis
-,-,banpt-3889,-,-,TEKNOLOGI INFORMASI,TEKNOLOGI INFORMASI,S1,TIDAK TERAKREDITASI,43,0,Ekonomi & Bisnis
-,-,banpt-3889,-,-,TEKNOLOGI PANGAN,TEKNOLOGI PANGAN,S1,BAIK SEKALI,43,0,Ekonomi & Bisnis
-,rencanamu-114,banpt-285,-,-,AGROTEKNOLOGI,AGROTEKNOLOGI,S1,C,884,0,Ekonomi & Bisnis
-,rencanamu-114,banpt-285,-,-,AKUNTANSI,AKUNTANSI,S1,B,884,0,Ekonomi & Bisnis
-,rencanamu-114,banpt-285,-,-,ILMU HUKUM,HUKUM,S1,B,884,0,Ekonomi & Bisnis
-,-,banpt-285,-,-,ILMU KOMUNIKASI,ILMU KOMUNIKASI,S1,BAIK,884,0,Ekonomi & Bisnis
-,rencanamu-114,banpt-285,-,-,TEKNIK INFORMATIKA,INFORMATIKA,S1,C,884,0,Ekonomi & Bisnis
-,rencanamu-114,banpt-285,-,-,MANAJEMEN,MANAJEMEN,S1,B,884,0,Ekonomi & Bisnis
-,rencanamu-114,banpt-285,-,-,ILMU PETERNAKAN,PETERNAKAN,S1,B,884,0,Ekonomi & Bisnis
-,-,banpt-153,-,-,AKUNTANSI,AKUNTANSI,S1,BAIK SEKALI,782,0,Ekonomi & Bisnis
-,-,banpt-153,-,-,INFORMATIKA,INFORMATIKA,S1,BAIK,782,0,Ekonomi & Bisnis
-,-,banpt-153,-,-,MANAJEMEN,MANAJEMEN,S1,BAIK SEKALI,782,0,Ekonomi & Bisnis
-,-,banpt-153,-,-,SAINS DATA,SAINS DATA,S1,BAIK,782,0,Ekonomi & Bisnis
-,-,banpt-153,-,-,SISTEM INFORMASI,SISTEM INFORMASI,S1,BAIK,782,0,Ekonomi & Bisnis
-,rencanamu-115,-,-,-,ADMINISTRASI PERKANTORAN,ADMINISTRASI,S1,-,16,0,Ekonomi & Bisnis
-,rencanamu-115,-,-,-,ADMINISTRASI BISNIS,ADMINISTRASI BISNIS,S1,-,16,0,Ekonomi & Bisnis
-,rencanamu-115,-,-,-,AKUNTANSI,AKUNTANSI,S1,C,16,0,Ekonomi & Bisnis
-,rencanamu-115,-,-,-,DESAIN DAN KOMUNIKASI VISUAL,DESAIN KOMUNIKASI VISUAL,S1,B,16,0,Ekonomi & Bisnis
-,rencanamu-115,-,-,-,TEKNIK ELEKTRO,ELEKTRO,S1,-,16,0,Ekonomi & Bisnis
-,rencanamu-115,-,-,-,HUBUNGAN MASYARAKAT,HUBUNGAN MASYARAKAT,S1,-,16,0,Ekonomi & Bisnis
-,rencanamu-115,-,-,-,ILMU KOMUNIKASI,ILMU KOMUNIKASI,S1,B,16,0,Ekonomi & Bisnis
-,rencanamu-115,-,-,-,TEKNIK INDUSTRI,INDUSTRI,S1,-,16,0,Ekonomi & Bisnis
-,rencanamu-115,-,-,-,TEKNIK INFORMATIKA,INFORMATIKA,S1,B,16,0,Ekonomi & Bisnis
-,rencanamu-115,-,-,-,MANAJEMEN,MANAJEMEN,S1,-,16,0,Ekonomi & Bisnis
-,rencanamu-115,-,-,-,PERIKLANAN,PEMASARAN,S1,-,16,0,Ekonomi & Bisnis
-,rencanamu-115,-,-,-,MANAJEMEN PERPAJAKAN,PERPAJAKAN,S1,-,16,0,Ekonomi & Bisnis
-,rencanamu-115,-,-,-,REKAYASA PERANGKAT LUNAK,REKAYASA PERANGKAT LUNAK,S1,-,16,0,Ekonomi & Bisnis
-,rencanamu-115,-,-,-,SASTRA INGGRIS,SASTRA INGGRIS,S1,-,16,0,Ekonomi & Bisnis
-,rencanamu-115,-,-,-,PENGINDRAAN JAUH DAN SISTEM INFORMASI GEOGRAFIS,SISTEM INFORMASI,S1,B,16,0,Ekonomi & Bisnis
-,rencanamu-115,-,-,-,SISTEM INFORMASI AKUNTANSI,SISTEM INFORMASI AKUNTANSI,S1,-,16,0,Ekonomi & Bisnis
-,-,banpt-2949,-,-,ILMU ADMINITRASI NIAGA,ADMINISTRASI,S1,BAIK,619,0,Ekonomi & Bisnis
-,-,banpt-2949,-,-,ADMINISTRASI BISNIS,ADMINISTRASI BISNIS,S1,BAIK,619,0,Ekonomi & Bisnis
quipper-454,-,banpt-2949,-,FAKULTAS BISNIS,AKUNTANSI,AKUNTANSI,S1,B,619,2,Pendidikan & Keguruan
-,-,banpt-2949,-,-,TEKNIK ELEKTRO,ELEKTRO,S1,BAIK,619,0,Ekonomi & Bisnis
quipper-454,-,banpt-2949,-,FAKULTAS SOSIAL DAN HUMANIORA,ILMU KOMUNIKASI,ILMU KOMUNIKASI,S1,BAIK,619,0,Ekonomi & Bisnis
quipper-454,-,banpt-2949,-,FAKULTAS SAINS DAN TEKNOLOGI,TEKNIK INDUSTRI,INDUSTRI,S1,BAIK,619,5,Sains & Teknologi
quipper-454,-,banpt-2949,-,FAKULTAS SAINS DAN TEKNOLOGI,TEKNIK INFORMATIKA,INFORMATIKA,S1,BAIK SEKALI,619,1,Teknik & Rekayasa
quipper-454,-,banpt-2949,-,FAKULTAS BISNIS,MANAJEMEN,MANAJEMEN,S1,BAIK SEKALI,619,0,Ekonomi & Bisnis
-,-,banpt-2949,-,-,TEKNIK PERANGKAT LUNAK,REKAYASA PERANGKAT LUNAK,S1,BAIK,619,0,Ekonomi & Bisnis
quipper-454,-,banpt-2949,-,FAKULTAS SOSIAL DAN HUMANIORA,SASTRA INGGRIS,SASTRA INGGRIS,S1,B,619,0,Ekonomi & Bisnis
quipper-454,-,banpt-2949,-,FAKULTAS SAINS DAN TEKNOLOGI,SISTEM INFORMASI,SISTEM INFORMASI,S1,BAIK,619,4,Teknologi Industri
-,-,banpt-2309,-,-,TEKNIK INFORMATIKA,INFORMATIKA,S1,BAIK SEKALI,141,0,Ekonomi & Bisnis
-,-,banpt-2309,-,-,MANAJEMEN RETAIL,MANAJEMEN RITEL,S1,BAIK,141,0,Ekonomi & Bisnis
-,-,banpt-2309,-,-,SISTEM INFORMASI,SISTEM INFORMASI,S1,BAIK,141,0,Ekonomi & Bisnis
-,-,banpt-2309,-,-,PENDIDIKAN TEKNOLOGI INFORMASI,TEKNOLOGI INFORMASI,S1,BAIK,141,0,Ekonomi & Bisnis
quipper-18,rencanamu-116,banpt-1015,-,FAKULTAS EKONOMI DAN BISNIS,AKUNTANSI,AKUNTANSI,S1,B,238,2,Pendidikan & Keguruan
quipper-18,rencanamu-116,banpt-1015,-,FAKULTAS TEKNIK,ARSITEKTUR,ARSITEKTUR,S1,B,238,1,Teknik & Rekayasa
quipper-18,-,banpt-1015,-,FAKULTAS KOMUNIKASI DAN DESAIN KREATIF,DESAIN KOMUNIKASI VISUAL,DESAIN KOMUNIKASI VISUAL,S1,BAIK,238,0,Ekonomi & Bisnis
quipper-18,rencanamu-116,banpt-1015,-,FAKULTAS TEKNIK,TEKNIK ELEKTRO,ELEKTRO,S1,B,238,1,Teknik & Rekayasa
quipper-18,rencanamu-116,banpt-1015,-,FAKULTAS ILMU SOSIAL DAN ILMU POLITIK,HUBUNGAN INTERNASIONAL,HUBUNGAN INTERNASIONAL,S1,B,238,0,Ekonomi & Bisnis
quipper-18,rencanamu-116,banpt-1015,-,FAKULTAS KOMUNIKASI DAN DESAIN KREATIF,ILMU KOMUNIKASI,ILMU KOMUNIKASI,S1,B,238,0,Ekonomi & Bisnis
quipper-18,rencanamu-116,banpt-1015,-,FAKULTAS TEKNOLOGI INFORMASI,TEKNIK INFORMATIKA,INFORMATIKA,S1,B,238,1,Teknik & Rekayasa
quipper-18,-,-,-,FAKULTAS TEKNOLOGI INFORMASI,ILMU KOMPUTER,KOMPUTER,S1,-,238,0,Ekonomi & Bisnis
quipper-18,rencanamu-116,banpt-1015,-,FAKULTAS ILMU SOSIAL DAN ILMU POLITIK,KRIMINOLOGI,KRIMINOLOGI,S1,B,238,0,Ekonomi & Bisnis
quipper-18,rencanamu-116,banpt-1015,-,FAKULTAS EKONOMI DAN BISNIS,MANAJEMEN,MANAJEMEN,S1,B,238,0,Ekonomi & Bisnis
quipper-18,rencanamu-116,-,-,FAKULTAS TEKNOLOGI INFORMASI,MANAJEMEN INFORMATIKA,MANAJEMEN INFORMATIKA,S1,B,238,0,Ekonomi & Bisnis
-,-,banpt-1015,-,-,PARIWISATA,PARIWISATA,S1,TERAKREDITASI SEMENTARA,238,0,Ekonomi & Bisnis
quipper-18,-,-,-,FAKULTAS EKONOMI DAN BISNIS,sekretariat,SEKRETARIAT,S1,-,238,0,Ekonomi & Bisnis
quipper-18,rencanamu-116,banpt-1015,-,FAKULTAS TEKNOLOGI INFORMASI,SISTEM INFORMASI,SISTEM INFORMASI,S1,B,238,4,Teknologi Industri
quipper-18,rencanamu-116,banpt-1015,-,FAKULTAS TEKNOLOGI INFORMASI,SISTEM KOMPUTER,SISTEM KOMPUTER,S1,B,238,0,Ekonomi & Bisnis
-,-,banpt-3293,-,-,AKUNTANSI,AKUNTANSI,S1,BAIK,1489,0,Ekonomi & Bisnis
-,-,banpt-3293,-,-,ARSITEKTUR,ARSITEKTUR,S1,BAIK,1489,0,Ekonomi & Bisnis
-,-,banpt-3293,-,-,PENDIDIKAN FISIKA,FISIKA,S1,BAIK,1489,0,Ekonomi & Bisnis
-,-,banpt-3293,-,-,ILMU KOMUNIKASI,ILMU KOMUNIKASI,S1,B,1489,0,Ekonomi & Bisnis
-,-,banpt-3293,-,-,PENDIDIKAN JASMANI,JASMANI,S1,BAIK,1489,0,Ekonomi & Bisnis
-,-,banpt-3293,-,-,KESEHATAN MASYARAKAT,KESEHATAN MASYARAKAT,S1,BAIK SEKALI,1489,0,Ekonomi & Bisnis
-,-,banpt-3293,-,-,PENDIDIKAN KIMIA,KIMIA,S1,BAIK SEKALI,1489,0,Ekonomi & Bisnis
-,-,banpt-3293,-,-,PENDIDIKAN MATEMATIKA,MATEMATIKA,S1,BAIK,1489,0,Ekonomi & Bisnis
-,-,banpt-3293,-,-,ILMU PEMERINTAHAN,PEMERINTAHAN,S1,BAIK,1489,0,Ekonomi & Bisnis
-,-,banpt-3293,-,-,TEKNIK SIPIL,SIPIL,S1,BAIK,1489,0,Ekonomi & Bisnis
-,-,banpt-2506,-,-,AKUNTANSI,AKUNTANSI,S1,BAIK,1171,0,Ekonomi & Bisnis
-,-,banpt-2506,-,-,PENDIDIKAN INFORMATIKA,INFORMATIKA,S1,BAIK,1171,0,Ekonomi & Bisnis
-,-,banpt-2506,-,-,INFORMATIKA MEDIS,INFORMATIKA MEDIS,S1,BAIK,1171,0,Ekonomi & Bisnis
-,-,banpt-2506,-,-,ILMU KEPERAWATAN,KEPERAWATAN,S1,BAIK SEKALI,1171,0,Ekonomi & Bisnis
-,-,banpt-2506,-,-,MANAJEMEN,MANAJEMEN,S1,B,1171,0,Ekonomi & Bisnis
-,-,banpt-2641,-,-,AKUNTANSI,AKUNTANSI,S1,BAIK,1065,0,Ekonomi & Bisnis
-,-,banpt-2641,-,-,BISNIS DIGITAL,BISNIS DIGITAL,S1,BAIK,1065,0,Ekonomi & Bisnis
-,-,banpt-2641,-,-,DESAIN KOMUNIKASI VISUAL,DESAIN KOMUNIKASI VISUAL,S1,BAIK,1065,0,Ekonomi & Bisnis
-,-,banpt-2641,-,-,FARMASI,FARMASI,S1,BAIK,1065,0,Ekonomi & Bisnis
-,-,banpt-2641,-,-,GIZI,GIZI,S1,BAIK SEKALI,1065,0,Ekonomi & Bisnis
-,-,banpt-2641,-,-,HUKUM,HUKUM,S1,BAIK,1065,0,Ekonomi & Bisnis
-,-,banpt-2641,-,-,KEDOKTERAN,KEDOKTERAN,S1,BAIK,1065,0,Ekonomi & Bisnis
-,-,banpt-2641,-,-,ILMU KOMPUTER,KOMPUTER,S1,BAIK SEKALI,1065,0,Ekonomi & Bisnis
-,-,banpt-2641,-,-,MANAJEMEN,MANAJEMEN,S1,BAIK,1065,0,Ekonomi & Bisnis
-,-,banpt-2641,-,-,PENDIDIKAN KEPELATIHAN OLAHRAGA,OLAHRAGA,S1,BAIK,1065,0,Ekonomi & Bisnis
-,-,banpt-2641,-,-,PARIWISATA,PARIWISATA,S1,TERAKREDITASI SEMENTARA,1065,0,Ekonomi & Bisnis
-,-,banpt-2641,-,-,REKAYASA PERANGKAT LUNAK,REKAYASA PERANGKAT LUNAK,S1,BAIK,1065,0,Ekonomi & Bisnis
-,-,banpt-2641,-,-,SASTRA INGGRIS,SASTRA INGGRIS,S1,BAIK SEKALI,1065,0,Ekonomi & Bisnis
-,-,banpt-2641,-,-,SENI PERTUNJUKAN,SENI,S1,TERAKREDITASI SEMENTARA,1065,0,Ekonomi & Bisnis
-,-,banpt-2641,-,-,TEKNOLOGI INFORMASI,TEKNOLOGI INFORMASI,S1,BAIK,1065,0,Ekonomi & Bisnis
-,-,banpt-2641,-,-,TEKNOLOGI PANGAN,TEKNOLOGI PANGAN,S1,BAIK,1065,0,Ekonomi & Bisnis
quipper-16,-,banpt-1870,-,FAKULTAS ILMU SOSIAL DAN HUMANIORA,AKUNTANSI,AKUNTANSI,S1,UNGGUL,271,2,Pendidikan & Keguruan
quipper-16,-,banpt-1870,-,FAKULTAS TEKNOLOGI DAN DESAIN,BISNIS DIGITAL,BISNIS DIGITAL,S1,BAIK SEKALI,271,0,Ekonomi & Bisnis
quipper-16,-,-,-,FAKULTAS TEKNOLOGI DAN DESAIN,ILMU DATA,DATA SAINS,S1,-,271,0,Ekonomi & Bisnis
quipper-16,-,banpt-1870,-,FAKULTAS TEKNOLOGI DAN DESAIN,DESAIN KOMUNIKASI VISUAL,DESAIN KOMUNIKASI VISUAL,S1,BAIK,271,0,Ekonomi & Bisnis
quipper-16,rencanamu-117,banpt-1870,-,FAKULTAS ILMU SOSIAL DAN HUMANIORA,ILMU KOMUNIKASI,ILMU KOMUNIKASI,S1,B,271,0,Ekonomi & Bisnis
quipper-16,rencanamu-117,-,-,FAKULTAS TEKNOLOGI DAN DESAIN,TEKNIK INDUSTRI,INDUSTRI,S1,A,271,0,Ekonomi & Bisnis
quipper-16,rencanamu-117,banpt-1870,-,FAKULTAS TEKNOLOGI DAN DESAIN,TEKNIK INFORMATIKA,INFORMATIKA,S1,B,271,1,Teknik & Rekayasa
-,-,banpt-1870,-,-,KECERDASAN BUATAN,KECERDASAN BUATAN,S1,BAIK,271,0,Ekonomi & Bisnis
quipper-16,rencanamu-117,banpt-1870,-,BUNDA MULIA LONG DISTANCE LEARNING,MANAJEMEN,MANAJEMEN,S1,B,271,0,Ekonomi & Bisnis
quipper-16,-,-,-,FAKULTAS ILMU SOSIAL DAN HUMANIORA,PARIWISATA,PARIWISATA,S1,-,271,0,Ekonomi & Bisnis
-,rencanamu-117,-,-,-,PERHOTELAN,PERHOTELAN,S1,-,271,0,Ekonomi & Bisnis
-,-,banpt-1870,-,-,HOSPITALITY DAN PARIWISATA,PERHOTELAN PARIWISATA,S1,UNGGUL,271,0,Ekonomi & Bisnis
quipper-16,rencanamu-117,banpt-1870,-,FAKULTAS ILMU SOSIAL DAN HUMANIORA,PSIKOLOGI,PSIKOLOGI,S1,B,271,0,Ekonomi & Bisnis
-,-,banpt-1870,-,-,SAINS DATA,SAINS DATA,S1,BAIK,271,0,Ekonomi & Bisnis
-,rencanamu-117,-,-,-,SASTRA CINA,SASTRA CINA,S1,B,271,0,Ekonomi & Bisnis
quipper-16,rencanamu-117,-,-,FAKULTAS ILMU SOSIAL DAN HUMANIORA,SASTRA INGGRIS,SASTRA INGGRIS,S1,A,271,0,Ekonomi & Bisnis
quipper-16,rencanamu-117,banpt-1870,-,FAKULTAS TEKNOLOGI DAN DESAIN,SISTEM INFORMASI,SISTEM INFORMASI,S1,B,271,4,Teknologi Industri
quipper-582,rencanamu-118,banpt-366,-,FAKULTAS EKONOMI,AKUNTANSI,AKUNTANSI,S1,B,338,2,Pendidikan & Keguruan
quipper-582,rencanamu-118,banpt-366,-,FAKULTAS TEKNIK SIPIL DAN PERENCANAAN,ARSITEKTUR,ARSITEKTUR,S1,B,338,0,Ekonomi & Bisnis
quipper-582,rencanamu-118,banpt-366,-,FAKULTAS KEGURUAN DAN ILMU KEPENDIDIKAN,BIOLOGI,BIOLOGI,S1,B,338,0,Ekonomi & Bisnis
quipper-582,rencanamu-118,banpt-366,-,FAKULTAS PERIKANAN DAN ILMU KELAUTAN,BUDIDAYA PERAIRAN,BUDIDAYA PERAIRAN,S1,A,338,0,Ekonomi & Bisnis
quipper-582,rencanamu-118,-,-,FAKULTAS EKONOMI,ILMU EKONOMI,EKONOMI,S1,B,338,0,Ekonomi & Bisnis
-,-,banpt-366,-,-,EKONOMI PEMBANGUNAN,EKONOMI PEMBANGUNAN,S1,BAIK SEKALI,338,0,Ekonomi & Bisnis
quipper-582,rencanamu-118,banpt-366,-,FAKULTAS TEKNOLOGI INDUSTRI,TEKNIK ELEKTRO,ELEKTRO,S1,B,338,4,Teknologi Industri
quipper-582,-,-,-,FAKULTAS KEGURUAN DAN ILMU KEPENDIDIKAN,KEGURUAN & PENDIDIKAN,GURU,S1,-,338,0,Ekonomi & Bisnis
quipper-582,rencanamu-118,banpt-366,-,FAKULTAS KEGURUAN DAN ILMU KEPENDIDIKAN,PENDIDIKAN GURU SEKOLAH DASAR,GURU SEKOLAH DASAR,S1,B,338,0,Ekonomi & Bisnis
quipper-582,rencanamu-118,banpt-366,-,FAKULTAS HUKUM,ILMU HUKUM,HUKUM,S1,B,338,3,Hukum
quipper-582,rencanamu-118,banpt-366,-,FAKULTAS TEKNOLOGI INDUSTRI,TEKNIK INDUSTRI,INDUSTRI,S1,B,338,4,Teknologi Industri
quipper-582,rencanamu-118,banpt-366,-,FAKULTAS KEGURUAN DAN ILMU KEPENDIDIKAN,TEKNIK INFORMATIKA,INFORMATIKA,S1,B,338,1,Teknik & Rekayasa
-,-,banpt-366,-,-,PENDIDIKAN JASMANI,JASMANI,S1,BAIK SEKALI,338,0,Ekonomi & Bisnis
quipper-582,-,-,-,FAKULTAS PERIKANAN DAN ILMU KELAUTAN,KELAUTAN,KELAUTAN,S1,-,338,0,Ekonomi & Bisnis
quipper-582,rencanamu-118,banpt-366,-,FAKULTAS TEKNOLOGI INDUSTRI,TEKNIK KIMIA,KIMIA,S1,B,338,4,Teknologi Industri
quipper-582,-,-,-,FAKULTAS KEGURUAN DAN ILMU KEPENDIDIKAN,ILMU KOMPUTER,KOMPUTER,S1,-,338,0,Ekonomi & Bisnis
quipper-582,rencanamu-118,banpt-366,-,FAKULTAS EKONOMI,MANAJEMEN,MANAJEMEN,S1,B,338,0,Ekonomi & Bisnis
quipper-582,rencanamu-118,banpt-366,-,FAKULTAS KEGURUAN DAN ILMU KEPENDIDIKAN,PENDIDIKAN MATEMATIKA,MATEMATIKA,S1,B,338,0,Ekonomi & Bisnis
quipper-582,rencanamu-118,banpt-366,-,FAKULTAS TEKNOLOGI INDUSTRI,TEKNIK MESIN,MESIN,S1,B,338,4,Teknologi Industri
-,rencanamu-118,banpt-366,-,-,PENDIDIKAN PANCASILA DAN KEWARGANEGARAAN,PANCASILA KEWARGANEGARAAN,S1,B,338,0,Ekonomi & Bisnis
quipper-582,rencanamu-118,banpt-366,-,FAKULTAS TEKNIK SIPIL DAN PERENCANAAN,PERENCANAAN WILAYAH DAN KOTA,PERENCANAAN WILAYAH KOTA,S1,B,338,0,Ekonomi & Bisnis
quipper-582,rencanamu-118,banpt-366,-,FAKULTAS PERIKANAN DAN ILMU KELAUTAN,PERIKANAN,PERIKANAN,S1,A,338,0,Ekonomi & Bisnis
quipper-582,rencanamu-118,banpt-366,-,FAKULTAS ILMU BUDAYA,SASTRA INDONESIA,SASTRA INDONESIA,S1,B,338,0,Ekonomi & Bisnis
quipper-582,rencanamu-118,banpt-366,-,FAKULTAS ILMU BUDAYA,SASTRA INGGRIS,SASTRA INGGRIS,S1,B,338,0,Ekonomi & Bisnis
-,rencanamu-118,banpt-366,-,-,SASTRA JEPANG,SASTRA JEPANG,S1,B,338,0,Ekonomi & Bisnis
quipper-582,rencanamu-118,banpt-366,-,FAKULTAS TEKNIK SIPIL DAN PERENCANAAN,TEKNIK SIPIL,SIPIL,S1,A,338,5,Sains & Teknologi
quipper-582,-,-,-,FAKULTAS TEKNIK SIPIL DAN PERENCANAAN,KONSTRUKSI,TEKNIK INDUSTRI,S1,-,338,0,Ekonomi & Bisnis
quipper-113,rencanamu-119,banpt-2605,-,FAKULTAS EKONOMI DAN BISNIS,AKUNTANSI,AKUNTANSI,S1,B,650,2,Pendidikan & Keguruan
quipper-113,rencanamu-119,banpt-2605,-,FAKULTAS TEKNIK,ARSITEKTUR,ARSITEKTUR,S1,B,650,1,Teknik & Rekayasa
quipper-113,rencanamu-119,banpt-2605,-,FAKULTAS TEKNIK,TEKNIK ELEKTRO,ELEKTRO,S1,C,650,1,Teknik & Rekayasa
quipper-113,rencanamu-119,banpt-2605,-,FAKULTAS HUKUM,ILMU HUKUM,HUKUM,S1,B,650,3,Hukum
quipper-113,rencanamu-119,banpt-2605,-,FAKULTAS ILMU SOSIAL DAN ILMU POLITIK,ILMU KOMUNIKASI,ILMU KOMUNIKASI,S1,C,650,0,Ekonomi & Bisnis
quipper-113,rencanamu-119,banpt-2605,-,FAKULTAS EKONOMI DAN BISNIS,MANAJEMEN,MANAJEMEN,S1,B,650,0,Ekonomi & Bisnis
quipper-113,rencanamu-119,banpt-2605,-,FAKULTAS TEKNIK,TEKNIK MESIN,MESIN,S1,B,650,1,Teknik & Rekayasa
quipper-113,rencanamu-119,banpt-2605,-,FAKULTAS ILMU SOSIAL DAN ILMU POLITIK,ILMU POLITIK,POLITIK,S1,B,650,0,Ekonomi & Bisnis
quipper-113,rencanamu-119,banpt-2605,-,FAKULTAS TEKNIK,TEKNIK SIPIL,SIPIL,S1,B,650,1,Teknik & Rekayasa
quipper-113,rencanamu-119,banpt-2605,-,FAKULTAS ILMU KOMPUTER,SISTEM INFORMASI,SISTEM INFORMASI,S1,B,650,4,Teknologi Industri
quipper-113,rencanamu-119,banpt-2605,-,FAKULTAS ILMU KOMPUTER,SISTEM KOMPUTER,SISTEM KOMPUTER,S1,B,650,0,Ekonomi & Bisnis
-,-,banpt-2314,-,-,ILMU HUKUM,HUKUM,S1,BAIK,1019,0,Ekonomi & Bisnis
-,-,banpt-2314,-,-,ILMU KEPERAWATAN,KEPERAWATAN,S1,BAIK SEKALI,1019,0,Ekonomi & Bisnis
-,-,banpt-2314,-,-,KESEHATAN MASYARAKAT,KESEHATAN MASYARAKAT,S1,BAIK SEKALI,1019,0,Ekonomi & Bisnis
-,-,banpt-2314,-,-,MANAJEMEN,MANAJEMEN,S1,BAIK,1019,0,Ekonomi & Bisnis
-,-,banpt-2314,-,-,TEKNOLOGI INFORMASI,TEKNOLOGI INFORMASI,S1,BAIK SEKALI,1019,0,Ekonomi & Bisnis
-,-,banpt-1046,-,-,ILMU HUKUM,HUKUM,S1,BAIK,808,0,Ekonomi & Bisnis
-,-,banpt-1046,-,-,REKAYASA KEHUTANAN,KEHUTANAN,S1,BAIK,808,0,Ekonomi & Bisnis
-,-,banpt-1046,-,-,SAINS KELAUTAN,KELAUTAN,S1,TERAKREDITASI SEMENTARA,808,0,Ekonomi & Bisnis
-,-,banpt-1046,-,-,ILMU LINGKUNGAN,LINGKUNGAN,S1,TERAKREDITASI SEMENTARA,808,0,Ekonomi & Bisnis
-,-,banpt-1046,-,-,MANAJEMEN,MANAJEMEN,S1,BAIK,808,0,Ekonomi & Bisnis
-,-,banpt-1480,-,-,AKUNTANSI,AKUNTANSI,S1,BAIK,736,0,Ekonomi & Bisnis
-,-,banpt-1480,-,-,BISNIS DIGITAL,BISNIS DIGITAL,S1,BAIK,736,0,Ekonomi & Bisnis
-,-,banpt-1480,-,-,DESAIN KOMUNIKASI VISUAL,DESAIN KOMUNIKASI VISUAL,S1,BAIK,736,0,Ekonomi & Bisnis
-,-,banpt-1480,-,-,TEKNIK INFORMATIKA,INFORMATIKA,S1,B,736,0,Ekonomi & Bisnis
-,-,banpt-1480,-,-,MANAJEMEN,MANAJEMEN,S1,BAIK SEKALI,736,0,Ekonomi & Bisnis
-,-,banpt-1480,-,-,PENDIDIKAN KEPELATIHAN OLAHRAGA,OLAHRAGA,S1,BAIK,736,0,Ekonomi & Bisnis
-,-,banpt-1480,-,-,SISTEM INFORMASI,SISTEM INFORMASI,S1,BAIK SEKALI,736,0,Ekonomi & Bisnis
quipper-135,-,banpt-246,-,FAKULTAS EKONOMI DAN BISNIS ISLAM,AKUNTANSI,AKUNTANSI,S1,BAIK,228,2,Pendidikan & Keguruan
quipper-135,-,banpt-246,-,FAKULTAS EKONOMI DAN BISNIS ISLAM,BISNIS DIGITAL,BISNIS DIGITAL,S1,BAIK,228,0,Ekonomi & Bisnis
quipper-135,-,banpt-246,-,FAKULTAS TEKNIK,TEKNIK ELEKTRO,ELEKTRO,S1,BAIK SEKALI,228,1,Teknik & Rekayasa
quipper-135,-,banpt-246,-,FAKULTAS TEKNIK,TEKNIK INFORMATIKA,INFORMATIKA,S1,BAIK SEKALI,228,1,Teknik & Rekayasa
quipper-135,-,banpt-246,-,FAKULTAS ILMU KEPERAWATAN,KEPERAWATAN,KEPERAWATAN,S1,BAIK,228,0,Ekonomi & Bisnis
-,-,banpt-1192,-,-,DESAIN KOMUNIKASI VISUAL,DESAIN KOMUNIKASI VISUAL,S1,BAIK,948,0,Ekonomi & Bisnis
-,-,banpt-1192,-,-,MANAJEMEN,MANAJEMEN,S1,BAIK SEKALI,948,0,Ekonomi & Bisnis
-,-,banpt-1192,-,-,PSIKOLOGI,PSIKOLOGI,S1,BAIK,948,0,Ekonomi & Bisnis
-,-,banpt-3195,-,-,AKUNTANSI,AKUNTANSI,S1,BAIK SEKALI,1376,0,Ekonomi & Bisnis
-,-,banpt-3195,-,-,PENDIDIKAN BIOLOGI,BIOLOGI,S1,BAIK,1376,0,Ekonomi & Bisnis
-,-,banpt-3195,-,-,BISNIS DIGITAL,BISNIS DIGITAL,S1,BAIK,1376,0,Ekonomi & Bisnis
-,-,banpt-3195,-,-,KEWIRAUSAHAAN,KEWIRAUSAHAAN,S1,BAIK SEKALI,1376,0,Ekonomi & Bisnis
-,-,banpt-3195,-,-,MANAJEMEN,MANAJEMEN,S1,BAIK,1376,0,Ekonomi & Bisnis
-,-,banpt-3195,-,-,PENDIDIKAN MATEMATIKA,MATEMATIKA,S1,BAIK,1376,0,Ekonomi & Bisnis
-,-,banpt-3195,-,-,REKAYASA PERANGKAT LUNAK,REKAYASA PERANGKAT LUNAK,S1,BAIK,1376,0,Ekonomi & Bisnis
-,-,banpt-3195,-,-,SISTEM INFORMASI,SISTEM INFORMASI,S1,BAIK,1376,0,Ekonomi & Bisnis
-,-,banpt-922,-,-,AGRIBISNIS,AGRIBISNIS,S1,TERAKREDITASI SEMENTARA,21,0,Ekonomi & Bisnis
-,-,banpt-922,-,-,PENDIDIKAN BIOLOGI,BIOLOGI,S1,BAIK SEKALI,21,0,Ekonomi & Bisnis
-,-,banpt-922,-,-,TEKNIK ELEKTRO,ELEKTRO,S1,BAIK,21,0,Ekonomi & Bisnis
-,-,banpt-922,-,-,PENDIDIKAN GURU SEKOLAH DASAR,GURU SEKOLAH DASAR,S1,BAIK SEKALI,21,0,Ekonomi & Bisnis
-,-,banpt-922,-,-,ILMU KOMPUTER,KOMPUTER,S1,BAIK,21,0,Ekonomi & Bisnis
-,-,banpt-922,-,-,PENDIDIKAN MATEMATIKA,MATEMATIKA,S1,BAIK SEKALI,21,0,Ekonomi & Bisnis
-,rencanamu-120,-,-,-,AKUNTANSI,AKUNTANSI,S1,B,4,0,Ekonomi & Bisnis
-,rencanamu-120,-,-,-,ARSITEKTUR,ARSITEKTUR,S1,B,4,0,Ekonomi & Bisnis
-,rencanamu-120,-,-,-,DESAIN DAN KOMUNIKASI VISUAL,DESAIN KOMUNIKASI VISUAL,S1,A,4,0,Ekonomi & Bisnis
-,rencanamu-120,-,-,-,TEKNIK INFORMATIKA,INFORMATIKA,S1,B,4,0,Ekonomi & Bisnis
-,rencanamu-120,-,-,-,MANAJEMEN,MANAJEMEN,S1,A,4,0,Ekonomi & Bisnis
-,rencanamu-120,-,-,-,PSIKOLOGI,PSIKOLOGI,S1,B,4,0,Ekonomi & Bisnis
-,-,banpt-2476,-,-,AKUNTANSI,AKUNTANSI,S1,UNGGUL,72,0,Ekonomi & Bisnis
-,-,banpt-2476,-,-,ARSITEKTUR,ARSITEKTUR,S1,BAIK SEKALI,72,0,Ekonomi & Bisnis
-,-,banpt-2476,-,-,DESAIN KOMUNIKASI VISUAL,DESAIN KOMUNIKASI VISUAL,S1,BAIK,72,0,Ekonomi & Bisnis
-,-,banpt-2476,-,-,DESAIN PRODUK,DESAIN PRODUK,S1,BAIK,72,0,Ekonomi & Bisnis
-,-,banpt-2476,-,-,ILMU KOMUNIKASI,ILMU KOMUNIKASI,S1,BAIK,72,0,Ekonomi & Bisnis
-,-,banpt-2476,-,-,INFORMATIKA,INFORMATIKA,S1,BAIK SEKALI,72,0,Ekonomi & Bisnis
-,-,banpt-2476,-,-,KEDOKTERAN,KEDOKTERAN,S1,BAIK SEKALI,72,0,Ekonomi & Bisnis
-,-,banpt-2476,-,-,KEDOKTERAN GIGI,KEDOKTERAN GIGI,S1,BAIK,72,0,Ekonomi & Bisnis
-,-,banpt-2476,-,-,MANAJEMEN,MANAJEMEN,S1,UNGGUL,72,0,Ekonomi & Bisnis
-,-,banpt-2476,-,-,PARIWISATA,PARIWISATA,S1,BAIK SEKALI,72,0,Ekonomi & Bisnis
-,-,banpt-2476,-,-,PSIKOLOGI,PSIKOLOGI,S1,BAIK SEKALI,72,0,Ekonomi & Bisnis
-,-,banpt-2476,-,-,SISTEM INFORMASI,SISTEM INFORMASI,S1,BAIK SEKALI,72,0,Ekonomi & Bisnis
-,-,banpt-2476,-,-,TEKNOLOGI PANGAN,TEKNOLOGI PANGAN,S1,BAIK,72,0,Ekonomi & Bisnis
-,-,banpt-2108,-,-,ARSITEKTUR,ARSITEKTUR,S1,BAIK,559,0,Ekonomi & Bisnis
-,-,banpt-2108,-,-,BISNIS DIGITAL,BISNIS DIGITAL,S1,BAIK,559,0,Ekonomi & Bisnis
-,-,banpt-2108,-,-,FARMASI,FARMASI,S1,BAIK SEKALI,559,0,Ekonomi & Bisnis
-,-,banpt-2108,-,-,PENDIDIKAN GURU SEKOLAH DASAR,GURU SEKOLAH DASAR,S1,BAIK,559,0,Ekonomi & Bisnis
-,-,banpt-2108,-,-,PENDIDIKAN INFORMATIKA,INFORMATIKA,S1,BAIK SEKALI,559,0,Ekonomi & Bisnis
-,-,banpt-2108,-,-,KEBIDANAN,KEBIDANAN,S1,BAIK,559,0,Ekonomi & Bisnis
-,-,banpt-2108,-,-,KEPERAWATAN,KEPERAWATAN,S1,BAIK SEKALI,559,0,Ekonomi & Bisnis
-,-,banpt-2108,-,-,TEKNIK SIPIL,SIPIL,S1,BAIK,559,0,Ekonomi & Bisnis
-,-,banpt-2108,-,-,TEKNOLOGI INFORMASI,TEKNOLOGI INFORMASI,S1,BAIK,559,0,Ekonomi & Bisnis
-,-,banpt-639,-,-,ADMINISTRASI RUMAH SAKIT,ADMINISTRASI RUMAH SAKIT,S1,BAIK,1085,0,Ekonomi & Bisnis
-,-,banpt-639,-,-,AKUAKULTUR,AKUAKULTUR,S1,BAIK,1085,0,Ekonomi & Bisnis
-,-,banpt-639,-,-,TEKNIK ELEKTRO,ELEKTRO,S1,BAIK,1085,0,Ekonomi & Bisnis
-,-,banpt-639,-,-,ILMU HUBUNGAN MASYARAKAT,HUBUNGAN MASYARAKAT,S1,B,1085,0,Ekonomi & Bisnis
-,-,banpt-639,-,-,MANAJEMEN,MANAJEMEN,S1,BAIK,1085,0,Ekonomi & Bisnis
-,-,banpt-639,-,-,AGROBISNIS PERIKANAN,PERIKANAN,S1,BAIK SEKALI,1085,0,Ekonomi & Bisnis
-,-,banpt-639,-,-,TEKNOLOGI PERTANIAN,PERTANIAN,S1,BAIK,1085,0,Ekonomi & Bisnis
-,rencanamu-121,banpt-485,-,-,AGRIBISNIS,AGRIBISNIS,S1,B,844,0,Ekonomi & Bisnis
-,rencanamu-121,banpt-485,-,-,AGROTEKNOLOGI,AGROTEKNOLOGI,S1,B,844,0,Ekonomi & Bisnis
-,rencanamu-121,banpt-485,-,-,BIOLOGI,BIOLOGI,S1,B,844,0,Ekonomi & Bisnis
-,rencanamu-121,banpt-485,-,-,FISIKA,FISIKA,S1,B,844,0,Ekonomi & Bisnis
-,rencanamu-121,banpt-485,-,-,PENDIDIKAN GURU SD,GURU SEKOLAH DASAR,S1,C,844,0,Ekonomi & Bisnis
-,rencanamu-121,banpt-485,-,-,TEKNIK INFORMATIKA,INFORMATIKA,S1,B,844,0,Ekonomi & Bisnis
-,rencanamu-121,banpt-485,-,-,KIMIA,KIMIA,S1,B,844,0,Ekonomi & Bisnis
-,rencanamu-121,banpt-485,-,-,PENDIDIKAN MATEMATIKA,MATEMATIKA,S1,B,844,0,Ekonomi & Bisnis
-,rencanamu-121,banpt-485,-,-,PENDIDIKAN PANCASILA DAN KEWARGANEGARAAN,PANCASILA KEWARGANEGARAAN,S1,B,844,0,Ekonomi & Bisnis
quipper-548,-,banpt-2647,-,FAKULTAS EKONOMI,AKUNTANSI,AKUNTANSI,S1,BAIK,867,2,Pendidikan & Keguruan
quipper-548,-,-,-,FAKULTAS KEGURUAN DAN ILMU PENDIDIKAN,KEGURUAN & PENDIDIKAN,GURU,S1,-,867,2,Pendidikan & Keguruan
quipper-548,-,banpt-2647,-,FAKULTAS AGAMA ISLAM,ILMU HUKUM,HUKUM,S1,B,867,3,Hukum
quipper-548,-,banpt-2647,-,FAKULTAS EKONOMI,MANAJEMEN,MANAJEMEN,S1,BAIK,867,0,Ekonomi & Bisnis
quipper-548,-,banpt-2647,-,FAKULTAS KEGURUAN DAN ILMU PENDIDIKAN,PENDIDIKAN MATEMATIKA,MATEMATIKA,S1,BAIK,867,2,Pendidikan & Keguruan
-,-,banpt-2647,-,-,PENDIDIKAN PANCASILA DAN KEWARGANEGARAAN,PANCASILA KEWARGANEGARAAN,S1,B,867,0,Ekonomi & Bisnis
quipper-548,-,banpt-2647,-,FAKULTAS TEKNIK,TEKNIK SIPIL,SIPIL,S1,BAIK SEKALI,867,1,Teknik & Rekayasa
-,-,banpt-3722,-,-,AGRIBISNIS,AGRIBISNIS,S1,BAIK SEKALI,664,0,Ekonomi & Bisnis
-,-,banpt-3722,-,-,PENDIDIKAN BIOLOGI,BIOLOGI,S1,BAIK SEKALI,664,0,Ekonomi & Bisnis
-,-,banpt-3722,-,-,EKONOMI PEMBANGUNAN,EKONOMI PEMBANGUNAN,S1,BAIK,664,0,Ekonomi & Bisnis
-,-,banpt-3722,-,-,TEKNIK INDUSTRI,INDUSTRI,S1,BAIK,664,0,Ekonomi & Bisnis
-,-,banpt-3722,-,-,TEKNIK INFORMATIKA,INFORMATIKA,S1,BAIK,664,0,Ekonomi & Bisnis
-,-,banpt-3722,-,-,ILMU PEMERINTAHAN,PEMERINTAHAN,S1,BAIK,664,0,Ekonomi & Bisnis
-,-,banpt-3722,-,-,PEMANFAATAN SUMBER DAYA PERIKANAN,PERIKANAN,S1,BAIK,664,0,Ekonomi & Bisnis
-,-,banpt-3722,-,-,TEKNIK PERTAMBANGAN,PERTAMBANGAN,S1,BAIK,664,0,Ekonomi & Bisnis
-,-,banpt-3722,-,-,TEKNIK SIPIL,SIPIL,S1,BAIK,664,0,Ekonomi & Bisnis
-,-,banpt-1344,-,-,AGRIBISNIS,AGRIBISNIS,S1,BAIK,262,0,Ekonomi & Bisnis
-,-,banpt-1344,-,-,AGROTEKNOLOGI,AGROTEKNOLOGI,S1,B,262,0,Ekonomi & Bisnis
-,-,banpt-1344,-,-,AKUNTANSI,AKUNTANSI,S1,BAIK SEKALI,262,0,Ekonomi & Bisnis
-,-,banpt-1344,-,-,TEKNIK ELEKTRO,ELEKTRO,S1,BAIK SEKALI,262,0,Ekonomi & Bisnis
-,-,banpt-1344,-,-,PENDIDIKAN FISIKA,FISIKA,S1,B,262,0,Ekonomi & Bisnis
-,-,banpt-1344,-,-,ILMU HUKUM,HUKUM,S1,BAIK SEKALI,262,0,Ekonomi & Bisnis
-,-,banpt-1344,-,-,ILMU KOMUNIKASI,ILMU KOMUNIKASI,S1,B,262,0,Ekonomi & Bisnis
-,-,banpt-1344,-,-,KEPERAWATAN,KEPERAWATAN,S1,BAIK SEKALI,262,0,Ekonomi & Bisnis
-,-,banpt-1344,-,-,MANAJEMEN,MANAJEMEN,S1,BAIK SEKALI,262,0,Ekonomi & Bisnis
-,-,banpt-1344,-,-,TEKNIK MESIN,MESIN,S1,BAIK SEKALI,262,0,Ekonomi & Bisnis
-,-,banpt-1344,-,-,PENDIDIKAN PANCASILA DAN KEWARGANEGARAAN,PANCASILA KEWARGANEGARAAN,S1,BAIK SEKALI,262,0,Ekonomi & Bisnis
-,-,banpt-1344,-,-,ILMU PEMERINTAHAN,PEMERINTAHAN,S1,BAIK SEKALI,262,0,Ekonomi & Bisnis
-,-,banpt-1344,-,-,SASTRA INGGRIS,SASTRA INGGRIS,S1,BAIK,262,0,Ekonomi & Bisnis
-,-,banpt-1344,-,-,TEKNIK SIPIL,SIPIL,S1,BAIK SEKALI,262,0,Ekonomi & Bisnis
quipper-332,rencanamu-122,banpt-489,-,FAKULTAS EKONOMI,AKUNTANSI,AKUNTANSI,S1,B,520,2,Pendidikan & Keguruan
quipper-332,rencanamu-122,banpt-489,-,FAKULTAS TEKNIK,TEKNIK ELEKTRO,ELEKTRO,S1,C,520,1,Teknik & Rekayasa
-,rencanamu-122,-,-,-,TEKNIK ENERGI TERBARUKAN,ENERGI TERBARUKAN,S1,C,520,0,Ekonomi & Bisnis
quipper-332,rencanamu-122,banpt-489,-,FAKULTAS TEKNIK,TEKNIK INDUSTRI,INDUSTRI,S1,C,520,1,Teknik & Rekayasa
-,rencanamu-122,-,-,-,TEKNIK INFORMATIKA,INFORMATIKA,S1,B,520,0,Ekonomi & Bisnis
quipper-332,rencanamu-122,banpt-489,-,FAKULTAS EKONOMI,MANAJEMEN,MANAJEMEN,S1,B,520,0,Ekonomi & Bisnis
quipper-332,rencanamu-122,banpt-489,-,FAKULTAS TEKNIK,TEKNIK MESIN,MESIN,S1,B,520,1,Teknik & Rekayasa
quipper-332,rencanamu-122,banpt-489,-,FAKULTAS TEKNOLOGI KELAUTAN,TEKNIK SISTEM PERKAPALAN,PERKAPALAN,S1,B,520,0,Ekonomi & Bisnis
-,rencanamu-122,-,-,-,SASTRA CINA,SASTRA CINA,S1,B,520,0,Ekonomi & Bisnis
-,rencanamu-122,-,-,-,SASTRA INGGRIS,SASTRA INGGRIS,S1,B,520,0,Ekonomi & Bisnis
-,rencanamu-122,-,-,-,SASTRA JEPANG,SASTRA JEPANG,S1,B,520,0,Ekonomi & Bisnis
quipper-332,rencanamu-122,banpt-489,-,FAKULTAS TEKNIK,SISTEM INFORMASI,SISTEM INFORMASI,S1,B,520,1,Teknik & Rekayasa
quipper-332,-,banpt-489,-,FAKULTAS TEKNIK,TEKNOLOGI INFORMASI,TEKNOLOGI INFORMASI,S1,BAIK SEKALI,520,1,Teknik & Rekayasa
-,-,banpt-2739,-,-,AGRIBISNIS,AGRIBISNIS,S1,BAIK,1385,0,Ekonomi & Bisnis
-,-,banpt-2739,-,-,AGROTEKNOLOGI,AGROTEKNOLOGI,S1,BAIK,1385,0,Ekonomi & Bisnis
-,-,banpt-2739,-,-,TEKNIK ELEKTRO,ELEKTRO,S1,BAIK,1385,0,Ekonomi & Bisnis
-,-,banpt-2739,-,-,ILMU HUKUM,HUKUM,S1,BAIK SEKALI,1385,0,Ekonomi & Bisnis
-,-,banpt-2739,-,-,TEKNIK INFORMATIKA,INFORMATIKA,S1,BAIK,1385,0,Ekonomi & Bisnis
-,-,banpt-2739,-,-,TEKNIK MESIN,MESIN,S1,BAIK,1385,0,Ekonomi & Bisnis
-,-,banpt-2739,-,-,PSIKOLOGI,PSIKOLOGI,S1,BAIK SEKALI,1385,0,Ekonomi & Bisnis
-,-,banpt-2739,-,-,TEKNIK SIPIL,SIPIL,S1,BAIK,1385,0,Ekonomi & Bisnis
-,-,banpt-295,-,-,TEKNIK SIPIL,SIPIL,S1,TERAKREDITASI PERTAMA,1243,0,Ekonomi & Bisnis
quipper-663,-,-,-,FAKULTAS KEGURUAN DAN ILMU PENDIDIKAN,KEGURUAN & PENDIDIKAN,GURU,S1,-,503,2,Pendidikan & Keguruan
quipper-663,-,banpt-756,-,FAKULTAS KEGURUAN DAN ILMU PENDIDIKAN,PENDIDIKAN GURU SEKOLAH DASAR,GURU SEKOLAH DASAR,S1,B,503,2,Pendidikan & Keguruan
quipper-663,-,banpt-756,-,FAKULTAS HUKUM,ILMU HUKUM,HUKUM,S1,BAIK,503,3,Hukum
quipper-663,-,banpt-756,-,FAKULTAS EKONOMI DAN BISNIS,MANAJEMEN,MANAJEMEN,S1,B,503,0,Ekonomi & Bisnis
-,-,banpt-756,-,-,PENDIDIKAN PANCASILA DAN KEWARGANEGARAAN,PANCASILA KEWARGANEGARAAN,S1,BAIK SEKALI,503,0,Ekonomi & Bisnis
quipper-663,-,banpt-756,-,FAKULTAS PETERNAKAN,PETERNAKAN,PETERNAKAN,S1,BAIK SEKALI,503,0,Ekonomi & Bisnis
quipper-663,-,banpt-756,-,FAKULTAS TEKNIK,TEKNIK SIPIL,SIPIL,S1,BAIK SEKALI,503,1,Teknik & Rekayasa
-,-,banpt-1313,-,-,SAINS AKTUARIA,AKTUARIA,S1,BAIK,1327,0,Ekonomi & Bisnis
-,-,banpt-1313,-,-,BISNIS DIGITAL,BISNIS DIGITAL,S1,BAIK,1327,0,Ekonomi & Bisnis
-,-,banpt-1313,-,-,KEWIRAUSAHAAN,KEWIRAUSAHAAN,S1,BAIK,1327,0,Ekonomi & Bisnis
-,-,banpt-1313,-,-,REKAYASA PERANGKAT LUNAK,REKAYASA PERANGKAT LUNAK,S1,BAIK,1327,0,Ekonomi & Bisnis
-,-,banpt-1313,-,-,SISTEM DAN TEKNOLOGI INFORMASI,SISTEM INFORMASI,S1,BAIK,1327,0,Ekonomi & Bisnis
-,-,banpt-2923,-,-,AGROTEKNOLOGI,AGROTEKNOLOGI,S1,BAIK SEKALI,1088,0,Ekonomi & Bisnis
-,-,banpt-2923,-,-,PENDIDIKAN BIOLOGI,BIOLOGI,S1,BAIK SEKALI,1088,0,Ekonomi & Bisnis
-,-,banpt-2923,-,-,MANAJEMEN SUMBER DAYA PERAIRAN,BUDIDAYA PERAIRAN,S1,B,1088,0,Ekonomi & Bisnis
-,-,banpt-2923,-,-,PENDIDIKAN FISIKA,FISIKA,S1,BAIK SEKALI,1088,0,Ekonomi & Bisnis
-,-,banpt-2923,-,-,ILMU HUKUM,HUKUM,S1,B,1088,0,Ekonomi & Bisnis
-,-,banpt-2923,-,-,TEKNIK INDUSTRI,INDUSTRI,S1,BAIK,1088,0,Ekonomi & Bisnis
-,-,banpt-2923,-,-,KEHUTANAN,KEHUTANAN,S1,BAIK,1088,0,Ekonomi & Bisnis
-,-,banpt-2923,-,-,PENDIDIKAN KIMIA,KIMIA,S1,BAIK,1088,0,Ekonomi & Bisnis
-,-,banpt-2923,-,-,MANAJEMEN,MANAJEMEN,S1,BAIK SEKALI,1088,0,Ekonomi & Bisnis
-,-,banpt-2923,-,-,PENDIDIKAN MATEMATIKA,MATEMATIKA,S1,BAIK SEKALI,1088,0,Ekonomi & Bisnis
-,-,banpt-2923,-,-,TEKNIK MESIN,MESIN,S1,BAIK,1088,0,Ekonomi & Bisnis
-,-,banpt-2513,-,-,AGROTEKNOLOGI,AGROTEKNOLOGI,S1,BAIK,273,0,Ekonomi & Bisnis
-,-,banpt-2513,-,-,FARMASI,FARMASI,S1,B,273,0,Ekonomi & Bisnis
-,-,banpt-2513,-,-,ILMU GIZI,GIZI,S1,UNGGUL,273,0,Ekonomi & Bisnis
-,-,banpt-2513,-,-,HUBUNGAN INTERNASIONAL,HUBUNGAN INTERNASIONAL,S1,B,273,0,Ekonomi & Bisnis
-,-,banpt-2513,-,-,ILMU KOMUNIKASI,ILMU KOMUNIKASI,S1,BAIK SEKALI,273,0,Ekonomi & Bisnis
-,-,banpt-2513,-,-,TEKNIK INFORMATIKA,INFORMATIKA,S1,BAIK SEKALI,273,0,Ekonomi & Bisnis
-,-,banpt-2513,-,-,KEDOKTERAN,KEDOKTERAN,S1,BAIK,273,0,Ekonomi & Bisnis
-,-,banpt-2513,-,-,MANAJEMEN,MANAJEMEN,S1,UNGGUL,273,0,Ekonomi & Bisnis
-,-,banpt-2513,-,-,TEKNOLOGI INDUSTRI PERTANIAN,PERTANIAN,S1,BAIK,273,0,Ekonomi & Bisnis
-,-,banpt-3749,-,-,AGRIBISNIS,AGRIBISNIS,S1,B,414,0,Ekonomi & Bisnis
-,-,banpt-3749,-,-,AGROTEKNOLOGI,AGROTEKNOLOGI,S1,TERAKREDITASI SEMENTARA,414,0,Ekonomi & Bisnis
-,-,banpt-3749,-,-,MANAJEMEN,MANAJEMEN,S1,BAIK SEKALI,414,0,Ekonomi & Bisnis
-,-,banpt-3749,-,-,SISTEM INFORMASI,SISTEM INFORMASI,S1,BAIK SEKALI,414,0,Ekonomi & Bisnis
-,rencanamu-123,banpt-2946,-,-,ILMU ADMINISTRASI NEGARA,ADMINISTRASI NEGARA,S1,C,318,0,Ekonomi & Bisnis
-,rencanamu-123,banpt-2946,-,-,AGROEKOTEKNOLOGI,AGROTEKNOLOGI,S1,C,318,0,Ekonomi & Bisnis
-,rencanamu-123,banpt-2946,-,-,AKUNTANSI,AKUNTANSI,S1,C,318,0,Ekonomi & Bisnis
-,rencanamu-123,-,-,-,MANAJEMEN PERUSAHAAN,BISNIS,S1,C,318,0,Ekonomi & Bisnis
-,rencanamu-123,banpt-2946,-,-,BUDIDAYA PERAIRAN,BUDIDAYA PERAIRAN,S1,C,318,0,Ekonomi & Bisnis
-,rencanamu-123,banpt-2946,-,-,ILMU EKONOMI,EKONOMI,S1,C,318,0,Ekonomi & Bisnis
-,-,banpt-2946,-,-,GIZI,GIZI,S1,BAIK,318,0,Ekonomi & Bisnis
-,rencanamu-123,banpt-2946,-,-,ILMU HUKUM,HUKUM,S1,C,318,0,Ekonomi & Bisnis
-,rencanamu-123,banpt-2946,-,-,TEKNIK INFORMATIKA,INFORMATIKA,S1,C,318,0,Ekonomi & Bisnis
-,-,banpt-2946,-,-,KESEHATAN MASYARAKAT,KESEHATAN MASYARAKAT,S1,BAIK SEKALI,318,0,Ekonomi & Bisnis
-,-,banpt-2946,-,-,MANAJEMEN,MANAJEMEN,S1,BAIK,318,0,Ekonomi & Bisnis
-,rencanamu-123,banpt-2946,-,-,PENDIDIKAN MATEMATIKA,MATEMATIKA,S1,C,318,0,Ekonomi & Bisnis
-,rencanamu-123,banpt-2946,-,-,TEKNIK MESIN,MESIN,S1,C,318,0,Ekonomi & Bisnis
-,-,banpt-2946,-,-,TEKNIK PERTAMBANGAN,PERTAMBANGAN,S1,C,318,0,Ekonomi & Bisnis
-,rencanamu-123,banpt-2946,-,-,PENDIDIKAN SEJARAH,SEJARAH,S1,C,318,0,Ekonomi & Bisnis
-,rencanamu-123,banpt-2946,-,-,TEKNIK SIPIL,SIPIL,S1,C,318,0,Ekonomi & Bisnis
-,rencanamu-123,banpt-2946,-,-,SOSIOLOGI,SOSIOLOGI,S1,C,318,0,Ekonomi & Bisnis
-,-,banpt-3897,-,-,ADMINISTRASI PUBLIK,ADMINISTRASI PUBLIK,S1,B,351,0,Ekonomi & Bisnis
-,-,banpt-3897,-,-,AGRIBISNIS,AGRIBISNIS,S1,BAIK SEKALI,351,0,Ekonomi & Bisnis
-,-,banpt-3897,-,-,AKUNTANSI,AKUNTANSI,S1,B,351,0,Ekonomi & Bisnis
-,-,banpt-3897,-,-,BISNIS DIGITAL,BISNIS DIGITAL,S1,BAIK SEKALI,351,0,Ekonomi & Bisnis
-,-,banpt-3897,-,-,PENDIDIKAN GURU PENDIDIKAN ANAK USIA DINI,GURU ANAK USIA DINI,S1,B,351,0,Ekonomi & Bisnis
-,-,banpt-3897,-,-,HUKUM,HUKUM,S1,BAIK,351,0,Ekonomi & Bisnis
-,-,banpt-3897,-,-,ILMU KOMUNIKASI,ILMU KOMUNIKASI,S1,B,351,0,Ekonomi & Bisnis
-,-,banpt-3897,-,-,INFORMATIKA,INFORMATIKA,S1,B,351,0,Ekonomi & Bisnis
-,-,banpt-3897,-,-,PENDIDIKAN JASMANI,JASMANI,S1,BAIK SEKALI,351,0,Ekonomi & Bisnis
-,-,banpt-3897,-,-,KEBIDANAN,KEBIDANAN,S1,BAIK SEKALI,351,0,Ekonomi & Bisnis
-,-,banpt-3897,-,-,ILMU KEPERAWATAN,KEPERAWATAN,S1,BAIK SEKALI,351,0,Ekonomi & Bisnis
-,-,banpt-3897,-,-,KESEHATAN MASYARAKAT,KESEHATAN MASYARAKAT,S1,BAIK SEKALI,351,0,Ekonomi & Bisnis
-,-,banpt-3897,-,-,PENDIDIKAN KOMPUTER,KOMPUTER,S1,BAIK SEKALI,351,0,Ekonomi & Bisnis
-,-,banpt-3897,-,-,MANAJEMEN,MANAJEMEN,S1,BAIK SEKALI,351,0,Ekonomi & Bisnis
-,-,banpt-3897,-,-,TEKNOLOGI HASIL PERTANIAN,PERTANIAN,S1,B,351,0,Ekonomi & Bisnis
-,-,banpt-3897,-,-,REKAYASA SISTEM KOMPUTER,REKAYASA PERANGKAT LUNAK,S1,BAIK,351,0,Ekonomi & Bisnis
-,-,banpt-3897,-,-,SASTRA INGGRIS,SASTRA INGGRIS,S1,BAIK,351,0,Ekonomi & Bisnis
-,-,banpt-3897,-,-,SISTEM INFORMASI,SISTEM INFORMASI,S1,BAIK,351,0,Ekonomi & Bisnis
-,-,banpt-355,-,-,AGRIBISNIS,AGRIBISNIS,S1,BAIK,1175,0,Ekonomi & Bisnis
-,-,banpt-355,-,-,AKUNTANSI,AKUNTANSI,S1,BAIK,1175,0,Ekonomi & Bisnis
-,-,banpt-355,-,-,HUKUM,HUKUM,S1,BAIK,1175,0,Ekonomi & Bisnis
-,-,banpt-355,-,-,MANAJEMEN,MANAJEMEN,S1,BAIK,1175,0,Ekonomi & Bisnis
-,-,banpt-355,-,-,SISTEM INFORMASI,SISTEM INFORMASI,S1,BAIK,1175,0,Ekonomi & Bisnis
-,-,banpt-355,-,-,TEKNOLOGI INFORMASI,TEKNOLOGI INFORMASI,S1,BAIK,1175,0,Ekonomi & Bisnis
-,-,banpt-324,-,-,ADMINISTRASI KESEHATAN,ADMINISTRASI KESEHATAN,S1,BAIK,1169,0,Ekonomi & Bisnis
-,-,banpt-324,-,-,BISNIS DIGITAL,BISNIS DIGITAL,S1,BAIK,1169,0,Ekonomi & Bisnis
-,-,banpt-324,-,-,GIZI,GIZI,S1,BAIK,1169,0,Ekonomi & Bisnis
-,-,banpt-324,-,-,HUKUM,HUKUM,S1,TERAKREDITASI SEMENTARA,1169,0,Ekonomi & Bisnis
-,-,banpt-324,-,-,INFORMATIKA,INFORMATIKA,S1,BAIK,1169,0,Ekonomi & Bisnis
-,-,banpt-324,-,-,MANAJEMEN,MANAJEMEN,S1,BAIK,1169,0,Ekonomi & Bisnis
-,-,banpt-324,-,-,PSIKOLOGI,PSIKOLOGI,S1,TERAKREDITASI SEMENTARA,1169,0,Ekonomi & Bisnis
-,-,banpt-324,-,-,SASTRA INGGRIS,SASTRA INGGRIS,S1,TERAKREDITASI SEMENTARA,1169,0,Ekonomi & Bisnis
-,-,banpt-185,-,-,AKUNTANSI,AKUNTANSI,S1,BAIK SEKALI,771,0,Ekonomi & Bisnis
-,-,banpt-185,-,-,BISNIS DIGITAL,BISNIS DIGITAL,S1,BAIK,771,0,Ekonomi & Bisnis
-,-,banpt-185,-,-,FARMASI,FARMASI,S1,BAIK,771,0,Ekonomi & Bisnis
-,-,banpt-185,-,-,ILMU HUKUM,HUKUM,S1,BAIK SEKALI,771,0,Ekonomi & Bisnis
-,-,banpt-185,-,-,ILMU KOMUNIKASI,ILMU KOMUNIKASI,S1,B,771,0,Ekonomi & Bisnis
-,-,banpt-185,-,-,MANAJEMEN,MANAJEMEN,S1,B,771,0,Ekonomi & Bisnis
-,-,banpt-185,-,-,MATEMATIKA,MATEMATIKA,S1,BAIK,771,0,Ekonomi & Bisnis
-,-,banpt-185,-,-,TEKNIK MESIN,MESIN,S1,BAIK SEKALI,771,0,Ekonomi & Bisnis
-,-,banpt-185,-,-,PARIWISATA,PARIWISATA,S1,TERAKREDITASI SEMENTARA,771,0,Ekonomi & Bisnis
-,-,banpt-185,-,-,TEKNOLOGI INDUSTRI PERTANIAN,PERTANIAN,S1,BAIK SEKALI,771,0,Ekonomi & Bisnis
-,-,banpt-185,-,-,SASTRA INGGRIS,SASTRA INGGRIS,S1,BAIK,771,0,Ekonomi & Bisnis
-,-,banpt-185,-,-,TEKNIK SIPIL,SIPIL,S1,BAIK SEKALI,771,0,Ekonomi & Bisnis
-,-,banpt-185,-,-,SISTEM INFORMASI,SISTEM INFORMASI,S1,BAIK SEKALI,771,0,Ekonomi & Bisnis
-,-,banpt-25,-,-,AKUNTANSI,AKUNTANSI,S1,BAIK SEKALI,956,0,Ekonomi & Bisnis
-,-,banpt-25,-,-,INFORMATIKA,INFORMATIKA,S1,BAIK,956,0,Ekonomi & Bisnis
-,-,banpt-25,-,-,MANAJEMEN,MANAJEMEN,S1,B,956,0,Ekonomi & Bisnis
-,-,banpt-25,-,-,SISTEM INFORMASI,SISTEM INFORMASI,S1,BAIK SEKALI,956,0,Ekonomi & Bisnis
-,-,banpt-25,-,-,SISTEM KOMPUTER,SISTEM KOMPUTER,S1,BAIK SEKALI,956,0,Ekonomi & Bisnis
-,-,banpt-519,-,-,ADMINISTRASI PUBLIK,ADMINISTRASI PUBLIK,S1,BAIK SEKALI,860,0,Ekonomi & Bisnis
-,-,banpt-519,-,-,AGRIBISNIS,AGRIBISNIS,S1,B,860,0,Ekonomi & Bisnis
-,-,banpt-519,-,-,AGROTEKNOLOGI,AGROTEKNOLOGI,S1,B,860,0,Ekonomi & Bisnis
-,-,banpt-519,-,-,BISNIS DIGITAL,BISNIS DIGITAL,S1,BAIK,860,0,Ekonomi & Bisnis
-,-,banpt-519,-,-,TEKNIK INFORMATIKA,INFORMATIKA,S1,BAIK,860,0,Ekonomi & Bisnis
-,-,banpt-519,-,-,SISTEM INFORMASI,SISTEM INFORMASI,S1,BAIK,860,0,Ekonomi & Bisnis
-,-,banpt-3643,-,-,PENDIDIKAN GURU PENDIDIKAN ANAK USIA DINI,GURU ANAK USIA DINI,S1,BAIK,625,0,Ekonomi & Bisnis
-,-,banpt-3643,-,-,PENDIDIKAN GURU SEKOLAH DASAR,GURU SEKOLAH DASAR,S1,BAIK SEKALI,625,0,Ekonomi & Bisnis
-,-,banpt-3643,-,-,HUKUM,HUKUM,S1,BAIK SEKALI,625,0,Ekonomi & Bisnis
-,-,banpt-3643,-,-,PENDIDIKAN JASMANI,JASMANI,S1,BAIK SEKALI,625,0,Ekonomi & Bisnis
-,-,banpt-3643,-,-,KEBIDANAN,KEBIDANAN,S1,BAIK,625,0,Ekonomi & Bisnis
-,-,banpt-3643,-,-,KEPERAWATAN,KEPERAWATAN,S1,BAIK SEKALI,625,0,Ekonomi & Bisnis
-,-,banpt-3643,-,-,MANAJEMEN,MANAJEMEN,S1,BAIK SEKALI,625,0,Ekonomi & Bisnis
-,-,banpt-3643,-,-,PENDIDIKAN MATEMATIKA,MATEMATIKA,S1,BAIK SEKALI,625,0,Ekonomi & Bisnis
-,rencanamu-124,banpt-2541,-,-,AKUNTANSI,AKUNTANSI,S1,C,470,0,Ekonomi & Bisnis
-,rencanamu-124,banpt-2541,-,-,BIOLOGI,BIOLOGI,S1,B,470,0,Ekonomi & Bisnis
-,rencanamu-124,banpt-2541,-,-,FISIOTERAPI,FISIOTERAPI,S1,B,470,0,Ekonomi & Bisnis
-,rencanamu-124,banpt-2541,-,-,ILMU GIZI,GIZI,S1,C,470,0,Ekonomi & Bisnis
-,-,banpt-2541,-,-,PENDIDIKAN GURU PENDIDIKAN ANAK USIA DINI,GURU ANAK USIA DINI,S1,B,470,0,Ekonomi & Bisnis
-,rencanamu-124,-,-,-,PENDIDIKAN GURU PAUD,GURU PAUD,S1,B,470,0,Ekonomi & Bisnis
-,-,banpt-2541,-,-,TEKNIK INFORMATIKA,INFORMATIKA,S1,BAIK SEKALI,470,0,Ekonomi & Bisnis
-,rencanamu-124,banpt-2541,-,-,ILMU KESEHATAN MASYARAKAT,KESEHATAN MASYARAKAT,S1,B,470,0,Ekonomi & Bisnis
-,rencanamu-124,-,-,-,ILMU KOMPUTER,KOMPUTER,S1,-,470,0,Ekonomi & Bisnis
-,rencanamu-124,banpt-2541,-,-,MANAJEMEN,MANAJEMEN,S1,B,470,0,Ekonomi & Bisnis
-,rencanamu-124,-,-,-,MANAJEMEN PEMASARAN,MARKETING,S1,C,470,0,Ekonomi & Bisnis
-,rencanamu-124,banpt-2541,-,-,ILMU PSIKOLOGI,PSIKOLOGI,S1,C,470,0,Ekonomi & Bisnis
-,rencanamu-124,banpt-2541,-,-,PEREKAM DAN INFORMASI KESEHATAN,REKAM MEDIS,S1,B,470,0,Ekonomi & Bisnis
-,rencanamu-124,banpt-2541,-,-,SASTRA INGGRIS,SASTRA INGGRIS,S1,C,470,0,Ekonomi & Bisnis
-,rencanamu-124,banpt-2541,-,-,SISTEM INFORMASI,SISTEM INFORMASI,S1,C,470,0,Ekonomi & Bisnis
-,-,banpt-900,-,-,AKUNTANSI,AKUNTANSI,S1,BAIK,22,0,Ekonomi & Bisnis
-,-,banpt-900,-,-,TEKNIK ELEKTRO,ELEKTRO,S1,BAIK,22,0,Ekonomi & Bisnis
-,-,banpt-900,-,-,ILMU KOMUNIKASI,ILMU KOMUNIKASI,S1,BAIK,22,0,Ekonomi & Bisnis
-,-,banpt-900,-,-,TEKNIK INFORMATIKA,INFORMATIKA,S1,BAIK,22,0,Ekonomi & Bisnis
-,-,banpt-900,-,-,MANAJEMEN,MANAJEMEN,S1,BAIK,22,0,Ekonomi & Bisnis
-,-,banpt-900,-,-,TEKNIK MESIN,MESIN,S1,BAIK,22,0,Ekonomi & Bisnis
-,-,banpt-900,-,-,SASTRA INGGRIS,SASTRA INGGRIS,S1,BAIK,22,0,Ekonomi & Bisnis
-,-,banpt-900,-,-,TEKNIK SIPIL,SIPIL,S1,BAIK,22,0,Ekonomi & Bisnis
quipper-294,rencanamu-125,banpt-3279,-,FAKULTAS EKONOMI DAN BISNIS,AKUNTANSI,AKUNTANSI,S1,A,1408,2,Pendidikan & Keguruan
quipper-294,-,-,-,FAKULTAS ILMU KOMPUTER,ANIMASI,ANIMASI,S1,-,1408,0,Ekonomi & Bisnis
quipper-294,-,banpt-3279,-,FAKULTAS TEKNIK,TEKNIK BIOMEDIS,BIOMEDIS,S1,BAIK SEKALI,1408,1,Teknik & Rekayasa
quipper-294,rencanamu-125,banpt-3279,-,FAKULTAS ILMU KOMPUTER,DESAIN KOMUNIKASI VISUAL,DESAIN KOMUNIKASI VISUAL,S1,A,1408,0,Ekonomi & Bisnis
quipper-294,rencanamu-125,banpt-3279,-,FAKULTAS TEKNIK,TEKNIK ELEKTRO,ELEKTRO,S1,B,1408,1,Teknik & Rekayasa
quipper-294,-,-,-,FAKULTAS ILMU KOMPUTER,FILM DAN TELEVISI,FILM,S1,-,1408,0,Ekonomi & Bisnis
-,rencanamu-125,banpt-3279,-,-,ILMU KOMUNIKASI,ILMU KOMUNIKASI,S1,B,1408,0,Ekonomi & Bisnis
quipper-294,rencanamu-125,banpt-3279,-,FAKULTAS TEKNIK,TEKNIK INDUSTRI,INDUSTRI,S1,B,1408,1,Teknik & Rekayasa
quipper-294,rencanamu-125,banpt-3279,-,FAKULTAS ILMU KOMPUTER,TEKNIK INFORMATIKA,INFORMATIKA,S1,A,1408,1,Teknik & Rekayasa
-,-,banpt-3279,-,-,KEDOKTERAN,KEDOKTERAN,S1,BAIK SEKALI,1408,0,Ekonomi & Bisnis
quipper-294,-,banpt-3279,-,FAKULTAS KESEHATAN,KESEHATAN LINGKUNGAN,KESEHATAN LINGKUNGAN,S1,UNGGUL,1408,0,Ekonomi & Bisnis
quipper-294,rencanamu-125,banpt-3279,-,FAKULTAS KESEHATAN,KESEHATAN MASYARAKAT,KESEHATAN MASYARAKAT,S1,B,1408,0,Ekonomi & Bisnis
quipper-294,rencanamu-125,banpt-3279,-,FAKULTAS EKONOMI DAN BISNIS,MANAJEMEN,MANAJEMEN,S1,A,1408,0,Ekonomi & Bisnis
-,rencanamu-125,-,-,-,MANAJEMEN INFORMATIKA,MANAJEMEN INFORMATIKA,S1,B,1408,0,Ekonomi & Bisnis
quipper-294,-,-,-,FAKULTAS ILMU BUDAYA,MANAJEMEN PERHOTELAN,PERHOTELAN,S1,-,1408,0,Ekonomi & Bisnis
quipper-294,rencanamu-125,-,-,FAKULTAS KESEHATAN,REKAM MEDIK DAN INFORMASI KESEHATAN,REKAM MEDIS,S1,A,1408,0,Ekonomi & Bisnis
-,rencanamu-125,-,-,-,SASTRA INGGRIS,SASTRA INGGRIS,S1,A,1408,0,Ekonomi & Bisnis
quipper-294,rencanamu-125,banpt-3279,-,FAKULTAS ILMU BUDAYA,SASTRA JEPANG,SASTRA JEPANG,S1,A,1408,0,Ekonomi & Bisnis
quipper-294,rencanamu-125,banpt-3279,-,FAKULTAS ILMU KOMPUTER,SISTEM INFORMASI,SISTEM INFORMASI,S1,A,1408,4,Teknologi Industri
quipper-305,-,banpt-3146,-,FAKULTAS EKONOMI DAN BISNIS,AKUNTANSI,AKUNTANSI,S1,BAIK,253,2,Pendidikan & Keguruan
quipper-305,-,-,-,FAKULTAS EKONOMI DAN BISNIS,MANAJEMEN BISNIS,BISNIS,S1,-,253,0,Ekonomi & Bisnis
quipper-305,-,banpt-3146,-,FAKULTAS DESAIN DAN INDUSTRI KREATIF,DESAIN KOMUNIKASI VISUAL,DESAIN KOMUNIKASI VISUAL,S1,UNGGUL,253,0,Ekonomi & Bisnis
quipper-305,-,banpt-3146,-,FAKULTAS DESAIN DAN INDUSTRI KREATIF,DESAIN PRODUK,DESAIN PRODUK,S1,BAIK SEKALI,253,0,Ekonomi & Bisnis
quipper-305,-,-,-,FAKULTAS DESAIN DAN INDUSTRI KREATIF,PRODUKSI FILM DAN TELEVISI,FILM,S1,-,253,0,Ekonomi & Bisnis
quipper-305,-,banpt-3146,-,FAKULTAS TEKNOLOGI DAN INFORMATIKA,TEKNIK KOMPUTER,KOMPUTER,S1,B,253,0,Ekonomi & Bisnis
-,-,banpt-3146,-,-,MANAJEMEN,MANAJEMEN,S1,BAIK SEKALI,253,0,Ekonomi & Bisnis
quipper-305,-,-,-,FAKULTAS EKONOMI DAN BISNIS,MANAJEMEN PARIWISATA,PARIWISATA,S1,-,253,0,Ekonomi & Bisnis
quipper-305,-,banpt-3146,-,FAKULTAS TEKNOLOGI DAN INFORMATIKA,SISTEM INFORMASI,SISTEM INFORMASI,S1,UNGGUL,253,4,Teknologi Industri
-,-,banpt-2875,-,-,BISNIS DIGITAL,BISNIS DIGITAL,S1,BAIK SEKALI,475,0,Ekonomi & Bisnis
-,-,banpt-2875,-,-,TEKNIK INFORMATIKA,INFORMATIKA,S1,UNGGUL,475,0,Ekonomi & Bisnis
-,-,banpt-2875,-,-,KEWIRAUSAHAAN,KEWIRAUSAHAAN,S1,BAIK,475,0,Ekonomi & Bisnis
-,-,banpt-2875,-,-,REKAYASA PERANGKAT LUNAK,REKAYASA PERANGKAT LUNAK,S1,BAIK,475,0,Ekonomi & Bisnis
-,-,banpt-2875,-,-,SISTEM INFORMASI,SISTEM INFORMASI,S1,B,475,0,Ekonomi & Bisnis
quipper-99,-,banpt-255,-,FAKULTAS EKONOMI,AKUNTANSI,AKUNTANSI,S1,BAIK SEKALI,304,2,Pendidikan & Keguruan
quipper-99,-,banpt-255,-,FAKULTAS TEKNOLOGI INDUSTRI,TEKNIK ELEKTRO,ELEKTRO,S1,BAIK SEKALI,304,4,Teknologi Industri
quipper-99,-,banpt-255,-,FAKULTAS HUKUM,ILMU HUKUM,HUKUM,S1,BAIK SEKALI,304,3,Hukum
quipper-99,-,banpt-255,-,FAKULTAS TEKNOLOGI INDUSTRI,TEKNIK INDUSTRI,INDUSTRI,S1,BAIK SEKALI,304,4,Teknologi Industri
-,-,banpt-255,-,-,KEPERAWATAN,KEPERAWATAN,S1,BAIK,304,0,Ekonomi & Bisnis
quipper-99,-,banpt-255,-,FAKULTAS EKONOMI,MANAJEMEN,MANAJEMEN,S1,BAIK SEKALI,304,0,Ekonomi & Bisnis
quipper-99,-,-,-,FAKULTAS TEKNOLOGI INDUSTRI,MANAJEMEN INFORMATIKA,MANAJEMEN INFORMATIKA,S1,-,304,4,Teknologi Industri
quipper-99,-,banpt-255,-,FAKULTAS TEKNOLOGI KEDIRGANTARAAN,TEKNIK AERONAUTIKA,PENERBANGAN,S1,B,304,0,Ekonomi & Bisnis
quipper-99,-,banpt-255,-,FAKULTAS TEKNOLOGI INDUSTRI,SISTEM INFORMASI,SISTEM INFORMASI,S1,BAIK SEKALI,304,4,Teknologi Industri
-,rencanamu-126,-,-,-,ADMINISTRASI NEGARA,ADMINISTRASI NEGARA,S1,B,599,0,Ekonomi & Bisnis
quipper-55,-,banpt-385,-,"FAKULTAS ILMU SOSIAL, ILMU POLITIK DAN ILMU KOMPUTER",ADMINISTRASI PUBLIK,ADMINISTRASI PUBLIK,S1,UNGGUL,599,0,Ekonomi & Bisnis
quipper-55,rencanamu-126,banpt-385,-,FAKULTAS PERTANIAN,AGRIBISNIS,AGRIBISNIS,S1,B,599,0,Ekonomi & Bisnis
quipper-55,rencanamu-126,banpt-385,-,FAKULTAS PERTANIAN,AGROTEKNOLOGI,AGROTEKNOLOGI,S1,B,599,0,Ekonomi & Bisnis
quipper-55,-,-,-,FAKULTAS PERTANIAN,AKUAKULTUR,AKUAKULTUR,S1,-,599,0,Ekonomi & Bisnis
quipper-55,rencanamu-126,banpt-385,-,FAKULTAS EKONOMI,AKUNTANSI,AKUNTANSI,S1,B,599,2,Pendidikan & Keguruan
-,-,banpt-385,-,-,BUDIDAYA PERAIRAN,BUDIDAYA PERAIRAN,S1,UNGGUL,599,0,Ekonomi & Bisnis
quipper-55,rencanamu-126,banpt-385,-,FAKULTAS AGAMA ISLAM DAN PENDIDIKAN GURU,PENDIDIKAN GURU SEKOLAH DASAR,GURU SEKOLAH DASAR,S1,B,599,0,Ekonomi & Bisnis
quipper-55,rencanamu-126,banpt-385,-,FAKULTAS HUKUM,HUKUM,HUKUM,S1,B,599,3,Hukum
quipper-55,rencanamu-126,banpt-385,-,"FAKULTAS ILMU SOSIAL, ILMU POLITIK DAN ILMU KOMPUTER",SAINS KOMUNIKASI,ILMU KOMUNIKASI,S1,B,599,0,Ekonomi & Bisnis
-,rencanamu-126,-,-,-,BUDIDAYA PENGAIRAN,KELAUTAN,S1,B,599,0,Ekonomi & Bisnis
quipper-55,-,banpt-385,-,"FAKULTAS ILMU SOSIAL, ILMU POLITIK DAN ILMU KOMPUTER",ILMU KOMPUTER,KOMPUTER,S1,BAIK,599,0,Ekonomi & Bisnis
quipper-55,rencanamu-126,banpt-385,-,FAKULTAS EKONOMI,MANAJEMEN,MANAJEMEN,S1,B,599,0,Ekonomi & Bisnis
quipper-55,rencanamu-126,banpt-385,-,FAKULTAS ILMU PANGAN HALAL,TEKNOLOGI INDUSTRI PERTANIAN,PERTANIAN,S1,B,599,0,Ekonomi & Bisnis
quipper-55,rencanamu-126,banpt-385,-,FAKULTAS PERTANIAN,PETERNAKAN,PETERNAKAN,S1,A,599,0,Ekonomi & Bisnis
quipper-55,rencanamu-126,banpt-385,-,FAKULTAS ILMU PANGAN HALAL,TEKNOLOGI PANGAN DAN GIZI,TEKNOLOGI PANGAN,S1,B,599,0,Ekonomi & Bisnis
-,-,banpt-1242,-,-,AGRIBISNIS,AGRIBISNIS,S1,BAIK,1095,0,Ekonomi & Bisnis
-,-,banpt-1242,-,-,AKUNTANSI,AKUNTANSI,S1,BAIK,1095,0,Ekonomi & Bisnis
-,-,banpt-1242,-,-,PENDIDIKAN GURU SEKOLAH DASAR,GURU SEKOLAH DASAR,S1,BAIK,1095,0,Ekonomi & Bisnis
-,-,banpt-1242,-,-,ILMU HUKUM,HUKUM,S1,B,1095,0,Ekonomi & Bisnis
-,-,banpt-1242,-,-,ILMU KOMPUTER,KOMPUTER,S1,BAIK,1095,0,Ekonomi & Bisnis
-,-,banpt-1242,-,-,SISTEM INFORMASI,SISTEM INFORMASI,S1,BAIK,1095,0,Ekonomi & Bisnis
-,-,banpt-2857,-,-,AGRIBISNIS,AGRIBISNIS,S1,BAIK,1009,0,Ekonomi & Bisnis
-,-,banpt-2857,-,-,AKUNTANSI,AKUNTANSI,S1,BAIK,1009,0,Ekonomi & Bisnis
-,-,banpt-2857,-,-,EKONOMI PEMBANGUNAN,EKONOMI PEMBANGUNAN,S1,BAIK,1009,0,Ekonomi & Bisnis
-,-,banpt-2857,-,-,PENDIDIKAN GURU SEKOLAH DASAR,GURU SEKOLAH DASAR,S1,BAIK,1009,0,Ekonomi & Bisnis
-,-,banpt-2857,-,-,ILMU HUKUM,HUKUM,S1,BAIK SEKALI,1009,0,Ekonomi & Bisnis
-,-,banpt-2857,-,-,ILMU KOMPUTER,KOMPUTER,S1,BAIK,1009,0,Ekonomi & Bisnis
-,-,banpt-2857,-,-,MANAJEMEN,MANAJEMEN,S1,BAIK,1009,0,Ekonomi & Bisnis
-,-,banpt-2857,-,-,TEKNOLOGI HASIL PERIKANAN,TEKNOLOGI HASIL PERIKANAN,S1,BAIK,1009,0,Ekonomi & Bisnis
-,-,banpt-3963,-,-,PENDIDIKAN GURU PENDIDIKAN ANAK USIA DINI,GURU ANAK USIA DINI,S1,BAIK SEKALI,181,0,Ekonomi & Bisnis
-,-,banpt-3963,-,-,PENDIDIKAN GURU SEKOLAH DASAR,GURU SEKOLAH DASAR,S1,UNGGUL,181,0,Ekonomi & Bisnis
-,-,banpt-3963,-,-,TEKNIK INDUSTRI,INDUSTRI,S1,TIDAK TERAKREDITASI,181,0,Ekonomi & Bisnis
-,-,banpt-3963,-,-,INFORMATIKA,INFORMATIKA,S1,BAIK,181,0,Ekonomi & Bisnis
-,-,banpt-3963,-,-,PENDIDIKAN JASMANI,JASMANI,S1,BAIK SEKALI,181,0,Ekonomi & Bisnis
-,-,banpt-3963,-,-,MATEMATIKA,MATEMATIKA,S1,TIDAK TERAKREDITASI,181,0,Ekonomi & Bisnis
-,-,banpt-3963,-,-,TEKNIK SIPIL,SIPIL,S1,BAIK,181,0,Ekonomi & Bisnis
-,-,banpt-3963,-,-,SOSIAL EKONOMI PERTANIAN,SOSIAL EKONOMI PERTANIAN,S1,BAIK,181,0,Ekonomi & Bisnis
-,-,banpt-3963,-,-,TEKNOLOGI PANGAN,TEKNOLOGI PANGAN,S1,BAIK,181,0,Ekonomi & Bisnis
quipper-25,-,-,-,ILMU ADMINISTRASI,ILMU ADMINISTRASI,ADMINISTRASI,S1,-,342,0,Ekonomi & Bisnis
quipper-25,-,-,-,ILMU ADMINISTRASI,ILMU ADMINISTRASI NEGARA,ADMINISTRASI NEGARA,S1,-,342,0,Ekonomi & Bisnis
quipper-25,-,banpt-1,-,ILMU ADMINISTRASI,ILMU ADMINISTRASI NIAGA,ADMINISTRASI NIAGA,S1,B,342,0,Ekonomi & Bisnis
quipper-25,-,banpt-1,-,EKONOMI DAN BISNIS,AKUNTANSI,AKUNTANSI,S1,BAIK SEKALI,342,2,Pendidikan & Keguruan
quipper-25,-,banpt-1,-,PERTANIAN,BUDIDAYA PERAIRAN,BUDIDAYA PERAIRAN,S1,BAIK SEKALI,342,0,Ekonomi & Bisnis
quipper-25,-,banpt-1,-,EKONOMI DAN BISNIS,EKONOMI PEMBANGUNAN,EKONOMI PEMBANGUNAN,S1,BAIK SEKALI,342,0,Ekonomi & Bisnis
quipper-25,-,banpt-1,-,TEKNIK,TEKNIK GEOMATIKA,GEOMATIKA,S1,BAIK,342,0,Ekonomi & Bisnis
quipper-25,-,banpt-1,-,HUKUM,ILMU HUKUM,HUKUM,S1,UNGGUL,342,3,Hukum
quipper-25,-,-,-,ILMU KOMUNIKASI,ILMU KOMUNIKASI,ILMU KOMUNIKASI,S1,-,342,0,Ekonomi & Bisnis
quipper-25,-,-,-,TEKNIK,TEKNIK INFORMATIKA,INFORMATIKA,S1,-,342,1,Teknik & Rekayasa
quipper-25,-,-,-,ILMU KESEHATAN,KEBIDANAN,KEBIDANAN,S1,-,342,0,Ekonomi & Bisnis
quipper-25,-,banpt-1,-,EKONOMI DAN BISNIS,MANAJEMEN,MANAJEMEN,S1,BAIK SEKALI,342,0,Ekonomi & Bisnis
quipper-25,-,-,-,KEGURUAN DAN ILMU PENDIDIKAN,PENDIDIKAN MATEMATIKA,MATEMATIKA,S1,-,342,0,Ekonomi & Bisnis
quipper-25,-,banpt-1,-,PERTANIAN,AGROBISNIS PERIKANAN,PERIKANAN,S1,UNGGUL,342,0,Ekonomi & Bisnis
quipper-25,-,banpt-1,-,SASTRA,SASTRA INGGRIS,SASTRA INGGRIS,S1,B,342,0,Ekonomi & Bisnis
quipper-25,-,banpt-1,-,SASTRA,SASTRA JEPANG,SASTRA JEPANG,S1,B,342,0,Ekonomi & Bisnis
quipper-25,-,-,-,ILMU ADMINISTRASI,KESEKRETARIATAN,SEKRETARIAT,S1,-,342,0,Ekonomi & Bisnis
quipper-25,-,banpt-1,-,TEKNIK,TEKNIK SIPIL,SIPIL,S1,BAIK SEKALI,342,5,Sains & Teknologi
quipper-25,-,-,-,KEGURUAN DAN ILMU PENDIDIKAN,TEKNOLOGI PENDIDIKAN,TEKNOLOGI,S1,-,342,0,Ekonomi & Bisnis
quipper-25,-,banpt-1,-,PERTANIAN,TEKNOLOGI PANGAN,TEKNOLOGI PANGAN,S1,B,342,0,Ekonomi & Bisnis
-,-,banpt-1345,-,-,ILMU ADMINISTRASI NEGARA,ADMINISTRASI NEGARA,S1,BAIK,1369,0,Ekonomi & Bisnis
-,-,banpt-1345,-,-,ILMU ADMINISTRASI NIAGA,ADMINISTRASI NIAGA,S1,BAIK,1369,0,Ekonomi & Bisnis
-,-,banpt-1345,-,-,ADMINISTRASI RUMAH SAKIT,ADMINISTRASI RUMAH SAKIT,S1,BAIK,1369,0,Ekonomi & Bisnis
-,-,banpt-1345,-,-,HUKUM,HUKUM,S1,BAIK,1369,0,Ekonomi & Bisnis
-,-,banpt-1345,-,-,ILMU KOMPUTER,KOMPUTER,S1,BAIK,1369,0,Ekonomi & Bisnis
quipper-28,-,banpt-1668,-,EKONOMI DAN BISNIS,BISNIS DIGITAL,BISNIS DIGITAL,S1,BAIK,317,0,Ekonomi & Bisnis
quipper-28,-,banpt-1668,-,ILMU KESEHATAN,FARMASI,FARMASI,S1,BAIK SEKALI,317,0,Ekonomi & Bisnis
quipper-28,-,-,-,ILMU KESEHATAN,TEKNOLOGI LABORATORIUM MEDIS,INFORMATIKA MEDIS,S1,-,317,0,Ekonomi & Bisnis
quipper-28,-,banpt-1668,-,ILMU KESEHATAN,KEBIDANAN,KEBIDANAN,S1,BAIK SEKALI,317,0,Ekonomi & Bisnis
quipper-28,-,banpt-1668,-,ILMU KESEHATAN,ILMU KEPERAWATAN,KEPERAWATAN,S1,BAIK SEKALI,317,0,Ekonomi & Bisnis
quipper-28,-,banpt-1668,-,EKONOMI DAN BISNIS,KEWIRAUSAHAAN,KEWIRAUSAHAAN,S1,BAIK,317,0,Ekonomi & Bisnis
-,rencanamu-127,banpt-UNIVERSITAS DR. SOETOMO,-,-,ADMINISTRASI NEGARA,ADMINISTRASI NEGARA,S1,A,15,0,Ekonomi & Bisnis
-,rencanamu-127,-,-,-,ADMINISTRASI NIAGA,ADMINISTRASI NIAGA,S1,B,15,0,Ekonomi & Bisnis
-,rencanamu-127,-,-,-,AKUNTANSI,AKUNTANSI,S1,B,15,0,Ekonomi & Bisnis
-,rencanamu-127,-,-,-,BUDIDAYA PERAIRAN,BUDIDAYA PERAIRAN,S1,B,15,0,Ekonomi & Bisnis
-,rencanamu-127,-,-,-,EKONOMI PEMBANGUNAN,EKONOMI PEMBANGUNAN,S1,B,15,0,Ekonomi & Bisnis
-,rencanamu-127,-,-,-,ILMU HUKUM,HUKUM,S1,B,15,0,Ekonomi & Bisnis
-,rencanamu-127,banpt-UNIVERSITAS DR. SOETOMO,-,-,ILMU KOMUNIKASI,ILMU KOMUNIKASI,S1,B,15,0,Ekonomi & Bisnis
-,rencanamu-127,banpt-UNIVERSITAS DR. SOETOMO,-,-,TEKNIK INFORMATIKA,INFORMATIKA,S1,B,15,0,Ekonomi & Bisnis
-,rencanamu-127,-,-,-,MANAJEMEN,MANAJEMEN,S1,B,15,0,Ekonomi & Bisnis
-,rencanamu-127,banpt-UNIVERSITAS DR. SOETOMO,-,-,PENDIDIKAN MATEMATIKA,MATEMATIKA,S1,B,15,0,Ekonomi & Bisnis
-,rencanamu-127,banpt-UNIVERSITAS DR. SOETOMO,-,-,AGROBISNIS PERIKANAN,PERIKANAN,S1,B,15,0,Ekonomi & Bisnis
-,rencanamu-127,-,-,-,SASTRA INGGRIS,SASTRA INGGRIS,S1,B,15,0,Ekonomi & Bisnis
-,rencanamu-127,-,-,-,SASTRA JEPANG,SASTRA JEPANG,S1,B,15,0,Ekonomi & Bisnis
-,rencanamu-127,-,-,-,TEKNIK SIPIL,SIPIL,S1,B,15,0,Ekonomi & Bisnis
-,rencanamu-127,-,-,-,TEKNOLOGI PANGAN,TEKNOLOGI PANGAN,S1,B,15,0,Ekonomi & Bisnis
-,-,banpt-1027,-,-,AGROTEKNOLOGI,AGROTEKNOLOGI,S1,BAIK,1199,0,Ekonomi & Bisnis
-,-,banpt-1027,-,-,HUKUM BISNIS,HUKUM,S1,TERAKREDITASI SEMENTARA,1199,0,Ekonomi & Bisnis
-,-,banpt-1027,-,-,KEHUTANAN,KEHUTANAN,S1,BAIK,1199,0,Ekonomi & Bisnis
-,-,banpt-1027,-,-,ILMU LINGKUNGAN,LINGKUNGAN,S1,BAIK,1199,0,Ekonomi & Bisnis
-,-,banpt-1027,-,-,MANAJEMEN,MANAJEMEN,S1,BAIK,1199,0,Ekonomi & Bisnis
-,-,banpt-1027,-,-,PENDIDIKAN KEPELATIHAN OLAHRAGA,OLAHRAGA,S1,BAIK,1199,0,Ekonomi & Bisnis
-,-,banpt-1027,-,-,PENDIDIKAN ILMU PENGETAHUAN ALAM,PENGETAHUAN ALAM,S1,BAIK,1199,0,Ekonomi & Bisnis
-,-,banpt-1027,-,-,ILMU PERIKANAN,PERIKANAN,S1,BAIK,1199,0,Ekonomi & Bisnis
-,-,banpt-517,-,-,ADMINISTRASI RUMAH SAKIT,ADMINISTRASI RUMAH SAKIT,S1,UNGGUL,528,0,Ekonomi & Bisnis
-,-,banpt-517,-,-,AGRIBISNIS,AGRIBISNIS,S1,UNGGUL,528,0,Ekonomi & Bisnis
-,-,banpt-517,-,-,AKUNTANSI,AKUNTANSI,S1,BAIK SEKALI,528,0,Ekonomi & Bisnis
-,-,banpt-517,-,-,FARMASI,FARMASI,S1,UNGGUL,528,0,Ekonomi & Bisnis
-,-,banpt-517,-,-,PENDIDIKAN GURU SEKOLAH DASAR,GURU SEKOLAH DASAR,S1,BAIK,528,0,Ekonomi & Bisnis
-,-,banpt-517,-,-,HUKUM,HUKUM,S1,UNGGUL,528,0,Ekonomi & Bisnis
-,-,banpt-517,-,-,TEKNIK INDUSTRI,INDUSTRI,S1,BAIK,528,0,Ekonomi & Bisnis
-,-,banpt-517,-,-,TEKNIK INFORMATIKA,INFORMATIKA,S1,BAIK SEKALI,528,0,Ekonomi & Bisnis
-,-,banpt-517,-,-,KEBIDANAN,KEBIDANAN,S1,BAIK,528,0,Ekonomi & Bisnis
-,-,banpt-517,-,-,KEPERAWATAN,KEPERAWATAN,S1,BAIK SEKALI,528,0,Ekonomi & Bisnis
-,-,banpt-517,-,-,MANAJEMEN,MANAJEMEN,S1,BAIK SEKALI,528,0,Ekonomi & Bisnis
-,-,banpt-517,-,-,SISTEM INFORMASI,SISTEM INFORMASI,S1,BAIK SEKALI,528,0,Ekonomi & Bisnis
-,rencanamu-128,banpt-2521,-,-,AGRIBISNIS,AGRIBISNIS,S1,B,777,0,Ekonomi & Bisnis
-,rencanamu-128,banpt-2521,-,-,AGROTEKNOLOGI,AGROTEKNOLOGI,S1,B,777,0,Ekonomi & Bisnis
-,rencanamu-128,banpt-2521,-,-,ARSITEKTUR,ARSITEKTUR,S1,B,777,0,Ekonomi & Bisnis
-,rencanamu-128,banpt-2521,-,-,PENDIDIKAN GURU SD,GURU SEKOLAH DASAR,S1,C,777,0,Ekonomi & Bisnis
-,rencanamu-128,banpt-2521,-,-,ILMU HUKUM,HUKUM,S1,B,777,0,Ekonomi & Bisnis
-,rencanamu-128,banpt-2521,-,-,ILMU KOMUNIKASI,ILMU KOMUNIKASI,S1,B,777,0,Ekonomi & Bisnis
-,rencanamu-128,banpt-2521,-,-,PENDIDIKAN PANCASILA DAN KEWARGANEGARAAN,PANCASILA KEWARGANEGARAAN,S1,B,777,0,Ekonomi & Bisnis
-,rencanamu-129,banpt-641,-,-,ILMU ADMINISTRASI NEGARA,ADMINISTRASI NEGARA,S1,B,1151,0,Ekonomi & Bisnis
-,rencanamu-129,banpt-641,-,-,AGRIBISNIS,AGRIBISNIS,S1,B,1151,0,Ekonomi & Bisnis
-,rencanamu-129,banpt-641,-,-,AGROTEKNOLOGI,AGROTEKNOLOGI,S1,BAIK SEKALI,1151,0,Ekonomi & Bisnis
-,rencanamu-129,banpt-641,-,-,AKUNTANSI,AKUNTANSI,S1,B,1151,0,Ekonomi & Bisnis
-,rencanamu-129,banpt-641,-,-,ARSITEKTUR,ARSITEKTUR,S1,B,1151,0,Ekonomi & Bisnis
-,rencanamu-129,banpt-641,-,-,PENDIDIKAN EKONOMI,EKONOMI,S1,B,1151,0,Ekonomi & Bisnis
-,rencanamu-129,banpt-641,-,-,TEKNIK ELEKTRO,ELEKTRO,S1,B,1151,0,Ekonomi & Bisnis
-,rencanamu-129,banpt-641,-,-,ILMU HUKUM,HUKUM,S1,B,1151,0,Ekonomi & Bisnis
-,rencanamu-129,banpt-641,-,-,ILMU KOMUNIKASI,ILMU KOMUNIKASI,S1,B,1151,0,Ekonomi & Bisnis
-,rencanamu-129,banpt-641,-,-,TEKNIK INDUSTRI,INDUSTRI,S1,C,1151,0,Ekonomi & Bisnis
-,rencanamu-129,banpt-641,-,-,MANAJEMEN,MANAJEMEN,S1,B,1151,0,Ekonomi & Bisnis
-,rencanamu-129,-,-,-,MANAJEMEN INFORMATIKA,MANAJEMEN INFORMATIKA,S1,B,1151,0,Ekonomi & Bisnis
-,rencanamu-129,banpt-641,-,-,PENDIDIKAN MATEMATIKA,MATEMATIKA,S1,B,1151,0,Ekonomi & Bisnis
-,rencanamu-129,banpt-641,-,-,TEKNIK MESIN,MESIN,S1,B,1151,0,Ekonomi & Bisnis
-,rencanamu-129,banpt-641,-,-,ILMU PEMERINTAHAN,PEMERINTAHAN,S1,B,1151,0,Ekonomi & Bisnis
-,rencanamu-129,banpt-641,-,-,TEKNIK HASIL PERTANIAN,PERTANIAN,S1,B,1151,0,Ekonomi & Bisnis
-,rencanamu-129,banpt-641,-,-,SASTRA INGGRIS,SASTRA INGGRIS,S1,B,1151,0,Ekonomi & Bisnis
-,rencanamu-129,banpt-641,-,-,TEKNIK SIPIL,SIPIL,S1,B,1151,0,Ekonomi & Bisnis
quipper-5,rencanamu-130,-,-,FAKULTAS EKONOMI DAN BISNIS,AKUNTANSI SEKTOR BISNIS,AKUNTANSI,S1,A,154,2,Pendidikan & Keguruan
quipper-5,rencanamu-130,banpt-1019,-,FAKULTAS ILMU-ILMU KESEHATAN,BIOTEKNOLOGI,BIOTEKNOLOGI,S1,B,154,0,Ekonomi & Bisnis
quipper-5,rencanamu-130,-,-,FAKULTAS EKONOMI DAN BISNIS,MANAJEMEN BISNIS,BISNIS,S1,A,154,0,Ekonomi & Bisnis
quipper-5,rencanamu-130,banpt-1019,-,FAKULTAS DESAIN DAN INDUSTRI KREATIF,DESAIN INTERIOR,DESAIN INTERIOR,S1,B,154,0,Ekonomi & Bisnis
quipper-5,rencanamu-130,banpt-1019,-,FAKULTAS DESAIN DAN INDUSTRI KREATIF,DESAIN KOMUNIKASI VISUAL,DESAIN KOMUNIKASI VISUAL,S1,B,154,0,Ekonomi & Bisnis
quipper-5,rencanamu-130,banpt-1019,-,FAKULTAS DESAIN DAN INDUSTRI KREATIF,DESAIN PRODUK,DESAIN PRODUK,S1,A,154,0,Ekonomi & Bisnis
quipper-5,rencanamu-130,banpt-1019,-,FAKULTAS ILMU-ILMU KESEHATAN,FARMASI,FARMASI,S1,C,154,0,Ekonomi & Bisnis
quipper-5,rencanamu-130,banpt-1019,-,FAKULTAS FISIOTERAPI,FISIOTERAPI,FISIOTERAPI,S1,B,154,0,Ekonomi & Bisnis
quipper-5,rencanamu-130,banpt-1019,-,FAKULTAS ILMU-ILMU KESEHATAN,ILMU GIZI,GIZI,S1,B,154,0,Ekonomi & Bisnis
quipper-5,rencanamu-130,banpt-1019,-,FAKULTAS KEGURUAN DAN ILMU PENDIDIKAN,PENDIDIKAN GURU SD,GURU SEKOLAH DASAR,S1,B,154,2,Pendidikan & Keguruan
quipper-5,rencanamu-130,banpt-1019,-,FAKULTAS HUKUM,ILMU HUKUM,HUKUM,S1,A,154,3,Hukum
-,rencanamu-130,banpt-1019,-,-,PENYIAR,ILMU KOMUNIKASI,S1,A,154,0,Ekonomi & Bisnis
quipper-5,rencanamu-130,banpt-1019,-,FAKULTAS TEKNIK,TEKNIK INDUSTRI,INDUSTRI,S1,BAIK SEKALI,154,1,Teknik & Rekayasa
quipper-5,rencanamu-130,banpt-1019,-,FAKULTAS ILMU KOMPUTER,TEKNIK INFORMATIKA,INFORMATIKA,S1,A,154,1,Teknik & Rekayasa
quipper-5,-,-,-,FAKULTAS ILMU-ILMU KESEHATAN,MANAJEMEN INFORMASI KESEHATAN,INFORMATIKA KESEHATAN,S1,-,154,0,Ekonomi & Bisnis
quipper-5,rencanamu-130,-,-,FAKULTAS ILMU KOMUNIKASI,JURNALISTIK,JURNALISTIK,S1,A,154,0,Ekonomi & Bisnis
quipper-5,rencanamu-130,banpt-1019,-,FAKULTAS ILMU-ILMU KESEHATAN,KEPERAWATAN,KEPERAWATAN,S1,B,154,0,Ekonomi & Bisnis
quipper-5,rencanamu-130,banpt-1019,-,FAKULTAS ILMU-ILMU KESEHATAN,KESEHATAN MASYARAKAT,KESEHATAN MASYARAKAT,S1,B,154,0,Ekonomi & Bisnis
-,-,banpt-1019,-,-,MANAJEMEN,MANAJEMEN,S1,UNGGUL,154,0,Ekonomi & Bisnis
-,-,banpt-1019,-,-,TEKNIK MESIN,MESIN,S1,BAIK,154,0,Ekonomi & Bisnis
quipper-5,rencanamu-130,-,-,FAKULTAS ILMU KOMUNIKASI,KOMUNIKASI PEMASARAN,PEMASARAN,S1,A,154,0,Ekonomi & Bisnis
quipper-5,rencanamu-130,banpt-1019,-,FAKULTAS TEKNIK,PERENCANAAN WILAYAH DAN KOTA,PERENCANAAN WILAYAH KOTA,S1,B,154,1,Teknik & Rekayasa
quipper-5,rencanamu-130,banpt-1019,-,FAKULTAS PSIKOLOGI,PSIKOLOGI,PSIKOLOGI,S1,B,154,0,Ekonomi & Bisnis
quipper-5,-,-,-,FAKULTAS ILMU-ILMU KESEHATAN,REKAM MEDIK & INFORMASI KESEHATAN,REKAM MEDIS,S1,-,154,0,Ekonomi & Bisnis
-,rencanamu-130,-,-,-,REKAM MEDIS DAN INFORMASI KESEHATAN,REKAM MEDIS INFORMASI KESEHATAN,S1,A,154,0,Ekonomi & Bisnis
-,-,banpt-1019,-,-,REKAYASA SIPIL,SIPIL,S1,BAIK,154,0,Ekonomi & Bisnis
quipper-5,rencanamu-130,banpt-1019,-,FAKULTAS ILMU KOMPUTER,SISTEM INFORMASI,SISTEM INFORMASI,S1,B,154,4,Teknologi Industri
quipper-5,rencanamu-130,-,-,FAKULTAS ILMU KOMUNIKASI,HUMAS,STUDI HUMANITAS,S1,-,154,0,Ekonomi & Bisnis
-,rencanamu-131,banpt-3126,-,-,AKUNTANSI,AKUNTANSI,S1,B,866,0,Ekonomi & Bisnis
-,rencanamu-131,banpt-3126,-,-,ARSITEKTUR,ARSITEKTUR,S1,B,866,0,Ekonomi & Bisnis
-,rencanamu-131,banpt-3126,-,-,TEKNIK ELEKTRO,ELEKTRO,S1,B,866,0,Ekonomi & Bisnis
-,rencanamu-131,-,-,-,HUBUNGAN INTERNASIONAL,HUBUNGAN INTERNASIONAL,S1,B,866,0,Ekonomi & Bisnis
-,rencanamu-131,-,-,-,ILMU KOMUNIKASI,ILMU KOMUNIKASI,S1,B,866,0,Ekonomi & Bisnis
-,rencanamu-131,banpt-3126,-,-,TEKNIK KIMIA,KIMIA,S1,C,866,0,Ekonomi & Bisnis
-,rencanamu-131,-,-,-,MANAJEMEN,MANAJEMEN,S1,B,866,0,Ekonomi & Bisnis
-,rencanamu-131,banpt-3126,-,-,TEKNIK MESIN,MESIN,S1,C,866,0,Ekonomi & Bisnis
-,rencanamu-131,banpt-3126,-,-,SASTRA INGGRIS,SASTRA INGGRIS,S1,B,866,0,Ekonomi & Bisnis
-,rencanamu-131,banpt-3126,-,-,TEKNIK SIPIL,SIPIL,S1,B,866,0,Ekonomi & Bisnis
-,-,banpt-2523,-,-,ARSITEKTUR,ARSITEKTUR,S1,BAIK,305,0,Ekonomi & Bisnis
-,-,banpt-2523,-,-,TEKNIK ELEKTRO,ELEKTRO,S1,BAIK,305,0,Ekonomi & Bisnis
-,-,banpt-2523,-,-,TEKNIK INDUSTRI,INDUSTRI,S1,BAIK,305,0,Ekonomi & Bisnis
-,-,banpt-2523,-,-,INFORMATIKA,INFORMATIKA,S1,BAIK,305,0,Ekonomi & Bisnis
-,-,banpt-2523,-,-,KEBIDANAN,KEBIDANAN,S1,BAIK SEKALI,305,0,Ekonomi & Bisnis
-,-,banpt-2523,-,-,KEPERAWATAN,KEPERAWATAN,S1,B,305,0,Ekonomi & Bisnis
-,-,banpt-2523,-,-,KESEHATAN MASYARAKAT,KESEHATAN MASYARAKAT,S1,BAIK SEKALI,305,0,Ekonomi & Bisnis
-,-,banpt-2523,-,-,MANAJEMEN,MANAJEMEN,S1,BAIK,305,0,Ekonomi & Bisnis
-,-,banpt-2523,-,-,TEKNIK SIPIL,SIPIL,S1,BAIK,305,0,Ekonomi & Bisnis
-,-,banpt-260,-,-,ILMU BIOMEDIS,BIOMEDIS,S1,BAIK,1372,0,Ekonomi & Bisnis
-,-,banpt-260,-,-,HUKUM,HUKUM,S1,TERAKREDITASI SEMENTARA,1372,0,Ekonomi & Bisnis
-,-,banpt-260,-,-,ILMU KEPERAWATAN,KEPERAWATAN,S1,BAIK SEKALI,1372,0,Ekonomi & Bisnis
-,-,banpt-260,-,-,MANAJEMEN,MANAJEMEN,S1,BAIK,1372,0,Ekonomi & Bisnis
-,rencanamu-132,banpt-3478,-,-,AGROTEKNOLOGI,AGROTEKNOLOGI,S1,C,691,0,Ekonomi & Bisnis
-,rencanamu-132,banpt-3478,-,-,AKUNTANSI,AKUNTANSI,S1,C,691,0,Ekonomi & Bisnis
-,rencanamu-132,banpt-3478,-,-,ARSITEKTUR,ARSITEKTUR,S1,B,691,0,Ekonomi & Bisnis
-,-,banpt-3478,-,-,PENDIDIKAN BIOLOGI,BIOLOGI,S1,BAIK,691,0,Ekonomi & Bisnis
-,rencanamu-132,banpt-3478,-,-,PENDIDIKAN EKONOMI,EKONOMI,S1,C,691,0,Ekonomi & Bisnis
-,rencanamu-132,banpt-3478,-,-,EKONOMI PEMBANGUNAN,EKONOMI PEMBANGUNAN,S1,C,691,0,Ekonomi & Bisnis
-,rencanamu-132,banpt-3478,-,-,PENDIDIKAN FISIKA,FISIKA,S1,C,691,0,Ekonomi & Bisnis
-,rencanamu-132,banpt-3478,-,-,KEPENDIDIKAN SEKOLAH DASAR & PRASEKOLAH,GURU SEKOLAH DASAR,S1,C,691,0,Ekonomi & Bisnis
-,rencanamu-132,banpt-3478,-,-,ILMU HUKUM,HUKUM,S1,B,691,0,Ekonomi & Bisnis
-,-,banpt-3478,-,-,PENDIDIKAN KIMIA,KIMIA,S1,BAIK,691,0,Ekonomi & Bisnis
-,rencanamu-132,banpt-3478,-,-,MANAJEMEN,MANAJEMEN,S1,B,691,0,Ekonomi & Bisnis
-,rencanamu-132,banpt-3478,-,-,PENDIDIKAN MATEMATIKA,MATEMATIKA,S1,B,691,0,Ekonomi & Bisnis
-,rencanamu-132,banpt-3478,-,-,SASTRA INGGRIS,SASTRA INGGRIS,S1,B,691,0,Ekonomi & Bisnis
-,rencanamu-132,banpt-3478,-,-,PENDIDIKAN SEJARAH,SEJARAH,S1,B,691,0,Ekonomi & Bisnis
-,rencanamu-132,banpt-3478,-,-,TEKNIK SIPIL,SIPIL,S1,C,691,0,Ekonomi & Bisnis
-,-,banpt-3478,-,-,SISTEM INFORMASI,SISTEM INFORMASI,S1,BAIK SEKALI,691,0,Ekonomi & Bisnis
-,-,banpt-2683,-,-,BISNIS DIGITAL,BISNIS DIGITAL,S1,BAIK,296,0,Ekonomi & Bisnis
-,-,banpt-2683,-,-,DESAIN KOMUNIKASI VISUAL,DESAIN KOMUNIKASI VISUAL,S1,TERAKREDITASI SEMENTARA,296,0,Ekonomi & Bisnis
-,-,banpt-2683,-,-,FARMASI,FARMASI,S1,BAIK,296,0,Ekonomi & Bisnis
-,-,banpt-2683,-,-,HUKUM,HUKUM,S1,TERAKREDITASI SEMENTARA,296,0,Ekonomi & Bisnis
-,-,banpt-2683,-,-,KEBIDANAN,KEBIDANAN,S1,BAIK SEKALI,296,0,Ekonomi & Bisnis
-,-,banpt-2683,-,-,KEPERAWATAN,KEPERAWATAN,S1,UNGGUL,296,0,Ekonomi & Bisnis
-,-,banpt-2683,-,-,KESEHATAN MASYARAKAT,KESEHATAN MASYARAKAT,S1,BAIK SEKALI,296,0,Ekonomi & Bisnis
-,-,banpt-2683,-,-,KEWIRAUSAHAAN,KEWIRAUSAHAAN,S1,BAIK,296,0,Ekonomi & Bisnis
-,-,banpt-2683,-,-,PARIWISATA,PARIWISATA,S1,BAIK,296,0,Ekonomi & Bisnis
-,-,banpt-2683,-,-,PSIKOLOGI,PSIKOLOGI,S1,TERAKREDITASI SEMENTARA,296,0,Ekonomi & Bisnis
-,-,banpt-3075,-,-,ILMU ADMINISTRASI NEGARA,ADMINISTRASI NEGARA,S1,BAIK,1137,0,Ekonomi & Bisnis
-,-,banpt-3075,-,-,AGRIBISNIS,AGRIBISNIS,S1,BAIK,1137,0,Ekonomi & Bisnis
-,-,banpt-3075,-,-,AGROTEKNOLOGI,AGROTEKNOLOGI,S1,BAIK,1137,0,Ekonomi & Bisnis
-,-,banpt-3075,-,-,BUDIDAYA PERAIRAN,BUDIDAYA PERAIRAN,S1,BAIK SEKALI,1137,0,Ekonomi & Bisnis
-,-,banpt-3075,-,-,EKONOMI PEMBANGUNAN,EKONOMI PEMBANGUNAN,S1,BAIK SEKALI,1137,0,Ekonomi & Bisnis
-,-,banpt-3075,-,-,ILMU KOMUNIKASI,ILMU KOMUNIKASI,S1,BAIK,1137,0,Ekonomi & Bisnis
-,-,banpt-3075,-,-,TEKNIK INFORMATIKA,INFORMATIKA,S1,BAIK,1137,0,Ekonomi & Bisnis
-,-,banpt-3075,-,-,MANAJEMEN,MANAJEMEN,S1,BAIK,1137,0,Ekonomi & Bisnis
-,-,banpt-3075,-,-,PETERNAKAN,PETERNAKAN,S1,BAIK,1137,0,Ekonomi & Bisnis
quipper-57,-,banpt-3827,-,FAKULTAS EKONOMI & BISNIS,AKUNTANSI,AKUNTANSI,S1,UNGGUL,544,2,Pendidikan & Keguruan
quipper-57,-,banpt-3827,-,FAKULTAS EKONOMI & BISNIS,EKONOMI PEMBANGUNAN,EKONOMI PEMBANGUNAN,S1,BAIK,544,0,Ekonomi & Bisnis
quipper-57,-,banpt-3827,-,FAKULTAS TEKNIK & INFORMATIKA,TEKNIK ELEKTRO,ELEKTRO,S1,B,544,0,Ekonomi & Bisnis
quipper-57,-,-,-,FAKULTAS TEKNIK & INFORMATIKA,FISIKA,FISIKA,S1,-,544,0,Ekonomi & Bisnis
quipper-57,-,banpt-3827,-,FAKULTAS ILMU SOSIAL & BUDAYA,ILMU KOMUNIKASI,ILMU KOMUNIKASI,S1,BAIK,544,0,Ekonomi & Bisnis
quipper-57,-,banpt-3827,-,FAKULTAS TEKNIK & INFORMATIKA,TEKNIK INDUSTRI,INDUSTRI,S1,BAIK,544,0,Ekonomi & Bisnis
quipper-57,-,banpt-3827,-,FAKULTAS EKONOMI & BISNIS,MANAJEMEN,MANAJEMEN,S1,BAIK SEKALI,544,0,Ekonomi & Bisnis
quipper-57,-,-,-,FAKULTAS TEKNIK & INFORMATIKA,TEKNIK MESIN,MESIN,S1,-,544,0,Ekonomi & Bisnis
quipper-57,-,banpt-3827,-,FAKULTAS ILMU SOSIAL & BUDAYA,PSIKOLOGI,PSIKOLOGI,S1,BAIK SEKALI,544,0,Ekonomi & Bisnis
quipper-57,-,banpt-3827,-,FAKULTAS TEKNIK & INFORMATIKA,SISTEM INFORMASI,SISTEM INFORMASI,S1,BAIK SEKALI,544,4,Teknologi Industri
-,rencanamu-133,-,-,-,AKUNTANSI,AKUNTANSI,S1,B,10,0,Ekonomi & Bisnis
-,rencanamu-133,-,-,-,EKONOMI PEMBANGUNAN,EKONOMI PEMBANGUNAN,S1,B,10,0,Ekonomi & Bisnis
-,rencanamu-133,-,-,-,TEKNIK ELEKTRO,ELEKTRO,S1,B,10,0,Ekonomi & Bisnis
-,rencanamu-133,-,-,-,MANAJEMEN,MANAJEMEN,S1,-,10,0,Ekonomi & Bisnis
-,rencanamu-133,-,-,-,TEKNIK MESIN,MESIN,S1,-,10,0,Ekonomi & Bisnis
-,rencanamu-133,-,-,-,PSIKOLOGI,PSIKOLOGI,S1,-,10,0,Ekonomi & Bisnis
-,rencanamu-133,-,-,-,SASTRA INGGRIS,SASTRA INGGRIS,S1,B,10,0,Ekonomi & Bisnis
-,rencanamu-133,-,-,-,SISTEM INFORMASI,SISTEM INFORMASI,S1,B,10,0,Ekonomi & Bisnis
-,-,banpt-2501,-,-,AGRIBISNIS,AGRIBISNIS,S1,B,539,0,Ekonomi & Bisnis
-,-,banpt-2501,-,-,PENDIDIKAN AKUNTANSI,AKUNTANSI,S1,BAIK SEKALI,539,0,Ekonomi & Bisnis
-,-,banpt-2501,-,-,HUKUM,HUKUM,S1,B,539,0,Ekonomi & Bisnis
-,-,banpt-2501,-,-,PENDIDIKAN JASMANI,JASMANI,S1,B,539,0,Ekonomi & Bisnis
-,-,banpt-2501,-,-,KEBIDANAN,KEBIDANAN,S1,BAIK SEKALI,539,0,Ekonomi & Bisnis
-,-,banpt-2501,-,-,KEPERAWATAN,KEPERAWATAN,S1,UNGGUL,539,0,Ekonomi & Bisnis
-,-,banpt-2501,-,-,PENDIDIKAN MATEMATIKA,MATEMATIKA,S1,BAIK SEKALI,539,0,Ekonomi & Bisnis
-,-,banpt-2501,-,-,ILMU PEMERINTAHAN,PEMERINTAHAN,S1,B,539,0,Ekonomi & Bisnis
-,-,banpt-2501,-,-,PENDIDIKAN SEJARAH,SEJARAH,S1,B,539,0,Ekonomi & Bisnis
-,-,banpt-2501,-,-,SISTEM INFORMASI,SISTEM INFORMASI,S1,BAIK,539,0,Ekonomi & Bisnis
quipper-640,rencanamu-134,-,-,FAKULTAS ILMU SOSIAL DAN ILMU POLITIK,ADMINISTRASI NEGARA,ADMINISTRASI NEGARA,S1,B,1383,0,Ekonomi & Bisnis
quipper-640,rencanamu-134,-,-,FAKULTAS PERTANIAN,AGRIBISNIS,AGRIBISNIS,S1,B,1383,0,Ekonomi & Bisnis
quipper-640,rencanamu-134,-,-,FAKULTAS EKONOMI,AKUNTANSI,AKUNTANSI,S1,B,1383,2,Pendidikan & Keguruan
-,rencanamu-134,banpt-UNIVERSITAS GALUH CIAMIS,-,-,PENDIDIKAN BIOLOGI,BIOLOGI,S1,B,1383,0,Ekonomi & Bisnis
quipper-640,-,-,-,FAKULTAS TEKNIK,TEKNIK ELEKTRO,ELEKTRO,S1,-,1383,1,Teknik & Rekayasa
quipper-640,-,-,-,FAKULTAS KEGURUAN DAN ILMU PENDIDIKAN,KEGURUAN & PENDIDIKAN,GURU,S1,-,1383,2,Pendidikan & Keguruan
-,rencanamu-134,-,-,-,ILMU HUKUM,HUKUM,S1,B,1383,0,Ekonomi & Bisnis
-,rencanamu-134,banpt-UNIVERSITAS GALUH CIAMIS,-,-,TEKNIK INDUSTRI,INDUSTRI,S1,B,1383,0,Ekonomi & Bisnis
-,rencanamu-134,-,-,-,"PENDIDIKAN JASMANI, KESEHATAN DAN REKREASI",JASMANI,S1,B,1383,0,Ekonomi & Bisnis
quipper-640,-,-,-,FAKULTAS ILMU KESEHATAN,KEBIDANAN,KEBIDANAN,S1,-,1383,0,Ekonomi & Bisnis
quipper-640,rencanamu-134,-,-,FAKULTAS ILMU KESEHATAN,ILMU KEPERAWATAN,KEPERAWATAN,S1,C,1383,0,Ekonomi & Bisnis
quipper-640,rencanamu-134,-,-,FAKULTAS EKONOMI,MANAJEMEN,MANAJEMEN,S1,B,1383,0,Ekonomi & Bisnis
quipper-640,rencanamu-134,-,-,FAKULTAS KEGURUAN DAN ILMU PENDIDIKAN,PENDIDIKAN MATEMATIKA,MATEMATIKA,S1,C,1383,2,Pendidikan & Keguruan
quipper-640,-,banpt-UNIVERSITAS GALUH CIAMIS,-,FAKULTAS TEKNIK,TEKNIK MESIN,MESIN,S1,BAIK,1383,1,Teknik & Rekayasa
quipper-640,-,-,-,FAKULTAS KEGURUAN DAN ILMU PENDIDIKAN,PENDIDIKAN OLAHRAGA,OLAHRAGA,S1,-,1383,2,Pendidikan & Keguruan
quipper-640,rencanamu-134,-,-,FAKULTAS ILMU SOSIAL DAN ILMU POLITIK,ILMU PEMERINTAHAN,PEMERINTAHAN,S1,B,1383,0,Ekonomi & Bisnis
-,rencanamu-134,-,-,-,PENDIDIKAN SEJARAH,SEJARAH,S1,B,1383,0,Ekonomi & Bisnis
quipper-640,rencanamu-134,banpt-UNIVERSITAS GALUH CIAMIS,-,FAKULTAS TEKNIK,TEKNIK SIPIL,SIPIL,S1,B,1383,1,Teknik & Rekayasa
-,-,banpt-3706,-,-,BISNIS DIGITAL,BISNIS DIGITAL,S1,BAIK,240,0,Ekonomi & Bisnis
-,-,banpt-3706,-,-,TEKNIK ELEKTRO,ELEKTRO,S1,BAIK SEKALI,240,0,Ekonomi & Bisnis
-,-,banpt-3706,-,-,FARMASI,FARMASI,S1,BAIK,240,0,Ekonomi & Bisnis
-,-,banpt-3706,-,-,TEKNIK INDUSTRI,INDUSTRI,S1,BAIK,240,0,Ekonomi & Bisnis
-,-,banpt-3706,-,-,TEKNIK INFORMATIKA,INFORMATIKA,S1,BAIK SEKALI,240,0,Ekonomi & Bisnis
-,-,banpt-3706,-,-,MANAJEMEN,MANAJEMEN,S1,BAIK SEKALI,240,0,Ekonomi & Bisnis
-,-,banpt-3706,-,-,TEKNIK MESIN,MESIN,S1,BAIK SEKALI,240,0,Ekonomi & Bisnis
-,-,banpt-3706,-,-,TEKNIK SIPIL,SIPIL,S1,BAIK SEKALI,240,0,Ekonomi & Bisnis
-,-,banpt-468,-,-,ILMU ADMINISTRASI NEGARA,ADMINISTRASI NEGARA,S1,BAIK,469,0,Ekonomi & Bisnis
-,-,banpt-468,-,-,AKUNTANSI,AKUNTANSI,S1,BAIK SEKALI,469,0,Ekonomi & Bisnis
-,-,banpt-468,-,-,ARSITEKTUR,ARSITEKTUR,S1,BAIK,469,0,Ekonomi & Bisnis
-,-,banpt-468,-,-,EKONOMI PEMBANGUNAN,EKONOMI PEMBANGUNAN,S1,B,469,0,Ekonomi & Bisnis
-,-,banpt-468,-,-,GIZI,GIZI,S1,BAIK SEKALI,469,0,Ekonomi & Bisnis
-,-,banpt-468,-,-,ILMU HUKUM,HUKUM,S1,B,469,0,Ekonomi & Bisnis
-,-,banpt-468,-,-,KEHUTANAN,KEHUTANAN,S1,BAIK,469,0,Ekonomi & Bisnis
-,-,banpt-468,-,-,KESEHATAN MASYARAKAT,KESEHATAN MASYARAKAT,S1,BAIK SEKALI,469,0,Ekonomi & Bisnis
-,-,banpt-468,-,-,MANAJEMEN,MANAJEMEN,S1,BAIK SEKALI,469,0,Ekonomi & Bisnis
-,-,banpt-468,-,-,TEKNIK MESIN,MESIN,S1,BAIK,469,0,Ekonomi & Bisnis
-,-,banpt-468,-,-,ILMU PEMERINTAHAN,PEMERINTAHAN,S1,B,469,0,Ekonomi & Bisnis
-,-,banpt-468,-,-,PERIKANAN DAN KELAUTAN,PERIKANAN,S1,B,469,0,Ekonomi & Bisnis
-,-,banpt-468,-,-,TEKNIK SIPIL,SIPIL,S1,B,469,0,Ekonomi & Bisnis
-,-,banpt-468,-,-,TEKNOLOGI INFORMASI,TEKNOLOGI INFORMASI,S1,BAIK,469,0,Ekonomi & Bisnis
-,-,banpt-592,-,-,AGRIBISNIS,AGRIBISNIS,S1,BAIK,1193,0,Ekonomi & Bisnis
-,-,banpt-592,-,-,AGROTEKNOLOGI,AGROTEKNOLOGI,S1,BAIK,1193,0,Ekonomi & Bisnis
-,-,banpt-592,-,-,AKUNTANSI,AKUNTANSI,S1,BAIK,1193,0,Ekonomi & Bisnis
-,-,banpt-592,-,-,PENDIDIKAN GURU SEKOLAH DASAR,GURU SEKOLAH DASAR,S1,BAIK,1193,0,Ekonomi & Bisnis
-,-,banpt-592,-,-,HUKUM,HUKUM,S1,BAIK,1193,0,Ekonomi & Bisnis
-,-,banpt-592,-,-,MANAJEMEN,MANAJEMEN,S1,BAIK,1193,0,Ekonomi & Bisnis
-,-,banpt-592,-,-,SISTEM INFORMASI,SISTEM INFORMASI,S1,BAIK,1193,0,Ekonomi & Bisnis
-,rencanamu-135,banpt-1194,-,-,ILMU ADMINISTRASI NEGARA,ADMINISTRASI NEGARA,S1,B,1501,0,Ekonomi & Bisnis
-,-,banpt-1194,-,-,AGRIBISNIS,AGRIBISNIS,S1,BAIK,1501,0,Ekonomi & Bisnis
-,rencanamu-135,banpt-1194,-,-,AGROEKOTEKNOLOGI,AGROTEKNOLOGI,S1,C,1501,0,Ekonomi & Bisnis
-,-,banpt-1194,-,-,BISNIS DIGITAL,BISNIS DIGITAL,S1,BAIK,1501,0,Ekonomi & Bisnis
-,rencanamu-135,banpt-1194,-,-,EKONOMI PEMBANGUNAN,EKONOMI PEMBANGUNAN,S1,C,1501,0,Ekonomi & Bisnis
-,rencanamu-135,banpt-1194,-,-,PENDIDIKAN FISIKA,FISIKA,S1,C,1501,0,Ekonomi & Bisnis
-,-,banpt-1194,-,-,ILMU KOMPUTER,KOMPUTER,S1,BAIK,1501,0,Ekonomi & Bisnis
-,rencanamu-135,banpt-1194,-,-,MANAJEMEN,MANAJEMEN,S1,BAIK SEKALI,1501,0,Ekonomi & Bisnis
-,rencanamu-135,banpt-1194,-,-,PENDIDIKAN MATEMATIKA,MATEMATIKA,S1,BAIK SEKALI,1501,0,Ekonomi & Bisnis
-,rencanamu-135,banpt-1194,-,-,PENDIDIKAN PANCASILA DAN KEWARGANEGARAAN,PANCASILA KEWARGANEGARAAN,S1,C,1501,0,Ekonomi & Bisnis
-,rencanamu-135,banpt-1194,-,-,ILMU PEMERINTAHAN,PEMERINTAHAN,S1,B,1501,0,Ekonomi & Bisnis
-,rencanamu-135,banpt-1194,-,-,PETERNAKAN,PETERNAKAN,S1,C,1501,0,Ekonomi & Bisnis
-,rencanamu-135,banpt-1194,-,-,PENDIDIKAN SEJARAH,SEJARAH,S1,BAIK,1501,0,Ekonomi & Bisnis
-,rencanamu-135,banpt-1194,-,-,TEKNIK SIPIL,SIPIL,S1,C,1501,0,Ekonomi & Bisnis
-,-,banpt-3345,-,-,ADMINISTRASI PENDIDIKAN,ADMINISTRASI,S1,BAIK SEKALI,350,0,Ekonomi & Bisnis
-,-,banpt-3345,-,-,AKUNTANSI,AKUNTANSI,S1,BAIK,350,0,Ekonomi & Bisnis
-,-,banpt-3345,-,-,ILMU HUKUM,HUKUM,S1,BAIK SEKALI,350,0,Ekonomi & Bisnis
-,-,banpt-3345,-,-,ILMU KEPERAWATAN,KEPERAWATAN,S1,B,350,0,Ekonomi & Bisnis
-,-,banpt-3345,-,-,ILMU KOMPUTER,KOMPUTER,S1,BAIK,350,0,Ekonomi & Bisnis
-,-,banpt-3345,-,-,MANAJEMEN,MANAJEMEN,S1,BAIK SEKALI,350,0,Ekonomi & Bisnis
-,-,banpt-3345,-,-,TEKNIK MESIN,MESIN,S1,BAIK,350,0,Ekonomi & Bisnis
-,-,banpt-3345,-,-,SASTRA INGGRIS,SASTRA INGGRIS,S1,BAIK,350,0,Ekonomi & Bisnis
-,-,banpt-3345,-,-,TEKNIK SIPIL,SIPIL,S1,BAIK,350,0,Ekonomi & Bisnis
-,-,banpt-2307,-,-,AGROTEKNOLOGI,AGROTEKNOLOGI,S1,BAIK SEKALI,368,0,Ekonomi & Bisnis
quipper-731,rencanamu-136,banpt-2307,-,FAKULTAS EKONOMI,AKUNTANSI,AKUNTANSI,S1,A,368,2,Pendidikan & Keguruan
quipper-731,rencanamu-136,banpt-2307,-,FAKULTAS TEKNIK SIPIL DAN PERENCANAAN,ARSITEKTUR,ARSITEKTUR,S1,A,368,0,Ekonomi & Bisnis
quipper-731,-,banpt-2307,-,FAKULTAS TEKNIK SIPIL DAN PERENCANAAN,DESAIN INTERIOR,DESAIN INTERIOR,S1,B,368,0,Ekonomi & Bisnis
quipper-731,-,-,-,FAKULTAS EKONOMI,ILMU EKONOMI,EKONOMI,S1,-,368,0,Ekonomi & Bisnis
quipper-731,rencanamu-136,banpt-2307,-,FAKULTAS TEKNOLOGI INDUSTRI,TEKNIK ELEKTRO,ELEKTRO,S1,A,368,4,Teknologi Industri
-,-,banpt-2307,-,-,FARMASI,FARMASI,S1,BAIK SEKALI,368,0,Ekonomi & Bisnis
-,rencanamu-136,banpt-2307,-,-,ILMU KOMUNIKASI,ILMU KOMUNIKASI,S1,A,368,0,Ekonomi & Bisnis
quipper-731,rencanamu-136,banpt-2307,-,FAKULTAS TEKNOLOGI INDUSTRI,TEKNIK INDUSTRI,INDUSTRI,S1,A,368,4,Teknologi Industri
quipper-731,rencanamu-136,banpt-2307,-,FAKULTAS TEKNOLOGI INDUSTRI,TEKNIK INFORMATIKA,INFORMATIKA,S1,A,368,1,Teknik & Rekayasa
-,-,banpt-2307,-,-,KEBIDANAN,KEBIDANAN,S1,BAIK,368,0,Ekonomi & Bisnis
-,-,banpt-2307,-,-,KEDOKTERAN,KEDOKTERAN,S1,B,368,0,Ekonomi & Bisnis
quipper-731,-,-,-,FAKULTAS ILMU KOMPUTER DAN TEKNOLOGI INFORMASI,ILMU KOMPUTER,KOMPUTER,S1,-,368,0,Ekonomi & Bisnis
quipper-731,rencanamu-136,banpt-2307,-,FAKULTAS EKONOMI,MANAJEMEN,MANAJEMEN,S1,A,368,0,Ekonomi & Bisnis
quipper-731,rencanamu-136,banpt-2307,-,FAKULTAS TEKNOLOGI INDUSTRI,TEKNIK MESIN,MESIN,S1,A,368,4,Teknologi Industri
-,-,banpt-2307,-,-,PARIWISATA,PARIWISATA,S1,BAIK SEKALI,368,0,Ekonomi & Bisnis
quipper-731,rencanamu-136,banpt-2307,-,FAKULTAS PSIKOLOGI,PSIKOLOGI,PSIKOLOGI,S1,A,368,0,Ekonomi & Bisnis
-,-,banpt-2307,-,-,SASTRA TIONGKOK,SASTRA CINA,S1,BAIK SEKALI,368,0,Ekonomi & Bisnis
quipper-731,rencanamu-136,banpt-2307,-,FAKULTAS SASTRA,SASTRA INGGRIS,SASTRA INGGRIS,S1,A,368,0,Ekonomi & Bisnis
quipper-731,rencanamu-136,banpt-2307,-,FAKULTAS TEKNIK SIPIL DAN PERENCANAAN,TEKNIK SIPIL,SIPIL,S1,A,368,5,Sains & Teknologi
quipper-731,rencanamu-136,banpt-2307,-,FAKULTAS ILMU KOMPUTER DAN TEKNOLOGI INFORMASI,SISTEM INFORMASI,SISTEM INFORMASI,S1,A,368,4,Teknologi Industri
-,rencanamu-136,banpt-2307,-,-,SISTEM KOMPUTER,SISTEM KOMPUTER,S1,A,368,0,Ekonomi & Bisnis
-,-,banpt-3179,-,-,ADMINISTRASI PUBLIK,ADMINISTRASI PUBLIK,S1,BAIK,1207,0,Ekonomi & Bisnis
-,-,banpt-3179,-,-,AGROTEKNOLOGI,AGROTEKNOLOGI,S1,BAIK,1207,0,Ekonomi & Bisnis
-,-,banpt-3179,-,-,EKONOMI PEMBANGUNAN,EKONOMI PEMBANGUNAN,S1,BAIK,1207,0,Ekonomi & Bisnis
-,-,banpt-3179,-,-,PEMBANGUNAN SOSIAL,PEMBANGUNAN SOSIAL,S1,BAIK,1207,0,Ekonomi & Bisnis
-,-,banpt-3179,-,-,TEKNIK SIPIL,SIPIL,S1,BAIK,1207,0,Ekonomi & Bisnis
quipper-569,-,banpt-3929,-,FAKULTAS PERTANIAN,AGRIBISNIS,AGRIBISNIS,S1,BAIK,1311,0,Ekonomi & Bisnis
quipper-569,-,banpt-3929,-,FAKULTAS KEGURUAN DAN ILMU PENDIDIKAN,AKUNTANSI,AKUNTANSI,S1,BAIK,1311,2,Pendidikan & Keguruan
quipper-569,-,-,-,FAKULTAS KEGURUAN DAN ILMU PENDIDIKAN,KEGURUAN & PENDIDIKAN,GURU,S1,-,1311,2,Pendidikan & Keguruan
quipper-569,-,banpt-3929,-,FAKULTAS HUKUM,ILMU HUKUM,HUKUM,S1,BAIK,1311,3,Hukum
quipper-569,-,banpt-3929,-,FAKULTAS PERIKANAN,PERIKANAN,PERIKANAN,S1,BAIK,1311,0,Ekonomi & Bisnis
-,-,banpt-3929,-,-,TEKNIK SIPIL,SIPIL,S1,BAIK,1311,0,Ekonomi & Bisnis
-,-,banpt-69,-,-,BISNIS DIGITAL,BISNIS DIGITAL,S1,BAIK SEKALI,486,0,Ekonomi & Bisnis
-,-,banpt-69,-,-,FARMASI KLINIK DAN KOMUNITAS,FARMASI,S1,BAIK,486,0,Ekonomi & Bisnis
-,-,banpt-69,-,-,KEBIDANAN,KEBIDANAN,S1,BAIK SEKALI,486,0,Ekonomi & Bisnis
-,-,banpt-69,-,-,ILMU KEPERAWATAN,KEPERAWATAN,S1,BAIK SEKALI,486,0,Ekonomi & Bisnis
-,-,banpt-69,-,-,ILMU KEOLAHRAGAAN,OLAHRAGA,S1,BAIK,486,0,Ekonomi & Bisnis
-,-,banpt-2146,-,-,FARMASI,FARMASI,S1,BAIK,1072,0,Ekonomi & Bisnis
-,-,banpt-2146,-,-,PENDIDIKAN GURU SEKOLAH DASAR,GURU SEKOLAH DASAR,S1,BAIK,1072,0,Ekonomi & Bisnis
-,-,banpt-2146,-,-,HUKUM,HUKUM,S1,BAIK,1072,0,Ekonomi & Bisnis
-,-,banpt-2146,-,-,KEBIDANAN,KEBIDANAN,S1,BAIK,1072,0,Ekonomi & Bisnis
-,-,banpt-2146,-,-,ILMU KEPERAWATAN,KEPERAWATAN,S1,BAIK SEKALI,1072,0,Ekonomi & Bisnis
-,-,banpt-2146,-,-,ILMU KESEHATAN MASYARAKAT,KESEHATAN MASYARAKAT,S1,BAIK SEKALI,1072,0,Ekonomi & Bisnis
-,-,banpt-2146,-,-,MANAJEMEN,MANAJEMEN,S1,BAIK,1072,0,Ekonomi & Bisnis
-,-,banpt-829,-,-,AGROTEKNOLOGI,AGROTEKNOLOGI,S1,BAIK,676,0,Ekonomi & Bisnis
-,-,banpt-829,-,-,BIOLOGI,BIOLOGI,S1,BAIK,676,0,Ekonomi & Bisnis
-,-,banpt-829,-,-,FARMASI,FARMASI,S1,BAIK,676,0,Ekonomi & Bisnis
-,-,banpt-829,-,-,FISIKA,FISIKA,S1,BAIK,676,0,Ekonomi & Bisnis
-,-,banpt-829,-,-,PENDIDIKAN GURU SEKOLAH DASAR,GURU SEKOLAH DASAR,S1,BAIK,676,0,Ekonomi & Bisnis
-,-,banpt-829,-,-,KOMUNIKASI,ILMU KOMUNIKASI,S1,BAIK,676,0,Ekonomi & Bisnis
-,-,banpt-829,-,-,TEKNIK INFORMATIKA,INFORMATIKA,S1,TIDAK TERAKREDITASI,676,0,Ekonomi & Bisnis
-,-,banpt-829,-,-,MANAJEMEN,MANAJEMEN,S1,BAIK,676,0,Ekonomi & Bisnis
-,-,banpt-3607,-,-,ILMU ADMINISTRASI NEGARA,ADMINISTRASI NEGARA,S1,BAIK SEKALI,391,0,Ekonomi & Bisnis
-,-,banpt-3607,-,-,AGROTEKNOLOGI,AGROTEKNOLOGI,S1,BAIK SEKALI,391,0,Ekonomi & Bisnis
-,-,banpt-3607,-,-,AKUNTANSI,AKUNTANSI,S1,BAIK SEKALI,391,0,Ekonomi & Bisnis
-,-,banpt-3607,-,-,MANAJEMEN SUMBERDAYA PERAIRAN,BUDIDAYA PERAIRAN,S1,BAIK,391,0,Ekonomi & Bisnis
-,-,banpt-3607,-,-,FISIKA,FISIKA,S1,BAIK SEKALI,391,0,Ekonomi & Bisnis
-,-,banpt-3607,-,-,PENDIDIKAN GURU SEKOLAH DASAR,GURU SEKOLAH DASAR,S1,BAIK,391,0,Ekonomi & Bisnis
-,-,banpt-3607,-,-,ILMU HUKUM,HUKUM,S1,BAIK SEKALI,391,0,Ekonomi & Bisnis
-,-,banpt-3607,-,-,KEHUTANAN,KEHUTANAN,S1,B,391,0,Ekonomi & Bisnis
-,-,banpt-3607,-,-,MANAJEMEN,MANAJEMEN,S1,BAIK SEKALI,391,0,Ekonomi & Bisnis
-,-,banpt-3607,-,-,MATEMATIKA,MATEMATIKA,S1,BAIK SEKALI,391,0,Ekonomi & Bisnis
-,-,banpt-3607,-,-,ILMU PEMERINTAHAN,PEMERINTAHAN,S1,BAIK SEKALI,391,0,Ekonomi & Bisnis
-,-,banpt-3607,-,-,SISTEM DAN TEKNOLOGI INFORMASI,SISTEM INFORMASI,S1,BAIK,391,0,Ekonomi & Bisnis
-,-,banpt-3607,-,-,ILMU TEOLOGI,TEOLOGI,S1,BAIK,391,0,Ekonomi & Bisnis
-,rencanamu-137,banpt-2898,-,-,BIMBINGAN DAN KONSELING,BIMBINGAN KONSELING,S1,B,97,0,Ekonomi & Bisnis
-,rencanamu-137,banpt-2898,-,-,PENDIDIKAN BIOLOGI,BIOLOGI,S1,B,97,0,Ekonomi & Bisnis
-,rencanamu-137,banpt-2898,-,-,PENDIDIKAN EKONOMI,EKONOMI,S1,B,97,0,Ekonomi & Bisnis
-,rencanamu-137,banpt-2898,-,-,FARMASI,FARMASI,S1,C,97,0,Ekonomi & Bisnis
-,rencanamu-137,banpt-2898,-,-,PENDIDIKAN FISIKA,FISIKA,S1,B,97,0,Ekonomi & Bisnis
-,rencanamu-137,banpt-2898,-,-,PENDIDIKAN GEOGRAFI,GEOGRAFI,S1,B,97,0,Ekonomi & Bisnis
-,-,banpt-2898,-,-,PENDIDIKAN GURU PENDIDIKAN ANAK USIA DINI,GURU ANAK USIA DINI,S1,BAIK SEKALI,97,0,Ekonomi & Bisnis
-,rencanamu-137,-,-,-,PENDIDIKAN GURU PAUD,GURU PAUD,S1,B,97,0,Ekonomi & Bisnis
-,rencanamu-137,banpt-2898,-,-,PENDIDIKAN GURU SD,GURU SEKOLAH DASAR,S1,B,97,0,Ekonomi & Bisnis
-,rencanamu-137,banpt-2898,-,-,TEKNIK INFORMATIKA,INFORMATIKA,S1,B,97,0,Ekonomi & Bisnis
-,rencanamu-137,banpt-2898,-,-,"PENDIDIKAN JASMANI, KESEHATAN DAN REKREASI",JASMANI,S1,B,97,0,Ekonomi & Bisnis
-,rencanamu-137,banpt-2898,-,-,TEKNIK KOMPUTER,KOMPUTER,S1,BAIK SEKALI,97,0,Ekonomi & Bisnis
-,rencanamu-137,banpt-2898,-,-,TEKNIK LINGKUNGAN,LINGKUNGAN,S1,C,97,0,Ekonomi & Bisnis
-,rencanamu-137,banpt-2898,-,-,PENDIDIKAN MATEMATIKA,MATEMATIKA,S1,B,97,0,Ekonomi & Bisnis
-,-,banpt-2898,-,-,PARIWISATA,PARIWISATA,S1,BAIK,97,0,Ekonomi & Bisnis
-,-,banpt-2898,-,-,PENDIDIKAN ILMU PENGETAHUAN ALAM,PENGETAHUAN ALAM,S1,BAIK,97,0,Ekonomi & Bisnis
-,rencanamu-137,banpt-2898,-,-,PENDIDIKAN SEJARAH,SEJARAH,S1,B,97,0,Ekonomi & Bisnis
-,rencanamu-137,banpt-2898,-,-,"PENDIDIKAN SENI DRAMA, TARI DAN MUSIK",SENI,S1,B,97,0,Ekonomi & Bisnis
-,rencanamu-137,banpt-2898,-,-,SISTEM INFORMASI,SISTEM INFORMASI,S1,B,97,0,Ekonomi & Bisnis
-,rencanamu-137,banpt-2898,-,-,PENDIDIKAN SOSIOLOGI,SOSIOLOGI,S1,B,97,0,Ekonomi & Bisnis
-,rencanamu-137,banpt-2898,-,-,STATISTIK,STATISTIK,S1,C,97,0,Ekonomi & Bisnis
-,-,banpt-1432,-,-,TEKNIK INFORMATIKA,INFORMATIKA,S1,B,745,0,Ekonomi & Bisnis
-,-,banpt-1432,-,-,KEWIRAUSAHAAN,KEWIRAUSAHAAN,S1,BAIK,745,0,Ekonomi & Bisnis
-,-,banpt-1432,-,-,SISTEM INFORMASI,SISTEM INFORMASI,S1,BAIK SEKALI,745,0,Ekonomi & Bisnis
-,-,banpt-1432,-,-,SISTEM KOMPUTER,SISTEM KOMPUTER,S1,BAIK SEKALI,745,0,Ekonomi & Bisnis
-,-,banpt-1432,-,-,PENDIDIKAN TEKNOLOGI INFORMASI,TEKNOLOGI INFORMASI,S1,BAIK,745,0,Ekonomi & Bisnis
quipper-290,-,banpt-1867,-,FAKULTAS ILMU SOSIAL DAN ILMU POLITIK,ADMINISTRASI BISNIS,ADMINISTRASI BISNIS,S1,UNGGUL,44,0,Ekonomi & Bisnis
-,rencanamu-138,-,-,-,ADMINISTRASI NEGARA,ADMINISTRASI NEGARA,S1,A,44,0,Ekonomi & Bisnis
-,rencanamu-138,-,-,-,ADMINISTRASI NIAGA,ADMINISTRASI NIAGA,S1,B,44,0,Ekonomi & Bisnis
quipper-290,-,banpt-1867,-,FAKULTAS ILMU SOSIAL DAN ILMU POLITIK,ADMINISTRASI PUBLIK,ADMINISTRASI PUBLIK,S1,UNGGUL,44,0,Ekonomi & Bisnis
quipper-290,rencanamu-138,banpt-1867,-,FAKULTAS TEKNIK DAN ILMU KELAUTAN,TEKNIK ELEKTRO,ELEKTRO,S1,B,44,0,Ekonomi & Bisnis
quipper-290,rencanamu-138,banpt-1867,-,FAKULTAS KEDOKTERAN,FARMASI,FARMASI,S1,B,44,0,Ekonomi & Bisnis
quipper-290,rencanamu-138,-,-,FAKULTAS HUKUM,ILMU HUKUM,HUKUM,S1,B,44,3,Hukum
quipper-290,rencanamu-138,banpt-1867,-,FAKULTAS KEDOKTERAN,KEDOKTERAN,KEDOKTERAN,S1,B,44,0,Ekonomi & Bisnis
quipper-290,rencanamu-138,banpt-1867,-,FAKULTAS KEDOKTERAN GIGI,KEDOKTERAN GIGI,KEDOKTERAN GIGI,S1,A,44,0,Ekonomi & Bisnis
-,rencanamu-138,-,-,-,TEKNIK KELAUTAN,KELAUTAN,S1,-,44,0,Ekonomi & Bisnis
quipper-290,rencanamu-138,banpt-1867,-,FAKULTAS TEKNIK DAN ILMU KELAUTAN,PERIKANAN,PERIKANAN,S1,B,44,0,Ekonomi & Bisnis
quipper-290,rencanamu-138,banpt-1867,-,FAKULTAS TEKNIK DAN ILMU KELAUTAN,TEKNIK SISTEM PERKAPALAN,PERKAPALAN,S1,B,44,0,Ekonomi & Bisnis
quipper-290,rencanamu-138,banpt-1867,-,FAKULTAS PSIKOLOGI,PSIKOLOGI,PSIKOLOGI,S1,B,44,0,Ekonomi & Bisnis
-,-,banpt-3900,-,-,AKUNTANSI,AKUNTANSI,S1,B,924,0,Ekonomi & Bisnis
-,-,banpt-3900,-,-,TEKNIK ELEKTRO,ELEKTRO,S1,BAIK SEKALI,924,0,Ekonomi & Bisnis
-,-,banpt-3900,-,-,HUKUM,HUKUM,S1,BAIK,924,0,Ekonomi & Bisnis
-,-,banpt-3900,-,-,TEKNIK INDUSTRI,INDUSTRI,S1,BAIK,924,0,Ekonomi & Bisnis
-,-,banpt-3900,-,-,TEKNIK INFORMATIKA,INFORMATIKA,S1,BAIK SEKALI,924,0,Ekonomi & Bisnis
-,-,banpt-3900,-,-,MANAJEMEN,MANAJEMEN,S1,B,924,0,Ekonomi & Bisnis
-,-,banpt-3900,-,-,TEKNIK MESIN,MESIN,S1,BAIK,924,0,Ekonomi & Bisnis
-,-,banpt-3900,-,-,SASTRA INGGRIS,SASTRA INGGRIS,S1,BAIK SEKALI,924,0,Ekonomi & Bisnis
-,-,banpt-3900,-,-,TEKNIK SIPIL,SIPIL,S1,BAIK SEKALI,924,0,Ekonomi & Bisnis
-,-,banpt-3900,-,-,SISTEM INFORMASI,SISTEM INFORMASI,S1,BAIK SEKALI,924,0,Ekonomi & Bisnis
-,-,banpt-1515,-,-,AKUNTANSI,AKUNTANSI,S1,BAIK,162,0,Ekonomi & Bisnis
-,-,banpt-1515,-,-,TEKNIK ELEKTRO,ELEKTRO,S1,BAIK SEKALI,162,0,Ekonomi & Bisnis
-,-,banpt-1515,-,-,PENDIDIKAN GURU SEKOLAH DASAR,GURU SEKOLAH DASAR,S1,BAIK SEKALI,162,0,Ekonomi & Bisnis
-,-,banpt-1515,-,-,HUKUM KELUARGA,HUKUM,S1,B,162,0,Ekonomi & Bisnis
-,-,banpt-1515,-,-,TEKNIK INDUSTRI,INDUSTRI,S1,BAIK,162,0,Ekonomi & Bisnis
-,-,banpt-1515,-,-,TEKNIK INFORMATIKA,INFORMATIKA,S1,BAIK,162,0,Ekonomi & Bisnis
-,-,banpt-1515,-,-,MANAJEMEN,MANAJEMEN,S1,BAIK,162,0,Ekonomi & Bisnis
-,-,banpt-1515,-,-,PENDIDIKAN MATEMATIKA,MATEMATIKA,S1,BAIK,162,0,Ekonomi & Bisnis
-,-,banpt-1515,-,-,TEKNIK MESIN,MESIN,S1,BAIK,162,0,Ekonomi & Bisnis
-,-,banpt-1515,-,-,PENDIDIKAN ILMU PENGETAHUAN ALAM,PENGETAHUAN ALAM,S1,BAIK,162,0,Ekonomi & Bisnis
-,-,banpt-1515,-,-,TEKNIK SIPIL,SIPIL,S1,BAIK,162,0,Ekonomi & Bisnis
-,-,banpt-1515,-,-,SISTEM INFORMASI,SISTEM INFORMASI,S1,BAIK SEKALI,162,0,Ekonomi & Bisnis
-,-,banpt-1515,-,-,TEKNOLOGI INFORMASI,TEKNOLOGI INFORMASI,S1,BAIK,162,0,Ekonomi & Bisnis
quipper-182,-,banpt-3317,-,EKONOMI DAN BISNIS,AKUNTANSI,AKUNTANSI,S1,UNGGUL,260,2,Pendidikan & Keguruan
-,-,banpt-3317,-,-,DESAIN KOMUNIKASI VISUAL,DESAIN KOMUNIKASI VISUAL,S1,BAIK,260,0,Ekonomi & Bisnis
quipper-182,-,-,-,EKONOMI DAN BISNIS,ILMU EKONOMI,EKONOMI,S1,-,260,0,Ekonomi & Bisnis
-,-,banpt-3317,-,-,INFORMATIKA,INFORMATIKA,S1,BAIK SEKALI,260,0,Ekonomi & Bisnis
quipper-182,-,banpt-3317,-,EKONOMI DAN BISNIS,MANAJEMEN,MANAJEMEN,S1,UNGGUL,260,0,Ekonomi & Bisnis
quipper-182,-,-,-,EKONOMI DAN BISNIS,PERBANKAN,PERBANKAN,S1,-,260,0,Ekonomi & Bisnis
-,-,banpt-3317,-,-,SISTEM INFORMASI,SISTEM INFORMASI,S1,BAIK SEKALI,260,0,Ekonomi & Bisnis
-,-,banpt-3122,-,-,AKUNTANSI,AKUNTANSI,S1,B,47,0,Ekonomi & Bisnis
-,-,banpt-3122,-,-,BIOLOGI,BIOLOGI,S1,BAIK SEKALI,47,0,Ekonomi & Bisnis
-,-,banpt-3122,-,-,MANAJEMEN,MANAJEMEN,S1,BAIK SEKALI,47,0,Ekonomi & Bisnis
-,-,banpt-3122,-,-,PERENCANAAN WILAYAH DAN KOTA,PERENCANAAN WILAYAH KOTA,S1,B,47,0,Ekonomi & Bisnis
-,-,banpt-3122,-,-,TEKNIK SIPIL,SIPIL,S1,BAIK SEKALI,47,0,Ekonomi & Bisnis
-,-,banpt-3122,-,-,SISTEM INFORMASI,SISTEM INFORMASI,S1,BAIK SEKALI,47,0,Ekonomi & Bisnis
quipper-712,-,-,-,FAKULTAS EKONOMI,ILMU ADMINISTRASI,ADMINISTRASI,S1,-,19,0,Ekonomi & Bisnis
-,-,banpt-1044,-,-,ADMINISTRASI BISNIS,ADMINISTRASI BISNIS,S1,BAIK,19,0,Ekonomi & Bisnis
-,rencanamu-139,-,-,-,ILMU ADMINISTRASI NEGARA,ADMINISTRASI NEGARA,S1,B,19,0,Ekonomi & Bisnis
-,rencanamu-139,-,-,-,ILMU ADMINISTRASI NIAGA,ADMINISTRASI NIAGA,S1,B,19,0,Ekonomi & Bisnis
-,-,banpt-1044,-,-,ADMINISTRASI PUBLIK,ADMINISTRASI PUBLIK,S1,BAIK,19,0,Ekonomi & Bisnis
quipper-712,rencanamu-139,banpt-1044,-,FAKULTAS PERTANIAN,AGRIBISNIS,AGRIBISNIS,S1,B,19,0,Ekonomi & Bisnis
quipper-712,rencanamu-139,banpt-1044,-,FAKULTAS PERTANIAN,AGROTEKNOLOGI,AGROTEKNOLOGI,S1,B,19,0,Ekonomi & Bisnis
quipper-712,rencanamu-139,banpt-1044,-,FAKULTAS EKONOMI,AKUNTANSI,AKUNTANSI,S1,B,19,2,Pendidikan & Keguruan
quipper-712,-,-,-,FAKULTAS ILMU SOSIAL DAN ILMU POLITIK,BISNIS,BISNIS,S1,-,19,0,Ekonomi & Bisnis
quipper-712,rencanamu-139,banpt-1044,-,FAKULTAS EKONOMI,ILMU EKONOMI,EKONOMI,S1,B,19,0,Ekonomi & Bisnis
-,rencanamu-139,banpt-1044,-,-,EKONOMI PEMBANGUNAN,EKONOMI PEMBANGUNAN,S1,B,19,0,Ekonomi & Bisnis
quipper-712,rencanamu-139,banpt-1044,-,FAKULTAS TEKNIK,TEKNIK ELEKTRO,ELEKTRO,S1,B,19,1,Teknik & Rekayasa
-,rencanamu-139,banpt-1044,-,-,PENDIDIKAN FISIKA,FISIKA,S1,BAIK SEKALI,19,0,Ekonomi & Bisnis
quipper-712,-,-,-,FAKULTAS KEGURUAN DAN ILMU PENDIDIKAN,KEGURUAN & PENDIDIKAN,GURU,S1,-,19,2,Pendidikan & Keguruan
quipper-712,rencanamu-139,banpt-1044,-,FAKULTAS HUKUM,ILMU HUKUM,HUKUM,S1,B,19,3,Hukum
-,-,banpt-1044,-,-,INFORMATIKA,INFORMATIKA,S1,BAIK,19,0,Ekonomi & Bisnis
quipper-712,rencanamu-139,banpt-1044,-,FAKULTAS KEDOKTERAN,PENDIDIKAN DOKTER,KEDOKTERAN,S1,B,19,0,Ekonomi & Bisnis
quipper-712,rencanamu-139,banpt-1044,-,FAKULTAS EKONOMI,MANAJEMEN,MANAJEMEN,S1,B,19,0,Ekonomi & Bisnis
quipper-712,rencanamu-139,banpt-1044,-,FAKULTAS KEGURUAN DAN ILMU PENDIDIKAN,PENDIDIKAN MATEMATIKA,MATEMATIKA,S1,B,19,2,Pendidikan & Keguruan
quipper-712,rencanamu-139,banpt-1044,-,FAKULTAS TEKNIK,TEKNIK MESIN,MESIN,S1,B,19,1,Teknik & Rekayasa
-,rencanamu-139,banpt-1044,-,-,PENDIDIKAN PANCASILA DAN KEWARGANEGARAAN,PANCASILA KEWARGANEGARAAN,S1,B,19,0,Ekonomi & Bisnis
-,-,banpt-1044,-,-,PENDIDIKAN ILMU PENGETAHUAN ALAM,PENGETAHUAN ALAM,S1,BAIK,19,0,Ekonomi & Bisnis
quipper-712,-,-,-,FAKULTAS PETERNAKAN,PERIKANAN,PERIKANAN,S1,-,19,0,Ekonomi & Bisnis
quipper-712,rencanamu-139,-,-,FAKULTAS EKONOMI,PERPAJAKAN,PERPAJAKAN,S1,-,19,0,Ekonomi & Bisnis
quipper-712,rencanamu-139,banpt-1044,-,FAKULTAS PERTANIAN,TEKNIK PERTANIAN,PERTANIAN,S1,B,19,0,Ekonomi & Bisnis
quipper-712,rencanamu-139,banpt-1044,-,FAKULTAS PETERNAKAN,PETERNAKAN,PETERNAKAN,S1,B,19,0,Ekonomi & Bisnis
-,rencanamu-139,banpt-1044,-,-,PSIKOLOGI,PSIKOLOGI,S1,B,19,0,Ekonomi & Bisnis
quipper-712,rencanamu-139,banpt-1044,-,FAKULTAS BAHASA DAN SENI,SASTRA INGGRIS,SASTRA INGGRIS,S1,B,19,0,Ekonomi & Bisnis
quipper-712,rencanamu-139,banpt-1044,-,FAKULTAS BAHASA DAN SENI,MUSIK,SENI MUSIK,S1,B,19,0,Ekonomi & Bisnis
quipper-712,rencanamu-139,banpt-1044,-,FAKULTAS TEKNIK,TEKNIK SIPIL,SIPIL,S1,B,19,1,Teknik & Rekayasa
-,-,banpt-2941,-,-,PENDIDIKAN BIOLOGI,BIOLOGI,S1,BAIK,838,0,Ekonomi & Bisnis
-,-,banpt-2941,-,-,PENDIDIKAN EKONOMI,EKONOMI,S1,BAIK,838,0,Ekonomi & Bisnis
-,-,banpt-2941,-,-,PENDIDIKAN FISIKA,FISIKA,S1,BAIK,838,0,Ekonomi & Bisnis
-,-,banpt-2941,-,-,PENDIDIKAN GURU SEKOLAH DASAR,GURU SEKOLAH DASAR,S1,BAIK,838,0,Ekonomi & Bisnis
-,-,banpt-2941,-,-,PENDIDIKAN KEWARGANEGARAAN,KEWARGANEGARAAN,S1,BAIK,838,0,Ekonomi & Bisnis
-,-,banpt-2941,-,-,PENDIDIKAN KIMIA,KIMIA,S1,BAIK,838,0,Ekonomi & Bisnis
-,-,banpt-2941,-,-,ILMU KOMPUTER,KOMPUTER,S1,BAIK,838,0,Ekonomi & Bisnis
-,-,banpt-2941,-,-,PENDIDIKAN MATEMATIKA,MATEMATIKA,S1,BAIK,838,0,Ekonomi & Bisnis
-,-,banpt-2941,-,-,TEKNIK MESIN,MESIN,S1,BAIK,838,0,Ekonomi & Bisnis
-,-,banpt-2941,-,-,PENDIDIKAN ILMU PENGETAHUAN ALAM,PENGETAHUAN ALAM,S1,BAIK,838,0,Ekonomi & Bisnis
-,-,banpt-1738,-,-,AKUNTANSI,AKUNTANSI,S1,BAIK SEKALI,263,0,Ekonomi & Bisnis
-,-,banpt-1738,-,-,INFORMATIKA,INFORMATIKA,S1,BAIK,263,0,Ekonomi & Bisnis
-,-,banpt-1738,-,-,KEBIDANAN,KEBIDANAN,S1,BAIK,263,0,Ekonomi & Bisnis
-,-,banpt-1738,-,-,ILMU KEPERAWATAN,KEPERAWATAN,S1,BAIK SEKALI,263,0,Ekonomi & Bisnis
-,-,banpt-1738,-,-,MANAJEMEN,MANAJEMEN,S1,BAIK SEKALI,263,0,Ekonomi & Bisnis
-,-,banpt-1738,-,-,PARIWISATA,PARIWISATA,S1,TERAKREDITASI SEMENTARA,263,0,Ekonomi & Bisnis
-,-,banpt-1738,-,-,SISTEM INFORMASI,SISTEM INFORMASI,S1,BAIK,263,0,Ekonomi & Bisnis
-,-,banpt-1738,-,-,TEKNOLOGI INFORMASI,TEKNOLOGI INFORMASI,S1,BAIK,263,0,Ekonomi & Bisnis
-,-,banpt-3998,-,-,AGRIBISNIS,AGRIBISNIS,S1,B,700,0,Ekonomi & Bisnis
-,-,banpt-3998,-,-,AKUNTANSI,AKUNTANSI,S1,BAIK SEKALI,700,0,Ekonomi & Bisnis
-,-,banpt-3998,-,-,HUKUM,HUKUM,S1,B,700,0,Ekonomi & Bisnis
-,-,banpt-3998,-,-,MANAJEMEN,MANAJEMEN,S1,BAIK,700,0,Ekonomi & Bisnis
-,-,banpt-3998,-,-,TEKNIK MESIN,MESIN,S1,B,700,0,Ekonomi & Bisnis
-,-,banpt-3998,-,-,TEKNIK SIPIL,SIPIL,S1,BAIK SEKALI,700,0,Ekonomi & Bisnis
-,-,banpt-2238,-,-,TEKNIK INFORMATIKA,INFORMATIKA,S1,BAIK,729,0,Ekonomi & Bisnis
-,-,banpt-2238,-,-,SISTEM INFORMASI,SISTEM INFORMASI,S1,BAIK SEKALI,729,0,Ekonomi & Bisnis
-,-,banpt-2238,-,-,TEKNOLOGI INFORMASI,TEKNOLOGI INFORMASI,S1,BAIK,729,0,Ekonomi & Bisnis
-,-,banpt-2241,-,-,ILMU ADMINISTRASI PUBLIK,ADMINISTRASI PUBLIK,S1,B,499,0,Ekonomi & Bisnis
-,-,banpt-2241,-,-,AGROTEKNOLOGI,AGROTEKNOLOGI,S1,BAIK,499,0,Ekonomi & Bisnis
-,-,banpt-2241,-,-,FARMASI,FARMASI,S1,BAIK,499,0,Ekonomi & Bisnis
-,-,banpt-2241,-,-,ILMU HUKUM,HUKUM,S1,B,499,0,Ekonomi & Bisnis
-,-,banpt-2241,-,-,ILMU KOMUNIKASI,ILMU KOMUNIKASI,S1,B,499,0,Ekonomi & Bisnis
-,-,banpt-2241,-,-,MANAJEMEN,MANAJEMEN,S1,B,499,0,Ekonomi & Bisnis
-,-,banpt-663,-,-,AKUNTANSI,AKUNTANSI,S1,BAIK,256,0,Ekonomi & Bisnis
-,-,banpt-663,-,-,ARSITEKTUR,ARSITEKTUR,S1,BAIK,256,0,Ekonomi & Bisnis
-,-,banpt-663,-,-,FARMASI,FARMASI,S1,BAIK SEKALI,256,0,Ekonomi & Bisnis
-,-,banpt-663,-,-,HUKUM,HUKUM,S1,BAIK,256,0,Ekonomi & Bisnis
-,-,banpt-663,-,-,KEBIDANAN,KEBIDANAN,S1,BAIK SEKALI,256,0,Ekonomi & Bisnis
-,-,banpt-663,-,-,ILMU KOMPUTER,KOMPUTER,S1,BAIK,256,0,Ekonomi & Bisnis
-,-,banpt-663,-,-,PSIKOLOGI,PSIKOLOGI,S1,BAIK,256,0,Ekonomi & Bisnis
-,-,banpt-663,-,-,SISTEM INFORMASI,SISTEM INFORMASI,S1,BAIK,256,0,Ekonomi & Bisnis
-,-,banpt-663,-,-,TEKNOLOGI HASIL PERIKANAN,TEKNOLOGI HASIL PERIKANAN,S1,BAIK,256,0,Ekonomi & Bisnis
-,-,banpt-663,-,-,TEKNOLOGI INFORMASI,TEKNOLOGI INFORMASI,S1,BAIK,256,0,Ekonomi & Bisnis
-,rencanamu-140,banpt-2872,-,-,AGRIBISNIS,AGRIBISNIS,S1,B,902,0,Ekonomi & Bisnis
-,rencanamu-140,banpt-2872,-,-,AGROTEKNOLOGI,AGROTEKNOLOGI,S1,B,902,0,Ekonomi & Bisnis
-,rencanamu-140,banpt-2872,-,-,AKUNTANSI,AKUNTANSI,S1,B,902,0,Ekonomi & Bisnis
-,rencanamu-140,banpt-2872,-,-,ARSITEKTUR,ARSITEKTUR,S1,B,902,0,Ekonomi & Bisnis
-,-,banpt-2872,-,-,DESAIN KOMUNIKASI VISUAL,DESAIN KOMUNIKASI VISUAL,S1,BAIK,902,0,Ekonomi & Bisnis
-,rencanamu-140,banpt-2872,-,-,TEKNIK ELEKTRO,ELEKTRO,S1,B,902,0,Ekonomi & Bisnis
-,rencanamu-140,banpt-2872,-,-,ILMU HUKUM,HUKUM,S1,B,902,0,Ekonomi & Bisnis
-,rencanamu-140,banpt-2872,-,-,ILMU KOMUNIKASI,ILMU KOMUNIKASI,S1,B,902,0,Ekonomi & Bisnis
-,rencanamu-140,banpt-2872,-,-,TEKNIK INFORMATIKA,INFORMATIKA,S1,B,902,0,Ekonomi & Bisnis
-,rencanamu-140,banpt-2872,-,-,MANAJEMEN,MANAJEMEN,S1,B,902,0,Ekonomi & Bisnis
-,rencanamu-140,banpt-2872,-,-,ILMU PEMERINTAHAN,PEMERINTAHAN,S1,B,902,0,Ekonomi & Bisnis
-,rencanamu-140,banpt-2872,-,-,TEKNIK HASIL PERTANIAN,PERTANIAN,S1,B,902,0,Ekonomi & Bisnis
-,-,banpt-2872,-,-,SISTEM INFORMASI,SISTEM INFORMASI,S1,BAIK,902,0,Ekonomi & Bisnis
-,-,banpt-2321,-,-,INFORMATIKA,INFORMATIKA,S1,BAIK,992,0,Ekonomi & Bisnis
-,-,banpt-2321,-,-,ILMU KEPERAWATAN,KEPERAWATAN,S1,BAIK,992,0,Ekonomi & Bisnis
-,-,banpt-2321,-,-,SISTEM INFORMASI,SISTEM INFORMASI,S1,BAIK,992,0,Ekonomi & Bisnis
-,-,banpt-1149,-,-,AGRIBISNIS,AGRIBISNIS,S1,BAIK,812,0,Ekonomi & Bisnis
-,-,banpt-1149,-,-,AKUNTANSI,AKUNTANSI,S1,BAIK,812,0,Ekonomi & Bisnis
-,-,banpt-1149,-,-,ARSITEKTUR,ARSITEKTUR,S1,BAIK,812,0,Ekonomi & Bisnis
-,-,banpt-1149,-,-,BISNIS DIGITAL,BISNIS DIGITAL,S1,BAIK,812,0,Ekonomi & Bisnis
-,-,banpt-1149,-,-,HUKUM BISNIS,HUKUM,S1,TERAKREDITASI SEMENTARA,812,0,Ekonomi & Bisnis
-,-,banpt-1149,-,-,INFORMATIKA,INFORMATIKA,S1,BAIK,812,0,Ekonomi & Bisnis
-,-,banpt-1149,-,-,MANAJEMEN,MANAJEMEN,S1,BAIK,812,0,Ekonomi & Bisnis
-,-,banpt-1149,-,-,PROTEKSI TANAMAN,PROTEKSI TANAMAN,S1,BAIK,812,0,Ekonomi & Bisnis
-,-,banpt-1149,-,-,PENDIDIKAN TEKNOLOGI INFORMASI,TEKNOLOGI INFORMASI,S1,BAIK,812,0,Ekonomi & Bisnis
-,-,banpt-865,-,-,FARMASI,FARMASI,S1,BAIK SEKALI,420,0,Ekonomi & Bisnis
-,-,banpt-865,-,-,KEBIDANAN,KEBIDANAN,S1,BAIK,420,0,Ekonomi & Bisnis
-,-,banpt-865,-,-,KEPERAWATAN,KEPERAWATAN,S1,BAIK SEKALI,420,0,Ekonomi & Bisnis
-,-,banpt-865,-,-,PARIWISATA,PARIWISATA,S1,BAIK,420,0,Ekonomi & Bisnis
-,-,banpt-43,-,-,AKUNTANSI,AKUNTANSI,S1,B,78,0,Ekonomi & Bisnis
-,-,banpt-43,-,-,ARSITEKTUR,ARSITEKTUR,S1,BAIK SEKALI,78,0,Ekonomi & Bisnis
-,-,banpt-43,-,-,BIOLOGI,BIOLOGI,S1,BAIK,78,0,Ekonomi & Bisnis
-,-,banpt-43,-,-,DESAIN KOMUNIKASI VISUAL,DESAIN KOMUNIKASI VISUAL,S1,B,78,0,Ekonomi & Bisnis
-,-,banpt-43,-,-,TEKNIK GEOMATIKA,GEOMATIKA,S1,BAIK,78,0,Ekonomi & Bisnis
-,-,banpt-43,-,-,TEKNIK INFORMATIKA,INFORMATIKA,S1,BAIK SEKALI,78,0,Ekonomi & Bisnis
-,-,banpt-43,-,-,KEDOKTERAN,KEDOKTERAN,S1,BAIK,78,0,Ekonomi & Bisnis
-,-,banpt-43,-,-,KIMIA,KIMIA,S1,BAIK,78,0,Ekonomi & Bisnis
-,-,banpt-43,-,-,MANAJEMEN,MANAJEMEN,S1,BAIK SEKALI,78,0,Ekonomi & Bisnis
-,-,banpt-43,-,-,ILMU PEMERINTAHAN,PEMERINTAHAN,S1,B,78,0,Ekonomi & Bisnis
-,-,banpt-43,-,-,PERENCANAAN WILAYAH DAN KOTA,PERENCANAAN WILAYAH KOTA,S1,B,78,0,Ekonomi & Bisnis
-,-,banpt-43,-,-,TEKNIK SIPIL,SIPIL,S1,BAIK SEKALI,78,0,Ekonomi & Bisnis
-,-,banpt-43,-,-,SISTEM INFORMASI,SISTEM INFORMASI,S1,BAIK SEKALI,78,0,Ekonomi & Bisnis
-,-,banpt-43,-,-,SISTEM KOMPUTER,SISTEM KOMPUTER,S1,B,78,0,Ekonomi & Bisnis
quipper-159,-,banpt-1783,-,ILMU KESEHATAN,ADMINISTRASI RUMAH SAKIT,ADMINISTRASI RUMAH SAKIT,S1,BAIK,547,0,Ekonomi & Bisnis
quipper-159,-,banpt-1783,-,EKONOMI DAN BISNIS,AKUNTANSI,AKUNTANSI,S1,BAIK,547,2,Pendidikan & Keguruan
quipper-159,-,banpt-1783,-,ILMU KESEHATAN,FARMASI,FARMASI,S1,BAIK SEKALI,547,0,Ekonomi & Bisnis
quipper-159,-,banpt-1783,-,ILMU KESEHATAN,GIZI,GIZI,S1,BAIK,547,0,Ekonomi & Bisnis
quipper-159,-,banpt-1783,-,HUKUM,HUKUM,HUKUM,S1,BAIK,547,3,Hukum
quipper-159,-,banpt-1783,-,ILMU KOMUNIKASI,ILMU KOMUNIKASI,ILMU KOMUNIKASI,S1,BAIK,547,0,Ekonomi & Bisnis
quipper-159,-,banpt-1783,-,ILMU KESEHATAN,KEPERAWATAN,KEPERAWATAN,S1,BAIK SEKALI,547,0,Ekonomi & Bisnis
quipper-159,-,banpt-1783,-,ILMU KESEHATAN,KESEHATAN MASYARAKAT,KESEHATAN MASYARAKAT,S1,UNGGUL,547,0,Ekonomi & Bisnis
quipper-159,-,banpt-1783,-,EKONOMI DAN BISNIS,MANAJEMEN,MANAJEMEN,S1,BAIK,547,0,Ekonomi & Bisnis
quipper-159,-,banpt-1783,-,PSIKOLOGI,PSIKOLOGI,PSIKOLOGI,S1,BAIK,547,0,Ekonomi & Bisnis
-,-,banpt-1411,-,-,ADMINISTRASI BISNIS,ADMINISTRASI BISNIS,S1,BAIK,1313,0,Ekonomi & Bisnis
-,-,banpt-1411,-,-,ADMINISTRASI PUBLIK,ADMINISTRASI PUBLIK,S1,TIDAK TERAKREDITASI,1313,0,Ekonomi & Bisnis
-,-,banpt-1411,-,-,DESAIN KOMUNIKASI VISUAL,DESAIN KOMUNIKASI VISUAL,S1,BAIK,1313,0,Ekonomi & Bisnis
-,-,banpt-1411,-,-,TEKNIK INDUSTRI,INDUSTRI,S1,BAIK,1313,0,Ekonomi & Bisnis
-,-,banpt-1411,-,-,INFORMATIKA,INFORMATIKA,S1,BAIK,1313,0,Ekonomi & Bisnis
-,-,banpt-1411,-,-,PERPAJAKAN,PERPAJAKAN,S1,BAIK,1313,0,Ekonomi & Bisnis
-,-,banpt-257,-,-,AKUNTANSI,AKUNTANSI,S1,BAIK SEKALI,576,0,Ekonomi & Bisnis
-,-,banpt-257,-,-,ILMU KOMUNIKASI,ILMU KOMUNIKASI,S1,TERAKREDITASI,576,0,Ekonomi & Bisnis
-,-,banpt-257,-,-,MANAJEMEN,MANAJEMEN,S1,B,576,0,Ekonomi & Bisnis
-,-,banpt-257,-,-,PSIKOLOGI,PSIKOLOGI,S1,BAIK,576,0,Ekonomi & Bisnis
-,-,banpt-257,-,-,SISTEM INFORMASI,SISTEM INFORMASI,S1,B,576,0,Ekonomi & Bisnis
-,-,banpt-257,-,-,SISTEM KOMPUTER,SISTEM KOMPUTER,S1,BAIK,576,0,Ekonomi & Bisnis
quipper-708,-,-,-,FAKULTAS ILMU SOSIAL DAN POLITIK,ILMU ADMINISTRASI,ADMINISTRASI,S1,-,255,0,Ekonomi & Bisnis
-,-,banpt-2661,-,-,ILMU ADMINISTRASI NEGARA,ADMINISTRASI NEGARA,S1,B,255,0,Ekonomi & Bisnis
quipper-708,-,-,-,FAKULTAS EKONOMI,AKUNTANSI,AKUNTANSI,S1,-,255,2,Pendidikan & Keguruan
quipper-708,-,banpt-2661,-,FAKULTAS FARMASI,FARMASI,FARMASI,S1,BAIK,255,0,Ekonomi & Bisnis
quipper-708,-,banpt-2661,-,FAKULTAS HUKUM,ILMU HUKUM,HUKUM,S1,B,255,3,Hukum
quipper-708,-,banpt-2661,-,FAKULTAS ILMU SOSIAL DAN POLITIK,ILMU KOMUNIKASI,ILMU KOMUNIKASI,S1,B,255,0,Ekonomi & Bisnis
quipper-708,-,banpt-2661,-,FAKULTAS TEKNIK,TEKNIK INFORMATIKA,INFORMATIKA,S1,BAIK SEKALI,255,1,Teknik & Rekayasa
quipper-708,-,-,-,FAKULTAS KEPERAWATAN,KEBIDANAN,KEBIDANAN,S1,-,255,0,Ekonomi & Bisnis
quipper-708,-,banpt-2661,-,FAKULTAS PERTANIAN,KEHUTANAN,KEHUTANAN,S1,B,255,0,Ekonomi & Bisnis
quipper-708,-,banpt-2661,-,FAKULTAS KEPERAWATAN,ILMU KEPERAWATAN,KEPERAWATAN,S1,BAIK,255,0,Ekonomi & Bisnis
quipper-708,-,banpt-2661,-,FAKULTAS KESEHATAN MASYARAKAT,KESEHATAN MASYARAKAT,KESEHATAN MASYARAKAT,S1,BAIK SEKALI,255,0,Ekonomi & Bisnis
quipper-708,-,-,-,FAKULTAS EKONOMI,MANAJEMEN,MANAJEMEN,S1,-,255,0,Ekonomi & Bisnis
quipper-708,-,banpt-2661,-,FAKULTAS ILMU SOSIAL DAN POLITIK,ILMU PEMERINTAHAN,PEMERINTAHAN,S1,BAIK,255,0,Ekonomi & Bisnis
-,-,banpt-2661,-,-,TEKNIK PERTANIAN,PERTANIAN,S1,BAIK,255,0,Ekonomi & Bisnis
quipper-708,-,banpt-2661,-,FAKULTAS PSIKOLOGI,PSIKOLOGI,PSIKOLOGI,S1,B,255,0,Ekonomi & Bisnis
quipper-708,-,-,-,FAKULTAS PERTANIAN,ILMU DAN TEKNOLOGI PANGAN,TEKNOLOGI PANGAN,S1,-,255,0,Ekonomi & Bisnis
quipper-343,rencanamu-141,banpt-747,-,FAKULTAS TEKNIK DAN ILMU KOMPUTER,ARSITEKTUR,ARSITEKTUR,S1,B,704,0,Ekonomi & Bisnis
-,rencanamu-141,banpt-747,-,-,BIMBINGAN DAN KONSELING,BIMBINGAN KONSELING,S1,B,704,0,Ekonomi & Bisnis
quipper-343,rencanamu-141,banpt-747,-,FAKULTAS MATEMATIKA DAN IPA,BIOLOGI,BIOLOGI,S1,B,704,0,Ekonomi & Bisnis
-,-,banpt-747,-,-,BISNIS DIGITAL,BISNIS DIGITAL,S1,BAIK,704,0,Ekonomi & Bisnis
quipper-343,rencanamu-141,banpt-747,-,FAKULTAS BAHASA DAN SENI,DESAIN KOMUNIKASI VISUAL,DESAIN KOMUNIKASI VISUAL,S1,A,704,0,Ekonomi & Bisnis
quipper-343,rencanamu-141,banpt-747,-,FAKULTAS ILMU PENDIDIKAN DAN PENGETAHUAN SOSIAL,ILMU EKONOMI,EKONOMI,S1,B,704,0,Ekonomi & Bisnis
quipper-343,rencanamu-141,banpt-747,-,FAKULTAS MATEMATIKA DAN IPA,FISIKA,FISIKA,S1,A,704,0,Ekonomi & Bisnis
quipper-343,-,-,-,FAKULTAS MATEMATIKA DAN IPA,KEGURUAN & PENDIDIKAN,GURU,S1,-,704,0,Ekonomi & Bisnis
quipper-343,rencanamu-141,banpt-747,-,FAKULTAS TEKNIK DAN ILMU KOMPUTER,TEKNIK INDUSTRI,INDUSTRI,S1,B,704,0,Ekonomi & Bisnis
quipper-343,rencanamu-141,banpt-747,-,FAKULTAS TEKNIK DAN ILMU KOMPUTER,TEKNIK INFORMATIKA,INFORMATIKA,S1,B,704,1,Teknik & Rekayasa
-,-,banpt-747,-,-,MANAJEMEN RITEL,MANAJEMEN RITEL,S1,BAIK,704,0,Ekonomi & Bisnis
quipper-343,rencanamu-141,banpt-747,-,FAKULTAS MATEMATIKA DAN IPA,PENDIDIKAN MATEMATIKA,MATEMATIKA,S1,B,704,0,Ekonomi & Bisnis
-,rencanamu-141,-,-,-,PENDIDIKAN ILMU PENGETAHUAN SOSIAL,PENGETAHUAN SOSIAL,S1,B,704,0,Ekonomi & Bisnis
-,-,banpt-747,-,-,SAINS DATA,SAINS DATA,S1,BAIK,704,0,Ekonomi & Bisnis
-,rencanamu-141,banpt-747,-,-,PENDIDIKAN SEJARAH,SEJARAH,S1,B,704,0,Ekonomi & Bisnis
-,-,banpt-747,-,-,SISTEM INFORMASI,SISTEM INFORMASI,S1,BAIK,704,0,Ekonomi & Bisnis
-,-,banpt-1591,-,-,AKUNTANSI,AKUNTANSI,S1,BAIK,665,0,Ekonomi & Bisnis
-,-,banpt-1591,-,-,DESAIN KOMUNIKASI VISUAL,DESAIN KOMUNIKASI VISUAL,S1,B,665,0,Ekonomi & Bisnis
-,-,banpt-1591,-,-,ILMU KOMUNIKASI,ILMU KOMUNIKASI,S1,UNGGUL,665,0,Ekonomi & Bisnis
-,-,banpt-1591,-,-,INFORMATIKA,INFORMATIKA,S1,BAIK SEKALI,665,0,Ekonomi & Bisnis
-,-,banpt-1591,-,-,MANAJEMEN,MANAJEMEN,S1,BAIK SEKALI,665,0,Ekonomi & Bisnis
-,-,banpt-1591,-,-,PSIKOLOGI,PSIKOLOGI,S1,BAIK,665,0,Ekonomi & Bisnis
-,-,banpt-1591,-,-,SISTEM INFORMASI,SISTEM INFORMASI,S1,BAIK SEKALI,665,0,Ekonomi & Bisnis
-,-,banpt-2746,-,-,AGRIBISNIS,AGRIBISNIS,S1,BAIK,1431,0,Ekonomi & Bisnis
-,-,banpt-2746,-,-,AGROTEKNOLOGI,AGROTEKNOLOGI,S1,BAIK,1431,0,Ekonomi & Bisnis
-,-,banpt-2746,-,-,AKUNTANSI,AKUNTANSI,S1,B,1431,0,Ekonomi & Bisnis
-,-,banpt-2746,-,-,TEKNIK INDUSTRI,INDUSTRI,S1,BAIK,1431,0,Ekonomi & Bisnis
-,-,banpt-2746,-,-,TEKNIK KIMIA,KIMIA,S1,BAIK,1431,0,Ekonomi & Bisnis
-,-,banpt-2746,-,-,MANAJEMEN,MANAJEMEN,S1,BAIK,1431,0,Ekonomi & Bisnis
-,-,banpt-2746,-,-,PENDIDIKAN MASYARAKAT,MASYARAKAT,S1,BAIK,1431,0,Ekonomi & Bisnis
-,-,banpt-2746,-,-,TEKNOLOGI HASIL PERTANIAN,PERTANIAN,S1,BAIK,1431,0,Ekonomi & Bisnis
-,-,banpt-1461,-,-,AKUNTANSI,AKUNTANSI,S1,BAIK,515,0,Ekonomi & Bisnis
-,-,banpt-1461,-,-,MANAJEMEN,MANAJEMEN,S1,B,515,0,Ekonomi & Bisnis
-,-,banpt-1461,-,-,REKAYASA PERANGKAT LUNAK,REKAYASA PERANGKAT LUNAK,S1,BAIK,515,0,Ekonomi & Bisnis
-,-,banpt-1461,-,-,SISTEM INFORMASI,SISTEM INFORMASI,S1,BAIK SEKALI,515,0,Ekonomi & Bisnis
-,-,banpt-1461,-,-,TEKNOLOGI INFORMASI,TEKNOLOGI INFORMASI,S1,BAIK,515,0,Ekonomi & Bisnis
-,-,banpt-1141,-,-,AKUNTANSI,AKUNTANSI,S1,BAIK,211,0,Ekonomi & Bisnis
-,-,banpt-1141,-,-,DESAIN KOMUNIKASI VISUAL,DESAIN KOMUNIKASI VISUAL,S1,BAIK,211,0,Ekonomi & Bisnis
-,-,banpt-1141,-,-,SASTRA INGGRIS,SASTRA INGGRIS,S1,BAIK,211,0,Ekonomi & Bisnis
-,-,banpt-1141,-,-,SASTRA JEPANG,SASTRA JEPANG,S1,BAIK,211,0,Ekonomi & Bisnis
-,-,banpt-1141,-,-,SISTEM INFORMASI,SISTEM INFORMASI,S1,BAIK,211,0,Ekonomi & Bisnis
-,-,banpt-1141,-,-,TEKNOLOGI INFORMASI,TEKNOLOGI INFORMASI,S1,BAIK,211,0,Ekonomi & Bisnis
-,-,banpt-1419,-,-,PENDIDIKAN ANTROPOLOGI,ANTROPOLOGI,S1,BAIK,763,0,Ekonomi & Bisnis
-,-,banpt-1419,-,-,TEKNIK INDUSTRI,INDUSTRI,S1,BAIK,763,0,Ekonomi & Bisnis
quipper-268,-,-,-,FAKULTAS TEKNOLOGI INDUSTRI DAN AGROINDUSTRI,ILMU TEKNIK,,S1,-,440,0,Ekonomi & Bisnis
quipper-268,-,-,-,FAKULTAS TEKNOLOGI INDUSTRI DAN AGROINDUSTRI,AGROTEKNOLOGI,AGROTEKNOLOGI,S1,-,440,0,Ekonomi & Bisnis
quipper-268,rencanamu-142,banpt-34,-,FAKULTAS EKONOMI DAN BISNIS,AKUNTANSI,AKUNTANSI,S1,B,440,2,Pendidikan & Keguruan
quipper-268,rencanamu-142,banpt-34,-,FAKULTAS TEKNOLOGI INFORMASI DAN KREATIF,DESAIN KOMUNIKASI VISUAL,DESAIN KOMUNIKASI VISUAL,S1,B,440,0,Ekonomi & Bisnis
quipper-268,rencanamu-142,banpt-34,-,FAKULTAS TEKNOLOGI INFORMASI DAN KREATIF,TEKNIK INFORMATIKA,INFORMATIKA,S1,C,440,1,Teknik & Rekayasa
quipper-268,rencanamu-142,banpt-34,-,FAKULTAS TEKNOLOGI INDUSTRI DAN AGROINDUSTRI,TEKNIK KIMIA,KIMIA,S1,C,440,0,Ekonomi & Bisnis
-,rencanamu-142,banpt-34,-,-,TEKNIK LOGISTIK,LOGISTIK,S1,C,440,0,Ekonomi & Bisnis
quipper-268,rencanamu-142,banpt-34,-,FAKULTAS EKONOMI DAN BISNIS,MANAJEMEN,MANAJEMEN,S1,C,440,0,Ekonomi & Bisnis
-,rencanamu-142,banpt-34,-,-,MANAJEMEN REKAYASA,MANAJEMEN REKAYASA,S1,C,440,0,Ekonomi & Bisnis
-,rencanamu-142,banpt-34,-,-,TEKNOLOGI INDUSTRI PERTANIAN,PERTANIAN,S1,C,440,0,Ekonomi & Bisnis
quipper-268,rencanamu-142,banpt-34,-,FAKULTAS TEKNOLOGI INFORMASI DAN KREATIF,SISTEM INFORMASI,SISTEM INFORMASI,S1,C,440,4,Teknologi Industri
-,-,banpt-2247,-,-,INFORMATIKA,INFORMATIKA,S1,BAIK,147,0,Ekonomi & Bisnis
-,-,banpt-2247,-,-,KEWIRAUSAHAAN,KEWIRAUSAHAAN,S1,BAIK,147,0,Ekonomi & Bisnis
-,-,banpt-2247,-,-,MANAJEMEN,MANAJEMEN,S1,BAIK SEKALI,147,0,Ekonomi & Bisnis
-,-,banpt-2247,-,-,REKAYASA PERANGKAT LUNAK,REKAYASA PERANGKAT LUNAK,S1,BAIK,147,0,Ekonomi & Bisnis
-,-,banpt-2247,-,-,SISTEM INFORMASI,SISTEM INFORMASI,S1,BAIK,147,0,Ekonomi & Bisnis
-,-,banpt-2525,-,-,AGROTEKNOLOGI,AGROTEKNOLOGI,S1,BAIK,1340,0,Ekonomi & Bisnis
-,-,banpt-2525,-,-,PENDIDIKAN BIOLOGI,BIOLOGI,S1,B,1340,0,Ekonomi & Bisnis
-,-,banpt-2525,-,-,BUDIDAYA PERAIRAN,BUDIDAYA PERAIRAN,S1,BAIK,1340,0,Ekonomi & Bisnis
-,-,banpt-2525,-,-,EKONOMI PEMBANGUNAN,EKONOMI PEMBANGUNAN,S1,BAIK,1340,0,Ekonomi & Bisnis
-,-,banpt-2525,-,-,ILMU HUKUM,HUKUM,S1,BAIK,1340,0,Ekonomi & Bisnis
-,-,banpt-2525,-,-,TEKNIK INDUSTRI,INDUSTRI,S1,BAIK,1340,0,Ekonomi & Bisnis
-,-,banpt-2525,-,-,KEHUTANAN,KEHUTANAN,S1,BAIK,1340,0,Ekonomi & Bisnis
-,-,banpt-2525,-,-,MANAJEMEN,MANAJEMEN,S1,BAIK,1340,0,Ekonomi & Bisnis
-,-,banpt-2525,-,-,PENDIDIKAN MATEMATIKA,MATEMATIKA,S1,BAIK,1340,0,Ekonomi & Bisnis
-,-,banpt-2525,-,-,PEMANFAATAN SUMBER DAYA PERIKANAN,PERIKANAN,S1,B,1340,0,Ekonomi & Bisnis
-,-,banpt-2525,-,-,SASTRA INDONESIA,SASTRA INDONESIA,S1,BAIK,1340,0,Ekonomi & Bisnis
-,-,banpt-2525,-,-,SASTRA INGGRIS,SASTRA INGGRIS,S1,BAIK,1340,0,Ekonomi & Bisnis
-,-,banpt-2525,-,-,TEKNIK SIPIL,SIPIL,S1,BAIK,1340,0,Ekonomi & Bisnis
-,-,banpt-2333,-,-,AGROTEKNOLOGI,AGROTEKNOLOGI,S1,BAIK,1087,0,Ekonomi & Bisnis
-,-,banpt-2333,-,-,TEKNIK ELEKTRO,ELEKTRO,S1,BAIK,1087,0,Ekonomi & Bisnis
-,-,banpt-2333,-,-,PENDIDIKAN GURU SEKOLAH DASAR,GURU SEKOLAH DASAR,S1,BAIK SEKALI,1087,0,Ekonomi & Bisnis
-,-,banpt-2333,-,-,HUKUM KELUARGA,HUKUM,S1,B,1087,0,Ekonomi & Bisnis
-,-,banpt-2333,-,-,ILMU KOMUNIKASI,ILMU KOMUNIKASI,S1,B,1087,0,Ekonomi & Bisnis
-,-,banpt-2333,-,-,PENDIDIKAN MATEMATIKA,MATEMATIKA,S1,BAIK SEKALI,1087,0,Ekonomi & Bisnis
-,-,banpt-2333,-,-,TEKNIK MESIN,MESIN,S1,BAIK,1087,0,Ekonomi & Bisnis
-,-,banpt-2333,-,-,PEMBANGUNAN SOSIAL,PEMBANGUNAN SOSIAL,S1,B,1087,0,Ekonomi & Bisnis
-,-,banpt-2333,-,-,TEKNIK SIPIL,SIPIL,S1,BAIK SEKALI,1087,0,Ekonomi & Bisnis
-,-,banpt-1645,-,-,ILMU ADMINISTRASI NEGARA,ADMINISTRASI NEGARA,S1,BAIK,712,0,Ekonomi & Bisnis
-,-,banpt-1645,-,-,AGRIBISNIS,AGRIBISNIS,S1,BAIK SEKALI,712,0,Ekonomi & Bisnis
-,-,banpt-1645,-,-,AKUNTANSI,AKUNTANSI,S1,BAIK SEKALI,712,0,Ekonomi & Bisnis
-,-,banpt-1645,-,-,TEKNIK ELEKTRO,ELEKTRO,S1,BAIK SEKALI,712,0,Ekonomi & Bisnis
-,-,banpt-1645,-,-,PENDIDIKAN GEOGRAFI,GEOGRAFI,S1,BAIK SEKALI,712,0,Ekonomi & Bisnis
-,-,banpt-1645,-,-,PENDIDIKAN GURU SEKOLAH DASAR,GURU SEKOLAH DASAR,S1,UNGGUL,712,0,Ekonomi & Bisnis
-,-,banpt-1645,-,-,HUKUM KELUARGA,HUKUM,S1,BAIK SEKALI,712,0,Ekonomi & Bisnis
-,-,banpt-1645,-,-,TEKNIK INDUSTRI,INDUSTRI,S1,TERAKREDITASI PERTAMA,712,0,Ekonomi & Bisnis
-,-,banpt-1645,-,-,INFORMATIKA,INFORMATIKA,S1,BAIK,712,0,Ekonomi & Bisnis
-,-,banpt-1645,-,-,PENDIDIKAN JASMANI,JASMANI,S1,UNGGUL,712,0,Ekonomi & Bisnis
-,-,banpt-1645,-,-,MANAJEMEN,MANAJEMEN,S1,BAIK SEKALI,712,0,Ekonomi & Bisnis
-,-,banpt-1645,-,-,TEKNIK MESIN,MESIN,S1,BAIK SEKALI,712,0,Ekonomi & Bisnis
-,-,banpt-1645,-,-,ILMU PEMERINTAHAN,PEMERINTAHAN,S1,B,712,0,Ekonomi & Bisnis
-,-,banpt-1645,-,-,SASTRA INGGRIS,SASTRA INGGRIS,S1,BAIK SEKALI,712,0,Ekonomi & Bisnis
-,-,banpt-1645,-,-,TEKNIK SIPIL,SIPIL,S1,BAIK SEKALI,712,0,Ekonomi & Bisnis
quipper-291,-,-,-,FAKULTAS TEKNIK,TEKNIK,,S1,-,534,1,Teknik & Rekayasa
quipper-291,-,-,-,FAKULTAS ILMU SOSIAL DAN ILMU POLITIK,ILMU ADMINISTRASI,ADMINISTRASI,S1,-,534,0,Ekonomi & Bisnis
-,rencanamu-143,-,-,-,ILMU ADMINISTRASI NEGARA,ADMINISTRASI NEGARA,S1,B,534,0,Ekonomi & Bisnis
quipper-291,rencanamu-143,-,-,FAKULTAS PERTANIAN,AGRIBISNIS,AGRIBISNIS,S1,B,534,0,Ekonomi & Bisnis
quipper-291,rencanamu-143,-,-,FAKULTAS EKONOMI,AKUNTANSI,AKUNTANSI,S1,B,534,2,Pendidikan & Keguruan
quipper-291,rencanamu-143,-,-,FAKULTAS TEKNIK,TEKNIK ELEKTRO,ELEKTRO,S1,B,534,1,Teknik & Rekayasa
quipper-291,rencanamu-143,-,-,FAKULTAS KEGURUAN DAN ILMU PENDIDIKAN,PENDIDIKAN GEOGRAFI,GEOGRAFI,S1,B,534,2,Pendidikan & Keguruan
quipper-291,rencanamu-143,-,-,FAKULTAS KEGURUAN DAN ILMU PENDIDIKAN,PENDIDIKAN GURU SEKOLAH DASAR,GURU SEKOLAH DASAR,S1,B,534,2,Pendidikan & Keguruan
quipper-291,-,-,-,FAKULTAS AGAMA ISLAM,HUKUM KELUARGA,HUKUM,S1,-,534,3,Hukum
quipper-291,rencanamu-143,banpt-UNIVERSITAS ISLAM 45 BEKASI,-,"FAKULTAS KOMUNIKASI, SASTRA, DAN BAHASA",ILMU KOMUNIKASI,ILMU KOMUNIKASI,S1,B,534,0,Ekonomi & Bisnis
quipper-291,-,-,-,FAKULTAS TEKNIK,TEKNIK KOMPUTER,KOMPUTER,S1,-,534,1,Teknik & Rekayasa
quipper-291,rencanamu-143,-,-,FAKULTAS EKONOMI,MANAJEMEN,MANAJEMEN,S1,B,534,0,Ekonomi & Bisnis
quipper-291,rencanamu-143,-,-,FAKULTAS TEKNIK,TEKNIK MESIN,MESIN,S1,B,534,1,Teknik & Rekayasa
quipper-291,rencanamu-143,-,-,FAKULTAS KEGURUAN DAN ILMU PENDIDIKAN,PENDIDIKAN OLAHRAGA,OLAHRAGA,S1,B,534,2,Pendidikan & Keguruan
quipper-291,rencanamu-143,-,-,FAKULTAS ILMU SOSIAL DAN ILMU POLITIK,ILMU PEMERINTAHAN,PEMERINTAHAN,S1,B,534,0,Ekonomi & Bisnis
quipper-291,rencanamu-143,banpt-UNIVERSITAS ISLAM 45 BEKASI,-,FAKULTAS ILMU SOSIAL DAN ILMU POLITIK,PSIKOLOGI,PSIKOLOGI,S1,B,534,0,Ekonomi & Bisnis
quipper-291,rencanamu-143,-,-,"FAKULTAS KOMUNIKASI, SASTRA, DAN BAHASA",SASTRA INGGRIS,SASTRA INGGRIS,S1,B,534,0,Ekonomi & Bisnis
quipper-291,rencanamu-143,-,-,FAKULTAS TEKNIK,SIPIL,SIPIL,S1,B,534,1,Teknik & Rekayasa
-,-,banpt-551,-,-,AGRIBISNIS,AGRIBISNIS,S1,BAIK SEKALI,49,0,Ekonomi & Bisnis
-,-,banpt-551,-,-,AGROEKOTEKNOLOGI,AGROTEKNOLOGI,S1,BAIK,49,0,Ekonomi & Bisnis
-,-,banpt-551,-,-,AKUNTANSI,AKUNTANSI,S1,BAIK SEKALI,49,0,Ekonomi & Bisnis
-,-,banpt-551,-,-,BIOLOGI,BIOLOGI,S1,BAIK SEKALI,49,0,Ekonomi & Bisnis
-,-,banpt-551,-,-,EKONOMI PEMBANGUNAN,EKONOMI PEMBANGUNAN,S1,BAIK SEKALI,49,0,Ekonomi & Bisnis
-,-,banpt-551,-,-,ILMU HUKUM,HUKUM,S1,BAIK SEKALI,49,0,Ekonomi & Bisnis
-,-,banpt-551,-,-,KEDOKTERAN,KEDOKTERAN,S1,BAIK SEKALI,49,0,Ekonomi & Bisnis
-,-,banpt-551,-,-,ILMU KOMPUTER,KOMPUTER,S1,BAIK,49,0,Ekonomi & Bisnis
-,-,banpt-3923,-,-,GIZI,GIZI,S1,B,196,0,Ekonomi & Bisnis
-,-,banpt-3923,-,-,PENDIDIKAN GURU PENDIDIKAN ANAK USIA DINI,GURU ANAK USIA DINI,S1,B,196,0,Ekonomi & Bisnis
-,-,banpt-3923,-,-,PENDIDIKAN GURU SEKOLAH DASAR,GURU SEKOLAH DASAR,S1,BAIK SEKALI,196,0,Ekonomi & Bisnis
-,-,banpt-3923,-,-,INFORMATIKA,INFORMATIKA,S1,BAIK,196,0,Ekonomi & Bisnis
-,-,banpt-3923,-,-,PENDIDIKAN JASMANI,JASMANI,S1,BAIK,196,0,Ekonomi & Bisnis
-,-,banpt-3923,-,-,KESEHATAN MASYARAKAT,KESEHATAN MASYARAKAT,S1,B,196,0,Ekonomi & Bisnis
-,-,banpt-3923,-,-,TEKNIK MESIN,MESIN,S1,BAIK,196,0,Ekonomi & Bisnis
-,-,banpt-3923,-,-,ILMU TEKNOLOGI PANGAN,TEKNOLOGI PANGAN,S1,BAIK,196,0,Ekonomi & Bisnis
-,rencanamu-144,-,-,-,AKUNTANSI,AKUNTANSI,S1,B,14,0,Ekonomi & Bisnis
-,rencanamu-144,-,-,-,BIMBINGAN DAN KONSELING,BIMBINGAN KONSELING,S1,B,14,0,Ekonomi & Bisnis
-,rencanamu-144,-,-,-,BIOLOGI,BIOLOGI,S1,B,14,0,Ekonomi & Bisnis
-,rencanamu-144,-,-,-,ILMU HUKUM,HUKUM,S1,B,14,0,Ekonomi & Bisnis
-,rencanamu-144,-,-,-,TEKNIK INDUSTRI,INDUSTRI,S1,C,14,0,Ekonomi & Bisnis
-,rencanamu-144,-,-,-,TEKNIK INFORMATIKA,INFORMATIKA,S1,-,14,0,Ekonomi & Bisnis
-,rencanamu-144,-,-,-,ILMU KEPERAWATAN,KEPERAWATAN,S1,-,14,0,Ekonomi & Bisnis
-,rencanamu-144,-,-,-,MANAJEMEN,MANAJEMEN,S1,B,14,0,Ekonomi & Bisnis
-,rencanamu-144,-,-,-,MATEMATIKA,MATEMATIKA,S1,C,14,0,Ekonomi & Bisnis
-,rencanamu-144,-,-,-,TEKNIK MESIN,MESIN,S1,C,14,0,Ekonomi & Bisnis
-,-,banpt-1766,-,-,AKUNTANSI,AKUNTANSI,S1,BAIK,737,0,Ekonomi & Bisnis
-,-,banpt-1766,-,-,BIMBINGAN DAN KONSELING,BIMBINGAN KONSELING,S1,BAIK SEKALI,737,0,Ekonomi & Bisnis
-,-,banpt-1766,-,-,ILMU HUKUM,HUKUM,S1,BAIK,737,0,Ekonomi & Bisnis
-,-,banpt-1766,-,-,TEKNIK INDUSTRI,INDUSTRI,S1,BAIK,737,0,Ekonomi & Bisnis
-,-,banpt-1766,-,-,TEKNIK INFORMATIKA,INFORMATIKA,S1,BAIK,737,0,Ekonomi & Bisnis
-,-,banpt-1766,-,-,MANAJEMEN,MANAJEMEN,S1,BAIK SEKALI,737,0,Ekonomi & Bisnis
-,-,banpt-1766,-,-,TEKNIK MESIN,MESIN,S1,BAIK,737,0,Ekonomi & Bisnis
-,rencanamu-145,-,-,-,ADMINISTRASI BISNIS,ADMINISTRASI BISNIS,S1,B,389,0,Ekonomi & Bisnis
-,-,banpt-1814,-,-,ILMU ADMINISTRASI NEGARA,ADMINISTRASI NEGARA,S1,BAIK SEKALI,389,0,Ekonomi & Bisnis
-,-,banpt-1814,-,-,ILMU ADMINISTRASI NIAGA,ADMINISTRASI NIAGA,S1,B,389,0,Ekonomi & Bisnis
-,rencanamu-145,-,-,-,ILMU ADMINISTRASI PUBLIK,ADMINISTRASI PUBLIK,S1,B,389,0,Ekonomi & Bisnis
-,rencanamu-145,banpt-1814,-,-,AGRIBISNIS,AGRIBISNIS,S1,B,389,0,Ekonomi & Bisnis
-,rencanamu-145,banpt-1814,-,-,AGROTEKNOLOGI,AGROTEKNOLOGI,S1,C,389,0,Ekonomi & Bisnis
-,rencanamu-145,banpt-1814,-,-,AKUNTANSI,AKUNTANSI,S1,B,389,0,Ekonomi & Bisnis
-,rencanamu-145,banpt-1814,-,-,PENDIDIKAN BIOLOGI,BIOLOGI,S1,B,389,0,Ekonomi & Bisnis
-,rencanamu-145,banpt-1814,-,-,TEKNIK ELEKTRO,ELEKTRO,S1,B,389,0,Ekonomi & Bisnis
-,rencanamu-145,banpt-1814,-,-,PENDIDIKAN GURU SD,GURU SEKOLAH DASAR,S1,B,389,0,Ekonomi & Bisnis
-,rencanamu-145,banpt-1814,-,-,ILMU HUKUM,HUKUM,S1,B,389,0,Ekonomi & Bisnis
-,rencanamu-145,banpt-1814,-,-,ILMU KOMUNIKASI,ILMU KOMUNIKASI,S1,B,389,0,Ekonomi & Bisnis
-,rencanamu-145,banpt-1814,-,-,TEKNIK INFORMATIKA,INFORMATIKA,S1,B,389,0,Ekonomi & Bisnis
-,rencanamu-145,banpt-1814,-,-,MANAJEMEN,MANAJEMEN,S1,B,389,0,Ekonomi & Bisnis
-,rencanamu-145,banpt-1814,-,-,PENDIDIKAN PANCASILA DAN KEWARGANEGARAAN,PANCASILA KEWARGANEGARAAN,S1,B,389,0,Ekonomi & Bisnis
-,rencanamu-145,banpt-1814,-,-,ILMU PETERNAKAN,PETERNAKAN,S1,B,389,0,Ekonomi & Bisnis
-,rencanamu-145,banpt-1814,-,-,TEKNIK SIPIL,SIPIL,S1,C,389,0,Ekonomi & Bisnis
-,rencanamu-145,-,-,-,SISTEM INFORMASI,SISTEM INFORMASI,S1,B,389,0,Ekonomi & Bisnis
-,-,banpt-1814,-,-,SISTEM KOMPUTER,SISTEM KOMPUTER,S1,BAIK SEKALI,389,0,Ekonomi & Bisnis
-,rencanamu-145,banpt-1814,-,-,SOSIOLOGI,SOSIOLOGI,S1,B,389,0,Ekonomi & Bisnis
quipper-443,rencanamu-146,banpt-3121,-,FAKULTAS EKONOMI & BISNIS,AKUNTANSI,AKUNTANSI,S1,A,52,2,Pendidikan & Keguruan
quipper-443,-,-,-,FAKULTAS EKONOMI & BISNIS,ILMU EKONOMI,EKONOMI,S1,-,52,0,Ekonomi & Bisnis
-,rencanamu-146,banpt-3121,-,-,EKONOMI PEMBANGUNAN,EKONOMI PEMBANGUNAN,S1,A,52,0,Ekonomi & Bisnis
quipper-443,rencanamu-146,banpt-3121,-,FAKULTAS MATEMATIKA & ILMU PENGETAHUAN ALAM,FARMASI,FARMASI,S1,B,52,0,Ekonomi & Bisnis
quipper-443,-,-,-,FAKULTAS TARBIYAH & KEGURUAN,KEGURUAN & PENDIDIKAN,GURU,S1,-,52,0,Ekonomi & Bisnis
-,-,banpt-3121,-,-,PENDIDIKAN GURU PENDIDIKAN ANAK USIA DINI,GURU ANAK USIA DINI,S1,UNGGUL,52,0,Ekonomi & Bisnis
-,rencanamu-146,-,-,-,PENDIDIKAN GURU PAUD,GURU PAUD,S1,B,52,0,Ekonomi & Bisnis
quipper-443,rencanamu-146,banpt-3121,-,FAKULTAS HUKUM,ILMU HUKUM,HUKUM,S1,A,52,3,Hukum
quipper-443,rencanamu-146,banpt-3121,-,FAKULTAS DAKWAH,ILMU KOMUNIKASI,ILMU KOMUNIKASI,S1,A,52,0,Ekonomi & Bisnis
quipper-443,rencanamu-146,banpt-3121,-,FAKULTAS TEKNIK,TEKNIK INDUSTRI,INDUSTRI,S1,B,52,1,Teknik & Rekayasa
quipper-443,rencanamu-146,banpt-3121,-,FAKULTAS KEDOKTERAN,PENDIDIKAN DOKTER,KEDOKTERAN,S1,B,52,0,Ekonomi & Bisnis
quipper-443,rencanamu-146,banpt-3121,-,FAKULTAS EKONOMI & BISNIS,MANAJEMEN,MANAJEMEN,S1,A,52,0,Ekonomi & Bisnis
quipper-443,rencanamu-146,banpt-3121,-,FAKULTAS MATEMATIKA & ILMU PENGETAHUAN ALAM,MATEMATIKA,MATEMATIKA,S1,B,52,0,Ekonomi & Bisnis
quipper-443,rencanamu-146,banpt-3121,-,FAKULTAS TEKNIK,PERENCANAAN WILAYAH DAN KOTA,PERENCANAAN WILAYAH KOTA,S1,A,52,1,Teknik & Rekayasa
quipper-443,rencanamu-146,banpt-3121,-,FAKULTAS TEKNIK,TEKNIK PERTAMBANGAN,PERTAMBANGAN,S1,B,52,1,Teknik & Rekayasa
quipper-443,rencanamu-146,banpt-3121,-,FAKULTAS PSIKOLOGI,PSIKOLOGI,PSIKOLOGI,S1,A,52,0,Ekonomi & Bisnis
quipper-443,rencanamu-146,banpt-3121,-,FAKULTAS MATEMATIKA & ILMU PENGETAHUAN ALAM,STATISTIK,STATISTIK,S1,B,52,0,Ekonomi & Bisnis
-,rencanamu-147,banpt-3812,-,-,AGRIBISNIS,AGRIBISNIS,S1,C,1173,0,Ekonomi & Bisnis
-,rencanamu-147,banpt-3812,-,-,AGROTEKNOLOGI,AGROTEKNOLOGI,S1,B,1173,0,Ekonomi & Bisnis
-,rencanamu-147,banpt-3812,-,-,AKUNTANSI,AKUNTANSI,S1,A,1173,0,Ekonomi & Bisnis
-,rencanamu-147,banpt-3812,-,-,ILMU HUKUM,HUKUM,S1,B,1173,0,Ekonomi & Bisnis
-,rencanamu-147,banpt-3812,-,-,TEKNIK INDUSTRI,INDUSTRI,S1,C,1173,0,Ekonomi & Bisnis
-,-,banpt-3812,-,-,INFORMATIKA,INFORMATIKA,S1,BAIK,1173,0,Ekonomi & Bisnis
-,rencanamu-147,banpt-3812,-,-,MANAJEMEN,MANAJEMEN,S1,B,1173,0,Ekonomi & Bisnis
-,rencanamu-147,banpt-3812,-,-,PETERNAKAN,PETERNAKAN,S1,BAIK,1173,0,Ekonomi & Bisnis
-,-,banpt-3812,-,-,TEKNIK SIPIL,SIPIL,S1,BAIK,1173,0,Ekonomi & Bisnis
quipper-49,rencanamu-148,banpt-2723,-,FAKULTAS BISNIS DAN EKONOMIKA,AKUNTANSI,AKUNTANSI,S1,A,210,2,Pendidikan & Keguruan
quipper-49,rencanamu-148,banpt-2723,-,FAKULTAS TEKNIK SIPIL DAN PERENCANAAN,ARSITEKTUR,ARSITEKTUR,S1,A,210,0,Ekonomi & Bisnis
quipper-49,-,-,-,FAKULTAS ILMU AGAMA ISLAM,ILMU EKONOMI,EKONOMI,S1,-,210,0,Ekonomi & Bisnis
quipper-49,rencanamu-148,banpt-2723,-,FAKULTAS BISNIS DAN EKONOMIKA,EKONOMI PEMBANGUNAN,EKONOMI PEMBANGUNAN,S1,A,210,0,Ekonomi & Bisnis
quipper-49,rencanamu-148,banpt-2723,-,FAKULTAS TEKNOLOGI INDUSTRI,TEKNIK ELEKTRO,ELEKTRO,S1,A,210,4,Teknologi Industri
quipper-49,rencanamu-148,banpt-2723,-,FAKULTAS MATEMATIKA DAN ILMU PENGETAHUAN ALAM,FARMASI,FARMASI,S1,B,210,0,Ekonomi & Bisnis
-,-,banpt-2723,-,-,REKAYASA TEKSTIL,FASHION,S1,BAIK,210,0,Ekonomi & Bisnis
quipper-49,-,banpt-2723,-,FAKULTAS PSIKOLOGI DAN ILMU SOSIAL BUDAYA,HUBUNGAN INTERNASIONAL,HUBUNGAN INTERNASIONAL,S1,B,210,0,Ekonomi & Bisnis
quipper-49,rencanamu-148,banpt-2723,-,FAKULTAS ILMU AGAMA ISLAM,ILMU HUKUM,HUKUM,S1,A,210,3,Hukum
quipper-49,rencanamu-148,banpt-2723,-,FAKULTAS PSIKOLOGI DAN ILMU SOSIAL BUDAYA,ILMU KOMUNIKASI,ILMU KOMUNIKASI,S1,A,210,0,Ekonomi & Bisnis
quipper-49,rencanamu-148,banpt-2723,-,FAKULTAS TEKNOLOGI INDUSTRI,TEKNIK INDUSTRI,INDUSTRI,S1,A,210,4,Teknologi Industri
quipper-49,rencanamu-148,banpt-2723,-,FAKULTAS TEKNOLOGI INDUSTRI,TEKNIK INFORMATIKA,INFORMATIKA,S1,A,210,1,Teknik & Rekayasa
quipper-49,rencanamu-148,banpt-2723,-,FAKULTAS KEDOKTERAN,PENDIDIKAN DOKTER,KEDOKTERAN,S1,A,210,0,Ekonomi & Bisnis
quipper-49,rencanamu-148,banpt-2723,-,FAKULTAS TEKNOLOGI INDUSTRI,TEKNIK KIMIA,KIMIA,S1,A,210,4,Teknologi Industri
quipper-49,rencanamu-148,banpt-2723,-,FAKULTAS TEKNIK SIPIL DAN PERENCANAAN,TEKNIK LINGKUNGAN,LINGKUNGAN,S1,A,210,0,Ekonomi & Bisnis
quipper-49,rencanamu-148,banpt-2723,-,FAKULTAS BISNIS DAN EKONOMIKA,MANAJEMEN,MANAJEMEN,S1,A,210,0,Ekonomi & Bisnis
-,-,banpt-2723,-,-,MANAJEMEN REKAYASA,MANAJEMEN REKAYASA,S1,BAIK,210,0,Ekonomi & Bisnis
quipper-49,rencanamu-148,banpt-2723,-,FAKULTAS TEKNOLOGI INDUSTRI,TEKNIK MESIN,MESIN,S1,A,210,4,Teknologi Industri
quipper-49,rencanamu-148,banpt-2723,-,FAKULTAS PSIKOLOGI DAN ILMU SOSIAL BUDAYA,PSIKOLOGI,PSIKOLOGI,S1,A,210,0,Ekonomi & Bisnis
quipper-49,rencanamu-148,banpt-2723,-,FAKULTAS TEKNIK SIPIL DAN PERENCANAAN,TEKNIK SIPIL,SIPIL,S1,A,210,5,Sains & Teknologi
quipper-49,rencanamu-148,banpt-2723,-,FAKULTAS MATEMATIKA DAN ILMU PENGETAHUAN ALAM,STATISTIK,STATISTIK,S1,B,210,0,Ekonomi & Bisnis
quipper-95,-,-,-,FAKULTAS EKONOMI,ILMU EKONOMI,EKONOMI,S1,-,484,0,Ekonomi & Bisnis
quipper-95,rencanamu-150,banpt-1102,-,FAKULTAS HUKUM,ILMU HUKUM,HUKUM,S1,B,484,3,Hukum
quipper-95,rencanamu-150,banpt-1102,-,FAKULTAS TEKNIK,TEKNIK INDUSTRI,INDUSTRI,S1,C,484,1,Teknik & Rekayasa
quipper-95,rencanamu-150,banpt-1102,-,FAKULTAS EKONOMI,MANAJEMEN,MANAJEMEN,S1,B,484,0,Ekonomi & Bisnis
quipper-95,-,-,-,FAKULTAS AGAMA ISLAM,SASTRA ARAB,SASTRA ARAB,S1,-,484,0,Ekonomi & Bisnis
quipper-447,-,-,-,FAKULTAS ILMU SOSIAL DAN ILMU POLITIK,ILMU ADMINISTRASI,ADMINISTRASI,S1,-,1158,0,Ekonomi & Bisnis
-,-,banpt-3074,-,-,ILMU ADMINISTRASI NEGARA,ADMINISTRASI NEGARA,S1,B,1158,0,Ekonomi & Bisnis
quipper-447,-,banpt-3074,-,FAKULTAS PERTANIAN,AGRIBISNIS,AGRIBISNIS,S1,B,1158,0,Ekonomi & Bisnis
quipper-447,-,banpt-3074,-,FAKULTAS PERTANIAN,AGROTEKNOLOGI,AGROTEKNOLOGI,S1,B,1158,0,Ekonomi & Bisnis
-,-,banpt-3074,-,-,BIMBINGAN DAN KONSELING,BIMBINGAN KONSELING,S1,BAIK SEKALI,1158,0,Ekonomi & Bisnis
quipper-447,-,banpt-3074,-,FAKULTAS KEGURUAN DAN ILMU PENDIDIKAN,BIOLOGI,BIOLOGI,S1,B,1158,2,Pendidikan & Keguruan
quipper-447,-,-,-,FAKULTAS KEGURUAN DAN ILMU PENDIDIKAN,KEGURUAN & PENDIDIKAN,GURU,S1,-,1158,2,Pendidikan & Keguruan
quipper-447,-,-,-,FAKULTAS AGAMA ISLAM,PENDIDIKAN GURU SEKOLAH DASAR,GURU SEKOLAH DASAR,S1,-,1158,0,Ekonomi & Bisnis
quipper-447,-,banpt-3074,-,FAKULTAS HUKUM,ILMU HUKUM,HUKUM,S1,B,1158,3,Hukum
quipper-447,-,banpt-3074,-,FAKULTAS ILMU SOSIAL DAN ILMU POLITIK,ILMU KOMUNIKASI,ILMU KOMUNIKASI,S1,B,1158,0,Ekonomi & Bisnis
quipper-447,-,-,-,FAKULTAS EKONOMI DAN BISNIS ISLAM,MANAJEMEN,MANAJEMEN,S1,-,1158,0,Ekonomi & Bisnis
quipper-447,-,banpt-3074,-,FAKULTAS KEGURUAN DAN ILMU PENDIDIKAN,PENDIDIKAN MATEMATIKA,MATEMATIKA,S1,B,1158,2,Pendidikan & Keguruan
-,rencanamu-151,banpt-1864,-,-,AGRIBISNIS,AGRIBISNIS,S1,B,1033,0,Ekonomi & Bisnis
-,rencanamu-151,banpt-1864,-,-,AGROTEKNOLOGI,AGROTEKNOLOGI,S1,B,1033,0,Ekonomi & Bisnis
-,rencanamu-151,banpt-1864,-,-,AKUNTANSI,AKUNTANSI,S1,B,1033,0,Ekonomi & Bisnis
-,rencanamu-151,banpt-1864,-,-,TEKNIK ELEKTRO,ELEKTRO,S1,B,1033,0,Ekonomi & Bisnis
-,rencanamu-151,banpt-1864,-,-,ILMU HUKUM,HUKUM,S1,B,1033,0,Ekonomi & Bisnis
-,-,banpt-1864,-,-,TEKNIK INDUSTRI,INDUSTRI,S1,BAIK,1033,0,Ekonomi & Bisnis
-,rencanamu-151,banpt-1864,-,-,KIMIA,KIMIA,S1,BAIK,1033,0,Ekonomi & Bisnis
-,rencanamu-151,banpt-1864,-,-,TEKNIK KOMPUTER,KOMPUTER,S1,BAIK,1033,0,Ekonomi & Bisnis
-,rencanamu-151,banpt-1864,-,-,MANAJEMEN,MANAJEMEN,S1,B,1033,0,Ekonomi & Bisnis
-,rencanamu-151,banpt-1864,-,-,ILMU PETERNAKAN,PETERNAKAN,S1,B,1033,0,Ekonomi & Bisnis
-,-,banpt-609,-,-,ILMU ADMINISTRASI PUBLIK,ADMINISTRASI PUBLIK,S1,UNGGUL,781,0,Ekonomi & Bisnis
-,-,banpt-609,-,-,AGRIBISNIS,AGRIBISNIS,S1,BAIK SEKALI,781,0,Ekonomi & Bisnis
-,-,banpt-609,-,-,BIMBINGAN DAN KONSELING,BIMBINGAN KONSELING,S1,BAIK SEKALI,781,0,Ekonomi & Bisnis
-,-,banpt-609,-,-,TEKNIK ELEKTRO,ELEKTRO,S1,BAIK SEKALI,781,0,Ekonomi & Bisnis
-,-,banpt-609,-,-,FARMASI,FARMASI,S1,BAIK SEKALI,781,0,Ekonomi & Bisnis
-,-,banpt-609,-,-,ILMU KOMUNIKASI,ILMU KOMUNIKASI,S1,BAIK SEKALI,781,0,Ekonomi & Bisnis
-,-,banpt-609,-,-,TEKNIK INDUSTRI,INDUSTRI,S1,BAIK SEKALI,781,0,Ekonomi & Bisnis
-,-,banpt-609,-,-,TEKNIK INFORMATIKA,INFORMATIKA,S1,BAIK SEKALI,781,0,Ekonomi & Bisnis
-,-,banpt-609,-,-,KESEHATAN MASYARAKAT,KESEHATAN MASYARAKAT,S1,UNGGUL,781,0,Ekonomi & Bisnis
-,-,banpt-609,-,-,PENDIDIKAN KIMIA,KIMIA,S1,BAIK SEKALI,781,0,Ekonomi & Bisnis
-,-,banpt-609,-,-,MANAJEMEN,MANAJEMEN,S1,BAIK SEKALI,781,0,Ekonomi & Bisnis
-,-,banpt-609,-,-,TEKNIK MESIN,MESIN,S1,BAIK SEKALI,781,0,Ekonomi & Bisnis
-,-,banpt-609,-,-,PENDIDIKAN OLAHRAGA,OLAHRAGA,S1,BAIK SEKALI,781,0,Ekonomi & Bisnis
-,-,banpt-609,-,-,PETERNAKAN,PETERNAKAN,S1,BAIK SEKALI,781,0,Ekonomi & Bisnis
-,-,banpt-609,-,-,TEKNIK SIPIL,SIPIL,S1,BAIK SEKALI,781,0,Ekonomi & Bisnis
-,-,banpt-609,-,-,SISTEM INFORMASI,SISTEM INFORMASI,S1,BAIK SEKALI,781,0,Ekonomi & Bisnis
-,-,banpt-253,-,-,AKUNTANSI,AKUNTANSI,S1,BAIK SEKALI,1016,0,Ekonomi & Bisnis
-,-,banpt-253,-,-,HUKUM,HUKUM,S1,BAIK,1016,0,Ekonomi & Bisnis
-,-,banpt-253,-,-,INFORMATIKA,INFORMATIKA,S1,BAIK SEKALI,1016,0,Ekonomi & Bisnis
-,-,banpt-253,-,-,PENDIDIKAN JASMANI,JASMANI,S1,BAIK,1016,0,Ekonomi & Bisnis
-,-,banpt-253,-,-,MANAJEMEN,MANAJEMEN,S1,BAIK SEKALI,1016,0,Ekonomi & Bisnis
-,-,banpt-253,-,-,ILMU PERTANIAN,PERTANIAN,S1,BAIK,1016,0,Ekonomi & Bisnis
-,-,banpt-253,-,-,PETERNAKAN,PETERNAKAN,S1,BAIK,1016,0,Ekonomi & Bisnis
-,-,banpt-253,-,-,PENDIDIKAN SENI PERTUNJUKAN,SENI,S1,BAIK,1016,0,Ekonomi & Bisnis
-,-,banpt-253,-,-,TEKNIK SIPIL,SIPIL,S1,BAIK,1016,0,Ekonomi & Bisnis
-,-,banpt-2382,-,-,AGROTEKNOLOGI,AGROTEKNOLOGI,S1,BAIK,1292,0,Ekonomi & Bisnis
-,-,banpt-2382,-,-,AKUNTANSI,AKUNTANSI,S1,BAIK,1292,0,Ekonomi & Bisnis
-,-,banpt-2382,-,-,PENDIDIKAN BIOLOGI,BIOLOGI,S1,BAIK,1292,0,Ekonomi & Bisnis
-,-,banpt-2382,-,-,TEKNIK ELEKTRO,ELEKTRO,S1,TIDAK TERAKREDITASI,1292,0,Ekonomi & Bisnis
-,-,banpt-2382,-,-,MANAJEMEN,MANAJEMEN,S1,BAIK,1292,0,Ekonomi & Bisnis
-,-,banpt-2382,-,-,PENDIDIKAN MATEMATIKA,MATEMATIKA,S1,BAIK,1292,0,Ekonomi & Bisnis
-,-,banpt-2382,-,-,TEKNIK MESIN,MESIN,S1,BAIK,1292,0,Ekonomi & Bisnis
-,-,banpt-2382,-,-,TEKNIK SIPIL,SIPIL,S1,BAIK,1292,0,Ekonomi & Bisnis
-,rencanamu-153,-,-,-,AGROBISNIS,AGROBISNIS,S1,B,870,0,Ekonomi & Bisnis
-,rencanamu-153,banpt-3280,-,-,AKUNTANSI,AKUNTANSI,S1,B,870,0,Ekonomi & Bisnis
-,rencanamu-153,banpt-3280,-,-,MANAJEMEN SUMBER DAYA PERAIRAN,BUDIDAYA PERAIRAN,S1,B,870,0,Ekonomi & Bisnis
-,rencanamu-153,banpt-3280,-,-,TEKNIK ELEKTRO,ELEKTRO,S1,C,870,0,Ekonomi & Bisnis
-,rencanamu-153,banpt-3280,-,-,ILMU HUKUM,HUKUM,S1,B,870,0,Ekonomi & Bisnis
-,rencanamu-153,banpt-3280,-,-,TEKNIK INFORMATIKA,INFORMATIKA,S1,C,870,0,Ekonomi & Bisnis
-,rencanamu-153,-,-,-,KEBIDANAN,KEBIDANAN,S1,-,870,0,Ekonomi & Bisnis
-,-,banpt-3280,-,-,KESEHATAN LINGKUNGAN,KESEHATAN LINGKUNGAN,S1,BAIK SEKALI,870,0,Ekonomi & Bisnis
-,rencanamu-153,banpt-3280,-,-,MANAJEMEN,MANAJEMEN,S1,B,870,0,Ekonomi & Bisnis
-,-,banpt-3280,-,-,PENDIDIKAN MATEMATIKA,MATEMATIKA,S1,BAIK,870,0,Ekonomi & Bisnis
-,-,banpt-3280,-,-,PENDIDIKAN ILMU PENGETAHUAN ALAM,PENGETAHUAN ALAM,S1,BAIK,870,0,Ekonomi & Bisnis
-,-,banpt-3280,-,-,AGROBISNIS PERIKANAN,PERIKANAN,S1,B,870,0,Ekonomi & Bisnis
-,rencanamu-153,banpt-3280,-,-,PETERNAKAN,PETERNAKAN,S1,B,870,0,Ekonomi & Bisnis
-,rencanamu-153,banpt-3280,-,-,TEKNIK SIPIL,SIPIL,S1,C,870,0,Ekonomi & Bisnis
-,-,banpt-80,-,-,AGRIBISNIS,AGRIBISNIS,S1,BAIK SEKALI,685,0,Ekonomi & Bisnis
-,-,banpt-80,-,-,AGROTEKNOLOGI,AGROTEKNOLOGI,S1,B,685,0,Ekonomi & Bisnis
-,-,banpt-80,-,-,AKUNTANSI,AKUNTANSI,S1,B,685,0,Ekonomi & Bisnis
-,-,banpt-80,-,-,PENDIDIKAN BIOLOGI,BIOLOGI,S1,BAIK SEKALI,685,0,Ekonomi & Bisnis
-,-,banpt-80,-,-,PENDIDIKAN FISIKA,FISIKA,S1,BAIK SEKALI,685,0,Ekonomi & Bisnis
-,-,banpt-80,-,-,PENDIDIKAN GURU PENDIDIKAN ANAK USIA DINI,GURU ANAK USIA DINI,S1,B,685,0,Ekonomi & Bisnis
-,-,banpt-80,-,-,ILMU HUKUM,HUKUM,S1,BAIK,685,0,Ekonomi & Bisnis
-,-,banpt-80,-,-,TEKNIK INFORMATIKA,INFORMATIKA,S1,B,685,0,Ekonomi & Bisnis
-,-,banpt-80,-,-,MATEMATIKA,MATEMATIKA,S1,BAIK,685,0,Ekonomi & Bisnis
-,-,banpt-80,-,-,AGROBISNIS PERIKANAN,PERIKANAN,S1,BAIK SEKALI,685,0,Ekonomi & Bisnis
-,-,banpt-80,-,-,SISTEM INFORMASI,SISTEM INFORMASI,S1,BAIK SEKALI,685,0,Ekonomi & Bisnis
quipper-281,-,banpt-463,-,FAKULTAS SOSIAL DAN ILMU POLITIK,ADMINISTRASI BISNIS,ADMINISTRASI BISNIS,S1,BAIK SEKALI,935,0,Ekonomi & Bisnis
quipper-281,-,banpt-463,-,FAKULTAS SOSIAL DAN ILMU POLITIK,ADMINISTRASI PUBLIK,ADMINISTRASI PUBLIK,S1,BAIK SEKALI,935,0,Ekonomi & Bisnis
quipper-281,-,banpt-463,-,FAKULTAS PERTANIAN,AGRIBISNIS,AGRIBISNIS,S1,B,935,0,Ekonomi & Bisnis
quipper-281,-,banpt-463,-,FAKULTAS PERTANIAN,AGROTEKNOLOGI,AGROTEKNOLOGI,S1,B,935,0,Ekonomi & Bisnis
quipper-281,-,banpt-463,-,FAKULTAS TEKNIK,TEKNIK ELEKTRO,ELEKTRO,S1,BAIK,935,1,Teknik & Rekayasa
quipper-281,-,banpt-463,-,FAKULTAS MATEMATIKA DAN IPA,FARMASI,FARMASI,S1,BAIK SEKALI,935,0,Ekonomi & Bisnis
quipper-281,-,banpt-463,-,FAKULTAS KEGURUAN DAN ILMU PENDIDIKAN,PENDIDIKAN GURU PENDIDIKAN ANAK USIA DINI,GURU ANAK USIA DINI,S1,UNGGUL,935,2,Pendidikan & Keguruan
quipper-281,-,banpt-463,-,FAKULTAS KEGURUAN DAN ILMU PENDIDIKAN,PENDIDIKAN GURU SEKOLAH DASAR,GURU SEKOLAH DASAR,S1,B,935,2,Pendidikan & Keguruan
quipper-281,-,banpt-463,-,FAKULTAS HUKUM,ILMU HUKUM,HUKUM,S1,BAIK,935,3,Hukum
quipper-281,-,banpt-463,-,FAKULTAS SOSIAL DAN ILMU POLITIK,ILMU KOMUNIKASI,ILMU KOMUNIKASI,S1,B,935,0,Ekonomi & Bisnis
quipper-281,-,banpt-463,-,FAKULTAS SASTRA DAN HUMANIORA,PERPUSTAKAAN & SAINS INFORMASI,ILMU PERPUSTAKAAN,S1,BAIK,935,0,Ekonomi & Bisnis
quipper-281,-,banpt-463,-,FAKULTAS TEKNIK,TEKNIK INDUSTRI,INDUSTRI,S1,BAIK SEKALI,935,1,Teknik & Rekayasa
quipper-281,-,banpt-463,-,FAKULTAS TEKNIK,TEKNIK INFORMATIKA,INFORMATIKA,S1,B,935,1,Teknik & Rekayasa
quipper-281,-,-,-,FAKULTAS ILMU KESEHATAN,KEBIDANAN,KEBIDANAN,S1,-,935,0,Ekonomi & Bisnis
quipper-281,-,banpt-463,-,FAKULTAS PERTANIAN,KEHUTANAN,KEHUTANAN,S1,BAIK,935,0,Ekonomi & Bisnis
quipper-281,-,banpt-463,-,FAKULTAS ILMU KESEHATAN,ILMU KEPERAWATAN,KEPERAWATAN,S1,BAIK SEKALI,935,0,Ekonomi & Bisnis
quipper-281,-,banpt-463,-,FAKULTAS MATEMATIKA DAN IPA,KIMIA,KIMIA,S1,UNGGUL,935,0,Ekonomi & Bisnis
quipper-281,-,banpt-463,-,FAKULTAS TEKNIK,TEKNIK MESIN,MESIN,S1,BAIK SEKALI,935,1,Teknik & Rekayasa
quipper-281,-,banpt-463,-,FAKULTAS SASTRA DAN HUMANIORA,SASTRA INGGRIS,SASTRA INGGRIS,S1,BAIK,935,0,Ekonomi & Bisnis
quipper-281,-,banpt-463,-,FAKULTAS TEKNIK,TEKNIK SIPIL,SIPIL,S1,BAIK,935,1,Teknik & Rekayasa
-,-,banpt-463,-,-,PENDIDIKAN TEKNOLOGI INFORMASI,TEKNOLOGI INFORMASI,S1,BAIK SEKALI,935,0,Ekonomi & Bisnis
quipper-133,-,-,-,FAKULTAS ILMU ADMINISTRASI,ILMU ADMINISTRASI,ADMINISTRASI,S1,-,134,0,Ekonomi & Bisnis
-,rencanamu-154,banpt-2866,-,-,ADMINISTRASI BISNIS,ADMINISTRASI BISNIS,S1,B,134,0,Ekonomi & Bisnis
quipper-133,rencanamu-154,-,-,FAKULTAS ILMU ADMINISTRASI,ILMU ADMINISTRASI NEGARA,ADMINISTRASI NEGARA,S1,B,134,0,Ekonomi & Bisnis
quipper-133,-,-,-,FAKULTAS ILMU ADMINISTRASI,ILMU ADMINISTRASI NIAGA,ADMINISTRASI NIAGA,S1,-,134,0,Ekonomi & Bisnis
-,-,banpt-2866,-,-,ADMINISTRASI PUBLIK,ADMINISTRASI PUBLIK,S1,UNGGUL,134,0,Ekonomi & Bisnis
-,-,banpt-2866,-,-,ADMINISTRASI RUMAH SAKIT,ADMINISTRASI RUMAH SAKIT,S1,BAIK,134,0,Ekonomi & Bisnis
quipper-133,rencanamu-154,banpt-2866,-,FAKULTAS PERTANIAN,AGRIBISNIS,AGRIBISNIS,S1,A,134,0,Ekonomi & Bisnis
-,rencanamu-154,banpt-2866,-,-,AGROTEKNOLOGI,AGROTEKNOLOGI,S1,B,134,0,Ekonomi & Bisnis
quipper-133,rencanamu-154,banpt-2866,-,FAKULTAS EKONOMI DAN BISNIS,AKUNTANSI,AKUNTANSI,S1,A,134,2,Pendidikan & Keguruan
quipper-133,rencanamu-154,banpt-2866,-,FAKULTAS MATEMATIKA DAN ILMU PENGETAHUAN ALAM,BIOLOGI,BIOLOGI,S1,B,134,0,Ekonomi & Bisnis
quipper-133,rencanamu-154,banpt-2866,-,FAKULTAS TEKNIK,TEKNIK ELEKTRO,ELEKTRO,S1,C,134,1,Teknik & Rekayasa
quipper-133,-,banpt-2866,-,FAKULTAS KEDOKTERAN,FARMASI,FARMASI,S1,BAIK SEKALI,134,0,Ekonomi & Bisnis
quipper-133,rencanamu-154,banpt-2866,-,FAKULTAS HUKUM,ILMU HUKUM,HUKUM,S1,A,134,3,Hukum
-,-,banpt-2866,-,-,INFORMATIKA,INFORMATIKA,S1,BAIK,134,0,Ekonomi & Bisnis
quipper-133,rencanamu-154,banpt-2866,-,FAKULTAS KEDOKTERAN,PENDIDIKAN KEDOKTERAN,KEDOKTERAN,S1,B,134,0,Ekonomi & Bisnis
quipper-133,rencanamu-154,banpt-2866,-,FAKULTAS EKONOMI DAN BISNIS,MANAJEMEN,MANAJEMEN,S1,A,134,0,Ekonomi & Bisnis
quipper-133,rencanamu-154,banpt-2866,-,FAKULTAS KEGURUAN DAN ILMU PENDIDIKAN,PENDIDIKAN MATEMATIKA,MATEMATIKA,S1,B,134,2,Pendidikan & Keguruan
quipper-133,rencanamu-154,banpt-2866,-,FAKULTAS TEKNIK,TEKNIK MESIN,MESIN,S1,B,134,1,Teknik & Rekayasa
quipper-133,rencanamu-154,banpt-2866,-,FAKULTAS PETERNAKAN,PETERNAKAN,PETERNAKAN,S1,A,134,0,Ekonomi & Bisnis
quipper-133,rencanamu-154,banpt-2866,-,FAKULTAS TEKNIK,TEKNIK SIPIL,SIPIL,S1,B,134,1,Teknik & Rekayasa
-,-,banpt-851,-,-,ADMINISTRASI KESEHATAN,ADMINISTRASI KESEHATAN,S1,BAIK,1002,0,Ekonomi & Bisnis
-,-,banpt-851,-,-,PENDIDIKAN GURU SEKOLAH DASAR,GURU SEKOLAH DASAR,S1,BAIK,1002,0,Ekonomi & Bisnis
-,-,banpt-851,-,-,PERPUSTAKAAN DAN SAINS INFORMASI,ILMU PERPUSTAKAAN,S1,BAIK,1002,0,Ekonomi & Bisnis
-,-,banpt-851,-,-,INFORMATIKA,INFORMATIKA,S1,BAIK,1002,0,Ekonomi & Bisnis
-,-,banpt-851,-,-,PENDIDIKAN MATEMATIKA,MATEMATIKA,S1,BAIK,1002,0,Ekonomi & Bisnis
-,-,banpt-851,-,-,PSIKOLOGI,PSIKOLOGI,S1,TERAKREDITASI SEMENTARA,1002,0,Ekonomi & Bisnis
-,-,banpt-2593,-,-,AKUNTANSI,AKUNTANSI,S1,B,655,0,Ekonomi & Bisnis
-,-,banpt-2593,-,-,BUDIDAYA PERAIRAN,BUDIDAYA PERAIRAN,S1,BAIK,655,0,Ekonomi & Bisnis
-,-,banpt-2593,-,-,DESAIN KOMUNIKASI VISUAL,DESAIN KOMUNIKASI VISUAL,S1,B,655,0,Ekonomi & Bisnis
-,-,banpt-2593,-,-,DESAIN PRODUK,DESAIN PRODUK,S1,B,655,0,Ekonomi & Bisnis
-,-,banpt-2593,-,-,TEKNIK ELEKTRO,ELEKTRO,S1,BAIK SEKALI,655,0,Ekonomi & Bisnis
-,-,banpt-2593,-,-,PENDIDIKAN GURU PENDIDIKAN ANAK USIA DINI,GURU ANAK USIA DINI,S1,UNGGUL,655,0,Ekonomi & Bisnis
-,-,banpt-2593,-,-,PENDIDIKAN GURU SEKOLAH DASAR,GURU SEKOLAH DASAR,S1,UNGGUL,655,0,Ekonomi & Bisnis
-,-,banpt-2593,-,-,TEKNIK INDUSTRI,INDUSTRI,S1,BAIK SEKALI,655,0,Ekonomi & Bisnis
-,-,banpt-2593,-,-,TEKNIK INFORMATIKA,INFORMATIKA,S1,BAIK SEKALI,655,0,Ekonomi & Bisnis
-,-,banpt-2593,-,-,MANAJEMEN,MANAJEMEN,S1,B,655,0,Ekonomi & Bisnis
-,-,banpt-2593,-,-,TEKNIK SIPIL,SIPIL,S1,BAIK SEKALI,655,0,Ekonomi & Bisnis
-,-,banpt-2593,-,-,SISTEM INFORMASI,SISTEM INFORMASI,S1,BAIK SEKALI,655,0,Ekonomi & Bisnis
-,rencanamu-156,banpt-1725,-,-,AGROTEKNOLOGI,AGROTEKNOLOGI,S1,B,64,0,Ekonomi & Bisnis
-,rencanamu-156,banpt-1725,-,-,AKUNTANSI,AKUNTANSI,S1,C,64,0,Ekonomi & Bisnis
-,rencanamu-156,banpt-1725,-,-,TEKNIK ELEKTRO,ELEKTRO,S1,C,64,0,Ekonomi & Bisnis
-,-,banpt-1725,-,-,PENDIDIKAN GURU PENDIDIKAN ANAK USIA DINI,GURU ANAK USIA DINI,S1,BAIK SEKALI,64,0,Ekonomi & Bisnis
-,rencanamu-156,-,-,-,PENDIDIKAN GURU PAUD,GURU PAUD,S1,B,64,0,Ekonomi & Bisnis
-,rencanamu-156,banpt-1725,-,-,ILMU HUKUM,HUKUM,S1,B,64,0,Ekonomi & Bisnis
-,rencanamu-156,banpt-1725,-,-,ILMU KOMUNIKASI,ILMU KOMUNIKASI,S1,C,64,0,Ekonomi & Bisnis
-,rencanamu-156,banpt-1725,-,-,ILMU PERPUSTAKAAN,ILMU PERPUSTAKAAN,S1,C,64,0,Ekonomi & Bisnis
-,rencanamu-156,banpt-1725,-,-,TEKNIK INDUSTRI,INDUSTRI,S1,C,64,0,Ekonomi & Bisnis
-,rencanamu-156,banpt-1725,-,-,TEKNIK INFORMATIKA,INFORMATIKA,S1,C,64,0,Ekonomi & Bisnis
-,rencanamu-156,banpt-1725,-,-,MANAJEMEN,MANAJEMEN,S1,C,64,0,Ekonomi & Bisnis
-,-,banpt-1725,-,-,PENDIDIKAN MASYARAKAT,MASYARAKAT,S1,BAIK SEKALI,64,0,Ekonomi & Bisnis
-,rencanamu-156,banpt-1725,-,-,PENDIDIKAN MATEMATIKA,MATEMATIKA,S1,B,64,0,Ekonomi & Bisnis
-,rencanamu-156,banpt-1725,-,-,PENDIDIKAN PANCASILA DAN KEWARGANEGARAAN,PANCASILA KEWARGANEGARAAN,S1,B,64,0,Ekonomi & Bisnis
-,-,banpt-3867,-,-,AGROTEKNOLOGI,AGROTEKNOLOGI,S1,BAIK,1103,0,Ekonomi & Bisnis
-,-,banpt-3867,-,-,TEKNIK ELEKTRO,ELEKTRO,S1,BAIK,1103,0,Ekonomi & Bisnis
-,-,banpt-3867,-,-,PENDIDIKAN GURU SEKOLAH DASAR,GURU SEKOLAH DASAR,S1,BAIK SEKALI,1103,0,Ekonomi & Bisnis
-,-,banpt-3867,-,-,TEKNIK INFORMATIKA,INFORMATIKA,S1,BAIK,1103,0,Ekonomi & Bisnis
-,-,banpt-3867,-,-,MANAJEMEN,MANAJEMEN,S1,BAIK SEKALI,1103,0,Ekonomi & Bisnis
-,-,banpt-3867,-,-,TEKNIK MESIN,MESIN,S1,BAIK,1103,0,Ekonomi & Bisnis
-,-,banpt-3867,-,-,ILMU PEMERINTAHAN,PEMERINTAHAN,S1,BAIK,1103,0,Ekonomi & Bisnis
-,-,banpt-3867,-,-,PENDIDIKAN ILMU PENGETAHUAN SOSIAL,PENGETAHUAN SOSIAL,S1,BAIK SEKALI,1103,0,Ekonomi & Bisnis
-,-,banpt-3867,-,-,PSIKOLOGI,PSIKOLOGI,S1,BAIK,1103,0,Ekonomi & Bisnis
-,-,banpt-3867,-,-,SISTEM INFORMASI,SISTEM INFORMASI,S1,BAIK,1103,0,Ekonomi & Bisnis
-,rencanamu-157,banpt-1883,-,-,AKUNTANSI,AKUNTANSI,S1,A,41,0,Ekonomi & Bisnis
-,rencanamu-157,banpt-1883,-,-,TEKNIK ELEKTRO,ELEKTRO,S1,B,41,0,Ekonomi & Bisnis
-,rencanamu-157,banpt-1883,-,-,FARMASI,FARMASI,S1,B,41,0,Ekonomi & Bisnis
-,rencanamu-157,banpt-1883,-,-,PENDIDIKAN GURU SD,GURU SEKOLAH DASAR,S1,B,41,0,Ekonomi & Bisnis
-,rencanamu-157,banpt-1883,-,-,ILMU HUKUM,HUKUM,S1,A,41,0,Ekonomi & Bisnis
-,rencanamu-157,banpt-1883,-,-,ILMU KOMUNIKASI,ILMU KOMUNIKASI,S1,C,41,0,Ekonomi & Bisnis
-,rencanamu-157,banpt-1883,-,-,TEKNIK INDUSTRI,INDUSTRI,S1,B,41,0,Ekonomi & Bisnis
-,rencanamu-157,banpt-1883,-,-,TEKNIK INFORMATIKA,INFORMATIKA,S1,C,41,0,Ekonomi & Bisnis
-,-,banpt-1883,-,-,KEBIDANAN,KEBIDANAN,S1,UNGGUL,41,0,Ekonomi & Bisnis
-,rencanamu-157,banpt-1883,-,-,PENDIDIKAN DOKTER,KEDOKTERAN,S1,B,41,0,Ekonomi & Bisnis
-,rencanamu-157,banpt-1883,-,-,PENDIDIKAN DOKTER GIGI,KEDOKTERAN GIGI,S1,B,41,0,Ekonomi & Bisnis
-,rencanamu-157,banpt-1883,-,-,KEPERAWATAN,KEPERAWATAN,S1,B,41,0,Ekonomi & Bisnis
-,rencanamu-157,banpt-1883,-,-,MANAJEMEN,MANAJEMEN,S1,A,41,0,Ekonomi & Bisnis
-,rencanamu-157,banpt-1883,-,-,PENDIDIKAN MATEMATIKA,MATEMATIKA,S1,B,41,0,Ekonomi & Bisnis
-,rencanamu-157,banpt-1883,-,-,PENGEMBANGAN WILAYAH DAN KOTA,PERENCANAAN WILAYAH KOTA,S1,B,41,0,Ekonomi & Bisnis
-,rencanamu-157,banpt-1883,-,-,ILMU PSIKOLOGI,PSIKOLOGI,S1,B,41,0,Ekonomi & Bisnis
-,-,banpt-1883,-,-,SASTRA INGGRIS,SASTRA INGGRIS,S1,UNGGUL,41,0,Ekonomi & Bisnis
-,rencanamu-157,banpt-1883,-,-,TEKNIK SIPIL,SIPIL,S1,B,41,0,Ekonomi & Bisnis
-,-,banpt-633,-,-,ILMU HUKUM,HUKUM,S1,BAIK,1263,0,Ekonomi & Bisnis
-,-,banpt-633,-,-,TEKNIK INFORMATIKA,INFORMATIKA,S1,BAIK,1263,0,Ekonomi & Bisnis
-,-,banpt-633,-,-,PSIKOLOGI,PSIKOLOGI,S1,BAIK,1263,0,Ekonomi & Bisnis
-,-,banpt-633,-,-,SISTEM INFORMASI,SISTEM INFORMASI,S1,BAIK,1263,0,Ekonomi & Bisnis
quipper-362,-,-,-,FAKULTAS ILMU SOSIAL DAN ILMU POLITIK,ILMU ADMINISTRASI,ADMINISTRASI,S1,-,209,0,Ekonomi & Bisnis
-,rencanamu-158,banpt-35,-,-,ADMINISTRASI NEGARA,ADMINISTRASI NEGARA,S1,C,209,0,Ekonomi & Bisnis
quipper-362,-,banpt-35,-,FAKULTAS PERTANIAN,AGRIBISNIS,AGRIBISNIS,S1,UNGGUL,209,0,Ekonomi & Bisnis
quipper-362,-,banpt-35,-,FAKULTAS PERTANIAN,AGROTEKNOLOGI,AGROTEKNOLOGI,S1,UNGGUL,209,0,Ekonomi & Bisnis
quipper-362,rencanamu-158,banpt-35,-,FAKULTAS EKONOMI,AKUNTANSI,AKUNTANSI,S1,B,209,2,Pendidikan & Keguruan
quipper-362,rencanamu-158,banpt-35,-,FAKULTAS KEGURUAN DAN ILMU PENDIDIKAN,BIOLOGI,BIOLOGI,S1,B,209,2,Pendidikan & Keguruan
quipper-362,-,-,-,FAKULTAS EKONOMI,ILMU EKONOMI,EKONOMI,S1,-,209,0,Ekonomi & Bisnis
-,rencanamu-158,banpt-35,-,-,EKONOMI PEMBANGUNAN,EKONOMI PEMBANGUNAN,S1,B,209,0,Ekonomi & Bisnis
quipper-362,rencanamu-158,banpt-35,-,FAKULTAS TEKNIK,TEKNIK ELEKTRO,ELEKTRO,S1,C,209,1,Teknik & Rekayasa
quipper-362,-,banpt-35,-,FAKULTAS KEGURUAN DAN ILMU PENDIDIKAN,FISIKA,FISIKA,S1,BAIK SEKALI,209,2,Pendidikan & Keguruan
quipper-362,-,-,-,FAKULTAS KEGURUAN DAN ILMU PENDIDIKAN,KEGURUAN & PENDIDIKAN,GURU,S1,-,209,2,Pendidikan & Keguruan
quipper-362,-,banpt-35,-,FAKULTAS HUKUM,ILMU HUKUM,HUKUM,S1,BAIK SEKALI,209,3,Hukum
quipper-362,-,banpt-35,-,FAKULTAS ILMU SOSIAL DAN ILMU POLITIK,ILMU KOMUNIKASI,ILMU KOMUNIKASI,S1,BAIK SEKALI,209,0,Ekonomi & Bisnis
quipper-362,rencanamu-158,banpt-35,-,FAKULTAS TEKNIK,TEKNIK INDUSTRI,INDUSTRI,S1,B,209,1,Teknik & Rekayasa
quipper-362,rencanamu-158,banpt-35,-,FAKULTAS TEKNIK,TEKNIK INFORMATIKA,INFORMATIKA,S1,C,209,1,Teknik & Rekayasa
quipper-362,rencanamu-158,banpt-35,-,FAKULTAS KEDOKTERAN,PENDIDIKAN DOKTER,KEDOKTERAN,S1,B,209,0,Ekonomi & Bisnis
-,-,banpt-35,-,-,KEWIRAUSAHAAN,KEWIRAUSAHAAN,S1,BAIK SEKALI,209,0,Ekonomi & Bisnis
quipper-362,-,banpt-35,-,FAKULTAS KEGURUAN DAN ILMU PENDIDIKAN,KIMIA,KIMIA,S1,BAIK SEKALI,209,2,Pendidikan & Keguruan
quipper-362,rencanamu-158,banpt-35,-,FAKULTAS EKONOMI,MANAJEMEN,MANAJEMEN,S1,B,209,0,Ekonomi & Bisnis
quipper-362,rencanamu-158,banpt-35,-,FAKULTAS KEGURUAN DAN ILMU PENDIDIKAN,PENDIDIKAN MATEMATIKA,MATEMATIKA,S1,B,209,2,Pendidikan & Keguruan
quipper-362,rencanamu-158,banpt-35,-,FAKULTAS TEKNIK,TEKNIK MESIN,MESIN,S1,B,209,1,Teknik & Rekayasa
-,-,banpt-35,-,-,PENDIDIKAN PANCASILA DAN KEWARGANEGARAAN,PANCASILA KEWARGANEGARAAN,S1,B,209,0,Ekonomi & Bisnis
-,rencanamu-158,banpt-35,-,-,TEKNOLOGI HASIL PERTANIAN,PERTANIAN,S1,B,209,0,Ekonomi & Bisnis
quipper-362,rencanamu-158,banpt-35,-,FAKULTAS SASTRA,SASTRA INGGRIS,SASTRA INGGRIS,S1,B,209,0,Ekonomi & Bisnis
quipper-362,-,banpt-35,-,FAKULTAS KEGURUAN DAN ILMU PENDIDIKAN,SEJARAH,SEJARAH,S1,BAIK SEKALI,209,2,Pendidikan & Keguruan
quipper-362,rencanamu-158,banpt-35,-,FAKULTAS TEKNIK,TEKNIK SIPIL,SIPIL,S1,B,209,1,Teknik & Rekayasa
quipper-362,-,-,-,FAKULTAS PERTANIAN,ILMU DAN TEKNOLOGI PANGAN,TEKNOLOGI PANGAN,S1,-,209,0,Ekonomi & Bisnis
quipper-367,-,-,-,FAKULTAS ILMU SOSIAL DAN ILMU POLITIK,ILMU ADMINISTRASI,ADMINISTRASI,S1,-,411,0,Ekonomi & Bisnis
-,rencanamu-159,-,-,-,ILMU ADMINISTRASI NEGARA,ADMINISTRASI NEGARA,S1,B,411,0,Ekonomi & Bisnis
quipper-367,rencanamu-159,-,-,FAKULTAS EKONOMI,AKUNTANSI,AKUNTANSI,S1,B,411,2,Pendidikan & Keguruan
quipper-367,rencanamu-159,-,-,FAKULTAS KEGURUAN DAN ILMU PENDIDIKAN,ILMU EKONOMI,EKONOMI,S1,C,411,2,Pendidikan & Keguruan
quipper-367,-,-,-,FAKULTAS AGAMA ISLAM,KEGURUAN & PENDIDIKAN,GURU,S1,-,411,0,Ekonomi & Bisnis
quipper-367,rencanamu-159,-,-,FAKULTAS HUKUM,ILMU HUKUM,HUKUM,S1,B,411,3,Hukum
quipper-367,rencanamu-159,-,-,FAKULTAS ILMU SOSIAL DAN ILMU POLITIK,ILMU KOMUNIKASI,ILMU KOMUNIKASI,S1,B,411,0,Ekonomi & Bisnis
quipper-367,rencanamu-159,banpt-UNIVERSITAS ISLAM SYEKH YUSUF,-,FAKULTAS TEKNIK,TEKNIK INDUSTRI,INDUSTRI,S1,C,411,1,Teknik & Rekayasa
quipper-367,rencanamu-159,-,-,FAKULTAS TEKNIK,TEKNIK INFORMATIKA,INFORMATIKA,S1,C,411,1,Teknik & Rekayasa
quipper-367,rencanamu-159,banpt-UNIVERSITAS ISLAM SYEKH YUSUF,-,FAKULTAS TEKNIK,TEKNIK KIMIA,KIMIA,S1,BAIK,411,1,Teknik & Rekayasa
quipper-367,rencanamu-159,-,-,FAKULTAS EKONOMI,MANAJEMEN,MANAJEMEN,S1,B,411,0,Ekonomi & Bisnis
quipper-367,rencanamu-159,banpt-UNIVERSITAS ISLAM SYEKH YUSUF,-,FAKULTAS TEKNIK,TEKNIK SIPIL,SIPIL,S1,C,411,1,Teknik & Rekayasa
-,-,banpt-2001,-,-,ADMINISTRASI KESEHATAN,ADMINISTRASI KESEHATAN,S1,BAIK,739,0,Ekonomi & Bisnis
-,-,banpt-2001,-,-,BIMBINGAN DAN KONSELING,BIMBINGAN KONSELING,S1,UNGGUL,739,0,Ekonomi & Bisnis
-,-,banpt-2001,-,-,BISNIS DIGITAL,BISNIS DIGITAL,S1,BAIK,739,0,Ekonomi & Bisnis
-,-,banpt-2001,-,-,PENDIDIKAN EKONOMI,EKONOMI,S1,BAIK SEKALI,739,0,Ekonomi & Bisnis
-,-,banpt-2001,-,-,PENDIDIKAN GEOGRAFI,GEOGRAFI,S1,B,739,0,Ekonomi & Bisnis
-,-,banpt-2001,-,-,GIZI,GIZI,S1,BAIK,739,0,Ekonomi & Bisnis
-,-,banpt-2001,-,-,PJJ PENDIDIKAN GURU PENDIDIKAN ANAK USIA DINI,GURU ANAK USIA DINI,S1,BAIK,739,0,Ekonomi & Bisnis
-,-,banpt-2001,-,-,PENDIDIKAN INFORMATIKA,INFORMATIKA,S1,BAIK SEKALI,739,0,Ekonomi & Bisnis
-,-,banpt-2001,-,-,ILMU LINGKUNGAN,LINGKUNGAN,S1,BAIK,739,0,Ekonomi & Bisnis
-,-,banpt-2001,-,-,PENDIDIKAN MATEMATIKA,MATEMATIKA,S1,BAIK SEKALI,739,0,Ekonomi & Bisnis
-,-,banpt-2001,-,-,PENDIDIKAN PANCASILA DAN KEWARGANEGARAAN,PANCASILA KEWARGANEGARAAN,S1,BAIK SEKALI,739,0,Ekonomi & Bisnis
-,-,banpt-2001,-,-,PENDIDIKAN ILMU PENGETAHUAN ALAM,PENGETAHUAN ALAM,S1,BAIK SEKALI,739,0,Ekonomi & Bisnis
-,-,banpt-2001,-,-,PENDIDIKAN SEJARAH,SEJARAH,S1,B,739,0,Ekonomi & Bisnis
-,-,banpt-2001,-,-,SISTEM DAN TEKNOLOGI INFORMASI,SISTEM INFORMASI,S1,BAIK,739,0,Ekonomi & Bisnis
quipper-559,-,-,-,FAKULTAS ILMU ADMINISTRASI,ILMU ADMINISTRASI,ADMINISTRASI,S1,-,641,0,Ekonomi & Bisnis
-,-,banpt-1628,-,-,ILMU ADMINISTRASI NEGARA,ADMINISTRASI NEGARA,S1,BAIK SEKALI,641,0,Ekonomi & Bisnis
quipper-559,-,banpt-1628,-,FAKULTAS PERTANIAN,AGRIBISNIS,AGRIBISNIS,S1,B,641,0,Ekonomi & Bisnis
quipper-559,-,banpt-1628,-,FAKULTAS PERTANIAN,AGROTEKNOLOGI,AGROTEKNOLOGI,S1,BAIK,641,0,Ekonomi & Bisnis
-,-,banpt-1628,-,-,BIMBINGAN DAN KONSELING,BIMBINGAN KONSELING,S1,BAIK,641,0,Ekonomi & Bisnis
quipper-559,-,banpt-1628,-,FAKULTAS KEGURUAN DAN ILMU PENDIDIKAN,BIOLOGI,BIOLOGI,S1,BAIK SEKALI,641,2,Pendidikan & Keguruan
quipper-559,-,banpt-1628,-,FAKULTAS KEGURUAN DAN ILMU PENDIDIKAN,ILMU EKONOMI,EKONOMI,S1,BAIK,641,2,Pendidikan & Keguruan
quipper-559,-,banpt-1628,-,FAKULTAS KEGURUAN DAN ILMU PENDIDIKAN,FISIKA,FISIKA,S1,BAIK SEKALI,641,2,Pendidikan & Keguruan
quipper-559,-,-,-,FAKULTAS KEGURUAN DAN ILMU PENDIDIKAN,KEGURUAN & PENDIDIKAN,GURU,S1,-,641,2,Pendidikan & Keguruan
quipper-559,-,banpt-1628,-,FAKULTAS HUKUM,ILMU HUKUM,HUKUM,S1,B,641,3,Hukum
quipper-559,-,banpt-1628,-,FAKULTAS TEKNIK,TEKNIK INFORMATIKA,INFORMATIKA,S1,BAIK,641,1,Teknik & Rekayasa
-,-,banpt-1628,-,-,PENDIDIKAN JASMANI,JASMANI,S1,BAIK SEKALI,641,0,Ekonomi & Bisnis
quipper-559,-,banpt-1628,-,FAKULTAS EKONOMI,MANAJEMEN,MANAJEMEN,S1,BAIK,641,0,Ekonomi & Bisnis
quipper-559,-,banpt-1628,-,FAKULTAS KEGURUAN DAN ILMU PENDIDIKAN,PENDIDIKAN MATEMATIKA,MATEMATIKA,S1,BAIK SEKALI,641,2,Pendidikan & Keguruan
quipper-559,-,-,-,FAKULTAS KEGURUAN DAN ILMU PENDIDIKAN,PENDIDIKAN OLAHRAGA,OLAHRAGA,S1,-,641,2,Pendidikan & Keguruan
-,-,banpt-1628,-,-,PENDIDIKAN PANCASILA DAN KEWARGANEGARAAN,PANCASILA KEWARGANEGARAAN,S1,BAIK SEKALI,641,0,Ekonomi & Bisnis
quipper-559,-,-,-,FAKULTAS EKONOMI,PERBANKAN,PERBANKAN,S1,-,641,0,Ekonomi & Bisnis
quipper-559,-,banpt-1628,-,FAKULTAS PERTANIAN,PETERNAKAN,PETERNAKAN,S1,B,641,0,Ekonomi & Bisnis
quipper-559,-,banpt-1628,-,FAKULTAS KEGURUAN DAN ILMU PENDIDIKAN,SEJARAH,SEJARAH,S1,BAIK SEKALI,641,2,Pendidikan & Keguruan
quipper-536,rencanamu-160,banpt-425,-,FAKULTAS PERTANIAN,AGRIBISNIS,AGRIBISNIS,S1,A,666,0,Ekonomi & Bisnis
quipper-536,rencanamu-160,banpt-425,-,FAKULTAS EKONOMI,AKUNTANSI,AKUNTANSI,S1,B,666,2,Pendidikan & Keguruan
quipper-536,-,-,-,FAKULTAS EKONOMI,ILMU EKONOMI,EKONOMI,S1,-,666,0,Ekonomi & Bisnis
-,rencanamu-160,banpt-425,-,-,EKONOMI PEMBANGUNAN,EKONOMI PEMBANGUNAN,S1,B,666,0,Ekonomi & Bisnis
quipper-536,rencanamu-160,banpt-425,-,FAKULTAS HUKUM,ILMU HUKUM,HUKUM,S1,A,666,3,Hukum
quipper-536,rencanamu-160,banpt-425,-,FAKULTAS TEKNIK,TEKNIK INFORMATIKA,INFORMATIKA,S1,B,666,1,Teknik & Rekayasa
quipper-536,rencanamu-160,banpt-425,-,FAKULTAS EKONOMI,MANAJEMEN,MANAJEMEN,S1,B,666,0,Ekonomi & Bisnis
quipper-536,rencanamu-160,banpt-425,-,FAKULTAS TEKNIK,TEKNIK MESIN,MESIN,S1,B,666,1,Teknik & Rekayasa
quipper-536,rencanamu-160,banpt-425,-,FAKULTAS TEKNIK,TEKNIK SIPIL,SIPIL,S1,B,666,1,Teknik & Rekayasa
quipper-179,-,-,-,FAKULTAS ILMU SOSIAL DAN POLITIK,ILMU ADMINISTRASI,ADMINISTRASI,S1,-,188,0,Ekonomi & Bisnis
-,rencanamu-161,banpt-440,-,-,ADMINISTRASI NEGARA,ADMINISTRASI NEGARA,S1,B,188,0,Ekonomi & Bisnis
quipper-179,rencanamu-161,banpt-440,-,FAKULTAS EKONOMI DAN BISNIS,AKUNTANSI,AKUNTANSI,S1,B,188,2,Pendidikan & Keguruan
quipper-179,rencanamu-161,banpt-440,-,FAKULTAS TEKNIK SIPIL DAN PERENCANAAN,ARSITEKTUR,ARSITEKTUR,S1,C,188,0,Ekonomi & Bisnis
quipper-179,rencanamu-161,banpt-440,-,FAKULTAS TEKNOLOGI INDUSTRI,TEKNIK ELEKTRO,ELEKTRO,S1,B,188,4,Teknologi Industri
quipper-179,rencanamu-161,banpt-440,-,FAKULTAS ILMU SOSIAL DAN POLITIK,HUBUNGAN INTERNASIONAL,HUBUNGAN INTERNASIONAL,S1,A,188,0,Ekonomi & Bisnis
quipper-179,rencanamu-161,banpt-440,-,FAKULTAS HUKUM,ILMU HUKUM,HUKUM,S1,B,188,3,Hukum
quipper-179,rencanamu-161,banpt-440,-,FAKULTAS ILMU KOMUNIKASI,ILMU KOMUNIKASI,ILMU KOMUNIKASI,S1,B,188,0,Ekonomi & Bisnis
quipper-179,rencanamu-161,banpt-440,-,FAKULTAS TEKNOLOGI INDUSTRI,TEKNIK KIMIA,KIMIA,S1,B,188,4,Teknologi Industri
quipper-179,rencanamu-161,banpt-440,-,FAKULTAS EKONOMI DAN BISNIS,MANAJEMEN,MANAJEMEN,S1,B,188,0,Ekonomi & Bisnis
quipper-179,rencanamu-161,banpt-440,-,FAKULTAS TEKNOLOGI INDUSTRI,TEKNIK MESIN,MESIN,S1,B,188,4,Teknologi Industri
quipper-179,rencanamu-161,banpt-440,-,FAKULTAS PSIKOLOGI,PSIKOLOGI,PSIKOLOGI,S1,B,188,0,Ekonomi & Bisnis
quipper-179,rencanamu-161,banpt-440,-,FAKULTAS TEKNIK SIPIL DAN PERENCANAAN,TEKNIK SIPIL,SIPIL,S1,B,188,5,Sains & Teknologi
-,-,banpt-440,-,-,SISTEM INFORMASI,SISTEM INFORMASI,S1,BAIK,188,0,Ekonomi & Bisnis
-,-,banpt-810,-,-,ADMINISTRASI RUMAH SAKIT,ADMINISTRASI RUMAH SAKIT,S1,BAIK SEKALI,257,0,Ekonomi & Bisnis
-,rencanamu-162,-,-,-,AKUNTANSI,AKUNTANSI,S1,B,257,0,Ekonomi & Bisnis
-,rencanamu-162,banpt-810,-,-,TEKNIK ELEKTRO,ELEKTRO,S1,B,257,0,Ekonomi & Bisnis
-,rencanamu-162,banpt-810,-,-,FARMASI,FARMASI,S1,B,257,0,Ekonomi & Bisnis
-,-,banpt-810,-,-,TEKNIK GEOMATIKA,GEOMATIKA,S1,BAIK,257,0,Ekonomi & Bisnis
-,rencanamu-162,banpt-810,-,-,ILMU HUBUNGAN INTERNASIONAL,HUBUNGAN INTERNASIONAL,S1,A,257,0,Ekonomi & Bisnis
-,-,banpt-810,-,-,ILMU HUKUM,HUKUM,S1,BAIK,257,0,Ekonomi & Bisnis
-,rencanamu-162,banpt-810,-,-,TEKNIK INDUSTRI,INDUSTRI,S1,B,257,0,Ekonomi & Bisnis
-,rencanamu-162,banpt-810,-,-,TEKNIK INFORMATIKA,INFORMATIKA,S1,B,257,0,Ekonomi & Bisnis
-,-,banpt-810,-,-,KEBIDANAN,KEBIDANAN,S1,BAIK,257,0,Ekonomi & Bisnis
-,rencanamu-162,banpt-810,-,-,PENDIDIKAN DOKTER,KEDOKTERAN,S1,B,257,0,Ekonomi & Bisnis
-,rencanamu-162,banpt-810,-,-,PENDIDIKAN KEDOKTERAN GIGI,KEDOKTERAN GIGI,S1,B,257,0,Ekonomi & Bisnis
-,-,banpt-810,-,-,ILMU KEPERAWATAN,KEPERAWATAN,S1,A,257,0,Ekonomi & Bisnis
-,-,banpt-810,-,-,KESEHATAN MASYARAKAT,KESEHATAN MASYARAKAT,S1,UNGGUL,257,0,Ekonomi & Bisnis
-,rencanamu-162,banpt-810,-,-,KIMIA,KIMIA,S1,B,257,0,Ekonomi & Bisnis
-,rencanamu-162,banpt-810,-,-,MANAJEMEN,MANAJEMEN,S1,A,257,0,Ekonomi & Bisnis
-,rencanamu-162,banpt-810,-,-,TEKNIK MESIN,MESIN,S1,B,257,0,Ekonomi & Bisnis
-,rencanamu-162,banpt-810,-,-,TEKNIK METALURGI,METALURGI,S1,B,257,0,Ekonomi & Bisnis
-,rencanamu-162,banpt-810,-,-,ILMU PEMERINTAHAN,PEMERINTAHAN,S1,B,257,0,Ekonomi & Bisnis
-,rencanamu-162,banpt-810,-,-,ILMU PSIKOLOGI,PSIKOLOGI,S1,B,257,0,Ekonomi & Bisnis
-,rencanamu-162,banpt-810,-,-,TEKNIK SIPIL,SIPIL,S1,B,257,0,Ekonomi & Bisnis
-,-,banpt-810,-,-,SISTEM INFORMASI,SISTEM INFORMASI,S1,BAIK,257,0,Ekonomi & Bisnis
-,-,banpt-2400,-,-,AKUNTANSI,AKUNTANSI,S1,BAIK,529,0,Ekonomi & Bisnis
-,-,banpt-2400,-,-,FARMASI,FARMASI,S1,B,529,0,Ekonomi & Bisnis
-,-,banpt-2400,-,-,HUKUM,HUKUM,S1,BAIK,529,0,Ekonomi & Bisnis
-,-,banpt-2400,-,-,TEKNIK INDUSTRI,INDUSTRI,S1,BAIK,529,0,Ekonomi & Bisnis
-,-,banpt-2400,-,-,INFORMATIKA,INFORMATIKA,S1,BAIK,529,0,Ekonomi & Bisnis
-,-,banpt-2400,-,-,KEBIDANAN,KEBIDANAN,S1,BAIK,529,0,Ekonomi & Bisnis
-,-,banpt-2400,-,-,KEPERAWATAN,KEPERAWATAN,S1,BAIK SEKALI,529,0,Ekonomi & Bisnis
-,-,banpt-2400,-,-,MANAJEMEN,MANAJEMEN,S1,BAIK,529,0,Ekonomi & Bisnis
-,-,banpt-2400,-,-,PSIKOLOGI,PSIKOLOGI,S1,BAIK,529,0,Ekonomi & Bisnis
-,-,banpt-2400,-,-,SISTEM INFORMASI,SISTEM INFORMASI,S1,BAIK SEKALI,529,0,Ekonomi & Bisnis
-,-,banpt-2400,-,-,TEKNOLOGI INFORMASI,TEKNOLOGI INFORMASI,S1,BAIK,529,0,Ekonomi & Bisnis
-,-,banpt-3736,-,-,FARMASI,FARMASI,S1,TERAKREDITASI,602,0,Ekonomi & Bisnis
-,-,banpt-3736,-,-,ILMU HUKUM,HUKUM,S1,B,602,0,Ekonomi & Bisnis
-,-,banpt-3736,-,-,KEBIDANAN,KEBIDANAN,S1,BAIK,602,0,Ekonomi & Bisnis
-,-,banpt-3736,-,-,ILMU KEPERAWATAN,KEPERAWATAN,S1,BAIK,602,0,Ekonomi & Bisnis
-,-,banpt-3736,-,-,KESEHATAN MASYARAKAT,KESEHATAN MASYARAKAT,S1,BAIK SEKALI,602,0,Ekonomi & Bisnis
-,-,banpt-3736,-,-,MANAJEMEN,MANAJEMEN,S1,B,602,0,Ekonomi & Bisnis
-,-,banpt-3736,-,-,PENDIDIKAN OLAH RAGA,OLAHRAGA,S1,C,602,0,Ekonomi & Bisnis
quipper-22,-,banpt-3653,-,ILMU SOSIAL DAN ILMU POLITIK,ADMINISTRASI PUBLIK,ADMINISTRASI PUBLIK,S1,BAIK SEKALI,61,0,Ekonomi & Bisnis
quipper-22,-,banpt-3653,-,PERTANIAN,AGRIBISNIS,AGRIBISNIS,S1,BAIK SEKALI,61,0,Ekonomi & Bisnis
quipper-22,-,banpt-3653,-,PERTANIAN,AGROTEKNOLOGI,AGROTEKNOLOGI,S1,B,61,0,Ekonomi & Bisnis
quipper-22,-,-,-,EKONOMI DAN BISNIS,AKUNTANSI SEKTOR PUBLIK,AKUNTANSI,S1,-,61,2,Pendidikan & Keguruan
quipper-22,-,banpt-3653,-,EKONOMI DAN BISNIS,EKONOMI PEMBANGUNAN,EKONOMI PEMBANGUNAN,S1,BAIK SEKALI,61,0,Ekonomi & Bisnis
quipper-22,-,banpt-3653,-,ILMU KESEHATAN,FARMASI,FARMASI,S1,BAIK SEKALI,61,0,Ekonomi & Bisnis
quipper-22,-,banpt-3653,-,HUKUM,HUKUM,HUKUM,S1,UNGGUL,61,3,Hukum
quipper-22,-,banpt-3653,-,TEKNIK,TEKNIK INDUSTRI,INDUSTRI,S1,BAIK SEKALI,61,0,Ekonomi & Bisnis
quipper-22,-,-,-,ILMU KESEHATAN,TEKNOLOGI LABORATORIUM MEDIS,INFORMATIKA MEDIS,S1,-,61,0,Ekonomi & Bisnis
quipper-22,-,banpt-3653,-,ILMU KESEHATAN,KEBIDANAN,KEBIDANAN,S1,BAIK SEKALI,61,0,Ekonomi & Bisnis
quipper-22,-,-,-,TEKNIK,TEKNIK ELEKTROMEDIS,KEDOKTERAN,S1,-,61,0,Ekonomi & Bisnis
-,-,banpt-3653,-,-,KEDOKTERAN GIGI,KEDOKTERAN GIGI,S1,TERAKREDITASI,61,0,Ekonomi & Bisnis
quipper-22,-,banpt-3653,-,ILMU KESEHATAN,KEPERAWATAN,KEPERAWATAN,S1,BAIK SEKALI,61,0,Ekonomi & Bisnis
quipper-22,-,-,-,ILMU KESEHATAN,KESEHATAN MASYARAKAT,KESEHATAN MASYARAKAT,S1,-,61,0,Ekonomi & Bisnis
quipper-22,-,banpt-3653,-,EKONOMI DAN BISNIS,MANAJEMEN,MANAJEMEN,S1,BAIK SEKALI,61,0,Ekonomi & Bisnis
quipper-22,-,banpt-3653,-,TEKNIK,TEKNIK SIPIL,SIPIL,S1,BAIK,61,5,Sains & Teknologi
-,-,banpt-2120,-,-,AGRIBISNIS,AGRIBISNIS,S1,BAIK,952,0,Ekonomi & Bisnis
-,-,banpt-2120,-,-,AGROTEKNOLOGI,AGROTEKNOLOGI,S1,BAIK,952,0,Ekonomi & Bisnis
-,-,banpt-2120,-,-,AKUNTANSI,AKUNTANSI,S1,B,952,0,Ekonomi & Bisnis
-,-,banpt-2120,-,-,TEKNIK ELEKTRO,ELEKTRO,S1,BAIK,952,0,Ekonomi & Bisnis
-,-,banpt-2120,-,-,TEKNIK INFORMATIKA,INFORMATIKA,S1,BAIK,952,0,Ekonomi & Bisnis
-,-,banpt-2120,-,-,PENDIDIKAN JASMANI,JASMANI,S1,BAIK,952,0,Ekonomi & Bisnis
-,-,banpt-2120,-,-,MANAJEMEN,MANAJEMEN,S1,BAIK,952,0,Ekonomi & Bisnis
-,-,banpt-2120,-,-,PENDIDIKAN PANCASILA DAN KEWARGANEGARAAN,PANCASILA KEWARGANEGARAAN,S1,BAIK,952,0,Ekonomi & Bisnis
-,-,banpt-2120,-,-,PETERNAKAN,PETERNAKAN,S1,BAIK,952,0,Ekonomi & Bisnis
-,-,banpt-2120,-,-,TEKNIK SIPIL,SIPIL,S1,BAIK,952,0,Ekonomi & Bisnis
-,-,banpt-1557,-,-,AKUNTANSI,AKUNTANSI,S1,BAIK SEKALI,57,0,Ekonomi & Bisnis
-,-,banpt-1557,-,-,DESAIN KOMUNIKASI VISUAL,DESAIN KOMUNIKASI VISUAL,S1,BAIK SEKALI,57,0,Ekonomi & Bisnis
-,-,banpt-1557,-,-,ILMU KOMUNIKASI,ILMU KOMUNIKASI,S1,B,57,0,Ekonomi & Bisnis
-,-,banpt-1557,-,-,INFORMATIKA,INFORMATIKA,S1,BAIK SEKALI,57,0,Ekonomi & Bisnis
-,-,banpt-1557,-,-,MANAJEMEN,MANAJEMEN,S1,UNGGUL,57,0,Ekonomi & Bisnis
-,-,banpt-1557,-,-,PARIWISATA,PARIWISATA,S1,TERAKREDITASI SEMENTARA,57,0,Ekonomi & Bisnis
-,-,banpt-1557,-,-,PSIKOLOGI,PSIKOLOGI,S1,TERAKREDITASI SEMENTARA,57,0,Ekonomi & Bisnis
-,-,banpt-1557,-,-,SISTEM INFORMASI,SISTEM INFORMASI,S1,BAIK SEKALI,57,0,Ekonomi & Bisnis
-,-,banpt-996,-,-,ADMINISTRASI NEGARA,ADMINISTRASI NEGARA,S1,BAIK,765,0,Ekonomi & Bisnis
-,-,banpt-996,-,-,AGROTEKNOLOGI,AGROTEKNOLOGI,S1,BAIK,765,0,Ekonomi & Bisnis
-,-,banpt-996,-,-,ARSITEKTUR,ARSITEKTUR,S1,BAIK,765,0,Ekonomi & Bisnis
-,-,banpt-996,-,-,EKONOMI PEMBANGUNAN,EKONOMI PEMBANGUNAN,S1,BAIK,765,0,Ekonomi & Bisnis
-,-,banpt-996,-,-,FISIKA,FISIKA,S1,BAIK,765,0,Ekonomi & Bisnis
-,-,banpt-996,-,-,MANAJEMEN,MANAJEMEN,S1,BAIK,765,0,Ekonomi & Bisnis
-,-,banpt-996,-,-,MATEMATIKA,MATEMATIKA,S1,BAIK,765,0,Ekonomi & Bisnis
-,-,banpt-996,-,-,TEKNIK SIPIL,SIPIL,S1,BAIK,765,0,Ekonomi & Bisnis
-,-,banpt-2044,-,-,ILMU BIOMEDIS,BIOMEDIS,S1,BAIK,450,0,Ekonomi & Bisnis
-,-,banpt-2044,-,-,HUKUM,HUKUM,S1,BAIK,450,0,Ekonomi & Bisnis
-,-,banpt-2044,-,-,INFORMATIKA,INFORMATIKA,S1,BAIK,450,0,Ekonomi & Bisnis
-,-,banpt-2044,-,-,KEBIDANAN,KEBIDANAN,S1,BAIK SEKALI,450,0,Ekonomi & Bisnis
-,-,banpt-2044,-,-,ILMU KEPERAWATAN,KEPERAWATAN,S1,BAIK SEKALI,450,0,Ekonomi & Bisnis
-,-,banpt-2044,-,-,MANAJEMEN,MANAJEMEN,S1,BAIK,450,0,Ekonomi & Bisnis
-,-,banpt-1029,-,-,ADMINISTRASI KESEHATAN,ADMINISTRASI KESEHATAN,S1,BAIK,1297,0,Ekonomi & Bisnis
-,-,banpt-1029,-,-,HUKUM,HUKUM,S1,BAIK,1297,0,Ekonomi & Bisnis
-,-,banpt-1029,-,-,ILMU KEPERAWATAN,KEPERAWATAN,S1,BAIK,1297,0,Ekonomi & Bisnis
-,-,banpt-1029,-,-,MANAJEMEN,MANAJEMEN,S1,BAIK,1297,0,Ekonomi & Bisnis
-,-,banpt-1029,-,-,PENDIDIKAN ILMU PENGETAHUAN ALAM,PENGETAHUAN ALAM,S1,BAIK,1297,0,Ekonomi & Bisnis
-,-,banpt-2157,-,-,AGROTEKNOLOGI,AGROTEKNOLOGI,S1,TIDAK TERAKREDITASI,132,0,Ekonomi & Bisnis
-,-,banpt-2157,-,-,PENDIDIKAN GURU ANAK USIA DINI,GURU ANAK USIA DINI,S1,BAIK,132,0,Ekonomi & Bisnis
-,-,banpt-2157,-,-,TEKNIK INFORMATIKA,INFORMATIKA,S1,BAIK,132,0,Ekonomi & Bisnis
-,-,banpt-2157,-,-,PENDIDIKAN JASMANI KESEHATAN DAN REKREASI,JASMANI,S1,TIDAK TERAKREDITASI,132,0,Ekonomi & Bisnis
-,-,banpt-2157,-,-,PERENCANAAN WILAYAH DAN KOTA,PERENCANAAN WILAYAH KOTA,S1,BAIK,132,0,Ekonomi & Bisnis
quipper-24,rencanamu-164,banpt-492,-,FAKULTAS EKONOMI,AKUNTANSI,AKUNTANSI,S1,B,416,2,Pendidikan & Keguruan
quipper-24,rencanamu-164,banpt-492,-,FAKULTAS TEKNIK,ARSITEKTUR,ARSITEKTUR,S1,B,416,1,Teknik & Rekayasa
quipper-24,rencanamu-164,banpt-492,-,FAKULTAS HUKUM,ILMU HUKUM,HUKUM,S1,B,416,3,Hukum
quipper-24,rencanamu-164,banpt-492,-,FAKULTAS TEKNIK,TEKNIK INDUSTRI,INDUSTRI,S1,C,416,1,Teknik & Rekayasa
quipper-24,rencanamu-164,banpt-492,-,FAKULTAS TEKNIK,INFORMATIKA,INFORMATIKA,S1,BAIK,416,1,Teknik & Rekayasa
quipper-24,-,-,-,FAKULTAS TEKNIK,AKUNPUNKTUR DAN PENGOBATAN HERBAL,KEDOKTERAN,S1,-,416,1,Teknik & Rekayasa
quipper-24,rencanamu-164,banpt-492,-,FAKULTAS EKONOMI,MANAJEMEN,MANAJEMEN,S1,B,416,0,Ekonomi & Bisnis
quipper-629,-,banpt-2574,-,FAKULTAS PERTANIAN,AGRIBISNIS,AGRIBISNIS,S1,B,301,0,Ekonomi & Bisnis
quipper-629,-,-,-,FAKULTAS PERTANIAN,AGROTEKNOLOGI,AGROTEKNOLOGI,S1,-,301,0,Ekonomi & Bisnis
quipper-629,-,banpt-2574,-,FAKULTAS EKONOMI,AKUNTANSI,AKUNTANSI,S1,BAIK SEKALI,301,2,Pendidikan & Keguruan
quipper-629,-,banpt-2574,-,FAKULTAS TEKNIK,TEKNIK ELEKTRO,ELEKTRO,S1,BAIK SEKALI,301,1,Teknik & Rekayasa
-,-,banpt-2574,-,-,PENDIDIKAN GURU SEKOLAH DASAR,GURU SEKOLAH DASAR,S1,BAIK,301,0,Ekonomi & Bisnis
quipper-629,-,banpt-2574,-,FAKULTAS HUKUM,ILMU HUKUM,HUKUM,S1,B,301,3,Hukum
quipper-629,-,banpt-2574,-,FAKULTAS TEKNIK,TEKNIK INDUSTRI,INDUSTRI,S1,BAIK SEKALI,301,1,Teknik & Rekayasa
quipper-629,-,banpt-2574,-,FAKULTAS TEKNIK,TEKNIK INFORMATIKA,INFORMATIKA,S1,BAIK SEKALI,301,1,Teknik & Rekayasa
quipper-629,-,banpt-2574,-,FAKULTAS KEPERAWATAN,ILMU KEPERAWATAN,KEPERAWATAN,S1,BAIK SEKALI,301,0,Ekonomi & Bisnis
quipper-629,-,banpt-2574,-,FAKULTAS EKONOMI,MANAJEMEN,MANAJEMEN,S1,BAIK SEKALI,301,0,Ekonomi & Bisnis
quipper-629,-,-,-,FAKULTAS PARIWISATA,PARIWISATA,PARIWISATA,S1,-,301,0,Ekonomi & Bisnis
-,-,banpt-2574,-,-,HOSPITALITY DAN PARIWISATA,PERHOTELAN PARIWISATA,S1,B,301,0,Ekonomi & Bisnis
quipper-629,-,banpt-2574,-,FAKULTAS TEKNIK,TEKNIK SIPIL,SIPIL,S1,BAIK,301,1,Teknik & Rekayasa
quipper-47,rencanamu-165,banpt-2378,-,FAKULTAS ILMU ADMINISTRASI BISNIS DAN ILMU KOMUNIKASI,ILMU ADMINISTRASI BISNIS,ADMINISTRASI BISNIS,S1,B,32,0,Ekonomi & Bisnis
quipper-47,rencanamu-165,banpt-2378,-,FAKULTAS EKONOMI DAN BISNIS,AKUNTANSI,AKUNTANSI,S1,A,32,2,Pendidikan & Keguruan
quipper-47,rencanamu-165,banpt-2378,-,FAKULTAS PENDIDIKAN DAN BAHASA,BIMBINGAN DAN KONSELING,BIMBINGAN KONSELING,S1,B,32,0,Ekonomi & Bisnis
quipper-47,rencanamu-165,-,-,FAKULTAS KEDOKTERAN DAN ILMU KESEHATAN,BIOMEDIK,BIOLOGI,S1,A,32,0,Ekonomi & Bisnis
quipper-47,rencanamu-165,banpt-2378,-,FAKULTAS TEKNOBIOLOGI,BIOTEKNOLOGI,BIOTEKNOLOGI,S1,B,32,0,Ekonomi & Bisnis
-,rencanamu-165,-,-,-,EKONOMI TERAPAN,EKONOMI,S1,B,32,0,Ekonomi & Bisnis
quipper-47,rencanamu-165,banpt-2378,-,FAKULTAS EKONOMI DAN BISNIS,EKONOMI PEMBANGUNAN,EKONOMI PEMBANGUNAN,S1,A,32,0,Ekonomi & Bisnis
quipper-47,rencanamu-165,banpt-2378,-,FAKULTAS TEKNIK,TEKNIK ELEKTRO,ELEKTRO,S1,A,32,1,Teknik & Rekayasa
quipper-47,rencanamu-165,banpt-2378,-,FAKULTAS KEDOKTERAN DAN ILMU KESEHATAN,FARMASI,FARMASI,S1,C,32,0,Ekonomi & Bisnis
quipper-47,rencanamu-165,banpt-2378,-,FAKULTAS PENDIDIKAN DAN BAHASA,PENDIDIKAN GURU SEKOLAH DASAR,GURU SEKOLAH DASAR,S1,B,32,0,Ekonomi & Bisnis
quipper-47,rencanamu-165,banpt-2378,-,FAKULTAS HUKUM,ILMU HUKUM,HUKUM,S1,B,32,3,Hukum
quipper-47,rencanamu-165,banpt-2378,-,FAKULTAS ILMU ADMINISTRASI BISNIS DAN ILMU KOMUNIKASI,ILMU KOMUNIKASI,ILMU KOMUNIKASI,S1,A,32,0,Ekonomi & Bisnis
quipper-47,rencanamu-165,banpt-2378,-,FAKULTAS TEKNIK,TEKNIK INDUSTRI,INDUSTRI,S1,B,32,1,Teknik & Rekayasa
quipper-47,rencanamu-165,banpt-2378,-,FAKULTAS KEDOKTERAN DAN ILMU KESEHATAN,KEDOKTERAN,KEDOKTERAN,S1,A,32,0,Ekonomi & Bisnis
quipper-47,rencanamu-165,banpt-2378,-,FAKULTAS EKONOMI DAN BISNIS,MANAJEMEN,MANAJEMEN,S1,A,32,0,Ekonomi & Bisnis
-,rencanamu-165,-,-,-,TEKNIK DESAIN DAN MANUFAKTUR,MANUFAKTUR,S1,-,32,0,Ekonomi & Bisnis
quipper-47,rencanamu-165,banpt-2378,-,FAKULTAS TEKNIK,TEKNIK MESIN,MESIN,S1,A,32,1,Teknik & Rekayasa
quipper-47,-,banpt-2378,-,FAKULTAS ILMU ADMINISTRASI BISNIS DAN ILMU KOMUNIKASI,PARIWISATA,PARIWISATA,S1,BAIK SEKALI,32,0,Ekonomi & Bisnis
quipper-47,rencanamu-165,banpt-2378,-,FAKULTAS PSIKOLOGI,PSIKOLOGI,PSIKOLOGI,S1,A,32,0,Ekonomi & Bisnis
quipper-47,rencanamu-165,banpt-2378,-,FAKULTAS TEKNIK,SISTEM INFORMASI,SISTEM INFORMASI,S1,C,32,1,Teknik & Rekayasa
quipper-47,rencanamu-165,banpt-2378,-,FAKULTAS TEKNOBIOLOGI,TEKNOLOGI PANGAN,TEKNOLOGI PANGAN,S1,B,32,0,Ekonomi & Bisnis
quipper-47,rencanamu-165,banpt-2378,-,FAKULTAS PENDIDIKAN DAN BAHASA,ILMU PENDIDIKAN TEOLOGI,TEOLOGI,S1,B,32,0,Ekonomi & Bisnis
-,-,banpt-1277,-,-,AGRONOMI,AGRONOMI,S1,BAIK,1143,0,Ekonomi & Bisnis
-,-,banpt-1277,-,-,PENDIDIKAN GURU PENDIDIKAN ANAK USIA DINI,GURU ANAK USIA DINI,S1,BAIK,1143,0,Ekonomi & Bisnis
-,-,banpt-1277,-,-,PENDIDIKAN GURU SEKOLAH DASAR,GURU SEKOLAH DASAR,S1,UNGGUL,1143,0,Ekonomi & Bisnis
-,-,banpt-1277,-,-,KEBIDANAN,KEBIDANAN,S1,BAIK,1143,0,Ekonomi & Bisnis
-,-,banpt-1277,-,-,KEPERAWATAN,KEPERAWATAN,S1,BAIK SEKALI,1143,0,Ekonomi & Bisnis
-,-,banpt-1277,-,-,PENDIDIKAN MATEMATIKA,MATEMATIKA,S1,BAIK SEKALI,1143,0,Ekonomi & Bisnis
-,-,banpt-1277,-,-,PETERNAKAN,PETERNAKAN,S1,BAIK,1143,0,Ekonomi & Bisnis
-,-,banpt-1277,-,-,TEKNIK SIPIL,SIPIL,S1,BAIK,1143,0,Ekonomi & Bisnis
-,-,banpt-1277,-,-,SOSIAL EKONOMI PERTANIAN,SOSIAL EKONOMI PERTANIAN,S1,BAIK,1143,0,Ekonomi & Bisnis
-,-,banpt-1277,-,-,PENDIDIKAN TEOLOGI,TEOLOGI,S1,A,1143,0,Ekonomi & Bisnis
-,rencanamu-166,banpt-1887,-,-,AKUNTANSI,AKUNTANSI,S1,B,333,0,Ekonomi & Bisnis
-,rencanamu-166,banpt-1887,-,-,TEKNIK ARSITEKTUR,ARSITEKTUR,S1,B,333,0,Ekonomi & Bisnis
-,rencanamu-166,banpt-1887,-,-,PENDIDIKAN GURU SD,GURU SEKOLAH DASAR,S1,B,333,0,Ekonomi & Bisnis
-,rencanamu-166,-,-,-,ILMU INFORMASI PERPUSTAKAAN DAN KEARSIPAN,ILMU PERPUSTAKAAN,S1,B,333,0,Ekonomi & Bisnis
-,rencanamu-166,banpt-1887,-,-,TEKNIK INDUSTRI,INDUSTRI,S1,BAIK SEKALI,333,0,Ekonomi & Bisnis
-,-,banpt-1887,-,-,INFORMATIKA,INFORMATIKA,S1,BAIK SEKALI,333,0,Ekonomi & Bisnis
-,rencanamu-166,banpt-1887,-,-,S1 KEPERAWATAN,KEPERAWATAN,S1,B,333,0,Ekonomi & Bisnis
-,rencanamu-166,banpt-1887,-,-,MANAJEMEN,MANAJEMEN,S1,B,333,0,Ekonomi & Bisnis
-,rencanamu-166,banpt-1887,-,-,ILMU PSIKOLOGI,PSIKOLOGI,S1,BAIK,333,0,Ekonomi & Bisnis
-,rencanamu-166,banpt-1887,-,-,SISTEM INFORMASI,SISTEM INFORMASI,S1,B,333,0,Ekonomi & Bisnis
-,rencanamu-167,banpt-2736,-,-,ILMU ADMINISTRASI PUBLIK,ADMINISTRASI PUBLIK,S1,A,65,0,Ekonomi & Bisnis
-,-,banpt-2736,-,-,KEDOKTERAN,KEDOKTERAN,S1,BAIK,65,0,Ekonomi & Bisnis
-,-,banpt-2736,-,-,STUDI HUMANITAS,STUDI HUMANITAS,S1,BAIK,65,0,Ekonomi & Bisnis
-,-,banpt-2602,-,-,AGRIBISNIS,AGRIBISNIS,S1,BAIK,275,0,Ekonomi & Bisnis
-,-,banpt-2602,-,-,PENDIDIKAN JASMANI,JASMANI,S1,BAIK SEKALI,275,0,Ekonomi & Bisnis
-,-,banpt-2602,-,-,TEKNIK LOGISTIK,LOGISTIK,S1,BAIK,275,0,Ekonomi & Bisnis
-,-,banpt-2602,-,-,PENDIDIKAN MATEMATIKA,MATEMATIKA,S1,BAIK SEKALI,275,0,Ekonomi & Bisnis
-,-,banpt-2602,-,-,SISTEM INFORMASI,SISTEM INFORMASI,S1,BAIK,275,0,Ekonomi & Bisnis
-,-,banpt-2205,-,-,AGRIBISNIS,AGRIBISNIS,S1,BAIK SEKALI,111,0,Ekonomi & Bisnis
-,rencanamu-168,banpt-2205,-,-,AGROTEKNOLOGI,AGROTEKNOLOGI,S1,B,111,0,Ekonomi & Bisnis
-,rencanamu-168,banpt-2205,-,-,AKUNTANSI,AKUNTANSI,S1,B,111,0,Ekonomi & Bisnis
-,rencanamu-168,banpt-2205,-,-,ARSITEKTUR,ARSITEKTUR,S1,B,111,0,Ekonomi & Bisnis
-,rencanamu-168,banpt-2205,-,-,ILMU FILSAFAT,FILSAFAT,S1,B,111,0,Ekonomi & Bisnis
-,rencanamu-168,banpt-2205,-,-,PENDIDIKAN GURU SD,GURU SEKOLAH DASAR,S1,C,111,0,Ekonomi & Bisnis
-,rencanamu-168,banpt-2205,-,-,ILMU HUKUM,HUKUM,S1,B,111,0,Ekonomi & Bisnis
-,rencanamu-168,banpt-2205,-,-,TEKNIK INFORMATIKA,INFORMATIKA,S1,B,111,0,Ekonomi & Bisnis
-,rencanamu-168,banpt-2205,-,-,MANAJEMEN,MANAJEMEN,S1,B,111,0,Ekonomi & Bisnis
-,rencanamu-168,banpt-2205,-,-,PENDIDIKAN MATEMATIKA,MATEMATIKA,S1,C,111,0,Ekonomi & Bisnis
-,rencanamu-168,banpt-2205,-,-,TEKNOLOGI HASIL PERTANIAN,PERTANIAN,S1,B,111,0,Ekonomi & Bisnis
-,-,banpt-2205,-,-,PSIKOLOGI,PSIKOLOGI,S1,BAIK,111,0,Ekonomi & Bisnis
-,-,banpt-2205,-,-,SAINS DATA,SAINS DATA,S1,BAIK,111,0,Ekonomi & Bisnis
-,rencanamu-168,banpt-2205,-,-,SASTRA INGGRIS,SASTRA INGGRIS,S1,B,111,0,Ekonomi & Bisnis
-,rencanamu-168,banpt-2205,-,-,TEKNIK SIPIL,SIPIL,S1,C,111,0,Ekonomi & Bisnis
-,rencanamu-168,banpt-2205,-,-,SISTEM INFORMASI,SISTEM INFORMASI,S1,B,111,0,Ekonomi & Bisnis
quipper-79,rencanamu-169,banpt-2589,-,EKONOMI DAN BISNIS,AKUNTANSI,AKUNTANSI,S1,A,386,2,Pendidikan & Keguruan
-,rencanamu-169,banpt-2589,-,-,ARSITEKTUR,ARSITEKTUR,S1,A,386,0,Ekonomi & Bisnis
quipper-79,rencanamu-169,banpt-2589,-,ARSITEKTUR DAN DESAIN,ARSITEKTUR. DESAIN KOMUNIKASI VISUAL,DESAIN KOMUNIKASI VISUAL,S1,B,386,0,Ekonomi & Bisnis
quipper-79,rencanamu-169,banpt-2589,-,TEKNIK,TEKNIK ELEKTRO,ELEKTRO,S1,B,386,0,Ekonomi & Bisnis
quipper-79,-,-,-,TEKNOLOGI PERTANIAN,GIZI,GIZI,S1,-,386,0,Ekonomi & Bisnis
quipper-79,rencanamu-169,banpt-2589,-,HUKUM DAN KOMUNIKASI,ILMU HUKUM,HUKUM,S1,A,386,3,Hukum
quipper-79,rencanamu-169,banpt-2589,-,HUKUM DAN KOMUNIKASI,ILMU KOMUNIKASI,ILMU KOMUNIKASI,S1,B,386,0,Ekonomi & Bisnis
quipper-79,rencanamu-169,banpt-2589,-,ILMU KOMPUTER,TEKNIK INFORMATIKA,INFORMATIKA,S1,B,386,1,Teknik & Rekayasa
quipper-79,-,banpt-2589,-,KEDOKTERAN,KEDOKTERAN,KEDOKTERAN,S1,BAIK,386,0,Ekonomi & Bisnis
quipper-79,-,banpt-2589,-,EKONOMI DAN BISNIS,MANAJEMEN,MANAJEMEN,S1,BAIK SEKALI,386,0,Ekonomi & Bisnis
quipper-79,-,-,-,ILMU & TEKNOLOGI LINGKUNGAN,LINGKUNGAN & PERKOTAAN,PERENCANAAN WILAYAH KOTA,S1,-,386,0,Ekonomi & Bisnis
quipper-79,rencanamu-169,-,-,EKONOMI DAN BISNIS,PERPAJAKAN,PERPAJAKAN,S1,B,386,0,Ekonomi & Bisnis
quipper-79,rencanamu-169,banpt-2589,-,PSIKOLOGI,PSIKOLOGI,PSIKOLOGI,S1,B,386,0,Ekonomi & Bisnis
quipper-79,-,banpt-2589,-,ILMU & TEKNOLOGI LINGKUNGAN,REKAYASA INFRASTRUKTUR & LINGKUNGAN,REKAYASA INFRASTRUKTUR LINGKUNGAN,S1,BAIK,386,0,Ekonomi & Bisnis
quipper-79,rencanamu-169,banpt-2589,-,BAHASA DAN SENI,SASTRA INGGRIS,SASTRA INGGRIS,S1,B,386,0,Ekonomi & Bisnis
quipper-79,rencanamu-169,banpt-2589,-,TEKNIK,TEKNIK SIPIL,SIPIL,S1,B,386,5,Sains & Teknologi
quipper-79,rencanamu-169,banpt-2589,-,ILMU KOMPUTER,SISTEM INFORMASI,SISTEM INFORMASI,S1,C,386,4,Teknologi Industri
quipper-79,rencanamu-169,banpt-2589,-,TEKNOLOGI PERTANIAN,ILMU DAN TEKNOLOGI PANGAN,TEKNOLOGI PANGAN,S1,A,386,0,Ekonomi & Bisnis
-,-,banpt-632,-,-,AGROTEKNOLOGI,AGROTEKNOLOGI,S1,BAIK,1188,0,Ekonomi & Bisnis
-,-,banpt-632,-,-,PENDIDIKAN FISIKA,FISIKA,S1,BAIK SEKALI,1188,0,Ekonomi & Bisnis
-,-,banpt-632,-,-,PENDIDIKAN GURU PENDIDIKAN ANAK USIA DINI,GURU ANAK USIA DINI,S1,BAIK,1188,0,Ekonomi & Bisnis
-,-,banpt-632,-,-,PENDIDIKAN GURU SEKOLAH DASAR,GURU SEKOLAH DASAR,S1,BAIK SEKALI,1188,0,Ekonomi & Bisnis
-,-,banpt-632,-,-,PENDIDIKAN MATEMATIKA,MATEMATIKA,S1,BAIK,1188,0,Ekonomi & Bisnis
-,-,banpt-632,-,-,PENDIDIKAN ILMU PENGETAHUAN ALAM,PENGETAHUAN ALAM,S1,BAIK,1188,0,Ekonomi & Bisnis
-,-,banpt-632,-,-,ILMU PERTANIAN,PERTANIAN,S1,BAIK,1188,0,Ekonomi & Bisnis
-,-,banpt-632,-,-,PETERNAKAN,PETERNAKAN,S1,BAIK,1188,0,Ekonomi & Bisnis
-,-,banpt-3085,-,-,AGRIBISNIS,AGRIBISNIS,S1,B,696,0,Ekonomi & Bisnis
-,-,banpt-3085,-,-,AKUNTANSI,AKUNTANSI,S1,BAIK,696,0,Ekonomi & Bisnis
-,-,banpt-3085,-,-,HUKUM,HUKUM,S1,B,696,0,Ekonomi & Bisnis
-,-,banpt-3085,-,-,MANAJEMEN,MANAJEMEN,S1,B,696,0,Ekonomi & Bisnis
-,-,banpt-3085,-,-,TEKNIK MESIN,MESIN,S1,BAIK,696,0,Ekonomi & Bisnis
-,-,banpt-3085,-,-,TEKNIK SIPIL,SIPIL,S1,BAIK SEKALI,696,0,Ekonomi & Bisnis
-,-,banpt-3085,-,-,SISTEM INFORMASI,SISTEM INFORMASI,S1,BAIK,696,0,Ekonomi & Bisnis
-,-,banpt-3085,-,-,TEKNOLOGI PANGAN,TEKNOLOGI PANGAN,S1,BAIK,696,0,Ekonomi & Bisnis
quipper-278,rencanamu-171,banpt-625,-,FAKULTAS BISNIS,AKUNTANSI,AKUNTANSI,S1,A,39,2,Pendidikan & Keguruan
quipper-278,-,banpt-625,-,FAKULTAS KEGURUAN DAN ILMU PENDIDIKAN,BIMBINGAN DAN KONSELING,BIMBINGAN KONSELING,S1,BAIK SEKALI,39,2,Pendidikan & Keguruan
quipper-278,-,banpt-625,-,FAKULTAS TEKNOLOGI PERTANIAN,BIOLOGI,BIOLOGI,S1,BAIK SEKALI,39,0,Ekonomi & Bisnis
quipper-278,rencanamu-171,banpt-625,-,FAKULTAS TEKNIK,TEKNIK ELEKTRO,ELEKTRO,S1,B,39,1,Teknik & Rekayasa
quipper-278,rencanamu-171,banpt-625,-,FAKULTAS FARMASI,FARMASI,FARMASI,S1,A,39,0,Ekonomi & Bisnis
quipper-278,rencanamu-171,banpt-625,-,FAKULTAS ILMU FILSAFAT,FILSAFAT,FILSAFAT,S1,B,39,0,Ekonomi & Bisnis
quipper-278,rencanamu-171,banpt-625,-,FAKULTAS KEGURUAN DAN ILMU PENDIDIKAN,PENDIDIKAN FISIKA,FISIKA,S1,B,39,2,Pendidikan & Keguruan
quipper-278,-,banpt-625,-,FAKULTAS KEGURUAN DAN ILMU PENDIDIKAN,PENDIDIKAN ANAK USIA DINI,GURU ANAK USIA DINI,S1,BAIK SEKALI,39,2,Pendidikan & Keguruan
quipper-278,rencanamu-171,banpt-625,-,FAKULTAS ILMU KOMUNIKASI,ILMU KOMUNIKASI,ILMU KOMUNIKASI,S1,B,39,0,Ekonomi & Bisnis
quipper-278,rencanamu-171,banpt-625,-,FAKULTAS TEKNIK,TEKNIK INDUSTRI,INDUSTRI,S1,B,39,1,Teknik & Rekayasa
-,-,banpt-625,-,-,INFORMATIKA,INFORMATIKA,S1,BAIK,39,0,Ekonomi & Bisnis
quipper-278,rencanamu-171,banpt-625,-,FAKULTAS KEDOKTERAN,PENDIDIKAN DOKTER,KEDOKTERAN,S1,B,39,0,Ekonomi & Bisnis
quipper-278,rencanamu-171,banpt-625,-,FAKULTAS KEPERAWATAN,KEPERAWATAN,KEPERAWATAN,S1,B,39,0,Ekonomi & Bisnis
quipper-278,-,banpt-625,-,FAKULTAS KEWIRAUSAHAAN,KEWIRAUSAHAAN,KEWIRAUSAHAAN,S1,BAIK SEKALI,39,0,Ekonomi & Bisnis
quipper-278,rencanamu-171,banpt-625,-,FAKULTAS TEKNIK,TEKNIK KIMIA,KIMIA,S1,B,39,1,Teknik & Rekayasa
quipper-278,rencanamu-171,banpt-625,-,FAKULTAS BISNIS,MANAJEMEN,MANAJEMEN,S1,A,39,0,Ekonomi & Bisnis
quipper-278,-,-,-,FAKULTAS BISNIS,MANAJEMEN BISNIS INTERNASIONAL,MANAJEMEN BISNIS INTERNASIONAL,S1,-,39,0,Ekonomi & Bisnis
quipper-278,-,banpt-625,-,FAKULTAS KEGURUAN DAN ILMU PENDIDIKAN,PENDIDIKAN MATEMATIKA,MATEMATIKA,S1,BAIK SEKALI,39,2,Pendidikan & Keguruan
quipper-278,rencanamu-171,banpt-625,-,FAKULTAS PSIKOLOGI,PSIKOLOGI,PSIKOLOGI,S1,B,39,0,Ekonomi & Bisnis
-,-,banpt-625,-,-,REKAYASA INDUSTRI,REKAYASA INDUSTRI,S1,BAIK,39,0,Ekonomi & Bisnis
quipper-278,rencanamu-171,banpt-625,-,FAKULTAS TEKNOLOGI PERTANIAN,TEKNOLOGI PANGAN,TEKNOLOGI PANGAN,S1,A,39,0,Ekonomi & Bisnis
-,rencanamu-172,-,-,-,ADMINISTRASI NEGARA,ADMINISTRASI NEGARA,S1,B,846,0,Ekonomi & Bisnis
-,-,banpt-3358,-,-,ADMINISTRASI PUBLIK,ADMINISTRASI PUBLIK,S1,B,846,0,Ekonomi & Bisnis
-,rencanamu-172,-,-,-,AKUNTANSI,AKUNTANSI,S1,B,846,0,Ekonomi & Bisnis
-,rencanamu-172,banpt-3358,-,-,ARSITEKTUR,ARSITEKTUR,S1,B,846,0,Ekonomi & Bisnis
-,rencanamu-172,banpt-3358,-,-,BIMBINGAN DAN KONSELING,BIMBINGAN KONSELING,S1,B,846,0,Ekonomi & Bisnis
-,rencanamu-172,banpt-3358,-,-,PENDIDIKAN BIOLOGI,BIOLOGI,S1,B,846,0,Ekonomi & Bisnis
-,rencanamu-172,banpt-3358,-,-,EKONOMI PEMBANGUNAN,EKONOMI PEMBANGUNAN,S1,B,846,0,Ekonomi & Bisnis
-,rencanamu-172,banpt-3358,-,-,ILMU FILSAFAT,FILSAFAT,S1,B,846,0,Ekonomi & Bisnis
-,rencanamu-172,banpt-3358,-,-,PENDIDIKAN FISIKA,FISIKA,S1,B,846,0,Ekonomi & Bisnis
-,rencanamu-172,banpt-3358,-,-,ILMU HUKUM,HUKUM,S1,B,846,0,Ekonomi & Bisnis
-,rencanamu-172,banpt-3358,-,-,ILMU KOMUNIKASI,ILMU KOMUNIKASI,S1,B,846,0,Ekonomi & Bisnis
-,rencanamu-172,-,-,-,TEKNIK INFORMATIKA,INFORMATIKA,S1,C,846,0,Ekonomi & Bisnis
-,rencanamu-172,banpt-3358,-,-,PENDIDIKAN KIMIA,KIMIA,S1,C,846,0,Ekonomi & Bisnis
-,-,banpt-3358,-,-,ILMU KOMPUTER,KOMPUTER,S1,BAIK SEKALI,846,0,Ekonomi & Bisnis
-,rencanamu-172,banpt-3358,-,-,MANAJEMEN,MANAJEMEN,S1,B,846,0,Ekonomi & Bisnis
-,rencanamu-172,banpt-3358,-,-,PENDIDIKAN MATEMATIKA,MATEMATIKA,S1,C,846,0,Ekonomi & Bisnis
-,rencanamu-172,banpt-3358,-,-,ILMU PEMERINTAHAN,PEMERINTAHAN,S1,B,846,0,Ekonomi & Bisnis
-,-,banpt-3358,-,-,PENDIDIKAN MUSIK,SENI MUSIK,S1,B,846,0,Ekonomi & Bisnis
-,rencanamu-172,banpt-3358,-,-,TEKNIK SIPIL,SIPIL,S1,C,846,0,Ekonomi & Bisnis
-,-,banpt-3358,-,-,TEKNOLOGI PANGAN,TEKNOLOGI PANGAN,S1,BAIK,846,0,Ekonomi & Bisnis
-,-,banpt-716,-,-,AGRIBISNIS,AGRIBISNIS,S1,TERAKREDITASI SEMENTARA,66,0,Ekonomi & Bisnis
-,-,banpt-716,-,-,AGROTEKNOLOGI,AGROTEKNOLOGI,S1,TERAKREDITASI SEMENTARA,66,0,Ekonomi & Bisnis
-,-,banpt-716,-,-,ARSITEKTUR,ARSITEKTUR,S1,BAIK SEKALI,66,0,Ekonomi & Bisnis
-,-,banpt-716,-,-,TEKNIK ELEKTRO,ELEKTRO,S1,BAIK SEKALI,66,0,Ekonomi & Bisnis
-,-,banpt-716,-,-,FISIKA,FISIKA,S1,BAIK,66,0,Ekonomi & Bisnis
-,-,banpt-716,-,-,ILMU KOMUNIKASI,ILMU KOMUNIKASI,S1,BAIK SEKALI,66,0,Ekonomi & Bisnis
-,-,banpt-716,-,-,TEKNIK INDUSTRI,INDUSTRI,S1,BAIK,66,0,Ekonomi & Bisnis
-,-,banpt-716,-,-,TEKNIK INFORMATIKA,INFORMATIKA,S1,BAIK SEKALI,66,0,Ekonomi & Bisnis
-,-,banpt-716,-,-,TEKNIK LINGKUNGAN,LINGKUNGAN,S1,BAIK SEKALI,66,0,Ekonomi & Bisnis
-,-,banpt-716,-,-,MANAJEMEN,MANAJEMEN,S1,BAIK,66,0,Ekonomi & Bisnis
-,-,banpt-716,-,-,MATEMATIKA,MATEMATIKA,S1,BAIK,66,0,Ekonomi & Bisnis
-,-,banpt-716,-,-,TEKNIK MESIN,MESIN,S1,BAIK SEKALI,66,0,Ekonomi & Bisnis
-,-,banpt-716,-,-,SASTRA INGGRIS,SASTRA INGGRIS,S1,BAIK SEKALI,66,0,Ekonomi & Bisnis
-,-,banpt-716,-,-,SISTEM INFORMASI,SISTEM INFORMASI,S1,BAIK SEKALI,66,0,Ekonomi & Bisnis
-,-,banpt-261,-,-,ADMINISTRASI RUMAH SAKIT,ADMINISTRASI RUMAH SAKIT,S1,BAIK,458,0,Ekonomi & Bisnis
-,-,banpt-261,-,-,BISNIS DIGITAL,BISNIS DIGITAL,S1,BAIK,458,0,Ekonomi & Bisnis
-,-,banpt-261,-,-,KEPERAWATAN,KEPERAWATAN,S1,BAIK SEKALI,458,0,Ekonomi & Bisnis
-,-,banpt-261,-,-,KEWIRAUSAHAAN,KEWIRAUSAHAAN,S1,BAIK,458,0,Ekonomi & Bisnis
-,-,banpt-261,-,-,PARIWISATA,PARIWISATA,S1,TERAKREDITASI SEMENTARA,458,0,Ekonomi & Bisnis
-,-,banpt-717,-,-,AGRIBISNIS,AGRIBISNIS,S1,BAIK,890,0,Ekonomi & Bisnis
-,-,banpt-717,-,-,AGROEKOTEKNOLOGI,AGROTEKNOLOGI,S1,BAIK,890,0,Ekonomi & Bisnis
-,-,banpt-717,-,-,PENDIDIKAN BIOLOGI,BIOLOGI,S1,BAIK SEKALI,890,0,Ekonomi & Bisnis
-,-,banpt-717,-,-,PENDIDIKAN FISIKA,FISIKA,S1,BAIK SEKALI,890,0,Ekonomi & Bisnis
-,-,banpt-717,-,-,INFORMATIKA,INFORMATIKA,S1,BAIK SEKALI,890,0,Ekonomi & Bisnis
-,-,banpt-717,-,-,MANAJEMEN,MANAJEMEN,S1,BAIK,890,0,Ekonomi & Bisnis
-,-,banpt-717,-,-,PENDIDIKAN MATEMATIKA,MATEMATIKA,S1,BAIK SEKALI,890,0,Ekonomi & Bisnis
-,-,banpt-717,-,-,TEKNOLOGI HASIL PERTANIAN,PERTANIAN,S1,BAIK,890,0,Ekonomi & Bisnis
-,-,banpt-717,-,-,SISTEM INFORMASI,SISTEM INFORMASI,S1,BAIK,890,0,Ekonomi & Bisnis
-,-,banpt-1798,-,-,AKUNTANSI,AKUNTANSI,S1,BAIK,741,0,Ekonomi & Bisnis
-,-,banpt-1798,-,-,KAJIAN FILM,FILM,S1,TERAKREDITASI SEMENTARA,741,0,Ekonomi & Bisnis
-,-,banpt-1798,-,-,HUKUM BISNIS,HUKUM,S1,TERAKREDITASI SEMENTARA,741,0,Ekonomi & Bisnis
-,-,banpt-1798,-,-,TEKNIK INDUSTRI,INDUSTRI,S1,TIDAK TERAKREDITASI,741,0,Ekonomi & Bisnis
-,-,banpt-1798,-,-,INFORMATIKA,INFORMATIKA,S1,BAIK,741,0,Ekonomi & Bisnis
-,-,banpt-1798,-,-,MANAJEMEN,MANAJEMEN,S1,BAIK,741,0,Ekonomi & Bisnis
-,-,banpt-1798,-,-,SISTEM INFORMASI,SISTEM INFORMASI,S1,BAIK,741,0,Ekonomi & Bisnis
-,rencanamu-173,banpt-3386,-,-,AGROTEKNOLOGI,AGROTEKNOLOGI,S1,B,326,0,Ekonomi & Bisnis
-,rencanamu-173,banpt-3386,-,-,AKUNTANSI,AKUNTANSI,S1,B,326,0,Ekonomi & Bisnis
-,-,banpt-3386,-,-,ARSITEKTUR,ARSITEKTUR,S1,TERAKREDITASI SEMENTARA,326,0,Ekonomi & Bisnis
-,rencanamu-173,banpt-3386,-,-,PENDIDIKAN EKONOMI,EKONOMI,S1,C,326,0,Ekonomi & Bisnis
-,-,banpt-3386,-,-,ILMU FILSAFAT,FILSAFAT,S1,BAIK,326,0,Ekonomi & Bisnis
-,rencanamu-173,banpt-3386,-,-,TEKNIK INFORMATIKA,INFORMATIKA,S1,B,326,0,Ekonomi & Bisnis
-,rencanamu-173,banpt-3386,-,-,ILMU KEPERAWATAN,KEPERAWATAN,S1,B,326,0,Ekonomi & Bisnis
-,rencanamu-173,banpt-3386,-,-,MANAJEMEN,MANAJEMEN,S1,B,326,0,Ekonomi & Bisnis
-,rencanamu-173,-,-,-,SEKRETARIS,SEKRETARIAT,S1,-,326,0,Ekonomi & Bisnis
-,rencanamu-173,banpt-3386,-,-,SISTEM INFORMASI,SISTEM INFORMASI,S1,B,326,0,Ekonomi & Bisnis
-,-,banpt-3386,-,-,TEKNOLOGI INFORMASI,TEKNOLOGI INFORMASI,S1,BAIK,326,0,Ekonomi & Bisnis
-,rencanamu-174,banpt-2519,-,-,AKUNTANSI,AKUNTANSI,S1,A,212,0,Ekonomi & Bisnis
-,rencanamu-174,banpt-2519,-,-,ARSITEKTUR,ARSITEKTUR,S1,A,212,0,Ekonomi & Bisnis
-,rencanamu-174,banpt-2519,-,-,DESAIN INTERIOR,DESAIN INTERIOR,S1,B,212,0,Ekonomi & Bisnis
-,rencanamu-174,banpt-2519,-,-,DESAIN DAN KOMUNIKASI VISUAL,DESAIN KOMUNIKASI VISUAL,S1,B,212,0,Ekonomi & Bisnis
-,rencanamu-174,banpt-2519,-,-,TEKNIK ELEKTRO,ELEKTRO,S1,B,212,0,Ekonomi & Bisnis
-,rencanamu-174,banpt-2519,-,-,HUBUNGAN INTERNASIONAL,HUBUNGAN INTERNASIONAL,S1,B,212,0,Ekonomi & Bisnis
-,rencanamu-174,banpt-2519,-,-,ILMU HUKUM,HUKUM,S1,B,212,0,Ekonomi & Bisnis
-,rencanamu-174,banpt-2519,-,-,ILMU KOMUNIKASI,ILMU KOMUNIKASI,S1,B,212,0,Ekonomi & Bisnis
-,rencanamu-174,banpt-2519,-,-,TEKNIK INDUSTRI,INDUSTRI,S1,B,212,0,Ekonomi & Bisnis
-,rencanamu-174,banpt-2519,-,-,TEKNIK INFORMATIKA,INFORMATIKA,S1,B,212,0,Ekonomi & Bisnis
-,rencanamu-174,-,-,-,KEUANGAN DAN PERBANKAN,KEUANGAN PERBANKAN,S1,A,212,0,Ekonomi & Bisnis
-,rencanamu-174,-,-,-,TEKNIK KOMPUTER,KOMPUTER,S1,B,212,0,Ekonomi & Bisnis
-,rencanamu-174,banpt-2519,-,-,MANAJEMEN,MANAJEMEN,S1,A,212,0,Ekonomi & Bisnis
-,rencanamu-174,-,-,-,MANAJEMEN INFORMATIKA,MANAJEMEN INFORMATIKA,S1,B,212,0,Ekonomi & Bisnis
-,rencanamu-174,-,-,-,MANAJEMEN PEMASARAN,MARKETING,S1,B,212,0,Ekonomi & Bisnis
-,rencanamu-174,banpt-2519,-,-,ILMU PEMERINTAHAN,PEMERINTAHAN,S1,B,212,0,Ekonomi & Bisnis
-,rencanamu-174,banpt-2519,-,-,PERENCANAAN WILAYAH DAN KOTA,PERENCANAAN WILAYAH KOTA,S1,B,212,0,Ekonomi & Bisnis
-,-,banpt-2519,-,-,TEKNIK ROBOTIKA DAN KECERDASAN BUATAN,ROBOTIKA,S1,BAIK,212,0,Ekonomi & Bisnis
-,rencanamu-174,banpt-2519,-,-,SASTRA INGGRIS,SASTRA INGGRIS,S1,B,212,0,Ekonomi & Bisnis
-,rencanamu-174,banpt-2519,-,-,SASTRA JEPANG,SASTRA JEPANG,S1,B,212,0,Ekonomi & Bisnis
-,rencanamu-174,banpt-2519,-,-,TEKNIK SIPIL,SIPIL,S1,B,212,0,Ekonomi & Bisnis
-,rencanamu-174,banpt-2519,-,-,SISTEM INFORMASI,SISTEM INFORMASI,S1,B,212,0,Ekonomi & Bisnis
-,rencanamu-174,banpt-2519,-,-,SISTEM KOMPUTER,SISTEM KOMPUTER,S1,B,212,0,Ekonomi & Bisnis
-,-,banpt-751,-,-,AGRIBISNIS,AGRIBISNIS,S1,BAIK,75,0,Ekonomi & Bisnis
-,-,banpt-751,-,-,AKUNTANSI,AKUNTANSI,S1,BAIK SEKALI,75,0,Ekonomi & Bisnis
-,-,banpt-751,-,-,MANAJEMEN,MANAJEMEN,S1,BAIK SEKALI,75,0,Ekonomi & Bisnis
-,-,banpt-751,-,-,SAINS DATA,SAINS DATA,S1,BAIK,75,0,Ekonomi & Bisnis
-,-,banpt-751,-,-,TEKNOLOGI PANGAN,TEKNOLOGI PANGAN,S1,BAIK,75,0,Ekonomi & Bisnis
quipper-388,-,-,-,FAKULTAS ILMU ADMINISTRASI,ILMU ADMINISTRASI,ADMINISTRASI,S1,-,109,0,Ekonomi & Bisnis
-,-,banpt-2963,-,-,ILMU ADMINISTRASI BISNIS,ADMINISTRASI BISNIS,S1,BAIK,109,0,Ekonomi & Bisnis
quipper-388,rencanamu-175,-,-,FAKULTAS ILMU ADMINISTRASI,ILMU ADMINISTRASI NEGARA,ADMINISTRASI NEGARA,S1,B,109,0,Ekonomi & Bisnis
quipper-388,rencanamu-175,-,-,FAKULTAS ILMU ADMINISTRASI,ILMU ADMINISTRASI NIAGA,ADMINISTRASI NIAGA,S1,B,109,0,Ekonomi & Bisnis
-,-,banpt-2963,-,-,ADMINISTRASI PUBLIK,ADMINISTRASI PUBLIK,S1,B,109,0,Ekonomi & Bisnis
quipper-388,rencanamu-175,banpt-2963,-,FAKULTAS EKONOMI,AKUNTANSI,AKUNTANSI,S1,B,109,2,Pendidikan & Keguruan
quipper-388,rencanamu-175,banpt-2963,-,FAKULTAS TEKNIK,TEKNIK ARSITEKTUR,ARSITEKTUR,S1,C,109,1,Teknik & Rekayasa
quipper-388,rencanamu-175,banpt-2963,-,FAKULTAS TEKNIK,TEKNIK ELEKTRO,ELEKTRO,S1,C,109,1,Teknik & Rekayasa
quipper-388,rencanamu-175,banpt-2963,-,FAKULTAS HUKUM,ILMU HUKUM,HUKUM,S1,A,109,3,Hukum
quipper-388,rencanamu-175,banpt-2963,-,FAKULTAS TEKNIK,TEKNIK INDUSTRI,INDUSTRI,S1,C,109,1,Teknik & Rekayasa
-,rencanamu-175,banpt-2963,-,-,TEKNIK INFORMATIKA,INFORMATIKA,S1,C,109,0,Ekonomi & Bisnis
quipper-388,rencanamu-175,banpt-2963,-,FAKULTAS TEKNIK,MANAJEMEN TEKNOLOGI,MANAJEMEN,S1,B,109,0,Ekonomi & Bisnis
quipper-388,rencanamu-175,banpt-2963,-,FAKULTAS TEKNIK,TEKNIK MESIN,MESIN,S1,C,109,1,Teknik & Rekayasa
quipper-388,rencanamu-175,banpt-2963,-,FAKULTAS TEKNIK,TEKNIK PERENCANAAN WILAYAH DAN KOTA,PERENCANAAN WILAYAH KOTA,S1,B,109,1,Teknik & Rekayasa
quipper-388,rencanamu-175,banpt-2963,-,FAKULTAS TEKNIK,TEKNIK SIPIL,SIPIL,S1,C,109,1,Teknik & Rekayasa
quipper-388,-,banpt-2963,-,FAKULTAS TEKNIK,SISTEM INFORMASI,SISTEM INFORMASI,S1,BAIK,109,1,Teknik & Rekayasa
quipper-668,-,-,-,FAKULTAS TEKNOLOGI PERTANIAN,AGRIBISNIS,AGRIBISNIS,S1,-,1367,0,Ekonomi & Bisnis
quipper-668,-,banpt-3307,-,FAKULTAS EKONOMI,AKUNTANSI,AKUNTANSI,S1,BAIK,1367,2,Pendidikan & Keguruan
quipper-668,-,banpt-3307,-,FAKULTAS KEGURUAN DAN ILMU PENDIDIKAN,BIOLOGI,BIOLOGI,S1,BAIK SEKALI,1367,2,Pendidikan & Keguruan
quipper-668,-,banpt-3307,-,FAKULTAS PERIKANAN DAN ILMU KELAUTAN,BUDIDAYA PERAIRAN,BUDIDAYA PERAIRAN,S1,B,1367,0,Ekonomi & Bisnis
quipper-668,-,banpt-3307,-,FAKULTAS HUKUM,ILMU HUKUM,HUKUM,S1,B,1367,3,Hukum
-,-,banpt-3307,-,-,PENDIDIKAN JASMANI,JASMANI,S1,BAIK SEKALI,1367,0,Ekonomi & Bisnis
quipper-668,-,banpt-3307,-,FAKULTAS EKONOMI,MANAJEMEN,MANAJEMEN,S1,BAIK SEKALI,1367,0,Ekonomi & Bisnis
quipper-668,-,-,-,FAKULTAS KEGURUAN DAN ILMU PENDIDIKAN,PENDIDIKAN OLAHRAGA,OLAHRAGA,S1,-,1367,2,Pendidikan & Keguruan
quipper-668,-,-,-,FAKULTAS PERIKANAN DAN ILMU KELAUTAN,PERIKANAN,PERIKANAN,S1,-,1367,0,Ekonomi & Bisnis
-,-,banpt-3307,-,-,MEKANISASI PERTANIAN,PERTANIAN,S1,B,1367,0,Ekonomi & Bisnis
-,-,banpt-3307,-,-,TEKNOLOGI HASIL PERIKANAN,TEKNOLOGI HASIL PERIKANAN,S1,B,1367,0,Ekonomi & Bisnis
quipper-668,-,-,-,FAKULTAS TEKNOLOGI PERTANIAN,ILMU DAN TEKNOLOGI PANGAN,TEKNOLOGI PANGAN,S1,-,1367,0,Ekonomi & Bisnis
quipper-668,-,banpt-3307,-,FAKULTAS TEOLOGI,TEOLOGI,TEOLOGI,S1,BAIK SEKALI,1367,0,Ekonomi & Bisnis
quipper-177,rencanamu-176,banpt-2144,-,BISNIS,AKUNTANSI,AKUNTANSI,S1,B,376,2,Pendidikan & Keguruan
quipper-177,rencanamu-176,banpt-2144,-,ARSITEKTUR DAN DESAIN,ARSITEKTUR DAN DESAIN PRODUK,ARSITEKTUR,S1,A,376,0,Ekonomi & Bisnis
quipper-177,rencanamu-176,banpt-2144,-,BIOTEKNOLOGI,BIOLOGI,BIOLOGI,S1,A,376,0,Ekonomi & Bisnis
-,rencanamu-176,banpt-2144,-,-,DESAIN PRODUK,DESAIN PRODUK,S1,B,376,0,Ekonomi & Bisnis
quipper-177,rencanamu-176,banpt-2144,-,TEKNOLOGI INFORMASI,TEKNIK INFORMATIKA,INFORMATIKA,S1,B,376,1,Teknik & Rekayasa
quipper-177,rencanamu-176,banpt-2144,-,KEDOKTERAN,PENDIDIKAN KEDOKTERAN,KEDOKTERAN,S1,B,376,0,Ekonomi & Bisnis
quipper-177,rencanamu-176,banpt-2144,-,BISNIS,MANAJEMEN,MANAJEMEN,S1,B,376,0,Ekonomi & Bisnis
quipper-177,rencanamu-176,banpt-2144,-,TEKNOLOGI INFORMASI,SISTEM INFORMASI,SISTEM INFORMASI,S1,B,376,4,Teknologi Industri
quipper-177,-,banpt-2144,-,KEPENDIDIKAN DAN HUMANIORA,STUDI HUMANITAS,STUDI HUMANITAS,S1,BAIK,376,0,Ekonomi & Bisnis
-,rencanamu-176,-,-,-,ILMU TEOLOGI,TEOLOGI,S1,A,376,0,Ekonomi & Bisnis
-,-,banpt-2416,-,-,FARMASI,FARMASI,S1,BAIK SEKALI,463,0,Ekonomi & Bisnis
-,-,banpt-2416,-,-,FISIKA,FISIKA,S1,BAIK SEKALI,463,0,Ekonomi & Bisnis
-,-,banpt-2416,-,-,INFORMATIKA,INFORMATIKA,S1,BAIK SEKALI,463,0,Ekonomi & Bisnis
-,-,banpt-2416,-,-,MANAJEMEN,MANAJEMEN,S1,B,463,0,Ekonomi & Bisnis
-,-,banpt-2416,-,-,TEOLOGI,TEOLOGI,S1,B,463,0,Ekonomi & Bisnis
-,rencanamu-177,-,-,-,ADMINISTRASI PENDIDIKAN,ADMINISTRASI,S1,B,160,0,Ekonomi & Bisnis
quipper-101,rencanamu-177,banpt-3214,-,FAKULTAS EKONOMI DAN BISNIS,AKUNTANSI,AKUNTANSI,S1,B,160,2,Pendidikan & Keguruan
quipper-101,rencanamu-177,banpt-3214,-,FAKULTAS TEKNIK,TEKNIK ARSITEKTUR,ARSITEKTUR,S1,A,160,1,Teknik & Rekayasa
quipper-101,rencanamu-177,banpt-3214,-,FAKULTAS KEGURUAN DAN ILMU PENDIDIKAN,BIMBINGAN DAN KONSELING,BIMBINGAN KONSELING,S1,B,160,2,Pendidikan & Keguruan
quipper-101,rencanamu-177,banpt-3214,-,FAKULTAS KEGURUAN DAN ILMU PENDIDIKAN,PENDIDIKAN BIOLOGI,BIOLOGI,S1,B,160,2,Pendidikan & Keguruan
quipper-101,rencanamu-177,banpt-3214,-,FAKULTAS TEKNIK,TEKNIK ELEKTRO,ELEKTRO,S1,B,160,1,Teknik & Rekayasa
quipper-101,rencanamu-177,banpt-3214,-,FAKULTAS KEGURUAN DAN ILMU PENDIDIKAN,PENDIDIKAN FISIKA,FISIKA,S1,C,160,2,Pendidikan & Keguruan
-,rencanamu-177,-,-,-,FISIOTERAPI,FISIOTERAPI,S1,B,160,0,Ekonomi & Bisnis
quipper-101,rencanamu-177,banpt-3214,-,FAKULTAS ILMU SOSIAL DAN ILMU POLITIK,ILMU HUBUNGAN INTERNASIONAL,HUBUNGAN INTERNASIONAL,S1,A,160,0,Ekonomi & Bisnis
quipper-101,rencanamu-177,banpt-3214,-,FAKULTAS HUKUM,ILMU HUKUM,HUKUM,S1,A,160,3,Hukum
quipper-101,rencanamu-177,banpt-3214,-,FAKULTAS ILMU SOSIAL DAN ILMU POLITIK,ILMU KOMUNIKASI,ILMU KOMUNIKASI,S1,B,160,0,Ekonomi & Bisnis
quipper-101,rencanamu-177,banpt-3214,-,FAKULTAS KEDOKTERAN,KEDOKTERAN,KEDOKTERAN,S1,B,160,0,Ekonomi & Bisnis
-,rencanamu-177,-,-,-,KEPERAWATAN,KEPERAWATAN,S1,C,160,0,Ekonomi & Bisnis
-,rencanamu-177,-,-,-,KEUANGAN DAN PERBANKAN,KEUANGAN PERBANKAN,S1,B,160,0,Ekonomi & Bisnis
quipper-101,rencanamu-177,banpt-3214,-,FAKULTAS KEGURUAN DAN ILMU PENDIDIKAN,PENDIDIKAN KIMIA,KIMIA,S1,C,160,2,Pendidikan & Keguruan
quipper-101,rencanamu-177,banpt-3214,-,FAKULTAS EKONOMI DAN BISNIS,MANAJEMEN,MANAJEMEN,S1,B,160,0,Ekonomi & Bisnis
quipper-101,rencanamu-177,banpt-3214,-,FAKULTAS KEGURUAN DAN ILMU PENDIDIKAN,PENDIDIKAN MATEMATIKA,MATEMATIKA,S1,B,160,2,Pendidikan & Keguruan
quipper-101,rencanamu-177,banpt-3214,-,FAKULTAS TEKNIK,TEKNIK MESIN,MESIN,S1,B,160,1,Teknik & Rekayasa
-,rencanamu-177,-,-,-,MANAJEMEN PERPAJAKAN,PERPAJAKAN,S1,B,160,0,Ekonomi & Bisnis
quipper-101,rencanamu-177,banpt-3214,-,FAKULTAS ILMU SOSIAL DAN ILMU POLITIK,ILMU POLITIK,POLITIK,S1,C,160,0,Ekonomi & Bisnis
quipper-101,rencanamu-177,banpt-3214,-,FAKULTAS SASTRA DAN BAHASA,SASTRA INGGRIS,SASTRA INGGRIS,S1,B,160,0,Ekonomi & Bisnis
quipper-101,rencanamu-177,banpt-3214,-,FAKULTAS TEKNIK,TEKNIK SIPIL,SIPIL,S1,B,160,1,Teknik & Rekayasa
-,rencanamu-179,banpt-3561,-,-,AKUNTANSI,AKUNTANSI,S1,B,471,0,Ekonomi & Bisnis
-,-,banpt-3561,-,-,PENDIDIKAN BIOLOGI,BIOLOGI,S1,BAIK,471,0,Ekonomi & Bisnis
-,rencanamu-179,banpt-3561,-,-,TEKNIK ELEKTRO,ELEKTRO,S1,B,471,0,Ekonomi & Bisnis
-,rencanamu-179,banpt-3561,-,-,ILMU HUKUM,HUKUM,S1,B,471,0,Ekonomi & Bisnis
-,rencanamu-179,banpt-3561,-,-,TEKNIK INFORMATIKA,INFORMATIKA,S1,C,471,0,Ekonomi & Bisnis
-,rencanamu-179,banpt-3561,-,-,TEKNIK KIMIA,KIMIA,S1,BAIK SEKALI,471,0,Ekonomi & Bisnis
-,rencanamu-179,banpt-3561,-,-,MANAJEMEN,MANAJEMEN,S1,B,471,0,Ekonomi & Bisnis
-,-,banpt-3561,-,-,PENDIDIKAN MATEMATIKA,MATEMATIKA,S1,BAIK,471,0,Ekonomi & Bisnis
-,rencanamu-179,banpt-3561,-,-,TEKNIK MESIN,MESIN,S1,B,471,0,Ekonomi & Bisnis
-,rencanamu-179,banpt-3561,-,-,TEKNIK SIPIL,SIPIL,S1,C,471,0,Ekonomi & Bisnis
-,-,banpt-3561,-,-,SISTEM INFORMASI,SISTEM INFORMASI,S1,BAIK,471,0,Ekonomi & Bisnis
-,-,banpt-3406,-,-,AGRIBISNIS,AGRIBISNIS,S1,BAIK,151,0,Ekonomi & Bisnis
-,-,banpt-3406,-,-,AGROTEKNOLOGI,AGROTEKNOLOGI,S1,BAIK,151,0,Ekonomi & Bisnis
-,-,banpt-3406,-,-,ARSITEKTUR,ARSITEKTUR,S1,BAIK,151,0,Ekonomi & Bisnis
-,-,banpt-3406,-,-,BIOLOGI,BIOLOGI,S1,BAIK,151,0,Ekonomi & Bisnis
-,-,banpt-3406,-,-,PENDIDIKAN EKONOMI,EKONOMI,S1,BAIK,151,0,Ekonomi & Bisnis
-,-,banpt-3406,-,-,FARMASI,FARMASI,S1,BAIK,151,0,Ekonomi & Bisnis
-,-,banpt-3406,-,-,ILMU HUKUM,HUKUM,S1,BAIK,151,0,Ekonomi & Bisnis
-,-,banpt-3406,-,-,PSIKOLOGI,PSIKOLOGI,S1,BAIK,151,0,Ekonomi & Bisnis
-,-,banpt-3406,-,-,TEKNIK SIPIL,SIPIL,S1,BAIK,151,0,Ekonomi & Bisnis
-,-,banpt-3406,-,-,TEOLOGI KRISTEN PROTESTAN,TEOLOGI,S1,BAIK,151,0,Ekonomi & Bisnis
-,-,banpt-3822,-,-,AGROTEKNOLOGI,AGROTEKNOLOGI,S1,B,1109,0,Ekonomi & Bisnis
-,-,banpt-3822,-,-,TEKNIK ELEKTRO,ELEKTRO,S1,BAIK,1109,0,Ekonomi & Bisnis
-,-,banpt-3822,-,-,PENDIDIKAN FISIKA,FISIKA,S1,BAIK,1109,0,Ekonomi & Bisnis
-,-,banpt-3822,-,-,PENDIDIKAN GURU SEKOLAH DASAR,GURU SEKOLAH DASAR,S1,UNGGUL,1109,0,Ekonomi & Bisnis
-,-,banpt-3822,-,-,TEKNIK INFORMATIKA,INFORMATIKA,S1,BAIK SEKALI,1109,0,Ekonomi & Bisnis
-,-,banpt-3822,-,-,MANAJEMEN,MANAJEMEN,S1,BAIK SEKALI,1109,0,Ekonomi & Bisnis
-,-,banpt-3822,-,-,PENDIDIKAN MATEMATIKA,MATEMATIKA,S1,UNGGUL,1109,0,Ekonomi & Bisnis
-,-,banpt-3822,-,-,TEKNIK MESIN,MESIN,S1,BAIK SEKALI,1109,0,Ekonomi & Bisnis
-,-,banpt-3822,-,-,PARIWISATA,PARIWISATA,S1,BAIK,1109,0,Ekonomi & Bisnis
-,-,banpt-3822,-,-,TEKNIK SIPIL,SIPIL,S1,BAIK,1109,0,Ekonomi & Bisnis
-,-,banpt-3822,-,-,TEKNOLOGI PENDIDIKAN,TEKNOLOGI,S1,BAIK,1109,0,Ekonomi & Bisnis
-,-,banpt-3822,-,-,TEOLOGI,TEOLOGI,S1,B,1109,0,Ekonomi & Bisnis
quipper-4,rencanamu-180,banpt-1706,-,FAKULTAS EKONOMI DAN BISNIS,AKUNTANSI,AKUNTANSI,S1,A,76,2,Pendidikan & Keguruan
quipper-4,rencanamu-180,banpt-1706,-,FAKULTAS TEKNIK DAN ILMU KOMPUTER,TEKNIK ELEKTRO,ELEKTRO,S1,B,76,0,Ekonomi & Bisnis
quipper-4,rencanamu-180,banpt-1706,-,FAKULTAS TEKNIK DAN ILMU KOMPUTER,TEKNIK INDUSTRI,INDUSTRI,S1,B,76,0,Ekonomi & Bisnis
quipper-4,rencanamu-180,banpt-1706,-,FAKULTAS TEKNIK DAN ILMU KOMPUTER,TEKNIK INFORMATIKA,INFORMATIKA,S1,B,76,1,Teknik & Rekayasa
quipper-4,rencanamu-180,banpt-1706,-,FAKULTAS KEDOKTERAN DAN ILMU KESEHATAN,PENDIDIKAN DOKTER,KEDOKTERAN,S1,B,76,0,Ekonomi & Bisnis
quipper-4,-,banpt-1706,-,FAKULTAS KEDOKTERAN DAN ILMU KESEHATAN,ILMU KEPERAWATAN,KEPERAWATAN,S1,BAIK,76,0,Ekonomi & Bisnis
quipper-4,rencanamu-180,banpt-1706,-,FAKULTAS EKONOMI DAN BISNIS,MANAJEMEN,MANAJEMEN,S1,A,76,0,Ekonomi & Bisnis
quipper-4,rencanamu-180,banpt-1706,-,FAKULTAS PSIKOLOGI,PSIKOLOGI,PSIKOLOGI,S1,A,76,0,Ekonomi & Bisnis
quipper-4,rencanamu-180,banpt-1706,-,FAKULTAS ILMU SOSIAL DAN HUMANIORA,SASTRA INGGRIS,SASTRA INGGRIS,S1,B,76,0,Ekonomi & Bisnis
quipper-4,rencanamu-180,banpt-1706,-,FAKULTAS TEKNIK DAN ILMU KOMPUTER,TEKNIK SIPIL,SIPIL,S1,B,76,5,Sains & Teknologi
quipper-4,rencanamu-180,banpt-1706,-,FAKULTAS TEKNIK DAN ILMU KOMPUTER,SISTEM INFORMASI,SISTEM INFORMASI,S1,B,76,4,Teknologi Industri
-,rencanamu-181,banpt-1859,-,-,AKUNTANSI,AKUNTANSI,S1,A,81,0,Ekonomi & Bisnis
-,-,banpt-1859,-,-,ARSITEKTUR,ARSITEKTUR,S1,BAIK,81,0,Ekonomi & Bisnis
-,-,banpt-1859,-,-,BIOTEKNOLOGI,BIOTEKNOLOGI,S1,BAIK,81,0,Ekonomi & Bisnis
-,rencanamu-181,banpt-1859,-,-,DESAIN INTERIOR,DESAIN INTERIOR,S1,A,81,0,Ekonomi & Bisnis
-,rencanamu-181,banpt-1859,-,-,DESAIN KOMUNIKASI VISUAL,DESAIN KOMUNIKASI VISUAL,S1,B,81,0,Ekonomi & Bisnis
-,rencanamu-181,banpt-1859,-,-,TEKNIK ELEKTRO,ELEKTRO,S1,A,81,0,Ekonomi & Bisnis
-,rencanamu-181,banpt-1859,-,-,ILMU HUKUM,HUKUM,S1,B,81,0,Ekonomi & Bisnis
-,rencanamu-181,banpt-1859,-,-,TEKNIK INDUSTRI,INDUSTRI,S1,B,81,0,Ekonomi & Bisnis
-,rencanamu-181,banpt-1859,-,-,TEKNIK INFORMATIKA,INFORMATIKA,S1,B,81,0,Ekonomi & Bisnis
-,rencanamu-181,banpt-1859,-,-,ILMU KEDOKTERAN,KEDOKTERAN,S1,B,81,0,Ekonomi & Bisnis
-,rencanamu-181,banpt-1859,-,-,PENDIDIKAN DOKTER GIGI,KEDOKTERAN GIGI,S1,B,81,0,Ekonomi & Bisnis
-,rencanamu-181,banpt-1859,-,-,MANAJEMEN,MANAJEMEN,S1,A,81,0,Ekonomi & Bisnis
-,rencanamu-181,banpt-1859,-,-,ILMU PSIKOLOGI,PSIKOLOGI,S1,B,81,0,Ekonomi & Bisnis
-,rencanamu-181,banpt-1859,-,-,SASTRA CINA,SASTRA CINA,S1,B,81,0,Ekonomi & Bisnis
-,rencanamu-181,banpt-1859,-,-,SASTRA INGGRIS,SASTRA INGGRIS,S1,B,81,0,Ekonomi & Bisnis
-,rencanamu-181,banpt-1859,-,-,SASTRA JEPANG,SASTRA JEPANG,S1,B,81,0,Ekonomi & Bisnis
-,rencanamu-181,banpt-1859,-,-,TEKNIK SIPIL,SIPIL,S1,B,81,0,Ekonomi & Bisnis
-,rencanamu-181,banpt-1859,-,-,SISTEM INFORMASI,SISTEM INFORMASI,S1,B,81,0,Ekonomi & Bisnis
-,rencanamu-181,banpt-1859,-,-,SISTEM KOMPUTER,SISTEM KOMPUTER,S1,B,81,0,Ekonomi & Bisnis
-,-,banpt-3036,-,-,BUDIDAYA PERAIRAN,BUDIDAYA PERAIRAN,S1,BAIK SEKALI,472,0,Ekonomi & Bisnis
-,-,banpt-3036,-,-,ILMU PEMERINTAHAN,PEMERINTAHAN,S1,BAIK,472,0,Ekonomi & Bisnis
-,-,banpt-3440,-,-,AGRIBISNIS,AGRIBISNIS,S1,BAIK,1162,0,Ekonomi & Bisnis
-,-,banpt-3440,-,-,MANAJEMEN SUMBER DAYA PERAIRAN,BUDIDAYA PERAIRAN,S1,BAIK,1162,0,Ekonomi & Bisnis
-,-,banpt-3440,-,-,HUKUM,HUKUM,S1,B,1162,0,Ekonomi & Bisnis
-,-,banpt-3440,-,-,MANAJEMEN,MANAJEMEN,S1,BAIK,1162,0,Ekonomi & Bisnis
-,-,banpt-3440,-,-,TEKNIK MESIN,MESIN,S1,BAIK,1162,0,Ekonomi & Bisnis
quipper-34,rencanamu-182,banpt-2230,-,SCHOOL OF BUSINESS AND MANAGEMENT,AKUNTANSI BISNIS,AKUNTANSI,S1,A,176,2,Pendidikan & Keguruan
quipper-34,rencanamu-182,banpt-2230,-,CIVIL ENGINEERING AND PLANNING,ARSITEKTUR,ARSITEKTUR,S1,A,176,0,Ekonomi & Bisnis
quipper-34,-,-,-,INDUSTRIAL TECHNOLOGY,TEKNIK BISNIS INTERNASIONAL,BISNIS,S1,-,176,0,Ekonomi & Bisnis
quipper-34,-,-,-,INDUSTRIAL TECHNOLOGY,ILMU PENGETAHUAN DAN ANALITIK DATA,DATA SAINS,S1,-,176,0,Ekonomi & Bisnis
quipper-34,rencanamu-182,banpt-2230,-,HUMANITIES AND CREATIVE INDUSTRIES,DESAIN PRODUK INTERIOR,DESAIN INTERIOR,S1,A,176,0,Ekonomi & Bisnis
quipper-34,rencanamu-182,banpt-2230,-,HUMANITIES AND CREATIVE INDUSTRIES,PROGRAM INTERNASIONAL DI MEDIA DIGITAL,DESAIN KOMUNIKASI VISUAL,S1,A,176,0,Ekonomi & Bisnis
-,rencanamu-182,banpt-2230,-,-,TEKNIK ELEKTRO,ELEKTRO,S1,A,176,0,Ekonomi & Bisnis
quipper-34,-,-,-,HUMANITIES AND CREATIVE INDUSTRIES,DESAIN TEKSTIL DAN FASHION,FASHION,S1,-,176,0,Ekonomi & Bisnis
quipper-34,rencanamu-182,banpt-2230,-,TEACHER EDUCATION,PENDIDIKAN GURU ANAK DINI,GURU ANAK USIA DINI,S1,BAIK,176,0,Ekonomi & Bisnis
quipper-34,rencanamu-182,banpt-2230,-,TEACHER EDUCATION,PENDIDIKAN GURU DASAR,GURU SEKOLAH DASAR,S1,C,176,0,Ekonomi & Bisnis
quipper-34,rencanamu-182,banpt-2230,-,HUMANITIES AND CREATIVE INDUSTRIES,KOMUNIKASI STRATEGIS,ILMU KOMUNIKASI,S1,A,176,0,Ekonomi & Bisnis
-,rencanamu-182,banpt-2230,-,-,TEKNIK INDUSTRI,INDUSTRI,S1,A,176,0,Ekonomi & Bisnis
quipper-34,rencanamu-182,banpt-2230,-,INDUSTRIAL TECHNOLOGY,INFORMATIKA,INFORMATIKA,S1,A,176,1,Teknik & Rekayasa
-,-,banpt-2230,-,-,KEDOKTERAN,KEDOKTERAN,S1,BAIK,176,0,Ekonomi & Bisnis
-,-,banpt-2230,-,-,KEDOKTERAN GIGI,KEDOKTERAN GIGI,S1,BAIK,176,0,Ekonomi & Bisnis
quipper-34,-,-,-,INDUSTRIAL TECHNOLOGY,TEKNIK LISTRIK. INTERNET HAL,KELISTRIKAN,S1,-,176,0,Ekonomi & Bisnis
quipper-34,-,-,-,SCHOOL OF BUSINESS AND MANAGEMENT,KEUANGAN DAN INVESTASI,KEUANGAN PERBANKAN,S1,-,176,0,Ekonomi & Bisnis
quipper-34,-,-,-,INDUSTRIAL TECHNOLOGY,LOGISTIK GLOBAL DAN RANTAI PASOKAN,LOGISTIK,S1,-,176,0,Ekonomi & Bisnis
-,rencanamu-182,banpt-2230,-,-,MANAJEMEN,MANAJEMEN,S1,A,176,0,Ekonomi & Bisnis
quipper-34,-,-,-,SCHOOL OF BUSINESS AND MANAGEMENT,MANAJEMEN BISNIS INTERNASIONAL,MANAJEMEN BISNIS INTERNASIONAL,S1,-,176,0,Ekonomi & Bisnis
quipper-34,-,-,-,SCHOOL OF BUSINESS AND MANAGEMENT,MANAJEMEN PEMASARAN,MARKETING,S1,-,176,0,Ekonomi & Bisnis
quipper-34,rencanamu-182,banpt-2230,-,INDUSTRIAL TECHNOLOGY,TEKNIK DAN DESAIN MESIN BERKELANJUTAN,MESIN,S1,A,176,0,Ekonomi & Bisnis
quipper-34,-,-,-,INDUSTRIAL TECHNOLOGY,TEKNIK INDUSTRI OTOMOTIF,OTOMOTIF,S1,-,176,0,Ekonomi & Bisnis
quipper-34,-,-,-,SCHOOL OF BUSINESS AND MANAGEMENT,PARIWISATA KREATIF,PARIWISATA,S1,-,176,0,Ekonomi & Bisnis
quipper-34,-,-,-,SCHOOL OF BUSINESS AND MANAGEMENT,MANAJEMEN HOTEL,PERHOTELAN,S1,-,176,0,Ekonomi & Bisnis
quipper-34,-,-,-,SCHOOL OF BUSINESS AND MANAGEMENT,AKUNTANSI PAJAK,PERPAJAKAN,S1,-,176,0,Ekonomi & Bisnis
quipper-34,rencanamu-182,-,-,HUMANITIES AND CREATIVE INDUSTRIES,CINA,SASTRA CINA,S1,B,176,0,Ekonomi & Bisnis
-,rencanamu-182,banpt-2230,-,-,SASTRA INGGRIS,SASTRA INGGRIS,S1,A,176,0,Ekonomi & Bisnis
quipper-34,rencanamu-182,banpt-2230,-,CIVIL ENGINEERING AND PLANNING,TEKNIK SIPIL,SIPIL,S1,A,176,5,Sains & Teknologi
quipper-34,-,-,-,INDUSTRIAL TECHNOLOGY,SISTEM INFORMASI BISNIS,SISTEM INFORMASI,S1,-,176,4,Teknologi Industri
-,-,banpt-2230,-,-,TEKNOLOGI PANGAN,TEKNOLOGI PANGAN,S1,TERAKREDITASI SEMENTARA,176,0,Ekonomi & Bisnis
quipper-704,rencanamu-183,banpt-2686,-,FAKULTAS PERTANIAN DAN BISNIS,AGRIBISNIS,AGRIBISNIS,S1,B,34,0,Ekonomi & Bisnis
quipper-704,rencanamu-183,banpt-2686,-,FAKULTAS PERTANIAN DAN BISNIS,AGROTEKNOLOGI,AGROTEKNOLOGI,S1,A,34,0,Ekonomi & Bisnis
quipper-704,-,banpt-2686,-,FAKULTAS EKONOMIKA DAN BISNIS,AKUNTANSI,AKUNTANSI,S1,UNGGUL,34,2,Pendidikan & Keguruan
-,rencanamu-183,banpt-2686,-,-,BIMBINGAN DAN KONSELING,BIMBINGAN KONSELING,S1,A,34,0,Ekonomi & Bisnis
quipper-704,rencanamu-183,banpt-2686,-,FAKULTAS BIOLOGI,BIOLOGI,BIOLOGI,S1,A,34,0,Ekonomi & Bisnis
-,-,banpt-2686,-,-,BISNIS DIGITAL,BISNIS DIGITAL,S1,BAIK SEKALI,34,0,Ekonomi & Bisnis
quipper-704,-,-,-,FAKULTAS TEKNOLOGI INFORMASI,DESAIN,DESAIN,S1,-,34,0,Ekonomi & Bisnis
-,rencanamu-183,banpt-2686,-,-,DESAIN DAN KOMUNIKASI VISUAL,DESAIN KOMUNIKASI VISUAL,S1,A,34,0,Ekonomi & Bisnis
-,rencanamu-183,banpt-2686,-,-,PENDIDIKAN EKONOMI,EKONOMI,S1,B,34,0,Ekonomi & Bisnis
-,rencanamu-183,-,-,-,EKONOMI PEMBANGUNAN,EKONOMI PEMBANGUNAN,S1,-,34,0,Ekonomi & Bisnis
quipper-704,rencanamu-183,banpt-2686,-,FAKULTAS TEKNIK ELEKTRONIKA DAN KOMPUTER,TEKNIK ELEKTRO,ELEKTRO,S1,B,34,0,Ekonomi & Bisnis
quipper-704,rencanamu-183,banpt-2686,-,FAKULTAS SAINS DAN MATEMATIKA,FISIKA,FISIKA,S1,B,34,0,Ekonomi & Bisnis
quipper-704,rencanamu-183,banpt-2686,-,FAKULTAS KEDOKTERAN DAN ILMU KESEHATAN,GIZI,GIZI,S1,C,34,0,Ekonomi & Bisnis
quipper-704,-,-,-,FAKULTAS BIOLOGI,KEGURUAN & PENDIDIKAN,GURU,S1,-,34,0,Ekonomi & Bisnis
-,-,banpt-2686,-,-,PENDIDIKAN GURU PENDIDIKAN ANAK USIA DINI,GURU ANAK USIA DINI,S1,BAIK SEKALI,34,0,Ekonomi & Bisnis
-,rencanamu-183,-,-,-,PENDIDIKAN GURU PAUD,GURU PAUD,S1,B,34,0,Ekonomi & Bisnis
quipper-704,rencanamu-183,banpt-2686,-,FAKULTAS KEGURUAN DAN ILMU PENDIDIKAN,PENDIDIKAN GURU SEKOLAH DASAR,GURU SEKOLAH DASAR,S1,B,34,2,Pendidikan & Keguruan
quipper-704,rencanamu-183,banpt-2686,-,FAKULTAS ILMU SOSIAL DAN ILMU KOMUNIKASI,HUBUNGAN INTERNASIONAL,HUBUNGAN INTERNASIONAL,S1,B,34,0,Ekonomi & Bisnis
-,-,banpt-2686,-,-,HUBUNGAN MASYARAKAT,HUBUNGAN MASYARAKAT,S1,UNGGUL,34,0,Ekonomi & Bisnis
quipper-704,rencanamu-183,banpt-2686,-,FAKULTAS HUKUM,ILMU HUKUM,HUKUM,S1,A,34,3,Hukum
quipper-704,rencanamu-183,banpt-2686,-,FAKULTAS ILMU SOSIAL DAN ILMU KOMUNIKASI,ILMU KOMUNIKASI,ILMU KOMUNIKASI,S1,B,34,0,Ekonomi & Bisnis
quipper-704,-,banpt-2686,-,FAKULTAS TEKNOLOGI INFORMASI,ILMU PERPUSTAKAAN,ILMU PERPUSTAKAAN,S1,B,34,0,Ekonomi & Bisnis
quipper-704,rencanamu-183,banpt-2686,-,FAKULTAS TEKNOLOGI INFORMASI,TEKNIK INFORMATIKA,INFORMATIKA,S1,B,34,1,Teknik & Rekayasa
-,rencanamu-183,banpt-2686,-,-,"PENDIDIKAN JASMANI, KESEHATAN DAN REKREASI",JASMANI,S1,C,34,0,Ekonomi & Bisnis
quipper-704,rencanamu-183,banpt-2686,-,FAKULTAS KEDOKTERAN DAN ILMU KESEHATAN,ILMU KEPERAWATAN,KEPERAWATAN,S1,B,34,0,Ekonomi & Bisnis
quipper-704,rencanamu-183,banpt-2686,-,FAKULTAS SAINS DAN MATEMATIKA,KIMIA,KIMIA,S1,B,34,0,Ekonomi & Bisnis
quipper-704,-,banpt-2686,-,FAKULTAS TEKNIK ELEKTRONIKA DAN KOMPUTER,ILMU KOMPUTER,KOMPUTER,S1,BAIK SEKALI,34,0,Ekonomi & Bisnis
-,rencanamu-183,banpt-2686,-,-,MANAJEMEN,MANAJEMEN,S1,A,34,0,Ekonomi & Bisnis
quipper-704,rencanamu-183,banpt-2686,-,FAKULTAS KEGURUAN DAN ILMU PENDIDIKAN,PENDIDIKAN MATEMATIKA,MATEMATIKA,S1,B,34,2,Pendidikan & Keguruan
quipper-704,-,-,-,FAKULTAS KEDOKTERAN DAN ILMU KESEHATAN,PENDIDIKAN OLAHRAGA,OLAHRAGA,S1,-,34,0,Ekonomi & Bisnis
-,rencanamu-183,banpt-2686,-,-,PENDIDIKAN PANCASILA DAN KEWARGANEGARAAN,PANCASILA KEWARGANEGARAAN,S1,B,34,0,Ekonomi & Bisnis
quipper-704,-,-,-,FAKULTAS TEKNOLOGI INFORMASI,PARIWISATA,PARIWISATA,S1,-,34,0,Ekonomi & Bisnis
quipper-704,rencanamu-183,banpt-2686,-,FAKULTAS PSIKOLOGI,PSIKOLOGI,PSIKOLOGI,S1,A,34,0,Ekonomi & Bisnis
quipper-704,-,banpt-2686,-,FAKULTAS BAHASA DAN SENI,SASTRA INGGRIS,SASTRA INGGRIS,S1,BAIK SEKALI,34,0,Ekonomi & Bisnis
-,-,banpt-2686,-,-,PENDIDIKAN SEJARAH,SEJARAH,S1,BAIK SEKALI,34,0,Ekonomi & Bisnis
quipper-704,-,banpt-2686,-,FAKULTAS BAHASA DAN SENI,MUSIK,SENI MUSIK,S1,BAIK SEKALI,34,0,Ekonomi & Bisnis
quipper-704,rencanamu-183,banpt-2686,-,FAKULTAS TEKNOLOGI INFORMASI,SISTEM INFORMASI,SISTEM INFORMASI,S1,A,34,4,Teknologi Industri
quipper-704,rencanamu-183,banpt-2686,-,FAKULTAS ILMU SOSIAL DAN ILMU KOMUNIKASI,SOSIOLOGI,SOSIOLOGI,S1,A,34,0,Ekonomi & Bisnis
quipper-704,-,banpt-2686,-,FAKULTAS KEDOKTERAN DAN ILMU KESEHATAN,ILMU DAN TEKNOLOGI PANGAN,TEKNOLOGI PANGAN,S1,BAIK SEKALI,34,0,Ekonomi & Bisnis
quipper-704,rencanamu-183,banpt-2686,-,FAKULTAS TEOLOGI,TEOLOGI,TEOLOGI,S1,A,34,0,Ekonomi & Bisnis
-,-,banpt-2390,-,-,AKUNTANSI,AKUNTANSI,S1,BAIK,989,0,Ekonomi & Bisnis
-,-,banpt-2390,-,-,TEKNIK INFORMATIKA,INFORMATIKA,S1,BAIK,989,0,Ekonomi & Bisnis
-,-,banpt-2390,-,-,TEKNIK LINGKUNGAN,LINGKUNGAN,S1,BAIK,989,0,Ekonomi & Bisnis
-,-,banpt-2390,-,-,MANAJEMEN,MANAJEMEN,S1,BAIK,989,0,Ekonomi & Bisnis
-,-,banpt-907,-,-,AGRIBISNIS,AGRIBISNIS,S1,BAIK,1282,0,Ekonomi & Bisnis
-,-,banpt-907,-,-,PENDIDIKAN BIOLOGI,BIOLOGI,S1,C,1282,0,Ekonomi & Bisnis
-,-,banpt-907,-,-,EKONOMI PEMBANGUNAN,EKONOMI PEMBANGUNAN,S1,BAIK,1282,0,Ekonomi & Bisnis
-,-,banpt-907,-,-,PENDIDIKAN GURU PENDIDIKAN ANAK USIA DINI,GURU ANAK USIA DINI,S1,BAIK,1282,0,Ekonomi & Bisnis
-,-,banpt-907,-,-,MANAJEMEN,MANAJEMEN,S1,BAIK,1282,0,Ekonomi & Bisnis
-,-,banpt-907,-,-,PENDIDIKAN MATEMATIKA,MATEMATIKA,S1,BAIK,1282,0,Ekonomi & Bisnis
-,-,banpt-907,-,-,SOSIOLOGI,SOSIOLOGI,S1,BAIK,1282,0,Ekonomi & Bisnis
-,-,banpt-3715,-,-,AGRIBISNIS,AGRIBISNIS,S1,BAIK,299,0,Ekonomi & Bisnis
-,-,banpt-3715,-,-,AGROTEKNOLOGI,AGROTEKNOLOGI,S1,BAIK,299,0,Ekonomi & Bisnis
-,-,banpt-3715,-,-,PENDIDIKAN BIOLOGI,BIOLOGI,S1,BAIK,299,0,Ekonomi & Bisnis
-,-,banpt-3715,-,-,EKONOMI PEMBANGUNAN,EKONOMI PEMBANGUNAN,S1,BAIK,299,0,Ekonomi & Bisnis
-,-,banpt-3715,-,-,HUKUM,HUKUM,S1,BAIK,299,0,Ekonomi & Bisnis
-,-,banpt-3715,-,-,TEKNIK INFORMATIKA,INFORMATIKA,S1,BAIK,299,0,Ekonomi & Bisnis
-,-,banpt-3715,-,-,MANAJEMEN,MANAJEMEN,S1,BAIK SEKALI,299,0,Ekonomi & Bisnis
-,-,banpt-3715,-,-,PENDIDIKAN MATEMATIKA,MATEMATIKA,S1,BAIK,299,0,Ekonomi & Bisnis
-,-,banpt-3715,-,-,PETERNAKAN,PETERNAKAN,S1,BAIK,299,0,Ekonomi & Bisnis
-,-,banpt-3715,-,-,SISTEM INFORMASI,SISTEM INFORMASI,S1,BAIK,299,0,Ekonomi & Bisnis
-,-,banpt-3715,-,-,TEKNOLOGI HASIL PERIKANAN,TEKNOLOGI HASIL PERIKANAN,S1,BAIK,299,0,Ekonomi & Bisnis
-,rencanamu-184,banpt-1990,-,-,AKUNTANSI,AKUNTANSI,S1,B,524,0,Ekonomi & Bisnis
-,rencanamu-184,banpt-1990,-,-,PENDIDIKAN BIOLOGI,BIOLOGI,S1,B,524,0,Ekonomi & Bisnis
-,-,banpt-1990,-,-,BISNIS DIGITAL,BISNIS DIGITAL,S1,BAIK,524,0,Ekonomi & Bisnis
-,rencanamu-184,banpt-1990,-,-,DESAIN KOMUNIKASI VISUAL,DESAIN KOMUNIKASI VISUAL,S1,BAIK,524,0,Ekonomi & Bisnis
-,rencanamu-184,banpt-1990,-,-,PENDIDIKAN EKONOMI,EKONOMI,S1,B,524,0,Ekonomi & Bisnis
-,rencanamu-184,banpt-1990,-,-,PENDIDIKAN GURU SD,GURU SEKOLAH DASAR,S1,B,524,0,Ekonomi & Bisnis
-,rencanamu-184,banpt-1990,-,-,ILMU HUKUM,HUKUM,S1,B,524,0,Ekonomi & Bisnis
-,rencanamu-184,banpt-1990,-,-,TEKNIK INFORMATIKA,INFORMATIKA,S1,C,524,0,Ekonomi & Bisnis
-,rencanamu-184,banpt-1990,-,-,KEHUTANAN,KEHUTANAN,S1,B,524,0,Ekonomi & Bisnis
-,-,banpt-1990,-,-,ILMU LINGKUNGAN,LINGKUNGAN,S1,BAIK,524,0,Ekonomi & Bisnis
-,rencanamu-184,banpt-1990,-,-,MANAJEMEN,MANAJEMEN,S1,B,524,0,Ekonomi & Bisnis
-,rencanamu-184,-,-,-,MANAJEMEN INFORMATIKA,MANAJEMEN INFORMATIKA,S1,C,524,0,Ekonomi & Bisnis
-,rencanamu-184,banpt-1990,-,-,PENDIDIKAN MATEMATIKA,MATEMATIKA,S1,B,524,0,Ekonomi & Bisnis
-,rencanamu-184,banpt-1990,-,-,SISTEM INFORMASI,SISTEM INFORMASI,S1,B,524,0,Ekonomi & Bisnis
-,-,banpt-688,-,-,ADMINISTRASI KESEHATAN,ADMINISTRASI KESEHATAN,S1,BAIK SEKALI,855,0,Ekonomi & Bisnis
-,-,banpt-688,-,-,ADMINISTRASI RUMAH SAKIT,ADMINISTRASI RUMAH SAKIT,S1,BAIK SEKALI,855,0,Ekonomi & Bisnis
-,-,banpt-688,-,-,FARMASI,FARMASI,S1,BAIK SEKALI,855,0,Ekonomi & Bisnis
-,-,banpt-688,-,-,GIZI,GIZI,S1,B,855,0,Ekonomi & Bisnis
-,-,banpt-688,-,-,KEBIDANAN,KEBIDANAN,S1,BAIK SEKALI,855,0,Ekonomi & Bisnis
-,-,banpt-688,-,-,KEPERAWATAN,KEPERAWATAN,S1,BAIK SEKALI,855,0,Ekonomi & Bisnis
-,-,banpt-3631,-,-,ADMINISTRASI PUBLIK,ADMINISTRASI PUBLIK,S1,BAIK SEKALI,769,0,Ekonomi & Bisnis
-,-,banpt-3631,-,-,AGRIBISNIS,AGRIBISNIS,S1,B,769,0,Ekonomi & Bisnis
-,-,banpt-3631,-,-,AGROTEKNOLOGI,AGROTEKNOLOGI,S1,B,769,0,Ekonomi & Bisnis
-,-,banpt-3631,-,-,PENDIDIKAN GURU PENDIDIKAN ANAK  USIA DINI,GURU ANAK USIA DINI,S1,BAIK,769,0,Ekonomi & Bisnis
-,-,banpt-3631,-,-,ILMU HUKUM,HUKUM,S1,B,769,0,Ekonomi & Bisnis
-,-,banpt-3631,-,-,MANAJEMEN,MANAJEMEN,S1,BAIK,769,0,Ekonomi & Bisnis
-,-,banpt-3631,-,-,TEKNIK PERTAMBANGAN,PERTAMBANGAN,S1,BAIK,769,0,Ekonomi & Bisnis
-,-,banpt-3631,-,-,TEKNOLOGI PENDIDIKAN,TEKNOLOGI,S1,BAIK SEKALI,769,0,Ekonomi & Bisnis
-,-,banpt-2363,-,-,AKUNTANSI,AKUNTANSI,S1,BAIK SEKALI,1420,0,Ekonomi & Bisnis
-,-,banpt-2363,-,-,PENDIDIKAN BIOLOGI,BIOLOGI,S1,BAIK,1420,0,Ekonomi & Bisnis
-,-,banpt-2363,-,-,GIZI,GIZI,S1,BAIK,1420,0,Ekonomi & Bisnis
-,-,banpt-2363,-,-,INFORMATIKA,INFORMATIKA,S1,BAIK,1420,0,Ekonomi & Bisnis
-,-,banpt-2363,-,-,MANAJEMEN,MANAJEMEN,S1,B,1420,0,Ekonomi & Bisnis
-,-,banpt-2363,-,-,PENDIDIKAN MATEMATIKA,MATEMATIKA,S1,BAIK,1420,0,Ekonomi & Bisnis
-,-,banpt-2363,-,-,SISTEM INFORMASI,SISTEM INFORMASI,S1,BAIK,1420,0,Ekonomi & Bisnis
-,-,banpt-2469,-,-,AGROTEKNOLOGI,AGROTEKNOLOGI,S1,BAIK,1161,0,Ekonomi & Bisnis
-,-,banpt-2469,-,-,AKUNTANSI,AKUNTANSI,S1,BAIK SEKALI,1161,0,Ekonomi & Bisnis
-,-,banpt-2469,-,-,PENDIDIKAN BIOLOGI,BIOLOGI,S1,B,1161,0,Ekonomi & Bisnis
-,-,banpt-2469,-,-,HUKUM,HUKUM,S1,B,1161,0,Ekonomi & Bisnis
-,-,banpt-2469,-,-,MANAJEMEN,MANAJEMEN,S1,BAIK SEKALI,1161,0,Ekonomi & Bisnis
-,-,banpt-2469,-,-,PENDIDIKAN MATEMATIKA,MATEMATIKA,S1,BAIK SEKALI,1161,0,Ekonomi & Bisnis
-,-,banpt-2469,-,-,PENDIDIKAN PANCASILA DAN KEWARGANEGARAAN,PANCASILA KEWARGANEGARAAN,S1,BAIK SEKALI,1161,0,Ekonomi & Bisnis
-,-,banpt-2469,-,-,SISTEM INFORMASI,SISTEM INFORMASI,S1,BAIK SEKALI,1161,0,Ekonomi & Bisnis
-,-,banpt-2469,-,-,TEKNOLOGI INFORMASI,TEKNOLOGI INFORMASI,S1,BAIK SEKALI,1161,0,Ekonomi & Bisnis
-,-,banpt-2634,-,-,PENDIDIKAN GURU SEKOLAH DASAR,GURU SEKOLAH DASAR,S1,BAIK,868,0,Ekonomi & Bisnis
-,-,banpt-2634,-,-,TEKNIK INFORMATIKA,INFORMATIKA,S1,B,868,0,Ekonomi & Bisnis
-,-,banpt-2634,-,-,MANAJEMEN,MANAJEMEN,S1,BAIK SEKALI,868,0,Ekonomi & Bisnis
-,-,banpt-2634,-,-,TEKNIK SIPIL,SIPIL,S1,BAIK,868,0,Ekonomi & Bisnis
-,-,banpt-2634,-,-,SISTEM INFORMASI,SISTEM INFORMASI,S1,BAIK,868,0,Ekonomi & Bisnis
-,-,banpt-2540,-,-,AKUNTANSI,AKUNTANSI,S1,B,945,0,Ekonomi & Bisnis
-,-,banpt-2540,-,-,ARSITEKTUR,ARSITEKTUR,S1,B,945,0,Ekonomi & Bisnis
-,-,banpt-2540,-,-,PENDIDIKAN EKONOMI,EKONOMI,S1,BAIK SEKALI,945,0,Ekonomi & Bisnis
-,-,banpt-2540,-,-,TEKNIK ELEKTRO,ELEKTRO,S1,BAIK SEKALI,945,0,Ekonomi & Bisnis
-,-,banpt-2540,-,-,PENDIDIKAN GURU SEKOLAH DASAR,GURU SEKOLAH DASAR,S1,BAIK,945,0,Ekonomi & Bisnis
-,-,banpt-2540,-,-,ILMU HUKUM,HUKUM,S1,UNGGUL,945,0,Ekonomi & Bisnis
-,-,banpt-2540,-,-,ILMU KOMUNIKASI,ILMU KOMUNIKASI,S1,B,945,0,Ekonomi & Bisnis
-,-,banpt-2540,-,-,TEKNIK INDUSTRI,INDUSTRI,S1,BAIK SEKALI,945,0,Ekonomi & Bisnis
-,-,banpt-2540,-,-,TEKNIK INFORMATIKA,INFORMATIKA,S1,BAIK SEKALI,945,0,Ekonomi & Bisnis
-,-,banpt-2540,-,-,ILMU KESEJAHTERAAN SOSIAL,KESEJAHTERAAN SOSIAL,S1,B,945,0,Ekonomi & Bisnis
-,-,banpt-2540,-,-,MANAJEMEN,MANAJEMEN,S1,BAIK SEKALI,945,0,Ekonomi & Bisnis
-,-,banpt-2540,-,-,PENDIDIKAN MATEMATIKA,MATEMATIKA,S1,B,945,0,Ekonomi & Bisnis
-,-,banpt-2540,-,-,ILMU PEMERINTAHAN,PEMERINTAHAN,S1,A,945,0,Ekonomi & Bisnis
-,-,banpt-2540,-,-,TEKNIK SIPIL,SIPIL,S1,BAIK SEKALI,945,0,Ekonomi & Bisnis
quipper-158,rencanamu-186,-,-,EKONOMI DAN BISNIS,AKUNTANSI,AKUNTANSI,S1,B,567,2,Pendidikan & Keguruan
quipper-158,rencanamu-186,-,-,TEKNIK,ARSITEKTUR,ARSITEKTUR,S1,B,567,0,Ekonomi & Bisnis
quipper-158,rencanamu-186,-,-,KEGURUAN DAN ILMU PENDIDIKAN,PENDIDIKAN EKONOMI,EKONOMI,S1,B,567,0,Ekonomi & Bisnis
quipper-158,rencanamu-186,-,-,TEKNIK,TEKNIK ELEKTRO,ELEKTRO,S1,B,567,0,Ekonomi & Bisnis
quipper-158,rencanamu-186,-,-,KEGURUAN DAN ILMU PENDIDIKAN,PENDIDIKAN GURU SEKOLAH DASAR,GURU SEKOLAH DASAR,S1,B,567,0,Ekonomi & Bisnis
quipper-158,rencanamu-186,-,-,HUKUM,ILMU HUKUM,HUKUM,S1,B,567,3,Hukum
quipper-158,rencanamu-186,-,-,ILMU SOSIAL DAN ILMU POLITIK,ILMU KOMUNIKASI,ILMU KOMUNIKASI,S1,B,567,0,Ekonomi & Bisnis
quipper-158,rencanamu-186,-,-,TEKNIK,TEKNIK INDUSTRI,INDUSTRI,S1,B,567,0,Ekonomi & Bisnis
quipper-158,rencanamu-186,-,-,TEKNIK,TEKNIK INFORMATIKA,INFORMATIKA,S1,B,567,1,Teknik & Rekayasa
quipper-158,rencanamu-186,-,-,ILMU SOSIAL DAN ILMU POLITIK,ILMU KESEJAHTERAAN SOSIAL,KESEJAHTERAAN SOSIAL,S1,B,567,0,Ekonomi & Bisnis
quipper-158,rencanamu-186,-,-,EKONOMI DAN BISNIS,MANAJEMEN,MANAJEMEN,S1,B,567,0,Ekonomi & Bisnis
quipper-158,rencanamu-186,-,-,KEGURUAN DAN ILMU PENDIDIKAN,PENDIDIKAN MATEMATIKA,MATEMATIKA,S1,B,567,0,Ekonomi & Bisnis
quipper-158,rencanamu-186,-,-,ILMU SOSIAL DAN ILMU POLITIK,ILMU PEMERINTAHAN,PEMERINTAHAN,S1,A,567,0,Ekonomi & Bisnis
quipper-158,rencanamu-186,-,-,TEKNIK,TEKNIK SIPIL,SIPIL,S1,B,567,5,Sains & Teknologi
-,-,banpt-1032,-,-,ILMU ADMINISTRASI NEGARA,ADMINISTRASI NEGARA,S1,BAIK,1494,0,Ekonomi & Bisnis
-,-,banpt-1032,-,-,ILMU ADMINISTRASI NIAGA,ADMINISTRASI NIAGA,S1,BAIK,1494,0,Ekonomi & Bisnis
-,-,banpt-1032,-,-,AKUAKULTUR,AKUAKULTUR,S1,BAIK,1494,0,Ekonomi & Bisnis
-,-,banpt-1032,-,-,EKONOMI PEMBANGUNAN,EKONOMI PEMBANGUNAN,S1,BAIK,1494,0,Ekonomi & Bisnis
-,-,banpt-1032,-,-,HUKUM,HUKUM,S1,BAIK,1494,0,Ekonomi & Bisnis
-,-,banpt-1032,-,-,MANAJEMEN,MANAJEMEN,S1,BAIK,1494,0,Ekonomi & Bisnis
-,-,banpt-1032,-,-,PENDIDIKAN MATEMATIKA,MATEMATIKA,S1,BAIK,1494,0,Ekonomi & Bisnis
-,-,banpt-1032,-,-,SOSIAL EKONOMI PERIKANAN,PERIKANAN,S1,BAIK,1494,0,Ekonomi & Bisnis
-,-,banpt-1032,-,-,TEKNOLOGI HASIL PERIKANAN,TEKNOLOGI HASIL PERIKANAN,S1,BAIK,1494,0,Ekonomi & Bisnis
-,-,banpt-1548,-,-,BISNIS DIGITAL,BISNIS DIGITAL,S1,BAIK,508,0,Ekonomi & Bisnis
-,-,banpt-1548,-,-,DESAIN KOMUNIKASI VISUAL,DESAIN KOMUNIKASI VISUAL,S1,TERAKREDITASI SEMENTARA,508,0,Ekonomi & Bisnis
-,-,banpt-1548,-,-,INFORMATIKA,INFORMATIKA,S1,BAIK,508,0,Ekonomi & Bisnis
-,-,banpt-1548,-,-,SISTEM INFORMASI,SISTEM INFORMASI,S1,BAIK,508,0,Ekonomi & Bisnis
-,-,banpt-223,-,-,ADMINISTRASI BISNIS,ADMINISTRASI BISNIS,S1,BAIK,70,0,Ekonomi & Bisnis
-,-,banpt-223,-,-,TEKNIK ELEKTRO,ELEKTRO,S1,BAIK,70,0,Ekonomi & Bisnis
-,-,banpt-223,-,-,ILMU HUBUNGAN INTERNASIONAL,HUBUNGAN INTERNASIONAL,S1,BAIK,70,0,Ekonomi & Bisnis
-,-,banpt-223,-,-,TEKNIK INDUSTRI,INDUSTRI,S1,BAIK,70,0,Ekonomi & Bisnis
-,-,banpt-223,-,-,TEKNIK INFORMATIKA,INFORMATIKA,S1,BAIK,70,0,Ekonomi & Bisnis
-,-,banpt-223,-,-,TEKNIK KIMIA,KIMIA,S1,BAIK,70,0,Ekonomi & Bisnis
-,-,banpt-223,-,-,MANAJEMEN,MANAJEMEN,S1,BAIK,70,0,Ekonomi & Bisnis
-,-,banpt-223,-,-,TEKNIK PENERBANGAN,PENERBANGAN,S1,BAIK,70,0,Ekonomi & Bisnis
-,-,banpt-223,-,-,MANAJEMEN PERHOTELAN DAN PARIWISATA,PERHOTELAN,S1,BAIK,70,0,Ekonomi & Bisnis
-,-,banpt-223,-,-,TEKNOLOGI PANGAN,TEKNOLOGI PANGAN,S1,BAIK,70,0,Ekonomi & Bisnis
-,-,banpt-1926,-,-,BISNIS DIGITAL,BISNIS DIGITAL,S1,BAIK,79,0,Ekonomi & Bisnis
-,-,banpt-1926,-,-,MANAJEMEN LOGISTIK,LOGISTIK,S1,BAIK SEKALI,79,0,Ekonomi & Bisnis
-,-,banpt-1926,-,-,MANAJEMEN REKAYASA,MANAJEMEN REKAYASA,S1,BAIK,79,0,Ekonomi & Bisnis
-,-,banpt-1926,-,-,SAINS DATA,SAINS DATA,S1,BAIK,79,0,Ekonomi & Bisnis
-,-,banpt-1926,-,-,MANAJEMEN TRANSPORTASI,TRANSPORTASI,S1,BAIK SEKALI,79,0,Ekonomi & Bisnis
-,-,banpt-376,-,-,ILMU ADMINISTRASI NEGARA,ADMINISTRASI NEGARA,S1,B,1422,0,Ekonomi & Bisnis
-,-,banpt-376,-,-,AGRIBISNIS,AGRIBISNIS,S1,BAIK,1422,0,Ekonomi & Bisnis
-,-,banpt-376,-,-,ILMU HUKUM,HUKUM,S1,BAIK,1422,0,Ekonomi & Bisnis
quipper-185,rencanamu-187,banpt-3336,-,FAKULTAS EKONOMI DAN BISNIS,AKUNTANSI,AKUNTANSI,S1,B,276,2,Pendidikan & Keguruan
quipper-185,rencanamu-187,banpt-3336,-,FAKULTAS SAINS DAN TEKNOLOGI,DESAIN KOMUNIKASI VISUAL,DESAIN KOMUNIKASI VISUAL,S1,B,276,5,Sains & Teknologi
quipper-185,rencanamu-187,banpt-3336,-,FAKULTAS SAINS DAN TEKNOLOGI,FARMASI,FARMASI,S1,C,276,5,Sains & Teknologi
quipper-185,rencanamu-187,banpt-3336,-,FAKULTAS SAINS DAN TEKNOLOGI,TEKNIK INDUSTRI,INDUSTRI,S1,B,276,5,Sains & Teknologi
quipper-185,rencanamu-187,banpt-3336,-,FAKULTAS SAINS DAN TEKNOLOGI,TEKNIK INFORMATIKA,INFORMATIKA,S1,B,276,1,Teknik & Rekayasa
-,rencanamu-187,-,-,-,KIMIA,KIMIA,S1,B,276,0,Ekonomi & Bisnis
quipper-185,rencanamu-187,banpt-3336,-,FAKULTAS EKONOMI DAN BISNIS,MANAJEMEN,MANAJEMEN,S1,B,276,0,Ekonomi & Bisnis
quipper-185,rencanamu-187,banpt-3336,-,FAKULTAS BAHASA DAN SENI,SASTRA INGGRIS,SASTRA INGGRIS,S1,A,276,0,Ekonomi & Bisnis
quipper-185,rencanamu-187,banpt-3336,-,FAKULTAS SAINS DAN TEKNOLOGI,SISTEM INFORMASI,SISTEM INFORMASI,S1,B,276,4,Teknologi Industri
-,-,banpt-3819,-,-,AGROTEKNOLOGI,AGROTEKNOLOGI,S1,BAIK,1273,0,Ekonomi & Bisnis
-,-,banpt-3819,-,-,BIOLOGI,BIOLOGI,S1,TIDAK TERAKREDITASI,1273,0,Ekonomi & Bisnis
-,-,banpt-3819,-,-,PENDIDIKAN ANAK USIA DINI,GURU ANAK USIA DINI,S1,BAIK SEKALI,1273,0,Ekonomi & Bisnis
-,-,banpt-3819,-,-,TEKNIK INFORMATIKA,INFORMATIKA,S1,BAIK SEKALI,1273,0,Ekonomi & Bisnis
-,-,banpt-3819,-,-,PENDIDIKAN OLAH RAGA,OLAHRAGA,S1,BAIK SEKALI,1273,0,Ekonomi & Bisnis
-,-,banpt-3819,-,-,PETERNAKAN,PETERNAKAN,S1,BAIK,1273,0,Ekonomi & Bisnis
-,-,banpt-3819,-,-,TEKNIK SIPIL,SIPIL,S1,BAIK,1273,0,Ekonomi & Bisnis
-,-,banpt-2357,-,-,AGRIBISNIS,AGRIBISNIS,S1,BAIK,1247,0,Ekonomi & Bisnis
-,-,banpt-2357,-,-,BIMBINGAN DAN KONSELING,BIMBINGAN KONSELING,S1,BAIK,1247,0,Ekonomi & Bisnis
-,-,banpt-2357,-,-,BISNIS DIGITAL,BISNIS DIGITAL,S1,BAIK,1247,0,Ekonomi & Bisnis
-,-,banpt-2357,-,-,INFORMATIKA,INFORMATIKA,S1,BAIK,1247,0,Ekonomi & Bisnis
-,-,banpt-2357,-,-,SISTEM INFORMASI,SISTEM INFORMASI,S1,BAIK,1247,0,Ekonomi & Bisnis
-,-,banpt-2357,-,-,TEKNOLOGI PANGAN,TEKNOLOGI PANGAN,S1,BAIK,1247,0,Ekonomi & Bisnis
-,-,banpt-935,-,-,ADMINISTRASI RUMAH SAKIT,ADMINISTRASI RUMAH SAKIT,S1,BAIK,292,0,Ekonomi & Bisnis
-,-,banpt-935,-,-,AKUNTANSI,AKUNTANSI,S1,BAIK SEKALI,292,0,Ekonomi & Bisnis
-,-,banpt-935,-,-,MIKROBIOLOGI,BIOLOGI,S1,BAIK,292,0,Ekonomi & Bisnis
-,-,banpt-935,-,-,DESAIN KOMUNIKASI VISUAL,DESAIN KOMUNIKASI VISUAL,S1,BAIK SEKALI,292,0,Ekonomi & Bisnis
-,-,banpt-935,-,-,HUKUM,HUKUM,S1,B,292,0,Ekonomi & Bisnis
-,-,banpt-935,-,-,TEKNIK INDUSTRI,INDUSTRI,S1,BAIK SEKALI,292,0,Ekonomi & Bisnis
-,-,banpt-935,-,-,TEKNIK INFORMATIKA,INFORMATIKA,S1,BAIK SEKALI,292,0,Ekonomi & Bisnis
-,-,banpt-935,-,-,KEWIRAUSAHAAN,KEWIRAUSAHAAN,S1,BAIK SEKALI,292,0,Ekonomi & Bisnis
-,-,banpt-935,-,-,MANAJEMEN,MANAJEMEN,S1,BAIK SEKALI,292,0,Ekonomi & Bisnis
-,-,banpt-935,-,-,TEKNIK MESIN,MESIN,S1,BAIK SEKALI,292,0,Ekonomi & Bisnis
-,rencanamu-188,banpt-1613,-,-,ILMU ADMINISTRASI PUBLIK,ADMINISTRASI PUBLIK,S1,B,649,0,Ekonomi & Bisnis
-,-,banpt-1613,-,-,AGRIBISNIS,AGRIBISNIS,S1,BAIK,649,0,Ekonomi & Bisnis
-,rencanamu-188,banpt-1613,-,-,AKUNTANSI,AKUNTANSI,S1,B,649,0,Ekonomi & Bisnis
-,-,banpt-1613,-,-,BISNIS DIGITAL,BISNIS DIGITAL,S1,BAIK,649,0,Ekonomi & Bisnis
-,rencanamu-188,banpt-1613,-,-,ILMU HUKUM,HUKUM,S1,B,649,0,Ekonomi & Bisnis
-,rencanamu-188,banpt-1613,-,-,TEKNIK INDUSTRI,INDUSTRI,S1,BAIK,649,0,Ekonomi & Bisnis
-,rencanamu-188,banpt-1613,-,-,TEKNIK INFORMATIKA,INFORMATIKA,S1,C,649,0,Ekonomi & Bisnis
-,rencanamu-188,banpt-1613,-,-,MANAJEMEN,MANAJEMEN,S1,B,649,0,Ekonomi & Bisnis
-,rencanamu-188,banpt-1613,-,-,PENDIDIKAN MATEMATIKA,MATEMATIKA,S1,B,649,0,Ekonomi & Bisnis
-,rencanamu-188,banpt-1613,-,-,ILMU PETERNAKAN,PETERNAKAN,S1,B,649,0,Ekonomi & Bisnis
-,rencanamu-188,banpt-1613,-,-,TEKNIK SIPIL,SIPIL,S1,B,649,0,Ekonomi & Bisnis
-,-,banpt-3027,-,-,AKUNTANSI,AKUNTANSI,S1,B,1478,0,Ekonomi & Bisnis
-,-,banpt-3027,-,-,ARSITEKTUR,ARSITEKTUR,S1,BAIK,1478,0,Ekonomi & Bisnis
-,-,banpt-3027,-,-,SAINS INFORMASI GEOGRAFI,BISNIS,S1,BAIK,1478,0,Ekonomi & Bisnis
-,-,banpt-3027,-,-,TEKNIK INDUSTRI,INDUSTRI,S1,BAIK,1478,0,Ekonomi & Bisnis
-,-,banpt-3027,-,-,INFORMATIKA,INFORMATIKA,S1,BAIK,1478,0,Ekonomi & Bisnis
-,-,banpt-3027,-,-,KEWIRAUSAHAAN,KEWIRAUSAHAAN,S1,BAIK,1478,0,Ekonomi & Bisnis
-,-,banpt-3027,-,-,MANAJEMEN,MANAJEMEN,S1,B,1478,0,Ekonomi & Bisnis
-,-,banpt-3027,-,-,SISTEM INFORMASI,SISTEM INFORMASI,S1,BAIK,1478,0,Ekonomi & Bisnis
-,-,banpt-2776,-,-,AGRIBISNIS,AGRIBISNIS,S1,BAIK,214,0,Ekonomi & Bisnis
-,-,banpt-2776,-,-,AGROTEKNOLOGI,AGROTEKNOLOGI,S1,BAIK SEKALI,214,0,Ekonomi & Bisnis
-,-,banpt-2776,-,-,AKUNTANSI,AKUNTANSI,S1,B,214,0,Ekonomi & Bisnis
-,-,banpt-2776,-,-,PENDIDIKAN BIOLOGI,BIOLOGI,S1,BAIK,214,0,Ekonomi & Bisnis
-,-,banpt-2776,-,-,PENDIDIKAN EKONOMI,EKONOMI,S1,BAIK SEKALI,214,0,Ekonomi & Bisnis
-,-,banpt-2776,-,-,ILMU HUKUM,HUKUM,S1,B,214,0,Ekonomi & Bisnis
-,-,banpt-2776,-,-,MANAJEMEN,MANAJEMEN,S1,BAIK,214,0,Ekonomi & Bisnis
-,-,banpt-2776,-,-,PENDIDIKAN MATEMATIKA,MATEMATIKA,S1,BAIK,214,0,Ekonomi & Bisnis
-,-,banpt-2776,-,-,PETERNAKAN,PETERNAKAN,S1,BAIK SEKALI,214,0,Ekonomi & Bisnis
quipper-581,rencanamu-189,banpt-1642,-,FAKULTAS PERTANIAN,AGRIBISNIS,AGRIBISNIS,S1,B,473,0,Ekonomi & Bisnis
quipper-581,rencanamu-189,banpt-1642,-,FAKULTAS PERTANIAN,AGROTEKNOLOGI,AGROTEKNOLOGI,S1,B,473,0,Ekonomi & Bisnis
quipper-581,rencanamu-189,banpt-1642,-,FAKULTAS EKONOMI,AKUNTANSI,AKUNTANSI,S1,B,473,2,Pendidikan & Keguruan
quipper-581,rencanamu-189,banpt-1642,-,FAKULTAS KEGURUAN DAN ILMU PENDIDIKAN,BIOLOGI,BIOLOGI,S1,B,473,2,Pendidikan & Keguruan
-,-,banpt-1642,-,-,FARMASI,FARMASI,S1,BAIK SEKALI,473,0,Ekonomi & Bisnis
quipper-581,-,-,-,FAKULTAS KEGURUAN DAN ILMU PENDIDIKAN,KEGURUAN & PENDIDIKAN,GURU,S1,-,473,2,Pendidikan & Keguruan
quipper-581,rencanamu-189,banpt-1642,-,FAKULTAS HUKUM,ILMU HUKUM,HUKUM,S1,B,473,3,Hukum
-,-,banpt-1642,-,-,KEDOKTERAN,KEDOKTERAN,S1,BAIK,473,0,Ekonomi & Bisnis
quipper-581,rencanamu-189,banpt-1642,-,FAKULTAS KEDOKTERAN GIGI,PENDIDIKAN DOKTER GIGI,KEDOKTERAN GIGI,S1,A,473,0,Ekonomi & Bisnis
-,-,banpt-1642,-,-,TEKNIK LINGKUNGAN,LINGKUNGAN,S1,BAIK,473,0,Ekonomi & Bisnis
-,rencanamu-189,banpt-1642,-,-,MANAJEMEN,MANAJEMEN,S1,B,473,0,Ekonomi & Bisnis
quipper-581,rencanamu-189,banpt-1642,-,FAKULTAS KEGURUAN DAN ILMU PENDIDIKAN,PENDIDIKAN MATEMATIKA,MATEMATIKA,S1,B,473,2,Pendidikan & Keguruan
-,-,banpt-1642,-,-,SASTRA INGGRIS,SASTRA INGGRIS,S1,B,473,0,Ekonomi & Bisnis
-,-,banpt-1642,-,-,SASTRA JEPANG,SASTRA JEPANG,S1,BAIK SEKALI,473,0,Ekonomi & Bisnis
-,rencanamu-189,banpt-1642,-,-,ILMU SEJARAH,SEJARAH,S1,B,473,0,Ekonomi & Bisnis
quipper-581,rencanamu-189,banpt-1642,-,FAKULTAS TEKNIK,TEKNIK SIPIL,SIPIL,S1,B,473,1,Teknik & Rekayasa
-,-,banpt-1642,-,-,TEKNOLOGI INFORMASI,TEKNOLOGI INFORMASI,S1,BAIK,473,0,Ekonomi & Bisnis
-,-,banpt-882,-,-,ILMU ADMINISTRASI NEGARA,ADMINISTRASI NEGARA,S1,BAIK SEKALI,904,0,Ekonomi & Bisnis
-,-,banpt-882,-,-,ILMU HUKUM,HUKUM,S1,BAIK SEKALI,904,0,Ekonomi & Bisnis
-,-,banpt-882,-,-,TEKNIK INDUSTRI,INDUSTRI,S1,BAIK,904,0,Ekonomi & Bisnis
-,-,banpt-882,-,-,KEWIRAUSAHAAN,KEWIRAUSAHAAN,S1,BAIK SEKALI,904,0,Ekonomi & Bisnis
-,-,banpt-882,-,-,MANAJEMEN,MANAJEMEN,S1,BAIK SEKALI,904,0,Ekonomi & Bisnis
-,-,banpt-53,-,-,AGRIBISNIS,AGRIBISNIS,S1,BAIK,1194,0,Ekonomi & Bisnis
-,-,banpt-53,-,-,BISNIS DIGITAL,BISNIS DIGITAL,S1,BAIK SEKALI,1194,0,Ekonomi & Bisnis
-,-,banpt-53,-,-,MANAJEMEN,MANAJEMEN,S1,BAIK SEKALI,1194,0,Ekonomi & Bisnis
-,-,banpt-53,-,-,SISTEM INFORMASI,SISTEM INFORMASI,S1,BAIK SEKALI,1194,0,Ekonomi & Bisnis
-,-,banpt-53,-,-,TEKNOLOGI INFORMASI,TEKNOLOGI INFORMASI,S1,BAIK,1194,0,Ekonomi & Bisnis
-,rencanamu-190,-,-,-,ADMINISTRASI NEGARA,ADMINISTRASI NEGARA,S1,B,1077,0,Ekonomi & Bisnis
-,-,banpt-2059,-,-,ADMINISTRASI PUBLIK,ADMINISTRASI PUBLIK,S1,B,1077,0,Ekonomi & Bisnis
-,rencanamu-190,banpt-2059,-,-,AGRIBISNIS,AGRIBISNIS,S1,B,1077,0,Ekonomi & Bisnis
-,rencanamu-190,banpt-2059,-,-,AGROTEKNOLOGI,AGROTEKNOLOGI,S1,B,1077,0,Ekonomi & Bisnis
-,rencanamu-190,banpt-2059,-,-,AKUNTANSI,AKUNTANSI,S1,B,1077,0,Ekonomi & Bisnis
-,-,banpt-2059,-,-,PENDIDIKAN BIOLOGI,BIOLOGI,S1,B,1077,0,Ekonomi & Bisnis
-,-,banpt-2059,-,-,PENDIDIKAN GURU SEKOLAH DASAR,GURU SEKOLAH DASAR,S1,BAIK SEKALI,1077,0,Ekonomi & Bisnis
-,rencanamu-190,-,-,-,HUBUNGAN INTERNASIONAL,HUBUNGAN INTERNASIONAL,S1,-,1077,0,Ekonomi & Bisnis
-,rencanamu-190,banpt-2059,-,-,ILMU HUKUM,HUKUM,S1,B,1077,0,Ekonomi & Bisnis
-,rencanamu-190,banpt-2059,-,-,ILMU KOMUNIKASI,ILMU KOMUNIKASI,S1,B,1077,0,Ekonomi & Bisnis
-,rencanamu-190,banpt-2059,-,-,TEKNIK INDUSTRI,INDUSTRI,S1,C,1077,0,Ekonomi & Bisnis
-,rencanamu-190,banpt-2059,-,-,TEKNIK INFORMATIKA,INFORMATIKA,S1,C,1077,0,Ekonomi & Bisnis
-,-,banpt-2059,-,-,PENDIDIKAN JASMANI,JASMANI,S1,BAIK SEKALI,1077,0,Ekonomi & Bisnis
-,rencanamu-190,banpt-2059,-,-,MANAJEMEN,MANAJEMEN,S1,B,1077,0,Ekonomi & Bisnis
-,-,banpt-2059,-,-,PENDIDIKAN MATEMATIKA,MATEMATIKA,S1,B,1077,0,Ekonomi & Bisnis
-,rencanamu-190,banpt-2059,-,-,TEKNIK MESIN,MESIN,S1,B,1077,0,Ekonomi & Bisnis
-,rencanamu-190,banpt-2059,-,-,PETERNAKAN,PETERNAKAN,S1,B,1077,0,Ekonomi & Bisnis
-,rencanamu-190,banpt-2059,-,-,TEKNIK SIPIL,SIPIL,S1,B,1077,0,Ekonomi & Bisnis
quipper-594,rencanamu-191,banpt-2900,-,FAKULTAS EKONOMI,AKUNTANSI,AKUNTANSI,S1,B,184,2,Pendidikan & Keguruan
quipper-594,-,banpt-2900,-,FAKULTAS KEDOKTERAN,FARMASI,FARMASI,S1,BAIK SEKALI,184,0,Ekonomi & Bisnis
quipper-594,-,banpt-2900,-,FAKULTAS HUKUM,ILMU HUKUM,HUKUM,S1,BAIK,184,3,Hukum
quipper-594,rencanamu-191,banpt-2900,-,FAKULTAS TEKNIK,TEKNIK INDUSTRI,INDUSTRI,S1,C,184,1,Teknik & Rekayasa
quipper-594,rencanamu-191,banpt-2900,-,FAKULTAS KEDOKTERAN,KEBIDANAN,KEBIDANAN,S1,B,184,0,Ekonomi & Bisnis
quipper-594,rencanamu-191,banpt-2900,-,FAKULTAS KEDOKTERAN,PENDIDIKAN DOKTER,KEDOKTERAN,S1,B,184,0,Ekonomi & Bisnis
quipper-594,rencanamu-191,banpt-2900,-,FAKULTAS KEDOKTERAN,ILMU KEPERAWATAN,KEPERAWATAN,S1,B,184,0,Ekonomi & Bisnis
quipper-594,rencanamu-191,banpt-2900,-,FAKULTAS KESEHATAN MASYARAKAT,KESEHATAN MASYARAKAT,KESEHATAN MASYARAKAT,S1,B,184,0,Ekonomi & Bisnis
quipper-594,rencanamu-191,banpt-2900,-,FAKULTAS TEKNIK,TEKNIK LINGKUNGAN,LINGKUNGAN,S1,B,184,1,Teknik & Rekayasa
quipper-594,rencanamu-191,banpt-2900,-,FAKULTAS EKONOMI,MANAJEMEN,MANAJEMEN,S1,C,184,0,Ekonomi & Bisnis
quipper-594,rencanamu-191,banpt-2900,-,FAKULTAS TEKNIK,TEKNIK MESIN,MESIN,S1,C,184,1,Teknik & Rekayasa
quipper-594,-,banpt-2900,-,FAKULTAS KEDOKTERAN,PSIKOLOGI,PSIKOLOGI,S1,BAIK,184,0,Ekonomi & Bisnis
quipper-594,rencanamu-191,banpt-2900,-,FAKULTAS TEKNIK,TEKNIK SIPIL,SIPIL,S1,C,184,1,Teknik & Rekayasa
-,-,banpt-2457,-,-,AKUNTANSI,AKUNTANSI,S1,BAIK,1261,0,Ekonomi & Bisnis
-,-,banpt-2457,-,-,FISIKA,FISIKA,S1,BAIK,1261,0,Ekonomi & Bisnis
-,-,banpt-2457,-,-,PENDIDIKAN GURU SEKOLAH DASAR,GURU SEKOLAH DASAR,S1,BAIK,1261,0,Ekonomi & Bisnis
-,-,banpt-2457,-,-,TEKNIK INFORMATIKA,INFORMATIKA,S1,BAIK,1261,0,Ekonomi & Bisnis
-,-,banpt-2457,-,-,MANAJEMEN,MANAJEMEN,S1,BAIK,1261,0,Ekonomi & Bisnis
-,-,banpt-2457,-,-,PENDIDIKAN MATEMATIKA,MATEMATIKA,S1,BAIK,1261,0,Ekonomi & Bisnis
-,-,banpt-2457,-,-,PENDIDIKAN JASMANI DAN KESEHATAN,OLAHRAGA,S1,BAIK,1261,0,Ekonomi & Bisnis
-,-,banpt-2457,-,-,PENDIDIKAN PANCASILA DAN KEWARGANEGARAAN,PANCASILA KEWARGANEGARAAN,S1,BAIK,1261,0,Ekonomi & Bisnis
-,-,banpt-2457,-,-,SISTEM INFORMASI,SISTEM INFORMASI,S1,BAIK,1261,0,Ekonomi & Bisnis
-,-,banpt-3106,-,-,AKUNTANSI,AKUNTANSI,S1,BAIK,1015,0,Ekonomi & Bisnis
-,-,banpt-3106,-,-,TEKNIK INFORMATIKA,INFORMATIKA,S1,BAIK,1015,0,Ekonomi & Bisnis
-,-,banpt-3106,-,-,KEWIRAUSAHAAN,KEWIRAUSAHAAN,S1,BAIK,1015,0,Ekonomi & Bisnis
-,-,banpt-3106,-,-,REKAYASA PERANGKAT LUNAK,REKAYASA PERANGKAT LUNAK,S1,BAIK,1015,0,Ekonomi & Bisnis
-,-,banpt-3106,-,-,SISTEM INFORMASI,SISTEM INFORMASI,S1,BAIK SEKALI,1015,0,Ekonomi & Bisnis
-,-,banpt-840,-,-,PENDIDIKAN GURU SEKOLAH DASAR,GURU SEKOLAH DASAR,S1,BAIK,896,0,Ekonomi & Bisnis
-,-,banpt-840,-,-,PENDIDIKAN JASMANI,JASMANI,S1,BAIK,896,0,Ekonomi & Bisnis
-,-,banpt-3091,-,-,BISNIS DIGITAL,BISNIS DIGITAL,S1,BAIK,398,0,Ekonomi & Bisnis
-,-,banpt-3091,-,-,TEKNIK TRANSPORTASI LAUT,KELAUTAN,S1,BAIK,398,0,Ekonomi & Bisnis
-,-,banpt-3091,-,-,TEKNIK MESIN,MESIN,S1,BAIK,398,0,Ekonomi & Bisnis
-,-,banpt-3091,-,-,PERDAGANGAN INTERNASIONAL,PERDAGANGAN INTERNASIONAL,S1,BAIK,398,0,Ekonomi & Bisnis
-,-,banpt-3091,-,-,TRANSPORTASI,TRANSPORTASI,S1,BAIK SEKALI,398,0,Ekonomi & Bisnis
-,rencanamu-192,banpt-827,-,-,AKUNTANSI,AKUNTANSI,S1,BAIK,239,0,Ekonomi & Bisnis
-,rencanamu-192,banpt-827,-,-,ARSITEKTUR,ARSITEKTUR,S1,BAIK,239,0,Ekonomi & Bisnis
-,rencanamu-192,banpt-827,-,-,DESAIN DAN KOMUNIKASI VISUAL,DESAIN KOMUNIKASI VISUAL,S1,BAIK,239,0,Ekonomi & Bisnis
-,rencanamu-192,banpt-827,-,-,FISIKA,FISIKA,S1,BAIK SEKALI,239,0,Ekonomi & Bisnis
-,rencanamu-192,banpt-827,-,-,TEKNIK INFORMATIKA,INFORMATIKA,S1,BAIK SEKALI,239,0,Ekonomi & Bisnis
-,rencanamu-192,banpt-827,-,-,MANAJEMEN,MANAJEMEN,S1,BAIK SEKALI,239,0,Ekonomi & Bisnis
-,-,banpt-827,-,-,PARIWISATA,PARIWISATA,S1,BAIK,239,0,Ekonomi & Bisnis
-,-,banpt-827,-,-,HOSPITALITI DAN PARIWISATA,PERHOTELAN PARIWISATA,S1,BAIK,239,0,Ekonomi & Bisnis
-,rencanamu-192,-,-,-,SISTEM INFORMASI,SISTEM INFORMASI,S1,-,239,0,Ekonomi & Bisnis
-,rencanamu-192,-,-,-,SISTEM KOMPUTER,SISTEM KOMPUTER,S1,-,239,0,Ekonomi & Bisnis
-,rencanamu-192,banpt-827,-,-,STATISTIK,STATISTIK,S1,BAIK SEKALI,239,0,Ekonomi & Bisnis
-,-,banpt-2812,-,-,BIMBINGAN DAN KONSELING,BIMBINGAN KONSELING,S1,BAIK,1295,0,Ekonomi & Bisnis
-,-,banpt-2812,-,-,HUKUM KELUARGA,HUKUM,S1,BAIK SEKALI,1295,0,Ekonomi & Bisnis
-,-,banpt-2812,-,-,ILMU KOMUNIKASI,ILMU KOMUNIKASI,S1,BAIK,1295,0,Ekonomi & Bisnis
-,-,banpt-2812,-,-,KESEHATAN MASYARAKAT,KESEHATAN MASYARAKAT,S1,BAIK SEKALI,1295,0,Ekonomi & Bisnis
-,-,banpt-2812,-,-,TEKNIK MESIN,MESIN,S1,BAIK,1295,0,Ekonomi & Bisnis
-,-,banpt-2812,-,-,TEKNIK SIPIL,SIPIL,S1,BAIK,1295,0,Ekonomi & Bisnis
-,-,banpt-2812,-,-,SISTEM INFORMASI,SISTEM INFORMASI,S1,BAIK SEKALI,1295,0,Ekonomi & Bisnis
-,-,banpt-2812,-,-,TEKNOLOGI PANGAN,TEKNOLOGI PANGAN,S1,BAIK,1295,0,Ekonomi & Bisnis
-,-,banpt-2219,-,-,HUKUM,HUKUM,S1,BAIK,985,0,Ekonomi & Bisnis
-,-,banpt-2219,-,-,TEKNIK INFORMATIKA,INFORMATIKA,S1,BAIK,985,0,Ekonomi & Bisnis
-,-,banpt-2219,-,-,KEWIRAUSAHAAN,KEWIRAUSAHAAN,S1,BAIK,985,0,Ekonomi & Bisnis
-,-,banpt-2219,-,-,MANAJEMEN,MANAJEMEN,S1,BAIK,985,0,Ekonomi & Bisnis
-,-,banpt-2219,-,-,TEKNIK MESIN,MESIN,S1,BAIK,985,0,Ekonomi & Bisnis
-,-,banpt-576,-,-,AGRIBISNIS,AGRIBISNIS,S1,B,980,0,Ekonomi & Bisnis
-,-,banpt-576,-,-,AKUNTANSI,AKUNTANSI,S1,BAIK,980,0,Ekonomi & Bisnis
-,-,banpt-576,-,-,ILMU HUKUM,HUKUM,S1,B,980,0,Ekonomi & Bisnis
-,-,banpt-576,-,-,MANAJEMEN,MANAJEMEN,S1,BAIK SEKALI,980,0,Ekonomi & Bisnis
quipper-444,-,-,-,FAKULTAS ILMU SOSIAL DAN ILMU POLITIK,ILMU ADMINISTRASI,ADMINISTRASI,S1,-,346,0,Ekonomi & Bisnis
-,rencanamu-194,-,-,-,ILMU ADMINISTRASI NEGARA,ADMINISTRASI NEGARA,S1,A,346,0,Ekonomi & Bisnis
-,-,banpt-811,-,-,ADMINISTRASI PUBLIK,ADMINISTRASI PUBLIK,S1,B,346,0,Ekonomi & Bisnis
quipper-444,rencanamu-194,banpt-811,-,FAKULTAS PERTANIAN,AGRIBISNIS,AGRIBISNIS,S1,A,346,0,Ekonomi & Bisnis
quipper-444,rencanamu-194,banpt-811,-,FAKULTAS PERTANIAN,AGROTEKNOLOGI,AGROTEKNOLOGI,S1,BAIK SEKALI,346,0,Ekonomi & Bisnis
quipper-444,rencanamu-194,banpt-811,-,FAKULTAS ILMU SOSIAL DAN ILMU POLITIK,AKUNTANSI,AKUNTANSI,S1,B,346,2,Pendidikan & Keguruan
quipper-444,rencanamu-194,banpt-811,-,FAKULTAS TEKNIK,ARSITEKTUR,ARSITEKTUR,S1,B,346,1,Teknik & Rekayasa
quipper-444,rencanamu-194,banpt-811,-,FAKULTAS BIOLOGI,BIOLOGI,BIOLOGI,S1,B,346,0,Ekonomi & Bisnis
quipper-444,rencanamu-194,banpt-811,-,FAKULTAS PERTANIAN,TEKNIK ELEKTRO,ELEKTRO,S1,B,346,0,Ekonomi & Bisnis
quipper-444,rencanamu-194,banpt-811,-,FAKULTAS HUKUM,ILMU HUKUM,HUKUM,S1,B,346,3,Hukum
quipper-444,rencanamu-194,banpt-811,-,FAKULTAS ILMU SOSIAL DAN ILMU POLITIK,ILMU KOMUNIKASI,ILMU KOMUNIKASI,S1,B,346,0,Ekonomi & Bisnis
quipper-444,rencanamu-194,banpt-811,-,FAKULTAS TEKNIK,TEKNIK INDUSTRI,INDUSTRI,S1,B,346,1,Teknik & Rekayasa
quipper-444,rencanamu-194,banpt-811,-,FAKULTAS TEKNIK,TEKNIK INFORMATIKA,INFORMATIKA,S1,C,346,1,Teknik & Rekayasa
quipper-444,rencanamu-194,banpt-811,-,FAKULTAS ILMU SOSIAL DAN ILMU POLITIK,MANAJEMEN,MANAJEMEN,S1,A,346,0,Ekonomi & Bisnis
quipper-444,rencanamu-194,banpt-811,-,FAKULTAS TEKNIK,TEKNIK MESIN,MESIN,S1,B,346,1,Teknik & Rekayasa
quipper-444,rencanamu-194,banpt-811,-,FAKULTAS ILMU SOSIAL DAN ILMU POLITIK,ILMU PEMERINTAHAN,PEMERINTAHAN,S1,B,346,0,Ekonomi & Bisnis
quipper-444,-,-,-,FAKULTAS ILMU SOSIAL DAN ILMU POLITIK,PERPAJAKAN,PERPAJAKAN,S1,-,346,0,Ekonomi & Bisnis
quipper-444,rencanamu-194,banpt-811,-,FAKULTAS PSIKOLOGI,PSIKOLOGI,PSIKOLOGI,S1,B,346,0,Ekonomi & Bisnis
quipper-444,rencanamu-194,banpt-811,-,FAKULTAS TEKNIK,TEKNIK SIPIL,SIPIL,S1,B,346,1,Teknik & Rekayasa
-,-,banpt-554,-,-,AKUNTANSI,AKUNTANSI,S1,BAIK,320,0,Ekonomi & Bisnis
-,-,banpt-554,-,-,DESAIN KOMUNIKASI VISUAL,DESAIN KOMUNIKASI VISUAL,S1,BAIK,320,0,Ekonomi & Bisnis
-,-,banpt-554,-,-,SAINS KOMUNIKASI,ILMU KOMUNIKASI,S1,BAIK,320,0,Ekonomi & Bisnis
-,-,banpt-554,-,-,ILMU KOMPUTER,KOMPUTER,S1,BAIK,320,0,Ekonomi & Bisnis
-,-,banpt-554,-,-,MANAJEMEN,MANAJEMEN,S1,BAIK SEKALI,320,0,Ekonomi & Bisnis
-,-,banpt-554,-,-,PENDIDIKAN MATEMATIKA,MATEMATIKA,S1,BAIK,320,0,Ekonomi & Bisnis
-,-,banpt-554,-,-,SISTEM INFORMASI,SISTEM INFORMASI,S1,BAIK,320,0,Ekonomi & Bisnis
-,-,banpt-22,-,-,ADMINISTRASI KESEHATAN,ADMINISTRASI KESEHATAN,S1,C,278,0,Ekonomi & Bisnis
-,-,banpt-22,-,-,ADMINISTRASI RUMAH SAKIT,ADMINISTRASI RUMAH SAKIT,S1,C,278,0,Ekonomi & Bisnis
-,-,banpt-22,-,-,BISNIS DIGITAL,BISNIS DIGITAL,S1,BAIK SEKALI,278,0,Ekonomi & Bisnis
-,-,banpt-22,-,-,FARMASI,FARMASI,S1,BAIK SEKALI,278,0,Ekonomi & Bisnis
-,-,banpt-22,-,-,FISIOTERAPI,FISIOTERAPI,S1,BAIK,278,0,Ekonomi & Bisnis
-,-,banpt-22,-,-,GIZI,GIZI,S1,C,278,0,Ekonomi & Bisnis
-,-,banpt-22,-,-,KEBIDANAN,KEBIDANAN,S1,C,278,0,Ekonomi & Bisnis
-,-,banpt-22,-,-,KEPERAWATAN,KEPERAWATAN,S1,BAIK SEKALI,278,0,Ekonomi & Bisnis
-,-,banpt-22,-,-,MANAJEMEN RITEL,MANAJEMEN RITEL,S1,BAIK,278,0,Ekonomi & Bisnis
-,-,banpt-2456,-,-,ILMU HUKUM,HUKUM,S1,BAIK SEKALI,800,0,Ekonomi & Bisnis
-,-,banpt-2456,-,-,INFORMATIKA,INFORMATIKA,S1,BAIK,800,0,Ekonomi & Bisnis
-,-,banpt-2456,-,-,KEBIDANAN,KEBIDANAN,S1,BAIK SEKALI,800,0,Ekonomi & Bisnis
-,-,banpt-2456,-,-,KEDOKTERAN,KEDOKTERAN,S1,BAIK,800,0,Ekonomi & Bisnis
-,-,banpt-2456,-,-,KEDOKTERAN GIGI,KEDOKTERAN GIGI,S1,BAIK,800,0,Ekonomi & Bisnis
-,-,banpt-2456,-,-,ILMU KEPERAWATAN,KEPERAWATAN,S1,UNGGUL,800,0,Ekonomi & Bisnis
-,-,banpt-2456,-,-,KESEHATAN MASYARAKAT,KESEHATAN MASYARAKAT,S1,UNGGUL,800,0,Ekonomi & Bisnis
-,-,banpt-2456,-,-,KEWIRAUSAHAAN,KEWIRAUSAHAAN,S1,BAIK SEKALI,800,0,Ekonomi & Bisnis
-,-,banpt-2456,-,-,PERDAGANGAN INTERNASIONAL,PERDAGANGAN INTERNASIONAL,S1,BAIK SEKALI,800,0,Ekonomi & Bisnis
-,-,banpt-2456,-,-,SISTEM INFORMASI,SISTEM INFORMASI,S1,BAIK,800,0,Ekonomi & Bisnis
-,-,banpt-367,-,-,ADMINISTRASI RUMAH SAKIT,ADMINISTRASI RUMAH SAKIT,S1,B,133,0,Ekonomi & Bisnis
-,-,banpt-367,-,-,SAINS BIOMEDIS,BIOMEDIS,S1,BAIK,133,0,Ekonomi & Bisnis
-,-,banpt-367,-,-,BISNIS DIGITAL,BISNIS DIGITAL,S1,BAIK,133,0,Ekonomi & Bisnis
-,-,banpt-367,-,-,FARMASI,FARMASI,S1,BAIK SEKALI,133,0,Ekonomi & Bisnis
-,-,banpt-367,-,-,GIZI,GIZI,S1,BAIK,133,0,Ekonomi & Bisnis
-,-,banpt-367,-,-,PENDIDIKAN GURU SEKOLAH DASAR,GURU SEKOLAH DASAR,S1,UNGGUL,133,0,Ekonomi & Bisnis
-,-,banpt-367,-,-,HUKUM BISNIS,HUKUM,S1,BAIK,133,0,Ekonomi & Bisnis
-,-,banpt-367,-,-,BIOINFORMATIKA,INFORMATIKA,S1,BAIK,133,0,Ekonomi & Bisnis
-,-,banpt-367,-,-,PENDIDIKAN JASMANI,JASMANI,S1,UNGGUL,133,0,Ekonomi & Bisnis
-,-,banpt-367,-,-,KEBIDANAN,KEBIDANAN,S1,BAIK SEKALI,133,0,Ekonomi & Bisnis
-,-,banpt-367,-,-,KEPERAWATAN,KEPERAWATAN,S1,BAIK SEKALI,133,0,Ekonomi & Bisnis
-,-,banpt-367,-,-,KEWIRAUSAHAAN,KEWIRAUSAHAAN,S1,BAIK,133,0,Ekonomi & Bisnis
-,-,banpt-367,-,-,ILMU KOMPUTER,KOMPUTER,S1,BAIK,133,0,Ekonomi & Bisnis
-,-,banpt-367,-,-,SISTEM INFORMASI,SISTEM INFORMASI,S1,BAIK,133,0,Ekonomi & Bisnis
-,-,banpt-367,-,-,PENDIDIKAN SOSIOLOGI,SOSIOLOGI,S1,UNGGUL,133,0,Ekonomi & Bisnis
-,-,banpt-367,-,-,PENDIDIKAN TEKNOLOGI INFORMASI,TEKNOLOGI INFORMASI,S1,BAIK,133,0,Ekonomi & Bisnis
-,-,banpt-1675,-,-,PENDIDIKAN BIOLOGI,BIOLOGI,S1,BAIK SEKALI,1222,0,Ekonomi & Bisnis
-,-,banpt-1675,-,-,BISNIS DIGITAL,BISNIS DIGITAL,S1,BAIK,1222,0,Ekonomi & Bisnis
-,-,banpt-1675,-,-,PENDIDIKAN EKONOMI,EKONOMI,S1,BAIK SEKALI,1222,0,Ekonomi & Bisnis
-,-,banpt-1675,-,-,PENDIDIKAN GURU PENDIDIKAN ANAK USIA DINI,GURU ANAK USIA DINI,S1,BAIK,1222,0,Ekonomi & Bisnis
-,-,banpt-1675,-,-,PENDIDIKAN GURU SEKOLAH DASAR,GURU SEKOLAH DASAR,S1,BAIK,1222,0,Ekonomi & Bisnis
-,-,banpt-1675,-,-,HUKUM,HUKUM,S1,BAIK,1222,0,Ekonomi & Bisnis
-,-,banpt-1675,-,-,PENDIDIKAN MATEMATIKA,MATEMATIKA,S1,B,1222,0,Ekonomi & Bisnis
-,-,banpt-1675,-,-,SISTEM INFORMASI,SISTEM INFORMASI,S1,BAIK,1222,0,Ekonomi & Bisnis
-,-,banpt-1675,-,-,TEKNOLOGI INFORMASI,TEKNOLOGI INFORMASI,S1,BAIK,1222,0,Ekonomi & Bisnis
quipper-274,-,banpt-3119,-,FAKULTAS EKONOMI DAN BISNIS,AKUNTANSI,AKUNTANSI,S1,UNGGUL,642,2,Pendidikan & Keguruan
quipper-274,-,banpt-3119,-,FAKULTAS TEKNIK,ARSITEKTUR,ARSITEKTUR,S1,BAIK SEKALI,642,1,Teknik & Rekayasa
quipper-274,-,-,-,FAKULTAS EKONOMI DAN BISNIS,MANAJEMEN PERUSAHAAN,BISNIS,S1,-,642,0,Ekonomi & Bisnis
quipper-274,-,banpt-3119,-,FAKULTAS DESAIN DAN SENI KREATIF,DESAIN INTERIOR,DESAIN INTERIOR,S1,BAIK SEKALI,642,0,Ekonomi & Bisnis
quipper-274,-,banpt-3119,-,FAKULTAS DESAIN DAN SENI KREATIF,DESAIN KOMUNIKASI VISUAL,DESAIN KOMUNIKASI VISUAL,S1,B,642,0,Ekonomi & Bisnis
quipper-274,-,banpt-3119,-,FAKULTAS DESAIN DAN SENI KREATIF,DESAIN PRODUK,DESAIN PRODUK,S1,B,642,0,Ekonomi & Bisnis
quipper-274,-,banpt-3119,-,FAKULTAS TEKNIK,TEKNIK ELEKTRO,ELEKTRO,S1,UNGGUL,642,1,Teknik & Rekayasa
quipper-274,-,-,-,FAKULTAS ILMU KOMUNIKASI,HUBUNGAN MASYARAKAT,HUBUNGAN MASYARAKAT,S1,-,642,0,Ekonomi & Bisnis
quipper-274,-,banpt-3119,-,FAKULTAS ILMU KOMUNIKASI,KOMUNIKASI DIGITAL,ILMU KOMUNIKASI,S1,A,642,0,Ekonomi & Bisnis
quipper-274,-,banpt-3119,-,FAKULTAS TEKNIK,TEKNIK INDUSTRI,INDUSTRI,S1,UNGGUL,642,1,Teknik & Rekayasa
quipper-274,-,banpt-3119,-,FAKULTAS ILMU KOMPUTER,TEKNIK INFORMATIKA,INFORMATIKA,S1,UNGGUL,642,1,Teknik & Rekayasa
quipper-274,-,banpt-3119,-,FAKULTAS EKONOMI DAN BISNIS,MANAJEMEN,MANAJEMEN,S1,UNGGUL,642,0,Ekonomi & Bisnis
quipper-274,-,banpt-3119,-,FAKULTAS TEKNIK,TEKNIK MESIN,MESIN,S1,UNGGUL,642,1,Teknik & Rekayasa
quipper-274,-,-,-,FAKULTAS ILMU KOMUNIKASI,KOMUNIKASI IKLAN DAN PEMASARAN,PEMASARAN,S1,-,642,0,Ekonomi & Bisnis
quipper-274,-,banpt-3119,-,FAKULTAS PSIKOLOGI,PSIKOLOGI,PSIKOLOGI,S1,B,642,0,Ekonomi & Bisnis
quipper-274,-,banpt-3119,-,FAKULTAS TEKNIK,TEKNIK SIPIL,SIPIL,S1,UNGGUL,642,1,Teknik & Rekayasa
quipper-274,-,banpt-3119,-,FAKULTAS ILMU KOMPUTER,SISTEM INFORMASI,SISTEM INFORMASI,S1,BAIK SEKALI,642,4,Teknologi Industri
-,-,banpt-3233,-,-,AGROTEKNOLOGI,AGROTEKNOLOGI,S1,A,137,0,Ekonomi & Bisnis
-,rencanamu-196,banpt-3233,-,-,AKUNTANSI,AKUNTANSI,S1,B,137,0,Ekonomi & Bisnis
-,-,banpt-3233,-,-,BIMBINGAN KONSELING,BIMBINGAN KONSELING,S1,UNGGUL,137,0,Ekonomi & Bisnis
-,rencanamu-196,banpt-3233,-,-,ILMU KOMUNIKASI,ILMU KOMUNIKASI,S1,C,137,0,Ekonomi & Bisnis
-,rencanamu-196,banpt-3233,-,-,TEKNIK INFORMATIKA,INFORMATIKA,S1,C,137,0,Ekonomi & Bisnis
-,rencanamu-196,banpt-3233,-,-,MANAJEMEN,MANAJEMEN,S1,B,137,0,Ekonomi & Bisnis
-,rencanamu-196,banpt-3233,-,-,PENDIDIKAN MATEMATIKA,MATEMATIKA,S1,C,137,0,Ekonomi & Bisnis
-,-,banpt-3233,-,-,ILMU KEOLAHRAGAAN,OLAHRAGA,S1,BAIK SEKALI,137,0,Ekonomi & Bisnis
-,rencanamu-196,banpt-3233,-,-,TEKNOLOGI HASIL PERTANIAN,PERTANIAN,S1,B,137,0,Ekonomi & Bisnis
-,rencanamu-196,banpt-3233,-,-,PETERNAKAN,PETERNAKAN,S1,B,137,0,Ekonomi & Bisnis
-,rencanamu-196,banpt-3233,-,-,PSIKOLOGI,PSIKOLOGI,S1,A,137,0,Ekonomi & Bisnis
-,rencanamu-196,banpt-3233,-,-,SISTEM INFORMASI,SISTEM INFORMASI,S1,C,137,0,Ekonomi & Bisnis
-,-,banpt-1157,-,-,INFORMATIKA KESEHATAN,INFORMATIKA KESEHATAN,S1,BAIK,497,0,Ekonomi & Bisnis
-,-,banpt-1157,-,-,KEBIDANAN,KEBIDANAN,S1,BAIK SEKALI,497,0,Ekonomi & Bisnis
-,-,banpt-1157,-,-,LOGISTIK,LOGISTIK,S1,BAIK,497,0,Ekonomi & Bisnis
-,-,banpt-3112,-,-,ILMU ADMINISTRASI NEGARA,ADMINISTRASI NEGARA,S1,B,1004,0,Ekonomi & Bisnis
-,-,banpt-3112,-,-,AGROTEKNOLOGI,AGROTEKNOLOGI,S1,B,1004,0,Ekonomi & Bisnis
-,-,banpt-3112,-,-,AKUNTANSI,AKUNTANSI,S1,B,1004,0,Ekonomi & Bisnis
-,-,banpt-3112,-,-,ILMU HUKUM,HUKUM,S1,B,1004,0,Ekonomi & Bisnis
-,-,banpt-3112,-,-,ILMU KOMUNIKASI,ILMU KOMUNIKASI,S1,B,1004,0,Ekonomi & Bisnis
-,-,banpt-3112,-,-,MANAJEMEN,MANAJEMEN,S1,BAIK SEKALI,1004,0,Ekonomi & Bisnis
-,-,banpt-3112,-,-,TEKNIK MESIN,MESIN,S1,BAIK SEKALI,1004,0,Ekonomi & Bisnis
-,-,banpt-3112,-,-,TEKNIK SIPIL,SIPIL,S1,BAIK SEKALI,1004,0,Ekonomi & Bisnis
quipper-288,-,banpt-138,-,FAKULTAS ILMU SOSIAL DAN ILMU POLITIK,ADMINISTRASI BISNIS,ADMINISTRASI BISNIS,S1,BAIK SEKALI,308,0,Ekonomi & Bisnis
quipper-288,rencanamu-197,banpt-138,-,FAKULTAS ILMU SOSIAL DAN ILMU POLITIK,ILMU ADMINISTRASI NEGARA,ADMINISTRASI NEGARA,S1,A,308,0,Ekonomi & Bisnis
-,rencanamu-197,-,-,-,ADMINISTRASI NIAGA,ADMINISTRASI NIAGA,S1,B,308,0,Ekonomi & Bisnis
quipper-288,-,banpt-138,-,FAKULTAS ILMU SOSIAL DAN ILMU POLITIK,ADMINISTRASI PUBLIK,ADMINISTRASI PUBLIK,S1,B,308,0,Ekonomi & Bisnis
quipper-288,rencanamu-197,banpt-138,-,FAKULTAS EKONOMI DAN BISNIS,AKUNTANSI,AKUNTANSI,S1,A,308,2,Pendidikan & Keguruan
quipper-288,rencanamu-197,banpt-138,-,FAKULTAS TEKNIK,ARSITEKTUR,ARSITEKTUR,S1,B,308,1,Teknik & Rekayasa
-,rencanamu-197,-,-,-,EKONOMI BISNIS,EKONOMI,S1,-,308,0,Ekonomi & Bisnis
quipper-288,rencanamu-197,banpt-138,-,FAKULTAS EKONOMI DAN BISNIS,EKONOMI PEMBANGUNAN,EKONOMI PEMBANGUNAN,S1,B,308,0,Ekonomi & Bisnis
quipper-288,rencanamu-197,banpt-138,-,FAKULTAS TEKNIK,TEKNIK ELEKTRO,ELEKTRO,S1,B,308,1,Teknik & Rekayasa
quipper-288,rencanamu-197,banpt-138,-,FAKULTAS HUKUM,HUKUM,HUKUM,S1,A,308,3,Hukum
quipper-288,rencanamu-197,banpt-138,-,FAKULTAS ILMU SOSIAL DAN ILMU POLITIK,ILMU KOMUNIKASI,ILMU KOMUNIKASI,S1,B,308,0,Ekonomi & Bisnis
quipper-288,rencanamu-197,banpt-138,-,FAKULTAS TEKNIK,TEKNIK INDUSTRI,INDUSTRI,S1,B,308,1,Teknik & Rekayasa
quipper-288,rencanamu-197,-,-,FAKULTAS EKONOMI DAN BISNIS,PERBANKAN DAN KEUANGAN,KEUANGAN PERBANKAN,S1,A,308,0,Ekonomi & Bisnis
quipper-288,rencanamu-197,banpt-138,-,FAKULTAS EKONOMI DAN BISNIS,MANAJEMEN,MANAJEMEN,S1,B,308,0,Ekonomi & Bisnis
-,rencanamu-197,-,-,-,MANAJEMEN INFORMATIKA,MANAJEMEN INFORMATIKA,S1,B,308,0,Ekonomi & Bisnis
quipper-288,rencanamu-197,banpt-138,-,FAKULTAS TEKNIK,TEKNIK MESIN,MESIN,S1,B,308,1,Teknik & Rekayasa
quipper-288,-,-,-,KEPARIWISATAAN,DESTINASI WISATA,PARIWISATA,S1,-,308,0,Ekonomi & Bisnis
quipper-288,-,-,-,KEPARIWISATAAN,PERHOTELAN,PERHOTELAN,S1,-,308,0,Ekonomi & Bisnis
-,rencanamu-197,-,-,-,PERPAJAKAN,PERPAJAKAN,S1,-,308,0,Ekonomi & Bisnis
quipper-288,rencanamu-197,banpt-138,-,FAKULTAS PSIKOLOGI,PSIKOLOGI,PSIKOLOGI,S1,B,308,0,Ekonomi & Bisnis
quipper-288,rencanamu-197,banpt-138,-,FAKULTAS TEKNIK,TEKNIK SIPIL,SIPIL,S1,B,308,1,Teknik & Rekayasa
quipper-288,rencanamu-197,banpt-138,-,FAKULTAS TEKNOLOGI INFORMASI,SISTEM INFORMASI,SISTEM INFORMASI,S1,B,308,4,Teknologi Industri
-,-,banpt-691,-,-,AGROTEKNOLOGI,AGROTEKNOLOGI,S1,BAIK,768,0,Ekonomi & Bisnis
-,-,banpt-691,-,-,ILMU HUKUM,HUKUM,S1,B,768,0,Ekonomi & Bisnis
-,-,banpt-691,-,-,TEKNIK INFORMATIKA,INFORMATIKA,S1,BAIK SEKALI,768,0,Ekonomi & Bisnis
-,-,banpt-691,-,-,MANAJEMEN,MANAJEMEN,S1,BAIK,768,0,Ekonomi & Bisnis
-,-,banpt-691,-,-,REKAYASA PERANGKAT LUNAK,REKAYASA PERANGKAT LUNAK,S1,BAIK,768,0,Ekonomi & Bisnis
-,-,banpt-225,-,-,BISNIS DIGITAL,BISNIS DIGITAL,S1,BAIK SEKALI,863,0,Ekonomi & Bisnis
-,-,banpt-225,-,-,DESAIN KOMUNIKASI VISUAL,DESAIN KOMUNIKASI VISUAL,S1,BAIK,863,0,Ekonomi & Bisnis
-,-,banpt-225,-,-,INFORMATIKA,INFORMATIKA,S1,BAIK SEKALI,863,0,Ekonomi & Bisnis
-,-,banpt-225,-,-,MANAJEMEN RITEL,MANAJEMEN RITEL,S1,BAIK,863,0,Ekonomi & Bisnis
-,-,banpt-225,-,-,SISTEM INFORMASI,SISTEM INFORMASI,S1,BAIK SEKALI,863,0,Ekonomi & Bisnis
-,-,banpt-225,-,-,PENDIDIKAN TEKNOLOGI INFORMASI,TEKNOLOGI INFORMASI,S1,BAIK,863,0,Ekonomi & Bisnis
quipper-366,rencanamu-198,banpt-2372,-,FAKULTAS PERTANIAN,AGRIBISNIS,AGRIBISNIS,S1,B,87,0,Ekonomi & Bisnis
quipper-366,rencanamu-198,banpt-2372,-,FAKULTAS PERTANIAN,AGROTEKNOLOGI,AGROTEKNOLOGI,S1,B,87,0,Ekonomi & Bisnis
quipper-366,rencanamu-198,banpt-2372,-,FAKULTAS EKONOMI,AKUNTANSI,AKUNTANSI,S1,B,87,2,Pendidikan & Keguruan
quipper-366,rencanamu-198,banpt-2372,-,FAKULTAS ILMU KOMPUTER,TEKNIK INFORMATIKA,INFORMATIKA,S1,B,87,1,Teknik & Rekayasa
quipper-366,rencanamu-198,banpt-2372,-,FAKULTAS KEDOKTERAN,PENDIDIKAN DOKTER,KEDOKTERAN,S1,C,87,0,Ekonomi & Bisnis
quipper-366,rencanamu-198,banpt-2372,-,FAKULTAS EKONOMI,MANAJEMEN,MANAJEMEN,S1,B,87,0,Ekonomi & Bisnis
-,rencanamu-198,-,-,-,MANAJEMEN INFORMATIKA,MANAJEMEN INFORMATIKA,S1,B,87,0,Ekonomi & Bisnis
quipper-366,rencanamu-198,banpt-2372,-,FAKULTAS SASTRA,SASTRA INGGRIS,SASTRA INGGRIS,S1,B,87,0,Ekonomi & Bisnis
quipper-366,rencanamu-198,banpt-2372,-,FAKULTAS ILMU KOMPUTER,SISTEM INFORMASI,SISTEM INFORMASI,S1,B,87,4,Teknologi Industri
-,-,banpt-2372,-,-,PENDIDIKAN TEKNOLOGI INFORMASI,TEKNOLOGI INFORMASI,S1,BAIK,87,0,Ekonomi & Bisnis
-,-,banpt-3207,-,-,AKUNTANSI,AKUNTANSI,S1,B,968,0,Ekonomi & Bisnis
-,-,banpt-3207,-,-,TEKNIK INFORMATIKA,INFORMATIKA,S1,B,968,0,Ekonomi & Bisnis
-,-,banpt-3207,-,-,MANAJEMEN,MANAJEMEN,S1,BAIK SEKALI,968,0,Ekonomi & Bisnis
-,-,banpt-3207,-,-,SISTEM INFORMASI,SISTEM INFORMASI,S1,B,968,0,Ekonomi & Bisnis
-,-,banpt-3207,-,-,TEKNOLOGI INFORMASI,TEKNOLOGI INFORMASI,S1,BAIK SEKALI,968,0,Ekonomi & Bisnis
-,-,banpt-1106,-,-,ILMU AKTUARIA,AKTUARIA,S1,BAIK,561,0,Ekonomi & Bisnis
-,-,banpt-1106,-,-,HUKUM,HUKUM,S1,TERAKREDITASI SEMENTARA,561,0,Ekonomi & Bisnis
-,-,banpt-1106,-,-,ILMU KOMPUTER,KOMPUTER,S1,BAIK,561,0,Ekonomi & Bisnis
-,-,banpt-1106,-,-,MANAJEMEN,MANAJEMEN,S1,B,561,0,Ekonomi & Bisnis
-,-,banpt-1106,-,-,SISTEM DAN TEKNOLOGI INFORMASI,SISTEM INFORMASI,S1,BAIK,561,0,Ekonomi & Bisnis
-,-,banpt-1150,-,-,AKUNTANSI,AKUNTANSI,S1,BAIK SEKALI,701,0,Ekonomi & Bisnis
-,-,banpt-1150,-,-,GIZI,GIZI,S1,BAIK SEKALI,701,0,Ekonomi & Bisnis
-,-,banpt-1150,-,-,HUKUM,HUKUM,S1,BAIK,701,0,Ekonomi & Bisnis
-,-,banpt-1150,-,-,INFORMATIKA,INFORMATIKA,S1,BAIK SEKALI,701,0,Ekonomi & Bisnis
-,-,banpt-1150,-,-,KEPERAWATAN,KEPERAWATAN,S1,BAIK SEKALI,701,0,Ekonomi & Bisnis
-,-,banpt-1150,-,-,KESEHATAN MASYARAKAT,KESEHATAN MASYARAKAT,S1,BAIK SEKALI,701,0,Ekonomi & Bisnis
-,-,banpt-1150,-,-,KEWIRAUSAHAAN,KEWIRAUSAHAAN,S1,BAIK SEKALI,701,0,Ekonomi & Bisnis
-,-,banpt-1150,-,-,MANAJEMEN,MANAJEMEN,S1,BAIK SEKALI,701,0,Ekonomi & Bisnis
-,-,banpt-1150,-,-,SISTEM INFORMASI,SISTEM INFORMASI,S1,BAIK SEKALI,701,0,Ekonomi & Bisnis
-,-,banpt-1150,-,-,TEKNOLOGI INFORMASI,TEKNOLOGI INFORMASI,S1,BAIK SEKALI,701,0,Ekonomi & Bisnis
-,-,banpt-2034,-,-,ILMU ADMINISTRASI NEGARA,ADMINISTRASI NEGARA,S1,B,638,0,Ekonomi & Bisnis
-,-,banpt-2034,-,-,BIMBINGAN DAN KONSELING,BIMBINGAN KONSELING,S1,B,638,0,Ekonomi & Bisnis
-,-,banpt-2034,-,-,ILMU HUKUM,HUKUM,S1,BAIK,638,0,Ekonomi & Bisnis
-,-,banpt-2034,-,-,MANAJEMEN,MANAJEMEN,S1,B,638,0,Ekonomi & Bisnis
-,-,banpt-2034,-,-,TEKNIK SIPIL,SIPIL,S1,BAIK,638,0,Ekonomi & Bisnis
-,-,banpt-245,-,-,ADMINISTRASI PUBLIK,ADMINISTRASI PUBLIK,S1,BAIK,522,0,Ekonomi & Bisnis
-,-,banpt-245,-,-,ADMINISTRASI RUMAH SAKIT,ADMINISTRASI RUMAH SAKIT,S1,BAIK SEKALI,522,0,Ekonomi & Bisnis
-,-,banpt-245,-,-,AKUNTANSI,AKUNTANSI,S1,BAIK SEKALI,522,0,Ekonomi & Bisnis
-,-,banpt-245,-,-,FARMASI,FARMASI,S1,BAIK SEKALI,522,0,Ekonomi & Bisnis
-,-,banpt-245,-,-,GIZI,GIZI,S1,BAIK SEKALI,522,0,Ekonomi & Bisnis
-,-,banpt-245,-,-,HUKUM,HUKUM,S1,BAIK,522,0,Ekonomi & Bisnis
-,-,banpt-245,-,-,KEBIDANAN,KEBIDANAN,S1,BAIK,522,0,Ekonomi & Bisnis
-,-,banpt-245,-,-,ILMU KEPERAWATAN,KEPERAWATAN,S1,BAIK SEKALI,522,0,Ekonomi & Bisnis
quipper-105,rencanamu-200,banpt-828,-,FAKULTAS EKONOMI,AKUNTANSI,AKUNTANSI,S1,BAIK,572,2,Pendidikan & Keguruan
quipper-105,rencanamu-200,banpt-828,-,FAKULTAS TEKNIK,ARSITEKTUR,ARSITEKTUR,S1,B,572,1,Teknik & Rekayasa
quipper-105,rencanamu-200,banpt-828,-,FAKULTAS TEKNIK,TEKNIK ELEKTRO,ELEKTRO,S1,C,572,1,Teknik & Rekayasa
quipper-105,rencanamu-200,banpt-828,-,FAKULTAS HUKUM,ILMU HUKUM,HUKUM,S1,B,572,3,Hukum
quipper-105,rencanamu-200,banpt-828,-,FAKULTAS ILMU KOMUNIKASI,ILMU KOMUNIKASI,ILMU KOMUNIKASI,S1,C,572,0,Ekonomi & Bisnis
quipper-105,rencanamu-200,banpt-828,-,FAKULTAS TEKNIK,TEKNIK INDUSTRI,INDUSTRI,S1,BAIK,572,1,Teknik & Rekayasa
quipper-105,rencanamu-200,banpt-828,-,FAKULTAS TEKNIK,TEKNIK INFORMATIKA,INFORMATIKA,S1,C,572,1,Teknik & Rekayasa
quipper-105,-,-,-,FAKULTAS EKONOMI,KETATALAKSANAAN PELAYARAN NIAGA DAN KEPELABUHAN,KELAUTAN,S1,-,572,0,Ekonomi & Bisnis
quipper-105,rencanamu-200,banpt-828,-,FAKULTAS EKONOMI,MANAJEMEN,MANAJEMEN,S1,C,572,0,Ekonomi & Bisnis
quipper-105,rencanamu-200,banpt-828,-,FAKULTAS TEKNIK,TEKNIK MESIN,MESIN,S1,BAIK,572,1,Teknik & Rekayasa
quipper-105,rencanamu-200,banpt-828,-,FAKULTAS TEKNIK,TEKNIK SIPIL,SIPIL,S1,C,572,1,Teknik & Rekayasa
-,-,banpt-1626,-,-,AGRIBISNIS,AGRIBISNIS,S1,BAIK SEKALI,893,0,Ekonomi & Bisnis
-,-,banpt-1626,-,-,AKUNTANSI,AKUNTANSI,S1,BAIK SEKALI,893,0,Ekonomi & Bisnis
-,-,banpt-1626,-,-,GIZI,GIZI,S1,BAIK SEKALI,893,0,Ekonomi & Bisnis
-,-,banpt-1626,-,-,TEKNIK INFORMATIKA,INFORMATIKA,S1,BAIK SEKALI,893,0,Ekonomi & Bisnis
-,-,banpt-1626,-,-,MANAJEMEN,MANAJEMEN,S1,BAIK SEKALI,893,0,Ekonomi & Bisnis
-,-,banpt-1626,-,-,TEKNIK SIPIL,SIPIL,S1,BAIK SEKALI,893,0,Ekonomi & Bisnis
-,-,banpt-1626,-,-,ILMU DAN TEKNOLOGI PANGAN,TEKNOLOGI PANGAN,S1,BAIK SEKALI,893,0,Ekonomi & Bisnis
-,-,banpt-1930,-,-,AGRIBISNIS,AGRIBISNIS,S1,BAIK,384,0,Ekonomi & Bisnis
quipper-591,-,banpt-1930,-,FAKULTAS EKONOMI,AKUNTANSI,AKUNTANSI,S1,BAIK SEKALI,384,2,Pendidikan & Keguruan
quipper-591,-,banpt-1930,-,FAKULTAS TEKNIK,ARSITEKTUR,ARSITEKTUR,S1,BAIK,384,1,Teknik & Rekayasa
quipper-591,-,-,-,FAKULTAS AGAMA ISLAM,BIOLOGI,BIOLOGI,S1,-,384,0,Ekonomi & Bisnis
-,-,banpt-1930,-,-,BISNIS DIGITAL,BISNIS DIGITAL,S1,BAIK,384,0,Ekonomi & Bisnis
quipper-591,-,banpt-1930,-,FAKULTAS HUKUM,ILMU HUKUM,HUKUM,S1,B,384,3,Hukum
quipper-591,-,banpt-1930,-,FAKULTAS KESEHATAN MASYARAKAT,KESEHATAN MASYARAKAT,KESEHATAN MASYARAKAT,S1,UNGGUL,384,0,Ekonomi & Bisnis
-,-,banpt-1930,-,-,KEWIRAUSAHAAN,KEWIRAUSAHAAN,S1,BAIK,384,0,Ekonomi & Bisnis
quipper-591,-,banpt-1930,-,FAKULTAS EKONOMI,MANAJEMEN,MANAJEMEN,S1,BAIK SEKALI,384,0,Ekonomi & Bisnis
quipper-591,-,-,-,FAKULTAS AGAMA ISLAM,PENDIDIKAN MATEMATIKA,MATEMATIKA,S1,-,384,0,Ekonomi & Bisnis
quipper-591,-,-,-,FAKULTAS AGAMA ISLAM,PERBANKAN,PERBANKAN,S1,-,384,0,Ekonomi & Bisnis
quipper-591,-,banpt-1930,-,FAKULTAS PSIKOLOGI,PSIKOLOGI,PSIKOLOGI,S1,B,384,0,Ekonomi & Bisnis
quipper-591,-,banpt-1930,-,FAKULTAS TEKNIK,TEKNIK SIPIL,SIPIL,S1,BAIK SEKALI,384,1,Teknik & Rekayasa
-,-,banpt-42,-,-,ADMINISTRASI RUMAH SAKIT,ADMINISTRASI RUMAH SAKIT,S1,BAIK,297,0,Ekonomi & Bisnis
-,-,banpt-42,-,-,AKUNTANSI,AKUNTANSI,S1,BAIK,297,0,Ekonomi & Bisnis
-,-,banpt-42,-,-,FARMASI,FARMASI,S1,C,297,0,Ekonomi & Bisnis
-,-,banpt-42,-,-,KEBIDANAN,KEBIDANAN,S1,BAIK,297,0,Ekonomi & Bisnis
-,-,banpt-42,-,-,MANAJEMEN,MANAJEMEN,S1,BAIK,297,0,Ekonomi & Bisnis
-,-,banpt-274,-,-,AGROTEKNOLOGI,AGROTEKNOLOGI,S1,TERAKREDITASI SEMENTARA,1413,0,Ekonomi & Bisnis
-,-,banpt-274,-,-,PENDIDIKAN GURU SEKOLAH DASAR,GURU SEKOLAH DASAR,S1,BAIK,1413,0,Ekonomi & Bisnis
-,-,banpt-274,-,-,ILMU HUKUM,HUKUM,S1,BAIK,1413,0,Ekonomi & Bisnis
-,-,banpt-274,-,-,INFORMATIKA,INFORMATIKA,S1,BAIK,1413,0,Ekonomi & Bisnis
-,-,banpt-274,-,-,MANAJEMEN,MANAJEMEN,S1,BAIK,1413,0,Ekonomi & Bisnis
-,-,banpt-274,-,-,SISTEM INFORMASI,SISTEM INFORMASI,S1,BAIK,1413,0,Ekonomi & Bisnis
-,-,banpt-933,-,-,PENDIDIKAN GURU SEKOLAH DASAR,GURU SEKOLAH DASAR,S1,UNGGUL,1360,0,Ekonomi & Bisnis
-,-,banpt-933,-,-,PENDIDIKAN JASMANI,JASMANI,S1,BAIK SEKALI,1360,0,Ekonomi & Bisnis
-,-,banpt-933,-,-,KEWIRAUSAHAAN,KEWIRAUSAHAAN,S1,BAIK,1360,0,Ekonomi & Bisnis
-,-,banpt-933,-,-,ILMU KOMPUTER,KOMPUTER,S1,BAIK,1360,0,Ekonomi & Bisnis
-,-,banpt-933,-,-,KRIMINOLOGI,KRIMINOLOGI,S1,BAIK,1360,0,Ekonomi & Bisnis
-,-,banpt-933,-,-,PENDIDIKAN MATEMATIKA,MATEMATIKA,S1,BAIK SEKALI,1360,0,Ekonomi & Bisnis
-,-,banpt-933,-,-,PARIWISATA,PARIWISATA,S1,BAIK,1360,0,Ekonomi & Bisnis
-,-,banpt-933,-,-,KONSERVASI SUMBER DAYA ALAM,PENGETAHUAN ALAM,S1,BAIK,1360,0,Ekonomi & Bisnis
-,-,banpt-933,-,-,TEKNIK SIPIL,SIPIL,S1,BAIK,1360,0,Ekonomi & Bisnis
-,-,banpt-3792,-,-,ARSITEKTUR,ARSITEKTUR,S1,B,157,0,Ekonomi & Bisnis
-,-,banpt-3792,-,-,FARMASI,FARMASI,S1,BAIK SEKALI,157,0,Ekonomi & Bisnis
-,-,banpt-3792,-,-,INFORMATIKA,INFORMATIKA,S1,C,157,0,Ekonomi & Bisnis
-,-,banpt-3792,-,-,KEBIDANAN,KEBIDANAN,S1,BAIK SEKALI,157,0,Ekonomi & Bisnis
-,-,banpt-3792,-,-,KEPERAWATAN,KEPERAWATAN,S1,UNGGUL,157,0,Ekonomi & Bisnis
-,-,banpt-3792,-,-,PENDIDIKAN MATEMATIKA,MATEMATIKA,S1,BAIK SEKALI,157,0,Ekonomi & Bisnis
-,-,banpt-3792,-,-,PERENCANAAN WILAYAH DAN KOTA,PERENCANAAN WILAYAH KOTA,S1,B,157,0,Ekonomi & Bisnis
-,-,banpt-3792,-,-,PSIKOLOGI,PSIKOLOGI,S1,BAIK SEKALI,157,0,Ekonomi & Bisnis
-,-,banpt-3792,-,-,TEKNIK SIPIL,SIPIL,S1,BAIK SEKALI,157,0,Ekonomi & Bisnis
-,-,banpt-2136,-,-,INFORMATIKA,INFORMATIKA,S1,BAIK,1107,0,Ekonomi & Bisnis
-,-,banpt-2136,-,-,SASTRA ARAB,SASTRA ARAB,S1,BAIK,1107,0,Ekonomi & Bisnis
-,-,banpt-2136,-,-,SISTEM INFORMASI,SISTEM INFORMASI,S1,BAIK SEKALI,1107,0,Ekonomi & Bisnis
quipper-386,-,-,-,FAKULTAS ILMU SOSIAL POLITIK,ILMU ADMINISTRASI,ADMINISTRASI,S1,-,982,0,Ekonomi & Bisnis
-,rencanamu-201,-,-,-,ILMU ADMINISTRASI NEGARA,ADMINISTRASI NEGARA,S1,B,982,0,Ekonomi & Bisnis
-,-,banpt-206,-,-,ADMINISTRASI PUBLIK,ADMINISTRASI PUBLIK,S1,BAIK SEKALI,982,0,Ekonomi & Bisnis
quipper-386,rencanamu-201,banpt-206,-,FAKULTAS PERTANIAN,AGRIBISNIS,AGRIBISNIS,S1,B,982,0,Ekonomi & Bisnis
quipper-386,rencanamu-201,banpt-206,-,FAKULTAS PERTANIAN,AGROTEKNOLOGI,AGROTEKNOLOGI,S1,B,982,0,Ekonomi & Bisnis
quipper-386,rencanamu-201,banpt-206,-,FAKULTAS EKONOMI,AKUNTANSI,AKUNTANSI,S1,B,982,2,Pendidikan & Keguruan
-,-,banpt-206,-,-,ARSITEKTUR,ARSITEKTUR,S1,BAIK,982,0,Ekonomi & Bisnis
quipper-386,rencanamu-201,banpt-206,-,FAKULTAS KEGURUAN DAN ILMU PENDIDIKAN,BIOLOGI,BIOLOGI,S1,B,982,2,Pendidikan & Keguruan
quipper-386,rencanamu-201,banpt-206,-,FAKULTAS KEGURUAN DAN ILMU PENDIDIKAN,ILMU EKONOMI,EKONOMI,S1,B,982,2,Pendidikan & Keguruan
quipper-386,-,-,-,FAKULTAS KEGURUAN DAN ILMU PENDIDIKAN,KEGURUAN & PENDIDIKAN,GURU,S1,-,982,2,Pendidikan & Keguruan
quipper-386,rencanamu-201,banpt-206,-,FAKULTAS HUKUM,ILMU HUKUM,HUKUM,S1,B,982,3,Hukum
quipper-386,rencanamu-201,banpt-206,-,FAKULTAS AGAMA ISLAM,ILMU KOMUNIKASI,ILMU KOMUNIKASI,S1,B,982,0,Ekonomi & Bisnis
quipper-386,rencanamu-201,banpt-206,-,FAKULTAS TEKNIK,TEKNIK INFORMATIKA,INFORMATIKA,S1,C,982,1,Teknik & Rekayasa
quipper-386,rencanamu-201,banpt-206,-,FAKULTAS ILMU KESEHATAN,ILMU KEPERAWATAN,KEPERAWATAN,S1,B,982,0,Ekonomi & Bisnis
quipper-386,rencanamu-201,banpt-206,-,FAKULTAS ILMU KESEHATAN,KESEHATAN MASYARAKAT,KESEHATAN MASYARAKAT,S1,B,982,0,Ekonomi & Bisnis
quipper-386,rencanamu-201,banpt-206,-,FAKULTAS EKONOMI,MANAJEMEN,MANAJEMEN,S1,B,982,0,Ekonomi & Bisnis
quipper-386,rencanamu-201,banpt-206,-,FAKULTAS KEGURUAN DAN ILMU PENDIDIKAN,PENDIDIKAN MATEMATIKA,MATEMATIKA,S1,B,982,2,Pendidikan & Keguruan
-,rencanamu-201,banpt-206,-,-,PENDIDIKAN PANCASILA DAN KEWARGANEGARAAN,PANCASILA KEWARGANEGARAAN,S1,B,982,0,Ekonomi & Bisnis
quipper-386,rencanamu-201,banpt-206,-,FAKULTAS PERTANIAN,PETERNAKAN,PETERNAKAN,S1,B,982,0,Ekonomi & Bisnis
quipper-386,rencanamu-201,banpt-206,-,FAKULTAS TEKNIK,SISTEM INFORMASI,SISTEM INFORMASI,S1,C,982,1,Teknik & Rekayasa
quipper-386,rencanamu-201,banpt-206,-,FAKULTAS ILMU SOSIAL POLITIK,SOSIOLOGI,SOSIOLOGI,S1,B,982,0,Ekonomi & Bisnis
-,-,banpt-2195,-,-,AKUNTANSI,AKUNTANSI,S1,BAIK SEKALI,1264,0,Ekonomi & Bisnis
-,-,banpt-2195,-,-,KONSERVASI BIOLOGI,BIOLOGI,S1,BAIK,1264,0,Ekonomi & Bisnis
-,-,banpt-2195,-,-,BISNIS DIGITAL,BISNIS DIGITAL,S1,BAIK,1264,0,Ekonomi & Bisnis
-,-,banpt-2195,-,-,EKONOMI PEMBANGUNAN,EKONOMI PEMBANGUNAN,S1,BAIK SEKALI,1264,0,Ekonomi & Bisnis
-,-,banpt-2195,-,-,TEKNIK LINGKUNGAN,LINGKUNGAN,S1,BAIK,1264,0,Ekonomi & Bisnis
-,-,banpt-2195,-,-,MANAJEMEN,MANAJEMEN,S1,BAIK SEKALI,1264,0,Ekonomi & Bisnis
-,-,banpt-2195,-,-,PERENCANAAN WILAYAH DAN KOTA,PERENCANAAN WILAYAH KOTA,S1,BAIK,1264,0,Ekonomi & Bisnis
-,-,banpt-2195,-,-,TEKNIK SIPIL,SIPIL,S1,BAIK,1264,0,Ekonomi & Bisnis
-,-,banpt-2880,-,-,GIZI,GIZI,S1,BAIK,1517,0,Ekonomi & Bisnis
-,-,banpt-2880,-,-,ILMU HUKUM,HUKUM,S1,BAIK,1517,0,Ekonomi & Bisnis
-,-,banpt-2880,-,-,KEWIRAUSAHAAN,KEWIRAUSAHAAN,S1,BAIK,1517,0,Ekonomi & Bisnis
-,-,banpt-2880,-,-,ILMU KOMPUTER,KOMPUTER,S1,BAIK,1517,0,Ekonomi & Bisnis
-,-,banpt-2880,-,-,TEKNIK SIPIL,SIPIL,S1,BAIK,1517,0,Ekonomi & Bisnis
-,-,banpt-975,-,-,ADMINISTRASI PENDIDIKAN,ADMINISTRASI,S1,BAIK SEKALI,955,0,Ekonomi & Bisnis
-,-,banpt-975,-,-,SAINS AKTUARIA,AKTUARIA,S1,BAIK,955,0,Ekonomi & Bisnis
-,-,banpt-975,-,-,GIZI,GIZI,S1,BAIK,955,0,Ekonomi & Bisnis
-,-,banpt-975,-,-,PENDIDIKAN GURU PENDIDIKAN ANAK USIA DINI,GURU ANAK USIA DINI,S1,BAIK,955,0,Ekonomi & Bisnis
-,-,banpt-975,-,-,ILMU KOMPUTER,KOMPUTER,S1,BAIK,955,0,Ekonomi & Bisnis
-,-,banpt-975,-,-,PENDIDIKAN ILMU PENGETAHUAN ALAM,PENGETAHUAN ALAM,S1,BAIK,955,0,Ekonomi & Bisnis
-,-,banpt-2798,-,-,AGRIBISNIS,AGRIBISNIS,S1,BAIK,1176,0,Ekonomi & Bisnis
-,-,banpt-2798,-,-,AGROTEKNOLOGI,AGROTEKNOLOGI,S1,BAIK,1176,0,Ekonomi & Bisnis
-,-,banpt-2798,-,-,PENDIDIKAN BIOLOGI,BIOLOGI,S1,BAIK SEKALI,1176,0,Ekonomi & Bisnis
-,-,banpt-2798,-,-,PENDIDIKAN EKONOMI,EKONOMI,S1,BAIK SEKALI,1176,0,Ekonomi & Bisnis
-,-,banpt-2798,-,-,PENDIDIKAN MATEMATIKA,MATEMATIKA,S1,BAIK SEKALI,1176,0,Ekonomi & Bisnis
-,-,banpt-2798,-,-,PENDIDIKAN KEPELATIHAN OLAHRAGA,OLAHRAGA,S1,BAIK,1176,0,Ekonomi & Bisnis
-,-,banpt-2798,-,-,PENDIDIKAN PANCASILA DAN KEWARGANEGARAAN,PANCASILA KEWARGANEGARAAN,S1,BAIK,1176,0,Ekonomi & Bisnis
-,-,banpt-2798,-,-,TEKNOLOGI HASIL PETERNAKAN,PETERNAKAN,S1,BAIK,1176,0,Ekonomi & Bisnis
-,-,banpt-2798,-,-,TEKNOLOGI PENDIDIKAN,TEKNOLOGI,S1,BAIK SEKALI,1176,0,Ekonomi & Bisnis
-,-,banpt-111,-,-,PENDIDIKAN GURU SEKOLAH DASAR,GURU SEKOLAH DASAR,S1,BAIK,1058,0,Ekonomi & Bisnis
-,-,banpt-111,-,-,TEKNIK INFORMATIKA,INFORMATIKA,S1,BAIK,1058,0,Ekonomi & Bisnis
-,-,banpt-111,-,-,PENDIDIKAN JASMANI,JASMANI,S1,BAIK,1058,0,Ekonomi & Bisnis
-,-,banpt-111,-,-,MANAJEMEN,MANAJEMEN,S1,BAIK,1058,0,Ekonomi & Bisnis
-,-,banpt-111,-,-,TEKNIK MESIN,MESIN,S1,TERAKREDITASI PERTAMA,1058,0,Ekonomi & Bisnis
-,-,banpt-111,-,-,SISTEM INFORMASI,SISTEM INFORMASI,S1,BAIK,1058,0,Ekonomi & Bisnis
-,-,banpt-559,-,-,ILMU AKTUARIA,AKTUARIA,S1,BAIK,107,0,Ekonomi & Bisnis
-,-,banpt-559,-,-,PENDIDIKAN BIOLOGI,BIOLOGI,S1,BAIK SEKALI,107,0,Ekonomi & Bisnis
-,-,banpt-559,-,-,KIMIA,KIMIA,S1,BAIK,107,0,Ekonomi & Bisnis
-,-,banpt-559,-,-,PERENCANAAN WILAYAH DAN KOTA,PERENCANAAN WILAYAH KOTA,S1,BAIK,107,0,Ekonomi & Bisnis
-,-,banpt-559,-,-,PETERNAKAN,PETERNAKAN,S1,BAIK,107,0,Ekonomi & Bisnis
quipper-430,rencanamu-202,banpt-2226,-,FAKULTAS PERTANIAN,AGRIBISNIS,AGRIBISNIS,S1,B,849,0,Ekonomi & Bisnis
quipper-430,rencanamu-202,banpt-2226,-,FAKULTAS EKONOMI,AKUNTANSI,AKUNTANSI,S1,C,849,2,Pendidikan & Keguruan
-,rencanamu-202,banpt-2226,-,-,BIMBINGAN DAN KONSELING,BIMBINGAN KONSELING,S1,B,849,0,Ekonomi & Bisnis
-,rencanamu-202,banpt-2226,-,-,PENDIDIKAN BIOLOGI,BIOLOGI,S1,C,849,0,Ekonomi & Bisnis
quipper-430,-,-,-,FAKULTAS EKONOMI,ILMU EKONOMI,EKONOMI,S1,-,849,0,Ekonomi & Bisnis
quipper-430,-,-,-,FAKULTAS AGAMA ISLAM,KEGURUAN & PENDIDIKAN,GURU,S1,-,849,0,Ekonomi & Bisnis
-,rencanamu-202,banpt-2226,-,-,PENDIDIKAN ANAK USIA DINI,GURU ANAK USIA DINI,S1,C,849,0,Ekonomi & Bisnis
quipper-430,rencanamu-202,banpt-2226,-,FAKULTAS KEGURUAN DAN ILMU PENDIDIKAN,PENDIDIKAN GURU SEKOLAH DASAR,GURU SEKOLAH DASAR,S1,C,849,2,Pendidikan & Keguruan
quipper-430,rencanamu-202,banpt-2226,-,FAKULTAS HUKUM,ILMU HUKUM,HUKUM,S1,B,849,3,Hukum
-,rencanamu-202,banpt-2226,-,-,ILMU KOMUNIKASI,ILMU KOMUNIKASI,S1,C,849,0,Ekonomi & Bisnis
-,-,banpt-2226,-,-,MANAJEMEN,MANAJEMEN,S1,BAIK,849,0,Ekonomi & Bisnis
quipper-430,rencanamu-202,banpt-2226,-,FAKULTAS ILMU SOSIAL DAN ILMU POLITIK,ILMU PEMERINTAHAN,PEMERINTAHAN,S1,B,849,0,Ekonomi & Bisnis
-,-,banpt-2226,-,-,REKAYASA SISTEM KOMPUTER,REKAYASA PERANGKAT LUNAK,S1,BAIK,849,0,Ekonomi & Bisnis
quipper-430,rencanamu-202,banpt-2226,-,FAKULTAS TEKNIK,TEKNIK SIPIL,SIPIL,S1,C,849,1,Teknik & Rekayasa
-,-,banpt-1195,-,-,HUKUM,HUKUM,S1,TERAKREDITASI SEMENTARA,615,0,Ekonomi & Bisnis
-,-,banpt-1195,-,-,ILMU KOMUNIKASI,ILMU KOMUNIKASI,S1,TERAKREDITASI SEMENTARA,615,0,Ekonomi & Bisnis
-,-,banpt-1195,-,-,TEKNIK INDUSTRI,INDUSTRI,S1,BAIK,615,0,Ekonomi & Bisnis
-,-,banpt-1195,-,-,TEKNIK INFORMATIKA,INFORMATIKA,S1,BAIK,615,0,Ekonomi & Bisnis
-,-,banpt-1195,-,-,MANAJEMEN,MANAJEMEN,S1,BAIK,615,0,Ekonomi & Bisnis
-,-,banpt-1195,-,-,TEKNIK MESIN,MESIN,S1,BAIK,615,0,Ekonomi & Bisnis
-,-,banpt-1195,-,-,REKAYASA PERANGKAT LUNAK,REKAYASA PERANGKAT LUNAK,S1,BAIK,615,0,Ekonomi & Bisnis
-,-,banpt-2271,-,-,AKUNTANSI,AKUNTANSI,S1,BAIK SEKALI,734,0,Ekonomi & Bisnis
-,-,banpt-2271,-,-,GIZI,GIZI,S1,BAIK,734,0,Ekonomi & Bisnis
-,-,banpt-2271,-,-,PENDIDIKAN GURU PENDIDIKAN ANAK USIA DINI,GURU ANAK USIA DINI,S1,UNGGUL,734,0,Ekonomi & Bisnis
-,-,banpt-2271,-,-,PENDIDIKAN GURU SEKOLAH DASAR,GURU SEKOLAH DASAR,S1,BAIK SEKALI,734,0,Ekonomi & Bisnis
-,-,banpt-2271,-,-,ILMU HUKUM,HUKUM,S1,B,734,0,Ekonomi & Bisnis
-,-,banpt-2271,-,-,ILMU KOMUNIKASI,ILMU KOMUNIKASI,S1,UNGGUL,734,0,Ekonomi & Bisnis
-,-,banpt-2271,-,-,TEKNIK INDUSTRI,INDUSTRI,S1,BAIK SEKALI,734,0,Ekonomi & Bisnis
-,-,banpt-2271,-,-,TEKNIK INFORMATIKA,INFORMATIKA,S1,BAIK SEKALI,734,0,Ekonomi & Bisnis
-,-,banpt-2271,-,-,ILMU KEPERAWATAN,KEPERAWATAN,S1,BAIK SEKALI,734,0,Ekonomi & Bisnis
-,-,banpt-2271,-,-,PENDIDIKAN KIMIA,KIMIA,S1,BAIK SEKALI,734,0,Ekonomi & Bisnis
-,-,banpt-2271,-,-,MANAJEMEN,MANAJEMEN,S1,BAIK SEKALI,734,0,Ekonomi & Bisnis
-,-,banpt-2271,-,-,PENDIDIKAN MATEMATIKA,MATEMATIKA,S1,BAIK,734,0,Ekonomi & Bisnis
-,-,banpt-2271,-,-,ILMU KEOLAHRAGAAN,OLAHRAGA,S1,BAIK,734,0,Ekonomi & Bisnis
-,-,banpt-2271,-,-,ILMU PEMERINTAHAN,PEMERINTAHAN,S1,TERAKREDITASI,734,0,Ekonomi & Bisnis
-,-,banpt-2271,-,-,PENDIDIKAN ILMU PENGETAHUAN ALAM,PENGETAHUAN ALAM,S1,B,734,0,Ekonomi & Bisnis
-,-,banpt-2271,-,-,PETERNAKAN,PETERNAKAN,S1,BAIK SEKALI,734,0,Ekonomi & Bisnis
-,-,banpt-15,-,-,AGROTEKNOLOGI,AGROTEKNOLOGI,S1,BAIK,1029,0,Ekonomi & Bisnis
-,-,banpt-15,-,-,BIMBINGAN DAN KONSELING,BIMBINGAN KONSELING,S1,BAIK SEKALI,1029,0,Ekonomi & Bisnis
-,-,banpt-15,-,-,BIOKIMIA,BIOKIMIA,S1,BAIK,1029,0,Ekonomi & Bisnis
-,-,banpt-15,-,-,PENDIDIKAN GURU SEKOLAH DASAR,GURU SEKOLAH DASAR,S1,BAIK SEKALI,1029,0,Ekonomi & Bisnis
-,-,banpt-15,-,-,PERPUSTAKAAN DAN SAINS INFORMASI,ILMU PERPUSTAKAAN,S1,BAIK,1029,0,Ekonomi & Bisnis
-,-,banpt-15,-,-,MANAJEMEN BISNIS INTERNASIONAL,MANAJEMEN BISNIS INTERNASIONAL,S1,BAIK,1029,0,Ekonomi & Bisnis
-,-,banpt-15,-,-,PENDIDIKAN MATEMATIKA,MATEMATIKA,S1,BAIK SEKALI,1029,0,Ekonomi & Bisnis
-,-,banpt-15,-,-,PENDIDIKAN KEPELATIHAN OLAHRAGA,OLAHRAGA,S1,BAIK,1029,0,Ekonomi & Bisnis
-,-,banpt-15,-,-,REKAYASA SISTEM KOMPUTER,REKAYASA PERANGKAT LUNAK,S1,BAIK,1029,0,Ekonomi & Bisnis
-,-,banpt-15,-,-,TEKNIK SIPIL,SIPIL,S1,BAIK,1029,0,Ekonomi & Bisnis
-,-,banpt-596,-,-,ADMINISTRASI RUMAH SAKIT,ADMINISTRASI RUMAH SAKIT,S1,BAIK,229,0,Ekonomi & Bisnis
-,-,banpt-596,-,-,FARMASI,FARMASI,S1,BAIK SEKALI,229,0,Ekonomi & Bisnis
-,-,banpt-596,-,-,HUKUM,HUKUM,S1,BAIK,229,0,Ekonomi & Bisnis
-,-,banpt-596,-,-,TEKNIK INDUSTRI,INDUSTRI,S1,BAIK,229,0,Ekonomi & Bisnis
-,-,banpt-596,-,-,KEBIDANAN,KEBIDANAN,S1,BAIK SEKALI,229,0,Ekonomi & Bisnis
-,-,banpt-596,-,-,KEPERAWATAN,KEPERAWATAN,S1,B,229,0,Ekonomi & Bisnis
-,-,banpt-596,-,-,MANAJEMEN,MANAJEMEN,S1,BAIK,229,0,Ekonomi & Bisnis
-,-,banpt-596,-,-,TEKNOLOGI INFORMASI,TEKNOLOGI INFORMASI,S1,BAIK,229,0,Ekonomi & Bisnis
-,-,banpt-2351,-,-,ADMINISTRASI PUBLIK,ADMINISTRASI PUBLIK,S1,B,588,0,Ekonomi & Bisnis
quipper-493,-,banpt-2351,-,FAKULTAS ILMU-ILMU PERTANIAN,AGRIBISNIS,AGRIBISNIS,S1,B,588,0,Ekonomi & Bisnis
-,-,banpt-2351,-,-,AKUAKULTUR,AKUAKULTUR,S1,BAIK,588,0,Ekonomi & Bisnis
-,-,banpt-2351,-,-,AKUNTANSI,AKUNTANSI,S1,B,588,0,Ekonomi & Bisnis
-,-,banpt-2351,-,-,BISNIS DIGITAL,BISNIS DIGITAL,S1,BAIK,588,0,Ekonomi & Bisnis
quipper-493,-,-,-,FAKULTAS ILMU-ILMU PERTANIAN,BUDIDAYA PERAIRAN,BUDIDAYA PERAIRAN,S1,-,588,0,Ekonomi & Bisnis
-,-,banpt-2351,-,-,EKONOMI PEMBANGUNAN,EKONOMI PEMBANGUNAN,S1,B,588,0,Ekonomi & Bisnis
quipper-493,-,banpt-2351,-,FAKULTAS SAINS DAN TEKNOLOGI,GEOGRAFI,GEOGRAFI,S1,BAIK SEKALI,588,5,Sains & Teknologi
-,-,banpt-2351,-,-,PENDIDIKAN GURU SEKOLAH DASAR,GURU SEKOLAH DASAR,S1,UNGGUL,588,0,Ekonomi & Bisnis
-,-,banpt-2351,-,-,ILMU HUKUM,HUKUM,S1,BAIK,588,0,Ekonomi & Bisnis
quipper-493,-,-,-,FAKULTAS SAINS DAN TEKNOLOGI,TEKNIK INFORMATIKA,INFORMATIKA,S1,-,588,1,Teknik & Rekayasa
-,-,banpt-2351,-,-,KEBIDANAN,KEBIDANAN,S1,BAIK,588,0,Ekonomi & Bisnis
-,-,banpt-2351,-,-,KEDOKTERAN,KEDOKTERAN,S1,BAIK,588,0,Ekonomi & Bisnis
quipper-493,-,banpt-2351,-,FAKULTAS ILMU KESEHATAN,ILMU KEPERAWATAN,KEPERAWATAN,S1,BAIK SEKALI,588,0,Ekonomi & Bisnis
quipper-493,-,-,-,FAKULTAS ILMU KESEHATAN,KESEHATAN MASYARAKAT,KESEHATAN MASYARAKAT,S1,-,588,0,Ekonomi & Bisnis
-,-,banpt-2351,-,-,ILMU KOMPUTER,KOMPUTER,S1,BAIK,588,0,Ekonomi & Bisnis
-,-,banpt-2351,-,-,PENDIDIKAN MATEMATIKA,MATEMATIKA,S1,BAIK,588,0,Ekonomi & Bisnis
-,-,banpt-2351,-,-,ILMU KEOLAHRAGAAN,OLAHRAGA,S1,BAIK,588,0,Ekonomi & Bisnis
-,-,banpt-2351,-,-,PARIWISATA,PARIWISATA,S1,BAIK,588,0,Ekonomi & Bisnis
-,-,banpt-2351,-,-,PENDIDIKAN ILMU PENGETAHUAN ALAM,PENGETAHUAN ALAM,S1,BAIK,588,0,Ekonomi & Bisnis
quipper-493,-,banpt-2351,-,FAKULTAS ILMU-ILMU PERTANIAN,PETERNAKAN,PETERNAKAN,S1,BAIK,588,0,Ekonomi & Bisnis
-,-,banpt-2351,-,-,PSIKOLOGI,PSIKOLOGI,S1,BAIK,588,0,Ekonomi & Bisnis
quipper-493,-,banpt-2351,-,FAKULTAS ILMU BUDAYA,SASTRA ARAB,SASTRA ARAB,S1,B,588,0,Ekonomi & Bisnis
quipper-493,-,banpt-2351,-,FAKULTAS ILMU BUDAYA,SASTRA INGGRIS,SASTRA INGGRIS,S1,B,588,0,Ekonomi & Bisnis
-,-,banpt-2351,-,-,TEKNIK SIPIL,SIPIL,S1,BAIK,588,0,Ekonomi & Bisnis
quipper-493,-,banpt-2351,-,FAKULTAS SAINS DAN TEKNOLOGI,SISTEM INFORMASI,SISTEM INFORMASI,S1,BAIK SEKALI,588,4,Teknologi Industri
-,-,banpt-2349,-,-,AGRIBISNIS,AGRIBISNIS,S1,BAIK,579,0,Ekonomi & Bisnis
-,-,banpt-2349,-,-,AGROTEKNOLOGI,AGROTEKNOLOGI,S1,B,579,0,Ekonomi & Bisnis
-,-,banpt-2349,-,-,AKUNTANSI,AKUNTANSI,S1,BAIK SEKALI,579,0,Ekonomi & Bisnis
-,-,banpt-2349,-,-,TEKNIK ELEKTRO,ELEKTRO,S1,B,579,0,Ekonomi & Bisnis
-,-,banpt-2349,-,-,ILMU GIZI,GIZI,S1,TERAKREDITASI UNGGUL,579,0,Ekonomi & Bisnis
-,-,banpt-2349,-,-,PENDIDIKAN GURU SEKOLAH DASAR,GURU SEKOLAH DASAR,S1,BAIK SEKALI,579,0,Ekonomi & Bisnis
-,-,banpt-2349,-,-,HUKUM,HUKUM,S1,B,579,0,Ekonomi & Bisnis
-,-,banpt-2349,-,-,TEKNIK INDUSTRI,INDUSTRI,S1,BAIK SEKALI,579,0,Ekonomi & Bisnis
-,-,banpt-2349,-,-,TEKNIK INFORMATIKA,INFORMATIKA,S1,B,579,0,Ekonomi & Bisnis
-,-,banpt-2349,-,-,KEBIDANAN,KEBIDANAN,S1,BAIK,579,0,Ekonomi & Bisnis
-,-,banpt-2349,-,-,ILMU KEPERAWATAN,KEPERAWATAN,S1,B,579,0,Ekonomi & Bisnis
-,-,banpt-2349,-,-,KESEHATAN MASYARAKAT,KESEHATAN MASYARAKAT,S1,BAIK SEKALI,579,0,Ekonomi & Bisnis
-,-,banpt-2349,-,-,KEWIRAUSAHAAN,KEWIRAUSAHAAN,S1,B,579,0,Ekonomi & Bisnis
-,-,banpt-2349,-,-,TEKNIK KIMIA,KIMIA,S1,BAIK,579,0,Ekonomi & Bisnis
-,-,banpt-2349,-,-,MANAJEMEN,MANAJEMEN,S1,B,579,0,Ekonomi & Bisnis
-,-,banpt-2349,-,-,PENDIDIKAN MATEMATIKA,MATEMATIKA,S1,UNGGUL,579,0,Ekonomi & Bisnis
-,-,banpt-2349,-,-,TEKNIK MESIN,MESIN,S1,BAIK,579,0,Ekonomi & Bisnis
-,-,banpt-2349,-,-,BUDIDAYA PERIKANAN,PERIKANAN,S1,B,579,0,Ekonomi & Bisnis
-,-,banpt-2349,-,-,TEKNIK KONSTRUKSI PERKAPALAN,PERKAPALAN,S1,BAIK,579,0,Ekonomi & Bisnis
-,-,banpt-2349,-,-,PSIKOLOGI,PSIKOLOGI,S1,B,579,0,Ekonomi & Bisnis
-,-,banpt-2349,-,-,TEKNIK SIPIL,SIPIL,S1,BAIK,579,0,Ekonomi & Bisnis
-,-,banpt-2349,-,-,SISTEM INFORMASI,SISTEM INFORMASI,S1,BAIK,579,0,Ekonomi & Bisnis
-,-,banpt-2349,-,-,TEKNOLOGI PANGAN,TEKNOLOGI PANGAN,S1,BAIK,579,0,Ekonomi & Bisnis
quipper-715,-,-,-,FAKULTAS TEKNIK,ILMU TEKNIK,,S1,-,219,1,Teknik & Rekayasa
quipper-715,rencanamu-203,-,-,FAKULTAS ILMU SOSIAL DAN ILMU POLITIK,ILMU ADMINISTRASI,ADMINISTRASI,S1,B,219,0,Ekonomi & Bisnis
-,rencanamu-203,banpt-1903,-,-,ADMINISTRASI PUBLIK,ADMINISTRASI PUBLIK,S1,A,219,0,Ekonomi & Bisnis
-,-,banpt-1903,-,-,AGRIBISNIS,AGRIBISNIS,S1,BAIK,219,0,Ekonomi & Bisnis
quipper-715,rencanamu-203,banpt-1903,-,FAKULTAS PERTANIAN,AGROTEKNOLOGI,AGROTEKNOLOGI,S1,B,219,0,Ekonomi & Bisnis
quipper-715,rencanamu-203,banpt-1903,-,FAKULTAS EKONOMI,AKUNTANSI,AKUNTANSI,S1,B,219,2,Pendidikan & Keguruan
quipper-715,rencanamu-203,banpt-1903,-,FAKULTAS TEKNIK,ARSITEKTUR,ARSITEKTUR,S1,A,219,1,Teknik & Rekayasa
quipper-715,-,-,-,FAKULTAS EKONOMI,ILMU EKONOMI,EKONOMI,S1,-,219,0,Ekonomi & Bisnis
quipper-715,rencanamu-203,banpt-1903,-,FAKULTAS TEKNIK,TEKNIK ELEKTRO,ELEKTRO,S1,B,219,1,Teknik & Rekayasa
-,-,banpt-1903,-,-,GIZI,GIZI,S1,UNGGUL,219,0,Ekonomi & Bisnis
quipper-715,-,banpt-1903,-,FAKULTAS ILMU PENDIDIKAN,PENDIDIKAN ANAK USIA DINI,GURU ANAK USIA DINI,S1,UNGGUL,219,0,Ekonomi & Bisnis
-,rencanamu-203,-,-,-,PENDIDIKAN GURU PAUD,GURU PAUD,S1,A,219,0,Ekonomi & Bisnis
quipper-715,rencanamu-203,banpt-1903,-,FAKULTAS AGAMA ISLAM,PENDIDIKAN GURU SEKOLAH DASAR,GURU SEKOLAH DASAR,S1,A,219,0,Ekonomi & Bisnis
quipper-715,rencanamu-203,banpt-1903,-,FAKULTAS HUKUM,ILMU HUKUM,HUKUM,S1,A,219,3,Hukum
quipper-715,rencanamu-203,banpt-1903,-,FAKULTAS AGAMA ISLAM,ILMU KOMUNIKASI,ILMU KOMUNIKASI,S1,B,219,0,Ekonomi & Bisnis
quipper-715,rencanamu-203,banpt-1903,-,FAKULTAS TEKNIK,TEKNIK INDUSTRI,INDUSTRI,S1,B,219,1,Teknik & Rekayasa
quipper-715,rencanamu-203,banpt-1903,-,FAKULTAS TEKNIK,TEKNIK INFORMATIKA,INFORMATIKA,S1,B,219,1,Teknik & Rekayasa
-,rencanamu-203,banpt-1903,-,-,KEBIDANAN,KEBIDANAN,S1,B,219,0,Ekonomi & Bisnis
-,rencanamu-203,banpt-1903,-,-,ILMU KEDOKTERAN,KEDOKTERAN,S1,B,219,0,Ekonomi & Bisnis
quipper-715,rencanamu-203,banpt-1903,-,FAKULTAS ILMU KEPERAWATAN,ILMU KEPERAWATAN,KEPERAWATAN,S1,A,219,0,Ekonomi & Bisnis
quipper-715,rencanamu-203,banpt-1903,-,FAKULTAS KEDOKTERAN DAN KESEHATAN,KESEHATAN MASYARAKAT,KESEHATAN MASYARAKAT,S1,B,219,0,Ekonomi & Bisnis
quipper-715,rencanamu-203,banpt-1903,-,FAKULTAS ILMU SOSIAL DAN ILMU POLITIK,KESEJAHTERAAN SOSIAL,KESEJAHTERAAN SOSIAL,S1,A,219,0,Ekonomi & Bisnis
quipper-715,rencanamu-203,banpt-1903,-,FAKULTAS TEKNIK,TEKNIK KIMIA,KIMIA,S1,B,219,1,Teknik & Rekayasa
quipper-715,rencanamu-203,banpt-1903,-,FAKULTAS EKONOMI,MANAJEMEN,MANAJEMEN,S1,B,219,0,Ekonomi & Bisnis
quipper-715,rencanamu-203,banpt-1903,-,FAKULTAS ILMU PENDIDIKAN,PENDIDIKAN MATEMATIKA,MATEMATIKA,S1,B,219,0,Ekonomi & Bisnis
quipper-715,rencanamu-203,banpt-1903,-,FAKULTAS TEKNIK,TEKNIK MESIN,MESIN,S1,B,219,1,Teknik & Rekayasa
-,rencanamu-203,banpt-1903,-,-,PENDIDIKAN OLAHRAGA,OLAHRAGA,S1,BAIK,219,0,Ekonomi & Bisnis
-,rencanamu-203,-,-,-,TEKNIK OTOMOTIF DAN ALAT BERAT,OTOMOTIF,S1,B,219,0,Ekonomi & Bisnis
quipper-715,-,-,-,FAKULTAS AGAMA ISLAM,PERBANKAN,PERBANKAN,S1,-,219,0,Ekonomi & Bisnis
quipper-715,rencanamu-203,banpt-1903,-,FAKULTAS ILMU SOSIAL DAN ILMU POLITIK,ILMU POLITIK,POLITIK,S1,A,219,0,Ekonomi & Bisnis
quipper-715,rencanamu-203,banpt-1903,-,FAKULTAS TEKNIK,TEKNIK SIPIL,SIPIL,S1,B,219,1,Teknik & Rekayasa
quipper-715,rencanamu-203,-,-,FAKULTAS ILMU PENDIDIKAN,TEKNOLOGI PENDIDIKAN,TEKNOLOGI,S1,C,219,0,Ekonomi & Bisnis
-,-,banpt-1903,-,-,PENDIDIKAN TEKNOLOGI INFORMASI,TEKNOLOGI INFORMASI,S1,BAIK,219,0,Ekonomi & Bisnis
-,-,banpt-2571,-,-,EKONOMI PEMBANGUNAN,EKONOMI PEMBANGUNAN,S1,BAIK SEKALI,1071,0,Ekonomi & Bisnis
-,-,banpt-2571,-,-,INFORMATIKA,INFORMATIKA,S1,BAIK,1071,0,Ekonomi & Bisnis
-,-,banpt-2571,-,-,KEHUTANAN,KEHUTANAN,S1,BAIK,1071,0,Ekonomi & Bisnis
-,-,banpt-2571,-,-,MANAJEMEN,MANAJEMEN,S1,BAIK SEKALI,1071,0,Ekonomi & Bisnis
-,-,banpt-2571,-,-,PERENCANAAN WILAYAH DAN KOTA,PERENCANAAN WILAYAH KOTA,S1,TERAKREDITASI SEMENTARA,1071,0,Ekonomi & Bisnis
-,-,banpt-2571,-,-,SISTEM INFORMASI,SISTEM INFORMASI,S1,BAIK,1071,0,Ekonomi & Bisnis
quipper-120,rencanamu-204,banpt-369,-,PERTANIAN,AGRIBISNIS,AGRIBISNIS,S1,B,96,0,Ekonomi & Bisnis
quipper-120,rencanamu-204,banpt-369,-,PERTANIAN,AGROTEKNOLOGI,AGROTEKNOLOGI,S1,B,96,0,Ekonomi & Bisnis
quipper-120,rencanamu-204,banpt-369,-,EKONOMI,AKUNTANSI,AKUNTANSI,S1,A,96,2,Pendidikan & Keguruan
quipper-120,rencanamu-204,banpt-369,-,KEGURUAN DAN ILMU PENDIDIKAN,PENDIDIKAN BIOLOGI,BIOLOGI,S1,B,96,0,Ekonomi & Bisnis
quipper-120,rencanamu-204,banpt-369,-,TEKNIK,TEKNIK ELEKTRO,ELEKTRO,S1,B,96,0,Ekonomi & Bisnis
quipper-120,-,banpt-369,-,KEGURUAN DAN ILMU PENDIDIKAN,PENDIDIKAN GURU PENDIDIKAN ANAK USIA DINI,GURU ANAK USIA DINI,S1,B,96,0,Ekonomi & Bisnis
-,rencanamu-204,-,-,-,PENDIDIKAN GURU PAUD,GURU PAUD,S1,B,96,0,Ekonomi & Bisnis
-,-,banpt-369,-,-,PENDIDIKAN GURU SEKOLAH DASAR,GURU SEKOLAH DASAR,S1,BAIK,96,0,Ekonomi & Bisnis
quipper-120,rencanamu-204,banpt-369,-,HUKUM,ILMU HUKUM,HUKUM,S1,B,96,3,Hukum
quipper-120,rencanamu-204,banpt-369,-,ILMU SOSIAL DAN ILMU POLITIK,ILMU KOMUNIKASI,ILMU KOMUNIKASI,S1,A,96,0,Ekonomi & Bisnis
-,-,banpt-369,-,-,TEKNIK INDUSTRI,INDUSTRI,S1,BAIK,96,0,Ekonomi & Bisnis
quipper-120,rencanamu-204,banpt-369,-,TEKNIK,TEKNIK INFORMATIKA,INFORMATIKA,S1,B,96,1,Teknik & Rekayasa
-,-,banpt-369,-,-,PENDIDIKAN JASMANI,JASMANI,S1,BAIK,96,0,Ekonomi & Bisnis
quipper-120,rencanamu-204,banpt-369,-,ILMU KESEHATAN,KEPERAWATAN,KEPERAWATAN,S1,B,96,0,Ekonomi & Bisnis
-,-,banpt-369,-,-,TEKNIK KIMIA,KIMIA,S1,BAIK,96,0,Ekonomi & Bisnis
-,-,banpt-369,-,-,TEKNIK LINGKUNGAN,LINGKUNGAN,S1,BAIK,96,0,Ekonomi & Bisnis
quipper-120,rencanamu-204,banpt-369,-,EKONOMI,MANAJEMEN,MANAJEMEN,S1,B,96,0,Ekonomi & Bisnis
quipper-120,rencanamu-204,-,-,TEKNIK,MANAJEMEN INFORMATIKA,MANAJEMEN INFORMATIKA,S1,B,96,0,Ekonomi & Bisnis
quipper-120,rencanamu-204,banpt-369,-,KEGURUAN DAN ILMU PENDIDIKAN,MATEMATIKA,MATEMATIKA,S1,B,96,0,Ekonomi & Bisnis
quipper-120,-,banpt-369,-,TEKNIK,TEKNIK MESIN,MESIN,S1,BAIK SEKALI,96,0,Ekonomi & Bisnis
quipper-120,-,banpt-369,-,KEGURUAN DAN ILMU PENDIDIKAN,OLAHRAGA,OLAHRAGA,S1,BAIK,96,0,Ekonomi & Bisnis
quipper-120,rencanamu-204,banpt-369,-,ILMU SOSIAL DAN ILMU POLITIK,ILMU PEMERINTAH,PEMERINTAHAN,S1,B,96,0,Ekonomi & Bisnis
quipper-120,-,-,-,ILMU SOSIAL DAN ILMU POLITIK,PERHOTELAN,PERHOTELAN,S1,-,96,0,Ekonomi & Bisnis
quipper-120,-,banpt-369,-,PERTANIAN,TEKNOLOGI INDUSTRI PERTANIAN,PERTANIAN,S1,BAIK,96,0,Ekonomi & Bisnis
quipper-120,rencanamu-204,banpt-369,-,PSIKOLOGI,PSIKOLOGI,PSIKOLOGI,S1,B,96,0,Ekonomi & Bisnis
quipper-120,rencanamu-204,banpt-369,-,TEKNIK,TEKNIK SIPIL,SIPIL,S1,B,96,5,Sains & Teknologi
-,-,banpt-369,-,-,SISTEM INFORMASI,SISTEM INFORMASI,S1,BAIK SEKALI,96,0,Ekonomi & Bisnis
-,-,banpt-1744,-,-,AGRIBISNIS,AGRIBISNIS,S1,BAIK,549,0,Ekonomi & Bisnis
-,-,banpt-1744,-,-,AGROTEKNOLOGI,AGROTEKNOLOGI,S1,BAIK,549,0,Ekonomi & Bisnis
-,-,banpt-1744,-,-,AKUNTANSI,AKUNTANSI,S1,BAIK SEKALI,549,0,Ekonomi & Bisnis
-,-,banpt-1744,-,-,BISNIS DIGITAL,BISNIS DIGITAL,S1,BAIK SEKALI,549,0,Ekonomi & Bisnis
quipper-588,-,banpt-1744,-,FAKULTAS ILMU KESEHATAN DAN FARMASI,FARMASI,FARMASI,S1,BAIK SEKALI,549,0,Ekonomi & Bisnis
-,-,banpt-1744,-,-,TEKNIK GEOLOGI,GEOLOGI,S1,BAIK,549,0,Ekonomi & Bisnis
quipper-588,-,banpt-1744,-,FAKULTAS ILMU-ILMU SOSIAL DAN HUMANIORA,HUBUNGAN INTERNASIONAL,HUBUNGAN INTERNASIONAL,S1,B,549,0,Ekonomi & Bisnis
quipper-588,-,banpt-1744,-,FAKULTAS ILMU-ILMU SOSIAL DAN HUMANIORA,ILMU HUKUM,HUKUM,S1,B,549,3,Hukum
quipper-588,-,banpt-1744,-,FAKULTAS SAINS DAN TEKNOLOGI,TEKNIK INFORMATIKA,INFORMATIKA,S1,BAIK SEKALI,549,1,Teknik & Rekayasa
-,-,banpt-1744,-,-,KEDOKTERAN,KEDOKTERAN,S1,BAIK,549,0,Ekonomi & Bisnis
quipper-588,-,banpt-1744,-,FAKULTAS ILMU KESEHATAN DAN FARMASI,ILMU KEPERAWATAN,KEPERAWATAN,S1,UNGGUL,549,0,Ekonomi & Bisnis
-,-,banpt-1744,-,-,KESEHATAN LINGKUNGAN,KESEHATAN LINGKUNGAN,S1,UNGGUL,549,0,Ekonomi & Bisnis
quipper-588,-,banpt-1744,-,FAKULTAS ILMU KESEHATAN DAN FARMASI,KESEHATAN MASYARAKAT,KESEHATAN MASYARAKAT,S1,UNGGUL,549,0,Ekonomi & Bisnis
quipper-588,-,banpt-1744,-,FAKULTAS ILMU-ILMU SOSIAL DAN HUMANIORA,MANAJEMEN,MANAJEMEN,S1,BAIK SEKALI,549,0,Ekonomi & Bisnis
quipper-588,-,banpt-1744,-,FAKULTAS SAINS DAN TEKNOLOGI,TEKNIK MESIN,MESIN,S1,BAIK SEKALI,549,5,Sains & Teknologi
quipper-588,-,banpt-1744,-,FAKULTAS KEGURUAN DAN ILMU PENDIDIKAN,PENDIDIKAN OLAHRAGA,OLAHRAGA,S1,B,549,2,Pendidikan & Keguruan
quipper-588,-,banpt-1744,-,FAKULTAS ILMU-ILMU SOSIAL DAN HUMANIORA,PSIKOLOGI,PSIKOLOGI,S1,BAIK SEKALI,549,0,Ekonomi & Bisnis
quipper-588,-,banpt-1744,-,FAKULTAS SAINS DAN TEKNOLOGI,TEKNIK SIPIL,SIPIL,S1,BAIK SEKALI,549,5,Sains & Teknologi
-,-,banpt-1816,-,-,AKUNTANSI,AKUNTANSI,S1,BAIK,967,0,Ekonomi & Bisnis
-,-,banpt-1816,-,-,GIZI,GIZI,S1,BAIK SEKALI,967,0,Ekonomi & Bisnis
-,-,banpt-1816,-,-,PENDIDIKAN GURU SEKOLAH DASAR,GURU SEKOLAH DASAR,S1,BAIK,967,0,Ekonomi & Bisnis
-,-,banpt-1816,-,-,HUKUM,HUKUM,S1,BAIK,967,0,Ekonomi & Bisnis
-,-,banpt-1816,-,-,INFORMATIKA,INFORMATIKA,S1,BAIK,967,0,Ekonomi & Bisnis
-,-,banpt-1816,-,-,KEPERAWATAN,KEPERAWATAN,S1,BAIK,967,0,Ekonomi & Bisnis
-,-,banpt-1816,-,-,MANAJEMEN,MANAJEMEN,S1,BAIK,967,0,Ekonomi & Bisnis
-,rencanamu-205,banpt-1989,-,-,ADMINISTRASI PENDIDIKAN,ADMINISTRASI,S1,C,112,0,Ekonomi & Bisnis
-,rencanamu-205,banpt-1989,-,-,AGRIBISNIS,AGRIBISNIS,S1,C,112,0,Ekonomi & Bisnis
-,rencanamu-205,banpt-1989,-,-,ARSITEKTUR,ARSITEKTUR,S1,C,112,0,Ekonomi & Bisnis
-,-,banpt-1989,-,-,BISNIS DIGITAL,BISNIS DIGITAL,S1,BAIK,112,0,Ekonomi & Bisnis
-,rencanamu-205,banpt-1989,-,-,PENDIDIKAN ANAK USIA DINI,GURU ANAK USIA DINI,S1,C,112,0,Ekonomi & Bisnis
-,rencanamu-205,-,-,-,ILMU HUKUM,HUKUM,S1,B,112,0,Ekonomi & Bisnis
-,rencanamu-205,banpt-1989,-,-,TEKNIK LINGKUNGAN,LINGKUNGAN,S1,C,112,0,Ekonomi & Bisnis
-,rencanamu-205,banpt-1989,-,-,MANAJEMEN,MANAJEMEN,S1,C,112,0,Ekonomi & Bisnis
-,-,banpt-1989,-,-,PENDIDIKAN MATEMATIKA,MATEMATIKA,S1,BAIK,112,0,Ekonomi & Bisnis
-,rencanamu-205,banpt-1989,-,-,ILMU PEMERINTAHAN,PEMERINTAHAN,S1,C,112,0,Ekonomi & Bisnis
-,rencanamu-205,banpt-1989,-,-,PEMANFAATAN SUMBERDAYA PERIKANAN,PERIKANAN,S1,C,112,0,Ekonomi & Bisnis
-,-,banpt-1989,-,-,TEKNIK PERTAMBANGAN,PERTAMBANGAN,S1,BAIK,112,0,Ekonomi & Bisnis
-,-,banpt-1989,-,-,TEKNIK SIPIL,SIPIL,S1,BAIK,112,0,Ekonomi & Bisnis
-,-,banpt-1989,-,-,SISTEM DAN TEKNOLOGI INFORMASI,SISTEM INFORMASI,S1,BAIK,112,0,Ekonomi & Bisnis
-,rencanamu-205,banpt-1989,-,-,TEKNOLOGI HASIL PERIKANAN,TEKNOLOGI HASIL PERIKANAN,S1,C,112,0,Ekonomi & Bisnis
-,-,banpt-1989,-,-,PENDIDIKAN TEKNOLOGI INFORMASI,TEKNOLOGI INFORMASI,S1,BAIK,112,0,Ekonomi & Bisnis
-,-,banpt-2409,-,-,ADMINISTRASI KESEHATAN,ADMINISTRASI KESEHATAN,S1,BAIK,1345,0,Ekonomi & Bisnis
-,-,banpt-2409,-,-,ILMU KOMUNIKASI,ILMU KOMUNIKASI,S1,BAIK,1345,0,Ekonomi & Bisnis
-,-,banpt-2409,-,-,ILMU KEPERAWATAN,KEPERAWATAN,S1,B,1345,0,Ekonomi & Bisnis
-,-,banpt-2409,-,-,MANAJEMEN,MANAJEMEN,S1,BAIK,1345,0,Ekonomi & Bisnis
-,-,banpt-2409,-,-,TEKNOLOGI INFORMASI,TEKNOLOGI INFORMASI,S1,BAIK,1345,0,Ekonomi & Bisnis
-,-,banpt-3298,-,-,AGRIBISNIS,AGRIBISNIS,S1,BAIK,550,0,Ekonomi & Bisnis
-,-,banpt-3298,-,-,AGROTEKNOLOGI,AGROTEKNOLOGI,S1,BAIK,550,0,Ekonomi & Bisnis
-,-,banpt-3298,-,-,PENDIDIKAN GURU SEKOLAH DASAR,GURU SEKOLAH DASAR,S1,BAIK SEKALI,550,0,Ekonomi & Bisnis
-,-,banpt-3298,-,-,HUKUM,HUKUM,S1,B,550,0,Ekonomi & Bisnis
-,-,banpt-3298,-,-,ILMU KOMUNIKASI,ILMU KOMUNIKASI,S1,BAIK,550,0,Ekonomi & Bisnis
-,-,banpt-3298,-,-,INFORMATIKA MEDIS,INFORMATIKA MEDIS,S1,BAIK,550,0,Ekonomi & Bisnis
-,-,banpt-3298,-,-,PENDIDIKAN JASMANI,JASMANI,S1,BAIK,550,0,Ekonomi & Bisnis
-,-,banpt-3298,-,-,PENDIDIKAN MATEMATIKA,MATEMATIKA,S1,BAIK SEKALI,550,0,Ekonomi & Bisnis
-,-,banpt-3298,-,-,NUTRISI DAN TEKNOLOGI PAKAN TERNAK,NUTRISI TEKNOLOGI PAKAN TERNAK,S1,BAIK,550,0,Ekonomi & Bisnis
-,-,banpt-3298,-,-,SISTEM DAN TEKNOLOGI INFORMASI,SISTEM INFORMASI,S1,BAIK,550,0,Ekonomi & Bisnis
-,-,banpt-1302,-,-,ADMINISTRASI RUMAH SAKIT,ADMINISTRASI RUMAH SAKIT,S1,BAIK,748,0,Ekonomi & Bisnis
-,-,banpt-1302,-,-,AKUNTANSI,AKUNTANSI,S1,BAIK,748,0,Ekonomi & Bisnis
-,-,banpt-1302,-,-,BISNIS DIGITAL,BISNIS DIGITAL,S1,BAIK,748,0,Ekonomi & Bisnis
-,-,banpt-1302,-,-,FARMASI,FARMASI,S1,BAIK SEKALI,748,0,Ekonomi & Bisnis
-,-,banpt-1302,-,-,GIZI,GIZI,S1,BAIK,748,0,Ekonomi & Bisnis
-,-,banpt-1302,-,-,PENDIDIKAN GURU SEKOLAH DASAR,GURU SEKOLAH DASAR,S1,BAIK SEKALI,748,0,Ekonomi & Bisnis
-,-,banpt-1302,-,-,HUKUM,HUKUM,S1,BAIK,748,0,Ekonomi & Bisnis
-,-,banpt-1302,-,-,TEKNIK INDUSTRI,INDUSTRI,S1,BAIK,748,0,Ekonomi & Bisnis
-,-,banpt-1302,-,-,KEBIDANAN,KEBIDANAN,S1,BAIK SEKALI,748,0,Ekonomi & Bisnis
-,-,banpt-1302,-,-,KEPERAWATAN,KEPERAWATAN,S1,BAIK SEKALI,748,0,Ekonomi & Bisnis
-,-,banpt-1302,-,-,ILMU KOMPUTER,KOMPUTER,S1,BAIK SEKALI,748,0,Ekonomi & Bisnis
-,-,banpt-1302,-,-,MATEMATIKA,MATEMATIKA,S1,BAIK,748,0,Ekonomi & Bisnis
-,-,banpt-1302,-,-,SISTEM INFORMASI,SISTEM INFORMASI,S1,BAIK SEKALI,748,0,Ekonomi & Bisnis
-,-,banpt-2547,-,-,AKUNTANSI,AKUNTANSI,S1,BAIK SEKALI,243,0,Ekonomi & Bisnis
-,-,banpt-2547,-,-,ANTROPOLOGI SOSIAL,ANTROPOLOGI,S1,B,243,0,Ekonomi & Bisnis
-,-,banpt-2547,-,-,PENDIDIKAN BIOLOGI,BIOLOGI,S1,BAIK SEKALI,243,0,Ekonomi & Bisnis
-,-,banpt-2547,-,-,PENDIDIKAN GURU SEKOLAH DASAR,GURU SEKOLAH DASAR,S1,BAIK SEKALI,243,0,Ekonomi & Bisnis
-,-,banpt-2547,-,-,ILMU HUKUM,HUKUM,S1,BAIK SEKALI,243,0,Ekonomi & Bisnis
-,-,banpt-2547,-,-,ILMU KESEJAHTERAAN SOSIAL,KESEJAHTERAAN SOSIAL,S1,B,243,0,Ekonomi & Bisnis
-,-,banpt-2547,-,-,MANAJEMEN,MANAJEMEN,S1,B,243,0,Ekonomi & Bisnis
-,-,banpt-2547,-,-,PENDIDIKAN MATEMATIKA,MATEMATIKA,S1,BAIK SEKALI,243,0,Ekonomi & Bisnis
-,-,banpt-2547,-,-,PEMANFAATAN SUMBER DAYA PERIKANAN,PERIKANAN,S1,B,243,0,Ekonomi & Bisnis
-,-,banpt-2547,-,-,ILMU POLITIK,POLITIK,S1,BAIK,243,0,Ekonomi & Bisnis
-,-,banpt-2547,-,-,PENDIDIKAN SOSIOLOGI,SOSIOLOGI,S1,BAIK SEKALI,243,0,Ekonomi & Bisnis
-,-,banpt-2426,-,-,TEKNIK ELEKTRO,ELEKTRO,S1,BAIK,682,0,Ekonomi & Bisnis
-,-,banpt-2426,-,-,ILMU KOMUNIKASI,ILMU KOMUNIKASI,S1,B,682,0,Ekonomi & Bisnis
-,-,banpt-2426,-,-,INFORMATIKA,INFORMATIKA,S1,BAIK,682,0,Ekonomi & Bisnis
-,-,banpt-2426,-,-,PENDIDIKAN MATEMATIKA,MATEMATIKA,S1,BAIK SEKALI,682,0,Ekonomi & Bisnis
-,-,banpt-2426,-,-,ILMU PEMERINTAHAN,PEMERINTAHAN,S1,B,682,0,Ekonomi & Bisnis
-,-,banpt-2426,-,-,PSIKOLOGI,PSIKOLOGI,S1,B,682,0,Ekonomi & Bisnis
-,-,banpt-2426,-,-,SASTRA INGGRIS,SASTRA INGGRIS,S1,BAIK,682,0,Ekonomi & Bisnis
-,-,banpt-2426,-,-,TEKNIK SIPIL,SIPIL,S1,BAIK,682,0,Ekonomi & Bisnis
-,-,banpt-1038,-,-,ADMINISTRASI KESEHATAN,ADMINISTRASI KESEHATAN,S1,BAIK,951,0,Ekonomi & Bisnis
-,-,banpt-1038,-,-,ILMU AKTUARIA,AKTUARIA,S1,BAIK,951,0,Ekonomi & Bisnis
-,-,banpt-1038,-,-,BIOKIMIA,BIOKIMIA,S1,BAIK,951,0,Ekonomi & Bisnis
-,-,banpt-1038,-,-,ILMU KOMUNIKASI,ILMU KOMUNIKASI,S1,BAIK SEKALI,951,0,Ekonomi & Bisnis
-,-,banpt-1038,-,-,INFORMATIKA,INFORMATIKA,S1,BAIK,951,0,Ekonomi & Bisnis
-,-,banpt-1038,-,-,ILMU KESEJAHTERAAN SOSIAL,KESEJAHTERAAN SOSIAL,S1,BAIK SEKALI,951,0,Ekonomi & Bisnis
-,-,banpt-1038,-,-,ILMU LINGKUNGAN,LINGKUNGAN,S1,BAIK,951,0,Ekonomi & Bisnis
quipper-355,rencanamu-206,banpt-1667,-,FAKULTAS EKONOMI DAN BISNIS,AKUNTANSI,AKUNTANSI,S1,B,163,2,Pendidikan & Keguruan
-,rencanamu-206,banpt-1667,-,-,BIMBINGAN DAN KONSELING,BIMBINGAN KONSELING,S1,B,163,0,Ekonomi & Bisnis
quipper-355,rencanamu-206,banpt-1667,-,FAKULTAS ILMU KESEHATAN,FARMASI,FARMASI,S1,C,163,0,Ekonomi & Bisnis
quipper-355,-,-,-,FAKULTAS KEGURUAN DAN ILMU PENDIDIKAN,KEGURUAN & PENDIDIKAN,GURU,S1,-,163,2,Pendidikan & Keguruan
-,-,banpt-1667,-,-,PENDIDIKAN GURU PENDIDIKAN ANAK USIA DINI,GURU ANAK USIA DINI,S1,BAIK SEKALI,163,0,Ekonomi & Bisnis
-,rencanamu-206,-,-,-,PENDIDIKAN GURU PAUD,GURU PAUD,S1,B,163,0,Ekonomi & Bisnis
quipper-355,rencanamu-206,banpt-1667,-,FAKULTAS KEGURUAN DAN ILMU PENDIDIKAN,PENDIDIKAN GURU SEKOLAH DASAR,GURU SEKOLAH DASAR,S1,A,163,2,Pendidikan & Keguruan
quipper-355,rencanamu-206,banpt-1667,-,FAKULTAS HUKUM,ILMU HUKUM,HUKUM,S1,A,163,3,Hukum
-,-,banpt-1667,-,-,ILMU KOMUNIKASI,ILMU KOMUNIKASI,S1,BAIK,163,0,Ekonomi & Bisnis
quipper-355,rencanamu-206,banpt-1667,-,FAKULTAS TEKNIK,TEKNIK INDUSTRI,INDUSTRI,S1,B,163,1,Teknik & Rekayasa
quipper-355,rencanamu-206,banpt-1667,-,FAKULTAS TEKNIK,TEKNIK INFORMATIKA,INFORMATIKA,S1,B,163,1,Teknik & Rekayasa
quipper-355,rencanamu-206,banpt-1667,-,FAKULTAS ILMU KESEHATAN,ILMU KEPERAWATAN,KEPERAWATAN,S1,B,163,0,Ekonomi & Bisnis
quipper-355,rencanamu-206,banpt-1667,-,FAKULTAS EKONOMI DAN BISNIS,MANAJEMEN,MANAJEMEN,S1,B,163,0,Ekonomi & Bisnis
-,-,banpt-1667,-,-,TEKNIK MESIN,MESIN,S1,BAIK,163,0,Ekonomi & Bisnis
-,rencanamu-206,-,-,-,MESIN OTOMOTIF,OTOMOTIF,S1,A,163,0,Ekonomi & Bisnis
quipper-355,rencanamu-206,banpt-1667,-,FAKULTAS PSIKOLOGI DAN HUMANIORA,PSIKOLOGI,PSIKOLOGI,S1,C,163,0,Ekonomi & Bisnis
-,-,banpt-1203,-,-,PENDIDIKAN EKONOMI,EKONOMI,S1,BAIK,984,0,Ekonomi & Bisnis
-,-,banpt-1203,-,-,HUKUM,HUKUM,S1,BAIK,984,0,Ekonomi & Bisnis
-,-,banpt-1203,-,-,ILMU KOMUNIKASI,ILMU KOMUNIKASI,S1,BAIK,984,0,Ekonomi & Bisnis
-,-,banpt-1203,-,-,PENDIDIKAN JASMANI,JASMANI,S1,BAIK,984,0,Ekonomi & Bisnis
-,-,banpt-1203,-,-,ILMU KEPERAWATAN,KEPERAWATAN,S1,BAIK SEKALI,984,0,Ekonomi & Bisnis
-,-,banpt-1203,-,-,KESEHATAN MASYARAKAT,KESEHATAN MASYARAKAT,S1,BAIK SEKALI,984,0,Ekonomi & Bisnis
-,-,banpt-1203,-,-,MANAJEMEN,MANAJEMEN,S1,BAIK,984,0,Ekonomi & Bisnis
-,-,banpt-1203,-,-,PENDIDIKAN PANCASILA DAN KEWARGANEGARAAN,PANCASILA KEWARGANEGARAAN,S1,BAIK,984,0,Ekonomi & Bisnis
-,-,banpt-1203,-,-,PSIKOLOGI,PSIKOLOGI,S1,BAIK,984,0,Ekonomi & Bisnis
-,-,banpt-1203,-,-,TEKNOLOGI INFORMASI,TEKNOLOGI INFORMASI,S1,BAIK,984,0,Ekonomi & Bisnis
quipper-387,-,-,-,FAKULTAS TEKNIK,ILMU TEKNIK,,S1,-,245,1,Teknik & Rekayasa
quipper-387,-,-,-,FAKULTAS ILMU SOSIAL DAN ILMU POLITIK,ILMU ADMINISTRASI,ADMINISTRASI,S1,-,245,0,Ekonomi & Bisnis
-,rencanamu-207,banpt-1988,-,-,ILMU ADMINISTRASI NEGARA,ADMINISTRASI NEGARA,S1,A,245,0,Ekonomi & Bisnis
quipper-387,rencanamu-207,banpt-1988,-,FAKULTAS PERTANIAN,AGRIBISNIS,AGRIBISNIS,S1,B,245,0,Ekonomi & Bisnis
quipper-387,-,banpt-1988,-,FAKULTAS PERTANIAN,AGROTEKNOLOGI,AGROTEKNOLOGI,S1,BAIK,245,0,Ekonomi & Bisnis
quipper-387,rencanamu-207,banpt-1988,-,FAKULTAS EKONOMI DAN BISNIS,AKUNTANSI,AKUNTANSI,S1,B,245,2,Pendidikan & Keguruan
quipper-387,-,banpt-1988,-,FAKULTAS TEKNIK,ARSITEKTUR,ARSITEKTUR,S1,UNGGUL,245,1,Teknik & Rekayasa
-,-,banpt-1988,-,-,PENDIDIKAN BIOLOGI,BIOLOGI,S1,UNGGUL,245,0,Ekonomi & Bisnis
quipper-387,rencanamu-207,banpt-1988,-,FAKULTAS PERTANIAN,BUDIDAYA PERAIRAN,BUDIDAYA PERAIRAN,S1,B,245,0,Ekonomi & Bisnis
quipper-387,rencanamu-207,banpt-1988,-,FAKULTAS KEGURUAN DAN ILMU PENDIDIKAN,SENI RUPA,DESAIN KOMUNIKASI VISUAL,S1,B,245,2,Pendidikan & Keguruan
quipper-387,-,-,-,FAKULTAS EKONOMI DAN BISNIS,ILMU EKONOMI,EKONOMI,S1,-,245,0,Ekonomi & Bisnis
-,rencanamu-207,banpt-1988,-,-,EKONOMI PEMBANGUNAN,EKONOMI PEMBANGUNAN,S1,B,245,0,Ekonomi & Bisnis
quipper-387,rencanamu-207,banpt-1988,-,FAKULTAS TEKNIK,TEKNIK ELEKTRO,ELEKTRO,S1,B,245,1,Teknik & Rekayasa
-,-,banpt-1988,-,-,FARMASI,FARMASI,S1,BAIK SEKALI,245,0,Ekonomi & Bisnis
quipper-387,rencanamu-207,banpt-1988,-,FAKULTAS KEGURUAN DAN ILMU PENDIDIKAN,FISIKA,FISIKA,S1,B,245,2,Pendidikan & Keguruan
quipper-387,-,-,-,FAKULTAS KEGURUAN DAN ILMU PENDIDIKAN,KEGURUAN & PENDIDIKAN,GURU,S1,-,245,2,Pendidikan & Keguruan
-,-,banpt-1988,-,-,PENDIDIKAN GURU PENDIDIKAN ANAK USIA DINI,GURU ANAK USIA DINI,S1,UNGGUL,245,0,Ekonomi & Bisnis
quipper-387,rencanamu-207,banpt-1988,-,FAKULTAS KEGURUAN DAN ILMU PENDIDIKAN,PENDIDIKAN GURU SEKOLAH DASAR,GURU SEKOLAH DASAR,S1,B,245,2,Pendidikan & Keguruan
quipper-387,-,banpt-1988,-,FAKULTAS AGAMA ISLAM,ILMU HUKUM,HUKUM,S1,BAIK,245,3,Hukum
quipper-387,-,banpt-1988,-,FAKULTAS AGAMA ISLAM,ILMU KOMUNIKASI,ILMU KOMUNIKASI,S1,BAIK SEKALI,245,0,Ekonomi & Bisnis
-,-,banpt-1988,-,-,INFORMATIKA,INFORMATIKA,S1,BAIK,245,0,Ekonomi & Bisnis
-,-,banpt-1988,-,-,KEBIDANAN,KEBIDANAN,S1,BAIK,245,0,Ekonomi & Bisnis
quipper-387,rencanamu-207,banpt-1988,-,FAKULTAS KEDOKTERAN,PENDIDIKAN DOKTER,KEDOKTERAN,S1,B,245,0,Ekonomi & Bisnis
quipper-387,rencanamu-207,banpt-1988,-,FAKULTAS PERTANIAN,KEHUTANAN,KEHUTANAN,S1,B,245,0,Ekonomi & Bisnis
-,-,banpt-1988,-,-,TEKNIK PENGAIRAN,KELAUTAN,S1,BAIK SEKALI,245,0,Ekonomi & Bisnis
quipper-387,rencanamu-207,banpt-1988,-,FAKULTAS EKONOMI DAN BISNIS,MANAJEMEN,MANAJEMEN,S1,B,245,0,Ekonomi & Bisnis
quipper-387,rencanamu-207,banpt-1988,-,FAKULTAS KEGURUAN DAN ILMU PENDIDIKAN,PENDIDIKAN MATEMATIKA,MATEMATIKA,S1,B,245,2,Pendidikan & Keguruan
-,rencanamu-207,banpt-1988,-,-,PENDIDIKAN PANCASILA DAN KEWARGANEGARAAN,PANCASILA KEWARGANEGARAAN,S1,UNGGUL,245,0,Ekonomi & Bisnis
quipper-387,rencanamu-207,banpt-1988,-,FAKULTAS ILMU SOSIAL DAN ILMU POLITIK,ILMU PEMERINTAHAN,PEMERINTAHAN,S1,A,245,0,Ekonomi & Bisnis
-,-,banpt-1988,-,-,PERENCANAAN WILAYAH DAN KOTA,PERENCANAAN WILAYAH KOTA,S1,BAIK,245,0,Ekonomi & Bisnis
quipper-387,-,-,-,FAKULTAS EKONOMI DAN BISNIS,PERPAJAKAN,PERPAJAKAN,S1,-,245,0,Ekonomi & Bisnis
quipper-387,-,-,-,FAKULTAS AGAMA ISLAM,SASTRA ARAB,SASTRA ARAB,S1,-,245,0,Ekonomi & Bisnis
quipper-387,rencanamu-207,-,-,FAKULTAS TEKNIK,TEKNIK SIPIL,SIPIL,S1,B,245,1,Teknik & Rekayasa
quipper-387,rencanamu-207,banpt-1988,-,FAKULTAS KEGURUAN DAN ILMU PENDIDIKAN,SOSIOLOGI,SOSIOLOGI,S1,B,245,2,Pendidikan & Keguruan
-,rencanamu-207,banpt-1988,-,-,TEKNOLOGI PENDIDIKAN,TEKNOLOGI,S1,C,245,0,Ekonomi & Bisnis
quipper-40,rencanamu-208,banpt-3123,-,PERTANIAN DAN PETERNAKAN,AGRIBISNIS,AGRIBISNIS,S1,A,287,0,Ekonomi & Bisnis
quipper-40,-,-,-,PERTANIAN DAN PETERNAKAN,AGROTEKNOLOGI/AGRONOMI,AGRONOMI,S1,-,287,0,Ekonomi & Bisnis
-,rencanamu-208,banpt-3123,-,-,AGROTEKNOLOGI,AGROTEKNOLOGI,S1,A,287,0,Ekonomi & Bisnis
quipper-40,-,banpt-3123,-,PERTANIAN DAN PETERNAKAN,AKUAKULTUR,AKUAKULTUR,S1,UNGGUL,287,0,Ekonomi & Bisnis
quipper-40,rencanamu-208,banpt-3123,-,EKONOMI DAN BISNIS,AKUNTANSI,AKUNTANSI,S1,A,287,2,Pendidikan & Keguruan
quipper-40,rencanamu-208,banpt-3123,-,KEGURUAN DAN ILMU PENDIDIKAN,PENDIDIKAN BIOLOGI,BIOLOGI,S1,A,287,0,Ekonomi & Bisnis
-,rencanamu-208,-,-,-,BUDIDAYA PERAIRAN,BUDIDAYA PERAIRAN,S1,A,287,0,Ekonomi & Bisnis
quipper-40,rencanamu-208,banpt-3123,-,EKONOMI DAN BISNIS,EKONOMI PEMBANGUNAN,EKONOMI PEMBANGUNAN,S1,B,287,0,Ekonomi & Bisnis
quipper-40,rencanamu-208,banpt-3123,-,TEKNIK,TEKNIK ELEKTRO/TEKNOLOGI ELEKTRONIKA,ELEKTRO,S1,B,287,0,Ekonomi & Bisnis
quipper-40,rencanamu-208,banpt-3123,-,LLMU KESEHATAN,FARMASI,FARMASI,S1,B,287,0,Ekonomi & Bisnis
quipper-40,rencanamu-208,banpt-3123,-,LLMU KESEHATAN,FISIOTERAPI,FISIOTERAPI,S1,C,287,0,Ekonomi & Bisnis
quipper-40,rencanamu-208,banpt-3123,-,KEGURUAN DAN ILMU PENDIDIKAN,PENDIDIKAN GURU SEKOLAH DASAR,GURU SEKOLAH DASAR,S1,A,287,0,Ekonomi & Bisnis
quipper-40,rencanamu-208,banpt-3123,-,ILMU SOSIAL DAN ILMU POLITIK,HUBUNGAN INTERNASIONAL,HUBUNGAN INTERNASIONAL,S1,A,287,0,Ekonomi & Bisnis
quipper-40,rencanamu-208,banpt-3123,-,HUKUM,HUKUM,HUKUM,S1,A,287,3,Hukum
quipper-40,rencanamu-208,banpt-3123,-,ILMU SOSIAL DAN ILMU POLITIK,ILMU KOMUNIKASI,ILMU KOMUNIKASI,S1,A,287,0,Ekonomi & Bisnis
quipper-40,rencanamu-208,banpt-3123,-,TEKNIK,TEKNIK INDUSTRI,INDUSTRI,S1,B,287,0,Ekonomi & Bisnis
quipper-40,rencanamu-208,banpt-3123,-,TEKNIK,INFORMATIKA,INFORMATIKA,S1,B,287,1,Teknik & Rekayasa
quipper-40,rencanamu-208,banpt-3123,-,KEDOKTERAN,PENDIDIKAN DOKTER,KEDOKTERAN,S1,B,287,0,Ekonomi & Bisnis
quipper-40,rencanamu-208,banpt-3123,-,PERTANIAN DAN PETERNAKAN,KEHUTANAN,KEHUTANAN,S1,B,287,0,Ekonomi & Bisnis
quipper-40,rencanamu-208,banpt-3123,-,LLMU KESEHATAN,ILMU KEPERAWATAN,KEPERAWATAN,S1,B,287,0,Ekonomi & Bisnis
quipper-40,rencanamu-208,banpt-3123,-,ILMU SOSIAL DAN ILMU POLITIK,KESEJAHTERAAN SOSIAL,KESEJAHTERAAN SOSIAL,S1,A,287,0,Ekonomi & Bisnis
quipper-40,-,-,-,EKONOMI DAN BISNIS,KEUANGAN DAN PERBANKAN,KEUANGAN PERBANKAN,S1,-,287,0,Ekonomi & Bisnis
quipper-40,rencanamu-208,banpt-3123,-,EKONOMI DAN BISNIS,MANAJEMEN,MANAJEMEN,S1,A,287,0,Ekonomi & Bisnis
quipper-40,rencanamu-208,banpt-3123,-,KEGURUAN DAN ILMU PENDIDIKAN,PENDIDIKAN MATEMATIKA,MATEMATIKA,S1,A,287,0,Ekonomi & Bisnis
quipper-40,rencanamu-208,banpt-3123,-,TEKNIK,TEKNIK MESIN,MESIN,S1,A,287,0,Ekonomi & Bisnis
quipper-40,rencanamu-208,banpt-3123,-,KEGURUAN DAN ILMU PENDIDIKAN,PENDIDIKAN PANCASILA DAN KEWARGANEGARAAN,PANCASILA KEWARGANEGARAAN,S1,B,287,0,Ekonomi & Bisnis
quipper-40,rencanamu-208,banpt-3123,-,ILMU SOSIAL DAN ILMU POLITIK,ILMU PEMERINTAHAN,PEMERINTAHAN,S1,A,287,0,Ekonomi & Bisnis
quipper-40,rencanamu-208,banpt-3123,-,PERTANIAN DAN PETERNAKAN,PETERNAKAN,PETERNAKAN,S1,A,287,0,Ekonomi & Bisnis
quipper-40,rencanamu-208,banpt-3123,-,PSIKOLOGI,PSIKOLOGI,PSIKOLOGI,S1,A,287,0,Ekonomi & Bisnis
quipper-40,rencanamu-208,banpt-3123,-,TEKNIK,TEKNIK SIPIL,SIPIL,S1,B,287,5,Sains & Teknologi
quipper-40,rencanamu-208,banpt-3123,-,ILMU SOSIAL DAN ILMU POLITIK,SOSIOLOGI,SOSIOLOGI,S1,A,287,0,Ekonomi & Bisnis
quipper-40,rencanamu-208,banpt-3123,-,PERTANIAN DAN PETERNAKAN,TEKNOLOGI PANGAN,TEKNOLOGI PANGAN,S1,A,287,0,Ekonomi & Bisnis
-,-,banpt-553,-,-,PENDIDIKAN BIOLOGI,BIOLOGI,S1,BAIK,1380,0,Ekonomi & Bisnis
-,-,banpt-553,-,-,KEHUTANAN,KEHUTANAN,S1,BAIK,1380,0,Ekonomi & Bisnis
-,-,banpt-553,-,-,ILMU KELAUTAN,KELAUTAN,S1,BAIK,1380,0,Ekonomi & Bisnis
-,-,banpt-553,-,-,PENDIDIKAN MATEMATIKA,MATEMATIKA,S1,BAIK,1380,0,Ekonomi & Bisnis
-,-,banpt-553,-,-,PERIKANAN TANGKAP,PERIKANAN,S1,BAIK,1380,0,Ekonomi & Bisnis
-,rencanamu-209,banpt-2318,-,-,ILMU ADMINISTRASI NEGARA,ADMINISTRASI NEGARA,S1,B,825,0,Ekonomi & Bisnis
-,rencanamu-209,banpt-2318,-,-,AGRIBISNIS,AGRIBISNIS,S1,C,825,0,Ekonomi & Bisnis
-,rencanamu-209,banpt-2318,-,-,AKUNTANSI,AKUNTANSI,S1,C,825,0,Ekonomi & Bisnis
-,rencanamu-209,banpt-2318,-,-,PENDIDIKAN GURU SD,GURU SEKOLAH DASAR,S1,C,825,0,Ekonomi & Bisnis
-,rencanamu-209,banpt-2318,-,-,ILMU HUKUM,HUKUM,S1,B,825,0,Ekonomi & Bisnis
-,rencanamu-209,banpt-2318,-,-,ILMU KOMUNIKASI,ILMU KOMUNIKASI,S1,C,825,0,Ekonomi & Bisnis
-,rencanamu-209,banpt-2318,-,-,TEKNIK INFORMATIKA,INFORMATIKA,S1,C,825,0,Ekonomi & Bisnis
-,rencanamu-209,banpt-2318,-,-,ILMU KESEHATAN MASYARAKAT,KESEHATAN MASYARAKAT,S1,C,825,0,Ekonomi & Bisnis
-,rencanamu-209,banpt-2318,-,-,MATEMATIKA,MATEMATIKA,S1,C,825,0,Ekonomi & Bisnis
-,rencanamu-209,banpt-2318,-,-,ILMU PEMERINTAHAN,PEMERINTAHAN,S1,B,825,0,Ekonomi & Bisnis
-,rencanamu-209,banpt-2318,-,-,TEKNIK PERTAMBANGAN,PERTAMBANGAN,S1,C,825,0,Ekonomi & Bisnis
-,rencanamu-209,banpt-2318,-,-,ILMU POLITIK,POLITIK,S1,C,825,0,Ekonomi & Bisnis
-,-,banpt-2318,-,-,PSIKOLOGI,PSIKOLOGI,S1,BAIK,825,0,Ekonomi & Bisnis
-,rencanamu-209,banpt-2318,-,-,TEKNIK SIPIL,SIPIL,S1,C,825,0,Ekonomi & Bisnis
-,rencanamu-209,banpt-2318,-,-,SOSIOLOGI,SOSIOLOGI,S1,C,825,0,Ekonomi & Bisnis
-,-,banpt-2318,-,-,TEKNOLOGI HASIL PERIKANAN,TEKNOLOGI HASIL PERIKANAN,S1,B,825,0,Ekonomi & Bisnis
-,-,banpt-3227,-,-,AGRIBISNIS,AGRIBISNIS,S1,BAIK,933,0,Ekonomi & Bisnis
-,-,banpt-3227,-,-,MANAJEMEN SUMBER DAYA PERAIRAN,BUDIDAYA PERAIRAN,S1,BAIK,933,0,Ekonomi & Bisnis
-,-,banpt-3227,-,-,EKONOMI PEMBANGUNAN,EKONOMI PEMBANGUNAN,S1,BAIK,933,0,Ekonomi & Bisnis
-,-,banpt-3227,-,-,MANAJEMEN,MANAJEMEN,S1,BAIK SEKALI,933,0,Ekonomi & Bisnis
-,-,banpt-3227,-,-,PETERNAKAN,PETERNAKAN,S1,BAIK,933,0,Ekonomi & Bisnis
-,-,banpt-3227,-,-,TEKNOLOGI HASIL PERIKANAN,TEKNOLOGI HASIL PERIKANAN,S1,BAIK,933,0,Ekonomi & Bisnis
-,-,banpt-494,-,-,GIZI,GIZI,S1,BAIK,337,0,Ekonomi & Bisnis
-,-,banpt-494,-,-,KEBIDANAN,KEBIDANAN,S1,BAIK,337,0,Ekonomi & Bisnis
-,-,banpt-494,-,-,ILMU KEPERAWATAN,KEPERAWATAN,S1,BAIK SEKALI,337,0,Ekonomi & Bisnis
quipper-378,-,-,-,FAKULTAS ILMU SOSIAL DAN ILMU POLITIK,ILMU ADMINISTRASI,ADMINISTRASI,S1,-,802,0,Ekonomi & Bisnis
-,-,banpt-3418,-,-,ADMINISTRASI BISNIS,ADMINISTRASI BISNIS,S1,B,802,0,Ekonomi & Bisnis
-,rencanamu-210,-,-,-,ILMU ADMINISTRASI NEGARA,ADMINISTRASI NEGARA,S1,B,802,0,Ekonomi & Bisnis
-,rencanamu-210,-,-,-,ILMU ADMINISTRASI NIAGA,ADMINISTRASI NIAGA,S1,B,802,0,Ekonomi & Bisnis
-,-,banpt-3418,-,-,ADMINISTRASI PUBLIK,ADMINISTRASI PUBLIK,S1,B,802,0,Ekonomi & Bisnis
quipper-378,rencanamu-210,banpt-3418,-,FAKULTAS ILMU KESEHATAN,FARMASI,FARMASI,S1,C,802,0,Ekonomi & Bisnis
quipper-378,rencanamu-210,banpt-3418,-,FAKULTAS KEGURUAN DAN ILMU PENDIDIKAN,FISIKA,FISIKA,S1,B,802,2,Pendidikan & Keguruan
quipper-378,rencanamu-210,banpt-3418,-,FAKULTAS KEGURUAN DAN ILMU PENDIDIKAN,GEOGRAFI,GEOGRAFI,S1,B,802,2,Pendidikan & Keguruan
-,-,banpt-3418,-,-,TEKNIK GEOLOGI,GEOLOGI,S1,BAIK,802,0,Ekonomi & Bisnis
quipper-378,-,banpt-3418,-,FAKULTAS KEGURUAN DAN ILMU PENDIDIKAN,PENDIDIKAN GURU SEKOLAH DASAR,GURU SEKOLAH DASAR,S1,BAIK SEKALI,802,2,Pendidikan & Keguruan
quipper-378,rencanamu-210,banpt-3418,-,FAKULTAS HUKUM,ILMU HUKUM,HUKUM,S1,B,802,3,Hukum
quipper-378,-,-,-,FAKULTAS AGAMA ISLAM,ILMU KOMUNIKASI,ILMU KOMUNIKASI,S1,-,802,0,Ekonomi & Bisnis
quipper-378,rencanamu-210,banpt-3418,-,FAKULTAS ILMU SOSIAL DAN ILMU POLITIK,ILMU PERPUSTAKAAN,ILMU PERPUSTAKAAN,S1,B,802,0,Ekonomi & Bisnis
quipper-378,rencanamu-210,banpt-3418,-,FAKULTAS ILMU KESEHATAN,KEBIDANAN,KEBIDANAN,S1,C,802,0,Ekonomi & Bisnis
-,-,banpt-3418,-,-,MANAJEMEN RITEL,MANAJEMEN RITEL,S1,BAIK,802,0,Ekonomi & Bisnis
-,rencanamu-210,banpt-3418,-,-,PENDIDIKAN MATEMATIKA,MATEMATIKA,S1,C,802,0,Ekonomi & Bisnis
-,rencanamu-210,banpt-3418,-,-,PENDIDIKAN PANCASILA DAN KEWARGANEGARAAN,PANCASILA KEWARGANEGARAAN,S1,B,802,0,Ekonomi & Bisnis
quipper-378,rencanamu-210,banpt-3418,-,FAKULTAS ILMU SOSIAL DAN ILMU POLITIK,ILMU PEMERINTAHAN,PEMERINTAHAN,S1,B,802,0,Ekonomi & Bisnis
quipper-378,rencanamu-210,banpt-3418,-,FAKULTAS TEKNIK,PERENCANAAN WILAYAH DAN KOTA,PERENCANAAN WILAYAH KOTA,S1,B,802,1,Teknik & Rekayasa
quipper-378,rencanamu-210,banpt-3418,-,FAKULTAS TEKNIK,TEKNIK PERTAMBANGAN,PERTAMBANGAN,S1,C,802,1,Teknik & Rekayasa
quipper-378,rencanamu-210,banpt-3418,-,FAKULTAS PERTANIAN,TEKNIK PERTANIAN,PERTANIAN,S1,B,802,0,Ekonomi & Bisnis
quipper-378,-,-,-,FAKULTAS AGAMA ISLAM,SASTRA ARAB,SASTRA ARAB,S1,-,802,0,Ekonomi & Bisnis
quipper-378,rencanamu-210,banpt-3418,-,FAKULTAS KEGURUAN DAN ILMU PENDIDIKAN,SEJARAH,SEJARAH,S1,C,802,2,Pendidikan & Keguruan
quipper-378,rencanamu-210,banpt-3418,-,FAKULTAS TEKNIK,TEKNIK SIPIL,SIPIL,S1,B,802,1,Teknik & Rekayasa
-,-,banpt-3418,-,-,SISTEM DAN TEKNOLOGI INFORMASI,SISTEM INFORMASI,S1,BAIK,802,0,Ekonomi & Bisnis
quipper-378,-,-,-,FAKULTAS PERTANIAN,ILMU DAN TEKNOLOGI PANGAN,TEKNOLOGI PANGAN,S1,-,802,0,Ekonomi & Bisnis
-,-,banpt-1315,-,-,PENDIDIKAN BIOLOGI,BIOLOGI,S1,B,1163,0,Ekonomi & Bisnis
-,-,banpt-1315,-,-,BISNIS DIGITAL,BISNIS DIGITAL,S1,BAIK,1163,0,Ekonomi & Bisnis
-,-,banpt-1315,-,-,PENDIDIKAN EKONOMI,EKONOMI,S1,BAIK SEKALI,1163,0,Ekonomi & Bisnis
-,-,banpt-1315,-,-,PENDIDIKAN FISIKA,FISIKA,S1,BAIK SEKALI,1163,0,Ekonomi & Bisnis
-,-,banpt-1315,-,-,INFORMATIKA,INFORMATIKA,S1,BAIK,1163,0,Ekonomi & Bisnis
-,-,banpt-1315,-,-,PENDIDIKAN KEWARGANEGARAAN,KEWARGANEGARAAN,S1,B,1163,0,Ekonomi & Bisnis
-,-,banpt-1315,-,-,PENDIDIKAN KIMIA,KIMIA,S1,BAIK SEKALI,1163,0,Ekonomi & Bisnis
-,-,banpt-1315,-,-,PENDIDIKAN MATEMATIKA,MATEMATIKA,S1,B,1163,0,Ekonomi & Bisnis
-,-,banpt-3538,-,-,ADMINISTRASI RUMAH SAKIT,ADMINISTRASI RUMAH SAKIT,S1,BAIK,93,0,Ekonomi & Bisnis
quipper-549,rencanamu-211,banpt-3538,-,FAKULTAS EKONOMI,AKUNTANSI,AKUNTANSI,S1,C,93,2,Pendidikan & Keguruan
-,rencanamu-211,banpt-3538,-,-,BIMBINGAN DAN KONSELING,BIMBINGAN KONSELING,S1,C,93,0,Ekonomi & Bisnis
quipper-549,rencanamu-211,banpt-3538,-,FAKULTAS KEGURUAN DAN ILMU PENDIDIKAN,BIOLOGI,BIOLOGI,S1,C,93,2,Pendidikan & Keguruan
-,-,banpt-3538,-,-,SAINS BIOMEDIS,BIOMEDIS,S1,BAIK,93,0,Ekonomi & Bisnis
quipper-549,rencanamu-211,banpt-3538,-,FAKULTAS KEGURUAN DAN ILMU PENDIDIKAN,ILMU EKONOMI,EKONOMI,S1,C,93,2,Pendidikan & Keguruan
quipper-549,rencanamu-211,banpt-3538,-,FAKULTAS KEGURUAN DAN ILMU PENDIDIKAN,FISIKA,FISIKA,S1,C,93,2,Pendidikan & Keguruan
-,-,banpt-3538,-,-,FISIOTERAPI,FISIOTERAPI,S1,BAIK,93,0,Ekonomi & Bisnis
quipper-549,-,-,-,FAKULTAS KEGURUAN DAN ILMU PENDIDIKAN,KEGURUAN & PENDIDIKAN,GURU,S1,-,93,2,Pendidikan & Keguruan
-,-,banpt-3538,-,-,PENDIDIKAN GURU SEKOLAH DASAR,GURU SEKOLAH DASAR,S1,BAIK,93,0,Ekonomi & Bisnis
quipper-549,rencanamu-211,banpt-3538,-,FAKULTAS HUKUM,ILMU HUKUM,HUKUM,S1,C,93,3,Hukum
quipper-549,-,-,-,FAKULTAS AGAMA ISLAM,ILMU KOMUNIKASI,ILMU KOMUNIKASI,S1,-,93,0,Ekonomi & Bisnis
quipper-549,-,-,-,MANAJEMEN INFORMATIKA,TEKNIK INFORMATIKA,INFORMATIKA,S1,-,93,1,Teknik & Rekayasa
-,-,banpt-3538,-,-,KEDOKTERAN,KEDOKTERAN,S1,BAIK,93,0,Ekonomi & Bisnis
-,rencanamu-211,-,-,-,KEUANGAN PERBANKAN,KEUANGAN PERBANKAN,S1,C,93,0,Ekonomi & Bisnis
-,-,banpt-3538,-,-,KEWIRAUSAHAAN,KEWIRAUSAHAAN,S1,BAIK,93,0,Ekonomi & Bisnis
-,-,banpt-3538,-,-,ILMU KOMPUTER,KOMPUTER,S1,BAIK SEKALI,93,0,Ekonomi & Bisnis
quipper-549,rencanamu-211,banpt-3538,-,FAKULTAS EKONOMI,MANAJEMEN,MANAJEMEN,S1,C,93,0,Ekonomi & Bisnis
quipper-549,rencanamu-211,banpt-3538,-,FAKULTAS KEGURUAN DAN ILMU PENDIDIKAN,PENDIDIKAN MATEMATIKA,MATEMATIKA,S1,C,93,2,Pendidikan & Keguruan
quipper-549,rencanamu-211,banpt-3538,-,FAKULTAS TEKNIK,TEKNIK MESIN,MESIN,S1,C,93,1,Teknik & Rekayasa
quipper-549,-,-,-,FAKULTAS EKONOMI,PERBANKAN,PERBANKAN,S1,-,93,0,Ekonomi & Bisnis
quipper-549,rencanamu-211,banpt-3538,-,FAKULTAS KEGURUAN DAN ILMU PENDIDIKAN,SEJARAH,SEJARAH,S1,C,93,2,Pendidikan & Keguruan
quipper-549,rencanamu-211,banpt-3538,-,FAKULTAS TEKNIK,TEKNIK SIPIL,SIPIL,S1,C,93,1,Teknik & Rekayasa
-,-,banpt-1716,-,-,PENDIDIKAN,,S1,BAIK SEKALI,703,0,Ekonomi & Bisnis
-,-,banpt-1716,-,-,ADMINISTRASI KESEHATAN,ADMINISTRASI KESEHATAN,S1,BAIK,703,0,Ekonomi & Bisnis
-,-,banpt-1716,-,-,BISNIS DIGITAL,BISNIS DIGITAL,S1,BAIK,703,0,Ekonomi & Bisnis
-,-,banpt-1716,-,-,PENDIDIKAN GURU SEKOLAH DASAR,GURU SEKOLAH DASAR,S1,BAIK SEKALI,703,0,Ekonomi & Bisnis
-,-,banpt-1716,-,-,INFORMATIKA MEDIS,INFORMATIKA MEDIS,S1,BAIK,703,0,Ekonomi & Bisnis
-,-,banpt-1716,-,-,PENDIDIKAN TEKNOLOGI INFORMASI,TEKNOLOGI INFORMASI,S1,BAIK,703,0,Ekonomi & Bisnis
-,-,banpt-2631,-,-,ILMU ADMINISTRASI NEGARA,ADMINISTRASI NEGARA,S1,A,269,0,Ekonomi & Bisnis
-,-,banpt-2631,-,-,ADMINISTRASI PUBLIK,ADMINISTRASI PUBLIK,S1,A,269,0,Ekonomi & Bisnis
-,-,banpt-2631,-,-,AGROTEKNOLOGI,AGROTEKNOLOGI,S1,BAIK SEKALI,269,0,Ekonomi & Bisnis
-,-,banpt-2631,-,-,BIMBINGAN DAN KONSELING,BIMBINGAN KONSELING,S1,BAIK SEKALI,269,0,Ekonomi & Bisnis
-,-,banpt-2631,-,-,PENDIDIKAN BIOLOGI,BIOLOGI,S1,BAIK,269,0,Ekonomi & Bisnis
-,-,banpt-2631,-,-,BISNIS DIGITAL,BISNIS DIGITAL,S1,BAIK,269,0,Ekonomi & Bisnis
-,-,banpt-2631,-,-,PENDIDIKAN EKONOMI,EKONOMI,S1,UNGGUL,269,0,Ekonomi & Bisnis
-,-,banpt-2631,-,-,PENDIDIKAN GURU SEKOLAH DASAR,GURU SEKOLAH DASAR,S1,B,269,0,Ekonomi & Bisnis
-,-,banpt-2631,-,-,HUKUM,HUKUM,S1,TERAKREDITASI SEMENTARA,269,0,Ekonomi & Bisnis
-,-,banpt-2631,-,-,ILMU KOMUNIKASI,ILMU KOMUNIKASI,S1,B,269,0,Ekonomi & Bisnis
-,-,banpt-2631,-,-,KEHUTANAN,KEHUTANAN,S1,B,269,0,Ekonomi & Bisnis
-,-,banpt-2631,-,-,ILMU KOMPUTER,KOMPUTER,S1,BAIK,269,0,Ekonomi & Bisnis
-,-,banpt-2631,-,-,TEKNIK LINGKUNGAN,LINGKUNGAN,S1,BAIK SEKALI,269,0,Ekonomi & Bisnis
-,-,banpt-2631,-,-,MANAJEMEN,MANAJEMEN,S1,BAIK,269,0,Ekonomi & Bisnis
-,-,banpt-2631,-,-,PSIKOLOGI,PSIKOLOGI,S1,TERAKREDITASI SEMENTARA,269,0,Ekonomi & Bisnis
-,-,banpt-2631,-,-,TEKNIK SIPIL,SIPIL,S1,B,269,0,Ekonomi & Bisnis
-,-,banpt-2631,-,-,SISTEM INFORMASI,SISTEM INFORMASI,S1,BAIK,269,0,Ekonomi & Bisnis
-,-,banpt-2631,-,-,PENDIDIKAN TEKNOLOGI INFORMASI,TEKNOLOGI INFORMASI,S1,B,269,0,Ekonomi & Bisnis
-,rencanamu-212,banpt-236,-,-,ADMINISTRASI PENDIDIKAN,ADMINISTRASI,S1,B,40,0,Ekonomi & Bisnis
-,rencanamu-212,banpt-236,-,-,AGRIBISNIS,AGRIBISNIS,S1,B,40,0,Ekonomi & Bisnis
-,rencanamu-212,banpt-236,-,-,AGROTEKNOLOGI,AGROTEKNOLOGI,S1,B,40,0,Ekonomi & Bisnis
-,-,banpt-236,-,-,AKUAKULTUR,AKUAKULTUR,S1,UNGGUL,40,0,Ekonomi & Bisnis
-,rencanamu-212,banpt-236,-,-,AKUNTANSI,AKUNTANSI,S1,B,40,0,Ekonomi & Bisnis
-,rencanamu-212,banpt-236,-,-,ARSITEKTUR,ARSITEKTUR,S1,B,40,0,Ekonomi & Bisnis
-,rencanamu-212,banpt-236,-,-,PENDIDIKAN BIOLOGI,BIOLOGI,S1,B,40,0,Ekonomi & Bisnis
-,-,banpt-236,-,-,BISNIS DIGITAL,BISNIS DIGITAL,S1,BAIK SEKALI,40,0,Ekonomi & Bisnis
-,rencanamu-212,banpt-236,-,-,BUDIDAYA PERAIRAN,BUDIDAYA PERAIRAN,S1,B,40,0,Ekonomi & Bisnis
-,rencanamu-212,banpt-236,-,-,TEKNIK ELEKTRO,ELEKTRO,S1,B,40,0,Ekonomi & Bisnis
-,rencanamu-212,banpt-236,-,-,ILMU HUKUM,HUKUM,S1,B,40,0,Ekonomi & Bisnis
-,rencanamu-212,banpt-236,-,-,TEKNIK INDUSTRI,INDUSTRI,S1,BAIK,40,0,Ekonomi & Bisnis
-,rencanamu-212,banpt-236,-,-,ILMU KEDOKTERAN,KEDOKTERAN,S1,BAIK SEKALI,40,0,Ekonomi & Bisnis
-,rencanamu-212,-,-,-,KEHUTANAN,KEHUTANAN,S1,B,40,0,Ekonomi & Bisnis
-,rencanamu-212,banpt-236,-,-,TEKNIK KIMIA,KIMIA,S1,B,40,0,Ekonomi & Bisnis
-,rencanamu-212,banpt-236,-,-,MANAJEMEN,MANAJEMEN,S1,B,40,0,Ekonomi & Bisnis
-,rencanamu-212,banpt-236,-,-,PENDIDIKAN MATEMATIKA,MATEMATIKA,S1,B,40,0,Ekonomi & Bisnis
-,rencanamu-212,banpt-236,-,-,PENDIDIKAN SEJARAH,SEJARAH,S1,B,40,0,Ekonomi & Bisnis
-,rencanamu-212,banpt-236,-,-,TEKNIK SIPIL,SIPIL,S1,B,40,0,Ekonomi & Bisnis
-,-,banpt-236,-,-,TEKNOLOGI INFORMASI,TEKNOLOGI INFORMASI,S1,BAIK SEKALI,40,0,Ekonomi & Bisnis
-,rencanamu-212,banpt-236,-,-,ILMU DAN TEKNOLOGI PANGAN,TEKNOLOGI PANGAN,S1,C,40,0,Ekonomi & Bisnis
-,-,banpt-1570,-,-,AKUNTANSI,AKUNTANSI,S1,UNGGUL,382,0,Ekonomi & Bisnis
-,-,banpt-1570,-,-,BIMBINGAN DAN KONSELING,BIMBINGAN KONSELING,S1,BAIK SEKALI,382,0,Ekonomi & Bisnis
-,-,banpt-1570,-,-,BISNIS DIGITAL,BISNIS DIGITAL,S1,BAIK SEKALI,382,0,Ekonomi & Bisnis
-,-,banpt-1570,-,-,EKONOMI PEMBANGUNAN,EKONOMI PEMBANGUNAN,S1,UNGGUL,382,0,Ekonomi & Bisnis
-,-,banpt-1570,-,-,FARMASI,FARMASI,S1,BAIK SEKALI,382,0,Ekonomi & Bisnis
-,-,banpt-1570,-,-,GIZI,GIZI,S1,BAIK,382,0,Ekonomi & Bisnis
-,-,banpt-1570,-,-,PENDIDIKAN GURU PENDIDIKAN ANAK USIA DINI,GURU ANAK USIA DINI,S1,BAIK SEKALI,382,0,Ekonomi & Bisnis
-,-,banpt-1570,-,-,PENDIDIKAN JASMANI,JASMANI,S1,BAIK SEKALI,382,0,Ekonomi & Bisnis
-,-,banpt-1570,-,-,KEBIDANAN,KEBIDANAN,S1,BAIK,382,0,Ekonomi & Bisnis
-,-,banpt-1570,-,-,ILMU KELAUTAN,KELAUTAN,S1,BAIK,382,0,Ekonomi & Bisnis
-,-,banpt-1570,-,-,TEKNIK KOMPUTER,KOMPUTER,S1,BAIK,382,0,Ekonomi & Bisnis
-,-,banpt-1570,-,-,MANAJEMEN,MANAJEMEN,S1,UNGGUL,382,0,Ekonomi & Bisnis
-,-,banpt-1570,-,-,PERENCANAAN WILAYAH DAN KOTA,PERENCANAAN WILAYAH KOTA,S1,BAIK,382,0,Ekonomi & Bisnis
-,-,banpt-1570,-,-,TEKNIK PERTAMBANGAN,PERTAMBANGAN,S1,BAIK,382,0,Ekonomi & Bisnis
-,-,banpt-1570,-,-,PENYULUH PERTANIAN,PERTANIAN,S1,BAIK,382,0,Ekonomi & Bisnis
-,-,banpt-1570,-,-,REKAYASA PERANGKAT LUNAK,REKAYASA PERANGKAT LUNAK,S1,BAIK,382,0,Ekonomi & Bisnis
-,rencanamu-213,banpt-3099,-,-,ADMINISTRASI NEGARA,ADMINISTRASI NEGARA,S1,C,126,0,Ekonomi & Bisnis
-,rencanamu-213,banpt-3099,-,-,AGRIBISNIS,AGRIBISNIS,S1,C,126,0,Ekonomi & Bisnis
-,-,banpt-3099,-,-,BISNIS DIGITAL,BISNIS DIGITAL,S1,BAIK,126,0,Ekonomi & Bisnis
-,-,banpt-3099,-,-,PENDIDIKAN GURU PENDIDIKAN ANAK USIA DINI,GURU ANAK USIA DINI,S1,BAIK SEKALI,126,0,Ekonomi & Bisnis
-,rencanamu-213,banpt-3099,-,-,ILMU HUKUM,HUKUM,S1,B,126,0,Ekonomi & Bisnis
-,-,banpt-3099,-,-,INFORMATIKA,INFORMATIKA,S1,BAIK,126,0,Ekonomi & Bisnis
-,rencanamu-213,banpt-3099,-,-,KEHUTANAN,KEHUTANAN,S1,C,126,0,Ekonomi & Bisnis
-,rencanamu-213,banpt-3099,-,-,ILMU KESEHATAN MASYARAKAT,KESEHATAN MASYARAKAT,S1,B,126,0,Ekonomi & Bisnis
-,rencanamu-213,banpt-3099,-,-,MANAJEMEN,MANAJEMEN,S1,C,126,0,Ekonomi & Bisnis
-,-,banpt-3099,-,-,ILMU KEOLAHRAGAAN,OLAHRAGA,S1,BAIK,126,0,Ekonomi & Bisnis
-,rencanamu-213,banpt-3099,-,-,TEKNIK SIPIL,SIPIL,S1,C,126,0,Ekonomi & Bisnis
-,-,banpt-3099,-,-,SOSIOLOGI,SOSIOLOGI,S1,BAIK,126,0,Ekonomi & Bisnis
-,-,banpt-2081,-,-,HUKUM,HUKUM,S1,BAIK,660,0,Ekonomi & Bisnis
-,-,banpt-2081,-,-,ILMU KOMUNIKASI,ILMU KOMUNIKASI,S1,B,660,0,Ekonomi & Bisnis
-,-,banpt-2081,-,-,KEWIRAUSAHAAN,KEWIRAUSAHAAN,S1,BAIK,660,0,Ekonomi & Bisnis
-,-,banpt-2081,-,-,ILMU KOMPUTER,KOMPUTER,S1,BAIK,660,0,Ekonomi & Bisnis
-,-,banpt-2081,-,-,ILMU LINGKUNGAN,LINGKUNGAN,S1,BAIK,660,0,Ekonomi & Bisnis
-,-,banpt-2081,-,-,PSIKOLOGI,PSIKOLOGI,S1,BAIK,660,0,Ekonomi & Bisnis
-,-,banpt-595,-,-,AGRIBISNIS,AGRIBISNIS,S1,B,1343,0,Ekonomi & Bisnis
-,-,banpt-595,-,-,AGROTEKNOLOGI,AGROTEKNOLOGI,S1,BAIK SEKALI,1343,0,Ekonomi & Bisnis
-,-,banpt-595,-,-,AKUNTANSI,AKUNTANSI,S1,BAIK SEKALI,1343,0,Ekonomi & Bisnis
-,-,banpt-595,-,-,PENDIDIKAN BIOLOGI,BIOLOGI,S1,BAIK SEKALI,1343,0,Ekonomi & Bisnis
-,-,banpt-595,-,-,BUDIDAYA PERAIRAN,BUDIDAYA PERAIRAN,S1,BAIK SEKALI,1343,0,Ekonomi & Bisnis
-,-,banpt-595,-,-,EKONOMI PEMBANGUNAN,EKONOMI PEMBANGUNAN,S1,BAIK SEKALI,1343,0,Ekonomi & Bisnis
-,-,banpt-595,-,-,TEKNIK ELEKTRO,ELEKTRO,S1,BAIK,1343,0,Ekonomi & Bisnis
-,-,banpt-595,-,-,ILMU HUKUM,HUKUM,S1,B,1343,0,Ekonomi & Bisnis
-,-,banpt-595,-,-,TEKNIK INFORMATIKA,INFORMATIKA,S1,BAIK,1343,0,Ekonomi & Bisnis
-,-,banpt-595,-,-,MANAJEMEN,MANAJEMEN,S1,BAIK SEKALI,1343,0,Ekonomi & Bisnis
-,-,banpt-595,-,-,PENDIDIKAN MATEMATIKA,MATEMATIKA,S1,BAIK SEKALI,1343,0,Ekonomi & Bisnis
-,-,banpt-595,-,-,PERENCANAAN WILAYAH DAN KOTA,PERENCANAAN WILAYAH KOTA,S1,BAIK,1343,0,Ekonomi & Bisnis
-,-,banpt-595,-,-,PETERNAKAN,PETERNAKAN,S1,BAIK SEKALI,1343,0,Ekonomi & Bisnis
-,-,banpt-595,-,-,TEKNIK SIPIL,SIPIL,S1,BAIK SEKALI,1343,0,Ekonomi & Bisnis
-,-,banpt-1223,-,-,AKUNTANSI,AKUNTANSI,S1,BAIK SEKALI,307,0,Ekonomi & Bisnis
-,-,banpt-1223,-,-,FARMASI,FARMASI,S1,BAIK SEKALI,307,0,Ekonomi & Bisnis
-,-,banpt-1223,-,-,FISIOTERAPI,FISIOTERAPI,S1,UNGGUL,307,0,Ekonomi & Bisnis
-,-,banpt-1223,-,-,INFORMATIKA,INFORMATIKA,S1,BAIK,307,0,Ekonomi & Bisnis
-,-,banpt-1223,-,-,PENDIDIKAN JASMANI,JASMANI,S1,BAIK SEKALI,307,0,Ekonomi & Bisnis
-,-,banpt-1223,-,-,KEBIDANAN,KEBIDANAN,S1,BAIK,307,0,Ekonomi & Bisnis
-,-,banpt-1223,-,-,KEPERAWATAN,KEPERAWATAN,S1,UNGGUL,307,0,Ekonomi & Bisnis
-,-,banpt-1223,-,-,MANAJEMEN,MANAJEMEN,S1,B,307,0,Ekonomi & Bisnis
-,-,banpt-1223,-,-,TEKNIK MESIN,MESIN,S1,BAIK,307,0,Ekonomi & Bisnis
quipper-450,-,banpt-382,-,FAKULTAS EKONOMI,AKUNTANSI,AKUNTANSI,S1,UNGGUL,578,2,Pendidikan & Keguruan
quipper-450,-,-,-,FAKULTAS EKONOMI,ILMU EKONOMI,EKONOMI,S1,-,578,0,Ekonomi & Bisnis
-,-,banpt-382,-,-,EKONOMI PEMBANGUNAN,EKONOMI PEMBANGUNAN,S1,UNGGUL,578,0,Ekonomi & Bisnis
quipper-450,-,banpt-382,-,FAKULTAS TEKNIK,TEKNIK ELEKTRO,ELEKTRO,S1,BAIK SEKALI,578,1,Teknik & Rekayasa
-,-,banpt-382,-,-,FISIOTERAPI,FISIOTERAPI,S1,BAIK,578,0,Ekonomi & Bisnis
quipper-450,-,-,-,FAKULTAS AGAMA ISLAM,KEGURUAN & PENDIDIKAN,GURU,S1,-,578,0,Ekonomi & Bisnis
-,-,banpt-382,-,-,PENDIDIKAN GURU PENDIDIKAN ANAK USIA DINI,GURU ANAK USIA DINI,S1,BAIK SEKALI,578,0,Ekonomi & Bisnis
quipper-450,-,banpt-382,-,FAKULTAS HUKUM,ILMU HUKUM,HUKUM,S1,BAIK SEKALI,578,3,Hukum
-,-,banpt-382,-,-,ILMU KOMUNIKASI,ILMU KOMUNIKASI,S1,BAIK SEKALI,578,0,Ekonomi & Bisnis
quipper-450,-,banpt-382,-,FAKULTAS TEKNIK,TEKNIK INFORMATIKA,INFORMATIKA,S1,B,578,1,Teknik & Rekayasa
quipper-450,-,-,-,FAKULTAS ILMU KESEHATAN,KEBIDANAN,KEBIDANAN,S1,-,578,0,Ekonomi & Bisnis
quipper-450,-,banpt-382,-,FAKULTAS ILMU KESEHATAN,ILMU KEPERAWATAN,KEPERAWATAN,S1,BAIK SEKALI,578,0,Ekonomi & Bisnis
quipper-450,-,banpt-382,-,FAKULTAS EKONOMI,MANAJEMEN,MANAJEMEN,S1,UNGGUL,578,0,Ekonomi & Bisnis
quipper-450,-,banpt-382,-,FAKULTAS KEGURUAN DAN ILMU PENDIDIKAN,PENDIDIKAN MATEMATIKA,MATEMATIKA,S1,B,578,2,Pendidikan & Keguruan
quipper-450,-,banpt-382,-,FAKULTAS TEKNIK,TEKNIK MESIN,MESIN,S1,UNGGUL,578,1,Teknik & Rekayasa
-,-,banpt-382,-,-,PENDIDIKAN PANCASILA DAN KEWARGANEGARAAN,PANCASILA KEWARGANEGARAAN,S1,UNGGUL,578,0,Ekonomi & Bisnis
-,-,banpt-382,-,-,ILMU PEMERINTAHAN,PEMERINTAHAN,S1,BAIK SEKALI,578,0,Ekonomi & Bisnis
-,-,banpt-3338,-,-,PENDIDIKAN BIOLOGI,BIOLOGI,S1,UNGGUL,785,0,Ekonomi & Bisnis
-,-,banpt-3338,-,-,BISNIS DIGITAL,BISNIS DIGITAL,S1,BAIK SEKALI,785,0,Ekonomi & Bisnis
quipper-647,-,banpt-3338,-,FAKULTAS PERIKANAN DAN ILMU KELAUTAN,BUDIDAYA PERAIRAN,BUDIDAYA PERAIRAN,S1,B,785,0,Ekonomi & Bisnis
quipper-647,-,-,-,FAKULTAS KEGURUAN DAN ILMU PENDIDIKAN,KEGURUAN & PENDIDIKAN,GURU,S1,-,785,2,Pendidikan & Keguruan
-,-,banpt-3338,-,-,PENDIDIKAN GURU PENDIDIKAN ANAK USIA DINI,GURU ANAK USIA DINI,S1,UNGGUL,785,0,Ekonomi & Bisnis
-,-,banpt-3338,-,-,ILMU HUKUM,HUKUM,S1,BAIK,785,0,Ekonomi & Bisnis
quipper-647,-,banpt-3338,-,FAKULTAS TEKNIK,TEKNIK INFORMATIKA,INFORMATIKA,S1,BAIK,785,1,Teknik & Rekayasa
quipper-647,-,banpt-3338,-,FAKULTAS ILMU KESEHATAN,KESEHATAN MASYARAKAT,KESEHATAN MASYARAKAT,S1,BAIK SEKALI,785,0,Ekonomi & Bisnis
-,-,banpt-3338,-,-,PENDIDIKAN KIMIA,KIMIA,S1,UNGGUL,785,0,Ekonomi & Bisnis
quipper-647,-,banpt-3338,-,FAKULTAS EKONOMI,MANAJEMEN,MANAJEMEN,S1,BAIK,785,0,Ekonomi & Bisnis
quipper-647,-,banpt-3338,-,FAKULTAS TEKNIK,TEKNIK MESIN,MESIN,S1,BAIK SEKALI,785,1,Teknik & Rekayasa
-,-,banpt-3338,-,-,PSIKOLOGI,PSIKOLOGI,S1,BAIK,785,0,Ekonomi & Bisnis
-,-,banpt-3338,-,-,SISTEM INFORMASI,SISTEM INFORMASI,S1,BAIK,785,0,Ekonomi & Bisnis
-,-,banpt-642,-,-,BIMBINGAN DAN KONSELING,BIMBINGAN KONSELING,S1,UNGGUL,360,0,Ekonomi & Bisnis
-,-,banpt-642,-,-,FISIOTERAPI,FISIOTERAPI,S1,BAIK,360,0,Ekonomi & Bisnis
-,-,banpt-642,-,-,KEBIDANAN,KEBIDANAN,S1,BAIK,360,0,Ekonomi & Bisnis
-,-,banpt-642,-,-,KEPERAWATAN,KEPERAWATAN,S1,UNGGUL,360,0,Ekonomi & Bisnis
-,-,banpt-642,-,-,MANAJEMEN,MANAJEMEN,S1,B,360,0,Ekonomi & Bisnis
-,-,banpt-642,-,-,PENDIDIKAN MATEMATIKA,MATEMATIKA,S1,UNGGUL,360,0,Ekonomi & Bisnis
-,-,banpt-642,-,-,SISTEM DAN TEKNOLOGI INFORMASI,SISTEM INFORMASI,S1,BAIK,360,0,Ekonomi & Bisnis
quipper-285,-,banpt-3222,-,FAKULTAS EKONOMI DAN BISNIS,AKUNTANSI,AKUNTANSI,S1,UNGGUL,58,2,Pendidikan & Keguruan
quipper-285,-,-,-,FAKULTAS FARMASI DAN SAINS,APOTEKER,APOTEKER,S1,-,58,0,Ekonomi & Bisnis
quipper-285,-,-,-,FAKULTAS KEGURUAN DAN ILMU PENDIDIKAN,BIMBINGAN DAN KONSELING,BIMBINGAN KONSELING,S1,-,58,2,Pendidikan & Keguruan
quipper-285,-,-,-,FAKULTAS KEGURUAN DAN ILMU PENDIDIKAN,PENDIDIKAN BIOLOGI,BIOLOGI,S1,-,58,2,Pendidikan & Keguruan
quipper-285,-,-,-,FAKULTAS KEGURUAN DAN ILMU PENDIDIKAN,PENDIDIKAN EKONOMI,EKONOMI,S1,-,58,2,Pendidikan & Keguruan
quipper-285,-,-,-,FAKULTAS TEKNOLOGI INDUSTRI DAN INFORMATIKA,TEKNIK ELEKTRO,ELEKTRO,S1,-,58,0,Ekonomi & Bisnis
quipper-285,-,-,-,FAKULTAS FARMASI DAN SAINS,FARMASI,FARMASI,S1,-,58,0,Ekonomi & Bisnis
quipper-285,-,-,-,FAKULTAS KEGURUAN DAN ILMU PENDIDIKAN,PENDIDIKAN FISIKA,FISIKA,S1,-,58,2,Pendidikan & Keguruan
quipper-285,-,-,-,FAKULTAS KEGURUAN DAN ILMU PENDIDIKAN,PENDIDIKAN GEOGRAFI,GEOGRAFI,S1,-,58,2,Pendidikan & Keguruan
quipper-285,-,-,-,FAKULTAS ILMU-ILMU KESEHATAN,ILMU GIZI,GIZI,S1,-,58,0,Ekonomi & Bisnis
quipper-285,-,banpt-3222,-,FAKULTAS KEGURUAN DAN ILMU PENDIDIKAN,PENDIDIKAN GURU PENDIDIKAN ANAK USIA DINI,GURU ANAK USIA DINI,S1,B,58,2,Pendidikan & Keguruan
quipper-285,-,-,-,FAKULTAS KEGURUAN DAN ILMU PENDIDIKAN,PENDIDIKAN GURU SEKOLAH DASAR,GURU SEKOLAH DASAR,S1,-,58,2,Pendidikan & Keguruan
-,-,banpt-3222,-,-,HUKUM BISNIS,HUKUM,S1,TERAKREDITASI SEMENTARA,58,0,Ekonomi & Bisnis
quipper-285,-,banpt-3222,-,FAKULTAS ILMU SOSIAL DAN ILMU POLITIK,ILMU KOMUNIKASI,ILMU KOMUNIKASI,S1,UNGGUL,58,0,Ekonomi & Bisnis
quipper-285,-,banpt-3222,-,FAKULTAS TEKNOLOGI INDUSTRI DAN INFORMATIKA,TEKNIK INFORMATIKA,INFORMATIKA,S1,BAIK SEKALI,58,1,Teknik & Rekayasa
quipper-285,-,-,-,FAKULTAS KEDOKTERAN,KEDOKTERAN,KEDOKTERAN,S1,-,58,0,Ekonomi & Bisnis
quipper-285,-,-,-,FAKULTAS FARMASI DAN SAINS,ANALIS KESEHATAN,KESEHATAN MASYARAKAT,S1,-,58,0,Ekonomi & Bisnis
quipper-285,-,banpt-3222,-,FAKULTAS EKONOMI DAN BISNIS,MANAJEMEN,MANAJEMEN,S1,UNGGUL,58,0,Ekonomi & Bisnis
quipper-285,-,-,-,FAKULTAS KEGURUAN DAN ILMU PENDIDIKAN,PENDIDIKAN MATEMATIKA,MATEMATIKA,S1,-,58,2,Pendidikan & Keguruan
quipper-285,-,-,-,FAKULTAS TEKNOLOGI INDUSTRI DAN INFORMATIKA,TEKNIK MESIN,MESIN,S1,-,58,0,Ekonomi & Bisnis
quipper-285,-,-,-,FAKULTAS EKONOMI DAN BISNIS,PERPAJAKAN,PERPAJAKAN,S1,-,58,0,Ekonomi & Bisnis
quipper-285,-,banpt-3222,-,FAKULTAS PSIKOLOGI,PSIKOLOGI,PSIKOLOGI,S1,UNGGUL,58,0,Ekonomi & Bisnis
quipper-285,-,banpt-3222,-,FAKULTAS KEGURUAN DAN ILMU PENDIDIKAN,PENDIDIKAN SEJARAH,SEJARAH,S1,UNGGUL,58,2,Pendidikan & Keguruan
-,-,banpt-3222,-,-,SISTEM DAN TEKNOLOGI INFORMASI,SISTEM INFORMASI,S1,BAIK SEKALI,58,0,Ekonomi & Bisnis
-,rencanamu-215,banpt-2401,-,-,AGRIBISNIS,AGRIBISNIS,S1,C,30,0,Ekonomi & Bisnis
-,rencanamu-215,banpt-2401,-,-,AGROTEKNOLOGI,AGROTEKNOLOGI,S1,B,30,0,Ekonomi & Bisnis
-,-,banpt-2401,-,-,AKUAKULTUR,AKUAKULTUR,S1,BAIK,30,0,Ekonomi & Bisnis
-,rencanamu-215,banpt-2401,-,-,AKUNTANSI,AKUNTANSI,S1,B,30,0,Ekonomi & Bisnis
-,rencanamu-215,banpt-2401,-,-,PENDIDIKAN BIOLOGI,BIOLOGI,S1,B,30,0,Ekonomi & Bisnis
-,-,banpt-2401,-,-,BISNIS DIGITAL,BISNIS DIGITAL,S1,BAIK SEKALI,30,0,Ekonomi & Bisnis
-,-,banpt-2401,-,-,DESAIN KOMUNIKASI VISUAL,DESAIN KOMUNIKASI VISUAL,S1,TERAKREDITASI SEMENTARA,30,0,Ekonomi & Bisnis
-,rencanamu-215,banpt-2401,-,-,TEKNIK ELEKTRO,ELEKTRO,S1,C,30,0,Ekonomi & Bisnis
-,rencanamu-215,banpt-2401,-,-,FARMASI,FARMASI,S1,B,30,0,Ekonomi & Bisnis
-,rencanamu-215,banpt-2401,-,-,PENDIDIKAN GEOGRAFI,GEOGRAFI,S1,B,30,0,Ekonomi & Bisnis
-,rencanamu-215,banpt-2401,-,-,PENDIDIKAN ANAK USIA DINI,GURU ANAK USIA DINI,S1,B,30,0,Ekonomi & Bisnis
-,rencanamu-215,banpt-2401,-,-,KEPENDIDIKAN SEKOLAH DASAR & PRASEKOLAH,GURU SEKOLAH DASAR,S1,B,30,0,Ekonomi & Bisnis
-,rencanamu-215,banpt-2401,-,-,ILMU HUKUM,HUKUM,S1,B,30,0,Ekonomi & Bisnis
-,rencanamu-215,banpt-2401,-,-,TEKNIK INFORMATIKA,INFORMATIKA,S1,C,30,0,Ekonomi & Bisnis
-,rencanamu-215,banpt-2401,-,-,KEBIDANAN,KEBIDANAN,S1,C,30,0,Ekonomi & Bisnis
-,-,banpt-2401,-,-,PENDIDIKAN DOKTER,KEDOKTERAN,S1,UNGGUL,30,0,Ekonomi & Bisnis
-,rencanamu-215,banpt-2401,-,-,ILMU KEPERAWATAN,KEPERAWATAN,S1,C,30,0,Ekonomi & Bisnis
-,rencanamu-215,banpt-2401,-,-,TEKNIK KIMIA,KIMIA,S1,B,30,0,Ekonomi & Bisnis
-,rencanamu-215,-,-,-,MANAJEMEN,MANAJEMEN,S1,B,30,0,Ekonomi & Bisnis
-,rencanamu-215,banpt-2401,-,-,PENDIDIKAN MATEMATIKA,MATEMATIKA,S1,B,30,0,Ekonomi & Bisnis
-,-,banpt-2401,-,-,TEKNIK MESIN,MESIN,S1,BAIK,30,0,Ekonomi & Bisnis
-,rencanamu-215,banpt-2401,-,-,PENDIDIKAN PANCASILA DAN KEWARGANEGARAAN,PANCASILA KEWARGANEGARAAN,S1,B,30,0,Ekonomi & Bisnis
-,rencanamu-215,banpt-2401,-,-,PSIKOLOGI,PSIKOLOGI,S1,C,30,0,Ekonomi & Bisnis
-,rencanamu-215,banpt-2401,-,-,SASTRA INGGRIS,SASTRA INGGRIS,S1,C,30,0,Ekonomi & Bisnis
-,rencanamu-215,banpt-2401,-,-,PENDIDIKAN SEJARAH,SEJARAH,S1,B,30,0,Ekonomi & Bisnis
-,rencanamu-215,banpt-2401,-,-,TEKNIK SIPIL,SIPIL,S1,BAIK SEKALI,30,0,Ekonomi & Bisnis
-,rencanamu-215,-,-,-,TEKNOLOGI PANGAN,TEKNOLOGI PANGAN,S1,-,30,0,Ekonomi & Bisnis
-,rencanamu-216,banpt-3310,-,-,AGRIBISNIS,AGRIBISNIS,S1,B,1224,0,Ekonomi & Bisnis
-,rencanamu-216,banpt-3310,-,-,PENDIDIKAN EKONOMI,EKONOMI,S1,B,1224,0,Ekonomi & Bisnis
-,rencanamu-216,banpt-3310,-,-,PENDIDIKAN FISIKA,FISIKA,S1,B,1224,0,Ekonomi & Bisnis
-,rencanamu-216,banpt-3310,-,-,PENDIDIKAN GURU SD,GURU SEKOLAH DASAR,S1,C,1224,0,Ekonomi & Bisnis
-,rencanamu-216,banpt-3310,-,-,ILMU HUKUM,HUKUM,S1,C,1224,0,Ekonomi & Bisnis
-,rencanamu-216,banpt-3310,-,-,MANAJEMEN,MANAJEMEN,S1,B,1224,0,Ekonomi & Bisnis
-,rencanamu-216,banpt-3310,-,-,PENDIDIKAN MATEMATIKA,MATEMATIKA,S1,B,1224,0,Ekonomi & Bisnis
-,rencanamu-216,banpt-3310,-,-,TEKNIK OTOMOTIF,OTOMOTIF,S1,B,1224,0,Ekonomi & Bisnis
-,rencanamu-216,banpt-3310,-,-,PETERNAKAN,PETERNAKAN,S1,B,1224,0,Ekonomi & Bisnis
-,rencanamu-216,banpt-3310,-,-,PSIKOLOGI,PSIKOLOGI,S1,C,1224,0,Ekonomi & Bisnis
-,rencanamu-216,banpt-3310,-,-,TEKNIK SIPIL,SIPIL,S1,B,1224,0,Ekonomi & Bisnis
-,rencanamu-216,banpt-3310,-,-,TEKNOLOGI INFORMASI,TEKNOLOGI INFORMASI,S1,BAIK,1224,0,Ekonomi & Bisnis
-,-,banpt-885,-,-,AGRIBISNIS,AGRIBISNIS,S1,BAIK,999,0,Ekonomi & Bisnis
-,-,banpt-885,-,-,BIMBINGAN DAN KONSELING,BIMBINGAN KONSELING,S1,BAIK,999,0,Ekonomi & Bisnis
-,-,banpt-885,-,-,PENDIDIKAN EKONOMI,EKONOMI,S1,BAIK,999,0,Ekonomi & Bisnis
-,-,banpt-885,-,-,INFORMATIKA,INFORMATIKA,S1,BAIK,999,0,Ekonomi & Bisnis
-,-,banpt-885,-,-,PENDIDIKAN MATEMATIKA,MATEMATIKA,S1,BAIK,999,0,Ekonomi & Bisnis
-,-,banpt-787,-,-,AGRIBISNIS,AGRIBISNIS,S1,BAIK,203,0,Ekonomi & Bisnis
quipper-148,-,banpt-787,-,FAKULTAS EKONOMI,AKUNTANSI,AKUNTANSI,S1,UNGGUL,203,2,Pendidikan & Keguruan
-,-,banpt-787,-,-,ARSITEKTUR,ARSITEKTUR,S1,BAIK,203,0,Ekonomi & Bisnis
quipper-148,-,banpt-787,-,FAKULTAS TEKNIK,TEKNIK ELEKTRO,ELEKTRO,S1,BAIK SEKALI,203,1,Teknik & Rekayasa
quipper-148,-,banpt-787,-,FAKULTAS ILMU KEPERAWATAN DAN KESEHATAN,GIZI,GIZI,S1,UNGGUL,203,0,Ekonomi & Bisnis
-,-,banpt-787,-,-,INFORMATIKA,INFORMATIKA,S1,BAIK SEKALI,203,0,Ekonomi & Bisnis
quipper-148,-,banpt-787,-,FAKULTAS ILMU KEPERAWATAN DAN KESEHATAN,KEBIDANAN,KEBIDANAN,S1,UNGGUL,203,0,Ekonomi & Bisnis
quipper-148,-,banpt-787,-,FAKULTAS KEDOKTERAN UMUM,PENDIDIKAN DOKTER,KEDOKTERAN,S1,UNGGUL,203,0,Ekonomi & Bisnis
quipper-148,-,banpt-787,-,FAKULTAS KEDOKTERAN GIGI,PENDIDIKAN DOKTER GIGI,KEDOKTERAN GIGI,S1,BAIK SEKALI,203,0,Ekonomi & Bisnis
-,-,banpt-787,-,-,ILMU KELAUTAN,KELAUTAN,S1,BAIK,203,0,Ekonomi & Bisnis
quipper-148,-,banpt-787,-,FAKULTAS ILMU KEPERAWATAN DAN KESEHATAN,ILMU KEPERAWATAN,KEPERAWATAN,S1,UNGGUL,203,0,Ekonomi & Bisnis
quipper-148,-,banpt-787,-,FAKULTAS KESEHATAN MASYARAKAT,KESEHATAN MASYARAKAT,KESEHATAN MASYARAKAT,S1,UNGGUL,203,0,Ekonomi & Bisnis
quipper-148,-,banpt-787,-,FAKULTAS MATEMATIKA DAN ILMU PENGETAHUAN,KIMIA,KIMIA,S1,UNGGUL,203,0,Ekonomi & Bisnis
quipper-148,-,banpt-787,-,FAKULTAS EKONOMI,MANAJEMEN,MANAJEMEN,S1,UNGGUL,203,0,Ekonomi & Bisnis
quipper-148,-,banpt-787,-,FAKULTAS MATEMATIKA DAN ILMU PENGETAHUAN,PENDIDIKAN MATEMATIKA,MATEMATIKA,S1,UNGGUL,203,0,Ekonomi & Bisnis
quipper-148,-,banpt-787,-,FAKULTAS TEKNIK,TEKNIK MESIN,MESIN,S1,BAIK SEKALI,203,1,Teknik & Rekayasa
-,-,banpt-787,-,-,ILMU KEOLAHRAGAAN,OLAHRAGA,S1,BAIK,203,0,Ekonomi & Bisnis
-,-,banpt-787,-,-,SAINS DATA,SAINS DATA,S1,BAIK SEKALI,203,0,Ekonomi & Bisnis
quipper-148,-,banpt-787,-,FAKULTAS BAHASA DAN BUDAYA ASING,SASTRA INGGRIS,SASTRA INGGRIS,S1,UNGGUL,203,0,Ekonomi & Bisnis
-,-,banpt-787,-,-,REKAYASA SIPIL,SIPIL,S1,BAIK,203,0,Ekonomi & Bisnis
quipper-148,-,banpt-787,-,FAKULTAS MATEMATIKA DAN ILMU PENGETAHUAN,STATISTIK,STATISTIK,S1,UNGGUL,203,0,Ekonomi & Bisnis
-,-,banpt-787,-,-,TEKNOLOGI INFORMASI,TEKNOLOGI INFORMASI,S1,BAIK,203,0,Ekonomi & Bisnis
quipper-148,-,banpt-787,-,FAKULTAS ILMU KEPERAWATAN DAN KESEHATAN,ILMU DAN TEKNOLOGI PANGAN,TEKNOLOGI PANGAN,S1,UNGGUL,203,0,Ekonomi & Bisnis
-,-,banpt-2373,-,-,ADMINISTRASI KESEHATAN,ADMINISTRASI KESEHATAN,S1,BAIK,324,0,Ekonomi & Bisnis
-,-,banpt-2373,-,-,ADMINISTRASI PUBLIK,ADMINISTRASI PUBLIK,S1,UNGGUL,324,0,Ekonomi & Bisnis
-,-,banpt-2373,-,-,AGRIBISNIS,AGRIBISNIS,S1,BAIK,324,0,Ekonomi & Bisnis
-,-,banpt-2373,-,-,AGROTEKNOLOGI,AGROTEKNOLOGI,S1,BAIK,324,0,Ekonomi & Bisnis
-,-,banpt-2373,-,-,BISNIS DIGITAL,BISNIS DIGITAL,S1,BAIK,324,0,Ekonomi & Bisnis
-,-,banpt-2373,-,-,HUKUM BISNIS,HUKUM,S1,BAIK,324,0,Ekonomi & Bisnis
-,-,banpt-2373,-,-,KEWIRAUSAHAAN,KEWIRAUSAHAAN,S1,BAIK,324,0,Ekonomi & Bisnis
-,-,banpt-2373,-,-,ILMU PEMERINTAHAN,PEMERINTAHAN,S1,BAIK SEKALI,324,0,Ekonomi & Bisnis
-,-,banpt-2373,-,-,ILMU PERIKANAN,PERIKANAN,S1,BAIK,324,0,Ekonomi & Bisnis
-,-,banpt-2373,-,-,TEKNOLOGI HASIL PERTANIAN,PERTANIAN,S1,BAIK,324,0,Ekonomi & Bisnis
-,-,banpt-2373,-,-,PETERNAKAN,PETERNAKAN,S1,BAIK,324,0,Ekonomi & Bisnis
-,-,banpt-2373,-,-,TEKNOLOGI PENDIDIKAN,TEKNOLOGI,S1,B,324,0,Ekonomi & Bisnis
-,rencanamu-217,-,-,-,ADMINISTRASI NEGARA,ADMINISTRASI NEGARA,S1,-,1535,0,Ekonomi & Bisnis
-,-,banpt-1866,-,-,ADMINISTRASI PUBLIK,ADMINISTRASI PUBLIK,S1,UNGGUL,1535,0,Ekonomi & Bisnis
-,rencanamu-217,banpt-1866,-,-,AGROTEKNOLOGI,AGROTEKNOLOGI,S1,B,1535,0,Ekonomi & Bisnis
-,rencanamu-217,banpt-1866,-,-,AKUNTANSI,AKUNTANSI,S1,UNGGUL,1535,0,Ekonomi & Bisnis
-,-,banpt-1866,-,-,BISNIS DIGITAL,BISNIS DIGITAL,S1,BAIK SEKALI,1535,0,Ekonomi & Bisnis
-,rencanamu-217,banpt-1866,-,-,TEKNIK ELEKTRO,ELEKTRO,S1,B,1535,0,Ekonomi & Bisnis
-,-,banpt-1866,-,-,FISIOTERAPI,FISIOTERAPI,S1,BAIK SEKALI,1535,0,Ekonomi & Bisnis
-,rencanamu-217,banpt-1866,-,-,PENDIDIKAN ANAK USIA DINI,GURU ANAK USIA DINI,S1,B,1535,0,Ekonomi & Bisnis
-,rencanamu-217,banpt-1866,-,-,PENDIDIKAN GURU SD,GURU SEKOLAH DASAR,S1,B,1535,0,Ekonomi & Bisnis
-,rencanamu-217,banpt-1866,-,-,ILMU HUKUM,HUKUM,S1,B,1535,0,Ekonomi & Bisnis
-,rencanamu-217,banpt-1866,-,-,ILMU KOMUNIKASI,ILMU KOMUNIKASI,S1,UNGGUL,1535,0,Ekonomi & Bisnis
-,rencanamu-217,banpt-1866,-,-,TEKNIK INDUSTRI,INDUSTRI,S1,BAIK SEKALI,1535,0,Ekonomi & Bisnis
-,rencanamu-217,banpt-1866,-,-,PENDIDIKAN TEKNOLOGI INFORMATIKA DAN KOMPUTER,INFORMATIKA,S1,C,1535,0,Ekonomi & Bisnis
-,rencanamu-217,banpt-1866,-,-,KEBIDANAN,KEBIDANAN,S1,BAIK SEKALI,1535,0,Ekonomi & Bisnis
-,-,banpt-1866,-,-,KEDOKTERAN GIGI,KEDOKTERAN GIGI,S1,BAIK,1535,0,Ekonomi & Bisnis
-,rencanamu-217,-,-,-,ANALIS KESEHATAN,KESEHATAN MASYARAKAT,S1,-,1535,0,Ekonomi & Bisnis
-,rencanamu-217,banpt-1866,-,-,MANAJEMEN,MANAJEMEN,S1,UNGGUL,1535,0,Ekonomi & Bisnis
-,rencanamu-217,banpt-1866,-,-,TEKNIK MESIN,MESIN,S1,B,1535,0,Ekonomi & Bisnis
-,rencanamu-217,banpt-1866,-,-,PENDIDIKAN ILMU PENGETAHUAN ALAM,PENGETAHUAN ALAM,S1,UNGGUL,1535,0,Ekonomi & Bisnis
-,rencanamu-217,banpt-1866,-,-,TEKNOLOGI HASIL PERTANIAN,PERTANIAN,S1,B,1535,0,Ekonomi & Bisnis
-,rencanamu-217,banpt-1866,-,-,PSIKOLOGI,PSIKOLOGI,S1,B,1535,0,Ekonomi & Bisnis
-,-,banpt-1866,-,-,TEKNIK SIPIL,SIPIL,S1,BAIK,1535,0,Ekonomi & Bisnis
-,-,banpt-1866,-,-,PENDIDIKAN TEKNOLOGI INFORMASI,TEKNOLOGI INFORMASI,S1,BAIK SEKALI,1535,0,Ekonomi & Bisnis
-,-,banpt-1866,-,-,TEKNOLOGI PANGAN,TEKNOLOGI PANGAN,S1,B,1535,0,Ekonomi & Bisnis
-,-,banpt-1822,-,-,ADMINISTRASI PUBLIK,ADMINISTRASI PUBLIK,S1,BAIK SEKALI,1185,0,Ekonomi & Bisnis
-,-,banpt-1822,-,-,AGRIBISNIS,AGRIBISNIS,S1,BAIK,1185,0,Ekonomi & Bisnis
-,-,banpt-1822,-,-,AGROTEKNOLOGI,AGROTEKNOLOGI,S1,B,1185,0,Ekonomi & Bisnis
-,-,banpt-1822,-,-,BISNIS DIGITAL,BISNIS DIGITAL,S1,BAIK,1185,0,Ekonomi & Bisnis
-,-,banpt-1822,-,-,MANAJEMEN SUMBER DAYA PERAIRAN,BUDIDAYA PERAIRAN,S1,B,1185,0,Ekonomi & Bisnis
-,-,banpt-1822,-,-,PERPUSTAKAAN DAN SAINS INFORMASI,ILMU PERPUSTAKAAN,S1,BAIK,1185,0,Ekonomi & Bisnis
-,-,banpt-1822,-,-,ILMU PEMERINTAHAN,PEMERINTAHAN,S1,BAIK SEKALI,1185,0,Ekonomi & Bisnis
-,-,banpt-1822,-,-,PERENCANAAN WILAYAH DAN KOTA,PERENCANAAN WILAYAH KOTA,S1,BAIK,1185,0,Ekonomi & Bisnis
-,-,banpt-1822,-,-,PETERNAKAN,PETERNAKAN,S1,B,1185,0,Ekonomi & Bisnis
-,-,banpt-1822,-,-,SISTEM DAN TEKNOLOGI INFORMASI,SISTEM INFORMASI,S1,BAIK,1185,0,Ekonomi & Bisnis
-,-,banpt-1502,-,-,ILMU ADMINISTRASI NEGARA,ADMINISTRASI NEGARA,S1,BAIK,316,0,Ekonomi & Bisnis
-,-,banpt-1502,-,-,AGROTEKNOLOGI,AGROTEKNOLOGI,S1,B,316,0,Ekonomi & Bisnis
-,-,banpt-1502,-,-,AKUNTANSI,AKUNTANSI,S1,BAIK SEKALI,316,0,Ekonomi & Bisnis
-,-,banpt-1502,-,-,MANAJEMEN SUMBER DAYA PERAIRAN,BUDIDAYA PERAIRAN,S1,BAIK,316,0,Ekonomi & Bisnis
-,-,banpt-1502,-,-,PENDIDIKAN GURU SEKOLAH DASAR,GURU SEKOLAH DASAR,S1,BAIK SEKALI,316,0,Ekonomi & Bisnis
-,-,banpt-1502,-,-,ILMU HUKUM,HUKUM,S1,B,316,0,Ekonomi & Bisnis
-,-,banpt-1502,-,-,TEKNIK INDUSTRI,INDUSTRI,S1,BAIK,316,0,Ekonomi & Bisnis
-,-,banpt-1502,-,-,TEKNIK INFORMATIKA,INFORMATIKA,S1,BAIK SEKALI,316,0,Ekonomi & Bisnis
-,-,banpt-1502,-,-,PENDIDIKAN JASMANI,JASMANI,S1,BAIK,316,0,Ekonomi & Bisnis
-,-,banpt-1502,-,-,KEHUTANAN,KEHUTANAN,S1,BAIK,316,0,Ekonomi & Bisnis
-,-,banpt-1502,-,-,TEKNIK LINGKUNGAN,LINGKUNGAN,S1,BAIK,316,0,Ekonomi & Bisnis
-,-,banpt-1502,-,-,MANAJEMEN,MANAJEMEN,S1,BAIK,316,0,Ekonomi & Bisnis
-,-,banpt-1502,-,-,PENDIDIKAN MATEMATIKA,MATEMATIKA,S1,UNGGUL,316,0,Ekonomi & Bisnis
-,-,banpt-1502,-,-,ILMU PEMERINTAHAN,PEMERINTAHAN,S1,B,316,0,Ekonomi & Bisnis
-,-,banpt-1502,-,-,PERENCANAAN WILAYAH DAN KOTA,PERENCANAAN WILAYAH KOTA,S1,BAIK,316,0,Ekonomi & Bisnis
-,-,banpt-1502,-,-,PENGOLAHAN HASIL PERIKANAN,PERIKANAN,S1,B,316,0,Ekonomi & Bisnis
-,-,banpt-1502,-,-,TEKNIK SIPIL,SIPIL,S1,BAIK SEKALI,316,0,Ekonomi & Bisnis
-,-,banpt-1502,-,-,SOSIOLOGI,SOSIOLOGI,S1,B,316,0,Ekonomi & Bisnis
-,-,banpt-1970,-,-,ILMU ADMINISTRASI BISNIS,ADMINISTRASI BISNIS,S1,BAIK SEKALI,596,0,Ekonomi & Bisnis
-,-,banpt-1970,-,-,ILMU ADMINISTRASI PUBLIK,ADMINISTRASI PUBLIK,S1,BAIK SEKALI,596,0,Ekonomi & Bisnis
-,-,banpt-1970,-,-,AGRIBISNIS,AGRIBISNIS,S1,UNGGUL,596,0,Ekonomi & Bisnis
-,-,banpt-1970,-,-,AKUAKULTUR,AKUAKULTUR,S1,B,596,0,Ekonomi & Bisnis
-,-,banpt-1970,-,-,AKUNTANSI,AKUNTANSI,S1,B,596,0,Ekonomi & Bisnis
-,-,banpt-1970,-,-,PENDIDIKAN BIOLOGI,BIOLOGI,S1,UNGGUL,596,0,Ekonomi & Bisnis
-,-,banpt-1970,-,-,PENDIDIKAN GURU PENDIDIKAN ANAK USIA DINI,GURU ANAK USIA DINI,S1,BAIK SEKALI,596,0,Ekonomi & Bisnis
-,-,banpt-1970,-,-,PENDIDIKAN GURU SEKOLAH DASAR,GURU SEKOLAH DASAR,S1,UNGGUL,596,0,Ekonomi & Bisnis
-,-,banpt-1970,-,-,ILMU HUKUM,HUKUM,S1,B,596,0,Ekonomi & Bisnis
-,-,banpt-1970,-,-,TEKNIK INFORMATIKA,INFORMATIKA,S1,BAIK SEKALI,596,0,Ekonomi & Bisnis
-,-,banpt-1970,-,-,PENDIDIKAN JASMANI KESEHATAN DAN REKREASI,JASMANI,S1,BAIK SEKALI,596,0,Ekonomi & Bisnis
-,-,banpt-1970,-,-,KEPERAWATAN,KEPERAWATAN,S1,BAIK,596,0,Ekonomi & Bisnis
-,-,banpt-1970,-,-,KIMIA,KIMIA,S1,BAIK SEKALI,596,0,Ekonomi & Bisnis
-,-,banpt-1970,-,-,MANAJEMEN RETAIL,MANAJEMEN RITEL,S1,BAIK SEKALI,596,0,Ekonomi & Bisnis
-,-,banpt-1970,-,-,PENDIDIKAN MATEMATIKA,MATEMATIKA,S1,UNGGUL,596,0,Ekonomi & Bisnis
-,-,banpt-1970,-,-,SASTRA INGGRIS,SASTRA INGGRIS,S1,BAIK SEKALI,596,0,Ekonomi & Bisnis
-,-,banpt-1970,-,-,TEKNIK SIPIL,SIPIL,S1,BAIK,596,0,Ekonomi & Bisnis
-,-,banpt-1970,-,-,PENDIDIKAN TEKNOLOGI INFORMASI,TEKNOLOGI INFORMASI,S1,B,596,0,Ekonomi & Bisnis
-,-,banpt-2143,-,-,AGRIBISNIS,AGRIBISNIS,S1,B,623,0,Ekonomi & Bisnis
-,-,banpt-2143,-,-,AGROTEKNOLOGI,AGROTEKNOLOGI,S1,BAIK SEKALI,623,0,Ekonomi & Bisnis
-,-,banpt-2143,-,-,AKUNTANSI,AKUNTANSI,S1,B,623,0,Ekonomi & Bisnis
-,-,banpt-2143,-,-,TEKNIK ELEKTRO,ELEKTRO,S1,BAIK SEKALI,623,0,Ekonomi & Bisnis
-,-,banpt-2143,-,-,FARMASI,FARMASI,S1,BAIK,623,0,Ekonomi & Bisnis
-,-,banpt-2143,-,-,HUKUM KELUARGA,HUKUM,S1,BAIK,623,0,Ekonomi & Bisnis
-,-,banpt-2143,-,-,KEHUTANAN,KEHUTANAN,S1,BAIK SEKALI,623,0,Ekonomi & Bisnis
-,-,banpt-2143,-,-,ILMU KEPERAWATAN,KEPERAWATAN,S1,BAIK SEKALI,623,0,Ekonomi & Bisnis
-,-,banpt-2143,-,-,MANAJEMEN,MANAJEMEN,S1,BAIK SEKALI,623,0,Ekonomi & Bisnis
-,-,banpt-2143,-,-,PENDIDIKAN MATEMATIKA,MATEMATIKA,S1,BAIK SEKALI,623,0,Ekonomi & Bisnis
-,-,banpt-2143,-,-,TEKNIK MESIN,MESIN,S1,B,623,0,Ekonomi & Bisnis
-,-,banpt-2143,-,-,ILMU POLITIK,POLITIK,S1,BAIK,623,0,Ekonomi & Bisnis
-,-,banpt-2143,-,-,TEKNIK SIPIL,SIPIL,S1,B,623,0,Ekonomi & Bisnis
quipper-334,-,-,-,FAKULTAS ILMU SOSIAL DAN ILMU POLITIK,ILMU ADMINISTRASI,ADMINISTRASI,S1,-,545,0,Ekonomi & Bisnis
-,rencanamu-218,-,-,-,ADMINISTRASI NEGARA,ADMINISTRASI NEGARA,S1,B,545,0,Ekonomi & Bisnis
-,-,banpt-1917,-,-,ILMU ADMINISTRASI PUBLIK,ADMINISTRASI PUBLIK,S1,UNGGUL,545,0,Ekonomi & Bisnis
quipper-334,rencanamu-218,banpt-1917,-,FAKULTAS PERTANIAN,AGRIBISNIS,AGRIBISNIS,S1,B,545,0,Ekonomi & Bisnis
quipper-334,rencanamu-218,banpt-1917,-,FAKULTAS PERTANIAN,AGROTEKNOLOGI,AGROTEKNOLOGI,S1,B,545,0,Ekonomi & Bisnis
quipper-334,rencanamu-218,banpt-1917,-,FAKULTAS KEGURUAN DAN ILMU PENDIDIKAN,AKUNTANSI,AKUNTANSI,S1,A,545,2,Pendidikan & Keguruan
-,rencanamu-218,banpt-1917,-,-,BIMBINGAN DAN KONSELING,BIMBINGAN KONSELING,S1,B,545,0,Ekonomi & Bisnis
quipper-334,-,-,-,FAKULTAS EKONOMI DAN BISNIS,ILMU EKONOMI,EKONOMI,S1,-,545,0,Ekonomi & Bisnis
-,rencanamu-218,banpt-1917,-,-,EKONOMI PEMBANGUNAN,EKONOMI PEMBANGUNAN,S1,B,545,0,Ekonomi & Bisnis
quipper-334,rencanamu-218,banpt-1917,-,FAKULTAS TEKNIK,TEKNIK ELEKTRO,ELEKTRO,S1,B,545,1,Teknik & Rekayasa
quipper-334,-,-,-,FAKULTAS AGAMA ISLAM,KEGURUAN & PENDIDIKAN,GURU,S1,-,545,0,Ekonomi & Bisnis
-,rencanamu-218,-,-,-,PENDIDIKAN ANAK USIA DINI,GURU ANAK USIA DINI,S1,B,545,0,Ekonomi & Bisnis
-,-,banpt-1917,-,-,PENDIDIKAN GURU SEKOLAH DASAR,GURU SEKOLAH DASAR,S1,UNGGUL,545,0,Ekonomi & Bisnis
quipper-334,rencanamu-218,banpt-1917,-,FAKULTAS HUKUM,ILMU HUKUM,HUKUM,S1,A,545,3,Hukum
quipper-334,rencanamu-218,banpt-1917,-,FAKULTAS ILMU SOSIAL DAN ILMU POLITIK,ILMU KOMUNIKASI,ILMU KOMUNIKASI,S1,A,545,0,Ekonomi & Bisnis
-,rencanamu-218,banpt-1917,-,-,PENDIDIKAN DOKTER,KEDOKTERAN,S1,B,545,0,Ekonomi & Bisnis
quipper-334,rencanamu-218,banpt-1917,-,FAKULTAS ILMU SOSIAL DAN ILMU POLITIK,KESEJAHTERAAN SOSIAL,KESEJAHTERAAN SOSIAL,S1,A,545,0,Ekonomi & Bisnis
-,rencanamu-218,-,-,-,PENDIDIKAN KEWARGANEGARAAN,KEWARGANEGARAAN,S1,B,545,0,Ekonomi & Bisnis
quipper-334,rencanamu-218,banpt-1917,-,FAKULTAS AGAMA ISLAM,MANAJEMEN,MANAJEMEN,S1,A,545,0,Ekonomi & Bisnis
quipper-334,rencanamu-218,banpt-1917,-,FAKULTAS KEGURUAN DAN ILMU PENDIDIKAN,MATEMATIKA,MATEMATIKA,S1,B,545,2,Pendidikan & Keguruan
quipper-334,rencanamu-218,banpt-1917,-,FAKULTAS TEKNIK,TEKNIK MESIN,MESIN,S1,B,545,1,Teknik & Rekayasa
-,-,banpt-1917,-,-,PENDIDIKAN PANCASILA DAN KEWARGANEGARAAN,PANCASILA KEWARGANEGARAAN,S1,UNGGUL,545,0,Ekonomi & Bisnis
quipper-334,-,-,-,FAKULTAS EKONOMI DAN BISNIS,PERPAJAKAN,PERPAJAKAN,S1,-,545,0,Ekonomi & Bisnis
quipper-334,rencanamu-218,banpt-1917,-,FAKULTAS PERTANIAN,TEKNIK PERTANIAN,PERTANIAN,S1,B,545,0,Ekonomi & Bisnis
-,-,banpt-1917,-,-,SAINS DATA,SAINS DATA,S1,BAIK,545,0,Ekonomi & Bisnis
quipper-334,rencanamu-218,banpt-1917,-,FAKULTAS TEKNIK,TEKNIK SIPIL,SIPIL,S1,B,545,1,Teknik & Rekayasa
-,-,banpt-1917,-,-,SISTEM INFORMASI,SISTEM INFORMASI,S1,BAIK SEKALI,545,0,Ekonomi & Bisnis
-,-,banpt-1917,-,-,TEKNOLOGI INFORMASI,TEKNOLOGI INFORMASI,S1,BAIK SEKALI,545,0,Ekonomi & Bisnis
-,rencanamu-218,-,-,-,ILMU DAN TEKNOLOGI PANGAN,TEKNOLOGI PANGAN,S1,B,545,0,Ekonomi & Bisnis
quipper-132,-,banpt-965,-,FAKULTAS EKONOMI DAN BISNIS,AKUNTANSI,AKUNTANSI,S1,B,45,2,Pendidikan & Keguruan
quipper-132,-,banpt-965,-,FAKULTAS TEKNIK,TEKNIK ARSITEKTUR,ARSITEKTUR,S1,BAIK SEKALI,45,1,Teknik & Rekayasa
quipper-132,-,banpt-965,-,FAKULTAS KEGURUAN DAN ILMU PENDIDIKAN,PENDIDIKAN BIOLOGI,BIOLOGI,S1,UNGGUL,45,2,Pendidikan & Keguruan
quipper-132,-,banpt-965,-,FAKULTAS KEGURUAN DAN ILMU PENDIDIKAN,DESAIN KOMUNIKASI VISUAL,DESAIN KOMUNIKASI VISUAL,S1,BAIK,45,2,Pendidikan & Keguruan
quipper-132,-,banpt-965,-,FAKULTAS TEKNIK,TEKNIK ELEKTRO,ELEKTRO,S1,BAIK SEKALI,45,1,Teknik & Rekayasa
quipper-132,-,banpt-965,-,FAKULTAS ILMU KESEHATAN,FARMASI,FARMASI,S1,BAIK SEKALI,45,0,Ekonomi & Bisnis
quipper-132,-,banpt-965,-,FAKULTAS ILMU KESEHATAN,FISIOTERAPI,FISIOTERAPI,S1,BAIK SEKALI,45,0,Ekonomi & Bisnis
quipper-132,-,banpt-965,-,FAKULTAS KEGURUAN DAN ILMU PENDIDIKAN,PENDIDIKAN GURU PENDIDIKAN ANAK USIA DINI,GURU ANAK USIA DINI,S1,UNGGUL,45,2,Pendidikan & Keguruan
quipper-132,-,banpt-965,-,FAKULTAS KEGURUAN DAN ILMU PENDIDIKAN,PENDIDIKAN GURU SEKOLAH DASAR,GURU SEKOLAH DASAR,S1,UNGGUL,45,2,Pendidikan & Keguruan
quipper-132,-,banpt-965,-,FAKULTAS HUKUM,ILMU HUKUM,HUKUM,S1,UNGGUL,45,3,Hukum
quipper-132,-,banpt-965,-,FAKULTAS TEKNIK,TEKNIK INDUSTRI,INDUSTRI,S1,BAIK SEKALI,45,1,Teknik & Rekayasa
quipper-132,-,banpt-965,-,FAKULTAS TEKNIK,TEKNIK INFORMATIKA,INFORMATIKA,S1,BAIK SEKALI,45,1,Teknik & Rekayasa
quipper-132,-,-,-,FAKULTAS ILMU KESEHATAN,TEKNOLOGI LABORATORIUM MEDIS,INFORMATIKA MEDIS,S1,-,45,0,Ekonomi & Bisnis
quipper-132,-,banpt-965,-,FAKULTAS ILMU KESEHATAN,KEBIDANAN,KEBIDANAN,S1,BAIK,45,0,Ekonomi & Bisnis
quipper-132,-,banpt-965,-,FAKULTAS KEDOKTERAN,PENDIDIKAN DOKTER,KEDOKTERAN,S1,UNGGUL,45,0,Ekonomi & Bisnis
-,-,banpt-965,-,-,KEDOKTERAN GIGI,KEDOKTERAN GIGI,S1,BAIK,45,0,Ekonomi & Bisnis
quipper-132,-,banpt-965,-,FAKULTAS ILMU KESEHATAN,KEPERAWATAN,KEPERAWATAN,S1,UNGGUL,45,0,Ekonomi & Bisnis
quipper-132,-,banpt-965,-,FAKULTAS EKONOMI DAN BISNIS,MANAJEMEN,MANAJEMEN,S1,UNGGUL,45,0,Ekonomi & Bisnis
quipper-132,-,banpt-965,-,FAKULTAS KEGURUAN DAN ILMU PENDIDIKAN,PENDIDIKAN MATEMATIKA,MATEMATIKA,S1,UNGGUL,45,2,Pendidikan & Keguruan
quipper-132,-,banpt-965,-,FAKULTAS TEKNIK,TEKNIK MESIN,MESIN,S1,BAIK SEKALI,45,1,Teknik & Rekayasa
quipper-132,-,banpt-965,-,FAKULTAS TEKNIK,TEKNIK PERKAPALAN,PERKAPALAN,S1,BAIK SEKALI,45,1,Teknik & Rekayasa
quipper-132,-,banpt-965,-,FAKULTAS PSIKOLOGI,PSIKOLOGI,PSIKOLOGI,S1,BAIK SEKALI,45,0,Ekonomi & Bisnis
quipper-132,-,banpt-965,-,FAKULTAS TEKNIK,TEKNIK SIPIL,SIPIL,S1,BAIK SEKALI,45,1,Teknik & Rekayasa
quipper-547,rencanamu-219,banpt-3341,-,FAKULTAS EKONOMI DAN BISNIS,AKUNTANSI,AKUNTANSI,S1,A,60,2,Pendidikan & Keguruan
quipper-547,rencanamu-219,banpt-3341,-,FAKULTAS TEKNIK,ARSITEKTUR,ARSITEKTUR,S1,A,60,1,Teknik & Rekayasa
-,rencanamu-219,banpt-3341,-,-,PENDIDIKAN BIOLOGI,BIOLOGI,S1,A,60,0,Ekonomi & Bisnis
-,-,banpt-3341,-,-,SAINS INFORMASI GEOGRAFI,BISNIS,S1,BAIK,60,0,Ekonomi & Bisnis
-,-,banpt-3341,-,-,BISNIS DIGITAL,BISNIS DIGITAL,S1,BAIK,60,0,Ekonomi & Bisnis
quipper-547,-,-,-,FAKULTAS EKONOMI DAN BISNIS,ILMU EKONOMI,EKONOMI,S1,-,60,0,Ekonomi & Bisnis
-,rencanamu-219,banpt-3341,-,-,EKONOMI PEMBANGUNAN,EKONOMI PEMBANGUNAN,S1,A,60,0,Ekonomi & Bisnis
quipper-547,rencanamu-219,banpt-3341,-,FAKULTAS TEKNIK,TEKNIK ELEKTRO,ELEKTRO,S1,B,60,1,Teknik & Rekayasa
-,rencanamu-219,banpt-3341,-,-,FARMASI,FARMASI,S1,A,60,0,Ekonomi & Bisnis
-,rencanamu-219,banpt-3341,-,-,FISIOTERAPI,FISIOTERAPI,S1,A,60,0,Ekonomi & Bisnis
quipper-547,rencanamu-219,banpt-3341,-,FAKULTAS GEOGRAFI,GEOGRAFI,GEOGRAFI,S1,A,60,0,Ekonomi & Bisnis
-,rencanamu-219,banpt-3341,-,-,GIZI,GIZI,S1,B,60,0,Ekonomi & Bisnis
-,rencanamu-219,banpt-3341,-,-,PENDIDIKAN ANAK USIA DINI,GURU ANAK USIA DINI,S1,B,60,0,Ekonomi & Bisnis
quipper-547,rencanamu-219,banpt-3341,-,FAKULTAS KEGURUAN DAN ILMU PENDIDIKAN,PENDIDIKAN GURU SEKOLAH DASAR,GURU SEKOLAH DASAR,S1,A,60,2,Pendidikan & Keguruan
-,rencanamu-219,banpt-3341,-,-,ILMU HUKUM,HUKUM,S1,A,60,0,Ekonomi & Bisnis
quipper-547,rencanamu-219,banpt-3341,-,FAKULTAS KOMUNIKASI DAN INFORMATIKA,ILMU KOMUNIKASI,ILMU KOMUNIKASI,S1,B,60,0,Ekonomi & Bisnis
quipper-547,rencanamu-219,banpt-3341,-,FAKULTAS TEKNIK,TEKNIK INDUSTRI,INDUSTRI,S1,A,60,1,Teknik & Rekayasa
quipper-547,rencanamu-219,banpt-3341,-,FAKULTAS KOMUNIKASI DAN INFORMATIKA,TEKNIK INFORMATIKA,INFORMATIKA,S1,B,60,1,Teknik & Rekayasa
-,-,banpt-3341,-,-,PENDIDIKAN JASMANI,JASMANI,S1,UNGGUL,60,0,Ekonomi & Bisnis
quipper-547,rencanamu-219,banpt-3341,-,FAKULTAS KEDOKTERAN,PENDIDIKAN DOKTER,KEDOKTERAN,S1,B,60,0,Ekonomi & Bisnis
quipper-547,rencanamu-219,banpt-3341,-,FAKULTAS KEDOKTERAN GIGI,PENDIDIKAN DOKTER GIGI,KEDOKTERAN GIGI,S1,B,60,0,Ekonomi & Bisnis
-,rencanamu-219,banpt-3341,-,-,ILMU KEPERAWATAN,KEPERAWATAN,S1,A,60,0,Ekonomi & Bisnis
quipper-547,rencanamu-219,banpt-3341,-,FAKULTAS ILMU KESEHATAN,KESEHATAN MASYARAKAT,KESEHATAN MASYARAKAT,S1,B,60,0,Ekonomi & Bisnis
-,rencanamu-219,-,-,-,PENDIDIKAN KEWARGANEGARAAN,KEWARGANEGARAAN,S1,A,60,0,Ekonomi & Bisnis
quipper-547,rencanamu-219,banpt-3341,-,FAKULTAS TEKNIK,TEKNIK KIMIA,KIMIA,S1,B,60,1,Teknik & Rekayasa
quipper-547,rencanamu-219,banpt-3341,-,FAKULTAS EKONOMI DAN BISNIS,MANAJEMEN,MANAJEMEN,S1,A,60,0,Ekonomi & Bisnis
quipper-547,rencanamu-219,banpt-3341,-,FAKULTAS KEGURUAN DAN ILMU PENDIDIKAN,PENDIDIKAN MATEMATIKA,MATEMATIKA,S1,A,60,2,Pendidikan & Keguruan
quipper-547,rencanamu-219,banpt-3341,-,FAKULTAS TEKNIK,TEKNIK MESIN,MESIN,S1,B,60,1,Teknik & Rekayasa
quipper-547,-,banpt-3341,-,FAKULTAS KEGURUAN DAN ILMU PENDIDIKAN,PENDIDIKAN OLAHRAGA,OLAHRAGA,S1,UNGGUL,60,2,Pendidikan & Keguruan
-,-,banpt-3341,-,-,PENDIDIKAN PANCASILA DAN KEWARGANEGARAAN,PANCASILA KEWARGANEGARAAN,S1,UNGGUL,60,0,Ekonomi & Bisnis
quipper-547,rencanamu-219,banpt-3341,-,FAKULTAS PSIKOLOGI,PSIKOLOGI,PSIKOLOGI,S1,A,60,0,Ekonomi & Bisnis
quipper-547,rencanamu-219,banpt-3341,-,FAKULTAS TEKNIK,TEKNIK SIPIL,SIPIL,S1,B,60,1,Teknik & Rekayasa
-,-,banpt-3341,-,-,SISTEM INFORMASI,SISTEM INFORMASI,S1,BAIK,60,0,Ekonomi & Bisnis
-,rencanamu-220,banpt-441,-,-,AKUNTANSI,AKUNTANSI,S1,B,63,0,Ekonomi & Bisnis
-,-,banpt-441,-,-,BISNIS DIGITAL,BISNIS DIGITAL,S1,BAIK SEKALI,63,0,Ekonomi & Bisnis
-,-,banpt-441,-,-,DESAIN KOMUNIKASI VISUAL,DESAIN KOMUNIKASI VISUAL,S1,BAIK,63,0,Ekonomi & Bisnis
-,rencanamu-220,banpt-441,-,-,TEKNIK ELEKTRO,ELEKTRO,S1,C,63,0,Ekonomi & Bisnis
-,-,banpt-441,-,-,PENDIDIKAN GURU PENDIDIKAN ANAK USIA DINI,GURU ANAK USIA DINI,S1,B,63,0,Ekonomi & Bisnis
-,-,banpt-441,-,-,PENDIDIKAN GURU SEKOLAH DASAR,GURU SEKOLAH DASAR,S1,BAIK SEKALI,63,0,Ekonomi & Bisnis
-,rencanamu-220,banpt-441,-,-,ILMU HUKUM,HUKUM,S1,B,63,0,Ekonomi & Bisnis
-,rencanamu-220,banpt-441,-,-,ILMU KOMUNIKASI,ILMU KOMUNIKASI,S1,C,63,0,Ekonomi & Bisnis
-,rencanamu-220,banpt-441,-,-,TEKNIK INDUSTRI,INDUSTRI,S1,C,63,0,Ekonomi & Bisnis
-,rencanamu-220,banpt-441,-,-,TEKNIK INFORMATIKA,INFORMATIKA,S1,C,63,0,Ekonomi & Bisnis
-,rencanamu-220,banpt-441,-,-,KEBIDANAN,KEBIDANAN,S1,C,63,0,Ekonomi & Bisnis
-,rencanamu-220,banpt-441,-,-,KEPERAWATAN,KEPERAWATAN,S1,C,63,0,Ekonomi & Bisnis
-,-,banpt-441,-,-,MANAJEMEN,MANAJEMEN,S1,UNGGUL,63,0,Ekonomi & Bisnis
-,rencanamu-220,banpt-441,-,-,PENDIDIKAN MATEMATIKA,MATEMATIKA,S1,B,63,0,Ekonomi & Bisnis
-,rencanamu-220,banpt-441,-,-,TEKNIK MESIN,MESIN,S1,B,63,0,Ekonomi & Bisnis
-,-,banpt-441,-,-,PARIWISATA,PARIWISATA,S1,BAIK,63,0,Ekonomi & Bisnis
-,rencanamu-220,banpt-441,-,-,ILMU PEMERINTAHAN,PEMERINTAHAN,S1,C,63,0,Ekonomi & Bisnis
-,rencanamu-220,banpt-441,-,-,TEKNIK SIPIL,SIPIL,S1,C,63,0,Ekonomi & Bisnis
-,-,banpt-441,-,-,TRANSPORTASI,TRANSPORTASI,S1,BAIK,63,0,Ekonomi & Bisnis
-,rencanamu-221,-,-,-,ILMU ADMINISTRASI NEGARA,ADMINISTRASI NEGARA,S1,-,1064,0,Ekonomi & Bisnis
-,-,banpt-3873,-,-,ADMINISTRASI PUBLIK,ADMINISTRASI PUBLIK,S1,B,1064,0,Ekonomi & Bisnis
-,-,banpt-3873,-,-,AGROTEKNOLOGI,AGROTEKNOLOGI,S1,B,1064,0,Ekonomi & Bisnis
-,rencanamu-221,banpt-3873,-,-,BIMBINGAN DAN KONSELING,BIMBINGAN KONSELING,S1,BAIK SEKALI,1064,0,Ekonomi & Bisnis
-,rencanamu-221,banpt-3873,-,-,PENDIDIKAN BIOLOGI,BIOLOGI,S1,B,1064,0,Ekonomi & Bisnis
-,rencanamu-221,banpt-3873,-,-,PENDIDIKAN EKONOMI,EKONOMI,S1,B,1064,0,Ekonomi & Bisnis
-,rencanamu-221,banpt-3873,-,-,PENDIDIKAN FISIKA,FISIKA,S1,B,1064,0,Ekonomi & Bisnis
-,rencanamu-221,banpt-3873,-,-,ILMU HUKUM,HUKUM,S1,B,1064,0,Ekonomi & Bisnis
-,rencanamu-221,banpt-3873,-,-,PENDIDIKAN KIMIA,KIMIA,S1,C,1064,0,Ekonomi & Bisnis
-,rencanamu-221,banpt-3873,-,-,PENDIDIKAN MATEMATIKA,MATEMATIKA,S1,B,1064,0,Ekonomi & Bisnis
-,rencanamu-221,banpt-3873,-,-,PENDIDIKAN PANCASILA DAN KEWARGANEGARAAN,PANCASILA KEWARGANEGARAAN,S1,BAIK SEKALI,1064,0,Ekonomi & Bisnis
-,rencanamu-221,banpt-3873,-,-,PETERNAKAN,PETERNAKAN,S1,C,1064,0,Ekonomi & Bisnis
-,-,banpt-3873,-,-,TEKNOLOGI INFORMASI,TEKNOLOGI INFORMASI,S1,BAIK,1064,0,Ekonomi & Bisnis
quipper-426,-,-,-,FAKULTAS TEKNIK,ILMU TEKNIK,,S1,-,344,1,Teknik & Rekayasa
-,-,banpt-3685,-,-,BIMBINGAN DAN KONSELING,BIMBINGAN KONSELING,S1,BAIK SEKALI,344,0,Ekonomi & Bisnis
quipper-426,-,banpt-3685,-,FAKULTAS TEKNIK,TEKNIK ELEKTRO,ELEKTRO,S1,BAIK SEKALI,344,1,Teknik & Rekayasa
-,-,banpt-3685,-,-,PENDIDIKAN GURU PENDIDIKAN ANAK USIA DINI,GURU ANAK USIA DINI,S1,UNGGUL,344,0,Ekonomi & Bisnis
quipper-426,-,banpt-3685,-,FAKULTAS KEGURUAN DAN ILMU PENDIDIKAN,PENDIDIKAN GURU SEKOLAH DASAR,GURU SEKOLAH DASAR,S1,UNGGUL,344,2,Pendidikan & Keguruan
quipper-426,-,-,-,FAKULTAS KEGURUAN DAN ILMU PENDIDIKAN,TEKNIK INFORMATIKA,INFORMATIKA,S1,-,344,1,Teknik & Rekayasa
quipper-426,-,banpt-3685,-,FAKULTAS ILMU KESEHATAN,KEBIDANAN,KEBIDANAN,S1,BAIK,344,0,Ekonomi & Bisnis
quipper-426,-,banpt-3685,-,FAKULTAS ILMU KESEHATAN,ILMU KEPERAWATAN,KEPERAWATAN,S1,BAIK SEKALI,344,0,Ekonomi & Bisnis
quipper-426,-,banpt-3685,-,FAKULTAS TEKNIK,TEKNIK LINGKUNGAN,LINGKUNGAN,S1,BAIK SEKALI,344,1,Teknik & Rekayasa
quipper-426,-,banpt-3685,-,FAKULTAS TEKNIK,TEKNIK MESIN,MESIN,S1,BAIK SEKALI,344,1,Teknik & Rekayasa
quipper-426,-,banpt-3685,-,FAKULTAS TEKNIK,TEKNIK PERTAMBANGAN,PERTAMBANGAN,S1,BAIK SEKALI,344,1,Teknik & Rekayasa
quipper-426,-,banpt-3685,-,FAKULTAS KEGURUAN DAN ILMU PENDIDIKAN,TARI,SENI,S1,BAIK SEKALI,344,2,Pendidikan & Keguruan
quipper-426,-,-,-,FAKULTAS KEGURUAN DAN ILMU PENDIDIKAN,MUSIK,SENI MUSIK,S1,-,344,2,Pendidikan & Keguruan
quipper-426,-,-,-,FAKULTAS KEGURUAN DAN ILMU PENDIDIKAN,TEATER & DRAMA,TEATER,S1,-,344,2,Pendidikan & Keguruan
-,-,banpt-3685,-,-,PENDIDIKAN TEKNOLOGI INFORMASI,TEKNOLOGI INFORMASI,S1,BAIK SEKALI,344,0,Ekonomi & Bisnis
-,-,banpt-1108,-,-,AKUNTANSI,AKUNTANSI,S1,BAIK,658,0,Ekonomi & Bisnis
-,-,banpt-1108,-,-,FARMASI,FARMASI,S1,BAIK,658,0,Ekonomi & Bisnis
-,-,banpt-1108,-,-,HUKUM,HUKUM,S1,TERAKREDITASI SEMENTARA,658,0,Ekonomi & Bisnis
-,-,banpt-1108,-,-,INFORMATIKA,INFORMATIKA,S1,BAIK,658,0,Ekonomi & Bisnis
-,-,banpt-1108,-,-,MANAJEMEN,MANAJEMEN,S1,BAIK,658,0,Ekonomi & Bisnis
-,-,banpt-1108,-,-,TEKNIK MESIN,MESIN,S1,BAIK,658,0,Ekonomi & Bisnis
quipper-645,-,-,-,FAKULTAS TEKNIK,ILMU TEKNIK,,S1,-,186,1,Teknik & Rekayasa
-,rencanamu-222,banpt-2722,-,-,AGRIBISNIS,AGRIBISNIS,S1,A,186,0,Ekonomi & Bisnis
quipper-645,rencanamu-222,banpt-2722,-,FAKULTAS PERTANIAN,AGROTEKNOLOGI,AGROTEKNOLOGI,S1,A,186,0,Ekonomi & Bisnis
quipper-645,rencanamu-222,banpt-2722,-,FAKULTAS EKONOMI DAN BISNIS,AKUNTANSI,AKUNTANSI,S1,A,186,2,Pendidikan & Keguruan
quipper-645,-,banpt-2722,-,FAKULTAS EKONOMI DAN BISNIS,ILMU EKONOMI,EKONOMI,S1,UNGGUL,186,0,Ekonomi & Bisnis
-,rencanamu-222,-,-,-,EKONOMI PEMBANGUNAN,EKONOMI PEMBANGUNAN,S1,A,186,0,Ekonomi & Bisnis
quipper-645,rencanamu-222,banpt-2722,-,FAKULTAS TEKNIK,TEKNIK ELEKTRO,ELEKTRO,S1,B,186,1,Teknik & Rekayasa
-,rencanamu-222,banpt-2722,-,-,FARMASI,FARMASI,S1,B,186,0,Ekonomi & Bisnis
quipper-645,-,-,-,FAKULTAS PENDIDIKAN BAHASA,KEGURUAN & PENDIDIKAN,GURU,S1,-,186,0,Ekonomi & Bisnis
quipper-645,rencanamu-222,banpt-2722,-,FAKULTAS ILMU SOSIAL DAN ILMU POLITIK,HUBUNGAN INTERNASIONAL,HUBUNGAN INTERNASIONAL,S1,A,186,0,Ekonomi & Bisnis
-,rencanamu-222,banpt-2722,-,-,ILMU HUKUM,HUKUM,S1,A,186,0,Ekonomi & Bisnis
quipper-645,rencanamu-222,banpt-2722,-,FAKULTAS ILMU SOSIAL DAN ILMU POLITIK,ILMU KOMUNIKASI,ILMU KOMUNIKASI,S1,A,186,0,Ekonomi & Bisnis
-,rencanamu-222,-,-,-,TEKNIK INFORMATIKA,INFORMATIKA,S1,B,186,0,Ekonomi & Bisnis
quipper-645,rencanamu-222,banpt-2722,-,FAKULTAS KEDOKTERAN DAN ILMU KESEHATAN,PENDIDIKAN DOKTER,KEDOKTERAN,S1,B,186,0,Ekonomi & Bisnis
quipper-645,rencanamu-222,banpt-2722,-,FAKULTAS KEDOKTERAN DAN ILMU KESEHATAN,PENDIDIKAN DOKTER GIGI,KEDOKTERAN GIGI,S1,A,186,0,Ekonomi & Bisnis
quipper-645,rencanamu-222,banpt-2722,-,FAKULTAS KEDOKTERAN DAN ILMU KESEHATAN,ILMU KEPERAWATAN,KEPERAWATAN,S1,B,186,0,Ekonomi & Bisnis
quipper-645,rencanamu-222,banpt-2722,-,FAKULTAS EKONOMI DAN BISNIS,MANAJEMEN,MANAJEMEN,S1,A,186,0,Ekonomi & Bisnis
quipper-645,rencanamu-222,banpt-2722,-,FAKULTAS TEKNIK,TEKNIK MESIN,MESIN,S1,B,186,1,Teknik & Rekayasa
-,rencanamu-222,banpt-2722,-,-,ILMU PEMERINTAHAN,PEMERINTAHAN,S1,A,186,0,Ekonomi & Bisnis
quipper-645,rencanamu-222,banpt-2722,-,FAKULTAS TEKNIK,TEKNIK SIPIL,SIPIL,S1,A,186,1,Teknik & Rekayasa
-,-,banpt-2722,-,-,TEKNOLOGI INFORMASI,TEKNOLOGI INFORMASI,S1,UNGGUL,186,0,Ekonomi & Bisnis
-,-,banpt-689,-,-,AKUNTANSI,AKUNTANSI,S1,BAIK,1133,0,Ekonomi & Bisnis
-,-,banpt-689,-,-,DESAIN KOMUNIKASI VISUAL,DESAIN KOMUNIKASI VISUAL,S1,TERAKREDITASI SEMENTARA,1133,0,Ekonomi & Bisnis
-,-,banpt-689,-,-,FARMASI,FARMASI,S1,BAIK,1133,0,Ekonomi & Bisnis
-,-,banpt-689,-,-,PENDIDIKAN GURU ANAK USIA DINI,GURU ANAK USIA DINI,S1,BAIK,1133,0,Ekonomi & Bisnis
-,-,banpt-689,-,-,HUKUM,HUKUM,S1,BAIK,1133,0,Ekonomi & Bisnis
-,-,banpt-689,-,-,TEKNIK INDUSTRI,INDUSTRI,S1,BAIK,1133,0,Ekonomi & Bisnis
-,-,banpt-689,-,-,INFORMATIKA,INFORMATIKA,S1,BAIK SEKALI,1133,0,Ekonomi & Bisnis
-,-,banpt-689,-,-,MANAJEMEN,MANAJEMEN,S1,BAIK,1133,0,Ekonomi & Bisnis
-,-,banpt-689,-,-,TEKNIK SIPIL,SIPIL,S1,BAIK,1133,0,Ekonomi & Bisnis
-,-,banpt-689,-,-,SISTEM INFORMASI,SISTEM INFORMASI,S1,BAIK,1133,0,Ekonomi & Bisnis
-,-,banpt-689,-,-,TEKNOLOGI INFORMASI,TEKNOLOGI INFORMASI,S1,BAIK,1133,0,Ekonomi & Bisnis
-,-,banpt-689,-,-,TEKNOLOGI PANGAN DAN HASIL PERTANIAN,TEKNOLOGI PANGAN,S1,TERAKREDITASI SEMENTARA,1133,0,Ekonomi & Bisnis
-,-,banpt-2640,-,-,AKUNTANSI,AKUNTANSI,S1,BAIK,359,0,Ekonomi & Bisnis
-,-,banpt-2640,-,-,TEKNIK ELEKTRO,ELEKTRO,S1,BAIK,359,0,Ekonomi & Bisnis
-,-,banpt-2640,-,-,INFORMATIKA,INFORMATIKA,S1,BAIK SEKALI,359,0,Ekonomi & Bisnis
-,-,banpt-2640,-,-,MANAJEMEN,MANAJEMEN,S1,B,359,0,Ekonomi & Bisnis
-,-,banpt-2640,-,-,SISTEM INFORMASI,SISTEM INFORMASI,S1,BAIK SEKALI,359,0,Ekonomi & Bisnis
quipper-369,rencanamu-223,-,-,FAKULTAS BISNIS,AKUNTANSI,AKUNTANSI,S1,A,185,2,Pendidikan & Keguruan
quipper-369,rencanamu-223,-,-,FAKULTAS SENI DAN DESAIN,ARSITEKTUR,ARSITEKTUR,S1,B,185,0,Ekonomi & Bisnis
quipper-369,-,-,-,FAKULTAS SENI DAN DESAIN,DESAIN,DESAIN,S1,-,185,0,Ekonomi & Bisnis
-,rencanamu-223,banpt-UNIVERSITAS MULTIMEDIA NUSANTARA,-,-,DESAIN KOMUNIKASI VISUAL,DESAIN KOMUNIKASI VISUAL,S1,A,185,0,Ekonomi & Bisnis
quipper-369,rencanamu-223,banpt-UNIVERSITAS MULTIMEDIA NUSANTARA,-,FAKULTAS TEKNOLOGI INFORMASI DAN KOMUNIKASI,TEKNIK ELEKTRO,ELEKTRO,S1,B,185,0,Ekonomi & Bisnis
quipper-369,rencanamu-223,-,-,FAKULTAS SENI DAN DESAIN,FILM DAN TELEVISI,FILM,S1,B,185,0,Ekonomi & Bisnis
quipper-369,rencanamu-223,banpt-UNIVERSITAS MULTIMEDIA NUSANTARA,-,FAKULTAS TEKNOLOGI INFORMASI DAN KOMUNIKASI,FISIKA,FISIKA,S1,B,185,0,Ekonomi & Bisnis
quipper-369,rencanamu-223,banpt-UNIVERSITAS MULTIMEDIA NUSANTARA,-,FAKULTAS ILMU KOMUNIKASI,ILMU KOMUNIKASI,ILMU KOMUNIKASI,S1,A,185,0,Ekonomi & Bisnis
quipper-369,rencanamu-223,-,-,FAKULTAS TEKNOLOGI INFORMASI DAN KOMUNIKASI,TEKNIK INFORMATIKA,INFORMATIKA,S1,B,185,1,Teknik & Rekayasa
quipper-369,rencanamu-223,-,-,FAKULTAS ILMU KOMUNIKASI,JURNALISTIK,JURNALISTIK,S1,B,185,0,Ekonomi & Bisnis
quipper-369,-,banpt-UNIVERSITAS MULTIMEDIA NUSANTARA,-,FAKULTAS TEKNOLOGI INFORMASI DAN KOMUNIKASI,ILMU KOMPUTER,KOMPUTER,S1,B,185,0,Ekonomi & Bisnis
quipper-369,rencanamu-223,-,-,FAKULTAS BISNIS,MANAJEMEN,MANAJEMEN,S1,A,185,0,Ekonomi & Bisnis
-,rencanamu-223,-,-,-,PERHOTELAN,PERHOTELAN,S1,C,185,0,Ekonomi & Bisnis
quipper-369,rencanamu-223,banpt-UNIVERSITAS MULTIMEDIA NUSANTARA,-,FAKULTAS TEKNOLOGI INFORMASI DAN KOMUNIKASI,SISTEM INFORMASI,SISTEM INFORMASI,S1,B,185,4,Teknologi Industri
-,rencanamu-223,-,-,-,SISTEM KOMPUTER,SISTEM KOMPUTER,S1,B,185,0,Ekonomi & Bisnis
-,-,banpt-2280,-,-,AKUNTANSI,AKUNTANSI,S1,UNGGUL,145,0,Ekonomi & Bisnis
-,-,banpt-2280,-,-,ARSITEKTUR,ARSITEKTUR,S1,BAIK SEKALI,145,0,Ekonomi & Bisnis
-,-,banpt-2280,-,-,FILM,FILM,S1,B,145,0,Ekonomi & Bisnis
-,-,banpt-2280,-,-,PJJ ILMU KOMUNIKASI,ILMU KOMUNIKASI,S1,B,145,0,Ekonomi & Bisnis
-,-,banpt-2280,-,-,INFORMATIKA,INFORMATIKA,S1,BAIK SEKALI,145,0,Ekonomi & Bisnis
-,-,banpt-2280,-,-,JURNALISTIK,JURNALISTIK,S1,B,145,0,Ekonomi & Bisnis
-,-,banpt-2280,-,-,MANAJEMEN,MANAJEMEN,S1,UNGGUL,145,0,Ekonomi & Bisnis
-,-,banpt-136,-,-,AGRIBISNIS,AGRIBISNIS,S1,BAIK,698,0,Ekonomi & Bisnis
-,rencanamu-224,banpt-136,-,-,BIMBINGAN KONSELING,BIMBINGAN KONSELING,S1,B,698,0,Ekonomi & Bisnis
-,-,banpt-332,-,-,AKUNTANSI,AKUNTANSI,S1,BAIK,959,0,Ekonomi & Bisnis
-,-,banpt-332,-,-,FISIOTERAPI,FISIOTERAPI,S1,BAIK SEKALI,959,0,Ekonomi & Bisnis
-,-,banpt-332,-,-,HUKUM,HUKUM,S1,BAIK,959,0,Ekonomi & Bisnis
-,-,banpt-332,-,-,ILMU KEPERAWATAN,KEPERAWATAN,S1,BAIK SEKALI,959,0,Ekonomi & Bisnis
-,-,banpt-332,-,-,MANAJEMEN,MANAJEMEN,S1,BAIK,959,0,Ekonomi & Bisnis
-,-,banpt-332,-,-,SISTEM INFORMASI,SISTEM INFORMASI,S1,BAIK,959,0,Ekonomi & Bisnis
-,-,banpt-483,-,-,ILMU ADMINISTRASI NEGARA,ADMINISTRASI NEGARA,S1,B,880,0,Ekonomi & Bisnis
-,-,banpt-483,-,-,ADMINISTRASI PUBLIK,ADMINISTRASI PUBLIK,S1,B,880,0,Ekonomi & Bisnis
-,-,banpt-483,-,-,AGRIBISNIS,AGRIBISNIS,S1,B,880,0,Ekonomi & Bisnis
-,-,banpt-483,-,-,AGROTEKNOLOGI,AGROTEKNOLOGI,S1,B,880,0,Ekonomi & Bisnis
-,-,banpt-483,-,-,AKUNTANSI,AKUNTANSI,S1,B,880,0,Ekonomi & Bisnis
-,-,banpt-483,-,-,BISNIS DIGITAL,BISNIS DIGITAL,S1,BAIK,880,0,Ekonomi & Bisnis
-,-,banpt-483,-,-,ILMU KOMPUTER,KOMPUTER,S1,BAIK,880,0,Ekonomi & Bisnis
-,-,banpt-483,-,-,ILMU LINGKUNGAN,LINGKUNGAN,S1,BAIK,880,0,Ekonomi & Bisnis
-,-,banpt-483,-,-,ILMU PEMERINTAHAN,PEMERINTAHAN,S1,BAIK,880,0,Ekonomi & Bisnis
-,-,banpt-483,-,-,PETERNAKAN,PETERNAKAN,S1,B,880,0,Ekonomi & Bisnis
-,-,banpt-483,-,-,TEKNIK SIPIL,SIPIL,S1,BAIK,880,0,Ekonomi & Bisnis
-,-,banpt-2628,-,-,AGRIBISNIS,AGRIBISNIS,S1,BAIK,1253,0,Ekonomi & Bisnis
-,-,banpt-2628,-,-,AGROTEKNOLOGI,AGROTEKNOLOGI,S1,BAIK,1253,0,Ekonomi & Bisnis
-,-,banpt-2628,-,-,PENDIDIKAN BIOLOGI,BIOLOGI,S1,BAIK,1253,0,Ekonomi & Bisnis
-,-,banpt-2628,-,-,PENDIDIKAN GEOGRAFI,GEOGRAFI,S1,BAIK,1253,0,Ekonomi & Bisnis
-,-,banpt-2628,-,-,PENDIDIKAN GURU SEKOLAH DASAR,GURU SEKOLAH DASAR,S1,BAIK,1253,0,Ekonomi & Bisnis
-,-,banpt-2628,-,-,PENDIDIKAN MATEMATIKA,MATEMATIKA,S1,BAIK,1253,0,Ekonomi & Bisnis
-,-,banpt-2628,-,-,PETERNAKAN,PETERNAKAN,S1,BAIK,1253,0,Ekonomi & Bisnis
-,-,banpt-2114,-,-,AGRIBISNIS,AGRIBISNIS,S1,UNGGUL,1114,0,Ekonomi & Bisnis
quipper-716,-,banpt-2114,-,FAKULTAS PERTANIAN,AGROTEKNOLOGI,AGROTEKNOLOGI,S1,UNGGUL,1114,0,Ekonomi & Bisnis
quipper-716,-,banpt-2114,-,FAKULTAS EKONOMI,AKUNTANSI,AKUNTANSI,S1,UNGGUL,1114,2,Pendidikan & Keguruan
quipper-716,-,banpt-2114,-,FAKULTAS TEKNIK,ARSITEKTUR,ARSITEKTUR,S1,BAIK,1114,1,Teknik & Rekayasa
quipper-716,-,banpt-2114,-,FAKULTAS PERIKANAN DAN KELAUTAN,BUDIDAYA PERAIRAN,BUDIDAYA PERAIRAN,S1,BAIK SEKALI,1114,0,Ekonomi & Bisnis
quipper-716,-,-,-,FAKULTAS EKONOMI,ILMU EKONOMI,EKONOMI,S1,-,1114,0,Ekonomi & Bisnis
-,-,banpt-2114,-,-,EKONOMI PEMBANGUNAN,EKONOMI PEMBANGUNAN,S1,UNGGUL,1114,0,Ekonomi & Bisnis
quipper-716,-,banpt-2114,-,FAKULTAS TEKNIK,TEKNIK ELEKTRO,ELEKTRO,S1,B,1114,1,Teknik & Rekayasa
quipper-716,-,banpt-2114,-,FAKULTAS FARMASI,FARMASI,FARMASI,S1,BAIK SEKALI,1114,0,Ekonomi & Bisnis
quipper-716,-,-,-,FAKULTAS SASTRA,KEGURUAN & PENDIDIKAN,GURU,S1,-,1114,0,Ekonomi & Bisnis
quipper-716,-,banpt-2114,-,FAKULTAS HUKUM,ILMU HUKUM,HUKUM,S1,UNGGUL,1114,3,Hukum
quipper-716,-,banpt-2114,-,FAKULTAS AGAMA ISLAM,ILMU KOMUNIKASI,ILMU KOMUNIKASI,S1,BAIK SEKALI,1114,0,Ekonomi & Bisnis
quipper-716,-,banpt-2114,-,FAKULTAS TEKNOLOGI INDUSTRI,TEKNIK INDUSTRI,INDUSTRI,S1,UNGGUL,1114,4,Teknologi Industri
quipper-716,-,banpt-2114,-,FAKULTAS ILMU KOMPUTER,TEKNIK INFORMATIKA,INFORMATIKA,S1,B,1114,1,Teknik & Rekayasa
quipper-716,-,-,-,FAKULTAS KEDOKTERAN,KEBIDANAN,KEBIDANAN,S1,-,1114,0,Ekonomi & Bisnis
quipper-716,-,banpt-2114,-,FAKULTAS KEDOKTERAN,PENDIDIKAN DOKTER,KEDOKTERAN,S1,UNGGUL,1114,0,Ekonomi & Bisnis
quipper-716,-,banpt-2114,-,FAKULTAS KEDOKTERAN GIGI,PENDIDIKAN DOKTER GIGI,KEDOKTERAN GIGI,S1,UNGGUL,1114,0,Ekonomi & Bisnis
quipper-716,-,banpt-2114,-,FAKULTAS PERIKANAN DAN KELAUTAN,KELAUTAN,KELAUTAN,S1,UNGGUL,1114,0,Ekonomi & Bisnis
quipper-716,-,banpt-2114,-,FAKULTAS KEDOKTERAN,ILMU KEPERAWATAN,KEPERAWATAN,S1,BAIK SEKALI,1114,0,Ekonomi & Bisnis
quipper-716,-,banpt-2114,-,FAKULTAS KESEHATAN MASYARAKAT,KESEHATAN MASYARAKAT,KESEHATAN MASYARAKAT,S1,UNGGUL,1114,0,Ekonomi & Bisnis
quipper-716,-,banpt-2114,-,FAKULTAS TEKNOLOGI INDUSTRI,TEKNIK KIMIA,KIMIA,S1,UNGGUL,1114,4,Teknologi Industri
-,-,banpt-2114,-,-,TEKNIK LINGKUNGAN,LINGKUNGAN,S1,BAIK,1114,0,Ekonomi & Bisnis
quipper-716,-,banpt-2114,-,FAKULTAS EKONOMI,MANAJEMEN,MANAJEMEN,S1,UNGGUL,1114,0,Ekonomi & Bisnis
quipper-716,-,banpt-2114,-,FAKULTAS TEKNIK,TEKNIK MESIN,MESIN,S1,UNGGUL,1114,1,Teknik & Rekayasa
quipper-716,-,banpt-2114,-,FAKULTAS PERIKANAN DAN KELAUTAN,PERIKANAN,PERIKANAN,S1,UNGGUL,1114,0,Ekonomi & Bisnis
quipper-716,-,banpt-2114,-,FAKULTAS TEKNOLOGI INDUSTRI,TEKNIK PERTAMBANGAN,PERTAMBANGAN,S1,B,1114,4,Teknologi Industri
quipper-716,-,banpt-2114,-,FAKULTAS SASTRA,SASTRA ARAB,SASTRA ARAB,S1,B,1114,0,Ekonomi & Bisnis
quipper-716,-,banpt-2114,-,FAKULTAS SASTRA,SASTRA INDONESIA,SASTRA INDONESIA,S1,B,1114,0,Ekonomi & Bisnis
quipper-716,-,banpt-2114,-,FAKULTAS SASTRA,SASTRA INGGRIS,SASTRA INGGRIS,S1,A,1114,0,Ekonomi & Bisnis
quipper-716,-,banpt-2114,-,FAKULTAS TEKNIK,TEKNIK SIPIL,SIPIL,S1,BAIK SEKALI,1114,1,Teknik & Rekayasa
quipper-716,-,banpt-2114,-,FAKULTAS ILMU KOMPUTER,SISTEM INFORMASI,SISTEM INFORMASI,S1,BAIK,1114,4,Teknologi Industri
-,rencanamu-225,-,-,-,AGRIBISNIS,AGRIBISNIS,S1,A,12,0,Ekonomi & Bisnis
-,rencanamu-225,-,-,-,AGROTEKNOLOGI,AGROTEKNOLOGI,S1,A,12,0,Ekonomi & Bisnis
-,rencanamu-225,-,-,-,AKUNTANSI,AKUNTANSI,S1,A,12,0,Ekonomi & Bisnis
-,rencanamu-225,-,-,-,ARSITEKTUR,ARSITEKTUR,S1,B,12,0,Ekonomi & Bisnis
-,rencanamu-225,-,-,-,BUDIDAYA PERAIRAN,BUDIDAYA PERAIRAN,S1,A,12,0,Ekonomi & Bisnis
-,rencanamu-225,-,-,-,EKONOMI PEMBANGUNAN,EKONOMI PEMBANGUNAN,S1,A,12,0,Ekonomi & Bisnis
-,rencanamu-225,-,-,-,TEKNIK ELEKTRO,ELEKTRO,S1,B,12,0,Ekonomi & Bisnis
-,rencanamu-225,-,-,-,FARMASI,FARMASI,S1,B,12,0,Ekonomi & Bisnis
-,rencanamu-225,-,-,-,ILMU HUKUM,HUKUM,S1,A,12,0,Ekonomi & Bisnis
-,rencanamu-225,-,-,-,ILMU KOMUNIKASI,ILMU KOMUNIKASI,S1,B,12,0,Ekonomi & Bisnis
-,rencanamu-225,-,-,-,TEKNIK INDUSTRI,INDUSTRI,S1,B,12,0,Ekonomi & Bisnis
-,rencanamu-225,-,-,-,TEKNIK INFORMATIKA,INFORMATIKA,S1,B,12,0,Ekonomi & Bisnis
-,rencanamu-225,-,-,-,PENDIDIKAN DOKTER,KEDOKTERAN,S1,A,12,0,Ekonomi & Bisnis
-,rencanamu-225,-,-,-,PENDIDIKAN DOKTER GIGI,KEDOKTERAN GIGI,S1,C,12,0,Ekonomi & Bisnis
-,rencanamu-225,-,-,-,ILMU KELAUTAN,KELAUTAN,S1,A,12,0,Ekonomi & Bisnis
-,rencanamu-225,-,-,-,ILMU KEPERAWATAN,KEPERAWATAN,S1,B,12,0,Ekonomi & Bisnis
-,rencanamu-225,-,-,-,KESEHATAN MASYARAKAT,KESEHATAN MASYARAKAT,S1,B,12,0,Ekonomi & Bisnis
-,rencanamu-225,-,-,-,TEKNIK KIMIA,KIMIA,S1,B,12,0,Ekonomi & Bisnis
-,rencanamu-225,-,-,-,MANAJEMEN,MANAJEMEN,S1,A,12,0,Ekonomi & Bisnis
-,rencanamu-225,-,-,-,TEKNIK MESIN,MESIN,S1,A,12,0,Ekonomi & Bisnis
-,rencanamu-225,-,-,-,PEMANFAATAN SUMBER DAYA PERIKANAN,PERIKANAN,S1,A,12,0,Ekonomi & Bisnis
-,rencanamu-225,-,-,-,TEKNIK PERTAMBANGAN,PERTAMBANGAN,S1,B,12,0,Ekonomi & Bisnis
-,rencanamu-225,-,-,-,SASTRA ARAB,SASTRA ARAB,S1,B,12,0,Ekonomi & Bisnis
-,rencanamu-225,-,-,-,SASTRA INDONESIA,SASTRA INDONESIA,S1,B,12,0,Ekonomi & Bisnis
-,rencanamu-225,-,-,-,SASTRA INGGRIS,SASTRA INGGRIS,S1,B,12,0,Ekonomi & Bisnis
-,rencanamu-225,-,-,-,TEKNIK SIPIL,SIPIL,S1,B,12,0,Ekonomi & Bisnis
-,-,banpt-2319,-,-,AGRIBISNIS,AGRIBISNIS,S1,BAIK,1084,0,Ekonomi & Bisnis
-,-,banpt-2319,-,-,AGROTEKNOLOGI,AGROTEKNOLOGI,S1,B,1084,0,Ekonomi & Bisnis
-,-,banpt-2319,-,-,PENDIDIKAN BIOLOGI,BIOLOGI,S1,BAIK SEKALI,1084,0,Ekonomi & Bisnis
-,-,banpt-2319,-,-,PENDIDIKAN FISIKA,FISIKA,S1,C,1084,0,Ekonomi & Bisnis
-,-,banpt-2319,-,-,KEHUTANAN,KEHUTANAN,S1,BAIK,1084,0,Ekonomi & Bisnis
-,-,banpt-2319,-,-,MANAJEMEN,MANAJEMEN,S1,BAIK SEKALI,1084,0,Ekonomi & Bisnis
-,-,banpt-2319,-,-,PENDIDIKAN MATEMATIKA,MATEMATIKA,S1,BAIK,1084,0,Ekonomi & Bisnis
-,-,banpt-2319,-,-,PETERNAKAN,PETERNAKAN,S1,BAIK,1084,0,Ekonomi & Bisnis
-,rencanamu-226,-,-,-,AGRIBISNIS,AGRIBISNIS,S1,C,11,0,Ekonomi & Bisnis
-,rencanamu-226,-,-,-,AKUNTANSI,AKUNTANSI,S1,B,11,0,Ekonomi & Bisnis
-,rencanamu-226,-,-,-,BIMBINGAN DAN KONSELING,BIMBINGAN KONSELING,S1,-,11,0,Ekonomi & Bisnis
-,rencanamu-226,-,-,-,PENDIDIKAN EKONOMI,EKONOMI,S1,B,11,0,Ekonomi & Bisnis
-,rencanamu-226,-,-,-,FARMASI,FARMASI,S1,-,11,0,Ekonomi & Bisnis
-,rencanamu-226,-,-,-,PENDIDIKAN FISIKA,FISIKA,S1,C,11,0,Ekonomi & Bisnis
-,rencanamu-226,-,-,-,PENDIDIKAN ANAK USIA DINI,GURU ANAK USIA DINI,S1,B,11,0,Ekonomi & Bisnis
-,rencanamu-226,-,-,-,PENDIDIKAN GURU SD,GURU SEKOLAH DASAR,S1,C,11,0,Ekonomi & Bisnis
-,rencanamu-226,-,-,-,ILMU HUKUM,HUKUM,S1,B,11,0,Ekonomi & Bisnis
-,rencanamu-226,-,-,-,MANAJEMEN,MANAJEMEN,S1,B,11,0,Ekonomi & Bisnis
-,rencanamu-226,-,-,-,PENDIDIKAN MATEMATIKA,MATEMATIKA,S1,C,11,0,Ekonomi & Bisnis
-,rencanamu-226,-,-,-,PENDIDIKAN PANCASILA DAN KEWARGANEGARAAN,PANCASILA KEWARGANEGARAAN,S1,B,11,0,Ekonomi & Bisnis
-,rencanamu-226,-,-,-,SASTRA INGGRIS,SASTRA INGGRIS,S1,-,11,0,Ekonomi & Bisnis
-,-,banpt-679,-,-,AGRIBISNIS,AGRIBISNIS,S1,BAIK SEKALI,709,0,Ekonomi & Bisnis
-,-,banpt-679,-,-,AKUNTANSI,AKUNTANSI,S1,UNGGUL,709,0,Ekonomi & Bisnis
-,-,banpt-679,-,-,BIMBINGAN DAN KONSELING,BIMBINGAN KONSELING,S1,BAIK SEKALI,709,0,Ekonomi & Bisnis
-,-,banpt-679,-,-,PENDIDIKAN EKONOMI,EKONOMI,S1,BAIK SEKALI,709,0,Ekonomi & Bisnis
-,-,banpt-679,-,-,FARMASI,FARMASI,S1,BAIK SEKALI,709,0,Ekonomi & Bisnis
-,-,banpt-679,-,-,PENDIDIKAN FISIKA,FISIKA,S1,BAIK SEKALI,709,0,Ekonomi & Bisnis
-,-,banpt-679,-,-,PENDIDIKAN GURU PENDIDIKAN ANAK USIA DINI,GURU ANAK USIA DINI,S1,BAIK SEKALI,709,0,Ekonomi & Bisnis
-,-,banpt-679,-,-,PENDIDIKAN GURU SEKOLAH DASAR,GURU SEKOLAH DASAR,S1,UNGGUL,709,0,Ekonomi & Bisnis
-,-,banpt-679,-,-,ILMU HUKUM,HUKUM,S1,UNGGUL,709,0,Ekonomi & Bisnis
-,-,banpt-679,-,-,MANAJEMEN,MANAJEMEN,S1,UNGGUL,709,0,Ekonomi & Bisnis
-,-,banpt-679,-,-,PENDIDIKAN MATEMATIKA,MATEMATIKA,S1,BAIK SEKALI,709,0,Ekonomi & Bisnis
-,-,banpt-679,-,-,PENDIDIKAN PANCASILA DAN KEWARGANEGARAAN,PANCASILA KEWARGANEGARAAN,S1,BAIK SEKALI,709,0,Ekonomi & Bisnis
-,-,banpt-679,-,-,SASTRA INGGRIS,SASTRA INGGRIS,S1,BAIK SEKALI,709,0,Ekonomi & Bisnis
-,-,banpt-547,-,-,BIMBINGAN DAN KONSELING,BIMBINGAN KONSELING,S1,BAIK SEKALI,978,0,Ekonomi & Bisnis
-,-,banpt-547,-,-,EKONOMI PEMBANGUNAN,EKONOMI PEMBANGUNAN,S1,BAIK,978,0,Ekonomi & Bisnis
-,-,banpt-547,-,-,PENDIDIKAN GURU SEKOLAH DASAR,GURU SEKOLAH DASAR,S1,BAIK SEKALI,978,0,Ekonomi & Bisnis
-,-,banpt-547,-,-,TEKNIK INDUSTRI,INDUSTRI,S1,BAIK,978,0,Ekonomi & Bisnis
-,-,banpt-547,-,-,INFORMATIKA,INFORMATIKA,S1,BAIK SEKALI,978,0,Ekonomi & Bisnis
-,-,banpt-547,-,-,TEKNIK KIMIA,KIMIA,S1,BAIK SEKALI,978,0,Ekonomi & Bisnis
-,-,banpt-547,-,-,MANAJEMEN,MANAJEMEN,S1,BAIK SEKALI,978,0,Ekonomi & Bisnis
-,-,banpt-547,-,-,MATEMATIKA,MATEMATIKA,S1,BAIK,978,0,Ekonomi & Bisnis
-,-,banpt-547,-,-,TEKNIK MESIN,MESIN,S1,BAIK,978,0,Ekonomi & Bisnis
-,-,banpt-547,-,-,SISTEM INFORMASI,SISTEM INFORMASI,S1,BAIK,978,0,Ekonomi & Bisnis
-,-,banpt-395,-,-,FISIKA,FISIKA,S1,BAIK SEKALI,1428,0,Ekonomi & Bisnis
-,-,banpt-395,-,-,PENDIDIKAN GURU SEKOLAH DASAR,GURU SEKOLAH DASAR,S1,BAIK SEKALI,1428,0,Ekonomi & Bisnis
-,-,banpt-395,-,-,ILMU KOMPUTER,KOMPUTER,S1,BAIK,1428,0,Ekonomi & Bisnis
-,-,banpt-395,-,-,MATEMATIKA,MATEMATIKA,S1,BAIK SEKALI,1428,0,Ekonomi & Bisnis
-,-,banpt-395,-,-,TEKNIK MESIN,MESIN,S1,BAIK,1428,0,Ekonomi & Bisnis
-,-,banpt-395,-,-,PENDIDIKAN OLAH RAGA,OLAHRAGA,S1,BAIK SEKALI,1428,0,Ekonomi & Bisnis
-,-,banpt-395,-,-,PETERNAKAN,PETERNAKAN,S1,BAIK,1428,0,Ekonomi & Bisnis
-,-,banpt-395,-,-,TEKNIK SIPIL,SIPIL,S1,BAIK,1428,0,Ekonomi & Bisnis
-,-,banpt-1389,-,-,PENDIDIKAN BIMBINGAN DAN KONSELING,BIMBINGAN KONSELING,S1,BAIK,1397,0,Ekonomi & Bisnis
-,-,banpt-1389,-,-,PENDIDIKAN FISIKA,FISIKA,S1,BAIK SEKALI,1397,0,Ekonomi & Bisnis
-,-,banpt-1389,-,-,PENDIDIKAN GURU SEKOLAH DASAR,GURU SEKOLAH DASAR,S1,UNGGUL,1397,0,Ekonomi & Bisnis
-,-,banpt-1389,-,-,ILMU HUKUM,HUKUM,S1,BAIK,1397,0,Ekonomi & Bisnis
-,-,banpt-1389,-,-,TEKNIK INFORMATIKA,INFORMATIKA,S1,BAIK,1397,0,Ekonomi & Bisnis
-,-,banpt-1389,-,-,PENDIDIKAN JASMANI,JASMANI,S1,BAIK,1397,0,Ekonomi & Bisnis
-,-,banpt-1389,-,-,TEKNOLOGI PENANGKAPAN IKAN,KELAUTAN,S1,BAIK,1397,0,Ekonomi & Bisnis
-,-,banpt-1389,-,-,BUDIDAYA PERIKANAN,PERIKANAN,S1,BAIK,1397,0,Ekonomi & Bisnis
-,-,banpt-1389,-,-,PETERNAKAN,PETERNAKAN,S1,BAIK,1397,0,Ekonomi & Bisnis
-,-,banpt-1389,-,-,SISTEM INFORMASI,SISTEM INFORMASI,S1,BAIK,1397,0,Ekonomi & Bisnis
-,-,banpt-1128,-,-,TEKNOLOGI AGROINDUSTRI,AGROINDUSTRI,S1,BAIK,152,0,Ekonomi & Bisnis
-,-,banpt-1128,-,-,PENDIDIKAN ANAK USIA DINI,GURU ANAK USIA DINI,S1,BAIK,152,0,Ekonomi & Bisnis
-,-,banpt-1128,-,-,HUKUM KELUARGA,HUKUM,S1,BAIK,152,0,Ekonomi & Bisnis
-,-,banpt-1128,-,-,TEKNIK INDUSTRI,INDUSTRI,S1,TIDAK TERAKREDITASI,152,0,Ekonomi & Bisnis
-,-,banpt-1128,-,-,TEKNIK INFORMATIKA,INFORMATIKA,S1,BAIK,152,0,Ekonomi & Bisnis
-,-,banpt-1128,-,-,PSIKOLOGI,PSIKOLOGI,S1,BAIK,152,0,Ekonomi & Bisnis
-,-,banpt-1128,-,-,SISTEM INFORMASI,SISTEM INFORMASI,S1,BAIK,152,0,Ekonomi & Bisnis
-,-,banpt-1128,-,-,SOSIOLOGI,SOSIOLOGI,S1,BAIK,152,0,Ekonomi & Bisnis
-,-,banpt-1542,-,-,AGRIBISNIS,AGRIBISNIS,S1,BAIK,200,0,Ekonomi & Bisnis
-,-,banpt-1542,-,-,AGROTEKNOLOGI,AGROTEKNOLOGI,S1,BAIK,200,0,Ekonomi & Bisnis
-,-,banpt-1542,-,-,MANAJEMEN SUMBER DAYA PERAIRAN,BUDIDAYA PERAIRAN,S1,BAIK,200,0,Ekonomi & Bisnis
-,-,banpt-1542,-,-,PENDIDIKAN GURU SEKOLAH DASAR,GURU SEKOLAH DASAR,S1,BAIK SEKALI,200,0,Ekonomi & Bisnis
-,-,banpt-1542,-,-,TEKNIK LINGKUNGAN,LINGKUNGAN,S1,BAIK,200,0,Ekonomi & Bisnis
-,-,banpt-1542,-,-,MANAJEMEN,MANAJEMEN,S1,BAIK,200,0,Ekonomi & Bisnis
-,-,banpt-1542,-,-,PENDIDIKAN MATEMATIKA,MATEMATIKA,S1,BAIK,200,0,Ekonomi & Bisnis
-,-,banpt-1542,-,-,SISTEM INFORMASI,SISTEM INFORMASI,S1,BAIK,200,0,Ekonomi & Bisnis
-,-,banpt-1542,-,-,TEKNOLOGI HASIL PERIKANAN,TEKNOLOGI HASIL PERIKANAN,S1,BAIK,200,0,Ekonomi & Bisnis
-,-,banpt-2573,-,-,AGRIBISNIS,AGRIBISNIS,S1,BAIK,845,0,Ekonomi & Bisnis
-,-,banpt-2573,-,-,AKUNTANSI,AKUNTANSI,S1,BAIK,845,0,Ekonomi & Bisnis
-,-,banpt-2573,-,-,TEKNIK ARSITEKTUR,ARSITEKTUR,S1,BAIK,845,0,Ekonomi & Bisnis
-,-,banpt-2573,-,-,FARMASI,FARMASI,S1,BAIK,845,0,Ekonomi & Bisnis
-,-,banpt-2573,-,-,PENDIDIKAN GURU SEKOLAH DASAR,GURU SEKOLAH DASAR,S1,BAIK,845,0,Ekonomi & Bisnis
-,-,banpt-2573,-,-,TEKNIK INFORMATIKA,INFORMATIKA,S1,BAIK,845,0,Ekonomi & Bisnis
-,-,banpt-2573,-,-,PENDIDIKAN MATEMATIKA,MATEMATIKA,S1,BAIK,845,0,Ekonomi & Bisnis
-,-,banpt-2573,-,-,PERENCANAAN WILAYAH DAN KOTA,PERENCANAAN WILAYAH KOTA,S1,BAIK,845,0,Ekonomi & Bisnis
-,-,banpt-2573,-,-,TEKNIK SIPIL,SIPIL,S1,BAIK,845,0,Ekonomi & Bisnis
-,-,banpt-2499,-,-,AKUNTANSI,AKUNTANSI,S1,BAIK,758,0,Ekonomi & Bisnis
-,-,banpt-2499,-,-,ARSITEKTUR,ARSITEKTUR,S1,BAIK,758,0,Ekonomi & Bisnis
-,-,banpt-2499,-,-,DESAIN INTERIOR,DESAIN INTERIOR,S1,BAIK,758,0,Ekonomi & Bisnis
-,-,banpt-2499,-,-,FARMASI,FARMASI,S1,BAIK,758,0,Ekonomi & Bisnis
-,-,banpt-2499,-,-,PENDIDIKAN ANAK USIA DINI,GURU ANAK USIA DINI,S1,BAIK SEKALI,758,0,Ekonomi & Bisnis
-,-,banpt-2499,-,-,HUBUNGAN INTERNASIONAL,HUBUNGAN INTERNASIONAL,S1,BAIK,758,0,Ekonomi & Bisnis
-,-,banpt-2499,-,-,ILMU KOMUNIKASI,ILMU KOMUNIKASI,S1,BAIK,758,0,Ekonomi & Bisnis
-,-,banpt-2499,-,-,TEKNIK INDUSTRI,INDUSTRI,S1,BAIK,758,0,Ekonomi & Bisnis
-,-,banpt-2499,-,-,TEKNIK INFORMATIKA,INFORMATIKA,S1,BAIK,758,0,Ekonomi & Bisnis
-,-,banpt-2499,-,-,TEKNOLOGI INDUSTRI PERTANIAN,PERTANIAN,S1,BAIK,758,0,Ekonomi & Bisnis
-,-,banpt-2498,-,-,AGRIBISNIS,AGRIBISNIS,S1,BAIK,983,0,Ekonomi & Bisnis
-,-,banpt-2498,-,-,BISNIS DIGITAL,BISNIS DIGITAL,S1,BAIK,983,0,Ekonomi & Bisnis
-,-,banpt-2498,-,-,TEKNIK ELEKTRO,ELEKTRO,S1,BAIK,983,0,Ekonomi & Bisnis
-,-,banpt-2498,-,-,PENDIDIKAN GURU SEKOLAH DASAR,GURU SEKOLAH DASAR,S1,BAIK,983,0,Ekonomi & Bisnis
-,-,banpt-2498,-,-,TEKNIK INFORMATIKA,INFORMATIKA,S1,BAIK,983,0,Ekonomi & Bisnis
-,-,banpt-2498,-,-,PENDIDIKAN JASMANI,JASMANI,S1,BAIK,983,0,Ekonomi & Bisnis
-,-,banpt-2498,-,-,MANAJEMEN RITEL,MANAJEMEN RITEL,S1,BAIK,983,0,Ekonomi & Bisnis
-,-,banpt-2498,-,-,PENDIDIKAN MATEMATIKA,MATEMATIKA,S1,BAIK,983,0,Ekonomi & Bisnis
-,-,banpt-2498,-,-,PEMANFAATAN SUMBER DAYA PERIKANAN,PERIKANAN,S1,BAIK,983,0,Ekonomi & Bisnis
-,-,banpt-2498,-,-,PETERNAKAN,PETERNAKAN,S1,BAIK,983,0,Ekonomi & Bisnis
-,-,banpt-2498,-,-,SISTEM INFORMASI,SISTEM INFORMASI,S1,BAIK,983,0,Ekonomi & Bisnis
-,-,banpt-2498,-,-,STATISTIK,STATISTIK,S1,BAIK,983,0,Ekonomi & Bisnis
-,-,banpt-1271,-,-,PENDIDIKAN ILMU PENGETAHUAN ALAM,PENGETAHUAN ALAM,S1,BAIK,1505,0,Ekonomi & Bisnis
-,-,banpt-1271,-,-,PENDIDIKAN ILMU PENGETAHUAN SOSIAL,PENGETAHUAN SOSIAL,S1,BAIK,1505,0,Ekonomi & Bisnis
-,-,banpt-1271,-,-,PERENCANAAN WILAYAH DAN KOTA,PERENCANAAN WILAYAH KOTA,S1,BAIK,1505,0,Ekonomi & Bisnis
-,-,banpt-925,-,-,FARMASI,FARMASI,S1,BAIK SEKALI,774,0,Ekonomi & Bisnis
-,-,banpt-925,-,-,ILMU GIZI,GIZI,S1,BAIK SEKALI,774,0,Ekonomi & Bisnis
-,-,banpt-925,-,-,PENDIDIKAN GURU SEKOLAH DASAR,GURU SEKOLAH DASAR,S1,BAIK SEKALI,774,0,Ekonomi & Bisnis
-,-,banpt-925,-,-,PENDIDIKAN JASMANI,JASMANI,S1,BAIK SEKALI,774,0,Ekonomi & Bisnis
-,-,banpt-925,-,-,TEKNIK LINGKUNGAN,LINGKUNGAN,S1,BAIK,774,0,Ekonomi & Bisnis
-,-,banpt-925,-,-,PENDIDIKAN SENI DRAMA TARI DAN MUSIK,SENI,S1,BAIK SEKALI,774,0,Ekonomi & Bisnis
-,-,banpt-925,-,-,SISTEM INFORMASI,SISTEM INFORMASI,S1,BAIK,774,0,Ekonomi & Bisnis
-,-,banpt-925,-,-,PENDIDIKAN SOSIOLOGI,SOSIOLOGI,S1,BAIK SEKALI,774,0,Ekonomi & Bisnis
-,-,banpt-1648,-,-,PENDIDIKAN BIOLOGI,BIOLOGI,S1,BAIK,744,0,Ekonomi & Bisnis
-,-,banpt-1648,-,-,DESAIN KOMUNIKASI VISUAL,DESAIN KOMUNIKASI VISUAL,S1,BAIK,744,0,Ekonomi & Bisnis
-,-,banpt-1648,-,-,PENDIDIKAN FISIKA,FISIKA,S1,BAIK,744,0,Ekonomi & Bisnis
-,-,banpt-1648,-,-,TEKNIK INDUSTRI,INDUSTRI,S1,BAIK,744,0,Ekonomi & Bisnis
-,-,banpt-1648,-,-,TEKNIK KIMIA,KIMIA,S1,BAIK,744,0,Ekonomi & Bisnis
-,-,banpt-1648,-,-,PENDIDIKAN MATEMATIKA,MATEMATIKA,S1,BAIK,744,0,Ekonomi & Bisnis
-,-,banpt-1648,-,-,TEKNOLOGI HASIL PERTANIAN,PERTANIAN,S1,BAIK,744,0,Ekonomi & Bisnis
-,-,banpt-3884,-,-,ADMINISTRASI PUBLIK,ADMINISTRASI PUBLIK,S1,BAIK,996,0,Ekonomi & Bisnis
-,-,banpt-3884,-,-,AGROTEKNOLOGI,AGROTEKNOLOGI,S1,BAIK SEKALI,996,0,Ekonomi & Bisnis
-,-,banpt-3884,-,-,BIOLOGI,BIOLOGI,S1,BAIK SEKALI,996,0,Ekonomi & Bisnis
-,-,banpt-3884,-,-,ILMU HUKUM,HUKUM,S1,BAIK,996,0,Ekonomi & Bisnis
-,-,banpt-3884,-,-,MANAJEMEN,MANAJEMEN,S1,BAIK SEKALI,996,0,Ekonomi & Bisnis
-,-,banpt-3884,-,-,MATEMATIKA,MATEMATIKA,S1,BAIK SEKALI,996,0,Ekonomi & Bisnis
-,-,banpt-3884,-,-,ILMU KEOLAHRAGAAN,OLAHRAGA,S1,TERAKREDITASI SEMENTARA,996,0,Ekonomi & Bisnis
-,-,banpt-3884,-,-,ILMU PERIKANAN,PERIKANAN,S1,BAIK,996,0,Ekonomi & Bisnis
-,-,banpt-3884,-,-,TEKNIK PERTANIAN DAN BIOSISTEM,PERTANIAN,S1,BAIK,996,0,Ekonomi & Bisnis
-,-,banpt-3884,-,-,PETERNAKAN,PETERNAKAN,S1,BAIK,996,0,Ekonomi & Bisnis
-,-,banpt-2418,-,-,AKUNTANSI,AKUNTANSI,S1,BAIK,1098,0,Ekonomi & Bisnis
-,-,banpt-2418,-,-,DESAIN KOMUNIKASI VISUAL,DESAIN KOMUNIKASI VISUAL,S1,BAIK,1098,0,Ekonomi & Bisnis
-,-,banpt-2418,-,-,PENDIDIKAN GURU SEKOLAH DASAR,GURU SEKOLAH DASAR,S1,UNGGUL,1098,0,Ekonomi & Bisnis
-,-,banpt-2418,-,-,TEKNIK INDUSTRI,INDUSTRI,S1,BAIK,1098,0,Ekonomi & Bisnis
-,-,banpt-2418,-,-,TEKNIK INFORMATIKA,INFORMATIKA,S1,BAIK,1098,0,Ekonomi & Bisnis
-,-,banpt-2418,-,-,TEKNIK KIMIA,KIMIA,S1,BAIK,1098,0,Ekonomi & Bisnis
-,-,banpt-2418,-,-,TEKNIK LINGKUNGAN,LINGKUNGAN,S1,BAIK,1098,0,Ekonomi & Bisnis
-,-,banpt-2418,-,-,MANAJEMEN,MANAJEMEN,S1,BAIK,1098,0,Ekonomi & Bisnis
-,-,banpt-2418,-,-,SISTEM INFORMASI,SISTEM INFORMASI,S1,BAIK,1098,0,Ekonomi & Bisnis
-,-,banpt-2453,-,-,AGROBISNIS,AGROBISNIS,S1,BAIK,1298,0,Ekonomi & Bisnis
-,-,banpt-2453,-,-,MANAJEMEN SUMBER DAYA PERAIRAN,BUDIDAYA PERAIRAN,S1,BAIK,1298,0,Ekonomi & Bisnis
-,-,banpt-2453,-,-,PENDIDIKAN GURU SEKOLAH DASAR,GURU SEKOLAH DASAR,S1,BAIK,1298,0,Ekonomi & Bisnis
-,-,banpt-2453,-,-,ILMU HUKUM,HUKUM,S1,BAIK,1298,0,Ekonomi & Bisnis
-,-,banpt-2453,-,-,TEKNIK INFORMATIKA,INFORMATIKA,S1,BAIK,1298,0,Ekonomi & Bisnis
-,-,banpt-2453,-,-,TEKNIK LINGKUNGAN,LINGKUNGAN,S1,BAIK,1298,0,Ekonomi & Bisnis
-,-,banpt-2453,-,-,SISTEM INFORMASI,SISTEM INFORMASI,S1,BAIK,1298,0,Ekonomi & Bisnis
-,-,banpt-2629,-,-,AGRIBISNIS,AGRIBISNIS,S1,BAIK,1325,0,Ekonomi & Bisnis
-,-,banpt-2629,-,-,ILMU GIZI,GIZI,S1,BAIK SEKALI,1325,0,Ekonomi & Bisnis
-,-,banpt-2629,-,-,PENDIDIKAN GURU SEKOLAH DASAR,GURU SEKOLAH DASAR,S1,BAIK SEKALI,1325,0,Ekonomi & Bisnis
-,-,banpt-2629,-,-,TEKNIK INFORMATIKA,INFORMATIKA,S1,BAIK,1325,0,Ekonomi & Bisnis
-,-,banpt-2629,-,-,ILMU KOMPUTER,KOMPUTER,S1,BAIK,1325,0,Ekonomi & Bisnis
-,-,banpt-2629,-,-,MANAJEMEN,MANAJEMEN,S1,BAIK,1325,0,Ekonomi & Bisnis
-,-,banpt-2629,-,-,BUDIDAYA PERTANIAN,PERTANIAN,S1,BAIK,1325,0,Ekonomi & Bisnis
-,-,banpt-2629,-,-,ILMU DAN TEKNOLOGI PANGAN,TEKNOLOGI PANGAN,S1,BAIK,1325,0,Ekonomi & Bisnis
-,-,banpt-469,-,-,BIMBINGAN KONSELING,BIMBINGAN KONSELING,S1,BAIK SEKALI,772,0,Ekonomi & Bisnis
-,-,banpt-469,-,-,FARMASI,FARMASI,S1,BAIK SEKALI,772,0,Ekonomi & Bisnis
-,-,banpt-469,-,-,TEKNIK INFORMATIKA,INFORMATIKA,S1,BAIK SEKALI,772,0,Ekonomi & Bisnis
-,-,banpt-469,-,-,PENDIDIKAN JASMANI,JASMANI,S1,BAIK SEKALI,772,0,Ekonomi & Bisnis
-,-,banpt-469,-,-,PENDIDIKAN MATEMATIKA,MATEMATIKA,S1,BAIK SEKALI,772,0,Ekonomi & Bisnis
-,-,banpt-469,-,-,TEKNIK MESIN,MESIN,S1,BAIK SEKALI,772,0,Ekonomi & Bisnis
-,-,banpt-469,-,-,SISTEM INFORMASI,SISTEM INFORMASI,S1,BAIK,772,0,Ekonomi & Bisnis
-,-,banpt-469,-,-,SISTEM KOMPUTER,SISTEM KOMPUTER,S1,BAIK,772,0,Ekonomi & Bisnis
-,-,banpt-469,-,-,STATISTIK,STATISTIK,S1,BAIK SEKALI,772,0,Ekonomi & Bisnis
-,-,banpt-2188,-,-,AKUNTANSI,AKUNTANSI,S1,UNGGUL,95,0,Ekonomi & Bisnis
-,-,banpt-2188,-,-,BISNIS DIGITAL,BISNIS DIGITAL,S1,BAIK,95,0,Ekonomi & Bisnis
-,-,banpt-2188,-,-,GIZI,GIZI,S1,UNGGUL,95,0,Ekonomi & Bisnis
-,-,banpt-2188,-,-,PENDIDIKAN GURU PENDIDIKAN ANAK USIA DINI,GURU ANAK USIA DINI,S1,UNGGUL,95,0,Ekonomi & Bisnis
-,-,banpt-2188,-,-,PENDIDIKAN GURU SEKOLAH DASAR,GURU SEKOLAH DASAR,S1,UNGGUL,95,0,Ekonomi & Bisnis
-,-,banpt-2188,-,-,KEBIDANAN,KEBIDANAN,S1,UNGGUL,95,0,Ekonomi & Bisnis
-,-,banpt-2188,-,-,KEDOKTERAN,KEDOKTERAN,S1,UNGGUL,95,0,Ekonomi & Bisnis
-,-,banpt-2188,-,-,KEPERAWATAN,KEPERAWATAN,S1,UNGGUL,95,0,Ekonomi & Bisnis
-,-,banpt-2188,-,-,KESEHATAN MASYARAKAT,KESEHATAN MASYARAKAT,S1,UNGGUL,95,0,Ekonomi & Bisnis
-,-,banpt-2188,-,-,MANAJEMEN,MANAJEMEN,S1,BAIK SEKALI,95,0,Ekonomi & Bisnis
-,-,banpt-2188,-,-,SISTEM INFORMASI,SISTEM INFORMASI,S1,BAIK SEKALI,95,0,Ekonomi & Bisnis
-,-,banpt-3139,-,-,HUKUM KELUARGA,HUKUM,S1,BAIK SEKALI,962,0,Ekonomi & Bisnis
-,-,banpt-3139,-,-,TEKNIK INDUSTRI,INDUSTRI,S1,BAIK,962,0,Ekonomi & Bisnis
-,-,banpt-3139,-,-,MANAJEMEN,MANAJEMEN,S1,BAIK SEKALI,962,0,Ekonomi & Bisnis
-,-,banpt-3139,-,-,TEKNIK MESIN,MESIN,S1,BAIK,962,0,Ekonomi & Bisnis
-,-,banpt-2609,-,-,AGRIBISNIS,AGRIBISNIS,S1,BAIK,543,0,Ekonomi & Bisnis
-,-,banpt-2609,-,-,AKUNTANSI,AKUNTANSI,S1,BAIK SEKALI,543,0,Ekonomi & Bisnis
-,-,banpt-2609,-,-,TEKNIK ELEKTRO,ELEKTRO,S1,BAIK,543,0,Ekonomi & Bisnis
-,-,banpt-2609,-,-,FARMASI,FARMASI,S1,BAIK SEKALI,543,0,Ekonomi & Bisnis
-,-,banpt-2609,-,-,PENDIDIKAN GURU SEKOLAH DASAR,GURU SEKOLAH DASAR,S1,BAIK SEKALI,543,0,Ekonomi & Bisnis
-,-,banpt-2609,-,-,INFORMATIKA,INFORMATIKA,S1,BAIK SEKALI,543,0,Ekonomi & Bisnis
-,-,banpt-2609,-,-,TEKNIK KOMPUTER,KOMPUTER,S1,BAIK SEKALI,543,0,Ekonomi & Bisnis
-,-,banpt-2609,-,-,MANAJEMEN,MANAJEMEN,S1,BAIK,543,0,Ekonomi & Bisnis
-,-,banpt-2609,-,-,TEKNOLOGI HASIL PERTANIAN,PERTANIAN,S1,BAIK,543,0,Ekonomi & Bisnis
-,-,banpt-2282,-,-,ILMU ADMINISTRASI NEGARA,ADMINISTRASI NEGARA,S1,BAIK,798,0,Ekonomi & Bisnis
-,-,banpt-2282,-,-,ILMU ADMINISTRASI NIAGA,ADMINISTRASI NIAGA,S1,BAIK,798,0,Ekonomi & Bisnis
-,-,banpt-2282,-,-,AGROTEKNOLOGI,AGROTEKNOLOGI,S1,BAIK SEKALI,798,0,Ekonomi & Bisnis
-,-,banpt-2282,-,-,PENDIDIKAN BIOLOGI,BIOLOGI,S1,BAIK,798,0,Ekonomi & Bisnis
-,-,banpt-2282,-,-,PENDIDIKAN EKONOMI,EKONOMI,S1,UNGGUL,798,0,Ekonomi & Bisnis
-,-,banpt-2282,-,-,ILMU HUKUM,HUKUM,S1,BAIK,798,0,Ekonomi & Bisnis
-,-,banpt-2282,-,-,KEBIDANAN,KEBIDANAN,S1,BAIK,798,0,Ekonomi & Bisnis
-,-,banpt-2282,-,-,PENDIDIKAN MATEMATIKA,MATEMATIKA,S1,BAIK SEKALI,798,0,Ekonomi & Bisnis
-,-,banpt-2282,-,-,TEKNOLOGI HASIL PERTANIAN,PERTANIAN,S1,BAIK,798,0,Ekonomi & Bisnis
-,-,banpt-2282,-,-,PETERNAKAN,PETERNAKAN,S1,BAIK,798,0,Ekonomi & Bisnis
-,-,banpt-2282,-,-,SASTRA ARAB,SASTRA ARAB,S1,BAIK,798,0,Ekonomi & Bisnis
-,-,banpt-2282,-,-,SASTRA INDONESIA,SASTRA INDONESIA,S1,BAIK,798,0,Ekonomi & Bisnis
-,-,banpt-2282,-,-,SASTRA INGGRIS,SASTRA INGGRIS,S1,BAIK,798,0,Ekonomi & Bisnis
-,-,banpt-2074,-,-,AGRIBISNIS,AGRIBISNIS,S1,BAIK,1400,0,Ekonomi & Bisnis
-,-,banpt-2074,-,-,EKONOMI PEMBANGUNAN,EKONOMI PEMBANGUNAN,S1,BAIK,1400,0,Ekonomi & Bisnis
-,-,banpt-2074,-,-,TEKNIK ELEKTRO,ELEKTRO,S1,TIDAK TERAKREDITASI,1400,0,Ekonomi & Bisnis
-,-,banpt-2074,-,-,PENDIDIKAN GURU SEKOLAH DASAR,GURU SEKOLAH DASAR,S1,BAIK,1400,0,Ekonomi & Bisnis
-,-,banpt-2074,-,-,TEKNIK INFORMATIKA,INFORMATIKA,S1,BAIK,1400,0,Ekonomi & Bisnis
-,-,banpt-2074,-,-,KEWIRAUSAHAAN,KEWIRAUSAHAAN,S1,BAIK,1400,0,Ekonomi & Bisnis
-,-,banpt-2074,-,-,MANAJEMEN,MANAJEMEN,S1,BAIK,1400,0,Ekonomi & Bisnis
-,-,banpt-2074,-,-,TEKNIK MESIN,MESIN,S1,BAIK,1400,0,Ekonomi & Bisnis
-,-,banpt-2074,-,-,ILMU PEMERINTAHAN,PEMERINTAHAN,S1,BAIK,1400,0,Ekonomi & Bisnis
-,-,banpt-2074,-,-,TEKNIK SIPIL,SIPIL,S1,BAIK,1400,0,Ekonomi & Bisnis
-,rencanamu-227,banpt-3318,-,-,AKUNTANSI,AKUNTANSI,S1,B,435,0,Ekonomi & Bisnis
-,-,banpt-3318,-,-,PENDIDIKAN GURU PENDIDIKAN ANAK USIA DINI,GURU ANAK USIA DINI,S1,B,435,0,Ekonomi & Bisnis
-,rencanamu-227,-,-,-,PENDIDIKAN GURU PAUD,GURU PAUD,S1,C,435,0,Ekonomi & Bisnis
-,rencanamu-227,banpt-3318,-,-,ILMU HUKUM,HUKUM,S1,B,435,0,Ekonomi & Bisnis
-,-,banpt-3318,-,-,TEKNIK INFORMATIKA,INFORMATIKA,S1,BAIK,435,0,Ekonomi & Bisnis
-,rencanamu-227,banpt-3318,-,-,MANAJEMEN,MANAJEMEN,S1,B,435,0,Ekonomi & Bisnis
-,rencanamu-227,banpt-3318,-,-,TEKNIK SIPIL,SIPIL,S1,B,435,0,Ekonomi & Bisnis
-,rencanamu-227,banpt-3318,-,-,SISTEM INFORMASI,SISTEM INFORMASI,S1,B,435,0,Ekonomi & Bisnis
-,rencanamu-227,banpt-3318,-,-,SISTEM KOMPUTER,SISTEM KOMPUTER,S1,B,435,0,Ekonomi & Bisnis
quipper-75,-,-,-,FAKULTAS TEKNIK DAN SAINS,ILMU TEKNIK,,S1,-,199,0,Ekonomi & Bisnis
-,rencanamu-228,-,-,-,ADMINISTRASI,ADMINISTRASI,S1,A,199,0,Ekonomi & Bisnis
quipper-75,rencanamu-228,-,-,FAKULTAS ILMU SOSIAL ILMU POLITIK,ADMINISTRASI NEGARA,ADMINISTRASI NEGARA,S1,A,199,0,Ekonomi & Bisnis
-,-,banpt-2377,-,-,ADMINISTRASI PUBLIK,ADMINISTRASI PUBLIK,S1,A,199,0,Ekonomi & Bisnis
quipper-75,rencanamu-228,banpt-2377,-,FAKULTAS PERTANIAN,AGROTEKNOLOGI,AGROTEKNOLOGI,S1,B,199,0,Ekonomi & Bisnis
quipper-75,rencanamu-228,banpt-2377,-,FAKULTAS EKONOMI DAN BISNIS,AKUNTANSI,AKUNTANSI,S1,B,199,2,Pendidikan & Keguruan
quipper-75,rencanamu-228,banpt-2377,-,FAKULTAS BIOLOGI,BIOLOGI,BIOLOGI,S1,B,199,0,Ekonomi & Bisnis
-,-,banpt-2377,-,-,BISNIS DIGITAL,BISNIS DIGITAL,S1,BAIK SEKALI,199,0,Ekonomi & Bisnis
quipper-75,rencanamu-228,banpt-2377,-,FAKULTAS TEKNIK DAN SAINS,TEKNIK ELEKTRO,ELEKTRO,S1,B,199,0,Ekonomi & Bisnis
quipper-75,rencanamu-228,banpt-2377,-,FAKULTAS TEKNIK DAN SAINS,FISIKA,FISIKA,S1,B,199,0,Ekonomi & Bisnis
quipper-75,rencanamu-228,banpt-2377,-,FAKULTAS ILMU SOSIAL ILMU POLITIK,HUBUNGAN INTERNASIONAL,HUBUNGAN INTERNASIONAL,S1,B,199,0,Ekonomi & Bisnis
quipper-75,rencanamu-228,banpt-2377,-,FAKULTAS HUKUM,ILMU HUKUM,HUKUM,S1,B,199,3,Hukum
quipper-75,rencanamu-228,banpt-2377,-,FAKULTAS ILMU SOSIAL ILMU POLITIK,ILMU KOMUNIKASI,ILMU KOMUNIKASI,S1,A,199,0,Ekonomi & Bisnis
quipper-75,rencanamu-228,banpt-2377,-,FAKULTAS TEKNOLOGI KOMUNIKASI DAN INFORMATIKA,TEKNIK INFORMATIKA,INFORMATIKA,S1,B,199,1,Teknik & Rekayasa
quipper-75,-,banpt-2377,-,FAKULTAS ILMU KESEHATAN,KEBIDANAN,KEBIDANAN,S1,BAIK SEKALI,199,0,Ekonomi & Bisnis
quipper-75,rencanamu-228,banpt-2377,-,FAKULTAS ILMU KESEHATAN,ILMU KEPERAWATAN,KEPERAWATAN,S1,B,199,0,Ekonomi & Bisnis
quipper-75,rencanamu-228,banpt-2377,-,FAKULTAS EKONOMI DAN BISNIS,MANAJEMEN,MANAJEMEN,S1,B,199,0,Ekonomi & Bisnis
quipper-75,rencanamu-228,banpt-2377,-,FAKULTAS TEKNIK DAN SAINS,TEKNIK MESIN,MESIN,S1,B,199,0,Ekonomi & Bisnis
quipper-75,rencanamu-228,banpt-2377,-,FAKULTAS EKONOMI DAN BISNIS,PARIWISATA,PARIWISATA,S1,B,199,0,Ekonomi & Bisnis
quipper-75,-,-,-,FAKULTAS EKONOMI DAN BISNIS,PERHOTELAN,PERHOTELAN,S1,-,199,0,Ekonomi & Bisnis
quipper-75,rencanamu-228,banpt-2377,-,FAKULTAS ILMU SOSIAL ILMU POLITIK,ILMU POLITIK,POLITIK,S1,A,199,0,Ekonomi & Bisnis
quipper-75,rencanamu-228,banpt-2377,-,FAKULTAS BAHASA DAN SASTRA,SASTRA INDONESIA,SASTRA INDONESIA,S1,B,199,0,Ekonomi & Bisnis
quipper-75,rencanamu-228,banpt-2377,-,FAKULTAS BAHASA DAN SASTRA,SASTRA INGGRIS,SASTRA INGGRIS,S1,B,199,0,Ekonomi & Bisnis
-,rencanamu-228,banpt-2377,-,-,SASTRA JEPANG,SASTRA JEPANG,S1,B,199,0,Ekonomi & Bisnis
quipper-75,rencanamu-228,banpt-2377,-,FAKULTAS TEKNOLOGI KOMUNIKASI DAN INFORMATIKA,SISTEM INFORMASI,SISTEM INFORMASI,S1,B,199,4,Teknologi Industri
quipper-75,rencanamu-228,banpt-2377,-,FAKULTAS ILMU SOSIAL ILMU POLITIK,SOSIOLOGI,SOSIOLOGI,S1,A,199,0,Ekonomi & Bisnis
-,-,banpt-2302,-,-,AKUNTANSI,AKUNTANSI,S1,BAIK,699,0,Ekonomi & Bisnis
-,-,banpt-2302,-,-,MANAJEMEN INFORMASI KESEHATAN,INFORMATIKA KESEHATAN,S1,C,699,0,Ekonomi & Bisnis
-,-,banpt-2302,-,-,MANAJEMEN,MANAJEMEN,S1,BAIK,699,0,Ekonomi & Bisnis
-,-,banpt-2302,-,-,PSIKOLOGI,PSIKOLOGI,S1,BAIK,699,0,Ekonomi & Bisnis
-,-,banpt-2302,-,-,SISTEM INFORMASI,SISTEM INFORMASI,S1,BAIK,699,0,Ekonomi & Bisnis
-,-,banpt-2302,-,-,TEKNOLOGI PANGAN,TEKNOLOGI PANGAN,S1,BAIK,699,0,Ekonomi & Bisnis
-,-,banpt-951,-,-,AKUNTANSI,AKUNTANSI,S1,BAIK,20,0,Ekonomi & Bisnis
-,-,banpt-951,-,-,TEKNIK INDUSTRI,INDUSTRI,S1,BAIK,20,0,Ekonomi & Bisnis
-,-,banpt-951,-,-,TEKNIK INFORMATIKA,INFORMATIKA,S1,BAIK SEKALI,20,0,Ekonomi & Bisnis
-,-,banpt-951,-,-,PSIKOLOGI,PSIKOLOGI,S1,BAIK,20,0,Ekonomi & Bisnis
-,-,banpt-951,-,-,SASTRA JEPANG,SASTRA JEPANG,S1,BAIK,20,0,Ekonomi & Bisnis
-,-,banpt-1297,-,-,AGRIBISNIS,AGRIBISNIS,S1,BAIK,395,0,Ekonomi & Bisnis
-,-,banpt-1297,-,-,BISNIS DIGITAL,BISNIS DIGITAL,S1,BAIK,395,0,Ekonomi & Bisnis
-,-,banpt-1297,-,-,KEPERAWATAN,KEPERAWATAN,S1,BAIK SEKALI,395,0,Ekonomi & Bisnis
-,-,banpt-1297,-,-,KEWIRAUSAHAAN,KEWIRAUSAHAAN,S1,BAIK,395,0,Ekonomi & Bisnis
-,-,banpt-1606,-,-,BIMBINGAN DAN KONSELING,BIMBINGAN KONSELING,S1,BAIK SEKALI,1011,0,Ekonomi & Bisnis
-,-,banpt-1606,-,-,PENDIDIKAN BIOLOGI,BIOLOGI,S1,BAIK SEKALI,1011,0,Ekonomi & Bisnis
-,-,banpt-1606,-,-,PENDIDIKAN EKONOMI,EKONOMI,S1,BAIK SEKALI,1011,0,Ekonomi & Bisnis
-,-,banpt-1606,-,-,PENDIDIKAN FISIKA,FISIKA,S1,BAIK,1011,0,Ekonomi & Bisnis
-,-,banpt-1606,-,-,PENDIDIKAN GURU PENDIDIKAN ANAK USIA DINI,GURU ANAK USIA DINI,S1,BAIK,1011,0,Ekonomi & Bisnis
-,-,banpt-1606,-,-,PENDIDIKAN GURU SEKOLAH DASAR,GURU SEKOLAH DASAR,S1,BAIK,1011,0,Ekonomi & Bisnis
-,-,banpt-1606,-,-,INFORMATIKA,INFORMATIKA,S1,BAIK,1011,0,Ekonomi & Bisnis
-,-,banpt-1606,-,-,PENDIDIKAN KIMIA,KIMIA,S1,BAIK,1011,0,Ekonomi & Bisnis
-,-,banpt-1606,-,-,TEKNIK LINGKUNGAN,LINGKUNGAN,S1,BAIK,1011,0,Ekonomi & Bisnis
-,-,banpt-1606,-,-,PENDIDIKAN MATEMATIKA,MATEMATIKA,S1,BAIK SEKALI,1011,0,Ekonomi & Bisnis
-,-,banpt-1606,-,-,TEKNIK SIPIL,SIPIL,S1,BAIK,1011,0,Ekonomi & Bisnis
-,-,banpt-1606,-,-,PENDIDIKAN SOSIOLOGI,SOSIOLOGI,S1,B,1011,0,Ekonomi & Bisnis
-,-,banpt-2487,-,-,BISNIS DIGITAL,BISNIS DIGITAL,S1,BAIK SEKALI,149,0,Ekonomi & Bisnis
-,-,banpt-2487,-,-,FARMASI,FARMASI,S1,BAIK SEKALI,149,0,Ekonomi & Bisnis
-,-,banpt-2487,-,-,GIZI,GIZI,S1,BAIK SEKALI,149,0,Ekonomi & Bisnis
-,-,banpt-2487,-,-,PENDIDIKAN GURU PENDIDIKAN ANAK USIA DINI,GURU ANAK USIA DINI,S1,BAIK SEKALI,149,0,Ekonomi & Bisnis
-,-,banpt-2487,-,-,PENDIDIKAN GURU SEKOLAH DASAR,GURU SEKOLAH DASAR,S1,BAIK SEKALI,149,0,Ekonomi & Bisnis
-,-,banpt-2487,-,-,ILMU HUKUM,HUKUM,S1,BAIK SEKALI,149,0,Ekonomi & Bisnis
-,-,banpt-2487,-,-,TEKNIK INFORMATIKA,INFORMATIKA,S1,BAIK SEKALI,149,0,Ekonomi & Bisnis
-,-,banpt-2487,-,-,KEBIDANAN,KEBIDANAN,S1,BAIK SEKALI,149,0,Ekonomi & Bisnis
-,-,banpt-2487,-,-,KEPERAWATAN,KEPERAWATAN,S1,UNGGUL,149,0,Ekonomi & Bisnis
-,-,banpt-2487,-,-,KESEHATAN MASYARAKAT,KESEHATAN MASYARAKAT,S1,UNGGUL,149,0,Ekonomi & Bisnis
-,-,banpt-2487,-,-,ILMU KEOLAHRAGAAN,OLAHRAGA,S1,BAIK,149,0,Ekonomi & Bisnis
-,-,banpt-2487,-,-,SASTRA INGGRIS,SASTRA INGGRIS,S1,BAIK,149,0,Ekonomi & Bisnis
-,-,banpt-2487,-,-,SASTRA JEPANG,SASTRA JEPANG,S1,BAIK,149,0,Ekonomi & Bisnis
quipper-463,-,-,-,FAKULTAS ILMU SOSIAL DAN ILMU POLITIK,ILMU ADMINISTRASI,ADMINISTRASI,S1,-,957,0,Ekonomi & Bisnis
-,-,banpt-2914,-,-,ILMU ADMINISTRASI NEGARA,ADMINISTRASI NEGARA,S1,B,957,0,Ekonomi & Bisnis
-,-,banpt-2914,-,-,ADMINISTRASI PUBLIK,ADMINISTRASI PUBLIK,S1,B,957,0,Ekonomi & Bisnis
quipper-463,-,banpt-2914,-,FAKULTAS TEKNIK,ARSITEKTUR,ARSITEKTUR,S1,BAIK SEKALI,957,1,Teknik & Rekayasa
quipper-463,-,banpt-2914,-,FAKULTAS HUKUM,ILMU HUKUM,HUKUM,S1,UNGGUL,957,3,Hukum
quipper-463,-,banpt-2914,-,FAKULTAS EKONOMI,MANAJEMEN,MANAJEMEN,S1,BAIK SEKALI,957,0,Ekonomi & Bisnis
quipper-463,-,banpt-2914,-,FAKULTAS TEKNIK,TEKNIK SIPIL,SIPIL,S1,UNGGUL,957,1,Teknik & Rekayasa
-,-,banpt-217,-,-,AGROTEKNOLOGI,AGROTEKNOLOGI,S1,BAIK,1348,0,Ekonomi & Bisnis
-,-,banpt-217,-,-,BIMBINGAN DAN KONSELING,BIMBINGAN KONSELING,S1,BAIK SEKALI,1348,0,Ekonomi & Bisnis
-,-,banpt-217,-,-,PENDIDIKAN BIOLOGI,BIOLOGI,S1,B,1348,0,Ekonomi & Bisnis
-,-,banpt-217,-,-,PENDIDIKAN EKONOMI,EKONOMI,S1,B,1348,0,Ekonomi & Bisnis
-,-,banpt-217,-,-,PENDIDIKAN GURU SEKOLAH DASAR,GURU SEKOLAH DASAR,S1,BAIK,1348,0,Ekonomi & Bisnis
-,-,banpt-217,-,-,SUMBER DAYA AKUATIK,KELAUTAN,S1,BAIK,1348,0,Ekonomi & Bisnis
-,-,banpt-217,-,-,MANAJEMEN,MANAJEMEN,S1,BAIK SEKALI,1348,0,Ekonomi & Bisnis
-,-,banpt-217,-,-,PENDIDIKAN MATEMATIKA,MATEMATIKA,S1,BAIK SEKALI,1348,0,Ekonomi & Bisnis
-,-,banpt-217,-,-,PENDIDIKAN PANCASILA DAN KEWARGANEGARAAN,PANCASILA KEWARGANEGARAAN,S1,B,1348,0,Ekonomi & Bisnis
-,-,banpt-217,-,-,TEKNIK SIPIL,SIPIL,S1,BAIK,1348,0,Ekonomi & Bisnis
-,-,banpt-217,-,-,TEKNOLOGI INFORMASI,TEKNOLOGI INFORMASI,S1,BAIK,1348,0,Ekonomi & Bisnis
-,-,banpt-1987,-,-,AGROTEKNOLOGI,AGROTEKNOLOGI,S1,BAIK,1509,0,Ekonomi & Bisnis
-,-,banpt-1987,-,-,BIMBINGAN KONSELING,BIMBINGAN KONSELING,S1,BAIK,1509,0,Ekonomi & Bisnis
-,-,banpt-1987,-,-,PENDIDIKAN BIOLOGI,BIOLOGI,S1,B,1509,0,Ekonomi & Bisnis
-,-,banpt-1987,-,-,ILMU HUKUM,HUKUM,S1,BAIK,1509,0,Ekonomi & Bisnis
-,-,banpt-1987,-,-,ILMU KOMPUTER,KOMPUTER,S1,BAIK,1509,0,Ekonomi & Bisnis
-,-,banpt-1987,-,-,MANAJEMEN,MANAJEMEN,S1,BAIK SEKALI,1509,0,Ekonomi & Bisnis
-,-,banpt-1987,-,-,PENDIDIKAN MATEMATIKA,MATEMATIKA,S1,B,1509,0,Ekonomi & Bisnis
-,-,banpt-1987,-,-,PENDIDIKAN PANCASILA DAN KEWARGANEGARAAN,PANCASILA KEWARGANEGARAAN,S1,B,1509,0,Ekonomi & Bisnis
-,-,banpt-1987,-,-,SISTEM INFORMASI,SISTEM INFORMASI,S1,BAIK,1509,0,Ekonomi & Bisnis
-,-,banpt-40,-,-,ADMINISTRASI KESEHATAN,ADMINISTRASI KESEHATAN,S1,BAIK SEKALI,509,0,Ekonomi & Bisnis
-,-,banpt-40,-,-,BISNIS DIGITAL,BISNIS DIGITAL,S1,BAIK,509,0,Ekonomi & Bisnis
-,-,banpt-40,-,-,FARMASI KLINIK DAN KOMUNITAS,FARMASI,S1,BAIK,509,0,Ekonomi & Bisnis
-,-,banpt-40,-,-,KEBIDANAN,KEBIDANAN,S1,BAIK SEKALI,509,0,Ekonomi & Bisnis
-,-,banpt-40,-,-,ILMU KEPERAWATAN,KEPERAWATAN,S1,UNGGUL,509,0,Ekonomi & Bisnis
-,-,banpt-40,-,-,KEWIRAUSAHAAN,KEWIRAUSAHAAN,S1,BAIK,509,0,Ekonomi & Bisnis
-,-,banpt-3069,-,-,ILMU ADMINISTRASI NEGARA,ADMINISTRASI NEGARA,S1,BAIK,1506,0,Ekonomi & Bisnis
-,-,banpt-3069,-,-,AGRIBISNIS,AGRIBISNIS,S1,BAIK,1506,0,Ekonomi & Bisnis
-,-,banpt-3069,-,-,AKUNTANSI,AKUNTANSI,S1,BAIK SEKALI,1506,0,Ekonomi & Bisnis
-,-,banpt-3069,-,-,ILMU HUKUM,HUKUM,S1,BAIK,1506,0,Ekonomi & Bisnis
-,-,banpt-3069,-,-,ILMU KOMUNIKASI,ILMU KOMUNIKASI,S1,BAIK,1506,0,Ekonomi & Bisnis
-,-,banpt-3069,-,-,MANAJEMEN HUTAN,KEHUTANAN,S1,BAIK,1506,0,Ekonomi & Bisnis
-,-,banpt-3069,-,-,ILMU KELAUTAN,KELAUTAN,S1,B,1506,0,Ekonomi & Bisnis
-,-,banpt-3069,-,-,MANAJEMEN,MANAJEMEN,S1,BAIK SEKALI,1506,0,Ekonomi & Bisnis
-,-,banpt-3069,-,-,TEKNIK SIPIL,SIPIL,S1,BAIK,1506,0,Ekonomi & Bisnis
-,-,banpt-2825,-,-,ILMU KOMUNIKASI,ILMU KOMUNIKASI,S1,B,648,0,Ekonomi & Bisnis
-,-,banpt-2825,-,-,TEKNIK INFORMATIKA,INFORMATIKA,S1,BAIK SEKALI,648,0,Ekonomi & Bisnis
-,-,banpt-2825,-,-,ILMU PEMERINTAHAN,PEMERINTAHAN,S1,B,648,0,Ekonomi & Bisnis
-,-,banpt-2825,-,-,SISTEM INFORMASI,SISTEM INFORMASI,S1,BAIK SEKALI,648,0,Ekonomi & Bisnis
-,-,banpt-2825,-,-,TEKNOLOGI INFORMASI,TEKNOLOGI INFORMASI,S1,BAIK SEKALI,648,0,Ekonomi & Bisnis
-,-,banpt-1599,-,-,INFORMATIKA MEDIS,INFORMATIKA MEDIS,S1,BAIK,1364,0,Ekonomi & Bisnis
-,-,banpt-1599,-,-,ILMU KEPERAWATAN,KEPERAWATAN,S1,BAIK SEKALI,1364,0,Ekonomi & Bisnis
-,-,banpt-1599,-,-,KESEHATAN MASYARAKAT,KESEHATAN MASYARAKAT,S1,BAIK,1364,0,Ekonomi & Bisnis
-,-,banpt-1599,-,-,KEWIRAUSAHAAN,KEWIRAUSAHAAN,S1,BAIK,1364,0,Ekonomi & Bisnis
-,-,banpt-1599,-,-,SISTEM INFORMASI,SISTEM INFORMASI,S1,BAIK,1364,0,Ekonomi & Bisnis
-,-,banpt-1599,-,-,PENDIDIKAN TEKNOLOGI INFORMASI,TEKNOLOGI INFORMASI,S1,BAIK,1364,0,Ekonomi & Bisnis
-,-,banpt-3228,-,-,PENDIDIKAN EKONOMI,EKONOMI,S1,B,911,0,Ekonomi & Bisnis
-,-,banpt-3228,-,-,PENDIDIKAN FISIKA,FISIKA,S1,B,911,0,Ekonomi & Bisnis
-,-,banpt-3228,-,-,INFORMATIKA,INFORMATIKA,S1,BAIK,911,0,Ekonomi & Bisnis
-,-,banpt-3228,-,-,MATEMATIKA,MATEMATIKA,S1,BAIK,911,0,Ekonomi & Bisnis
-,-,banpt-3228,-,-,SAINS PERTANIAN,PERTANIAN,S1,BAIK,911,0,Ekonomi & Bisnis
-,-,banpt-3228,-,-,PENDIDIKAN TEKNOLOGI INFORMASI,TEKNOLOGI INFORMASI,S1,BAIK,911,0,Ekonomi & Bisnis
-,-,banpt-335,-,-,EKONOMI,EKONOMI,S1,BAIK,1533,0,Ekonomi & Bisnis
-,-,banpt-335,-,-,TEKNIK ELEKTRO,ELEKTRO,S1,BAIK SEKALI,1533,0,Ekonomi & Bisnis
-,-,banpt-335,-,-,HUKUM,HUKUM,S1,BAIK,1533,0,Ekonomi & Bisnis
-,-,banpt-335,-,-,TEKNIK INFORMATIKA,INFORMATIKA,S1,BAIK SEKALI,1533,0,Ekonomi & Bisnis
-,-,banpt-335,-,-,ILMU KEPERAWATAN,KEPERAWATAN,S1,BAIK SEKALI,1533,0,Ekonomi & Bisnis
-,-,banpt-335,-,-,PENDIDIKAN MATEMATIKA,MATEMATIKA,S1,BAIK,1533,0,Ekonomi & Bisnis
-,-,banpt-335,-,-,REKAYASA PERANGKAT LUNAK,REKAYASA PERANGKAT LUNAK,S1,BAIK,1533,0,Ekonomi & Bisnis
-,-,banpt-335,-,-,SISTEM INFORMASI,SISTEM INFORMASI,S1,BAIK,1533,0,Ekonomi & Bisnis
-,-,banpt-335,-,-,TEKNOLOGI INFORMASI,TEKNOLOGI INFORMASI,S1,BAIK,1533,0,Ekonomi & Bisnis
-,-,banpt-2970,-,-,AGRIBISNIS,AGRIBISNIS,S1,B,858,0,Ekonomi & Bisnis
-,-,banpt-2970,-,-,AGROTEKNOLOGI,AGROTEKNOLOGI,S1,B,858,0,Ekonomi & Bisnis
-,-,banpt-2970,-,-,AKUNTANSI,AKUNTANSI,S1,BAIK SEKALI,858,0,Ekonomi & Bisnis
-,-,banpt-2970,-,-,BIOLOGI,BIOLOGI,S1,BAIK,858,0,Ekonomi & Bisnis
-,-,banpt-2970,-,-,KEHUTANAN,KEHUTANAN,S1,B,858,0,Ekonomi & Bisnis
-,-,banpt-2970,-,-,KIMIA,KIMIA,S1,BAIK SEKALI,858,0,Ekonomi & Bisnis
-,-,banpt-2970,-,-,MANAJEMEN,MANAJEMEN,S1,BAIK SEKALI,858,0,Ekonomi & Bisnis
quipper-90,-,banpt-2876,-,FAKULTAS EKONOMI DAN BISNIS,BISNIS DIGITAL,BISNIS DIGITAL,S1,BAIK,237,0,Ekonomi & Bisnis
quipper-90,-,banpt-2876,-,FAKULTAS TEKNOLOGI INFORMASI,TEKNIK INFORMATIKA,INFORMATIKA,S1,UNGGUL,237,1,Teknik & Rekayasa
quipper-90,-,-,-,FAKULTAS TEKNOLOGI INFORMASI,ILMU KOMPUTER,KOMPUTER,S1,-,237,0,Ekonomi & Bisnis
quipper-90,-,banpt-2876,-,FAKULTAS EKONOMI DAN BISNIS,MANAJEMEN,MANAJEMEN,S1,BAIK,237,0,Ekonomi & Bisnis
quipper-90,-,-,-,FAKULTAS EKONOMI DAN BISNIS,PERHOTELAN,PERHOTELAN,S1,-,237,0,Ekonomi & Bisnis
-,-,banpt-2876,-,-,SAINS DATA,SAINS DATA,S1,BAIK,237,0,Ekonomi & Bisnis
quipper-90,-,banpt-2876,-,FAKULTAS TEKNOLOGI INFORMASI,SISTEM INFORMASI,SISTEM INFORMASI,S1,UNGGUL,237,4,Teknologi Industri
-,-,banpt-169,-,-,AKUNTANSI,AKUNTANSI,S1,BAIK,124,0,Ekonomi & Bisnis
-,-,banpt-169,-,-,INFORMATIKA,INFORMATIKA,S1,BAIK,124,0,Ekonomi & Bisnis
-,-,banpt-169,-,-,MANAJEMEN,MANAJEMEN,S1,BAIK SEKALI,124,0,Ekonomi & Bisnis
-,-,banpt-169,-,-,TEKNIK SIPIL,SIPIL,S1,BAIK,124,0,Ekonomi & Bisnis
-,-,banpt-169,-,-,SISTEM INFORMASI,SISTEM INFORMASI,S1,BAIK,124,0,Ekonomi & Bisnis
-,-,banpt-1028,-,-,AGRIBISNIS,AGRIBISNIS,S1,BAIK,1055,0,Ekonomi & Bisnis
-,-,banpt-1028,-,-,AGROTEKNOLOGI,AGROTEKNOLOGI,S1,BAIK,1055,0,Ekonomi & Bisnis
-,-,banpt-1028,-,-,AKUNTANSI,AKUNTANSI,S1,BAIK,1055,0,Ekonomi & Bisnis
-,-,banpt-1028,-,-,ARSITEKTUR,ARSITEKTUR,S1,BAIK,1055,0,Ekonomi & Bisnis
-,-,banpt-1028,-,-,PENDIDIKAN BIOLOGI,BIOLOGI,S1,BAIK SEKALI,1055,0,Ekonomi & Bisnis
-,-,banpt-1028,-,-,MANAJEMEN SUMBERDAYA PERAIRAN,BUDIDAYA PERAIRAN,S1,BAIK,1055,0,Ekonomi & Bisnis
-,-,banpt-1028,-,-,DESAIN KOMUNIKASI VISUAL,DESAIN KOMUNIKASI VISUAL,S1,BAIK,1055,0,Ekonomi & Bisnis
-,-,banpt-1028,-,-,PENDIDIKAN FISIKA,FISIKA,S1,BAIK SEKALI,1055,0,Ekonomi & Bisnis
-,-,banpt-1028,-,-,PENDIDIKAN GURU SEKOLAH DASAR,GURU SEKOLAH DASAR,S1,BAIK SEKALI,1055,0,Ekonomi & Bisnis
-,-,banpt-1028,-,-,HUKUM,HUKUM,S1,BAIK,1055,0,Ekonomi & Bisnis
-,-,banpt-1028,-,-,ILMU KOMUNIKASI,ILMU KOMUNIKASI,S1,B,1055,0,Ekonomi & Bisnis
-,-,banpt-1028,-,-,TEKNIK INFORMATIKA,INFORMATIKA,S1,BAIK SEKALI,1055,0,Ekonomi & Bisnis
-,-,banpt-1028,-,-,ILMU KEPERAWATAN,KEPERAWATAN,S1,BAIK SEKALI,1055,0,Ekonomi & Bisnis
-,-,banpt-1028,-,-,KEWIRAUSAHAAN,KEWIRAUSAHAAN,S1,BAIK SEKALI,1055,0,Ekonomi & Bisnis
-,-,banpt-1028,-,-,PENDIDIKAN KIMIA,KIMIA,S1,BAIK SEKALI,1055,0,Ekonomi & Bisnis
-,-,banpt-1028,-,-,MANAJEMEN,MANAJEMEN,S1,B,1055,0,Ekonomi & Bisnis
-,-,banpt-1028,-,-,PETERNAKAN,PETERNAKAN,S1,BAIK,1055,0,Ekonomi & Bisnis
-,-,banpt-1028,-,-,PSIKOLOGI,PSIKOLOGI,S1,B,1055,0,Ekonomi & Bisnis
-,-,banpt-1028,-,-,TEKNIK SIPIL,SIPIL,S1,BAIK SEKALI,1055,0,Ekonomi & Bisnis
-,-,banpt-1028,-,-,TEKNOLOGI PANGAN DAN HASIL PERTANIAN,TEKNOLOGI PANGAN,S1,BAIK,1055,0,Ekonomi & Bisnis
-,-,banpt-177,-,-,AKUNTANSI,AKUNTANSI,S1,BAIK SEKALI,854,0,Ekonomi & Bisnis
-,-,banpt-177,-,-,DESAIN KOMUNIKASI VISUAL,DESAIN KOMUNIKASI VISUAL,S1,B,854,0,Ekonomi & Bisnis
-,-,banpt-177,-,-,TEKNIK ELEKTRO,ELEKTRO,S1,BAIK,854,0,Ekonomi & Bisnis
-,-,banpt-177,-,-,PENDIDIKAN GURU SEKOLAH DASAR,GURU SEKOLAH DASAR,S1,BAIK SEKALI,854,0,Ekonomi & Bisnis
-,-,banpt-177,-,-,HUKUM,HUKUM,S1,BAIK SEKALI,854,0,Ekonomi & Bisnis
-,-,banpt-177,-,-,TEKNIK INFORMATIKA,INFORMATIKA,S1,UNGGUL,854,0,Ekonomi & Bisnis
-,-,banpt-177,-,-,MANAJEMEN,MANAJEMEN,S1,BAIK SEKALI,854,0,Ekonomi & Bisnis
-,-,banpt-177,-,-,TEKNIK MESIN,MESIN,S1,BAIK,854,0,Ekonomi & Bisnis
-,-,banpt-177,-,-,TEKNIK SIPIL,SIPIL,S1,BAIK SEKALI,854,0,Ekonomi & Bisnis
-,-,banpt-177,-,-,SISTEM INFORMASI,SISTEM INFORMASI,S1,UNGGUL,854,0,Ekonomi & Bisnis
-,-,banpt-2599,-,-,AGRIBISNIS,AGRIBISNIS,S1,BAIK,1139,0,Ekonomi & Bisnis
-,-,banpt-2599,-,-,AKUNTANSI,AKUNTANSI,S1,BAIK,1139,0,Ekonomi & Bisnis
-,-,banpt-2599,-,-,ARSITEKTUR,ARSITEKTUR,S1,BAIK,1139,0,Ekonomi & Bisnis
-,-,banpt-2599,-,-,TEKNIK INFORMATIKA,INFORMATIKA,S1,BAIK,1139,0,Ekonomi & Bisnis
-,-,banpt-2599,-,-,MANAJEMEN,MANAJEMEN,S1,BAIK,1139,0,Ekonomi & Bisnis
-,-,banpt-2599,-,-,SASTRA INGGRIS,SASTRA INGGRIS,S1,BAIK,1139,0,Ekonomi & Bisnis
quipper-279,-,banpt-3502,-,FAKULTAS EKONOMI DAN BISNIS,AKUNTANSI,AKUNTANSI,S1,BAIK SEKALI,835,2,Pendidikan & Keguruan
quipper-279,-,banpt-3502,-,FAKULTAS KEGURUAN DAN ILMU PENDIDIKAN,BIMBINGAN KONSELING,BIMBINGAN KONSELING,S1,BAIK SEKALI,835,2,Pendidikan & Keguruan
quipper-279,-,banpt-3502,-,FAKULTAS ILMU KESEHATAN DAN SAINS,PENDIDIKAN BIOLOGI,BIOLOGI,S1,B,835,0,Ekonomi & Bisnis
quipper-279,-,banpt-3502,-,FAKULTAS KEGURUAN DAN ILMU PENDIDIKAN,PENDIDIKAN EKONOMI,EKONOMI,S1,BAIK SEKALI,835,2,Pendidikan & Keguruan
quipper-279,-,-,-,FAKULTAS TEKNIK,TEKNIK ELEKTRONIKA,ELEKTRO,S1,-,835,1,Teknik & Rekayasa
quipper-279,-,banpt-3502,-,FAKULTAS KEGURUAN DAN ILMU PENDIDIKAN,PENDIDIKAN GURU PENDIDIKAN ANAK USIA DINI,GURU ANAK USIA DINI,S1,UNGGUL,835,2,Pendidikan & Keguruan
quipper-279,-,banpt-3502,-,FAKULTAS KEGURUAN DAN ILMU PENDIDIKAN,PENDIDIKAN GURU SEKOLAH DASAR,GURU SEKOLAH DASAR,S1,B,835,2,Pendidikan & Keguruan
quipper-279,-,-,-,FAKULTAS TEKNIK,TEKNIK INDUSTRI,INDUSTRI,S1,-,835,1,Teknik & Rekayasa
quipper-279,-,banpt-3502,-,FAKULTAS TEKNIK,TEKNIK INFORMATIKA,INFORMATIKA,S1,BAIK SEKALI,835,1,Teknik & Rekayasa
quipper-279,-,banpt-3502,-,FAKULTAS ILMU KESEHATAN DAN SAINS,PENDIDIKAN JASMANI KESEHATAN DAN REKREASI,JASMANI,S1,BAIK SEKALI,835,0,Ekonomi & Bisnis
quipper-279,-,banpt-3502,-,FAKULTAS EKONOMI DAN BISNIS,MANAJEMEN,MANAJEMEN,S1,BAIK SEKALI,835,0,Ekonomi & Bisnis
quipper-279,-,banpt-3502,-,FAKULTAS ILMU KESEHATAN DAN SAINS,PENDIDIKAN MATEMATIKA,MATEMATIKA,S1,BAIK SEKALI,835,0,Ekonomi & Bisnis
quipper-279,-,banpt-3502,-,FAKULTAS TEKNIK,TEKNIK MESIN,MESIN,S1,BAIK SEKALI,835,1,Teknik & Rekayasa
quipper-279,-,-,-,FAKULTAS KEGURUAN DAN ILMU PENDIDIKAN,KEGURUAN OLAHRAGA,OLAHRAGA,S1,-,835,2,Pendidikan & Keguruan
quipper-279,-,banpt-3502,-,FAKULTAS KEGURUAN DAN ILMU PENDIDIKAN,PENDIDIKAN PANCASILA DAN KEWARGANEGARAAN,PANCASILA KEWARGANEGARAAN,S1,BAIK SEKALI,835,2,Pendidikan & Keguruan
quipper-279,-,banpt-3502,-,FAKULTAS ILMU KESEHATAN DAN SAINS,PETERNAKAN,PETERNAKAN,S1,BAIK,835,0,Ekonomi & Bisnis
quipper-279,-,banpt-3502,-,FAKULTAS KEGURUAN DAN ILMU PENDIDIKAN,PENDIDIKAN SEJARAH,SEJARAH,S1,BAIK SEKALI,835,2,Pendidikan & Keguruan
quipper-279,-,banpt-3502,-,FAKULTAS TEKNIK,SISTEM INFORMASI,SISTEM INFORMASI,S1,BAIK SEKALI,835,1,Teknik & Rekayasa
-,-,banpt-997,-,-,BIOLOGI,BIOLOGI,S1,BAIK,1008,0,Ekonomi & Bisnis
-,-,banpt-997,-,-,HUKUM,HUKUM,S1,BAIK,1008,0,Ekonomi & Bisnis
-,-,banpt-997,-,-,ILMU KELAUTAN,KELAUTAN,S1,BAIK,1008,0,Ekonomi & Bisnis
-,-,banpt-997,-,-,KIMIA,KIMIA,S1,BAIK,1008,0,Ekonomi & Bisnis
-,-,banpt-997,-,-,MANAJEMEN,MANAJEMEN,S1,BAIK,1008,0,Ekonomi & Bisnis
-,-,banpt-605,-,-,AGRIBISNIS,AGRIBISNIS,S1,BAIK,542,0,Ekonomi & Bisnis
-,-,banpt-605,-,-,AGROTEKNOLOGI/AGROEKOTEKNOLOGI,AGROTEKNOLOGI,S1,BAIK,542,0,Ekonomi & Bisnis
-,-,banpt-605,-,-,AKUNTANSI,AKUNTANSI,S1,BAIK,542,0,Ekonomi & Bisnis
-,-,banpt-605,-,-,BIOLOGI,BIOLOGI,S1,BAIK,542,0,Ekonomi & Bisnis
-,-,banpt-605,-,-,MANAJEMEN SUMBER DAYA PERAIRAN,BUDIDAYA PERAIRAN,S1,BAIK,542,0,Ekonomi & Bisnis
-,-,banpt-605,-,-,EKONOMI PEMBANGUNAN,EKONOMI PEMBANGUNAN,S1,BAIK,542,0,Ekonomi & Bisnis
-,-,banpt-605,-,-,GEOLOGI,GEOLOGI,S1,BAIK,542,0,Ekonomi & Bisnis
-,-,banpt-605,-,-,KEHUTANAN,KEHUTANAN,S1,BAIK,542,0,Ekonomi & Bisnis
-,-,banpt-605,-,-,MANAJEMEN,MANAJEMEN,S1,BAIK,542,0,Ekonomi & Bisnis
-,-,banpt-605,-,-,SISTEM INFORMASI,SISTEM INFORMASI,S1,BAIK SEKALI,542,0,Ekonomi & Bisnis
-,rencanamu-229,banpt-1092,-,-,AKUNTANSI,AKUNTANSI,S1,B,129,0,Ekonomi & Bisnis
-,rencanamu-229,banpt-1092,-,-,PENDIDIKAN BIOLOGI,BIOLOGI,S1,B,129,0,Ekonomi & Bisnis
-,-,banpt-1092,-,-,BISNIS DIGITAL,BISNIS DIGITAL,S1,BAIK SEKALI,129,0,Ekonomi & Bisnis
-,rencanamu-229,banpt-1092,-,-,TEKNIK ELEKTRO,ELEKTRO,S1,B,129,0,Ekonomi & Bisnis
-,rencanamu-229,banpt-1092,-,-,FARMASI,FARMASI,S1,B,129,0,Ekonomi & Bisnis
-,rencanamu-229,banpt-1092,-,-,TEKNIK GEODESI,GEODESI,S1,C,129,0,Ekonomi & Bisnis
-,rencanamu-229,banpt-1092,-,-,TEKNIK GEOLOGI,GEOLOGI,S1,C,129,0,Ekonomi & Bisnis
-,rencanamu-229,banpt-1092,-,-,PENDIDIKAN GURU SD,GURU SEKOLAH DASAR,S1,C,129,0,Ekonomi & Bisnis
-,rencanamu-229,banpt-1092,-,-,ILMU HUKUM,HUKUM,S1,B,129,0,Ekonomi & Bisnis
-,rencanamu-229,banpt-1092,-,-,ILMU KOMUNIKASI,ILMU KOMUNIKASI,S1,B,129,0,Ekonomi & Bisnis
-,rencanamu-229,-,-,-,TEKNIK INFORMATIKA,INFORMATIKA,S1,B,129,0,Ekonomi & Bisnis
-,rencanamu-229,banpt-1092,-,-,KIMIA,KIMIA,S1,B,129,0,Ekonomi & Bisnis
-,-,banpt-1092,-,-,ILMU KOMPUTER,KOMPUTER,S1,UNGGUL,129,0,Ekonomi & Bisnis
-,rencanamu-229,banpt-1092,-,-,MANAJEMEN,MANAJEMEN,S1,B,129,0,Ekonomi & Bisnis
-,rencanamu-229,banpt-1092,-,-,MATEMATIKA,MATEMATIKA,S1,B,129,0,Ekonomi & Bisnis
-,-,banpt-1092,-,-,PENDIDIKAN ILMU PENGETAHUAN ALAM,PENGETAHUAN ALAM,S1,BAIK,129,0,Ekonomi & Bisnis
-,rencanamu-229,banpt-1092,-,-,PERENCANAAN WILAYAH DAN KOTA,PERENCANAAN WILAYAH KOTA,S1,B,129,0,Ekonomi & Bisnis
-,rencanamu-229,banpt-1092,-,-,SASTRA INDONESIA,SASTRA INDONESIA,S1,B,129,0,Ekonomi & Bisnis
-,rencanamu-229,banpt-1092,-,-,SASTRA INGGRIS,SASTRA INGGRIS,S1,C,129,0,Ekonomi & Bisnis
-,rencanamu-229,banpt-1092,-,-,SASTRA JEPANG,SASTRA JEPANG,S1,C,129,0,Ekonomi & Bisnis
-,rencanamu-229,banpt-1092,-,-,TEKNIK SIPIL,SIPIL,S1,B,129,0,Ekonomi & Bisnis
-,-,banpt-3808,-,-,AGROTEKNOLOGI,AGROTEKNOLOGI,S1,B,1498,0,Ekonomi & Bisnis
-,-,banpt-3808,-,-,TEKNIK ELEKTRO,ELEKTRO,S1,BAIK,1498,0,Ekonomi & Bisnis
-,-,banpt-3808,-,-,ILMU HUKUM,HUKUM,S1,B,1498,0,Ekonomi & Bisnis
-,-,banpt-3808,-,-,MANAJEMEN,MANAJEMEN,S1,BAIK SEKALI,1498,0,Ekonomi & Bisnis
-,-,banpt-3808,-,-,TEKNIK SIPIL,SIPIL,S1,B,1498,0,Ekonomi & Bisnis
-,-,banpt-1813,-,-,ADMINISTRASI NEGARA,ADMINISTRASI NEGARA,S1,BAIK,901,0,Ekonomi & Bisnis
quipper-230,rencanamu-230,banpt-1813,-,FAKULTAS EKONOMI DAN BISNIS,AKUNTANSI,AKUNTANSI,S1,B,901,2,Pendidikan & Keguruan
-,-,banpt-1813,-,-,BIOLOGI,BIOLOGI,S1,BAIK,901,0,Ekonomi & Bisnis
quipper-230,rencanamu-230,banpt-1813,-,FAKULTAS KEGURUAN DAN ILMU PENDIDIKAN,PENDIDIKAN EKONOMI,EKONOMI,S1,C,901,2,Pendidikan & Keguruan
quipper-230,rencanamu-230,banpt-1813,-,FAKULTAS TEKNIK,TEKNIK ELEKTRO,ELEKTRO,S1,C,901,1,Teknik & Rekayasa
-,-,banpt-1813,-,-,PENDIDIKAN GURU SEKOLAH DASAR,GURU SEKOLAH DASAR,S1,BAIK,901,0,Ekonomi & Bisnis
quipper-230,rencanamu-230,banpt-1813,-,FAKULTAS HUKUM,ILMU HUKUM,HUKUM,S1,B,901,3,Hukum
-,-,banpt-1813,-,-,ILMU KOMUNIKASI,ILMU KOMUNIKASI,S1,BAIK,901,0,Ekonomi & Bisnis
quipper-230,rencanamu-230,banpt-1813,-,FAKULTAS TEKNIK,TEKNIK INDUSTRI,INDUSTRI,S1,C,901,1,Teknik & Rekayasa
quipper-230,rencanamu-230,banpt-1813,-,FAKULTAS TEKNIK,TEKNIK INFORMATIKA,INFORMATIKA,S1,C,901,1,Teknik & Rekayasa
-,-,banpt-1813,-,-,PENDIDIKAN JASMANI,JASMANI,S1,BAIK,901,0,Ekonomi & Bisnis
-,rencanamu-230,-,-,-,PENDIDIKAN KEWARGANEGARAAN,KEWARGANEGARAAN,S1,B,901,0,Ekonomi & Bisnis
quipper-230,rencanamu-230,banpt-1813,-,FAKULTAS TEKNIK,TEKNIK KIMIA,KIMIA,S1,C,901,1,Teknik & Rekayasa
quipper-230,rencanamu-230,banpt-1813,-,FAKULTAS EKONOMI DAN BISNIS,MANAJEMEN,MANAJEMEN,S1,B,901,0,Ekonomi & Bisnis
quipper-230,rencanamu-230,banpt-1813,-,FAKULTAS MATEMATIKA DAN IPA,MATEMATIKA,MATEMATIKA,S1,C,901,0,Ekonomi & Bisnis
quipper-230,rencanamu-230,banpt-1813,-,FAKULTAS TEKNIK,TEKNIK MESIN,MESIN,S1,C,901,1,Teknik & Rekayasa
quipper-230,-,banpt-1813,-,FAKULTAS KEGURUAN DAN ILMU PENDIDIKAN,PENDIDIKAN PANCASILA DAN KEWARGANEGARAAN,PANCASILA KEWARGANEGARAAN,S1,BAIK SEKALI,901,2,Pendidikan & Keguruan
-,-,banpt-1813,-,-,ILMU PEMERINTAHAN,PEMERINTAHAN,S1,BAIK,901,0,Ekonomi & Bisnis
quipper-230,rencanamu-230,banpt-1813,-,FAKULTAS SASTRA,SASTRA INDONESIA,SASTRA INDONESIA,S1,B,901,0,Ekonomi & Bisnis
quipper-230,rencanamu-230,banpt-1813,-,FAKULTAS SASTRA,SASTRA INGGRIS,SASTRA INGGRIS,S1,C,901,0,Ekonomi & Bisnis
quipper-230,rencanamu-230,-,-,FAKULTAS EKONOMI DAN BISNIS,sekretariat,SEKRETARIAT,S1,B,901,0,Ekonomi & Bisnis
-,-,banpt-1813,-,-,SISTEM INFORMASI,SISTEM INFORMASI,S1,BAIK,901,0,Ekonomi & Bisnis
-,-,banpt-1813,-,-,SISTEM KOMPUTER,SISTEM KOMPUTER,S1,BAIK,901,0,Ekonomi & Bisnis
-,rencanamu-231,banpt-51,-,-,AGRIBISNIS,AGRIBISNIS,S1,B,674,0,Ekonomi & Bisnis
-,rencanamu-231,banpt-51,-,-,AGROTEKNOLOGI,AGROTEKNOLOGI,S1,C,674,0,Ekonomi & Bisnis
-,-,banpt-51,-,-,AKUNTANSI,AKUNTANSI,S1,BAIK SEKALI,674,0,Ekonomi & Bisnis
-,-,banpt-51,-,-,BISNIS DIGITAL,BISNIS DIGITAL,S1,BAIK,674,0,Ekonomi & Bisnis
-,-,banpt-51,-,-,FISIOTERAPI,FISIOTERAPI,S1,BAIK,674,0,Ekonomi & Bisnis
-,rencanamu-231,banpt-51,-,-,ILMU HUKUM,HUKUM,S1,B,674,0,Ekonomi & Bisnis
-,rencanamu-231,banpt-51,-,-,MANAJEMEN,MANAJEMEN,S1,B,674,0,Ekonomi & Bisnis
-,-,banpt-51,-,-,REKAYASA INFRASTRUKTUR DAN LINGKUNGAN,REKAYASA INFRASTRUKTUR LINGKUNGAN,S1,BAIK,674,0,Ekonomi & Bisnis
-,rencanamu-231,banpt-51,-,-,TEKNIK SIPIL,SIPIL,S1,C,674,0,Ekonomi & Bisnis
-,rencanamu-232,-,-,-,ADMINISTRASI NEGARA,ADMINISTRASI NEGARA,S1,B,1174,0,Ekonomi & Bisnis
-,-,banpt-2997,-,-,ADMINISTRASI PUBLIK,ADMINISTRASI PUBLIK,S1,BAIK,1174,0,Ekonomi & Bisnis
-,-,banpt-2997,-,-,AGRIBISNIS,AGRIBISNIS,S1,BAIK,1174,0,Ekonomi & Bisnis
-,rencanamu-232,banpt-2997,-,-,AGROTEKNOLOGI,AGROTEKNOLOGI,S1,B,1174,0,Ekonomi & Bisnis
-,rencanamu-232,banpt-2997,-,-,AKUNTANSI,AKUNTANSI,S1,C,1174,0,Ekonomi & Bisnis
-,-,banpt-2997,-,-,BISNIS DIGITAL,BISNIS DIGITAL,S1,BAIK,1174,0,Ekonomi & Bisnis
-,rencanamu-232,banpt-2997,-,-,TEKNIK ELEKTRO,ELEKTRO,S1,C,1174,0,Ekonomi & Bisnis
-,rencanamu-232,banpt-2997,-,-,KEPENDIDIKAN SEKOLAH DASAR & PRASEKOLAH,GURU SEKOLAH DASAR,S1,BAIK SEKALI,1174,0,Ekonomi & Bisnis
-,rencanamu-232,banpt-2997,-,-,ILMU HUKUM,HUKUM,S1,B,1174,0,Ekonomi & Bisnis
-,rencanamu-232,banpt-2997,-,-,TEKNIK INDUSTRI,INDUSTRI,S1,C,1174,0,Ekonomi & Bisnis
-,-,banpt-2997,-,-,INFORMATIKA,INFORMATIKA,S1,BAIK,1174,0,Ekonomi & Bisnis
-,rencanamu-232,banpt-2997,-,-,MANAJEMEN,MANAJEMEN,S1,B,1174,0,Ekonomi & Bisnis
-,rencanamu-232,banpt-2997,-,-,TEKNIK MESIN,MESIN,S1,C,1174,0,Ekonomi & Bisnis
-,rencanamu-232,banpt-2997,-,-,PENDIDIKAN PANCASILA DAN KEWARGANEGARAAN,PANCASILA KEWARGANEGARAAN,S1,C,1174,0,Ekonomi & Bisnis
-,rencanamu-232,-,-,-,SASTRA INGGRIS,SASTRA INGGRIS,S1,C,1174,0,Ekonomi & Bisnis
-,-,banpt-1695,-,-,AKUNTANSI,AKUNTANSI,S1,BAIK SEKALI,279,0,Ekonomi & Bisnis
-,-,banpt-1695,-,-,PENDIDIKAN EKONOMI,EKONOMI,S1,BAIK SEKALI,279,0,Ekonomi & Bisnis
-,-,banpt-1695,-,-,PENDIDIKAN GURU PENDIDIKAN ANAK USIA DINI,GURU ANAK USIA DINI,S1,BAIK SEKALI,279,0,Ekonomi & Bisnis
-,-,banpt-1695,-,-,TEKNIK INFORMATIKA,INFORMATIKA,S1,BAIK,279,0,Ekonomi & Bisnis
-,-,banpt-1695,-,-,MANAJEMEN,MANAJEMEN,S1,BAIK,279,0,Ekonomi & Bisnis
-,-,banpt-1695,-,-,SISTEM INFORMASI,SISTEM INFORMASI,S1,BAIK,279,0,Ekonomi & Bisnis
-,-,banpt-2056,-,-,FARMASI,FARMASI,S1,BAIK,1034,0,Ekonomi & Bisnis
-,-,banpt-2056,-,-,PENDIDIKAN FISIKA,FISIKA,S1,BAIK,1034,0,Ekonomi & Bisnis
-,-,banpt-2056,-,-,ILMU KOMUNIKASI,ILMU KOMUNIKASI,S1,B,1034,0,Ekonomi & Bisnis
-,-,banpt-2056,-,-,ILMU KOMPUTER,KOMPUTER,S1,BAIK,1034,0,Ekonomi & Bisnis
-,-,banpt-2056,-,-,ILMU PEMERINTAHAN,PEMERINTAHAN,S1,B,1034,0,Ekonomi & Bisnis
-,rencanamu-233,banpt-1518,-,-,AKUNTANSI,AKUNTANSI,S1,B,1192,0,Ekonomi & Bisnis
-,rencanamu-233,banpt-1518,-,-,BIMBINGAN DAN KONSELING,BIMBINGAN KONSELING,S1,B,1192,0,Ekonomi & Bisnis
-,-,banpt-1518,-,-,BISNIS DIGITAL,BISNIS DIGITAL,S1,BAIK SEKALI,1192,0,Ekonomi & Bisnis
-,rencanamu-233,banpt-1518,-,-,BUDIDAYA PERAIRAN,BUDIDAYA PERAIRAN,S1,B,1192,0,Ekonomi & Bisnis
-,rencanamu-233,banpt-1518,-,-,PENDIDIKAN EKONOMI,EKONOMI,S1,B,1192,0,Ekonomi & Bisnis
-,rencanamu-233,banpt-1518,-,-,ILMU HUKUM,HUKUM,S1,C,1192,0,Ekonomi & Bisnis
-,-,banpt-1518,-,-,ILMU KOMUNIKASI,ILMU KOMUNIKASI,S1,BAIK SEKALI,1192,0,Ekonomi & Bisnis
-,rencanamu-233,banpt-1518,-,-,TEKNIK INDUSTRI,INDUSTRI,S1,C,1192,0,Ekonomi & Bisnis
-,-,banpt-1518,-,-,INFORMATIKA,INFORMATIKA,S1,BAIK,1192,0,Ekonomi & Bisnis
-,-,banpt-1518,-,-,MANAJEMEN,MANAJEMEN,S1,BAIK SEKALI,1192,0,Ekonomi & Bisnis
-,rencanamu-233,banpt-1518,-,-,PENDIDIKAN MATEMATIKA,MATEMATIKA,S1,B,1192,0,Ekonomi & Bisnis
-,rencanamu-233,banpt-1518,-,-,TEKNIK MESIN,MESIN,S1,C,1192,0,Ekonomi & Bisnis
-,rencanamu-233,banpt-1518,-,-,PENDIDIKAN PANCASILA DAN KEWARGANEGARAAN,PANCASILA KEWARGANEGARAAN,S1,B,1192,0,Ekonomi & Bisnis
-,rencanamu-233,banpt-1518,-,-,ILMU PEMERINTAHAN,PEMERINTAHAN,S1,B,1192,0,Ekonomi & Bisnis
-,rencanamu-233,banpt-1518,-,-,PENDIDIKAN ILMU PENGETAHUAN ALAM,PENGETAHUAN ALAM,S1,UNGGUL,1192,0,Ekonomi & Bisnis
-,rencanamu-233,banpt-1518,-,-,PEMANFAATAN SUMBER DAYA PERIKANAN,PERIKANAN,S1,B,1192,0,Ekonomi & Bisnis
-,rencanamu-233,banpt-1518,-,-,TEKNIK SIPIL,SIPIL,S1,BAIK SEKALI,1192,0,Ekonomi & Bisnis
-,-,banpt-1518,-,-,SISTEM INFORMASI,SISTEM INFORMASI,S1,BAIK,1192,0,Ekonomi & Bisnis
-,-,banpt-2289,-,-,AKUNTANSI,AKUNTANSI,S1,BAIK,852,0,Ekonomi & Bisnis
-,-,banpt-2289,-,-,ARSITEKTUR,ARSITEKTUR,S1,BAIK,852,0,Ekonomi & Bisnis
-,-,banpt-2289,-,-,KEWIRAUSAHAAN,KEWIRAUSAHAAN,S1,BAIK,852,0,Ekonomi & Bisnis
-,-,banpt-2289,-,-,MANAJEMEN,MANAJEMEN,S1,B,852,0,Ekonomi & Bisnis
-,-,banpt-2289,-,-,TEKNIK SIPIL,SIPIL,S1,BAIK,852,0,Ekonomi & Bisnis
-,-,banpt-498,-,-,ADMINISTRASI PUBLIK,ADMINISTRASI PUBLIK,S1,B,1424,0,Ekonomi & Bisnis
-,-,banpt-498,-,-,AGROTEKNOLOGI,AGROTEKNOLOGI,S1,BAIK,1424,0,Ekonomi & Bisnis
-,-,banpt-498,-,-,BIMBINGAN DAN KONSELING,BIMBINGAN KONSELING,S1,BAIK SEKALI,1424,0,Ekonomi & Bisnis
-,-,banpt-498,-,-,HUKUM,HUKUM,S1,B,1424,0,Ekonomi & Bisnis
-,-,banpt-498,-,-,MANAJEMEN,MANAJEMEN,S1,BAIK,1424,0,Ekonomi & Bisnis
-,-,banpt-498,-,-,TEKNOLOGI INFORMASI,TEKNOLOGI INFORMASI,S1,BAIK,1424,0,Ekonomi & Bisnis
-,rencanamu-235,banpt-2304,-,-,DESAIN KOMUNIKASI VISUAL,DESAIN KOMUNIKASI VISUAL,S1,A,130,0,Ekonomi & Bisnis
-,rencanamu-235,banpt-2304,-,-,DESAIN PRODUK,DESAIN PRODUK,S1,B,130,0,Ekonomi & Bisnis
-,rencanamu-235,banpt-2304,-,-,HUBUNGAN INTERNASIONAL,HUBUNGAN INTERNASIONAL,S1,B,130,0,Ekonomi & Bisnis
-,rencanamu-235,banpt-2304,-,-,ILMU KOMUNIKASI,ILMU KOMUNIKASI,S1,B,130,0,Ekonomi & Bisnis
-,rencanamu-235,banpt-2304,-,-,TEKNIK INFORMATIKA,INFORMATIKA,S1,B,130,0,Ekonomi & Bisnis
-,rencanamu-235,banpt-2304,-,-,MANAJEMEN,MANAJEMEN,S1,B,130,0,Ekonomi & Bisnis
-,rencanamu-235,banpt-2304,-,-,PSIKOLOGI,PSIKOLOGI,S1,B,130,0,Ekonomi & Bisnis
-,-,banpt-927,-,-,BISNIS DIGITAL,BISNIS DIGITAL,S1,BAIK,1347,0,Ekonomi & Bisnis
-,-,banpt-927,-,-,TEKNIK INFORMATIKA,INFORMATIKA,S1,BAIK SEKALI,1347,0,Ekonomi & Bisnis
-,-,banpt-927,-,-,KEWIRAUSAHAAN,KEWIRAUSAHAAN,S1,BAIK,1347,0,Ekonomi & Bisnis
-,-,banpt-927,-,-,SISTEM INFORMASI,SISTEM INFORMASI,S1,BAIK,1347,0,Ekonomi & Bisnis
-,-,banpt-927,-,-,SISTEM KOMPUTER,SISTEM KOMPUTER,S1,BAIK,1347,0,Ekonomi & Bisnis
-,-,banpt-2919,-,-,ILMU ADMINISTRASI NEGARA,ADMINISTRASI NEGARA,S1,BAIK,1086,0,Ekonomi & Bisnis
-,-,banpt-2919,-,-,AKUNTANSI,AKUNTANSI,S1,BAIK,1086,0,Ekonomi & Bisnis
-,-,banpt-2919,-,-,PENDIDIKAN GURU SEKOLAH DASAR,GURU SEKOLAH DASAR,S1,BAIK,1086,0,Ekonomi & Bisnis
-,-,banpt-2919,-,-,TEKNIK INDUSTRI,INDUSTRI,S1,BAIK,1086,0,Ekonomi & Bisnis
-,-,banpt-2919,-,-,TEKNIK INFORMATIKA,INFORMATIKA,S1,BAIK,1086,0,Ekonomi & Bisnis
-,-,banpt-2919,-,-,ILMU KELAUTAN,KELAUTAN,S1,BAIK,1086,0,Ekonomi & Bisnis
-,-,banpt-2919,-,-,TEKNIK LINGKUNGAN,LINGKUNGAN,S1,BAIK,1086,0,Ekonomi & Bisnis
-,-,banpt-2919,-,-,MATEMATIKA,MATEMATIKA,S1,BAIK,1086,0,Ekonomi & Bisnis
-,-,banpt-2919,-,-,TEKNIK SIPIL,SIPIL,S1,BAIK,1086,0,Ekonomi & Bisnis
-,-,banpt-2919,-,-,TEKNOLOGI HASIL PERIKANAN,TEKNOLOGI HASIL PERIKANAN,S1,BAIK,1086,0,Ekonomi & Bisnis
quipper-434,-,-,-,FAKULTAS TEKNIK,ILMU TEKNIK,,S1,-,26,1,Teknik & Rekayasa
quipper-434,-,-,-,FAKULTAS ILMU SOSIAL DAN ILMU POLITIK,ILMU ADMINISTRASI,ADMINISTRASI,S1,-,26,0,Ekonomi & Bisnis
-,rencanamu-236,banpt-2072,-,-,ILMU ADMINISTRASI BISNIS,ADMINISTRASI BISNIS,S1,A,26,0,Ekonomi & Bisnis
-,rencanamu-236,-,-,-,ILMU ADMINISTRASI NEGARA,ADMINISTRASI NEGARA,S1,A,26,0,Ekonomi & Bisnis
-,-,banpt-2072,-,-,ADMINISTRASI PUBLIK,ADMINISTRASI PUBLIK,S1,UNGGUL,26,0,Ekonomi & Bisnis
quipper-434,rencanamu-236,banpt-2072,-,FAKULTAS EKONOMI DAN BISNIS,AKUNTANSI,AKUNTANSI,S1,A,26,2,Pendidikan & Keguruan
quipper-434,rencanamu-236,banpt-2072,-,FAKULTAS KEGURUAN DAN ILMU PENDIDIKAN,BIOLOGI,BIOLOGI,S1,A,26,2,Pendidikan & Keguruan
quipper-434,-,-,-,FAKULTAS ILMU SENI DAN SASTRA,DESAIN,DESAIN,S1,-,26,0,Ekonomi & Bisnis
-,rencanamu-236,banpt-2072,-,-,DESAIN KOMUNIKASI VISUAL,DESAIN KOMUNIKASI VISUAL,S1,B,26,0,Ekonomi & Bisnis
quipper-434,rencanamu-236,banpt-2072,-,FAKULTAS KEGURUAN DAN ILMU PENDIDIKAN,ILMU EKONOMI,EKONOMI,S1,A,26,2,Pendidikan & Keguruan
quipper-434,rencanamu-236,banpt-2072,-,FAKULTAS EKONOMI DAN BISNIS,EKONOMI PEMBANGUNAN,EKONOMI PEMBANGUNAN,S1,A,26,0,Ekonomi & Bisnis
quipper-434,-,-,-,FAKULTAS ILMU SENI DAN SASTRA,FILM DAN TELEVISI,FILM,S1,-,26,0,Ekonomi & Bisnis
quipper-434,-,-,-,FAKULTAS KEGURUAN DAN ILMU PENDIDIKAN,KEGURUAN & PENDIDIKAN,GURU,S1,-,26,2,Pendidikan & Keguruan
quipper-434,rencanamu-236,banpt-2072,-,FAKULTAS KEGURUAN DAN ILMU PENDIDIKAN,PENDIDIKAN GURU SEKOLAH DASAR,GURU SEKOLAH DASAR,S1,C,26,2,Pendidikan & Keguruan
quipper-434,rencanamu-236,banpt-2072,-,FAKULTAS ILMU SOSIAL DAN ILMU POLITIK,HUBUNGAN INTERNASIONAL,HUBUNGAN INTERNASIONAL,S1,A,26,0,Ekonomi & Bisnis
quipper-434,rencanamu-236,banpt-2072,-,FAKULTAS HUKUM,ILMU HUKUM,HUKUM,S1,A,26,3,Hukum
quipper-434,rencanamu-236,banpt-2072,-,FAKULTAS ILMU SOSIAL DAN ILMU POLITIK,ILMU KOMUNIKASI,ILMU KOMUNIKASI,S1,A,26,0,Ekonomi & Bisnis
quipper-434,rencanamu-236,banpt-2072,-,FAKULTAS TEKNIK,TEKNIK INDUSTRI,INDUSTRI,S1,A,26,1,Teknik & Rekayasa
quipper-434,rencanamu-236,banpt-2072,-,FAKULTAS TEKNIK,TEKNIK INFORMATIKA,INFORMATIKA,S1,B,26,1,Teknik & Rekayasa
-,-,banpt-2072,-,-,KEDOKTERAN,KEDOKTERAN,S1,BAIK,26,0,Ekonomi & Bisnis
quipper-434,rencanamu-236,banpt-2072,-,FAKULTAS ILMU SOSIAL DAN ILMU POLITIK,KESEJAHTERAAN SOSIAL,KESEJAHTERAAN SOSIAL,S1,A,26,0,Ekonomi & Bisnis
quipper-434,rencanamu-236,banpt-2072,-,FAKULTAS TEKNIK,TEKNIK LINGKUNGAN,LINGKUNGAN,S1,B,26,1,Teknik & Rekayasa
quipper-434,rencanamu-236,banpt-2072,-,FAKULTAS EKONOMI DAN BISNIS,MANAJEMEN,MANAJEMEN,S1,A,26,0,Ekonomi & Bisnis
quipper-434,rencanamu-236,banpt-2072,-,FAKULTAS KEGURUAN DAN ILMU PENDIDIKAN,PENDIDIKAN MATEMATIKA,MATEMATIKA,S1,B,26,2,Pendidikan & Keguruan
quipper-434,rencanamu-236,banpt-2072,-,FAKULTAS TEKNIK,TEKNIK MESIN,MESIN,S1,A,26,1,Teknik & Rekayasa
-,rencanamu-236,banpt-2072,-,-,PENDIDIKAN PANCASILA DAN KEWARGANEGARAAN,PANCASILA KEWARGANEGARAAN,S1,A,26,0,Ekonomi & Bisnis
quipper-434,rencanamu-236,banpt-2072,-,FAKULTAS TEKNIK,PERENCANAAN WILAYAH DAN KOTA,PERENCANAAN WILAYAH KOTA,S1,B,26,1,Teknik & Rekayasa
quipper-434,-,banpt-2072,-,FAKULTAS ILMU SENI DAN SASTRA,SASTRA INGGRIS,SASTRA INGGRIS,S1,B,26,0,Ekonomi & Bisnis
quipper-434,-,banpt-2072,-,FAKULTAS ILMU SENI DAN SASTRA,MUSIK,SENI MUSIK,S1,B,26,0,Ekonomi & Bisnis
quipper-434,rencanamu-236,banpt-2072,-,FAKULTAS TEKNIK,ILMU DAN TEKNOLOGI PANGAN,TEKNOLOGI PANGAN,S1,A,26,1,Teknik & Rekayasa
-,-,banpt-3081,-,-,AGRIBISNIS,AGRIBISNIS,S1,BAIK,1436,0,Ekonomi & Bisnis
-,-,banpt-3081,-,-,AGROTEKNOLOGI,AGROTEKNOLOGI,S1,BAIK,1436,0,Ekonomi & Bisnis
-,-,banpt-3081,-,-,AKUNTANSI,AKUNTANSI,S1,BAIK,1436,0,Ekonomi & Bisnis
-,-,banpt-3081,-,-,ILMU KOMPUTER,KOMPUTER,S1,BAIK,1436,0,Ekonomi & Bisnis
-,-,banpt-409,-,-,PENDIDIKAN BIOLOGI,BIOLOGI,S1,BAIK SEKALI,1390,0,Ekonomi & Bisnis
-,-,banpt-409,-,-,PENDIDIKAN EKONOMI,EKONOMI,S1,B,1390,0,Ekonomi & Bisnis
-,-,banpt-409,-,-,TEKNIK ELEKTRO,ELEKTRO,S1,BAIK,1390,0,Ekonomi & Bisnis
-,-,banpt-409,-,-,MANAJEMEN,MANAJEMEN,S1,BAIK,1390,0,Ekonomi & Bisnis
-,-,banpt-409,-,-,PENDIDIKAN MATEMATIKA,MATEMATIKA,S1,BAIK,1390,0,Ekonomi & Bisnis
-,-,banpt-409,-,-,TEKNIK SIPIL,SIPIL,S1,BAIK SEKALI,1390,0,Ekonomi & Bisnis
-,-,banpt-409,-,-,STATISTIK,STATISTIK,S1,BAIK,1390,0,Ekonomi & Bisnis
-,-,banpt-432,-,-,ADMINISTRASI BISNIS,ADMINISTRASI BISNIS,S1,B,1042,0,Ekonomi & Bisnis
-,-,banpt-432,-,-,ADMINISTRASI PUBLIK,ADMINISTRASI PUBLIK,S1,BAIK,1042,0,Ekonomi & Bisnis
-,-,banpt-432,-,-,AKUNTANSI,AKUNTANSI,S1,BAIK,1042,0,Ekonomi & Bisnis
-,-,banpt-432,-,-,TEKNIK ELEKTRO,ELEKTRO,S1,BAIK,1042,0,Ekonomi & Bisnis
-,-,banpt-432,-,-,HUKUM,HUKUM,S1,BAIK,1042,0,Ekonomi & Bisnis
-,-,banpt-432,-,-,MANAJEMEN,MANAJEMEN,S1,BAIK,1042,0,Ekonomi & Bisnis
-,-,banpt-432,-,-,PENDIDIKAN MATEMATIKA,MATEMATIKA,S1,BAIK,1042,0,Ekonomi & Bisnis
-,-,banpt-432,-,-,TEKNIK MESIN,MESIN,S1,BAIK,1042,0,Ekonomi & Bisnis
-,-,banpt-3031,-,-,ILMU ADMINISTRASI NEGARA,ADMINISTRASI NEGARA,S1,B,1052,0,Ekonomi & Bisnis
-,-,banpt-3031,-,-,AKUNTANSI,AKUNTANSI,S1,B,1052,0,Ekonomi & Bisnis
-,-,banpt-3031,-,-,PENDIDIKAN BIOLOGI,BIOLOGI,S1,BAIK SEKALI,1052,0,Ekonomi & Bisnis
-,-,banpt-3031,-,-,HUKUM BISNIS,HUKUM,S1,BAIK,1052,0,Ekonomi & Bisnis
-,-,banpt-3031,-,-,ILMU KOMUNIKASI,ILMU KOMUNIKASI,S1,BAIK,1052,0,Ekonomi & Bisnis
-,-,banpt-3031,-,-,TEKNIK INFORMATIKA,INFORMATIKA,S1,BAIK,1052,0,Ekonomi & Bisnis
-,-,banpt-3031,-,-,KESEHATAN MASYARAKAT,KESEHATAN MASYARAKAT,S1,BAIK SEKALI,1052,0,Ekonomi & Bisnis
-,-,banpt-3031,-,-,MANAJEMEN,MANAJEMEN,S1,BAIK SEKALI,1052,0,Ekonomi & Bisnis
-,-,banpt-3031,-,-,PENDIDIKAN MATEMATIKA,MATEMATIKA,S1,BAIK,1052,0,Ekonomi & Bisnis
-,-,banpt-3031,-,-,TEKNIK MESIN,MESIN,S1,BAIK,1052,0,Ekonomi & Bisnis
-,-,banpt-3031,-,-,PENDIDIKAN KEPELATIHAN OLAHRAGA,OLAHRAGA,S1,BAIK,1052,0,Ekonomi & Bisnis
-,-,banpt-3031,-,-,PENDIDIKAN PANCASILA DAN KEWARGANEGARAAN,PANCASILA KEWARGANEGARAAN,S1,BAIK SEKALI,1052,0,Ekonomi & Bisnis
-,-,banpt-3031,-,-,TEKNIK PERTAMBANGAN,PERTAMBANGAN,S1,B,1052,0,Ekonomi & Bisnis
-,-,banpt-3031,-,-,PENDIDIKAN SEJARAH,SEJARAH,S1,BAIK SEKALI,1052,0,Ekonomi & Bisnis
-,-,banpt-3031,-,-,TEKNOLOGI PENDIDIKAN,TEKNOLOGI,S1,BAIK SEKALI,1052,0,Ekonomi & Bisnis
quipper-597,rencanamu-237,banpt-197,-,FAKULTAS PERTANIAN,AGROTEKNOLOGI,AGROTEKNOLOGI,S1,B,286,0,Ekonomi & Bisnis
quipper-597,rencanamu-237,banpt-197,-,FAKULTAS EKONOMI,AKUNTANSI,AKUNTANSI,S1,C,286,2,Pendidikan & Keguruan
quipper-597,rencanamu-237,banpt-197,-,FAKULTAS PERIKANAN,BUDIDAYA PERAIRAN,BUDIDAYA PERAIRAN,S1,B,286,0,Ekonomi & Bisnis
quipper-597,-,-,-,FAKULTAS BATIK,DESAIN,DESAIN,S1,-,286,0,Ekonomi & Bisnis
-,rencanamu-237,banpt-197,-,-,FARMASI,FARMASI,S1,C,286,0,Ekonomi & Bisnis
quipper-597,-,-,-,FAKULTAS BATIK,RIAS DAN BUSANA,FASHION,S1,-,286,0,Ekonomi & Bisnis
-,rencanamu-237,-,-,-,FISIOTERAPI,FISIOTERAPI,S1,C,286,0,Ekonomi & Bisnis
quipper-597,rencanamu-237,banpt-197,-,FAKULTAS HUKUM,ILMU HUKUM,HUKUM,S1,B,286,3,Hukum
quipper-597,rencanamu-237,banpt-197,-,FAKULTAS ILMU KESEHATAN,ILMU KEPERAWATAN,KEPERAWATAN,S1,C,286,0,Ekonomi & Bisnis
quipper-597,rencanamu-237,banpt-197,-,FAKULTAS ILMU KESEHATAN,KESEHATAN MASYARAKAT,KESEHATAN MASYARAKAT,S1,C,286,0,Ekonomi & Bisnis
quipper-597,rencanamu-237,banpt-197,-,FAKULTAS EKONOMI,MANAJEMEN,MANAJEMEN,S1,B,286,0,Ekonomi & Bisnis
quipper-597,rencanamu-237,banpt-197,-,FAKULTAS KEGURUAN DAN ILMU PENDIDIKAN,PENDIDIKAN MATEMATIKA,MATEMATIKA,S1,C,286,2,Pendidikan & Keguruan
quipper-597,-,-,-,FAKULTAS PERIKANAN,PERIKANAN,PERIKANAN,S1,-,286,0,Ekonomi & Bisnis
-,-,banpt-1579,-,-,ARSITEKTUR,ARSITEKTUR,S1,BAIK,1140,0,Ekonomi & Bisnis
-,-,banpt-1579,-,-,BISNIS DIGITAL,BISNIS DIGITAL,S1,BAIK SEKALI,1140,0,Ekonomi & Bisnis
-,-,banpt-1579,-,-,PENDIDIKAN GURU PENDIDIKAN ANAK USIA DINI,GURU ANAK USIA DINI,S1,BAIK,1140,0,Ekonomi & Bisnis
-,-,banpt-1579,-,-,PENDIDIKAN GURU SEKOLAH DASAR,GURU SEKOLAH DASAR,S1,BAIK,1140,0,Ekonomi & Bisnis
-,-,banpt-1579,-,-,HUKUM,HUKUM,S1,BAIK,1140,0,Ekonomi & Bisnis
-,-,banpt-1579,-,-,TEKNIK INDUSTRI,INDUSTRI,S1,BAIK,1140,0,Ekonomi & Bisnis
-,-,banpt-1579,-,-,TEKNIK INFORMATIKA,INFORMATIKA,S1,B,1140,0,Ekonomi & Bisnis
-,-,banpt-1579,-,-,KEWIRAUSAHAAN,KEWIRAUSAHAAN,S1,BAIK SEKALI,1140,0,Ekonomi & Bisnis
-,-,banpt-1579,-,-,TEKNIK LINGKUNGAN,LINGKUNGAN,S1,BAIK SEKALI,1140,0,Ekonomi & Bisnis
-,-,banpt-1579,-,-,MANAJEMEN,MANAJEMEN,S1,BAIK SEKALI,1140,0,Ekonomi & Bisnis
-,-,banpt-1579,-,-,TEKNOLOGI HASIL PERTANIAN,PERTANIAN,S1,BAIK,1140,0,Ekonomi & Bisnis
-,-,banpt-1579,-,-,TEKNIK SIPIL,SIPIL,S1,BAIK,1140,0,Ekonomi & Bisnis
-,-,banpt-2069,-,-,AKUNTANSI,AKUNTANSI,S1,B,69,0,Ekonomi & Bisnis
-,-,banpt-2069,-,-,ARSITEKTUR,ARSITEKTUR,S1,BAIK SEKALI,69,0,Ekonomi & Bisnis
-,-,banpt-2069,-,-,PENDIDIKAN BIOLOGI,BIOLOGI,S1,BAIK SEKALI,69,0,Ekonomi & Bisnis
-,-,banpt-2069,-,-,DESAIN INTERIOR,DESAIN INTERIOR,S1,UNGGUL,69,0,Ekonomi & Bisnis
-,-,banpt-2069,-,-,DESAIN KOMUNIKASI VISUAL,DESAIN KOMUNIKASI VISUAL,S1,UNGGUL,69,0,Ekonomi & Bisnis
-,-,banpt-2069,-,-,DESAIN PRODUK,DESAIN PRODUK,S1,BAIK SEKALI,69,0,Ekonomi & Bisnis
-,-,banpt-2069,-,-,PENDIDIKAN EKONOMI,EKONOMI,S1,BAIK SEKALI,69,0,Ekonomi & Bisnis
-,-,banpt-2069,-,-,TEKNIK ELEKTRO,ELEKTRO,S1,UNGGUL,69,0,Ekonomi & Bisnis
-,-,banpt-2069,-,-,FARMASI,FARMASI,S1,BAIK SEKALI,69,0,Ekonomi & Bisnis
-,-,banpt-2069,-,-,PENDIDIKAN FISIKA,FISIKA,S1,BAIK SEKALI,69,0,Ekonomi & Bisnis
-,-,banpt-2069,-,-,PENDIDIKAN GURU SEKOLAH DASAR,GURU SEKOLAH DASAR,S1,BAIK SEKALI,69,0,Ekonomi & Bisnis
-,-,banpt-2069,-,-,ILMU HUBUNGAN INTERNASIONAL,HUBUNGAN INTERNASIONAL,S1,UNGGUL,69,0,Ekonomi & Bisnis
-,-,banpt-2069,-,-,HUKUM,HUKUM,S1,A,69,0,Ekonomi & Bisnis
-,-,banpt-2069,-,-,PJJ ILMU KOMUNIKASI,ILMU KOMUNIKASI,S1,B,69,0,Ekonomi & Bisnis
-,-,banpt-2069,-,-,TEKNIK INDUSTRI,INDUSTRI,S1,UNGGUL,69,0,Ekonomi & Bisnis
-,-,banpt-2069,-,-,INFORMATIKA,INFORMATIKA,S1,BAIK,69,0,Ekonomi & Bisnis
-,-,banpt-2069,-,-,PENDIDIKAN DOKTER,KEDOKTERAN,S1,UNGGUL,69,0,Ekonomi & Bisnis
-,-,banpt-2069,-,-,KEDOKTERAN GIGI,KEDOKTERAN GIGI,S1,BAIK,69,0,Ekonomi & Bisnis
-,-,banpt-2069,-,-,ILMU KEPERAWATAN,KEPERAWATAN,S1,BAIK SEKALI,69,0,Ekonomi & Bisnis
-,-,banpt-2069,-,-,PENDIDIKAN KIMIA,KIMIA,S1,BAIK SEKALI,69,0,Ekonomi & Bisnis
-,-,banpt-2069,-,-,MANAJEMEN,MANAJEMEN,S1,B,69,0,Ekonomi & Bisnis
-,-,banpt-2069,-,-,PENDIDIKAN MATEMATIKA,MATEMATIKA,S1,B,69,0,Ekonomi & Bisnis
-,-,banpt-2069,-,-,PARIWISATA,PARIWISATA,S1,BAIK,69,0,Ekonomi & Bisnis
-,-,banpt-2069,-,-,PENDIDIKAN ILMU PENGETAHUAN SOSIAL,PENGETAHUAN SOSIAL,S1,BAIK SEKALI,69,0,Ekonomi & Bisnis
-,-,banpt-2069,-,-,PSIKOLOGI,PSIKOLOGI,S1,B,69,0,Ekonomi & Bisnis
-,-,banpt-2069,-,-,SENI MUSIK,SENI MUSIK,S1,UNGGUL,69,0,Ekonomi & Bisnis
-,-,banpt-2069,-,-,TEKNIK SIPIL,SIPIL,S1,UNGGUL,69,0,Ekonomi & Bisnis
-,-,banpt-2069,-,-,SISTEM INFORMASI,SISTEM INFORMASI,S1,BAIK SEKALI,69,0,Ekonomi & Bisnis
-,-,banpt-2069,-,-,TEKNOLOGI PANGAN,TEKNOLOGI PANGAN,S1,BAIK SEKALI,69,0,Ekonomi & Bisnis
-,rencanamu-239,-,-,-,AKUNTANSI,AKUNTANSI,S1,B,7,0,Ekonomi & Bisnis
-,rencanamu-239,-,-,-,ILMU HUKUM,HUKUM,S1,A,7,0,Ekonomi & Bisnis
-,rencanamu-239,-,-,-,TEKNIK INDUSTRI,INDUSTRI,S1,C,7,0,Ekonomi & Bisnis
-,rencanamu-239,-,-,-,MANAJEMEN,MANAJEMEN,S1,B,7,0,Ekonomi & Bisnis
-,rencanamu-239,-,-,-,PSIKOLOGI,PSIKOLOGI,S1,B,7,0,Ekonomi & Bisnis
-,rencanamu-239,-,-,-,SISTEM INFORMASI,SISTEM INFORMASI,S1,C,7,0,Ekonomi & Bisnis
-,-,banpt-1691,-,-,AKUNTANSI,AKUNTANSI,S1,BAIK SEKALI,412,0,Ekonomi & Bisnis
-,-,banpt-1691,-,-,ARSITEKTUR,ARSITEKTUR,S1,BAIK SEKALI,412,0,Ekonomi & Bisnis
-,-,banpt-1691,-,-,DESAIN KOMUNIKASI VISUAL,DESAIN KOMUNIKASI VISUAL,S1,B,412,0,Ekonomi & Bisnis
-,-,banpt-1691,-,-,DESAIN PRODUK,DESAIN PRODUK,S1,B,412,0,Ekonomi & Bisnis
-,-,banpt-1691,-,-,ILMU KOMUNIKASI,ILMU KOMUNIKASI,S1,BAIK SEKALI,412,0,Ekonomi & Bisnis
-,-,banpt-1691,-,-,INFORMATIKA,INFORMATIKA,S1,BAIK SEKALI,412,0,Ekonomi & Bisnis
-,-,banpt-1691,-,-,MANAJEMEN,MANAJEMEN,S1,BAIK SEKALI,412,0,Ekonomi & Bisnis
-,-,banpt-1691,-,-,PSIKOLOGI,PSIKOLOGI,S1,B,412,0,Ekonomi & Bisnis
-,-,banpt-1691,-,-,TEKNIK SIPIL,SIPIL,S1,BAIK SEKALI,412,0,Ekonomi & Bisnis
-,-,banpt-1691,-,-,SISTEM INFORMASI,SISTEM INFORMASI,S1,BAIK SEKALI,412,0,Ekonomi & Bisnis
-,rencanamu-240,-,-,-,AKUNTANSI,AKUNTANSI,S1,B,13,0,Ekonomi & Bisnis
-,rencanamu-240,-,-,-,ARSITEKTUR,ARSITEKTUR,S1,B,13,0,Ekonomi & Bisnis
-,rencanamu-240,-,-,-,DESAIN KOMUNIKASI VISUAL,DESAIN KOMUNIKASI VISUAL,S1,B,13,0,Ekonomi & Bisnis
-,rencanamu-240,-,-,-,DESAIN PRODUK,DESAIN PRODUK,S1,B,13,0,Ekonomi & Bisnis
-,rencanamu-240,-,-,-,ILMU KOMUNIKASI,ILMU KOMUNIKASI,S1,B,13,0,Ekonomi & Bisnis
-,rencanamu-240,-,-,-,TEKNIK INFORMATIKA,INFORMATIKA,S1,B,13,0,Ekonomi & Bisnis
-,rencanamu-240,-,-,-,MANAJEMEN,MANAJEMEN,S1,B,13,0,Ekonomi & Bisnis
-,rencanamu-240,-,-,-,PSIKOLOGI,PSIKOLOGI,S1,B,13,0,Ekonomi & Bisnis
-,rencanamu-240,-,-,-,TEKNIK SIPIL,SIPIL,S1,B,13,0,Ekonomi & Bisnis
-,rencanamu-240,-,-,-,SISTEM INFORMASI,SISTEM INFORMASI,S1,B,13,0,Ekonomi & Bisnis
-,-,banpt-1214,-,-,AGRIBISNIS,AGRIBISNIS,S1,TERAKREDITASI SEMENTARA,410,0,Ekonomi & Bisnis
quipper-394,rencanamu-241,banpt-1214,-,FAKULTAS PERTANIAN,AGROTEKNOLOGI,AGROTEKNOLOGI,S1,B,410,0,Ekonomi & Bisnis
quipper-394,rencanamu-241,banpt-1214,-,FAKULTAS EKONOMI DAN BISNIS,AKUNTANSI,AKUNTANSI,S1,A,410,2,Pendidikan & Keguruan
quipper-394,rencanamu-241,banpt-1214,-,FAKULTAS TEKNIK,ARSITEKTUR,ARSITEKTUR,S1,B,410,1,Teknik & Rekayasa
quipper-394,rencanamu-241,banpt-1214,-,FAKULTAS EKONOMI DAN BISNIS,EKONOMI PEMBANGUNAN,EKONOMI PEMBANGUNAN,S1,A,410,0,Ekonomi & Bisnis
quipper-394,rencanamu-241,banpt-1214,-,FAKULTAS TEKNIK,TEKNIK ELEKTRO,ELEKTRO,S1,B,410,1,Teknik & Rekayasa
quipper-394,rencanamu-241,banpt-1214,-,FAKULTAS FILSAFAT,FILSAFAT,FILSAFAT,S1,B,410,0,Ekonomi & Bisnis
quipper-394,rencanamu-241,banpt-1214,-,FAKULTAS HUKUM,ILMU HUKUM,HUKUM,S1,B,410,3,Hukum
-,-,banpt-1214,-,-,KECERDASAN BUATAN,KECERDASAN BUATAN,S1,BAIK,410,0,Ekonomi & Bisnis
quipper-394,rencanamu-241,-,-,FAKULTAS ILMU KOMPUTER,ILMU KOMPUTER,KOMPUTER,S1,B,410,0,Ekonomi & Bisnis
quipper-394,rencanamu-241,banpt-1214,-,FAKULTAS EKONOMI DAN BISNIS,MANAJEMEN,MANAJEMEN,S1,C,410,0,Ekonomi & Bisnis
quipper-394,rencanamu-241,-,-,FAKULTAS EKONOMI DAN BISNIS,PERPAJAKAN,PERPAJAKAN,S1,B,410,0,Ekonomi & Bisnis
quipper-394,rencanamu-241,banpt-1214,-,FAKULTAS PERTANIAN,PETERNAKAN,PETERNAKAN,S1,B,410,0,Ekonomi & Bisnis
-,-,banpt-1214,-,-,SAINS DATA,SAINS DATA,S1,BAIK,410,0,Ekonomi & Bisnis
-,-,banpt-1214,-,-,TEKNIK SIPIL,SIPIL,S1,BAIK,410,0,Ekonomi & Bisnis
-,-,banpt-1214,-,-,SISTEM INFORMASI,SISTEM INFORMASI,S1,BAIK,410,0,Ekonomi & Bisnis
-,rencanamu-241,banpt-1214,-,-,SISTEM KOMPUTER,SISTEM KOMPUTER,S1,B,410,0,Ekonomi & Bisnis
-,-,banpt-1214,-,-,TEKNOLOGI INFORMASI,TEKNOLOGI INFORMASI,S1,BAIK SEKALI,410,0,Ekonomi & Bisnis
-,-,banpt-2927,-,-,ILMU ADMINISTRASI NEGARA,ADMINISTRASI NEGARA,S1,B,830,0,Ekonomi & Bisnis
-,-,banpt-2927,-,-,AGROTEKNOLOGI,AGROTEKNOLOGI,S1,B,830,0,Ekonomi & Bisnis
-,-,banpt-2927,-,-,ILMU HUKUM,HUKUM,S1,B,830,0,Ekonomi & Bisnis
-,-,banpt-2927,-,-,PENDIDIKAN JASMANI KESEHATAN DAN REKREASI,JASMANI,S1,BAIK,830,0,Ekonomi & Bisnis
-,-,banpt-2927,-,-,MANAJEMEN,MANAJEMEN,S1,B,830,0,Ekonomi & Bisnis
-,-,banpt-2927,-,-,TEKNIK MESIN,MESIN,S1,BAIK,830,0,Ekonomi & Bisnis
-,-,banpt-2927,-,-,TEKNIK SIPIL,SIPIL,S1,BAIK,830,0,Ekonomi & Bisnis
-,-,banpt-2927,-,-,SISTEM INFORMASI,SISTEM INFORMASI,S1,BAIK,830,0,Ekonomi & Bisnis
-,-,banpt-2927,-,-,TEKNOLOGI INFORMASI,TEKNOLOGI INFORMASI,S1,BAIK,830,0,Ekonomi & Bisnis
-,-,banpt-2156,-,-,ADMINISTRASI PENDIDIKAN,ADMINISTRASI,S1,BAIK,917,0,Ekonomi & Bisnis
-,-,banpt-2156,-,-,BIMBINGAN DAN KONSELING,BIMBINGAN KONSELING,S1,B,917,0,Ekonomi & Bisnis
-,-,banpt-2156,-,-,PENDIDIKAN BIOLOGI,BIOLOGI,S1,BAIK,917,0,Ekonomi & Bisnis
-,-,banpt-2156,-,-,PENDIDIKAN FISIKA,FISIKA,S1,B,917,0,Ekonomi & Bisnis
-,-,banpt-2156,-,-,PENDIDIKAN JASMANI,JASMANI,S1,B,917,0,Ekonomi & Bisnis
-,-,banpt-2156,-,-,PENDIDIKAN DOKTER HEWAN,KEDOKTERAN HEWAN,S1,BAIK,917,0,Ekonomi & Bisnis
-,-,banpt-2156,-,-,KEHUTANAN,KEHUTANAN,S1,BAIK,917,0,Ekonomi & Bisnis
-,-,banpt-2156,-,-,KESEHATAN MASYARAKAT,KESEHATAN MASYARAKAT,S1,BAIK SEKALI,917,0,Ekonomi & Bisnis
-,-,banpt-2156,-,-,PENDIDIKAN KIMIA,KIMIA,S1,B,917,0,Ekonomi & Bisnis
-,-,banpt-2156,-,-,MANAJEMEN,MANAJEMEN,S1,BAIK,917,0,Ekonomi & Bisnis
-,-,banpt-2156,-,-,PENDIDIKAN MASYARAKAT,MASYARAKAT,S1,BAIK,917,0,Ekonomi & Bisnis
-,-,banpt-2156,-,-,PENDIDIKAN MATEMATIKA,MATEMATIKA,S1,BAIK SEKALI,917,0,Ekonomi & Bisnis
-,-,banpt-2156,-,-,PENDIDIKAN OLAHRAGA DAN KESEHATAN,OLAHRAGA,S1,B,917,0,Ekonomi & Bisnis
-,-,banpt-2156,-,-,TEKNIK SIPIL,SIPIL,S1,BAIK,917,0,Ekonomi & Bisnis
-,-,banpt-2156,-,-,TEKNOLOGI PENDIDIKAN,TEKNOLOGI,S1,B,917,0,Ekonomi & Bisnis
-,-,banpt-2156,-,-,PENDIDIKAN TEKNOLOGI INFORMASI,TEKNOLOGI INFORMASI,S1,BAIK,917,0,Ekonomi & Bisnis
-,-,banpt-3506,-,-,AGRIBISNIS,AGRIBISNIS,S1,BAIK,1403,0,Ekonomi & Bisnis
-,-,banpt-3506,-,-,AKUAKULTUR,AKUAKULTUR,S1,BAIK,1403,0,Ekonomi & Bisnis
-,-,banpt-3506,-,-,AKUNTANSI,AKUNTANSI,S1,BAIK SEKALI,1403,0,Ekonomi & Bisnis
-,-,banpt-3506,-,-,PENDIDIKAN BIOLOGI,BIOLOGI,S1,B,1403,0,Ekonomi & Bisnis
-,-,banpt-3506,-,-,BISNIS DIGITAL,BISNIS DIGITAL,S1,BAIK SEKALI,1403,0,Ekonomi & Bisnis
-,-,banpt-3506,-,-,FARMASI,FARMASI,S1,BAIK,1403,0,Ekonomi & Bisnis
-,-,banpt-3506,-,-,PENDIDIKAN GURU PENDIDIKAN ANAK USIA DINI,GURU ANAK USIA DINI,S1,BAIK,1403,0,Ekonomi & Bisnis
-,-,banpt-3506,-,-,PENDIDIKAN GURU SEKOLAH DASAR,GURU SEKOLAH DASAR,S1,BAIK SEKALI,1403,0,Ekonomi & Bisnis
-,-,banpt-3506,-,-,HUBUNGAN INTERNASIONAL,HUBUNGAN INTERNASIONAL,S1,BAIK,1403,0,Ekonomi & Bisnis
-,-,banpt-3506,-,-,HUKUM,HUKUM,S1,BAIK,1403,0,Ekonomi & Bisnis
-,-,banpt-3506,-,-,ILMU KOMUNIKASI,ILMU KOMUNIKASI,S1,BAIK,1403,0,Ekonomi & Bisnis
-,-,banpt-3506,-,-,PENDIDIKAN JASMANI,JASMANI,S1,BAIK SEKALI,1403,0,Ekonomi & Bisnis
-,-,banpt-3506,-,-,TEKNIK KIMIA,KIMIA,S1,BAIK,1403,0,Ekonomi & Bisnis
-,-,banpt-3506,-,-,MANAJEMEN,MANAJEMEN,S1,BAIK SEKALI,1403,0,Ekonomi & Bisnis
-,-,banpt-3506,-,-,PENDIDIKAN MATEMATIKA,MATEMATIKA,S1,BAIK SEKALI,1403,0,Ekonomi & Bisnis
-,-,banpt-3506,-,-,PENDIDIKAN PANCASILA DAN KEWARGANEGARAAN,PANCASILA KEWARGANEGARAAN,S1,UNGGUL,1403,0,Ekonomi & Bisnis
-,-,banpt-3506,-,-,ILMU PEMERINTAHAN,PEMERINTAHAN,S1,BAIK,1403,0,Ekonomi & Bisnis
-,-,banpt-3506,-,-,PENDIDIKAN ILMU PENGETAHUAN ALAM,PENGETAHUAN ALAM,S1,UNGGUL,1403,0,Ekonomi & Bisnis
-,-,banpt-3506,-,-,PETERNAKAN,PETERNAKAN,S1,BAIK,1403,0,Ekonomi & Bisnis
-,-,banpt-3506,-,-,PSIKOLOGI,PSIKOLOGI,S1,BAIK,1403,0,Ekonomi & Bisnis
-,-,banpt-3506,-,-,TEKNIK SIPIL,SIPIL,S1,BAIK,1403,0,Ekonomi & Bisnis
-,-,banpt-3506,-,-,PENDIDIKAN TEKNOLOGI INFORMASI,TEKNOLOGI INFORMASI,S1,BAIK SEKALI,1403,0,Ekonomi & Bisnis
-,-,banpt-964,-,-,ADMINISTRASI PUBLIK,ADMINISTRASI PUBLIK,S1,BAIK SEKALI,169,0,Ekonomi & Bisnis
-,-,banpt-964,-,-,AKUNTANSI,AKUNTANSI,S1,UNGGUL,169,0,Ekonomi & Bisnis
-,-,banpt-964,-,-,BISNIS DIGITAL,BISNIS DIGITAL,S1,BAIK SEKALI,169,0,Ekonomi & Bisnis
-,-,banpt-964,-,-,TEKNIK ELEKTRO,ELEKTRO,S1,BAIK SEKALI,169,0,Ekonomi & Bisnis
-,-,banpt-964,-,-,HUKUM,HUKUM,S1,UNGGUL,169,0,Ekonomi & Bisnis
-,-,banpt-964,-,-,ILMU KOMUNIKASI,ILMU KOMUNIKASI,S1,BAIK,169,0,Ekonomi & Bisnis
-,-,banpt-964,-,-,TEKNIK LINGKUNGAN,LINGKUNGAN,S1,BAIK,169,0,Ekonomi & Bisnis
-,-,banpt-964,-,-,MANAJEMEN,MANAJEMEN,S1,UNGGUL,169,0,Ekonomi & Bisnis
-,-,banpt-964,-,-,PSIKOLOGI,PSIKOLOGI,S1,TERAKREDITASI SEMENTARA,169,0,Ekonomi & Bisnis
-,-,banpt-964,-,-,TEKNIK SIPIL,SIPIL,S1,BAIK SEKALI,169,0,Ekonomi & Bisnis
-,-,banpt-964,-,-,TEKNOLOGI INFORMASI,TEKNOLOGI INFORMASI,S1,BAIK SEKALI,169,0,Ekonomi & Bisnis
-,-,banpt-1538,-,-,ILMU ADMINISTRASI NEGARA,ADMINISTRASI NEGARA,S1,BAIK,1090,0,Ekonomi & Bisnis
-,-,banpt-1538,-,-,ILMU ADMINISTRASI NIAGA,ADMINISTRASI NIAGA,S1,B,1090,0,Ekonomi & Bisnis
-,-,banpt-1538,-,-,ARSITEKTUR,ARSITEKTUR,S1,BAIK,1090,0,Ekonomi & Bisnis
-,-,banpt-1538,-,-,ILMU PEMERINTAHAN,PEMERINTAHAN,S1,BAIK,1090,0,Ekonomi & Bisnis
-,-,banpt-1538,-,-,TEKNIK SIPIL,SIPIL,S1,BAIK,1090,0,Ekonomi & Bisnis
-,-,banpt-3270,-,-,AGRIBISNIS,AGRIBISNIS,S1,BAIK,1425,0,Ekonomi & Bisnis
-,-,banpt-3270,-,-,AKUNTANSI,AKUNTANSI,S1,B,1425,0,Ekonomi & Bisnis
-,-,banpt-3270,-,-,TEKNIK ELEKTRO,ELEKTRO,S1,BAIK,1425,0,Ekonomi & Bisnis
-,-,banpt-3270,-,-,FARMASI,FARMASI,S1,BAIK,1425,0,Ekonomi & Bisnis
-,-,banpt-3270,-,-,PENDIDIKAN GURU SEKOLAH DASAR,GURU SEKOLAH DASAR,S1,BAIK SEKALI,1425,0,Ekonomi & Bisnis
-,-,banpt-3270,-,-,HUBUNGAN INTERNASIONAL,HUBUNGAN INTERNASIONAL,S1,BAIK,1425,0,Ekonomi & Bisnis
-,-,banpt-3270,-,-,ILMU KOMUNIKASI,ILMU KOMUNIKASI,S1,BAIK,1425,0,Ekonomi & Bisnis
-,-,banpt-3270,-,-,INFORMATIKA,INFORMATIKA,S1,BAIK,1425,0,Ekonomi & Bisnis
-,-,banpt-3270,-,-,MANAJEMEN,MANAJEMEN,S1,BAIK SEKALI,1425,0,Ekonomi & Bisnis
-,-,banpt-3270,-,-,PENDIDIKAN MATEMATIKA,MATEMATIKA,S1,BAIK SEKALI,1425,0,Ekonomi & Bisnis
-,-,banpt-3270,-,-,SISTEM INFORMASI,SISTEM INFORMASI,S1,BAIK SEKALI,1425,0,Ekonomi & Bisnis
-,-,banpt-2003,-,-,BISNIS DIGITAL,BISNIS DIGITAL,S1,BAIK,136,0,Ekonomi & Bisnis
-,-,banpt-2003,-,-,FARMASI,FARMASI,S1,BAIK SEKALI,136,0,Ekonomi & Bisnis
-,-,banpt-2003,-,-,GIZI,GIZI,S1,B,136,0,Ekonomi & Bisnis
-,-,banpt-2003,-,-,ILMU KOMUNIKASI,ILMU KOMUNIKASI,S1,BAIK,136,0,Ekonomi & Bisnis
-,-,banpt-2003,-,-,KEPERAWATAN,KEPERAWATAN,S1,BAIK SEKALI,136,0,Ekonomi & Bisnis
-,-,banpt-2584,-,-,AGRIBISNIS,AGRIBISNIS,S1,BAIK SEKALI,932,0,Ekonomi & Bisnis
-,-,banpt-2584,-,-,AGROTEKNOLOGI PERTANIAN,AGROTEKNOLOGI,S1,BAIK,932,0,Ekonomi & Bisnis
-,-,banpt-2584,-,-,AKUNTANSI,AKUNTANSI,S1,BAIK SEKALI,932,0,Ekonomi & Bisnis
-,-,banpt-2584,-,-,FARMASI,FARMASI,S1,BAIK SEKALI,932,0,Ekonomi & Bisnis
-,-,banpt-2584,-,-,PENDIDIKAN GURU SEKOLAH DASAR,GURU SEKOLAH DASAR,S1,BAIK SEKALI,932,0,Ekonomi & Bisnis
-,-,banpt-2584,-,-,TEKNIK INFORMATIKA,INFORMATIKA,S1,BAIK SEKALI,932,0,Ekonomi & Bisnis
-,-,banpt-2584,-,-,MANAJEMEN,MANAJEMEN,S1,BAIK SEKALI,932,0,Ekonomi & Bisnis
-,-,banpt-2584,-,-,PETERNAKAN,PETERNAKAN,S1,BAIK SEKALI,932,0,Ekonomi & Bisnis
-,-,banpt-2584,-,-,TEKNIK SIPIL,SIPIL,S1,BAIK,932,0,Ekonomi & Bisnis
quipper-93,rencanamu-242,banpt-680,-,EKONOMI DAN BISNIS,AKUNTANSI,AKUNTANSI,S1,A,250,2,Pendidikan & Keguruan
quipper-93,-,banpt-680,-,TEKNIK,ARSITEKTUR,ARSITEKTUR,S1,BAIK SEKALI,250,0,Ekonomi & Bisnis
quipper-93,rencanamu-242,-,-,EKONOMI DAN BISNIS,MANAJEMEN PERUSAHAAN,BISNIS,S1,A,250,0,Ekonomi & Bisnis
quipper-93,rencanamu-242,banpt-680,-,ILMU KOMUNIKASI,DESAIN KOMUNIKASI VISUAL,DESAIN KOMUNIKASI VISUAL,S1,A,250,0,Ekonomi & Bisnis
quipper-93,rencanamu-242,banpt-680,-,ILMU KOMUNIKASI,ILMU KOMUNIKASI,ILMU KOMUNIKASI,S1,A,250,0,Ekonomi & Bisnis
quipper-93,rencanamu-242,banpt-680,-,TEKNIK,TEKNIK INDUSTRI,INDUSTRI,S1,B,250,0,Ekonomi & Bisnis
quipper-93,rencanamu-242,banpt-680,-,TEKNIK,TEKNIK INFORMATIKA,INFORMATIKA,S1,B,250,1,Teknik & Rekayasa
quipper-93,rencanamu-242,banpt-680,-,EKONOMI DAN BISNIS,MANAJEMEN,MANAJEMEN,S1,A,250,0,Ekonomi & Bisnis
quipper-93,-,-,-,TEKNIK,MANAJEMEN INFORMATIKA,MANAJEMEN INFORMATIKA,S1,-,250,0,Ekonomi & Bisnis
quipper-93,rencanamu-242,banpt-680,-,PSIKOLOGI,PSIKOLOGI,PSIKOLOGI,S1,A,250,0,Ekonomi & Bisnis
quipper-93,rencanamu-242,banpt-680,-,TEKNIK,TEKNIK SIPIL,SIPIL,S1,B,250,5,Sains & Teknologi
quipper-93,-,banpt-680,-,TEKNIK,SISTEM INFORMASI,SISTEM INFORMASI,S1,BAIK,250,4,Teknologi Industri
-,-,banpt-3855,-,-,AGROTEKNOLOGI,AGROTEKNOLOGI,S1,BAIK,1467,0,Ekonomi & Bisnis
-,-,banpt-3855,-,-,AKUNTANSI,AKUNTANSI,S1,BAIK,1467,0,Ekonomi & Bisnis
-,-,banpt-3855,-,-,BIMBINGAN DAN KONSELING,BIMBINGAN KONSELING,S1,BAIK,1467,0,Ekonomi & Bisnis
-,-,banpt-3855,-,-,BIOLOGI,BIOLOGI,S1,BAIK,1467,0,Ekonomi & Bisnis
-,-,banpt-3855,-,-,EKONOMI PEMBANGUNAN,EKONOMI PEMBANGUNAN,S1,BAIK,1467,0,Ekonomi & Bisnis
-,-,banpt-3855,-,-,ILMU HUKUM,HUKUM,S1,BAIK SEKALI,1467,0,Ekonomi & Bisnis
-,-,banpt-3855,-,-,PENDIDIKAN JASMANI,JASMANI,S1,BAIK SEKALI,1467,0,Ekonomi & Bisnis
-,-,banpt-3855,-,-,MANAJEMEN,MANAJEMEN,S1,BAIK,1467,0,Ekonomi & Bisnis
-,-,banpt-3855,-,-,PENDIDIKAN SEJARAH,SEJARAH,S1,BAIK SEKALI,1467,0,Ekonomi & Bisnis
-,-,banpt-316,-,-,BISNIS DIGITAL,BISNIS DIGITAL,S1,BAIK,877,0,Ekonomi & Bisnis
-,-,banpt-316,-,-,INFORMATIKA,INFORMATIKA,S1,BAIK,877,0,Ekonomi & Bisnis
-,-,banpt-316,-,-,ILMU LINGKUNGAN,LINGKUNGAN,S1,BAIK,877,0,Ekonomi & Bisnis
-,-,banpt-316,-,-,PARIWISATA,PARIWISATA,S1,BAIK,877,0,Ekonomi & Bisnis
-,-,banpt-316,-,-,PETERNAKAN,PETERNAKAN,S1,BAIK,877,0,Ekonomi & Bisnis
-,-,banpt-316,-,-,PENDIDIKAN SEJARAH,SEJARAH,S1,BAIK SEKALI,877,0,Ekonomi & Bisnis
quipper-702,-,-,-,FAKULTAS TEKNOLOGI INDUSTRI,ILMU TEKNIK,,S1,-,48,4,Teknologi Industri
quipper-702,rencanamu-243,banpt-3823,-,FAKULTAS EKONOMI DAN BISNIS,ILMU EKONOMI,EKONOMI,S1,UNGGUL,48,0,Ekonomi & Bisnis
quipper-702,rencanamu-243,banpt-3823,-,FAKULTAS TEKNOLOGI INDUSTRI,TEKNIK ELEKTRO,ELEKTRO,S1,BAIK SEKALI,48,4,Teknologi Industri
quipper-702,rencanamu-243,banpt-3823,-,FAKULTAS TEKNOLOGI EKSPLORASI DAN PRODUKSI,GEOFISIKA,FISIKA,S1,UNGGUL,48,0,Ekonomi & Bisnis
quipper-702,rencanamu-243,banpt-3823,-,FAKULTAS TEKNOLOGI EKSPLORASI DAN PRODUKSI,TEKNIK GEOLOGI,GEOLOGI,S1,BAIK SEKALI,48,0,Ekonomi & Bisnis
quipper-702,rencanamu-243,banpt-3823,-,FAKULTAS KOMUNIKASI DAN DIPLOMASI,HUBUNGAN INTERNASIONAL,HUBUNGAN INTERNASIONAL,S1,BAIK SEKALI,48,0,Ekonomi & Bisnis
quipper-702,rencanamu-243,banpt-3823,-,FAKULTAS KOMUNIKASI DAN DIPLOMASI,ILMU KOMUNIKASI,ILMU KOMUNIKASI,S1,UNGGUL,48,0,Ekonomi & Bisnis
quipper-702,rencanamu-243,banpt-3823,-,FAKULTAS SAINS DAN KOMPUTER,KIMIA,KIMIA,S1,BAIK SEKALI,48,0,Ekonomi & Bisnis
quipper-702,rencanamu-243,banpt-3823,-,FAKULTAS SAINS DAN KOMPUTER,ILMU KOMPUTER,KOMPUTER,S1,BAIK SEKALI,48,0,Ekonomi & Bisnis
quipper-702,rencanamu-243,banpt-3823,-,FAKULTAS PERENCANAAN INFRASTRUKTUR,TEKNIK LINGKUNGAN,LINGKUNGAN,S1,BAIK SEKALI,48,0,Ekonomi & Bisnis
-,rencanamu-243,banpt-3823,-,-,TEKNIK LOGISTIK,LOGISTIK,S1,BAIK SEKALI,48,0,Ekonomi & Bisnis
quipper-702,rencanamu-243,banpt-3823,-,FAKULTAS EKONOMI DAN BISNIS,MANAJEMEN,MANAJEMEN,S1,UNGGUL,48,0,Ekonomi & Bisnis
quipper-702,rencanamu-243,banpt-3823,-,FAKULTAS TEKNOLOGI INDUSTRI,TEKNIK MESIN,MESIN,S1,BAIK SEKALI,48,4,Teknologi Industri
quipper-702,rencanamu-243,banpt-3823,-,FAKULTAS TEKNOLOGI EKSPLORASI DAN PRODUKSI,TEKNIK PERMINYAKAN,PERMINYAKAN,S1,BAIK SEKALI,48,0,Ekonomi & Bisnis
quipper-702,rencanamu-243,banpt-3823,-,FAKULTAS PERENCANAAN INFRASTRUKTUR,TEKNIK SIPIL,SIPIL,S1,BAIK SEKALI,48,5,Sains & Teknologi
-,-,banpt-790,-,-,ILMU HUKUM,HUKUM,S1,B,328,0,Ekonomi & Bisnis
-,-,banpt-790,-,-,MANAJEMEN,MANAJEMEN,S1,BAIK SEKALI,328,0,Ekonomi & Bisnis
-,-,banpt-790,-,-,REKAYASA SISTEM KOMPUTER,REKAYASA PERANGKAT LUNAK,S1,BAIK,328,0,Ekonomi & Bisnis
-,-,banpt-790,-,-,SAINS DATA,SAINS DATA,S1,BAIK,328,0,Ekonomi & Bisnis
-,-,banpt-790,-,-,SISTEM DAN TEKNOLOGI INFORMASI,SISTEM INFORMASI,S1,BAIK,328,0,Ekonomi & Bisnis
-,-,banpt-1353,-,-,AKUNTANSI,AKUNTANSI,S1,B,610,0,Ekonomi & Bisnis
-,-,banpt-1353,-,-,DESAIN KOMUNIKASI VISUAL,DESAIN KOMUNIKASI VISUAL,S1,BAIK,610,0,Ekonomi & Bisnis
-,-,banpt-1353,-,-,INFORMATIKA,INFORMATIKA,S1,BAIK,610,0,Ekonomi & Bisnis
-,-,banpt-1353,-,-,MANAJEMEN,MANAJEMEN,S1,B,610,0,Ekonomi & Bisnis
-,-,banpt-1353,-,-,SASTRA INGGRIS,SASTRA INGGRIS,S1,BAIK,610,0,Ekonomi & Bisnis
-,-,banpt-1353,-,-,SISTEM INFORMASI,SISTEM INFORMASI,S1,BAIK,610,0,Ekonomi & Bisnis
-,-,banpt-1986,-,-,AGRIBISNIS,AGRIBISNIS,S1,BAIK,1302,0,Ekonomi & Bisnis
-,-,banpt-1986,-,-,AKUNTANSI,AKUNTANSI,S1,BAIK,1302,0,Ekonomi & Bisnis
-,-,banpt-1986,-,-,INFORMATIKA,INFORMATIKA,S1,BAIK,1302,0,Ekonomi & Bisnis
-,-,banpt-1986,-,-,MANAJEMEN,MANAJEMEN,S1,BAIK,1302,0,Ekonomi & Bisnis
-,-,banpt-1986,-,-,TEKNIK MESIN,MESIN,S1,BAIK,1302,0,Ekonomi & Bisnis
-,-,banpt-2510,-,-,ILMU ADMINISTRASI NIAGA,ADMINISTRASI NIAGA,S1,B,504,0,Ekonomi & Bisnis
-,-,banpt-2510,-,-,HUKUM KELUARGA,HUKUM,S1,BAIK,504,0,Ekonomi & Bisnis
-,-,banpt-2510,-,-,MATEMATIKA,MATEMATIKA,S1,BAIK,504,0,Ekonomi & Bisnis
-,-,banpt-2510,-,-,SASTRA INGGRIS,SASTRA INGGRIS,S1,B,504,0,Ekonomi & Bisnis
-,-,banpt-2510,-,-,SISTEM INFORMASI,SISTEM INFORMASI,S1,BAIK SEKALI,504,0,Ekonomi & Bisnis
-,-,banpt-746,-,-,AKUNTANSI,AKUNTANSI,S1,A,423,0,Ekonomi & Bisnis
-,-,banpt-746,-,-,BIMBINGAN DAN KONSELING,BIMBINGAN KONSELING,S1,UNGGUL,423,0,Ekonomi & Bisnis
-,-,banpt-746,-,-,PENDIDIKAN SENI RUPA,DESAIN KOMUNIKASI VISUAL,S1,UNGGUL,423,0,Ekonomi & Bisnis
-,-,banpt-746,-,-,PENDIDIKAN EKONOMI,EKONOMI,S1,BAIK SEKALI,423,0,Ekonomi & Bisnis
-,-,banpt-746,-,-,TEKNIK ELEKTRO,ELEKTRO,S1,BAIK SEKALI,423,0,Ekonomi & Bisnis
-,-,banpt-746,-,-,FARMASI,FARMASI,S1,BAIK SEKALI,423,0,Ekonomi & Bisnis
-,-,banpt-746,-,-,PENDIDIKAN GURU PENDIDIKAN ANAK USIA DINI,GURU ANAK USIA DINI,S1,UNGGUL,423,0,Ekonomi & Bisnis
-,-,banpt-746,-,-,PENDIDIKAN GURU SEKOLAH DASAR,GURU SEKOLAH DASAR,S1,UNGGUL,423,0,Ekonomi & Bisnis
-,-,banpt-746,-,-,TEKNIK INDUSTRI,INDUSTRI,S1,UNGGUL,423,0,Ekonomi & Bisnis
-,-,banpt-746,-,-,PENDIDIKAN JASMANI,JASMANI,S1,UNGGUL,423,0,Ekonomi & Bisnis
-,-,banpt-746,-,-,KEBIDANAN,KEBIDANAN,S1,BAIK SEKALI,423,0,Ekonomi & Bisnis
-,-,banpt-746,-,-,TEKNIK LINGKUNGAN,LINGKUNGAN,S1,BAIK SEKALI,423,0,Ekonomi & Bisnis
-,-,banpt-746,-,-,PENDIDIKAN MATEMATIKA,MATEMATIKA,S1,BAIK SEKALI,423,0,Ekonomi & Bisnis
-,-,banpt-746,-,-,PENDIDIKAN PANCASILA DAN KEWARGANEGARAAN,PANCASILA KEWARGANEGARAAN,S1,BAIK SEKALI,423,0,Ekonomi & Bisnis
-,-,banpt-746,-,-,STATISTIK,STATISTIK,S1,B,423,0,Ekonomi & Bisnis
-,-,banpt-2158,-,-,BIMBINGAN DAN KONSELING,BIMBINGAN KONSELING,S1,BAIK SEKALI,637,0,Ekonomi & Bisnis
-,-,banpt-2158,-,-,PENDIDIKAN BIOLOGI,BIOLOGI,S1,B,637,0,Ekonomi & Bisnis
-,-,banpt-2158,-,-,BISNIS DIGITAL,BISNIS DIGITAL,S1,BAIK,637,0,Ekonomi & Bisnis
-,-,banpt-2158,-,-,PENDIDIKAN EKONOMI,EKONOMI,S1,BAIK SEKALI,637,0,Ekonomi & Bisnis
-,-,banpt-2158,-,-,PENDIDIKAN GURU PENDIDIKAN ANAK USIA DINI,GURU ANAK USIA DINI,S1,B,637,0,Ekonomi & Bisnis
-,-,banpt-2158,-,-,TEKNIK LINGKUNGAN,LINGKUNGAN,S1,BAIK,637,0,Ekonomi & Bisnis
-,-,banpt-2158,-,-,MANAJEMEN,MANAJEMEN,S1,BAIK SEKALI,637,0,Ekonomi & Bisnis
-,-,banpt-2158,-,-,PENDIDIKAN MATEMATIKA,MATEMATIKA,S1,BAIK SEKALI,637,0,Ekonomi & Bisnis
-,-,banpt-2158,-,-,PENDIDIKAN PANCASILA DAN KEWARGANEGARAAN,PANCASILA KEWARGANEGARAAN,S1,BAIK SEKALI,637,0,Ekonomi & Bisnis
-,-,banpt-2158,-,-,PENDIDIKAN SEJARAH,SEJARAH,S1,B,637,0,Ekonomi & Bisnis
-,-,banpt-2158,-,-,STATISTIK,STATISTIK,S1,BAIK,637,0,Ekonomi & Bisnis
-,-,banpt-3051,-,-,BIMBINGAN DAN KONSELING,BIMBINGAN KONSELING,S1,BAIK SEKALI,1184,0,Ekonomi & Bisnis
-,-,banpt-3051,-,-,BIOLOGI,BIOLOGI,S1,B,1184,0,Ekonomi & Bisnis
-,-,banpt-3051,-,-,TEKNIK ELEKTRO,ELEKTRO,S1,BAIK,1184,0,Ekonomi & Bisnis
-,-,banpt-3051,-,-,PENDIDIKAN JASMANI,JASMANI,S1,BAIK SEKALI,1184,0,Ekonomi & Bisnis
-,-,banpt-3051,-,-,KIMIA,KIMIA,S1,BAIK,1184,0,Ekonomi & Bisnis
-,-,banpt-3051,-,-,PENDIDIKAN MATEMATIKA,MATEMATIKA,S1,BAIK SEKALI,1184,0,Ekonomi & Bisnis
-,-,banpt-3051,-,-,TEKNIK MESIN,MESIN,S1,BAIK SEKALI,1184,0,Ekonomi & Bisnis
-,-,banpt-3051,-,-,PENDIDIKAN PANCASILA DAN KEWARGANEGARAAN,PANCASILA KEWARGANEGARAAN,S1,BAIK SEKALI,1184,0,Ekonomi & Bisnis
-,-,banpt-3051,-,-,TEKNOLOGI HASIL PERTANIAN,PERTANIAN,S1,BAIK,1184,0,Ekonomi & Bisnis
-,-,banpt-3051,-,-,PENDIDIKAN SEJARAH,SEJARAH,S1,BAIK SEKALI,1184,0,Ekonomi & Bisnis
-,-,banpt-3051,-,-,TEKNOLOGI HASIL PERIKANAN,TEKNOLOGI HASIL PERIKANAN,S1,BAIK,1184,0,Ekonomi & Bisnis
-,-,banpt-334,-,-,PENDIDIKAN GURU SEKOLAH DASAR,GURU SEKOLAH DASAR,S1,BAIK SEKALI,90,0,Ekonomi & Bisnis
-,-,banpt-334,-,-,INFORMATIKA,INFORMATIKA,S1,BAIK,90,0,Ekonomi & Bisnis
-,-,banpt-334,-,-,PENDIDIKAN SEJARAH,SEJARAH,S1,BAIK SEKALI,90,0,Ekonomi & Bisnis
-,-,banpt-334,-,-,SISTEM INFORMASI,SISTEM INFORMASI,S1,BAIK,90,0,Ekonomi & Bisnis
-,-,banpt-334,-,-,STATISTIK,STATISTIK,S1,BAIK,90,0,Ekonomi & Bisnis
-,-,banpt-1158,-,-,PENDIDIKAN BIOLOGI,BIOLOGI,S1,BAIK SEKALI,1195,0,Ekonomi & Bisnis
-,-,banpt-1158,-,-,PENDIDIKAN GURU SEKOLAH DASAR,GURU SEKOLAH DASAR,S1,BAIK SEKALI,1195,0,Ekonomi & Bisnis
-,-,banpt-1158,-,-,KEWIRAUSAHAAN,KEWIRAUSAHAAN,S1,BAIK,1195,0,Ekonomi & Bisnis
-,-,banpt-1158,-,-,ILMU KOMPUTER,KOMPUTER,S1,BAIK,1195,0,Ekonomi & Bisnis
-,-,banpt-1158,-,-,PENDIDIKAN MATEMATIKA,MATEMATIKA,S1,BAIK SEKALI,1195,0,Ekonomi & Bisnis
-,-,banpt-1158,-,-,SAINS LINGKUNGAN,SAINS LINGKUNGAN,S1,TERAKREDITASI SEMENTARA,1195,0,Ekonomi & Bisnis
-,-,banpt-1158,-,-,PENDIDIKAN SENI TARI,SENI,S1,BAIK SEKALI,1195,0,Ekonomi & Bisnis
-,-,banpt-1158,-,-,TEKNOLOGI INFORMASI,TEKNOLOGI INFORMASI,S1,BAIK,1195,0,Ekonomi & Bisnis
-,-,banpt-50,-,-,AKUNTANSI,AKUNTANSI,S1,B,532,0,Ekonomi & Bisnis
-,-,banpt-50,-,-,BIMBINGAN DAN KONSELING,BIMBINGAN KONSELING,S1,BAIK SEKALI,532,0,Ekonomi & Bisnis
-,-,banpt-50,-,-,PENDIDIKAN EKONOMI,EKONOMI,S1,BAIK SEKALI,532,0,Ekonomi & Bisnis
-,-,banpt-50,-,-,PENDIDIKAN FISIKA,FISIKA,S1,B,532,0,Ekonomi & Bisnis
-,-,banpt-50,-,-,PENDIDIKAN GEOGRAFI,GEOGRAFI,S1,BAIK SEKALI,532,0,Ekonomi & Bisnis
-,-,banpt-50,-,-,PENDIDIKAN GURU PENDIDIKAN ANAK USIA DINI,GURU ANAK USIA DINI,S1,BAIK SEKALI,532,0,Ekonomi & Bisnis
-,-,banpt-50,-,-,PENDIDIKAN GURU SEKOLAH DASAR,GURU SEKOLAH DASAR,S1,UNGGUL,532,0,Ekonomi & Bisnis
-,-,banpt-50,-,-,ILMU HUKUM,HUKUM,S1,B,532,0,Ekonomi & Bisnis
-,-,banpt-50,-,-,TEKNIK INFORMATIKA,INFORMATIKA,S1,BAIK SEKALI,532,0,Ekonomi & Bisnis
-,-,banpt-50,-,-,MANAJEMEN,MANAJEMEN,S1,B,532,0,Ekonomi & Bisnis
-,-,banpt-50,-,-,PENDIDIKAN MATEMATIKA,MATEMATIKA,S1,BAIK,532,0,Ekonomi & Bisnis
-,-,banpt-50,-,-,PENDIDIKAN PANCASILA DAN KEWARGANEGARAAN,PANCASILA KEWARGANEGARAAN,S1,BAIK SEKALI,532,0,Ekonomi & Bisnis
-,-,banpt-50,-,-,PENDIDIKAN ILMU PENGETAHUAN ALAM,PENGETAHUAN ALAM,S1,BAIK,532,0,Ekonomi & Bisnis
-,-,banpt-50,-,-,PETERNAKAN,PETERNAKAN,S1,B,532,0,Ekonomi & Bisnis
-,-,banpt-50,-,-,SASTRA INGGRIS,SASTRA INGGRIS,S1,B,532,0,Ekonomi & Bisnis
-,-,banpt-50,-,-,SISTEM INFORMASI,SISTEM INFORMASI,S1,B,532,0,Ekonomi & Bisnis
-,rencanamu-245,banpt-2371,-,-,PENDIDIKAN AKUNTANSI,AKUNTANSI,S1,B,631,0,Ekonomi & Bisnis
-,rencanamu-245,banpt-2371,-,-,BIMBINGAN DAN KONSELING,BIMBINGAN KONSELING,S1,B,631,0,Ekonomi & Bisnis
-,rencanamu-245,banpt-2371,-,-,PENDIDIKAN BIOLOGI,BIOLOGI,S1,B,631,0,Ekonomi & Bisnis
-,rencanamu-245,banpt-2371,-,-,PENDIDIKAN EKONOMI,EKONOMI,S1,B,631,0,Ekonomi & Bisnis
-,rencanamu-245,banpt-2371,-,-,PENDIDIKAN TEKNIK ELEKTRO,ELEKTRO,S1,B,631,0,Ekonomi & Bisnis
-,rencanamu-245,banpt-2371,-,-,FARMASI,FARMASI,S1,C,631,0,Ekonomi & Bisnis
-,rencanamu-245,banpt-2371,-,-,PENDIDIKAN FISIKA,FISIKA,S1,C,631,0,Ekonomi & Bisnis
-,rencanamu-245,banpt-2371,-,-,PENDIDIKAN ANAK USIA DINI,GURU ANAK USIA DINI,S1,B,631,0,Ekonomi & Bisnis
-,rencanamu-245,banpt-2371,-,-,PENDIDIKAN GURU SD,GURU SEKOLAH DASAR,S1,B,631,0,Ekonomi & Bisnis
-,-,banpt-2371,-,-,HUKUM,HUKUM,S1,BAIK,631,0,Ekonomi & Bisnis
-,rencanamu-245,banpt-2371,-,-,TEKNIK INDUSTRI,INDUSTRI,S1,C,631,0,Ekonomi & Bisnis
-,rencanamu-245,banpt-2371,-,-,TEKNIK INFORMATIKA,INFORMATIKA,S1,C,631,0,Ekonomi & Bisnis
-,rencanamu-245,banpt-2371,-,-,TEKNIK KIMIA,KIMIA,S1,C,631,0,Ekonomi & Bisnis
-,rencanamu-245,banpt-2371,-,-,MANAJEMEN,MANAJEMEN,S1,B,631,0,Ekonomi & Bisnis
-,rencanamu-245,banpt-2371,-,-,PENDIDIKAN MATEMATIKA,MATEMATIKA,S1,B,631,0,Ekonomi & Bisnis
-,rencanamu-245,banpt-2371,-,-,ILMU KEOLAHRAGAAN,OLAHRAGA,S1,BAIK,631,0,Ekonomi & Bisnis
-,rencanamu-245,banpt-2371,-,-,PENDIDIKAN PANCASILA DAN KEWARGANEGARAAN,PANCASILA KEWARGANEGARAAN,S1,B,631,0,Ekonomi & Bisnis
-,-,banpt-2371,-,-,PENDIDIKAN ILMU PENGETAHUAN ALAM,PENGETAHUAN ALAM,S1,BAIK,631,0,Ekonomi & Bisnis
-,rencanamu-245,banpt-2371,-,-,PENDIDIKAN SEJARAH,SEJARAH,S1,B,631,0,Ekonomi & Bisnis
-,rencanamu-245,banpt-2371,-,-,SISTEM INFORMASI,SISTEM INFORMASI,S1,C,631,0,Ekonomi & Bisnis
-,-,banpt-3772,-,-,BIMBINGAN DAN KONSELING,BIMBINGAN KONSELING,S1,BAIK SEKALI,428,0,Ekonomi & Bisnis
-,-,banpt-3772,-,-,PENDIDIKAN BIOLOGI,BIOLOGI,S1,BAIK SEKALI,428,0,Ekonomi & Bisnis
-,-,banpt-3772,-,-,PENDIDIKAN SENI RUPA,DESAIN KOMUNIKASI VISUAL,S1,BAIK SEKALI,428,0,Ekonomi & Bisnis
-,-,banpt-3772,-,-,PENDIDIKAN EKONOMI,EKONOMI,S1,BAIK SEKALI,428,0,Ekonomi & Bisnis
-,-,banpt-3772,-,-,TEKNIK INFORMATIKA,INFORMATIKA,S1,BAIK,428,0,Ekonomi & Bisnis
-,-,banpt-3772,-,-,PENDIDIKAN JASMANI,JASMANI,S1,BAIK SEKALI,428,0,Ekonomi & Bisnis
-,-,banpt-3772,-,-,KEWIRAUSAHAAN,KEWIRAUSAHAAN,S1,BAIK,428,0,Ekonomi & Bisnis
-,-,banpt-3772,-,-,PENDIDIKAN MATEMATIKA,MATEMATIKA,S1,BAIK SEKALI,428,0,Ekonomi & Bisnis
-,-,banpt-3772,-,-,PENDIDIKAN SEJARAH,SEJARAH,S1,BAIK SEKALI,428,0,Ekonomi & Bisnis
-,-,banpt-3772,-,-,PENDIDIKAN SENI DRAMA,SENI,S1,UNGGUL,428,0,Ekonomi & Bisnis
-,-,banpt-3772,-,-,SISTEM INFORMASI,SISTEM INFORMASI,S1,BAIK,428,0,Ekonomi & Bisnis
-,-,banpt-99,-,-,AGRIBISNIS,AGRIBISNIS,S1,TERAKREDITASI SEMENTARA,944,0,Ekonomi & Bisnis
-,-,banpt-99,-,-,AKUNTANSI,AKUNTANSI,S1,BAIK,944,0,Ekonomi & Bisnis
-,-,banpt-99,-,-,BISNIS DIGITAL,BISNIS DIGITAL,S1,BAIK,944,0,Ekonomi & Bisnis
-,-,banpt-99,-,-,PENDIDIKAN EKONOMI,EKONOMI,S1,BAIK SEKALI,944,0,Ekonomi & Bisnis
-,-,banpt-99,-,-,HUKUM,HUKUM,S1,TERAKREDITASI SEMENTARA,944,0,Ekonomi & Bisnis
-,-,banpt-99,-,-,TEKNIK INDUSTRI,INDUSTRI,S1,BAIK,944,0,Ekonomi & Bisnis
-,-,banpt-99,-,-,MANAJEMEN,MANAJEMEN,S1,BAIK,944,0,Ekonomi & Bisnis
-,-,banpt-99,-,-,PENDIDIKAN MATEMATIKA,MATEMATIKA,S1,BAIK SEKALI,944,0,Ekonomi & Bisnis
-,-,banpt-99,-,-,PENDIDIKAN PANCASILA DAN KEWARGANEGARAAN,PANCASILA KEWARGANEGARAAN,S1,BAIK SEKALI,944,0,Ekonomi & Bisnis
-,-,banpt-99,-,-,PENDIDIKAN ILMU PENGETAHUAN ALAM,PENGETAHUAN ALAM,S1,BAIK SEKALI,944,0,Ekonomi & Bisnis
-,-,banpt-99,-,-,TEKNOLOGI INFORMASI,TEKNOLOGI INFORMASI,S1,BAIK,944,0,Ekonomi & Bisnis
-,-,banpt-1994,-,-,PENDIDIKAN GEOGRAFI,GEOGRAFI,S1,BAIK SEKALI,33,0,Ekonomi & Bisnis
-,-,banpt-1994,-,-,ILMU HUKUM,HUKUM,S1,BAIK,33,0,Ekonomi & Bisnis
-,-,banpt-1994,-,-,PENDIDIKAN JASMANI,JASMANI,S1,BAIK,33,0,Ekonomi & Bisnis
-,-,banpt-1994,-,-,KEHUTANAN,KEHUTANAN,S1,BAIK,33,0,Ekonomi & Bisnis
-,-,banpt-1994,-,-,ILMU POLITIK,POLITIK,S1,B,33,0,Ekonomi & Bisnis
-,-,banpt-1994,-,-,PENDIDIKAN SEJARAH,SEJARAH,S1,BAIK SEKALI,33,0,Ekonomi & Bisnis
-,-,banpt-1994,-,-,SOSIOLOGI,SOSIOLOGI,S1,B,33,0,Ekonomi & Bisnis
-,rencanamu-246,banpt-694,-,-,PENDIDIKAN AKUNTANSI,AKUNTANSI,S1,B,31,0,Ekonomi & Bisnis
-,rencanamu-246,banpt-694,-,-,BIMBINGAN DAN KONSELING,BIMBINGAN KONSELING,S1,B,31,0,Ekonomi & Bisnis
-,rencanamu-246,banpt-694,-,-,BIOLOGI,BIOLOGI,S1,C,31,0,Ekonomi & Bisnis
-,-,banpt-694,-,-,BISNIS DIGITAL,BISNIS DIGITAL,S1,BAIK,31,0,Ekonomi & Bisnis
-,rencanamu-246,banpt-694,-,-,TEKNIK ELEKTRO,ELEKTRO,S1,C,31,0,Ekonomi & Bisnis
-,rencanamu-246,banpt-694,-,-,PENDIDIKAN FISIKA,FISIKA,S1,C,31,0,Ekonomi & Bisnis
-,rencanamu-246,banpt-694,-,-,PENDIDIKAN GEOGRAFI,GEOGRAFI,S1,C,31,0,Ekonomi & Bisnis
-,-,banpt-694,-,-,PENDIDIKAN GURU PENDIDIKAN ANAK USIA DINI,GURU ANAK USIA DINI,S1,BAIK,31,0,Ekonomi & Bisnis
-,rencanamu-246,-,-,-,PENDIDIKAN GURU PAUD,GURU PAUD,S1,-,31,0,Ekonomi & Bisnis
-,-,banpt-694,-,-,PENDIDIKAN GURU SEKOLAH DASAR,GURU SEKOLAH DASAR,S1,UNGGUL,31,0,Ekonomi & Bisnis
-,-,banpt-694,-,-,HUKUM BISNIS,HUKUM,S1,TERAKREDITASI SEMENTARA,31,0,Ekonomi & Bisnis
-,-,banpt-694,-,-,INFORMATIKA,INFORMATIKA,S1,BAIK,31,0,Ekonomi & Bisnis
-,-,banpt-694,-,-,PENDIDIKAN JASMANI,JASMANI,S1,UNGGUL,31,0,Ekonomi & Bisnis
-,-,banpt-694,-,-,ILMU KELAUTAN,KELAUTAN,S1,TERAKREDITASI SEMENTARA,31,0,Ekonomi & Bisnis
-,-,banpt-694,-,-,KEWIRAUSAHAAN,KEWIRAUSAHAAN,S1,BAIK,31,0,Ekonomi & Bisnis
-,rencanamu-246,banpt-694,-,-,TEKNIK KIMIA,KIMIA,S1,C,31,0,Ekonomi & Bisnis
-,rencanamu-246,banpt-694,-,-,MANAJEMEN,MANAJEMEN,S1,C,31,0,Ekonomi & Bisnis
-,rencanamu-246,banpt-694,-,-,PENDIDIKAN MATEMATIKA,MATEMATIKA,S1,C,31,0,Ekonomi & Bisnis
-,rencanamu-246,-,-,-,PENDIDIKAN OLAHRAGA DAN KESEHATAN,OLAHRAGA,S1,B,31,0,Ekonomi & Bisnis
-,-,banpt-694,-,-,PENDIDIKAN ILMU PENGETAHUAN ALAM,PENGETAHUAN ALAM,S1,BAIK,31,0,Ekonomi & Bisnis
-,rencanamu-246,banpt-694,-,-,PERIKANAN,PERIKANAN,S1,C,31,0,Ekonomi & Bisnis
-,-,banpt-694,-,-,SAINS LINGKUNGAN,SAINS LINGKUNGAN,S1,BAIK,31,0,Ekonomi & Bisnis
-,rencanamu-246,banpt-694,-,-,PENDIDIKAN SEJARAH,SEJARAH,S1,C,31,0,Ekonomi & Bisnis
-,-,banpt-694,-,-,PENDIDIKAN SENI PERTUNJUKAN,SENI,S1,B,31,0,Ekonomi & Bisnis
-,rencanamu-246,banpt-694,-,-,TEKNIK SIPIL,SIPIL,S1,C,31,0,Ekonomi & Bisnis
-,-,banpt-543,-,-,BIMBINGAN DAN KONSELING,BIMBINGAN KONSELING,S1,B,987,0,Ekonomi & Bisnis
-,-,banpt-543,-,-,PENDIDIKAN BIOLOGI,BIOLOGI,S1,BAIK,987,0,Ekonomi & Bisnis
-,-,banpt-543,-,-,SAINS INFORMASI GEOGRAFI,BISNIS,S1,BAIK,987,0,Ekonomi & Bisnis
-,-,banpt-543,-,-,PENDIDIKAN FISIKA,FISIKA,S1,B,987,0,Ekonomi & Bisnis
-,-,banpt-543,-,-,PENDIDIKAN GEOGRAFI,GEOGRAFI,S1,B,987,0,Ekonomi & Bisnis
-,-,banpt-543,-,-,PENDIDIKAN GURU PENDIDIKAN ANAK USIA DINI,GURU ANAK USIA DINI,S1,BAIK,987,0,Ekonomi & Bisnis
-,-,banpt-543,-,-,PENDIDIKAN GURU SEKOLAH DASAR,GURU SEKOLAH DASAR,S1,BAIK,987,0,Ekonomi & Bisnis
-,-,banpt-543,-,-,INFORMATIKA,INFORMATIKA,S1,BAIK,987,0,Ekonomi & Bisnis
-,-,banpt-543,-,-,PENDIDIKAN JASMANI,JASMANI,S1,BAIK SEKALI,987,0,Ekonomi & Bisnis
-,-,banpt-543,-,-,PENDIDIKAN MATEMATIKA,MATEMATIKA,S1,B,987,0,Ekonomi & Bisnis
-,-,banpt-543,-,-,PENDIDIKAN PANCASILA DAN KEWARGANEGARAAN,PANCASILA KEWARGANEGARAAN,S1,BAIK SEKALI,987,0,Ekonomi & Bisnis
-,-,banpt-543,-,-,PENDIDIKAN SEJARAH,SEJARAH,S1,BAIK SEKALI,987,0,Ekonomi & Bisnis
-,-,banpt-543,-,-,SISTEM INFORMASI,SISTEM INFORMASI,S1,BAIK,987,0,Ekonomi & Bisnis
-,-,banpt-543,-,-,PENDIDIKAN TEKNOLOGI INFORMASI,TEKNOLOGI INFORMASI,S1,B,987,0,Ekonomi & Bisnis
-,-,banpt-755,-,-,BIOLOGI,BIOLOGI,S1,BAIK SEKALI,110,0,Ekonomi & Bisnis
-,-,banpt-755,-,-,PENDIDIKAN EKONOMI,EKONOMI,S1,BAIK SEKALI,110,0,Ekonomi & Bisnis
-,-,banpt-755,-,-,PENDIDIKAN GURU PENDIDIKAN ANAK USIA DINI,GURU ANAK USIA DINI,S1,BAIK SEKALI,110,0,Ekonomi & Bisnis
-,-,banpt-755,-,-,PENDIDIKAN GURU SEKOLAH DASAR,GURU SEKOLAH DASAR,S1,BAIK SEKALI,110,0,Ekonomi & Bisnis
-,-,banpt-755,-,-,ILMU KOMUNIKASI,ILMU KOMUNIKASI,S1,BAIK SEKALI,110,0,Ekonomi & Bisnis
-,-,banpt-755,-,-,TEKNIK INDUSTRI,INDUSTRI,S1,BAIK SEKALI,110,0,Ekonomi & Bisnis
-,-,banpt-755,-,-,TEKNIK INFORMATIKA,INFORMATIKA,S1,BAIK SEKALI,110,0,Ekonomi & Bisnis
-,-,banpt-755,-,-,ILMU KELAUTAN,KELAUTAN,S1,B,110,0,Ekonomi & Bisnis
-,-,banpt-755,-,-,MATEMATIKA,MATEMATIKA,S1,BAIK,110,0,Ekonomi & Bisnis
-,-,banpt-755,-,-,PENDIDIKAN PANCASILA DAN KEWARGANEGARAAN,PANCASILA KEWARGANEGARAAN,S1,BAIK SEKALI,110,0,Ekonomi & Bisnis
-,-,banpt-755,-,-,ILMU PERIKANAN,PERIKANAN,S1,B,110,0,Ekonomi & Bisnis
-,-,banpt-755,-,-,ILMU POLITIK,POLITIK,S1,BAIK,110,0,Ekonomi & Bisnis
-,rencanamu-247,banpt-198,-,-,ARSITEKTUR,ARSITEKTUR,S1,BAIK SEKALI,352,0,Ekonomi & Bisnis
-,rencanamu-247,banpt-198,-,-,BIMBINGAN DAN KONSELING,BIMBINGAN KONSELING,S1,B,352,0,Ekonomi & Bisnis
-,rencanamu-247,banpt-198,-,-,PENDIDIKAN BIOLOGI,BIOLOGI,S1,B,352,0,Ekonomi & Bisnis
-,rencanamu-247,banpt-198,-,-,ILMU EKONOMI,EKONOMI,S1,UNGGUL,352,0,Ekonomi & Bisnis
-,rencanamu-247,banpt-198,-,-,TEKNIK ELEKTRO,ELEKTRO,S1,BAIK,352,0,Ekonomi & Bisnis
-,rencanamu-247,banpt-198,-,-,PENDIDIKAN FISIKA,FISIKA,S1,C,352,0,Ekonomi & Bisnis
-,rencanamu-247,banpt-198,-,-,PENDIDIKAN ANAK USIA DINI,GURU ANAK USIA DINI,S1,B,352,0,Ekonomi & Bisnis
-,rencanamu-247,banpt-198,-,-,KEPENDIDIKAN SEKOLAH DASAR & PRASEKOLAH,GURU SEKOLAH DASAR,S1,C,352,0,Ekonomi & Bisnis
-,-,banpt-198,-,-,HUKUM,HUKUM,S1,BAIK SEKALI,352,0,Ekonomi & Bisnis
-,rencanamu-247,banpt-198,-,-,TEKNIK INFORMATIKA,INFORMATIKA,S1,BAIK SEKALI,352,0,Ekonomi & Bisnis
-,rencanamu-247,banpt-198,-,-,"PENDIDIKAN JASMANI, KESEHATAN DAN REKREASI",JASMANI,S1,B,352,0,Ekonomi & Bisnis
-,rencanamu-247,-,-,-,TEKNIK LINGKUNGAN,LINGKUNGAN,S1,-,352,0,Ekonomi & Bisnis
-,rencanamu-247,banpt-198,-,-,PENDIDIKAN MATEMATIKA,MATEMATIKA,S1,B,352,0,Ekonomi & Bisnis
-,rencanamu-247,banpt-198,-,-,TEKNIK MESIN,MESIN,S1,BAIK SEKALI,352,0,Ekonomi & Bisnis
-,rencanamu-247,banpt-198,-,-,PENDIDIKAN PANCASILA DAN KEWARGANEGARAAN,PANCASILA KEWARGANEGARAAN,S1,B,352,0,Ekonomi & Bisnis
-,rencanamu-247,-,-,-,SASTRA DAERAH,SASTRA INDONESIA,S1,-,352,0,Ekonomi & Bisnis
-,rencanamu-247,banpt-198,-,-,TEKNIK SIPIL,SIPIL,S1,BAIK SEKALI,352,0,Ekonomi & Bisnis
-,rencanamu-247,banpt-198,-,-,PENDIDIKAN TEKNOLOGI INFORMASI,TEKNOLOGI INFORMASI,S1,UNGGUL,352,0,Ekonomi & Bisnis
-,rencanamu-247,banpt-198,-,-,TEKNIK PANGAN,TEKNOLOGI PANGAN,S1,BAIK SEKALI,352,0,Ekonomi & Bisnis
-,-,banpt-2557,-,-,PENDIDIKAN BIOLOGI,BIOLOGI,S1,BAIK SEKALI,170,0,Ekonomi & Bisnis
-,-,banpt-2557,-,-,DESAIN KOMUNIKASI VISUAL,DESAIN KOMUNIKASI VISUAL,S1,BAIK,170,0,Ekonomi & Bisnis
-,-,banpt-2557,-,-,PENDIDIKAN FISIKA,FISIKA,S1,BAIK SEKALI,170,0,Ekonomi & Bisnis
-,-,banpt-2557,-,-,PENDIDIKAN GURU SEKOLAH DASAR,GURU SEKOLAH DASAR,S1,BAIK SEKALI,170,0,Ekonomi & Bisnis
-,-,banpt-2557,-,-,PENDIDIKAN JASMANI,JASMANI,S1,BAIK SEKALI,170,0,Ekonomi & Bisnis
-,-,banpt-2557,-,-,KEWIRAUSAHAAN,KEWIRAUSAHAAN,S1,BAIK,170,0,Ekonomi & Bisnis
-,-,banpt-2557,-,-,ILMU KOMPUTER,KOMPUTER,S1,BAIK,170,0,Ekonomi & Bisnis
-,-,banpt-2557,-,-,PENDIDIKAN MATEMATIKA,MATEMATIKA,S1,B,170,0,Ekonomi & Bisnis
-,-,banpt-2557,-,-,PENDIDIKAN SEJARAH,SEJARAH,S1,B,170,0,Ekonomi & Bisnis
-,-,banpt-2557,-,-,SISTEM INFORMASI,SISTEM INFORMASI,S1,BAIK,170,0,Ekonomi & Bisnis
-,-,banpt-2557,-,-,SOSIAL EKONOMI PERTANIAN,SOSIAL EKONOMI PERTANIAN,S1,BAIK,170,0,Ekonomi & Bisnis
-,-,banpt-2557,-,-,TEKNOLOGI INFORMASI,TEKNOLOGI INFORMASI,S1,BAIK,170,0,Ekonomi & Bisnis
-,-,banpt-2163,-,-,PENDIDIKAN AKUNTANSI,AKUNTANSI,S1,BAIK,630,0,Ekonomi & Bisnis
-,-,banpt-2163,-,-,BIMBINGAN DAN KONSELING,BIMBINGAN KONSELING,S1,BAIK SEKALI,630,0,Ekonomi & Bisnis
-,-,banpt-2163,-,-,PENDIDIKAN BIOLOGI,BIOLOGI,S1,B,630,0,Ekonomi & Bisnis
-,-,banpt-2163,-,-,PENDIDIKAN EKONOMI,EKONOMI,S1,B,630,0,Ekonomi & Bisnis
-,-,banpt-2163,-,-,PENDIDIKAN FISIKA,FISIKA,S1,BAIK SEKALI,630,0,Ekonomi & Bisnis
-,-,banpt-2163,-,-,PENDIDIKAN GEOGRAFI,GEOGRAFI,S1,B,630,0,Ekonomi & Bisnis
-,-,banpt-2163,-,-,PENDIDIKAN INFORMATIKA,INFORMATIKA,S1,UNGGUL,630,0,Ekonomi & Bisnis
-,-,banpt-2163,-,-,KEWIRAUSAHAAN,KEWIRAUSAHAAN,S1,BAIK,630,0,Ekonomi & Bisnis
-,-,banpt-2163,-,-,PENDIDIKAN MATEMATIKA,MATEMATIKA,S1,B,630,0,Ekonomi & Bisnis
-,-,banpt-2163,-,-,PENDIDIKAN PANCASILA DAN KEWARGANEGARAAN,PANCASILA KEWARGANEGARAAN,S1,BAIK,630,0,Ekonomi & Bisnis
-,-,banpt-2163,-,-,PENDIDIKAN ILMU PENGETAHUAN SOSIAL,PENGETAHUAN SOSIAL,S1,BAIK,630,0,Ekonomi & Bisnis
-,-,banpt-2163,-,-,SAINS DATA,SAINS DATA,S1,BAIK,630,0,Ekonomi & Bisnis
-,-,banpt-2163,-,-,PENDIDIKAN SEJARAH,SEJARAH,S1,UNGGUL,630,0,Ekonomi & Bisnis
-,-,banpt-2163,-,-,PENDIDIKAN SOSIOLOGI,SOSIOLOGI,S1,B,630,0,Ekonomi & Bisnis
-,-,banpt-2163,-,-,STUDI HUMANITAS,STUDI HUMANITAS,S1,BAIK,630,0,Ekonomi & Bisnis
-,-,banpt-2163,-,-,TEKNOLOGI INFORMASI,TEKNOLOGI INFORMASI,S1,BAIK,630,0,Ekonomi & Bisnis
-,rencanamu-248,banpt-656,-,-,AGROTEKNOLOGI,AGROTEKNOLOGI,S1,C,525,0,Ekonomi & Bisnis
-,rencanamu-248,banpt-656,-,-,AKUNTANSI,AKUNTANSI,S1,B,525,0,Ekonomi & Bisnis
-,-,banpt-656,-,-,ARSITEKTUR,ARSITEKTUR,S1,BAIK,525,0,Ekonomi & Bisnis
-,rencanamu-248,banpt-656,-,-,BIMBINGAN DAN KONSELING,BIMBINGAN KONSELING,S1,B,525,0,Ekonomi & Bisnis
-,-,banpt-656,-,-,TEKNIK BIOMEDIS,BIOMEDIS,S1,BAIK,525,0,Ekonomi & Bisnis
-,-,banpt-656,-,-,FARMASI,FARMASI,S1,BAIK,525,0,Ekonomi & Bisnis
-,-,banpt-656,-,-,GIZI,GIZI,S1,BAIK,525,0,Ekonomi & Bisnis
-,-,banpt-656,-,-,PENDIDIKAN GURU PENDIDIKAN ANAK USIA DINI,GURU ANAK USIA DINI,S1,BAIK,525,0,Ekonomi & Bisnis
-,rencanamu-248,banpt-656,-,-,KEPENDIDIKAN SEKOLAH DASAR & PRASEKOLAH,GURU SEKOLAH DASAR,S1,B,525,0,Ekonomi & Bisnis
-,-,banpt-656,-,-,HUKUM BISNIS,HUKUM,S1,TERAKREDITASI SEMENTARA,525,0,Ekonomi & Bisnis
-,-,banpt-656,-,-,TEKNIK INDUSTRI,INDUSTRI,S1,BAIK,525,0,Ekonomi & Bisnis
-,rencanamu-248,banpt-656,-,-,TEKNIK INFORMATIKA,INFORMATIKA,S1,B,525,0,Ekonomi & Bisnis
-,rencanamu-248,banpt-656,-,-,MANAJEMEN,MANAJEMEN,S1,A,525,0,Ekonomi & Bisnis
-,rencanamu-248,banpt-656,-,-,PENDIDIKAN MATEMATIKA,MATEMATIKA,S1,B,525,0,Ekonomi & Bisnis
-,-,banpt-656,-,-,ILMU KEOLAHRAGAAN,OLAHRAGA,S1,BAIK,525,0,Ekonomi & Bisnis
-,rencanamu-248,banpt-656,-,-,PENDIDIKAN PANCASILA DAN KEWARGANEGARAAN,PANCASILA KEWARGANEGARAAN,S1,B,525,0,Ekonomi & Bisnis
-,-,banpt-656,-,-,TEKNOLOGI HASIL PERTANIAN,PERTANIAN,S1,BAIK,525,0,Ekonomi & Bisnis
-,rencanamu-248,banpt-656,-,-,PENDIDIKAN SEJARAH,SEJARAH,S1,B,525,0,Ekonomi & Bisnis
-,-,banpt-656,-,-,SISTEM INFORMASI,SISTEM INFORMASI,S1,BAIK,525,0,Ekonomi & Bisnis
-,-,banpt-2262,-,-,AKUNTANSI,AKUNTANSI,S1,BAIK SEKALI,1196,0,Ekonomi & Bisnis
-,-,banpt-2262,-,-,INFORMATIKA,INFORMATIKA,S1,BAIK,1196,0,Ekonomi & Bisnis
-,-,banpt-2262,-,-,MANAJEMEN,MANAJEMEN,S1,BAIK,1196,0,Ekonomi & Bisnis
-,-,banpt-2262,-,-,REKAYASA PERANGKAT LUNAK,REKAYASA PERANGKAT LUNAK,S1,BAIK,1196,0,Ekonomi & Bisnis
-,-,banpt-2262,-,-,SISTEM INFORMASI,SISTEM INFORMASI,S1,BAIK SEKALI,1196,0,Ekonomi & Bisnis
-,-,banpt-358,-,-,ADMINISTRASI PENDIDIKAN,ADMINISTRASI,S1,BAIK,1477,0,Ekonomi & Bisnis
-,-,banpt-358,-,-,AGROTEKNOLOGI,AGROTEKNOLOGI,S1,BAIK,1477,0,Ekonomi & Bisnis
-,-,banpt-358,-,-,AKUAKULTUR,AKUAKULTUR,S1,BAIK,1477,0,Ekonomi & Bisnis
-,-,banpt-358,-,-,ARSITEKTUR,ARSITEKTUR,S1,BAIK,1477,0,Ekonomi & Bisnis
-,-,banpt-358,-,-,PENDIDIKAN GURU SEKOLAH DASAR,GURU SEKOLAH DASAR,S1,BAIK,1477,0,Ekonomi & Bisnis
-,-,banpt-358,-,-,HUKUM,HUKUM,S1,BAIK,1477,0,Ekonomi & Bisnis
-,-,banpt-358,-,-,INFORMATIKA,INFORMATIKA,S1,BAIK,1477,0,Ekonomi & Bisnis
-,-,banpt-358,-,-,PENDIDIKAN MATEMATIKA,MATEMATIKA,S1,BAIK,1477,0,Ekonomi & Bisnis
-,-,banpt-358,-,-,ILMU PEMERINTAHAN,PEMERINTAHAN,S1,BAIK,1477,0,Ekonomi & Bisnis
-,-,banpt-358,-,-,PERENCANAAN WILAYAH,PERENCANAAN WILAYA KOTA,S1,BAIK,1477,0,Ekonomi & Bisnis
-,-,banpt-358,-,-,TEKNIK SIPIL,SIPIL,S1,BAIK,1477,0,Ekonomi & Bisnis
-,-,banpt-358,-,-,SISTEM INFORMASI,SISTEM INFORMASI,S1,BAIK,1477,0,Ekonomi & Bisnis
-,-,banpt-3959,-,-,AKUNTANSI,AKUNTANSI,S1,BAIK SEKALI,622,0,Ekonomi & Bisnis
-,-,banpt-3959,-,-,DESAIN INTERIOR,DESAIN INTERIOR,S1,B,622,0,Ekonomi & Bisnis
-,-,banpt-3959,-,-,DESAIN KOMUNIKASI VISUAL,DESAIN KOMUNIKASI VISUAL,S1,B,622,0,Ekonomi & Bisnis
-,-,banpt-3959,-,-,FILM DAN TELEVISI,FILM,S1,B,622,0,Ekonomi & Bisnis
-,-,banpt-3959,-,-,HUBUNGAN INTERNASIONAL,HUBUNGAN INTERNASIONAL,S1,BAIK,622,0,Ekonomi & Bisnis
-,-,banpt-3959,-,-,HUKUM,HUKUM,S1,BAIK,622,0,Ekonomi & Bisnis
-,-,banpt-3959,-,-,TEKNIK INDUSTRI,INDUSTRI,S1,BAIK,622,0,Ekonomi & Bisnis
-,-,banpt-3959,-,-,INFORMATIKA,INFORMATIKA,S1,BAIK SEKALI,622,0,Ekonomi & Bisnis
-,-,banpt-3959,-,-,MANAJEMEN,MANAJEMEN,S1,BAIK,622,0,Ekonomi & Bisnis
-,-,banpt-3959,-,-,PSIKOLOGI,PSIKOLOGI,S1,BAIK,622,0,Ekonomi & Bisnis
-,-,banpt-3959,-,-,REKAYASA PERANGKAT LUNAK,REKAYASA PERANGKAT LUNAK,S1,BAIK,622,0,Ekonomi & Bisnis
-,-,banpt-3959,-,-,SISTEM INFORMASI,SISTEM INFORMASI,S1,BAIK SEKALI,622,0,Ekonomi & Bisnis
-,-,banpt-1945,-,-,AKUNTANSI,AKUNTANSI,S1,BAIK,966,0,Ekonomi & Bisnis
-,-,banpt-1945,-,-,BISNIS DIGITAL,BISNIS DIGITAL,S1,BAIK,966,0,Ekonomi & Bisnis
-,-,banpt-1945,-,-,INFORMATIKA,INFORMATIKA,S1,BAIK,966,0,Ekonomi & Bisnis
-,-,banpt-1945,-,-,TEKNIK LINGKUNGAN,LINGKUNGAN,S1,BAIK,966,0,Ekonomi & Bisnis
-,-,banpt-1945,-,-,MANAJEMEN,MANAJEMEN,S1,BAIK SEKALI,966,0,Ekonomi & Bisnis
-,-,banpt-1945,-,-,SISTEM INFORMASI,SISTEM INFORMASI,S1,BAIK SEKALI,966,0,Ekonomi & Bisnis
quipper-37,-,-,-,FAKULTAS EKONOMI DAN BISNIS,AKUNTANSI,AKUNTANSI,S1,-,718,2,Pendidikan & Keguruan
quipper-37,-,banpt-887,-,FAKULTAS SAINS DAN TEKNOLOGI,TEKNIK ELEKTRO,ELEKTRO,S1,BAIK,718,5,Sains & Teknologi
quipper-37,-,banpt-887,-,FAKULTAS ILMU SOSIAL DAN ILMU POLITIK,ILMU KOMUNIKASI,ILMU KOMUNIKASI,S1,B,718,0,Ekonomi & Bisnis
quipper-37,-,-,-,FAKULTAS SAINS DAN TEKNOLOGI,TEKNIK INDUSTRI,INDUSTRI,S1,-,718,5,Sains & Teknologi
quipper-37,-,-,-,FAKULTAS SAINS DAN TEKNOLOGI,TEKNIK INFORMATIKA,INFORMATIKA,S1,-,718,1,Teknik & Rekayasa
quipper-37,-,banpt-887,-,FAKULTAS EKONOMI DAN BISNIS,MANAJEMEN,MANAJEMEN,S1,BAIK SEKALI,718,0,Ekonomi & Bisnis
quipper-37,-,banpt-887,-,FAKULTAS SAINS DAN TEKNOLOGI,TEKNIK MESIN,MESIN,S1,BAIK,718,5,Sains & Teknologi
quipper-37,-,banpt-887,-,FAKULTAS ILMU SOSIAL DAN ILMU POLITIK,ILMU PEMERINTAHAN,PEMERINTAHAN,S1,B,718,0,Ekonomi & Bisnis
quipper-2,rencanamu-249,banpt-1146,-,SCHOOL OF BUSINESS AND ECONOMICS,AKUNTANSI,AKUNTANSI,S1,B,83,2,Pendidikan & Keguruan
quipper-2,rencanamu-249,-,-,SCHOOL OF BUSINESS AND ECONOMICS,BISNIS,BISNIS,S1,-,83,0,Ekonomi & Bisnis
quipper-2,-,-,-,SCHOOL OF APPLIED STEM,TEKNOLOGI BISNIS DIGITAL,BISNIS DIGITAL,S1,-,83,0,Ekonomi & Bisnis
quipper-2,rencanamu-249,banpt-1146,-,SCHOOL OF APPLIED STEM,TEKNIK DESAIN PRODUK,DESAIN PRODUK,S1,C,83,0,Ekonomi & Bisnis
quipper-2,rencanamu-249,banpt-1146,-,SCHOOL OF BUSINESS AND ECONOMICS,EKONOMI BISNIS,EKONOMI,S1,C,83,0,Ekonomi & Bisnis
quipper-2,-,banpt-1146,-,SCHOOL OF APPLIED STEM,TEKNIK ENERGI TERBARUKAN,ENERGI TERBARUKAN,S1,BAIK SEKALI,83,0,Ekonomi & Bisnis
quipper-2,rencanamu-249,banpt-1146,-,SCHOOL OF BUSINESS AND ECONOMICS,HUKUM BISNIS INTERNASIONAL,HUKUM,S1,C,83,3,Hukum
quipper-2,rencanamu-249,-,-,SCHOOL OF BUSINESS AND ECONOMICS,KEUANGAN DAN PERBANKAN,KEUANGAN PERBANKAN,S1,-,83,0,Ekonomi & Bisnis
-,rencanamu-249,-,-,-,TEKNIK ENERGI WIRAUSAHA,KEWIRAUSAHAAN,S1,C,83,0,Ekonomi & Bisnis
-,-,banpt-1146,-,-,MANAJEMEN,MANAJEMEN,S1,A,83,0,Ekonomi & Bisnis
-,-,banpt-1146,-,-,MATEMATIKA,MATEMATIKA,S1,UNGGUL,83,0,Ekonomi & Bisnis
quipper-2,rencanamu-249,-,-,SCHOOL OF APPLIED STEM,MATEMATIKA BISNIS,MATEMATIKA BISNIS,S1,C,83,0,Ekonomi & Bisnis
-,-,banpt-1146,-,-,PARIWISATA,PARIWISATA,S1,BAIK SEKALI,83,0,Ekonomi & Bisnis
-,rencanamu-249,banpt-1146,-,-,TEKNIK PERANGKAT LUNAK PERUSAHAAN,REKAYASA PERANGKAT LUNAK,S1,C,83,0,Ekonomi & Bisnis
quipper-2,-,-,-,SCHOOL OF BUSINESS AND ECONOMICS,TEKNOLOGI KEUANGAN,SISTEM INFORMASI,S1,-,83,4,Teknologi Industri
quipper-2,rencanamu-249,-,-,SCHOOL OF APPLIED STEM,TEKNIK SISTEM KOMPUTER,SISTEM KOMPUTER,S1,C,83,0,Ekonomi & Bisnis
quipper-2,rencanamu-249,banpt-1146,-,SCHOOL OF APPLIED STEM,TEKNOLOGI BISNIS PANGAN,TEKNOLOGI PANGAN,S1,C,83,0,Ekonomi & Bisnis
-,-,banpt-815,-,-,KEDOKTERAN,KEDOKTERAN,S1,BAIK,56,0,Ekonomi & Bisnis
-,rencanamu-250,banpt-1733,-,-,AGRIBISNIS,AGRIBISNIS,S1,B,159,0,Ekonomi & Bisnis
quipper-357,rencanamu-250,banpt-1733,-,FAKULTAS AGROTEKNOLOGI,AGROTEKNOLOGI,AGROTEKNOLOGI,S1,B,159,0,Ekonomi & Bisnis
quipper-357,rencanamu-250,banpt-1733,-,FAKULTAS EKONOMI,AKUNTANSI,AKUNTANSI,S1,B,159,2,Pendidikan & Keguruan
-,-,banpt-1733,-,-,ARSITEKTUR,ARSITEKTUR,S1,BAIK,159,0,Ekonomi & Bisnis
-,-,banpt-1733,-,-,DESAIN KOMUNIKASI VISUAL,DESAIN KOMUNIKASI VISUAL,S1,BAIK,159,0,Ekonomi & Bisnis
quipper-357,rencanamu-250,banpt-1733,-,FAKULTAS TEKNOLOGI DAN ILMU KOMPUTER,TEKNIK ELEKTRO,ELEKTRO,S1,C,159,0,Ekonomi & Bisnis
-,-,banpt-1733,-,-,FARMASI KLINIS,FARMASI,S1,TERAKREDITASI,159,0,Ekonomi & Bisnis
quipper-357,rencanamu-250,banpt-1733,-,FAKULTAS HUKUM,ILMU HUKUM,HUKUM,S1,B,159,3,Hukum
quipper-357,rencanamu-250,banpt-1733,-,FAKULTAS TEKNOLOGI DAN ILMU KOMPUTER,TEKNIK INDUSTRI,INDUSTRI,S1,C,159,0,Ekonomi & Bisnis
quipper-357,rencanamu-250,banpt-1733,-,FAKULTAS TEKNOLOGI DAN ILMU KOMPUTER,TEKNIK INFORMATIKA,INFORMATIKA,S1,C,159,1,Teknik & Rekayasa
quipper-357,rencanamu-250,banpt-1733,-,FAKULTAS KEPERAWATAN DAN KEBIDANAN,KEBIDANAN,KEBIDANAN,S1,B,159,0,Ekonomi & Bisnis
quipper-357,rencanamu-250,banpt-1733,-,FAKULTAS KEDOKTERAN,PENDIDIKAN DOKTER,KEDOKTERAN,S1,B,159,0,Ekonomi & Bisnis
quipper-357,rencanamu-250,banpt-1733,-,FAKULTAS KEDOKTERAN GIGI,PENDIDIKAN DOKTER GIGI,KEDOKTERAN GIGI,S1,B,159,0,Ekonomi & Bisnis
quipper-357,rencanamu-250,banpt-1733,-,FAKULTAS KEPERAWATAN DAN KEBIDANAN,ILMU KEPERAWATAN,KEPERAWATAN,S1,B,159,0,Ekonomi & Bisnis
quipper-357,rencanamu-250,banpt-1733,-,FAKULTAS KESEHATAN MASYARAKAT,KESEHATAN MASYARAKAT,KESEHATAN MASYARAKAT,S1,B,159,0,Ekonomi & Bisnis
-,rencanamu-250,-,-,-,KEUANGAN DAN PERBANKAN,KEUANGAN PERBANKAN,S1,B,159,0,Ekonomi & Bisnis
quipper-357,-,-,-,FAKULTAS TEKNOLOGI DAN ILMU KOMPUTER,ILMU KOMPUTER,KOMPUTER,S1,-,159,0,Ekonomi & Bisnis
quipper-357,rencanamu-250,banpt-1733,-,FAKULTAS EKONOMI,MANAJEMEN,MANAJEMEN,S1,B,159,0,Ekonomi & Bisnis
-,rencanamu-250,-,-,-,MANAJEMEN INFORMATIKA,MANAJEMEN INFORMATIKA,S1,C,159,0,Ekonomi & Bisnis
quipper-357,rencanamu-250,banpt-1733,-,FAKULTAS PSIKOLOGI,PSIKOLOGI,PSIKOLOGI,S1,C,159,0,Ekonomi & Bisnis
-,-,banpt-1733,-,-,REKAYASA SIPIL,SIPIL,S1,BAIK,159,0,Ekonomi & Bisnis
quipper-357,rencanamu-250,banpt-1733,-,FAKULTAS TEKNOLOGI DAN ILMU KOMPUTER,SISTEM INFORMASI,SISTEM INFORMASI,S1,C,159,4,Teknologi Industri
-,-,banpt-173,-,-,PENDIDIKAN GURU PENDIDIKAN ANAK USIA DINI,GURU ANAK USIA DINI,S1,BAIK,885,0,Ekonomi & Bisnis
-,-,banpt-173,-,-,HUKUM,HUKUM,S1,BAIK SEKALI,885,0,Ekonomi & Bisnis
-,-,banpt-173,-,-,INFORMATIKA MEDIS,INFORMATIKA MEDIS,S1,BAIK SEKALI,885,0,Ekonomi & Bisnis
-,-,banpt-173,-,-,KEBIDANAN,KEBIDANAN,S1,UNGGUL,885,0,Ekonomi & Bisnis
-,-,banpt-173,-,-,KEDOKTERAN,KEDOKTERAN,S1,TERAKREDITASI SEMENTARA,885,0,Ekonomi & Bisnis
-,-,banpt-173,-,-,KEPERAWATAN,KEPERAWATAN,S1,UNGGUL,885,0,Ekonomi & Bisnis
-,-,banpt-173,-,-,KESEHATAN MASYARAKAT,KESEHATAN MASYARAKAT,S1,BAIK SEKALI,885,0,Ekonomi & Bisnis
-,-,banpt-173,-,-,PENYULUHAN PERTANIAN,PERTANIAN,S1,BAIK,885,0,Ekonomi & Bisnis
-,-,banpt-173,-,-,PSIKOLOGI,PSIKOLOGI,S1,BAIK,885,0,Ekonomi & Bisnis
-,-,banpt-173,-,-,TEKNOLOGI PANGAN,TEKNOLOGI PANGAN,S1,BAIK,885,0,Ekonomi & Bisnis
-,-,banpt-2903,-,-,PENDIDIKAN GURU SEKOLAH DASAR,GURU SEKOLAH DASAR,S1,BAIK SEKALI,1524,0,Ekonomi & Bisnis
-,-,banpt-2903,-,-,HUKUM,HUKUM,S1,BAIK,1524,0,Ekonomi & Bisnis
-,-,banpt-2903,-,-,TEKNIK INDUSTRI,INDUSTRI,S1,BAIK,1524,0,Ekonomi & Bisnis
-,-,banpt-2903,-,-,INFORMATIKA,INFORMATIKA,S1,BAIK,1524,0,Ekonomi & Bisnis
-,-,banpt-2903,-,-,PENDIDIKAN JASMANI,JASMANI,S1,BAIK,1524,0,Ekonomi & Bisnis
-,-,banpt-2903,-,-,MANAJEMEN,MANAJEMEN,S1,BAIK SEKALI,1524,0,Ekonomi & Bisnis
-,-,banpt-2903,-,-,PENDIDIKAN MATEMATIKA,MATEMATIKA,S1,BAIK SEKALI,1524,0,Ekonomi & Bisnis
-,-,banpt-2903,-,-,PENDIDIKAN PANCASILA DAN KEWARGANEGARAAN,PANCASILA KEWARGANEGARAAN,S1,BAIK SEKALI,1524,0,Ekonomi & Bisnis
-,-,banpt-2903,-,-,SISTEM INFORMASI,SISTEM INFORMASI,S1,BAIK,1524,0,Ekonomi & Bisnis
-,-,banpt-181,-,-,AKUNTANSI,AKUNTANSI,S1,BAIK,142,0,Ekonomi & Bisnis
-,-,banpt-181,-,-,BISNIS DIGITAL,BISNIS DIGITAL,S1,BAIK,142,0,Ekonomi & Bisnis
-,-,banpt-181,-,-,DESAIN KOMUNIKASI VISUAL,DESAIN KOMUNIKASI VISUAL,S1,BAIK,142,0,Ekonomi & Bisnis
-,-,banpt-181,-,-,TEKNIK INFORMATIKA,INFORMATIKA,S1,B,142,0,Ekonomi & Bisnis
-,-,banpt-181,-,-,MANAJEMEN,MANAJEMEN,S1,BAIK,142,0,Ekonomi & Bisnis
-,-,banpt-181,-,-,SISTEM INFORMASI,SISTEM INFORMASI,S1,B,142,0,Ekonomi & Bisnis
-,-,banpt-181,-,-,SISTEM INFORMASI AKUNTANSI,SISTEM INFORMASI AKUNTANSI,S1,B,142,0,Ekonomi & Bisnis
-,-,banpt-3535,-,-,AGRIBISNIS,AGRIBISNIS,S1,BAIK,722,0,Ekonomi & Bisnis
-,-,banpt-3535,-,-,AKUNTANSI,AKUNTANSI,S1,BAIK,722,0,Ekonomi & Bisnis
-,-,banpt-3535,-,-,ARSITEKTUR,ARSITEKTUR,S1,BAIK,722,0,Ekonomi & Bisnis
-,-,banpt-3535,-,-,FARMASI,FARMASI,S1,C,722,0,Ekonomi & Bisnis
-,-,banpt-3535,-,-,TEKNIK GEOLOGI,GEOLOGI,S1,BAIK,722,0,Ekonomi & Bisnis
-,-,banpt-3535,-,-,ILMU HUKUM,HUKUM,S1,BAIK,722,0,Ekonomi & Bisnis
-,-,banpt-3535,-,-,INFORMATIKA,INFORMATIKA,S1,BAIK,722,0,Ekonomi & Bisnis
-,-,banpt-3535,-,-,MANAJEMEN,MANAJEMEN,S1,BAIK,722,0,Ekonomi & Bisnis
-,-,banpt-3535,-,-,TEKNIK SIPIL,SIPIL,S1,BAIK,722,0,Ekonomi & Bisnis
-,-,banpt-3535,-,-,SISTEM INFORMASI,SISTEM INFORMASI,S1,TIDAK TERAKREDITASI,722,0,Ekonomi & Bisnis
-,-,banpt-3535,-,-,TEKNOLOGI PANGAN,TEKNOLOGI PANGAN,S1,BAIK,722,0,Ekonomi & Bisnis
-,-,banpt-2344,-,-,ADMINISTRASI PUBLIK,ADMINISTRASI PUBLIK,S1,BAIK SEKALI,270,0,Ekonomi & Bisnis
-,-,banpt-2344,-,-,AGROTEKNOLOGI,AGROTEKNOLOGI,S1,BAIK SEKALI,270,0,Ekonomi & Bisnis
-,-,banpt-2344,-,-,AKUAKULTUR,AKUAKULTUR,S1,B,270,0,Ekonomi & Bisnis
-,-,banpt-2344,-,-,BIMBINGAN DAN KONSELING,BIMBINGAN KONSELING,S1,BAIK,270,0,Ekonomi & Bisnis
-,-,banpt-2344,-,-,EKONOMI PEMBANGUNAN,EKONOMI PEMBANGUNAN,S1,BAIK SEKALI,270,0,Ekonomi & Bisnis
-,-,banpt-2344,-,-,PENDIDIKAN GEOGRAFI,GEOGRAFI,S1,A,270,0,Ekonomi & Bisnis
-,-,banpt-2344,-,-,HUKUM,HUKUM,S1,B,270,0,Ekonomi & Bisnis
-,-,banpt-2344,-,-,INFORMATIKA,INFORMATIKA,S1,BAIK,270,0,Ekonomi & Bisnis
-,-,banpt-2344,-,-,MANAJEMEN,MANAJEMEN,S1,BAIK SEKALI,270,0,Ekonomi & Bisnis
-,-,banpt-2344,-,-,TEKNIK MESIN,MESIN,S1,BAIK SEKALI,270,0,Ekonomi & Bisnis
-,-,banpt-2344,-,-,TEKNIK SIPIL,SIPIL,S1,BAIK SEKALI,270,0,Ekonomi & Bisnis
-,-,banpt-692,-,-,ADMINISTRASI PUBLIK,ADMINISTRASI PUBLIK,S1,A,155,0,Ekonomi & Bisnis
-,-,banpt-692,-,-,HUBUNGAN INTERNASIONAL,HUBUNGAN INTERNASIONAL,S1,A,155,0,Ekonomi & Bisnis
-,-,banpt-692,-,-,ILMU KOMUNIKASI,ILMU KOMUNIKASI,S1,A,155,0,Ekonomi & Bisnis
-,-,banpt-692,-,-,MANAJEMEN,MANAJEMEN,S1,BAIK SEKALI,155,0,Ekonomi & Bisnis
quipper-724,-,-,-,FAKULTAS ILMU SOSIAL DAN POLITIK,ILMU ADMINISTRASI,ADMINISTRASI,S1,-,1414,0,Ekonomi & Bisnis
quipper-724,-,banpt-UNIVERSITAS PROKLAMASI 45,-,FAKULTAS HUKUM,ILMU HUKUM,HUKUM,S1,B,1414,3,Hukum
-,-,banpt-3600,-,-,TEKNIK INDUSTRI,INDUSTRI,S1,BAIK,1414,0,Ekonomi & Bisnis
quipper-724,-,banpt-3600,-,FAKULTAS TEKNIK,TEKNIK LINGKUNGAN,LINGKUNGAN,S1,BAIK SEKALI,1414,1,Teknik & Rekayasa
quipper-724,-,banpt-3600,-,FAKULTAS EKONOMI,MANAJEMEN,MANAJEMEN,S1,BAIK SEKALI,1414,0,Ekonomi & Bisnis
quipper-724,-,banpt-3600,-,FAKULTAS TEKNIK,TEKNIK MESIN,MESIN,S1,BAIK,1414,1,Teknik & Rekayasa
quipper-724,-,banpt-3600,-,FAKULTAS TEKNIK,TEKNIK PERMINYAKAN,PERMINYAKAN,S1,BAIK,1414,1,Teknik & Rekayasa
quipper-724,-,banpt-UNIVERSITAS PROKLAMASI 45,-,FAKULTAS PSIKOLOGI,PSIKOLOGI,PSIKOLOGI,S1,B,1414,0,Ekonomi & Bisnis
-,-,banpt-2789,-,-,ADMINISTRASI PENDIDIKAN,ADMINISTRASI,S1,B,1116,0,Ekonomi & Bisnis
-,-,banpt-2789,-,-,ADMINISTRASI KESEHATAN,ADMINISTRASI KESEHATAN,S1,BAIK,1116,0,Ekonomi & Bisnis
-,-,banpt-2789,-,-,ADMINISTRASI PUBLIK,ADMINISTRASI PUBLIK,S1,B,1116,0,Ekonomi & Bisnis
-,-,banpt-2789,-,-,AGRIBISNIS,AGRIBISNIS,S1,BAIK,1116,0,Ekonomi & Bisnis
-,-,banpt-2789,-,-,AGROTEKNOLOGI,AGROTEKNOLOGI,S1,BAIK,1116,0,Ekonomi & Bisnis
-,-,banpt-2789,-,-,PENDIDIKAN BIOLOGI,BIOLOGI,S1,B,1116,0,Ekonomi & Bisnis
-,-,banpt-2789,-,-,MANAJEMEN SUMBER DAYA PERAIRAN,BUDIDAYA PERAIRAN,S1,BAIK,1116,0,Ekonomi & Bisnis
-,-,banpt-2789,-,-,KEPERAWATAN,KEPERAWATAN,S1,BAIK SEKALI,1116,0,Ekonomi & Bisnis
-,-,banpt-2789,-,-,NUTRISI DAN TEKNOLOGI PAKAN TERNAK,NUTRISI TEKNOLOGI PAKAN TERNAK,S1,BAIK,1116,0,Ekonomi & Bisnis
-,-,banpt-2878,-,-,BISNIS DIGITAL,BISNIS DIGITAL,S1,BAIK,795,0,Ekonomi & Bisnis
-,-,banpt-2878,-,-,PENDIDIKAN GURU SEKOLAH DASAR,GURU SEKOLAH DASAR,S1,BAIK,795,0,Ekonomi & Bisnis
-,-,banpt-2878,-,-,ILMU KEPERAWATAN,KEPERAWATAN,S1,BAIK SEKALI,795,0,Ekonomi & Bisnis
-,-,banpt-2878,-,-,SISTEM INFORMASI,SISTEM INFORMASI,S1,BAIK,795,0,Ekonomi & Bisnis
-,-,banpt-2878,-,-,TEKNOLOGI INFORMASI,TEKNOLOGI INFORMASI,S1,BAIK,795,0,Ekonomi & Bisnis
-,-,banpt-2537,-,-,AGRIBISNIS,AGRIBISNIS,S1,BAIK,1516,0,Ekonomi & Bisnis
-,-,banpt-2537,-,-,AKUNTANSI,AKUNTANSI,S1,BAIK,1516,0,Ekonomi & Bisnis
-,-,banpt-2537,-,-,BISNIS DIGITAL,BISNIS DIGITAL,S1,BAIK,1516,0,Ekonomi & Bisnis
-,-,banpt-2537,-,-,ILMU KOMPUTER,KOMPUTER,S1,BAIK,1516,0,Ekonomi & Bisnis
-,-,banpt-2537,-,-,MANAJEMEN,MANAJEMEN,S1,BAIK SEKALI,1516,0,Ekonomi & Bisnis
-,-,banpt-2537,-,-,SAINS DATA,SAINS DATA,S1,BAIK,1516,0,Ekonomi & Bisnis
-,-,banpt-2842,-,-,AKUNTANSI,AKUNTANSI,S1,BAIK SEKALI,551,0,Ekonomi & Bisnis
-,-,banpt-2842,-,-,ILMU KOMUNIKASI,ILMU KOMUNIKASI,S1,BAIK,551,0,Ekonomi & Bisnis
-,-,banpt-2842,-,-,TEKNIK INFORMATIKA,INFORMATIKA,S1,BAIK,551,0,Ekonomi & Bisnis
-,-,banpt-2842,-,-,MANAJEMEN,MANAJEMEN,S1,BAIK SEKALI,551,0,Ekonomi & Bisnis
-,-,banpt-2842,-,-,SASTRA INGGRIS,SASTRA INGGRIS,S1,BAIK,551,0,Ekonomi & Bisnis
quipper-626,rencanamu-253,-,-,FAKULTAS EKONOMI,AKUNTANSI,AKUNTANSI,S1,B,950,2,Pendidikan & Keguruan
-,-,banpt-3127,-,-,BIMBINGAN KONSELING,BIMBINGAN KONSELING,S1,BAIK SEKALI,950,0,Ekonomi & Bisnis
quipper-626,-,-,-,FAKULTAS DESAIN KOMUNIKASI VISUAL,DESAIN,DESAIN,S1,-,950,0,Ekonomi & Bisnis
-,rencanamu-253,banpt-3127,-,-,DESAIN DAN KOMUNIKASI VISUAL,DESAIN KOMUNIKASI VISUAL,S1,B,950,0,Ekonomi & Bisnis
quipper-626,-,-,-,FAKULTAS KEGURUAN ILMU PENDIDIKAN,KEGURUAN & PENDIDIKAN,GURU,S1,-,950,0,Ekonomi & Bisnis
quipper-626,rencanamu-253,banpt-3127,-,FAKULTAS TEKNIK,TEKNIK INDUSTRI,INDUSTRI,S1,C,950,1,Teknik & Rekayasa
quipper-626,rencanamu-253,banpt-3127,-,FAKULTAS KEGURUAN ILMU PENDIDIKAN,TEKNIK INFORMATIKA,INFORMATIKA,S1,C,950,1,Teknik & Rekayasa
quipper-626,rencanamu-253,banpt-3127,-,FAKULTAS EKONOMI,MANAJEMEN,MANAJEMEN,S1,B,950,0,Ekonomi & Bisnis
-,rencanamu-253,-,-,-,MANAJEMEN INFORMATIKA,MANAJEMEN INFORMATIKA,S1,B,950,0,Ekonomi & Bisnis
quipper-626,rencanamu-253,banpt-3127,-,FAKULTAS PSIKOLOGI,PSIKOLOGI,PSIKOLOGI,S1,BAIK,950,0,Ekonomi & Bisnis
quipper-626,rencanamu-253,banpt-3127,-,FAKULTAS TEKNIK,TEKNIK SIPIL,SIPIL,S1,C,950,1,Teknik & Rekayasa
quipper-626,rencanamu-253,banpt-3127,-,FAKULTAS ILMU KOMPUTER,SISTEM INFORMASI,SISTEM INFORMASI,S1,B,950,4,Teknologi Industri
-,rencanamu-253,banpt-3127,-,-,SISTEM KOMPUTER,SISTEM KOMPUTER,S1,C,950,0,Ekonomi & Bisnis
-,-,banpt-3896,-,-,BIOLOGI,BIOLOGI,S1,TIDAK TERAKREDITASI,190,0,Ekonomi & Bisnis
-,-,banpt-3896,-,-,PENDIDIKAN EKONOMI KOPERASI,EKONOMI,S1,BAIK SEKALI,190,0,Ekonomi & Bisnis
-,-,banpt-3896,-,-,FARMASI,FARMASI,S1,BAIK,190,0,Ekonomi & Bisnis
-,-,banpt-3896,-,-,KEBIDANAN,KEBIDANAN,S1,BAIK,190,0,Ekonomi & Bisnis
-,-,banpt-3896,-,-,ILMU KEPERAWATAN,KEPERAWATAN,S1,BAIK SEKALI,190,0,Ekonomi & Bisnis
-,-,banpt-3896,-,-,ILMU KOMPUTER,KOMPUTER,S1,BAIK,190,0,Ekonomi & Bisnis
-,-,banpt-3896,-,-,PENDIDIKAN MATEMATIKA,MATEMATIKA,S1,BAIK SEKALI,190,0,Ekonomi & Bisnis
-,-,banpt-3896,-,-,PENDIDIKAN ILMU PENGETAHUAN ALAM,PENGETAHUAN ALAM,S1,BAIK,190,0,Ekonomi & Bisnis
-,-,banpt-3896,-,-,TEKNIK SIPIL,SIPIL,S1,BAIK,190,0,Ekonomi & Bisnis
-,-,banpt-3896,-,-,TEKNOLOGI INFORMASI,TEKNOLOGI INFORMASI,S1,BAIK,190,0,Ekonomi & Bisnis
-,-,banpt-3760,-,-,TEKNIK ELEKTRO,ELEKTRO,S1,BAIK,1059,0,Ekonomi & Bisnis
-,-,banpt-3760,-,-,TEKNIK INDUSTRI,INDUSTRI,S1,BAIK,1059,0,Ekonomi & Bisnis
-,-,banpt-3760,-,-,TEKNIK INFORMATIKA,INFORMATIKA,S1,BAIK,1059,0,Ekonomi & Bisnis
-,-,banpt-3760,-,-,PENDIDIKAN MATEMATIKA,MATEMATIKA,S1,BAIK SEKALI,1059,0,Ekonomi & Bisnis
-,-,banpt-3760,-,-,TEKNIK MESIN,MESIN,S1,BAIK,1059,0,Ekonomi & Bisnis
-,rencanamu-254,banpt-1957,-,-,AGRIBISNIS,AGRIBISNIS,S1,C,886,0,Ekonomi & Bisnis
-,rencanamu-254,banpt-1957,-,-,AGROTEKNOLOGI,AGROTEKNOLOGI,S1,C,886,0,Ekonomi & Bisnis
-,rencanamu-254,-,-,-,EKONOMI PEMBANGUNAN,EKONOMI PEMBANGUNAN,S1,C,886,0,Ekonomi & Bisnis
-,rencanamu-254,banpt-1957,-,-,PENDIDIKAN GURU SD,GURU SEKOLAH DASAR,S1,C,886,0,Ekonomi & Bisnis
-,rencanamu-254,banpt-1957,-,-,ILMU HUKUM,HUKUM,S1,C,886,0,Ekonomi & Bisnis
-,rencanamu-254,-,-,-,TEKNIK INDUSTRI,INDUSTRI,S1,C,886,0,Ekonomi & Bisnis
-,rencanamu-254,banpt-1957,-,-,MANAJEMEN,MANAJEMEN,S1,BAIK SEKALI,886,0,Ekonomi & Bisnis
-,rencanamu-254,banpt-1957,-,-,PENDIDIKAN MATEMATIKA,MATEMATIKA,S1,C,886,0,Ekonomi & Bisnis
-,rencanamu-254,banpt-1957,-,-,PENDIDIKAN PANCASILA DAN KEWARGANEGARAAN,PANCASILA KEWARGANEGARAAN,S1,C,886,0,Ekonomi & Bisnis
-,rencanamu-254,-,-,-,TEKNOLOGI HASIL PERTANIAN,PERTANIAN,S1,C,886,0,Ekonomi & Bisnis
-,rencanamu-254,banpt-1957,-,-,TEKNIK SIPIL,SIPIL,S1,C,886,0,Ekonomi & Bisnis
-,-,banpt-1136,-,-,AGRIBISNIS,AGRIBISNIS,S1,BAIK,1155,0,Ekonomi & Bisnis
-,-,banpt-1136,-,-,AGROTEKNOLOGI,AGROTEKNOLOGI,S1,BAIK,1155,0,Ekonomi & Bisnis
-,-,banpt-1136,-,-,AKUNTANSI,AKUNTANSI,S1,BAIK,1155,0,Ekonomi & Bisnis
-,-,banpt-1136,-,-,ARSITEKTUR,ARSITEKTUR,S1,BAIK,1155,0,Ekonomi & Bisnis
-,-,banpt-1136,-,-,PENDIDIKAN GURU SEKOLAH DASAR,GURU SEKOLAH DASAR,S1,BAIK,1155,0,Ekonomi & Bisnis
-,-,banpt-1136,-,-,HUKUM,HUKUM,S1,BAIK,1155,0,Ekonomi & Bisnis
-,-,banpt-1136,-,-,MANAJEMEN,MANAJEMEN,S1,BAIK,1155,0,Ekonomi & Bisnis
-,-,banpt-1136,-,-,PENDIDIKAN OLAHRAGA,OLAHRAGA,S1,BAIK,1155,0,Ekonomi & Bisnis
quipper-27,-,banpt-45,-,FAKULTAS SAINS DAN TEKNOLOGI,KOMPUTERISASI AKUNTANSI,AKUNTANSI,S1,BAIK,510,2,Pendidikan & Keguruan
quipper-27,-,banpt-45,-,FAKULTAS EKONOMI DAN BISNIS,BISNIS DIGITAL,BISNIS DIGITAL,S1,BAIK SEKALI,510,0,Ekonomi & Bisnis
quipper-27,-,-,-,FAKULTAS SAINS DAN TEKNOLOGI,DESAIN KOMUNIKASI VISUAL,DESAIN KOMUNIKASI VISUAL,S1,-,510,5,Sains & Teknologi
quipper-27,-,banpt-45,-,FAKULTAS SAINS DAN TEKNOLOGI,TEKNIK INFORMATIKA,INFORMATIKA,S1,B,510,1,Teknik & Rekayasa
quipper-27,-,banpt-45,-,FAKULTAS EKONOMI DAN BISNIS,KEWIRAUSAHAAN,KEWIRAUSAHAAN,S1,BAIK,510,0,Ekonomi & Bisnis
quipper-27,-,-,-,FAKULTAS SAINS DAN TEKNOLOGI,MANAJEMEN INFORMATIKA,MANAJEMEN INFORMATIKA,S1,-,510,5,Sains & Teknologi
quipper-27,-,banpt-45,-,FAKULTAS EKONOMI DAN BISNIS,MANAJEMEN RETAIL,MANAJEMEN RITEL,S1,BAIK SEKALI,510,0,Ekonomi & Bisnis
quipper-27,-,banpt-45,-,FAKULTAS SAINS DAN TEKNOLOGI,SAINS DATA,SAINS DATA,S1,BAIK SEKALI,510,5,Sains & Teknologi
quipper-27,-,banpt-45,-,FAKULTAS SAINS DAN TEKNOLOGI,SISTEM INFORMASI,SISTEM INFORMASI,S1,BAIK SEKALI,510,4,Teknologi Industri
quipper-27,-,banpt-45,-,FAKULTAS SAINS DAN TEKNOLOGI,SISTEM KOMPUTER,SISTEM KOMPUTER,S1,UNGGUL,510,5,Sains & Teknologi
quipper-27,-,banpt-45,-,FAKULTAS SAINS DAN TEKNOLOGI,PENDIDIKAN TEKNOLOGI INFORMASI,TEKNOLOGI INFORMASI,S1,BAIK,510,5,Sains & Teknologi
quipper-286,-,banpt-1755,-,FAKULTAS MANAJEMEN DAN BISNIS,ADMINISTRASI BISNIS,ADMINISTRASI BISNIS,S1,BAIK SEKALI,29,0,Ekonomi & Bisnis
quipper-286,-,banpt-1755,-,FAKULTAS PERTANIAN,AGROTEKNOLOGI,AGROTEKNOLOGI,S1,BAIK SEKALI,29,0,Ekonomi & Bisnis
quipper-286,-,banpt-1755,-,FAKULTAS ILMU KESEHATAN,KEBIDANAN,KEBIDANAN,S1,BAIK SEKALI,29,0,Ekonomi & Bisnis
quipper-286,-,banpt-1755,-,FAKULTAS ILMU KESEHATAN,KEPERAWATAN,KEPERAWATAN,S1,UNGGUL,29,0,Ekonomi & Bisnis
quipper-286,-,banpt-1755,-,FAKULTAS ILMU KESEHATAN,KESEHATAN MASYARAKAT,KESEHATAN MASYARAKAT,S1,UNGGUL,29,0,Ekonomi & Bisnis
quipper-286,-,banpt-1755,-,FAKULTAS TEKNOLOGI INFORMASI,ILMU KOMPUTER,KOMPUTER,S1,BAIK SEKALI,29,0,Ekonomi & Bisnis
quipper-286,-,banpt-1755,-,FAKULTAS MANAJEMEN DAN BISNIS,MANAJEMEN,MANAJEMEN,S1,BAIK SEKALI,29,0,Ekonomi & Bisnis
quipper-286,-,banpt-1755,-,FAKULTAS TEKNOLOGI INFORMASI,SISTEM INFORMASI,SISTEM INFORMASI,S1,BAIK,29,4,Teknologi Industri
-,-,banpt-3193,-,-,AKUNTANSI,AKUNTANSI,S1,B,339,0,Ekonomi & Bisnis
-,rencanamu-255,banpt-3193,-,-,TEKNIK ELEKTRO,ELEKTRO,S1,C,339,0,Ekonomi & Bisnis
-,rencanamu-255,banpt-3193,-,-,ILMU GIZI,GIZI,S1,B,339,0,Ekonomi & Bisnis
-,-,banpt-3193,-,-,HUBUNGAN INTERNASIONAL,HUBUNGAN INTERNASIONAL,S1,B,339,0,Ekonomi & Bisnis
-,-,banpt-3193,-,-,ILMU KOMUNIKASI,ILMU KOMUNIKASI,S1,B,339,0,Ekonomi & Bisnis
-,rencanamu-255,banpt-3193,-,-,TEKNIK INFORMATIKA,INFORMATIKA,S1,C,339,0,Ekonomi & Bisnis
-,rencanamu-255,banpt-3193,-,-,KEBIDANAN,KEBIDANAN,S1,B,339,0,Ekonomi & Bisnis
-,rencanamu-255,banpt-3193,-,-,ILMU KEPERAWATAN,KEPERAWATAN,S1,B,339,0,Ekonomi & Bisnis
-,rencanamu-255,banpt-3193,-,-,ILMU KESEHATAN MASYARAKAT,KESEHATAN MASYARAKAT,S1,B,339,0,Ekonomi & Bisnis
-,rencanamu-255,-,-,-,MANAJEMEN INFORMATIKA,MANAJEMEN INFORMATIKA,S1,B,339,0,Ekonomi & Bisnis
-,-,banpt-3193,-,-,SASTRA INGGRIS,SASTRA INGGRIS,S1,B,339,0,Ekonomi & Bisnis
-,rencanamu-255,banpt-3193,-,-,SISTEM INFORMASI,SISTEM INFORMASI,S1,C,339,0,Ekonomi & Bisnis
-,-,banpt-956,-,-,PENDIDIKAN BIOLOGI,BIOLOGI,S1,BAIK,1355,0,Ekonomi & Bisnis
-,-,banpt-956,-,-,HUKUM,HUKUM,S1,TERAKREDITASI SEMENTARA,1355,0,Ekonomi & Bisnis
-,-,banpt-956,-,-,MANAJEMEN,MANAJEMEN,S1,BAIK,1355,0,Ekonomi & Bisnis
-,-,banpt-956,-,-,PENDIDIKAN MATEMATIKA,MATEMATIKA,S1,BAIK,1355,0,Ekonomi & Bisnis
-,-,banpt-956,-,-,REKAYASA PERANGKAT LUNAK,REKAYASA PERANGKAT LUNAK,S1,BAIK,1355,0,Ekonomi & Bisnis
-,-,banpt-956,-,-,SISTEM INFORMASI,SISTEM INFORMASI,S1,BAIK SEKALI,1355,0,Ekonomi & Bisnis
-,-,banpt-956,-,-,SISTEM KOMPUTER,SISTEM KOMPUTER,S1,BAIK SEKALI,1355,0,Ekonomi & Bisnis
-,-,banpt-2000,-,-,ADMINISTRASI NEGARA,ADMINISTRASI NEGARA,S1,BAIK,536,0,Ekonomi & Bisnis
-,-,banpt-2000,-,-,ADMINISTRASI NIAGA,ADMINISTRASI NIAGA,S1,BAIK,536,0,Ekonomi & Bisnis
-,-,banpt-2000,-,-,ADMINISTRASI RUMAH SAKIT,ADMINISTRASI RUMAH SAKIT,S1,BAIK,536,0,Ekonomi & Bisnis
-,-,banpt-2000,-,-,PENDIDIKAN GURU SEKOLAH DASAR,GURU SEKOLAH DASAR,S1,BAIK,536,0,Ekonomi & Bisnis
-,-,banpt-2000,-,-,HUKUM,HUKUM,S1,BAIK,536,0,Ekonomi & Bisnis
-,-,banpt-2000,-,-,TEKNIK INFORMATIKA,INFORMATIKA,S1,BAIK,536,0,Ekonomi & Bisnis
-,-,banpt-2000,-,-,PENDIDIKAN JASMANI,JASMANI,S1,BAIK,536,0,Ekonomi & Bisnis
-,-,banpt-2000,-,-,ILMU KEPERAWATAN,KEPERAWATAN,S1,BAIK SEKALI,536,0,Ekonomi & Bisnis
-,-,banpt-2000,-,-,MANAJEMEN,MANAJEMEN,S1,BAIK,536,0,Ekonomi & Bisnis
quipper-15,-,banpt-63,-,FAKULTAS EKONOMI DAN BISNIS,AKUNTANSI,AKUNTANSI,S1,BAIK SEKALI,387,2,Pendidikan & Keguruan
quipper-15,-,banpt-63,-,FAKULTAS TEKNOLOGI PANGAN & KESEHATAN,GIZI,GIZI,S1,UNGGUL,387,0,Ekonomi & Bisnis
quipper-15,-,banpt-63,-,FAKULTAS HUKUM,ILMU HUKUM,HUKUM,S1,BAIK SEKALI,387,3,Hukum
quipper-15,-,banpt-63,-,FAKULTAS ILMU KOMUNIKASI,ILMU KOMUNIKASI,ILMU KOMUNIKASI,S1,BAIK SEKALI,387,0,Ekonomi & Bisnis
quipper-15,-,banpt-63,-,FAKULTAS TEKNIK,TEKNIK INDUSTRI,INDUSTRI,S1,BAIK SEKALI,387,1,Teknik & Rekayasa
quipper-15,-,banpt-63,-,FAKULTAS TEKNIK,TEKNIK LINGKUNGAN,LINGKUNGAN,S1,BAIK SEKALI,387,1,Teknik & Rekayasa
quipper-15,-,banpt-63,-,FAKULTAS EKONOMI DAN BISNIS,MANAJEMEN,MANAJEMEN,S1,BAIK SEKALI,387,0,Ekonomi & Bisnis
-,-,banpt-63,-,-,PARIWISATA,PARIWISATA,S1,TERAKREDITASI SEMENTARA,387,0,Ekonomi & Bisnis
quipper-15,-,banpt-63,-,FAKULTAS TEKNOLOGI PANGAN & KESEHATAN,TEKNOLOGI PANGAN,TEKNOLOGI PANGAN,S1,BAIK SEKALI,387,0,Ekonomi & Bisnis
-,rencanamu-256,-,-,-,AKUNTANSI,AKUNTANSI,S1,B,9,0,Ekonomi & Bisnis
-,rencanamu-256,-,-,-,GIZI,GIZI,S1,B,9,0,Ekonomi & Bisnis
-,rencanamu-256,-,-,-,HUBUNGAN MASYARAKAT,HUBUNGAN MASYARAKAT,S1,B,9,0,Ekonomi & Bisnis
-,rencanamu-256,-,-,-,ILMU HUKUM,HUKUM,S1,B,9,0,Ekonomi & Bisnis
-,rencanamu-256,-,-,-,ILMU KOMUNIKASI,ILMU KOMUNIKASI,S1,B,9,0,Ekonomi & Bisnis
-,rencanamu-256,-,-,-,TEKNIK INDUSTRI,INDUSTRI,S1,B,9,0,Ekonomi & Bisnis
-,rencanamu-256,-,-,-,TEKNIK LINGKUNGAN,LINGKUNGAN,S1,B,9,0,Ekonomi & Bisnis
-,rencanamu-256,-,-,-,MANAJEMEN,MANAJEMEN,S1,B,9,0,Ekonomi & Bisnis
-,rencanamu-256,-,-,-,TEKNOLOGI PANGAN,TEKNOLOGI PANGAN,S1,B,9,0,Ekonomi & Bisnis
-,-,banpt-628,-,-,ARSITEKTUR,ARSITEKTUR,S1,A,208,0,Ekonomi & Bisnis
-,-,banpt-628,-,-,PGMI,GURU,S1,UNGGUL,208,0,Ekonomi & Bisnis
-,-,banpt-628,-,-,ILMU HUKUM,HUKUM,S1,B,208,0,Ekonomi & Bisnis
-,-,banpt-628,-,-,TEKNIK INFORMATIKA,INFORMATIKA,S1,BAIK SEKALI,208,0,Ekonomi & Bisnis
-,-,banpt-628,-,-,ILMU POLITIK,POLITIK,S1,BAIK,208,0,Ekonomi & Bisnis
-,-,banpt-628,-,-,SASTRA INGGRIS,SASTRA INGGRIS,S1,B,208,0,Ekonomi & Bisnis
-,-,banpt-628,-,-,TEKNIK SIPIL,SIPIL,S1,BAIK,208,0,Ekonomi & Bisnis
-,-,banpt-3655,-,-,AGROTEKNOLOGI,AGROTEKNOLOGI,S1,BAIK,716,0,Ekonomi & Bisnis
-,-,banpt-3655,-,-,BIMBINGAN KONSELING,BIMBINGAN KONSELING,S1,BAIK,716,0,Ekonomi & Bisnis
-,-,banpt-3655,-,-,FARMASI,FARMASI,S1,BAIK SEKALI,716,0,Ekonomi & Bisnis
-,-,banpt-3655,-,-,PENDIDIKAN GURU SEKOLAH DASAR,GURU SEKOLAH DASAR,S1,BAIK,716,0,Ekonomi & Bisnis
-,-,banpt-3655,-,-,HUKUM,HUKUM,S1,BAIK,716,0,Ekonomi & Bisnis
-,-,banpt-3655,-,-,TEKNIK INFORMATIKA,INFORMATIKA,S1,TIDAK TERAKREDITASI,716,0,Ekonomi & Bisnis
-,-,banpt-3655,-,-,PENDIDIKAN JASMANI,JASMANI,S1,BAIK,716,0,Ekonomi & Bisnis
-,-,banpt-3655,-,-,KEPERAWATAN,KEPERAWATAN,S1,BAIK SEKALI,716,0,Ekonomi & Bisnis
-,-,banpt-3655,-,-,TEKNIK KOMPUTER,KOMPUTER,S1,BAIK,716,0,Ekonomi & Bisnis
-,-,banpt-3655,-,-,TEKNIK SIPIL,SIPIL,S1,BAIK,716,0,Ekonomi & Bisnis
-,rencanamu-258,banpt-2667,-,-,AKUNTANSI,AKUNTANSI,S1,BAIK,612,0,Ekonomi & Bisnis
-,rencanamu-258,banpt-2667,-,-,ARSITEKTUR,ARSITEKTUR,S1,B,612,0,Ekonomi & Bisnis
-,rencanamu-258,banpt-2667,-,-,TEKNIK ELEKTRO,ELEKTRO,S1,B,612,0,Ekonomi & Bisnis
-,rencanamu-258,banpt-2667,-,-,TEKNIK GEOLOGI,GEOLOGI,S1,C,612,0,Ekonomi & Bisnis
-,rencanamu-258,banpt-2667,-,-,ILMU HUBUNGAN INTERNASIONAL,HUBUNGAN INTERNASIONAL,S1,BAIK,612,0,Ekonomi & Bisnis
-,rencanamu-258,-,-,-,ILMU KOMUNIKASI,ILMU KOMUNIKASI,S1,-,612,0,Ekonomi & Bisnis
-,rencanamu-258,banpt-2667,-,-,TEKNIK INFORMATIKA,INFORMATIKA,S1,C,612,0,Ekonomi & Bisnis
-,-,banpt-2667,-,-,TEKNIK LINGKUNGAN,LINGKUNGAN,S1,B,612,0,Ekonomi & Bisnis
-,rencanamu-258,banpt-2667,-,-,TEKNIK MESIN,MESIN,S1,B,612,0,Ekonomi & Bisnis
-,rencanamu-258,banpt-2667,-,-,ILMU PEMERINTAHAN,PEMERINTAHAN,S1,BAIK,612,0,Ekonomi & Bisnis
-,rencanamu-258,banpt-2667,-,-,PERENCANAAN WILAYAH DAN KOTA,PERENCANAAN WILAYAH KOTA,S1,C,612,0,Ekonomi & Bisnis
-,rencanamu-258,banpt-2667,-,-,TEKNIK PERTAMBANGAN,PERTAMBANGAN,S1,C,612,0,Ekonomi & Bisnis
-,rencanamu-258,banpt-2667,-,-,SASTRA INGGRIS,SASTRA INGGRIS,S1,BAIK,612,0,Ekonomi & Bisnis
-,rencanamu-258,banpt-2667,-,-,TEKNIK SIPIL,SIPIL,S1,C,612,0,Ekonomi & Bisnis
-,rencanamu-258,banpt-2667,-,-,SISTEM INFORMASI,SISTEM INFORMASI,S1,BAIK SEKALI,612,0,Ekonomi & Bisnis
-,-,banpt-3551,-,-,AKUNTANSI,AKUNTANSI,S1,BAIK,138,0,Ekonomi & Bisnis
-,-,banpt-3551,-,-,BISNIS,BISNIS,S1,BAIK SEKALI,138,0,Ekonomi & Bisnis
-,-,banpt-3551,-,-,DESAIN KOMUNIKASI VISUAL,DESAIN KOMUNIKASI VISUAL,S1,BAIK,138,0,Ekonomi & Bisnis
-,-,banpt-3551,-,-,HUKUM,HUKUM,S1,TERAKREDITASI SEMENTARA,138,0,Ekonomi & Bisnis
-,-,banpt-3551,-,-,TEKNIK INFORMATIKA,INFORMATIKA,S1,BAIK,138,0,Ekonomi & Bisnis
-,-,banpt-3551,-,-,TEKNIK SIPIL,SIPIL,S1,BAIK,138,0,Ekonomi & Bisnis
-,-,banpt-3551,-,-,SISTEM INFORMASI,SISTEM INFORMASI,S1,BAIK,138,0,Ekonomi & Bisnis
-,-,banpt-1795,-,-,ADMINISTRASI KESEHATAN,ADMINISTRASI KESEHATAN,S1,BAIK,1210,0,Ekonomi & Bisnis
-,-,banpt-1795,-,-,AGRIBISNIS,AGRIBISNIS,S1,BAIK,1210,0,Ekonomi & Bisnis
-,-,banpt-1795,-,-,PENDIDIKAN JASMANI,JASMANI,S1,BAIK,1210,0,Ekonomi & Bisnis
-,-,banpt-1795,-,-,PETERNAKAN,PETERNAKAN,S1,BAIK,1210,0,Ekonomi & Bisnis
-,-,banpt-279,-,-,FILM DAN TELEVISI,FILM,S1,BAIK,1307,0,Ekonomi & Bisnis
-,-,banpt-279,-,-,SAINS KOMUNIKASI,ILMU KOMUNIKASI,S1,BAIK,1307,0,Ekonomi & Bisnis
-,-,banpt-279,-,-,TEKNIK INFORMATIKA,INFORMATIKA,S1,BAIK SEKALI,1307,0,Ekonomi & Bisnis
-,-,banpt-279,-,-,SAINS DATA,SAINS DATA,S1,BAIK,1307,0,Ekonomi & Bisnis
-,-,banpt-279,-,-,SISTEM INFORMASI,SISTEM INFORMASI,S1,BAIK SEKALI,1307,0,Ekonomi & Bisnis
-,-,banpt-921,-,-,GIZI,GIZI,S1,BAIK,569,0,Ekonomi & Bisnis
-,-,banpt-921,-,-,HUKUM,HUKUM,S1,TERAKREDITASI SEMENTARA,569,0,Ekonomi & Bisnis
-,-,banpt-921,-,-,INFORMATIKA,INFORMATIKA,S1,BAIK,569,0,Ekonomi & Bisnis
-,-,banpt-921,-,-,MANAJEMEN,MANAJEMEN,S1,BAIK,569,0,Ekonomi & Bisnis
-,-,banpt-921,-,-,SISTEM INFORMASI,SISTEM INFORMASI,S1,BAIK,569,0,Ekonomi & Bisnis
-,-,banpt-2181,-,-,AGROTEKNOLOGI,AGROTEKNOLOGI,S1,BAIK,150,0,Ekonomi & Bisnis
-,-,banpt-2181,-,-,PENDIDIKAN BIOLOGI,BIOLOGI,S1,BAIK,150,0,Ekonomi & Bisnis
-,-,banpt-2181,-,-,HUKUM,HUKUM,S1,BAIK,150,0,Ekonomi & Bisnis
-,-,banpt-2181,-,-,ILMU KOMUNIKASI,ILMU KOMUNIKASI,S1,BAIK,150,0,Ekonomi & Bisnis
-,-,banpt-2181,-,-,TEKNIK INDUSTRI,INDUSTRI,S1,BAIK,150,0,Ekonomi & Bisnis
-,-,banpt-2181,-,-,KEWIRAUSAHAAN,KEWIRAUSAHAAN,S1,BAIK,150,0,Ekonomi & Bisnis
-,-,banpt-2181,-,-,MANAJEMEN,MANAJEMEN,S1,BAIK,150,0,Ekonomi & Bisnis
-,-,banpt-2181,-,-,PENDIDIKAN KEPELATIHAN OLAHRAGA,OLAHRAGA,S1,BAIK,150,0,Ekonomi & Bisnis
-,-,banpt-2181,-,-,PERENCANAAN WILAYAH DAN KOTA,PERENCANAAN WILAYAH KOTA,S1,BAIK,150,0,Ekonomi & Bisnis
-,-,banpt-3054,-,-,ILMU ADMINISTRASI NEGARA,ADMINISTRASI NEGARA,S1,BAIK SEKALI,353,0,Ekonomi & Bisnis
-,-,banpt-3054,-,-,AGRIBISNIS,AGRIBISNIS,S1,BAIK SEKALI,353,0,Ekonomi & Bisnis
-,-,banpt-3054,-,-,AGROTEKNOLOGI,AGROTEKNOLOGI,S1,BAIK,353,0,Ekonomi & Bisnis
-,-,banpt-3054,-,-,PENDIDIKAN BIOLOGI,BIOLOGI,S1,BAIK,353,0,Ekonomi & Bisnis
-,-,banpt-3054,-,-,MANAJEMEN SUMBER DAYA PERAIRAN,BUDIDAYA PERAIRAN,S1,BAIK SEKALI,353,0,Ekonomi & Bisnis
-,-,banpt-3054,-,-,EKONOMI PEMBANGUNAN,EKONOMI PEMBANGUNAN,S1,BAIK SEKALI,353,0,Ekonomi & Bisnis
-,-,banpt-3054,-,-,PENDIDIKAN FISIKA,FISIKA,S1,BAIK SEKALI,353,0,Ekonomi & Bisnis
-,-,banpt-3054,-,-,ILMU HUKUM,HUKUM,S1,BAIK,353,0,Ekonomi & Bisnis
-,-,banpt-3054,-,-,KEPERAWATAN,KEPERAWATAN,S1,BAIK,353,0,Ekonomi & Bisnis
-,-,banpt-3054,-,-,MANAJEMEN,MANAJEMEN,S1,BAIK SEKALI,353,0,Ekonomi & Bisnis
-,-,banpt-3054,-,-,PETERNAKAN,PETERNAKAN,S1,BAIK,353,0,Ekonomi & Bisnis
-,-,banpt-3054,-,-,TEKNIK SIPIL,SIPIL,S1,BAIK,353,0,Ekonomi & Bisnis
-,-,banpt-3054,-,-,TEKNOLOGI PENDIDIKAN,TEKNOLOGI,S1,BAIK,353,0,Ekonomi & Bisnis
quipper-400,rencanamu-259,banpt-2370,-,FAKULTAS EKONOMI,AKUNTANSI,AKUNTANSI,S1,B,312,2,Pendidikan & Keguruan
-,rencanamu-259,banpt-2370,-,-,BIMBINGAN DAN KONSELING,BIMBINGAN KONSELING,S1,B,312,0,Ekonomi & Bisnis
quipper-400,rencanamu-259,banpt-2370,-,FAKULTAS KEGURUAN DAN ILMU PENDIDIKAN,BIOLOGI,BIOLOGI,S1,A,312,2,Pendidikan & Keguruan
quipper-400,rencanamu-259,banpt-2370,-,FAKULTAS EKONOMI,ILMU EKONOMI,EKONOMI,S1,A,312,0,Ekonomi & Bisnis
quipper-400,rencanamu-259,banpt-2370,-,FAKULTAS SAINS DAN TEKNOLOGI,TEKNIK ELEKTRO,ELEKTRO,S1,B,312,5,Sains & Teknologi
quipper-400,rencanamu-259,banpt-2370,-,FAKULTAS FARMASI,FARMASI,FARMASI,S1,A,312,0,Ekonomi & Bisnis
quipper-400,rencanamu-259,banpt-2370,-,FAKULTAS KEGURUAN DAN ILMU PENDIDIKAN,FISIKA,FISIKA,S1,A,312,2,Pendidikan & Keguruan
quipper-400,-,-,-,FAKULTAS KEGURUAN DAN ILMU PENDIDIKAN,KEGURUAN & PENDIDIKAN,GURU,S1,-,312,2,Pendidikan & Keguruan
quipper-400,rencanamu-259,banpt-2370,-,FAKULTAS KEGURUAN DAN ILMU PENDIDIKAN,PENDIDIKAN GURU SEKOLAH DASAR,GURU SEKOLAH DASAR,S1,A,312,2,Pendidikan & Keguruan
quipper-400,rencanamu-259,banpt-2370,-,FAKULTAS SAINS DAN TEKNOLOGI,TEKNIK INFORMATIKA,INFORMATIKA,S1,B,312,1,Teknik & Rekayasa
quipper-400,-,banpt-2370,-,FAKULTAS KEGURUAN DAN ILMU PENDIDIKAN,KIMIA,KIMIA,S1,BAIK SEKALI,312,2,Pendidikan & Keguruan
quipper-400,rencanamu-259,banpt-2370,-,FAKULTAS EKONOMI,MANAJEMEN,MANAJEMEN,S1,B,312,0,Ekonomi & Bisnis
quipper-400,rencanamu-259,banpt-2370,-,FAKULTAS KEGURUAN DAN ILMU PENDIDIKAN,PENDIDIKAN MATEMATIKA,MATEMATIKA,S1,A,312,2,Pendidikan & Keguruan
quipper-400,rencanamu-259,banpt-2370,-,FAKULTAS SAINS DAN TEKNOLOGI,TEKNIK MESIN,MESIN,S1,B,312,5,Sains & Teknologi
quipper-400,rencanamu-259,banpt-2370,-,FAKULTAS PSIKOLOGI,PSIKOLOGI,PSIKOLOGI,S1,A,312,0,Ekonomi & Bisnis
quipper-400,rencanamu-259,banpt-2370,-,FAKULTAS SASTRA,SASTRA INDONESIA,SASTRA INDONESIA,S1,A,312,0,Ekonomi & Bisnis
quipper-400,rencanamu-259,banpt-2370,-,FAKULTAS SASTRA,SASTRA INGGRIS,SASTRA INGGRIS,S1,A,312,0,Ekonomi & Bisnis
quipper-400,rencanamu-259,banpt-2370,-,FAKULTAS KEGURUAN DAN ILMU PENDIDIKAN,SEJARAH,SEJARAH,S1,B,312,2,Pendidikan & Keguruan
quipper-400,rencanamu-259,-,-,FAKULTAS TEOLOGI,TEOLOGI,TEOLOGI,S1,A,312,0,Ekonomi & Bisnis
-,-,banpt-92,-,-,ADMINISTRASI PUBLIK,ADMINISTRASI PUBLIK,S1,B,679,0,Ekonomi & Bisnis
-,-,banpt-92,-,-,AKUNTANSI,AKUNTANSI,S1,BAIK,679,0,Ekonomi & Bisnis
-,-,banpt-92,-,-,ILMU HUKUM,HUKUM,S1,BAIK SEKALI,679,0,Ekonomi & Bisnis
-,-,banpt-92,-,-,MANAJEMEN,MANAJEMEN,S1,BAIK SEKALI,679,0,Ekonomi & Bisnis
-,-,banpt-92,-,-,TEKNIK MESIN,MESIN,S1,BAIK,679,0,Ekonomi & Bisnis
-,-,banpt-92,-,-,REKAYASA / TEKNIK SIPIL,SIPIL,S1,BAIK SEKALI,679,0,Ekonomi & Bisnis
-,-,banpt-569,-,-,ADMINISTRASI BISNIS,ADMINISTRASI BISNIS,S1,BAIK SEKALI,361,0,Ekonomi & Bisnis
-,-,banpt-569,-,-,AKUNTANSI,AKUNTANSI,S1,BAIK SEKALI,361,0,Ekonomi & Bisnis
-,-,banpt-569,-,-,TEKNIK ELEKTRO,ELEKTRO,S1,BAIK SEKALI,361,0,Ekonomi & Bisnis
-,-,banpt-569,-,-,ILMU KOMUNIKASI,ILMU KOMUNIKASI,S1,B,361,0,Ekonomi & Bisnis
-,-,banpt-569,-,-,TEKNIK INDUSTRI,INDUSTRI,S1,BAIK SEKALI,361,0,Ekonomi & Bisnis
-,-,banpt-569,-,-,TEKNIK INFORMATIKA,INFORMATIKA,S1,BAIK SEKALI,361,0,Ekonomi & Bisnis
-,-,banpt-569,-,-,MANAJEMEN,MANAJEMEN,S1,UNGGUL,361,0,Ekonomi & Bisnis
-,-,banpt-569,-,-,TEKNIK MESIN,MESIN,S1,BAIK SEKALI,361,0,Ekonomi & Bisnis
-,-,banpt-569,-,-,TEKNIK SIPIL,SIPIL,S1,B,361,0,Ekonomi & Bisnis
-,-,banpt-569,-,-,SISTEM INFORMASI,SISTEM INFORMASI,S1,BAIK SEKALI,361,0,Ekonomi & Bisnis
-,-,banpt-277,-,-,PENDIDIKAN GURU SEKOLAH DASAR,GURU SEKOLAH DASAR,S1,BAIK,1182,0,Ekonomi & Bisnis
-,-,banpt-277,-,-,ILMU KOMPUTER,KOMPUTER,S1,BAIK,1182,0,Ekonomi & Bisnis
-,-,banpt-277,-,-,MANAJEMEN,MANAJEMEN,S1,BAIK,1182,0,Ekonomi & Bisnis
-,-,banpt-277,-,-,TEKNIK SIPIL,SIPIL,S1,BAIK,1182,0,Ekonomi & Bisnis
-,-,banpt-277,-,-,SISTEM INFORMASI,SISTEM INFORMASI,S1,BAIK,1182,0,Ekonomi & Bisnis
-,-,banpt-277,-,-,TEKNOLOGI INFORMASI,TEKNOLOGI INFORMASI,S1,BAIK,1182,0,Ekonomi & Bisnis
-,-,banpt-3609,-,-,AKUNTANSI,AKUNTANSI,S1,BAIK,104,0,Ekonomi & Bisnis
-,-,banpt-3609,-,-,FARMASI,FARMASI,S1,BAIK SEKALI,104,0,Ekonomi & Bisnis
-,-,banpt-3609,-,-,HUKUM,HUKUM,S1,BAIK,104,0,Ekonomi & Bisnis
-,-,banpt-3609,-,-,TEKNIK INDUSTRI,INDUSTRI,S1,BAIK,104,0,Ekonomi & Bisnis
-,-,banpt-3609,-,-,KEBIDANAN,KEBIDANAN,S1,BAIK SEKALI,104,0,Ekonomi & Bisnis
-,-,banpt-3609,-,-,KEPERAWATAN,KEPERAWATAN,S1,BAIK SEKALI,104,0,Ekonomi & Bisnis
-,-,banpt-3609,-,-,MANAJEMEN,MANAJEMEN,S1,BAIK,104,0,Ekonomi & Bisnis
-,-,banpt-3609,-,-,SISTEM INFORMASI,SISTEM INFORMASI,S1,BAIK,104,0,Ekonomi & Bisnis
-,-,banpt-3609,-,-,TEKNOLOGI INFORMASI,TEKNOLOGI INFORMASI,S1,BAIK,104,0,Ekonomi & Bisnis
quipper-289,rencanamu-260,banpt-1224,-,FAKULTAS PERTANIAN,AGRIBISNIS,AGRIBISNIS,S1,B,425,0,Ekonomi & Bisnis
quipper-289,rencanamu-260,banpt-1224,-,FAKULTAS PERTANIAN,AGROTEKNOLOGI,AGROTEKNOLOGI,S1,B,425,0,Ekonomi & Bisnis
quipper-289,rencanamu-260,banpt-1224,-,FAKULTAS EKONOMI,AKUNTANSI,AKUNTANSI,S1,A,425,2,Pendidikan & Keguruan
quipper-289,rencanamu-260,banpt-1224,-,FAKULTAS KEGURUAN DAN ILMU PENDIDIKAN,PENDIDIKAN SENI RUPA,DESAIN KOMUNIKASI VISUAL,S1,B,425,2,Pendidikan & Keguruan
quipper-289,rencanamu-260,banpt-1224,-,FAKULTAS KEGURUAN DAN ILMU PENDIDIKAN,PENDIDIKAN FISIKA,FISIKA,S1,A,425,2,Pendidikan & Keguruan
quipper-289,rencanamu-260,banpt-1224,-,FAKULTAS KEGURUAN DAN ILMU PENDIDIKAN,PENDIDIKAN GURU SEKOLAH DASAR,GURU SEKOLAH DASAR,S1,A,425,2,Pendidikan & Keguruan
quipper-289,rencanamu-260,banpt-1224,-,FAKULTAS TEKNIK,TEKNIK INDUSTRI,INDUSTRI,S1,B,425,1,Teknik & Rekayasa
quipper-289,-,banpt-1224,-,FAKULTAS TEKNIK,INFORMATIKA,INFORMATIKA,S1,BAIK,425,1,Teknik & Rekayasa
quipper-289,rencanamu-260,banpt-1224,-,FAKULTAS EKONOMI,MANAJEMEN,MANAJEMEN,S1,A,425,0,Ekonomi & Bisnis
quipper-289,rencanamu-260,banpt-1224,-,FAKULTAS KEGURUAN DAN ILMU PENDIDIKAN,PENDIDIKAN MATEMATIKA,MATEMATIKA,S1,B,425,2,Pendidikan & Keguruan
-,rencanamu-260,banpt-1224,-,-,PENDIDIKAN TEKNIK MESIN,MESIN,S1,A,425,0,Ekonomi & Bisnis
quipper-289,rencanamu-260,banpt-1224,-,FAKULTAS KEGURUAN DAN ILMU PENDIDIKAN,PENDIDIKAN IPA,PENGETAHUAN ALAM,S1,B,425,2,Pendidikan & Keguruan
quipper-289,rencanamu-260,banpt-1224,-,FAKULTAS PSIKOLOGI,PSIKOLOGI,PSIKOLOGI,S1,B,425,0,Ekonomi & Bisnis
quipper-289,rencanamu-260,banpt-1224,-,FAKULTAS TEKNIK,TEKNIK SIPIL,SIPIL,S1,B,425,1,Teknik & Rekayasa
-,-,banpt-1030,-,-,AGROTEKNOLOGI,AGROTEKNOLOGI,S1,BAIK,1021,0,Ekonomi & Bisnis
-,-,banpt-1030,-,-,AKUNTANSI,AKUNTANSI,S1,BAIK,1021,0,Ekonomi & Bisnis
-,-,banpt-1030,-,-,INFORMATIKA,INFORMATIKA,S1,BAIK,1021,0,Ekonomi & Bisnis
-,-,banpt-1030,-,-,MANAJEMEN,MANAJEMEN,S1,BAIK,1021,0,Ekonomi & Bisnis
-,-,banpt-1030,-,-,SASTRA INGGRIS,SASTRA INGGRIS,S1,BAIK,1021,0,Ekonomi & Bisnis
-,-,banpt-1030,-,-,SISTEM INFORMASI,SISTEM INFORMASI,S1,BAIK,1021,0,Ekonomi & Bisnis
-,-,banpt-2643,-,-,AKUAKULTUR,AKUAKULTUR,S1,B,325,0,Ekonomi & Bisnis
-,rencanamu-261,banpt-2643,-,-,AKUNTANSI,AKUNTANSI,S1,B,325,0,Ekonomi & Bisnis
-,rencanamu-261,banpt-2643,-,-,BUDIDAYA PERAIRAN,BUDIDAYA PERAIRAN,S1,B,325,0,Ekonomi & Bisnis
-,rencanamu-261,banpt-2643,-,-,HUBUNGAN INTERNASIONAL,HUBUNGAN INTERNASIONAL,S1,B,325,0,Ekonomi & Bisnis
-,rencanamu-261,banpt-2643,-,-,ILMU HUKUM,HUKUM,S1,C,325,0,Ekonomi & Bisnis
-,rencanamu-261,banpt-2643,-,-,ILMU KOMUNIKASI,ILMU KOMUNIKASI,S1,B,325,0,Ekonomi & Bisnis
-,rencanamu-261,banpt-2643,-,-,TEKNIK INFORMATIKA,INFORMATIKA,S1,B,325,0,Ekonomi & Bisnis
-,rencanamu-261,banpt-2643,-,-,TEKNIK LINGKUNGAN,LINGKUNGAN,S1,B,325,0,Ekonomi & Bisnis
-,rencanamu-261,banpt-2643,-,-,MANAJEMEN,MANAJEMEN,S1,C,325,0,Ekonomi & Bisnis
-,rencanamu-261,banpt-2643,-,-,PEMANFAATAN SUMBERDAYA PERIKANAN,PERIKANAN,S1,B,325,0,Ekonomi & Bisnis
-,rencanamu-261,banpt-2643,-,-,SISTEM INFORMASI,SISTEM INFORMASI,S1,B,325,0,Ekonomi & Bisnis
-,-,banpt-1946,-,-,AGRIBISNIS,AGRIBISNIS,S1,BAIK,673,0,Ekonomi & Bisnis
-,-,banpt-1946,-,-,BISNIS DIGITAL,BISNIS DIGITAL,S1,BAIK SEKALI,673,0,Ekonomi & Bisnis
-,-,banpt-1946,-,-,INFORMATIKA,INFORMATIKA,S1,BAIK SEKALI,673,0,Ekonomi & Bisnis
-,-,banpt-1946,-,-,MANAJEMEN HUTAN,KEHUTANAN,S1,BAIK,673,0,Ekonomi & Bisnis
-,-,banpt-1946,-,-,KEWIRAUSAHAAN,KEWIRAUSAHAAN,S1,BAIK SEKALI,673,0,Ekonomi & Bisnis
-,-,banpt-3199,-,-,ILMU ADMINISTRASI BISNIS,ADMINISTRASI BISNIS,S1,BAIK,1268,0,Ekonomi & Bisnis
-,-,banpt-3199,-,-,ILMU ADMINISTRASI NEGARA,ADMINISTRASI NEGARA,S1,BAIK,1268,0,Ekonomi & Bisnis
-,-,banpt-3199,-,-,AGRIBISNIS,AGRIBISNIS,S1,BAIK,1268,0,Ekonomi & Bisnis
-,-,banpt-3199,-,-,AGROTEKNOLOGI,AGROTEKNOLOGI,S1,BAIK,1268,0,Ekonomi & Bisnis
-,-,banpt-3199,-,-,MANAJEMEN SUMBER DAYA PERAIRAN,BUDIDAYA PERAIRAN,S1,BAIK,1268,0,Ekonomi & Bisnis
-,-,banpt-3199,-,-,PENDIDIKAN GURU SEKOLAH DASAR,GURU SEKOLAH DASAR,S1,BAIK,1268,0,Ekonomi & Bisnis
-,-,banpt-3199,-,-,TEKNIK INFORMATIKA,INFORMATIKA,S1,BAIK,1268,0,Ekonomi & Bisnis
-,-,banpt-3199,-,-,PENDIDIKAN MATEMATIKA,MATEMATIKA,S1,BAIK,1268,0,Ekonomi & Bisnis
-,-,banpt-3199,-,-,ILMU PEMERINTAHAN,PEMERINTAHAN,S1,B,1268,0,Ekonomi & Bisnis
-,-,banpt-3199,-,-,PETERNAKAN,PETERNAKAN,S1,B,1268,0,Ekonomi & Bisnis
quipper-579,-,-,-,FAKULTAS TEKNIK SIPIL DAN PERENCANAAN,ILMU TEKNIK,,S1,-,24,0,Ekonomi & Bisnis
quipper-579,-,banpt-1230,-,FAKULTAS PERTANIAN,AGRIBISNIS,AGRIBISNIS,S1,B,24,0,Ekonomi & Bisnis
-,rencanamu-262,-,-,-,AGROBISNIS,AGROBISNIS,S1,C,24,0,Ekonomi & Bisnis
quipper-579,rencanamu-262,-,-,FAKULTAS PERTANIAN,AGROTEKNOLOGI,AGROTEKNOLOGI,S1,C,24,0,Ekonomi & Bisnis
quipper-579,rencanamu-262,banpt-1230,-,FAKULTAS EKONOMI,AKUNTANSI,AKUNTANSI,S1,C,24,2,Pendidikan & Keguruan
quipper-579,rencanamu-262,banpt-1230,-,FAKULTAS TEKNIK SIPIL DAN PERENCANAAN,ARSITEKTUR,ARSITEKTUR,S1,C,24,0,Ekonomi & Bisnis
quipper-579,-,banpt-1230,-,FAKULTAS TEKNOLOGI INDUSTRI,TEKNIK ELEKTRO,ELEKTRO,S1,BAIK,24,4,Teknologi Industri
quipper-579,-,-,-,FAKULTAS AGAMA ISLAM,KEGURUAN & PENDIDIKAN,GURU,S1,-,24,0,Ekonomi & Bisnis
quipper-579,rencanamu-262,banpt-1230,-,FAKULTAS ILMU SOSIAL DAN ILMU POLITIK,HUBUNGAN INTERNASIONAL,HUBUNGAN INTERNASIONAL,S1,B,24,0,Ekonomi & Bisnis
quipper-579,rencanamu-262,banpt-1230,-,FAKULTAS HUKUM,ILMU HUKUM,HUKUM,S1,C,24,3,Hukum
quipper-579,rencanamu-262,banpt-1230,-,FAKULTAS TEKNOLOGI INDUSTRI,TEKNIK INDUSTRI,INDUSTRI,S1,C,24,4,Teknologi Industri
quipper-579,rencanamu-262,banpt-1230,-,FAKULTAS TEKNOLOGI INDUSTRI,TEKNIK INFORMATIKA,INFORMATIKA,S1,C,24,1,Teknik & Rekayasa
quipper-579,rencanamu-262,banpt-1230,-,FAKULTAS EKONOMI,MANAJEMEN,MANAJEMEN,S1,C,24,0,Ekonomi & Bisnis
quipper-579,-,-,-,MANAJEMEN INDUSTRI PARIWISATA DAN PERHOTELAN,PARIWISATA,PARIWISATA,S1,-,24,0,Ekonomi & Bisnis
quipper-579,rencanamu-262,banpt-1230,-,FAKULTAS ILMU SOSIAL DAN ILMU POLITIK,ILMU PEMERINTAHAN,PEMERINTAHAN,S1,C,24,0,Ekonomi & Bisnis
quipper-579,-,-,-,MANAJEMEN INDUSTRI PARIWISATA DAN PERHOTELAN,PERHOTELAN,PERHOTELAN,S1,-,24,0,Ekonomi & Bisnis
quipper-579,rencanamu-262,banpt-1230,-,FAKULTAS TEKNIK SIPIL DAN PERENCANAAN,TEKNIK SIPIL,SIPIL,S1,C,24,5,Sains & Teknologi
-,-,banpt-91,-,-,ADMINISTRASI PUBLIK,ADMINISTRASI PUBLIK,S1,B,820,0,Ekonomi & Bisnis
-,-,banpt-91,-,-,PENDIDIKAN GURU PENDIDIKAN ANAK USIA DINI,GURU ANAK USIA DINI,S1,BAIK SEKALI,820,0,Ekonomi & Bisnis
-,-,banpt-91,-,-,PENDIDIKAN GURU SEKOLAH DASAR,GURU SEKOLAH DASAR,S1,B,820,0,Ekonomi & Bisnis
-,-,banpt-91,-,-,TEKNIK INFORMATIKA,INFORMATIKA,S1,B,820,0,Ekonomi & Bisnis
-,-,banpt-91,-,-,PENDIDIKAN JASMANI,JASMANI,S1,B,820,0,Ekonomi & Bisnis
-,-,banpt-91,-,-,ILMU KEPERAWATAN,KEPERAWATAN,S1,BAIK SEKALI,820,0,Ekonomi & Bisnis
-,-,banpt-91,-,-,KESEHATAN MASYARAKAT,KESEHATAN MASYARAKAT,S1,C,820,0,Ekonomi & Bisnis
-,-,banpt-91,-,-,MANAJEMEN,MANAJEMEN,S1,B,820,0,Ekonomi & Bisnis
-,-,banpt-91,-,-,PENDIDIKAN MATEMATIKA,MATEMATIKA,S1,BAIK SEKALI,820,0,Ekonomi & Bisnis
-,-,banpt-91,-,-,PENDIDIKAN TEKNIK MESIN,MESIN,S1,BAIK SEKALI,820,0,Ekonomi & Bisnis
-,-,banpt-91,-,-,SASTRA INGGRIS,SASTRA INGGRIS,S1,B,820,0,Ekonomi & Bisnis
-,-,banpt-91,-,-,SISTEM INFORMASI,SISTEM INFORMASI,S1,B,820,0,Ekonomi & Bisnis
-,-,banpt-1036,-,-,HUKUM,HUKUM,S1,BAIK,468,0,Ekonomi & Bisnis
-,-,banpt-1036,-,-,INFORMATIKA,INFORMATIKA,S1,BAIK,468,0,Ekonomi & Bisnis
-,-,banpt-1036,-,-,ILMU KESEHATAN MASYARAKAT,KESEHATAN MASYARAKAT,S1,BAIK,468,0,Ekonomi & Bisnis
-,-,banpt-1036,-,-,MANAJEMEN,MANAJEMEN,S1,BAIK,468,0,Ekonomi & Bisnis
-,-,banpt-1036,-,-,REKAYASA INDUSTRI,REKAYASA INDUSTRI,S1,BAIK,468,0,Ekonomi & Bisnis
-,-,banpt-2347,-,-,AKUNTANSI,AKUNTANSI,S1,BAIK,1396,0,Ekonomi & Bisnis
-,-,banpt-2347,-,-,ARSITEKTUR,ARSITEKTUR,S1,TIDAK TERAKREDITASI,1396,0,Ekonomi & Bisnis
-,-,banpt-2347,-,-,BISNIS DIGITAL,BISNIS DIGITAL,S1,BAIK,1396,0,Ekonomi & Bisnis
-,-,banpt-2347,-,-,DESAIN KOMUNIKASI VISUAL,DESAIN KOMUNIKASI VISUAL,S1,BAIK,1396,0,Ekonomi & Bisnis
-,-,banpt-2347,-,-,ILMU HUKUM,HUKUM,S1,BAIK,1396,0,Ekonomi & Bisnis
-,-,banpt-2347,-,-,ILMU KOMUNIKASI,ILMU KOMUNIKASI,S1,TERAKREDITASI,1396,0,Ekonomi & Bisnis
-,-,banpt-2347,-,-,TEKNIK INDUSTRI,INDUSTRI,S1,BAIK,1396,0,Ekonomi & Bisnis
-,-,banpt-2347,-,-,TEKNIK INFORMATIKA,INFORMATIKA,S1,BAIK,1396,0,Ekonomi & Bisnis
-,-,banpt-2347,-,-,MANAJEMEN,MANAJEMEN,S1,BAIK,1396,0,Ekonomi & Bisnis
-,-,banpt-2347,-,-,ILMU PEMERINTAHAN,PEMERINTAHAN,S1,BAIK,1396,0,Ekonomi & Bisnis
-,-,banpt-2347,-,-,PSIKOLOGI,PSIKOLOGI,S1,BAIK,1396,0,Ekonomi & Bisnis
-,-,banpt-2347,-,-,TEKNIK SIPIL,SIPIL,S1,BAIK,1396,0,Ekonomi & Bisnis
quipper-124,rencanamu-263,banpt-738,-,FAKULTAS EKONOMI,AKUNTANSI,AKUNTANSI,S1,B,662,2,Pendidikan & Keguruan
quipper-124,rencanamu-263,banpt-738,-,FAKULTAS TEKNIK,TEKNIK ELEKTRO,ELEKTRO,S1,C,662,1,Teknik & Rekayasa
quipper-124,rencanamu-263,banpt-738,-,FAKULTAS HUKUM,ILMU HUKUM,HUKUM,S1,B,662,3,Hukum
quipper-124,rencanamu-263,banpt-738,-,FAKULTAS TEKNOLOGI INFORMASI DAN KOMUNIKASI,ILMU KOMUNIKASI,ILMU KOMUNIKASI,S1,C,662,0,Ekonomi & Bisnis
quipper-124,rencanamu-263,banpt-738,-,FAKULTAS TEKNOLOGI INFORMASI DAN KOMUNIKASI,TEKNIK INFORMATIKA,INFORMATIKA,S1,B,662,1,Teknik & Rekayasa
quipper-124,rencanamu-263,-,-,FAKULTAS EKONOMI,MANAJEMEN,MANAJEMEN,S1,B,662,0,Ekonomi & Bisnis
quipper-124,-,banpt-738,-,FAKULTAS TEKNOLOGI INFORMASI DAN KOMUNIKASI,PARIWISATA,PARIWISATA,S1,BAIK,662,0,Ekonomi & Bisnis
quipper-124,-,banpt-738,-,FAKULTAS TEKNIK,PERENCANAAN WILAYAH DAN KOTA,PERENCANAAN WILAYAH KOTA,S1,BAIK,662,1,Teknik & Rekayasa
quipper-124,-,banpt-738,-,FAKULTAS TEKNOLOGI PERTANIAN,TEKNOLOGI HASIL PERTANIAN,PERTANIAN,S1,BAIK SEKALI,662,0,Ekonomi & Bisnis
quipper-124,rencanamu-263,banpt-738,-,FAKULTAS PSIKOLOGI,PSIKOLOGI,PSIKOLOGI,S1,C,662,0,Ekonomi & Bisnis
quipper-124,rencanamu-263,banpt-738,-,FAKULTAS TEKNIK,TEKNIK SIPIL,SIPIL,S1,B,662,1,Teknik & Rekayasa
quipper-124,rencanamu-263,banpt-738,-,FAKULTAS TEKNOLOGI INFORMASI DAN KOMUNIKASI,SISTEM INFORMASI,SISTEM INFORMASI,S1,B,662,4,Teknologi Industri
-,-,banpt-1114,-,-,HUKUM,HUKUM,S1,BAIK,986,0,Ekonomi & Bisnis
-,-,banpt-1114,-,-,TEKNIK INFORMATIKA,INFORMATIKA,S1,BAIK SEKALI,986,0,Ekonomi & Bisnis
-,-,banpt-1114,-,-,MANAJEMEN,MANAJEMEN,S1,BAIK,986,0,Ekonomi & Bisnis
-,-,banpt-1114,-,-,SISTEM INFORMASI,SISTEM INFORMASI,S1,BAIK,986,0,Ekonomi & Bisnis
-,-,banpt-1114,-,-,TEKNOLOGI PANGAN DAN HASIL PERTANIAN,TEKNOLOGI PANGAN,S1,BAIK,986,0,Ekonomi & Bisnis
quipper-614,rencanamu-264,banpt-3542,-,FAKULTAS EKONOMI,AKUNTANSI,AKUNTANSI,S1,C,1039,2,Pendidikan & Keguruan
quipper-614,rencanamu-264,banpt-3542,-,FAKULTAS KEGURUAN DAN ILMU PENDIDIKAN,BIOLOGI,BIOLOGI,S1,C,1039,2,Pendidikan & Keguruan
quipper-614,rencanamu-264,banpt-3542,-,FAKULTAS KEGURUAN DAN ILMU PENDIDIKAN,ILMU EKONOMI,EKONOMI,S1,B,1039,2,Pendidikan & Keguruan
quipper-614,-,banpt-3542,-,FAKULTAS KEGURUAN DAN ILMU PENDIDIKAN,FISIKA,FISIKA,S1,BAIK,1039,2,Pendidikan & Keguruan
quipper-614,-,banpt-3542,-,FAKULTAS KEGURUAN DAN ILMU PENDIDIKAN,PENDIDIKAN GURU SEKOLAH DASAR,GURU SEKOLAH DASAR,S1,B,1039,2,Pendidikan & Keguruan
-,-,banpt-3542,-,-,HUKUM BISNIS,HUKUM,S1,TERAKREDITASI SEMENTARA,1039,0,Ekonomi & Bisnis
quipper-614,-,-,-,FAKULTAS DAKWAH DAN KOMUNIKASI,ILMU KOMUNIKASI,ILMU KOMUNIKASI,S1,-,1039,0,Ekonomi & Bisnis
quipper-614,-,banpt-3542,-,FAKULTAS TEKNIK,TEKNIK INDUSTRI,INDUSTRI,S1,BAIK,1039,1,Teknik & Rekayasa
quipper-614,-,-,-,FAKULTAS TEKNIK,TEKNIK INFORMATIKA,INFORMATIKA,S1,-,1039,1,Teknik & Rekayasa
-,rencanamu-264,banpt-3542,-,-,"PENDIDIKAN JASMANI, KESEHATAN DAN REKREASI",JASMANI,S1,B,1039,0,Ekonomi & Bisnis
quipper-614,rencanamu-264,banpt-3542,-,FAKULTAS KESEHATAN MASYARAKAT,KESEHATAN MASYARAKAT,KESEHATAN MASYARAKAT,S1,B,1039,0,Ekonomi & Bisnis
quipper-614,rencanamu-264,banpt-3542,-,FAKULTAS TEKNIK,TEKNIK KIMIA,KIMIA,S1,B,1039,1,Teknik & Rekayasa
-,-,banpt-3542,-,-,TEKNIK KOMPUTER,KOMPUTER,S1,BAIK,1039,0,Ekonomi & Bisnis
quipper-614,-,banpt-3542,-,FAKULTAS TEKNIK,TEKNIK LINGKUNGAN,LINGKUNGAN,S1,BAIK SEKALI,1039,1,Teknik & Rekayasa
quipper-614,rencanamu-264,-,-,FAKULTAS EKONOMI,MANAJEMEN,MANAJEMEN,S1,C,1039,0,Ekonomi & Bisnis
quipper-614,-,banpt-3542,-,FAKULTAS KEGURUAN DAN ILMU PENDIDIKAN,PENDIDIKAN MATEMATIKA,MATEMATIKA,S1,BAIK SEKALI,1039,2,Pendidikan & Keguruan
quipper-614,-,-,-,FAKULTAS KEGURUAN DAN ILMU PENDIDIKAN,PENDIDIKAN OLAHRAGA,OLAHRAGA,S1,-,1039,2,Pendidikan & Keguruan
-,-,banpt-3542,-,-,PENDIDIKAN ILMU PENGETAHUAN ALAM,PENGETAHUAN ALAM,S1,BAIK,1039,0,Ekonomi & Bisnis
quipper-614,-,-,-,FAKULTAS SYARIAH,PERBANKAN,PERBANKAN,S1,-,1039,0,Ekonomi & Bisnis
quipper-614,-,banpt-3542,-,FAKULTAS TEKNOLOGI PERTANIAN,TEKNIK PERTANIAN,PERTANIAN,S1,BAIK,1039,0,Ekonomi & Bisnis
quipper-614,-,banpt-3542,-,FAKULTAS KEGURUAN DAN ILMU PENDIDIKAN,SEJARAH,SEJARAH,S1,BAIK SEKALI,1039,2,Pendidikan & Keguruan
quipper-614,-,banpt-3542,-,FAKULTAS TEKNOLOGI PERTANIAN,ILMU DAN TEKNOLOGI PANGAN,TEKNOLOGI PANGAN,S1,BAIK,1039,0,Ekonomi & Bisnis
quipper-512,-,-,-,FAKULTAS ILMU SOSIAL DAN POLITIK,ILMU ADMINISTRASI,ADMINISTRASI,S1,-,611,0,Ekonomi & Bisnis
-,rencanamu-265,banpt-466,-,-,ADMINISTRASI NEGARA,ADMINISTRASI NEGARA,S1,C,611,0,Ekonomi & Bisnis
quipper-512,rencanamu-265,banpt-466,-,FAKULTAS EKONOMI,AKUNTANSI,AKUNTANSI,S1,B,611,2,Pendidikan & Keguruan
-,-,banpt-466,-,-,BISNIS DIGITAL,BISNIS DIGITAL,S1,BAIK SEKALI,611,0,Ekonomi & Bisnis
quipper-512,-,banpt-466,-,FAKULTAS HUKUM,ILMU HUKUM,HUKUM,S1,BAIK,611,3,Hukum
quipper-512,rencanamu-265,banpt-466,-,FAKULTAS ILMU SOSIAL DAN POLITIK,ILMU KOMUNIKASI,ILMU KOMUNIKASI,S1,B,611,0,Ekonomi & Bisnis
quipper-512,rencanamu-265,banpt-466,-,FAKULTAS TEKNIK,TEKNIK INDUSTRI,INDUSTRI,S1,C,611,1,Teknik & Rekayasa
quipper-512,rencanamu-265,banpt-466,-,FAKULTAS TEKNOLOGI INFORMASI,TEKNIK INFORMATIKA,INFORMATIKA,S1,C,611,1,Teknik & Rekayasa
-,rencanamu-265,banpt-466,-,-,TEKNIK KIMIA,KIMIA,S1,C,611,0,Ekonomi & Bisnis
quipper-512,-,-,-,FAKULTAS TEKNOLOGI INFORMASI,ILMU KOMPUTER,KOMPUTER,S1,-,611,0,Ekonomi & Bisnis
quipper-512,rencanamu-265,banpt-466,-,FAKULTAS EKONOMI,MANAJEMEN,MANAJEMEN,S1,C,611,0,Ekonomi & Bisnis
quipper-512,-,banpt-466,-,FAKULTAS PENDIDIKAN,PENDIDIKAN MATEMATIKA,MATEMATIKA,S1,BAIK,611,0,Ekonomi & Bisnis
quipper-512,-,-,-,FAKULTAS EKONOMI,PERBANKAN,PERBANKAN,S1,-,611,0,Ekonomi & Bisnis
quipper-512,rencanamu-265,-,-,FAKULTAS TEKNIK,TEKNIK SIPIL,SIPIL,S1,C,611,1,Teknik & Rekayasa
quipper-512,rencanamu-265,banpt-466,-,FAKULTAS TEKNOLOGI INFORMASI,SISTEM INFORMASI,SISTEM INFORMASI,S1,C,611,4,Teknologi Industri
-,rencanamu-265,banpt-466,-,-,SISTEM KOMPUTER,SISTEM KOMPUTER,S1,C,611,0,Ekonomi & Bisnis
-,-,banpt-1444,-,-,AGRIBISNIS,AGRIBISNIS,S1,BAIK,750,0,Ekonomi & Bisnis
-,-,banpt-1444,-,-,ILMU HUKUM,HUKUM,S1,B,750,0,Ekonomi & Bisnis
-,-,banpt-1444,-,-,ILMU LINGKUNGAN,LINGKUNGAN,S1,BAIK,750,0,Ekonomi & Bisnis
-,-,banpt-1444,-,-,MANAJEMEN,MANAJEMEN,S1,BAIK,750,0,Ekonomi & Bisnis
-,-,banpt-1444,-,-,PENDIDIKAN KEPELATIHAN OLAHRAGA,OLAHRAGA,S1,BAIK,750,0,Ekonomi & Bisnis
-,-,banpt-1444,-,-,TEKNIK SIPIL,SIPIL,S1,BAIK,750,0,Ekonomi & Bisnis
-,-,banpt-286,-,-,BISNIS DIGITAL,BISNIS DIGITAL,S1,BAIK,115,0,Ekonomi & Bisnis
-,-,banpt-286,-,-,INFORMATIKA,INFORMATIKA,S1,BAIK,115,0,Ekonomi & Bisnis
-,-,banpt-286,-,-,MANAJEMEN,MANAJEMEN,S1,BAIK SEKALI,115,0,Ekonomi & Bisnis
-,-,banpt-286,-,-,SISTEM INFORMASI,SISTEM INFORMASI,S1,BAIK,115,0,Ekonomi & Bisnis
-,-,banpt-286,-,-,SOSIAL EKONOMI PERTANIAN,SOSIAL EKONOMI PERTANIAN,S1,TERAKREDITASI SEMENTARA,115,0,Ekonomi & Bisnis
-,-,banpt-484,-,-,ILMU ADMINISTRASI NEGARA,ADMINISTRASI NEGARA,S1,B,593,0,Ekonomi & Bisnis
-,-,banpt-484,-,-,AGRIBISNIS,AGRIBISNIS,S1,BAIK,593,0,Ekonomi & Bisnis
-,-,banpt-484,-,-,PENDIDIKAN GURU PENDIDIKAN ANAK USIA DINI,GURU ANAK USIA DINI,S1,BAIK SEKALI,593,0,Ekonomi & Bisnis
-,-,banpt-484,-,-,PENDIDIKAN GURU SEKOLAH DASAR,GURU SEKOLAH DASAR,S1,B,593,0,Ekonomi & Bisnis
-,-,banpt-484,-,-,TEKNIK INDUSTRI,INDUSTRI,S1,BAIK,593,0,Ekonomi & Bisnis
-,-,banpt-484,-,-,TEKNIK KIMIA,KIMIA,S1,BAIK,593,0,Ekonomi & Bisnis
-,-,banpt-484,-,-,PENDIDIKAN JASMANI DAN KESEHATAN,OLAHRAGA,S1,BAIK SEKALI,593,0,Ekonomi & Bisnis
-,-,banpt-484,-,-,ILMU PEMERINTAHAN,PEMERINTAHAN,S1,BAIK,593,0,Ekonomi & Bisnis
-,-,banpt-484,-,-,PENDIDIKAN SEJARAH,SEJARAH,S1,BAIK,593,0,Ekonomi & Bisnis
-,-,banpt-2570,-,-,AKUNTANSI,AKUNTANSI,S1,B,123,0,Ekonomi & Bisnis
-,-,banpt-2570,-,-,FARMASI,FARMASI,S1,BAIK SEKALI,123,0,Ekonomi & Bisnis
-,-,banpt-2570,-,-,TEKNIK INDUSTRI,INDUSTRI,S1,BAIK,123,0,Ekonomi & Bisnis
-,-,banpt-2570,-,-,MANAJEMEN,MANAJEMEN,S1,BAIK SEKALI,123,0,Ekonomi & Bisnis
-,-,banpt-2570,-,-,PSIKOLOGI,PSIKOLOGI,S1,B,123,0,Ekonomi & Bisnis
-,-,banpt-1861,-,-,PJJ AKUNTANSI,AKUNTANSI,S1,B,1093,0,Ekonomi & Bisnis
-,-,banpt-1861,-,-,PJJ KOMUNIKASI,ILMU KOMUNIKASI,S1,B,1093,0,Ekonomi & Bisnis
-,-,banpt-1861,-,-,PJJ INFORMATIKA,INFORMATIKA,S1,B,1093,0,Ekonomi & Bisnis
-,-,banpt-1861,-,-,PJJ MANAJEMEN,MANAJEMEN,S1,B,1093,0,Ekonomi & Bisnis
-,-,banpt-1861,-,-,PJJ SISTEM INFORMASI,SISTEM INFORMASI,S1,B,1093,0,Ekonomi & Bisnis
-,-,banpt-2439,-,-,BISNIS DIGITAL,BISNIS DIGITAL,S1,BAIK SEKALI,288,0,Ekonomi & Bisnis
-,-,banpt-2439,-,-,KEWIRAUSAHAAN,KEWIRAUSAHAAN,S1,BAIK,288,0,Ekonomi & Bisnis
-,-,banpt-2439,-,-,SISTEM DAN TEKNOLOGI INFORMASI,SISTEM INFORMASI,S1,BAIK SEKALI,288,0,Ekonomi & Bisnis
-,-,banpt-2439,-,-,TEKNOLOGI INFORMASI,TEKNOLOGI INFORMASI,S1,BAIK SEKALI,288,0,Ekonomi & Bisnis
-,-,banpt-1743,-,-,PJJ ADMINISTRASI KESEHATAN,ADMINISTRASI KESEHATAN,S1,BAIK SEKALI,1503,0,Ekonomi & Bisnis
-,-,banpt-1743,-,-,PJJ AKUNTANSI,AKUNTANSI,S1,BAIK,1503,0,Ekonomi & Bisnis
-,-,banpt-1743,-,-,PJJ HUKUM,HUKUM,S1,BAIK,1503,0,Ekonomi & Bisnis
-,-,banpt-1743,-,-,PJJ INFORMATIKA,INFORMATIKA,S1,BAIK,1503,0,Ekonomi & Bisnis
-,-,banpt-1743,-,-,PJJ MANAJEMEN,MANAJEMEN,S1,BAIK,1503,0,Ekonomi & Bisnis
-,-,banpt-1743,-,-,PJJ SISTEM INFORMASI,SISTEM INFORMASI,S1,BAIK,1503,0,Ekonomi & Bisnis
quipper-687,-,-,-,FAKULTAS TEKNIK,ILMU TEKNIK,,S1,-,158,1,Teknik & Rekayasa
quipper-687,rencanamu-266,banpt-3441,-,FAKULTAS PERTANIAN,AGRIBISNIS,AGRIBISNIS,S1,B,158,0,Ekonomi & Bisnis
quipper-687,rencanamu-266,banpt-3441,-,FAKULTAS PERTANIAN,AGROTEKNOLOGI,AGROTEKNOLOGI,S1,B,158,0,Ekonomi & Bisnis
-,rencanamu-266,banpt-3441,-,-,AKUNTANSI,AKUNTANSI,S1,BAIK,158,0,Ekonomi & Bisnis
quipper-687,rencanamu-266,banpt-3441,-,FAKULTAS KEGURUAN DAN ILMU PENDIDIKAN,BIOLOGI,BIOLOGI,S1,BAIK SEKALI,158,2,Pendidikan & Keguruan
quipper-687,-,-,-,FAKULTAS EKONOMI,ILMU EKONOMI,EKONOMI,S1,-,158,0,Ekonomi & Bisnis
-,rencanamu-266,banpt-3441,-,-,EKONOMI PEMBANGUNAN,EKONOMI PEMBANGUNAN,S1,C,158,0,Ekonomi & Bisnis
quipper-687,-,-,-,FAKULTAS KEGURUAN DAN ILMU PENDIDIKAN,KEGURUAN & PENDIDIKAN,GURU,S1,-,158,2,Pendidikan & Keguruan
quipper-687,rencanamu-266,banpt-3441,-,FAKULTAS HUKUM,ILMU HUKUM,HUKUM,S1,B,158,3,Hukum
quipper-687,rencanamu-266,banpt-3441,-,FAKULTAS PERTANIAN,KEHUTANAN,KEHUTANAN,S1,B,158,0,Ekonomi & Bisnis
quipper-687,rencanamu-266,banpt-3441,-,FAKULTAS EKONOMI,MANAJEMEN,MANAJEMEN,S1,C,158,0,Ekonomi & Bisnis
-,rencanamu-266,banpt-3441,-,-,TEKNIK MESIN,MESIN,S1,BAIK,158,0,Ekonomi & Bisnis
-,rencanamu-266,banpt-3441,-,-,PENDIDIKAN PANCASILA DAN KEWARGANEGARAAN,PANCASILA KEWARGANEGARAAN,S1,BAIK SEKALI,158,0,Ekonomi & Bisnis
-,rencanamu-266,-,-,-,PERENCANAAN WILAYAH DAN KOTA,PERENCANAAN WILAYAH KOTA,S1,-,158,0,Ekonomi & Bisnis
quipper-687,rencanamu-266,banpt-3441,-,FAKULTAS KEGURUAN DAN ILMU PENDIDIKAN,SEJARAH,SEJARAH,S1,BAIK SEKALI,158,2,Pendidikan & Keguruan
quipper-687,rencanamu-266,banpt-3441,-,FAKULTAS TEKNIK,TEKNIK SIPIL,SIPIL,S1,BAIK,158,1,Teknik & Rekayasa
-,-,banpt-826,-,-,PENDIDIKAN BIOLOGI,BIOLOGI,S1,BAIK,755,0,Ekonomi & Bisnis
-,-,banpt-826,-,-,TEKNIK INDUSTRI,INDUSTRI,S1,BAIK,755,0,Ekonomi & Bisnis
-,-,banpt-826,-,-,INFORMATIKA,INFORMATIKA,S1,BAIK,755,0,Ekonomi & Bisnis
-,-,banpt-826,-,-,PENDIDIKAN MATEMATIKA,MATEMATIKA,S1,BAIK SEKALI,755,0,Ekonomi & Bisnis
-,-,banpt-902,-,-,ADMINISTRASI KESEHATAN,ADMINISTRASI KESEHATAN,S1,BAIK,1299,0,Ekonomi & Bisnis
-,-,banpt-902,-,-,BIOLOGI,BIOLOGI,S1,BAIK,1299,0,Ekonomi & Bisnis
-,-,banpt-902,-,-,GIZI,GIZI,S1,BAIK,1299,0,Ekonomi & Bisnis
-,-,banpt-902,-,-,HUKUM,HUKUM,S1,BAIK,1299,0,Ekonomi & Bisnis
-,-,banpt-902,-,-,ILMU KEPERAWATAN,KEPERAWATAN,S1,BAIK,1299,0,Ekonomi & Bisnis
-,-,banpt-902,-,-,KIMIA,KIMIA,S1,BAIK,1299,0,Ekonomi & Bisnis
-,-,banpt-902,-,-,MANAJEMEN,MANAJEMEN,S1,BAIK,1299,0,Ekonomi & Bisnis
-,-,banpt-902,-,-,TEKNIK SIPIL,SIPIL,S1,BAIK,1299,0,Ekonomi & Bisnis
-,-,banpt-2901,-,-,AGROTEKNOLOGI,AGROTEKNOLOGI,S1,B,1427,0,Ekonomi & Bisnis
-,-,banpt-2901,-,-,ILMU HUKUM,HUKUM,S1,B,1427,0,Ekonomi & Bisnis
-,-,banpt-2901,-,-,TEKNIK INDUSTRI,INDUSTRI,S1,BAIK,1427,0,Ekonomi & Bisnis
-,-,banpt-2901,-,-,MANAJEMEN,MANAJEMEN,S1,B,1427,0,Ekonomi & Bisnis
-,-,banpt-2901,-,-,PENDIDIKAN MATEMATIKA,MATEMATIKA,S1,B,1427,0,Ekonomi & Bisnis
-,-,banpt-2901,-,-,PENDIDIKAN PANCASILA DAN KEWARGANEGARAAN,PANCASILA KEWARGANEGARAAN,S1,B,1427,0,Ekonomi & Bisnis
quipper-329,-,-,-,FAKULTAS ILMU ADMINISTRASI,ILMU ADMINISTRASI,ADMINISTRASI,S1,-,1183,0,Ekonomi & Bisnis
-,-,banpt-2002,-,-,ILMU ADMINISTRASI NEGARA,ADMINISTRASI NEGARA,S1,B,1183,0,Ekonomi & Bisnis
quipper-329,-,banpt-2002,-,FAKULTAS PERTANIAN,AGRIBISNIS,AGRIBISNIS,S1,B,1183,0,Ekonomi & Bisnis
quipper-329,-,banpt-2002,-,FAKULTAS PERTANIAN,AGROTEKNOLOGI,AGROTEKNOLOGI,S1,B,1183,0,Ekonomi & Bisnis
quipper-329,-,banpt-2002,-,FAKULTAS EKONOMI,AKUNTANSI,AKUNTANSI,S1,BAIK,1183,2,Pendidikan & Keguruan
quipper-329,-,banpt-2002,-,FAKULTAS HUKUM,ILMU HUKUM,HUKUM,S1,B,1183,3,Hukum
-,-,banpt-2002,-,-,INFORMATIKA,INFORMATIKA,S1,BAIK,1183,0,Ekonomi & Bisnis
quipper-329,-,banpt-2002,-,FAKULTAS EKONOMI,MANAJEMEN,MANAJEMEN,S1,BAIK,1183,0,Ekonomi & Bisnis
-,-,banpt-2002,-,-,PENDIDIKAN MATEMATIKA,MATEMATIKA,S1,BAIK SEKALI,1183,0,Ekonomi & Bisnis
-,-,banpt-2002,-,-,SISTEM INFORMASI,SISTEM INFORMASI,S1,BAIK,1183,0,Ekonomi & Bisnis
-,-,banpt-23,-,-,ILMU ADMINISTRASI NEGARA,ADMINISTRASI NEGARA,S1,B,689,0,Ekonomi & Bisnis
-,-,banpt-23,-,-,AGROTEKNOLOGI,AGROTEKNOLOGI,S1,B,689,0,Ekonomi & Bisnis
-,-,banpt-23,-,-,AKUNTANSI,AKUNTANSI,S1,BAIK SEKALI,689,0,Ekonomi & Bisnis
-,-,banpt-23,-,-,BIMBINGAN DAN KONSELING,BIMBINGAN KONSELING,S1,B,689,0,Ekonomi & Bisnis
-,-,banpt-23,-,-,PENDIDIKAN GURU PENDIDIKAN ANAK USIA DINI,GURU ANAK USIA DINI,S1,BAIK SEKALI,689,0,Ekonomi & Bisnis
-,-,banpt-23,-,-,PENDIDIKAN GURU SEKOLAH DASAR,GURU SEKOLAH DASAR,S1,BAIK,689,0,Ekonomi & Bisnis
-,-,banpt-23,-,-,ILMU HUBUNGAN INTERNASIONAL,HUBUNGAN INTERNASIONAL,S1,B,689,0,Ekonomi & Bisnis
-,-,banpt-23,-,-,ILMU HUKUM,HUKUM,S1,BAIK SEKALI,689,0,Ekonomi & Bisnis
-,-,banpt-23,-,-,ILMU KOMUNIKASI,ILMU KOMUNIKASI,S1,B,689,0,Ekonomi & Bisnis
-,-,banpt-23,-,-,MANAJEMEN,MANAJEMEN,S1,BAIK SEKALI,689,0,Ekonomi & Bisnis
-,-,banpt-23,-,-,PENDIDIKAN PANCASILA DAN KEWARGANEGARAAN,PANCASILA KEWARGANEGARAAN,S1,UNGGUL,689,0,Ekonomi & Bisnis
-,-,banpt-23,-,-,PENDIDIKAN TEKNOLOGI INFORMASI,TEKNOLOGI INFORMASI,S1,BAIK SEKALI,689,0,Ekonomi & Bisnis
-,-,banpt-23,-,-,TEKNOLOGI PANGAN,TEKNOLOGI PANGAN,S1,B,689,0,Ekonomi & Bisnis
-,-,banpt-3742,-,-,ILMU ADMINISTRASI NEGARA,ADMINISTRASI NEGARA,S1,BAIK,1104,0,Ekonomi & Bisnis
-,-,banpt-3742,-,-,AGROTEKNOLOGI,AGROTEKNOLOGI,S1,BAIK,1104,0,Ekonomi & Bisnis
-,-,banpt-3742,-,-,ILMU HUKUM,HUKUM,S1,BAIK SEKALI,1104,0,Ekonomi & Bisnis
-,-,banpt-3742,-,-,TEKNIK MESIN,MESIN,S1,BAIK,1104,0,Ekonomi & Bisnis
-,-,banpt-3742,-,-,TEKNIK SIPIL,SIPIL,S1,BAIK,1104,0,Ekonomi & Bisnis
-,-,banpt-1286,-,-,ADMINISTRASI RUMAH SAKIT,ADMINISTRASI RUMAH SAKIT,S1,BAIK,566,0,Ekonomi & Bisnis
-,-,banpt-1286,-,-,FISIOTERAPI,FISIOTERAPI,S1,BAIK,566,0,Ekonomi & Bisnis
-,-,banpt-1286,-,-,PENDIDIKAN GURU SEKOLAH DASAR,GURU SEKOLAH DASAR,S1,BAIK,566,0,Ekonomi & Bisnis
-,-,banpt-1286,-,-,HUKUM,HUKUM,S1,TERAKREDITASI SEMENTARA,566,0,Ekonomi & Bisnis
-,-,banpt-1286,-,-,INFORMATIKA,INFORMATIKA,S1,BAIK,566,0,Ekonomi & Bisnis
-,-,banpt-918,-,-,TEKNIK INFORMATIKA,INFORMATIKA,S1,BAIK,1080,0,Ekonomi & Bisnis
-,rencanamu-267,banpt-302,-,-,AKUNTANSI,AKUNTANSI,S1,B,356,0,Ekonomi & Bisnis
-,rencanamu-267,banpt-302,-,-,ILMU HUKUM,HUKUM,S1,B,356,0,Ekonomi & Bisnis
-,rencanamu-267,banpt-302,-,-,TEKNIK INDUSTRI,INDUSTRI,S1,C,356,0,Ekonomi & Bisnis
-,rencanamu-267,banpt-302,-,-,TEKNIK INFORMATIKA,INFORMATIKA,S1,B,356,0,Ekonomi & Bisnis
-,rencanamu-267,-,-,-,KEUANGAN PERBANKAN,KEUANGAN PERBANKAN,S1,B,356,0,Ekonomi & Bisnis
-,rencanamu-267,banpt-302,-,-,MANAJEMEN,MANAJEMEN,S1,B,356,0,Ekonomi & Bisnis
-,rencanamu-267,-,-,-,PERHOTELAN,PERHOTELAN,S1,B,356,0,Ekonomi & Bisnis
-,rencanamu-267,banpt-302,-,-,SASTRA INGGRIS,SASTRA INGGRIS,S1,B,356,0,Ekonomi & Bisnis
-,rencanamu-267,banpt-302,-,-,SISTEM INFORMASI,SISTEM INFORMASI,S1,B,356,0,Ekonomi & Bisnis
quipper-482,-,banpt-2191,-,FAKULTAS ILMU ADMINISTRASI,ADMINISTRASI BISNIS,ADMINISTRASI BISNIS,S1,B,1117,0,Ekonomi & Bisnis
quipper-482,-,banpt-2191,-,FAKULTAS ILMU ADMINISTRASI,ADMINISTRASI NEGARA,ADMINISTRASI NEGARA,S1,B,1117,0,Ekonomi & Bisnis
-,-,banpt-2191,-,-,ADMINISTRASI PUBLIK,ADMINISTRASI PUBLIK,S1,BAIK SEKALI,1117,0,Ekonomi & Bisnis
quipper-482,-,banpt-2191,-,FAKULTAS AGROBISNIS DAN REKAYASA PERTANIAN,AGRIBISNIS,AGRIBISNIS,S1,BAIK,1117,0,Ekonomi & Bisnis
quipper-482,-,banpt-2191,-,FAKULTAS AGROBISNIS DAN REKAYASA PERTANIAN,AGROTEKNOLOGI,AGROTEKNOLOGI,S1,BAIK,1117,0,Ekonomi & Bisnis
quipper-482,-,banpt-2191,-,FAKULTAS TEKNIK,ARSITEKTUR,ARSITEKTUR,S1,BAIK,1117,1,Teknik & Rekayasa
quipper-482,-,banpt-2191,-,FAKULTAS TEKNIK,TEKNIK ELEKTRO,ELEKTRO,S1,BAIK,1117,1,Teknik & Rekayasa
quipper-482,-,banpt-2191,-,FAKULTAS HUKUM,ILMU HUKUM,HUKUM,S1,BAIK,1117,3,Hukum
quipper-482,-,banpt-2191,-,FAKULTAS ILMU KOMUNIKASI,ILMU KOMUNIKASI,ILMU KOMUNIKASI,S1,B,1117,0,Ekonomi & Bisnis
-,-,banpt-2191,-,-,PENDIDIKAN JASMANI,JASMANI,S1,BAIK SEKALI,1117,0,Ekonomi & Bisnis
quipper-482,-,banpt-2191,-,FAKULTAS KEGURUAN DAN ILMU PENDIDIKAN,PENDIDIKAN MATEMATIKA,MATEMATIKA,S1,BAIK,1117,2,Pendidikan & Keguruan
quipper-482,-,banpt-2191,-,FAKULTAS TEKNIK,TEKNIK MESIN,MESIN,S1,BAIK,1117,1,Teknik & Rekayasa
quipper-482,-,-,-,FAKULTAS KEGURUAN DAN ILMU PENDIDIKAN,PENDIDIKAN OLAHRAGA,OLAHRAGA,S1,-,1117,2,Pendidikan & Keguruan
quipper-482,-,banpt-2191,-,FAKULTAS TEKNIK,TEKNIK SIPIL,SIPIL,S1,BAIK,1117,1,Teknik & Rekayasa
quipper-482,-,banpt-2191,-,FAKULTAS ILMU KOMPUTER,SISTEM INFORMASI,SISTEM INFORMASI,S1,BAIK SEKALI,1117,4,Teknologi Industri
-,-,banpt-1312,-,-,BISNIS DIGITAL,BISNIS DIGITAL,S1,BAIK,364,0,Ekonomi & Bisnis
-,-,banpt-1312,-,-,GIZI,GIZI,S1,BAIK,364,0,Ekonomi & Bisnis
-,-,banpt-1312,-,-,HUKUM BISNIS,HUKUM,S1,TERAKREDITASI SEMENTARA,364,0,Ekonomi & Bisnis
-,-,banpt-1312,-,-,ILMU KOMPUTER,KOMPUTER,S1,BAIK,364,0,Ekonomi & Bisnis
-,-,banpt-1312,-,-,MANAJEMEN BISNIS INTERNASIONAL,MANAJEMEN BISNIS INTERNASIONAL,S1,BAIK,364,0,Ekonomi & Bisnis
-,-,banpt-1312,-,-,TEKNOLOGI PANGAN,TEKNOLOGI PANGAN,S1,TERAKREDITASI SEMENTARA,364,0,Ekonomi & Bisnis
-,-,banpt-3914,-,-,ILMU ADMINISTRASI NEGARA,ADMINISTRASI NEGARA,S1,C,1283,0,Ekonomi & Bisnis
-,-,banpt-3914,-,-,ILMU ADMINISTRASI NIAGA,ADMINISTRASI NIAGA,S1,BAIK,1283,0,Ekonomi & Bisnis
-,-,banpt-3914,-,-,EKONOMI PEMBANGUNAN,EKONOMI PEMBANGUNAN,S1,BAIK,1283,0,Ekonomi & Bisnis
-,-,banpt-3914,-,-,TEKNIK ELEKTRO,ELEKTRO,S1,BAIK,1283,0,Ekonomi & Bisnis
-,-,banpt-3914,-,-,ILMU KOMUNIKASI,ILMU KOMUNIKASI,S1,BAIK,1283,0,Ekonomi & Bisnis
-,-,banpt-3914,-,-,TEKNIK INFORMATIKA,INFORMATIKA,S1,BAIK,1283,0,Ekonomi & Bisnis
-,-,banpt-3914,-,-,TEKNIK MESIN,MESIN,S1,BAIK,1283,0,Ekonomi & Bisnis
-,-,banpt-3914,-,-,TEKNIK SIPIL,SIPIL,S1,BAIK,1283,0,Ekonomi & Bisnis
-,-,banpt-3914,-,-,SISTEM KOMPUTER,SISTEM KOMPUTER,S1,BAIK,1283,0,Ekonomi & Bisnis
-,-,banpt-2293,-,-,FARMASI,FARMASI,S1,BAIK,897,0,Ekonomi & Bisnis
-,-,banpt-2293,-,-,HUKUM,HUKUM,S1,BAIK,897,0,Ekonomi & Bisnis
-,-,banpt-2293,-,-,KEBIDANAN,KEBIDANAN,S1,BAIK,897,0,Ekonomi & Bisnis
-,-,banpt-2293,-,-,ILMU KEPERAWATAN,KEPERAWATAN,S1,BAIK SEKALI,897,0,Ekonomi & Bisnis
-,-,banpt-651,-,-,AGRIBISNIS,AGRIBISNIS,S1,BAIK,1375,0,Ekonomi & Bisnis
-,-,banpt-651,-,-,ILMU KOMUNIKASI,ILMU KOMUNIKASI,S1,BAIK,1375,0,Ekonomi & Bisnis
-,-,banpt-651,-,-,ILMU KOMPUTER,KOMPUTER,S1,BAIK,1375,0,Ekonomi & Bisnis
-,-,banpt-651,-,-,MANAJEMEN,MANAJEMEN,S1,B,1375,0,Ekonomi & Bisnis
-,-,banpt-651,-,-,ILMU PERIKANAN,PERIKANAN,S1,BAIK,1375,0,Ekonomi & Bisnis
quipper-71,rencanamu-268,banpt-2713,-,FAKULTAS BISNIS DAN EKONOMI,AKUNTANSI,AKUNTANSI,S1,A,118,2,Pendidikan & Keguruan
quipper-71,-,-,-,FAKULTAS FARMASI,APOTEKER,APOTEKER,S1,-,118,0,Ekonomi & Bisnis
-,rencanamu-268,banpt-2713,-,-,BIOLOGI,BIOLOGI,S1,A,118,0,Ekonomi & Bisnis
quipper-71,rencanamu-268,-,-,FAKULTAS TEKNOBIOLOGI,BIOTEKNOLOGI,BIOTEKNOLOGI,S1,B,118,0,Ekonomi & Bisnis
quipper-71,rencanamu-268,-,-,FAKULTAS BISNIS DAN EKONOMI,KEUANGAN BISNIS INTERNASIONAL,BISNIS,S1,A,118,0,Ekonomi & Bisnis
quipper-71,-,-,-,FAKULTAS BISNIS DAN EKONOMI,INOVASI BISNIS DIGITAL,BISNIS DIGITAL,S1,-,118,0,Ekonomi & Bisnis
-,-,banpt-2713,-,-,DESAIN KOMUNIKASI VISUAL,DESAIN KOMUNIKASI VISUAL,S1,TERAKREDITASI SEMENTARA,118,0,Ekonomi & Bisnis
-,rencanamu-268,banpt-2713,-,-,DESAIN PRODUK,DESAIN PRODUK,S1,C,118,0,Ekonomi & Bisnis
-,rencanamu-268,banpt-2713,-,-,EKONOMI PEMBANGUNAN,EKONOMI PEMBANGUNAN,S1,B,118,0,Ekonomi & Bisnis
quipper-71,rencanamu-268,banpt-2713,-,FAKULTAS TEKNIK,TEKNIK ELEKTRO,ELEKTRO,S1,A,118,1,Teknik & Rekayasa
quipper-71,rencanamu-268,banpt-2713,-,FAKULTAS FARMASI,FARMASI,FARMASI,S1,A,118,0,Ekonomi & Bisnis
quipper-71,-,-,-,FAKULTAS INDUSTRI KREATIF,DESAIN FASHION & PRODUK LIFESTYLE,FASHION,S1,-,118,0,Ekonomi & Bisnis
quipper-71,rencanamu-268,banpt-2713,-,FAKULTAS HUKUM,HUKUM,HUKUM,S1,A,118,3,Hukum
quipper-71,rencanamu-268,banpt-2713,-,FAKULTAS TEKNIK,TEKNIK INDUSTRI,INDUSTRI,S1,A,118,1,Teknik & Rekayasa
quipper-71,rencanamu-268,banpt-2713,-,FAKULTAS TEKNIK,TEKNIK INFORMATIKA,INFORMATIKA,S1,A,118,1,Teknik & Rekayasa
quipper-71,rencanamu-268,banpt-2713,-,FAKULTAS KEDOKTERAN,KEDOKTERAN,KEDOKTERAN,S1,BAIK SEKALI,118,0,Ekonomi & Bisnis
quipper-71,rencanamu-268,-,-,FAKULTAS BISNIS DAN EKONOMI,INVESTASI KEUANGAN DAN PERANTARA KEUANGAN,KEUANGAN,S1,A,118,0,Ekonomi & Bisnis
-,rencanamu-268,-,-,-,KEUANGAN PERBANKAN,KEUANGAN PERBANKAN,S1,-,118,0,Ekonomi & Bisnis
quipper-71,-,-,-,FAKULTAS BISNIS DAN EKONOMI,KEWIRAUSAHAAN DAN SUMBER DAYA MANUSIA,KEWIRAUSAHAAN,S1,-,118,0,Ekonomi & Bisnis
quipper-71,rencanamu-268,banpt-2713,-,FAKULTAS TEKNIK,TEKNIK KIMIA,KIMIA,S1,A,118,1,Teknik & Rekayasa
quipper-71,rencanamu-268,banpt-2713,-,FAKULTAS BISNIS DAN EKONOMI,MANAJEMEN,MANAJEMEN,S1,A,118,0,Ekonomi & Bisnis
quipper-71,rencanamu-268,-,-,FAKULTAS TEKNIK,P. K. TEKNIK MANUFAKTUR,MANUFAKTUR,S1,A,118,1,Teknik & Rekayasa
-,rencanamu-268,-,-,-,MANAJEMEN PEMASARAN,MARKETING,S1,A,118,0,Ekonomi & Bisnis
-,-,banpt-2713,-,-,TEKNIK MESIN,MESIN,S1,BAIK,118,0,Ekonomi & Bisnis
quipper-71,rencanamu-268,-,-,FAKULTAS TEKNIK,JIKA – PK MULTIMEDIA,MULTIMEDIA,S1,A,118,1,Teknik & Rekayasa
quipper-71,-,-,-,FAKULTAS BISNIS DAN EKONOMI,PEMASARAN DIGITAL KREATIF,PEMASARAN,S1,-,118,0,Ekonomi & Bisnis
quipper-71,-,-,-,FAKULTAS BISNIS DAN EKONOMI,PERHOTELAN DAN PARIWISATA,PERHOTELAN PARIWISATA,S1,-,118,0,Ekonomi & Bisnis
quipper-71,rencanamu-268,banpt-2713,-,FAKULTAS PSIKOLOGI,PSIKOLOGI,PSIKOLOGI,S1,A,118,0,Ekonomi & Bisnis
-,rencanamu-268,-,-,-,DESAIN ROBOTIKA INDUSTRI,ROBOTIKA,S1,-,118,0,Ekonomi & Bisnis
quipper-71,rencanamu-268,banpt-2713,-,FAKULTAS TEKNIK,IF – P. K. SISTEM INFORMASI BISNIS,SISTEM INFORMASI,S1,A,118,1,Teknik & Rekayasa
-,rencanamu-268,-,-,-,TEKNOLOGI INFORMASI,TEKNOLOGI INFORMASI,S1,A,118,0,Ekonomi & Bisnis
quipper-555,-,banpt-2375,-,FAKULTAS ILMU SOSIAL DAN ILMU POLITIK,ADMINISTRASI NEGARA,ADMINISTRASI NEGARA,S1,BAIK SEKALI,687,0,Ekonomi & Bisnis
quipper-555,-,banpt-2375,-,FAKULTAS EKONOMI,AKUNTANSI,AKUNTANSI,S1,BAIK SEKALI,687,2,Pendidikan & Keguruan
quipper-555,-,banpt-2375,-,FAKULTAS TEKNIK SIPIL DAN PERENCANAAN,ARSITEKTUR,ARSITEKTUR,S1,B,687,0,Ekonomi & Bisnis
quipper-555,-,banpt-2375,-,FAKULTAS TEKNIK ELEKTRO DAN INFORMATIKA,TEKNIK ELEKTRO,ELEKTRO,S1,BAIK,687,0,Ekonomi & Bisnis
quipper-555,-,banpt-2375,-,FAKULTAS HUKUM,ILMU HUKUM,HUKUM,S1,B,687,3,Hukum
quipper-555,-,banpt-2375,-,FAKULTAS ILMU SOSIAL DAN ILMU POLITIK,ILMU KOMUNIKASI,ILMU KOMUNIKASI,S1,B,687,0,Ekonomi & Bisnis
quipper-555,-,banpt-2375,-,FAKULTAS TEKNIK ELEKTRO DAN INFORMATIKA,TEKNIK INFORMATIKA,INFORMATIKA,S1,BAIK SEKALI,687,1,Teknik & Rekayasa
quipper-555,-,-,-,FAKULTAS TEKNIK ELEKTRO DAN INFORMATIKA,ILMU KOMPUTER,KOMPUTER,S1,-,687,0,Ekonomi & Bisnis
quipper-555,-,banpt-2375,-,FAKULTAS EKONOMI,MANAJEMEN,MANAJEMEN,S1,BAIK SEKALI,687,0,Ekonomi & Bisnis
quipper-555,-,banpt-2375,-,FAKULTAS TEKNOLOGI INDUSTRI,TEKNIK MESIN,MESIN,S1,BAIK,687,4,Teknologi Industri
quipper-555,-,banpt-2375,-,FAKULTAS BAHASA DAN SASTRA,SASTRA INGGRIS,SASTRA INGGRIS,S1,B,687,0,Ekonomi & Bisnis
quipper-555,-,banpt-2375,-,FAKULTAS TEKNIK SIPIL DAN PERENCANAAN,TEKNIK SIPIL,SIPIL,S1,BAIK SEKALI,687,5,Sains & Teknologi
-,-,banpt-2375,-,-,SISTEM KOMPUTER,SISTEM KOMPUTER,S1,BAIK SEKALI,687,0,Ekonomi & Bisnis
quipper-679,-,-,-,FAKULTAS TEKNIK,ILMU TEKNIK,,S1,-,121,1,Teknik & Rekayasa
quipper-679,-,-,-,FAKULTAS SOSIAL DAN EKONOMI,AGRIBISNIS,AGRIBISNIS,S1,-,121,0,Ekonomi & Bisnis
quipper-679,-,-,-,FAKULTAS SOSIAL DAN EKONOMI,AKTUARIA,AKTUARIA,S1,-,121,0,Ekonomi & Bisnis
quipper-679,-,banpt-298,-,FAKULTAS ILMU HAYATI,BIOLOGI,BIOLOGI,S1,BAIK,121,0,Ekonomi & Bisnis
quipper-679,-,-,-,FAKULTAS SOSIAL DAN EKONOMI,ILMU EKONOMI,EKONOMI,S1,-,121,0,Ekonomi & Bisnis
-,-,banpt-298,-,-,TEKNIK FISIKA,FISIKA,S1,BAIK,121,0,Ekonomi & Bisnis
quipper-679,-,banpt-298,-,FAKULTAS SOSIAL DAN EKONOMI,ILMU KOMUNIKASI,ILMU KOMUNIKASI,S1,B,121,0,Ekonomi & Bisnis
quipper-679,-,banpt-298,-,FAKULTAS ILMU HAYATI,TEKNIK INFORMATIKA,INFORMATIKA,S1,BAIK,121,1,Teknik & Rekayasa
-,-,banpt-298,-,-,KEWIRASWASTAAN,KEWIRAUSAHAAN,S1,BAIK,121,0,Ekonomi & Bisnis
quipper-679,-,-,-,FAKULTAS TEKNIK,TEKNIK KIMIA,KIMIA,S1,-,121,1,Teknik & Rekayasa
quipper-679,-,-,-,FAKULTAS TEKNIK,TEKNIK LINGKUNGAN,LINGKUNGAN,S1,-,121,1,Teknik & Rekayasa
quipper-679,-,-,-,FAKULTAS ILMU HAYATI,ILMU DAN TEKNOLOGI PANGAN,TEKNOLOGI PANGAN,S1,-,121,0,Ekonomi & Bisnis
-,-,banpt-2358,-,-,AGRIBISNIS,AGRIBISNIS,S1,B,776,0,Ekonomi & Bisnis
-,-,banpt-2358,-,-,AGROTEKNOLOGI,AGROTEKNOLOGI,S1,B,776,0,Ekonomi & Bisnis
-,-,banpt-2358,-,-,ILMU HUKUM,HUKUM,S1,A,776,0,Ekonomi & Bisnis
-,-,banpt-2358,-,-,TEKNIK INDUSTRI,INDUSTRI,S1,BAIK SEKALI,776,0,Ekonomi & Bisnis
-,-,banpt-2358,-,-,TEKNIK INFORMATIKA,INFORMATIKA,S1,BAIK SEKALI,776,0,Ekonomi & Bisnis
-,-,banpt-2358,-,-,PENDIDIKAN JASMANI,JASMANI,S1,B,776,0,Ekonomi & Bisnis
-,-,banpt-2358,-,-,PENDIDIKAN MATEMATIKA,MATEMATIKA,S1,B,776,0,Ekonomi & Bisnis
-,-,banpt-2358,-,-,PENDIDIKAN PANCASILA DAN KEWARGANEGARAAN,PANCASILA KEWARGANEGARAAN,S1,B,776,0,Ekonomi & Bisnis
-,-,banpt-2358,-,-,TEKNIK SIPIL,SIPIL,S1,BAIK,776,0,Ekonomi & Bisnis
-,rencanamu-270,banpt-1017,-,-,AKUNTANSI,AKUNTANSI,S1,C,73,0,Ekonomi & Bisnis
-,-,banpt-1017,-,-,TEKNIK BIOMEDIS,BIOMEDIS,S1,BAIK SEKALI,73,0,Ekonomi & Bisnis
-,rencanamu-270,-,-,-,TEKNIK ELEKTRO,ELEKTRO,S1,B,73,0,Ekonomi & Bisnis
-,rencanamu-270,banpt-1017,-,-,ILMU KOMUNIKASI,ILMU KOMUNIKASI,S1,B,73,0,Ekonomi & Bisnis
-,rencanamu-270,banpt-1017,-,-,TEKNIK INDUSTRI,INDUSTRI,S1,C,73,0,Ekonomi & Bisnis
-,rencanamu-270,banpt-1017,-,-,TEKNIK INFORMATIKA,INFORMATIKA,S1,B,73,0,Ekonomi & Bisnis
-,rencanamu-270,banpt-1017,-,-,TEKNIK KIMIA,KIMIA,S1,C,73,0,Ekonomi & Bisnis
-,rencanamu-270,-,-,-,MANAJEMEN,MANAJEMEN,S1,B,73,0,Ekonomi & Bisnis
-,rencanamu-270,banpt-1017,-,-,TEKNIK MESIN,MESIN,S1,C,73,0,Ekonomi & Bisnis
-,rencanamu-270,banpt-1017,-,-,TEKNOLOGI PANGAN,TEKNOLOGI PANGAN,S1,C,73,0,Ekonomi & Bisnis
-,-,banpt-1163,-,-,ILMU BIOMEDIS,BIOMEDIS,S1,BAIK,281,0,Ekonomi & Bisnis
-,-,banpt-1163,-,-,BISNIS DIGITAL,BISNIS DIGITAL,S1,BAIK,281,0,Ekonomi & Bisnis
-,-,banpt-1163,-,-,KEBIDANAN,KEBIDANAN,S1,BAIK SEKALI,281,0,Ekonomi & Bisnis
-,-,banpt-1163,-,-,ILMU KEPERAWATAN,KEPERAWATAN,S1,BAIK SEKALI,281,0,Ekonomi & Bisnis
-,-,banpt-1163,-,-,ILMU KESEHATAN MASYARAKAT,KESEHATAN MASYARAKAT,S1,BAIK SEKALI,281,0,Ekonomi & Bisnis
-,-,banpt-1163,-,-,PSIKOLOGI,PSIKOLOGI,S1,BAIK,281,0,Ekonomi & Bisnis
-,-,banpt-2388,-,-,AGRIBISNIS,AGRIBISNIS,S1,BAIK,645,0,Ekonomi & Bisnis
-,-,banpt-2388,-,-,AGROTEKNOLOGI,AGROTEKNOLOGI,S1,B,645,0,Ekonomi & Bisnis
-,-,banpt-2388,-,-,EKONOMI PEMBANGUNAN,EKONOMI PEMBANGUNAN,S1,BAIK,645,0,Ekonomi & Bisnis
-,-,banpt-2388,-,-,ILMU HUKUM,HUKUM,S1,B,645,0,Ekonomi & Bisnis
-,-,banpt-2388,-,-,KEWIRAUSAHAAN,KEWIRAUSAHAAN,S1,BAIK,645,0,Ekonomi & Bisnis
-,-,banpt-2388,-,-,SISTEM INFORMASI,SISTEM INFORMASI,S1,BAIK,645,0,Ekonomi & Bisnis
-,-,banpt-2070,-,-,AKUNTANSI,AKUNTANSI,S1,BAIK SEKALI,521,0,Ekonomi & Bisnis
-,-,banpt-2070,-,-,TEKNIK ELEKTRO,ELEKTRO,S1,BAIK,521,0,Ekonomi & Bisnis
-,-,banpt-2070,-,-,ILMU HUKUM,HUKUM,S1,B,521,0,Ekonomi & Bisnis
-,-,banpt-2070,-,-,ILMU KOMUNIKASI,ILMU KOMUNIKASI,S1,B,521,0,Ekonomi & Bisnis
-,-,banpt-2070,-,-,ILMU KOMPUTER,KOMPUTER,S1,BAIK SEKALI,521,0,Ekonomi & Bisnis
-,-,banpt-2070,-,-,MANAJEMEN,MANAJEMEN,S1,BAIK,521,0,Ekonomi & Bisnis
-,-,banpt-2070,-,-,TEKNIK MESIN,MESIN,S1,BAIK SEKALI,521,0,Ekonomi & Bisnis
-,-,banpt-2070,-,-,PSIKOLOGI,PSIKOLOGI,S1,B,521,0,Ekonomi & Bisnis
-,-,banpt-2070,-,-,TEKNIK SIPIL,SIPIL,S1,BAIK SEKALI,521,0,Ekonomi & Bisnis
-,-,banpt-2070,-,-,SISTEM INFORMASI,SISTEM INFORMASI,S1,BAIK SEKALI,521,0,Ekonomi & Bisnis
-,-,banpt-3915,-,-,AGRIBISNIS,AGRIBISNIS,S1,BAIK,994,0,Ekonomi & Bisnis
-,-,banpt-3915,-,-,AGROTEKNOLOGI,AGROTEKNOLOGI,S1,BAIK SEKALI,994,0,Ekonomi & Bisnis
-,-,banpt-3915,-,-,AKUNTANSI,AKUNTANSI,S1,BAIK,994,0,Ekonomi & Bisnis
-,-,banpt-3915,-,-,GEOGRAFI,GEOGRAFI,S1,BAIK,994,0,Ekonomi & Bisnis
-,-,banpt-3915,-,-,ILMU HUKUM,HUKUM,S1,B,994,0,Ekonomi & Bisnis
-,-,banpt-3915,-,-,KEWIRAUSAHAAN,KEWIRAUSAHAAN,S1,BAIK,994,0,Ekonomi & Bisnis
-,-,banpt-3915,-,-,TEKNIK KIMIA,KIMIA,S1,BAIK SEKALI,994,0,Ekonomi & Bisnis
-,-,banpt-3915,-,-,MANAJEMEN,MANAJEMEN,S1,BAIK,994,0,Ekonomi & Bisnis
-,-,banpt-3915,-,-,MANAJEMEN RETAIL,MANAJEMEN RITEL,S1,BAIK,994,0,Ekonomi & Bisnis
-,-,banpt-3915,-,-,PENDIDIKAN MATEMATIKA,MATEMATIKA,S1,C,994,0,Ekonomi & Bisnis
-,-,banpt-3915,-,-,TEKNIK MESIN,MESIN,S1,BAIK,994,0,Ekonomi & Bisnis
-,-,banpt-3915,-,-,PETERNAKAN,PETERNAKAN,S1,B,994,0,Ekonomi & Bisnis
-,-,banpt-3915,-,-,TEKNIK SIPIL,SIPIL,S1,BAIK,994,0,Ekonomi & Bisnis
-,-,banpt-2653,-,-,AKUNTANSI,AKUNTANSI,S1,BAIK,862,0,Ekonomi & Bisnis
-,-,banpt-2653,-,-,PENDIDIKAN BIOLOGI,BIOLOGI,S1,C,862,0,Ekonomi & Bisnis
-,-,banpt-2653,-,-,BISNIS DIGITAL,BISNIS DIGITAL,S1,BAIK,862,0,Ekonomi & Bisnis
-,-,banpt-2653,-,-,PENDIDIKAN GURU PENDIDIKAN ANAK USIA DINI,GURU ANAK USIA DINI,S1,BAIK,862,0,Ekonomi & Bisnis
-,-,banpt-2653,-,-,PENDIDIKAN GURU SEKOLAH DASAR,GURU SEKOLAH DASAR,S1,BAIK,862,0,Ekonomi & Bisnis
-,-,banpt-2653,-,-,HUKUM,HUKUM,S1,BAIK,862,0,Ekonomi & Bisnis
-,-,banpt-2653,-,-,TEKNIK INDUSTRI,INDUSTRI,S1,BAIK,862,0,Ekonomi & Bisnis
-,-,banpt-2653,-,-,MANAJEMEN,MANAJEMEN,S1,BAIK SEKALI,862,0,Ekonomi & Bisnis
-,-,banpt-2653,-,-,PENDIDIKAN MATEMATIKA,MATEMATIKA,S1,BAIK,862,0,Ekonomi & Bisnis
-,-,banpt-2653,-,-,PENDIDIKAN KEPELATIHAN OLAH RAGA,OLAHRAGA,S1,BAIK,862,0,Ekonomi & Bisnis
-,-,banpt-2653,-,-,TEKNIK SIPIL,SIPIL,S1,BAIK,862,0,Ekonomi & Bisnis
-,-,banpt-2653,-,-,TEKNOLOGI INFORMASI,TEKNOLOGI INFORMASI,S1,BAIK,862,0,Ekonomi & Bisnis
quipper-632,-,-,-,FAKULTAS MANAJEMEN,ILMU ADMINISTRASI,ADMINISTRASI,S1,-,227,0,Ekonomi & Bisnis
-,-,banpt-2807,-,-,ILMU ADMINISTRASI BISNIS,ADMINISTRASI BISNIS,S1,BAIK,227,0,Ekonomi & Bisnis
quipper-632,-,banpt-2807,-,FAKULTAS MANAJEMEN,AKUNTANSI,AKUNTANSI,S1,BAIK,227,2,Pendidikan & Keguruan
quipper-632,-,banpt-2807,-,FAKULTAS TEKNIK DAN TEKNOLOGI,ARSITEKTUR,ARSITEKTUR,S1,BAIK,227,0,Ekonomi & Bisnis
quipper-632,-,-,-,FAKULTAS TEKNIK DAN TEKNOLOGI,TEKNIK ELEKTRO,ELEKTRO,S1,-,227,0,Ekonomi & Bisnis
quipper-632,-,banpt-2807,-,FAKULTAS MANAJEMEN,ILMU KOMUNIKASI,ILMU KOMUNIKASI,S1,BAIK,227,0,Ekonomi & Bisnis
quipper-632,-,banpt-2807,-,FAKULTAS TEKNIK DAN TEKNOLOGI,TEKNIK INFORMATIKA,INFORMATIKA,S1,BAIK,227,1,Teknik & Rekayasa
quipper-632,-,banpt-2807,-,FAKULTAS MANAJEMEN,MANAJEMEN,MANAJEMEN,S1,BAIK SEKALI,227,0,Ekonomi & Bisnis
quipper-632,-,banpt-2807,-,FAKULTAS TEKNIK DAN TEKNOLOGI,TEKNIK PERMINYAKAN,PERMINYAKAN,S1,BAIK SEKALI,227,0,Ekonomi & Bisnis
quipper-632,-,banpt-2807,-,FAKULTAS TEKNIK DAN TEKNOLOGI,TEKNIK SIPIL,SIPIL,S1,BAIK SEKALI,227,5,Sains & Teknologi
quipper-632,-,banpt-2807,-,FAKULTAS TEKNIK DAN TEKNOLOGI,SISTEM INFORMASI,SISTEM INFORMASI,S1,BAIK SEKALI,227,4,Teknologi Industri
-,rencanamu-271,banpt-3128,-,-,AKUNTANSI,AKUNTANSI,S1,A,71,0,Ekonomi & Bisnis
-,rencanamu-271,-,-,-,ARSITEKTUR,ARSITEKTUR,S1,A,71,0,Ekonomi & Bisnis
-,rencanamu-271,banpt-3128,-,-,DESAIN INTERIOR,DESAIN INTERIOR,S1,B,71,0,Ekonomi & Bisnis
-,rencanamu-271,banpt-3128,-,-,DESAIN DAN KOMUNIKASI VISUAL,DESAIN KOMUNIKASI VISUAL,S1,A,71,0,Ekonomi & Bisnis
-,rencanamu-271,banpt-3128,-,-,TEKNIK ELEKTRO,ELEKTRO,S1,B,71,0,Ekonomi & Bisnis
-,rencanamu-271,banpt-3128,-,-,ILMU HUKUM,HUKUM,S1,A,71,0,Ekonomi & Bisnis
-,rencanamu-271,banpt-3128,-,-,ILMU KOMUNIKASI,ILMU KOMUNIKASI,S1,A,71,0,Ekonomi & Bisnis
-,rencanamu-271,banpt-3128,-,-,TEKNIK INDUSTRI,INDUSTRI,S1,B,71,0,Ekonomi & Bisnis
-,rencanamu-271,banpt-3128,-,-,TEKNIK INFORMATIKA,INFORMATIKA,S1,B,71,0,Ekonomi & Bisnis
-,rencanamu-271,banpt-3128,-,-,PENDIDIKAN DOKTER,KEDOKTERAN,S1,A,71,0,Ekonomi & Bisnis
-,rencanamu-271,banpt-3128,-,-,MANAJEMEN,MANAJEMEN,S1,A,71,0,Ekonomi & Bisnis
-,rencanamu-271,banpt-3128,-,-,TEKNIK MESIN,MESIN,S1,A,71,0,Ekonomi & Bisnis
-,rencanamu-271,banpt-3128,-,-,PERENCANAAN WILAYAH DAN KOTA,PERENCANAAN WILAYAH KOTA,S1,B,71,0,Ekonomi & Bisnis
-,rencanamu-271,banpt-3128,-,-,PSIKOLOGI,PSIKOLOGI,S1,A,71,0,Ekonomi & Bisnis
-,rencanamu-271,banpt-3128,-,-,TEKNIK SIPIL,SIPIL,S1,A,71,0,Ekonomi & Bisnis
-,rencanamu-271,banpt-3128,-,-,SISTEM INFORMASI,SISTEM INFORMASI,S1,A,71,0,Ekonomi & Bisnis
-,-,banpt-784,-,-,INFORMATIKA,INFORMATIKA,S1,BAIK,738,0,Ekonomi & Bisnis
-,-,banpt-784,-,-,REKAYASA LOGISTIK,LOGISTIK,S1,BAIK,738,0,Ekonomi & Bisnis
-,-,banpt-784,-,-,MANAJEMEN,MANAJEMEN,S1,BAIK,738,0,Ekonomi & Bisnis
-,-,banpt-784,-,-,SAINS DATA,SAINS DATA,S1,BAIK,738,0,Ekonomi & Bisnis
-,-,banpt-784,-,-,SENI MUSIK,SENI MUSIK,S1,BAIK,738,0,Ekonomi & Bisnis
-,-,banpt-2879,-,-,BISNIS DIGITAL,BISNIS DIGITAL,S1,BAIK,396,0,Ekonomi & Bisnis
-,-,banpt-2879,-,-,TEKNIK INFORMATIKA,INFORMATIKA,S1,BAIK SEKALI,396,0,Ekonomi & Bisnis
-,-,banpt-2879,-,-,SISTEM INFORMASI,SISTEM INFORMASI,S1,BAIK SEKALI,396,0,Ekonomi & Bisnis
-,-,banpt-2879,-,-,PENDIDIKAN TEKNOLOGI INFORMASI,TEKNOLOGI INFORMASI,S1,BAIK,396,0,Ekonomi & Bisnis
-,-,banpt-1317,-,-,BISNIS DIGITAL,BISNIS DIGITAL,S1,BAIK,589,0,Ekonomi & Bisnis
-,-,banpt-1317,-,-,DESAIN KOMUNIKASI VISUAL,DESAIN KOMUNIKASI VISUAL,S1,BAIK,589,0,Ekonomi & Bisnis
-,-,banpt-1317,-,-,TEKNIK INDUSTRI,INDUSTRI,S1,B,589,0,Ekonomi & Bisnis
-,-,banpt-1317,-,-,TEKNIK INFORMATIKA,INFORMATIKA,S1,BAIK SEKALI,589,0,Ekonomi & Bisnis
-,-,banpt-1317,-,-,MANAJEMEN RITEL,MANAJEMEN RITEL,S1,BAIK,589,0,Ekonomi & Bisnis
-,-,banpt-1600,-,-,AKUNTANSI,AKUNTANSI,S1,BAIK SEKALI,916,0,Ekonomi & Bisnis
-,-,banpt-1600,-,-,DESAIN KOMUNIKASI VISUAL,DESAIN KOMUNIKASI VISUAL,S1,BAIK,916,0,Ekonomi & Bisnis
-,-,banpt-1600,-,-,HUKUM,HUKUM,S1,BAIK,916,0,Ekonomi & Bisnis
-,-,banpt-1600,-,-,TEKNIK INDUSTRI,INDUSTRI,S1,BAIK,916,0,Ekonomi & Bisnis
-,-,banpt-1600,-,-,INFORMATIKA,INFORMATIKA,S1,BAIK,916,0,Ekonomi & Bisnis
-,-,banpt-1600,-,-,MANAJEMEN,MANAJEMEN,S1,BAIK,916,0,Ekonomi & Bisnis
-,-,banpt-467,-,-,BISNIS DIGITAL,BISNIS DIGITAL,S1,BAIK SEKALI,554,0,Ekonomi & Bisnis
-,-,banpt-467,-,-,INFORMATIKA,INFORMATIKA,S1,BAIK SEKALI,554,0,Ekonomi & Bisnis
-,-,banpt-467,-,-,TEKNIK KOMPUTER,KOMPUTER,S1,BAIK SEKALI,554,0,Ekonomi & Bisnis
-,-,banpt-467,-,-,MANAJEMEN RITEL,MANAJEMEN RITEL,S1,BAIK,554,0,Ekonomi & Bisnis
-,-,banpt-467,-,-,SISTEM INFORMASI,SISTEM INFORMASI,S1,BAIK SEKALI,554,0,Ekonomi & Bisnis
-,-,banpt-2139,-,-,DESAIN PRODUK,DESAIN PRODUK,S1,TIDAK TERAKREDITASI,1132,0,Ekonomi & Bisnis
-,-,banpt-2139,-,-,EKONOMI PEMBANGUNAN,EKONOMI PEMBANGUNAN,S1,BAIK,1132,0,Ekonomi & Bisnis
-,-,banpt-2139,-,-,ILMU HUKUM,HUKUM,S1,BAIK,1132,0,Ekonomi & Bisnis
-,-,banpt-2139,-,-,TEKNIK SIPIL,SIPIL,S1,TIDAK TERAKREDITASI,1132,0,Ekonomi & Bisnis
-,-,banpt-1949,-,-,HUKUM,HUKUM,S1,BAIK,1215,0,Ekonomi & Bisnis
-,-,banpt-1949,-,-,TEKNIK INFORMATIKA,INFORMATIKA,S1,BAIK SEKALI,1215,0,Ekonomi & Bisnis
-,-,banpt-1949,-,-,MANAJEMEN,MANAJEMEN,S1,BAIK,1215,0,Ekonomi & Bisnis
-,-,banpt-1949,-,-,REKAYASA PERANGKAT LUNAK,REKAYASA PERANGKAT LUNAK,S1,BAIK,1215,0,Ekonomi & Bisnis
-,-,banpt-1949,-,-,SISTEM INFORMASI,SISTEM INFORMASI,S1,BAIK SEKALI,1215,0,Ekonomi & Bisnis
-,-,banpt-1949,-,-,TEKNOLOGI INFORMASI,TEKNOLOGI INFORMASI,S1,BAIK SEKALI,1215,0,Ekonomi & Bisnis
-,-,banpt-2248,-,-,AKUNTANSI,AKUNTANSI,S1,BAIK SEKALI,455,0,Ekonomi & Bisnis
-,-,banpt-2248,-,-,BISNIS DIGITAL,BISNIS DIGITAL,S1,BAIK SEKALI,455,0,Ekonomi & Bisnis
-,-,banpt-2248,-,-,MANAJEMEN,MANAJEMEN,S1,BAIK SEKALI,455,0,Ekonomi & Bisnis
-,-,banpt-2248,-,-,SOSIAL EKONOMI PERIKANAN,PERIKANAN,S1,BAIK,455,0,Ekonomi & Bisnis
-,-,banpt-2248,-,-,REKAYASA KOMPUTER,REKAYASA KOMPUTER,S1,BAIK,455,0,Ekonomi & Bisnis
-,-,banpt-2248,-,-,SISTEM DAN TEKNOLOGI INFORMASI,SISTEM INFORMASI,S1,BAIK,455,0,Ekonomi & Bisnis
-,-,banpt-798,-,-,AKUNTANSI,AKUNTANSI,S1,BAIK,1459,0,Ekonomi & Bisnis
-,-,banpt-798,-,-,BIOLOGI,BIOLOGI,S1,BAIK,1459,0,Ekonomi & Bisnis
-,-,banpt-798,-,-,TEKNIK ELEKTRO,ELEKTRO,S1,BAIK,1459,0,Ekonomi & Bisnis
-,-,banpt-798,-,-,TEKNIK INDUSTRI,INDUSTRI,S1,BAIK,1459,0,Ekonomi & Bisnis
-,-,banpt-798,-,-,KIMIA,KIMIA,S1,BAIK,1459,0,Ekonomi & Bisnis
-,-,banpt-798,-,-,MANAJEMEN,MANAJEMEN,S1,BAIK,1459,0,Ekonomi & Bisnis
-,-,banpt-798,-,-,TEKNOLOGI HASIL PERTANIAN,PERTANIAN,S1,BAIK,1459,0,Ekonomi & Bisnis
-,-,banpt-798,-,-,PSIKOLOGI,PSIKOLOGI,S1,BAIK,1459,0,Ekonomi & Bisnis
-,-,banpt-2402,-,-,AKUNTANSI,AKUNTANSI,S1,BAIK,1206,0,Ekonomi & Bisnis
-,-,banpt-2402,-,-,TEKNIK ELEKTRO,ELEKTRO,S1,BAIK,1206,0,Ekonomi & Bisnis
-,-,banpt-2402,-,-,TEKNIK INDUSTRI,INDUSTRI,S1,BAIK,1206,0,Ekonomi & Bisnis
-,-,banpt-2402,-,-,ILMU KESEJAHTERAAN SOSIAL,KESEJAHTERAAN SOSIAL,S1,B,1206,0,Ekonomi & Bisnis
-,-,banpt-2402,-,-,KIMIA,KIMIA,S1,BAIK,1206,0,Ekonomi & Bisnis
-,-,banpt-2402,-,-,TEKNIK LINGKUNGAN,LINGKUNGAN,S1,BAIK,1206,0,Ekonomi & Bisnis
-,-,banpt-2402,-,-,TEKNOLOGI HASIL PERTANIAN,PERTANIAN,S1,BAIK,1206,0,Ekonomi & Bisnis
-,-,banpt-2402,-,-,ILMU POLITIK,POLITIK,S1,BAIK,1206,0,Ekonomi & Bisnis
-,-,banpt-2402,-,-,TEKNIK SIPIL,SIPIL,S1,BAIK,1206,0,Ekonomi & Bisnis
-,-,banpt-890,-,-,ILMU ADMINISTRASI NEGARA,ADMINISTRASI NEGARA,S1,TERAKREDITASI,1092,0,Ekonomi & Bisnis
-,-,banpt-890,-,-,AKUNTANSI,AKUNTANSI,S1,BAIK,1092,0,Ekonomi & Bisnis
-,-,banpt-890,-,-,TEKNIK ELEKTRO,ELEKTRO,S1,BAIK,1092,0,Ekonomi & Bisnis
-,-,banpt-890,-,-,ILMU HUKUM,HUKUM,S1,BAIK,1092,0,Ekonomi & Bisnis
-,-,banpt-890,-,-,MANAJEMEN,MANAJEMEN,S1,BAIK,1092,0,Ekonomi & Bisnis
-,rencanamu-272,-,-,-,PENDIDIKAN TEKNOLOGI ARGOINDUSTRI,AGROINDUSTRI,S1,B,518,0,Ekonomi & Bisnis
-,rencanamu-272,banpt-2398,-,-,AKUNTANSI,AKUNTANSI,S1,A,518,0,Ekonomi & Bisnis
-,rencanamu-272,banpt-2398,-,-,ARSITEKTUR,ARSITEKTUR,S1,A,518,0,Ekonomi & Bisnis
-,rencanamu-272,banpt-2398,-,-,BIMBINGAN DAN KONSELING,BIMBINGAN KONSELING,S1,B,518,0,Ekonomi & Bisnis
-,rencanamu-272,banpt-2398,-,-,TEKNIK ELEKTRO,ELEKTRO,S1,B,518,0,Ekonomi & Bisnis
-,-,banpt-2398,-,-,ILMU HUBUNGAN INTERNASIONAL,HUBUNGAN INTERNASIONAL,S1,UNGGUL,518,0,Ekonomi & Bisnis
-,-,banpt-2398,-,-,ILMU KOMUNIKASI,ILMU KOMUNIKASI,S1,B,518,0,Ekonomi & Bisnis
-,rencanamu-272,banpt-2398,-,-,TEKNIK INDUSTRI,INDUSTRI,S1,B,518,0,Ekonomi & Bisnis
-,rencanamu-272,banpt-2398,-,-,TEKNIK INFORMATIKA,INFORMATIKA,S1,A,518,0,Ekonomi & Bisnis
-,-,banpt-2398,-,-,INFORMATIKA MEDIS,INFORMATIKA MEDIS,S1,BAIK,518,0,Ekonomi & Bisnis
-,-,banpt-2398,-,-,TEKNIK KOMPUTER,KOMPUTER,S1,UNGGUL,518,0,Ekonomi & Bisnis
-,rencanamu-272,banpt-2398,-,-,MANAJEMEN,MANAJEMEN,S1,A,518,0,Ekonomi & Bisnis
-,rencanamu-272,-,-,-,MANAJEMEN INFORMATIKA,MANAJEMEN INFORMATIKA,S1,A,518,0,Ekonomi & Bisnis
-,-,banpt-2398,-,-,PERENCANAAN WILAYAH DAN KOTA,PERENCANAAN WILAYAH KOTA,S1,BAIK SEKALI,518,0,Ekonomi & Bisnis
-,rencanamu-272,banpt-2398,-,-,PSIKOLOGI,PSIKOLOGI,S1,B,518,0,Ekonomi & Bisnis
-,-,banpt-2398,-,-,SAINS DATA,SAINS DATA,S1,BAIK SEKALI,518,0,Ekonomi & Bisnis
-,rencanamu-272,banpt-2398,-,-,SASTRA INGGRIS,SASTRA INGGRIS,S1,A,518,0,Ekonomi & Bisnis
-,rencanamu-272,banpt-2398,-,-,TEKNIK SIPIL,SIPIL,S1,B,518,0,Ekonomi & Bisnis
-,rencanamu-272,banpt-2398,-,-,SISTEM INFORMASI,SISTEM INFORMASI,S1,B,518,0,Ekonomi & Bisnis
-,rencanamu-272,banpt-2398,-,-,SISTEM KOMPUTER,SISTEM KOMPUTER,S1,B,518,0,Ekonomi & Bisnis
-,-,banpt-2398,-,-,PENDIDIKAN TEKNOLOGI INFORMASI,TEKNOLOGI INFORMASI,S1,UNGGUL,518,0,Ekonomi & Bisnis
quipper-292,-,banpt-3332,-,FAKULTAS KOMUNIKASI DAN BISNIS,ADMINISTRASI BISNIS,ADMINISTRASI BISNIS,S1,UNGGUL,197,0,Ekonomi & Bisnis
quipper-292,-,banpt-3332,-,FAKULTAS EKONOMI DAN BISNIS,AKUNTANSI,AKUNTANSI,S1,UNGGUL,197,2,Pendidikan & Keguruan
-,-,banpt-3332,-,-,TEKNIK BIOMEDIK / TEKNIK BIOMEDIS,BIOLOGI,S1,BAIK,197,0,Ekonomi & Bisnis
quipper-292,-,banpt-3332,-,FAKULTAS TEKNIK ELEKTRO,TEKNIK BIOMEDIS,BIOMEDIS,S1,BAIK,197,0,Ekonomi & Bisnis
-,-,banpt-3332,-,-,BISNIS DIGITAL,BISNIS DIGITAL,S1,BAIK,197,0,Ekonomi & Bisnis
quipper-292,-,-,-,FAKULTAS INFORMATIKA,DATA SAINS,DATA SAINS,S1,-,197,0,Ekonomi & Bisnis
quipper-292,-,-,-,FAKULTAS INDUSTRI KREATIF,DESAIN,DESAIN,S1,-,197,0,Ekonomi & Bisnis
quipper-292,-,banpt-3332,-,FAKULTAS INDUSTRI KREATIF,DESAIN INTERIOR,DESAIN INTERIOR,S1,A,197,0,Ekonomi & Bisnis
quipper-292,-,banpt-3332,-,FAKULTAS INDUSTRI KREATIF,DESAIN KOMUNIKASI VISUAL,DESAIN KOMUNIKASI VISUAL,S1,UNGGUL,197,0,Ekonomi & Bisnis
-,-,banpt-3332,-,-,DESAIN PRODUK,DESAIN PRODUK,S1,BAIK,197,0,Ekonomi & Bisnis
quipper-292,-,banpt-3332,-,FAKULTAS TEKNIK ELEKTRO,TEKNIK ELEKTRO,ELEKTRO,S1,UNGGUL,197,0,Ekonomi & Bisnis
quipper-292,-,-,-,FAKULTAS INDUSTRI KREATIF,DESAIN FASHION & TEKSTIL,FASHION,S1,-,197,0,Ekonomi & Bisnis
-,-,banpt-3332,-,-,FILM,FILM,S1,BAIK,197,0,Ekonomi & Bisnis
-,-,banpt-3332,-,-,TEKNIK FISIKA,FISIKA,S1,UNGGUL,197,0,Ekonomi & Bisnis
quipper-292,-,banpt-3332,-,FAKULTAS KOMUNIKASI DAN BISNIS,HUBUNGAN MASYARAKAT DIGITAL,HUBUNGAN MASYARAKAT,S1,UNGGUL,197,0,Ekonomi & Bisnis
quipper-292,-,banpt-3332,-,FAKULTAS TEKNIK ELEKTRO,TEKNIK TELEKOMUNIKASI,ILMU KOMUNIKASI,S1,UNGGUL,197,0,Ekonomi & Bisnis
quipper-292,-,banpt-3332,-,FAKULTAS REKAYASA INDUSTRI,TEKNIK INDUSTRI,INDUSTRI,S1,BAIK,197,0,Ekonomi & Bisnis
quipper-292,-,banpt-3332,-,FAKULTAS INFORMATIKA,INFORMATIKA,INFORMATIKA,S1,UNGGUL,197,1,Teknik & Rekayasa
quipper-292,-,-,-,FAKULTAS TEKNIK ELEKTRO,ILMU DAN TEKNOLOGI CERDAS,KECERDASAN BUATAN,S1,-,197,0,Ekonomi & Bisnis
quipper-292,-,banpt-3332,-,FAKULTAS TEKNIK ELEKTRO,TEKNIK KOMPUTER,KOMPUTER,S1,UNGGUL,197,0,Ekonomi & Bisnis
quipper-292,-,banpt-3332,-,FAKULTAS REKAYASA INDUSTRI,TEKNIK LOGISTIK,LOGISTIK,S1,BAIK,197,0,Ekonomi & Bisnis
quipper-292,-,banpt-3332,-,FAKULTAS INDUSTRI KREATIF,INOVASI & MANAJEMEN PRODUK,MANAJEMEN,S1,UNGGUL,197,0,Ekonomi & Bisnis
-,-,banpt-3332,-,-,MANAJEMEN REKAYASA,MANAJEMEN REKAYASA,S1,BAIK,197,0,Ekonomi & Bisnis
quipper-292,-,-,-,FAKULTAS ILMU TERAPAN,MULTIMEDIA KREATIF DIGITAL,MULTIMEDIA,S1,-,197,0,Ekonomi & Bisnis
quipper-292,-,-,-,FAKULTAS ILMU TERAPAN,PEMASARAN DIGITAL,PEMASARAN,S1,-,197,0,Ekonomi & Bisnis
quipper-292,-,-,-,FAKULTAS ILMU TERAPAN,PERHOTELAN & SENI KULINER,PERHOTELAN,S1,-,197,0,Ekonomi & Bisnis
-,-,banpt-3332,-,-,PSIKOLOGI,PSIKOLOGI,S1,TERAKREDITASI SEMENTARA,197,0,Ekonomi & Bisnis
quipper-292,-,banpt-3332,-,FAKULTAS INFORMATIKA,REKAYASA PERANGKAT LUNAK,REKAYASA PERANGKAT LUNAK,S1,BAIK SEKALI,197,0,Ekonomi & Bisnis
-,-,banpt-3332,-,-,SAINS DATA,SAINS DATA,S1,BAIK SEKALI,197,0,Ekonomi & Bisnis
quipper-292,-,banpt-3332,-,FAKULTAS INDUSTRI KREATIF,SENI KREATIF,SENI,S1,UNGGUL,197,0,Ekonomi & Bisnis
-,-,banpt-3332,-,-,TEKNIK SISTEM ENERGI,SISTEM ENERGI,S1,BAIK,197,0,Ekonomi & Bisnis
quipper-292,-,banpt-3332,-,FAKULTAS ILMU TERAPAN,SISTEM INFORMASI,SISTEM INFORMASI,S1,UNGGUL,197,4,Teknologi Industri
quipper-292,-,-,-,FAKULTAS ILMU TERAPAN,SISTEM INFORMASI AKUNTANSI,SISTEM INFORMASI AKUNTANSI,S1,-,197,0,Ekonomi & Bisnis
quipper-292,-,banpt-3332,-,FAKULTAS INFORMATIKA,TEKNOLOGI INFORMASI,TEKNOLOGI INFORMASI,S1,BAIK SEKALI,197,0,Ekonomi & Bisnis
-,-,banpt-3332,-,-,TEKNOLOGI PANGAN,TEKNOLOGI PANGAN,S1,BAIK,197,0,Ekonomi & Bisnis
-,-,banpt-110,-,-,PENDIDIKAN GURU SEKOLAH DASAR,GURU SEKOLAH DASAR,S1,BAIK,990,0,Ekonomi & Bisnis
-,-,banpt-110,-,-,INFORMATIKA,INFORMATIKA,S1,BAIK,990,0,Ekonomi & Bisnis
-,-,banpt-110,-,-,MANAJEMEN,MANAJEMEN,S1,BAIK,990,0,Ekonomi & Bisnis
-,-,banpt-110,-,-,REKAYASA KOMPUTER,REKAYASA KOMPUTER,S1,BAIK,990,0,Ekonomi & Bisnis
-,-,banpt-110,-,-,SISTEM INFORMASI,SISTEM INFORMASI,S1,BAIK,990,0,Ekonomi & Bisnis
-,-,banpt-1471,-,-,AGRIBISNIS,AGRIBISNIS,S1,BAIK,657,0,Ekonomi & Bisnis
-,-,banpt-1471,-,-,ILMU KOMUNIKASI,ILMU KOMUNIKASI,S1,BAIK,657,0,Ekonomi & Bisnis
-,-,banpt-1471,-,-,PSIKOLOGI,PSIKOLOGI,S1,C,657,0,Ekonomi & Bisnis
-,-,banpt-1201,-,-,ADMINISTRASI NEGARA,ADMINISTRASI NEGARA,S1,BAIK,1127,0,Ekonomi & Bisnis
-,-,banpt-1201,-,-,AGRIBISNIS,AGRIBISNIS,S1,BAIK SEKALI,1127,0,Ekonomi & Bisnis
-,-,banpt-1201,-,-,ARSITEKTUR,ARSITEKTUR,S1,BAIK,1127,0,Ekonomi & Bisnis
-,-,banpt-1201,-,-,ILMU HUKUM,HUKUM,S1,BAIK SEKALI,1127,0,Ekonomi & Bisnis
-,-,banpt-1201,-,-,TEKNIK INFORMATIKA,INFORMATIKA,S1,BAIK,1127,0,Ekonomi & Bisnis
-,-,banpt-1201,-,-,TEKNIK MESIN,MESIN,S1,BAIK,1127,0,Ekonomi & Bisnis
-,-,banpt-1201,-,-,AGROBISNIS PERIKANAN,PERIKANAN,S1,BAIK,1127,0,Ekonomi & Bisnis
-,-,banpt-1201,-,-,ILMU POLITIK,POLITIK,S1,BAIK,1127,0,Ekonomi & Bisnis
-,-,banpt-1201,-,-,TEKNIK SIPIL,SIPIL,S1,BAIK,1127,0,Ekonomi & Bisnis
-,-,banpt-1201,-,-,SISTEM INFORMASI,SISTEM INFORMASI,S1,BAIK SEKALI,1127,0,Ekonomi & Bisnis
-,-,banpt-2526,-,-,ADMINISTRASI RUMAH SAKIT,ADMINISTRASI RUMAH SAKIT,S1,BAIK,889,0,Ekonomi & Bisnis
-,-,banpt-2526,-,-,AKUNTANSI,AKUNTANSI,S1,BAIK,889,0,Ekonomi & Bisnis
-,-,banpt-2526,-,-,TEKNIK ELEKTRO K JEMBRANA,ELEKTRO,S1,BAIK,889,0,Ekonomi & Bisnis
-,-,banpt-2526,-,-,PENDIDIKAN GURU SEKOLAH DASAR K. JEMBRANA,GURU SEKOLAH DASAR,S1,BAIK,889,0,Ekonomi & Bisnis
-,-,banpt-2526,-,-,TEKNIK INFORMATIKA K. JEMBRANA,INFORMATIKA,S1,BAIK,889,0,Ekonomi & Bisnis
-,-,banpt-2526,-,-,PENDIDIKAN JASMANI K. JEMBRANA,JASMANI,S1,BAIK,889,0,Ekonomi & Bisnis
-,-,banpt-2526,-,-,KEPERAWATAN,KEPERAWATAN,S1,BAIK,889,0,Ekonomi & Bisnis
-,-,banpt-2526,-,-,MANAJEMEN,MANAJEMEN,S1,BAIK,889,0,Ekonomi & Bisnis
-,-,banpt-2526,-,-,PARIWISATA,PARIWISATA,S1,TERAKREDITASI SEMENTARA,889,0,Ekonomi & Bisnis
-,-,banpt-2526,-,-,PSIKOLOGI,PSIKOLOGI,S1,BAIK,889,0,Ekonomi & Bisnis
-,rencanamu-273,-,-,-,ILMU ADMINISTRASI NEGARA,ADMINISTRASI NEGARA,S1,B,432,0,Ekonomi & Bisnis
-,-,banpt-2162,-,-,ADMINISTRASI PUBLIK,ADMINISTRASI PUBLIK,S1,B,432,0,Ekonomi & Bisnis
-,rencanamu-273,banpt-2162,-,-,AGRIBISNIS,AGRIBISNIS,S1,BAIK SEKALI,432,0,Ekonomi & Bisnis
-,rencanamu-273,banpt-2162,-,-,AGROTEKNOLOGI,AGROTEKNOLOGI,S1,B,432,0,Ekonomi & Bisnis
-,rencanamu-273,banpt-2162,-,-,AKUNTANSI,AKUNTANSI,S1,B,432,0,Ekonomi & Bisnis
-,rencanamu-273,banpt-2162,-,-,ARSITEKTUR LANSKAP,ARSITEKTUR,S1,BAIK,432,0,Ekonomi & Bisnis
-,-,banpt-2162,-,-,PENDIDIKAN BIOLOGI,BIOLOGI,S1,BAIK SEKALI,432,0,Ekonomi & Bisnis
-,-,banpt-2162,-,-,PENDIDIKAN GURU SEKOLAH DASAR,GURU SEKOLAH DASAR,S1,BAIK,432,0,Ekonomi & Bisnis
-,rencanamu-273,banpt-2162,-,-,ILMU KOMUNIKASI,ILMU KOMUNIKASI,S1,B,432,0,Ekonomi & Bisnis
-,rencanamu-273,-,-,-,PENDIDIKAN BIDAN,KEBIDANAN,S1,B,432,0,Ekonomi & Bisnis
-,rencanamu-273,-,-,-,ILMU KEPERAWATAN,KEPERAWATAN,S1,B,432,0,Ekonomi & Bisnis
-,rencanamu-273,banpt-2162,-,-,TEKNIK KIMIA,KIMIA,S1,B,432,0,Ekonomi & Bisnis
-,rencanamu-273,banpt-2162,-,-,MANAJEMEN,MANAJEMEN,S1,BAIK SEKALI,432,0,Ekonomi & Bisnis
-,-,banpt-2162,-,-,PENDIDIKAN MATEMATIKA,MATEMATIKA,S1,BAIK,432,0,Ekonomi & Bisnis
-,rencanamu-273,banpt-2162,-,-,TEKNOLOGI INDUSTRI PERTANIAN,PERTANIAN,S1,B,432,0,Ekonomi & Bisnis
-,rencanamu-273,banpt-2162,-,-,PETERNAKAN,PETERNAKAN,S1,B,432,0,Ekonomi & Bisnis
-,rencanamu-273,banpt-2162,-,-,TEKNIK SIPIL,SIPIL,S1,B,432,0,Ekonomi & Bisnis
-,-,banpt-3741,-,-,AGRIBISNIS,AGRIBISNIS,S1,BAIK,1221,0,Ekonomi & Bisnis
-,-,banpt-3741,-,-,PENDIDIKAN GURU PENDIDIKAN ANAK USIA DINI,GURU ANAK USIA DINI,S1,BAIK,1221,0,Ekonomi & Bisnis
-,-,banpt-3741,-,-,PENDIDIKAN GURU SEKOLAH DASAR,GURU SEKOLAH DASAR,S1,BAIK,1221,0,Ekonomi & Bisnis
-,-,banpt-3741,-,-,ILMU HUKUM,HUKUM,S1,BAIK,1221,0,Ekonomi & Bisnis
-,-,banpt-3741,-,-,TEKNIK INFORMATIKA,INFORMATIKA,S1,BAIK,1221,0,Ekonomi & Bisnis
-,-,banpt-3741,-,-,KIMIA,KIMIA,S1,BAIK,1221,0,Ekonomi & Bisnis
-,-,banpt-3741,-,-,MANAJEMEN,MANAJEMEN,S1,BAIK SEKALI,1221,0,Ekonomi & Bisnis
-,-,banpt-3741,-,-,MATEMATIKA,MATEMATIKA,S1,BAIK,1221,0,Ekonomi & Bisnis
-,-,banpt-3741,-,-,PERIKANAN,PERIKANAN,S1,BAIK,1221,0,Ekonomi & Bisnis
-,-,banpt-3741,-,-,TEKNOLOGI HASIL PERTANIAN,PERTANIAN,S1,BAIK,1221,0,Ekonomi & Bisnis
-,-,banpt-3741,-,-,PENDIDIKAN TEOLOGI,TEOLOGI,S1,BAIK SEKALI,1221,0,Ekonomi & Bisnis
-,rencanamu-274,banpt-2359,-,-,AGRIBISNIS,AGRIBISNIS,S1,C,929,0,Ekonomi & Bisnis
-,rencanamu-274,banpt-2359,-,-,AGROTEKNOLOGI,AGROTEKNOLOGI,S1,B,929,0,Ekonomi & Bisnis
-,rencanamu-274,banpt-2359,-,-,AKUNTANSI,AKUNTANSI,S1,C,929,0,Ekonomi & Bisnis
-,rencanamu-274,banpt-2359,-,-,ARSITEKTUR,ARSITEKTUR,S1,B,929,0,Ekonomi & Bisnis
-,rencanamu-274,banpt-2359,-,-,TEKNIK ELEKTRO,ELEKTRO,S1,C,929,0,Ekonomi & Bisnis
-,rencanamu-274,banpt-2359,-,-,TEKNIK INDUSTRI,INDUSTRI,S1,C,929,0,Ekonomi & Bisnis
-,rencanamu-274,-,-,-,KEUANGAN DAN PERBANKAN,KEUANGAN PERBANKAN,S1,B,929,0,Ekonomi & Bisnis
-,rencanamu-274,banpt-2359,-,-,MANAJEMEN,MANAJEMEN,S1,B,929,0,Ekonomi & Bisnis
-,rencanamu-274,-,-,-,MANAJEMEN PEMASARAN,MARKETING,S1,C,929,0,Ekonomi & Bisnis
-,rencanamu-274,banpt-2359,-,-,TEKNIK MESIN,MESIN,S1,B,929,0,Ekonomi & Bisnis
-,-,banpt-2359,-,-,TEKNIK PERTAMBANGAN,PERTAMBANGAN,S1,BAIK,929,0,Ekonomi & Bisnis
-,rencanamu-274,banpt-2359,-,-,TEKNIK SIPIL,SIPIL,S1,C,929,0,Ekonomi & Bisnis
quipper-12,rencanamu-275,banpt-2155,-,"FAKULTAS SAINS, TEKNOLOGI, DAN DESAIN",AGRIBISNIS,AGRIBISNIS,S1,C,491,0,Ekonomi & Bisnis
-,rencanamu-275,-,-,-,AGROTEKNOLOGI,AGROTEKNOLOGI,S1,C,491,0,Ekonomi & Bisnis
quipper-12,rencanamu-275,banpt-2155,-,"FAKULTAS EKONOMI, BISNIS, DAN HUMANIORA",AKUNTANSI,AKUNTANSI,S1,B,491,2,Pendidikan & Keguruan
quipper-12,rencanamu-275,banpt-2155,-,"FAKULTAS SAINS, TEKNOLOGI, DAN DESAIN",DESAIN KOMUNIKASI VISUAL,DESAIN KOMUNIKASI VISUAL,S1,B,491,0,Ekonomi & Bisnis
-,rencanamu-275,banpt-2155,-,-,DESAIN PRODUK,DESAIN PRODUK,S1,B,491,0,Ekonomi & Bisnis
quipper-12,rencanamu-275,banpt-2155,-,"FAKULTAS EKONOMI, BISNIS, DAN HUMANIORA",EKONOMI PEMBANGUNAN,EKONOMI PEMBANGUNAN,S1,BAIK SEKALI,491,0,Ekonomi & Bisnis
quipper-12,-,banpt-2155,-,"FAKULTAS EKONOMI, BISNIS, DAN HUMANIORA",PENDIDIKAN GURU PENDIDIKAN ANAK USIA DINI,GURU ANAK USIA DINI,S1,BAIK SEKALI,491,0,Ekonomi & Bisnis
-,rencanamu-275,-,-,-,PENDIDIKAN GURU PAUD,GURU PAUD,S1,C,491,0,Ekonomi & Bisnis
quipper-12,rencanamu-275,banpt-2155,-,"FAKULTAS EKONOMI, BISNIS, DAN HUMANIORA",PENDIDIKAN GURU SEKOLAH DASAR,GURU SEKOLAH DASAR,S1,UNGGUL,491,0,Ekonomi & Bisnis
quipper-12,rencanamu-275,banpt-2155,-,"FAKULTAS SAINS, TEKNOLOGI, DAN DESAIN",TEKNIK INFORMATIKA,INFORMATIKA,S1,C,491,1,Teknik & Rekayasa
quipper-12,rencanamu-275,banpt-2155,-,"FAKULTAS EKONOMI, BISNIS, DAN HUMANIORA",MANAJEMEN,MANAJEMEN,S1,B,491,0,Ekonomi & Bisnis
quipper-12,rencanamu-275,banpt-2155,-,"FAKULTAS SAINS, TEKNOLOGI, DAN DESAIN",SISTEM INFORMASI,SISTEM INFORMASI,S1,C,491,4,Teknologi Industri
quipper-12,rencanamu-275,banpt-2155,-,"FAKULTAS SAINS, TEKNOLOGI, DAN DESAIN",ILMU DAN TEKNOLOGI PANGAN,TEKNOLOGI PANGAN,S1,C,491,0,Ekonomi & Bisnis
-,-,banpt-749,-,-,ADMINISTRASI RUMAH SAKIT,ADMINISTRASI RUMAH SAKIT,S1,BAIK,1409,0,Ekonomi & Bisnis
-,-,banpt-749,-,-,FARMASI,FARMASI,S1,BAIK,1409,0,Ekonomi & Bisnis
-,-,banpt-749,-,-,GIZI,GIZI,S1,BAIK,1409,0,Ekonomi & Bisnis
-,-,banpt-749,-,-,PENDIDIKAN GURU SEKOLAH DASAR,GURU SEKOLAH DASAR,S1,BAIK,1409,0,Ekonomi & Bisnis
-,-,banpt-749,-,-,HUKUM,HUKUM,S1,BAIK,1409,0,Ekonomi & Bisnis
-,-,banpt-749,-,-,KESEHATAN MASYARAKAT,KESEHATAN MASYARAKAT,S1,BAIK,1409,0,Ekonomi & Bisnis
-,-,banpt-749,-,-,MANAJEMEN,MANAJEMEN,S1,BAIK,1409,0,Ekonomi & Bisnis
-,-,banpt-749,-,-,SISTEM KOMPUTER,SISTEM KOMPUTER,S1,BAIK,1409,0,Ekonomi & Bisnis
-,rencanamu-276,-,-,-,PERPAJAKAN,PERPAJAKAN,S1,A,42,0,Ekonomi & Bisnis
-,-,banpt-2870,-,-,ADMINISTRASI PUBLIK,ADMINISTRASI PUBLIK,S1,B,1394,0,Ekonomi & Bisnis
-,-,banpt-2870,-,-,AGRIBISNIS,AGRIBISNIS,S1,B,1394,0,Ekonomi & Bisnis
-,-,banpt-2870,-,-,AKUNTANSI,AKUNTANSI,S1,BAIK SEKALI,1394,0,Ekonomi & Bisnis
-,-,banpt-2870,-,-,TEKNIK ELEKTRO,ELEKTRO,S1,BAIK,1394,0,Ekonomi & Bisnis
-,-,banpt-2870,-,-,HUKUM,HUKUM,S1,B,1394,0,Ekonomi & Bisnis
-,-,banpt-2870,-,-,MANAJEMEN,MANAJEMEN,S1,BAIK SEKALI,1394,0,Ekonomi & Bisnis
-,-,banpt-2870,-,-,TEKNIK SIPIL,SIPIL,S1,BAIK,1394,0,Ekonomi & Bisnis
-,-,banpt-1543,-,-,AGRIBISNIS,AGRIBISNIS,S1,B,756,0,Ekonomi & Bisnis
-,-,banpt-1543,-,-,AGROTEKNOLOGI,AGROTEKNOLOGI,S1,B,756,0,Ekonomi & Bisnis
-,-,banpt-1543,-,-,AKUNTANSI,AKUNTANSI,S1,BAIK SEKALI,756,0,Ekonomi & Bisnis
-,-,banpt-1543,-,-,ARSITEKTUR,ARSITEKTUR,S1,B,756,0,Ekonomi & Bisnis
-,-,banpt-1543,-,-,BIMBINGAN DAN KONSELING,BIMBINGAN KONSELING,S1,BAIK SEKALI,756,0,Ekonomi & Bisnis
-,-,banpt-1543,-,-,PENDIDIKAN JASMANI,JASMANI,S1,BAIK SEKALI,756,0,Ekonomi & Bisnis
-,-,banpt-1543,-,-,MANAJEMEN,MANAJEMEN,S1,BAIK SEKALI,756,0,Ekonomi & Bisnis
-,-,banpt-1543,-,-,PENDIDIKAN KEPELATIHAN OLAHRAGA,OLAHRAGA,S1,UNGGUL,756,0,Ekonomi & Bisnis
-,-,banpt-1543,-,-,TEKNIK SIPIL,SIPIL,S1,BAIK SEKALI,756,0,Ekonomi & Bisnis
-,-,banpt-2364,-,-,AKUNTANSI,AKUNTANSI,S1,BAIK,1334,0,Ekonomi & Bisnis
-,-,banpt-2364,-,-,MANAJEMEN,MANAJEMEN,S1,BAIK,1334,0,Ekonomi & Bisnis
-,-,banpt-2364,-,-,SISTEM INFORMASI,SISTEM INFORMASI,S1,BAIK,1334,0,Ekonomi & Bisnis
-,-,banpt-2364,-,-,TEKNOLOGI INFORMASI,TEKNOLOGI INFORMASI,S1,BAIK,1334,0,Ekonomi & Bisnis
-,-,banpt-337,-,-,AGRIBISNIS,AGRIBISNIS,S1,BAIK SEKALI,770,0,Ekonomi & Bisnis
-,-,banpt-337,-,-,AKUNTANSI,AKUNTANSI,S1,BAIK,770,0,Ekonomi & Bisnis
-,-,banpt-337,-,-,BIMBINGAN DAN KONSELING,BIMBINGAN KONSELING,S1,B,770,0,Ekonomi & Bisnis
-,-,banpt-337,-,-,PENDIDIKAN BIOLOGI,BIOLOGI,S1,UNGGUL,770,0,Ekonomi & Bisnis
-,-,banpt-337,-,-,PENDIDIKAN GEOGRAFI,GEOGRAFI,S1,UNGGUL,770,0,Ekonomi & Bisnis
-,-,banpt-337,-,-,PENDIDIKAN GURU PENDIDIKAN ANAK USIA DINI,GURU ANAK USIA DINI,S1,BAIK,770,0,Ekonomi & Bisnis
-,-,banpt-337,-,-,PENDIDIKAN GURU SEKOLAH DASAR,GURU SEKOLAH DASAR,S1,B,770,0,Ekonomi & Bisnis
-,-,banpt-337,-,-,HUKUM,HUKUM,S1,TERAKREDITASI SEMENTARA,770,0,Ekonomi & Bisnis
-,-,banpt-337,-,-,ILMU KOMUNIKASI,ILMU KOMUNIKASI,S1,BAIK SEKALI,770,0,Ekonomi & Bisnis
-,-,banpt-337,-,-,TEKNIK INDUSTRI,INDUSTRI,S1,B,770,0,Ekonomi & Bisnis
-,-,banpt-337,-,-,PENDIDIKAN JASMANI,JASMANI,S1,BAIK,770,0,Ekonomi & Bisnis
-,-,banpt-337,-,-,KESEHATAN MASYARAKAT,KESEHATAN MASYARAKAT,S1,BAIK SEKALI,770,0,Ekonomi & Bisnis
-,-,banpt-337,-,-,MANAJEMEN,MANAJEMEN,S1,BAIK SEKALI,770,0,Ekonomi & Bisnis
-,-,banpt-337,-,-,PENDIDIKAN MATEMATIKA,MATEMATIKA,S1,BAIK SEKALI,770,0,Ekonomi & Bisnis
-,-,banpt-337,-,-,PENDIDIKAN PANCASILA DAN KEWARGANEGARAAN,PANCASILA KEWARGANEGARAAN,S1,UNGGUL,770,0,Ekonomi & Bisnis
-,-,banpt-337,-,-,TEKNOLOGI HASIL PERTANIAN,PERTANIAN,S1,BAIK SEKALI,770,0,Ekonomi & Bisnis
-,-,banpt-337,-,-,PETERNAKAN,PETERNAKAN,S1,BAIK SEKALI,770,0,Ekonomi & Bisnis
-,-,banpt-337,-,-,PENDIDIKAN SEJARAH,SEJARAH,S1,UNGGUL,770,0,Ekonomi & Bisnis
-,-,banpt-337,-,-,TEKNIK SIPIL,SIPIL,S1,B,770,0,Ekonomi & Bisnis
-,-,banpt-337,-,-,TEKNOLOGI PENDIDIKAN,TEKNOLOGI,S1,BAIK SEKALI,770,0,Ekonomi & Bisnis
-,-,banpt-1186,-,-,ADMINISTRASI BINIS,ADMINISTRASI,S1,BAIK,1099,0,Ekonomi & Bisnis
-,-,banpt-1186,-,-,ADMINISTRASI PUBLIK,ADMINISTRASI PUBLIK,S1,B,1099,0,Ekonomi & Bisnis
-,-,banpt-1186,-,-,TEKNIK INDUSTRI,INDUSTRI,S1,C,1099,0,Ekonomi & Bisnis
-,-,banpt-1186,-,-,TEKNIK KIMIA,KIMIA,S1,BAIK,1099,0,Ekonomi & Bisnis
-,rencanamu-277,banpt-1002,-,-,AGRIBISNIS,AGRIBISNIS,S1,B,125,0,Ekonomi & Bisnis
-,rencanamu-277,banpt-1002,-,-,AKUNTANSI,AKUNTANSI,S1,B,125,0,Ekonomi & Bisnis
-,rencanamu-277,banpt-1002,-,-,FARMASI,FARMASI,S1,B,125,0,Ekonomi & Bisnis
-,rencanamu-277,banpt-1002,-,-,HUBUNGAN INTERNASIONAL,HUBUNGAN INTERNASIONAL,S1,B,125,0,Ekonomi & Bisnis
-,rencanamu-277,banpt-1002,-,-,ILMU HUKUM,HUKUM,S1,B,125,0,Ekonomi & Bisnis
-,rencanamu-277,banpt-1002,-,-,TEKNIK INFORMATIKA,INFORMATIKA,S1,C,125,0,Ekonomi & Bisnis
-,-,banpt-1002,-,-,PENDIDIKAN JASMANI,JASMANI,S1,BAIK SEKALI,125,0,Ekonomi & Bisnis
-,-,banpt-1002,-,-,KEDOKTERAN,KEDOKTERAN,S1,BAIK SEKALI,125,0,Ekonomi & Bisnis
-,rencanamu-277,banpt-1002,-,-,TEKNIK KIMIA,KIMIA,S1,C,125,0,Ekonomi & Bisnis
-,rencanamu-277,banpt-1002,-,-,MANAJEMEN,MANAJEMEN,S1,B,125,0,Ekonomi & Bisnis
-,rencanamu-277,banpt-1002,-,-,TEKNIK MESIN,MESIN,S1,C,125,0,Ekonomi & Bisnis
-,rencanamu-277,-,-,-,PENDIDIKAN JASMANI DAN KESEHATAN,OLAHRAGA,S1,C,125,0,Ekonomi & Bisnis
-,-,banpt-1002,-,-,ILMU POLITIK,POLITIK,S1,B,125,0,Ekonomi & Bisnis
-,-,banpt-94,-,-,AGRIBISNIS,AGRIBISNIS,S1,BAIK,730,0,Ekonomi & Bisnis
-,-,banpt-94,-,-,AGROTEKNOLOGI,AGROTEKNOLOGI,S1,BAIK,730,0,Ekonomi & Bisnis
-,-,banpt-94,-,-,AKUNTANSI,AKUNTANSI,S1,BAIK,730,0,Ekonomi & Bisnis
-,-,banpt-94,-,-,PENDIDIKAN GURU PENDIDIKAN ANAK USIA DINI,GURU ANAK USIA DINI,S1,BAIK,730,0,Ekonomi & Bisnis
-,-,banpt-94,-,-,TEKNIK INDUSTRI,INDUSTRI,S1,BAIK,730,0,Ekonomi & Bisnis
-,-,banpt-94,-,-,TEKNIK INFORMATIKA,INFORMATIKA,S1,BAIK,730,0,Ekonomi & Bisnis
-,-,banpt-94,-,-,PENDIDIKAN KIMIA,KIMIA,S1,BAIK,730,0,Ekonomi & Bisnis
-,-,banpt-94,-,-,MANAJEMEN,MANAJEMEN,S1,BAIK,730,0,Ekonomi & Bisnis
-,-,banpt-94,-,-,PENDIDIKAN MATEMATIKA,MATEMATIKA,S1,BAIK,730,0,Ekonomi & Bisnis
-,-,banpt-94,-,-,TEKNIK MESIN,MESIN,S1,BAIK,730,0,Ekonomi & Bisnis
-,-,banpt-94,-,-,TEKNIK SIPIL,SIPIL,S1,BAIK,730,0,Ekonomi & Bisnis
-,-,banpt-1959,-,-,AKUNTANSI,AKUNTANSI,S1,BAIK,1333,0,Ekonomi & Bisnis
-,-,banpt-1959,-,-,HUKUM,HUKUM,S1,TERAKREDITASI SEMENTARA,1333,0,Ekonomi & Bisnis
-,-,banpt-1959,-,-,ILMU KEPERAWATAN,KEPERAWATAN,S1,BAIK SEKALI,1333,0,Ekonomi & Bisnis
-,-,banpt-1959,-,-,SISTEM INFORMASI,SISTEM INFORMASI,S1,BAIK,1333,0,Ekonomi & Bisnis
-,-,banpt-1582,-,-,ILMU ADMINISTRASI NEGARA,ADMINISTRASI NEGARA,S1,BAIK SEKALI,114,0,Ekonomi & Bisnis
-,-,banpt-1582,-,-,ADMINISTRASI PUBLIK,ADMINISTRASI PUBLIK,S1,BAIK SEKALI,114,0,Ekonomi & Bisnis
-,-,banpt-1582,-,-,AGROTEKNOLOGI,AGROTEKNOLOGI,S1,UNGGUL,114,0,Ekonomi & Bisnis
-,-,banpt-1582,-,-,AKUNTANSI,AKUNTANSI,S1,BAIK SEKALI,114,0,Ekonomi & Bisnis
-,-,banpt-1582,-,-,ARSITEKTUR,ARSITEKTUR,S1,UNGGUL,114,0,Ekonomi & Bisnis
-,-,banpt-1582,-,-,MANAJEMEN SUMBER DAYA PERAIRAN,BUDIDAYA PERAIRAN,S1,UNGGUL,114,0,Ekonomi & Bisnis
-,-,banpt-1582,-,-,EKONOMI PEMBANGUNAN,EKONOMI PEMBANGUNAN,S1,UNGGUL,114,0,Ekonomi & Bisnis
-,-,banpt-1582,-,-,ILMU HUKUM,HUKUM,S1,UNGGUL,114,0,Ekonomi & Bisnis
-,-,banpt-1582,-,-,KEDOKTERAN,KEDOKTERAN,S1,UNGGUL,114,0,Ekonomi & Bisnis
-,-,banpt-1582,-,-,TEKNIK KOMPUTER,KOMPUTER,S1,BAIK,114,0,Ekonomi & Bisnis
-,-,banpt-1582,-,-,MANAJEMEN,MANAJEMEN,S1,UNGGUL,114,0,Ekonomi & Bisnis
-,-,banpt-1582,-,-,ILMU PEMERINTAHAN,PEMERINTAHAN,S1,BAIK SEKALI,114,0,Ekonomi & Bisnis
-,-,banpt-1582,-,-,PETERNAKAN,PETERNAKAN,S1,UNGGUL,114,0,Ekonomi & Bisnis
-,-,banpt-1582,-,-,SASTRA INGGRIS,SASTRA INGGRIS,S1,UNGGUL,114,0,Ekonomi & Bisnis
-,-,banpt-1582,-,-,TEKNIK SIPIL,SIPIL,S1,UNGGUL,114,0,Ekonomi & Bisnis
-,-,banpt-1582,-,-,TEKNOLOGI PANGAN DAN HASIL PERTANIAN,TEKNOLOGI PANGAN,S1,UNGGUL,114,0,Ekonomi & Bisnis
-,-,banpt-192,-,-,ILMU ADMINISTRASI NEGARA,ADMINISTRASI NEGARA,S1,B,926,0,Ekonomi & Bisnis
-,-,banpt-192,-,-,BISNIS DIGITAL,BISNIS DIGITAL,S1,BAIK,926,0,Ekonomi & Bisnis
-,-,banpt-192,-,-,KIMIA,KIMIA,S1,BAIK,926,0,Ekonomi & Bisnis
-,-,banpt-192,-,-,TEKNOLOGI INFORMASI,TEKNOLOGI INFORMASI,S1,BAIK,926,0,Ekonomi & Bisnis
-,-,banpt-1568,-,-,ILMU KOMPUTER,KOMPUTER,S1,BAIK,1205,0,Ekonomi & Bisnis
-,-,banpt-3288,-,-,AKUNTANSI,AKUNTANSI,S1,BAIK SEKALI,618,0,Ekonomi & Bisnis
-,-,banpt-3288,-,-,BISNIS DIGITAL,BISNIS DIGITAL,S1,BAIK,618,0,Ekonomi & Bisnis
-,-,banpt-3288,-,-,INFORMATIKA,INFORMATIKA,S1,BAIK SEKALI,618,0,Ekonomi & Bisnis
-,-,banpt-3288,-,-,MANAJEMEN,MANAJEMEN,S1,BAIK SEKALI,618,0,Ekonomi & Bisnis
-,-,banpt-3288,-,-,SISTEM INFORMASI,SISTEM INFORMASI,S1,B,618,0,Ekonomi & Bisnis
-,-,banpt-3416,-,-,AGROTEKNOLOGI,AGROTEKNOLOGI,S1,B,172,0,Ekonomi & Bisnis
-,-,banpt-3416,-,-,AKUNTANSI,AKUNTANSI,S1,A,172,0,Ekonomi & Bisnis
-,-,banpt-3416,-,-,BISNIS DIGITAL,BISNIS DIGITAL,S1,BAIK,172,0,Ekonomi & Bisnis
-,-,banpt-3416,-,-,TEKNIK ELEKTRO,ELEKTRO,S1,B,172,0,Ekonomi & Bisnis
-,-,banpt-3416,-,-,ILMU HUKUM,HUKUM,S1,B,172,0,Ekonomi & Bisnis
-,-,banpt-3416,-,-,TEKNIK INDUSTRI,INDUSTRI,S1,BAIK SEKALI,172,0,Ekonomi & Bisnis
-,-,banpt-3416,-,-,TEKNIK INFORMATIKA,INFORMATIKA,S1,BAIK SEKALI,172,0,Ekonomi & Bisnis
-,-,banpt-3416,-,-,MANAJEMEN,MANAJEMEN,S1,UNGGUL,172,0,Ekonomi & Bisnis
-,-,banpt-3416,-,-,TEKNIK MESIN,MESIN,S1,BAIK,172,0,Ekonomi & Bisnis
-,-,banpt-3416,-,-,TEKNIK SIPIL,SIPIL,S1,BAIK SEKALI,172,0,Ekonomi & Bisnis
-,-,banpt-2603,-,-,ADMINISTRASI PUBLIK,ADMINISTRASI PUBLIK,S1,BAIK,949,0,Ekonomi & Bisnis
-,-,banpt-2603,-,-,AGROTEKNOLOGI,AGROTEKNOLOGI,S1,BAIK SEKALI,949,0,Ekonomi & Bisnis
-,-,banpt-2603,-,-,AKUNTANSI,AKUNTANSI,S1,BAIK,949,0,Ekonomi & Bisnis
-,-,banpt-2603,-,-,PENDIDIKAN GURU PENDIDIKAN ANAK USIA DINI,GURU ANAK USIA DINI,S1,BAIK SEKALI,949,0,Ekonomi & Bisnis
-,-,banpt-2603,-,-,PENDIDIKAN GURU SEKOLAH DASAR,GURU SEKOLAH DASAR,S1,BAIK SEKALI,949,0,Ekonomi & Bisnis
-,-,banpt-2603,-,-,HUKUM,HUKUM,S1,BAIK SEKALI,949,0,Ekonomi & Bisnis
-,-,banpt-2603,-,-,KESEHATAN MASYARAKAT,KESEHATAN MASYARAKAT,S1,BAIK SEKALI,949,0,Ekonomi & Bisnis
-,-,banpt-2603,-,-,ILMU KOMPUTER,KOMPUTER,S1,BAIK,949,0,Ekonomi & Bisnis
-,-,banpt-2603,-,-,MANAJEMEN,MANAJEMEN,S1,BAIK SEKALI,949,0,Ekonomi & Bisnis
-,-,banpt-976,-,-,FISIOTERAPI,FISIOTERAPI,S1,BAIK,513,0,Ekonomi & Bisnis
-,-,banpt-976,-,-,INFORMATIKA MEDIS,INFORMATIKA MEDIS,S1,BAIK,513,0,Ekonomi & Bisnis
-,-,banpt-976,-,-,ILMU KEPERAWATAN,KEPERAWATAN,S1,BAIK SEKALI,513,0,Ekonomi & Bisnis
-,-,banpt-976,-,-,KEWIRAUSAHAAN,KEWIRAUSAHAAN,S1,BAIK,513,0,Ekonomi & Bisnis
-,-,banpt-976,-,-,MANAJEMEN,MANAJEMEN,S1,BAIK,513,0,Ekonomi & Bisnis
-,-,banpt-976,-,-,SISTEM DAN TEKNOLOGI INFORMASI,SISTEM INFORMASI,S1,BAIK,513,0,Ekonomi & Bisnis
-,-,banpt-430,-,-,AKUNTANSI,AKUNTANSI,S1,BAIK SEKALI,306,0,Ekonomi & Bisnis
-,-,banpt-430,-,-,ARSITEKTUR,ARSITEKTUR,S1,B,306,0,Ekonomi & Bisnis
-,-,banpt-430,-,-,TEKNIK ELEKTRO,ELEKTRO,S1,BAIK,306,0,Ekonomi & Bisnis
-,-,banpt-430,-,-,TEKNIK INFORMATIKA,INFORMATIKA,S1,BAIK,306,0,Ekonomi & Bisnis
-,-,banpt-430,-,-,MANAJEMEN,MANAJEMEN,S1,B,306,0,Ekonomi & Bisnis
-,-,banpt-430,-,-,SASTRA INGGRIS,SASTRA INGGRIS,S1,BAIK SEKALI,306,0,Ekonomi & Bisnis
-,-,banpt-430,-,-,TEKNIK SIPIL,SIPIL,S1,BAIK SEKALI,306,0,Ekonomi & Bisnis
-,rencanamu-278,-,-,-,ADMINISTRASI NEGARA,ADMINISTRASI NEGARA,S1,B,1384,0,Ekonomi & Bisnis
-,-,banpt-3124,-,-,ADMINISTRASI PUBLIK,ADMINISTRASI PUBLIK,S1,B,1384,0,Ekonomi & Bisnis
-,rencanamu-278,banpt-3124,-,-,AKUNTANSI,AKUNTANSI,S1,C,1384,0,Ekonomi & Bisnis
-,rencanamu-278,banpt-3124,-,-,ARSITEKTUR,ARSITEKTUR,S1,C,1384,0,Ekonomi & Bisnis
-,rencanamu-278,banpt-3124,-,-,ILMU HUKUM,HUKUM,S1,C,1384,0,Ekonomi & Bisnis
-,-,banpt-3124,-,-,ILMU KOMUNIKASI,ILMU KOMUNIKASI,S1,BAIK,1384,0,Ekonomi & Bisnis
-,rencanamu-278,banpt-3124,-,-,TEKNIK INDUSTRI,INDUSTRI,S1,C,1384,0,Ekonomi & Bisnis
-,-,banpt-3124,-,-,KEWIRAUSAHAAN,KEWIRAUSAHAAN,S1,BAIK,1384,0,Ekonomi & Bisnis
-,rencanamu-278,banpt-3124,-,-,MANAJEMEN,MANAJEMEN,S1,B,1384,0,Ekonomi & Bisnis
-,rencanamu-278,banpt-3124,-,-,SOSIOLOGI,SOSIOLOGI,S1,B,1384,0,Ekonomi & Bisnis
-,rencanamu-278,banpt-3124,-,-,TEKNOLOGI PANGAN,TEKNOLOGI PANGAN,S1,C,1384,0,Ekonomi & Bisnis
-,-,banpt-391,-,-,ADMINISTRASI KESEHATAN,ADMINISTRASI KESEHATAN,S1,BAIK,381,0,Ekonomi & Bisnis
-,-,banpt-391,-,-,BISNIS DIGITAL,BISNIS DIGITAL,S1,BAIK,381,0,Ekonomi & Bisnis
-,-,banpt-391,-,-,GIZI,GIZI,S1,BAIK SEKALI,381,0,Ekonomi & Bisnis
-,-,banpt-391,-,-,KEBIDANAN,KEBIDANAN,S1,BAIK,381,0,Ekonomi & Bisnis
-,-,banpt-391,-,-,ILMU KEPERAWATAN,KEPERAWATAN,S1,BAIK SEKALI,381,0,Ekonomi & Bisnis
-,-,banpt-391,-,-,MANAJEMEN RITEL,MANAJEMEN RITEL,S1,BAIK,381,0,Ekonomi & Bisnis
quipper-726,-,-,-,FAKULTAS TEKNIK,ILMU TEKNIK,,S1,-,580,1,Teknik & Rekayasa
quipper-726,rencanamu-279,banpt-3180,-,FAKULTAS EKONOMI,AKUNTANSI,AKUNTANSI,S1,A,580,2,Pendidikan & Keguruan
quipper-726,-,-,-,FAKULTAS DESAIN KOMUNIKASI VISUAL,DESAIN,DESAIN,S1,-,580,0,Ekonomi & Bisnis
-,rencanamu-279,-,-,-,DESAIN GRAFIS,DESAIN KOMUNIKASI VISUAL,S1,A,580,0,Ekonomi & Bisnis
-,rencanamu-279,banpt-3180,-,-,TEKNIK ELEKTRO,ELEKTRO,S1,C,580,0,Ekonomi & Bisnis
-,-,banpt-3180,-,-,PERPUSTAKAAN DAN SAINS INFORMASI,ILMU PERPUSTAKAAN,S1,BAIK,580,0,Ekonomi & Bisnis
quipper-726,rencanamu-279,banpt-3180,-,FAKULTAS TEKNIK,TEKNIK INDUSTRI,INDUSTRI,S1,B,580,1,Teknik & Rekayasa
quipper-726,rencanamu-279,banpt-3180,-,FAKULTAS TEKNIK,TEKNIK INFORMATIKA,INFORMATIKA,S1,B,580,1,Teknik & Rekayasa
quipper-726,rencanamu-279,banpt-3180,-,FAKULTAS EKONOMI,MANAJEMEN,MANAJEMEN,S1,B,580,0,Ekonomi & Bisnis
-,rencanamu-279,banpt-3180,-,-,TEKNIK MESIN,MESIN,S1,C,580,0,Ekonomi & Bisnis
-,-,banpt-3180,-,-,PERDAGANGAN INTERNASIONAL,PERDAGANGAN INTERNASIONAL,S1,BAIK SEKALI,580,0,Ekonomi & Bisnis
quipper-726,rencanamu-279,-,-,FAKULTAS BAHASA,SASTRA INGGRIS,SASTRA INGGRIS,S1,B,580,0,Ekonomi & Bisnis
-,rencanamu-279,banpt-3180,-,-,TEKNIK SIPIL,SIPIL,S1,C,580,0,Ekonomi & Bisnis
quipper-726,rencanamu-279,banpt-3180,-,FAKULTAS TEKNIK,SISTEM INFORMASI,SISTEM INFORMASI,S1,B,580,1,Teknik & Rekayasa
-,rencanamu-280,banpt-3866,-,-,AGRIBISNIS,AGRIBISNIS,S1,B,119,0,Ekonomi & Bisnis
-,rencanamu-280,banpt-3866,-,-,AGROTEKNOLOGI,AGROTEKNOLOGI,S1,B,119,0,Ekonomi & Bisnis
quipper-495,rencanamu-280,banpt-3866,-,FAKULTAS EKONOMI DAN BISNIS,AKUNTANSI,AKUNTANSI,S1,B,119,2,Pendidikan & Keguruan
quipper-495,rencanamu-280,banpt-3866,-,FAKULTAS BAHASA DAN SAINS,BIOLOGI,BIOLOGI,S1,B,119,0,Ekonomi & Bisnis
quipper-495,-,-,-,FAKULTAS EKONOMI DAN BISNIS,ILMU EKONOMI,EKONOMI,S1,-,119,0,Ekonomi & Bisnis
-,rencanamu-280,banpt-3866,-,-,EKONOMI PEMBANGUNAN,EKONOMI PEMBANGUNAN,S1,B,119,0,Ekonomi & Bisnis
quipper-495,rencanamu-280,banpt-3866,-,FAKULTAS BAHASA DAN SAINS,PENDIDIKAN GURU SEKOLAH DASAR,GURU SEKOLAH DASAR,S1,B,119,0,Ekonomi & Bisnis
quipper-495,rencanamu-280,banpt-3866,-,FAKULTAS HUKUM,ILMU HUKUM,HUKUM,S1,A,119,3,Hukum
quipper-495,rencanamu-280,banpt-3866,-,FAKULTAS ILMU SOSIAL DAN ILMU POLITIK,ILMU PERPUSTAKAAN,ILMU PERPUSTAKAAN,S1,B,119,0,Ekonomi & Bisnis
quipper-495,rencanamu-280,banpt-3866,-,FAKULTAS TEKNIK,TEKNIK INFORMATIKA,INFORMATIKA,S1,B,119,1,Teknik & Rekayasa
quipper-495,rencanamu-280,-,-,FAKULTAS KEDOKTERAN,PENDIDIKAN DOKTER,KEDOKTERAN,S1,B,119,0,Ekonomi & Bisnis
quipper-495,rencanamu-280,banpt-3866,-,FAKULTAS KEDOKTERAN HEWAN,KEDOKTERAN HEWAN,KEDOKTERAN HEWAN,S1,C,119,0,Ekonomi & Bisnis
quipper-495,rencanamu-280,banpt-3866,-,FAKULTAS ILMU SOSIAL DAN ILMU POLITIK,KESEJAHTERAAN SOSIAL,KESEJAHTERAAN SOSIAL,S1,B,119,0,Ekonomi & Bisnis
quipper-495,rencanamu-280,banpt-3866,-,FAKULTAS PERTANIAN,MANAJEMEN AGRIBISNIS,MANAJEMEN,S1,B,119,0,Ekonomi & Bisnis
quipper-495,rencanamu-280,banpt-3866,-,FAKULTAS BAHASA DAN SAINS,PENDIDIKAN MATEMATIKA,MATEMATIKA,S1,B,119,0,Ekonomi & Bisnis
quipper-495,rencanamu-280,banpt-3866,-,FAKULTAS TEKNIK,TEKNIK PERTANIAN,PERTANIAN,S1,B,119,1,Teknik & Rekayasa
quipper-495,rencanamu-280,banpt-3866,-,FAKULTAS ILMU SOSIAL DAN ILMU POLITIK,ILMU POLITIK,POLITIK,S1,A,119,0,Ekonomi & Bisnis
quipper-495,rencanamu-280,banpt-3866,-,FAKULTAS TEKNIK,TEKNIK SIPIL,SIPIL,S1,C,119,1,Teknik & Rekayasa
quipper-495,rencanamu-280,banpt-3866,-,FAKULTAS ILMU SOSIAL DAN ILMU POLITIK,SOSIOLOGI,SOSIOLOGI,S1,B,119,0,Ekonomi & Bisnis
quipper-112,-,banpt-1022,-,FAKULTAS ILMU SOSIAL DAN ILMU POLITIK,ILMU ADMINISTRASI NEGARA,ADMINISTRASI NEGARA,S1,A,557,0,Ekonomi & Bisnis
-,-,banpt-1022,-,-,ADMINISTRASI PUBLIK,ADMINISTRASI PUBLIK,S1,A,557,0,Ekonomi & Bisnis
quipper-112,-,banpt-1022,-,FAKULTAS PERTANIAN,AGRIBISNIS,AGRIBISNIS,S1,B,557,0,Ekonomi & Bisnis
quipper-112,-,banpt-1022,-,FAKULTAS EKONOMI DAN BISNIS,AKUNTANSI,AKUNTANSI,S1,BAIK SEKALI,557,2,Pendidikan & Keguruan
quipper-112,-,banpt-1022,-,FAKULTAS EKONOMI DAN BISNIS,EKONOMI PEMBANGUNAN,EKONOMI PEMBANGUNAN,S1,BAIK SEKALI,557,0,Ekonomi & Bisnis
quipper-112,-,banpt-1022,-,FAKULTAS HUKUM,ILMU HUKUM,HUKUM,S1,B,557,3,Hukum
quipper-112,-,banpt-1022,-,FAKULTAS TEKNIK,TEKNIK INDUSTRI,INDUSTRI,S1,BAIK SEKALI,557,1,Teknik & Rekayasa
quipper-112,-,banpt-1022,-,FAKULTAS TEKNIK,TEKNIK INFORMATIKA,INFORMATIKA,S1,BAIK,557,1,Teknik & Rekayasa
quipper-112,-,banpt-1022,-,FAKULTAS EKONOMI DAN BISNIS,MANAJEMEN,MANAJEMEN,S1,B,557,0,Ekonomi & Bisnis
quipper-112,-,banpt-1022,-,FAKULTAS TEKNIK,TEKNIK MESIN,MESIN,S1,BAIK SEKALI,557,1,Teknik & Rekayasa
quipper-112,-,banpt-1022,-,FAKULTAS PSIKOLOGI,PSIKOLOGI,PSIKOLOGI,S1,BAIK,557,0,Ekonomi & Bisnis
quipper-112,-,banpt-1022,-,FAKULTAS BAHASA DAN SASTRA,SASTRA INGGRIS,SASTRA INGGRIS,S1,B,557,0,Ekonomi & Bisnis
-,-,banpt-617,-,-,ARSITEKTUR,ARSITEKTUR,S1,BAIK,751,0,Ekonomi & Bisnis
-,-,banpt-617,-,-,MANAJEMEN,MANAJEMEN,S1,BAIK SEKALI,751,0,Ekonomi & Bisnis
-,-,banpt-678,-,-,AGRIBISNIS,AGRIBISNIS,S1,B,336,0,Ekonomi & Bisnis
-,-,banpt-678,-,-,AGROTEKNOLOGI,AGROTEKNOLOGI,S1,B,336,0,Ekonomi & Bisnis
-,-,banpt-678,-,-,AKUNTANSI,AKUNTANSI,S1,BAIK SEKALI,336,0,Ekonomi & Bisnis
-,-,banpt-678,-,-,ARSITEKTUR,ARSITEKTUR,S1,BAIK,336,0,Ekonomi & Bisnis
-,-,banpt-678,-,-,TEKNIK GEODESI,GEODESI,S1,BAIK SEKALI,336,0,Ekonomi & Bisnis
-,-,banpt-678,-,-,KEHUTANAN,KEHUTANAN,S1,B,336,0,Ekonomi & Bisnis
-,-,banpt-678,-,-,TEKNIK LINGKUNGAN,LINGKUNGAN,S1,BAIK SEKALI,336,0,Ekonomi & Bisnis
-,-,banpt-678,-,-,MANAJEMEN,MANAJEMEN,S1,BAIK SEKALI,336,0,Ekonomi & Bisnis
-,-,banpt-678,-,-,PERENCANAAN WILAYAH DAN KOTA,PERENCANAAN WILAYAH KOTA,S1,B,336,0,Ekonomi & Bisnis
-,-,banpt-678,-,-,TEKNIK SIPIL,SIPIL,S1,BAIK SEKALI,336,0,Ekonomi & Bisnis
-,-,banpt-126,-,-,AKUNTANSI,AKUNTANSI,S1,B,975,0,Ekonomi & Bisnis
-,-,banpt-126,-,-,TEKNIK INDUSTRI,INDUSTRI,S1,BAIK,975,0,Ekonomi & Bisnis
-,-,banpt-126,-,-,ILMU LINGKUNGAN,LINGKUNGAN,S1,TERAKREDITASI SEMENTARA,975,0,Ekonomi & Bisnis
-,-,banpt-126,-,-,MANAJEMEN,MANAJEMEN,S1,B,975,0,Ekonomi & Bisnis
-,-,banpt-126,-,-,ILMU PERIKANAN,PERIKANAN,S1,TERAKREDITASI SEMENTARA,975,0,Ekonomi & Bisnis
-,-,banpt-85,-,-,ADMINISTRASI RUMAH SAKIT,ADMINISTRASI RUMAH SAKIT,S1,BAIK,1454,0,Ekonomi & Bisnis
-,-,banpt-85,-,-,PENDIDIKAN GURU SEKOLAH DASAR,GURU SEKOLAH DASAR,S1,BAIK,1454,0,Ekonomi & Bisnis
-,-,banpt-85,-,-,MANAJEMEN,MANAJEMEN,S1,BAIK,1454,0,Ekonomi & Bisnis
-,-,banpt-85,-,-,SISTEM INFORMASI,SISTEM INFORMASI,S1,BAIK,1454,0,Ekonomi & Bisnis
-,-,banpt-85,-,-,TEKNOLOGI INFORMASI,TEKNOLOGI INFORMASI,S1,BAIK,1454,0,Ekonomi & Bisnis
-,-,banpt-2329,-,-,AGRIBISNIS,AGRIBISNIS,S1,B,757,0,Ekonomi & Bisnis
-,rencanamu-282,-,-,-,AGROBISNIS,AGROBISNIS,S1,C,757,0,Ekonomi & Bisnis
-,-,banpt-2329,-,-,AGROTEKNOLOGI,AGROTEKNOLOGI,S1,BAIK,757,0,Ekonomi & Bisnis
-,rencanamu-282,-,-,-,BIMBINGAN DAN KONSELING,BIMBINGAN KONSELING,S1,C,757,0,Ekonomi & Bisnis
-,rencanamu-282,banpt-2329,-,-,PENDIDIKAN BIOLOGI,BIOLOGI,S1,C,757,0,Ekonomi & Bisnis
-,rencanamu-282,banpt-2329,-,-,ILMU HUKUM,HUKUM,S1,B,757,0,Ekonomi & Bisnis
-,rencanamu-282,banpt-2329,-,-,KESEHATAN MASYARAKAT,KESEHATAN MASYARAKAT,S1,C,757,0,Ekonomi & Bisnis
-,-,banpt-2329,-,-,TEKNIK KOMPUTER,KOMPUTER,S1,BAIK,757,0,Ekonomi & Bisnis
-,rencanamu-282,banpt-2329,-,-,MANAJEMEN,MANAJEMEN,S1,C,757,0,Ekonomi & Bisnis
-,rencanamu-282,banpt-2329,-,-,PENDIDIKAN MATEMATIKA,MATEMATIKA,S1,C,757,0,Ekonomi & Bisnis
-,rencanamu-282,banpt-2329,-,-,ILMU PEMERINTAHAN,PEMERINTAHAN,S1,C,757,0,Ekonomi & Bisnis
-,rencanamu-282,banpt-2329,-,-,TEKNIK SIPIL,SIPIL,S1,C,757,0,Ekonomi & Bisnis
-,-,banpt-160,-,-,ADMINISTRASI PUBLIK,ADMINISTRASI PUBLIK,S1,BAIK SEKALI,690,0,Ekonomi & Bisnis
-,-,banpt-160,-,-,AGRIBISNIS,AGRIBISNIS,S1,BAIK SEKALI,690,0,Ekonomi & Bisnis
-,-,banpt-160,-,-,AKUNTANSI,AKUNTANSI,S1,BAIK SEKALI,690,0,Ekonomi & Bisnis
-,-,banpt-160,-,-,BISNIS DIGITAL,BISNIS DIGITAL,S1,BAIK,690,0,Ekonomi & Bisnis
-,-,banpt-160,-,-,DESAIN KOMUNIKASI VISUAL,DESAIN KOMUNIKASI VISUAL,S1,BAIK,690,0,Ekonomi & Bisnis
-,-,banpt-160,-,-,PENDIDIKAN GURU SEKOLAH DASAR,GURU SEKOLAH DASAR,S1,BAIK SEKALI,690,0,Ekonomi & Bisnis
-,-,banpt-160,-,-,ILMU HUKUM,HUKUM,S1,A,690,0,Ekonomi & Bisnis
-,-,banpt-160,-,-,INFORMATIKA,INFORMATIKA,S1,BAIK,690,0,Ekonomi & Bisnis
-,-,banpt-160,-,-,KEBIDANAN,KEBIDANAN,S1,BAIK SEKALI,690,0,Ekonomi & Bisnis
-,-,banpt-160,-,-,KEPERAWATAN,KEPERAWATAN,S1,BAIK SEKALI,690,0,Ekonomi & Bisnis
-,-,banpt-160,-,-,MANAJEMEN,MANAJEMEN,S1,BAIK SEKALI,690,0,Ekonomi & Bisnis
-,-,banpt-160,-,-,PENDIDIKAN ILMU PENGETAHUAN ALAM,PENGETAHUAN ALAM,S1,BAIK SEKALI,690,0,Ekonomi & Bisnis
-,-,banpt-160,-,-,TEKNOLOGI HASIL PERTANIAN,PERTANIAN,S1,BAIK,690,0,Ekonomi & Bisnis
-,-,banpt-160,-,-,TEKNIK SIPIL,SIPIL,S1,BAIK SEKALI,690,0,Ekonomi & Bisnis
-,-,banpt-160,-,-,SISTEM INFORMASI,SISTEM INFORMASI,S1,BAIK,690,0,Ekonomi & Bisnis
-,-,banpt-2965,-,-,AGRIBISNIS,AGRIBISNIS,S1,BAIK,457,0,Ekonomi & Bisnis
-,-,banpt-2965,-,-,AGROTEKNOLOGI,AGROTEKNOLOGI,S1,B,457,0,Ekonomi & Bisnis
-,-,banpt-2965,-,-,AKUNTANSI,AKUNTANSI,S1,BAIK SEKALI,457,0,Ekonomi & Bisnis
-,-,banpt-2965,-,-,TEKNIK ELEKTRO,ELEKTRO,S1,B,457,0,Ekonomi & Bisnis
-,-,banpt-2965,-,-,ILMU HUKUM,HUKUM,S1,B,457,0,Ekonomi & Bisnis
-,-,banpt-2965,-,-,TEKNIK INDUSTRI,INDUSTRI,S1,BAIK SEKALI,457,0,Ekonomi & Bisnis
-,-,banpt-2965,-,-,MANAJEMEN,MANAJEMEN,S1,BAIK SEKALI,457,0,Ekonomi & Bisnis
-,-,banpt-2965,-,-,PENDIDIKAN MATEMATIKA,MATEMATIKA,S1,B,457,0,Ekonomi & Bisnis
-,-,banpt-2965,-,-,PENDIDIKAN PANCASILA DAN KEWARGANEGARAAN,PANCASILA KEWARGANEGARAAN,S1,B,457,0,Ekonomi & Bisnis
-,-,banpt-2965,-,-,PSIKOLOGI,PSIKOLOGI,S1,B,457,0,Ekonomi & Bisnis
-,-,banpt-2965,-,-,TEKNIK SIPIL,SIPIL,S1,B,457,0,Ekonomi & Bisnis
-,-,banpt-46,-,-,ILMU ADMINISTRASI NEGARA,ADMINISTRASI NEGARA,S1,B,1168,0,Ekonomi & Bisnis
-,-,banpt-46,-,-,AKUNTANSI,AKUNTANSI,S1,B,1168,0,Ekonomi & Bisnis
-,-,banpt-46,-,-,ARSITEKTUR,ARSITEKTUR,S1,BAIK,1168,0,Ekonomi & Bisnis
-,-,banpt-46,-,-,BUDIDAYA PERAIRAN,BUDIDAYA PERAIRAN,S1,B,1168,0,Ekonomi & Bisnis
-,-,banpt-46,-,-,PENDIDIKAN GURU SEKOLAH DASAR,GURU SEKOLAH DASAR,S1,BAIK,1168,0,Ekonomi & Bisnis
-,-,banpt-46,-,-,ILMU HUKUM,HUKUM,S1,B,1168,0,Ekonomi & Bisnis
-,-,banpt-46,-,-,INFORMATIKA,INFORMATIKA,S1,BAIK SEKALI,1168,0,Ekonomi & Bisnis
-,-,banpt-46,-,-,MANAJEMEN,MANAJEMEN,S1,B,1168,0,Ekonomi & Bisnis
-,-,banpt-46,-,-,ILMU PEMERINTAHAN,PEMERINTAHAN,S1,B,1168,0,Ekonomi & Bisnis
-,-,banpt-46,-,-,TEKNIK SIPIL,SIPIL,S1,B,1168,0,Ekonomi & Bisnis
-,-,banpt-46,-,-,SISTEM INFORMASI,SISTEM INFORMASI,S1,BAIK SEKALI,1168,0,Ekonomi & Bisnis
quipper-298,rencanamu-283,banpt-3251,-,FAKULTAS EKONOMI DAN BISNIS,AKUNTANSI,AKUNTANSI,S1,B,35,2,Pendidikan & Keguruan
quipper-298,rencanamu-283,banpt-3251,-,FAKULTAS HUKUM,ILMU HUKUM,HUKUM,S1,B,35,3,Hukum
quipper-298,rencanamu-283,banpt-3251,-,FAKULTAS TEKNOLOGI INFORMASI,PERPUSTAKAAN DAN SAINS INFORMASI,ILMU PERPUSTAKAAN,S1,A,35,0,Ekonomi & Bisnis
quipper-298,rencanamu-283,banpt-3251,-,FAKULTAS TEKNOLOGI INFORMASI,TEKNIK INFORMATIKA,INFORMATIKA,S1,B,35,1,Teknik & Rekayasa
quipper-298,rencanamu-283,banpt-3251,-,FAKULTAS KEDOKTERAN,KEDOKTERAN,KEDOKTERAN,S1,A,35,0,Ekonomi & Bisnis
quipper-298,rencanamu-283,banpt-3251,-,FAKULTAS KEDOKTERAN GIGI,PENDIDIKAN DOKTER GIGI,KEDOKTERAN GIGI,S1,B,35,0,Ekonomi & Bisnis
quipper-298,rencanamu-283,banpt-3251,-,FAKULTAS EKONOMI DAN BISNIS,MANAJEMEN,MANAJEMEN,S1,B,35,0,Ekonomi & Bisnis
quipper-298,rencanamu-283,banpt-3251,-,FAKULTAS PSIKOLOGI,PSIKOLOGI,PSIKOLOGI,S1,B,35,0,Ekonomi & Bisnis
-,-,banpt-1323,-,-,ADMINISTRASI KESEHATAN,ADMINISTRASI KESEHATAN,S1,BAIK,906,0,Ekonomi & Bisnis
-,-,banpt-1323,-,-,GIZI,GIZI,S1,BAIK,906,0,Ekonomi & Bisnis
-,-,banpt-1323,-,-,HUKUM,HUKUM,S1,TERAKREDITASI SEMENTARA,906,0,Ekonomi & Bisnis
-,-,banpt-1323,-,-,INFORMATIKA,INFORMATIKA,S1,BAIK,906,0,Ekonomi & Bisnis
-,-,banpt-1323,-,-,MANAJEMEN,MANAJEMEN,S1,BAIK,906,0,Ekonomi & Bisnis
quipper-130,-,banpt-1707,-,SAINS DAN TEKNOLOGI,BISNIS DIGITAL,BISNIS DIGITAL,S1,BAIK,591,0,Ekonomi & Bisnis
quipper-130,-,banpt-1707,-,KESEHATAN,ILMU GIZI,GIZI,S1,BAIK,591,0,Ekonomi & Bisnis
quipper-130,-,-,-,KESEHATAN,KEBIDANAN,KEBIDANAN,S1,-,591,0,Ekonomi & Bisnis
quipper-130,-,banpt-1707,-,KESEHATAN,ILMU KEPERAWATAN,KEPERAWATAN,S1,BAIK SEKALI,591,0,Ekonomi & Bisnis
quipper-130,-,banpt-1707,-,EKONOMI DAN BISNIS,KEWIRAUSAHAAN,KEWIRAUSAHAAN,S1,BAIK,591,0,Ekonomi & Bisnis
quipper-130,-,banpt-1707,-,SAINS DAN TEKNOLOGI,ILMU KOMPUTER,KOMPUTER,S1,BAIK,591,0,Ekonomi & Bisnis
-,-,banpt-2737,-,-,FARMASI,FARMASI,S1,BAIK,707,0,Ekonomi & Bisnis
-,-,banpt-2737,-,-,ILMU KEPERAWATAN,KEPERAWATAN,S1,BAIK SEKALI,707,0,Ekonomi & Bisnis
-,-,banpt-2737,-,-,ILMU KOMPUTER,KOMPUTER,S1,BAIK,707,0,Ekonomi & Bisnis
-,-,banpt-2737,-,-,PERDAGANGAN INTERNASIONAL,PERDAGANGAN INTERNASIONAL,S1,BAIK,707,0,Ekonomi & Bisnis
-,-,banpt-2737,-,-,PSIKOLOGI,PSIKOLOGI,S1,BAIK,707,0,Ekonomi & Bisnis
-,-,banpt-2040,-,-,AKUNTANSI,AKUNTANSI,S1,BAIK SEKALI,976,0,Ekonomi & Bisnis
-,-,banpt-2040,-,-,MANAJEMEN,MANAJEMEN,S1,BAIK SEKALI,976,0,Ekonomi & Bisnis
-,-,banpt-2040,-,-,SISTEM INFORMASI,SISTEM INFORMASI,S1,BAIK,976,0,Ekonomi & Bisnis
-,-,banpt-3162,-,-,ADMINISTRASI BISNIS,ADMINISTRASI BISNIS,S1,BAIK SEKALI,710,0,Ekonomi & Bisnis
-,-,banpt-3162,-,-,ADMINISTRASI PUBLIK,ADMINISTRASI PUBLIK,S1,B,710,0,Ekonomi & Bisnis
-,-,banpt-3162,-,-,AGRIBISNIS,AGRIBISNIS,S1,B,710,0,Ekonomi & Bisnis
-,-,banpt-3162,-,-,ILMU KOMUNIKASI,ILMU KOMUNIKASI,S1,B,710,0,Ekonomi & Bisnis
-,-,banpt-3162,-,-,TEKNIK INDUSTRI,INDUSTRI,S1,BAIK SEKALI,710,0,Ekonomi & Bisnis
-,-,banpt-3162,-,-,TEKNIK INFORMATIKA,INFORMATIKA,S1,BAIK SEKALI,710,0,Ekonomi & Bisnis
-,-,banpt-3162,-,-,TEKNIK MESIN,MESIN,S1,BAIK,710,0,Ekonomi & Bisnis
-,-,banpt-3162,-,-,PSIKOLOGI,PSIKOLOGI,S1,B,710,0,Ekonomi & Bisnis
-,-,banpt-3162,-,-,TEKNIK SIPIL,SIPIL,S1,B,710,0,Ekonomi & Bisnis
-,-,banpt-3162,-,-,TEKNOLOGI HASIL PERIKANAN,TEKNOLOGI HASIL PERIKANAN,S1,B,710,0,Ekonomi & Bisnis
-,-,banpt-3162,-,-,ILMU DAN TEKNOLOGI PANGAN,TEKNOLOGI PANGAN,S1,B,710,0,Ekonomi & Bisnis
-,-,banpt-1782,-,-,ADMINISTRASI BISNIS,ADMINISTRASI BISNIS,S1,BAIK,595,0,Ekonomi & Bisnis
-,-,banpt-1782,-,-,TEKNIK ELEKTRO,ELEKTRO,S1,BAIK,595,0,Ekonomi & Bisnis
-,-,banpt-1782,-,-,TEKNIK INDUSTRI,INDUSTRI,S1,BAIK,595,0,Ekonomi & Bisnis
-,-,banpt-1782,-,-,TEKNIK MESIN,MESIN,S1,BAIK,595,0,Ekonomi & Bisnis
-,-,banpt-1782,-,-,ILMU PEMERINTAHAN,PEMERINTAHAN,S1,BAIK,595,0,Ekonomi & Bisnis
