cluster,institution_code,institution_name,province,body_type,campus_accreditation,faculty,prodi,edu_level,accreditation,average_yearly_fee,average_semester_fee
1,1910,INSTITUT TEKNOLOGI DAN BISNIS KARYA PEMBANGUNAN PAPUA,PAPUA,SWASTA,BAIK,-,SIPIL,S1,BAIK,800000.0,400000.0
1,1907,SEKOLAH TINGGI ILMU EKONOMI DARUL FALAH,JAWA TIMUR,SWASTA,BAIK,-,MANAJEMEN,S1,BAIK,900000.0,450000.0
1,1905,UNIVERSITAS PRIMAGRAHA,BANTEN,SWASTA,BAIK,-,ISLAM ANAK USIA DINI,S1,BAIK,1100000.0,550000.0
1,1902,INSTITUT TEKNOLOGI DAN KESEHATAN ASPIRASI,NUSA TENGGARA BARAT,SWASTA,BAIK,-,TEKNOLOGI PANGAN,S1,BAIK,1500000.0,750000.0
1,1900,SEKOLAH TINGGI KEGURUAN DAN ILMU PENDIDIKAN NUUWAR,PAPUA BARAT,SWASTA,BAIK,-,GEOGRAFI,S1,BAIK,1650000.0,825000.0
1,1898,UNIVERSITAS MUHAMMADIYAH BIMA,NUSA TENGGARA BARAT,SWASTA,BAIK,-,KEWIRAUSAHAAN,S1,BAIK,1800000.0,900000.0
1,1898,UNIVERSITAS MUHAMMADIYAH BIMA,NUSA TENGGARA BARAT,SWASTA,BAIK,-,BAHASA ARAB,S1,BAIK SEKALI,1800000.0,900000.0
1,1898,UNIVERSITAS MUHAMMADIYAH BIMA,NUSA TENGGARA BARAT,SWASTA,BAIK,-,ISLAM ANAK USIA DINI,S1,BAIK SEKALI,1800000.0,900000.0
1,1898,UNIVERSITAS MUHAMMADIYAH BIMA,NUSA TENGGARA BARAT,SWASTA,BAIK,-,GIZI,S1,BAIK,1800000.0,900000.0
1,1897,UNIVERSITAS PUTRA BANGSA,JAWA TENGAH,SWASTA,BAIK SEKALI,-,MANAJEMEN,S1,BAIK SEKALI,1805000.0,902500.0
1,1892,SEKOLAH TINGGI ILMU HUKUM GRAHA KIRANA,SUMATERA UTARA,SWASTA,BAIK,-,HUKUM,S1,B,2000000.0,1000000.0
1,1893,SEKOLAH TINGGI TEKNOLOGI INDONESIA,JAWA BARAT,SWASTA,BAIK,-,MESIN,S1,BAIK,2000000.0,1000000.0
1,1888,INSTITUT TEKNOLOGI DAN BISNIS MUHAMMADIYAH WAKATOBI,SULAWESI TENGGARA,SWASTA,BAIK,-,KEWIRAUSAHAAN,S1,BAIK,2189999.0,1094999.0
1,16,UNIVERSITAS AL MUSLIM,ACEH,SWASTA,B,-,PETERNAKAN,S1,B,2200000.0,1100000.0
1,16,UNIVERSITAS AL MUSLIM,ACEH,SWASTA,B,-,BAHASA INGGRIS,S1,B,2200000.0,1100000.0
1,16,UNIVERSITAS AL MUSLIM,ACEH,SWASTA,B,-,GURU SD,S1,A,2200000.0,1100000.0
1,16,UNIVERSITAS AL MUSLIM,ACEH,SWASTA,B,-,BUDIDAYA PERAIRAN,S1,B,2200000.0,1100000.0
1,1886,UNIVERSITAS NUKU,MALUKU UTARA,SWASTA,BAIK,-,ADMINISTRASI NEGARA,S1,BAIK,2250000.0,1125000.0
1,1885,UNIVERSITAS NAHDLATUL ULAMA MALUKU UTARA,MALUKU UTARA,SWASTA,BAIK,-,PENGETAHUAN SOSIAL,S1,BAIK,2250120.0,1125060.0
1,1879,UNIVERSITAS GRAHA NUSANTARA,SUMATERA UTARA,SWASTA,B,-,BAHASA SASTRA INDONESIA,S1,BAIK SEKALI,2400000.0,1200000.0
1,1879,UNIVERSITAS GRAHA NUSANTARA,SUMATERA UTARA,SWASTA,B,-,SIPIL,S1,C,2400000.0,1200000.0
1,1879,UNIVERSITAS GRAHA NUSANTARA,SUMATERA UTARA,SWASTA,B,-,PANCASILA KEWARGANEGARAAN,S1,C,2400000.0,1200000.0
1,1876,SEKOLAH TINGGI TEKNOLOGI INDUSTRI BONTANG,KALIMANTAN TIMUR,SWASTA,BAIK,-,KIMIA,S1,BAIK,2400132.0,1200066.0
1,1872,INSTITUT BATARI TOJA BONE,SULAWESI SELATAN,SWASTA,TERAKREDITASI,-,KESELAMATAN KESEHATAN KERJA,S1,BAIK,2630000.0,1315000.0
1,1872,INSTITUT BATARI TOJA BONE,SULAWESI SELATAN,SWASTA,TERAKREDITASI,-,MANAJEMEN,S1,BAIK,2630000.0,1315000.0
1,1868,INSTITUT TEKNOLOGI MOJOSARI,JAWA TIMUR,SWASTA,BAIK,-,TEKNOLOGI INFORMASI,S1,BAIK,2640000.0,1320000.0
1,1871,UNIVERSITAS LELEMUKU SAUMLAKI,MALUKU,SWASTA,BAIK,-,EKONOMI PEMBANGUNAN,S1,BAIK,2640000.0,1320000.0
1,1864,STKIP WIDYASWARA INDONESIA,SUMATERA BARAT,SWASTA,BAIK,-,GURU SEKOLAH DASAR,S1,BAIK,2700000.0,1350000.0
1,1865,UNIVERSITAS BUMI HIJRAH TIDORE,MALUKU UTARA,SWASTA,BAIK,-,SIPIL,S1,BAIK,2700000.0,1350000.0
1,1865,UNIVERSITAS BUMI HIJRAH TIDORE,MALUKU UTARA,SWASTA,BAIK,-,JASMANI,S1,BAIK,2700000.0,1350000.0
1,1864,STKIP WIDYASWARA INDONESIA,SUMATERA BARAT,SWASTA,BAIK,-,GURU ANAK USIA DINI,S1,BAIK,2700000.0,1350000.0
1,1865,UNIVERSITAS BUMI HIJRAH TIDORE,MALUKU UTARA,SWASTA,BAIK,-,ARSITEKTUR,S1,BAIK,2700000.0,1350000.0
1,1855,STKIP HARAPAN BIMA,NUSA TENGGARA BARAT,SWASTA,BAIK,-,GURU SEKOLAH DASAR,S1,BAIK,2800000.0,1400000.0
1,1850,UNIVERSITAS BANTEN,BANTEN,SWASTA,BAIK,-,MANAJEMEN,S1,BAIK,2900000.0,1450000.0
1,1851,SEKOLAH TINGGI ILMU KESEHATAN KAMUS ARUNIKA,SULAWESI SELATAN,SWASTA,BAIK,-,KESELAMATAN KESEHATAN KERJA,S1,BAIK,2900000.0,1450000.0
1,1851,SEKOLAH TINGGI ILMU KESEHATAN KAMUS ARUNIKA,SULAWESI SELATAN,SWASTA,BAIK,-,ADMINISTRASI KESEHATAN,S1,BAIK,2900000.0,1450000.0
1,1846,UNIVERSITAS MAHAKARYA ASIA,D.I. YOGYAKARTA,SWASTA,BAIK,-,INDUSTRI,S1,BAIK,2990000.0,1495000.0
1,1846,UNIVERSITAS MAHAKARYA ASIA,D.I. YOGYAKARTA,SWASTA,BAIK,-,INFORMATIKA,S1,BAIK,2990000.0,1495000.0
1,1846,UNIVERSITAS MAHAKARYA ASIA,D.I. YOGYAKARTA,SWASTA,BAIK,-,KEWIRAUSAHAAN,S1,BAIK,2990000.0,1495000.0
1,1835,SEKOLAH TINGGI ILMU EKONOMI PASUNDAN,JAWA BARAT,SWASTA,BAIK SEKALI,-,AKUNTANSI,S1,BAIK SEKALI,3000000.0,1500000.0
1,1845,UNIVERSITAS POHUWATO,GORONTALO,SWASTA,BAIK,-,HUKUM,S1,BAIK,3000000.0,1500000.0
1,1845,UNIVERSITAS POHUWATO,GORONTALO,SWASTA,BAIK,-,PERENCANAAN WILAYAH,S1,BAIK,3000000.0,1500000.0
1,1837,INSTITUT TEKNOLOGI PERTANIAN,SULAWESI SELATAN,SWASTA,BAIK,-,NUTRISI TEKNOLOGI PAKAN TERNAK,S1,BAIK,3000000.0,1500000.0
1,1832,UNIVERSITAS PERSATUAN GURU 1945 NTT,NUSA TENGGARA TIMUR,SWASTA,BAIK,-,SEJARAH,S1,BAIK SEKALI,3002112.0,1501056.0
1,1832,UNIVERSITAS PERSATUAN GURU 1945 NTT,NUSA TENGGARA TIMUR,SWASTA,BAIK,-,JASMANI,S1,BAIK SEKALI,3002112.0,1501056.0
1,1832,UNIVERSITAS PERSATUAN GURU 1945 NTT,NUSA TENGGARA TIMUR,SWASTA,BAIK,-,MANAJEMEN,S1,BAIK,3002112.0,1501056.0
1,1832,UNIVERSITAS PERSATUAN GURU 1945 NTT,NUSA TENGGARA TIMUR,SWASTA,BAIK,-,BIMBINGAN KONSELING,S1,BAIK,3002112.0,1501056.0
1,1830,SEKOLAH TINGGI KEGURUAN DAN ILMU PENDIDIKAN AN-NUR NANGGROE ACEH DARUSSALAM,ACEH,SWASTA,BAIK,-,BAHASA INGGRIS,S1,BAIK,3150000.0,1575000.0
1,1825,STKIP SEBELAS APRIL,JAWA BARAT,SWASTA,BAIK,ILMU PENDIDIKAN,MESIN,S1,-,3200000.0,1600000.0
1,1826,SEKOLAH TINGGI ILMU EKONOMI WIDYA MANGGALA,JAWA TENGAH,SWASTA,BAIK SEKALI,-,AKUNTANSI,S1,B,3200000.0,1600000.0
1,1824,UNIVERSITAS TEKNOLOGI NUSANTARA,JAWA BARAT,SWASTA,BAIK,-,BIOLOGI,S1,BAIK,3246201.0,1623100.0
1,1823,INSTITUT TURATEA INDONESIA,SULAWESI SELATAN,SWASTA,BAIK SEKALI,-,GURU SEKOLAH DASAR,S1,BAIK,3250000.0,1625000.0
1,1817,UNIVERSITAS WIRAHUSADA MEDAN,SUMATERA UTARA,SWASTA,BAIK,-,ADMINISTRASI RUMAH SAKIT,S1,BAIK,3300000.0,1650000.0
1,1812,SEKOLAH TINGGI ILMU EKONOMI BPKP,D.K.I. JAKARTA,SWASTA,BAIK,-,AKUNTANSI,S1,BAIK,3498000.0,1749000.0
1,1809,STKIP NUSA TIMOR,NUSA TENGGARA TIMUR,SWASTA,BAIK,-,GURU SEKOLAH DASAR,S1,BAIK,3500000.0,1750000.0
1,1807,STMIK KREATINDO MANOKWARI,PAPUA BARAT,SWASTA,BAIK,-,KOMPUTER,S1,BAIK,3500000.0,1750000.0
1,1808,SEKOLAH TINGGI PERIKANAN SIBOLGA,SUMATERA UTARA,SWASTA,BAIK,-,PEMANFAATAN SUMBER DAYA PERIKANAN,S1,BAIK,3500000.0,1750000.0
1,1803,INSTITUT PENDIDIKAN SOE,NUSA TENGGARA TIMUR,SWASTA,BAIK,-,BAHASA INGGRIS,S1,BAIK SEKALI,3500001.0,1750000.0
1,1800,STITEK DHARMA YADI MAKASSAR,SULAWESI SELATAN,SWASTA,BAIK,-,INDUSTRI,S1,BAIK,3600000.0,1800000.0
1,1799,STKIP AL AMIN DOMPU,NUSA TENGGARA BARAT,SWASTA,BAIK,-,MATEMATIKA,S1,BAIK,3600000.0,1800000.0
1,1799,STKIP AL AMIN DOMPU,NUSA TENGGARA BARAT,SWASTA,BAIK,-,BIOLOGI,S1,BAIK,3600000.0,1800000.0
1,1797,SEKOLAH TINGGI ILMU KESEHATAN DATU KAMANRE,SULAWESI SELATAN,SWASTA,BAIK,-,ADMINISTRASI KESEHATAN,S1,BAIK,3600000.0,1800000.0
1,1793,UNIVERSITAS PAT PETULAI,BENGKULU,SWASTA,BAIK,-,AGRIBISNIS,S1,BAIK,3600020.0,1800010.0
1,1791,STISIPOL YALEKA MARO,PAPUA,SWASTA,BAIK,-,PEMERINTAHAN,S1,BAIK,3650000.0,1825000.0
1,1790,SEKOLAH TINGGI ILMU ADMINISTRASI MADANI,JAWA TENGAH,SWASTA,BAIK,-,ADMINISTRASI NIAGA,S1,BAIK SEKALI,3692500.0,1846250.0
1,1788,UNIVERSITAS INSAN CENDEKIA MANDIRI,JAWA BARAT,SWASTA,BAIK,-,MANAJEMEN,S1,BAIK,3700000.0,1850000.0
1,1783,UNIVERSITAS NAHDLATUL ULAMA BLITAR,JAWA TIMUR,SWASTA,BAIK SEKALI,-,PETERNAKAN,S1,BAIK,3750000.0,1875000.0
1,1782,UNIVERSITAS SISINGAMANGARAJA XII TAPANULI UTARA,SUMATERA UTARA,SWASTA,B,-,INDUSTRI,S1,BAIK,3750000.0,1875000.0
1,1782,UNIVERSITAS SISINGAMANGARAJA XII TAPANULI UTARA,SUMATERA UTARA,SWASTA,B,-,AGROTEKNOLOGI,S1,B,3750000.0,1875000.0
1,1782,UNIVERSITAS SISINGAMANGARAJA XII TAPANULI UTARA,SUMATERA UTARA,SWASTA,B,-,BAHASA INGGRIS,S1,B,3750000.0,1875000.0
1,1783,UNIVERSITAS NAHDLATUL ULAMA BLITAR,JAWA TIMUR,SWASTA,BAIK SEKALI,-,ISLAM ANAK USIA DINI,S1,BAIK,3750000.0,1875000.0
1,1783,UNIVERSITAS NAHDLATUL ULAMA BLITAR,JAWA TIMUR,SWASTA,BAIK SEKALI,-,GURU SEKOLAH DASAR,S1,BAIK SEKALI,3750000.0,1875000.0
1,1779,UNIVERSITAS PERADABAN,JAWA TENGAH,SWASTA,BAIK,-,MANAJEMEN,S1,BAIK SEKALI,3800000.0,1900000.0
1,1779,UNIVERSITAS PERADABAN,JAWA TENGAH,SWASTA,BAIK,-,BAHASA INDONESIA,S1,BAIK SEKALI,3800000.0,1900000.0
1,1777,UNIVERSITAS PANJI SAKTI SINGARAJA,BALI,SWASTA,BAIK,-,ADMINISTRASI PUBLIK,S1,B,3855000.0,1927500.0
1,1777,UNIVERSITAS PANJI SAKTI SINGARAJA,BALI,SWASTA,BAIK,-,HUKUM,S1,B,3855000.0,1927500.0
1,1777,UNIVERSITAS PANJI SAKTI SINGARAJA,BALI,SWASTA,BAIK,-,MANAJEMEN,S1,BAIK,3855000.0,1927500.0
1,1773,UNIVERSITAS LA TANSA MASHIRO,BANTEN,SWASTA,BAIK,-,SISTEM INFORMASI,S1,BAIK,3900000.0,1950000.0
1,1772,INSTITUT TEKNOLOGI DAN BISNIS DINIYYAH LAMPUNG,LAMPUNG,SWASTA,BAIK,-,KEWIRAUSAHAAN,S1,BAIK,3900000.0,1950000.0
1,1773,UNIVERSITAS LA TANSA MASHIRO,BANTEN,SWASTA,BAIK,-,INFORMATIKA,S1,BAIK,3900000.0,1950000.0
1,1773,UNIVERSITAS LA TANSA MASHIRO,BANTEN,SWASTA,BAIK,-,BAHASA INGGRIS,S1,BAIK,3900000.0,1950000.0
1,1770,SEKOLAH TINGGI KESENIAN WILWATIKTA,JAWA TIMUR,SWASTA,BAIK SEKALI,-,SENI KARAWITAN,S1,BAIK SEKALI,3950000.0,1975000.0
1,1762,UNIVERSITAS TRINITA,SULAWESI UTARA,SWASTA,BAIK,-,ADMINISTRASI RUMAH SAKIT,S1,BAIK,4000000.0,2000000.0
1,1751,UNIVERSITAS NANI BILI NUSANTARA,PAPUA BARAT,SWASTA,BAIK,-,INFORMATIKA,S1,BAIK,4000000.0,2000000.0
1,1765,STKIP HUNIMUA,MALUKU,SWASTA,BAIK,-,FISIKA,S1,BAIK,4000000.0,2000000.0
1,1761,UNIVERSITAS DIAN NUSWANTORO,JAWA TENGAH,SWASTA,A,FAKULTAS ILMU KOMPUTER,SISTEM INFORMASI,S1,A,4000000.0,2000000.0
1,1753,UNIVERSITAS ABDUL AZIS LAMADJIDO,SULAWESI TENGAH,SWASTA,BAIK,-,AKUNTANSI,S1,BAIK SEKALI,4000000.0,2000000.0
1,1769,INSTITUT KESEHATAN DAN TEKNOLOGI GRAHA MEDIKA,SULAWESI UTARA,SWASTA,BAIK,-,KESEHATAN MASYARAKAT,S1,BAIK,4000000.0,2000000.0
1,1759,UNIVERSITAS ANTAKUSUMA,KALIMANTAN TENGAH,SWASTA,BAIK,-,BUDIDAYA PERAIRAN,S1,BAIK,4000000.0,2000000.0
1,1754,UNIVERSITAS PENDIDIKAN MUHAMMADIYAH SORONG,PAPUA BARAT,SWASTA,B,-,TEKNOLOGI INFORMASI,S1,BAIK SEKALI,4000000.0,2000000.0
1,1761,UNIVERSITAS DIAN NUSWANTORO,JAWA TENGAH,SWASTA,A,FAKULTAS ILMU BUDAYA,SASTRA JEPANG,S1,A,4000000.0,2000000.0
1,1756,SEKOLAH TINGGI TEKNOLOGI NASIONAL,DI YOGYAKARTA,SWASTA,BAIK,TEKNIK,PERENCANAAN WILAYAH KOTA,S1,-,4000000.0,2000000.0
1,1764,STISIP IMAM BONJOL,SUMATERA BARAT,SWASTA,BAIK,-,ADMINISTRASI NEGARA,S1,BAIK,4000000.0,2000000.0
1,1754,UNIVERSITAS PENDIDIKAN MUHAMMADIYAH SORONG,PAPUA BARAT,SWASTA,B,-,PETERNAKAN,S1,BAIK,4000000.0,2000000.0
1,1754,UNIVERSITAS PENDIDIKAN MUHAMMADIYAH SORONG,PAPUA BARAT,SWASTA,B,-,BISNIS DIGITAL,S1,BAIK SEKALI,4000000.0,2000000.0
1,1761,UNIVERSITAS DIAN NUSWANTORO,JAWA TENGAH,SWASTA,A,-,REKAM MEDIS,S1,A,4000000.0,2000000.0
1,1750,SEKOLAH TINGGI ILMU EKONOMI PELITA NUSANTARA,JAWA TENGAH,SWASTA,B,ILMU EKONOMI,AKUNTANSI,S1,-,4000000.0,2000000.0
1,1761,UNIVERSITAS DIAN NUSWANTORO,JAWA TENGAH,SWASTA,A,FAKULTAS TEKNIK,ELEKTRO,S1,B,4000000.0,2000000.0
1,1753,UNIVERSITAS ABDUL AZIS LAMADJIDO,SULAWESI TENGAH,SWASTA,BAIK,-,MANAJEMEN,S1,BAIK SEKALI,4000000.0,2000000.0
1,1754,UNIVERSITAS PENDIDIKAN MUHAMMADIYAH SORONG,PAPUA BARAT,SWASTA,B,-,HUKUM,S1,BAIK,4000000.0,2000000.0
1,1754,UNIVERSITAS PENDIDIKAN MUHAMMADIYAH SORONG,PAPUA BARAT,SWASTA,B,-,BIOLOGI,S1,B,4000000.0,2000000.0
1,1759,UNIVERSITAS ANTAKUSUMA,KALIMANTAN TENGAH,SWASTA,BAIK,-,EKONOMI PEMBANGUNAN,S1,BAIK,4000000.0,2000000.0
1,1767,UNIVERSITAS PROKLAMASI 45,DAERAH ISTIMEWA YOGYAKARTA,SWASTA,B,FAKULTAS PSIKOLOGI,PSIKOLOGI,S1,B,4000000.0,2000000.0
1,1765,STKIP HUNIMUA,MALUKU,SWASTA,BAIK,-,MATEMATIKA,S1,BAIK,4000000.0,2000000.0
1,1748,UNIVERSITAS NAHDLATUL ULAMA CIREBON,JAWA BARAT,SWASTA,BAIK,-,HUKUM,S1,BAIK,4000146.0,2000073.0
1,1747,UNIVERSITAS SELAMAT SRI,JAWA TENGAH,SWASTA,BAIK,-,INFORMATIKA,S1,BAIK,4075000.0,2037500.0
1,1747,UNIVERSITAS SELAMAT SRI,JAWA TENGAH,SWASTA,BAIK,-,AKUNTANSI,S1,BAIK,4075000.0,2037500.0
1,1745,UNIVERSITAS TULUNGAGUNG,JAWA TIMUR,SWASTA,B,-,SIPIL,S1,BAIK,4100000.0,2050000.0
1,15,UNIVERSITAS BSI BANDUNG,JAWA BARAT,SWASTA,B,-,ELEKTRO,S1,-,4150000.0,2075000.0
1,15,UNIVERSITAS BSI BANDUNG,JAWA BARAT,SWASTA,B,-,HUBUNGAN MASYARAKAT,S1,-,4150000.0,2075000.0
1,15,UNIVERSITAS BSI BANDUNG,JAWA BARAT,SWASTA,B,-,MANAJEMEN PERPAJAKAN,S1,-,4150000.0,2075000.0
1,15,UNIVERSITAS BSI BANDUNG,JAWA BARAT,SWASTA,B,-,TEKNOLOGI KOMPUTER,S1,-,4150000.0,2075000.0
1,1744,INSTITUT SAINS DAN KEPENDIDIKAN KIE RAHA MALUKU UTARA,MALUKU UTARA,SWASTA,BAIK,-,EKONOMI,S1,BAIK,4150000.0,2075000.0
1,1740,UNIVERSITAS 45 MATARAM,NUSA TENGGARA BARAT,SWASTA,BAIK,-,PEMERINTAHAN,S1,BAIK,4200000.0,2100000.0
1,1736,UNIVERSITAS AL ASYARIAH MANDAR,SULAWESI BARAT,SWASTA,BAIK SEKALI,FAKULTAS ILMU SOSIAL DAN PEMERINTAHAN,KOMUNIKASI,S1,BAIK,4219925.0,2109962.0
1,1736,UNIVERSITAS AL ASYARIAH MANDAR,SULAWESI BARAT,SWASTA,BAIK SEKALI,-,BAHASA SASTRA INDONESIA,S1,BAIK,4219925.0,2109962.0
1,1735,INSTITUT TEKNOLOGI BISNIS DAN ADMINISTRASI AL GAZALI BARRU,SULAWESI SELATAN,SWASTA,BAIK,-,BISNIS DIGITAL,S1,BAIK,4225000.0,2112500.0
1,1731,UNIVERSITAS GALUH CIAMIS,JAWA BARAT,SWASTA,B,FAKULTAS PERTANIAN,AGRIBISNIS,S1,B,4250000.0,2125000.0
1,1732,UNIVERSITAS WIDYA MATARAM,DI YOGYAKARTA,SWASTA,B,-,KOMUNIKASI,S1,BAIK,4250000.0,2125000.0
1,1731,UNIVERSITAS GALUH CIAMIS,JAWA BARAT,SWASTA,B,FAKULTAS KEGURUAN DAN ILMU PENDIDIKAN,OLAHRAGA,S1,-,4250000.0,2125000.0
1,1733,UNIVERSITAS DARUL  ULUM,JAWA TIMUR,SWASTA,B,-,AGROTEKNOLOGI,S1,BAIK,4250000.0,2125000.0
1,1730,UNIVERSITAS ALWASHLIYAH,SUMATERA UTARA,SWASTA,BAIK SEKALI,-,AGROTEKNOLOGI,S1,BAIK,4250000.0,2125000.0
1,1731,UNIVERSITAS GALUH CIAMIS,JAWA BARAT,SWASTA,B,FAKULTAS TEKNIK,MESIN,S1,BAIK,4250000.0,2125000.0
1,1731,UNIVERSITAS GALUH CIAMIS,JAWA BARAT,SWASTA,B,-,BAHASA SASTRA INDONESIA,S1,B,4250000.0,2125000.0
1,1733,UNIVERSITAS DARUL  ULUM,JAWA TIMUR,SWASTA,B,-,AGRIBISNIS,S1,BAIK,4250000.0,2125000.0
1,1728,UNIVERSITAS MUHAMMADIYAH MALUKU,MALUKU,SWASTA,BAIK,-,KELAUTAN,S1,BAIK,4250000.0,2125000.0
1,1731,UNIVERSITAS GALUH CIAMIS,JAWA BARAT,SWASTA,B,-,JASMANI,S1,B,4250000.0,2125000.0
1,1730,UNIVERSITAS ALWASHLIYAH,SUMATERA UTARA,SWASTA,BAIK SEKALI,-,MESIN,S1,BAIK,4250000.0,2125000.0
1,1732,UNIVERSITAS WIDYA MATARAM,DI YOGYAKARTA,SWASTA,B,-,ADMINISTRASI PUBLIK,S1,B,4250000.0,2125000.0
1,1730,UNIVERSITAS ALWASHLIYAH,SUMATERA UTARA,SWASTA,BAIK SEKALI,-,ELEKTRO,S1,BAIK,4250000.0,2125000.0
1,1731,UNIVERSITAS GALUH CIAMIS,JAWA BARAT,SWASTA,B,FAKULTAS KEGURUAN DAN ILMU PENDIDIKAN,BAHASA INDONESIA,S1,-,4250000.0,2125000.0
1,1727,SEKOLAH TINGGI ILMU EKONOMI MULIA SINGKAWANG,KALIMANTAN BARAT,SWASTA,BAIK,-,MANAJEMEN,S1,BAIK,4250006.0,2125003.0
1,1725,STMIK CATUR SAKTI KENDARI,SULAWESI TENGGARA,SWASTA,BAIK,-,SISTEM KOMPUTER,S1,BAIK,4300000.0,2150000.0
1,1723,UNIVERSITAS SUMATERA SELATAN,SUMATERA SELATAN,SWASTA,BAIK,-,KOMPUTER,S1,BAIK,4350000.0,2175000.0
1,1712,UNIVERSITAS KRISTEN ARTHA WACANA,NUSA TENGGARA TIMUR,SWASTA,B,-,TEKNOLOGI HASIL PERTANIAN,S1,B,4400000.0,2200000.0
1,1711,UNIVERSITAS ACHMAD YANI BANJARMASIN,KALIMANTAN SELATAN,SWASTA,B,-,ADMINISTRASI,S1,BAIK SEKALI,4400000.0,2200000.0
1,1721,INSTITUT TEKNOLOGI DAN KESEHATAN PERMATA ILMU MAROS,SULAWESI SELATAN,SWASTA,BAIK,-,PENGELOLAAN SUMBER DAYA PERAIRAN,S1,BAIK,4400000.0,2200000.0
1,1719,STIE IBMI MEDAN,SUMATERA UTARA,SWASTA,BAIK,-,MANAJEMEN,S1,BAIK,4400000.0,2200000.0
1,1712,UNIVERSITAS KRISTEN ARTHA WACANA,NUSA TENGGARA TIMUR,SWASTA,B,FAKULTAS EKONOMI,AKUNTANSI,S1,BAIK,4400000.0,2200000.0
1,1709,UNIVERSITAS NURUL HASANAH KUTACANE,ACEH,SWASTA,BAIK,-,KESEHATAN MASYARAKAT,S1,BAIK,4400000.0,2200000.0
1,1720,UNIVERSITAS FAMIKA,SULAWESI SELATAN,SWASTA,BAIK,-,BIOMEDIS,S1,BAIK,4400000.0,2200000.0
1,1712,UNIVERSITAS KRISTEN ARTHA WACANA,NUSA TENGGARA TIMUR,SWASTA,B,-,MANAJEMEN SUMBER DAYA PERAIRAN,S1,B,4400000.0,2200000.0
1,1712,UNIVERSITAS KRISTEN ARTHA WACANA,NUSA TENGGARA TIMUR,SWASTA,B,FAKULTAS KEGURUAN DAN ILMU PENDIDIKAN,BIOLOGI,S1,BAIK SEKALI,4400000.0,2200000.0
1,1704,UNIVERSITAS MUHAMMADIYAH BANGKA BELITUNG,BANGKA BELITUNG,SWASTA,BAIK SEKALI,-,KRIMINOLOGI,S1,BAIK,4480000.0,2240000.0
1,1704,UNIVERSITAS MUHAMMADIYAH BANGKA BELITUNG,BANGKA BELITUNG,SWASTA,BAIK SEKALI,-,KONSERVASI SUMBER DAYA ALAM,S1,BAIK,4480000.0,2240000.0
1,1689,UNIVERSITAS NIAS,SUMATERA UTARA,SWASTA,BAIK,-,BAHASA SASTRA INDONESIA,S1,BAIK SEKALI,4500000.0,2250000.0
1,1689,UNIVERSITAS NIAS,SUMATERA UTARA,SWASTA,BAIK,-,SUMBER DAYA AKUATIK,S1,BAIK,4500000.0,2250000.0
1,1697,UNIVERSITAS ROYAL,SUMATERA UTARA,SWASTA,B,-,SISTEM INFORMASI,S1,BAIK SEKALI,4500000.0,2250000.0
1,1699,SEKOLAH TINGGI KEGURUAN DAN ILMU PENDIDIKAN AL-AMIN INDRAMAYU,JAWA BARAT,SWASTA,BAIK,-,BAHASA INGGRIS,S1,BAIK SEKALI,4500000.0,2250000.0
1,1696,STIKES LAKIPADADA,SULAWESI SELATAN,SWASTA,BAIK,-,KEPERAWATAN,S1,BAIK,4500000.0,2250000.0
1,1691,UNIVERSITAS BONDOWOSO,JAWA TIMUR,SWASTA,BAIK,-,BIMBINGAN KONSELING,S1,BAIK,4500000.0,2250000.0
1,1688,UNIVERSITAS PARNA RAYA,SULAWESI UTARA,SWASTA,BAIK,-,KEWIRAUSAHAAN,S1,BAIK,4540000.0,2270000.0
1,1686,UNIVERSITAS MUHAMMADIYAH KLATEN,JAWA TENGAH,SWASTA,BAIK SEKALI,-,AGAMA ISLAM,S1,B,4550000.0,2275000.0
1,1686,UNIVERSITAS MUHAMMADIYAH KLATEN,JAWA TENGAH,SWASTA,BAIK SEKALI,-,ADMINISTRASI KESEHATAN,S1,BAIK,4550000.0,2275000.0
1,1683,UNIVERSITAS MUHAMMADIYAH PARE-PARE,SULAWESI SELATAN,SWASTA,BAIK SEKALI,-,MATEMATIKA,S1,BAIK SEKALI,4600000.0,2300000.0
1,1683,UNIVERSITAS MUHAMMADIYAH PARE-PARE,SULAWESI SELATAN,SWASTA,BAIK SEKALI,-,LUAR SEKOLAH,S1,BAIK SEKALI,4600000.0,2300000.0
1,1683,UNIVERSITAS MUHAMMADIYAH PARE-PARE,SULAWESI SELATAN,SWASTA,BAIK SEKALI,-,ELEKTRO,S1,BAIK,4600000.0,2300000.0
1,1677,UNIVERSITAS IQRA BURU,MALUKU,SWASTA,BAIK,-,SASTRA INGGRIS,S1,BAIK,4650000.0,2325000.0
1,1668,INSTITUT TEKNOLOGI DAN BISNIS MUHAMMADIYAH GROBOGAN,JAWA TENGAH,SWASTA,BAIK,-,SISTEM INFORMASI,S1,BAIK,4750000.0,2375000.0
1,1584,INSTITUT TEKNOLOGI DAN BISNIS BINA SRIWIJAYA PALEMBANG,SUMATERA SELATAN,SWASTA,BAIK,-,BISNIS DIGITAL,S1,BAIK,4800000.0,2400000.0
1,1655,UNIVERSITAS NAHDLATUL ULAMA SUMATERA UTARA,SUMATERA UTARA,SWASTA,BAIK,-,GIZI,S1,BAIK SEKALI,4800000.0,2400000.0
1,1639,UNIVERSITAS GUNUNG RINJANI,NUSA TENGGARA BARAT,SWASTA,BAIK,FAKULTAS PERTANIAN,AGRIBISNIS,S1,BAIK,4800000.0,2400000.0
1,1639,UNIVERSITAS GUNUNG RINJANI,NUSA TENGGARA BARAT,SWASTA,BAIK,FAKULTAS KEGURUAN DAN ILMU PENDIDIKAN,AKUNTANSI,S1,BAIK,4800000.0,2400000.0
1,1586,INSTITUT TEKNOLOGI BISNIS DAN KESEHATAN MUHAMMADIYAH MUNA BARAT,SULAWESI TENGGARA,SWASTA,BAIK,-,SIPIL,S1,BAIK,4800000.0,2400000.0
1,1639,UNIVERSITAS GUNUNG RINJANI,NUSA TENGGARA BARAT,SWASTA,BAIK,-,SIPIL,S1,BAIK,4800000.0,2400000.0
1,1618,UNIVERSITAS NAHDLATUL ULAMA SUMATERA BARAT,SUMATERA BARAT,SWASTA,BAIK,-,HUKUM,S1,BAIK,4800000.0,2400000.0
1,1590,UNIVERSITAS KRISTEN TENTENA,SULAWESI TENGAH,SWASTA,BAIK,-,MATEMATIKA,S1,BAIK,4800000.0,2400000.0
1,1624,SEKOLAH TINGGI ILMU KEHUTANAN PANTE KULU,ACEH,SWASTA,BAIK,-,KEHUTANAN,S1,BAIK,4800000.0,2400000.0
1,1611,INSTITUT TEKNOLOGI DAN BISNIS BANTEN,BANTEN,SWASTA,BAIK,-,INFORMATIKA,S1,BAIK,4800000.0,2400000.0
1,1583,STMIK MERCUSUAR,JAWA BARAT,SWASTA,BAIK,-,SISTEM INFORMASI,S1,BAIK,4800000.0,2400000.0
1,1618,UNIVERSITAS NAHDLATUL ULAMA SUMATERA BARAT,SUMATERA BARAT,SWASTA,BAIK,-,BUDIDAYA PERAIRAN,S1,BAIK,4800000.0,2400000.0
1,1579,UNIVERSITAS MA'ARIF NAHDLATUL ULAMA KEBUMEN,JAWA TENGAH,SWASTA,BAIK,-,INFORMATIKA,S1,BAIK SEKALI,4800000.0,2400000.0
1,1630,STISIP BINA GENERASI POLEWALI,SULAWESI BARAT,SWASTA,BAIK,-,ADMINISTRASI NEGARA,S1,BAIK,4800000.0,2400000.0
1,1610,UNIVERSITAS ISLAM LABUHAN BATU,SUMATERA UTARA,SWASTA,BAIK,-,AKUNTANSI,S1,BAIK,4800000.0,2400000.0
1,1616,UNIVERSITAS KARYA PERSADA MUNA,SULAWESI TENGGARA,SWASTA,BAIK,-,KEPERAWATAN,S1,BAIK,4800000.0,2400000.0
1,1633,SEKOLAH TINGGI ILMU EKONOMI ANINDYAGUNA,JAWA TENGAH,SWASTA,BAIK,-,MANAJEMEN,S1,BAIK SEKALI,4800000.0,2400000.0
1,1613,INSTITUT TEKNOLOGI DAN SAINS NAHDLATUL ULAMA JAMBI,JAMBI,SWASTA,BAIK,-,AGRONOMI,S1,BAIK,4800000.0,2400000.0
1,1657,UNIVERSITAS DARUNNAJAH,D.K.I. JAKARTA,SWASTA,BAIK,-,ISLAM ANAK USIA DINI,S1,BAIK SEKALI,4800000.0,2400000.0
1,1640,SEKOLAH TINGGI ILMU EKONOMI DHARMA NASIONAL JEMBER,JAWA TIMUR,SWASTA,BAIK,-,MANAJEMEN,S1,BAIK,4800000.0,2400000.0
1,1618,UNIVERSITAS NAHDLATUL ULAMA SUMATERA BARAT,SUMATERA BARAT,SWASTA,BAIK,-,BAHASA INGGRIS,S1,BAIK,4800000.0,2400000.0
1,1587,STMIK INDONESIA BANDA ACEH,ACEH,SWASTA,BAIK,-,SISTEM KOMPUTER,S1,BAIK,4800000.0,2400000.0
1,1591,UNIVERSITAS SULTAN FATAH,JAWA TENGAH,SWASTA,BAIK,-,ELEKTRO,S1,BAIK,4800000.0,2400000.0
1,1657,UNIVERSITAS DARUNNAJAH,D.K.I. JAKARTA,SWASTA,BAIK,-,GURU MADRASAH IBTIDAIYAH,S1,BAIK,4800000.0,2400000.0
1,1611,INSTITUT TEKNOLOGI DAN BISNIS BANTEN,BANTEN,SWASTA,BAIK,-,BISNIS DIGITAL,S1,BAIK,4800000.0,2400000.0
1,1590,UNIVERSITAS KRISTEN TENTENA,SULAWESI TENGAH,SWASTA,BAIK,-,MANAJEMEN,S1,BAIK,4800000.0,2400000.0
1,1665,UNIVERSITAS WALLACEA,SULAWESI BARAT,SWASTA,BAIK,-,KEPERAWATAN,S1,BAIK SEKALI,4800000.0,2400000.0
1,1582,STMIK SURYA INTAN,LAMPUNG,SWASTA,BAIK,-,INFORMATIKA,S1,BAIK,4800000.0,2400000.0
1,1576,SEKOLAH TINGGI BISNIS RUNATA,BALI,SWASTA,BAIK,-,MANAJEMEN,S1,B,4900000.0,2450000.0
1,1570,UNIVERSITAS SATYA WIYATA MANDALA,PAPUA,SWASTA,BAIK,-,GURU SEKOLAH DASAR,S1,BAIK,4950000.0,2475000.0
1,1570,UNIVERSITAS SATYA WIYATA MANDALA,PAPUA,SWASTA,BAIK,-,INFORMATIKA,S1,BAIK,4950000.0,2475000.0
1,1568,SEKOLAH TINGGI ILMU EKONOMI PPI,BANTEN,SWASTA,B,-,AKUNTANSI,S1,B,4950000.0,2475000.0
1,1569,SEKOLAH TINGGI ILMU EKONOMI SAMARINDA,KALIMANTAN TIMUR,SWASTA,BAIK,-,MANAJEMEN,S1,BAIK,4950000.0,2475000.0
1,1561,INSTITUT TEKNOLOGI DAN SAINS NAHDLATUL ULAMA SRIWIJAYA SUMATERA SELATAN,SUMATERA SELATAN,SWASTA,BAIK,-,SISTEM INFORMASI,S1,BAIK,5000000.0,2500000.0
1,1560,UNIVERSITAS MANDIRI,JAWA BARAT,SWASTA,BAIK,-,INFORMATIKA,S1,BAIK,5000000.0,2500000.0
1,1536,UNIVERSITAS ASAHAN,SUMATERA UTARA,SWASTA,B,-,MATEMATIKA,S1,B,5000000.0,2500000.0
1,1536,UNIVERSITAS ASAHAN,SUMATERA UTARA,SWASTA,B,-,MESIN,S1,BAIK SEKALI,5000000.0,2500000.0
1,1515,UNIVERSITAS MUHAMMADIYAH PURWOREJO,JAWA TENGAH,SWASTA,B,-,BAHASA SASTRA JAWA,S1,B,5000000.0,2500000.0
1,1549,INSTITUT SAINS DAN TEKNOLOGI ESA TRINITA,SULAWESI UTARA,SWASTA,BAIK,-,PERTANIAN,S1,BAIK,5000000.0,2500000.0
1,1551,UNIVERSITAS MUSLIM BUTON,SULAWESI TENGGARA,SWASTA,BAIK,-,AGROTEKNOLOGI,S1,BAIK,5000000.0,2500000.0
1,1515,UNIVERSITAS MUHAMMADIYAH PURWOREJO,JAWA TENGAH,SWASTA,B,-,GURU SD,S1,C,5000000.0,2500000.0
1,1550,INSTITUT TEKNOLOGI DAN BISNIS NUSANTARA,LAMPUNG,SWASTA,BAIK,-,INFORMATIKA,S1,BAIK,5000000.0,2500000.0
1,1542,SEKOLAH TINGGI ILMU EKONOMI PIONER MANADO,SULAWESI UTARA,SWASTA,BAIK,-,AKUNTANSI,S1,BAIK,5000000.0,2500000.0
1,1515,UNIVERSITAS MUHAMMADIYAH PURWOREJO,JAWA TENGAH,SWASTA,B,-,HUKUM,S1,C,5000000.0,2500000.0
1,1560,UNIVERSITAS MANDIRI,JAWA BARAT,SWASTA,BAIK,-,AKUNTANSI,S1,BAIK,5000000.0,2500000.0
1,1549,INSTITUT SAINS DAN TEKNOLOGI ESA TRINITA,SULAWESI UTARA,SWASTA,BAIK,-,SAINS KELAUTAN,S1,BAIK,5000000.0,2500000.0
1,1560,UNIVERSITAS MANDIRI,JAWA BARAT,SWASTA,BAIK,-,SISTEM INFORMASI,S1,BAIK,5000000.0,2500000.0
1,1538,INSTITUT KESEHATAN DAN BISNIS ST. FATIMAH MAMUJU,SULAWESI BARAT,SWASTA,BAIK,-,AKUNTANSI,S1,BAIK,5000000.0,2500000.0
1,1515,UNIVERSITAS MUHAMMADIYAH PURWOREJO,JAWA TENGAH,SWASTA,B,-,BAHASA SASTRA INDONESIA,S1,B,5000000.0,2500000.0
1,1547,INSTITUT RAHMANIYAH SEKAYU,SUMATERA SELATAN,SWASTA,BAIK,-,MANAJEMEN,S1,BAIK,5000000.0,2500000.0
1,1527,UNIVERSITAS ARYASATYA DEO MURI,NUSA TENGGARA TIMUR,SWASTA,BAIK,-,HUKUM,S1,BAIK,5000000.0,2500000.0
1,1536,UNIVERSITAS ASAHAN,SUMATERA UTARA,SWASTA,B,-,INFORMATIKA,S1,B,5000000.0,2500000.0
1,1544,UNIVERSITAS MA'SOEM,JAWA BARAT,SWASTA,BAIK,-,AGRIBISNIS,S1,BAIK,5000000.0,2500000.0
1,1547,INSTITUT RAHMANIYAH SEKAYU,SUMATERA SELATAN,SWASTA,BAIK,-,AKUNTANSI,S1,B,5000000.0,2500000.0
1,1544,UNIVERSITAS MA'SOEM,JAWA BARAT,SWASTA,BAIK,-,PERBANKAN SYARIAH,S1,BAIK,5000000.0,2500000.0
1,1532,STISIP MERDEKA MANADO,SULAWESI UTARA,SWASTA,BAIK,-,SOSIOLOGI,S1,BAIK,5000000.0,2500000.0
1,1527,UNIVERSITAS ARYASATYA DEO MURI,NUSA TENGGARA TIMUR,SWASTA,BAIK,-,BAHASA SASTRA INDONESIA,S1,BAIK,5000000.0,2500000.0
1,1567,INSTITUT TEKNOLOGI DAN BISNIS TUBAN,JAWA TIMUR,SWASTA,BAIK,-,DESAIN KOMUNIKASI VISUAL,S1,BAIK,5000000.0,2500000.0
1,1560,UNIVERSITAS MANDIRI,JAWA BARAT,SWASTA,BAIK,-,MATEMATIKA,S1,BAIK,5000000.0,2500000.0
1,1538,INSTITUT KESEHATAN DAN BISNIS ST. FATIMAH MAMUJU,SULAWESI BARAT,SWASTA,BAIK,-,MANAJEMEN,S1,BAIK,5000000.0,2500000.0
1,1536,UNIVERSITAS ASAHAN,SUMATERA UTARA,SWASTA,B,-,SIPIL,S1,BAIK SEKALI,5000000.0,2500000.0
1,1551,UNIVERSITAS MUSLIM BUTON,SULAWESI TENGGARA,SWASTA,BAIK,-,MATEMATIKA,S1,BAIK,5000000.0,2500000.0
1,1514,SEKOLAH TINGGI KEGURUAN DAN ILMU PENDIDIKAN AL MAKSUM,SUMATERA UTARA,SWASTA,BAIK,-,GURU SEKOLAH DASAR,S1,BAIK,5000000.0,2500000.0
1,1515,UNIVERSITAS MUHAMMADIYAH PURWOREJO,JAWA TENGAH,SWASTA,B,-,MATEMATIKA,S1,B,5000000.0,2500000.0
1,1560,UNIVERSITAS MANDIRI,JAWA BARAT,SWASTA,BAIK,-,GURU SEKOLAH DASAR,S1,BAIK,5000000.0,2500000.0
1,1522,SEKOLAH TINGGI KEGURUAN DAN ILMU PENDIDIKAN SERAM RAYA,MALUKU,SWASTA,BAIK,-,EKONOMI,S1,BAIK,5000000.0,2500000.0
1,1511,UNIVERSITAS TRIBUANA KALABAHI,NUSA TENGGARA TIMUR,SWASTA,BAIK,-,AGRIBISNIS,S1,BAIK,5040000.0,2520000.0
1,1511,UNIVERSITAS TRIBUANA KALABAHI,NUSA TENGGARA TIMUR,SWASTA,BAIK,-,PERIKANAN,S1,BAIK,5040000.0,2520000.0
1,1511,UNIVERSITAS TRIBUANA KALABAHI,NUSA TENGGARA TIMUR,SWASTA,BAIK,-,MANAJEMEN,S1,BAIK SEKALI,5040000.0,2520000.0
1,1511,UNIVERSITAS TRIBUANA KALABAHI,NUSA TENGGARA TIMUR,SWASTA,BAIK,-,TEKNOLOGI HASIL PERTANIAN,S1,BAIK,5040000.0,2520000.0
1,1511,UNIVERSITAS TRIBUANA KALABAHI,NUSA TENGGARA TIMUR,SWASTA,BAIK,-,GURU SEKOLAH DASAR,S1,BAIK,5040000.0,2520000.0
1,1510,SEKOLAH TINGGI ILMU EKONOMI JAYA NEGARA TAMANSISWA,JAWA TIMUR,SWASTA,BAIK,-,MANAJEMEN,S1,BAIK SEKALI,5050000.0,2525000.0
1,1508,INSTITUT TEKNOLOGI DAN BISNIS ADIAS,JAWA TENGAH,SWASTA,BAIK,-,SISTEM INFORMASI,S1,BAIK,5050000.0,2525000.0
1,1506,SEKOLAH TINGGI FILSAFAT THEOLOGIA INDONESIA TIMUR,SULAWESI SELATAN,SWASTA,BAIK,-,FILSAFAT KEILAHIAN,S1,BAIK SEKALI,5050000.0,2525000.0
1,14,UNIVERSITAS DR. SOETOMO,JAWA TIMUR,SWASTA,B,-,AGROBISNIS PERIKANAN,S1,B,5100000.0,2550000.0
1,14,UNIVERSITAS DR. SOETOMO,JAWA TIMUR,SWASTA,B,-,EKONOMI PEMBANGUNAN,S1,B,5100000.0,2550000.0
1,1498,UNIVERSITAS SAINS ISLAM AL MAWADDAH WARRAHMAH KOLAKA,SULAWESI TENGGARA,SWASTA,BAIK,-,EKONOMI SYARIAH,S1,BAIK,5160000.0,2580000.0
1,1498,UNIVERSITAS SAINS ISLAM AL MAWADDAH WARRAHMAH KOLAKA,SULAWESI TENGGARA,SWASTA,BAIK,-,PETERNAKAN,S1,BAIK,5160000.0,2580000.0
1,1496,SEKOLAH TINGGI MANAJEMEN INFORMATIKA DAN KOMPUTER AMIKOM SURAKARTA,JAWA TENGAH,SWASTA,BAIK,-,TEKNOLOGI INFORMASI,S1,BAIK,5160000.0,2580000.0
1,1493,UNIVERSITAS GUNUNG KIDUL,D.I. YOGYAKARTA,SWASTA,BAIK,-,EKONOMI PEMBANGUNAN,S1,BAIK,5200000.0,2600000.0
1,1491,UNIVERSITAS TEKNOLOGI SULAWESI,SULAWESI SELATAN,SWASTA,BAIK,-,POLITIK,S1,BAIK,5200000.0,2600000.0
1,1489,SEKOLAH TINGGI TEKNIK PATI,JAWA TENGAH,SWASTA,BAIK,-,INFORMATIKA,S1,BAIK,5200000.0,2600000.0
1,1493,UNIVERSITAS GUNUNG KIDUL,D.I. YOGYAKARTA,SWASTA,BAIK,-,PEMBANGUNAN SOSIAL,S1,BAIK,5200000.0,2600000.0
1,1489,SEKOLAH TINGGI TEKNIK PATI,JAWA TENGAH,SWASTA,BAIK,-,ELEKTRO,S1,BAIK,5200000.0,2600000.0
1,1488,UNIVERSITAS AL-KHAIRIYAH,BANTEN,SWASTA,BAIK,-,TADRIS BAHASA INGGRIS,S1,BAIK,5235000.0,2617500.0
1,1480,UNIVERSITAS PIGNATELLI TRIPUTRA,JAWA TENGAH,SWASTA,BAIK,-,INFORMATIKA,S1,BAIK,5250000.0,2625000.0
1,1483,UNIVERSITAS DUMOGA KOTAMOBAGU,SULAWESI UTARA,SWASTA,BAIK,-,AGROTEKNOLOGI,S1,BAIK,5250000.0,2625000.0
1,1479,UNIVERSITAS PGRI KALIMANTAN,KALIMANTAN SELATAN,SWASTA,B,-,SENI TARI,S1,BAIK SEKALI,5275000.0,2637500.0
1,1479,UNIVERSITAS PGRI KALIMANTAN,KALIMANTAN SELATAN,SWASTA,B,-,KEWIRAUSAHAAN,S1,BAIK,5275000.0,2637500.0
1,1475,UNIVERSITAS GRAHA KARYA MUARA BULIAN,JAMBI,SWASTA,BAIK,-,GURU SEKOLAH DASAR,S1,BAIK,5300000.0,2650000.0
1,1475,UNIVERSITAS GRAHA KARYA MUARA BULIAN,JAMBI,SWASTA,BAIK,-,MANAJEMEN,S1,BAIK,5300000.0,2650000.0
1,1472,SEKOLAH TINGGI ILMU PEMERINTAHAN ABDI NEGARA,D.K.I. JAKARTA,SWASTA,BAIK,-,PEMERINTAHAN,S1,B,5350000.0,2675000.0
1,1470,UNIVERSITAS KATOLIK WEETEBULA,NUSA TENGGARA TIMUR,SWASTA,BAIK SEKALI,-,PERTANIAN,S1,BAIK,5370000.0,2685000.0
1,1470,UNIVERSITAS KATOLIK WEETEBULA,NUSA TENGGARA TIMUR,SWASTA,BAIK SEKALI,-,FISIKA,S1,BAIK SEKALI,5370000.0,2685000.0
1,1469,INSTITUT PENDIDIKAN TAPANULI SELATAN,SUMATERA UTARA,SWASTA,B,-,KIMIA,S1,BAIK,5373000.0,2686500.0
1,1463,UNIVERSITAS SJAKHYAKIRTI,SUMATERA SELATAN,SWASTA,B,FAKULTAS PERTANIAN,AGRIBISNIS,S1,B,5400000.0,2700000.0
1,1464,UNIVERSITAS PGRI BANYUWANGI,JAWA TIMUR,SWASTA,BAIK,-,BIOLOGI,S1,B,5400000.0,2700000.0
1,1464,UNIVERSITAS PGRI BANYUWANGI,JAWA TIMUR,SWASTA,BAIK,-,ELEKTRO,S1,BAIK,5400000.0,2700000.0
1,1464,UNIVERSITAS PGRI BANYUWANGI,JAWA TIMUR,SWASTA,BAIK,-,JASMANI,S1,BAIK SEKALI,5400000.0,2700000.0
1,1465,UNIVERSITAS MUHAMMADIYAH SINJAI,SULAWESI SELATAN,SWASTA,BAIK SEKALI,-,ADMINISTRASI PUBLIK,S1,BAIK SEKALI,5400000.0,2700000.0
1,1456,SEKOLAH TINGGI TEKNOLOGI PRATAMA ADI,JAWA BARAT,SWASTA,BAIK,-,BISNIS DIGITAL,S1,BAIK,5400000.0,2700000.0
1,1448,UNIVERSITAS DELI SUMATERA,SUMATERA UTARA,SWASTA,BAIK,-,MANAJEMEN,S1,BAIK,5500000.0,2750000.0
1,1448,UNIVERSITAS DELI SUMATERA,SUMATERA UTARA,SWASTA,BAIK,-,HUKUM,S1,BAIK,5500000.0,2750000.0
1,1450,UNIVERSITAS MUHAMMADIYAH BONE,SULAWESI SELATAN,SWASTA,BAIK SEKALI,-,PANCASILA KEWARGANEGARAAN,S1,BAIK,5500000.0,2750000.0
1,1450,UNIVERSITAS MUHAMMADIYAH BONE,SULAWESI SELATAN,SWASTA,BAIK SEKALI,-,AGROTEKNOLOGI,S1,BAIK,5500000.0,2750000.0
1,1447,UNIVERSITAS PANCA MARGA,JAWA TIMUR,SWASTA,BAIK,-,ELEKTRO,S1,C,5550000.0,2775000.0
1,1447,UNIVERSITAS PANCA MARGA,JAWA TIMUR,SWASTA,BAIK,-,MANAJEMEN,S1,B,5550000.0,2775000.0
1,1447,UNIVERSITAS PANCA MARGA,JAWA TIMUR,SWASTA,BAIK,-,INFORMATIKA,S1,BAIK,5550000.0,2775000.0
1,1447,UNIVERSITAS PANCA MARGA,JAWA TIMUR,SWASTA,BAIK,-,HUKUM,S1,B,5550000.0,2775000.0
1,1438,UNIVERSITAS YAPIS PAPUA,PAPUA,SWASTA,TERAKREDITASI,-,AGAMA ISLAM,S1,B,5600000.0,2800000.0
1,1438,UNIVERSITAS YAPIS PAPUA,PAPUA,SWASTA,TERAKREDITASI,-,SIPIL,S1,B,5600000.0,2800000.0
1,1439,UNIVERSITAS DEZTRON INDONESIA,SUMATERA UTARA,SWASTA,BAIK,-,INFORMATIKA,S1,BAIK,5600000.0,2800000.0
1,1443,UNIVERSITAS BUMI PERSADA,ACEH,SWASTA,BAIK,-,KEPERAWATAN,S1,BAIK SEKALI,5600000.0,2800000.0
1,1438,UNIVERSITAS YAPIS PAPUA,PAPUA,SWASTA,TERAKREDITASI,-,ADMINISTRASI NEGARA,S1,B,5600000.0,2800000.0
1,1438,UNIVERSITAS YAPIS PAPUA,PAPUA,SWASTA,TERAKREDITASI,-,BUDIDAYA PERAIRAN,S1,B,5600000.0,2800000.0
1,1438,UNIVERSITAS YAPIS PAPUA,PAPUA,SWASTA,TERAKREDITASI,-,PEMERINTAHAN,S1,B,5600000.0,2800000.0
1,1435,SEKOLAH TINGGI ILMU EKONOMI EBEN HAEZER MANADO,SULAWESI UTARA,SWASTA,BAIK,-,MANAJEMEN,S1,BAIK,5600000.0,2800000.0
1,1438,UNIVERSITAS YAPIS PAPUA,PAPUA,SWASTA,TERAKREDITASI,-,ARSITEKTUR,S1,BAIK,5600000.0,2800000.0
1,1442,SEKOLAH TINGGI ILMU PERTANIAN SRIWIGAMA,SUMATERA SELATAN,SWASTA,BAIK,-,AGRIBISNIS,S1,BAIK,5600000.0,2800000.0
1,1432,UNIVERSITAS MUHAMMADIYAH MAUMERE,NUSA TENGGARA TIMUR,SWASTA,BAIK,-,MATEMATIKA,S1,B,5610000.0,2805000.0
1,1432,UNIVERSITAS MUHAMMADIYAH MAUMERE,NUSA TENGGARA TIMUR,SWASTA,BAIK,-,KIMIA,S1,BAIK SEKALI,5610000.0,2805000.0
1,1431,UNIVERSITAS KRISTEN PAPUA,PAPUA BARAT,SWASTA,BAIK,-,MANAJEMEN SUMBER DAYA PERAIRAN,S1,BAIK,5625000.0,2812500.0
1,1430,UNIVERSITAS LABUHANBATU,SUMATERA UTARA,SWASTA,B,-,SISTEM INFORMASI,S1,BAIK SEKALI,5650000.0,2825000.0
1,1430,UNIVERSITAS LABUHANBATU,SUMATERA UTARA,SWASTA,B,-,TEKNOLOGI INFORMASI,S1,BAIK SEKALI,5650000.0,2825000.0
1,1427,UNIVERSITAS ISLAM JEMBER,JAWA TIMUR,SWASTA,BAIK,FAKULTAS KEGURUAN DAN ILMU PENDIDIKAN,BIOLOGI,S1,B,5700000.0,2850000.0
1,1424,UNIVERSITAS QUALITY BERASTAGI,SUMATERA UTARA,SWASTA,BAIK,-,MANAJEMEN,S1,BAIK,5700000.0,2850000.0
1,1425,SEKOLAH TINGGI MANAJEMEN INFORMATIKA DAN KOMPUTER PGRI ARUNGBINANG KEBUMEN,JAWA TENGAH,SWASTA,BAIK,-,TEKNOLOGI INFORMASI,S1,BAIK,5700000.0,2850000.0
1,1427,UNIVERSITAS ISLAM JEMBER,JAWA TIMUR,SWASTA,BAIK,FAKULTAS PERTANIAN,AGRIBISNIS,S1,B,5700000.0,2850000.0
1,1427,UNIVERSITAS ISLAM JEMBER,JAWA TIMUR,SWASTA,BAIK,FAKULTAS KEGURUAN DAN ILMU PENDIDIKAN,MATEMATIKA,S1,B,5700000.0,2850000.0
1,1420,UNIVERSITAS EKASAKTI,SUMATERA BARAT,SWASTA,B,-,PEMERINTAHAN,S1,B,5750000.0,2875000.0
1,1420,UNIVERSITAS EKASAKTI,SUMATERA BARAT,SWASTA,B,-,AKUNTANSI,S1,B,5750000.0,2875000.0
1,1420,UNIVERSITAS EKASAKTI,SUMATERA BARAT,SWASTA,B,-,MESIN,S1,B,5750000.0,2875000.0
1,1420,UNIVERSITAS EKASAKTI,SUMATERA BARAT,SWASTA,B,-,AGROTEKNOLOGI,S1,BAIK SEKALI,5750000.0,2875000.0
1,1420,UNIVERSITAS EKASAKTI,SUMATERA BARAT,SWASTA,B,-,TEKNOLOGI HASIL PERTANIAN,S1,BAIK SEKALI,5750000.0,2875000.0
1,1421,SEKOLAH TINGGI ILMU KESEHATAN PANRITA HUSADA BULUKUMBA,SULAWESI SELATAN,SWASTA,BAIK,-,FISIOTERAPI,S1,BAIK,5750000.0,2875000.0
1,1420,UNIVERSITAS EKASAKTI,SUMATERA BARAT,SWASTA,B,-,ARSITEKTUR,S1,B,5750000.0,2875000.0
1,1420,UNIVERSITAS EKASAKTI,SUMATERA BARAT,SWASTA,B,-,SASTRA INGGRIS,S1,B,5750000.0,2875000.0
1,1419,STMIK PPKIA PRADNYA PARAMITA,JAWA TIMUR,SWASTA,B,-,INFORMATIKA,S1,BAIK,5750000.0,2875000.0
1,1409,UNIVERSITAS PELITA BANGSA,JAWA BARAT,SWASTA,BAIK,-,INDUSTRI,S1,BAIK,5800000.0,2900000.0
1,1409,UNIVERSITAS PELITA BANGSA,JAWA BARAT,SWASTA,BAIK,-,BIMBINGAN KONSELING ISLAM,S1,BAIK,5800000.0,2900000.0
1,1412,UNIVERSITAS KATOLIK INDONESIA SANTU PAULUS RUTENG,NUSA TENGGARA TIMUR,SWASTA,B,-,SIPIL,S1,BAIK,5800000.0,2900000.0
1,1410,STIE MADANI BALIKPAPAN,KALIMANTAN TIMUR,SWASTA,BAIK,-,AKUNTANSI,S1,BAIK,5800000.0,2900000.0
1,1411,UNIVERSITAS BANDAR LAMPUNG,LAMPUNG,SWASTA,B,FAKULTAS TEKNIK,ARSITEKTUR,S1,BAIK SEKALI,5800000.0,2900000.0
1,1410,STIE MADANI BALIKPAPAN,KALIMANTAN TIMUR,SWASTA,BAIK,-,MANAJEMEN,S1,BAIK,5800000.0,2900000.0
1,1413,SEKOLAH TINGGI ILMU EKONOMI WIDYA GAMA,JAWA TIMUR,SWASTA,BAIK,ILMU EKONOMI,AKUNTANSI,S1,B,5800000.0,2900000.0
1,1409,UNIVERSITAS PELITA BANGSA,JAWA BARAT,SWASTA,BAIK,-,KEWIRAUSAHAAN,S1,BAIK SEKALI,5800000.0,2900000.0
1,1409,UNIVERSITAS PELITA BANGSA,JAWA BARAT,SWASTA,BAIK,-,SIPIL,S1,BAIK,5800000.0,2900000.0
1,1409,UNIVERSITAS PELITA BANGSA,JAWA BARAT,SWASTA,BAIK,-,LINGKUNGAN,S1,BAIK SEKALI,5800000.0,2900000.0
1,1409,UNIVERSITAS PELITA BANGSA,JAWA BARAT,SWASTA,BAIK,-,TEKNOLOGI HASIL PERTANIAN,S1,BAIK,5800000.0,2900000.0
1,1408,UNIVERSITAS NUSANTARA MANADO,SULAWESI UTARA,SWASTA,BAIK,-,INFORMATIKA,S1,BAIK,5835000.0,2917500.0
1,1408,UNIVERSITAS NUSANTARA MANADO,SULAWESI UTARA,SWASTA,BAIK,-,MANAJEMEN,S1,BAIK,5835000.0,2917500.0
1,13,UNIVERSITAS ISLAM AS,DKI JAKARTA,SWASTA,C,-,MESIN,S1,C,5850000.0,2925000.0
1,13,UNIVERSITAS ISLAM AS,DKI JAKARTA,SWASTA,C,-,BAHASA INGGRIS,S1,B,5850000.0,2925000.0
1,13,UNIVERSITAS ISLAM AS,DKI JAKARTA,SWASTA,C,-,MANAJEMEN,S1,B,5850000.0,2925000.0
1,13,UNIVERSITAS ISLAM AS,DKI JAKARTA,SWASTA,C,-,BIMBINGAN KONSELING,S1,B,5850000.0,2925000.0
1,1401,UNIVERSITAS MULIA,KALIMANTAN TIMUR,SWASTA,BAIK,-,SIPIL,S1,BAIK,5900000.0,2950000.0
1,1401,UNIVERSITAS MULIA,KALIMANTAN TIMUR,SWASTA,BAIK,-,TEKNOLOGI PANGAN HASIL PERTANIAN,S1,TERAKREDITASI SEMENTARA,5900000.0,2950000.0
1,1401,UNIVERSITAS MULIA,KALIMANTAN TIMUR,SWASTA,BAIK,-,SISTEM INFORMASI,S1,BAIK,5900000.0,2950000.0
1,1401,UNIVERSITAS MULIA,KALIMANTAN TIMUR,SWASTA,BAIK,-,TEKNOLOGI INFORMASI,S1,BAIK,5900000.0,2950000.0
1,1344,UNIVERSITAS ISKANDAR MUDA,ACEH,SWASTA,BAIK,-,BAHASA INGGRIS,S1,BAIK SEKALI,6000000.0,3000000.0
1,1359,UNIVERSITAS NAHDLATUL ULAMA SIDOARJO,JAWA TIMUR,SWASTA,BAIK SEKALI,-,DESAIN KOMUNIKASI VISUAL,S1,BAIK,6000000.0,3000000.0
1,1372,UNIVERSITAS KRISTEN INDONESIA TORAJA,SULAWESI SELATAN,SWASTA,BAIK,-,AGROTEKNOLOGI,S1,B,6000000.0,3000000.0
1,1375,INSTITUT PERTANIAN MALANG,JAWA TIMUR,SWASTA,BAIK,-,TEKNOLOGI INDUSTRI PERTANIAN,S1,BAIK,6000000.0,3000000.0
1,1359,UNIVERSITAS NAHDLATUL ULAMA SIDOARJO,JAWA TIMUR,SWASTA,BAIK SEKALI,-,AKUNTANSI,S1,BAIK,6000000.0,3000000.0
1,1366,UNIVERSITAS SOERJO,JAWA TIMUR,SWASTA,BAIK,-,ADMINISTRASI NEGARA,S1,BAIK,6000000.0,3000000.0
1,1390,UNIVERSITAS BALE BANDUNG,JAWA BARAT,SWASTA,BAIK SEKALI,FAKULTAS TEKNOLOGI INFORMASI,INFORMATIKA,S1,BAIK,6000000.0,3000000.0
1,1359,UNIVERSITAS NAHDLATUL ULAMA SIDOARJO,JAWA TIMUR,SWASTA,BAIK SEKALI,-,MANAJEMEN,S1,BAIK,6000000.0,3000000.0
1,1345,UNIVERSITAS DARUSSALAM AMBON,MALUKU,SWASTA,BAIK SEKALI,-,MATEMATIKA,S1,BAIK SEKALI,6000000.0,3000000.0
1,1371,SEKOLAH TINGGI ILMU KESEHATAN SIHAT BEURATA BANDA ACEH,ACEH,SWASTA,BAIK,-,ADMINISTRASI KESEHATAN,S1,BAIK,6000000.0,3000000.0
1,1384,UNIVERSITAS SUBANG,JAWA BARAT,SWASTA,BAIK SEKALI,FAKULTAS AGROBISNIS DAN REKAYASA PERTANIAN,AGRIBISNIS,S1,BAIK,6000000.0,3000000.0
1,1345,UNIVERSITAS DARUSSALAM AMBON,MALUKU,SWASTA,BAIK SEKALI,-,MANAJEMEN SUMBER DAYA PERAIRAN,S1,B,6000000.0,3000000.0
1,1366,UNIVERSITAS SOERJO,JAWA TIMUR,SWASTA,BAIK,-,HUKUM,S1,BAIK SEKALI,6000000.0,3000000.0
1,1384,UNIVERSITAS SUBANG,JAWA BARAT,SWASTA,BAIK SEKALI,FAKULTAS KEGURUAN DAN ILMU PENDIDIKAN,BAHASA INGGRIS,S1,BAIK,6000000.0,3000000.0
1,1359,UNIVERSITAS NAHDLATUL ULAMA SIDOARJO,JAWA TIMUR,SWASTA,BAIK SEKALI,-,LINGKUNGAN,S1,BAIK,6000000.0,3000000.0
1,1340,UNIVERSITAS MUSLIM MAROS,SULAWESI SELATAN,SWASTA,BAIK SEKALI,-,BAHASA SASTRA INDONESIA,S1,BAIK,6000000.0,3000000.0
1,1352,UNIVERSITAS SIBER ASIA,D.K.I. JAKARTA,SWASTA,BAIK SEKALI,-,PJJ INFORMATIKA,S1,B,6000000.0,3000000.0
1,1390,UNIVERSITAS BALE BANDUNG,JAWA BARAT,SWASTA,BAIK SEKALI,FAKULTAS MATEMATIKA DAN ILMU PENGETAHUAN ALAM,MATEMATIKA,S1,BAIK,6000000.0,3000000.0
1,1342,UNIVERSITAS PASIFIK MOROTAI,MALUKU UTARA,SWASTA,BAIK,-,LINGKUNGAN,S1,BAIK,6000000.0,3000000.0
1,1365,UNIVERSITAS ISLAM RADEN RAHMAT,JAWA TIMUR,SWASTA,BAIK,-,AGROTEKNOLOGI,S1,BAIK,6000000.0,3000000.0
1,1384,UNIVERSITAS SUBANG,JAWA BARAT,SWASTA,BAIK SEKALI,FAKULTAS KEGURUAN DAN ILMU PENDIDIKAN,MATEMATIKA,S1,BAIK,6000000.0,3000000.0
1,1372,UNIVERSITAS KRISTEN INDONESIA TORAJA,SULAWESI SELATAN,SWASTA,BAIK,-,ELEKTRO,S1,BAIK,6000000.0,3000000.0
1,1342,UNIVERSITAS PASIFIK MOROTAI,MALUKU UTARA,SWASTA,BAIK,-,MATEMATIKA,S1,BAIK,6000000.0,3000000.0
1,1360,UNIVERSITAS W R SUPRATMAN,JAWA TIMUR,SWASTA,BAIK,-,ADMINISTRASI PUBLIK,S1,B,6000000.0,3000000.0
1,1349,SEKOLAH TINGGI ILMU KESEHATAN SENTRAL,SUMATERA UTARA,SWASTA,BAIK,-,KESELAMATAN KESEHATAN KERJA,S1,BAIK,6000000.0,3000000.0
1,1390,UNIVERSITAS BALE BANDUNG,JAWA BARAT,SWASTA,BAIK SEKALI,FAKULTAS EKONOMI,AKUNTANSI,S1,BAIK,6000000.0,3000000.0
1,1340,UNIVERSITAS MUSLIM MAROS,SULAWESI SELATAN,SWASTA,BAIK SEKALI,-,MANAJEMEN,S1,BAIK SEKALI,6000000.0,3000000.0
1,1369,UNIVERSITAS MUHAMMADIYAH BANTEN,BANTEN,SWASTA,BAIK,-,SISTEM INFORMASI,S1,BAIK SEKALI,6000000.0,3000000.0
1,1344,UNIVERSITAS ISKANDAR MUDA,ACEH,SWASTA,BAIK,-,PERBANKAN SYARIAH,S1,BAIK,6000000.0,3000000.0
1,1362,SEKOLAH TINGGI TEKNOLOGI IMMANUEL,SUMATERA UTARA,SWASTA,BAIK,-,ELEKTRO,S1,BAIK,6000000.0,3000000.0
1,1390,UNIVERSITAS BALE BANDUNG,JAWA BARAT,SWASTA,BAIK SEKALI,FAKULTAS ILMU KESEHATAN,KEPERAWATAN,S1,BAIK SEKALI,6000000.0,3000000.0
1,1344,UNIVERSITAS ISKANDAR MUDA,ACEH,SWASTA,BAIK,-,MESIN,S1,BAIK,6000000.0,3000000.0
1,1358,INSTITUT TEKNOLOGI ALBERTH FOENAY,NUSA TENGGARA TIMUR,SWASTA,BAIK,-,MESIN,S1,BAIK,6000000.0,3000000.0
1,1392,INSTITUT TEKNOLOGI DAN BISNIS CARNEGIE,SUMATERA UTARA,SWASTA,BAIK,-,KEWIRAUSAHAAN,S1,BAIK,6000000.0,3000000.0
1,1358,INSTITUT TEKNOLOGI ALBERTH FOENAY,NUSA TENGGARA TIMUR,SWASTA,BAIK,-,INFORMATIKA,S1,BAIK,6000000.0,3000000.0
1,1342,UNIVERSITAS PASIFIK MOROTAI,MALUKU UTARA,SWASTA,BAIK,-,AKUNTANSI,S1,BAIK,6000000.0,3000000.0
1,1340,UNIVERSITAS MUSLIM MAROS,SULAWESI SELATAN,SWASTA,BAIK SEKALI,-,AGRIBISNIS,S1,BAIK,6000000.0,3000000.0
1,1372,UNIVERSITAS KRISTEN INDONESIA TORAJA,SULAWESI SELATAN,SWASTA,BAIK,-,MESIN,S1,BAIK SEKALI,6000000.0,3000000.0
1,1333,UNIVERSITAS ADZKIA,SUMATERA BARAT,SWASTA,B,-,FISIKA,S1,BAIK,6000001.0,3000000.0
1,1333,UNIVERSITAS ADZKIA,SUMATERA BARAT,SWASTA,B,-,INFORMATIKA,S1,BAIK,6000001.0,3000000.0
1,1333,UNIVERSITAS ADZKIA,SUMATERA BARAT,SWASTA,B,-,MATEMATIKA,S1,BAIK,6000001.0,3000000.0
1,1330,UNIVERSITAS MAJALENGKA,JAWA BARAT,SWASTA,B,-,JASMANI,S1,BAIK SEKALI,6025000.0,3012500.0
1,1330,UNIVERSITAS MAJALENGKA,JAWA BARAT,SWASTA,B,-,AGAMA ISLAM,S1,B,6025000.0,3012500.0
1,1330,UNIVERSITAS MAJALENGKA,JAWA BARAT,SWASTA,B,-,BAHASA INGGRIS,S1,B,6025000.0,3012500.0
1,1330,UNIVERSITAS MAJALENGKA,JAWA BARAT,SWASTA,B,-,MATEMATIKA,S1,B,6025000.0,3012500.0
1,1330,UNIVERSITAS MAJALENGKA,JAWA BARAT,SWASTA,B,-,MESIN,S1,B,6025000.0,3012500.0
1,1330,UNIVERSITAS MAJALENGKA,JAWA BARAT,SWASTA,B,-,GURU SEKOLAH DASAR,S1,BAIK SEKALI,6025000.0,3012500.0
1,1330,UNIVERSITAS MAJALENGKA,JAWA BARAT,SWASTA,B,-,BIOLOGI,S1,B,6025000.0,3012500.0
1,1330,UNIVERSITAS MAJALENGKA,JAWA BARAT,SWASTA,B,-,AKUNTANSI,S1,B,6025000.0,3012500.0
1,1323,SEKOLAH TINGGI ILMU EKONOMI MULIA DARMA PRATAMA,SUMATERA SELATAN,SWASTA,BAIK,-,AKUNTANSI,S1,BAIK,6100000.0,3050000.0
1,1321,UNIVERSITAS MUHAMMADIYAH JAMBI,JAMBI,SWASTA,BAIK SEKALI,-,PERENCANAAN WILAYAH KOTA,S1,TERAKREDITASI SEMENTARA,6110000.0,3055000.0
1,1321,UNIVERSITAS MUHAMMADIYAH JAMBI,JAMBI,SWASTA,BAIK SEKALI,-,MANAJEMEN,S1,BAIK SEKALI,6110000.0,3055000.0
1,1318,INSTITUT BISNIS DAN EKONOMI INDONESIA,KALIMANTAN BARAT,SWASTA,BAIK,-,MANAJEMEN,S1,B,6143000.0,3071500.0
1,1315,INSTITUT FILSAFAT DAN TEKNOLOGI KREATIF LEDALERO,NUSA TENGGARA TIMUR,SWASTA,B,-,DESAIN KOMUNIKASI VISUAL,S1,BAIK,6150000.0,3075000.0
1,1317,SEKOLAH TINGGI MANAJEMEN INFORMATIKA DAN KOMPUTER MULIA DARMA,SUMATERA UTARA,SWASTA,BAIK,-,INFORMATIKA,S1,BAIK,6150000.0,3075000.0
1,1314,UNIVERSITAS BUMIGORA,NUSA TENGGARA BARAT,SWASTA,BAIK SEKALI,-,TEKNOLOGI PANGAN,S1,BAIK,6160000.0,3080000.0
1,1314,UNIVERSITAS BUMIGORA,NUSA TENGGARA BARAT,SWASTA,BAIK SEKALI,-,HUKUM,S1,BAIK,6160000.0,3080000.0
1,1314,UNIVERSITAS BUMIGORA,NUSA TENGGARA BARAT,SWASTA,BAIK SEKALI,-,MANAJEMEN,S1,BAIK,6160000.0,3080000.0
1,1313,UNIVERSITAS MUHAMMADIYAH TAPANULI SELATAN,SUMATERA UTARA,SWASTA,B,-,MATEMATIKA,S1,B,6166000.0,3083000.0
1,1313,UNIVERSITAS MUHAMMADIYAH TAPANULI SELATAN,SUMATERA UTARA,SWASTA,B,-,EKONOMI SYARIAH,S1,BAIK,6166000.0,3083000.0
1,1313,UNIVERSITAS MUHAMMADIYAH TAPANULI SELATAN,SUMATERA UTARA,SWASTA,B,-,BAHASA INDONESIA,S1,B,6166000.0,3083000.0
1,1313,UNIVERSITAS MUHAMMADIYAH TAPANULI SELATAN,SUMATERA UTARA,SWASTA,B,-,PETERNAKAN,S1,C,6166000.0,3083000.0
1,1312,UNIVERSITAS BALI DWIPA,BALI,SWASTA,BAIK,-,BAHASA INGGRIS,S1,BAIK,6175000.0,3087500.0
1,1312,UNIVERSITAS BALI DWIPA,BALI,SWASTA,BAIK,-,SISTEM INFORMASI,S1,BAIK,6175000.0,3087500.0
1,1312,UNIVERSITAS BALI DWIPA,BALI,SWASTA,BAIK,-,HUKUM,S1,BAIK,6175000.0,3087500.0
1,1312,UNIVERSITAS BALI DWIPA,BALI,SWASTA,BAIK,-,AKUNTANSI,S1,BAIK,6175000.0,3087500.0
1,1305,STMIK PROFESIONAL MAKASSAR,SULAWESI SELATAN,SWASTA,BAIK,-,KOMPUTER,S1,BAIK,6200000.0,3100000.0
1,1307,UNIVERSITAS MUHAMMADIYAH BREBES,JAWA TENGAH,SWASTA,BAIK,-,BAHASA INGGRIS,S1,BAIK,6200000.0,3100000.0
1,1308,UNIVERSITAS QOMARUDDIN,JAWA TIMUR,SWASTA,BAIK,-,PERBANKAN SYARIAH,S1,BAIK,6200000.0,3100000.0
1,1309,SEKOLAH TINGGI ILMU KESEHATAN GUNUNG MARIA TOMOHON,SULAWESI UTARA,SWASTA,BAIK,-,INFORMATIKA KESEHATAN,S1,BAIK,6200000.0,3100000.0
1,1303,STKIP PGRI SAMPANG,JAWA TIMUR,SWASTA,BAIK,-,PANCASILA KEWARGANEGARAAN,S1,BAIK,6215000.0,3107500.0
1,1302,UNIVERSITAS NUSA NIPA,NUSA TENGGARA TIMUR,SWASTA,BAIK SEKALI,-,ARSITEKTUR,S1,BAIK,6220000.0,3110000.0
1,1302,UNIVERSITAS NUSA NIPA,NUSA TENGGARA TIMUR,SWASTA,BAIK SEKALI,-,TEKNOLOGI PANGAN HASIL PERTANIAN,S1,BAIK,6220000.0,3110000.0
1,1298,SEKOLAH TINGGI TEKNOLOGI WASTUKANCANA,JAWA BARAT,SWASTA,BAIK,-,INFORMATIKA,S1,BAIK SEKALI,6250000.0,3125000.0
1,1299,UNIVERSITAS PEJUANG REPUBLIK INDONESIA,SULAWESI SELATAN,SWASTA,BAIK,-,KESELAMATAN KESEHATAN KERJA,S1,BAIK,6250000.0,3125000.0
1,1293,INSTITUT TEKNOLOGI DAN BISNIS WIDYA GAMA LUMAJANG,JAWA TIMUR,SWASTA,BAIK,-,MANAJEMEN,S1,BAIK SEKALI,6250000.0,3125000.0
1,1300,SEKOLAH TINGGI ILMU EKONOMI EKA PRASETYA,SUMATERA UTARA,SWASTA,BAIK SEKALI,-,MANAJEMEN,S1,BAIK SEKALI,6250000.0,3125000.0
1,1297,UNIVERSITAS BINA INSANI,JAWA BARAT,SWASTA,B,-,DESAIN KOMUNIKASI VISUAL,S1,TERAKREDITASI SEMENTARA,6250000.0,3125000.0
1,1297,UNIVERSITAS BINA INSANI,JAWA BARAT,SWASTA,B,-,SISTEM INFORMASI,S1,BAIK SEKALI,6250000.0,3125000.0
1,1293,INSTITUT TEKNOLOGI DAN BISNIS WIDYA GAMA LUMAJANG,JAWA TIMUR,SWASTA,BAIK,-,AKUNTANSI,S1,BAIK SEKALI,6250000.0,3125000.0
1,1297,UNIVERSITAS BINA INSANI,JAWA BARAT,SWASTA,B,-,INFORMATIKA,S1,BAIK SEKALI,6250000.0,3125000.0
1,1297,UNIVERSITAS BINA INSANI,JAWA BARAT,SWASTA,B,-,AKUNTANSI,S1,BAIK SEKALI,6250000.0,3125000.0
1,1301,SEKOLAH TINGGI ILMU EKONOMI WIDYA WIWAHA,D.I. YOGYAKARTA,SWASTA,B,ILMU EKONOMI,AKUNTANSI,S1,BAIK SEKALI,6250000.0,3125000.0
1,1298,SEKOLAH TINGGI TEKNOLOGI WASTUKANCANA,JAWA BARAT,SWASTA,BAIK,-,MESIN,S1,BAIK SEKALI,6250000.0,3125000.0
1,1292,INSTITUT TEKNOLOGI DAN BISNIS YADIKA PASURUAN,JAWA TIMUR,SWASTA,BAIK,-,HUKUM BISNIS,S1,BAIK,6265000.0,3132500.0
1,1291,SEKOLAH TINGGI ILMU PERTANIAN BERAU,KALIMANTAN TIMUR,SWASTA,BAIK,-,AGROTEKNOLOGI,S1,BAIK,6267000.0,3133500.0
1,1290,SEKOLAH TINGGI ILMU EKONOMI WIDYA MANGGALIA,JAWA TENGAH,SWASTA,BAIK,-,MANAJEMEN,S1,BAIK,6270000.0,3135000.0
1,1288,UNIVERSITAS PAWYATAN DAHA,JAWA TIMUR,SWASTA,BAIK,-,ELEKTRO,S1,BAIK,6275000.0,3137500.0
1,1287,UNIVERSITAS BINANIAGA INDONESIA,JAWA BARAT,SWASTA,BAIK,-,SISTEM INFORMASI,S1,BAIK SEKALI,6275000.0,3137500.0
1,1288,UNIVERSITAS PAWYATAN DAHA,JAWA TIMUR,SWASTA,BAIK,-,AKUNTANSI,S1,BAIK,6275000.0,3137500.0
1,1287,UNIVERSITAS BINANIAGA INDONESIA,JAWA BARAT,SWASTA,BAIK,-,INFORMATIKA,S1,BAIK,6275000.0,3137500.0
1,1287,UNIVERSITAS BINANIAGA INDONESIA,JAWA BARAT,SWASTA,BAIK,-,TEKNOLOGI INFORMASI,S1,BAIK,6275000.0,3137500.0
1,1288,UNIVERSITAS PAWYATAN DAHA,JAWA TIMUR,SWASTA,BAIK,-,HUKUM,S1,BAIK,6275000.0,3137500.0
1,1287,UNIVERSITAS BINANIAGA INDONESIA,JAWA BARAT,SWASTA,BAIK,-,AKUNTANSI,S1,BAIK,6275000.0,3137500.0
1,1285,UNIVERSITAS SERAMBI MEKKAH,ACEH,SWASTA,BAIK,-,KOMPUTER,S1,BAIK,6300000.0,3150000.0
1,1285,UNIVERSITAS SERAMBI MEKKAH,ACEH,SWASTA,BAIK,FAKULTAS TEKNIK,INDUSTRI,S1,BAIK,6300000.0,3150000.0
1,1285,UNIVERSITAS SERAMBI MEKKAH,ACEH,SWASTA,BAIK,-,PENGETAHUAN ALAM,S1,BAIK,6300000.0,3150000.0
1,1285,UNIVERSITAS SERAMBI MEKKAH,ACEH,SWASTA,BAIK,FAKULTAS KEGURUAN DAN ILMU PENDIDIKAN,EKONOMI,S1,B,6300000.0,3150000.0
1,1285,UNIVERSITAS SERAMBI MEKKAH,ACEH,SWASTA,BAIK,-,JASMANI,S1,B,6300000.0,3150000.0
1,1285,UNIVERSITAS SERAMBI MEKKAH,ACEH,SWASTA,BAIK,-,HUKUM BISNIS,S1,TERAKREDITASI SEMENTARA,6300000.0,3150000.0
1,1285,UNIVERSITAS SERAMBI MEKKAH,ACEH,SWASTA,BAIK,FAKULTAS TEKNIK,KIMIA,S1,B,6300000.0,3150000.0
1,1279,UNIVERSITAS PANCASAKTI,SULAWESI SELATAN,SWASTA,BAIK,-,KOMUNIKASI,S1,B,6350000.0,3175000.0
1,1279,UNIVERSITAS PANCASAKTI,SULAWESI SELATAN,SWASTA,BAIK,-,FISIKA,S1,BAIK,6350000.0,3175000.0
1,1278,UNIVERSITAS ISLAM KADIRI,JAWA TIMUR,SWASTA,B,-,KIMIA,S1,BAIK,6387500.0,3193750.0
1,1278,UNIVERSITAS ISLAM KADIRI,JAWA TIMUR,SWASTA,B,-,ELEKTRO,S1,B,6387500.0,3193750.0
1,1278,UNIVERSITAS ISLAM KADIRI,JAWA TIMUR,SWASTA,B,-,PETERNAKAN,S1,B,6387500.0,3193750.0
1,1258,UNIVERSITAS MANDIRI BINA PRESTASI,SUMATERA UTARA,SWASTA,BAIK,-,KEWIRAUSAHAAN,S1,BAIK,6400000.0,3200000.0
1,1250,UNIVERSITAS OSO,KALIMANTAN BARAT,SWASTA,BAIK,-,MANAJEMEN,S1,BAIK,6400000.0,3200000.0
1,1274,UNIVERSITAS MUHAMMADIYAH ENREKANG,SULAWESI SELATAN,SWASTA,BAIK SEKALI,-,BAHASA INGGRIS,S1,BAIK SEKALI,6400000.0,3200000.0
1,1263,UNIVERSITAS CAHAYA BANGSA,KALIMANTAN SELATAN,SWASTA,BAIK,-,TEKNOLOGI INFORMASI,S1,BAIK SEKALI,6400000.0,3200000.0
1,1253,UNIVERSITAS NGGUSUWARU,NUSA TENGGARA BARAT,SWASTA,BAIK,-,GURU SEKOLAH DASAR,S1,BAIK,6400000.0,3200000.0
1,1259,UNIVERSITAS ISLAM KEBANGSAAN INDONESIA,ACEH,SWASTA,BAIK,-,PETERNAKAN,S1,BAIK,6400000.0,3200000.0
1,1251,UNIVERSITAS DOKTOR HUSNI INGRATUBUN TUAL,MALUKU,SWASTA,BAIK,-,MANAJEMEN,S1,BAIK,6400000.0,3200000.0
1,1277,STMIK PALANGKA RAYA,KALIMANTAN TENGAH,SWASTA,BAIK,-,SISTEM INFORMASI,S1,BAIK SEKALI,6400000.0,3200000.0
1,1250,UNIVERSITAS OSO,KALIMANTAN BARAT,SWASTA,BAIK,-,HUKUM,S1,BAIK,6400000.0,3200000.0
1,1274,UNIVERSITAS MUHAMMADIYAH ENREKANG,SULAWESI SELATAN,SWASTA,BAIK SEKALI,-,MANAJEMEN BISNIS INTERNASIONAL,S1,BAIK,6400000.0,3200000.0
1,1266,STKIP AHLUSSUNNAH,SUMATERA BARAT,SWASTA,BAIK,-,MATEMATIKA,S1,BAIK,6400000.0,3200000.0
1,1274,UNIVERSITAS MUHAMMADIYAH ENREKANG,SULAWESI SELATAN,SWASTA,BAIK SEKALI,-,KEPELATIHAN OLAHRAGA,S1,BAIK,6400000.0,3200000.0
1,1258,UNIVERSITAS MANDIRI BINA PRESTASI,SUMATERA UTARA,SWASTA,BAIK,-,SISTEM INFORMASI,S1,BAIK SEKALI,6400000.0,3200000.0
1,1249,INSTITUT TEKNOLOGI BISNIS DAN KESEHATAN BHAKTI PUTRA BANGSA INDONESIA,JAWA TENGAH,SWASTA,BAIK,-,INFORMATIKA,S1,BAIK,6400000.0,3200000.0
1,1248,SEKOLAH TINGGI ILMU KESEHATAN GUNUNG SARI,SULAWESI SELATAN,SWASTA,BAIK,-,KEPERAWATAN,S1,BAIK SEKALI,6400000.0,3200000.0
1,1272,SEKOLAH TINGGI ILMU ADMINISTRASI SATYA NEGARA,SUMATERA SELATAN,SWASTA,BAIK SEKALI,-,ADMINISTRASI PUBLIK,S1,B,6400000.0,3200000.0
1,1253,UNIVERSITAS NGGUSUWARU,NUSA TENGGARA BARAT,SWASTA,BAIK,-,BIOLOGI,S1,BAIK SEKALI,6400000.0,3200000.0
1,1238,UNIVERSITAS MUHAMMADIYAH SAMPIT,KALIMANTAN TENGAH,SWASTA,BAIK SEKALI,-,EKONOMI,S1,BAIK,6500000.0,3250000.0
1,1235,INSTITUT TEKNOLOGI PAGAR ALAM,SUMATERA SELATAN,SWASTA,BAIK,-,TEKNOLOGI HASIL PERTANIAN,S1,BAIK,6500000.0,3250000.0
1,1234,UNIVERSITAS NAHDLATUL ULAMA PURWOKERTO,JAWA TENGAH,SWASTA,BAIK,-,MATEMATIKA,S1,BAIK SEKALI,6500000.0,3250000.0
1,1233,INSTITUT TEKNOLOGI DAN KESEHATAN SUMATERA UTARA,SUMATERA UTARA,SWASTA,BAIK,-,SISTEM INFORMASI,S1,BAIK,6500000.0,3250000.0
1,1241,UNIVERSITAS ISLAM MULIA YOGYAKARTA,D.I. YOGYAKARTA,SWASTA,BAIK,-,PSIKOLOGI,S1,TERAKREDITASI SEMENTARA,6500000.0,3250000.0
1,1235,INSTITUT TEKNOLOGI PAGAR ALAM,SUMATERA SELATAN,SWASTA,BAIK,-,SIPIL,S1,BAIK,6500000.0,3250000.0
1,1233,INSTITUT TEKNOLOGI DAN KESEHATAN SUMATERA UTARA,SUMATERA UTARA,SWASTA,BAIK,-,FARMASI,S1,BAIK,6500000.0,3250000.0
1,1243,UNIVERSITAS MERDEKA MADIUN,JAWA TIMUR,SWASTA,B,-,MANAJEMEN,S1,BAIK SEKALI,6500000.0,3250000.0
1,1243,UNIVERSITAS MERDEKA MADIUN,JAWA TIMUR,SWASTA,B,-,KOMUNIKASI,S1,B,6500000.0,3250000.0
1,1243,UNIVERSITAS MERDEKA MADIUN,JAWA TIMUR,SWASTA,B,-,SIPIL,S1,BAIK SEKALI,6500000.0,3250000.0
1,1241,UNIVERSITAS ISLAM MULIA YOGYAKARTA,D.I. YOGYAKARTA,SWASTA,BAIK,-,PERPUSTAKAAN SAINS INFORMASI,S1,BAIK,6500000.0,3250000.0
1,1232,UNIVERSITAS TAMANSISWA,SUMATERA BARAT,SWASTA,BAIK SEKALI,-,MATEMATIKA,S1,C,6500001.0,3250000.0
1,1232,UNIVERSITAS TAMANSISWA,SUMATERA BARAT,SWASTA,BAIK SEKALI,-,KIMIA,S1,BAIK SEKALI,6500001.0,3250000.0
1,1229,UNIVERSITAS ICHSAN SATYA,BANTEN,SWASTA,BAIK,-,SISTEM INFORMASI,S1,BAIK,6515000.0,3257500.0
1,1228,INSTITUT BAKTI NUSANTARA,LAMPUNG,SWASTA,BAIK,-,BISNIS DIGITAL,S1,BAIK,6520000.0,3260000.0
1,1227,UNIVERSITAS TIGA SERANGKAI,JAWA TENGAH,SWASTA,BAIK,-,SISTEM INFORMASI,S1,BAIK,6520000.0,3260000.0
1,1226,UNIVERSITAS KRISTEN TEKNOLOGI SOLO,JAWA TENGAH,SWASTA,BAIK,-,AKUNTANSI,S1,BAIK,6535000.0,3267500.0
1,1226,UNIVERSITAS KRISTEN TEKNOLOGI SOLO,JAWA TENGAH,SWASTA,BAIK,-,LINGKUNGAN,S1,BAIK,6535000.0,3267500.0
1,1224,UNIVERSITAS PGRI PONTIANAK,KALIMANTAN BARAT,SWASTA,B,-,INFORMATIKA,S1,BAIK,6560000.0,3280000.0
1,1224,UNIVERSITAS PGRI PONTIANAK,KALIMANTAN BARAT,SWASTA,B,-,FISIKA,S1,B,6560000.0,3280000.0
1,1224,UNIVERSITAS PGRI PONTIANAK,KALIMANTAN BARAT,SWASTA,B,-,MATEMATIKA,S1,B,6560000.0,3280000.0
1,1224,UNIVERSITAS PGRI PONTIANAK,KALIMANTAN BARAT,SWASTA,B,-,JASMANI,S1,BAIK SEKALI,6560000.0,3280000.0
1,1223,UNIVERSITAS SEPULUH NOPEMBER PAPUA,PAPUA,SWASTA,BAIK,-,TEKNOLOGI PANGAN HASIL PERTANIAN,S1,BAIK,6562500.0,3281250.0
1,1218,UNIVERSITAS MUHAMMADIYAH BENGKULU,BENGKULU,SWASTA,B,FAKULTAS ILMU KESEHATAN,KEPERAWATAN,S1,B,6600000.0,3300000.0
1,1218,UNIVERSITAS MUHAMMADIYAH BENGKULU,BENGKULU,SWASTA,B,FAKULTAS KEGURUAN DAN ILMU PENDIDIKAN,BIOLOGI,S1,B,6600000.0,3300000.0
1,1217,SEKOLAH TINGGI KEGURUAN DAN ILMU PENDIDIKAN MELAWI,KALIMANTAN BARAT,SWASTA,BAIK,-,GURU ANAK USIA DINI,S1,BAIK,6600000.0,3300000.0
1,1218,UNIVERSITAS MUHAMMADIYAH BENGKULU,BENGKULU,SWASTA,B,FAKULTAS KEGURUAN DAN ILMU PENDIDIKAN,KEGURUAN &,S1,-,6600000.0,3300000.0
1,1218,UNIVERSITAS MUHAMMADIYAH BENGKULU,BENGKULU,SWASTA,B,-,EKONOMI ISLAM,S1,BAIK,6600000.0,3300000.0
1,1219,UNIVERSITAS NAHDLATUL ULAMA LAMPUNG,LAMPUNG,SWASTA,BAIK,-,SISTEM INFORMASI,S1,BAIK,6600000.0,3300000.0
1,1220,UNIVERSITAS MUHAMMADIYAH MAHAKARYA ACEH,ACEH,SWASTA,BAIK SEKALI,-,TEKNOLOGI INFORMASI,S1,BAIK,6600000.0,3300000.0
1,1217,SEKOLAH TINGGI KEGURUAN DAN ILMU PENDIDIKAN MELAWI,KALIMANTAN BARAT,SWASTA,BAIK,-,JASMANI,S1,BAIK,6600000.0,3300000.0
1,1219,UNIVERSITAS NAHDLATUL ULAMA LAMPUNG,LAMPUNG,SWASTA,BAIK,-,PETERNAKAN,S1,BAIK,6600000.0,3300000.0
1,1219,UNIVERSITAS NAHDLATUL ULAMA LAMPUNG,LAMPUNG,SWASTA,BAIK,-,BAHASA INGGRIS,S1,BAIK,6600000.0,3300000.0
1,1219,UNIVERSITAS NAHDLATUL ULAMA LAMPUNG,LAMPUNG,SWASTA,BAIK,-,STATISTIK,S1,BAIK,6600000.0,3300000.0
1,1213,UNIVERSITAS NAHDLATUL ULAMA AL GHAZALI CILACAP,JAWA TENGAH,SWASTA,BAIK SEKALI,-,GURU SEKOLAH DASAR,S1,BAIK SEKALI,6630000.0,3315000.0
1,1213,UNIVERSITAS NAHDLATUL ULAMA AL GHAZALI CILACAP,JAWA TENGAH,SWASTA,BAIK SEKALI,-,INFORMATIKA,S1,BAIK SEKALI,6630000.0,3315000.0
1,1213,UNIVERSITAS NAHDLATUL ULAMA AL GHAZALI CILACAP,JAWA TENGAH,SWASTA,BAIK SEKALI,-,INDUSTRI,S1,BAIK,6630000.0,3315000.0
1,1211,UNIVERSITAS YPPI REMBANG,JAWA TENGAH,SWASTA,BAIK,-,MANAJEMEN,S1,BAIK SEKALI,6644125.0,3322062.0
1,1203,SEKOLAH TINGGI ILMU KOMUNIKASI,JAWA TIMUR,SWASTA,BAIK,-,PENYIARAN,S1,B,6750000.0,3375000.0
1,1203,SEKOLAH TINGGI ILMU KOMUNIKASI,JAWA TIMUR,SWASTA,BAIK,-,JURNALISTIK,S1,B,6750000.0,3375000.0
1,1203,SEKOLAH TINGGI ILMU KOMUNIKASI,JAWA TIMUR,SWASTA,BAIK,-,KOMUNIKASI,S1,BAIK,6750000.0,3375000.0
1,1201,UNIVERSITAS MIKROSKIL,SUMATERA UTARA,SWASTA,B,-,INFORMATIKA,S1,B,6750001.0,3375000.0
1,1200,UNIVERSITAS MUHAMMADIYAH KENDAL BATANG,JAWA TENGAH,SWASTA,BAIK,-,INFORMATIKA,S1,BAIK,6795000.0,3397500.0
1,1200,UNIVERSITAS MUHAMMADIYAH KENDAL BATANG,JAWA TENGAH,SWASTA,BAIK,-,BAHASA INGGRIS,S1,BAIK,6795000.0,3397500.0
1,1199,UNIVERSITAS PRABUMULIH,SUMATERA SELATAN,SWASTA,BAIK,-,BISNIS DIGITAL,S1,BAIK,6800000.0,3400000.0
1,1199,UNIVERSITAS PRABUMULIH,SUMATERA SELATAN,SWASTA,BAIK,-,SISTEM INFORMASI,S1,BAIK SEKALI,6800000.0,3400000.0
1,1197,INSTITUT TEKNOLOGI DAN BISNIS PGRI DEWANTARA JOMBANG,JAWA TIMUR,SWASTA,BAIK SEKALI,-,BISNIS DIGITAL,S1,BAIK,6800000.0,3400000.0
1,1197,INSTITUT TEKNOLOGI DAN BISNIS PGRI DEWANTARA JOMBANG,JAWA TIMUR,SWASTA,BAIK SEKALI,-,AKUNTANSI,S1,BAIK SEKALI,6800000.0,3400000.0
1,1195,INSTITUT BUDI UTOMO NASIONAL,JAWA BARAT,SWASTA,BAIK,-,BISNIS DIGITAL,S1,BAIK,6810000.0,3405000.0
1,1194,UNIVERSITAS NAHDLATUL ULAMA SURAKARTA,JAWA TENGAH,SWASTA,BAIK SEKALI,-,HUKUM KELUARGA,S1,BAIK SEKALI,6820000.0,3410000.0
1,1194,UNIVERSITAS NAHDLATUL ULAMA SURAKARTA,JAWA TENGAH,SWASTA,BAIK SEKALI,-,INDUSTRI,S1,BAIK,6820000.0,3410000.0
1,1190,UNIVERSITAS MURNI TEGUH,SUMATERA UTARA,SWASTA,BAIK SEKALI,-,MANAJEMEN,S1,BAIK,6890000.0,3445000.0
1,1186,UNIVERSITAS MUHAMMADIYAH BOGOR RAYA,JAWA BARAT,SWASTA,BAIK SEKALI,-,ADMINISTRASI,S1,BAIK SEKALI,6900000.0,3450000.0
1,1187,UNIVERSITAS DHARMA AUB SURAKARTA,JAWA TENGAH,SWASTA,BAIK SEKALI,-,MANAJEMEN,S1,B,6900000.0,3450000.0
1,1187,UNIVERSITAS DHARMA AUB SURAKARTA,JAWA TENGAH,SWASTA,BAIK SEKALI,-,AKUNTANSI,S1,BAIK SEKALI,6900000.0,3450000.0
1,1187,UNIVERSITAS DHARMA AUB SURAKARTA,JAWA TENGAH,SWASTA,BAIK SEKALI,-,INFORMATIKA,S1,BAIK,6900000.0,3450000.0
1,1180,UNIVERSITAS WIDYA GAMA MAHAKAM SAMARINDA,KALIMANTAN TIMUR,SWASTA,BAIK SEKALI,-,KESEHATAN MASYARAKAT,S1,BAIK SEKALI,6950000.0,3475000.0
1,1180,UNIVERSITAS WIDYA GAMA MAHAKAM SAMARINDA,KALIMANTAN TIMUR,SWASTA,BAIK SEKALI,-,AKUNTANSI,S1,BAIK,6950000.0,3475000.0
1,1183,UNIVERSITAS KAHURIPAN KEDIRI,JAWA TIMUR,SWASTA,BAIK,-,MANAJEMEN,S1,BAIK,6950000.0,3475000.0
1,1180,UNIVERSITAS WIDYA GAMA MAHAKAM SAMARINDA,KALIMANTAN TIMUR,SWASTA,BAIK SEKALI,-,ADMINISTRASI PUBLIK,S1,BAIK,6950000.0,3475000.0
1,1183,UNIVERSITAS KAHURIPAN KEDIRI,JAWA TIMUR,SWASTA,BAIK,-,PETERNAKAN,S1,BAIK,6950000.0,3475000.0
1,1181,UNIVERSITAS PUTRA INDONESIA YPTK PADANG,SUMATERA BARAT,SWASTA,B,FAKULTAS ILMU KOMPUTER,INFORMATIKA,S1,C,6950000.0,3475000.0
1,1178,SEKOLAH TINGGI ILMU ADMINISTRASI TABALONG,KALIMANTAN SELATAN,SWASTA,BAIK,-,ADMINISTRASI NIAGA,S1,TERAKREDITASI,6962500.0,3481250.0
1,1150,UNIVERSITAS HARAPAN MEDAN,SUMATERA UTARA,SWASTA,BAIK,-,AKUNTANSI,S1,B,7000000.0,3500000.0
1,1159,UNIVERSITAS ABDURACHMAN SALEH,JAWA TIMUR,SWASTA,B,FAKULTAS SASTRA,SASTRA INGGRIS,S1,B,7000000.0,3500000.0
1,1164,UNIVERSITAS ISLAM MAKASSAR,SULAWESI SELATAN,SWASTA,B,FAKULTAS ILMU KESEHATAN,KEPERAWATAN,S1,BAIK SEKALI,7000000.0,3500000.0
1,1176,UNIVERSITAS LANGLANG BUANA,JAWA BARAT,SWASTA,BAIK SEKALI,-,MANAJEMEN,S1,BAIK SEKALI,7000000.0,3500000.0
1,1152,UNIVERSITAS WASKITA DHARMA,JAWA TIMUR,SWASTA,BAIK,-,KIMIA,S1,BAIK,7000000.0,3500000.0
1,1156,UNIVERSITAS TRIDINANTI,SUMATERA SELATAN,SWASTA,B,-,SIPIL,S1,C,7000000.0,3500000.0
1,1164,UNIVERSITAS ISLAM MAKASSAR,SULAWESI SELATAN,SWASTA,B,FAKULTAS TEKNIK,MESIN,S1,BAIK SEKALI,7000000.0,3500000.0
1,1164,UNIVERSITAS ISLAM MAKASSAR,SULAWESI SELATAN,SWASTA,B,FAKULTAS TEKNIK,INFORMATIKA,S1,B,7000000.0,3500000.0
1,1167,INSTITUT PENDIDIKAN DAN BAHASA INVADA,JAWA BARAT,SWASTA,B,SARJANA,SASTRA INGGRIS,S1,B,7000000.0,3500000.0
1,1164,UNIVERSITAS ISLAM MAKASSAR,SULAWESI SELATAN,SWASTA,B,FAKULTAS AGAMA ISLAM,KOMUNIKASI PENYIARAN ISLAM,S1,BAIK,7000000.0,3500000.0
1,1164,UNIVERSITAS ISLAM MAKASSAR,SULAWESI SELATAN,SWASTA,B,FAKULRTAS PASCASARJANA,AGROINDUSTRI,S1,-,7000000.0,3500000.0
1,1150,UNIVERSITAS HARAPAN MEDAN,SUMATERA UTARA,SWASTA,BAIK,-,SIPIL,S1,BAIK SEKALI,7000000.0,3500000.0
1,1173,SEKOLAH TINGGI ILMU KOMUNIKASI PEMBANGUNAN,SUMATERA UTARA,SWASTA,BAIK,-,KOMUNIKASI,S1,B,7000000.0,3500000.0
1,1176,UNIVERSITAS LANGLANG BUANA,JAWA BARAT,SWASTA,BAIK SEKALI,-,AKUNTANSI,S1,B,7000000.0,3500000.0
1,1164,UNIVERSITAS ISLAM MAKASSAR,SULAWESI SELATAN,SWASTA,B,FAKULTAS SOSIAL DAN ILMU POLITIK,KOMUNIKASI,S1,B,7000000.0,3500000.0
1,1156,UNIVERSITAS TRIDINANTI,SUMATERA SELATAN,SWASTA,B,-,INDUSTRI,S1,C,7000000.0,3500000.0
1,1176,UNIVERSITAS LANGLANG BUANA,JAWA BARAT,SWASTA,BAIK SEKALI,-,ARSITEKTUR,S1,B,7000000.0,3500000.0
1,1170,INSTITUT TEKNOLOGI KESEHATAN DAN SAINS WIYATA HUSADA SAMARINDA,KALIMANTAN TIMUR,SWASTA,BAIK SEKALI,-,KEBIDANAN,S1,BAIK SEKALI,7000000.0,3500000.0
1,1170,INSTITUT TEKNOLOGI KESEHATAN DAN SAINS WIYATA HUSADA SAMARINDA,KALIMANTAN TIMUR,SWASTA,BAIK SEKALI,-,FISIOTERAPI,S1,BAIK,7000000.0,3500000.0
1,1161,UNIVERSITAS PERJUANGAN TASIKMALAYA,JAWA BARAT,SWASTA,BAIK,-,FARMASI,S1,BAIK SEKALI,7000000.0,3500000.0
1,1150,UNIVERSITAS HARAPAN MEDAN,SUMATERA UTARA,SWASTA,BAIK,-,ELEKTRO,S1,BAIK SEKALI,7000000.0,3500000.0
1,1162,UNIVERSITAS MUHAMMADIYAH MAMUJU,SULAWESI BARAT,SWASTA,BAIK,-,MANAJEMEN SUMBER DAYA PERAIRAN,S1,BAIK,7000000.0,3500000.0
1,1153,AKADEMI AKUNTANSI BOROBUDUR,D.K.I. JAKARTA,SWASTA,BAIK,AKUNTANSI,AKUNTANSI,S1,-,7000000.0,3500000.0
1,1158,UNIVERSITAS BILLFATH,JAWA TIMUR,SWASTA,BAIK,-,MATEMATIKA,S1,BAIK,7000000.0,3500000.0
1,1162,UNIVERSITAS MUHAMMADIYAH MAMUJU,SULAWESI BARAT,SWASTA,BAIK,-,MANAJEMEN,S1,BAIK SEKALI,7000000.0,3500000.0
1,1176,UNIVERSITAS LANGLANG BUANA,JAWA BARAT,SWASTA,BAIK SEKALI,-,PEMERINTAHAN,S1,A,7000000.0,3500000.0
1,1164,UNIVERSITAS ISLAM MAKASSAR,SULAWESI SELATAN,SWASTA,B,FAKULTAS MATEMATIKA DAN IPA,FARMASI,S1,BAIK SEKALI,7000000.0,3500000.0
1,1174,UNIVERSITAS PGRI MPU SINDOK,JAWA TIMUR,SWASTA,BAIK,-,AGRIBISNIS,S1,TERAKREDITASI SEMENTARA,7000000.0,3500000.0
1,1164,UNIVERSITAS ISLAM MAKASSAR,SULAWESI SELATAN,SWASTA,B,FAKULRTAS PASCASARJANA,AGROBISNIS,S1,-,7000000.0,3500000.0
1,1164,UNIVERSITAS ISLAM MAKASSAR,SULAWESI SELATAN,SWASTA,B,FAKULTAS SOSIAL DAN ILMU POLITIK,ADMINISTRASI BISNIS,S1,BAIK SEKALI,7000000.0,3500000.0
1,1164,UNIVERSITAS ISLAM MAKASSAR,SULAWESI SELATAN,SWASTA,B,FAKULTAS PERTANIAN,KEHUTANAN,S1,BAIK,7000000.0,3500000.0
1,1139,INSTITUT TEKNOLOGI DAN BISNIS ASIA MALANG,JAWA TIMUR,SWASTA,BAIK,-,INFORMATIKA,S1,BAIK SEKALI,7000001.0,3500000.0
1,1138,UNIVERSITAS PENDIDIKAN MANDALIKA,NUSA TENGGARA BARAT,SWASTA,BAIK SEKALI,-,BAHASA INGGRIS,S1,BAIK SEKALI,7050000.0,3525000.0
1,1138,UNIVERSITAS PENDIDIKAN MANDALIKA,NUSA TENGGARA BARAT,SWASTA,BAIK SEKALI,-,BIMBINGAN KONSELING,S1,B,7050000.0,3525000.0
1,1138,UNIVERSITAS PENDIDIKAN MANDALIKA,NUSA TENGGARA BARAT,SWASTA,BAIK SEKALI,-,LUAR SEKOLAH,S1,BAIK,7050000.0,3525000.0
1,1138,UNIVERSITAS PENDIDIKAN MANDALIKA,NUSA TENGGARA BARAT,SWASTA,BAIK SEKALI,-,FISIKA,S1,B,7050000.0,3525000.0
1,1138,UNIVERSITAS PENDIDIKAN MANDALIKA,NUSA TENGGARA BARAT,SWASTA,BAIK SEKALI,-,SIPIL,S1,BAIK,7050000.0,3525000.0
1,1138,UNIVERSITAS PENDIDIKAN MANDALIKA,NUSA TENGGARA BARAT,SWASTA,BAIK SEKALI,-,TEKNOLOGI,S1,B,7050000.0,3525000.0
1,1137,UNIVERSITAS TEKNOLOGI DIGITAL,JAWA BARAT,SWASTA,BAIK,-,INFORMATIKA,S1,BAIK,7065000.0,3532500.0
1,1137,UNIVERSITAS TEKNOLOGI DIGITAL,JAWA BARAT,SWASTA,BAIK,-,MANAJEMEN,S1,BAIK,7065000.0,3532500.0
1,1135,STKIP VETERAN SIDRAP,SULAWESI SELATAN,SWASTA,BAIK,-,PANCASILA KEWARGANEGARAAN,S1,BAIK,7100000.0,3550000.0
1,1134,UNIVERSITAS 17 AGUSTUS 1945 BANYUWANGI,JAWA TIMUR,SWASTA,BAIK SEKALI,-,AGROTEKNOLOGI,S1,BAIK SEKALI,7100000.0,3550000.0
1,1134,UNIVERSITAS 17 AGUSTUS 1945 BANYUWANGI,JAWA TIMUR,SWASTA,BAIK SEKALI,-,ADMINISTRASI PUBLIK,S1,BAIK,7100000.0,3550000.0
1,1131,UNIVERSITAS NURUL HUDA,SUMATERA SELATAN,SWASTA,BAIK,-,GURU MADRASAH IBTIDAIYAH,S1,BAIK SEKALI,7120000.0,3560000.0
1,1131,UNIVERSITAS NURUL HUDA,SUMATERA SELATAN,SWASTA,BAIK,-,INFORMATIKA,S1,BAIK,7120000.0,3560000.0
1,1131,UNIVERSITAS NURUL HUDA,SUMATERA SELATAN,SWASTA,BAIK,-,BAHASA INGGRIS,S1,B,7120000.0,3560000.0
1,1131,UNIVERSITAS NURUL HUDA,SUMATERA SELATAN,SWASTA,BAIK,-,BAHASA SASTRA INDONESIA,S1,BAIK SEKALI,7120000.0,3560000.0
1,1130,STMIK TRIGUNA DHARMA,SUMATERA UTARA,SWASTA,B,-,SISTEM INFORMASI,S1,B,7136000.0,3568000.0
1,1130,STMIK TRIGUNA DHARMA,SUMATERA UTARA,SWASTA,B,-,SISTEM KOMPUTER,S1,B,7136000.0,3568000.0
1,1130,STMIK TRIGUNA DHARMA,SUMATERA UTARA,SWASTA,B,-,MANAJEMEN INFORMATIKA,S1,B,7136000.0,3568000.0
1,1128,INSTITUT SAINS DAN BISNIS INTERNASIONAL SINGKAWANG,KALIMANTAN BARAT,SWASTA,BAIK SEKALI,-,GURU SEKOLAH DASAR,S1,BAIK SEKALI,7190000.0,3595000.0
1,1124,UNIVERSITAS YARSI PRATAMA,BANTEN,SWASTA,BAIK,-,ADMINISTRASI KESEHATAN,S1,BAIK,7200000.0,3600000.0
1,1124,UNIVERSITAS YARSI PRATAMA,BANTEN,SWASTA,BAIK,-,INFORMATIKA,S1,BAIK,7200000.0,3600000.0
1,1124,UNIVERSITAS YARSI PRATAMA,BANTEN,SWASTA,BAIK,-,HUKUM,S1,TERAKREDITASI SEMENTARA,7200000.0,3600000.0
1,1119,UNIVERSITAS ICHSAN GORONTALO,GORONTALO,SWASTA,B,-,AGROTEKNOLOGI,S1,B,7250000.0,3625000.0
1,1119,UNIVERSITAS ICHSAN GORONTALO,GORONTALO,SWASTA,B,-,DESAIN KOMUNIKASI VISUAL,S1,BAIK,7250000.0,3625000.0
1,1118,UNIVERSITAS PAMULANG,BANTEN,SWASTA,C,FAKULTAS TEKNIK,INDUSTRI,S1,C,7300000.0,3650000.0
1,1118,UNIVERSITAS PAMULANG,BANTEN,SWASTA,C,-,MESIN KAMPUS KOTA SERANG,S1,BAIK,7300000.0,3650000.0
1,1118,UNIVERSITAS PAMULANG,BANTEN,SWASTA,C,-,SISTEM INFORMASI,S1,BAIK,7300000.0,3650000.0
1,1118,UNIVERSITAS PAMULANG,BANTEN,SWASTA,C,-,KOMUNIKASI,S1,BAIK,7300000.0,3650000.0
1,1118,UNIVERSITAS PAMULANG,BANTEN,SWASTA,C,-,PEMERINTAHAN,S1,BAIK,7300000.0,3650000.0
1,1114,SEKOLAH TINGGI ILMU BISNIS KUMALA NUSA,D.I. YOGYAKARTA,SWASTA,BAIK,-,MANAJEMEN RETAIL,S1,BAIK,7340000.0,3670000.0
1,1110,STISIP MARGARANA,BALI,SWASTA,BAIK,-,ADMINISTRASI NEGARA,S1,BAIK,7350000.0,3675000.0
1,1111,INSTITUT TEKNOLOGI STATISTIKA DAN BISNIS MUHAMMADIYAH SEMARANG,JAWA TENGAH,SWASTA,BAIK SEKALI,-,REKAYASA PERANGKAT LUNAK,S1,BAIK SEKALI,7350000.0,3675000.0
1,1111,INSTITUT TEKNOLOGI STATISTIKA DAN BISNIS MUHAMMADIYAH SEMARANG,JAWA TENGAH,SWASTA,BAIK SEKALI,-,SAINS AKTUARIA,S1,BAIK,7350000.0,3675000.0
1,1113,UNIVERSITAS SUMATERA BARAT,SUMATERA BARAT,SWASTA,B,-,FARMASI,S1,BAIK,7350000.0,3675000.0
1,1109,UNIVERSITAS MUHADI SETIABUDI,JAWA TENGAH,SWASTA,BAIK SEKALI,-,SIPIL,S1,BAIK SEKALI,7351000.0,3675500.0
1,1109,UNIVERSITAS MUHADI SETIABUDI,JAWA TENGAH,SWASTA,BAIK SEKALI,-,GIZI,S1,BAIK SEKALI,7351000.0,3675500.0
1,1105,UNIVERSITAS TRIATMA MULYA,BALI,SWASTA,BAIK SEKALI,-,KESELAMATAN KESEHATAN KERJA,S1,BAIK,7400000.0,3700000.0
1,1105,UNIVERSITAS TRIATMA MULYA,BALI,SWASTA,BAIK SEKALI,-,AKUNTANSI,S1,BAIK,7400000.0,3700000.0
1,1103,IKIP PGRI PONTIANAK,KALIMANTAN,SWASTA,B,FAKULTAS MIPA DAN TEKNOLOGI,KEGURUAN &,S1,-,7400000.0,3700000.0
1,1105,UNIVERSITAS TRIATMA MULYA,BALI,SWASTA,BAIK SEKALI,-,INFORMATIKA K. JEMBRANA,S1,BAIK,7400000.0,3700000.0
1,1106,UNIVERSITAS KH. A. WAHAB HASBULLAH,JAWA TIMUR,SWASTA,BAIK SEKALI,-,TEKNOLOGI HASIL PERTANIAN,S1,BAIK,7400000.0,3700000.0
1,1106,UNIVERSITAS KH. A. WAHAB HASBULLAH,JAWA TIMUR,SWASTA,BAIK SEKALI,-,MANAJEMEN,S1,BAIK,7400000.0,3700000.0
1,1103,IKIP PGRI PONTIANAK,KALIMANTAN,SWASTA,B,-,BIOLOGI,S1,BAIK,7400000.0,3700000.0
1,1106,UNIVERSITAS KH. A. WAHAB HASBULLAH,JAWA TIMUR,SWASTA,BAIK SEKALI,-,REKAYASA PERTANIAN BIOSISTEM,S1,BAIK,7400000.0,3700000.0
1,1105,UNIVERSITAS TRIATMA MULYA,BALI,SWASTA,BAIK SEKALI,-,ADMINISTRASI RUMAH SAKIT,S1,BAIK,7400000.0,3700000.0
1,1105,UNIVERSITAS TRIATMA MULYA,BALI,SWASTA,BAIK SEKALI,-,PARIWISATA,S1,TERAKREDITASI SEMENTARA,7400000.0,3700000.0
1,1102,UNIVERSITAS QUALITY,SUMATERA UTARA,SWASTA,BAIK,-,AGROTEKNOLOGI,S1,C,7400001.0,3700000.0
1,1102,UNIVERSITAS QUALITY,SUMATERA UTARA,SWASTA,BAIK,-,GURU SD,S1,C,7400001.0,3700000.0
1,1102,UNIVERSITAS QUALITY,SUMATERA UTARA,SWASTA,BAIK,-,SIPIL,S1,C,7400001.0,3700000.0
1,1102,UNIVERSITAS QUALITY,SUMATERA UTARA,SWASTA,BAIK,-,EKONOMI PEMBANGUNAN,S1,C,7400001.0,3700000.0
1,1100,UNIVERSITAS BOYOLALI,JAWA TENGAH,SWASTA,B,-,AKUNTANSI,S1,B,7450000.0,3725000.0
1,1100,UNIVERSITAS BOYOLALI,JAWA TENGAH,SWASTA,B,-,HUKUM,S1,B,7450000.0,3725000.0
1,1100,UNIVERSITAS BOYOLALI,JAWA TENGAH,SWASTA,B,-,AGROTEKNOLOGI,S1,C,7450000.0,3725000.0
1,1085,INSTITUT TEKNOLOGI DAN BISNIS KRISTEN BUKIT PENGHARAPAN,JAWA TENGAH,SWASTA,BAIK,-,DESAIN KOMUNIKASI VISUAL,S1,BAIK,7500000.0,3750000.0
1,1081,UNIVERSITAS COKROAMINOTO YOGYAKARTA,D.I. YOGYAKARTA,SWASTA,BAIK SEKALI,FAKULTAS EKONOMI,AKUNTANSI,S1,BAIK,7500000.0,3750000.0
1,1095,UNIVERSITAS MUSI RAWAS,SUMATERA SELATAN,SWASTA,BAIK,-,AKUNTANSI,S1,B,7500000.0,3750000.0
1,1084,UNIVERSITAS ISLAM LAMONGAN,JAWA TIMUR,SWASTA,BAIK SEKALI,-,HUKUM,S1,B,7500000.0,3750000.0
1,1081,UNIVERSITAS COKROAMINOTO YOGYAKARTA,D.I. YOGYAKARTA,SWASTA,BAIK SEKALI,-,PANCASILA KEWARGANEGARAAN,S1,B,7500000.0,3750000.0
1,1081,UNIVERSITAS COKROAMINOTO YOGYAKARTA,D.I. YOGYAKARTA,SWASTA,BAIK SEKALI,FAKULTAS TEKNIK,SIPIL,S1,BAIK SEKALI,7500000.0,3750000.0
1,1084,UNIVERSITAS ISLAM LAMONGAN,JAWA TIMUR,SWASTA,BAIK SEKALI,-,SIPIL,S1,C,7500000.0,3750000.0
1,1094,UNIVERSITAS ABDURACHMAN SALEH SITUBONDO,JAWA TIMUR,SWASTA,B,-,SASTRA INGGRIS,S1,BAIK,7500000.0,3750000.0
1,1074,UNIVERSITAS DHARMA WACANA,LAMPUNG,SWASTA,B,-,AGRIBISNIS,S1,B,7500000.0,3750000.0
1,1074,UNIVERSITAS DHARMA WACANA,LAMPUNG,SWASTA,B,-,SISTEM INFORMASI,S1,BAIK,7500000.0,3750000.0
1,1077,UNIVERSITAS METAMEDIA,SUMATERA BARAT,SWASTA,B,-,TEKNOLOGI INFORMASI,S1,BAIK,7500000.0,3750000.0
1,1081,UNIVERSITAS COKROAMINOTO YOGYAKARTA,D.I. YOGYAKARTA,SWASTA,BAIK SEKALI,FAKULTAS KEGURUAN DAN ILMU PENDIDIKAN,MATEMATIKA,S1,BAIK,7500000.0,3750000.0
1,12,UNIVERSITAS PEMBANGUNAN JAYA TANGERANG,BANTEN,SWASTA,B,-,DESAIN KOMUNIKASI VISUAL,S1,B,7500000.0,3750000.0
1,1076,UNIVERSITAS TANGERANG RAYA,BANTEN,SWASTA,BAIK,-,BAHASA INGGRIS,S1,BAIK,7500000.0,3750000.0
1,1088,SEKOLAH TINGGI ILMU EKONOMI MUHAMMADIYAH CILACAP,JAWA TENGAH,SWASTA,BAIK,-,MANAJEMEN,S1,BAIK SEKALI,7500000.0,3750000.0
1,12,UNIVERSITAS PEMBANGUNAN JAYA TANGERANG,BANTEN,SWASTA,B,-,DESAIN PRODUK,S1,B,7500000.0,3750000.0
1,1074,UNIVERSITAS DHARMA WACANA,LAMPUNG,SWASTA,B,-,ADMINISTRASI PUBLIK,S1,BAIK SEKALI,7500000.0,3750000.0
1,1073,SEKOLAH TINGGI ILMU EKONOMI PEMNAS INDONESIA,JAWA TIMUR,SWASTA,BAIK,-,MANAJEMEN,S1,BAIK SEKALI,7500000.0,3750000.0
1,1079,INSTITUT PRIMA BANGSA,JAWA BARAT,SWASTA,B,-,INFORMATIKA KOMPUTER,S1,BAIK SEKALI,7500000.0,3750000.0
1,1076,UNIVERSITAS TANGERANG RAYA,BANTEN,SWASTA,BAIK,-,KEPELATIHAN OLAH RAGA,S1,BAIK,7500000.0,3750000.0
1,1095,UNIVERSITAS MUSI RAWAS,SUMATERA SELATAN,SWASTA,BAIK,-,PETERNAKAN,S1,B,7500000.0,3750000.0
1,1081,UNIVERSITAS COKROAMINOTO YOGYAKARTA,D.I. YOGYAKARTA,SWASTA,BAIK SEKALI,FAKULTAS KEGURUAN DAN ILMU PENDIDIKAN,KEGURUAN &,S1,-,7500000.0,3750000.0
1,1075,UNIVERSITAS AL-AZHAR,SUMATERA UTARA,SWASTA,BAIK,-,AGROTEKNOLOGI,S1,BAIK SEKALI,7500000.0,3750000.0
1,1080,UNIVERSITAS FAJAR,SULAWESI SELATAN,SWASTA,B,-,ELEKTRO,S1,B,7500000.0,3750000.0
1,12,UNIVERSITAS PEMBANGUNAN JAYA TANGERANG,BANTEN,SWASTA,B,-,KOMUNIKASI,S1,B,7500000.0,3750000.0
1,1072,UNIVERSITAS NUSA BANGSA,JAWA BARAT,SWASTA,BAIK,-,BIOLOGI,S1,BAIK,7550000.0,3775000.0
1,1064,UNIVERSITAS PANDANARAN,JAWA TENGAH,SWASTA,B,-,MANAJEMEN,S1,B,7600000.0,3800000.0
1,1061,INSTITUT TEKNOLOGI DEL,SUMATERA UTARA,SWASTA,BAIK SEKALI,-,BIOPROSES,S1,BAIK SEKALI,7650000.0,3825000.0
1,1061,INSTITUT TEKNOLOGI DEL,SUMATERA UTARA,SWASTA,BAIK SEKALI,-,MANAJEMEN REKAYASA,S1,BAIK SEKALI,7650000.0,3825000.0
1,1060,UNIVERSITAS MUHAMMADIYAH BUTON,SULAWESI TENGGARA,SWASTA,BAIK SEKALI,FAKULTAS AGAMA ISLAM,AGAMA ISLAM,S1,B,7700000.0,3850000.0
1,1060,UNIVERSITAS MUHAMMADIYAH BUTON,SULAWESI TENGGARA,SWASTA,BAIK SEKALI,-,KEPENDIDIKAN SEKOLAH DASAR & PRASEKOLAH,S1,C,7700000.0,3850000.0
1,1059,INSTITUT SAINS DAN TEKNOLOGI AL-KAMAL,D.K.I. JAKARTA,SWASTA,BAIK,FAKULTAS SAINS DAN TEKNOLOGI,FARMASI,S1,BAIK,7700000.0,3850000.0
1,1059,INSTITUT SAINS DAN TEKNOLOGI AL-KAMAL,D.K.I. JAKARTA,SWASTA,BAIK,FAKULTAS SAINS DAN TEKNOLOGI,INDUSTRI,S1,BAIK,7700000.0,3850000.0
1,1060,UNIVERSITAS MUHAMMADIYAH BUTON,SULAWESI TENGGARA,SWASTA,BAIK SEKALI,-,ANAK USIA DINI,S1,C,7700000.0,3850000.0
1,1060,UNIVERSITAS MUHAMMADIYAH BUTON,SULAWESI TENGGARA,SWASTA,BAIK SEKALI,-,BAHASA SASTRA INDONESIA,S1,B,7700000.0,3850000.0
1,1058,UNIVERSITAS BINA BANGSA,BANTEN,SWASTA,BAIK,-,SIPIL,S1,BAIK,7700077.0,3850038.0
1,1058,UNIVERSITAS BINA BANGSA,BANTEN,SWASTA,BAIK,-,PSIKOLOGI,S1,BAIK,7700077.0,3850038.0
1,1058,UNIVERSITAS BINA BANGSA,BANTEN,SWASTA,BAIK,-,PEMERINTAHAN,S1,BAIK,7700077.0,3850038.0
1,1058,UNIVERSITAS BINA BANGSA,BANTEN,SWASTA,BAIK,-,JASMANI,S1,BAIK,7700077.0,3850038.0
1,1056,UNIVERSITAS KATOLIK WIDYA MANDIRA KUPANG,NUSA TENGGARA TIMUR,SWASTA,B,-,FISIKA,S1,B,7725000.0,3862500.0
1,1056,UNIVERSITAS KATOLIK WIDYA MANDIRA KUPANG,NUSA TENGGARA TIMUR,SWASTA,B,-,KOMUNIKASI,S1,B,7725000.0,3862500.0
1,1056,UNIVERSITAS KATOLIK WIDYA MANDIRA KUPANG,NUSA TENGGARA TIMUR,SWASTA,B,-,MANAJEMEN,S1,B,7725000.0,3862500.0
1,1056,UNIVERSITAS KATOLIK WIDYA MANDIRA KUPANG,NUSA TENGGARA TIMUR,SWASTA,B,-,TEKNOLOGI PANGAN,S1,BAIK,7725000.0,3862500.0
1,1056,UNIVERSITAS KATOLIK WIDYA MANDIRA KUPANG,NUSA TENGGARA TIMUR,SWASTA,B,-,HUKUM,S1,B,7725000.0,3862500.0
1,1054,UNIVERSITAS COKROAMINOTO PALOPO,SULAWESI SELATAN,SWASTA,B,-,BIOLOGI,S1,B,7750000.0,3875000.0
1,1055,UNIVERSITAS NAHDLATUL ULAMA KALIMANTAN SELATAN,KALIMANTAN SELATAN,SWASTA,BAIK,-,MATEMATIKA,S1,BAIK,7750000.0,3875000.0
1,1055,UNIVERSITAS NAHDLATUL ULAMA KALIMANTAN SELATAN,KALIMANTAN SELATAN,SWASTA,BAIK,-,GURU SEKOLAH DASAR,S1,BAIK,7750000.0,3875000.0
1,1054,UNIVERSITAS COKROAMINOTO PALOPO,SULAWESI SELATAN,SWASTA,B,-,PANCASILA KEWARGANEGARAAN,S1,B,7750000.0,3875000.0
1,1055,UNIVERSITAS NAHDLATUL ULAMA KALIMANTAN SELATAN,KALIMANTAN SELATAN,SWASTA,BAIK,-,INFORMATIKA,S1,BAIK,7750000.0,3875000.0
1,1054,UNIVERSITAS COKROAMINOTO PALOPO,SULAWESI SELATAN,SWASTA,B,-,GURU SD,S1,C,7750000.0,3875000.0
1,1044,UNIVERSITAS NUSANTARA PGRI KEDIRI,JAWA TIMUR,SWASTA,BAIK SEKALI,FAKULTAS EKONOMI DAN BISNIS,AKUNTANSI,S1,BAIK SEKALI,7800000.0,3900000.0
1,1044,UNIVERSITAS NUSANTARA PGRI KEDIRI,JAWA TIMUR,SWASTA,BAIK SEKALI,FAKULTAS KEGURUAN DAN ILMU PENDIDIKAN,PANCASILA KEWARGANEGARAAN,S1,BAIK SEKALI,7800000.0,3900000.0
1,1048,UNIVERSITAS HKBP NOMMENSEN PEMATANGSIANTAR,SUMATERA UTARA,SWASTA,BAIK SEKALI,-,BAHASA INDONESIA,S1,BAIK,7800000.0,3900000.0
1,1044,UNIVERSITAS NUSANTARA PGRI KEDIRI,JAWA TIMUR,SWASTA,BAIK SEKALI,FAKULTAS TEKNIK,MESIN,S1,BAIK SEKALI,7800000.0,3900000.0
1,1044,UNIVERSITAS NUSANTARA PGRI KEDIRI,JAWA TIMUR,SWASTA,BAIK SEKALI,FAKULTAS KEGURUAN DAN ILMU PENDIDIKAN,BAHASA INGGRIS,S1,B,7800000.0,3900000.0
1,1048,UNIVERSITAS HKBP NOMMENSEN PEMATANGSIANTAR,SUMATERA UTARA,SWASTA,BAIK SEKALI,-,KOMPUTER,S1,BAIK,7800000.0,3900000.0
1,1050,SEKOLAH TINGGI TEKNIK LINGKUNGAN MATARAM,NUSA TENGGARA BARAT,SWASTA,BAIK,-,LINGKUNGAN,S1,BAIK,7800000.0,3900000.0
1,1044,UNIVERSITAS NUSANTARA PGRI KEDIRI,JAWA TIMUR,SWASTA,BAIK SEKALI,FAKULTAS TEKNIK,ELEKTRONIKA,S1,-,7800000.0,3900000.0
1,1049,INSTITUT SAINS TEKNOLOGI DAN KESEHATAN INSAN CENDEKIA HUSADA BOJONEGORO,JAWA TIMUR,SWASTA,BAIK SEKALI,-,BISNIS DIGITAL,S1,BAIK,7800000.0,3900000.0
1,1037,UNIVERSITAS PEMBINAAN MASYARAKAT INDONESIA,SUMATERA UTARA,SWASTA,BAIK,-,HUKUM,S1,B,7800019.0,3900009.0
1,1037,UNIVERSITAS PEMBINAAN MASYARAKAT INDONESIA,SUMATERA UTARA,SWASTA,BAIK,-,MESIN,S1,BAIK,7800019.0,3900009.0
1,1037,UNIVERSITAS PEMBINAAN MASYARAKAT INDONESIA,SUMATERA UTARA,SWASTA,BAIK,-,ADMINISTRASI NEGARA,S1,B,7800019.0,3900009.0
1,1036,INSTITUT NASIONAL FLORES,NUSA TENGGARA TIMUR,SWASTA,BAIK,-,PERIKANAN,S1,BAIK,7830000.0,3915000.0
1,1036,INSTITUT NASIONAL FLORES,NUSA TENGGARA TIMUR,SWASTA,BAIK,-,PERTANIAN,S1,BAIK,7830000.0,3915000.0
1,1034,INSTITUT TEKNOLOGI LOMBOK,NUSA TENGGARA BARAT,SWASTA,BAIK,-,SISTEM ENERGI,S1,BAIK,7840000.0,3920000.0
1,1030,UNIVERSITAS MUHAMMADIYAH MALUKU UTARA,MALUKU UTARA,SWASTA,BAIK SEKALI,-,GURU SEKOLAH DASAR,S1,BAIK SEKALI,7886750.0,3943375.0
1,1030,UNIVERSITAS MUHAMMADIYAH MALUKU UTARA,MALUKU UTARA,SWASTA,BAIK SEKALI,-,TEKNOLOGI HASIL PERIKANAN,S1,B,7886750.0,3943375.0
1,1028,UNIVERSITAS BATANGHARI JAMBI,JAMBI,SWASTA,BAIK SEKALI,FAKULTAS TEKNIK,SIPIL,S1,BAIK,7900500.0,3950250.0
1,1028,UNIVERSITAS BATANGHARI JAMBI,JAMBI,SWASTA,BAIK SEKALI,FAKULTAS HUKUM,HUKUM,S1,B,7900500.0,3950250.0
1,1028,UNIVERSITAS BATANGHARI JAMBI,JAMBI,SWASTA,BAIK SEKALI,-,BAHASA SASTRA INDONESIA,S1,B,7900500.0,3950250.0
1,1028,UNIVERSITAS BATANGHARI JAMBI,JAMBI,SWASTA,BAIK SEKALI,FAKULTAS KEGURUAN DAN ILMU PENDIDIKAN,KEGURUAN &,S1,-,7900500.0,3950250.0
1,11,UNIVERSITAS MUSLIM INDONESIA MAKASSAR,SULAWESI SELATAN,SWASTA,A,-,DOKTER GIGI,S1,C,7950000.0,3975000.0
1,11,UNIVERSITAS MUSLIM INDONESIA MAKASSAR,SULAWESI SELATAN,SWASTA,A,-,INDUSTRI,S1,B,7950000.0,3975000.0
1,11,UNIVERSITAS MUSLIM INDONESIA MAKASSAR,SULAWESI SELATAN,SWASTA,A,-,MUAMALAT,S1,-,7950000.0,3975000.0
1,11,UNIVERSITAS MUSLIM INDONESIA MAKASSAR,SULAWESI SELATAN,SWASTA,A,-,AGRIBISNIS,S1,A,7950000.0,3975000.0
1,1025,STMIK PRANATA INDONESIA,JAWA BARAT,SWASTA,BAIK,-,INFORMATIKA,S1,BAIK,7994000.0,3997000.0
1,1025,STMIK PRANATA INDONESIA,JAWA BARAT,SWASTA,BAIK,-,SISTEM INFORMASI,S1,BAIK,7994000.0,3997000.0
1,10,UNIVERSITAS MUSLIM NUSANTARA AL,SUMATERA UTARA,SWASTA,B,-,ANAK USIA DINI,S1,B,8000000.0,4000000.0
1,1017,SEKOLAH TINGGI ILMU MANAJEMEN INDONESIA HANDAYANI,BALI,SWASTA,BAIK,-,MANAJEMEN,S1,BAIK SEKALI,8000000.0,4000000.0
1,973,UNIVERSITAS MUHAMMADIYAH PONTIANAK,KALIMANTAN BARAT,SWASTA,B,FAKULTAS AGAMA ISLAM,AGAMA ISLAM,S1,B,8000000.0,4000000.0
1,10,UNIVERSITAS MUSLIM NUSANTARA AL,SUMATERA UTARA,SWASTA,B,-,AKUNTANSI,S1,B,8000000.0,4000000.0
1,989,UNIVERSITAS NAHDLATUL WATHAN MATARAM,NUSA TENGGARA BARAT,SWASTA,BAIK SEKALI,-,SASTRA INDONESIA,S1,BAIK,8000000.0,4000000.0
1,10,UNIVERSITAS MUSLIM NUSANTARA AL,SUMATERA UTARA,SWASTA,B,-,SASTRA INGGRIS,S1,-,8000000.0,4000000.0
1,987,STISIP WIDYAPURI MANDIRI,JAWA BARAT,SWASTA,BAIK,-,PEMERINTAHAN,S1,B,8000000.0,4000000.0
1,974,UNIVERSITAS BOJONEGORO,JAWA TIMUR,SWASTA,BAIK,-,LINGKUNGAN,S1,BAIK,8000000.0,4000000.0
1,989,UNIVERSITAS NAHDLATUL WATHAN MATARAM,NUSA TENGGARA BARAT,SWASTA,BAIK SEKALI,-,PETERNAKAN,S1,BAIK,8000000.0,4000000.0
1,974,UNIVERSITAS BOJONEGORO,JAWA TIMUR,SWASTA,BAIK,-,KIMIA,S1,BAIK,8000000.0,4000000.0
1,1022,UNIVERSITAS SEBELAS APRIL,JAWA BARAT,SWASTA,BAIK SEKALI,-,MATEMATIKA,S1,BAIK SEKALI,8000000.0,4000000.0
1,998,UNIVERSITAS MUHAMMADIYAH MATARAM,NUSA TENGGARA BARAT,SWASTA,B,-,ADMINISTRASI PUBLIK,S1,B,8000000.0,4000000.0
1,1005,SEKOLAH TINGGI ILMU KOMPUTER PGRI BANYUWANGI,JAWA TIMUR,SWASTA,BAIK,-,INFORMATIKA,S1,BAIK SEKALI,8000000.0,4000000.0
1,994,UNIVERSITAS MEGA BUANA PALOPO,SULAWESI SELATAN,SWASTA,BAIK SEKALI,-,HUKUM,S1,BAIK SEKALI,8000000.0,4000000.0
1,998,UNIVERSITAS MUHAMMADIYAH MATARAM,NUSA TENGGARA BARAT,SWASTA,B,FAKULTAS KEGURUAN DAN ILMU PENDIDIKAN,GEOGRAFI,S1,B,8000000.0,4000000.0
1,1011,SEKOLAH TINGGI KEGURUAN DAN ILMU PENDIDIKAN ROSALIA LAMPUNG,LAMPUNG,SWASTA,BAIK,-,OLAHRAGA,S1,BAIK,8000000.0,4000000.0
1,998,UNIVERSITAS MUHAMMADIYAH MATARAM,NUSA TENGGARA BARAT,SWASTA,B,-,ADMINISTRASI NEGARA,S1,B,8000000.0,4000000.0
1,997,SEKOLAH TINGGI ILMU EKONOMI INDONESIA PONTIANAK,KALIMANTAN BARAT,SWASTA,BAIK,-,MANAJEMEN,S1,BAIK SEKALI,8000000.0,4000000.0
1,973,UNIVERSITAS MUHAMMADIYAH PONTIANAK,KALIMANTAN BARAT,SWASTA,B,FAKULTAS TEKNIK,INFORMATIKA,S1,BAIK,8000000.0,4000000.0
1,989,UNIVERSITAS NAHDLATUL WATHAN MATARAM,NUSA TENGGARA BARAT,SWASTA,BAIK SEKALI,-,KEBIDANAN,S1,BAIK,8000000.0,4000000.0
1,981,SEKOLAH TINGGI ILMU EKONOMI SULTAN AGUNG,SUMATERA UTARA,SWASTA,BAIK,-,MANAJEMEN,S1,BAIK SEKALI,8000000.0,4000000.0
1,974,UNIVERSITAS BOJONEGORO,JAWA TIMUR,SWASTA,BAIK,-,SIPIL,S1,BAIK,8000000.0,4000000.0
1,1011,SEKOLAH TINGGI KEGURUAN DAN ILMU PENDIDIKAN ROSALIA LAMPUNG,LAMPUNG,SWASTA,BAIK,-,GURU SEKOLAH DASAR,S1,BAIK,8000000.0,4000000.0
1,1003,SEKOLAH TINGGI ILMU KESEHATAN ARTA KABANJAHE,SUMATERA UTARA,SWASTA,BAIK,-,ADMINISTRASI RUMAH SAKIT,S1,BAIK SEKALI,8000000.0,4000000.0
1,998,UNIVERSITAS MUHAMMADIYAH MATARAM,NUSA TENGGARA BARAT,SWASTA,B,-,MANAJEMEN RITEL,S1,BAIK,8000000.0,4000000.0
1,998,UNIVERSITAS MUHAMMADIYAH MATARAM,NUSA TENGGARA BARAT,SWASTA,B,FAKULTAS AGAMA ISLAM,AGAMA ISLAM,S1,-,8000000.0,4000000.0
1,989,UNIVERSITAS NAHDLATUL WATHAN MATARAM,NUSA TENGGARA BARAT,SWASTA,BAIK SEKALI,-,SASTRA ARAB,S1,BAIK,8000000.0,4000000.0
1,998,UNIVERSITAS MUHAMMADIYAH MATARAM,NUSA TENGGARA BARAT,SWASTA,B,-,ADMINISTRASI NIAGA,S1,B,8000000.0,4000000.0
1,972,SEKOLAH TINGGI ILMU KESEHATAN KESDAM IX/UDAYANA,BALI,SWASTA,BAIK,-,KEPERAWATAN,S1,BAIK,8000001.0,4000000.0
1,971,UNIVERSITAS BAKTI INDONESIA,JAWA TIMUR,SWASTA,BAIK,-,GURU ANAK USIA DINI,S1,BAIK,8000100.0,4000050.0
1,971,UNIVERSITAS BAKTI INDONESIA,JAWA TIMUR,SWASTA,BAIK,-,AKUNTANSI,S1,BAIK,8000100.0,4000050.0
1,971,UNIVERSITAS BAKTI INDONESIA,JAWA TIMUR,SWASTA,BAIK,-,INFORMATIKA,S1,BAIK,8000100.0,4000050.0
1,971,UNIVERSITAS BAKTI INDONESIA,JAWA TIMUR,SWASTA,BAIK,-,KESEHATAN MASYARAKAT,S1,BAIK SEKALI,8000100.0,4000050.0
1,971,UNIVERSITAS BAKTI INDONESIA,JAWA TIMUR,SWASTA,BAIK,-,GURU SEKOLAH DASAR,S1,BAIK,8000100.0,4000050.0
1,971,UNIVERSITAS BAKTI INDONESIA,JAWA TIMUR,SWASTA,BAIK,-,BAHASA SASTRA INDONESIA,S1,BAIK,8000100.0,4000050.0
1,969,UNIVERSITAS BPD,JAWA TENGAH,SWASTA,BAIK SEKALI,-,SAINS DATA,S1,BAIK,8080000.0,4040000.0
1,969,UNIVERSITAS BPD,JAWA TENGAH,SWASTA,BAIK SEKALI,-,SISTEM INFORMASI,S1,BAIK,8080000.0,4040000.0
1,969,UNIVERSITAS BPD,JAWA TENGAH,SWASTA,BAIK SEKALI,-,AKUNTANSI,S1,BAIK SEKALI,8080000.0,4040000.0
1,968,UNIVERSITAS ISLAM KALIMANTAN MUHAMMAD ARSYAD AL BANJARI BANJARMASIN,KALIMANTAN SELATAN,SWASTA,BAIK SEKALI,-,SIPIL,S1,BAIK SEKALI,8095000.0,4047500.0
1,968,UNIVERSITAS ISLAM KALIMANTAN MUHAMMAD ARSYAD AL BANJARI BANJARMASIN,KALIMANTAN SELATAN,SWASTA,BAIK SEKALI,-,MANAJEMEN,S1,BAIK SEKALI,8095000.0,4047500.0
1,968,UNIVERSITAS ISLAM KALIMANTAN MUHAMMAD ARSYAD AL BANJARI BANJARMASIN,KALIMANTAN SELATAN,SWASTA,BAIK SEKALI,-,BIMBINGAN KONSELING,S1,BAIK SEKALI,8095000.0,4047500.0
1,968,UNIVERSITAS ISLAM KALIMANTAN MUHAMMAD ARSYAD AL BANJARI BANJARMASIN,KALIMANTAN SELATAN,SWASTA,BAIK SEKALI,-,HUKUM EKONOMI SYARI`AH,S1,BAIK SEKALI,8095000.0,4047500.0
1,968,UNIVERSITAS ISLAM KALIMANTAN MUHAMMAD ARSYAD AL BANJARI BANJARMASIN,KALIMANTAN SELATAN,SWASTA,BAIK SEKALI,-,PETERNAKAN,S1,BAIK SEKALI,8095000.0,4047500.0
1,967,SEKOLAH TINGGI ILMU EKONOMI MANAJEMEN BISNIS INDONESIA,JAWA BARAT,SWASTA,BAIK,-,MANAJEMEN,S1,B,8100000.0,4050000.0
1,966,SEKOLAH TINGGI ILMU KESEHATAN INDAH MEDAN,SUMATERA UTARA,SWASTA,BAIK,-,FARMASI,S1,BAIK,8100000.0,4050000.0
1,964,UNIVERSITAS DWIJENDRA,BALI,SWASTA,B,-,GURU SEKOLAH DASAR,S1,BAIK SEKALI,8125000.0,4062500.0
1,964,UNIVERSITAS DWIJENDRA,BALI,SWASTA,B,-,AGROTEKNOLOGI,S1,B,8125000.0,4062500.0
1,964,UNIVERSITAS DWIJENDRA,BALI,SWASTA,B,-,AGRIBISNIS,S1,B,8125000.0,4062500.0
1,963,UNIVERSITAS SURYAKANCANA,JAWA BARAT,SWASTA,B,-,PANCASILA KEWARGANEGARAAN,S1,B,8160000.0,4080000.0
1,963,UNIVERSITAS SURYAKANCANA,JAWA BARAT,SWASTA,B,-,AGRIBISNIS,S1,B,8160000.0,4080000.0
1,963,UNIVERSITAS SURYAKANCANA,JAWA BARAT,SWASTA,B,-,MATEMATIKA,S1,B,8160000.0,4080000.0
1,960,UNIVERSITAS NAHDLATUL ULAMA NUSA TENGGARA BARAT,NUSA TENGGARA BARAT,SWASTA,BAIK SEKALI,-,JASMANI,S1,BAIK SEKALI,8200000.0,4100000.0
1,956,UNIVERSITAS NAHDLATUL ULAMA SUNAN GIRI,JAWA TIMUR,SWASTA,BAIK SEKALI,-,SISTEM KOMPUTER,S1,BAIK,8300000.0,4150000.0
1,955,UNIVERSITAS DHARMA ANDALAS,SUMATERA BARAT,SWASTA,BAIK SEKALI,-,TEKNOLOGI INDUSTRI PERTANIAN,S1,BAIK SEKALI,8300000.0,4150000.0
1,956,UNIVERSITAS NAHDLATUL ULAMA SUNAN GIRI,JAWA TIMUR,SWASTA,BAIK SEKALI,-,ISLAM ANAK USIA DINI,S1,B,8300000.0,4150000.0
1,956,UNIVERSITAS NAHDLATUL ULAMA SUNAN GIRI,JAWA TIMUR,SWASTA,BAIK SEKALI,-,MATEMATIKA,S1,BAIK SEKALI,8300000.0,4150000.0
1,954,UNIVERSITAS VETERAN BANGUN NUSANTARA,JAWA TENGAH,SWASTA,BAIK SEKALI,-,INDUSTRI,S1,B,8350000.0,4175000.0
1,954,UNIVERSITAS VETERAN BANGUN NUSANTARA,JAWA TENGAH,SWASTA,BAIK SEKALI,-,AKUNTANSI,S1,BAIK,8350000.0,4175000.0
1,954,UNIVERSITAS VETERAN BANGUN NUSANTARA,JAWA TENGAH,SWASTA,BAIK SEKALI,-,HUKUM,S1,TERAKREDITASI SEMENTARA,8350000.0,4175000.0
1,954,UNIVERSITAS VETERAN BANGUN NUSANTARA,JAWA TENGAH,SWASTA,BAIK SEKALI,-,AGRIBISNIS,S1,BAIK SEKALI,8350000.0,4175000.0
1,944,UNIVERSITAS INTERNASIONAL PAPUA,PAPUA,SWASTA,BAIK,-,BAHASA INGGRIS,S1,BAIK,8400000.0,4200000.0
1,946,UNIVERSITAS KALTARA,KALIMANTAN UTARA,SWASTA,BAIK SEKALI,-,SIPIL,S1,BAIK,8400000.0,4200000.0
1,941,SEKOLAH TINGGI ILMU EKONOMI KALPATARU,JAWA BARAT,SWASTA,BAIK,-,AKUNTANSI,S1,BAIK,8400000.0,4200000.0
1,937,UNIVERSITAS NAHDLATUL ULAMA KALIMANTAN TIMUR,KALIMANTAN TIMUR,SWASTA,BAIK,-,AKUNTANSI,S1,BAIK,8480000.0,4240000.0
1,937,UNIVERSITAS NAHDLATUL ULAMA KALIMANTAN TIMUR,KALIMANTAN TIMUR,SWASTA,BAIK,-,FARMASI,S1,BAIK,8480000.0,4240000.0
1,935,UNIVERSITAS TUNAS PEMBANGUNAN SURAKARTA,JAWA TENGAH,SWASTA,BAIK SEKALI,-,AGRIBISNIS,S1,B,8483000.0,4241500.0
1,924,UNIVERSITAS MUHAMMADIYAH KUDUS,JAWA TENGAH,SWASTA,BAIK SEKALI,-,AKUNTANSI,S1,BAIK,8500000.0,4250000.0
1,924,UNIVERSITAS MUHAMMADIYAH KUDUS,JAWA TENGAH,SWASTA,BAIK SEKALI,-,KOMPUTER,S1,BAIK SEKALI,8500000.0,4250000.0
1,934,UNIVERSITAS SINDANG KASIH MAJALENGKA,JAWA BARAT,SWASTA,BAIK,-,BAHASA INGGRIS,S1,BAIK,8500000.0,4250000.0
1,924,UNIVERSITAS MUHAMMADIYAH KUDUS,JAWA TENGAH,SWASTA,BAIK SEKALI,-,FARMASI,S1,BAIK SEKALI,8500000.0,4250000.0
1,930,STMIK KHARISMA MAKASSAR,SULAWESI SELATAN,SWASTA,BAIK,-,INFORMATIKA,S1,BAIK,8500000.0,4250000.0
1,924,UNIVERSITAS MUHAMMADIYAH KUDUS,JAWA TENGAH,SWASTA,BAIK SEKALI,-,HUKUM,S1,BAIK,8500000.0,4250000.0
1,934,UNIVERSITAS SINDANG KASIH MAJALENGKA,JAWA BARAT,SWASTA,BAIK,-,INFORMATIKA,S1,BAIK,8500000.0,4250000.0
1,921,STIEB PERDANA MANDIRI,JAWA BARAT,SWASTA,BAIK,-,AKUNTANSI,S1,BAIK,8638000.0,4319000.0
1,920,UNIVERSITAS HANDAYANI MAKASSAR,SULAWESI SELATAN,SWASTA,BAIK,-,SISTEM INFORMASI,S1,BAIK SEKALI,8700000.0,4350000.0
1,920,UNIVERSITAS HANDAYANI MAKASSAR,SULAWESI SELATAN,SWASTA,BAIK,-,KEWIRAUSAHAAN,S1,BAIK,8700000.0,4350000.0
1,918,SEKOLAH TINGGI BAHASA ASING YAPARI,JAWA BARAT,SWASTA,BAIK,-,SASTRA PERANCIS,S1,BAIK,8750000.0,4375000.0
1,919,UNIVERSITAS NAHDLATUL ULAMA PASURUAN,JAWA TIMUR,SWASTA,BAIK,-,MATEMATIKA,S1,BAIK,8750000.0,4375000.0
1,918,SEKOLAH TINGGI BAHASA ASING YAPARI,JAWA BARAT,SWASTA,BAIK,-,SASTRA JEPANG,S1,B,8750000.0,4375000.0
1,917,STKIP PGRI PONOROGO,JAWA TIMUR,SWASTA,BAIK SEKALI,-,BAHASA SASTRA INDONESIA,S1,BAIK SEKALI,8770000.0,4385000.0
1,914,UNIVERSITAS IVET,JAWA TENGAH,SWASTA,B,-,MATEMATIKA,S1,BAIK SEKALI,8800000.0,4400000.0
1,916,UNIVERSITAS KH. BAHAUDIN MUDHARY MADURA,JAWA TIMUR,SWASTA,BAIK,-,BAHASA KEBUDAYAAN INGGRIS,S1,TERAKREDITASI SEMENTARA,8800000.0,4400000.0
1,914,UNIVERSITAS IVET,JAWA TENGAH,SWASTA,B,-,SISTEM TEKNOLOGI INFORMASI,S1,BAIK,8800000.0,4400000.0
1,914,UNIVERSITAS IVET,JAWA TENGAH,SWASTA,B,-,AGAMA ISLAM,S1,BAIK,8800000.0,4400000.0
1,915,SEKOLAH TINGGI ILMU KESEHATAN BANTUL,D.I. YOGYAKARTA,SWASTA,BAIK,-,FARMASI,S1,BAIK,8800000.0,4400000.0
1,913,UNIVERSITAS TARUNA BAKTI,JAWA BARAT,SWASTA,BAIK,-,INFORMATIKA,S1,BAIK,8800001.0,4400000.0
1,911,UNIVERSITAS ISLAM AS-SYAFIIYAH,JAWA BARAT,SWASTA,BAIK SEKALI,-,AKUNTANSI,S1,BAIK,8812500.0,4406250.0
1,911,UNIVERSITAS ISLAM AS-SYAFIIYAH,JAWA BARAT,SWASTA,BAIK SEKALI,-,MESIN,S1,BAIK,8812500.0,4406250.0
1,908,UNIVERSITAS MUHAMMADIYAH CIREBON,JAWA BARAT,SWASTA,B,-,KIMIA,S1,BAIK SEKALI,8850000.0,4425000.0
1,908,UNIVERSITAS MUHAMMADIYAH CIREBON,JAWA BARAT,SWASTA,B,-,KEPERAWATAN,S1,BAIK SEKALI,8850000.0,4425000.0
1,908,UNIVERSITAS MUHAMMADIYAH CIREBON,JAWA BARAT,SWASTA,B,-,MATEMATIKA,S1,BAIK,8850000.0,4425000.0
1,902,INSTITUT TEKNOLOGI KESEHATAN MALANG WIDYA CIPTA HUSADA,JAWA TIMUR,SWASTA,BAIK,-,GIZI,S1,BAIK SEKALI,8900000.0,4450000.0
1,901,UNIVERSITAS WAHIDIYAH,JAWA TIMUR,SWASTA,BAIK,-,SIPIL,S1,BAIK,8910000.0,4455000.0
1,901,UNIVERSITAS WAHIDIYAH,JAWA TIMUR,SWASTA,BAIK,-,INDUSTRI,S1,BAIK,8910000.0,4455000.0
1,901,UNIVERSITAS WAHIDIYAH,JAWA TIMUR,SWASTA,BAIK,-,AGRIBISNIS,S1,BAIK,8910000.0,4455000.0
1,900,UNIVERSITAS IBBI,SUMATERA UTARA,SWASTA,BAIK SEKALI,-,SISTEM INFORMASI,S1,BAIK SEKALI,8925000.0,4462500.0
1,885,UNIVERSITAS ADHIRAJASA RESWARA SANJAYA,JAWA BARAT,SWASTA,B,-,DESAIN KOMUNIKASI VISUAL,S1,BAIK,9000000.0,4500000.0
1,895,SEKOLAH TINGGI ILMU EKONOMI ENAM ENAM KENDARI,SULAWESI TENGGARA,SWASTA,BAIK SEKALI,-,AKUNTANSI,S1,BAIK SEKALI,9000000.0,4500000.0
1,885,UNIVERSITAS ADHIRAJASA RESWARA SANJAYA,JAWA BARAT,SWASTA,B,-,SISTEM INFORMASI,S1,BAIK,9000000.0,4500000.0
1,884,UNIVERSITAS PRAMITA INDONESIA,BANTEN,SWASTA,BAIK,FAKULTAS EKONOMI DAN BISNIS,AKUNTANSI,S1,-,9000000.0,4500000.0
1,877,UNIVERSITAS BATTUTA,SUMATERA UTARA,SWASTA,BAIK SEKALI,-,AKUNTANSI,S1,BAIK SEKALI,9000000.0,4500000.0
1,881,UNIVERSITAS SAINS CUT NYAK DHIEN,ACEH,SWASTA,BAIK,-,SIPIL,S1,BAIK,9000000.0,4500000.0
1,881,UNIVERSITAS SAINS CUT NYAK DHIEN,ACEH,SWASTA,BAIK,-,HUKUM,S1,BAIK,9000000.0,4500000.0
1,884,UNIVERSITAS PRAMITA INDONESIA,BANTEN,SWASTA,BAIK,FAKULTAS ILMU SOSIAL DAN ILMU POLITIK,PEMERINTAHAN,S1,B,9000000.0,4500000.0
1,877,UNIVERSITAS BATTUTA,SUMATERA UTARA,SWASTA,BAIK SEKALI,-,MANAJEMEN RETAIL,S1,BAIK,9000000.0,4500000.0
1,881,UNIVERSITAS SAINS CUT NYAK DHIEN,ACEH,SWASTA,BAIK,-,AGROTEKNOLOGI,S1,BAIK,9000000.0,4500000.0
1,885,UNIVERSITAS ADHIRAJASA RESWARA SANJAYA,JAWA BARAT,SWASTA,B,-,KOMUNIKASI,S1,BAIK,9000000.0,4500000.0
1,874,UNIVERSITAS ISLAM 45,JAWA BARAT,SWASTA,B,-,GEOGRAFI,S1,BAIK SEKALI,9027360.0,4513680.0
1,874,UNIVERSITAS ISLAM 45,JAWA BARAT,SWASTA,B,-,MESIN,S1,BAIK SEKALI,9027360.0,4513680.0
1,874,UNIVERSITAS ISLAM 45,JAWA BARAT,SWASTA,B,-,PERBANKAN SYARIAH,S1,BAIK SEKALI,9027360.0,4513680.0
1,874,UNIVERSITAS ISLAM 45,JAWA BARAT,SWASTA,B,-,SASTRA INGGRIS,S1,BAIK SEKALI,9027360.0,4513680.0
1,872,UNIVERSITAS YUDHARTA PASURUAN,JAWA TIMUR,SWASTA,BAIK SEKALI,-,KOMUNIKASI,S1,B,9050000.0,4525000.0
1,872,UNIVERSITAS YUDHARTA PASURUAN,JAWA TIMUR,SWASTA,BAIK SEKALI,-,TEKNOLOGI HASIL PERIKANAN,S1,B,9050000.0,4525000.0
1,869,UNIVERSITAS YAYASAN PENDIDIKAN IMAM BONJOL MAJALENGKA,JAWA BARAT,SWASTA,BAIK,-,KEPERAWATAN,S1,BAIK SEKALI,9100000.0,4550000.0
1,862,SEKOLAH TINGGI PEMBANGUNAN MASYARAKAT DESA APMD,D.I. YOGYAKARTA,SWASTA,B,-,PEMBANGUNAN SOSIAL,S1,BAIK SEKALI,9150000.0,4575000.0
1,863,UNIVERSITAS MUHAMMADIYAH MUARA BUNGO,JAMBI,SWASTA,BAIK SEKALI,-,INFORMATIKA MEDIS,S1,BAIK,9150000.0,4575000.0
1,865,UNIVERSITAS INDRAPRASTA PGRI,D.K.I. JAKARTA,SWASTA,B,FAKULTAS PASCASARJANA,BAHASA INGGRIS,S1,A,9150000.0,4575000.0
1,865,UNIVERSITAS INDRAPRASTA PGRI,D.K.I. JAKARTA,SWASTA,B,FAKULTAS TEKNIK DAN ILMU KOMPUTER,INDUSTRI,S1,B,9150000.0,4575000.0
1,861,UNIVERSITAS MITRA INDONESIA,LAMPUNG,SWASTA,BAIK SEKALI,-,SISTEM INFORMASI,S1,BAIK SEKALI,9180000.0,4590000.0
1,861,UNIVERSITAS MITRA INDONESIA,LAMPUNG,SWASTA,BAIK SEKALI,-,KESEHATAN MASYARAKAT,S1,BAIK SEKALI,9180000.0,4590000.0
1,861,UNIVERSITAS MITRA INDONESIA,LAMPUNG,SWASTA,BAIK SEKALI,-,AKUNTANSI,S1,BAIK SEKALI,9180000.0,4590000.0
1,861,UNIVERSITAS MITRA INDONESIA,LAMPUNG,SWASTA,BAIK SEKALI,-,HUKUM,S1,BAIK,9180000.0,4590000.0
1,855,INSTITUT TEKNOLOGI DAN SAINS MANDALA,JAWA TIMUR,SWASTA,BAIK SEKALI,EKONOMI DAN BISNIS,MANAJEMEN,S1,BAIK SEKALI,9200000.0,4600000.0
1,858,UNIVERSITAS MURIA KUDUS,JAWA TENGAH,SWASTA,B,-,BIMBINGAN KONSELING,S1,B,9200000.0,4600000.0
1,859,UNIVERSITAS NASIONAL KARANGTURI SEMARANG,JAWA TENGAH,SWASTA,BAIK,-,BAHASA INGGRIS,S1,BAIK,9200000.0,4600000.0
1,859,UNIVERSITAS NASIONAL KARANGTURI SEMARANG,JAWA TENGAH,SWASTA,BAIK,-,TEKNOLOGI PANGAN,S1,BAIK,9200000.0,4600000.0
1,854,UNIVERSITAS KATOLIK WIDYA KARYA,JAWA TIMUR,SWASTA,BAIK,-,AGRIBISNIS,S1,B,9250000.0,4625000.0
1,853,INSTITUT TEKNOLOGI DAN BISNIS NOBEL INDONESIA,SULAWESI SELATAN,SWASTA,BAIK SEKALI,-,TEKNOLOGI HASIL PERIKANAN,S1,BAIK,9300000.0,4650000.0
1,853,INSTITUT TEKNOLOGI DAN BISNIS NOBEL INDONESIA,SULAWESI SELATAN,SWASTA,BAIK SEKALI,-,TEKNOLOGI INFORMASI,S1,BAIK,9300000.0,4650000.0
1,848,UNIVERSITAS FLORES,NUSA TENGGARA TIMUR,SWASTA,B,-,AGROTEKNOLOGI,S1,C,9305000.0,4652500.0
1,848,UNIVERSITAS FLORES,NUSA TENGGARA TIMUR,SWASTA,B,-,BIOLOGI,S1,BAIK,9305000.0,4652500.0
1,848,UNIVERSITAS FLORES,NUSA TENGGARA TIMUR,SWASTA,B,-,SASTRA INGGRIS,S1,B,9305000.0,4652500.0
1,848,UNIVERSITAS FLORES,NUSA TENGGARA TIMUR,SWASTA,B,-,AKUNTANSI,S1,C,9305000.0,4652500.0
1,847,UNIVERSITAS WIRARAJA,JAWA TIMUR,SWASTA,BAIK SEKALI,-,SISTEM INFORMASI,S1,BAIK,9313750.0,4656875.0
1,847,UNIVERSITAS WIRARAJA,JAWA TIMUR,SWASTA,BAIK SEKALI,-,INFORMATIKA,S1,BAIK,9313750.0,4656875.0
1,847,UNIVERSITAS WIRARAJA,JAWA TIMUR,SWASTA,BAIK SEKALI,-,SIPIL,S1,BAIK SEKALI,9313750.0,4656875.0
1,847,UNIVERSITAS WIRARAJA,JAWA TIMUR,SWASTA,BAIK SEKALI,-,KEPERAWATAN,S1,BAIK SEKALI,9313750.0,4656875.0
1,847,UNIVERSITAS WIRARAJA,JAWA TIMUR,SWASTA,BAIK SEKALI,-,AGRIBISNIS,S1,BAIK SEKALI,9313750.0,4656875.0
1,846,UNIVERSITAS SLAMET RIYADI,JAWA TENGAH,SWASTA,BAIK SEKALI,-,HUKUM,S1,BAIK SEKALI,9340000.0,4670000.0
1,846,UNIVERSITAS SLAMET RIYADI,JAWA TENGAH,SWASTA,BAIK SEKALI,-,TEKNOLOGI PANGAN,S1,B,9340000.0,4670000.0
1,846,UNIVERSITAS SLAMET RIYADI,JAWA TENGAH,SWASTA,BAIK SEKALI,-,GURU ANAK USIA DINI,S1,BAIK SEKALI,9340000.0,4670000.0
1,844,UNIVERSITAS SURAKARTA,JAWA TENGAH,SWASTA,BAIK,FAKULTAS TEKNIK SIPIL DAN PERENCANAAN,ARSITEKTUR,S1,B,9390000.0,4695000.0
1,844,UNIVERSITAS SURAKARTA,JAWA TENGAH,SWASTA,BAIK,PASCASARJANA,ADMINISTRASI,S1,-,9390000.0,4695000.0
1,843,SEKOLAH TINGGI PERTANIAN KUTAI TIMUR,KALIMANTAN TIMUR,SWASTA,BAIK,-,KEHUTANAN,S1,BAIK,9416250.0,4708125.0
1,843,SEKOLAH TINGGI PERTANIAN KUTAI TIMUR,KALIMANTAN TIMUR,SWASTA,BAIK,-,PERTANIAN,S1,BAIK,9416250.0,4708125.0
1,842,UNIVERSITAS ISLAM MADURA,JAWA TIMUR,SWASTA,BAIK,-,AKUNTANSI,S1,B,9435000.0,4717500.0
1,834,UNIVERSITAS SANG BUMI RUWA JURAI,LAMPUNG,SWASTA,BAIK SEKALI,-,REKAYASA / SIPIL,S1,BAIK SEKALI,9500000.0,4750000.0
1,834,UNIVERSITAS SANG BUMI RUWA JURAI,LAMPUNG,SWASTA,BAIK SEKALI,-,MANAJEMEN,S1,BAIK SEKALI,9500000.0,4750000.0
1,834,UNIVERSITAS SANG BUMI RUWA JURAI,LAMPUNG,SWASTA,BAIK SEKALI,-,HUKUM,S1,BAIK SEKALI,9500000.0,4750000.0
1,834,UNIVERSITAS SANG BUMI RUWA JURAI,LAMPUNG,SWASTA,BAIK SEKALI,-,MESIN,S1,BAIK,9500000.0,4750000.0
1,829,UNIVERSITAS HALIM SANUSI,JAWA BARAT,SWASTA,BAIK,-,FARMASI,S1,BAIK,9516000.0,4758000.0
1,827,UNIVERSITAS PANCA BHAKTI,KALIMANTAN BARAT,SWASTA,TERAKREDITASI,-,SIPIL,S1,C,9590000.0,4795000.0
1,827,UNIVERSITAS PANCA BHAKTI,KALIMANTAN BARAT,SWASTA,TERAKREDITASI,-,REKAYASA INFRASTRUKTUR LINGKUNGAN,S1,BAIK,9590000.0,4795000.0
1,827,UNIVERSITAS PANCA BHAKTI,KALIMANTAN BARAT,SWASTA,TERAKREDITASI,-,AKUNTANSI,S1,BAIK SEKALI,9590000.0,4795000.0
1,826,UNIVERSITAS SATYA TERRA BHINNEKA,SUMATERA UTARA,SWASTA,BAIK,-,KEWIRAUSAHAAN,S1,BAIK SEKALI,9600000.0,4800000.0
1,819,SEKOLAH TINGGI ILMU HUKUM DAN POLITIK PELOPOR BANGSA,JAWA BARAT,SWASTA,BAIK,-,POLITIK,S1,BAIK,9600000.0,4800000.0
1,822,SEKOLAH TINGGI ILMU KESEHATAN HAKLI,JAWA TENGAH,SWASTA,BAIK,-,KESEHATAN MASYARAKAT,S1,BAIK SEKALI,9600000.0,4800000.0
1,826,UNIVERSITAS SATYA TERRA BHINNEKA,SUMATERA UTARA,SWASTA,BAIK,-,AGRIBISNIS,S1,BAIK,9600000.0,4800000.0
1,816,STIE JAKARTA INTERNATIONAL COLLEGE,DKI JAKARTA,SWASTA,B,SARJANA,AKUNTANSI,S1,-,9685000.0,4842500.0
1,813,POLITEKNIK API YOGYAKARTA,D.I. YOGYAKARTA,SWASTA,BAIK,PARIWISATA,PARIWISATA,S1,-,9700000.0,4850000.0
1,814,UNIVERSITAS INFORMATIKA DAN BISNIS INDONESIA,JAWA BARAT,SWASTA,BAIK SEKALI,-,AKUNTANSI,S1,BAIK,9700000.0,4850000.0
1,814,UNIVERSITAS INFORMATIKA DAN BISNIS INDONESIA,JAWA BARAT,SWASTA,BAIK SEKALI,-,INFORMATIKA,S1,BAIK SEKALI,9700000.0,4850000.0
1,812,UNIVERSITAS CORDOVA,NUSA TENGGARA BARAT,SWASTA,BAIK,-,PEMANFAATAN SUMBER DAYA PERIKANAN,S1,BAIK,9724000.0,4862000.0
1,812,UNIVERSITAS CORDOVA,NUSA TENGGARA BARAT,SWASTA,BAIK,-,BAHASA INGGRIS,S1,BAIK SEKALI,9724000.0,4862000.0
1,810,UNIVERSITAS SEMARANG,JAWA TENGAH,SWASTA,B,FAKULTAS TEKNIK,ELEKTRO,S1,C,9740000.0,4870000.0
1,810,UNIVERSITAS SEMARANG,JAWA TENGAH,SWASTA,B,FAKULTAS TEKNOLOGI INFORMASI DAN KOMUNIKASI,INFORMATIKA,S1,B,9740000.0,4870000.0
1,810,UNIVERSITAS SEMARANG,JAWA TENGAH,SWASTA,B,FAKULTAS TEKNOLOGI PERTANIAN,TEKNOLOGI HASIL PERTANIAN,S1,BAIK SEKALI,9740000.0,4870000.0
1,808,UNIVERSITAS MUHAMMADIYAH PAPUA,PAPUA,SWASTA,BAIK,-,KOMUNIKASI,S1,B,9750000.0,4875000.0
1,809,INSTITUT SAINS DAN TEKNOLOGI TD PARDEDE,SUMATERA UTARA,SWASTA,BAIK,-,INDUSTRI,S1,C,9750000.0,4875000.0
1,809,INSTITUT SAINS DAN TEKNOLOGI TD PARDEDE,SUMATERA UTARA,SWASTA,BAIK,-,MANAJEMEN INFORMATIKA,S1,C,9750000.0,4875000.0
1,809,INSTITUT SAINS DAN TEKNOLOGI TD PARDEDE,SUMATERA UTARA,SWASTA,BAIK,-,PERENCANAAN WILAYAH KOTA,S1,C,9750000.0,4875000.0
1,806,UNIVERSITAS MUHAMMADIYAH TEGAL,JAWA TENGAH,SWASTA,BAIK,-,INFORMATIKA,S1,BAIK,9800000.0,4900000.0
1,803,UNIVERSITAS ISLAM NAHDLATUL ULAMA JEPARA,JAWA TENGAH,SWASTA,BAIK SEKALI,-,KOMUNIKASI PENYIARAN ISLAM,S1,B,9886000.0,4943000.0
1,803,UNIVERSITAS ISLAM NAHDLATUL ULAMA JEPARA,JAWA TENGAH,SWASTA,BAIK SEKALI,-,INFORMATIKA,S1,BAIK SEKALI,9886000.0,4943000.0
1,803,UNIVERSITAS ISLAM NAHDLATUL ULAMA JEPARA,JAWA TENGAH,SWASTA,BAIK SEKALI,-,INDUSTRI,S1,BAIK SEKALI,9886000.0,4943000.0
1,803,UNIVERSITAS ISLAM NAHDLATUL ULAMA JEPARA,JAWA TENGAH,SWASTA,BAIK SEKALI,-,HUKUM KELUARGA ISLAM,S1,B,9886000.0,4943000.0
1,802,UNIVERSITAS BALIKPAPAN,KALIMANTAN TIMUR,SWASTA,B,-,AKUNTANSI,S1,B,9900000.0,4950000.0
1,802,UNIVERSITAS BALIKPAPAN,KALIMANTAN TIMUR,SWASTA,B,-,LINGKUNGAN,S1,BAIK,9900000.0,4950000.0
1,792,SEKOLAH TINGGI ILMU KESEHATAN SISMADI,JAWA BARAT,SWASTA,BAIK,KEPERAWATAN,KESEHATAN MASYARAKAT,S1,-,10000000.0,5000000.0
1,783,UNIVERSITAS JABAL GHAFUR,ACEH,SWASTA,BAIK SEKALI,FAKULTAS KEGURUAN DAN ILMU PENDIDIKAN,BIOLOGI,S1,BAIK SEKALI,10000000.0,5000000.0
1,795,UNIVERSITAS NURDIN HAMZAH,JAMBI,SWASTA,BAIK,-,PEMERINTAHAN,S1,B,10000000.0,5000000.0
1,797,UNIVERSITAS BUNG KARNO,D.K.I. JAKARTA,SWASTA,B,FAKULTAS ILMU KOMPUTER,SISTEM INFORMASI,S1,B,10000000.0,5000000.0
1,777,UNIVERSITAS MOCHAMMAD SROEDJI,JAWA TIMUR,SWASTA,BAIK,-,BIMBINGAN KONSELING,S1,B,10000000.0,5000000.0
1,777,UNIVERSITAS MOCHAMMAD SROEDJI,JAWA TIMUR,SWASTA,BAIK,-,MANAJEMEN,S1,B,10000000.0,5000000.0
1,789,UNIVERSITAS TABANAN,BALI,SWASTA,BAIK SEKALI,-,AGRIBISNIS,S1,BAIK,10000000.0,5000000.0
1,783,UNIVERSITAS JABAL GHAFUR,ACEH,SWASTA,BAIK SEKALI,FAKULTAS PERTANIAN,AGROTEKNOLOGI,S1,BAIK,10000000.0,5000000.0
1,783,UNIVERSITAS JABAL GHAFUR,ACEH,SWASTA,BAIK SEKALI,FAKULTAS KEGURUAN DAN ILMU PENDIDIKAN,BAHASA INGGRIS,S1,BAIK SEKALI,10000000.0,5000000.0
1,776,UNIVERSITAS PGRI ARGOPURO JEMBER,JAWA TIMUR,SWASTA,BAIK SEKALI,-,GURU ANAK USIA DINI,S1,B,10000000.0,5000000.0
1,787,INSTITUT TEKNOLOGI MINAESA,SULAWESI UTARA,SWASTA,BAIK,-,KELAUTAN,S1,BAIK SEKALI,10000000.0,5000000.0
1,795,UNIVERSITAS NURDIN HAMZAH,JAMBI,SWASTA,BAIK,-,INFORMATIKA,S1,BAIK SEKALI,10000000.0,5000000.0
1,776,UNIVERSITAS PGRI ARGOPURO JEMBER,JAWA TIMUR,SWASTA,BAIK SEKALI,-,LUAR BIASA,S1,B,10000000.0,5000000.0
1,776,UNIVERSITAS PGRI ARGOPURO JEMBER,JAWA TIMUR,SWASTA,BAIK SEKALI,-,LINGKUNGAN,S1,BAIK,10000000.0,5000000.0
1,796,UNIVERSITAS MADURA,JAWA TIMUR,SWASTA,B,-,INDUSTRI,S1,BAIK,10000000.0,5000000.0
1,776,UNIVERSITAS PGRI ARGOPURO JEMBER,JAWA TIMUR,SWASTA,BAIK SEKALI,-,PANCASILA KEWARGANEGARAAN,S1,BAIK SEKALI,10000000.0,5000000.0
1,774,UNIVERSITAS ALMARISAH MADANI,SULAWESI SELATAN,SWASTA,BAIK SEKALI,-,INFORMATIKA,S1,BAIK,10000000.0,5000000.0
1,783,UNIVERSITAS JABAL GHAFUR,ACEH,SWASTA,BAIK SEKALI,FAKULTAS PERTANIAN,AGRIBISNIS,S1,B,10000000.0,5000000.0
1,796,UNIVERSITAS MADURA,JAWA TIMUR,SWASTA,B,-,BAHASA INDONESIA,S1,B,10000000.0,5000000.0
1,776,UNIVERSITAS PGRI ARGOPURO JEMBER,JAWA TIMUR,SWASTA,BAIK SEKALI,-,BIOLOGI,S1,B,10000000.0,5000000.0
1,776,UNIVERSITAS PGRI ARGOPURO JEMBER,JAWA TIMUR,SWASTA,BAIK SEKALI,-,MATEMATIKA,S1,BAIK SEKALI,10000000.0,5000000.0
1,781,SEKOLAH TINGGI ILMU KESEHATAN RAJEKWESI BOJONEGORO,JAWA TIMUR,SWASTA,TERAKREDITASI,-,FARMASI,S1,BAIK,10000000.0,5000000.0
1,783,UNIVERSITAS JABAL GHAFUR,ACEH,SWASTA,BAIK SEKALI,-,PANCASILA KEWARGANEGARAAN,S1,BAIK SEKALI,10000000.0,5000000.0
1,776,UNIVERSITAS PGRI ARGOPURO JEMBER,JAWA TIMUR,SWASTA,BAIK SEKALI,-,BISNIS DIGITAL,S1,BAIK,10000000.0,5000000.0
1,796,UNIVERSITAS MADURA,JAWA TIMUR,SWASTA,B,-,ADMINISTRASI PUBLIK,S1,B,10000000.0,5000000.0
1,783,UNIVERSITAS JABAL GHAFUR,ACEH,SWASTA,BAIK SEKALI,-,JASMANI,S1,BAIK SEKALI,10000000.0,5000000.0
1,769,UNIVERSITAS PGRI MADIUN,JAWA TIMUR,SWASTA,B,-,SISTEM INFORMASI,S1,C,10091000.0,5045500.0
1,769,UNIVERSITAS PGRI MADIUN,JAWA TIMUR,SWASTA,B,-,HUKUM,S1,BAIK,10091000.0,5045500.0
1,769,UNIVERSITAS PGRI MADIUN,JAWA TIMUR,SWASTA,B,-,ANAK USIA DINI,S1,B,10091000.0,5045500.0
1,769,UNIVERSITAS PGRI MADIUN,JAWA TIMUR,SWASTA,B,-,FISIKA,S1,C,10091000.0,5045500.0
1,769,UNIVERSITAS PGRI MADIUN,JAWA TIMUR,SWASTA,B,-,MANAJEMEN,S1,B,10091000.0,5045500.0
1,768,UNIVERSITAS PGRI SUMATERA BARAT,SUMATERA BARAT,SWASTA,B,-,BAHASA SASTRA INDONESIA,S1,B,10100000.0,5050000.0
1,768,UNIVERSITAS PGRI SUMATERA BARAT,SUMATERA BARAT,SWASTA,B,-,BIMBINGAN KONSELING,S1,BAIK SEKALI,10100000.0,5050000.0
1,768,UNIVERSITAS PGRI SUMATERA BARAT,SUMATERA BARAT,SWASTA,B,-,PANCASILA KEWARGANEGARAAN,S1,BAIK,10100000.0,5050000.0
1,768,UNIVERSITAS PGRI SUMATERA BARAT,SUMATERA BARAT,SWASTA,B,-,KEWIRAUSAHAAN,S1,BAIK,10100000.0,5050000.0
1,763,INSTITUT INFORMATIKA DAN BISNIS DARMAJAYA,LAMPUNG,SWASTA,BAIK SEKALI,-,PARIWISATA,S1,BAIK,10252000.0,5126000.0
1,763,INSTITUT INFORMATIKA DAN BISNIS DARMAJAYA,LAMPUNG,SWASTA,BAIK SEKALI,-,DESAIN KOMUNIKASI VISUAL,S1,BAIK,10252000.0,5126000.0
1,763,INSTITUT INFORMATIKA DAN BISNIS DARMAJAYA,LAMPUNG,SWASTA,BAIK SEKALI,-,SAINS DATA,S1,BAIK,10252000.0,5126000.0
1,762,UNIVERSITAS DHARMAS INDONESIA,SUMATERA BARAT,SWASTA,BAIK,-,BAHASA INDONESIA,S1,BAIK,10297500.0,5148750.0
1,762,UNIVERSITAS DHARMAS INDONESIA,SUMATERA BARAT,SWASTA,BAIK,-,BAHASA INGGRIS,S1,BAIK,10297500.0,5148750.0
1,758,UNIVERSITAS MUHAMMADIYAH SUMATERA BARAT,SUMATERA BARAT,SWASTA,BAIK SEKALI,-,HUKUM,S1,B,10319429.0,5159714.0
1,758,UNIVERSITAS MUHAMMADIYAH SUMATERA BARAT,SUMATERA BARAT,SWASTA,BAIK SEKALI,-,SIPIL,S1,B,10319429.0,5159714.0
1,758,UNIVERSITAS MUHAMMADIYAH SUMATERA BARAT,SUMATERA BARAT,SWASTA,BAIK SEKALI,-,POLITIK,S1,BAIK,10319429.0,5159714.0
1,756,UNIVERSITAS POTENSI UTAMA,SUMATERA UTARA,SWASTA,BAIK SEKALI,-,DESAIN INTERIOR,S1,B,10325000.0,5162500.0
1,756,UNIVERSITAS POTENSI UTAMA,SUMATERA UTARA,SWASTA,BAIK SEKALI,-,INFORMATIKA,S1,BAIK SEKALI,10325000.0,5162500.0
1,754,INSTITUT PERTANIAN STIPER,D.I. YOGYAKARTA,SWASTA,B,-,TEKNOLOGI HASIL PERTANIAN,S1,B,10356250.0,5178125.0
1,753,UNIVERSITAS BUDDHI DHARMA,BANTEN,SWASTA,BAIK,FAKULTAS BISNIS,MANAJEMEN,S1,BAIK SEKALI,10390000.0,5195000.0
1,753,UNIVERSITAS BUDDHI DHARMA,BANTEN,SWASTA,BAIK,FAKULTAS SAINS DAN TEKNOLOGI,INDUSTRI,S1,BAIK,10390000.0,5195000.0
1,752,UNIVERSITAS WIDYA DHARMA PONTIANAK,KALIMANTAN BARAT,SWASTA,BAIK,-,INFORMATIKA,S1,BAIK SEKALI,10400000.0,5200000.0
1,743,UNIVERSITAS SAINS DAN TEKNOLOGI JAYAPURA,PAPUA,SWASTA,BAIK,-,KOMUNIKASI,S1,-,10500000.0,5250000.0
1,743,UNIVERSITAS SAINS DAN TEKNOLOGI JAYAPURA,PAPUA,SWASTA,BAIK,-,PERTAMBANGAN,S1,C,10500000.0,5250000.0
1,743,UNIVERSITAS SAINS DAN TEKNOLOGI JAYAPURA,PAPUA,SWASTA,BAIK,-,SISTEM INFORMASI,S1,BAIK SEKALI,10500000.0,5250000.0
1,743,UNIVERSITAS SAINS DAN TEKNOLOGI JAYAPURA,PAPUA,SWASTA,BAIK,-,MESIN,S1,B,10500000.0,5250000.0
1,743,UNIVERSITAS SAINS DAN TEKNOLOGI JAYAPURA,PAPUA,SWASTA,BAIK,-,PEMERINTAHAN,S1,BAIK,10500000.0,5250000.0
1,742,UNIVERSITAS SERANG RAYA,BANTEN,SWASTA,B,FAKULTAS EKONOMI,AKUNTANSI,S1,B,10524500.0,5262250.0
1,742,UNIVERSITAS SERANG RAYA,BANTEN,SWASTA,B,FAKULTAS HUKUM,HUKUM,S1,BAIK,10524500.0,5262250.0
1,736,UNIVERSITAS AKPRIND INDONESIA,D.I. YOGYAKARTA,SWASTA,BAIK SEKALI,-,REKAYASA SISTEM KOMPUTER,S1,BAIK SEKALI,10630000.0,5315000.0
1,736,UNIVERSITAS AKPRIND INDONESIA,D.I. YOGYAKARTA,SWASTA,BAIK SEKALI,-,KIMIA,S1,BAIK SEKALI,10630000.0,5315000.0
1,733,UNIVERSITAS AL-GHIFARI,JAWA BARAT,SWASTA,BAIK,-,TEKNOLOGI INDUSTRI PERTANIAN,S1,BAIK,10690000.0,5345000.0
1,732,UNIVERSITAS KADER BANGSA,SUMATERA SELATAN,SWASTA,BAIK SEKALI,-,KEPERAWATAN,S1,BAIK,10700000.0,5350000.0
1,731,INSTITUT TEKNOLOGI NASIONAL YOGYAKARTA,D.I. YOGYAKARTA,SWASTA,B,-,MESIN,S1,BAIK SEKALI,10705970.0,5352985.0
1,727,UNIVERSITAS DJUANDA,JAWA BARAT,SWASTA,B,FAKULTAS ILMU PANGAN HALAL,TEKNOLOGI PANGAN GIZI,S1,-,10800000.0,5400000.0
1,727,UNIVERSITAS DJUANDA,JAWA BARAT,SWASTA,B,FAKULTAS EKONOMI,AKUNTANSI,S1,B,10800000.0,5400000.0
1,727,UNIVERSITAS DJUANDA,JAWA BARAT,SWASTA,B,"FAKULTAS ILMU SOSIAL, ILMU POLITIK DAN ILMU KOMPUTER",KOMPUTER,S1,BAIK,10800000.0,5400000.0
1,727,UNIVERSITAS DJUANDA,JAWA BARAT,SWASTA,B,FAKULTAS PERTANIAN,AGROTEKNOLOGI,S1,B,10800000.0,5400000.0
1,727,UNIVERSITAS DJUANDA,JAWA BARAT,SWASTA,B,PASCASARJANA,MAGISTER TEKNOLOGI PANGAN,S1,-,10800000.0,5400000.0
1,727,UNIVERSITAS DJUANDA,JAWA BARAT,SWASTA,B,FAKULTAS AGAMA ISLAM DAN PENDIDIKAN GURU,PERBANKAN SYARIAH,S1,BAIK SEKALI,10800000.0,5400000.0
1,723,UNIVERSITAS MUHAMMADIYAH SUKABUMI,JAWA BARAT,SWASTA,BAIK SEKALI,-,JASMANI KESEHATAN REKREASI,S1,BAIK SEKALI,10836000.0,5418000.0
1,723,UNIVERSITAS MUHAMMADIYAH SUKABUMI,JAWA BARAT,SWASTA,BAIK SEKALI,-,KEPERAWATAN,S1,BAIK,10836000.0,5418000.0
1,723,UNIVERSITAS MUHAMMADIYAH SUKABUMI,JAWA BARAT,SWASTA,BAIK SEKALI,-,KIMIA,S1,BAIK SEKALI,10836000.0,5418000.0
1,723,UNIVERSITAS MUHAMMADIYAH SUKABUMI,JAWA BARAT,SWASTA,BAIK SEKALI,-,TEKNOLOGI INFORMASI,S1,B,10836000.0,5418000.0
1,722,UNIVERSITAS YUPPENTEK INDONESIA,BANTEN,SWASTA,BAIK,-,MESIN,S1,BAIK,10850000.0,5425000.0
1,719,UNIVERSITAS SETIA BUDHI RANGKASBITUNG,BANTEN,SWASTA,BAIK,-,JASMANI KESEHATAN,S1,BAIK SEKALI,10920000.0,5460000.0
1,718,SEKOLAH TINGGI BAHASA ASING LIA YOGYAKARTA,D.I. YOGYAKARTA,SWASTA,B,SASTRA INGGRIS,SASTRA INGGRIS,S1,B,10950000.0,5475000.0
1,714,UNIVERSITAS MUHAMMADIYAH GORONTALO,GORONTALO,SWASTA,BAIK SEKALI,-,PENGETAHUAN ALAM,S1,BAIK,11000000.0,5500000.0
1,714,UNIVERSITAS MUHAMMADIYAH GORONTALO,GORONTALO,SWASTA,BAIK SEKALI,FAKULTAS SAINS DAN TEKNOLOGI,GEOGRAFI,S1,BAIK SEKALI,11000000.0,5500000.0
1,717,UNIVERSITAS YATSI MADANI,BANTEN,SWASTA,BAIK SEKALI,EKONOMI DAN BISNIS,KEWIRAUSAHAAN,S1,BAIK,11000000.0,5500000.0
1,714,UNIVERSITAS MUHAMMADIYAH GORONTALO,GORONTALO,SWASTA,BAIK SEKALI,-,KOMPUTER,S1,BAIK,11000000.0,5500000.0
1,714,UNIVERSITAS MUHAMMADIYAH GORONTALO,GORONTALO,SWASTA,BAIK SEKALI,FAKULTAS ILMU KESEHATAN,KEPERAWATAN,S1,BAIK SEKALI,11000000.0,5500000.0
1,715,UNIVERSITAS TEKNOLOGI BANDUNG,JAWA BARAT,SWASTA,BAIK,-,DESAIN KOMUNIKASI VISUAL,S1,BAIK,11000000.0,5500000.0
1,717,UNIVERSITAS YATSI MADANI,BANTEN,SWASTA,BAIK SEKALI,SAINS DAN TEKNOLOGI,BISNIS DIGITAL,S1,BAIK,11000000.0,5500000.0
1,710,SEKOLAH TINGGI ILMU KESEHATAN WILLIAM BOOTH,JAWA TIMUR,SWASTA,BAIK SEKALI,DIPLOMA,KEPERAWATAN,S1,BAIK SEKALI,11000000.0,5500000.0
1,714,UNIVERSITAS MUHAMMADIYAH GORONTALO,GORONTALO,SWASTA,BAIK SEKALI,FAKULTAS ILMU-ILMU PERTANIAN,BUDIDAYA PERAIRAN,S1,-,11000000.0,5500000.0
1,714,UNIVERSITAS MUHAMMADIYAH GORONTALO,GORONTALO,SWASTA,BAIK SEKALI,-,PSIKOLOGI,S1,BAIK,11000000.0,5500000.0
1,704,SEKOLAH TINGGI ILMU EKONOMI PERDAGANGAN,SUMATERA BARAT,SWASTA,BAIK,-,MANAJEMEN,S1,BAIK,11082500.0,5541250.0
1,703,UNIVERSITAS WIDYATAMA,JAWA BARAT,SWASTA,B,-,ELEKTRO,S1,C,11100000.0,5550000.0
1,703,UNIVERSITAS WIDYATAMA,JAWA BARAT,SWASTA,B,FAKULTAS TEKNIK,INFORMATIKA,S1,B,11100000.0,5550000.0
1,703,UNIVERSITAS WIDYATAMA,JAWA BARAT,SWASTA,B,FAKULTAS TEKNIK,INDUSTRI,S1,B,11100000.0,5550000.0
1,703,UNIVERSITAS WIDYATAMA,JAWA BARAT,SWASTA,B,-,PERDAGANGAN INTERNASIONAL,S1,BAIK SEKALI,11100000.0,5550000.0
1,703,UNIVERSITAS WIDYATAMA,JAWA BARAT,SWASTA,B,FAKULTAS BAHASA,SASTRA & BAHASA ASING,S1,-,11100000.0,5550000.0
1,703,UNIVERSITAS WIDYATAMA,JAWA BARAT,SWASTA,B,FAKULTAS BAHASA,SASTRA INGGRIS,S1,B,11100000.0,5550000.0
1,703,UNIVERSITAS WIDYATAMA,JAWA BARAT,SWASTA,B,-,DESAIN GRAFIS,S1,A,11100000.0,5550000.0
1,701,UNIVERSITAS MUHAMMADIYAH GRESIK,JAWA TIMUR,SWASTA,BAIK SEKALI,-,TEKNOLOGI PANGAN,S1,BAIK,11150000.0,5575000.0
1,701,UNIVERSITAS MUHAMMADIYAH GRESIK,JAWA TIMUR,SWASTA,BAIK SEKALI,-,KEPERAWATAN,S1,B,11150000.0,5575000.0
1,701,UNIVERSITAS MUHAMMADIYAH GRESIK,JAWA TIMUR,SWASTA,BAIK SEKALI,-,KONSTRUKSI PERKAPALAN,S1,BAIK,11150000.0,5575000.0
1,698,UNIVERSITAS INDONESIA MEMBANGUN,JAWA BARAT,SWASTA,B,-,MANAJEMEN,S1,B,11200000.0,5600000.0
1,698,UNIVERSITAS INDONESIA MEMBANGUN,JAWA BARAT,SWASTA,B,-,SISTEM KOMPUTER,S1,BAIK,11200000.0,5600000.0
1,699,UNIVERSITAS ATMA JAYA MAKASSAR,SULAWESI SELATAN,SWASTA,C,-,MESIN,S1,B,11200000.0,5600000.0
1,699,UNIVERSITAS ATMA JAYA MAKASSAR,SULAWESI SELATAN,SWASTA,C,-,ELEKTRO,S1,B,11200000.0,5600000.0
1,698,UNIVERSITAS INDONESIA MEMBANGUN,JAWA BARAT,SWASTA,B,-,KOMUNIKASI,S1,TERAKREDITASI,11200000.0,5600000.0
1,699,UNIVERSITAS ATMA JAYA MAKASSAR,SULAWESI SELATAN,SWASTA,C,-,MANAJEMEN,S1,B,11200000.0,5600000.0
1,697,UNIVERSITAS 17 AGUSTUS 1945 SEMARANG,JAWA TENGAH,SWASTA,BAIK SEKALI,-,ADMINISTRASI BISNIS,S1,B,11250000.0,5625000.0
1,696,STT MINYAK DAN GAS CILACAP,JAWA TENGAH,SWASTA,BAIK,-,PERMINYAKAN,S1,BAIK,11300000.0,5650000.0
1,694,UNIVERSITAS MPU TANTULAR,D.K.I. JAKARTA,SWASTA,B,FAKULTAS TEKNIK,ARSITEKTUR,S1,B,11337000.0,5668500.0
1,689,SEKOLAH TINGGI ILMU KESEHATAN MERANGIN,JAMBI,SWASTA,BAIK,-,KESEHATAN MASYARAKAT,S1,C,11400000.0,5700000.0
1,685,SEKOLAH TINGGI ILMU EKONOMI PANCASETIA,KALIMANTAN SELATAN,SWASTA,BAIK SEKALI,-,AKUNTANSI,S1,BAIK SEKALI,11457143.0,5728571.0
1,682,INSTITUT TEKNOLOGI BISNIS AAS INDONESIA,JAWA TENGAH,SWASTA,BAIK,-,EKONOMI SYARIAH,S1,BAIK SEKALI,11500000.0,5750000.0
1,683,UNIVERSITAS SRAGEN,JAWA TENGAH,SWASTA,BAIK,-,ADMINISTRASI RUMAH SAKIT,S1,BAIK,11500000.0,5750000.0
1,681,UNIVERSITAS BINA DARMA,SUMATERA SELATAN,SWASTA,B,FAKULTAS PSIKOLOGI,PSIKOLOGI,S1,B,11500000.0,5750000.0
1,681,UNIVERSITAS BINA DARMA,SUMATERA SELATAN,SWASTA,B,FAKULTAS ILMU KOMPUTER,KOMPUTER,S1,B,11500000.0,5750000.0
1,684,UNIVERSITAS LANGLANGBUANA,JAWA BARAT,SWASTA,B,-,GURU SD,S1,B,11500000.0,5750000.0
1,684,UNIVERSITAS LANGLANGBUANA,JAWA BARAT,SWASTA,B,TEKNIK,INDUSTRI,S1,B,11500000.0,5750000.0
1,684,UNIVERSITAS LANGLANGBUANA,JAWA BARAT,SWASTA,B,ILMU SOSIAL DAN ILMU POLITIK,KOMUNIKASI,S1,B,11500000.0,5750000.0
1,681,UNIVERSITAS BINA DARMA,SUMATERA SELATAN,SWASTA,B,FAKULTAS ILMU KEGURUAN DAN ILMU PENDIDIKAN,OLAHRAGA,S1,B,11500000.0,5750000.0
1,681,UNIVERSITAS BINA DARMA,SUMATERA SELATAN,SWASTA,B,FAKULTAS EKONOMI,BISNIS,S1,-,11500000.0,5750000.0
1,684,UNIVERSITAS LANGLANGBUANA,JAWA BARAT,SWASTA,B,PASCASARJANA,INFORMATIKA,S1,B,11500000.0,5750000.0
1,681,UNIVERSITAS BINA DARMA,SUMATERA SELATAN,SWASTA,B,FAKULTAS BAHASA DAN SASTRA,SASTRA INGGRIS,S1,B,11500000.0,5750000.0
1,675,INSTITUT KESEHATAN DAN BISNIS SURABAYA,JAWA TIMUR,SWASTA,BAIK,-,KEPERAWATAN,S1,BAIK,11600000.0,5800000.0
1,678,UNIVERSITAS MITRA BANGSA,D.K.I. JAKARTA,SWASTA,BAIK SEKALI,-,HUKUM,S1,TERAKREDITASI SEMENTARA,11600000.0,5800000.0
1,675,INSTITUT KESEHATAN DAN BISNIS SURABAYA,JAWA TIMUR,SWASTA,BAIK,-,MANAJEMEN,S1,BAIK SEKALI,11600000.0,5800000.0
1,674,UNIVERSITAS WIJAYA PUTRA,JAWA TIMUR,SWASTA,BAIK SEKALI,FAKULTAS BAHASA DAN SASTRA,SASTRA INGGRIS,S1,B,11600100.0,5800050.0
1,674,UNIVERSITAS WIJAYA PUTRA,JAWA TIMUR,SWASTA,BAIK SEKALI,FAKULTAS TEKNIK,INFORMATIKA,S1,BAIK,11600100.0,5800050.0
1,669,UNIVERSITAS TEKNOLOGI DIGITAL INDONESIA,D.I. YOGYAKARTA,SWASTA,B,-,KOMPUTER,S1,BAIK SEKALI,11669000.0,5834500.0
1,668,SEKOLAH TINGGI ILMU KESEHATAN MAHARDIKA CIREBON,JAWA BARAT,SWASTA,BAIK,DIPLOMA,REKAM MEDIS INFORMASI KESEHATAN,S1,-,11700000.0,5850000.0
1,666,UNIVERSITAS PUTRA INDONESIA,JAWA BARAT,SWASTA,BAIK,-,KOMUNIKASI,S1,BAIK,11841500.0,5920750.0
1,665,UNIVERSITAS MUHAMMADIYAH KOTABUMI,LAMPUNG,SWASTA,B,-,MATEMATIKA,S1,BAIK SEKALI,11950000.0,5975000.0
1,665,UNIVERSITAS MUHAMMADIYAH KOTABUMI,LAMPUNG,SWASTA,B,-,NUTRISI TEKNOLOGI PAKAN TERNAK,S1,BAIK,11950000.0,5975000.0
1,665,UNIVERSITAS MUHAMMADIYAH KOTABUMI,LAMPUNG,SWASTA,B,-,JASMANI,S1,BAIK,11950000.0,5975000.0
1,665,UNIVERSITAS MUHAMMADIYAH KOTABUMI,LAMPUNG,SWASTA,B,-,GURU SEKOLAH DASAR,S1,BAIK SEKALI,11950000.0,5975000.0
1,664,UNIVERSITAS MUHAMMADIYAH KALIMANTAN TIMUR,KALIMANTAN TIMUR,SWASTA,BAIK SEKALI,FAKULTAS ILMU-ILMU SOSIAL DAN HUMANIORA,MANAJEMEN,S1,BAIK SEKALI,11985000.0,5992500.0
1,664,UNIVERSITAS MUHAMMADIYAH KALIMANTAN TIMUR,KALIMANTAN TIMUR,SWASTA,BAIK SEKALI,FAKULTAS ILMU-ILMU SOSIAL DAN HUMANIORA,HUKUM,S1,B,11985000.0,5992500.0
1,664,UNIVERSITAS MUHAMMADIYAH KALIMANTAN TIMUR,KALIMANTAN TIMUR,SWASTA,BAIK SEKALI,FAKULTAS ILMU KESEHATAN DAN FARMASI,FARMASI,S1,BAIK SEKALI,11985000.0,5992500.0
1,664,UNIVERSITAS MUHAMMADIYAH KALIMANTAN TIMUR,KALIMANTAN TIMUR,SWASTA,BAIK SEKALI,-,AKUNTANSI,S1,BAIK SEKALI,11985000.0,5992500.0
1,664,UNIVERSITAS MUHAMMADIYAH KALIMANTAN TIMUR,KALIMANTAN TIMUR,SWASTA,BAIK SEKALI,FAKULTAS ILMU-ILMU SOSIAL DAN HUMANIORA,PSIKOLOGI,S1,BAIK SEKALI,11985000.0,5992500.0
1,660,UNIVERSITAS INDONESIA MAJU,D.K.I. JAKARTA,SWASTA,BAIK,VOKASI DAN PROFESI,KESEHATAN KESELAMATAN KERJA,S1,-,12000000.0,6000000.0
1,646,UNIVERSITAS SAFIN PATI,JAWA TENGAH,SWASTA,BAIK,-,HUKUM,S1,BAIK,12000000.0,6000000.0
1,656,UNIVERSITAS GAJAYANA,JAWA TIMUR,SWASTA,B,FAKULTAS ILMU SOSIAL & BUDAYA,KOMUNIKASI,S1,BAIK,12000000.0,6000000.0
1,658,UNIVERSITAS MUHAMMADIYAH SUMATERA UTARA,SUMATERA UTARA,SWASTA,B,-,TEKNOLOGI HASIL PERTANIAN,S1,B,12000000.0,6000000.0
1,641,UNIVERSITAS ISLAM 45 BEKASI,JAWA BARAT,SWASTA,B,FAKULTAS TEKNIK,MESIN,S1,B,12000000.0,6000000.0
1,650,SEKOLAH TINGGI ILMU EKONOMI SAKTI ALAM KERINCI,JAMBI,SWASTA,B,-,EKONOMI PEMBANGUNAN,S1,BAIK SEKALI,12000000.0,6000000.0
1,641,UNIVERSITAS ISLAM 45 BEKASI,JAWA BARAT,SWASTA,B,"FAKULTAS KOMUNIKASI, SASTRA, DAN BAHASA",KOMUNIKASI,S1,B,12000000.0,6000000.0
1,646,UNIVERSITAS SAFIN PATI,JAWA TENGAH,SWASTA,BAIK,-,GURU SEKOLAH DASAR,S1,BAIK,12000000.0,6000000.0
1,641,UNIVERSITAS ISLAM 45 BEKASI,JAWA BARAT,SWASTA,B,FAKULTAS TEKNIK,KOMPUTER,S1,-,12000000.0,6000000.0
1,658,UNIVERSITAS MUHAMMADIYAH SUMATERA UTARA,SUMATERA UTARA,SWASTA,B,FAKULTAS TEKNIK,SIPIL,S1,B,12000000.0,6000000.0
1,655,UNIVERSITAS NAHDLATUL ULAMA YOGYAKARTA,D.I. YOGYAKARTA,SWASTA,BAIK,-,KOMPUTER,S1,BAIK SEKALI,12000000.0,6000000.0
1,656,UNIVERSITAS GAJAYANA,JAWA TIMUR,SWASTA,B,FAKULTAS TEKNIK & INFORMATIKA,FISIKA,S1,-,12000000.0,6000000.0
1,646,UNIVERSITAS SAFIN PATI,JAWA TENGAH,SWASTA,BAIK,-,ADMINISTRASI NEGARA,S1,BAIK,12000000.0,6000000.0
1,641,UNIVERSITAS ISLAM 45 BEKASI,JAWA BARAT,SWASTA,B,FAKULTAS EKONOMI,MANAJEMEN,S1,B,12000000.0,6000000.0
1,647,STMIK AMIK BANDUNG,JAWA BARAT,SWASTA,BAIK SEKALI,-,DESAIN KOMUNIKASI VISUAL,S1,TERAKREDITASI SEMENTARA,12000000.0,6000000.0
1,655,UNIVERSITAS NAHDLATUL ULAMA YOGYAKARTA,D.I. YOGYAKARTA,SWASTA,BAIK,-,AGRIBISNIS,S1,BAIK,12000000.0,6000000.0
1,655,UNIVERSITAS NAHDLATUL ULAMA YOGYAKARTA,D.I. YOGYAKARTA,SWASTA,BAIK,-,STUDI ISLAM INTERDISIPLINER,S1,BAIK,12000000.0,6000000.0
1,660,UNIVERSITAS INDONESIA MAJU,D.K.I. JAKARTA,SWASTA,BAIK,VOKASI DAN PROFESI,PERIKLANAN,S1,-,12000000.0,6000000.0
1,658,UNIVERSITAS MUHAMMADIYAH SUMATERA UTARA,SUMATERA UTARA,SWASTA,B,FAKULTAS TEKNIK,MESIN,S1,B,12000000.0,6000000.0
1,655,UNIVERSITAS NAHDLATUL ULAMA YOGYAKARTA,D.I. YOGYAKARTA,SWASTA,BAIK,-,BAHASA INGGRIS,S1,BAIK SEKALI,12000000.0,6000000.0
1,648,SEKOLAH TINGGI MANAJEMEN PARIWISATA DAN LOGISTIK LENTERA MONDIAL,D.K.I. JAKARTA,SWASTA,BAIK,-,MANAJEMEN,S1,BAIK,12000000.0,6000000.0
1,639,UNIVERSITAS PGRI KANJURUHAN MALANG,JAWA TIMUR,SWASTA,TERAKREDITASI,-,PENGETAHUAN ALAM,S1,BAIK,12040000.0,6020000.0
1,639,UNIVERSITAS PGRI KANJURUHAN MALANG,JAWA TIMUR,SWASTA,TERAKREDITASI,-,GURU ANAK USIA DINI,S1,BAIK SEKALI,12040000.0,6020000.0
1,639,UNIVERSITAS PGRI KANJURUHAN MALANG,JAWA TIMUR,SWASTA,TERAKREDITASI,-,MANAJEMEN,S1,B,12040000.0,6020000.0
1,638,INSTITUT TEKNOLOGI KESEHATAN DAN SAINS MUHAMMADIYAH SIDRAP,SULAWESI SELATAN,SWASTA,BAIK SEKALI,-,KEPERAWATAN,S1,BAIK SEKALI,12070000.0,6035000.0
1,638,INSTITUT TEKNOLOGI KESEHATAN DAN SAINS MUHAMMADIYAH SIDRAP,SULAWESI SELATAN,SWASTA,BAIK SEKALI,-,ADMINISTRASI KESEHATAN,S1,BAIK,12070000.0,6035000.0
1,637,UNIVERSITAS AKI,JAWA TENGAH,SWASTA,BAIK SEKALI,-,PERPAJAKAN,S1,BAIK SEKALI,12075001.0,6037500.0
1,637,UNIVERSITAS AKI,JAWA TENGAH,SWASTA,BAIK SEKALI,-,SISTEM INFORMASI,S1,BAIK SEKALI,12075001.0,6037500.0
1,632,UNIVERSITAS PGRI YOGYAKARTA,D.I. YOGYAKARTA,SWASTA,BAIK SEKALI,-,ARSITEKTUR,S1,BAIK,12100000.0,6050000.0
1,632,UNIVERSITAS PGRI YOGYAKARTA,D.I. YOGYAKARTA,SWASTA,BAIK SEKALI,-,BAHASA SASTRA INDONESIA,S1,C,12100000.0,6050000.0
1,632,UNIVERSITAS PGRI YOGYAKARTA,D.I. YOGYAKARTA,SWASTA,BAIK SEKALI,-,BIMBINGAN KONSELING,S1,B,12100000.0,6050000.0
1,632,UNIVERSITAS PGRI YOGYAKARTA,D.I. YOGYAKARTA,SWASTA,BAIK SEKALI,-,INDUSTRI,S1,BAIK,12100000.0,6050000.0
1,632,UNIVERSITAS PGRI YOGYAKARTA,D.I. YOGYAKARTA,SWASTA,BAIK SEKALI,-,HUKUM BISNIS,S1,TERAKREDITASI SEMENTARA,12100000.0,6050000.0
1,632,UNIVERSITAS PGRI YOGYAKARTA,D.I. YOGYAKARTA,SWASTA,BAIK SEKALI,-,SISTEM INFORMASI,S1,BAIK,12100000.0,6050000.0
1,631,UNIVERSITAS KUNINGAN,JAWA BARAT,SWASTA,B,-,AKUNTANSI,S1,B,12150000.0,6075000.0
1,631,UNIVERSITAS KUNINGAN,JAWA BARAT,SWASTA,B,-,LINGKUNGAN,S1,BAIK,12150000.0,6075000.0
1,631,UNIVERSITAS KUNINGAN,JAWA BARAT,SWASTA,B,-,DESAIN KOMUNIKASI VISUAL,S1,BAIK,12150000.0,6075000.0
1,631,UNIVERSITAS KUNINGAN,JAWA BARAT,SWASTA,B,-,BAHASA INGGRIS,S1,B,12150000.0,6075000.0
1,629,UNIVERSITAS MOHAMMAD NATSIR BUKITTINGGI,SUMATERA BARAT,SWASTA,BAIK SEKALI,-,ADMINISTRASI PUBLIK,S1,BAIK,12160000.0,6080000.0
1,626,INSTITUT KESEHATAN SUMATERA UTARA,SUMATERA UTARA,SWASTA,BAIK,-,KESEHATAN MASYARAKAT,S1,BAIK SEKALI,12200000.0,6100000.0
1,627,UNIVERSITAS DARMA PERSADA,D.K.I. JAKARTA,SWASTA,B,FAKULTAS BAHASA & BUDAYA,BAHASA INGGRIS,S1,-,12200000.0,6100000.0
1,625,UNIVERSITAS TEKNOLOGI YOGYAKARTA,D.I. YOGYAKARTA,SWASTA,B,-,TEKNOLOGI ARGOINDUSTRI,S1,B,12200000.0,6100000.0
1,627,UNIVERSITAS DARMA PERSADA,D.K.I. JAKARTA,SWASTA,B,FAKULTAS EKONOMI,AKUNTANSI,S1,B,12200000.0,6100000.0
1,627,UNIVERSITAS DARMA PERSADA,D.K.I. JAKARTA,SWASTA,B,FAKULTAS BAHASA & BUDAYA,BAHASA MANDARIN KEBUDAYAAN TIONGKOK,S1,B,12200000.0,6100000.0
1,625,UNIVERSITAS TEKNOLOGI YOGYAKARTA,D.I. YOGYAKARTA,SWASTA,B,-,INFORMATIKA MEDIS,S1,BAIK,12200000.0,6100000.0
1,625,UNIVERSITAS TEKNOLOGI YOGYAKARTA,D.I. YOGYAKARTA,SWASTA,B,-,PSIKOLOGI,S1,B,12200000.0,6100000.0
1,627,UNIVERSITAS DARMA PERSADA,D.K.I. JAKARTA,SWASTA,B,-,SASTRA INGGRIS,S1,B,12200000.0,6100000.0
1,625,UNIVERSITAS TEKNOLOGI YOGYAKARTA,D.I. YOGYAKARTA,SWASTA,B,-,PERENCANAAN WILAYAH KOTA,S1,BAIK SEKALI,12200000.0,6100000.0
1,623,UNIVERSITAS AN NUUR,JAWA TENGAH,SWASTA,BAIK,-,FARMASI,S1,BAIK SEKALI,12250000.0,6125000.0
1,623,UNIVERSITAS AN NUUR,JAWA TENGAH,SWASTA,BAIK,-,BAHASA INGGRIS,S1,BAIK,12250000.0,6125000.0
1,618,SEKOLAH TINGGI TEKNOLOGI CIREBON,JAWA BARAT,SWASTA,BAIK,-,SIPIL,S1,B,12350000.0,6175000.0
1,617,SEKOLAH TINGGI ILMU KESEHATAN PEMKAB PURWOREJO,JAWA TENGAH,SWASTA,BAIK SEKALI,-,ADMINISTRASI RUMAH SAKIT,S1,BAIK,12350000.0,6175000.0
1,615,UNIVERSITAS NOOR HUDA MUSTOFA,JAWA TIMUR,SWASTA,B,-,KEBIDANAN,S1,BAIK SEKALI,12400000.0,6200000.0
1,613,UNIVERSITAS LIA,D.K.I. JAKARTA,SWASTA,BAIK,-,BISNIS DIGITAL,S1,BAIK,12400000.0,6200000.0
1,615,UNIVERSITAS NOOR HUDA MUSTOFA,JAWA TIMUR,SWASTA,B,-,BISNIS DIGITAL,S1,BAIK,12400000.0,6200000.0
1,613,UNIVERSITAS LIA,D.K.I. JAKARTA,SWASTA,BAIK,-,SISTEM INFORMASI,S1,BAIK,12400000.0,6200000.0
1,609,INSTITUT SAINS TEKNOLOGI DAN KESEHATAN 'AISYIYAH KENDARI,SULAWESI TENGGARA,SWASTA,BAIK,-,TEKNOLOGI INFORMASI,S1,BAIK,12500000.0,6250000.0
1,607,UNIVERSITAS 17 AGUSTUS 1945 SAMARINDA,KALIMANTAN TIMUR,SWASTA,BAIK SEKALI,-,ARSITEKTUR,S1,B,12501870.0,6250935.0
1,607,UNIVERSITAS 17 AGUSTUS 1945 SAMARINDA,KALIMANTAN TIMUR,SWASTA,BAIK SEKALI,-,HUKUM,S1,B,12501870.0,6250935.0
1,607,UNIVERSITAS 17 AGUSTUS 1945 SAMARINDA,KALIMANTAN TIMUR,SWASTA,BAIK SEKALI,-,ADMINISTRASI NEGARA,S1,B,12501870.0,6250935.0
1,605,UNIVERSITAS DARUL ULUM ISLAMIC CENTRE SUDIRMAN,JAWA TENGAH,SWASTA,BAIK SEKALI,FAKULTAS TEKNIK,SIPIL,S1,BAIK SEKALI,12550000.0,6275000.0
1,605,UNIVERSITAS DARUL ULUM ISLAMIC CENTRE SUDIRMAN,JAWA TENGAH,SWASTA,BAIK SEKALI,FAKULTAS AGAMA ISLAM,AGAMA ISLAM,S1,BAIK SEKALI,12550000.0,6275000.0
1,605,UNIVERSITAS DARUL ULUM ISLAMIC CENTRE SUDIRMAN,JAWA TENGAH,SWASTA,BAIK SEKALI,-,PANCASILA KEWARGANEGARAAN,S1,BAIK SEKALI,12550000.0,6275000.0
1,599,UNIVERSITAS IBNU CHALDUN,D.K.I. JAKARTA,SWASTA,BAIK,-,HUKUM,S1,B,12600000.0,6300000.0
1,597,UNIVERSITAS MERCUBAKTIJAYA,SUMATERA BARAT,SWASTA,B,-,LOGISTIK,S1,BAIK,12622500.0,6311250.0
1,597,UNIVERSITAS MERCUBAKTIJAYA,SUMATERA BARAT,SWASTA,B,-,KHUSUS,S1,BAIK,12622500.0,6311250.0
1,595,SEKOLAH TINGGI TEKNOLOGI DUTA BANGSA,JAWA BARAT,SWASTA,BAIK,-,ELEKTRO,S1,BAIK SEKALI,12645000.0,6322500.0
1,587,UNIVERSITAS AN NASHER,JAWA BARAT,SWASTA,BAIK,-,FARMASI,S1,BAIK SEKALI,12750000.0,6375000.0
1,587,UNIVERSITAS AN NASHER,JAWA BARAT,SWASTA,BAIK,-,BISNIS DIGITAL,S1,BAIK,12750000.0,6375000.0
1,581,INSTITUT PAHLAWAN 12,BANGKA BELITUNG,SWASTA,BAIK,-,ADMINISTRASI NEGARA,S1,BAIK,12900000.0,6450000.0
1,580,UNIVERSITAS ISLAM JAKARTA,D.K.I. JAKARTA,SWASTA,B,-,ISLAM,S1,A,12950000.0,6475000.0
1,580,UNIVERSITAS ISLAM JAKARTA,D.K.I. JAKARTA,SWASTA,B,FAKULTAS EKONOMI,EKONOMI,S1,-,12950000.0,6475000.0
1,575,INSTITUT TEKNOLOGI DAN SAINS BANDUNG,JAWA BARAT,SWASTA,C,-,TEKNOLOGI PENGOLAHAN SAWIT,S1,C,13000000.0,6500000.0
1,575,INSTITUT TEKNOLOGI DAN SAINS BANDUNG,JAWA BARAT,SWASTA,C,FAKULTAS TEKNIK DAN DESAIN,DESAIN,S1,-,13000000.0,6500000.0
1,569,SEKOLAH TINGGI ILMU EKONOMI SEMARANG,JAWA TENGAH,SWASTA,BAIK SEKALI,-,AKUNTANSI,S1,BAIK SEKALI,13030000.0,6515000.0
1,566,SEKOLAH TINGGI ILMU EKONOMI MAKASSAR BONGAYA,SULAWESI SELATAN,SWASTA,BAIK SEKALI,-,MANAJEMEN,S1,BAIK SEKALI,13100000.0,6550000.0
1,565,POLITEKNIK PIKSI GANESHA,JAWA BARAT,SWASTA,B,-,REKAM MEDIS INFORMASI KESEHATAN,S1,B,13200000.0,6600000.0
1,565,POLITEKNIK PIKSI GANESHA,JAWA BARAT,SWASTA,B,ILMU KESEHATAN,KESEHATAN MASYARAKAT,S1,-,13200000.0,6600000.0
1,563,UNIVERSITAS DIPA MAKASSAR,SULAWESI SELATAN,SWASTA,B,-,REKAYASA PERANGKAT LUNAK,S1,BAIK,13250000.0,6625000.0
1,563,UNIVERSITAS DIPA MAKASSAR,SULAWESI SELATAN,SWASTA,B,-,SISTEM INFORMASI,S1,B,13250000.0,6625000.0
1,558,UNIVERSITAS KRISTEN INDONESIA PAULUS,SULAWESI SELATAN,SWASTA,B,-,INFORMATIKA,S1,C,13400000.0,6700000.0
1,558,UNIVERSITAS KRISTEN INDONESIA PAULUS,SULAWESI SELATAN,SWASTA,B,-,MESIN,S1,B,13400000.0,6700000.0
1,556,UNIVERSITAS GORONTALO,GORONTALO,SWASTA,B,-,TEKNOLOGI INFORMASI,S1,BAIK,13500000.0,6750000.0
1,555,UNIVERSITAS SEHATI INDONESIA,JAWA BARAT,SWASTA,BAIK,-,REKAYASA INDUSTRI,S1,BAIK,13500000.0,6750000.0
1,556,UNIVERSITAS GORONTALO,GORONTALO,SWASTA,B,-,PERIKANAN KELAUTAN,S1,B,13500000.0,6750000.0
1,556,UNIVERSITAS GORONTALO,GORONTALO,SWASTA,B,-,SIPIL,S1,B,13500000.0,6750000.0
1,556,UNIVERSITAS GORONTALO,GORONTALO,SWASTA,B,-,MESIN,S1,BAIK,13500000.0,6750000.0
1,557,UNIVERSITAS DHYANA PURA,BALI,SWASTA,B,-,SISTEM INFORMASI,S1,C,13500000.0,6750000.0
1,557,UNIVERSITAS DHYANA PURA,BALI,SWASTA,B,-,KESEHATAN MASYARAKAT,S1,B,13500000.0,6750000.0
1,557,UNIVERSITAS DHYANA PURA,BALI,SWASTA,B,-,FISIOTERAPI,S1,B,13500000.0,6750000.0
1,556,UNIVERSITAS GORONTALO,GORONTALO,SWASTA,B,-,MANAJEMEN,S1,BAIK SEKALI,13500000.0,6750000.0
1,557,UNIVERSITAS DHYANA PURA,BALI,SWASTA,B,-,GURU PAUD,S1,B,13500000.0,6750000.0
1,554,SEKOLAH TINGGI ILMU KESEHATAN MATARAM,NUSA TENGGARA BARAT,SWASTA,BAIK SEKALI,-,KEPERAWATAN,S1,BAIK SEKALI,13500000.0,6750000.0
1,549,UNIVERSITAS KRISTEN IMMANUEL,D.I. YOGYAKARTA,SWASTA,B,-,TEOLOGI,S1,B,13575923.0,6787961.0
1,549,UNIVERSITAS KRISTEN IMMANUEL,D.I. YOGYAKARTA,SWASTA,B,-,FARMASI,S1,BAIK SEKALI,13575923.0,6787961.0
1,548,INSTITUT DIGITAL EKONOMI LPKIA,JAWA BARAT,SWASTA,BAIK,-,INFORMATIKA,S1,BAIK,13600000.0,6800000.0
1,541,UNIVERSITAS KEPANJEN,JAWA TIMUR,SWASTA,B,-,BISNIS DIGITAL,S1,BAIK,13800000.0,6900000.0
1,541,UNIVERSITAS KEPANJEN,JAWA TIMUR,SWASTA,B,-,PARIWISATA,S1,TERAKREDITASI SEMENTARA,13800000.0,6900000.0
1,538,UNIVERSITAS TEKNOLOGI MUHAMMADIYAH JAKARTA,D.K.I. JAKARTA,SWASTA,BAIK SEKALI,-,SISTEM TEKNOLOGI INFORMASI,S1,BAIK,13805000.0,6902500.0
1,538,UNIVERSITAS TEKNOLOGI MUHAMMADIYAH JAKARTA,D.K.I. JAKARTA,SWASTA,BAIK SEKALI,-,AKUNTANSI,S1,BAIK SEKALI,13805000.0,6902500.0
1,534,INSTITUT TEKNOLOGI DAN BISNIS STIKOM BALI,BALI,SWASTA,B,-,BISNIS DIGITAL,S1,BAIK,13900000.0,6950000.0
1,534,INSTITUT TEKNOLOGI DAN BISNIS STIKOM BALI,BALI,SWASTA,B,-,SISTEM INFORMASI,S1,BAIK SEKALI,13900000.0,6950000.0
1,532,AKADEMI MARITIM NUSANTARA CILACAP,JAWA TENGAH,SWASTA,B,MARITIM,KELAUTAN,S1,-,13990000.0,6995000.0
1,517,SEKOLAH TINGGI ILMU KESEHATAN KELUARGA BUNDA JAMBI,JAMBI,SWASTA,BAIK,-,KEBIDANAN,S1,BAIK,14000000.0,7000000.0
1,518,INSTITUT TEKNOLOGI DAN BISNIS AHMAD DAHLAN,D.K.I. JAKARTA,SWASTA,B,-,AKUNTANSI,S1,BAIK SEKALI,14000000.0,7000000.0
1,515,UNIVERSITAS INTERNASIONAL SEMEN INDONESIA,JAWA TIMUR,SWASTA,BAIK SEKALI,FAKULTAS TEKNOLOGI INFORMASI DAN KREATIF,SISTEM INFORMASI,S1,C,14000000.0,7000000.0
1,515,UNIVERSITAS INTERNASIONAL SEMEN INDONESIA,JAWA TIMUR,SWASTA,BAIK SEKALI,FAKULTAS TEKNOLOGI INDUSTRI DAN AGROINDUSTRI,AGROTEKNOLOGI,S1,-,14000000.0,7000000.0
1,513,INSTITUT MODERN ARSITEKTUR DAN TEKNOLOGI,SUMATERA UTARA,SWASTA,BAIK,-,BISNIS DIGITAL,S1,BAIK,14000000.0,7000000.0
1,525,INSTITUT TEKNOLOGI INDONESIA,BANTEN,SWASTA,BAIK SEKALI,-,MESIN OTOMOTIF,S1,C,14000000.0,7000000.0
1,525,INSTITUT TEKNOLOGI INDONESIA,BANTEN,SWASTA,BAIK SEKALI,FAKULTAS TEKNOLOGI INDUSTRI,KIMIA,S1,B,14000000.0,7000000.0
1,515,UNIVERSITAS INTERNASIONAL SEMEN INDONESIA,JAWA TIMUR,SWASTA,BAIK SEKALI,FAKULTAS EKONOMI DAN BISNIS,EKONOMI SYARIAH,S1,B,14000000.0,7000000.0
1,525,INSTITUT TEKNOLOGI INDONESIA,BANTEN,SWASTA,BAIK SEKALI,FAKULTAS TEKNOLOGI INDUSTRI,INDUSTRI,S1,B,14000000.0,7000000.0
1,527,INSTITUT TEKNOLOGI PADANG,SUMATERA BARAT,SWASTA,B,FAKULTAS TEKNIK,LINGKUNGAN,S1,BAIK,14000000.0,7000000.0
1,525,INSTITUT TEKNOLOGI INDONESIA,BANTEN,SWASTA,BAIK SEKALI,FAKULTAS PERTANIAN,PERTANIAN,S1,-,14000000.0,7000000.0
1,525,INSTITUT TEKNOLOGI INDONESIA,BANTEN,SWASTA,BAIK SEKALI,FAKULTAS TEKNIK SIPIL DAN PERENCANAAN,PERENCANAAN WILAYAH KOTA,S1,C,14000000.0,7000000.0
1,525,INSTITUT TEKNOLOGI INDONESIA,BANTEN,SWASTA,BAIK SEKALI,FAKULTAS PERTANIAN,AGROTEKNOLOGI,S1,-,14000000.0,7000000.0
1,527,INSTITUT TEKNOLOGI PADANG,SUMATERA BARAT,SWASTA,B,FAKULTAS TEKNIK,INFORMATIKA,S1,B,14000000.0,7000000.0
1,528,AKADEMI SEKRETARI DAN MANAJEMEN ARIYANTI,JAWA BARAT,SWASTA,BAIK,MANAJEMEN ADMINISTRASI,MANAJEMEN,S1,-,14000000.0,7000000.0
1,510,UNIVERSITAS NAROTAMA,JAWA TIMUR,SWASTA,B,-,INFORMATIKA,S1,BAIK,14100000.0,7050000.0
1,510,UNIVERSITAS NAROTAMA,JAWA TIMUR,SWASTA,B,-,SISTEM KOMPUTER,S1,B,14100000.0,7050000.0
1,504,UNIVERSITAS TRIBHUWANA TUNGGA DEWI,JAWA TIMUR,SWASTA,C,-,AGROTEKNOLOGI,S1,B,14250000.0,7125000.0
1,504,UNIVERSITAS TRIBHUWANA TUNGGA DEWI,JAWA TIMUR,SWASTA,C,-,MANAJEMEN,S1,BAIK SEKALI,14250000.0,7125000.0
1,499,UNIVERSITAS PGRI MAHADEWA INDONESIA,BALI,SWASTA,B,-,EKONOMI,S1,BAIK SEKALI,14350000.0,7175000.0
1,499,UNIVERSITAS PGRI MAHADEWA INDONESIA,BALI,SWASTA,B,-,INFORMATIKA,S1,BAIK,14350000.0,7175000.0
1,499,UNIVERSITAS PGRI MAHADEWA INDONESIA,BALI,SWASTA,B,-,SEJARAH,S1,BAIK SEKALI,14350000.0,7175000.0
1,497,SEKOLAH TINGGI ILMU KESEHATAN NANI HASANUDDIN,SULAWESI SELATAN,SWASTA,B,-,GIZI,S1,BAIK,14375000.0,7187500.0
1,495,UNIVERSITAS SARJANAWIYATA TAMANSISWA,D.I. YOGYAKARTA,SWASTA,B,FAKULTAS KEGURUAN DAN ILMU PENDIDIKAN,IPA,S1,BAIK SEKALI,14430003.0,7215001.0
1,495,UNIVERSITAS SARJANAWIYATA TAMANSISWA,D.I. YOGYAKARTA,SWASTA,B,FAKULTAS PERTANIAN,AGROTEKNOLOGI,S1,B,14430003.0,7215001.0
1,493,UNIVERSITAS PGRI ADI BUANA,JAWA TIMUR,SWASTA,BAIK SEKALI,-,KEBIDANAN,S1,BAIK SEKALI,14450000.0,7225000.0
1,493,UNIVERSITAS PGRI ADI BUANA,JAWA TIMUR,SWASTA,BAIK SEKALI,-,ELEKTRO,S1,BAIK SEKALI,14450000.0,7225000.0
1,492,INSTITUT BISNIS NUSANTARA,D.K.I. JAKARTA,SWASTA,BAIK,FAKULTAS EKONOMI,MANAJEMEN,S1,B,14472500.0,7236250.0
1,8,UNIVERSITAS SAHID JAKARTA,DKI JAKARTA,SWASTA,B,-,TEKNOLOGI PANGAN,S1,B,14500000.0,7250000.0
1,490,UNIVERSITAS IMELDA MEDAN,SUMATERA UTARA,SWASTA,BAIK SEKALI,-,FARMASI,S1,BAIK SEKALI,14500000.0,7250000.0
1,490,UNIVERSITAS IMELDA MEDAN,SUMATERA UTARA,SWASTA,BAIK SEKALI,-,KEPERAWATAN,S1,BAIK SEKALI,14500000.0,7250000.0
1,487,INSTITUT TEKNOLOGI ADHI TAMA SURABAYA,JAWA TIMUR,SWASTA,BAIK SEKALI,FAKULTAS TEKNIK ELEKTRO DAN TEKNIK INFORMATIKA,ELEKTRO,S1,B,14600000.0,7300000.0
1,487,INSTITUT TEKNOLOGI ADHI TAMA SURABAYA,JAWA TIMUR,SWASTA,BAIK SEKALI,-,PERKAPALAN,S1,B,14600000.0,7300000.0
1,487,INSTITUT TEKNOLOGI ADHI TAMA SURABAYA,JAWA TIMUR,SWASTA,BAIK SEKALI,FAKULTAS TEKNIK SIPIL DAN PERENCANAAN,ARSITEKTUR,S1,B,14600000.0,7300000.0
1,487,INSTITUT TEKNOLOGI ADHI TAMA SURABAYA,JAWA TIMUR,SWASTA,BAIK SEKALI,-,SISTEM KOMPUTER,S1,C,14600000.0,7300000.0
1,486,SEKOLAH TINGGI ILMU EKONOMI JAMBATAN BULAN,PAPUA,SWASTA,BAIK,-,EKONOMI PEMBANGUNAN,S1,BAIK,14630000.0,7315000.0
1,484,UNIVERSITAS KATOLIK DARMA CENDIKA,JAWA TIMUR,SWASTA,B,FAKULTAS HUKUM,HUKUM,S1,B,14775000.0,7387500.0
1,484,UNIVERSITAS KATOLIK DARMA CENDIKA,JAWA TIMUR,SWASTA,B,FAKULTAS TEKNIK,ARSITEKTUR,S1,B,14775000.0,7387500.0
1,481,UNIVERSITAS DARWAN ALI,KALIMANTAN TENGAH,SWASTA,BAIK,-,MANAJEMEN,S1,BAIK SEKALI,14895000.0,7447500.0
1,480,SEKOLAH TINGGI ILMU KESEHATAN HARAPAN IBU JAMBI,JAMBI,SWASTA,BAIK SEKALI,-,KEPERAWATAN,S1,BAIK SEKALI,14950000.0,7475000.0
1,479,UNIVERSITAS PEMBANGUNAN JAYA,BANTEN,SWASTA,BAIK SEKALI,-,INFORMATIKA,S1,BAIK SEKALI,14960000.0,7480000.0
1,465,SEKOLAH TINGGI BAHASA ASING JIA,JAWA BARAT,SWASTA,BAIK,BAHASA ASING,SASTRA INGGRIS,S1,BAIK,15000000.0,7500000.0
1,474,SEKOLAH TINGGI MANAJEMEN RISIKO DAN ASURANSI,D.K.I. JAKARTA,SWASTA,C,-,ASURANSI,S1,C,15000000.0,7500000.0
1,477,UNIVERSITAS ISLAM SYEKH YUSUF,BANTEN,SWASTA,B,FAKULTAS ILMU SOSIAL DAN ILMU POLITIK,ADMINISTRASI,S1,-,15000000.0,7500000.0
1,476,UNIVERSITAS PEMBANGUNAN PANCA BUDI,SUMATERA UTARA,SWASTA,B,-,SIPIL,S1,BAIK,15000000.0,7500000.0
1,476,UNIVERSITAS PEMBANGUNAN PANCA BUDI,SUMATERA UTARA,SWASTA,B,FAKULTAS EKONOMI DAN BISNIS,AKUNTANSI,S1,A,15000000.0,7500000.0
1,466,INSTITUT KESEHATAN INDONESIA,DKI JAKARTA,SWASTA,BAIK,ILMU GIZI,GIZI,S1,-,15000000.0,7500000.0
1,7,POLITEKNIK MANUFAKTUR ASTRA,DKI JAKARTA,SWASTA,B,-,PEMBUATAN PERALATAN PERKAKAS PRODUKSI,S1,B,15000000.0,7500000.0
1,476,UNIVERSITAS PEMBANGUNAN PANCA BUDI,SUMATERA UTARA,SWASTA,B,FAKULTAS TEKNIK,ARSITEKTUR,S1,B,15000000.0,7500000.0
1,477,UNIVERSITAS ISLAM SYEKH YUSUF,BANTEN,SWASTA,B,FAKULTAS EKONOMI,AKUNTANSI,S1,B,15000000.0,7500000.0
1,478,AKADEMI KOMUNITAS MANAJEMEN PERHOTELAN INDONESIA,BALI,SWASTA,BAIK,MANAJEMEN PERHOTELAN,MANAJEMEN PERHOTELAN,S1,-,15000000.0,7500000.0
1,477,UNIVERSITAS ISLAM SYEKH YUSUF,BANTEN,SWASTA,B,FAKULTAS TEKNIK,INFORMATIKA,S1,C,15000000.0,7500000.0
1,469,UNIVERSITAS ALIFAH PADANG,SUMATERA BARAT,SWASTA,BAIK SEKALI,-,KEBIDANAN,S1,BAIK,15000000.0,7500000.0
1,461,SEKOLAH TINGGI ILMU KESEHATAN HANG TUAH SURABAYA,JAWA TIMUR,SWASTA,BAIK,-,GIZI,S1,BAIK SEKALI,15050000.0,7525000.0
1,459,INSTITUT TEKNOLOGI DAN BISNIS SWADHARMA,D.K.I. JAKARTA,SWASTA,BAIK,-,INFORMATIKA,S1,BAIK SEKALI,15160000.0,7580000.0
1,458,UNIVERSITAS TEKNOLOGI AKBA MAKASSAR,SULAWESI SELATAN,SWASTA,BAIK,-,SISTEM INFORMASI,S1,BAIK SEKALI,15190000.0,7595000.0
1,456,UNIVERSITAS NAZHATUT THULLAB AL-MUAFA SAMPANG,JAWA TIMUR,SWASTA,BAIK,-,KEWIRAUSAHAAN,S1,BAIK,15200000.0,7600000.0
1,454,SEKOLAH TINGGI TEKNOLOGI PEKERJAAN UMUM,D.K.I. JAKARTA,SWASTA,BAIK,-,SIPIL,S1,BAIK,15225000.0,7612500.0
1,452,UNIVERSITAS HALMAHERA,MALUKU UTARA,SWASTA,BAIK SEKALI,-,HUKUM,S1,BAIK SEKALI,15260000.0,7630000.0
1,452,UNIVERSITAS HALMAHERA,MALUKU UTARA,SWASTA,BAIK SEKALI,-,TEOLOGI,S1,BAIK,15260000.0,7630000.0
1,449,UNIVERSITAS ISLAM BALITAR,JAWA TIMUR,SWASTA,B,-,HUKUM,S1,B,15375000.0,7687500.0
1,441,UNIVERSITAS KATOLIK SOEGIJAPRANATA,JAWA TENGAH,SWASTA,A,EKONOMI DAN BISNIS,PERPAJAKAN,S1,B,15500000.0,7750000.0
1,441,UNIVERSITAS KATOLIK SOEGIJAPRANATA,JAWA TENGAH,SWASTA,A,TEKNOLOGI PERTANIAN,TEKNOLOGI PANGAN,S1,A,15500000.0,7750000.0
1,441,UNIVERSITAS KATOLIK SOEGIJAPRANATA,JAWA TENGAH,SWASTA,A,TEKNIK,ELEKTRO,S1,B,15500000.0,7750000.0
1,441,UNIVERSITAS KATOLIK SOEGIJAPRANATA,JAWA TENGAH,SWASTA,A,KEDOKTERAN,KEDOKTERAN,S1,BAIK,15500000.0,7750000.0
1,441,UNIVERSITAS KATOLIK SOEGIJAPRANATA,JAWA TENGAH,SWASTA,A,ILMU KOMPUTER,INFORMATIKA,S1,B,15500000.0,7750000.0
1,441,UNIVERSITAS KATOLIK SOEGIJAPRANATA,JAWA TENGAH,SWASTA,A,-,REKAYASA INFRASTRUKTUR LINGKUNGAN,S1,BAIK,15500000.0,7750000.0
1,439,UNIVERSITAS MUHAMMADIYAH ACEH,ACEH,SWASTA,BAIK SEKALI,-,TADRIS MATEMATIKA,S1,BAIK,15505000.0,7752500.0
1,439,UNIVERSITAS MUHAMMADIYAH ACEH,ACEH,SWASTA,BAIK SEKALI,FAKULTAS EKONOMI,AKUNTANSI,S1,BAIK SEKALI,15505000.0,7752500.0
1,439,UNIVERSITAS MUHAMMADIYAH ACEH,ACEH,SWASTA,BAIK SEKALI,-,TADRIS BIOLOGI,S1,BAIK,15505000.0,7752500.0
1,438,UNIVERSITAS BHAMADA SLAWI,JAWA TENGAH,SWASTA,BAIK SEKALI,-,KEWIRAUSAHAAN,S1,BAIK,15510000.0,7755000.0
1,436,UNIVERSITAS MUHAMMADIYAH PALOPO,SULAWESI SELATAN,SWASTA,BAIK SEKALI,-,GIZI,S1,BAIK,15600000.0,7800000.0
1,436,UNIVERSITAS MUHAMMADIYAH PALOPO,SULAWESI SELATAN,SWASTA,BAIK SEKALI,-,BAHASA INGGRIS,S1,BAIK SEKALI,15600000.0,7800000.0
1,436,UNIVERSITAS MUHAMMADIYAH PALOPO,SULAWESI SELATAN,SWASTA,BAIK SEKALI,-,FARMASI,S1,BAIK SEKALI,15600000.0,7800000.0
1,436,UNIVERSITAS MUHAMMADIYAH PALOPO,SULAWESI SELATAN,SWASTA,BAIK SEKALI,-,BISNIS DIGITAL,S1,BAIK SEKALI,15600000.0,7800000.0
1,423,INSTITUT BISNIS DAN INFORMATIKA KESATUAN,JAWA BARAT,SWASTA,B,BISNIS,MANAJEMEN,S1,BAIK SEKALI,16000000.0,8000000.0
1,431,UNIVERSITAS AHMAD DAHLAN,DI YOGYAKARTA,SWASTA,A,FAKULTAS KEGURUAN DAN ILMU PENDIDIKAN,GURU VOKASI,S1,-,16000000.0,8000000.0
1,429,UNIVERSITAS KRISTEN DUTA WACANA,DI YOGYAKARTA,SWASTA,A,KEDOKTERAN,KEDOKTERAN,S1,B,16000000.0,8000000.0
1,423,INSTITUT BISNIS DAN INFORMATIKA KESATUAN,JAWA BARAT,SWASTA,B,INFORMATIKA & PARIWISATA,INFORMATIKA,S1,-,16000000.0,8000000.0
1,423,INSTITUT BISNIS DAN INFORMATIKA KESATUAN,JAWA BARAT,SWASTA,B,VOKASI,MANAJEMEN PEMASARAN,S1,-,16000000.0,8000000.0
1,431,UNIVERSITAS AHMAD DAHLAN,DI YOGYAKARTA,SWASTA,A,FAKULTAS SASTRA BUDAYA DAN KOMUNIKASI,KOMUNIKASI,S1,B,16000000.0,8000000.0
1,429,UNIVERSITAS KRISTEN DUTA WACANA,DI YOGYAKARTA,SWASTA,A,-,ARSITEKTUR,S1,A,16000000.0,8000000.0
1,431,UNIVERSITAS AHMAD DAHLAN,DI YOGYAKARTA,SWASTA,A,FAKULTAS KESEHATAN MASYARAKAT,KESEHATAN MASYARAKAT,S1,B,16000000.0,8000000.0
1,431,UNIVERSITAS AHMAD DAHLAN,DI YOGYAKARTA,SWASTA,A,FAKULTAS KEGURUAN DAN ILMU PENDIDIKAN,BAHASA INGGRIS,S1,A,16000000.0,8000000.0
1,429,UNIVERSITAS KRISTEN DUTA WACANA,DI YOGYAKARTA,SWASTA,A,-,TEOLOGI,S1,A,16000000.0,8000000.0
1,431,UNIVERSITAS AHMAD DAHLAN,DI YOGYAKARTA,SWASTA,A,FAKULTAS SASTRA BUDAYA DAN KOMUNIKASI,SASTRA INDONESIA,S1,B,16000000.0,8000000.0
1,421,UNIVERSITAS GUNADARMA,JAWA BARAT,SWASTA,A,FAKULTAS PSIKOLOGI,PSIKOLOGI,S1,A,16100000.0,8050000.0
1,422,SEKOLAH TINGGI ILMU FARMASI PADANG,SUMATERA BARAT,SWASTA,BAIK SEKALI,-,FARMASI,S1,BAIK SEKALI,16100000.0,8050000.0
1,421,UNIVERSITAS GUNADARMA,JAWA BARAT,SWASTA,A,FAKULTAS ILMU KOMPUTER DAN TEKNOLOGI INFORMASI,SISTEM INFORMASI,S1,A,16100000.0,8050000.0
1,421,UNIVERSITAS GUNADARMA,JAWA BARAT,SWASTA,A,-,SISTEM KOMPUTER,S1,A,16100000.0,8050000.0
1,418,SEKOLAH TINGGI ILMU EKONOMI INDONESIA JAKARTA,D.K.I. JAKARTA,SWASTA,BAIK SEKALI,-,AKUNTANSI,S1,BAIK SEKALI,16162500.0,8081250.0
1,416,UNIVERSITAS SUGENG HARTONO,JAWA TENGAH,SWASTA,BAIK,-,TEKNOLOGI PANGAN,S1,TERAKREDITASI SEMENTARA,16200000.0,8100000.0
1,412,UNIVERSITAS MUHAMMADIYAH PRINGSEWU LAMPUNG,LAMPUNG,SWASTA,BAIK SEKALI,-,MANAJEMEN,S1,B,16485000.0,8242500.0
1,412,UNIVERSITAS MUHAMMADIYAH PRINGSEWU LAMPUNG,LAMPUNG,SWASTA,BAIK SEKALI,-,FISIOTERAPI,S1,BAIK,16485000.0,8242500.0
1,406,UNIVERSITAS STIKUBANK,JAWA TENGAH,SWASTA,BAIK SEKALI,-,AKUNTANSI,S1,B,16500000.0,8250000.0
1,405,UNIVERSITAS ALKHAIRAAT,SULAWESI TENGAH,SWASTA,BAIK,-,MANAJEMEN,S1,BAIK SEKALI,16700000.0,8350000.0
1,405,UNIVERSITAS ALKHAIRAAT,SULAWESI TENGAH,SWASTA,BAIK,-,HUKUM KELUARGA,S1,BAIK SEKALI,16700000.0,8350000.0
1,405,UNIVERSITAS ALKHAIRAAT,SULAWESI TENGAH,SWASTA,BAIK,-,EKONOMI SYARI'AH,S1,BAIK SEKALI,16700000.0,8350000.0
1,404,SEKOLAH TINGGI BISNIS DAN MANAJEMEN DUA SAUDARA,SULAWESI UTARA,SWASTA,BAIK,-,AKUNTANSI,S1,BAIK,16750000.0,8375000.0
1,403,UNIVERSITAS SAMAWA,NUSA TENGGARA BARAT,SWASTA,BAIK,-,BIOLOGI,S1,BAIK,16755000.0,8377500.0
1,403,UNIVERSITAS SAMAWA,NUSA TENGGARA BARAT,SWASTA,BAIK,-,AGROTEKNOLOGI,S1,BAIK,16755000.0,8377500.0
1,399,UNIVERSITAS DEHASEN BENGKULU,BENGKULU,SWASTA,BAIK SEKALI,-,ADMINISTRASI PUBLIK,S1,B,16995000.0,8497500.0
1,399,UNIVERSITAS DEHASEN BENGKULU,BENGKULU,SWASTA,BAIK SEKALI,-,HUKUM,S1,BAIK,16995000.0,8497500.0
1,399,UNIVERSITAS DEHASEN BENGKULU,BENGKULU,SWASTA,BAIK SEKALI,-,KOMPUTER,S1,BAIK SEKALI,16995000.0,8497500.0
1,399,UNIVERSITAS DEHASEN BENGKULU,BENGKULU,SWASTA,BAIK SEKALI,-,KEPERAWATAN,S1,BAIK SEKALI,16995000.0,8497500.0
1,399,UNIVERSITAS DEHASEN BENGKULU,BENGKULU,SWASTA,BAIK SEKALI,-,SISTEM INFORMASI,S1,BAIK,16995000.0,8497500.0
1,396,UNIVERSITAS GRESIK,JAWA TIMUR,SWASTA,BAIK SEKALI,-,KESELAMATAN KESEHATAN KERJA,S1,BAIK,17000000.0,8500000.0
1,396,UNIVERSITAS GRESIK,JAWA TIMUR,SWASTA,BAIK SEKALI,-,SIPIL,S1,BAIK,17000000.0,8500000.0
1,392,UNIVERSITAS MEDAN AREA,SUMATERA UTARA,SWASTA,B,FAKULTAS TEKNIK,MESIN,S1,B,17250000.0,8625000.0
1,392,UNIVERSITAS MEDAN AREA,SUMATERA UTARA,SWASTA,B,FAKULTAS ILMU SOSIAL DAN ILMU POLITIK,AKUNTANSI,S1,B,17250000.0,8625000.0
1,390,UNIVERSITAS MUHAMMADIYAH TASIKMALAYA,JAWA BARAT,SWASTA,BAIK,FAKULTAS KEGURUAN DAN ILMU PENDIDIKAN,INFORMATIKA,S1,-,17450000.0,8725000.0
1,388,UNIVERSITAS DR SOETOMO,JAWA TIMUR,SWASTA,BAIK SEKALI,TEKNIK,INFORMATIKA,S1,-,17520000.0,8760000.0
1,388,UNIVERSITAS DR SOETOMO,JAWA TIMUR,SWASTA,BAIK SEKALI,EKONOMI DAN BISNIS,EKONOMI PEMBANGUNAN,S1,BAIK SEKALI,17520000.0,8760000.0
1,388,UNIVERSITAS DR SOETOMO,JAWA TIMUR,SWASTA,BAIK SEKALI,ILMU KOMUNIKASI,KOMUNIKASI,S1,-,17520000.0,8760000.0
1,387,SEKOLAH TINGGI ILMU KESEHATAN MITRA KELUARGA,JAWA BARAT,SWASTA,TERAKREDITASI,-,KEPERAWATAN,S1,BAIK SEKALI,17640000.0,8820000.0
1,382,UNIVERSITAS RESPATI YOGYAKARTA,D.I. YOGYAKARTA,SWASTA,B,-,GIZI,S1,B,17800000.0,8900000.0
1,384,AKADEMI KEPERAWATAN PASAR REBO JAKARTA,DKI JAKARTA,SWASTA,BAIK,KEPERAWATAN,KESEHATAN MASYARAKAT,S1,-,17800000.0,8900000.0
1,382,UNIVERSITAS RESPATI YOGYAKARTA,D.I. YOGYAKARTA,SWASTA,B,-,MANAJEMEN INFORMATIKA,S1,B,17800000.0,8900000.0
1,381,UNIVERSITAS BUNG HATTA,SUMATERA BARAT,SWASTA,B,FAKULTAS HUKUM,HUKUM,S1,B,17804000.0,8902000.0
1,381,UNIVERSITAS BUNG HATTA,SUMATERA BARAT,SWASTA,B,FAKULTAS ILMU BUDAYA,SASTRA INGGRIS,S1,B,17804000.0,8902000.0
1,381,UNIVERSITAS BUNG HATTA,SUMATERA BARAT,SWASTA,B,FAKULTAS KEGURUAN DAN ILMU KEPENDIDIKAN,MATEMATIKA,S1,B,17804000.0,8902000.0
1,381,UNIVERSITAS BUNG HATTA,SUMATERA BARAT,SWASTA,B,FAKULTAS TEKNOLOGI INDUSTRI,ELEKTRO,S1,B,17804000.0,8902000.0
1,381,UNIVERSITAS BUNG HATTA,SUMATERA BARAT,SWASTA,B,-,EKONOMI KONSTRUKSI,S1,B,17804000.0,8902000.0
1,379,UNIVERSITAS WINAYA MUKTI,JAWA BARAT,SWASTA,BAIK SEKALI,-,MANAJEMEN,S1,BAIK SEKALI,17900000.0,8950000.0
1,379,UNIVERSITAS WINAYA MUKTI,JAWA BARAT,SWASTA,BAIK SEKALI,-,ARSITEKTUR,S1,BAIK,17900000.0,8950000.0
1,367,SEKOLAH TINGGI ILMU KESEHATAN RS HUSADA,D.K.I. JAKARTA,SWASTA,BAIK,SARJANA,KEPERAWATAN,S1,BAIK,18000000.0,9000000.0
1,373,UNIVERSITAS ATMA JAYA YOGYAKARTA,D.I. YOGYAKARTA,SWASTA,A,FAKULTAS TEKNOLOGI INDUSTRI,INFORMATIKA,S1,A,18000000.0,9000000.0
1,367,SEKOLAH TINGGI ILMU KESEHATAN RS HUSADA,D.K.I. JAKARTA,SWASTA,BAIK,SARJANA,FISIOTERAPI,S1,BAIK,18000000.0,9000000.0
1,375,UNIVERSITAS KATOLIK MUSI CHARITAS,SUMATERA SELATAN,SWASTA,B,-,KEPERAWATAN,S1,B,18000000.0,9000000.0
1,375,UNIVERSITAS KATOLIK MUSI CHARITAS,SUMATERA SELATAN,SWASTA,B,-,GURU SEKOLAH DASAR,S1,BAIK SEKALI,18000000.0,9000000.0
1,366,UNIVERSITAS KLABAT,SULAWESI UTARA,SWASTA,B,-,FILSAFAT,S1,BAIK,18125000.0,9062500.0
1,365,UNIVERSITAS SATYA NEGARA INDONESIA,D.K.I. JAKARTA,SWASTA,B,-,INFORMATIKA,S1,B,18250000.0,9125000.0
1,364,UNIVERSITAS MUHAMMADIYAH SIDENRENG RAPPANG,SULAWESI SELATAN,SWASTA,BAIK SEKALI,-,BAHASA INGGRIS,S1,BAIK SEKALI,18300000.0,9150000.0
1,364,UNIVERSITAS MUHAMMADIYAH SIDENRENG RAPPANG,SULAWESI SELATAN,SWASTA,BAIK SEKALI,-,VOKASIONAL PERTANIAN,S1,BAIK,18300000.0,9150000.0
1,363,SEKOLAH TINGGI ILMU KESEHATAN BINA HUSADA,SUMATERA SELATAN,SWASTA,BAIK SEKALI,-,KESEHATAN MASYARAKAT,S1,BAIK SEKALI,18365000.0,9182500.0
1,356,UNIVERSITAS MUHAMMADIYAH SORONG,PAPUA BARAT,SWASTA,BAIK SEKALI,-,PEMERINTAHAN,S1,B,18700000.0,9350000.0
1,356,UNIVERSITAS MUHAMMADIYAH SORONG,PAPUA BARAT,SWASTA,BAIK SEKALI,-,AGROTEKNOLOGI,S1,B,18700000.0,9350000.0
1,358,UNIVERSITAS DAYANU IKHSANUDDIN,SULAWESI TENGGARA,SWASTA,BAIK SEKALI,-,MANAJEMEN,S1,BAIK,18700000.0,9350000.0
1,358,UNIVERSITAS DAYANU IKHSANUDDIN,SULAWESI TENGGARA,SWASTA,BAIK SEKALI,-,AGROTEKNOLOGI,S1,BAIK,18700000.0,9350000.0
1,356,UNIVERSITAS MUHAMMADIYAH SORONG,PAPUA BARAT,SWASTA,BAIK SEKALI,-,AKUNTANSI,S1,BAIK SEKALI,18700000.0,9350000.0
1,356,UNIVERSITAS MUHAMMADIYAH SORONG,PAPUA BARAT,SWASTA,BAIK SEKALI,-,JASMANI,S1,BAIK,18700000.0,9350000.0
1,358,UNIVERSITAS DAYANU IKHSANUDDIN,SULAWESI TENGGARA,SWASTA,BAIK SEKALI,-,SIPIL,S1,C,18700000.0,9350000.0
1,358,UNIVERSITAS DAYANU IKHSANUDDIN,SULAWESI TENGGARA,SWASTA,BAIK SEKALI,-,EKONOMI,S1,C,18700000.0,9350000.0
1,356,UNIVERSITAS MUHAMMADIYAH SORONG,PAPUA BARAT,SWASTA,BAIK SEKALI,-,LINGKUNGAN,S1,BAIK,18700000.0,9350000.0
1,352,UNIVERSITAS SANATA DHARMA,D.I. YOGYAKARTA,SWASTA,A,-,FILSAFAT KEILAHIAN,S1,A,18925000.0,9462500.0
1,352,UNIVERSITAS SANATA DHARMA,D.I. YOGYAKARTA,SWASTA,A,FAKULTAS KEGURUAN DAN ILMU PENDIDIKAN,KEGURUAN &,S1,-,18925000.0,9462500.0
1,352,UNIVERSITAS SANATA DHARMA,D.I. YOGYAKARTA,SWASTA,A,PASCASARJANA,LAINNYA,S1,-,18925000.0,9462500.0
1,352,UNIVERSITAS SANATA DHARMA,D.I. YOGYAKARTA,SWASTA,A,-,BAHASA SASTRA INDONESIA,S1,A,18925000.0,9462500.0
1,348,UNIVERSITAS MERDEKA MALANG,JAWA TIMUR,SWASTA,B,FAKULTAS EKONOMI DAN BISNIS,EKONOMI PEMBANGUNAN,S1,B,19000001.0,9500000.0
1,348,UNIVERSITAS MERDEKA MALANG,JAWA TIMUR,SWASTA,B,FAKULTAS PSIKOLOGI,PSIKOLOGI,S1,B,19000001.0,9500000.0
1,348,UNIVERSITAS MERDEKA MALANG,JAWA TIMUR,SWASTA,B,FAKULTAS ILMU SOSIAL DAN ILMU POLITIK,KOMUNIKASI,S1,B,19000001.0,9500000.0
1,348,UNIVERSITAS MERDEKA MALANG,JAWA TIMUR,SWASTA,B,KEPARIWISATAAN,PERJALANAN WISATA,S1,-,19000001.0,9500000.0
1,348,UNIVERSITAS MERDEKA MALANG,JAWA TIMUR,SWASTA,B,FAKULTAS TEKNIK,SIPIL,S1,B,19000001.0,9500000.0
1,347,UNIVERSITAS MUHAMMADIYAH PEKAJANGAN PEKALONGAN,JAWA TENGAH,SWASTA,BAIK SEKALI,-,KEBIDANAN,S1,BAIK,19050000.0,9525000.0
1,345,UNIVERSITAS FALETEHAN,BANTEN,SWASTA,BAIK,-,ARSITEKTUR,S1,BAIK,19200000.0,9600000.0
1,344,UNIVERSITAS DIRGANTARA MARSEKAL SURYADARMA,D.K.I. JAKARTA,SWASTA,B,FAKULTAS TEKNOLOGI INDUSTRI,ELEKTRO,S1,BAIK SEKALI,19225001.0,9612500.0
1,344,UNIVERSITAS DIRGANTARA MARSEKAL SURYADARMA,D.K.I. JAKARTA,SWASTA,B,FAKULTAS TEKNOLOGI KEDIRGANTARAAN,PENERBANGAN,S1,B,19225001.0,9612500.0
1,342,SEKOLAH TINGGI KEGURUAN DAN ILMU PENDIDIKAN PGRI PAPUA,PAPUA,SWASTA,BAIK,-,BIOLOGI,S1,BAIK,19250000.0,9625000.0
1,342,SEKOLAH TINGGI KEGURUAN DAN ILMU PENDIDIKAN PGRI PAPUA,PAPUA,SWASTA,BAIK,-,GURU SEKOLAH DASAR,S1,BAIK,19250000.0,9625000.0
1,341,UNIVERSITAS KATOLIK DE LA SALLE,SULAWESI UTARA,SWASTA,B,FAKULTAS EKONOMI,AKUNTANSI,S1,BAIK SEKALI,19270000.0,9635000.0
1,341,UNIVERSITAS KATOLIK DE LA SALLE,SULAWESI UTARA,SWASTA,B,FAKULTAS TEKNIK,SIPIL,S1,BAIK,19270000.0,9635000.0
1,341,UNIVERSITAS KATOLIK DE LA SALLE,SULAWESI UTARA,SWASTA,B,FAKULTAS TEKNIK,INDUSTRI,S1,BAIK SEKALI,19270000.0,9635000.0
1,341,UNIVERSITAS KATOLIK DE LA SALLE,SULAWESI UTARA,SWASTA,B,FAKULTAS EKONOMI,MANAJEMEN,S1,BAIK SEKALI,19270000.0,9635000.0
1,339,UNIVERSITAS KRISTEN WIRA WACANA SUMBA,NUSA TENGGARA TIMUR,SWASTA,BAIK,-,EKONOMI PEMBANGUNAN,S1,BAIK,19330000.0,9665000.0
1,338,SEKOLAH TINGGI ILMU KESEHATAN PANTI RAPIH YOGYAKARTA,D.I. YOGYAKARTA,SWASTA,BAIK SEKALI,-,KEPERAWATAN,S1,BAIK SEKALI,19370000.0,9685000.0
1,338,SEKOLAH TINGGI ILMU KESEHATAN PANTI RAPIH YOGYAKARTA,D.I. YOGYAKARTA,SWASTA,BAIK SEKALI,-,GIZI,S1,BAIK SEKALI,19370000.0,9685000.0
1,337,UNIVERSITAS MUHAMMADIYAH AHMAD DAHLAN CIREBON,JAWA BARAT,SWASTA,BAIK SEKALI,-,MANAJEMEN,S1,BAIK,19450000.0,9725000.0
1,334,UNIVERSITAS AL WASHLIYAH,SUMATERA UTARA,SWASTA,BAIK,-,KOMUNIKASI PENYIARAN ISLAM,S1,BAIK,19500000.0,9750000.0
1,336,UNIVERSITAS FORT DE KOCK,SUMATERA BARAT,SWASTA,BAIK SEKALI,-,BISNIS DIGITAL,S1,BAIK,19500000.0,9750000.0
1,331,UNIVERSITAS MAARIF HASYIM LATIF,JAWA TIMUR,SWASTA,BAIK SEKALI,-,ADMINISTRASI RUMAH SAKIT,S1,BAIK,19710000.0,9855000.0
1,331,UNIVERSITAS MAARIF HASYIM LATIF,JAWA TIMUR,SWASTA,BAIK SEKALI,-,MIKROBIOLOGI,S1,BAIK,19710000.0,9855000.0
1,331,UNIVERSITAS MAARIF HASYIM LATIF,JAWA TIMUR,SWASTA,BAIK SEKALI,-,HUKUM,S1,B,19710000.0,9855000.0
1,331,UNIVERSITAS MAARIF HASYIM LATIF,JAWA TIMUR,SWASTA,BAIK SEKALI,-,MANAJEMEN,S1,BAIK SEKALI,19710000.0,9855000.0
1,329,INSTITUT KESEHATAN YARSI MATARAM,NUSA TENGGARA BARAT,SWASTA,BAIK,-,ADMINISTRASI KESEHATAN,S1,BAIK,19904000.0,9952000.0
1,319,UNIVERSITAS AL AZHAR INDONESIA,DKI JAKARTA,SWASTA,B,-,SASTRA INGGRIS,S1,B,20000000.0,10000000.0
1,324,UNIVERSITAS MUHAMMADIYAH MALANG,JAWA TIMUR,SWASTA,A,-,BUDIDAYA PERAIRAN,S1,A,20000000.0,10000000.0
1,321,SEKOLAH TINGGI ILMU EKONOMI CIREBON,JAWA BARAT,SWASTA,BAIK,PASCASARJANA,MANAJEMEN,S1,BAIK,20000000.0,10000000.0
1,324,UNIVERSITAS MUHAMMADIYAH MALANG,JAWA TIMUR,SWASTA,A,-,AGROTEKNOLOGI,S1,A,20000000.0,10000000.0
1,319,UNIVERSITAS AL AZHAR INDONESIA,DKI JAKARTA,SWASTA,B,FAKULTAS ILMU PENGETAHUAN BUDAYA,BAHASA KEBUDAYAAN INGGRIS,S1,-,20000000.0,10000000.0
1,319,UNIVERSITAS AL AZHAR INDONESIA,DKI JAKARTA,SWASTA,B,-,SASTRA ARAB,S1,A,20000000.0,10000000.0
1,324,UNIVERSITAS MUHAMMADIYAH MALANG,JAWA TIMUR,SWASTA,A,TEKNIK,INDUSTRI,S1,B,20000000.0,10000000.0
1,326,UNIVERSITAS SIBER INDONESIA,D.K.I. JAKARTA,SWASTA,BAIK,-,BISNIS DIGITAL,S1,BAIK SEKALI,20000000.0,10000000.0
1,324,UNIVERSITAS MUHAMMADIYAH MALANG,JAWA TIMUR,SWASTA,A,AGAMA ISLAM,AGAMA ISLAM,S1,A,20000000.0,10000000.0
1,319,UNIVERSITAS AL AZHAR INDONESIA,DKI JAKARTA,SWASTA,B,-,SASTRA CINA,S1,B,20000000.0,10000000.0
1,327,POLITEKNIK ASTRA,D.K.I. JAKARTA,SWASTA,B,PROGRAM DIPLOMA,PEMBUATAN PERALATAN PERKAKAS PRODUKSI,S1,-,20000000.0,10000000.0
1,324,UNIVERSITAS MUHAMMADIYAH MALANG,JAWA TIMUR,SWASTA,A,LLMU KESEHATAN,KEPERAWATAN,S1,B,20000000.0,10000000.0
1,312,UNIVERSITAS PANCA SAKTI BEKASI,JAWA BARAT,SWASTA,BAIK SEKALI,-,MANAJEMEN,S1,BAIK,20200000.0,10100000.0
1,312,UNIVERSITAS PANCA SAKTI BEKASI,JAWA BARAT,SWASTA,BAIK SEKALI,-,EKONOMI,S1,BAIK SEKALI,20200000.0,10100000.0
1,311,UNIVERSITAS MEDIKA SUHERMAN,JAWA BARAT,SWASTA,BAIK SEKALI,-,GIZI,S1,C,20293750.0,10146875.0
1,308,UNIVERSITAS MA CHUNG,JAWA TIMUR,SWASTA,B,FAKULTAS BAHASA DAN SENI,SASTRA INGGRIS,S1,A,20400000.0,10200000.0
1,307,UNIVERSITAS KATOLIK SANTO AGUSTINUS HIPPO,KALIMANTAN BARAT,SWASTA,BAIK,-,BAHASA INGGRIS,S1,BAIK SEKALI,20420000.0,10210000.0
1,307,UNIVERSITAS KATOLIK SANTO AGUSTINUS HIPPO,KALIMANTAN BARAT,SWASTA,BAIK,-,AGRIBISNIS,S1,BAIK,20420000.0,10210000.0
1,303,UNIVERSITAS BUNDA MULIA,DKI JAKARTA,SWASTA,B,FAKULTAS ILMU SOSIAL DAN HUMANIORA,SASTRA INGGRIS,S1,A,20500000.0,10250000.0
1,303,UNIVERSITAS BUNDA MULIA,DKI JAKARTA,SWASTA,B,-,SAINS DATA,S1,BAIK,20500000.0,10250000.0
1,303,UNIVERSITAS BUNDA MULIA,DKI JAKARTA,SWASTA,B,AKADEMI PARIWISATA,PERHOTELAN,S1,-,20500000.0,10250000.0
1,304,INSTITUT TEKNOLOGI DAN BISNIS KALBIS,DKI JAKARTA,SWASTA,C,-,MANAJEMEN,S1,B,20500000.0,10250000.0
1,303,UNIVERSITAS BUNDA MULIA,DKI JAKARTA,SWASTA,B,FAKULTAS ILMU SOSIAL DAN HUMANIORA,KOMUNIKASI,S1,B,20500000.0,10250000.0
1,303,UNIVERSITAS BUNDA MULIA,DKI JAKARTA,SWASTA,B,-,SASTRA CINA,S1,B,20500000.0,10250000.0
1,303,UNIVERSITAS BUNDA MULIA,DKI JAKARTA,SWASTA,B,FAKULTAS ILMU SOSIAL DAN HUMANIORA,PARIWISATA,S1,-,20500000.0,10250000.0
1,300,UNIVERSITAS MUHAMMADIYAH PALANGKA RAYA,KALIMANTAN TENGAH,SWASTA,BAIK SEKALI,-,MANAJEMEN,S1,BAIK,20743000.0,10371500.0
1,300,UNIVERSITAS MUHAMMADIYAH PALANGKA RAYA,KALIMANTAN TENGAH,SWASTA,BAIK SEKALI,-,PSIKOLOGI,S1,TERAKREDITASI SEMENTARA,20743000.0,10371500.0
1,300,UNIVERSITAS MUHAMMADIYAH PALANGKA RAYA,KALIMANTAN TENGAH,SWASTA,BAIK SEKALI,-,BAHASA INGGRIS,S1,BAIK,20743000.0,10371500.0
1,300,UNIVERSITAS MUHAMMADIYAH PALANGKA RAYA,KALIMANTAN TENGAH,SWASTA,BAIK SEKALI,-,KOMUNIKASI,S1,B,20743000.0,10371500.0
1,300,UNIVERSITAS MUHAMMADIYAH PALANGKA RAYA,KALIMANTAN TENGAH,SWASTA,BAIK SEKALI,-,ADMINISTRASI NEGARA,S1,A,20743000.0,10371500.0
1,300,UNIVERSITAS MUHAMMADIYAH PALANGKA RAYA,KALIMANTAN TENGAH,SWASTA,BAIK SEKALI,-,BISNIS DIGITAL,S1,BAIK,20743000.0,10371500.0
1,297,INSTITUT BISNIS INFORMASI TEKNOLOGI DAN BISNIS,SUMATERA UTARA,SWASTA,BAIK,-,SISTEM INFORMASI,S1,BAIK,21000000.0,10500000.0
1,297,INSTITUT BISNIS INFORMASI TEKNOLOGI DAN BISNIS,SUMATERA UTARA,SWASTA,BAIK,-,AKUNTANSI,S1,BAIK SEKALI,21000000.0,10500000.0
1,294,UNIVERSITAS HORIZON INDONESIA,JAWA BARAT,SWASTA,BAIK,-,TEKNOLOGI INFORMASI,S1,BAIK,21196000.0,10598000.0
1,294,UNIVERSITAS HORIZON INDONESIA,JAWA BARAT,SWASTA,BAIK,-,KEBIDANAN,S1,BAIK,21196000.0,10598000.0
1,293,UNIVERSITAS DARMA AGUNG,SUMATERA UTARA,SWASTA,BAIK,-,AGAMA KRISTEN,S1,BAIK,21200000.0,10600000.0
1,293,UNIVERSITAS DARMA AGUNG,SUMATERA UTARA,SWASTA,BAIK,-,HUKUM,S1,BAIK SEKALI,21200000.0,10600000.0
1,293,UNIVERSITAS DARMA AGUNG,SUMATERA UTARA,SWASTA,BAIK,-,SASTRA INGGRIS,S1,BAIK,21200000.0,10600000.0
1,293,UNIVERSITAS DARMA AGUNG,SUMATERA UTARA,SWASTA,BAIK,-,KOMUNIKASI,S1,B,21200000.0,10600000.0
1,291,UNIVERSITAS HAYAM WURUK PERBANAS,JAWA TIMUR,SWASTA,A,EKONOMI DAN BISNIS,EKONOMI,S1,-,21310000.0,10655000.0
1,291,UNIVERSITAS HAYAM WURUK PERBANAS,JAWA TIMUR,SWASTA,A,-,INFORMATIKA,S1,BAIK SEKALI,21310000.0,10655000.0
1,291,UNIVERSITAS HAYAM WURUK PERBANAS,JAWA TIMUR,SWASTA,A,-,DESAIN KOMUNIKASI VISUAL,S1,BAIK,21310000.0,10655000.0
1,289,INSTITUT TEKNOLOGI PERUSAHAAN LISTRIK NEGARA,D.K.I. JAKARTA,SWASTA,B,-,GEOGRAFI,S1,BAIK,21500000.0,10750000.0
1,287,UNIVERSITAS JENDERAL ACHMAD YANI,JAWA BARAT,SWASTA,B,-,KIMIA,S1,B,21504000.0,10752000.0
1,287,UNIVERSITAS JENDERAL ACHMAD YANI,JAWA BARAT,SWASTA,B,-,SIPIL,S1,B,21504000.0,10752000.0
1,287,UNIVERSITAS JENDERAL ACHMAD YANI,JAWA BARAT,SWASTA,B,-,HUKUM,S1,BAIK,21504000.0,10752000.0
1,287,UNIVERSITAS JENDERAL ACHMAD YANI,JAWA BARAT,SWASTA,B,-,PEMERINTAHAN,S1,B,21504000.0,10752000.0
1,286,UNIVERSITAS IBRAHIMY,JAWA TIMUR,SWASTA,B,-,EKONOMI SYARI'AH,S1,B,21600000.0,10800000.0
1,285,UNIVERSITAS INDONESIA TIMUR,SULAWESI SELATAN,SWASTA,BAIK SEKALI,-,ADMINISTRASI NEGARA,S1,B,21700000.0,10850000.0
1,283,UNIVERSITAS DINAMIKA,JAWA TIMUR,SWASTA,BAIK SEKALI,FAKULTAS EKONOMI DAN BISNIS,AKUNTANSI,S1,BAIK,22000000.0,11000000.0
1,283,UNIVERSITAS DINAMIKA,JAWA TIMUR,SWASTA,BAIK SEKALI,-,MANAJEMEN,S1,BAIK SEKALI,22000000.0,11000000.0
1,282,UNIVERSITAS BHAYANGKARA JAKARTA RAYA,D.K.I. JAKARTA,SWASTA,B,FAKULTAS TEKNIK,PERMINYAKAN,S1,C,22075000.0,11037500.0
1,282,UNIVERSITAS BHAYANGKARA JAKARTA RAYA,D.K.I. JAKARTA,SWASTA,B,FAKULTAS PSIKOLOGI,PSIKOLOGI,S1,B,22075000.0,11037500.0
1,282,UNIVERSITAS BHAYANGKARA JAKARTA RAYA,D.K.I. JAKARTA,SWASTA,B,FAKULTAS TEKNIK,LINGKUNGAN,S1,B,22075000.0,11037500.0
1,282,UNIVERSITAS BHAYANGKARA JAKARTA RAYA,D.K.I. JAKARTA,SWASTA,B,-,KEPELATIHAN OLAH RAGA,S1,BAIK SEKALI,22075000.0,11037500.0
1,281,UNIVERSITAS ANWAR MEDIKA,JAWA TIMUR,SWASTA,BAIK,-,REKAYASA PERANGKAT LUNAK,S1,BAIK,22111250.0,11055625.0
1,281,UNIVERSITAS ANWAR MEDIKA,JAWA TIMUR,SWASTA,BAIK,-,SISTEM INFORMASI,S1,BAIK,22111250.0,11055625.0
1,279,UNIVERSITAS PERSADA INDONESIA YAI,D.K.I. JAKARTA,SWASTA,BAIK SEKALI,TEKNIK,SISTEM INFORMASI,S1,BAIK,22250000.0,11125000.0
1,279,UNIVERSITAS PERSADA INDONESIA YAI,D.K.I. JAKARTA,SWASTA,BAIK SEKALI,ILMU KOMUNIKASI,KOMUNIKASI,S1,A,22250000.0,11125000.0
1,279,UNIVERSITAS PERSADA INDONESIA YAI,D.K.I. JAKARTA,SWASTA,BAIK SEKALI,TEKNIK,MANAJEMEN INFORMATIKA,S1,-,22250000.0,11125000.0
1,279,UNIVERSITAS PERSADA INDONESIA YAI,D.K.I. JAKARTA,SWASTA,BAIK SEKALI,ILMU KOMUNIKASI,DESAIN KOMUNIKASI VISUAL,S1,A,22250000.0,11125000.0
1,275,SEKOLAH TINGGI ILMU KESEHATAN SUMBER WARAS,D.K.I. JAKARTA,SWASTA,BAIK,-,ADMINISTRASI KESEHATAN,S1,BAIK,22460000.0,11230000.0
1,275,SEKOLAH TINGGI ILMU KESEHATAN SUMBER WARAS,D.K.I. JAKARTA,SWASTA,BAIK,-,KEPERAWATAN,S1,BAIK,22460000.0,11230000.0
1,273,UNIVERSITAS MUHAMMADIYAH MAKASSAR,SULAWESI SELATAN,SWASTA,B,FAKULTAS EKONOMI DAN BISNIS,AKUNTANSI,S1,B,22600000.0,11300000.0
1,273,UNIVERSITAS MUHAMMADIYAH MAKASSAR,SULAWESI SELATAN,SWASTA,B,-,PERENCANAAN WILAYAH KOTA,S1,BAIK,22600000.0,11300000.0
1,273,UNIVERSITAS MUHAMMADIYAH MAKASSAR,SULAWESI SELATAN,SWASTA,B,FAKULTAS EKONOMI DAN BISNIS,PERPAJAKAN,S1,-,22600000.0,11300000.0
1,273,UNIVERSITAS MUHAMMADIYAH MAKASSAR,SULAWESI SELATAN,SWASTA,B,-,BAHASA SASTRA INDONESIA,S1,A,22600000.0,11300000.0
1,273,UNIVERSITAS MUHAMMADIYAH MAKASSAR,SULAWESI SELATAN,SWASTA,B,-,KOMUNIKASI PENYIARAN ISLAM,S1,BAIK,22600000.0,11300000.0
1,273,UNIVERSITAS MUHAMMADIYAH MAKASSAR,SULAWESI SELATAN,SWASTA,B,-,BIMBINGAN KONSELING ISLAM,S1,BAIK,22600000.0,11300000.0
1,273,UNIVERSITAS MUHAMMADIYAH MAKASSAR,SULAWESI SELATAN,SWASTA,B,-,HUKUM EKONOMI SYARIAH,S1,B,22600000.0,11300000.0
1,273,UNIVERSITAS MUHAMMADIYAH MAKASSAR,SULAWESI SELATAN,SWASTA,B,FAKULTAS ILMU SOSIAL DAN ILMU POLITIK,PEMERINTAHAN,S1,A,22600000.0,11300000.0
1,273,UNIVERSITAS MUHAMMADIYAH MAKASSAR,SULAWESI SELATAN,SWASTA,B,FAKULTAS KEGURUAN DAN ILMU PENDIDIKAN,FISIKA,S1,B,22600000.0,11300000.0
1,271,UNIVERSITAS MUHAMMADIYAH KUPANG,NUSA TENGGARA TIMUR,SWASTA,B,-,PEMANFAATAN SUMBER DAYA PERIKANAN,S1,B,22700000.0,11350000.0
1,265,UNIVERSITAS MATANA,BANTEN,SWASTA,BAIK,-,STATISTIK,S1,BAIK SEKALI,22985000.0,11492500.0
1,265,UNIVERSITAS MATANA,BANTEN,SWASTA,BAIK,-,KERAMAHAN,S1,-,22985000.0,11492500.0
1,264,UNIVERSITAS BUDI LUHUR,D.K.I. JAKARTA,SWASTA,B,FAKULTAS ILMU SOSIAL DAN ILMU POLITIK,HUBUNGAN INTERNASIONAL,S1,B,23000000.0,11500000.0
1,264,UNIVERSITAS BUDI LUHUR,D.K.I. JAKARTA,SWASTA,B,FAKULTAS EKONOMI DAN BISNIS,MANAJEMEN,S1,B,23000000.0,11500000.0
1,264,UNIVERSITAS BUDI LUHUR,D.K.I. JAKARTA,SWASTA,B,FAKULTAS KOMUNIKASI DAN DESAIN KREATIF,DESAIN KOMUNIKASI VISUAL,S1,BAIK,23000000.0,11500000.0
1,264,UNIVERSITAS BUDI LUHUR,D.K.I. JAKARTA,SWASTA,B,FAKULTAS EKONOMI DAN BISNIS,AKUNTANSI,S1,B,23000000.0,11500000.0
1,261,UNIVERSITAS BINAWAN,D.K.I. JAKARTA,SWASTA,C,FAKULTAS SAINS DAN TEKNOLOGI,TEKNOLOGI LABORATORIUM MEDIS,S1,-,23100000.0,11550000.0
1,261,UNIVERSITAS BINAWAN,D.K.I. JAKARTA,SWASTA,C,FAKULTAS SOSIAL DAN HUMANIORA,KESEJAHTERAAN SOSIAL,S1,BAIK,23100000.0,11550000.0
1,261,UNIVERSITAS BINAWAN,D.K.I. JAKARTA,SWASTA,C,FAKULTAS SOSIAL DAN HUMANIORA,PSIKOLOGI,S1,BAIK,23100000.0,11550000.0
1,261,UNIVERSITAS BINAWAN,D.K.I. JAKARTA,SWASTA,C,-,D3 KEBIN,S1,B,23100000.0,11550000.0
1,262,UNIVERSITAS BHINNEKA NUSANTARA,JAWA TIMUR,SWASTA,BAIK SEKALI,-,SISTEM INFORMASI,S1,B,23100000.0,11550000.0
1,258,PPM SCHOOL OF MANAGEMENT,DKI JAKARTA,SWASTA,A,EKONOMI,AKUNTANSI,S1,-,23500000.0,11750000.0
1,256,STIKES MUHAMMADIYAH CIREBON,JAWA BARAT,SWASTA,BAIK,PROFESI,BIDAN,S1,-,23600000.0,11800000.0
1,257,UNIVERSITAS BHAKTI KENCANA,JAWA BARAT,SWASTA,BAIK,-,PSIKOLOGI,S1,BAIK,23600000.0,11800000.0
1,254,UNIVERSITAS MUHAMMADIYAH GOMBONG,JAWA TENGAH,SWASTA,BAIK SEKALI,-,HUKUM,S1,BAIK,23750000.0,11875000.0
1,253,UNIVERSITAS CENDEKIA ABDITAMA,BANTEN,SWASTA,BAIK,FAKULTAS TEKNIK,ELEKTRO,S1,BAIK SEKALI,24000000.0,12000000.0
1,252,UNIVERSITAS TANRI ABENG,D.K.I. JAKARTA,SWASTA,BAIK SEKALI,FAKULTAS MANAJEMEN,AKUNTANSI,S1,BAIK,24000000.0,12000000.0
1,253,UNIVERSITAS CENDEKIA ABDITAMA,BANTEN,SWASTA,BAIK,FAKULTAS ILMU KEPERAWATAN,KEPERAWATAN,S1,BAIK,24000000.0,12000000.0
1,253,UNIVERSITAS CENDEKIA ABDITAMA,BANTEN,SWASTA,BAIK,FAKULTAS TEKNIK,INFORMATIKA,S1,BAIK SEKALI,24000000.0,12000000.0
1,252,UNIVERSITAS TANRI ABENG,D.K.I. JAKARTA,SWASTA,BAIK SEKALI,FAKULTAS MANAJEMEN,KOMUNIKASI,S1,BAIK,24000000.0,12000000.0
1,252,UNIVERSITAS TANRI ABENG,D.K.I. JAKARTA,SWASTA,BAIK SEKALI,FAKULTAS TEKNIK DAN TEKNOLOGI,SISTEM INFORMASI,S1,BAIK SEKALI,24000000.0,12000000.0
1,248,SEKOLAH TINGGI ILMU ADMINISTRASI CIMAHI,JAWA BARAT,SWASTA,BAIK,-,ADMINISTRASI NEGARA,S1,BAIK,24000005.0,12000002.0
1,247,STKIP SINAR PANCASILA,NUSA TENGGARA TIMUR,SWASTA,BAIK,-,SEJARAH,S1,BAIK,24000024.0,12000012.0
1,239,UNIVERSITAS MUHAMMADIYAH JAKARTA,D.K.I. JAKARTA,SWASTA,B,FAKULTAS TEKNIK,MESIN,S1,B,24511201.0,12255600.0
1,239,UNIVERSITAS MUHAMMADIYAH JAKARTA,D.K.I. JAKARTA,SWASTA,B,-,MANAJEMEN ZAKAT WAKAF,S1,BAIK SEKALI,24511201.0,12255600.0
1,239,UNIVERSITAS MUHAMMADIYAH JAKARTA,D.K.I. JAKARTA,SWASTA,B,FAKULTAS ILMU PENDIDIKAN,BAHASA INDONESIA,S1,-,24511201.0,12255600.0
1,239,UNIVERSITAS MUHAMMADIYAH JAKARTA,D.K.I. JAKARTA,SWASTA,B,FAKULTAS TEKNIK,SIPIL,S1,B,24511201.0,12255600.0
1,239,UNIVERSITAS MUHAMMADIYAH JAKARTA,D.K.I. JAKARTA,SWASTA,B,FAKULTAS EKONOMI,MANAJEMEN,S1,B,24511201.0,12255600.0
1,239,UNIVERSITAS MUHAMMADIYAH JAKARTA,D.K.I. JAKARTA,SWASTA,B,-,OTOMOTIF ALAT BERAT,S1,B,24511201.0,12255600.0
1,239,UNIVERSITAS MUHAMMADIYAH JAKARTA,D.K.I. JAKARTA,SWASTA,B,FAKULTAS ILMU PENDIDIKAN,MATEMATIKA,S1,B,24511201.0,12255600.0
1,238,INSTITUT TEKNOLOGI NASIONAL MALANG,JAWA TIMUR,SWASTA,B,FAKULTAS TEKNOLOGI INDUSTRI,KIMIA,S1,B,24550000.0,12275000.0
1,236,SEKOLAH TINGGI ILMU KESEHATAN YKY YOGYAKARTA,D.I. YOGYAKARTA,SWASTA,BAIK SEKALI,-,KESELAMATAN KESEHATAN KERJA,S1,BAIK,24750000.0,12375000.0
1,234,UNIVERSITAS MAHAPUTRA MUHAMMAD YAMIN,SUMATERA BARAT,SWASTA,BAIK SEKALI,-,HUKUM,S1,B,24850000.0,12425000.0
1,234,UNIVERSITAS MAHAPUTRA MUHAMMAD YAMIN,SUMATERA BARAT,SWASTA,BAIK SEKALI,-,MANAJEMEN,S1,BAIK,24850000.0,12425000.0
1,232,UNIVERSITAS KOMPUTER INDONESIA,JAWA BARAT,SWASTA,B,-,MANAJEMEN PEMASARAN,S1,B,24950000.0,12475000.0
1,232,UNIVERSITAS KOMPUTER INDONESIA,JAWA BARAT,SWASTA,B,-,DESAIN KOMUNIKASI VISUAL,S1,B,24950000.0,12475000.0
1,232,UNIVERSITAS KOMPUTER INDONESIA,JAWA BARAT,SWASTA,B,-,DESAIN INTERIOR,S1,B,24950000.0,12475000.0
1,232,UNIVERSITAS KOMPUTER INDONESIA,JAWA BARAT,SWASTA,B,-,SASTRA JEPANG,S1,B,24950000.0,12475000.0
1,232,UNIVERSITAS KOMPUTER INDONESIA,JAWA BARAT,SWASTA,B,-,KOMPUTERISASI AKUNTANSI,S1,A,24950000.0,12475000.0
1,232,UNIVERSITAS KOMPUTER INDONESIA,JAWA BARAT,SWASTA,B,-,INFORMATIKA,S1,B,24950000.0,12475000.0
1,230,UNIVERSITAS ISLAM INDONESIA,D.I. YOGYAKARTA,SWASTA,A,FAKULTAS TEKNIK SIPIL DAN PERENCANAAN,SIPIL,S1,A,25000000.0,12500000.0
1,231,UNIVERSITAS INTERNASIONAL JAKARTA,JAWA BARAT,SWASTA,BAIK,-,SASTRA INGGRIS,S1,BAIK,25000000.0,12500000.0
1,230,UNIVERSITAS ISLAM INDONESIA,D.I. YOGYAKARTA,SWASTA,A,FAKULTAS TEKNOLOGI INDUSTRI,MESIN,S1,A,25000000.0,12500000.0
1,231,UNIVERSITAS INTERNASIONAL JAKARTA,JAWA BARAT,SWASTA,BAIK,-,DESAIN KOMUNIKASI VISUAL,S1,BAIK,25000000.0,12500000.0
1,230,UNIVERSITAS ISLAM INDONESIA,D.I. YOGYAKARTA,SWASTA,A,FAKULTAS BISNIS DAN EKONOMIKA,AKUNTANSI,S1,A,25000000.0,12500000.0
1,231,UNIVERSITAS INTERNASIONAL JAKARTA,JAWA BARAT,SWASTA,BAIK,-,SASTRA JEPANG,S1,BAIK,25000000.0,12500000.0
1,231,UNIVERSITAS INTERNASIONAL JAKARTA,JAWA BARAT,SWASTA,BAIK,-,SISTEM INFORMASI,S1,BAIK,25000000.0,12500000.0
1,229,UNIVERSITAS ISLAM SUMATERA UTARA,SUMATERA UTARA,SWASTA,B,FAKULTAS KEGURUAN DAN ILMU PENDIDIKAN,FISIKA,S1,BAIK SEKALI,25000001.0,12500000.0
1,229,UNIVERSITAS ISLAM SUMATERA UTARA,SUMATERA UTARA,SWASTA,B,-,HUKUM KELUARGA,S1,BAIK SEKALI,25000001.0,12500000.0
1,229,UNIVERSITAS ISLAM SUMATERA UTARA,SUMATERA UTARA,SWASTA,B,-,AL-AHWAL AL-SYAKHSIYAH,S1,B,25000001.0,12500000.0
1,225,UNIVERSITAS BORNEO LESTARI,KALIMANTAN SELATAN,SWASTA,BAIK,-,GIZI,S1,BAIK,25100000.0,12550000.0
1,225,UNIVERSITAS BORNEO LESTARI,KALIMANTAN SELATAN,SWASTA,BAIK,-,HUKUM,S1,BAIK,25100000.0,12550000.0
1,222,INSTITUT KESEHATAN DAN TEKNOLOGI PONDOK KARYA PEMBANGUNAN,D.K.I. JAKARTA,SWASTA,BAIK,-,LINGKUNGAN,S1,BAIK,25200000.0,12600000.0
1,220,UNIVERSITAS NAHDLATUL ULAMA KALIMANTAN BARAT,KALIMANTAN BARAT,SWASTA,BAIK SEKALI,-,SISTEM INFORMASI,S1,BAIK,25500000.0,12750000.0
1,220,UNIVERSITAS NAHDLATUL ULAMA KALIMANTAN BARAT,KALIMANTAN BARAT,SWASTA,BAIK SEKALI,-,AGROTEKNOLOGI,S1,BAIK,25500000.0,12750000.0
1,220,UNIVERSITAS NAHDLATUL ULAMA KALIMANTAN BARAT,KALIMANTAN BARAT,SWASTA,BAIK SEKALI,-,AGRIBISNIS,S1,BAIK,25500000.0,12750000.0
1,219,UNIVERSITAS NASIONAL,D.K.I. JAKARTA,SWASTA,A,FAKULTAS TEKNIK DAN SAINS,FISIKA,S1,B,25501000.0,12750500.0
1,218,UNIVERSITAS  HARAPAN BANGSA,JAWA TENGAH,SWASTA,BAIK SEKALI,-,SISTEM INFORMASI,S1,BAIK,25620000.0,12810000.0
1,216,UNIVERSITAS ISLAM AL-IHYA KUNINGAN,JAWA BARAT,SWASTA,BAIK,-,GURU ANAK USIA DINI,S1,B,26118000.0,13059000.0
1,216,UNIVERSITAS ISLAM AL-IHYA KUNINGAN,JAWA BARAT,SWASTA,BAIK,-,TEKNOLOGI PANGAN,S1,BAIK,26118000.0,13059000.0
1,216,UNIVERSITAS ISLAM AL-IHYA KUNINGAN,JAWA BARAT,SWASTA,BAIK,-,MESIN,S1,BAIK,26118000.0,13059000.0
1,216,UNIVERSITAS ISLAM AL-IHYA KUNINGAN,JAWA BARAT,SWASTA,BAIK,-,AGAMA ISLAM,S1,B,26118000.0,13059000.0
1,216,UNIVERSITAS ISLAM AL-IHYA KUNINGAN,JAWA BARAT,SWASTA,BAIK,-,GURU MADRASAH IBTIDAIYAH,S1,BAIK,26118000.0,13059000.0
1,216,UNIVERSITAS ISLAM AL-IHYA KUNINGAN,JAWA BARAT,SWASTA,BAIK,-,BAHASA INGGRIS,S1,B,26118000.0,13059000.0
1,215,INSTITUT PENDIDIKAN NUSANTARA GLOBAL,NUSA TENGGARA BARAT,SWASTA,BAIK,-,GURU SEKOLAH DASAR,S1,BAIK,26400000.0,13200000.0
1,212,INSTITUT COKROAMINOTO PINRANG,SULAWESI SELATAN,SWASTA,BAIK,-,HUKUM,S1,B,26400000.0,13200000.0
1,209,UNIVERSITAS QAMARUL HUDA BADARUDDIN BAGU,NUSA TENGGARA BARAT,SWASTA,BAIK,-,KEBIDANAN,S1,BAIK,26500000.0,13250000.0
1,209,UNIVERSITAS QAMARUL HUDA BADARUDDIN BAGU,NUSA TENGGARA BARAT,SWASTA,BAIK,-,KOMPUTER,S1,BAIK,26500000.0,13250000.0
1,209,UNIVERSITAS QAMARUL HUDA BADARUDDIN BAGU,NUSA TENGGARA BARAT,SWASTA,BAIK,-,FARMASI,S1,BAIK,26500000.0,13250000.0
1,207,UNIVERSITAS AISYAH PRINGSEWU,LAMPUNG,SWASTA,BAIK SEKALI,-,REKAYASA PERANGKAT LUNAK,S1,BAIK SEKALI,26550000.0,13275000.0
1,207,UNIVERSITAS AISYAH PRINGSEWU,LAMPUNG,SWASTA,BAIK SEKALI,-,TEKNOLOGI INFORMASI,S1,BAIK,26550000.0,13275000.0
1,205,SEKOLAH TINGGI ILMU EKONOMI DWI SAKTI BATURAJA,SUMATERA SELATAN,SWASTA,BAIK,-,MANAJEMEN,S1,BAIK,26800000.0,13400000.0
1,204,UNIVERSITAS MUHAMMADIYAH YOGYAKARTA,D.I. YOGYAKARTA,SWASTA,A,-,KEDOKTERAN GIGI,S1,A,27000000.0,13500000.0
1,204,UNIVERSITAS MUHAMMADIYAH YOGYAKARTA,D.I. YOGYAKARTA,SWASTA,A,FAKULTAS KEDOKTERAN DAN ILMU KESEHATAN,KEPERAWATAN,S1,B,27000000.0,13500000.0
1,204,UNIVERSITAS MUHAMMADIYAH YOGYAKARTA,D.I. YOGYAKARTA,SWASTA,A,FAKULTAS PENDIDIKAN BAHASA,KEGURUAN &,S1,-,27000000.0,13500000.0
1,203,UNIVERSITAS MULTIMEDIA NUSANTARA,BANTEN,SWASTA,A,FAKULTAS TEKNOLOGI INFORMASI DAN KOMUNIKASI,SISTEM INFORMASI,S1,B,27000000.0,13500000.0
1,202,UNIVERSITAS MALAHAYATI,LAMPUNG,SWASTA,B,FAKULTAS KEDOKTERAN,KEPERAWATAN,S1,B,27000000.0,13500000.0
1,204,UNIVERSITAS MUHAMMADIYAH YOGYAKARTA,D.I. YOGYAKARTA,SWASTA,A,FAKULTAS PERTANIAN,AGROTEKNOLOGI,S1,A,27000000.0,13500000.0
1,204,UNIVERSITAS MUHAMMADIYAH YOGYAKARTA,D.I. YOGYAKARTA,SWASTA,A,-,BAHASA ARAB,S1,B,27000000.0,13500000.0
1,204,UNIVERSITAS MUHAMMADIYAH YOGYAKARTA,D.I. YOGYAKARTA,SWASTA,A,FAKULTAS EKONOMI DAN BISNIS,MANAJEMEN,S1,A,27000000.0,13500000.0
1,204,UNIVERSITAS MUHAMMADIYAH YOGYAKARTA,D.I. YOGYAKARTA,SWASTA,A,-,KOMUNIKASI PENYIARAN ISLAM,S1,A,27000000.0,13500000.0
1,204,UNIVERSITAS MUHAMMADIYAH YOGYAKARTA,D.I. YOGYAKARTA,SWASTA,A,-,FARMASI,S1,B,27000000.0,13500000.0
1,2,UNIVERSITAS CIPUTRA,JAWA TIMUR,SWASTA,A,-,MANAJEMEN,S1,A,27200000.0,13600000.0
1,2,UNIVERSITAS CIPUTRA,JAWA TIMUR,SWASTA,A,-,INFORMATIKA,S1,B,27200000.0,13600000.0
1,2,UNIVERSITAS CIPUTRA,JAWA TIMUR,SWASTA,A,-,ARSITEKTUR,S1,B,27200000.0,13600000.0
1,199,UNIVERSITAS DOKTOR NUGROHO MAGETAN,JAWA TIMUR,SWASTA,BAIK,-,KHUSUS,S1,BAIK,27500000.0,13750000.0
1,198,UNIVERSITAS ADVENT INDONESIA,JAWA BARAT,SWASTA,B,-,SEKRETARIS,S1,C,27520000.0,13760000.0
1,198,UNIVERSITAS ADVENT INDONESIA,JAWA BARAT,SWASTA,B,-,BISNIS DIGITAL,S1,BAIK,27520000.0,13760000.0
1,198,UNIVERSITAS ADVENT INDONESIA,JAWA BARAT,SWASTA,B,FAKULTAS MATEMATIKA & ILMU PENGETAHUAN ALAM,BIOLOGI,S1,B,27520000.0,13760000.0
1,193,UNIVERSITAS KRISTEN PETRA,JAWA TIMUR,SWASTA,A,TEACHER EDUCATION,GURU ANAK DINI,S1,-,28000000.0,14000000.0
1,193,UNIVERSITAS KRISTEN PETRA,JAWA TIMUR,SWASTA,A,HUMANITIES AND CREATIVE INDUSTRIES,DESAIN PRODUK INTERIOR,S1,-,28000000.0,14000000.0
1,193,UNIVERSITAS KRISTEN PETRA,JAWA TIMUR,SWASTA,A,INDUSTRIAL TECHNOLOGY,BISNIS INTERNASIONAL,S1,-,28000000.0,14000000.0
1,193,UNIVERSITAS KRISTEN PETRA,JAWA TIMUR,SWASTA,A,-,INDUSTRI,S1,A,28000000.0,14000000.0
1,193,UNIVERSITAS KRISTEN PETRA,JAWA TIMUR,SWASTA,A,-,BAHASA MANDARIN,S1,B,28000000.0,14000000.0
1,193,UNIVERSITAS KRISTEN PETRA,JAWA TIMUR,SWASTA,A,SCHOOL OF BUSINESS AND MANAGEMENT,MANAJEMEN BISNIS INTERNASIONAL,S1,-,28000000.0,14000000.0
1,193,UNIVERSITAS KRISTEN PETRA,JAWA TIMUR,SWASTA,A,SCHOOL OF BUSINESS AND MANAGEMENT,PARIWISATA KREATIF,S1,-,28000000.0,14000000.0
1,193,UNIVERSITAS KRISTEN PETRA,JAWA TIMUR,SWASTA,A,TEACHER EDUCATION,GURU DASAR,S1,-,28000000.0,14000000.0
1,193,UNIVERSITAS KRISTEN PETRA,JAWA TIMUR,SWASTA,A,HUMANITIES AND CREATIVE INDUSTRIES,PENYIARAN JURNALISME,S1,-,28000000.0,14000000.0
1,193,UNIVERSITAS KRISTEN PETRA,JAWA TIMUR,SWASTA,A,INDUSTRIAL TECHNOLOGY,LISTRIK. INTERNET HAL,S1,-,28000000.0,14000000.0
1,195,UNIVERSITAS BHAKTI PERTIWI INDONESIA,D.K.I. JAKARTA,SWASTA,BAIK,-,SISTEM INFORMASI,S1,BAIK,28000000.0,14000000.0
1,193,UNIVERSITAS KRISTEN PETRA,JAWA TIMUR,SWASTA,A,SCHOOL OF BUSINESS AND MANAGEMENT,MANAJEMEN BISNIS,S1,-,28000000.0,14000000.0
1,194,UNIVERSITAS AGUNG PODOMORO,DKI JAKARTA,SWASTA,BAIK SEKALI,FAKULTAS TEKNIK,DESAIN PRODUK,S1,BAIK SEKALI,28000000.0,14000000.0
1,192,INSTITUT SAINS DAN TEKNOLOGI TERPADU SURABAYA,JAWA TIMUR,SWASTA,B,SAINS DAN TEKNOLOGI,ELEKTRO,S1,BAIK,28200000.0,14100000.0
1,189,UNIVERSITAS WIDYA GAMA,JAWA TIMUR,SWASTA,B,-,AGROTEKNOLOGI,S1,B,28500000.0,14250000.0
1,189,UNIVERSITAS WIDYA GAMA,JAWA TIMUR,SWASTA,B,-,SIPIL,S1,BAIK SEKALI,28500000.0,14250000.0
1,189,UNIVERSITAS WIDYA GAMA,JAWA TIMUR,SWASTA,B,-,INDUSTRI,S1,BAIK SEKALI,28500000.0,14250000.0
1,187,UNIVERSITAS PGRI SILAMPARI,SUMATERA SELATAN,SWASTA,BAIK SEKALI,-,TEKNOLOGI INFORMASI,S1,BAIK,28572900.0,14286450.0
1,187,UNIVERSITAS PGRI SILAMPARI,SUMATERA SELATAN,SWASTA,BAIK SEKALI,-,BAHASA INGGRIS,S1,BAIK SEKALI,28572900.0,14286450.0
1,184,INSTITUT BISNIS DAN INFORMATIKA KWIK KIAN GIE,D.K.I. JAKARTA,SWASTA,BAIK SEKALI,SARJANA,SISTEM INFORMASI,S1,B,29000000.0,14500000.0
1,182,UNIVERSITAS AMAL ILMIAH YAPIS WAMENA,PAPUA,SWASTA,BAIK,-,ADMINISTRASI BISNIS,S1,BAIK,29250006.0,14625003.0
1,181,STFT GKI IZAAK SAMUEL KIJNE JAYAPURA,PAPUA,SWASTA,BAIK,-,TEOLOGI,S1,BAIK,29350000.0,14675000.0
1,180,POLITEKNIK SAHID,BANTEN,SWASTA,A,-,D1 USAHA PERJALANAN WISATA,S1,A,29475000.0,14737500.0
1,180,POLITEKNIK SAHID,BANTEN,SWASTA,A,PERHOTELAN,LAYANAN HOTEL TERAPUNG,S1,-,29475000.0,14737500.0
1,179,INSTITUT TEKNOLOGI DIRGANTARA ADISUTJIPTO,D.I. YOGYAKARTA,SWASTA,BAIK SEKALI,-,MESIN,S1,BAIK SEKALI,29500000.0,14750000.0
1,178,UNIVERSITAS MUHAMMADIYAH MAGELANG,JAWA TENGAH,SWASTA,B,-,GURU SD,S1,A,29580000.0,14790000.0
1,177,UNIVERSITAS HASYIM ASY'ARI TEBUIRENG JOMBANG,JAWA TIMUR,SWASTA,BAIK SEKALI,-,GURU SEKOLAH DASAR,S1,BAIK SEKALI,29750000.0,14875000.0
1,177,UNIVERSITAS HASYIM ASY'ARI TEBUIRENG JOMBANG,JAWA TIMUR,SWASTA,BAIK SEKALI,-,AKUNTANSI,S1,BAIK,29750000.0,14875000.0
1,177,UNIVERSITAS HASYIM ASY'ARI TEBUIRENG JOMBANG,JAWA TIMUR,SWASTA,BAIK SEKALI,-,MANAJEMEN,S1,BAIK,29750000.0,14875000.0
1,177,UNIVERSITAS HASYIM ASY'ARI TEBUIRENG JOMBANG,JAWA TIMUR,SWASTA,BAIK SEKALI,-,SISTEM INFORMASI,S1,BAIK SEKALI,29750000.0,14875000.0
1,177,UNIVERSITAS HASYIM ASY'ARI TEBUIRENG JOMBANG,JAWA TIMUR,SWASTA,BAIK SEKALI,-,BAHASA INGGRIS,S1,BAIK,29750000.0,14875000.0
1,177,UNIVERSITAS HASYIM ASY'ARI TEBUIRENG JOMBANG,JAWA TIMUR,SWASTA,BAIK SEKALI,-,HUKUM KELUARGA,S1,B,29750000.0,14875000.0
1,177,UNIVERSITAS HASYIM ASY'ARI TEBUIRENG JOMBANG,JAWA TIMUR,SWASTA,BAIK SEKALI,-,MESIN,S1,BAIK,29750000.0,14875000.0
1,176,SEKOLAH TINGGI ILMU KESEHATAN PAPUA,PAPUA BARAT,SWASTA,BAIK,-,KEPERAWATAN,S1,BAIK SEKALI,29900000.0,14950000.0
1,175,UNIVERSITAS KRISTEN INDONESIA,DKI JAKARTA,SWASTA,B,FAKULTAS SASTRA DAN BAHASA,BAHASA INGGRIS,S1,B,30000000.0,15000000.0
1,175,UNIVERSITAS KRISTEN INDONESIA,DKI JAKARTA,SWASTA,B,PROGRAM PASCASARJANA,HUKUM,S1,B,30000000.0,15000000.0
1,175,UNIVERSITAS KRISTEN INDONESIA,DKI JAKARTA,SWASTA,B,FAKULTAS KEGURUAN DAN ILMU PENDIDIKAN,KIMIA,S1,C,30000000.0,15000000.0
1,175,UNIVERSITAS KRISTEN INDONESIA,DKI JAKARTA,SWASTA,B,PROGRAM PASCASARJANA,ARSITEKTUR,S1,B,30000000.0,15000000.0
1,175,UNIVERSITAS KRISTEN INDONESIA,DKI JAKARTA,SWASTA,B,FAKULTAS EKONOMI DAN BISNIS,AKUNTANSI,S1,B,30000000.0,15000000.0
1,174,UNIVERSITAS PRIMA INDONESIA,SUMATERA UTARA,SWASTA,B,-,MANAJEMEN INFORMATIKA,S1,C,30000001.0,15000000.0
1,174,UNIVERSITAS PRIMA INDONESIA,SUMATERA UTARA,SWASTA,B,-,KOMPUTERISASI AKUNTANSI,S1,C,30000001.0,15000000.0
1,174,UNIVERSITAS PRIMA INDONESIA,SUMATERA UTARA,SWASTA,B,FAKULTAS TEKNOLOGI DAN ILMU KOMPUTER,SISTEM INFORMASI,S1,C,30000001.0,15000000.0
1,174,UNIVERSITAS PRIMA INDONESIA,SUMATERA UTARA,SWASTA,B,FAKULTAS KESEHATAN MASYARAKAT,KESEHATAN MASYARAKAT,S1,B,30000001.0,15000000.0
1,174,UNIVERSITAS PRIMA INDONESIA,SUMATERA UTARA,SWASTA,B,FAKULTAS TEKNOLOGI DAN ILMU KOMPUTER,INDUSTRI,S1,C,30000001.0,15000000.0
1,173,UNIVERSITAS SIMALUNGUN,SUMATERA UTARA,SWASTA,B,FAKULTAS KEGURUAN DAN ILMU PENDIDIKAN,SEJARAH,S1,BAIK SEKALI,30275000.0,15137500.0
1,172,UNIVERSITAS MUHAMMADIYAH BANJARMASIN,KALIMANTAN SELATAN,SWASTA,BAIK SEKALI,-,ARSITEKTUR,S1,B,30355000.0,15177500.0
1,172,UNIVERSITAS MUHAMMADIYAH BANJARMASIN,KALIMANTAN SELATAN,SWASTA,BAIK SEKALI,-,BAHASA INDONESIA,S1,BAIK,30355000.0,15177500.0
1,169,UNIVERSITAS ESA UNGGUL,D.K.I. JAKARTA,SWASTA,B,FAKULTAS TEKNIK,SURVEI PEMETAAN,S1,-,31025000.0,15512500.0
1,169,UNIVERSITAS ESA UNGGUL,D.K.I. JAKARTA,SWASTA,B,-,MESIN,S1,BAIK,31025000.0,15512500.0
1,169,UNIVERSITAS ESA UNGGUL,D.K.I. JAKARTA,SWASTA,B,FAKULTAS FISIOTERAPI,FISIOTERAPI,S1,B,31025000.0,15512500.0
1,169,UNIVERSITAS ESA UNGGUL,D.K.I. JAKARTA,SWASTA,B,-,REKAM MEDIS INFORMASI KESEHATAN,S1,A,31025000.0,15512500.0
1,169,UNIVERSITAS ESA UNGGUL,D.K.I. JAKARTA,SWASTA,B,FAKULTAS TEKNIK,PERENCANAAN WILAYAH KOTA,S1,B,31025000.0,15512500.0
1,169,UNIVERSITAS ESA UNGGUL,D.K.I. JAKARTA,SWASTA,B,-,MANAJEMEN INFORMASI KESEHATA,S1,B,31025000.0,15512500.0
1,168,INSTITUT TEKNOLOGI INSAN CENDEKIA MANDIRI,JAWA TIMUR,SWASTA,BAIK,-,BISNIS DIGITAL,S1,BAIK,31050000.0,15525000.0
1,167,UNIVERSITAS NAHDLATUL ULAMA INDONESIA,D.K.I. JAKARTA,SWASTA,BAIK SEKALI,-,EKONOMI SYARIAH,S1,BAIK,31100000.0,15550000.0
1,167,UNIVERSITAS NAHDLATUL ULAMA INDONESIA,D.K.I. JAKARTA,SWASTA,BAIK SEKALI,-,SOSIOLOGI,S1,BAIK,31100000.0,15550000.0
1,166,UNIVERSITAS KRISTEN INDONESIA TOMOHON,SULAWESI UTARA,SWASTA,BAIK,-,AGROTEKNOLOGI,S1,BAIK,31450000.0,15725000.0
1,166,UNIVERSITAS KRISTEN INDONESIA TOMOHON,SULAWESI UTARA,SWASTA,BAIK,-,BIOLOGI,S1,BAIK,31450000.0,15725000.0
1,166,UNIVERSITAS KRISTEN INDONESIA TOMOHON,SULAWESI UTARA,SWASTA,BAIK,-,EKONOMI,S1,BAIK,31450000.0,15725000.0
1,166,UNIVERSITAS KRISTEN INDONESIA TOMOHON,SULAWESI UTARA,SWASTA,BAIK,-,FARMASI,S1,BAIK,31450000.0,15725000.0
1,165,UNIVERSITAS SALI AL-AITAAM,JAWA BARAT,SWASTA,BAIK,-,MANAJEMEN,S1,BAIK,31515000.0,15757500.0
1,164,UNIVERSITAS NGUDI WALUYO,JAWA TENGAH,SWASTA,BAIK SEKALI,-,INFORMATIKA,S1,BAIK SEKALI,31600000.0,15800000.0
1,164,UNIVERSITAS NGUDI WALUYO,JAWA TENGAH,SWASTA,BAIK SEKALI,-,VOKASIONAL DESAIN FASHION,S1,BAIK SEKALI,31600000.0,15800000.0
1,164,UNIVERSITAS NGUDI WALUYO,JAWA TENGAH,SWASTA,BAIK SEKALI,-,KEOLAHRAGAAN,S1,BAIK,31600000.0,15800000.0
1,164,UNIVERSITAS NGUDI WALUYO,JAWA TENGAH,SWASTA,BAIK SEKALI,-,GURU SEKOLAH DASAR,S1,BAIK SEKALI,31600000.0,15800000.0
1,164,UNIVERSITAS NGUDI WALUYO,JAWA TENGAH,SWASTA,BAIK SEKALI,-,HUKUM,S1,BAIK SEKALI,31600000.0,15800000.0
1,163,UNIVERSITAS BINA TARUNA GORONTALO,GORONTALO,SWASTA,BAIK,-,ARSITEKTUR,S1,BAIK,32050000.0,16025000.0
1,157,UNIVERSITAS PRIMAKARA,BALI,SWASTA,BAIK SEKALI,-,BISNIS DIGITAL,S1,BAIK,32470000.0,16235000.0
1,156,UNIVERSITAS BUDI DARMA,SUMATERA UTARA,SWASTA,BAIK,-,SISTEM INFORMASI,S1,BAIK,32500000.0,16250000.0
1,154,UNIVERSITAS BAKRIE,D.K.I. JAKARTA,SWASTA,B,-,AGROTEKNOLOGI,S1,-,32750000.0,16375000.0
1,152,UNIVERSITAS SAINS DAN TEKNOLOGI KOMPUTER,JAWA TENGAH,SWASTA,BAIK,-,AKUNTANSI,S1,BAIK,33048600.0,16524300.0
1,152,UNIVERSITAS SAINS DAN TEKNOLOGI KOMPUTER,JAWA TENGAH,SWASTA,BAIK,-,BISNIS,S1,BAIK SEKALI,33048600.0,16524300.0
1,151,UNIVERSITAS MERCU BUANA YOGYAKARTA,D.I. YOGYAKARTA,SWASTA,A,-,KEOLAHRAGAAN,S1,BAIK SEKALI,33065000.0,16532500.0
1,151,UNIVERSITAS MERCU BUANA YOGYAKARTA,D.I. YOGYAKARTA,SWASTA,A,-,MANAJEMEN,S1,B,33065000.0,16532500.0
1,151,UNIVERSITAS MERCU BUANA YOGYAKARTA,D.I. YOGYAKARTA,SWASTA,A,-,BAHASA INGGRIS,S1,C,33065000.0,16532500.0
1,150,UNIVERSITAS PERINTIS INDONESIA,SUMATERA BARAT,SWASTA,B,-,BISNIS DIGITAL,S1,BAIK,33500000.0,16750000.0
1,148,UNIVERSITAS ISLAM MALANG,JAWA TIMUR,SWASTA,B,FAKULTAS TEKNIK,MESIN,S1,B,33550000.0,16775000.0
1,148,UNIVERSITAS ISLAM MALANG,JAWA TIMUR,SWASTA,B,-,GURU ROUDHATUL ATHFAL,S1,C,33550000.0,16775000.0
1,148,UNIVERSITAS ISLAM MALANG,JAWA TIMUR,SWASTA,B,-,DOKTER,S1,B,33550000.0,16775000.0
1,144,AKADEMI KEBIDANAN SISMADI,D.K.I. JAKARTA,SWASTA,BAIK,KEBIDANAN,KEBIDANAN,S1,-,34000000.0,17000000.0
1,142,UNIVERSITAS PARAMADINA,D.K.I. JAKARTA,SWASTA,B,-,KOMUNIKASI,S1,B,34550000.0,17275000.0
1,141,UNIVERSITAS PAKUAN,JAWA BARAT,SWASTA,B,-,HUKUM,S1,B,35000006.0,17500003.0
1,141,UNIVERSITAS PAKUAN,JAWA BARAT,SWASTA,B,-,BAHASA INGGRIS,S1,C,35000006.0,17500003.0
1,141,UNIVERSITAS PAKUAN,JAWA BARAT,SWASTA,B,-,ELEKTRO,S1,B,35000006.0,17500003.0
1,141,UNIVERSITAS PAKUAN,JAWA BARAT,SWASTA,B,-,PENGETAHUAN ALAM,S1,BAIK,35000006.0,17500003.0
1,141,UNIVERSITAS PAKUAN,JAWA BARAT,SWASTA,B,-,BAHASA SASTRA INDONESIA,S1,B,35000006.0,17500003.0
1,141,UNIVERSITAS PAKUAN,JAWA BARAT,SWASTA,B,-,SASTRA INDONESIA,S1,B,35000006.0,17500003.0
1,141,UNIVERSITAS PAKUAN,JAWA BARAT,SWASTA,B,-,GURU SD,S1,C,35000006.0,17500003.0
1,139,UNIVERSITAS BHAYANGKARA SURABAYA,JAWA TIMUR,SWASTA,B,FAKULTAS HUKUM,HUKUM,S1,B,35502000.0,17751000.0
1,138,UNIVERSITAS MUHAMMADIYAH PALU,SULAWESI TENGAH,SWASTA,BAIK SEKALI,-,ADMINISTRASI NEGARA,S1,C,36000019.0,18000009.0
1,138,UNIVERSITAS MUHAMMADIYAH PALU,SULAWESI TENGAH,SWASTA,BAIK SEKALI,-,GURU ANAK USIA DINI,S1,BAIK SEKALI,36000019.0,18000009.0
1,138,UNIVERSITAS MUHAMMADIYAH PALU,SULAWESI TENGAH,SWASTA,BAIK SEKALI,-,HUKUM KELUARGA,S1,BAIK,36000019.0,18000009.0
1,138,UNIVERSITAS MUHAMMADIYAH PALU,SULAWESI TENGAH,SWASTA,BAIK SEKALI,-,KOMUNIKASI PENYIARAN ISLAM,S1,BAIK SEKALI,36000019.0,18000009.0
1,136,UNIVERSITAS NUSA MEGARKENCANA,D.I. YOGYAKARTA,SWASTA,B,-,SISTEM INFORMASI,S1,BAIK,36200000.0,18100000.0
1,136,UNIVERSITAS NUSA MEGARKENCANA,D.I. YOGYAKARTA,SWASTA,B,-,MANAJEMEN,S1,BAIK SEKALI,36200000.0,18100000.0
1,134,UNIVERSITAS BAITURRAHMAH,SUMATERA BARAT,SWASTA,A,-,FARMASI KLINIS,S1,BAIK SEKALI,36300000.0,18150000.0
1,133,UNIVERSITAS SURYA,BANTEN,SWASTA,BAIK,FAKULTAS ILMU HAYATI,BIOLOGI,S1,BAIK,36600000.0,18300000.0
1,133,UNIVERSITAS SURYA,BANTEN,SWASTA,BAIK,FAKULTAS SOSIAL DAN EKONOMI,AGRIBISNIS,S1,-,36600000.0,18300000.0
1,131,UNIVERSITAS ARY GINANJAR,D.K.I. JAKARTA,SWASTA,BAIK,-,KOMPUTER,S1,BAIK,38200000.0,19100000.0
1,131,UNIVERSITAS ARY GINANJAR,D.K.I. JAKARTA,SWASTA,BAIK,-,SISTEM INFORMASI,S1,BAIK,38200000.0,19100000.0
1,130,UNIVERSITAS WIJAYA KUSUMA SURABAYA,JAWA TIMUR,SWASTA,B,-,BAHASA SASTRA INDONESIA,S1,B,38400000.0,19200000.0
1,130,UNIVERSITAS WIJAYA KUSUMA SURABAYA,JAWA TIMUR,SWASTA,B,FAKULTAS ILMU SOSIAL DAN ILMU POLITIK,SOSIOLOGI,S1,B,38400000.0,19200000.0
1,129,POLITEKNIK INTERNASIONAL BALI,BALI,SWASTA,BAIK SEKALI,HOTEL MANAGEMENT,MANAJEMEN PERHOTELAN,S1,-,38828125.0,19414062.5
1,128,UNIVERSITAS SURABAYA,JAWA TIMUR,SWASTA,A,FAKULTAS BISNIS DAN EKONOMI,JARINGAN BISNIS PEMBERDAYAAN,S1,-,38850250.0,19425125.0
1,128,UNIVERSITAS SURABAYA,JAWA TIMUR,SWASTA,A,FAKULTAS BISNIS DAN EKONOMI,MANAJEMEN,S1,A,38850250.0,19425125.0
1,128,UNIVERSITAS SURABAYA,JAWA TIMUR,SWASTA,A,FAKULTAS HUKUM,HUKUM,S1,A,38850250.0,19425125.0
1,128,UNIVERSITAS SURABAYA,JAWA TIMUR,SWASTA,A,POLITEKNIK UBAYA D3,ADMINISTRASI USAHA,S1,-,38850250.0,19425125.0
1,128,UNIVERSITAS SURABAYA,JAWA TIMUR,SWASTA,A,FAKULTAS INDUSTRI KREATIF,DESAIN & MANAJEMEN PRODUK,S1,-,38850250.0,19425125.0
1,128,UNIVERSITAS SURABAYA,JAWA TIMUR,SWASTA,A,FAKULTAS KEDOKTERAN,KEDOKTERAN,S1,-,38850250.0,19425125.0
1,128,UNIVERSITAS SURABAYA,JAWA TIMUR,SWASTA,A,-,KENOTARISAN,S1,B,38850250.0,19425125.0
1,128,UNIVERSITAS SURABAYA,JAWA TIMUR,SWASTA,A,POLITEKNIK UBAYA D3,BISNIS & PEMASARAN DIGITAL,S1,-,38850250.0,19425125.0
1,125,UNIVERSITAS SERELO LAHAT,SUMATERA SELATAN,SWASTA,BAIK SEKALI,-,MANAJEMEN,S1,BAIK SEKALI,39700000.0,19850000.0
1,125,UNIVERSITAS SERELO LAHAT,SUMATERA SELATAN,SWASTA,BAIK SEKALI,-,SISTEM INFORMASI,S1,BAIK,39700000.0,19850000.0
1,123,BINUS UNIVERSITY,DKI JAKARTA,SWASTA,A,FACULTY OF HUMANITIES,HUBUNGAN INTERNASIONAL,S1,-,40000000.0,20000000.0
1,123,BINUS UNIVERSITY,DKI JAKARTA,SWASTA,A,FACULTY OF HUMANITIES,HUKUM,S1,-,40000000.0,20000000.0
1,123,BINUS UNIVERSITY,DKI JAKARTA,SWASTA,A,SCHOOL OF ACCOUNTING,KEUANGAN,S1,-,40000000.0,20000000.0
1,123,BINUS UNIVERSITY,DKI JAKARTA,SWASTA,A,SCHOOL OF DESIGN,FILM,S1,-,40000000.0,20000000.0
1,123,BINUS UNIVERSITY,DKI JAKARTA,SWASTA,A,BUSINESS SCHOOL,MANAJEMEN BISNIS INTERNASIONAL,S1,-,40000000.0,20000000.0
1,123,BINUS UNIVERSITY,DKI JAKARTA,SWASTA,A,SCHOOL OF DESIGN,DESAIN KOMUNIKASI VISUAL,S1,-,40000000.0,20000000.0
1,123,BINUS UNIVERSITY,DKI JAKARTA,SWASTA,A,SCHOOL OF INFORMATION SYSTEMS,SISTEM INFORMASI AKUNTANSI AUDIT,S1,-,40000000.0,20000000.0
1,123,BINUS UNIVERSITY,DKI JAKARTA,SWASTA,A,FACULTY OF ENGINEERING,INDUSTRI,S1,-,40000000.0,20000000.0
1,123,BINUS UNIVERSITY,DKI JAKARTA,SWASTA,A,SCHOOL OF COMPUTER SCIENCE,APLIKASI TEKNOLOGI GAME,S1,-,40000000.0,20000000.0
1,123,BINUS UNIVERSITY,DKI JAKARTA,SWASTA,A,MASTER TRACK PROGRAMS,MANAJEMEN SISTEM INFORMASI,S1,-,40000000.0,20000000.0
1,121,UNIVERSITAS MUHAMMADIYAH KENDARI,SULAWESI TENGGARA,SWASTA,BAIK SEKALI,-,PERTAMBANGAN,S1,BAIK,40250000.0,20125000.0
1,121,UNIVERSITAS MUHAMMADIYAH KENDARI,SULAWESI TENGGARA,SWASTA,BAIK SEKALI,-,ANAK USIA DINI,S1,C,40250000.0,20125000.0
1,121,UNIVERSITAS MUHAMMADIYAH KENDARI,SULAWESI TENGGARA,SWASTA,BAIK SEKALI,-,MANAJEMEN,S1,C,40250000.0,20125000.0
1,121,UNIVERSITAS MUHAMMADIYAH KENDARI,SULAWESI TENGGARA,SWASTA,BAIK SEKALI,-,PEMANFAATAN SUMBERDAYA PERIKANAN,S1,C,40250000.0,20125000.0
1,120,UNIVERSITAS KATOLIK SANTO THOMAS,SUMATERA UTARA,SWASTA,B,-,AGRIBISNIS,S1,BAIK SEKALI,40335000.0,20167500.0
1,120,UNIVERSITAS KATOLIK SANTO THOMAS,SUMATERA UTARA,SWASTA,B,-,AKUNTANSI,S1,B,40335000.0,20167500.0
1,120,UNIVERSITAS KATOLIK SANTO THOMAS,SUMATERA UTARA,SWASTA,B,-,SIPIL,S1,C,40335000.0,20167500.0
1,120,UNIVERSITAS KATOLIK SANTO THOMAS,SUMATERA UTARA,SWASTA,B,-,BAHASA SASTRA INDONESIA,S1,C,40335000.0,20167500.0
1,120,UNIVERSITAS KATOLIK SANTO THOMAS,SUMATERA UTARA,SWASTA,B,-,FILSAFAT,S1,B,40335000.0,20167500.0
1,120,UNIVERSITAS KATOLIK SANTO THOMAS,SUMATERA UTARA,SWASTA,B,-,GURU SEKOLAH DASAR,S1,B,40335000.0,20167500.0
1,119,UNIVERSITAS PGRI RONGGOLAWE,JAWA TIMUR,SWASTA,BAIK SEKALI,-,BIOLOGI,S1,BAIK SEKALI,40364875.0,20182437.0
1,119,UNIVERSITAS PGRI RONGGOLAWE,JAWA TIMUR,SWASTA,BAIK SEKALI,-,INDUSTRI,S1,BAIK SEKALI,40364875.0,20182437.0
1,119,UNIVERSITAS PGRI RONGGOLAWE,JAWA TIMUR,SWASTA,BAIK SEKALI,-,BAHASA SASTRA INDONESIA,S1,BAIK SEKALI,40364875.0,20182437.0
1,118,UNIVERSITAS KRISNADWIPAYANA,D.K.I. JAKARTA,SWASTA,B,FAKULTAS ILMU ADMINISTRASI,ADMINISTRASI NEGARA,S1,B,40500000.0,20250000.0
1,118,UNIVERSITAS KRISNADWIPAYANA,D.K.I. JAKARTA,SWASTA,B,FAKULTAS TEKNIK,SIPIL,S1,C,40500000.0,20250000.0
1,118,UNIVERSITAS KRISNADWIPAYANA,D.K.I. JAKARTA,SWASTA,B,-,ADMINISTRASI PUBLIK,S1,B,40500000.0,20250000.0
1,118,UNIVERSITAS KRISNADWIPAYANA,D.K.I. JAKARTA,SWASTA,B,-,INFORMATIKA,S1,C,40500000.0,20250000.0
1,118,UNIVERSITAS KRISNADWIPAYANA,D.K.I. JAKARTA,SWASTA,B,FAKULTAS TEKNIK,MANAJEMEN TEKNOLOGI,S1,-,40500000.0,20250000.0
1,118,UNIVERSITAS KRISNADWIPAYANA,D.K.I. JAKARTA,SWASTA,B,FAKULTAS TEKNIK,MESIN,S1,C,40500000.0,20250000.0
1,118,UNIVERSITAS KRISNADWIPAYANA,D.K.I. JAKARTA,SWASTA,B,-,ADMINISTRASI BISNIS,S1,BAIK,40500000.0,20250000.0
1,117,SEKOLAH TINGGI ILMU KESEHATAN RSPAD GATOT SOEBROTO,D.K.I. JAKARTA,SWASTA,BAIK,-,KEPERAWATAN,S1,BAIK,40600000.0,20300000.0
1,116,UNIVERSITAS MUHAMMADIYAH BULUKUMBA,SULAWESI SELATAN,SWASTA,BAIK,-,PERENCANAAN WILAYAH KOTA,S1,BAIK,40805000.0,20402500.0
1,116,UNIVERSITAS MUHAMMADIYAH BULUKUMBA,SULAWESI SELATAN,SWASTA,BAIK,-,KIMIA,S1,BAIK,40805000.0,20402500.0
1,113,UNIVERSITAS SARI MULIA,KALIMANTAN SELATAN,SWASTA,BAIK,-,KEPERAWATAN,S1,BAIK SEKALI,41850000.0,20925000.0
1,113,UNIVERSITAS SARI MULIA,KALIMANTAN SELATAN,SWASTA,BAIK,-,SISTEM INFORMASI,S1,BAIK,41850000.0,20925000.0
1,111,INSTITUT KESEHATAN HELVETIA,SUMATERA UTARA,SWASTA,B,-,KEBIDANAN,S1,BAIK,42400000.0,21200000.0
1,106,UNIVERSITAS AISYIYAH PALEMBANG,SUMATERA SELATAN,SWASTA,BAIK,-,MANAJEMEN,S1,BAIK,45650000.0,22825000.0
1,103,UNIVERSITAS HAMZANWADI,NUSA TENGGARA BARAT,SWASTA,B,-,FISIKA,S1,B,46850000.0,23425000.0
1,103,UNIVERSITAS HAMZANWADI,NUSA TENGGARA BARAT,SWASTA,B,-,PARIWISATA,S1,BAIK,46850000.0,23425000.0
1,103,UNIVERSITAS HAMZANWADI,NUSA TENGGARA BARAT,SWASTA,B,-,GURU SEKOLAH DASAR,S1,BAIK SEKALI,46850000.0,23425000.0
1,103,UNIVERSITAS HAMZANWADI,NUSA TENGGARA BARAT,SWASTA,B,-,GURU ANAK USIA DINI,S1,BAIK SEKALI,46850000.0,23425000.0
1,103,UNIVERSITAS HAMZANWADI,NUSA TENGGARA BARAT,SWASTA,B,-,EKONOMI,S1,B,46850000.0,23425000.0
1,102,UNIVERSITAS MUHAMMADIYAH JEMBER,JAWA TIMUR,SWASTA,B,ILMU KESEHATAN,NERS KEPERAWATAN,S1,-,46860200.0,23430100.0
1,102,UNIVERSITAS MUHAMMADIYAH JEMBER,JAWA TIMUR,SWASTA,B,PERTANIAN,TEKNOLOGI INDUSTRI PERTANIAN,S1,BAIK,46860200.0,23430100.0
1,102,UNIVERSITAS MUHAMMADIYAH JEMBER,JAWA TIMUR,SWASTA,B,KEGURUAN DAN ILMU PENDIDIKAN,MATEMATIKA,S1,B,46860200.0,23430100.0
1,102,UNIVERSITAS MUHAMMADIYAH JEMBER,JAWA TIMUR,SWASTA,B,EKONOMI,AKUNTANSI,S1,A,46860200.0,23430100.0
1,102,UNIVERSITAS MUHAMMADIYAH JEMBER,JAWA TIMUR,SWASTA,B,HUKUM,HUKUM,S1,B,46860200.0,23430100.0
1,99,UNIVERSITAS MUHAMMADIYAH METRO,LAMPUNG,SWASTA,BAIK SEKALI,-,KEWIRAUSAHAAN,S1,BAIK,48115001.0,24057500.0
1,99,UNIVERSITAS MUHAMMADIYAH METRO,LAMPUNG,SWASTA,BAIK SEKALI,-,FISIOTERAPI,S1,BAIK,48115001.0,24057500.0
1,96,SEKOLAH TINGGI TEKNOLOGI RONGGOLAWE,JAWA TENGAH,SWASTA,BAIK,-,SIPIL,S1,BAIK SEKALI,48360000.0,24180000.0
1,91,SAE INDONESIA,DKI JAKARTA,SWASTA,B,FILM,FILM TELEVISI,S1,-,50000000.0,25000000.0
1,92,UNIVERSITAS METHODIST INDONESIA,SUMATERA UTARA,SWASTA,B,FAKULTAS EKONOMI,AKUNTANSI,S1,B,50000000.0,25000000.0
1,92,UNIVERSITAS METHODIST INDONESIA,SUMATERA UTARA,SWASTA,B,-,KOMPUTERISASI AKUNTANSI,S1,B,50000000.0,25000000.0
1,92,UNIVERSITAS METHODIST INDONESIA,SUMATERA UTARA,SWASTA,B,-,MANAJEMEN INFORMATIKA,S1,B,50000000.0,25000000.0
1,92,UNIVERSITAS METHODIST INDONESIA,SUMATERA UTARA,SWASTA,B,-,AGROEKOTEKNOLOGI,S1,B,50000000.0,25000000.0
1,88,UNIVERSITAS PRASETIYA MULYA,D.K.I. JAKARTA,SWASTA,BAIK SEKALI,SCHOOL OF BUSINESS AND ECONOMICS,AKUNTANSI,S1,B,51000000.0,25500000.0
1,88,UNIVERSITAS PRASETIYA MULYA,D.K.I. JAKARTA,SWASTA,BAIK SEKALI,-,REKAYASA SISTEM KOMPUTER,S1,BAIK,51000000.0,25500000.0
1,88,UNIVERSITAS PRASETIYA MULYA,D.K.I. JAKARTA,SWASTA,BAIK SEKALI,-,ENERGI WIRAUSAHA,S1,C,51000000.0,25500000.0
1,88,UNIVERSITAS PRASETIYA MULYA,D.K.I. JAKARTA,SWASTA,BAIK SEKALI,SCHOOL OF BUSINESS AND ECONOMICS,TEKNOLOGI KEUANGAN,S1,-,51000000.0,25500000.0
1,87,INSTITUT BIO SCIENTIA INTERNASIONAL INDONESIA,D.K.I. JAKARTA,SWASTA,BAIK SEKALI,-,TEKNOLOGI PANGAN,S1,B,51500000.0,25750000.0
1,87,INSTITUT BIO SCIENTIA INTERNASIONAL INDONESIA,D.K.I. JAKARTA,SWASTA,BAIK SEKALI,-,BIO KEWIRAUSAHAAN,S1,B,51500000.0,25750000.0
1,86,UNIVERSITAS KRISTEN MARANATHA,JAWA BARAT,SWASTA,B,-,KEDOKTERAN,S1,B,52352500.0,26176250.0
1,86,UNIVERSITAS KRISTEN MARANATHA,JAWA BARAT,SWASTA,B,-,SIPIL,S1,B,52352500.0,26176250.0
1,86,UNIVERSITAS KRISTEN MARANATHA,JAWA BARAT,SWASTA,B,-,SASTRA INGGRIS,S1,B,52352500.0,26176250.0
1,1,LONDON SCHOOL OF PUBLIC RELATIONS,DKI JAKARTA,SWASTA,A,-,KOMUNIKASI MASSA,S1,-,52500000.0,26250000.0
1,1,LONDON SCHOOL OF PUBLIC RELATIONS,DKI JAKARTA,SWASTA,A,-,HUBUNGAN INTERNASIONAL,S1,-,52500000.0,26250000.0
1,85,UNIVERSITAS 17 AGUSTUS 1945 SURABAYA,JAWA TIMUR,SWASTA,A,-,ARSITEKTUR,S1,B,53150000.0,26575000.0
1,85,UNIVERSITAS 17 AGUSTUS 1945 SURABAYA,JAWA TIMUR,SWASTA,A,-,SASTRA JEPANG,S1,B,53150000.0,26575000.0
1,82,INSTITUT SAINS DAN TEKNOLOGI NASIONAL,D.K.I. JAKARTA,SWASTA,B,FAKULTAS SAINS DAN TEKNOLOGI INFORMASI,MATEMATIKA,S1,BAIK,55500000.0,27750000.0
1,82,INSTITUT SAINS DAN TEKNOLOGI NASIONAL,D.K.I. JAKARTA,SWASTA,B,-,ARSITEKTUR LANSKAP,S1,BAIK,55500000.0,27750000.0
1,81,UNIVERSITAS KRISTEN KRIDA WACANA,D.K.I. JAKARTA,SWASTA,C,FAKULTAS KEDOKTERAN DAN ILMU KESEHATAN,KEPERAWATAN,S1,BAIK,56000000.0,28000000.0
1,81,UNIVERSITAS KRISTEN KRIDA WACANA,D.K.I. JAKARTA,SWASTA,C,-,KEDOKTERAN,S1,B,56000000.0,28000000.0
1,80,UNIVERSITAS KOPERASI INDONESIA,JAWA BARAT,SWASTA,BAIK SEKALI,-,SAINS DATA,S1,BAIK,57050000.0,28525000.0
1,78,UNIVERSITAS SWISS GERMAN,BANTEN,SWASTA,BAIK SEKALI,-,KOMUNIKASI,S1,B,59000000.0,29500000.0
1,78,UNIVERSITAS SWISS GERMAN,BANTEN,SWASTA,BAIK SEKALI,-,MESIN,S1,C,59000000.0,29500000.0
1,76,UNIVERSITAS TARUMANAGARA,D.K.I. JAKARTA,SWASTA,A,-,INFORMATIKA,S1,B,60100000.0,30050000.0
1,73,UNIVERSITAS PELITA HARAPAN,BANTEN,SWASTA,B,-,KEPERAWATAN,S1,BAIK SEKALI,61000000.0,30500000.0
1,73,UNIVERSITAS PELITA HARAPAN,BANTEN,SWASTA,B,-,TEKNOLOGI PANGAN,S1,BAIK SEKALI,61000000.0,30500000.0
1,73,UNIVERSITAS PELITA HARAPAN,BANTEN,SWASTA,B,-,SISTEM INFORMASI,S1,BAIK SEKALI,61000000.0,30500000.0
1,73,UNIVERSITAS PELITA HARAPAN,BANTEN,SWASTA,B,-,BIOLOGI,S1,BAIK SEKALI,61000000.0,30500000.0
1,74,UNIVERSITAS LINTAS INTERNASIONAL INDONESIA,BANTEN,SWASTA,BAIK SEKALI,-,KIMIA,S1,BAIK,61000000.0,30500000.0
1,73,UNIVERSITAS PELITA HARAPAN,BANTEN,SWASTA,B,-,MATEMATIKA,S1,B,61000000.0,30500000.0
1,74,UNIVERSITAS LINTAS INTERNASIONAL INDONESIA,BANTEN,SWASTA,BAIK SEKALI,-,HUBUNGAN INTERNASIONAL,S1,BAIK,61000000.0,30500000.0
1,74,UNIVERSITAS LINTAS INTERNASIONAL INDONESIA,BANTEN,SWASTA,BAIK SEKALI,-,ELEKTRO,S1,BAIK,61000000.0,30500000.0
1,73,UNIVERSITAS PELITA HARAPAN,BANTEN,SWASTA,B,-,ARSITEKTUR,S1,BAIK SEKALI,61000000.0,30500000.0
1,71,PRESIDENT UNIVERSITY,JAWA BARAT,SWASTA,A,FACULTY OF BUSINESS,AKTUARIA,S1,-,64000000.0,32000000.0
1,71,PRESIDENT UNIVERSITY,JAWA BARAT,SWASTA,A,FACULTY OF ENGINEERING,ELEKTRO,S1,B,64000000.0,32000000.0
1,70,INSTITUT IPMI,D.K.I. JAKARTA,SWASTA,BAIK SEKALI,-,BISNIS DIGITAL,S1,BAIK,65000000.0,32500000.0
1,69,UNIVERSITAS KEBANGSAAN REPUBLIK INDONESIA,JAWA BARAT,SWASTA,BAIK SEKALI,-,LINGKUNGAN,S1,BAIK SEKALI,66200003.0,33100001.0
1,69,UNIVERSITAS KEBANGSAAN REPUBLIK INDONESIA,JAWA BARAT,SWASTA,BAIK SEKALI,-,MANAJEMEN,S1,BAIK,66200003.0,33100001.0
1,68,UNIVERSITAS KATOLIK PARAHYANGAN,JAWA BARAT,SWASTA,A,-,STUDI HUMANITAS,S1,BAIK,66400000.0,33200000.0
1,68,UNIVERSITAS KATOLIK PARAHYANGAN,JAWA BARAT,SWASTA,A,-,KEDOKTERAN,S1,BAIK,66400000.0,33200000.0
1,67,UNIVERSITAS ISLAM NUSANTARA,JAWA BARAT,SWASTA,BAIK SEKALI,-,AGROTEKNOLOGI,S1,B,67040000.0,33520000.0
1,67,UNIVERSITAS ISLAM NUSANTARA,JAWA BARAT,SWASTA,BAIK SEKALI,-,KOMUNIKASI PENYIARAN ISLAM,S1,BAIK,67040000.0,33520000.0
1,67,UNIVERSITAS ISLAM NUSANTARA,JAWA BARAT,SWASTA,BAIK SEKALI,-,GURU PAUD,S1,B,67040000.0,33520000.0
1,67,UNIVERSITAS ISLAM NUSANTARA,JAWA BARAT,SWASTA,BAIK SEKALI,-,GURU MADRASAH IBTIDAIYAH,S1,C,67040000.0,33520000.0
1,66,UNIVERSITAS MUHAMMADIYAH TANGERANG,BANTEN,SWASTA,B,-,KEPERAWATAN,S1,C,68250000.0,34125000.0
1,64,UNIVERSITAS KADIRI,JAWA TIMUR,SWASTA,BAIK SEKALI,EKONOMI DAN BISNIS,EKONOMI PEMBANGUNAN,S1,BAIK SEKALI,71250000.0,35625000.0
1,62,UNIVERSITAS MUHAMMADIYAH SURAKARTA,JAWA TENGAH,SWASTA,A,-,BISNIS DIGITAL,S1,BAIK,72100000.0,36050000.0
1,62,UNIVERSITAS MUHAMMADIYAH SURAKARTA,JAWA TENGAH,SWASTA,A,-,FISIOTERAPI,S1,A,72100000.0,36050000.0
1,62,UNIVERSITAS MUHAMMADIYAH SURAKARTA,JAWA TENGAH,SWASTA,A,-,ANAK USIA DINI,S1,B,72100000.0,36050000.0
1,62,UNIVERSITAS MUHAMMADIYAH SURAKARTA,JAWA TENGAH,SWASTA,A,FAKULTAS KOMUNIKASI DAN INFORMATIKA,INFORMATIKA,S1,B,72100000.0,36050000.0
1,62,UNIVERSITAS MUHAMMADIYAH SURAKARTA,JAWA TENGAH,SWASTA,A,FAKULTAS EKONOMI DAN BISNIS,MANAJEMEN,S1,A,72100000.0,36050000.0
1,62,UNIVERSITAS MUHAMMADIYAH SURAKARTA,JAWA TENGAH,SWASTA,A,FAKULTAS TEKNIK,SIPIL,S1,B,72100000.0,36050000.0
1,62,UNIVERSITAS MUHAMMADIYAH SURAKARTA,JAWA TENGAH,SWASTA,A,FAKULTAS TEKNIK,MESIN,S1,B,72100000.0,36050000.0
1,62,UNIVERSITAS MUHAMMADIYAH SURAKARTA,JAWA TENGAH,SWASTA,A,FAKULTAS KOMUNIKASI DAN INFORMATIKA,KOMUNIKASI,S1,B,72100000.0,36050000.0
1,62,UNIVERSITAS MUHAMMADIYAH SURAKARTA,JAWA TENGAH,SWASTA,A,FAKULTAS EKONOMI DAN BISNIS,EKONOMI,S1,-,72100000.0,36050000.0
1,62,UNIVERSITAS MUHAMMADIYAH SURAKARTA,JAWA TENGAH,SWASTA,A,FAKULTAS PSIKOLOGI,PSIKOLOGI,S1,A,72100000.0,36050000.0
1,62,UNIVERSITAS MUHAMMADIYAH SURAKARTA,JAWA TENGAH,SWASTA,A,-,KEDOKTERAN GIGI,S1,B,72100000.0,36050000.0
1,59,UNIVERSITAS KALBIS,D.K.I. JAKARTA,SWASTA,BAIK SEKALI,-,DESAIN KOMUNIKASI VISUAL,S1,BAIK SEKALI,78860000.0,39430000.0
1,52,UNIVERSITAS 17 AGUSTUS 1945 JAKARTA,D.K.I. JAKARTA,SWASTA,BAIK SEKALI,-,ADMINISTRASI NIAGA,S1,B,114980000.0,57490000.0
1,52,UNIVERSITAS 17 AGUSTUS 1945 JAKARTA,D.K.I. JAKARTA,SWASTA,BAIK SEKALI,FAKULTAS EKONOMI BISNIS & ILMU SOSIAL,KOMUNIKASI,S1,B,114980000.0,57490000.0
1,51,UNIVERSITAS ISLAM AL-AZHAR,NUSA TENGGARA BARAT,SWASTA,BAIK SEKALI,-,KOMPUTER,S1,BAIK,115100000.0,57550000.0
1,51,UNIVERSITAS ISLAM AL-AZHAR,NUSA TENGGARA BARAT,SWASTA,BAIK SEKALI,-,AGROEKOTEKNOLOGI,S1,BAIK,115100000.0,57550000.0
1,51,UNIVERSITAS ISLAM AL-AZHAR,NUSA TENGGARA BARAT,SWASTA,BAIK SEKALI,-,AGRIBISNIS,S1,BAIK SEKALI,115100000.0,57550000.0
1,49,UNIVERSITAS HINDU INDONESIA,BALI,SWASTA,B,-,SENI TARI KEAGAMAAN HINDU,S1,B,131000001.0,65500000.0
1,49,UNIVERSITAS HINDU INDONESIA,BALI,SWASTA,B,-,SIPIL,S1,BAIK SEKALI,131000001.0,65500000.0
1,49,UNIVERSITAS HINDU INDONESIA,BALI,SWASTA,B,-,HUKUM ADAT,S1,BAIK,131000001.0,65500000.0
1,46,UNIVERSITAS HANG TUAH,JAWA TIMUR,SWASTA,B,FAKULTAS KEDOKTERAN,DOKTER,S1,-,146900000.0,73450000.0
1,46,UNIVERSITAS HANG TUAH,JAWA TIMUR,SWASTA,B,FAKULTAS PSIKOLOGI,PSIKOLOGI,S1,B,146900000.0,73450000.0
1,45,UNIVERSITAS BOSOWA,SULAWESI SELATAN,SWASTA,BAIK SEKALI,-,BAHASA SASTRA INDONESIA,S1,BAIK SEKALI,168250000.0,84125000.0
1,45,UNIVERSITAS BOSOWA,SULAWESI SELATAN,SWASTA,BAIK SEKALI,-,PERTAMBANGAN,S1,BAIK,168250000.0,84125000.0
1,45,UNIVERSITAS BOSOWA,SULAWESI SELATAN,SWASTA,BAIK SEKALI,-,MATEMATIKA,S1,BAIK SEKALI,168250000.0,84125000.0
1,45,UNIVERSITAS BOSOWA,SULAWESI SELATAN,SWASTA,BAIK SEKALI,-,TEKNOLOGI PANGAN,S1,BAIK SEKALI,168250000.0,84125000.0
1,45,UNIVERSITAS BOSOWA,SULAWESI SELATAN,SWASTA,BAIK SEKALI,-,PANCASILA KEWARGANEGARAAN,S1,BAIK SEKALI,168250000.0,84125000.0
1,45,UNIVERSITAS BOSOWA,SULAWESI SELATAN,SWASTA,BAIK SEKALI,-,LINGKUNGAN,S1,BAIK,168250000.0,84125000.0
1,45,UNIVERSITAS BOSOWA,SULAWESI SELATAN,SWASTA,BAIK SEKALI,-,SOSIOLOGI,S1,BAIK SEKALI,168250000.0,84125000.0
1,44,UNIVERSITAS TRISAKTI,D.K.I. JAKARTA,SWASTA,A,-,AKUNTANSI SEKTOR PUBLIK,S1,B,168450000.0,84225000.0
1,44,UNIVERSITAS TRISAKTI,D.K.I. JAKARTA,SWASTA,A,-,KEUANGAN PERBANKAN SYARIAH,S1,B,168450000.0,84225000.0
1,43,UNIVERSITAS ISLAM SULTAN AGUNG,JAWA TENGAH,SWASTA,B,-,AKUNTANSI,S1,A,201750001.0,100875000.0
1,43,UNIVERSITAS ISLAM SULTAN AGUNG,JAWA TENGAH,SWASTA,B,-,FARMASI,S1,B,201750001.0,100875000.0
1,43,UNIVERSITAS ISLAM SULTAN AGUNG,JAWA TENGAH,SWASTA,B,-,BAHASA SASTRA INDONESIA,S1,B,201750001.0,100875000.0
1,43,UNIVERSITAS ISLAM SULTAN AGUNG,JAWA TENGAH,SWASTA,B,-,INDUSTRI,S1,B,201750001.0,100875000.0
1,43,UNIVERSITAS ISLAM SULTAN AGUNG,JAWA TENGAH,SWASTA,B,-,PENGEMBANGAN WILAYAH KOTA,S1,B,201750001.0,100875000.0
1,43,UNIVERSITAS ISLAM SULTAN AGUNG,JAWA TENGAH,SWASTA,B,-,ELEKTRO,S1,B,201750001.0,100875000.0
1,43,UNIVERSITAS ISLAM SULTAN AGUNG,JAWA TENGAH,SWASTA,B,-,INFORMATIKA,S1,C,201750001.0,100875000.0
1,41,UNIVERSITAS KATOLIK WIDYA MANDALA SURABAYA,JAWA TIMUR,SWASTA,A,FAKULTAS TEKNIK,JOINT DEGREE KIMIA,S1,-,234470600.0,117235300.0
1,41,UNIVERSITAS KATOLIK WIDYA MANDALA SURABAYA,JAWA TIMUR,SWASTA,A,FAKULTAS ILMU FILSAFAT,FILSAFAT,S1,B,234470600.0,117235300.0
1,41,UNIVERSITAS KATOLIK WIDYA MANDALA SURABAYA,JAWA TIMUR,SWASTA,A,FAKULTAS KEGURUAN DAN ILMU PENDIDIKAN,PROFESI GURU,S1,-,234470600.0,117235300.0
1,41,UNIVERSITAS KATOLIK WIDYA MANDALA SURABAYA,JAWA TIMUR,SWASTA,A,FAKULTAS TEKNIK,INDUSTRI,S1,B,234470600.0,117235300.0
1,41,UNIVERSITAS KATOLIK WIDYA MANDALA SURABAYA,JAWA TIMUR,SWASTA,A,FAKULTAS KEGURUAN DAN ILMU PENDIDIKAN,FISIKA,S1,B,234470600.0,117235300.0
1,41,UNIVERSITAS KATOLIK WIDYA MANDALA SURABAYA,JAWA TIMUR,SWASTA,A,FAKULTAS TEKNIK,ELEKTRO,S1,B,234470600.0,117235300.0
1,41,UNIVERSITAS KATOLIK WIDYA MANDALA SURABAYA,JAWA TIMUR,SWASTA,A,FAKULTAS FARMASI,FARMASI,S1,A,234470600.0,117235300.0
1,39,INSTITUT TEKNOLOGI HARAPAN BANGSA,JAWA BARAT,SWASTA,BAIK SEKALI,-,ELEKTRO,S1,B,243400000.0,121700000.0
1,36,UNIVERSITAS KRISTEN SATYA WACANA,JAWA TENGAH,SWASTA,A,FAKULTAS BAHASA DAN SENI,BAHASA INGGRIS,S1,A,276850001.0,138425000.0
1,36,UNIVERSITAS KRISTEN SATYA WACANA,JAWA TENGAH,SWASTA,A,FAKULTAS HUKUM,HUKUM,S1,A,276850001.0,138425000.0
1,36,UNIVERSITAS KRISTEN SATYA WACANA,JAWA TENGAH,SWASTA,A,FAKULTAS PSIKOLOGI,PSIKOLOGI,S1,A,276850001.0,138425000.0
1,36,UNIVERSITAS KRISTEN SATYA WACANA,JAWA TENGAH,SWASTA,A,FAKULTAS BIOLOGI,KEGURUAN &,S1,-,276850001.0,138425000.0
1,36,UNIVERSITAS KRISTEN SATYA WACANA,JAWA TENGAH,SWASTA,A,-,BIMBINGAN KONSELING,S1,A,276850001.0,138425000.0
1,36,UNIVERSITAS KRISTEN SATYA WACANA,JAWA TENGAH,SWASTA,A,-,GURU PAUD,S1,B,276850001.0,138425000.0
1,36,UNIVERSITAS KRISTEN SATYA WACANA,JAWA TENGAH,SWASTA,A,-,SENI MUSIK,S1,BAIK SEKALI,276850001.0,138425000.0
1,36,UNIVERSITAS KRISTEN SATYA WACANA,JAWA TENGAH,SWASTA,A,FAKULTAS TEOLOGI,LAINNYA,S1,-,276850001.0,138425000.0
1,36,UNIVERSITAS KRISTEN SATYA WACANA,JAWA TENGAH,SWASTA,A,FAKULTAS BIOLOGI,BIOLOGI,S1,A,276850001.0,138425000.0
1,34,UNIVERSITAS KATOLIK INDONESIA ATMA JAYA,DKI JAKARTA,SWASTA,A,FAKULTAS KEDOKTERAN DAN ILMU KESEHATAN,DOKTER,S1,A,338500000.0,169250000.0
1,34,UNIVERSITAS KATOLIK INDONESIA ATMA JAYA,DKI JAKARTA,SWASTA,A,FAKULTAS ILMU ADMINISTRASI BISNIS DAN ILMU KOMUNIKASI,ADMINISTRASI BISNIS,S1,B,338500000.0,169250000.0
1,34,UNIVERSITAS KATOLIK INDONESIA ATMA JAYA,DKI JAKARTA,SWASTA,A,FAKULTAS TEKNIK,ELEKTRO,S1,A,338500000.0,169250000.0
1,34,UNIVERSITAS KATOLIK INDONESIA ATMA JAYA,DKI JAKARTA,SWASTA,A,FAKULTAS EKONOMI DAN BISNIS,MANAJEMEN,S1,A,338500000.0,169250000.0
1,32,UNIVERSITAS MUHAMMADIYAH PURWOKERTO,JAWA TENGAH,SWASTA,B,-,HUKUM,S1,B,545525000.0,272762500.0
1,32,UNIVERSITAS MUHAMMADIYAH PURWOKERTO,JAWA TENGAH,SWASTA,B,-,PANCASILA KEWARGANEGARAAN,S1,B,545525000.0,272762500.0
1,32,UNIVERSITAS MUHAMMADIYAH PURWOKERTO,JAWA TENGAH,SWASTA,B,-,BISNIS DIGITAL,S1,BAIK SEKALI,545525000.0,272762500.0
1,32,UNIVERSITAS MUHAMMADIYAH PURWOKERTO,JAWA TENGAH,SWASTA,B,-,ELEKTRO,S1,C,545525000.0,272762500.0
1,32,UNIVERSITAS MUHAMMADIYAH PURWOKERTO,JAWA TENGAH,SWASTA,B,-,GURU ANAK USIA DINI,S1,BAIK SEKALI,545525000.0,272762500.0
1,32,UNIVERSITAS MUHAMMADIYAH PURWOKERTO,JAWA TENGAH,SWASTA,B,-,AKUAKULTUR,S1,BAIK,545525000.0,272762500.0
2,1533,UNIVERSITAS AISYIYAH YOGYAKARTA,D.I. YOGYAKARTA,SWASTA,UNGGUL,-,FISIOTERAPI,S1,UNGGUL,5000000.0,2500000.0
2,1414,UNIVERSITAS BINA SARANA INFORMATIKA,D.K.I. JAKARTA,SWASTA,UNGGUL,-,INFORMATIKA KAMPUS KOTA SUKABUMI,S1,UNGGUL,5760000.0,2880000.0
2,1414,UNIVERSITAS BINA SARANA INFORMATIKA,D.K.I. JAKARTA,SWASTA,UNGGUL,-,SISTEM INFORMASI,S1,UNGGUL,5760000.0,2880000.0
2,1068,UNIVERSITAS NUSA PUTRA,JAWA BARAT,SWASTA,UNGGUL,-,SISTEM INFORMASI,S1,UNGGUL,7600000.0,3800000.0
2,635,UNIVERSITAS DUTA BANGSA SURAKARTA,JAWA TENGAH,SWASTA,UNGGUL,-,ADMINISTRASI RUMAH SAKIT,S1,UNGGUL,12100000.0,6050000.0
2,305,UNIVERSITAS DARUSSALAM GONTOR,JAWA TIMUR,SWASTA,UNGGUL,-,GIZI,S1,UNGGUL,20500000.0,10250000.0
2,305,UNIVERSITAS DARUSSALAM GONTOR,JAWA TIMUR,SWASTA,UNGGUL,-,AQIDAH FILSAFAT ISLAM,S1,UNGGUL,20500000.0,10250000.0
2,305,UNIVERSITAS DARUSSALAM GONTOR,JAWA TIMUR,SWASTA,UNGGUL,-,STUDI AGAMA AGAMA,S1,UNGGUL,20500000.0,10250000.0
2,223,UNIVERSITAS MUHAMMADIYAH SEMARANG,JAWA TENGAH,SWASTA,UNGGUL,FAKULTAS EKONOMI,AKUNTANSI,S1,UNGGUL,25200000.0,12600000.0
2,223,UNIVERSITAS MUHAMMADIYAH SEMARANG,JAWA TENGAH,SWASTA,UNGGUL,FAKULTAS BAHASA DAN BUDAYA ASING,BAHASA INGGRIS,S1,UNGGUL,25200000.0,12600000.0
2,223,UNIVERSITAS MUHAMMADIYAH SEMARANG,JAWA TENGAH,SWASTA,UNGGUL,FAKULTAS ILMU KEPERAWATAN DAN KESEHATAN,GIZI,S1,UNGGUL,25200000.0,12600000.0
2,223,UNIVERSITAS MUHAMMADIYAH SEMARANG,JAWA TENGAH,SWASTA,UNGGUL,FAKULTAS BAHASA DAN BUDAYA ASING,SASTRA INGGRIS,S1,UNGGUL,25200000.0,12600000.0
2,223,UNIVERSITAS MUHAMMADIYAH SEMARANG,JAWA TENGAH,SWASTA,UNGGUL,FAKULTAS EKONOMI,MANAJEMEN,S1,UNGGUL,25200000.0,12600000.0
2,217,UNIVERSITAS TELKOM,JAWA BARAT,SWASTA,UNGGUL,FAKULTAS EKONOMI DAN BISNIS,MANAJEMEN,S1,UNGGUL,26000000.0,13000000.0
2,185,UNIVERSITAS PENDIDIKAN NASIONAL,BALI,SWASTA,UNGGUL,-,HUKUM,S1,UNGGUL,29000000.0,14500000.0
2,160,UNIVERSITAS MULTIMEDIA NUSANTARA JAKARTA,D.K.I. JAKARTA,SWASTA,UNGGUL,-,AKUNTANSI,S1,UNGGUL,32325000.0,16162500.0
2,160,UNIVERSITAS MULTIMEDIA NUSANTARA JAKARTA,D.K.I. JAKARTA,SWASTA,UNGGUL,-,MANAJEMEN,S1,UNGGUL,32325000.0,16162500.0
2,124,UNIVERSITAS WARMADEWA,BALI,SWASTA,UNGGUL,-,ARSITEKTUR,S1,UNGGUL,39850001.0,19925000.0
2,124,UNIVERSITAS WARMADEWA,BALI,SWASTA,UNGGUL,-,SIPIL,S1,UNGGUL,39850001.0,19925000.0
2,101,UNIVERSITAS NAHDLATUL ULAMA SURABAYA,JAWA TIMUR,SWASTA,UNGGUL,-,BAHASA INGGRIS,S1,UNGGUL,47476000.0,23738000.0
2,101,UNIVERSITAS NAHDLATUL ULAMA SURABAYA,JAWA TIMUR,SWASTA,UNGGUL,-,GURU SEKOLAH DASAR,S1,UNGGUL,47476000.0,23738000.0
2,101,UNIVERSITAS NAHDLATUL ULAMA SURABAYA,JAWA TIMUR,SWASTA,UNGGUL,-,KEDOKTERAN,S1,UNGGUL,47476000.0,23738000.0
2,101,UNIVERSITAS NAHDLATUL ULAMA SURABAYA,JAWA TIMUR,SWASTA,UNGGUL,-,AKUNTANSI,S1,UNGGUL,47476000.0,23738000.0
2,101,UNIVERSITAS NAHDLATUL ULAMA SURABAYA,JAWA TIMUR,SWASTA,UNGGUL,-,GURU ANAK USIA DINI,S1,UNGGUL,47476000.0,23738000.0
2,98,INSTITUT TEKNOLOGI NASIONAL BANDUNG,JAWA BARAT,SWASTA,UNGGUL,-,INFORMATIKA,S1,UNGGUL,48335000.0,24167500.0
2,98,INSTITUT TEKNOLOGI NASIONAL BANDUNG,JAWA BARAT,SWASTA,UNGGUL,-,MESIN,S1,UNGGUL,48335000.0,24167500.0
2,58,UNIVERSITAS PRESIDEN,JAWA BARAT,SWASTA,UNGGUL,-,LINGKUNGAN,S1,UNGGUL,79700500.0,39850250.0
2,58,UNIVERSITAS PRESIDEN,JAWA BARAT,SWASTA,UNGGUL,-,MESIN,S1,UNGGUL,79700500.0,39850250.0
2,58,UNIVERSITAS PRESIDEN,JAWA BARAT,SWASTA,UNGGUL,-,MANAJEMEN,S1,UNGGUL,79700500.0,39850250.0
2,53,UNIVERSITAS BINA NUSANTARA,D.K.I. JAKARTA,SWASTA,UNGGUL,-,KEWIRAUSAHAAN,S1,UNGGUL,95259501.0,47629750.0
2,53,UNIVERSITAS BINA NUSANTARA,D.K.I. JAKARTA,SWASTA,UNGGUL,-,HUBUNGAN INTERNASIONAL,S1,UNGGUL,95259501.0,47629750.0
3,27,UNIVERSITAS PASUNDAN,JAWA BARAT,SWASTA,A,FAKULTAS TEKNIK,TEKNOLOGI PANGAN,S1,A,2512650000.0,1256325000.0
3,27,UNIVERSITAS PASUNDAN,JAWA BARAT,SWASTA,A,FAKULTAS KEGURUAN DAN ILMU PENDIDIKAN,MATEMATIKA,S1,B,2512650000.0,1256325000.0
3,27,UNIVERSITAS PASUNDAN,JAWA BARAT,SWASTA,A,FAKULTAS TEKNIK,MESIN,S1,A,2512650000.0,1256325000.0
3,27,UNIVERSITAS PASUNDAN,JAWA BARAT,SWASTA,A,FAKULTAS ILMU SENI DAN SASTRA,MUSIK,S1,-,2512650000.0,1256325000.0
3,27,UNIVERSITAS PASUNDAN,JAWA BARAT,SWASTA,A,FAKULTAS EKONOMI DAN BISNIS,MANAJEMEN,S1,A,2512650000.0,1256325000.0
3,27,UNIVERSITAS PASUNDAN,JAWA BARAT,SWASTA,A,FAKULTAS ILMU SOSIAL DAN ILMU POLITIK,KOMUNIKASI,S1,A,2512650000.0,1256325000.0
3,27,UNIVERSITAS PASUNDAN,JAWA BARAT,SWASTA,A,FAKULTAS KEGURUAN DAN ILMU PENDIDIKAN,BIOLOGI,S1,A,2512650000.0,1256325000.0
3,27,UNIVERSITAS PASUNDAN,JAWA BARAT,SWASTA,A,FAKULTAS KEGURUAN DAN ILMU PENDIDIKAN,BAHASA INDONESIA,S1,-,2512650000.0,1256325000.0
4,1398,SEKOLAH TINGGI ILMU KESEHATAN BALA KESELAMATAN PALU,SULAWESI TENGAH,SWASTA,BAIK,-,ADMINISTRASI KESEHATAN,S1,TERAKREDITASI UNGGUL,5900000.0,2950000.0
4,1210,UNIVERSITAS WIRA BHAKTI,SULAWESI SELATAN,SWASTA,BAIK,-,PERIKANAN,S1,TERAKREDITASI SEMENTARA,6700000.0,3350000.0
4,1012,UNIVERSITAS ICHSAN SIDENRENG RAPPANG,SULAWESI SELATAN,SWASTA,BAIK,-,HUKUM BISNIS,S1,TERAKREDITASI SEMENTARA,8000000.0,4000000.0
4,774,UNIVERSITAS ALMARISAH MADANI,SULAWESI SELATAN,SWASTA,BAIK SEKALI,-,KOMUNIKASI,S1,TERAKREDITASI SEMENTARA,10000000.0,5000000.0
5,1770,SEKOLAH TINGGI KESENIAN WILWATIKTA,JAWA TIMUR,SWASTA,BAIK SEKALI,-,SENI TARI,S1,UNGGUL,3950000.0,1975000.0
5,1641,UNIVERSITAS INDONESIA MANDIRI,LAMPUNG,SWASTA,BAIK,-,ADMINISTRASI PUBLIK,S1,TIDAK TERAKREDITASI,4800000.0,2400000.0
5,1579,UNIVERSITAS MA'ARIF NAHDLATUL ULAMA KEBUMEN,JAWA TENGAH,SWASTA,BAIK,-,BIOLOGI,S1,TIDAK TERAKREDITASI,4800000.0,2400000.0
5,1308,UNIVERSITAS QOMARUDDIN,JAWA TIMUR,SWASTA,BAIK,-,MANAJEMEN ISLAM,S1,UNGGUL,6200000.0,3100000.0
5,1109,UNIVERSITAS MUHADI SETIABUDI,JAWA TENGAH,SWASTA,BAIK SEKALI,-,BAHASA SASTRA INDONESIA,S1,UNGGUL,7351000.0,3675500.0
5,973,UNIVERSITAS MUHAMMADIYAH PONTIANAK,KALIMANTAN BARAT,SWASTA,B,-,BIOLOGI,S1,UNGGUL,8000000.0,4000000.0
5,968,UNIVERSITAS ISLAM KALIMANTAN MUHAMMAD ARSYAD AL BANJARI BANJARMASIN,KALIMANTAN SELATAN,SWASTA,BAIK SEKALI,-,ADMINISTRASI PUBLIK,S1,UNGGUL,8095000.0,4047500.0
5,965,INSTITUT PENDIDIKAN INDONESIA GARUT,JAWA BARAT,SWASTA,BAIK SEKALI,-,BIOLOGI,S1,UNGGUL,8110000.0,4055000.0
5,965,INSTITUT PENDIDIKAN INDONESIA GARUT,JAWA BARAT,SWASTA,BAIK SEKALI,-,BAHASA INGGRIS,S1,UNGGUL,8110000.0,4055000.0
5,954,UNIVERSITAS VETERAN BANGUN NUSANTARA,JAWA TENGAH,SWASTA,BAIK SEKALI,-,GEOGRAFI,S1,UNGGUL,8350000.0,4175000.0
5,935,UNIVERSITAS TUNAS PEMBANGUNAN SURAKARTA,JAWA TENGAH,SWASTA,BAIK SEKALI,-,KEPELATIHAN OLAHRAGA,S1,UNGGUL,8483000.0,4241500.0
5,908,UNIVERSITAS MUHAMMADIYAH CIREBON,JAWA BARAT,SWASTA,B,-,GURU ANAK USIA DINI,S1,UNGGUL,8850000.0,4425000.0
5,887,SEKOLAH TINGGI ILMU EKONOMI MALANGKUCECWARA,JAWA TIMUR,SWASTA,BAIK SEKALI,-,MANAJEMEN,S1,UNGGUL,9000000.0,4500000.0
5,769,UNIVERSITAS PGRI MADIUN,JAWA TIMUR,SWASTA,B,-,GURU SEKOLAH DASAR,S1,UNGGUL,10091000.0,5045500.0
5,697,UNIVERSITAS 17 AGUSTUS 1945 SEMARANG,JAWA TENGAH,SWASTA,BAIK SEKALI,-,ADMINISTRASI PUBLIK,S1,UNGGUL,11250000.0,5625000.0
5,649,UNIVERSITAS GALUH,JAWA BARAT,SWASTA,BAIK SEKALI,-,KEPERAWATAN,S1,UNGGUL,12000000.0,6000000.0
5,625,UNIVERSITAS TEKNOLOGI YOGYAKARTA,D.I. YOGYAKARTA,SWASTA,B,-,KOMPUTER,S1,UNGGUL,12200000.0,6100000.0
5,499,UNIVERSITAS PGRI MAHADEWA INDONESIA,BALI,SWASTA,B,-,SENI DRAMA,S1,UNGGUL,14350000.0,7175000.0
5,493,UNIVERSITAS PGRI ADI BUANA,JAWA TIMUR,SWASTA,BAIK SEKALI,-,KHUSUS,S1,UNGGUL,14450000.0,7225000.0
5,488,SEKOLAH TINGGI ILMU EKONOMI PARIWISATA INDONESIA,JAWA TENGAH,SWASTA,B,-,PARIWISATA,S1,UNGGUL,14500000.0,7250000.0
5,431,UNIVERSITAS AHMAD DAHLAN,DI YOGYAKARTA,SWASTA,A,FAKULTAS AGAMA ISLAM,HADIS,S1,UNGGUL,16000000.0,8000000.0
5,395,UNIVERSITAS BINA SEHAT PPNI MOJOKERTO,JAWA TIMUR,SWASTA,BAIK,-,KEPERAWATAN,S1,UNGGUL,17000000.0,8500000.0
5,347,UNIVERSITAS MUHAMMADIYAH PEKAJANGAN PEKALONGAN,JAWA TENGAH,SWASTA,BAIK SEKALI,-,KEPERAWATAN,S1,UNGGUL,19050000.0,9525000.0
5,239,UNIVERSITAS MUHAMMADIYAH JAKARTA,D.K.I. JAKARTA,SWASTA,B,FAKULTAS AGAMA ISLAM,GURU SEKOLAH DASAR,S1,UNGGUL,24511201.0,12255600.0
5,200,SEKOLAH TINGGI ILMU EKONOMI EKUITAS,JAWA BARAT,SWASTA,B,-,AKUNTANSI,S1,UNGGUL,27454200.0,13727100.0
5,199,UNIVERSITAS DOKTOR NUGROHO MAGETAN,JAWA TIMUR,SWASTA,BAIK,-,MATEMATIKA,S1,TIDAK TERAKREDITASI,27500000.0,13750000.0
5,178,UNIVERSITAS MUHAMMADIYAH MAGELANG,JAWA TENGAH,SWASTA,B,-,GURU MADRASAH IBTIDAIYAH,S1,UNGGUL,29580000.0,14790000.0
5,177,UNIVERSITAS HASYIM ASY'ARI TEBUIRENG JOMBANG,JAWA TIMUR,SWASTA,BAIK SEKALI,-,GURU MADRASAH IBTIDAIYAH,S1,UNGGUL,29750000.0,14875000.0
5,141,UNIVERSITAS PAKUAN,JAWA BARAT,SWASTA,B,-,KOMPUTER,S1,UNGGUL,35000006.0,17500003.0
5,62,UNIVERSITAS MUHAMMADIYAH SURAKARTA,JAWA TENGAH,SWASTA,A,-,JASMANI,S1,UNGGUL,72100000.0,36050000.0
5,62,UNIVERSITAS MUHAMMADIYAH SURAKARTA,JAWA TENGAH,SWASTA,A,-,PANCASILA KEWARGANEGARAAN,S1,UNGGUL,72100000.0,36050000.0
6,1533,UNIVERSITAS AISYIYAH YOGYAKARTA,D.I. YOGYAKARTA,SWASTA,UNGGUL,-,TEKNOLOGI INFORMASI,S1,BAIK SEKALI,5000000.0,2500000.0
6,1474,UNIVERSITAS PANCASAKTI TEGAL,JAWA TENGAH,SWASTA,UNGGUL,-,PEMANFAATAN SUMBER DAYA PERIKANAN,S1,B,5300000.0,2650000.0
6,1474,UNIVERSITAS PANCASAKTI TEGAL,JAWA TENGAH,SWASTA,UNGGUL,-,MATEMATIKA,S1,B,5300000.0,2650000.0
6,1474,UNIVERSITAS PANCASAKTI TEGAL,JAWA TENGAH,SWASTA,UNGGUL,-,PANCASILA KEWARGANEGARAAN,S1,B,5300000.0,2650000.0
6,1474,UNIVERSITAS PANCASAKTI TEGAL,JAWA TENGAH,SWASTA,UNGGUL,-,BAHASA SASTRA INDONESIA,S1,C,5300000.0,2650000.0
6,1474,UNIVERSITAS PANCASAKTI TEGAL,JAWA TENGAH,SWASTA,UNGGUL,-,INDUSTRI,S1,C,5300000.0,2650000.0
6,1414,UNIVERSITAS BINA SARANA INFORMATIKA,D.K.I. JAKARTA,SWASTA,UNGGUL,-,KOMUNIKASI,S1,BAIK,5760000.0,2880000.0
6,1068,UNIVERSITAS NUSA PUTRA,JAWA BARAT,SWASTA,UNGGUL,-,DESAIN KOMUNIKASI VISUAL,S1,B,7600000.0,3800000.0
6,700,UNIVERSITAS MUHAMMADIYAH PONOROGO,JAWA TIMUR,SWASTA,UNGGUL,-,PERPUSTAKAAN INFORMASI ISLAM,S1,BAIK,11200000.0,5600000.0
6,635,UNIVERSITAS DUTA BANGSA SURAKARTA,JAWA TENGAH,SWASTA,UNGGUL,-,BAHASA INGGRIS,S1,BAIK,12100000.0,6050000.0
6,635,UNIVERSITAS DUTA BANGSA SURAKARTA,JAWA TENGAH,SWASTA,UNGGUL,-,MANAJEMEN,S1,BAIK SEKALI,12100000.0,6050000.0
6,635,UNIVERSITAS DUTA BANGSA SURAKARTA,JAWA TENGAH,SWASTA,UNGGUL,-,INDUSTRI,S1,BAIK,12100000.0,6050000.0
6,560,UNIVERSITAS MAHASARASWATI DENPASAR,BALI,SWASTA,UNGGUL,-,SASTRA JEPANG,S1,BAIK SEKALI,13344800.0,6672400.0
6,560,UNIVERSITAS MAHASARASWATI DENPASAR,BALI,SWASTA,UNGGUL,-,KEDOKTERAN,S1,BAIK,13344800.0,6672400.0
6,560,UNIVERSITAS MAHASARASWATI DENPASAR,BALI,SWASTA,UNGGUL,FAKULTAS EKONOMI,AKUNTANSI,S1,B,13344800.0,6672400.0
6,560,UNIVERSITAS MAHASARASWATI DENPASAR,BALI,SWASTA,UNGGUL,-,BAHASA SASTRA INDONESIA,S1,A,13344800.0,6672400.0
6,560,UNIVERSITAS MAHASARASWATI DENPASAR,BALI,SWASTA,UNGGUL,-,MANAJEMEN,S1,B,13344800.0,6672400.0
6,560,UNIVERSITAS MAHASARASWATI DENPASAR,BALI,SWASTA,UNGGUL,-,FARMASI,S1,BAIK SEKALI,13344800.0,6672400.0
6,413,UNIVERSITAS SANGGA BUANA,JAWA BARAT,SWASTA,UNGGUL,-,AKUNTANSI,S1,BAIK SEKALI,16450000.0,8225000.0
6,413,UNIVERSITAS SANGGA BUANA,JAWA BARAT,SWASTA,UNGGUL,-,MESIN,S1,BAIK SEKALI,16450000.0,8225000.0
6,400,UNIVERSITAS PGRI SEMARANG,JAWA TENGAH,SWASTA,UNGGUL,-,BIOLOGI,S1,B,16900000.0,8450000.0
6,400,UNIVERSITAS PGRI SEMARANG,JAWA TENGAH,SWASTA,UNGGUL,-,BIMBINGAN KONSELING,S1,B,16900000.0,8450000.0
6,343,UNIVERSITAS AL-AZHAR INDONESIA,D.K.I. JAKARTA,SWASTA,UNGGUL,-,INDUSTRI,S1,BAIK SEKALI,19230000.0,9615000.0
6,343,UNIVERSITAS AL-AZHAR INDONESIA,D.K.I. JAKARTA,SWASTA,UNGGUL,-,GIZI,S1,BAIK SEKALI,19230000.0,9615000.0
6,323,UNIVERSITAS PEKALONGAN,JAWA TENGAH,SWASTA,UNGGUL,-,TEKNOLOGI BATIK,S1,C,20000000.0,10000000.0
6,276,INSTITUT TEKNOLOGI DAN KESEHATAN BALI,BALI,SWASTA,UNGGUL,-,TEKNOLOGI PANGAN,S1,BAIK,22400000.0,11200000.0
6,276,INSTITUT TEKNOLOGI DAN KESEHATAN BALI,BALI,SWASTA,UNGGUL,-,KEBIDANAN,S1,BAIK SEKALI,22400000.0,11200000.0
6,228,UNIVERSITAS SAINS ALQUR AN,JAWA TENGAH,SWASTA,UNGGUL,-,POLITIK,S1,BAIK,25000050.0,12500025.0
6,223,UNIVERSITAS MUHAMMADIYAH SEMARANG,JAWA TENGAH,SWASTA,UNGGUL,-,REKAYASA SIPIL,S1,BAIK,25200000.0,12600000.0
6,223,UNIVERSITAS MUHAMMADIYAH SEMARANG,JAWA TENGAH,SWASTA,UNGGUL,-,KELAUTAN,S1,BAIK,25200000.0,12600000.0
6,223,UNIVERSITAS MUHAMMADIYAH SEMARANG,JAWA TENGAH,SWASTA,UNGGUL,-,TEKNOLOGI INFORMASI,S1,BAIK,25200000.0,12600000.0
6,217,UNIVERSITAS TELKOM,JAWA BARAT,SWASTA,UNGGUL,-,PENYIARAN KONTEN DIGITAL,S1,BAIK,26000000.0,13000000.0
6,217,UNIVERSITAS TELKOM,JAWA BARAT,SWASTA,UNGGUL,-,TEKNOLOGI PANGAN,S1,BAIK,26000000.0,13000000.0
6,217,UNIVERSITAS TELKOM,JAWA BARAT,SWASTA,UNGGUL,-,MANAJEMEN REKAYASA,S1,BAIK,26000000.0,13000000.0
6,217,UNIVERSITAS TELKOM,JAWA BARAT,SWASTA,UNGGUL,-,FILM,S1,BAIK,26000000.0,13000000.0
6,206,UNIVERSITAS JAYABAYA,D.K.I. JAKARTA,SWASTA,UNGGUL,-,ADMINISTRASI NEGARA,S1,B,26750000.0,13375000.0
6,206,UNIVERSITAS JAYABAYA,D.K.I. JAKARTA,SWASTA,UNGGUL,-,SISTEM INFORMASI,S1,BAIK,26750000.0,13375000.0
6,188,SEKOLAH TINGGI ILMU KESEHATAN MEDISTRA INDONESIA,JAWA BARAT,SWASTA,UNGGUL,-,KEPERAWATAN,S1,BAIK SEKALI,28500000.0,14250000.0
6,185,UNIVERSITAS PENDIDIKAN NASIONAL,BALI,SWASTA,UNGGUL,-,KOMUNIKASI,S1,BAIK,29000000.0,14500000.0
6,185,UNIVERSITAS PENDIDIKAN NASIONAL,BALI,SWASTA,UNGGUL,-,TEKNOLOGI INFORMASI,S1,BAIK SEKALI,29000000.0,14500000.0
6,160,UNIVERSITAS MULTIMEDIA NUSANTARA JAKARTA,D.K.I. JAKARTA,SWASTA,UNGGUL,-,FILM,S1,B,32325000.0,16162500.0
6,127,INSTITUT PARIWISATA DAN BISNIS INTERNASIONAL,BALI,SWASTA,UNGGUL,-,BISNIS DIGITAL,S1,BAIK,39000000.0,19500000.0
6,124,UNIVERSITAS WARMADEWA,BALI,SWASTA,UNGGUL,-,KOMPUTER,S1,BAIK,39850001.0,19925000.0
6,124,UNIVERSITAS WARMADEWA,BALI,SWASTA,UNGGUL,-,AKUNTANSI,S1,BAIK SEKALI,39850001.0,19925000.0
6,98,INSTITUT TEKNOLOGI NASIONAL BANDUNG,JAWA BARAT,SWASTA,UNGGUL,-,PERENCANAAN WILAYAH KOTA,S1,B,48335000.0,24167500.0
6,98,INSTITUT TEKNOLOGI NASIONAL BANDUNG,JAWA BARAT,SWASTA,UNGGUL,-,ELEKTRO,S1,BAIK SEKALI,48335000.0,24167500.0
6,98,INSTITUT TEKNOLOGI NASIONAL BANDUNG,JAWA BARAT,SWASTA,UNGGUL,-,DESAIN KOMUNIKASI VISUAL,S1,A,48335000.0,24167500.0
6,77,UNIVERSITAS CIPUTRA SURABAYA,JAWA TIMUR,SWASTA,UNGGUL,-,PARIWISATA,S1,BAIK SEKALI,59000000.0,29500000.0
6,60,UNIVERSITAS MUHAMMADIYAH PROF DR HAMKA,D.K.I. JAKARTA,SWASTA,UNGGUL,-,SISTEM TEKNOLOGI INFORMASI,S1,BAIK SEKALI,75800000.0,37900000.0
6,58,UNIVERSITAS PRESIDEN,JAWA BARAT,SWASTA,UNGGUL,-,HUBUNGAN INTERNASIONAL,S1,B,79700500.0,39850250.0
6,58,UNIVERSITAS PRESIDEN,JAWA BARAT,SWASTA,UNGGUL,-,AKUNTANSI,S1,A,79700500.0,39850250.0
6,54,UNIVERSITAS ISLAM BANDUNG,JAWA BARAT,SWASTA,UNGGUL,-,KOMUNIKASI PENYIARAN ISLAM,S1,B,93250000.0,46625000.0
6,53,UNIVERSITAS BINA NUSANTARA,D.K.I. JAKARTA,SWASTA,UNGGUL,-,STATISTIK,S1,B,95259501.0,47629750.0
6,53,UNIVERSITAS BINA NUSANTARA,D.K.I. JAKARTA,SWASTA,UNGGUL,-,FILM,S1,B,95259501.0,47629750.0
7,786,UNIVERSITAS MERCU BUANA,D.K.I. JAKARTA,SWASTA,UNGGUL,FAKULTAS PSIKOLOGI,PSIKOLOGI,S1,B,10000000.0,5000000.0
7,560,UNIVERSITAS MAHASARASWATI DENPASAR,BALI,SWASTA,UNGGUL,FAKULTAS KEGURUAN DAN ILMU PENDIDIKAN,MATEMATIKA,S1,B,13344800.0,6672400.0
7,560,UNIVERSITAS MAHASARASWATI DENPASAR,BALI,SWASTA,UNGGUL,FAKULTAS KEGURUAN DAN ILMU PENDIDIKAN,BIOLOGI,S1,B,13344800.0,6672400.0
7,560,UNIVERSITAS MAHASARASWATI DENPASAR,BALI,SWASTA,UNGGUL,FAKULTAS KEGURUAN DAN ILMU PENDIDIKAN,BAHASA INGGRIS,S1,B,13344800.0,6672400.0
7,206,UNIVERSITAS JAYABAYA,D.K.I. JAKARTA,SWASTA,UNGGUL,FAKULTAS ILMU KOMUNIKASI,KOMUNIKASI,S1,B,26750000.0,13375000.0
7,206,UNIVERSITAS JAYABAYA,D.K.I. JAKARTA,SWASTA,UNGGUL,FAKULTAS TEKNIK SIPIL DAN PERENCANAAN,SIPIL,S1,B,26750000.0,13375000.0
8,88,UNIVERSITAS PRASETIYA MULYA,D.K.I. JAKARTA,SWASTA,BAIK SEKALI,SCHOOL OF APPLIED STEM,DESAIN PRODUK,S1,C,51000000.0,25500000.0
8,88,UNIVERSITAS PRASETIYA MULYA,D.K.I. JAKARTA,SWASTA,BAIK SEKALI,SCHOOL OF APPLIED STEM,MATEMATIKA BISNIS,S1,C,51000000.0,25500000.0
8,88,UNIVERSITAS PRASETIYA MULYA,D.K.I. JAKARTA,SWASTA,BAIK SEKALI,SCHOOL OF BUSINESS AND ECONOMICS,HUKUM BISNIS INTERNASIONAL,S1,C,51000000.0,25500000.0
9,31,UNIVERSITAS RESPATI INDONESIA,D.K.I. JAKARTA,SWASTA,B,FAKULTAS TEKNOLOGI INFORMASI,KOMPUTER,S1,BAIK SEKALI,722275000.0,361137500.0
9,31,UNIVERSITAS RESPATI INDONESIA,D.K.I. JAKARTA,SWASTA,B,FAKULTAS TEKNOLOGI INFORMASI,SISTEM INFORMASI,S1,BAIK,722275000.0,361137500.0
9,31,UNIVERSITAS RESPATI INDONESIA,D.K.I. JAKARTA,SWASTA,B,FAKULTAS PERTANIAN,AGROTEKNOLOGI,S1,BAIK SEKALI,722275000.0,361137500.0
10,50,UNIVERSITAS PERTAMINA,D.K.I. JAKARTA,SWASTA,BAIK,FAKULTAS TEKNOLOGI EKSPLORASI DAN PRODUKSI,PERMINYAKAN,S1,BAIK SEKALI,126000000.0,63000000.0
10,50,UNIVERSITAS PERTAMINA,D.K.I. JAKARTA,SWASTA,BAIK,FAKULTAS SAINS DAN KOMPUTER,KOMPUTER,S1,BAIK SEKALI,126000000.0,63000000.0
10,50,UNIVERSITAS PERTAMINA,D.K.I. JAKARTA,SWASTA,BAIK,FAKULTAS TEKNOLOGI INDUSTRI,MESIN,S1,BAIK SEKALI,126000000.0,63000000.0
11,1101,UNIVERSITAS PRIMA NUSANTARA BUKITTINGGI,SUMATERA BARAT,SWASTA,UNGGUL,-,KESELAMATAN KESEHATAN KERJA,S1,BAIK,7410000.0,3705000.0
11,1101,UNIVERSITAS PRIMA NUSANTARA BUKITTINGGI,SUMATERA BARAT,SWASTA,UNGGUL,-,PSIKOLOGI,S1,BAIK,7410000.0,3705000.0
11,889,UNIVERSITAS PRISMA,SULAWESI UTARA,SWASTA,TIDAK TERAKREDITASI,-,TEKNOLOGI PANGAN,S1,BAIK,9000000.0,4500000.0
11,889,UNIVERSITAS PRISMA,SULAWESI UTARA,SWASTA,TIDAK TERAKREDITASI,-,HUKUM,S1,BAIK,9000000.0,4500000.0
11,889,UNIVERSITAS PRISMA,SULAWESI UTARA,SWASTA,TIDAK TERAKREDITASI,-,BAHASA INGGRIS,S1,BAIK,9000000.0,4500000.0
11,871,UNIVERSITAS MUSLIM NUSANTARA AL-WASHLIYAH,SUMATERA UTARA,SWASTA,UNGGUL,-,MATEMATIKA,S1,BAIK SEKALI,9075001.0,4537500.0
11,149,INSTITUT KESEHATAN DELI HUSADA DELI TUA,SUMATERA UTARA,SWASTA,UNGGUL,-,FARMASI,S1,BAIK SEKALI,33500000.0,16750000.0
11,149,INSTITUT KESEHATAN DELI HUSADA DELI TUA,SUMATERA UTARA,SWASTA,UNGGUL,-,KEDOKTERAN,S1,BAIK,33500000.0,16750000.0
11,72,INSTITUT KESEHATAN MEDISTRA LUBUK PAKAM,SUMATERA UTARA,SWASTA,UNGGUL,-,FISIOTERAPI,S1,BAIK SEKALI,62000000.0,31000000.0
11,72,INSTITUT KESEHATAN MEDISTRA LUBUK PAKAM,SUMATERA UTARA,SWASTA,UNGGUL,-,KEBIDANAN,S1,BAIK SEKALI,62000000.0,31000000.0
11,72,INSTITUT KESEHATAN MEDISTRA LUBUK PAKAM,SUMATERA UTARA,SWASTA,UNGGUL,-,FARMASI,S1,BAIK SEKALI,62000000.0,31000000.0
11,72,INSTITUT KESEHATAN MEDISTRA LUBUK PAKAM,SUMATERA UTARA,SWASTA,UNGGUL,-,GIZI,S1,BAIK SEKALI,62000000.0,31000000.0
12,99,UNIVERSITAS MUHAMMADIYAH METRO,LAMPUNG,SWASTA,BAIK SEKALI,FAKULTAS TEKNIK,SIPIL,S1,C,48115001.0,24057500.0
12,99,UNIVERSITAS MUHAMMADIYAH METRO,LAMPUNG,SWASTA,BAIK SEKALI,FAKULTAS KEGURUAN DAN ILMU PENDIDIKAN,BIOLOGI,S1,C,48115001.0,24057500.0
12,99,UNIVERSITAS MUHAMMADIYAH METRO,LAMPUNG,SWASTA,BAIK SEKALI,FAKULTAS TEKNIK,MESIN,S1,C,48115001.0,24057500.0
12,99,UNIVERSITAS MUHAMMADIYAH METRO,LAMPUNG,SWASTA,BAIK SEKALI,FAKULTAS KEGURUAN DAN ILMU PENDIDIKAN,MATEMATIKA,S1,C,48115001.0,24057500.0
13,45,UNIVERSITAS BOSOWA,SULAWESI SELATAN,SWASTA,BAIK SEKALI,-,GURU SEKOLAH DASAR,S1,UNGGUL,168250000.0,84125000.0
13,45,UNIVERSITAS BOSOWA,SULAWESI SELATAN,SWASTA,BAIK SEKALI,-,TEKNOLOGI INFORMASI,S1,TIDAK TERAKREDITASI,168250000.0,84125000.0
13,45,UNIVERSITAS BOSOWA,SULAWESI SELATAN,SWASTA,BAIK SEKALI,-,BAHASA INGGRIS,S1,UNGGUL,168250000.0,84125000.0
14,13,UNIVERSITAS ISLAM AS,DKI JAKARTA,SWASTA,C,-,KEPERAWATAN,S1,-,5850000.0,2925000.0
14,304,INSTITUT TEKNOLOGI DAN BISNIS KALBIS,DKI JAKARTA,SWASTA,C,-,MATEMATIKA BISNIS,S1,-,20500000.0,10250000.0
14,304,INSTITUT TEKNOLOGI DAN BISNIS KALBIS,DKI JAKARTA,SWASTA,C,-,KOMUNIKASI DIGITAL,S1,-,20500000.0,10250000.0
14,261,UNIVERSITAS BINAWAN,D.K.I. JAKARTA,SWASTA,C,-,BAHASA INGGRIS,S1,-,23100000.0,11550000.0
14,88,UNIVERSITAS PRASETIYA MULYA,D.K.I. JAKARTA,SWASTA,BAIK SEKALI,-,KEUANGAN & PERBANKAN,S1,-,51000000.0,25500000.0
15,1754,UNIVERSITAS PENDIDIKAN MUHAMMADIYAH SORONG,PAPUA BARAT,SWASTA,B,-,PENGETAHUAN ALAM,S1,UNGGUL,4000000.0,2000000.0
15,1372,UNIVERSITAS KRISTEN INDONESIA TORAJA,SULAWESI SELATAN,SWASTA,BAIK,-,MATEMATIKA,S1,UNGGUL,6000000.0,3000000.0
15,1164,UNIVERSITAS ISLAM MAKASSAR,SULAWESI SELATAN,SWASTA,B,FAKULTAS AGAMA ISLAM,AGAMA ISLAM,S1,UNGGUL,7000000.0,3500000.0
15,768,UNIVERSITAS PGRI SUMATERA BARAT,SUMATERA BARAT,SWASTA,B,-,INFORMATIKA,S1,UNGGUL,10100000.0,5050000.0
15,658,UNIVERSITAS MUHAMMADIYAH SUMATERA UTARA,SUMATERA UTARA,SWASTA,B,-,PANCASILA KEWARGANEGARAAN,S1,UNGGUL,12000000.0,6000000.0
15,658,UNIVERSITAS MUHAMMADIYAH SUMATERA UTARA,SUMATERA UTARA,SWASTA,B,-,KEDOKTERAN,S1,UNGGUL,12000000.0,6000000.0
16,18,UNIVERSITAS HKBP NOMMENSEN,SUMATERA UTARA,SWASTA,B,-,PANCASILA KEWARGANEGARAAN,S1,B,43995014537456.0,21997507268728.0
16,18,UNIVERSITAS HKBP NOMMENSEN,SUMATERA UTARA,SWASTA,B,FAKULTAS EKONOMI,AKUNTANSI,S1,B,43995014537456.0,21997507268728.0
16,18,UNIVERSITAS HKBP NOMMENSEN,SUMATERA UTARA,SWASTA,B,FAKULTAS HUKUM,HUKUM,S1,B,43995014537456.0,21997507268728.0
17,60,UNIVERSITAS MUHAMMADIYAH PROF DR HAMKA,D.K.I. JAKARTA,SWASTA,UNGGUL,FAKULTAS FARMASI DAN SAINS,ANALIS KESEHATAN,S1,-,75800000.0,37900000.0
17,60,UNIVERSITAS MUHAMMADIYAH PROF DR HAMKA,D.K.I. JAKARTA,SWASTA,UNGGUL,FAKULTAS AGAMA ISLAM,AGAMA ISLAM,S1,-,75800000.0,37900000.0
17,54,UNIVERSITAS ISLAM BANDUNG,JAWA BARAT,SWASTA,UNGGUL,FAKULTAS HUKUM,HUKUM,S1,A,93250000.0,46625000.0
18,1916,UNIVERSITAS NURUL JADID,JAWA TIMUR,SWASTA,BAIK SEKALI,-,ALQUR'AN TAFSIR,S1,BAIK SEKALI,2000.0,1000.0
18,1916,UNIVERSITAS NURUL JADID,JAWA TIMUR,SWASTA,BAIK SEKALI,-,ELEKTRO,S1,BAIK SEKALI,2000.0,1000.0
18,1916,UNIVERSITAS NURUL JADID,JAWA TIMUR,SWASTA,BAIK SEKALI,-,HUKUM,S1,BAIK,2000.0,1000.0
19,552,SEKOLAH TINGGI ILMU KESEHATAN WIDYA DHARMA HUSADA TANGERANG,BANTEN,SWASTA,BAIK SEKALI,-,KESEHATAN MASYARAKAT,S1,UNGGUL,13500000.0,6750000.0
19,167,UNIVERSITAS NAHDLATUL ULAMA INDONESIA,D.K.I. JAKARTA,SWASTA,BAIK SEKALI,-,INDUSTRI,S1,TIDAK TERAKREDITASI,31100000.0,15550000.0
19,87,INSTITUT BIO SCIENTIA INTERNASIONAL INDONESIA,D.K.I. JAKARTA,SWASTA,BAIK SEKALI,-,BIO MEDIS REKAYASA HAYATI,S1,UNGGUL,51500000.0,25750000.0
20,341,UNIVERSITAS KATOLIK DE LA SALLE,SULAWESI UTARA,SWASTA,B,FAKULTAS PERTANIAN,AGROTEKNOLOGI,S1,-,19270000.0,9635000.0
20,229,UNIVERSITAS ISLAM SUMATERA UTARA,SUMATERA UTARA,SWASTA,B,FAKULTAS PERTANIAN,TEKNOLOGI PANGAN,S1,-,25000001.0,12500000.0
20,174,UNIVERSITAS PRIMA INDONESIA,SUMATERA UTARA,SWASTA,B,FAKULTAS KEDOKTERAN,DOKTER,S1,-,30000001.0,15000000.0
21,47,UNIVERSITAS MUHAMMADIYAH SURABAYA,JAWA TIMUR,SWASTA,UNGGUL,FAKULTAS TEKNIK,MESIN,S1,BAIK SEKALI,142200000.0,71100000.0
21,47,UNIVERSITAS MUHAMMADIYAH SURABAYA,JAWA TIMUR,SWASTA,UNGGUL,FAKULTAS TEKNIK,INDUSTRI,S1,BAIK SEKALI,142200000.0,71100000.0
21,47,UNIVERSITAS MUHAMMADIYAH SURABAYA,JAWA TIMUR,SWASTA,UNGGUL,FAKULTAS PSIKOLOGI,PSIKOLOGI,S1,BAIK SEKALI,142200000.0,71100000.0
22,217,UNIVERSITAS TELKOM,JAWA BARAT,SWASTA,UNGGUL,FAKULTAS ILMU TERAPAN,PERHOTELAN & SENI KULINER,S1,-,26000000.0,13000000.0
22,60,UNIVERSITAS MUHAMMADIYAH PROF DR HAMKA,D.K.I. JAKARTA,SWASTA,UNGGUL,FAKULTAS KEDOKTERAN,KEDOKTERAN,S1,-,75800000.0,37900000.0
22,54,UNIVERSITAS ISLAM BANDUNG,JAWA BARAT,SWASTA,UNGGUL,FAKULTAS KEDOKTERAN,DOKTER,S1,-,93250000.0,46625000.0
23,1919,UNIVERSITAS MUHAMMADIYAH SIDOARJO,JAWA TIMUR,SWASTA,B,-,ANAK USIA DINI,S1,B,12.0,6.0
23,1919,UNIVERSITAS MUHAMMADIYAH SIDOARJO,JAWA TIMUR,SWASTA,B,-,PSIKOLOGI,S1,B,12.0,6.0
23,1918,SEKOLAH TINGGI ILMU KOMPUTER YOS SUDARSO,JAWA TENGAH,SWASTA,BAIK,-,SISTEM INFORMASI,S1,B,20.0,10.0
24,24,UNIVERSITAS KRISTEN INDONESIA MALUKU,MALUKU,SWASTA,B,-,SISTEM INFORMASI,S1,BAIK,23750002779025.0,11875001389512.0
24,24,UNIVERSITAS KRISTEN INDONESIA MALUKU,MALUKU,SWASTA,B,-,MANAJEMEN,S1,B,23750002779025.0,11875001389512.0
24,23,STIMI SAMARINDA,KALIMANTAN TIMUR,SWASTA,BAIK,-,MANAJEMEN,S1,BAIK,24000004650000.0,12000002325000.0
25,323,UNIVERSITAS PEKALONGAN,JAWA TENGAH,SWASTA,UNGGUL,FAKULTAS KEGURUAN DAN ILMU PENDIDIKAN,MATEMATIKA,S1,C,20000000.0,10000000.0
25,323,UNIVERSITAS PEKALONGAN,JAWA TENGAH,SWASTA,UNGGUL,FAKULTAS KEGURUAN DAN ILMU PENDIDIKAN,BAHASA INGGRIS,S1,C,20000000.0,10000000.0
25,217,UNIVERSITAS TELKOM,JAWA BARAT,SWASTA,UNGGUL,FAKULTAS INFORMATIKA,TEKNOLOGI INFORMASI,S1,BAIK SEKALI,26000000.0,13000000.0
